time(millisecond),datetime(utc),latitude,longitude,height_above_takeoff(feet),height_above_ground_at_drone_location(feet),ground_elevation_at_drone_location(feet),altitude_above_seaLevel(feet),height_sonar(feet),speed(mph),distance(feet),mileage(feet),satellites,gpslevel,voltage(v),max_altitude(feet),max_ascent(feet),max_speed(mph),max_distance(feet), xSpeed(mph), ySpeed(mph), zSpeed(mph), compass_heading(degrees), pitch(degrees), roll(degrees),wind_speed(mph),wind_direction(degrees),isPhoto,isVideo,rc_elevator,rc_aileron,rc_throttle,rc_rudder,rc_elevator(percent),rc_aileron(percent),rc_throttle(percent),rc_rudder(percent),gimbal_heading(degrees),gimbal_pitch(degrees),gimbal_roll(degrees),battery_percent,voltageCell1,voltageCell2,voltageCell3,voltageCell4,voltageCell5,voltageCell6,current(A),battery_temperature(f),altitude(feet),ascent(feet),flycStateRaw,flycState,message
0,2026-05-22 08:24:57,51.9888039295442,4.39002617048921,0,Available with any HD 360 subscription,Available with any HD 360 subscription,-3.774370527604,0.984252,0,0,0,14,5,0,0,0,0,0,0,0,0,43.8, 4.8, -0.6,Available with Enterprise subscription,,0,0,1024,1024,1024,1024,0,0,0,0,43.8,0,0,96,4.049,4.046,4.05,0,0,0,0,78.26,-3.774370527604,0,6,P-GPS,"Flying over vegetation."
100,2026-05-22 08:24:57,51.9888039051274,4.39002618221063,0,,,-3.774370527604,0.984252,0,0.0092895672264,0.0092895672264,14,5,0,0,0,0,0.0092895672264,0,0,0,43.8, 4.8, -0.6,,,0,0,364,364,364,1684,-100,-100,-100,100,43.8,0,0,96,4.049,4.046,4.05,0,0,0,0,78.26,-3.774370527604,0,41,Motors_Started,
200,2026-05-22 08:24:57,51.9888038019054,4.39002616742778,0,,,-3.774370527604,0.984252,0,0.046574148472,0.047096130116,14,5,0,0,0,0,0.046574148472,0,0,0,43.8, 4.8, -0.6,,,0,0,364,364,364,1684,-100,-100,-100,100,43.8,0,0,96,4.049,4.046,4.05,0,0,0,0,78.26,-3.774370527604,0,41,Motors_Started,
300,2026-05-22 08:24:57,51.9888037696343,4.3900261785723,0,,,-3.774370527604,0.984252,0,0.058371392944,0.059133532076,14,5,0,0,0,0,0.058371392944,0,0,0,43.8, 4.8, -0.6,,,0,0,364,364,364,1684,-100,-100,-100,100,43.8,0,0,96,4.049,4.046,4.05,0,0,0,0,78.26,-3.774370527604,0,41,Motors_Started,
400,2026-05-22 08:24:57,51.9888038290654,4.39002616451372,0,,,-3.774370527604,0.984252,0,0.036684056292,0.081045934352,14,5,0,0,0,0,0.058371392944,0,0,0,43.8, 4.8, -0.6,,,0,0,364,364,364,1684,-100,-100,-100,100,43.8,0,0,96,4.049,4.046,4.05,0,0,0,0,78.26,-3.774370527604,0,41,Motors_Started,
500,2026-05-22 08:24:57,51.9888038044264,4.39002617462662,0,,,-3.774370527604,0.984252,0,0.045658466028,0.09031824436,14,5,0,0,0,0,0.058371392944,0,0,0,43.8, 4.8, -0.6,,,0,0,364,364,364,1684,-100,-100,-100,100,43.8,0,0,96,4.049,4.046,4.05,0,0,0,0,78.26,-3.774370527604,0,41,Motors_Started,
600,2026-05-22 08:24:57,51.9888037790053,4.39002618482341,0,,,-3.774370527604,0.984252,0,0.055018374464,0.099871722356,14,5,0,0,0,0,0.058371392944,0,0,0,43.8, 4.8, -0.6,,,0,0,1024,1024,1024,1024,0,0,0,0,43.8,0,0,96,4.049,4.046,4.05,0,0,0,0,78.26,-3.774370527604,0,41,Motors_Started,
700,2026-05-22 08:24:57,51.9888036715125,4.39002633353972,0,,,-3.774370527604,0.984252,0,0.101019360188,0.1513943618,14,5,0,0,0,0,0.101019360188,0,0,0,43.8, 4.8, -0.6,,,0,0,1024,1024,1024,1024,0,0,0,0,43.8,0,0,96,4.049,4.046,4.05,0,0,0,0,78.26,-3.774370527604,0,41,Motors_Started,"Setting new Return-To-Home altitude to 97m (318 ft). Data Recorder File Index is 21. Setting new Maximum Flight Altitude to 285m (935 ft)"
800,2026-05-22 08:24:57,51.9888035780965,4.39002629912189,0,,,-3.774370527604,0.984252,0,0.131442261424,0.186343181816,14,5,0,0,0,0,0.131442261424,0,0,0,43.8, 4.8, -0.6,,,0,0,1024,1024,1024,1024,0,0,0,0,43.8,0,0,96,4.049,4.046,4.05,0,0,0,0,78.26,-3.774370527604,0,41,Motors_Started,
900,2026-05-22 08:24:58,51.9888035393638,4.39002631837995,0,,,-3.774370527604,0.984252,0,0.146183731712,0.201122381764,14,5,12.21,0,0,0,0.146183731712,0,0,0,43.8, 4.8, -0.6,,,0,0,1024,1024,1024,1024,0,0,0,0,43.8,0,0,96,4.049,4.046,4.05,0,0,0,1.886,78.26,-3.774370527604,0,41,Motors_Started,
1000,2026-05-22 08:24:58,51.988803609929,4.39002628505287,0,,,-3.774370527604,0.984252,0,0.119418638992,0.227935046664,14,5,12.21,0,0,0,0.146183731712,0,0,0,43.8, 4.8, -0.6,,,0,0,1024,1024,1024,1024,0,0,0,0,43.8,0,0,96,4.049,4.046,4.05,0,0,0,1.886,78.26,-3.774370527604,0,41,Motors_Started,
1100,2026-05-22 08:24:58,51.9888035795641,4.39002630065564,0,,,-3.774370527604,0.984252,0,0.130996395268,0.239555125776,14,5,12.21,0,0,0,0.146183731712,0,0,0,43.9, 4.8, -0.7,,,0,0,1024,1024,1024,1024,0,0,0,0,43.8,0,0,96,4.049,4.046,4.05,0,0,0,1.886,78.26,-3.774370527604,0,41,Motors_Started,
1200,2026-05-22 08:24:58,51.9888034853711,4.39002627322798,0,,,-3.774370527604,0.984252,0,0.163691934372,0.274469496972,14,5,12.21,0,0,0,0.163691934372,0,0,0,43.8, 4.8, -0.6,,,0,0,1024,1024,1024,1024,0,0,0,0,43.8,0,0,96,4.049,4.046,4.05,0,0,0,1.886,78.26,-3.774370527604,0,41,Motors_Started,
1300,2026-05-22 08:24:58,51.9888034469145,4.3900262874222,0,,,-3.774370527604,0.984252,0,0.17803642302,0.28885827696,14,5,12.21,0,0,0,0.17803642302,0,0,0,43.8, 4.7, -0.6,,,0,0,1024,1024,1024,1024,0,0,0,0,43.8,0,0,96,4.049,4.046,4.05,0,0,0,1.886,78.26,-3.774370527604,0,41,Motors_Started,
1400,2026-05-22 08:24:58,51.9888035135101,4.39002626579568,0,,,-3.774370527604,0.984252,0,0.153292655824,0.313636492976,14,5,12.21,0,0,0,0.17803642302,0,0,0,43.8, 4.8, -0.6,,,0,0,1024,1024,1024,1024,0,0,0,0,43.9,0,0,96,4.049,4.046,4.05,0,0,0,1.886,78.26,-3.774370527604,0,41,Motors_Started,
1500,2026-05-22 08:24:58,51.9888034833872,4.3900262765559,0,,,-3.774370527604,0.984252,0,0.164515425212,0.324889774176,14,5,12.21,0,0,0,0.17803642302,0,0,0,43.8, 4.8, -0.6,,,0,0,1024,1024,1024,1024,0,0,0,0,43.9,0,0,96,4.049,4.046,4.05,0,0,0,1.886,78.26,-3.774370527604,0,41,Motors_Started,
1600,2026-05-22 08:24:58,51.9888033874608,4.39002625428598,0,,,-3.774370527604,0.984252,0,0.19867290662,0.36024279368,14,5,12.21,0,0,0,0.19867290662,0,0,0,43.8, 4.8, -0.6,,,0,0,1024,1024,1024,1024,0,0,0,0,43.9,0,0,96,4.049,4.046,4.05,0,0,0,1.886,78.26,-3.774370527604,0,10,Assisted_Takeoff,
1700,2026-05-22 08:24:58,51.9888033490272,4.39002626075793,0,,,-3.774370527604,0.984252,0,0.212770019932,0.37434056316,14,5,12.21,0,0,0,0.212770019932,0,0,0,43.8, 4.8, -0.6,,,0,0,1024,1024,1024,1024,0,0,0,0,43.9,0,0,96,4.049,4.046,4.05,0,0,0,1.886,78.26,-3.774370527604,0,10,Assisted_Takeoff,
1800,2026-05-22 08:24:58,51.9888034139243,4.39002624347315,0,,,-3.774370527604,0.984252,0,0.1888369483,0.39833662692,14,5,12.21,0,0,0,0.212770019932,0,0,0,43.8, 4.8, -0.6,,,0,0,1024,1024,1024,1024,0,0,0,0,43.9,0,0,96,4.049,4.046,4.05,0,0,0,1.886,78.26,-3.774370527604,0,10,Assisted_Takeoff,
1900,2026-05-22 08:24:59,51.9888033832634,4.39002624684455,0,,,-3.774370527604,0.984252,0,0.200047250496,0.4095472572,14,5,12.151,0,0,0,0.212770019932,0,0,0,43.8, 4.8, -0.6,,,0,0,1024,1024,1024,1024,0,0,0,0,43.9,0,0,96,4.073,4.075,4.078,0,0,0,4.046,78.26,-3.774370527604,0,10,Assisted_Takeoff,
2000,2026-05-22 08:24:59,51.9888032860374,4.39002623332678,0,,,-3.774370527604,0.984252,0,0.235207028524,0.44515093288,14,5,12.151,0,0,0,0.235207028524,0,0,0,43.8, 4.8, -0.6,,,0,0,1024,1024,1024,1024,0,0,0,0,43.9,0,0,96,4.073,4.075,4.078,0,0,0,4.046,78.26,-3.774370527604,0,10,Assisted_Takeoff,
2100,2026-05-22 08:24:59,51.9888032465588,4.39002623411322,0,,,-3.774370527604,0.984252,0,0.24959646468,0.45955710132,14,5,12.151,0,0,0,0.24959646468,0,0,0,43.8, 4.8, -0.6,,,0,0,1024,1024,1024,1024,0,0,0,0,43.9,0,0,96,4.073,4.075,4.078,0,0,0,4.046,78.26,-3.774370527604,0,10,Assisted_Takeoff,
2200,2026-05-22 08:24:59,51.9888031619548,4.3900262258358,0,,,-3.774370527604,0.984252,0,0.280330389548,0.49047901832,14,5,12.151,0,0,0,0.280330389548,0,0,0,43.8, 4.8, -0.6,,,0,0,1024,1024,1024,1024,0,0,0,0,43.9,0,0,96,4.073,4.075,4.078,0,0,0,4.046,78.26,-3.774370527604,0,10,Assisted_Takeoff,
2300,2026-05-22 08:24:59,51.9888031155577,4.3900262232378,0,,,-3.774370527604,0.984252,0,0.297218841532,0.50741799524,14,5,12.151,0,0,0,0.297218841532,0,0,0,43.8, 4.8, -0.6,,,0,0,1024,1024,1024,1024,0,0,0,0,43.9,0,0,96,4.073,4.075,4.078,0,0,0,4.046,78.26,-3.774370527604,0,10,Assisted_Takeoff,
2400,2026-05-22 08:24:59,51.9888031929746,4.39002621844219,0,,,-3.774370527604,0.984252,0,0.268952764512,0.53568243184,14,5,12.151,0,0,0,0.297218841532,0,0,0,43.8, 4.8, -0.6,,,0,0,1024,1024,1024,1024,0,0,0,0,43.9,0,0,96,4.073,4.075,4.078,0,0,0,4.046,78.26,-3.774370527604,0,10,Assisted_Takeoff,
2500,2026-05-22 08:24:59,51.9888031549588,4.39002621393265,0,,,-3.774370527604,0.984252,0,0.2827755996,0.5495899126,14,5,12.151,0,0,0,0.297218841532,0,0,0,43.8, 4.8, -0.6,,,0,0,1024,1024,1024,1024,0,0,0,0,43.9,0,0,96,4.073,4.075,4.078,0,0,0,4.046,78.26,-3.774370527604,0,10,Assisted_Takeoff,
2600,2026-05-22 08:24:59,51.9888031169388,4.3900262105156,0,,,-3.774370527604,0.984252,0,0.296614838888,0.56348427,14,5,12.151,0,0,0,0.297218841532,0,0,0,43.8, 4.8, -0.6,,,0,0,1024,1024,1024,1024,0,0,0,0,43.9,0,0,96,4.073,4.075,4.078,0,0,0,4.046,78.26,-3.774370527604,0,10,Assisted_Takeoff,
2700,2026-05-22 08:24:59,51.9888031939607,4.39002604500533,0,,,-3.774370527604,0.984252,0,0.26985401126,0.61009516388,14,5,12.151,0,0,0,0.297218841532,0,0,0,43.8, 4.8, -0.6,,,0,0,1024,1024,1024,1024,0,0,0,0,43.9,0,0,96,4.073,4.075,4.078,0,0,0,4.046,78.26,-3.774370527604,0,10,Assisted_Takeoff,
2800,2026-05-22 08:24:59,51.9888032445935,4.39002606839167,0,,,-3.774370527604,0.984252,0,0.250954404356,0.62930120124,14,5,12.151,0,0,0,0.297218841532,0,0,0,43.8, 4.8, -0.6,,,0,0,1024,1024,1024,1024,0,0,0,0,43.9,0,0,96,4.073,4.075,4.078,0,0,0,4.046,78.26,-3.774370527604,0,10,Assisted_Takeoff,
2900,2026-05-22 08:25:00,51.9888032213591,4.39002605002744,0,,,-3.774370527604,0.984252,0,0.259794627736,0.63872705456,14,5,12.229,0,0,0,0.297218841532,0,0,0,43.8, 4.8, -0.6,,,0,0,1024,1024,1024,1024,0,0,0,0,43.9,0,0,96,4.075,4.075,4.078,0,0,0,1.8,78.26,-3.774370527604,0,10,Assisted_Takeoff,
3000,2026-05-22 08:25:00,51.9888031126583,4.39002592359844,0,,,-3.774370527604,0.984252,0,0.303158474268,0.68750986452,14,5,12.229,0,0,0,0.303158474268,0,0,0,43.8, 4.8, -0.6,,,0,0,1024,1024,1024,1024,0,0,0,0,43.9,0,0,96,4.075,4.075,4.078,0,0,0,1.8,78.26,-3.774370527604,0,10,Assisted_Takeoff,
3100,2026-05-22 08:25:00,51.9888030798053,4.39002589166384,0,,,-3.774370527604,0.984252,0,0.316292989124,0.70147968124,14,5,12.229,0,0,0,0.316292989124,0,0,0,43.8, 4.8, -0.6,,,0,0,1024,1024,1024,1024,0,0,0,0,43.9,0,0,96,4.075,4.075,4.078,0,0,0,1.8,78.26,-3.774370527604,0,10,Assisted_Takeoff,
3200,2026-05-22 08:25:00,51.9888030459714,4.3900258608539,0,,,-3.774370527604,0.984252,0,0.32979331764,0.715633225,14,5,12.229,0,0,0,0.32979331764,0,0,0,43.8, 4.9, -0.6,,,0,0,1024,1024,1024,1024,0,0,0,0,43.9,0,0,96,4.075,4.075,4.078,0,0,0,1.8,78.26,-3.774370527604,0,10,Assisted_Takeoff,
3300,2026-05-22 08:25:00,51.9888031116659,4.39002591214569,0,,,-3.774370527604,0.984252,0,0.303995416552,0.74222771404,14,5,12.229,0,0,0,0.32979331764,0,0,0,43.8, 4.9, -0.6,,,0,0,1024,1024,1024,1024,0,0,0,0,43.9,0,0,96,4.075,4.075,4.078,0,0,0,1.8,78.26,-3.774370527604,0,10,Assisted_Takeoff,
3400,2026-05-22 08:25:00,51.9888030839395,4.39002588126141,0,,,-3.774370527604,0.984252,0,0.315287739748,0.7544947748,14,5,12.229,0,0,0,0.32979331764,0,0,0,43.8, 4.9, -0.6,,,0,0,1024,1024,1024,1024,0,0,0,0,43.9,0,0,96,4.075,4.075,4.078,0,0,0,1.8,78.26,-3.774370527604,0,10,Assisted_Takeoff,
3500,2026-05-22 08:25:00,51.9888029706863,4.39002576040663,0,,,-3.774370527604,0.984252,0,0.36176838428,0.80394031444,14,5,12.229,0,0,0,0.36176838428,0,0,0,43.8, 4.9, -0.6,,,0,0,1024,1024,1024,1024,0,0,0,0,43.9,0,0,96,4.075,4.075,4.078,0,0,0,1.8,78.26,-3.774370527604,0,10,Assisted_Takeoff,
3600,2026-05-22 08:25:00,51.9888029333562,4.39002572107799,0,,,-3.774370527604,0.984252,0,0.37722442152,0.82017391076,14,5,12.229,0,0,0,0.37722442152,0,0,0,43.8, 4.9, -0.6,,,0,0,1024,1024,1024,1024,0,0,0,0,43.9,0,0,96,4.075,4.075,4.078,0,0,0,1.8,78.26,-3.774370527604,0,10,Assisted_Takeoff,
3700,2026-05-22 08:25:00,51.9888029988949,4.39002578590276,0,,,-3.774370527604,0.984252,0,0.35037074612,0.84817259932,14,5,12.229,0,0,0,0.37722442152,0,0,0,43.8, 4.9, -0.6,,,0,0,1024,1024,1024,1024,0,0,0,0,43.9,0,0,96,4.075,4.075,4.078,0,0,0,1.8,78.26,-3.774370527604,0,10,Assisted_Takeoff,
3800,2026-05-22 08:25:00,51.9888029678284,4.39002575207617,0,,,-3.774370527604,0.984252,0,0.36325788564,0.86182089372,14,5,12.229,0,0,0,0.37722442152,0,0,0,43.8, 4.9, -0.6,,,0,0,1024,1024,1024,1024,0,0,0,0,43.9,0,0,96,4.075,4.075,4.078,0,0,0,1.8,78.26,-3.774370527604,0,10,Assisted_Takeoff,
3900,2026-05-22 08:25:01,51.9888028599152,4.39002581059331,0,,,-3.774370527604,0.984252,0,0.39854331984,0.9033300814,14,5,12.228,0,0,0,0.39854331984,0,0,0,43.8, 4.9, -0.5,,,0,0,1024,1024,1024,1024,0,0,0,0,43.9,0,0,96,4.075,4.076,4.078,0,0,0,1.83,78.26,-3.774370527604,0,10,Assisted_Takeoff,
4000,2026-05-22 08:25:01,51.9888029195842,4.39002570405493,0,,,-3.774370527604,0.984252,0,0.38309712512,0.93568572548,14,5,12.228,0,0,0,0.39854331984,0,0,0,43.8, 4.9, -0.5,,,0,0,1024,1024,1024,1024,0,0,0,0,43.9,0,0,96,4.075,4.076,4.078,0,0,0,1.83,78.26,-3.774370527604,0,10,Assisted_Takeoff,
4100,2026-05-22 08:25:01,51.988802888638,4.39002566709822,0,,,-3.774370527604,0.984252,0,0.39625657436,0.94970147396,14,5,12.228,0,0,0,0.39854331984,0,0,0,43.7, 4.9, -0.5,,,0,0,1024,1024,1024,1024,0,0,0,0,43.9,0,0,96,4.075,4.076,4.078,0,0,0,1.83,78.26,-3.774370527604,0,10,Assisted_Takeoff,
4200,2026-05-22 08:25:01,51.9888027901115,4.39002572905762,0,,,-3.774370527604,0.984252,0,0.42738846512,0.98824806312,14,5,12.228,0,0,0,0.42738846512,0,0,0,43.8, 4.9, -0.5,,,0,0,1024,1024,1024,1024,0,0,0,0,43.9,0,0,96,4.075,4.076,4.078,0,0,0,1.83,78.26,-3.774370527604,0,10,Assisted_Takeoff,
4300,2026-05-22 08:25:01,51.9888027493053,4.39002569902022,0,,,-3.774370527604,0.984252,0,0.44344817692,1.00459648884,14,5,12.228,0,0,0,0.44344817692,0,0,0,43.7, 4.9, -0.5,,,0,0,1024,1024,1024,1024,0,0,0,0,43.9,0,0,96,4.075,4.076,4.078,0,0,0,1.83,78.26,-3.774370527604,0,10,Assisted_Takeoff,
4400,2026-05-22 08:25:01,51.9888027064708,4.39002566965014,0,,,-3.774370527604,0.984252,0,0.46020670764,1.02155843164,14,5,12.228,0,0,0,0.46020670764,0,0,0,43.8, 4.9, -0.5,,,0,0,1024,1024,1024,1024,0,0,0,0,43.9,0,0,96,4.075,4.076,4.078,0,0,0,1.83,78.26,-3.774370527604,0,10,Assisted_Takeoff,
4500,2026-05-22 08:25:01,51.9888027827625,4.3900257316904,0,,,-3.774370527604,0.984252,0,0.42986221848,1.0526903224,14,5,12.228,0,0,0,0.46020670764,0,0,0,43.7, 4.9, -0.5,,,0,0,1024,1024,1024,1024,0,0,0,0,43.9,0,0,96,4.075,4.076,4.078,0,0,0,1.83,78.26,-3.774370527604,0,10,Assisted_Takeoff,
4600,2026-05-22 08:25:01,51.9888027475962,4.39002570767804,0,,,-3.774370527604,0.984252,0,0.44359253388,1.06660764568,14,5,12.228,0,0,0,0.46020670764,0,0,0,43.7, 4.9, -0.5,,,0,0,1024,1024,1024,1024,0,0,0,0,43.9,0,0,96,4.075,4.076,4.078,0,0,0,1.83,78.26,-3.774370527604,0,10,Assisted_Takeoff,
4700,2026-05-22 08:25:01,51.9888028110808,4.39002559293352,0,,,-3.774370527604,0.984252,0,0.42820539428,1.10126643944,14,5,12.228,0,0,0,0.46020670764,0,0,0,43.7, 4.9, -0.5,,,0,0,1024,1024,1024,1024,0,0,0,0,43.9,0,0,96,4.075,4.076,4.078,0,0,0,1.83,78.26,-3.774370527604,0,10,Assisted_Takeoff,
4800,2026-05-22 08:25:01,51.9888027031027,4.39002564658681,0,,,-3.774370527604,0.984252,0,0.46269030352,1.14246394732,14,5,12.228,0,0,0,0.46269030352,0,0,0,43.7, 4.9, -0.5,,,0,0,1024,1024,1024,1024,0,0,0,0,43.9,0,0,96,4.075,4.076,4.078,0,0,0,1.83,78.26,-3.774370527604,0,10,Assisted_Takeoff,
4900,2026-05-22 08:25:01,51.988802665281,4.3900256223749,0,,,-3.774370527604,0.984252,0,0.47742127512,1.15729662496,14,5,12.228,0,0,0,0.47742127512,0,0,0,43.7, 4.9, -0.5,,,0,0,1024,1024,1024,1024,0,0,0,0,43.9,0,0,96,4.075,4.076,4.078,0,0,0,1.819,78.44,-3.774370527604,0,10,Assisted_Takeoff,
5000,2026-05-22 08:25:02,51.9888027231776,4.3900256690815,0,,,-3.774370527604,0.984252,0,0.4543307232,1.18088258372,14,5,12.228,0,0,0,0.47742127512,0,0,0,43.7, 4.9, -0.5,,,0,0,1024,1024,1024,1024,0,0,0,0,43.9,0,0,96,4.075,4.076,4.078,0,0,0,1.819,78.44,-3.774370527604,0,10,Assisted_Takeoff,
5100,2026-05-22 08:25:02,51.9888026908462,4.39002565084681,0,,,-3.774370527604,0.984252,0,0.46677494932,1.1933727416,14,5,12.228,0,0,0,0.47742127512,0,0,0,43.7, 4.9, -0.5,,,0,0,1024,1024,1024,1024,0,0,0,0,43.9,0,0,96,4.075,4.076,4.078,0,0,0,1.819,78.44,-3.774370527604,0,10,Assisted_Takeoff,
5200,2026-05-22 08:25:02,51.988802740755,4.39002568725619,-0.328084,,,-4.102454527604,0.984252,0,0.4471128752,1.21333337216,14,5,12.228,0,0,0,0.47742127512,0,0,0,43.7, 5, -0.5,,,0,0,1024,1024,1024,1024,0,0,0,0,43.9,0,0,96,4.075,4.076,4.078,0,0,0,1.819,78.44,-4.102454527604,-0.328084,10,Assisted_Takeoff,
5300,2026-05-22 08:25:02,51.9888027134167,4.39002567570779,-0.328084,,,-4.102454527604,0.984252,0,0.45741799364,1.22364177144,14,5,12.228,0,0,0,0.47742127512,0,0,0,43.7, 5, -0.5,,,0,0,1024,1024,1024,1024,0,0,0,0,43.9,0,0,96,4.075,4.076,4.078,0,0,0,1.819,78.44,-4.102454527604,-0.328084,10,Assisted_Takeoff,
5400,2026-05-22 08:25:02,51.9888027557366,4.3900257053048,-0.328084,,,-4.102454527604,0.984252,0,0.44083334744,1.2404527956,14,5,12.228,0,0,0,0.47742127512,0,0,0,43.7, 5, -0.5,,,0,0,1024,1024,1024,1024,0,0,0,0,43.9,0,0,96,4.075,4.076,4.078,0,0,0,1.819,78.44,-4.102454527604,-0.328084,10,Assisted_Takeoff,
5500,2026-05-22 08:25:02,51.9888027314643,4.39002569817639,-0.328084,,,-4.102454527604,0.984252,0,0.44981628736,1.24945213972,14,5,12.228,0,0,0,0.47742127512,0,0,0,43.7, 5, -0.5,,,0,0,1024,1024,1024,1024,0,0,0,0,43.9,0,0,96,4.075,4.076,4.078,0,0,0,1.819,78.44,-4.102454527604,-0.328084,10,Assisted_Takeoff,
5600,2026-05-22 08:25:02,51.9888027056238,4.39002569194485,-0.328084,,,-4.102454527604,0.984252,0,0.45930775748,1.25898297992,14,5,12.228,0,0,0,0.47742127512,0,0,0,43.7, 5, -0.4,,,0,0,1024,1024,1024,1024,0,0,0,0,43.9,0,0,96,4.075,4.076,4.078,0,0,0,1.819,78.44,-4.102454527604,-0.328084,10,Assisted_Takeoff,
5700,2026-05-22 08:25:02,51.9888027497122,4.39002571800744,-0.328084,,,-4.102454527604,0.984252,0,0.44230316376,1.2760991222,14,5,12.228,0,0,0,0.47742127512,0,0,0,43.7, 5, -0.5,,,0,0,1024,1024,1024,1024,0,0,0,0,43.9,0,0,96,4.075,4.076,4.078,0,0,0,1.819,78.44,-4.102454527604,-0.328084,10,Assisted_Takeoff,
5800,2026-05-22 08:25:02,51.9888027787684,4.39002573045314,-0.328084,,,-4.102454527604,0.984252,0,0.43134187732,1.28706368948,14,5,12.228,0,0,0,0.47742127512,0,0,0,43.7, 5, -0.4,,,0,0,1024,1024,1024,1024,0,0,0,0,43.9,0,0,96,4.075,4.076,4.078,0,0,0,1.819,78.44,-4.102454527604,-0.328084,10,Assisted_Takeoff,
5900,2026-05-22 08:25:02,51.9888027604435,4.39002572961931,-0.328084,,,-4.102454527604,0.984252,0,0.43789699564,1.29375332224,14,5,12.227,0,0,0,0.47742127512,0,0,0,43.7, 5, -0.4,,,0,0,1024,1024,1024,1024,0,0,0,0,43.8,0,0,96,4.075,4.075,4.077,0,0,0,1.846,78.44,-4.102454527604,-0.328084,10,Assisted_Takeoff,
6000,2026-05-22 08:25:03,51.9888027396714,4.39002572803425,-0.328084,,,-4.102454527604,0.984252,0,0.44536090664,1.30133862432,14,5,12.227,0,0,0,0.47742127512,0,0,0,43.6, 5, -0.4,,,0,0,1024,1024,1024,1024,0,0,0,0,43.8,0,0,96,4.075,4.075,4.077,0,0,0,1.846,78.44,-4.102454527604,-0.328084,10,Assisted_Takeoff,
6100,2026-05-22 08:25:03,51.9888027708195,4.39002573765632,-0.328084,,,-4.102454527604,0.984252,0,0.43380250732,1.31290686616,14,5,12.227,0,0,0,0.47742127512,0,0,0,43.6, 5, -0.4,,,0,0,1024,1024,1024,1024,0,0,0,0,43.8,0,0,96,4.075,4.075,4.077,0,0,0,1.846,78.44,-4.102454527604,-0.328084,10,Assisted_Takeoff,
6200,2026-05-22 08:25:03,51.988802790706,4.39002574156158,-0.328084,,,-4.102454527604,0.984252,0,0.42653544672,1.32021657768,14,5,12.227,0,0,0,0.47742127512,0,0,0,43.6, 5, -0.4,,,0,0,1024,1024,1024,1024,0,0,0,0,43.8,0,0,96,4.075,4.075,4.077,0,0,0,1.846,78.44,-4.102454527604,-0.328084,10,Assisted_Takeoff,
6300,2026-05-22 08:25:03,51.9888027764141,4.39002574418697,-0.328084,,,-4.102454527604,0.984252,0,0.43148295344,1.32546264084,14,5,12.227,0,0,0,0.47742127512,0,0,0,43.6, 5, -0.4,,,0,0,1024,1024,1024,1024,0,0,0,0,43.8,0,0,96,4.075,4.075,4.077,0,0,0,1.846,78.44,-4.102454527604,-0.328084,10,Assisted_Takeoff,
6400,2026-05-22 08:25:03,51.9888027931577,4.39002559416384,-0.328084,,,-4.102454527604,0.984252,0,0.43436025012,1.35972117212,14,5,12.227,0,0,0,0.47742127512,0,0,0,43.6, 5, -0.4,,,0,0,1024,1024,1024,1024,0,0,0,0,43.8,0,0,96,4.075,4.075,4.077,0,0,0,1.846,78.44,-4.102454527604,-0.328084,10,Assisted_Takeoff,
6500,2026-05-22 08:25:03,51.9888027781735,4.39002558313886,-0.328084,,,-4.102454527604,0.984252,0,0.44031825556,1.36572182848,14,5,12.227,0,0,0,0.47742127512,0,0,0,43.6, 5, -0.4,,,0,0,1024,1024,1024,1024,0,0,0,0,43.8,0,0,96,4.075,4.075,4.077,0,0,0,1.846,78.44,-4.102454527604,-0.328084,10,Assisted_Takeoff,
6600,2026-05-22 08:25:03,51.9888027603393,4.39002557194825,-0.328084,,,-4.102454527604,0.984252,0,0.44728019804,1.37269689432,14,5,12.227,0,0,0,0.47742127512,0,0,0,43.6, 5, -0.4,,,0,0,1024,1024,1024,1024,0,0,0,0,43.8,0,0,96,4.075,4.075,4.077,0,0,0,1.846,78.44,-4.102454527604,-0.328084,10,Assisted_Takeoff,
6700,2026-05-22 08:25:03,51.9888027806,4.39002576104092,-0.328084,,,-4.102454527604,0.984252,0,0.4291666804,1.41582025528,14,5,12.227,0,0,0,0.47742127512,0,0,0,43.6, 5.1, -0.4,,,0,0,1024,1024,1024,1024,0,0,0,0,43.8,0,0,96,4.075,4.075,4.077,0,0,0,1.846,78.44,-4.102454527604,-0.328084,10,Assisted_Takeoff,
6800,2026-05-22 08:25:03,51.9888027953629,4.39002560551008,-0.328084,,,-4.102454527604,0.984252,0,0.43283794036,1.45117786796,14,5,12.227,0,0,0,0.47742127512,0,0,0,43.6, 5.1, -0.4,,,0,0,1024,1024,1024,1024,0,0,0,0,43.8,0,0,96,4.075,4.075,4.077,0,0,0,1.846,78.44,-4.102454527604,-0.328084,10,Assisted_Takeoff,
6900,2026-05-22 08:25:03,51.9888027820994,4.39002559656099,-0.328084,,,-4.102454527604,0.984252,0,0.43805447596,1.45642065028,14,5,12.226,0,0,0,0.47742127512,0,0,0,43.6, 5.1, -0.4,,,0,0,1024,1024,1024,1024,0,0,0,0,43.8,0,0,96,4.074,4.074,4.077,0,0,0,1.842,78.44,-4.102454527604,-0.328084,10,Assisted_Takeoff,
7000,2026-05-22 08:25:04,51.9888026447306,4.39002561038481,-0.328084,,,-4.102454527604,0.984252,0,0.48536090792,1.50663390648,14,5,12.226,0,0,0,0.48536090792,0,0,0,43.6, 5.1, -0.4,,,0,0,1024,1024,1024,1024,0,0,0,0,43.8,0,0,96,4.074,4.074,4.077,0,0,0,1.842,78.44,-4.102454527604,-0.328084,10,Assisted_Takeoff,
7100,2026-05-22 08:25:04,51.9888026166676,4.39002560388677,-0.328084,,,-4.102454527604,0.984252,0,0.49562993712,1.51697511416,14,5,12.226,0,0,0,0.49562993712,0,0,0,43.6, 5.1, -0.4,,,0,0,1024,1024,1024,1024,0,0,0,0,43.8,0,0,96,4.074,4.074,4.077,0,0,0,1.842,78.44,-4.102454527604,-0.328084,10,Assisted_Takeoff,
7200,2026-05-22 08:25:04,51.9888026516416,4.39002561610684,-0.328084,,,-4.102454527604,0.984252,0,0.48259187896,1.53002957652,14,5,12.226,0,0,0,0.49562993712,0,0,0,43.6, 5.1, -0.4,,,0,0,1024,1024,1024,1024,0,0,0,0,43.8,0,0,96,4.074,4.074,4.077,0,0,0,1.842,78.44,-4.102454527604,-0.328084,10,Assisted_Takeoff,
7300,2026-05-22 08:25:04,51.9888026256256,4.39002561201595,-0.328084,,,-4.102454527604,0.984252,0,0.49200460892,1.5395669784,14,5,12.226,0,0,0,0.49562993712,0,0,0,43.6, 5.1, -0.4,,,0,0,1024,1024,1024,1024,0,0,0,0,43.8,0,0,96,4.074,4.074,4.077,0,0,0,1.842,78.44,-4.102454527604,-0.328084,10,Assisted_Takeoff,
7400,2026-05-22 08:25:04,51.9888026582844,4.39002577340967,-0.328084,,,-4.102454527604,0.984252,0,0.47231956892,1.57773627096,14,5,12.226,0,0,0,0.49562993712,0,0,0,43.6, 5.1, -0.3,,,0,0,1024,1024,1024,1024,0,0,0,0,43.8,0,0,96,4.074,4.074,4.077,0,0,0,1.842,78.44,-4.102454527604,-0.328084,10,Assisted_Takeoff,
7500,2026-05-22 08:25:04,51.9888026322014,4.39002578566192,-0.328084,,,-4.102454527604,0.984252,0,0.4811679944,1.58764112692,14,5,12.226,0,0,0,0.49562993712,0,0,0,43.5, 5.1, -0.3,,,0,0,1024,1024,1024,1024,0,0,0,0,43.8,0,0,96,4.074,4.074,4.077,0,0,0,1.842,78.44,-4.102454527604,-0.328084,10,Assisted_Takeoff,
7600,2026-05-22 08:25:04,51.9888026028534,4.39002579680384,-0.328084,,,-4.102454527604,0.984252,0,0.49126970076,1.5986385026,14,5,12.226,0,0,0,0.49562993712,0,0,0,43.5, 5.1, -0.3,,,0,0,1024,1024,1024,1024,0,0,0,0,43.8,0,0,96,4.074,4.074,4.077,0,0,0,1.842,78.44,-4.102454527604,-0.328084,10,Assisted_Takeoff,
7700,2026-05-22 08:25:04,51.9888026398292,4.3900256184766,-0.328084,,,-4.102454527604,0.984252,0,0.48662403132,1.64091540684,14,5,12.226,0,0,0,0.49562993712,0,0,0,43.5, 5.1, -0.3,,,0,0,1024,1024,1024,1024,0,0,0,0,43.8,0,0,96,4.074,4.074,4.077,0,0,0,1.842,78.44,-4.102454527604,-0.328084,10,Assisted_Takeoff,
7800,2026-05-22 08:25:04,51.9888026668138,4.39002577721538,-0.328084,,,-4.102454527604,0.984252,0,0.46910434572,1.67791343952,14,5,12.226,0,0,0,0.49562993712,0,0,0,43.5, 5.1, -0.3,,,0,0,1024,1024,1024,1024,0,0,0,0,43.8,0,0,96,4.074,4.074,4.077,0,0,0,1.842,78.44,-4.102454527604,-0.328084,10,Assisted_Takeoff,
7900,2026-05-22 08:25:05,51.9888026435533,4.39002579166393,-0.328084,,,-4.102454527604,0.984252,0,0.47685040896,1.68700136632,14,5,12.225,0,0,0,0.49562993712,0,0,0,43.5, 5.1, -0.3,,,0,0,1024,1024,1024,1024,0,0,0,0,43.8,0,0,96,4.074,4.075,4.077,0,0,0,1.856,78.44,-4.102454527604,-0.328084,10,Assisted_Takeoff,
8000,2026-05-22 08:25:05,51.9888026684301,4.39002577621418,-0.328084,,,-4.102454527604,0.984252,0,0.46856628796,1.69671593356,14,5,12.225,0,0,0,0.49562993712,0,0,0,43.5, 5.1, -0.3,,,0,0,1024,1024,1024,1024,0,0,0,0,43.8,0,0,96,4.074,4.075,4.077,0,0,0,1.856,78.44,-4.102454527604,-0.328084,10,Assisted_Takeoff,
8100,2026-05-22 08:25:05,51.9888026457736,4.39002579006322,-0.328084,,,-4.102454527604,0.984252,0,0.47611878164,1.70555123568,14,5,12.225,0,0,0,0.49562993712,0,0,0,43.5, 5.1, -0.3,,,0,0,1024,1024,1024,1024,0,0,0,0,43.8,0,0,96,4.074,4.075,4.077,0,0,0,1.856,78.44,-4.102454527604,-0.328084,10,Assisted_Takeoff,
8200,2026-05-22 08:25:05,51.9888026707123,4.39002577410048,-0.328084,,,-4.102454527604,0.984252,0,0.46783794148,1.71533141972,14,5,12.225,0,0,0,0.49562993712,0,0,0,43.5, 5.1, -0.3,,,0,0,1024,1024,1024,1024,0,0,0,0,43.8,0,0,96,4.074,4.075,4.077,0,0,0,1.856,78.44,-4.102454527604,-0.328084,10,Assisted_Takeoff,
8300,2026-05-22 08:25:05,51.9888026487315,4.39002578706048,-0.328084,,,-4.102454527604,0.984252,0,0.47517718056,1.72386160372,14,5,12.225,0,0,0,0.49562993712,0,0,0,43.5, 5.1, -0.3,,,0,0,1024,1024,1024,1024,0,0,0,0,43.8,0,0,96,4.074,4.075,4.077,0,0,0,1.856,78.44,-4.102454527604,-0.328084,10,Assisted_Takeoff,
8400,2026-05-22 08:25:05,51.9888026730839,4.39002576987308,-0.328084,,,-4.102454527604,0.984252,0,0.46717193096,1.73354992424,14,5,12.225,0,0,0,0.49562993712,0,0,0,43.5, 5.1, -0.3,,,0,0,1024,1024,1024,1024,0,0,0,0,43.8,0,0,96,4.074,4.075,4.077,0,0,0,1.856,78.44,-4.102454527604,-0.328084,10,Assisted_Takeoff,
8500,2026-05-22 08:25:05,51.9888026493599,4.39002578136192,-0.328084,,,-4.102454527604,0.984252,0,0.47518702308,1.74258207676,14,5,12.225,0,0,0,0.49562993712,0,0,0,43.5, 5.2, -0.2,,,0,0,1024,1024,1024,1024,0,0,0,0,43.8,0,0,96,4.074,4.075,4.077,0,0,0,1.856,78.44,-4.102454527604,-0.328084,10,Assisted_Takeoff,
8600,2026-05-22 08:25:05,51.9888026224782,4.39002579333202,-0.328084,,,-4.102454527604,0.984252,0,0.48435369004,1.75275268076,14,5,12.225,0,0,0,0.49562993712,0,0,0,43.5, 5.2, -0.2,,,0,0,1024,1024,1024,1024,0,0,0,0,43.8,0,0,96,4.074,4.075,4.077,0,0,0,1.856,78.44,-4.102454527604,-0.328084,10,Assisted_Takeoff,
8700,2026-05-22 08:25:05,51.9888024883303,4.3900257735927,-0.328084,,,-4.102454527604,0.984252,0,0.5333333504,1.80189638312,14,5,12.225,0,0,0,0.5333333504,0,0,0,43.5, 5.2, -0.2,,,0,0,1024,1024,1024,1024,0,0,0,0,43.8,0,0,96,4.074,4.075,4.077,0,0,0,1.856,78.44,-4.102454527604,-0.328084,10,Assisted_Takeoff,
8800,2026-05-22 08:25:05,51.9888025323038,4.39002590948965,-0.328084,,,-4.102454527604,0.984252,0,0.51314306104,1.83638785404,14,5,12.225,0,0,0,0.5333333504,0,0,0,43.5, 5.2, -0.2,,,0,0,1024,1024,1024,1024,0,0,0,0,43.8,0,0,96,4.074,4.075,4.077,0,0,0,1.856,78.44,-4.102454527604,-0.328084,10,Assisted_Takeoff,
8900,2026-05-22 08:25:06,51.9888024980779,4.39002593295228,-0.328084,,,-4.102454527604,0.984252,0,0.52499017428,1.84994428492,14,5,12.225,0,0,0,0.5333333504,0,0,0,43.4, 5.2, -0.2,,,0,0,1024,1024,1024,1024,0,0,0,0,43.8,0,0,96,4.074,4.074,4.077,0,0,0,1.833,78.44,-4.102454527604,-0.328084,10,Assisted_Takeoff,
9000,2026-05-22 08:25:06,51.988802540216,4.39002589811232,-0.328084,,,-4.102454527604,0.984252,0,0.51057744416,1.86719494164,14,5,12.225,0,0,0,0.5333333504,0,0,0,43.5, 5.2, -0.2,,,0,0,1024,1024,1024,1024,0,0,0,0,43.8,0,0,96,4.074,4.074,4.077,0,0,0,1.833,78.44,-4.102454527604,-0.328084,10,Assisted_Takeoff,
9100,2026-05-22 08:25:06,51.9888025081639,4.39002591917563,-0.328084,,,-4.102454527604,0.984252,0,0.52165356,1.87980977144,14,5,12.225,0,0,0,0.5333333504,0,0,0,43.4, 5.2, -0.2,,,0,0,1024,1024,1024,1024,0,0,0,0,43.8,0,0,96,4.074,4.074,4.077,0,0,0,1.833,78.44,-4.102454527604,-0.328084,10,Assisted_Takeoff,
9200,2026-05-22 08:25:06,51.9888025472535,4.39002588793661,-0.328084,,,-4.102454527604,0.984252,0,0.50830710288,1.89570544124,14,5,12.225,0,0,0,0.5333333504,0,0,0,43.4, 5.2, -0.2,,,0,0,1024,1024,1024,1024,0,0,0,0,43.8,0,0,96,4.074,4.074,4.077,0,0,0,1.833,78.44,-4.102454527604,-0.328084,10,Assisted_Takeoff,
9300,2026-05-22 08:25:06,51.9888025163071,4.39002590730335,-0.328084,,,-4.102454527604,0.984252,0,0.51899936044,1.90780517916,14,5,12.225,0,0,0,0.5333333504,0,0,0,43.4, 5.2, -0.2,,,0,0,1024,1024,1024,1024,0,0,0,0,43.8,0,0,96,4.074,4.074,4.077,0,0,0,1.833,78.44,-4.102454527604,-0.328084,10,Assisted_Takeoff,
9400,2026-05-22 08:25:06,51.9888024017043,4.39002603177711,-0.328084,,,-4.102454527604,0.984252,0,0.5583005428,1.95811029888,14,5,12.225,0,0,0,0.5583005428,0,0,0,43.4, 5.2, -0.2,,,0,0,1024,1024,1024,1024,0,0,0,0,43.8,0,0,96,4.074,4.074,4.077,0,0,0,1.833,78.44,-4.102454527604,-0.328084,10,Assisted_Takeoff,
9500,2026-05-22 08:25:06,51.9888023558643,4.3900260633311,-0.328084,,,-4.102454527604,0.984252,0,0.57466209188,1.97627630996,14,5,12.225,0,0,0,0.57466209188,0,0,0,43.4, 5.2, -0.1,,,0,0,1024,1024,1024,1024,0,0,0,0,43.8,0,0,96,4.074,4.074,4.077,0,0,0,1.833,78.44,-4.102454527604,-0.328084,10,Assisted_Takeoff,
9600,2026-05-22 08:25:06,51.9888023067865,4.39002609438645,-0.328084,,,-4.102454527604,0.984252,0,0.59230973024,1.99549218984,14,5,12.225,0,0,0,0.59230973024,0,0,0,43.4, 5.2, -0.1,,,0,0,1024,1024,1024,1024,0,0,0,0,43.8,0,0,96,4.074,4.074,4.077,0,0,0,1.833,78.44,-4.102454527604,-0.328084,10,Assisted_Takeoff,
9700,2026-05-22 08:25:06,51.9888023764053,4.39002604257689,-0.328084,,,-4.102454527604,0.984252,0,0.56739175044,2.02343182328,14,5,12.225,0,0,0,0.59230973024,0,0,0,43.4, 5.2, -0.1,,,0,0,1024,1024,1024,1024,0,0,0,0,43.8,0,0,96,4.074,4.074,4.077,0,0,0,1.833,78.44,-4.102454527604,-0.328084,10,Assisted_Takeoff,
9800,2026-05-22 08:25:06,51.9888024274689,4.39002600504937,-0.328084,,,-4.102454527604,0.984252,0,0.54929135616,2.043881299,14,5,12.225,0,0,0,0.59230973024,0,0,0,43.4, 5.2, -0.1,,,0,0,1024,1024,1024,1024,0,0,0,0,43.8,0,0,96,4.074,4.074,4.077,0,0,0,1.833,78.44,-4.102454527604,-0.328084,10,Assisted_Takeoff,
9900,2026-05-22 08:25:07,51.9888023910733,4.39002602849461,-0.328084,,,-4.102454527604,0.984252,0,0.56221458492,2.0581693572,14,5,12.224,0,0,0,0.59230973024,0,0,0,43.4, 5.2, -0.1,,,0,0,1024,1024,1024,1024,0,0,0,0,43.8,0,0,96,4.074,4.074,4.077,0,0,0,1.852,78.44,-4.102454527604,-0.328084,10,Assisted_Takeoff,
10000,2026-05-22 08:25:07,51.9888024387171,4.39002599359878,-0.328084,,,-4.102454527604,0.984252,0,0.54537731404,2.07723759928,14,5,12.224,0,0,0,0.59230973024,0,0,0,43.4, 5.2, -0.1,,,0,0,1024,1024,1024,1024,0,0,0,0,43.8,0,0,96,4.074,4.074,4.077,0,0,0,1.852,78.44,-4.102454527604,-0.328084,10,Assisted_Takeoff,
10100,2026-05-22 08:25:07,51.988802404794,4.39002601444668,-0.328084,,,-4.102454527604,0.984252,0,0.55740815432,2.09047250784,14,5,12.224,0,0,0,0.59230973024,0,0,0,43.4, 5.2, -0.1,,,0,0,1024,1024,1024,1024,0,0,0,0,43.8,0,0,96,4.074,4.074,4.077,0,0,0,1.852,78.44,-4.102454527604,-0.328084,10,Assisted_Takeoff,
10200,2026-05-22 08:25:07,51.9888024481162,4.39002598293442,-0.328084,,,-4.102454527604,0.984252,0,0.54213912496,2.10778878136,14,5,12.224,0,0,0,0.59230973024,0,0,0,43.4, 5.3, -0.1,,,0,0,1024,1024,1024,1024,0,0,0,0,43.8,0,0,96,4.074,4.074,4.077,0,0,0,1.852,78.44,-4.102454527604,-0.328084,10,Assisted_Takeoff,
10300,2026-05-22 08:25:07,51.988802416926,4.3900260014706,-0.328084,,,-4.102454527604,0.984252,0,0.5531824324,2.11990820432,14,5,12.224,0,0,0,0.59230973024,0,0,0,43.3, 5.2, -0.1,,,0,0,1024,1024,1024,1024,0,0,0,0,43.8,0,0,96,4.074,4.074,4.077,0,0,0,1.852,78.44,-4.102454527604,-0.328084,10,Assisted_Takeoff,
10400,2026-05-22 08:25:07,51.9888024561788,4.39002582348116,-0.328084,,,-4.102454527604,0.984252,0,0.54318243208,2.1623852398,14,5,12.224,0,0,0,0.59230973024,0,0,0,43.3, 5.3, -0.1,,,0,0,1024,1024,1024,1024,0,0,0,0,43.7,0,0,96,4.074,4.074,4.077,0,0,0,1.852,78.44,-4.102454527604,-0.328084,10,Assisted_Takeoff,
10500,2026-05-22 08:25:07,51.9888024242579,4.39002582589113,-0.328084,,,-4.102454527604,0.984252,0,0.55463256368,2.17404534516,14,5,12.224,0,0,0,0.59230973024,0,0,0,43.3, 5.3, -0.1,,,0,0,1024,1024,1024,1024,0,0,0,0,43.7,0,0,96,4.074,4.074,4.077,0,0,0,1.852,78.44,-4.102454527604,-0.328084,10,Assisted_Takeoff,
10600,2026-05-22 08:25:07,51.988802388795,4.39002582789006,-0.328084,,,-4.102454527604,0.984252,0,0.5673884696,2.1869915398,14,5,12.224,0,0,0,0.59230973024,0,0,0,43.3, 5.3, 0,,,0,0,1024,1024,1024,1024,0,0,0,0,43.7,0,0,96,4.074,4.074,4.077,0,0,0,1.852,78.44,-4.102454527604,-0.328084,10,Assisted_Takeoff,
10700,2026-05-22 08:25:07,51.9888024344186,4.39002566324144,-0.328084,,,-4.102454527604,0.984252,0,0.55727363988,2.22755584556,14,5,12.224,0,0,0,0.59230973024,0,0,0,43.3, 5.3, 0,,,0,0,1024,1024,1024,1024,0,0,0,0,43.7,0,0,96,4.074,4.074,4.077,0,0,0,1.852,78.44,-4.102454527604,-0.328084,10,Assisted_Takeoff,
10800,2026-05-22 08:25:07,51.988802466136,4.39002583664657,-0.328084,,,-4.102454527604,0.984252,0,0.53916668392,2.26819889148,14,5,12.224,0,0,0,0.59230973024,0,0,0,43.3, 5.3, 0,,,0,0,1024,1024,1024,1024,0,0,0,0,43.7,0,0,96,4.074,4.074,4.077,0,0,0,1.852,78.44,-4.102454527604,-0.328084,10,Assisted_Takeoff,
10900,2026-05-22 08:25:07,51.9888024385467,4.39002584272553,-0.328084,,,-4.102454527604,0.984252,0,0.5489501488,2.27835965296,14,5,12.224,0,0,0,0.59230973024,0,0,0,43.3, 5.3, 0,,,0,0,1024,1024,1024,1024,0,0,0,0,43.7,0,0,96,4.073,4.074,4.077,0,0,0,1.842,78.44,-4.102454527604,-0.328084,10,Assisted_Takeoff,
11000,2026-05-22 08:25:08,51.9888024681652,4.39002569093474,-0.328084,,,-4.102454527604,0.984252,0,0.54395999116,2.31413393232,14,5,12.224,0,0,0,0.59230973024,0,0,0,43.3, 5.3, 0,,,0,0,1024,1024,1024,1024,0,0,0,0,43.7,0,0,96,4.073,4.074,4.077,0,0,0,1.842,78.44,-4.102454527604,-0.328084,10,Assisted_Takeoff,
11100,2026-05-22 08:25:08,51.9888024409951,4.39002568393523,-0.328084,,,-4.102454527604,0.984252,0,0.55398951904,2.32417002188,14,5,12.224,0,0,0,0.59230973024,0,0,0,43.3, 5.3, 0,,,0,0,1024,1024,1024,1024,0,0,0,0,43.7,0,0,96,4.073,4.074,4.077,0,0,0,1.842,78.44,-4.102454527604,-0.328084,10,Assisted_Takeoff,
11200,2026-05-22 08:25:08,51.9888024695304,4.3900257022436,-0.328084,,,-4.102454527604,0.984252,0,0.54297573916,2.33536424796,14,5,12.224,0,0,0,0.59230973024,0,0,0,43.3, 5.3, 0,,,0,0,1024,1024,1024,1024,0,0,0,0,43.7,0,0,96,4.073,4.074,4.077,0,0,0,1.842,78.44,-4.102454527604,-0.328084,10,Assisted_Takeoff,
11300,2026-05-22 08:25:08,51.9888024428922,4.39002569925934,-0.328084,,,-4.102454527604,0.984252,0,0.5526410938,2.34510506192,14,5,12.224,0,0,0,0.59230973024,0,0,0,43.2, 5.3, 0,,,0,0,1024,1024,1024,1024,0,0,0,0,43.7,0,0,96,4.073,4.074,4.077,0,0,0,1.842,78.44,-4.102454527604,-0.328084,10,Assisted_Takeoff,
11400,2026-05-22 08:25:08,51.9888026213577,4.39002556316372,-0.328084,,,-4.102454527604,0.984252,0,0.49641405788,2.41704075976,14,5,12.224,0,0,0,0.59230973024,0,0,0,43.2, 5.3, 0,,,0,0,1024,1024,1024,1024,0,0,0,0,43.7,0,0,96,4.073,4.074,4.077,0,0,0,1.842,78.44,-4.102454527604,-0.328084,10,Assisted_Takeoff,
11500,2026-05-22 08:25:08,51.9888026066983,4.39002554986875,-0.328084,,,-4.102454527604,0.984252,0,0.502378625,2.42316936888,14,5,12.224,0,0,0,0.59230973024,0,0,0,43.2, 5.3, 0,,,0,0,1024,1024,1024,1024,0,0,0,0,43.7,0,0,96,4.073,4.074,4.077,0,0,0,1.842,78.44,-4.102454527604,-0.328084,10,Assisted_Takeoff,
11600,2026-05-22 08:25:08,51.9888025893367,4.39002553781323,-0.328084,,,-4.102454527604,0.984252,0,0.50921589556,2.43005913288,14,5,12.224,0,0,0,0.59230973024,0,0,0,43.2, 5.3, 0,,,0,0,1024,1024,1024,1024,0,0,0,0,43.7,0,0,96,4.073,4.074,4.077,0,0,0,1.842,78.44,-4.102454527604,-0.328084,10,Assisted_Takeoff,
11700,2026-05-22 08:25:08,51.9888026016972,4.39002541085755,-0.328084,,,-4.102454527604,0.984252,0,0.5136483104,2.45893708656,14,5,12.224,0,0,0,0.59230973024,0,0,0,43.2, 5.3, 0,,,0,0,1024,1024,1024,1024,0,0,0,0,43.7,0,0,96,4.073,4.074,4.077,0,0,0,1.842,78.44,-4.102454527604,-0.328084,10,Assisted_Takeoff,
11800,2026-05-22 08:25:08,51.9888027611409,4.39002545691226,-0.328084,,,-4.102454527604,0.984252,0,0.45544292796,2.51802173412,14,5,12.224,0,0,0,0.59230973024,0,0,0,43.2, 5.3, 0,,,0,0,1024,1024,1024,1024,0,0,0,0,43.7,0,0,96,4.073,4.074,4.077,0,0,0,1.842,78.44,-4.102454527604,-0.328084,10,Assisted_Takeoff,
11900,2026-05-22 08:25:08,51.9888027597105,4.39002544149664,-0.328084,,,-4.102454527604,0.984252,0,0.45716208812,2.52152567124,14,5,12.223,0,0,0,0.59230973024,0,0,0,43.2, 5.3, 0,,,0,0,1024,1024,1024,1024,0,0,0,0,43.7,0,0,96,4.073,4.074,4.077,0,0,0,1.841,78.44,-4.102454527604,-0.328084,10,Assisted_Takeoff,
12000,2026-05-22 08:25:09,51.9888027460034,4.39002548107178,-0.328084,,,-4.102454527604,0.984252,0,0.45875657636,2.5317258028,14,5,12.223,0,0,0,0.59230973024,0,0,0,43.2, 5.4, 0,,,0,0,1024,1024,1024,1024,0,0,0,0,43.7,0,0,96,4.073,4.074,4.077,0,0,0,1.841,78.44,-4.102454527604,-0.328084,10,Assisted_Takeoff,
12100,2026-05-22 08:25:09,51.9888027409048,4.39002547279566,-0.328084,,,-4.102454527604,0.984252,0,0.46113518536,2.53435703648,14,5,12.223,0,0,0,0.59230973024,0,0,0,43.2, 5.3, 0,,,0,0,1024,1024,1024,1024,0,0,0,0,43.7,0,0,96,4.073,4.074,4.077,0,0,0,1.841,78.44,-4.102454527604,-0.328084,10,Assisted_Takeoff,
12200,2026-05-22 08:25:09,51.9888027325319,4.39002535087578,-0.328084,,,-4.102454527604,0.984252,0,0.4739665506,2.56191937332,14,5,12.223,0,0,0,0.59230973024,0,0,0,43.2, 5.4, 0.1,,,0,0,1024,1024,1024,1024,0,0,0,0,43.6,0,0,96,4.073,4.074,4.077,0,0,0,1.841,78.44,-4.102454527604,-0.328084,10,Assisted_Takeoff,
12300,2026-05-22 08:25:09,51.9888027231146,4.39002533374033,-0.328084,,,-4.102454527604,0.984252,0,0.47863190508,2.56708013464,16,5,12.223,0,0,0,0.59230973024,0,0,0,43.2, 5.4, 0.1,,,0,0,1024,1024,1024,1024,0,0,0,0,43.6,0,0,96,4.073,4.074,4.077,0,0,0,1.841,78.44,-4.102454527604,-0.328084,10,Assisted_Takeoff,
12400,2026-05-22 08:25:09,51.9888027197872,4.39002537511399,-0.328084,,,-4.102454527604,0.984252,0,0.47618439844,2.57645349452,16,5,12.223,0,0,0,0.59230973024,0,0,0,43.2, 5.4, 0.1,,,0,0,1024,1024,1024,1024,0,0,0,0,43.6,0,0,96,4.073,4.074,4.077,0,0,0,1.841,78.44,-4.102454527604,-0.328084,10,Assisted_Takeoff,
12500,2026-05-22 08:25:09,51.9888027036255,4.39002536599534,-0.328084,,,-4.102454527604,0.984252,0,0.48241799444,2.58269693304,16,5,12.223,0,0,0,0.59230973024,0,0,0,43.1, 5.4, 0.1,,,0,0,1024,1024,1024,1024,0,0,0,0,43.6,0,0,96,4.073,4.074,4.077,0,0,0,1.841,78.44,-4.102454527604,-0.328084,10,Assisted_Takeoff,
12600,2026-05-22 08:25:09,51.9888026829429,4.39002535885171,-0.328084,,,-4.102454527604,0.984252,0,0.49001641988,2.59041018788,16,5,12.223,0,0,0,0.59230973024,0,0,0,43.2, 5.4, 0.1,,,0,0,1024,1024,1024,1024,0,0,0,0,43.6,0,0,96,4.073,4.074,4.077,0,0,0,1.841,78.44,-4.102454527604,-0.328084,10,Assisted_Takeoff,
12700,2026-05-22 08:25:09,51.988802685612,4.39002556088895,-0.328084,,,-4.102454527604,0.984252,0,0.4740649758,2.63581701348,16,5,12.223,0,0,0,0.59230973024,0,0,0,43.1, 5.4, 0.1,,,0,0,1024,1024,1024,1024,0,0,0,0,43.6,0,0,96,4.073,4.074,4.077,0,0,0,1.841,78.44,-4.102454527604,-0.328084,10,Assisted_Takeoff,
12800,2026-05-22 08:25:09,51.9888026606993,4.390025575479,-0.328084,,,-4.102454527604,0.984252,0,0.48185368996,2.64547908728,16,5,12.223,0,0,0,0.59230973024,0,0,0,43.1, 5.4, 0.1,,,0,0,1024,1024,1024,1024,0,0,0,0,43.6,0,0,96,4.073,4.074,4.077,0,0,0,1.841,78.44,-4.102454527604,-0.328084,10,Assisted_Takeoff,
12900,2026-05-22 08:25:09,51.9888026732361,4.39002557594461,-0.328084,,,-4.102454527604,0.984252,0,0.47743111764,2.65005257824,16,5,12.223,0,0,0,0.59230973024,0,0,0,43.1, 5.4, 0.1,,,0,0,1024,1024,1024,1024,0,0,0,0,43.6,0,0,96,4.074,4.073,4.076,0,0,0,1.832,78.62,-4.102454527604,-0.328084,10,Assisted_Takeoff,
13000,2026-05-22 08:25:10,51.988802644901,4.39002559415147,-0.328084,,,-4.102454527604,0.984252,0,0.48625985808,2.661171345,16,5,12.223,0,0,0,0.59230973024,0,0,0,43.1, 5.4, 0.2,,,0,0,1024,1024,1024,1024,0,0,0,0,43.6,0,0,96,4.074,4.073,4.076,0,0,0,1.832,78.62,-4.102454527604,-0.328084,10,Assisted_Takeoff,
13100,2026-05-22 08:25:10,51.9888024954107,4.39002575229574,-0.328084,,,-4.102454527604,0.984252,0,0.5316109094,2.72626649144,16,5,12.223,0,0,0,0.59230973024,0,0,0,43.1, 5.4, 0.2,,,0,0,1024,1024,1024,1024,0,0,0,0,43.6,0,0,96,4.074,4.073,4.076,0,0,0,1.832,78.62,-4.102454527604,-0.328084,10,Assisted_Takeoff,
13200,2026-05-22 08:25:10,51.9888024486697,4.39002578918398,-0.328084,,,-4.102454527604,0.984252,0,0.5470472616,2.7452264658,16,5,12.223,0,0,0,0.59230973024,0,0,0,43.1, 5.4, 0.2,,,0,0,1024,1024,1024,1024,0,0,0,0,43.6,0,0,96,4.074,4.073,4.076,0,0,0,1.832,78.62,-4.102454527604,-0.328084,10,Assisted_Takeoff,
13300,2026-05-22 08:25:10,51.9888024929407,4.39002575327021,-0.328084,,,-4.102454527604,0.984252,0,0.53246064696,2.76328092832,16,5,12.223,0,0,0,0.59230973024,0,0,0,43.1, 5.4, 0.2,,,0,0,1024,1024,1024,1024,0,0,0,0,43.6,0,0,96,4.074,4.073,4.076,0,0,0,1.832,78.62,-4.102454527604,-0.328084,10,Assisted_Takeoff,
13400,2026-05-22 08:25:10,51.9888024449429,4.39002579377612,-0.328084,,,-4.102454527604,0.984252,0,0.548228364,2.78301846176,16,5,12.223,0,0,0,0.59230973024,0,0,0,43.1, 5.4, 0.2,,,0,0,1024,1024,1024,1024,0,0,0,0,43.6,0,0,96,4.074,4.073,4.076,0,0,0,1.832,78.62,-4.102454527604,-0.328084,10,Assisted_Takeoff,
13500,2026-05-22 08:25:10,51.9888024917222,4.39002575686898,-0.328084,,,-4.102454527604,0.984252,0,0.53275592256,2.80199155948,16,5,12.223,0,0,0,0.59230973024,0,0,0,43.1, 5.4, 0.2,,,0,0,1024,1024,1024,1024,0,0,0,0,43.6,0,0,96,4.074,4.073,4.076,0,0,0,1.832,78.62,-4.102454527604,-0.328084,10,Assisted_Takeoff,
13600,2026-05-22 08:25:10,51.9888024424916,4.3900257996138,-0.328084,,,-4.102454527604,0.984252,0,0.54891077872,2.82236229504,16,5,12.223,0,0,0,0.59230973024,0,0,0,43.1, 5.4, 0.2,,,0,0,1024,1024,1024,1024,0,0,0,0,43.6,0,0,96,4.074,4.073,4.076,0,0,0,1.832,78.62,-4.102454527604,-0.328084,10,Assisted_Takeoff,
13700,2026-05-22 08:25:10,51.9888023262247,4.39002592631646,-0.328084,,,-4.102454527604,0.984252,0,0.58753610804,2.87344825468,16,5,12.223,0,0,0,0.59230973024,0,0,0,43, 5.4, 0.2,,,0,0,1024,1024,1024,1024,0,0,0,0,43.6,0,0,96,4.074,4.073,4.076,0,0,0,1.832,78.62,-4.102454527604,-0.328084,10,Assisted_Takeoff,
13800,2026-05-22 08:25:10,51.9888022619837,4.39002598566396,-0.328084,,,-4.102454527604,0.984252,0,0.60982285416,2.90041347864,16,5,12.223,0,0,0,0.60982285416,0,0,0,43, 5.5, 0.3,,,0,0,1024,1024,1024,1024,0,0,0,0,43.5,0,0,96,4.074,4.073,4.076,0,0,0,1.832,78.62,-4.102454527604,-0.328084,10,Assisted_Takeoff,
13900,2026-05-22 08:25:10,51.9888023354724,4.39002592099635,-0.328084,,,-4.102454527604,0.984252,0,0.58429135728,2.93090888644,16,5,12.222,0,0,0,0.60982285416,0,0,0,43, 5.5, 0.3,,,0,0,1024,1024,1024,1024,0,0,0,0,43.5,0,0,96,4.074,4.073,4.076,0,0,0,1.841,78.62,-4.102454527604,-0.328084,10,Assisted_Takeoff,
14000,2026-05-22 08:25:11,51.9888022713596,4.3900259790618,-0.328084,,,-4.102454527604,0.984252,0,0.60651576744,2.9576936642,16,5,12.222,0,0,0,0.60982285416,0,0,0,43, 5.5, 0.3,,,0,0,1024,1024,1024,1024,0,0,0,0,43.5,0,0,96,4.074,4.073,4.076,0,0,0,1.841,78.62,-4.102454527604,-0.328084,10,Assisted_Takeoff,
14100,2026-05-22 08:25:11,51.9888023424912,4.39002591321366,-0.328084,,,-4.102454527604,0.984252,0.223694,0.58191274828,2.9875657124,16,5,12.222,0,0,0.223694,0.60982285416,-0.223694,0,0,43, 5.5, 0.3,,,0,0,1024,1024,1024,1024,0,0,0,0,43.5,0,0,96,4.074,4.073,4.076,0,0,0,1.841,78.62,-4.102454527604,-0.328084,10,Assisted_Takeoff,
14200,2026-05-22 08:25:11,51.988802279781,4.39002597013879,-0.328084,,,-4.102454527604,0.984252,0.223694,0.60359581984,3.013779624,16,5,12.222,0,0,0.223694,0.60982285416,-0.223694,0,0,43, 5.5, 0.3,,,0,0,1024,1024,1024,1024,0,0,0,0,43.5,0,0,96,4.074,4.073,4.076,0,0,0,1.841,78.62,-4.102454527604,-0.328084,10,Assisted_Takeoff,
14300,2026-05-22 08:25:11,51.9888023514948,4.39002590288644,-0.328084,,,-4.102454527604,0.984252,0.223694,0.57888125212,3.04399287956,17,5,12.222,0,0,0.223694,0.60982285416,-0.223694,0,0,43, 5.5, 0.3,,,0,0,1024,1024,1024,1024,0,0,0,0,43.5,0,0,96,4.074,4.073,4.076,0,0,0,1.841,78.62,-4.102454527604,-0.328084,10,Assisted_Takeoff,
14400,2026-05-22 08:25:11,51.9888022901805,4.39002595880645,-0.328084,,,-4.102454527604,0.984252,0.223694,0.60000986172,3.06964904836,17,5,12.222,0,0,0.223694,0.60982285416,-0.223694,0,0,43, 5.5, 0.3,,,0,0,1024,1024,1024,1024,0,0,0,0,43.5,0,0,96,4.074,4.073,4.076,0,0,0,1.841,78.62,-4.102454527604,-0.328084,10,Assisted_Takeoff,
14500,2026-05-22 08:25:11,51.9888023582986,4.39002573211148,-0.328084,,,-4.102454527604,0.984252,0.223694,0.58166668528,3.12632555936,17,5,12.222,0,0,0.223694,0.60982285416,-0.223694,0,0,43, 5.5, 0.3,,,0,0,1024,1024,1024,1024,0,0,0,0,43.5,0,0,96,4.074,4.073,4.076,0,0,0,1.841,78.62,-4.102454527604,-0.328084,10,Assisted_Takeoff,
14600,2026-05-22 08:25:11,51.9888022981626,4.39002577227526,-0.328084,,,-4.102454527604,0.984252,0.223694,0.60189634472,3.1500493134,17,5,12.222,0,0,0.223694,0.60982285416,-0.223694,0,0,43, 5.5, 0.3,,,0,0,1024,1024,1024,1024,0,0,0,0,43.5,0,0,96,4.074,4.073,4.076,0,0,0,1.841,78.62,-4.102454527604,-0.328084,10,Assisted_Takeoff,
14700,2026-05-22 08:25:11,51.9888025303195,4.39002589773044,-0.328084,,,-4.102454527604,0.984252,0.223694,0.51416996396,3.23931768896,17,5,12.222,0,0,0.223694,0.60982285416,-0.223694,0,0,43, 5.5, 0.4,,,0,0,1024,1024,1024,1024,0,0,0,0,43.5,0,0,96,4.074,4.073,4.076,0,0,0,1.841,78.62,-4.102454527604,-0.328084,10,Assisted_Takeoff,
14800,2026-05-22 08:25:11,51.9888024856187,4.39002595373566,-0.328084,,,-4.102454527604,0.984252,0.223694,0.52906169672,3.25991480248,17,5,12.222,0,0,0.223694,0.60982285416,-0.223694,0,0,43, 5.5, 0.4,,,0,0,1024,1024,1024,1024,0,0,0,0,43.5,0,0,96,4.074,4.073,4.076,0,0,0,1.841,78.62,-4.102454527604,-0.328084,10,Assisted_Takeoff,
14900,2026-05-22 08:25:12,51.9888025267901,4.39002588764906,-0.328084,,,-4.102454527604,0.984252,0.223694,0.51572508212,3.2810368504,17,5,12.221,0,0,0.223694,0.60982285416,-0.223694,0,0,43, 5.5, 0.4,,,0,0,1024,1024,1024,1024,0,0,0,0,43.5,0,0,96,4.074,4.073,4.076,0,0,0,1.837,78.62,-4.102454527604,-0.328084,10,Assisted_Takeoff,
15000,2026-05-22 08:25:12,51.9888024808836,4.39002594383449,-0.328084,,,-4.102454527604,0.984252,0.223694,0.53099083064,3.302001418,17,5,12.221,0,0,0.223694,0.60982285416,-0.223694,0,0,43, 5.5, 0.4,,,0,0,1024,1024,1024,1024,0,0,0,0,43.5,0,0,96,4.074,4.073,4.076,0,0,0,1.837,78.62,-4.102454527604,-0.328084,10,Assisted_Takeoff,
15100,2026-05-22 08:25:12,51.9888025225529,4.39002604859349,-0.328084,,,-4.102454527604,0.984252,0.223694,0.51407153876,3.3300197916,17,5,12.221,0,0,0.223694,0.60982285416,-0.223694,0,0,42.9, 5.5, 0.4,,,0,0,1024,1024,1024,1024,0,0,0,0,43.4,0,0,96,4.074,4.073,4.076,0,0,0,1.837,78.62,-4.102454527604,-0.328084,10,Assisted_Takeoff,
15200,2026-05-22 08:25:12,51.9888024752476,4.39002611855883,-0.328084,,,-4.102454527604,0.984252,0.223694,0.53072836344,3.3533793724,17,5,12.221,0,0,0.223694,0.60982285416,-0.223694,0,0,42.9, 5.5, 0.4,,,0,0,1024,1024,1024,1024,0,0,0,0,43.4,0,0,96,4.074,4.073,4.076,0,0,0,1.837,78.62,-4.102454527604,-0.328084,10,Assisted_Takeoff,
15300,2026-05-22 08:25:12,51.9888026814888,4.39002603174389,-0.328084,,,-4.102454527604,0.984252,0.223694,0.45641733744,3.431102472,17,5,12.221,0,0,0.223694,0.60982285416,-0.223694,0,0,42.9, 5.5, 0.4,,,0,0,1024,1024,1024,1024,0,0,0,0,43.4,0,0,96,4.074,4.073,4.076,0,0,0,1.837,78.62,-4.102454527604,-0.328084,10,Assisted_Takeoff,
15400,2026-05-22 08:25:12,51.9888026464256,4.39002609869931,-0.328084,,,-4.102454527604,0.984252,0.223694,0.468421931,3.4508531288,17,5,12.221,0,0,0.223694,0.60982285416,-0.223694,0,0,42.9, 5.5, 0.4,,,0,0,1024,1024,1024,1024,0,0,0,0,43.4,0,0,96,4.074,4.073,4.076,0,0,0,1.837,78.62,-4.102454527604,-0.328084,10,Assisted_Takeoff,
15500,2026-05-22 08:25:12,51.9888026675082,4.39002618538949,-0.328084,,,-4.102454527604,0.984252,0.223694,0.460465894,3.471784888,17,5,12.221,0,0,0.223694,0.60982285416,-0.223694,0,0,42.9, 5.5, 0.4,,,0,0,1024,1024,1024,1024,0,0,0,0,43.4,0,0,96,4.074,4.073,4.076,0,0,0,1.837,78.62,-4.102454527604,-0.328084,10,Assisted_Takeoff,
15600,2026-05-22 08:25:12,51.9888026282015,4.39002626422088,-0.328084,,,-4.102454527604,0.984252,0.223694,0.4752624824,3.494586726,17,5,12.221,0,0,0.223694,0.60982285416,-0.223694,0,0,42.9, 5.6, 0.5,,,0,0,1024,1024,1024,1024,0,0,0,0,43.4,0,0,96,4.074,4.073,4.076,0,0,0,1.837,78.62,-4.102454527604,-0.328084,10,Assisted_Takeoff,
15700,2026-05-22 08:25:12,51.988802650851,4.39002616033919,-0.328084,,,-4.102454527604,0.984252,0.223694,0.466535448,3.519357068,17,5,12.221,0,0,0.223694,0.60982285416,-0.223694,0,0,42.9, 5.6, 0.5,,,0,0,1024,1024,1024,1024,0,0,0,0,43.4,0,0,96,4.074,4.073,4.076,0,0,0,1.837,78.62,-4.102454527604,-0.328084,10,Assisted_Takeoff,
15800,2026-05-22 08:25:12,51.9888026076661,4.39002623594874,-0.328084,,,-4.102454527604,0.984252,0.223694,0.48250985796,3.5425197984,17,5,12.221,0,0,0.223694,0.60982285416,-0.223694,0,0,42.9, 5.6, 0.5,,,0,0,1024,1024,1024,1024,0,0,0,0,43.4,0,0,96,4.074,4.073,4.076,0,0,0,1.837,78.62,-4.102454527604,-0.328084,10,Assisted_Takeoff,
15900,2026-05-22 08:25:13,51.9888026373708,4.39002630388428,-0.328084,,,-4.102454527604,0.984252,0.223694,0.47240158992,3.5612533948,17,5,12.22,0,0,0.223694,0.60982285416,-0.223694,0,0,42.9, 5.6, 0.5,,,0,0,1024,1024,1024,1024,0,0,0,0,43.4,0,0,96,4.074,4.072,4.076,0,0,0,1.855,78.62,-4.102454527604,-0.328084,10,Assisted_Takeoff,
16000,2026-05-22 08:25:13,51.9888025908212,4.39002639113048,-0.328084,,,-4.102454527604,0.984252,0.223694,0.49094161676,3.5871720308,17,5,12.22,0,0,0.223694,0.60982285416,-0.223694,0,0,42.9, 5.6, 0.5,,,0,0,1024,1024,1024,1024,0,0,0,0,43.4,0,0,96,4.074,4.072,4.076,0,0,0,1.855,78.62,-4.102454527604,-0.328084,10,Assisted_Takeoff,
16100,2026-05-22 08:25:13,51.9888026248641,4.39002628193302,-0.328084,,,-4.102454527604,0.984252,0.223694,0.47666996276,3.61466547,17,5,12.22,0,0,0.223694,0.60982285416,-0.223694,0,0,42.9, 5.6, 0.5,,,0,0,1024,1024,1024,1024,0,0,0,0,43.4,0,0,96,4.074,4.072,4.076,0,0,0,1.855,78.62,-4.102454527604,-0.328084,10,Assisted_Takeoff,
16200,2026-05-22 08:25:13,51.9888025742393,4.39002636507985,-0.328084,,,-4.102454527604,0.984252,0.223694,0.49641077704,3.6409449984,17,5,12.22,0,0,0.223694,0.60982285416,-0.223694,0,0,42.9, 5.6, 0.5,,,0,0,1024,1024,1024,1024,0,0,0,0,43.4,0,0,96,4.074,4.072,4.076,0,0,0,1.855,78.62,-4.102454527604,-0.328084,10,Assisted_Takeoff,
16300,2026-05-22 08:25:13,51.9888027757327,4.39002642219671,-0.328084,,,-4.102454527604,0.984252,0.223694,0.42475066976,3.7155841084,17,5,12.22,0,0,0.223694,0.60982285416,-0.223694,0,0,42.9, 5.6, 0.5,,,0,0,1024,1024,1024,1024,0,0,0,0,43.4,0,0,96,4.074,4.072,4.076,0,0,0,1.855,78.62,-4.102454527604,-0.328084,10,Assisted_Takeoff,
16400,2026-05-22 08:25:13,51.9888027354357,4.39002651443088,-0.328084,,,-4.102454527604,0.984252,0.223694,0.4424704866,3.74097781,17,5,12.22,0,0,0.223694,0.60982285416,-0.223694,0,0,42.9, 5.6, 0.6,,,0,0,1024,1024,1024,1024,0,0,0,0,43.4,0,0,96,4.074,4.072,4.076,0,0,0,1.855,78.62,-4.102454527604,-0.328084,10,Assisted_Takeoff,
16500,2026-05-22 08:25:13,51.9888027551368,4.39002655649904,-0.328084,,,-4.102454527604,0.984252,0.223694,0.43717193,3.7528544508,17,5,12.22,0,0,0.223694,0.60982285416,-0.223694,0,0,42.9, 5.6, 0.6,,,0,0,1024,1024,1024,1024,0,0,0,0,43.3,0,0,96,4.074,4.072,4.076,0,0,0,1.855,78.62,-4.102454527604,-0.328084,10,Assisted_Takeoff,
16600,2026-05-22 08:25:13,51.9888027114459,4.39002665950865,-0.328084,,,-4.102454527604,0.984252,0.223694,0.45780185192,3.7809712496,17,5,12.22,0,0,0.223694,0.60982285416,-0.223694,0,0,42.8, 5.6, 0.6,,,0,0,1024,1024,1024,1024,0,0,0,0,43.3,0,0,96,4.074,4.072,4.076,0,0,0,1.855,78.62,-4.102454527604,-0.328084,10,Assisted_Takeoff,
16700,2026-05-22 08:25:13,51.9888027383161,4.39002652328195,-0.328084,,,-4.102454527604,0.984252,0.223694,0.44178807188,3.8130906732,17,5,12.22,0,0,0.223694,0.60982285416,-0.223694,0,0,42.9, 5.6, 0.6,,,0,0,1024,1024,1024,1024,0,0,0,0,43.3,0,0,96,4.074,4.072,4.076,0,0,0,1.855,78.62,-4.102454527604,-0.328084,10,Assisted_Takeoff,
16800,2026-05-22 08:25:13,51.9888026894954,4.39002661741333,-0.328084,,,-4.102454527604,0.984252,0.223694,0.46344161588,3.8407481544,17,5,12.22,0,0,0.223694,0.60982285416,-0.223694,0,0,42.8, 5.6, 0.6,,,0,0,1024,1024,1024,1024,0,0,0,0,43.3,0,0,96,4.074,4.072,4.076,0,0,0,1.855,78.62,-4.102454527604,-0.328084,10,Assisted_Takeoff,
16900,2026-05-22 08:25:14,51.9888027235658,4.39002648952949,-0.328084,,,-4.102454527604,0.984252,0.223694,0.4458005392,3.872047368,17,5,12.22,0,0,0.223694,0.60982285416,-0.223694,0,0,42.8, 5.6, 0.6,,,0,0,1024,1024,1024,1024,0,0,0,0,43.3,0,0,96,4.072,4.072,4.075,0,0,0,1.842,78.62,-4.102454527604,-0.328084,10,Assisted_Takeoff,
17000,2026-05-22 08:25:14,51.9888026704416,4.39002657724782,-0.328084,,,-4.102454527604,0.984252,0.223694,0.46838584176,3.8997048492,17,5,12.22,0,0,0.223694,0.60982285416,-0.223694,0,0,42.8, 5.6, 0.6,,,0,0,1024,1024,1024,1024,0,0,0,0,43.3,0,0,96,4.072,4.072,4.075,0,0,0,1.842,78.62,-4.102454527604,-0.328084,10,Assisted_Takeoff,
17100,2026-05-22 08:25:14,51.9888027095957,4.39002662754318,-0.328084,,,-4.102454527604,0.984252,0.223694,0.4567913532,3.9179135112,17,5,12.22,0,0,0.223694,0.60982285416,-0.223694,0,0,42.8, 5.6, 0.6,,,0,0,1024,1024,1024,1024,0,0,0,0,43.3,0,0,96,4.072,4.072,4.075,0,0,0,1.842,78.62,-4.102454527604,-0.328084,10,Assisted_Takeoff,
17200,2026-05-22 08:25:14,51.9888026534556,4.39002672345068,-0.328084,,,-4.102454527604,0.984252,0.223694,0.48187009416,3.9476379216,17,5,12.22,0,0,0.223694,0.60982285416,-0.223694,0,0,42.9, 5.6, 0.6,,,0,0,1024,1024,1024,1024,0,0,0,0,43.3,0,0,96,4.072,4.072,4.075,0,0,0,1.842,78.62,-4.102454527604,-0.328084,10,Assisted_Takeoff,
17300,2026-05-22 08:25:14,51.988802862404,4.39002659217805,-0.328084,,,-4.102454527604,0.984252,0.223694,0.40070867424,4.0293964544,17,5,12.22,0,0,0.223694,0.60982285416,-0.223694,0,0,42.8, 5.6, 0.6,,,0,0,1024,1024,1024,1024,0,0,0,0,43.3,0,0,96,4.072,4.072,4.075,0,0,0,1.842,78.62,-4.102454527604,-0.328084,10,Assisted_Takeoff,
17400,2026-05-22 08:25:14,51.9888028168549,4.39002668252503,-0.328084,,,-4.102454527604,0.984252,0.223694,0.4219488324,4.055610366,17,5,12.22,0,0,0.223694,0.60982285416,-0.223694,0,0,42.8, 5.6, 0.7,,,0,0,1024,1024,1024,1065,0,0,0,6,43.3,0,0,96,4.072,4.072,4.075,0,0,0,1.842,78.62,-4.102454527604,-0.328084,10,Assisted_Takeoff,
17500,2026-05-22 08:25:14,51.9888028421548,4.39002656397764,-0.328084,,,-4.102454527604,0.984252,0.223694,0.4064632676,4.0837927816,17,5,12.22,0,0,0.223694,0.60982285416,-0.223694,0,0,42.8, 5.6, 0.7,,,0,0,364,364,364,1684,-100,-100,-100,100,43.2,0,0,96,4.072,4.072,4.075,0,0,0,1.842,78.62,-4.102454527604,-0.328084,10,Assisted_Takeoff,
17600,2026-05-22 08:25:14,51.9888027919541,4.39002664912579,-0.328084,,,-4.102454527604,0.984252,0.223694,0.42875329456,4.1103019688,17,5,12.22,0,0,0.223694,0.60982285416,-0.223694,0,0,42.8, 5.7, 0.7,,,0,0,364,364,364,1684,-100,-100,-100,100,42.9,0,0,96,4.072,4.072,4.075,0,0,0,1.842,78.62,-4.102454527604,-0.328084,10,Assisted_Takeoff,
17700,2026-05-22 08:25:14,51.9888029884131,4.39002670292972,-0.328084,,,-4.102454527604,0.984252,0.223694,0.36361221636,4.1829725748,17,5,12.22,0,0,0.223694,0.60982285416,-0.223694,0,0,42.8, 5.7, 0.7,,,0,0,364,364,364,1684,-100,-100,-100,100,42.8,0,0,96,4.072,4.072,4.075,0,0,0,1.842,78.62,-4.102454527604,-0.328084,10,Assisted_Takeoff,
17800,2026-05-22 08:25:14,51.988802948709,4.3900267986668,-0.328084,,,-4.102454527604,0.984252,0.223694,0.38468505168,4.2089240192,17,5,12.22,0,0,0.223694,0.60982285416,-0.223694,0,0,42.8, 5.7, 0.7,,,0,0,364,364,364,1684,-100,-100,-100,100,42.8,0,0,96,4.072,4.072,4.075,0,0,0,1.842,78.62,-4.102454527604,-0.328084,10,Assisted_Takeoff,
17900,2026-05-22 08:25:14,51.988802965952,4.39002683888536,-0.328084,,,-4.102454527604,0.984252,0.223694,0.38229660016,4.2199148332,17,5,12.219,0,0,0.223694,0.60982285416,-0.223694,0,0,42.8, 5.7, 0.7,,,0,0,364,364,364,1684,-100,-100,-100,100,42.8,0,0,96,4.072,4.072,4.075,0,0,0,1.852,78.62,-4.102454527604,-0.328084,10,Assisted_Takeoff,
18000,2026-05-22 08:25:15,51.98880291968,4.39002694151632,-0.328084,,,-4.102454527604,0.984252,0.223694,0.40714240148,4.2484909496,17,5,12.219,0,0,0.223694,0.60982285416,-0.223694,0,0,42.8, 5.7, 0.7,,,0,0,364,364,364,1684,-100,-100,-100,100,42.8,0,0,96,4.072,4.072,4.075,0,0,0,1.852,78.62,-4.102454527604,-0.328084,10,Assisted_Takeoff,
18100,2026-05-22 08:25:15,51.9888029449583,4.39002680483249,-0.328084,,,-4.102454527604,0.984252,0.223694,0.3864665478,4.2805775648,17,5,12.219,0,0,0.223694,0.60982285416,-0.223694,0,0,42.8, 5.7, 0.7,,,0,0,364,364,364,1684,-100,-100,-100,100,42.8,0,0,96,4.072,4.072,4.075,0,0,0,1.852,78.62,-4.102454527604,-0.328084,10,Assisted_Takeoff,
18200,2026-05-22 08:25:15,51.9888028956266,4.39002690021635,-0.328084,,,-4.102454527604,0.984252,0.223694,0.41131562996,4.30856313,17,5,12.219,0,0,0.223694,0.60982285416,-0.223694,0,0,42.8, 5.7, 0.7,,,0,0,420,722,364,1684,-92,-46,-100,100,42.8,0,0,96,4.072,4.072,4.075,0,0,0,1.852,78.62,-4.102454527604,-0.328084,10,Assisted_Takeoff,
18300,2026-05-22 08:25:15,51.9888030912864,4.39002693212183,-0.328084,,,-4.102454527604,0.984252,0.223694,0.35045604796,4.3803151008,17,5,12.219,0,0,0.223694,0.60982285416,-0.223694,0,0,42.8, 5.7, 0.7,,,0,0,1024,1024,1024,1024,0,0,0,0,42.7,0,0,96,4.072,4.072,4.075,0,0,0,1.852,78.62,-4.102454527604,-0.328084,10,Assisted_Takeoff,
18400,2026-05-22 08:25:15,51.9888030510555,4.39002703537664,-0.328084,,,-4.102454527604,0.984252,0.223694,0.37482284664,4.4077429232,17,5,12.219,0,0,0.223694,0.60982285416,-0.223694,0,0,42.8, 5.7, 0.8,,,0,0,1024,1024,1024,1024,0,0,0,0,42.7,0,0,96,4.072,4.072,4.075,0,0,0,1.852,78.62,-4.102454527604,-0.328084,10,Assisted_Takeoff,
18500,2026-05-22 08:25:15,51.9888030689033,4.390026896858,-0.328084,,,-4.102454527604,0.984252,0.223694,0.35388452576,4.4395342628,17,5,12.219,0,0,0.223694,0.60982285416,-0.223694,0,0,42.8, 5.7, 0.7,,,0,0,1024,1024,1024,1024,0,0,0,0,42.7,0,0,96,4.072,4.072,4.075,0,0,0,1.852,78.62,-4.102454527604,-0.328084,10,Assisted_Takeoff,
18600,2026-05-22 08:25:15,51.9888030233699,4.39002699103915,-0.328084,,,-4.102454527604,0.984252,0.223694,0.37854660004,4.4664371508,17,5,12.219,0,0,0.223694,0.60982285416,-0.223694,0,0,42.7, 5.7, 0.8,,,0,0,1024,1024,1024,1024,0,0,0,0,42.7,0,0,96,4.072,4.072,4.075,0,0,0,1.852,78.62,-4.102454527604,-0.328084,10,Assisted_Takeoff,
18700,2026-05-22 08:25:15,51.9888032096821,4.39002685994063,-0.328084,,,-4.102454527604,0.984252,0.223694,0.304919957264,4.5405513264,17,5,12.219,0,0,0.223694,0.60982285416,-0.223694,0,0,42.7, 5.7, 0.8,,,0,0,1024,1024,1024,1024,0,0,0,0,42.7,0,0,96,4.072,4.072,4.075,0,0,0,1.852,78.62,-4.102454527604,-0.328084,10,Assisted_Takeoff,
18800,2026-05-22 08:25:15,51.9888031737039,4.39002694679209,-0.328084,,,-4.102454527604,0.984252,0.223694,0.32629758262,4.5640421408,17,5,12.219,0,0,0.223694,0.60982285416,-0.223694,0,0,42.7, 5.7, 0.8,,,0,0,1024,1024,1024,1024,0,0,0,0,42.7,0,0,96,4.072,4.072,4.075,0,0,0,1.852,78.62,-4.102454527604,-0.328084,10,Assisted_Takeoff,
18900,2026-05-22 08:25:15,51.9888033475126,4.39002682904614,-0.328084,,,-4.102454527604,0.984252,0.223694,0.258819890172,4.6327757388,17,5,12.218,0,0,0.223694,0.60982285416,-0.223694,0,0,42.7, 5.7, 0.8,,,0,0,1024,1024,1024,1024,0,0,0,0,42.7,0,0,96,4.072,4.073,4.076,0,0,0,1.89,78.62,-4.102454527604,-0.328084,10,Assisted_Takeoff,
19000,2026-05-22 08:25:16,51.9888033178601,4.39002691150543,-0.328084,,,-4.102454527604,0.984252,0.223694,0.278433735944,4.6542324324,17,5,12.218,0,0,0.223694,0.60982285416,-0.223694,0,0,42.7, 5.7, 0.8,,,0,0,1024,1024,1024,1024,0,0,0,0,42.7,0,0,96,4.072,4.073,4.076,0,0,0,1.89,78.62,-4.102454527604,-0.328084,10,Assisted_Takeoff,
19100,2026-05-22 08:25:16,51.9888033138167,4.39002681076407,-0.328084,,,-4.102454527604,0.984252,0.223694,0.266761163392,4.6769030368,17,5,12.218,0,0,0.223694,0.60982285416,-0.223694,0,0,42.7, 5.7, 0.8,,,0,0,1024,1024,1024,1024,0,0,0,0,42.7,0,0,96,4.072,4.073,4.076,0,0,0,1.89,78.62,-4.102454527604,-0.328084,10,Assisted_Takeoff,
19200,2026-05-22 08:25:16,51.9888032773376,4.39002688871013,-0.328084,,,-4.102454527604,0.984252,0.223694,0.28751313256,4.6988846648,17,5,12.218,0,0,0.223694,0.60982285416,-0.223694,0,0,42.7, 5.7, 0.8,,,0,0,1024,1024,1024,1024,0,0,0,0,42.7,0,0,96,4.072,4.073,4.076,0,0,0,1.89,78.62,-4.102454527604,-0.328084,10,Assisted_Takeoff,
19300,2026-05-22 08:25:16,51.988803280694,4.39002679376796,-0.328084,,,-4.102454527604,0.984252,0.223694,0.27505086182,4.7202757416,17,5,12.218,0,0,0.223694,0.60982285416,-0.223694,0,0,42.7, 5.7, 0.8,,,0,0,1024,1024,1061,1024,0,0,6,0,42.7,0,0,96,4.072,4.073,4.076,0,0,0,1.89,78.62,-4.102454527604,-0.328084,10,Assisted_Takeoff,
19400,2026-05-22 08:25:16,51.9888032356334,4.39002686821307,-0.328084,,,-4.102454527604,0.984252,0.223694,0.297777896668,4.7437337476,17,5,12.218,0,0,0.223694,0.60982285416,-0.223694,0,0,42.7, 5.7, 0.8,,,0,0,1024,1024,1143,1024,0,0,18,0,42.7,0,0,96,4.072,4.073,4.076,0,0,0,1.89,78.62,-4.102454527604,-0.328084,10,Assisted_Takeoff,
19500,2026-05-22 08:25:16,51.9888032546562,4.39002678194698,-0.328084,,,-4.102454527604,0.984252,0.3131716,0.28196523212,4.7643046144,17,5,12.218,0,0,0.3131716,0.60982285416,-0.223694,0.223694,0,42.7, 5.7, 0.8,,,0,0,1024,1024,1024,1024,0,0,0,0,42.7,0,0,96,4.072,4.073,4.076,0,0,0,1.89,78.62,-4.102454527604,-0.328084,10,Assisted_Takeoff,
19600,2026-05-22 08:25:16,51.9888032046249,4.39002685579671,-0.328084,,,-4.102454527604,0.984252,0.3131716,0.306041348376,4.7889765312,17,5,12.218,0,0,0.3131716,0.60982285416,-0.223694,0.223694,0,42.7, 5.7, 0.8,,,0,0,1024,1024,1024,1024,0,0,0,0,42.7,0,0,96,4.072,4.073,4.076,0,0,0,1.89,78.62,-4.102454527604,-0.328084,10,Assisted_Takeoff,
19700,2026-05-22 08:25:16,51.9888032317679,4.39002677492704,-0.328084,,,-4.102454527604,0.984252,0.3131716,0.288540691648,4.8096786316,17,5,12.218,0,0,0.3131716,0.60982285416,-0.223694,0.223694,0,42.7, 5.7, 0.8,,,0,0,1024,1024,1024,1024,0,0,0,0,42.7,0,0,96,4.072,4.073,4.076,0,0,0,1.89,78.62,-4.102454527604,-0.328084,10,Assisted_Takeoff,
19800,2026-05-22 08:25:16,51.9888031749534,4.39002684676741,-0.328084,,,-4.102454527604,0.984252,0.3131716,0.31445867148,4.8359253516,17,5,12.218,0,0,0.3131716,0.60982285416,-0.223694,0.223694,0,42.7, 5.7, 0.9,,,0,0,1024,1024,1128,1024,0,0,16,0,42.7,0,0,96,4.072,4.073,4.076,0,0,0,1.89,78.62,-4.102454527604,-0.328084,10,Assisted_Takeoff,
19900,2026-05-22 08:25:16,51.9888032126739,4.39002693503329,-0.328084,,,-4.102454527604,0.984252,0.3131716,0.31291503626,4.860072334,17,5,12.218,0,0,0.3131716,0.60982285416,-0.223694,0.223694,0,42.7, 5.7, 0.8,,,0,0,1024,1024,1024,1024,0,0,0,0,42.6,0,0,96,4.071,4.073,4.073,0,0,0,1.839,78.62,-4.102454527604,-0.328084,10,Assisted_Takeoff,
20000,2026-05-22 08:25:17,51.9888031516444,4.39002702231753,-0.328084,,,-4.102454527604,0.984252,0.3131716,0.34231628392,4.889763936,17,5,12.218,0,0,0.3131716,0.60982285416,-0.223694,0.223694,0,42.7, 5.7, 0.9,,,0,0,1024,1024,1024,1024,0,0,0,0,42.6,0,0,96,4.071,4.073,4.073,0,0,0,1.839,78.62,-4.102454527604,-0.328084,10,Assisted_Takeoff,
20100,2026-05-22 08:25:17,51.9888033602445,4.39002692433263,-0.328084,,,-4.102454527604,0.984252,0.3131716,0.2680118196,4.9689634136,17,5,12.218,0,0,0.3131716,0.60982285416,-0.223694,0.223694,0,42.7, 5.7, 0.9,,,0,0,1024,1024,1024,1024,0,0,0,0,42.6,0,0,96,4.071,4.073,4.073,0,0,0,1.839,78.62,-4.102454527604,-0.328084,10,Assisted_Takeoff,
20200,2026-05-22 08:25:17,51.9888033100365,4.39002700838307,-0.328084,,,-4.102454527604,0.984252,0.3131716,0.29415847398,4.9952757504,17,5,12.218,0,0,0.3131716,0.60982285416,-0.223694,0.223694,0,42.7, 5.7, 0.9,,,0,0,1024,1024,1024,1024,0,0,0,0,42.6,0,0,96,4.071,4.073,4.073,0,0,0,1.839,78.62,-4.102454527604,-0.328084,10,Assisted_Takeoff,
20300,2026-05-22 08:25:17,51.98880333695,4.39002691276662,-0.328084,,,-4.102454527604,0.984252,0.3131716,0.2730561111,5.0188977984,17,5,12.218,0,0,0.3131716,0.60982285416,-0.223694,0.223694,0,42.7, 5.7, 0.9,,,0,0,1024,1024,1024,1024,0,0,0,0,42.6,0,0,96,4.071,4.073,4.073,0,0,0,1.839,78.62,-4.102454527604,-0.328084,10,Assisted_Takeoff,
20400,2026-05-22 08:25:17,51.9888032806769,4.39002699592085,-0.656168,,,-4.430538527604,0.984252,0.3131716,0.300732293088,5.0466537048,17,5,12.218,0,0,0.3131716,0.60982285416,-0.223694,0.223694,0,42.7, 5.7, 0.9,,,0,0,1024,1024,1170,1024,0,0,22,0,42.6,0,0,96,4.071,4.073,4.073,0,0,0,1.839,78.62,-4.430538527604,-0.656168,10,Assisted_Takeoff,
20500,2026-05-22 08:25:17,51.9888033192573,4.3900269020314,-0.656168,,,-4.430538527604,0.984252,0.3131716,0.276755914368,5.072014598,17,5,12.218,0,0,0.3131716,0.60982285416,-0.223694,0.223694,0,42.6, 5.7, 0.9,,,0,0,1024,1024,1024,1024,0,0,0,0,42.6,0,0,96,4.071,4.073,4.073,0,0,0,1.839,78.62,-4.430538527604,-0.656168,10,Assisted_Takeoff,
20600,2026-05-22 08:25:17,51.9888032599983,4.39002698200921,-0.656168,,,-4.430538527604,0.984252,0.3131716,0.304826781408,5.1001313968,17,5,12.218,0,0,0.3131716,0.60982285416,-0.223694,0.223694,0,42.7, 5.7, 0.9,,,0,0,1024,1024,1024,1024,0,0,0,0,42.6,0,0,96,4.071,4.073,4.073,0,0,0,1.839,78.62,-4.430538527604,-0.656168,10,Assisted_Takeoff,
20700,2026-05-22 08:25:17,51.988803306595,4.39002689256149,-0.656168,,,-4.430538527604,0.984252,0.3131716,0.279244759592,5.126476542,17,5,12.218,0,0,0.3131716,0.60982285416,-0.223694,0.223694,0,42.6, 5.8, 0.9,,,0,0,1024,1024,1122,1024,0,0,15,0,42.6,0,0,96,4.071,4.073,4.073,0,0,0,1.839,78.62,-4.430538527604,-0.656168,10,Assisted_Takeoff,
20800,2026-05-22 08:25:17,51.9888032433282,4.39002697062275,-0.656168,,,-4.430538527604,0.984252,0.3131716,0.308223106976,5.1554463592,17,5,12.218,0,0,0.3131716,0.60982285416,-0.223694,0.223694,0,42.7, 5.7, 0.9,,,0,0,1024,1024,1024,1024,0,0,0,0,42.6,0,0,96,4.071,4.073,4.073,0,0,0,1.839,78.62,-4.430538527604,-0.656168,10,Assisted_Takeoff,
20900,2026-05-22 08:25:17,51.9888032962538,4.39002688519071,-0.656168,,,-4.430538527604,0.984252,0.3131716,0.281375665172,5.1826773312,17,5,12.208,0,0,0.3131716,0.60982285416,-0.223694,0.223694,0,42.6, 5.7, 0.9,,,0,0,1024,1024,1024,1024,0,0,0,0,42.6,0,0,96,4.069,4.071,4.074,0,0,0,2.205,78.62,-4.430538527604,-0.656168,10,Assisted_Takeoff,
21000,2026-05-22 08:25:18,51.9888032310667,4.39002696454706,-0.656168,,,-4.430538527604,0.984252,0.3131716,0.311083015204,5.2124017416,17,5,12.208,0,0,0.3131716,0.60982285416,-0.223694,0.223694,0,42.6, 5.8, 0.9,,,0,0,1024,1024,1024,1024,0,0,0,0,42.6,0,0,96,4.069,4.071,4.074,0,0,0,2.205,78.62,-4.430538527604,-0.656168,10,Assisted_Takeoff,
21100,2026-05-22 08:25:18,51.9888032884511,4.39002704859554,-0.656168,,,-4.430538527604,0.984252,0.3131716,0.305998041288,5.2405841572,17,5,12.208,0,0,0.3131716,0.60982285416,-0.223694,0.223694,0,42.7, 5.7, 0.9,,,0,0,1024,1024,1024,1024,0,0,0,0,42.6,0,0,96,4.069,4.071,4.074,0,0,0,2.205,78.62,-4.430538527604,-0.656168,10,Assisted_Takeoff,
21200,2026-05-22 08:25:18,51.9888032201772,4.39002714200547,-0.656168,,,-4.430538527604,0.984252,0.3131716,0.33856956464,5.2731628984,17,5,12.208,0,0,0.3131716,0.60982285416,-0.223694,0.223694,0,42.6, 5.7, 1,,,0,0,1024,1024,1320,1024,0,0,45,0,42.6,0,0,96,4.069,4.071,4.074,0,0,0,2.205,78.62,-4.430538527604,-0.656168,10,Assisted_Takeoff,
21300,2026-05-22 08:25:18,51.9888032816398,4.39002703672261,-0.656168,,,-4.430538527604,0.984252,0.3131716,0.306199484864,5.305774448,17,5,12.208,0,0,0.3131716,0.60982285416,-0.223694,0.223694,0,42.6, 5.7, 0.9,,,0,0,1024,1024,1024,1024,0,0,0,0,42.6,0,0,96,4.069,4.071,4.074,0,0,0,2.205,78.62,-4.430538527604,-0.656168,10,Assisted_Takeoff,
21400,2026-05-22 08:25:18,51.9888032128498,4.39002712668441,-0.656168,,,-4.430538527604,0.984252,0.3131716,0.33842192684,5.3379922968,17,5,12.208,0,0,0.3131716,0.60982285416,-0.223694,0.223694,0,42.6, 5.7, 0.9,,,0,0,1024,1024,1024,1024,0,0,0,0,42.6,0,0,96,4.069,4.071,4.074,0,0,0,2.205,78.62,-4.430538527604,-0.656168,10,Assisted_Takeoff,
21500,2026-05-22 08:25:18,51.9888034431468,4.39002702614129,-0.656168,,,-4.430538527604,0.984252,0.3131716,0.261633210472,5.4250001736,17,5,12.208,0,0,0.3131716,0.60982285416,-0.223694,0.223694,0,42.6, 5.7, 1,,,0,0,1024,1024,1024,1024,0,0,0,0,42.6,0,0,96,4.069,4.071,4.074,0,0,0,2.205,78.62,-4.430538527604,-0.656168,10,Assisted_Takeoff,
21600,2026-05-22 08:25:18,51.9888033880235,4.3900271162459,-0.656168,,,-4.430538527604,0.984252,0.3131716,0.290152240256,5.4535434816,17,5,12.208,0,0,0.3131716,0.60982285416,-0.223694,0.223694,0,42.6, 5.8, 1,,,0,0,1024,1024,1429,1024,0,0,61,0,42.6,0,0,96,4.069,4.071,4.074,0,0,0,2.205,78.62,-4.430538527604,-0.656168,10,Assisted_Takeoff,
21700,2026-05-22 08:25:18,51.9888034314355,4.39002701940001,-0.656168,,,-4.430538527604,0.984252,0.3131716,0.263451452,5.4804463696,17,5,12.208,0,0,0.3131716,0.60982285416,-0.223694,0.223694,0,42.6, 5.8, 1,,,0,0,1024,1024,1684,1024,0,0,100,0,42.6,0,0,96,4.069,4.071,4.074,0,0,0,2.205,78.62,-4.430538527604,-0.656168,10,Assisted_Takeoff,
21800,2026-05-22 08:25:18,51.9888033735822,4.3900271076372,-0.656168,,,-4.430538527604,0.984252,0.3131716,0.292369431928,5.5094161868,17,5,12.208,0,0,0.3131716,0.60982285416,-0.223694,0.223694,0,42.6, 5.8, 1,,,0,0,1024,1024,1684,1024,0,0,100,0,42.6,0,0,96,4.069,4.071,4.074,0,0,0,2.205,78.62,-4.430538527604,-0.656168,10,Assisted_Takeoff,
21900,2026-05-22 08:25:19,51.9888034219976,4.39002701155646,-0.656168,,,-4.430538527604,0.984252,0.3131716,0.26457678012,5.5373033268,17,5,12.203,0,0,0.3131716,0.60982285416,-0.223694,0.223694,0,42.6, 5.7, 1,,,0,0,1024,1024,1684,1024,0,0,100,0,42.6,0,0,96,4.051,4.056,4.063,0,0,0,2.363,78.62,-4.430538527604,-0.656168,10,Assisted_Takeoff,
22000,2026-05-22 08:25:19,51.9888033641727,4.39002709776255,-0.656168,,,-4.430538527604,0.984252,0.3131716,0.29318078366,5.56594506,17,5,12.203,0,0,0.3131716,0.60982285416,-0.223694,0.223694,0,42.7, 4.6, 1,,,0,0,1024,1024,1684,1024,0,0,100,0,42.6,0,0,96,4.051,4.056,4.063,0,0,0,2.363,78.62,-4.430538527604,-0.656168,10,Assisted_Takeoff,
22100,2026-05-22 08:25:19,51.9888034346286,4.39002700447695,-0.656168,,,-4.430538527604,0.984252,0.3131716,0.260224417776,5.5991143524,17,5,12.203,0,0,0.3131716,0.60982285416,-0.223694,0.223694,0,43.7, 0.6, 0.6,,,0,0,1024,1024,1684,1024,0,0,100,0,42.6,0,0,96,4.051,4.056,4.063,0,0,0,2.363,78.62,-4.430538527604,-0.656168,10,Assisted_Takeoff,
22200,2026-05-22 08:25:19,51.9888034327859,4.39002706252021,-0.656168,,,-4.430538527604,0.984252,0,0.270217200248,5.6121720956,17,5,12.203,0,0,0.3131716,0.60982285416,0,0,-0.223694,44.4, -3.7, 0,,,0,0,1024,1024,1684,1024,0,0,100,0,43,0,0,96,4.051,4.056,4.063,0,0,0,2.363,78.62,-4.430538527604,-0.656168,10,Assisted_Takeoff,
22300,2026-05-22 08:25:19,51.9888036261753,4.39002711137225,-0.328084,,,-4.102454527604,0.984252,0.223694,0.238620742544,5.683563174,18,5,12.203,0,0,0.3131716,0.60982285416,0,0.223694,-0.671082,44.1, -2.5, 0.1,,,0,0,1024,1024,1684,1024,0,0,100,0,43,0,0,96,4.051,4.056,4.063,0,0,0,2.363,78.62,-4.102454527604,-0.328084,6,P-GPS,
22400,2026-05-22 08:25:19,51.9888037828749,4.39002721140283,-0.328084,,,-4.102454527604,0.984252,0.223694,0.23991634626,5.7450133072,18,5,12.203,0,0,0.3131716,0.60982285416,0,0.223694,-1.342164,43.9, 0, -0.9,,,0,0,1024,1024,1024,1024,0,0,0,0,43,0,0,96,4.051,4.056,4.063,0,0,0,2.363,78.62,-4.102454527604,-0.328084,6,P-GPS,
22500,2026-05-22 08:25:19,51.9888041109549,4.39002704783428,0,,,-3.774370527604,0.984252,0.223694,0.207937014528,5.8702101616,18,5,12.203,0,0,0.3131716,0.60982285416,0.223694,0,-2.013246,43.8, 1.4, -0.8,,,0,0,1024,1024,1024,1024,0,0,0,0,43,0,0,96,4.051,4.056,4.063,0,0,0,2.363,78.62,-3.774370527604,0,6,P-GPS,
22600,2026-05-22 08:25:19,51.9888043894802,4.39002700511244,0,,,-3.774370527604,0.984252,0.447388,0.251643052672,5.972277094,18,5,12.203,0,0,0.447388,0.60982285416,0.447388,0,-2.460634,43.4, 1.9, 1,,,0,0,1024,1024,1024,1024,0,0,0,0,43,0,0,96,4.051,4.056,4.063,0,0,0,2.363,78.62,-3.774370527604,0,6,P-GPS,
22700,2026-05-22 08:25:19,51.9888047377088,4.3900265462828,0.328084,,,-3.446286527604,1.312336,0.447388,0.306708999316,6.1358925848,18,5,12.203,0,0.328084,0.447388,0.60982285416,0.447388,0,-2.460634,43.3, 2.1, 2.3,,,0,0,1024,1024,1024,1024,0,0,0,0,43,0,0,96,4.051,4.056,4.063,0,0,0,2.363,78.62,-3.446286527604,0.328084,6,P-GPS,"Home Point updated. RTH altitude adjusted to 97m (Code: 30213)"
22800,2026-05-22 08:25:19,51.9888050570862,4.39002635973669,0.656168,,,-3.118202527604,1.64042,0.447388,0.41357612872,6.2597442948,18,5,12.203,0,0.656168,0.447388,0.60982285416,0.447388,0,-2.013246,43.6, 2.4, 3.8,,,0,0,1024,1684,1024,1024,0,100,0,0,43,0,0,96,4.051,4.056,4.063,0,0,0,2.363,78.62,-3.118202527604,0.656168,6,P-GPS,
22900,2026-05-22 08:25:20,51.9888051663883,4.39002603856405,0.984252,,,-2.790118527604,1.968504,0.4921268,0.45223426644,6.342191804,18,5,12.022,0,0.984252,0.4921268,0.60982285416,0.447388,-0.223694,-1.565858,43.9, 2.3, 4.5,,,0,0,1024,1684,1024,1024,0,100,0,0,43,0,0,96,3.977,3.973,3.976,0,0,0,5.056,78.62,-2.790118527604,0.984252,6,P-GPS,
23000,2026-05-22 08:25:20,51.9888054734766,4.39002578698332,0.984252,,,-2.790118527604,1.968504,0.4921268,0.56985566128,6.467683934,18,5,12.022,0,0.984252,0.4921268,0.60982285416,0.447388,-0.223694,-0.894776,44.4, 1.8, 10.4,,,0,0,1024,1684,1024,1024,0,100,0,0,43,0,0,96,3.977,3.973,3.976,0,0,0,5.056,78.62,-2.790118527604,0.984252,6,P-GPS,
23100,2026-05-22 08:25:20,51.9888060195026,4.3900253610186,1.312336,,,-2.462034527604,1.968504,0.223694,0.78391078624,6.6886813164,18,5,12.022,0,1.312336,0.4921268,0.78391078624,0.223694,0,-0.447388,45.4, 1.4, 14.4,,,0,0,1024,1684,1024,1024,0,100,0,0,43,0,0,96,3.977,3.973,3.976,0,0,0,5.056,78.62,-2.462034527604,1.312336,6,P-GPS,
23200,2026-05-22 08:25:20,51.9888062445831,4.39002523350225,1.312336,,,-2.462034527604,2.296588,0,0.87048231132,6.7756563848,18,5,12.022,0,1.312336,0.4921268,0.87048231132,0,0,0,46, 1, 16.6,,,0,0,1024,1684,1024,1024,0,100,0,0,43,0,0,96,3.977,3.973,3.976,0,0,0,5.056,78.62,-2.462034527604,1.312336,6,P-GPS,
23300,2026-05-22 08:25:20,51.9888065960392,4.3900256082809,1.312336,,,-2.462034527604,2.296588,0.223694,0.9810367768,6.9290684632,18,5,12.022,0,1.312336,0.4921268,0.9810367768,0,0.223694,0,46.4, 0.2, 19.1,,,0,0,1024,1684,1024,1024,0,100,0,0,43,0,0,96,3.977,3.973,3.976,0,0,0,5.056,78.62,-2.462034527604,1.312336,6,P-GPS,
23400,2026-05-22 08:25:20,51.9888066010025,4.39002590077008,1.312336,,,-2.462034527604,2.296588,0.7158208,0.97656171104,6.9948164968,18,5,12.022,0,1.312336,0.7158208,0.9810367768,-0.223694,0.671082,0.223694,46.6, 0.3, 20.6,,,0,0,1024,1024,1024,1024,0,0,0,0,43,0,0,96,3.977,3.973,3.976,0,0,0,5.056,78.62,-2.462034527604,1.312336,6,P-GPS,
23500,2026-05-22 08:25:20,51.9888068121062,4.39002602457508,1.64042,,,-2.133950527604,2.296588,1.11847,1.05221131976,7.0767062632,18,5,12.022,0,1.64042,1.11847,1.05221131976,-0.671082,0.894776,0.223694,46.5, 0.7, 19.5,,,0,0,1024,1024,1024,1660,0,0,0,96,43,0,0,96,3.977,3.973,3.976,0,0,0,5.056,78.62,-2.133950527604,1.64042,6,P-GPS,
23600,2026-05-22 08:25:20,51.988806552237,4.39002680393714,1.64042,,,-2.133950527604,1.968504,1.6105968,0.96741472912,7.2758204428,18,5,12.022,0,1.64042,1.6105968,1.05221131976,-0.894776,1.342164,0,46.4, 1.4, 4.8,,,0,0,1024,1024,1024,1684,0,0,0,100,43.1,0,0,96,3.977,3.973,3.976,0,0,0,5.056,78.62,-2.133950527604,1.64042,6,P-GPS,
23700,2026-05-22 08:25:20,51.9888065942047,4.39002770964078,1.64042,,,-2.133950527604,2.296588,1.2974252,1.0318733926,7.4798886908,18,5,12.022,0,1.64042,1.6105968,1.05221131976,-0.671082,1.11847,0,47.4, 2.5, -1.1,,,0,0,1024,1024,1024,1684,0,0,0,100,44.3,0,0,96,3.977,3.973,3.976,0,0,0,5.056,78.62,-2.133950527604,1.64042,6,P-GPS,
23800,2026-05-22 08:25:20,51.9888064026606,4.39002836898898,1.64042,,,-2.133950527604,2.296588,1.006623,1.02867129276,7.643701032,18,5,12.022,0,1.64042,1.6105968,1.05221131976,-0.447388,0.894776,0,48.4, 3.1, -2.1,,,0,0,1024,1024,1024,1684,0,0,0,100,46.8,0,0,96,3.977,3.973,3.976,0,0,0,5.056,78.62,-2.133950527604,1.64042,6,P-GPS,
23900,2026-05-22 08:25:21,51.9888066472346,4.3900285315715,1.64042,,,-2.133950527604,2.296588,0.7158208,1.12453743756,7.7401249196,18,5,12.032,0,1.64042,1.6105968,1.12453743756,-0.223694,0.671082,0,51, 3.3, -1,,,0,0,1024,1024,1024,1684,0,0,0,100,49.9,0,0,96,3.996,3.995,3.998,0,0,0,6.408,78.62,-2.133950527604,1.64042,6,P-GPS,
24000,2026-05-22 08:25:21,51.9888066539591,4.39002880069894,1.64042,,,-2.133950527604,2.296588,0.223694,1.15640095564,7.8006236092,18,5,12.032,0,1.64042,1.6105968,1.15640095564,0,0.223694,0,53.5, 3, 0.4,,,0,0,1024,1024,1024,1684,0,0,0,100,53,0,0,96,3.996,3.995,3.998,0,0,0,6.408,78.62,-2.133950527604,1.64042,6,P-GPS,
24100,2026-05-22 08:25:21,51.9888066874703,4.39002827377548,1.64042,,,-2.133950527604,2.296588,0.223694,1.11166998308,7.9196524844,18,5,12.032,0,1.64042,1.6105968,1.15640095564,0,0.223694,0,56.7, 1.9, 1.4,,,0,0,1024,1024,1024,1684,0,0,0,100,56.2,0,0,96,3.996,3.995,3.998,0,0,0,6.408,78.62,-2.133950527604,1.64042,6,P-GPS,
24200,2026-05-22 08:25:21,51.9888068010441,4.39002828587075,1.968504,,,-1.805866527604,2.296588,0,1.15043310768,7.9611879188,18,5,12.032,0,1.968504,1.6105968,1.15640095564,0,0,0,60.2, 2.2, 3.2,,,0,0,1024,1024,1024,1684,0,0,0,100,59.4,0,0,96,3.996,3.995,3.998,0,0,0,6.408,78.62,-1.805866527604,1.968504,6,P-GPS,
24300,2026-05-22 08:25:21,51.9888069618847,4.39002843978194,1.968504,,,-1.805866527604,2.296588,0,1.21818245368,8.0292981572,18,5,12.032,0,1.968504,1.6105968,1.21818245368,0,0,0,63.7, 1.6, 3.5,,,0,0,1024,1024,1024,1684,0,0,0,100,62.6,0,0,96,3.996,3.995,3.998,0,0,0,6.408,78.62,-1.805866527604,1.968504,6,P-GPS,
24400,2026-05-22 08:25:21,51.988807127062,4.39002836234776,1.968504,,,-1.805866527604,1.968504,0,1.26629597228,8.092027818,18,5,12.032,0,1.968504,1.6105968,1.26629597228,0,0,0,67.1, 1.6, 3.3,,,0,0,1104,1024,1024,1684,12,0,0,100,65.8,0,0,96,3.996,3.995,3.998,0,0,0,6.408,78.62,-1.805866527604,1.968504,6,P-GPS,
24500,2026-05-22 08:25:21,51.9888071837627,4.39002819932525,1.968504,,,-1.805866527604,1.968504,0.223694,1.27179794096,8.1340881868,18,5,12.032,0,1.968504,1.6105968,1.27179794096,0.223694,0,0,70.5, 1.2, 3.8,,,0,0,1482,1030,1024,1684,69,1,0,100,69,0,0,96,3.996,3.995,3.998,0,0,0,6.408,78.62,-1.805866527604,1.968504,6,P-GPS,
24600,2026-05-22 08:25:21,51.9888074023112,4.39002795547074,1.968504,,,-1.805866527604,1.968504,0.223694,1.32899282468,8.2308401584,18,5,12.032,0,1.968504,1.6105968,1.32899282468,0.223694,0,0,73.3, -6.3, 3.9,,,0,0,1024,1024,1024,1684,0,0,0,100,72.2,0,0,96,3.996,3.995,3.998,0,0,0,6.408,78.62,-1.805866527604,1.968504,6,P-GPS,
24700,2026-05-22 08:25:21,51.9888077496455,4.39002776261323,1.968504,,,-1.805866527604,1.968504,0.447388,1.43893377308,8.3647640472,18,5,12.032,0,1.968504,1.6105968,1.43893377308,0.447388,0,0.223694,76.2, -11.8, 6,,,0,0,1024,1024,1024,1684,0,0,0,100,75.4,0,0,96,3.996,3.995,3.998,0,0,0,6.408,78.62,-1.805866527604,1.968504,6,P-GPS,
24800,2026-05-22 08:25:21,51.988808075402,4.39002776335323,1.968504,,,-1.805866527604,1.968504,0.671082,1.55437669016,8.4836288804,18,5,12.032,0,1.968504,1.6105968,1.55437669016,0.671082,0,0,79.3, -4.6, 7.2,,,0,0,1024,1024,1067,1684,0,0,7,100,78.6,0,0,96,3.996,3.995,3.998,0,0,0,6.408,78.62,-1.805866527604,1.968504,6,P-GPS,
24900,2026-05-22 08:25:21,51.9888085714741,4.39002796832235,1.64042,,,-2.133950527604,1.968504,0.671082,1.7411089796,8.6703742932,18,5,12.001,0,1.968504,1.6105968,1.7411089796,0.447388,0,0,83, -0.9, 7.3,,,0,0,1024,1024,1214,1684,0,0,29,100,81.8,0,0,96,4,3.999,4.003,0,0,0,6.911,78.62,-2.133950527604,1.64042,6,P-GPS,
25000,2026-05-22 08:25:22,51.9888088639611,4.39002805605999,1.64042,,,-2.133950527604,1.968504,0.447388,1.84949480984,8.7789044804,18,5,12.001,0,1.968504,1.6105968,1.84949480984,0.447388,0,0,86.7, -0.3, 6.5,,,0,0,1024,1024,1214,1684,0,0,29,100,85,0,0,96,4,3.999,4.003,0,0,0,6.911,78.62,-2.133950527604,1.64042,6,P-GPS,
25100,2026-05-22 08:25:22,51.9888091937267,4.39002790794815,1.64042,,,-2.133950527604,1.968504,0.447388,1.95990491836,8.903707634,18,5,12.001,0,1.968504,1.6105968,1.95990491836,0.447388,0,0,89.5, -0.5, 5.7,,,0,0,1024,1024,1361,1684,0,0,51,100,88.2,0,0,96,4,3.999,4.003,0,0,0,6.911,78.62,-2.133950527604,1.64042,6,P-GPS,
25200,2026-05-22 08:25:22,51.9888094322657,4.39002786767174,1.968504,,,-1.805866527604,1.968504,0.447388,2.04355649584,8.9912076368,18,5,12.001,0,1.968504,1.6105968,2.04355649584,0.223694,0,-0.894776,92.5, -1.6, 4.5,,,0,0,1024,1024,1454,1684,0,0,65,100,91.4,0,0,96,4,3.999,4.003,0,0,0,6.911,78.62,-1.805866527604,1.968504,6,P-GPS,
25300,2026-05-22 08:25:22,51.988809928665,4.39002732878214,1.968504,,,-1.805866527604,1.968504,0.223694,2.20419298392,9.2090882212,18,5,12.001,0,1.968504,1.6105968,2.20419298392,0.223694,0,-1.789552,95.2, -2, 3.8,,,0,0,1024,1024,1174,1684,0,0,23,100,94.6,0,0,96,4,3.999,4.003,0,0,0,6.911,78.62,-1.805866527604,1.968504,6,P-GPS,
25400,2026-05-22 08:25:22,51.9888101631943,4.39002719016708,2.296588,,,-1.477782527604,1.968504,0.223694,2.28585309152,9.3001315312,18,5,12.001,0,2.296588,1.6105968,2.28585309152,0.223694,0,-2.908022,98.4, -2.4, 5,,,0,0,1024,1024,1024,1684,0,0,0,100,97.8,0,0,96,4,3.999,4.003,0,0,0,6.911,78.62,-1.477782527604,2.296588,6,P-GPS,
25500,2026-05-22 08:25:22,51.9888105169729,4.39002708478855,2.952756,,,-0.821614527604,2.296588,0.3131716,2.41218183572,9.4313651312,18,5,12.001,0,2.952756,1.6105968,2.41218183572,0.223694,-0.223694,-2.908022,101.5, -4.3, 6.5,,,0,0,1024,1024,1024,1684,0,0,0,100,101,0,0,96,4,3.999,4.003,0,0,0,6.911,78.62,-0.821614527604,2.952756,6,P-GPS,
25600,2026-05-22 08:25:22,51.9888107387032,4.39002688724553,3.28084,,,-0.493530527604,2.624672,0.3131716,2.48953091956,9.5236551604,18,5,12.001,0,3.28084,1.6105968,2.48953091956,0.223694,-0.223694,-2.013246,104.6, -5.3, 6.9,,,0,0,1024,1024,1024,1386,0,0,0,55,104.2,0,0,96,4,3.999,4.003,0,0,0,6.911,78.62,-0.493530527604,3.28084,6,P-GPS,
25700,2026-05-22 08:25:22,51.9888109330109,4.39002675237585,3.608924,,,-0.165446527604,2.624672,0.3131716,2.55855323148,9.6007549004,18,5,12.001,0,3.608924,1.6105968,2.55855323148,0.223694,-0.223694,-1.342164,107.5, -5.8, 6.2,,,0,0,1024,1024,1024,1684,0,0,0,100,107.3,0,0,96,4,3.999,4.003,0,0,0,6.911,78.62,-0.165446527604,3.608924,6,P-GPS,
25800,2026-05-22 08:25:22,51.9888111195583,4.39002653014071,3.608924,,,-0.165446527604,2.952756,0.3131716,2.62451780052,9.6851381052,18,5,12.001,0,3.608924,1.6105968,2.62451780052,0.223694,-0.223694,-0.671082,110.5, -6.1, 5.2,,,0,0,1024,1024,1024,1684,0,0,0,100,110.2,0,0,96,4,3.999,4.003,0,0,0,6.911,78.62,-0.165446527604,3.608924,6,P-GPS,
25900,2026-05-22 08:25:22,51.9888114069336,4.39002691482161,3.608924,,,-0.165446527604,2.952756,0.223694,2.73324155728,9.821030498,18,5,11.857,0,3.608924,1.6105968,2.73324155728,0,-0.223694,-0.223694,113.3, -7.3, 4.6,,,0,0,1024,1024,1024,1684,0,0,0,100,113.2,0,0,96,4.009,4.022,4.026,0,0,0,8.56,78.8,-0.165446527604,3.608924,6,P-GPS,
26000,2026-05-22 08:25:23,51.9888115546463,4.390026784481,3.937008,,,0.162637472396,2.952756,0,2.78543316,9.882382206,18,5,11.857,0.162637472396,3.937008,1.6105968,2.78543316,0,0,0,116.3, -7.6, 3.9,,,0,0,1024,1024,1024,1684,0,0,0,100,116.3,0,0,96,4.009,4.022,4.026,0,0,0,8.56,78.8,0.162637472396,3.937008,6,P-GPS,
26100,2026-05-22 08:25:23,51.9888120080985,4.39002654799066,3.937008,,,0.162637472396,3.28084,0,2.94867463504,10.0561354924,18,5,11.857,0.162637472396,3.937008,1.6105968,2.94867463504,0,0,0,119.6, -7, 3.7,,,0,0,1024,1024,1024,1684,0,0,0,100,119.5,0,0,96,4.009,4.022,4.026,0,0,0,8.56,78.8,0.162637472396,3.937008,6,P-GPS,
26200,2026-05-22 08:25:23,51.9888121376424,4.39002650812287,3.937008,,,0.162637472396,3.608924,0,2.99567922972,10.1042326068,18,5,11.857,0.162637472396,3.937008,1.6105968,2.99567922972,0,0,0,122.8, -6.2, 3.6,,,0,0,1024,1024,1024,1684,0,0,0,100,122.7,0,0,96,4.009,4.022,4.026,0,0,0,8.56,78.8,0.162637472396,3.937008,6,P-GPS,
26300,2026-05-22 08:25:23,51.9888122277723,4.39002666576027,3.937008,,,0.162637472396,3.608924,0,3.02964904708,10.15255938,18,5,11.857,0.162637472396,3.937008,1.6105968,3.02964904708,0,0,0,126.1, -5.6, 3.5,,,0,0,1024,1024,1024,1684,0,0,0,100,125.9,0,0,96,4.009,4.022,4.026,0,0,0,8.56,78.8,0.162637472396,3.937008,6,P-GPS,"Manned aircraft detected nearby. Fly with caution (Code: 30179)"
26400,2026-05-22 08:25:23,51.988812319338,4.39002669756364,3.937008,,,0.162637472396,3.937008,0,3.06330062296,10.1867457328,18,5,11.857,0.162637472396,3.937008,1.6105968,3.06330062296,0,0,0,129.4, -5.4, 3.2,,,0,0,1024,1024,1024,1684,0,0,0,100,129.1,0,0,96,4.009,4.022,4.026,0,0,0,8.56,78.8,0.162637472396,3.937008,6,P-GPS,"Manned Aircraft Nearby"
26500,2026-05-22 08:25:23,51.9888125384908,4.39002687709797,3.937008,,,0.162637472396,3.937008,0,3.14497713476,10.2762798564,18,5,11.857,0.162637472396,3.937008,1.6105968,3.14497713476,0,0,0,132.6, -5.1, 3.6,,,0,0,1024,1024,1024,1684,0,0,0,100,132.3,0,0,96,4.009,4.022,4.026,0,0,0,8.56,78.8,0.162637472396,3.937008,6,P-GPS,
26600,2026-05-22 08:25:23,51.988812611564,4.39002694282506,3.937008,,,0.162637472396,3.937008,0,3.17237871044,10.30675886,18,5,11.857,0.162637472396,3.937008,1.6105968,3.17237871044,0,0,0,135.7, -5.3, 3.5,,,0,0,1024,1024,1024,1684,0,0,0,100,135.5,0,0,96,4.009,4.022,4.026,0,0,0,8.56,78.8,0.162637472396,3.937008,6,P-GPS,
26700,2026-05-22 08:25:23,51.9888125815093,4.3900269748794,3.937008,,,0.162637472396,3.937008,0,3.16183409068,10.31988222,18,5,11.857,0.162637472396,3.937008,1.6105968,3.17237871044,0,0,0,139, -5.6, 2.9,,,0,0,1024,1024,1024,1684,0,0,0,100,138.7,0,0,96,4.009,4.022,4.026,0,0,0,8.56,78.8,0.162637472396,3.937008,6,P-GPS,
26800,2026-05-22 08:25:23,51.9888126109071,4.39002704340972,3.937008,,,0.162637472396,3.937008,0,3.1734581068,10.3386486248,18,5,11.857,0.162637472396,3.937008,1.6105968,3.1734581068,0,0,0,142.2, -4.9, 3,,,0,0,1024,1024,1024,1684,0,0,0,100,141.9,0,0,96,4.009,4.022,4.026,0,0,0,8.56,78.8,0.162637472396,3.937008,6,P-GPS,
26900,2026-05-22 08:25:23,51.9888127020285,4.39002705679695,3.937008,,,0.162637472396,3.937008,0,3.2068242496,10.3720147676,18,5,12.011,0.162637472396,3.937008,1.6105968,3.2068242496,0,0,0,145.4, -4.5, 2.4,,,0,0,1024,1024,1024,1684,0,0,0,100,145.1,0,0,96,4.003,4.001,4.007,0,0,0,5.256,78.8,0.162637472396,3.937008,6,P-GPS,
27000,2026-05-22 08:25:24,51.9888127195149,4.39002708665306,3.937008,,,0.162637472396,3.608924,0,3.2136155884,10.3812995448,18,5,12.011,0.162637472396,3.937008,1.6105968,3.2136155884,0,0,0,148.6, -4.3, 2.5,,,0,0,1024,1024,1024,1024,0,0,0,0,148.3,0,0,96,4.003,4.001,4.007,0,0,0,5.256,78.8,0.162637472396,3.937008,6,P-GPS,
27100,2026-05-22 08:25:24,51.9888125596066,4.39002746717892,3.937008,,,0.162637472396,3.608924,0,3.1621228046,10.4848100468,18,5,12.011,0.162637472396,3.937008,1.6105968,3.2136155884,0,0,0,151.1, -4.6, 1.9,,,0,0,1024,1024,1024,1024,0,0,0,0,151.2,0,0,96,4.003,4.001,4.007,0,0,0,5.256,78.8,0.162637472396,3.937008,6,P-GPS,
27200,2026-05-22 08:25:24,51.9888125743164,4.39002745852522,3.937008,,,0.162637472396,3.608924,0,3.1672901276,10.4905187084,18,5,12.011,0.162637472396,3.937008,1.6105968,3.2136155884,0,0,0,153.1, -5.1, 1.4,,,0,0,1024,1024,1024,1024,0,0,0,0,152.7,0,0,96,4.003,4.001,4.007,0,0,0,5.256,78.8,0.162637472396,3.937008,6,P-GPS,
27300,2026-05-22 08:25:24,51.9888124013621,4.39002772738682,3.608924,,,-0.165446527604,3.28084,0,3.11066939088,10.5778546692,18,5,12.011,0.162637472396,3.937008,1.6105968,3.2136155884,0,0,0.223694,154.5, -5.4, 1,,,0,0,1024,1024,1024,1024,0,0,0,0,153.3,0,0,96,4.003,4.001,4.007,0,0,0,5.256,78.8,-0.165446527604,3.608924,6,P-GPS,
27400,2026-05-22 08:25:24,51.9888123993106,4.39002773809195,3.608924,,,-0.165446527604,3.28084,0.223694,3.11019694992,10.580380916,18,5,12.011,0.162637472396,3.937008,1.6105968,3.2136155884,-0.223694,0,0.223694,155, -4.3, 1.6,,,0,0,1024,1024,1024,1024,0,0,0,0,153.3,0,0,96,4.003,4.001,4.007,0,0,0,5.256,78.8,-0.165446527604,3.608924,6,P-GPS,
27500,2026-05-22 08:25:24,51.9888121302995,4.39002808012354,3.608924,,,-0.165446527604,3.28084,0.223694,3.02264773452,10.7050200276,18,5,12.011,0.162637472396,3.937008,1.6105968,3.2136155884,-0.223694,0,0,154.9, -3, 2.2,,,0,0,1024,1024,1024,1024,0,0,0,0,153.3,0,0,96,4.003,4.001,4.007,0,0,0,5.256,78.8,-0.165446527604,3.608924,6,P-GPS,
27600,2026-05-22 08:25:24,51.9888121062325,4.39002806061993,3.608924,,,-0.165446527604,3.28084,0.223694,3.01333342976,10.7148297392,18,5,12.011,0.162637472396,3.937008,1.6105968,3.2136155884,-0.223694,0,0,154.8, -2.9, 2.1,,,0,0,1024,1024,1024,1024,0,0,0,0,153.3,0,0,96,4.003,4.001,4.007,0,0,0,5.256,78.8,-0.165446527604,3.608924,6,P-GPS,
27700,2026-05-22 08:25:24,51.9888118460169,4.39002838766345,3.28084,,,-0.493530527604,3.28084,0.223694,2.93096466072,10.8349084832,18,5,12.011,0.162637472396,3.937008,1.6105968,3.2136155884,-0.223694,0,0,154.7, -3.5, 0.9,,,0,0,1024,1024,1024,1024,0,0,0,0,153.3,0,0,96,4.003,4.001,4.007,0,0,0,5.256,78.8,-0.493530527604,3.28084,6,P-GPS,
27800,2026-05-22 08:25:24,51.9888118170252,4.39002828936662,3.28084,,,-0.493530527604,3.28084,0.223694,2.91685704872,10.8593835496,18,5,12.011,0.162637472396,3.937008,1.6105968,3.2136155884,-0.223694,0,0,154.4, -3.6, -0.6,,,0,0,1024,1024,1024,1024,0,0,0,0,153.1,0,0,96,4.003,4.001,4.007,0,0,0,5.256,78.8,-0.493530527604,3.28084,6,P-GPS,
27900,2026-05-22 08:25:24,51.9888116152309,4.39002834883608,3.28084,,,-0.493530527604,2.952756,0.223694,2.84650927744,10.93421951,18,5,12.005,0.162637472396,3.937008,1.6105968,3.2136155884,-0.223694,0,0,154.3, -3.4, -0.6,,,0,0,1024,1024,1024,1024,0,0,0,0,152.6,0,0,96,3.996,3.994,3.999,0,0,0,6.095,78.8,-0.493530527604,3.28084,6,P-GPS,
28000,2026-05-22 08:25:25,51.98881161112,4.39002830228579,3.28084,,,-0.493530527604,2.952756,0,2.84325140332,10.9447838148,18,5,12.005,0.162637472396,3.937008,1.6105968,3.2136155884,0,0,0,153.9, -3.1, 0.4,,,0,0,1024,1024,1024,1024,0,0,0,0,152.3,0,0,96,3.996,3.994,3.999,0,0,0,6.095,78.8,-0.493530527604,3.28084,6,P-GPS,
28100,2026-05-22 08:25:25,51.9888113171745,4.39002870082778,3.28084,,,-0.493530527604,2.952756,0,2.754675285,11.084481982,18,5,12.005,0.162637472396,3.937008,1.6105968,3.2136155884,0,0,0,153.7, -3, 0.7,,,0,0,1024,1024,1024,1024,0,0,0,0,152.1,0,0,96,3.996,3.994,3.999,0,0,0,6.095,78.8,-0.493530527604,3.28084,6,P-GPS,
28200,2026-05-22 08:25:25,51.988811330192,4.39002869377197,3.28084,,,-0.493530527604,3.28084,0,2.75899943212,11.0895016672,18,5,12.005,0.162637472396,3.937008,1.6105968,3.2136155884,0,0,0,153.5, -3.1, 0.9,,,0,0,1024,1024,1024,1024,0,0,0,0,152,0,0,96,3.996,3.994,3.999,0,0,0,6.095,78.8,-0.493530527604,3.28084,6,P-GPS,
28300,2026-05-22 08:25:25,51.9888112392813,4.39002863885554,3.28084,,,-0.493530527604,3.28084,0,2.72400599268,11.1249019308,18,5,12.005,0.162637472396,3.937008,1.6105968,3.2136155884,0,0,0,153.4, -3.6, 1.1,,,0,0,1024,1024,1024,1024,0,0,0,0,152,0,0,96,3.996,3.994,3.999,0,0,0,6.095,78.8,-0.493530527604,3.28084,6,P-GPS,
28400,2026-05-22 08:25:25,51.9888112870115,4.3900285955136,3.28084,,,-0.493530527604,3.28084,0,2.73910441836,11.144849438,18,5,12.005,0.162637472396,3.937008,1.6105968,3.2136155884,0,0,-0.223694,153.4, -4, 1.3,,,0,0,1024,1024,1024,1024,0,0,0,0,152,0,0,96,3.996,3.994,3.999,0,0,0,6.095,78.8,-0.493530527604,3.28084,6,P-GPS,
28500,2026-05-22 08:25:25,51.9888111383951,4.39002874436032,3.608924,,,-0.165446527604,3.608924,0,2.69296924628,11.2085633508,18,5,12.005,0.162637472396,3.937008,1.6105968,3.2136155884,0,0,-0.223694,153.3, -4.6, 1.1,,,0,0,1024,1024,1024,1024,0,0,0,0,152,0,0,96,3.996,3.994,3.999,0,0,0,6.095,78.8,-0.165446527604,3.608924,6,P-GPS,
28600,2026-05-22 08:25:25,51.9888111930919,4.39002869363392,3.608924,,,-0.165446527604,3.608924,0,2.710055861,11.2315292308,18,5,12.005,0.162637472396,3.937008,1.6105968,3.2136155884,0,0,-0.223694,153.4, -4.9, 1.3,,,0,0,1024,1024,1024,1024,0,0,0,0,152,0,0,96,3.996,3.994,3.999,0,0,0,6.095,78.8,-0.165446527604,3.608924,6,P-GPS,
28700,2026-05-22 08:25:25,51.9888112857444,4.3900287837057,3.937008,,,0.162637472396,3.608924,0,2.747375416,11.2709321192,18,5,12.005,0.162637472396,3.937008,1.6105968,3.2136155884,0,0,-0.223694,153.4, -4.8, 1.5,,,0,0,1024,1024,1024,1024,0,0,0,0,152,0,0,96,3.996,3.994,3.999,0,0,0,6.095,78.8,0.162637472396,3.937008,6,P-GPS,
28800,2026-05-22 08:25:25,51.9888113493469,4.39002873429264,3.937008,,,0.162637472396,3.937008,0,2.76771990484,11.2966539048,18,5,12.005,0.162637472396,3.937008,1.6105968,3.2136155884,0,0,-0.223694,153.4, -4.9, 1.4,,,0,0,1024,1024,1024,1024,0,0,0,0,152,0,0,96,3.996,3.994,3.999,0,0,0,6.095,78.8,0.162637472396,3.937008,6,P-GPS,
28900,2026-05-22 08:25:26,51.9888114677963,4.39002905968306,3.937008,,,0.162637472396,3.937008,0,2.82589575972,11.3815948524,18,5,11.987,0.162637472396,3.937008,1.6105968,3.2136155884,0,0,-0.223694,153.4, -4.9, 1.5,,,0,0,1024,1024,1024,1024,0,0,0,0,152,0,0,96,3.996,3.994,4.001,0,0,0,6.389,78.8,0.162637472396,3.937008,6,P-GPS,
29000,2026-05-22 08:25:26,51.988811538991,4.39002903484038,3.937008,,,0.162637472396,3.937008,0,2.8499180702,11.408136848,18,5,11.987,0.162637472396,3.937008,1.6105968,3.2136155884,0,0,0,153.4, -4.8, 1.4,,,0,0,1024,1024,1024,1024,0,0,0,0,152,0,0,96,3.996,3.994,4.001,0,0,0,6.389,78.8,0.162637472396,3.937008,6,P-GPS,
29100,2026-05-22 08:25:26,51.9888115690093,4.39002904167882,3.937008,,,0.162637472396,3.937008,0,2.86093185008,11.4191932788,18,5,11.987,0.162637472396,3.937008,1.6105968,3.2136155884,0,0,0,153.3, -4.7, 1.2,,,0,0,1024,1024,1024,1024,0,0,0,0,152,0,0,96,3.996,3.994,4.001,0,0,0,6.389,78.8,0.162637472396,3.937008,6,P-GPS,
29200,2026-05-22 08:25:26,51.9888116324928,4.39002902941072,4.265092,,,0.490721472396,3.937008,0,2.88288723136,11.4425200512,18,5,11.987,0.490721472396,4.265092,1.6105968,3.2136155884,0,0,0,153.3, -4.4, 1.5,,,0,0,1024,1024,1024,1024,0,0,0,0,152,0,0,96,3.996,3.994,4.001,0,0,0,6.389,78.8,0.490721472396,4.265092,6,P-GPS,
29300,2026-05-22 08:25:26,51.9888116443946,4.39002890877006,4.265092,,,0.490721472396,3.937008,0,2.88121072212,11.469980682,18,5,11.987,0.490721472396,4.265092,1.6105968,3.2136155884,0,0,0,153.4, -4.4, 2.1,,,0,0,1024,1024,1024,1024,0,0,0,0,152,0,0,96,3.996,3.994,4.001,0,0,0,6.389,78.8,0.490721472396,4.265092,6,P-GPS,
29400,2026-05-22 08:25:26,51.9888117050371,4.39002888419862,4.265092,,,0.490721472396,3.937008,0,2.90166675952,11.49278252,18,5,11.987,0.490721472396,4.265092,1.6105968,3.2136155884,0,0,0,153.4, -4.6, 2.2,,,0,0,1024,1024,1024,1024,0,0,0,0,152,0,0,96,3.996,3.994,4.001,0,0,0,6.389,78.8,0.490721472396,4.265092,6,P-GPS,
29500,2026-05-22 08:25:26,51.9888118929647,4.39002894392281,3.937008,,,0.162637472396,3.937008,0,2.97151912396,11.562664412,18,5,11.987,0.490721472396,4.265092,1.6105968,3.2136155884,0,0,0,153.4, -4.9, 2.2,,,0,0,1024,1024,1024,1024,0,0,0,0,152,0,0,96,3.996,3.994,4.001,0,0,0,6.389,78.8,0.162637472396,3.937008,6,P-GPS,
29600,2026-05-22 08:25:26,51.9888119612186,4.39002890873418,3.937008,,,0.162637472396,3.937008,0,2.99423894096,11.5887798984,18,5,11.987,0.490721472396,4.265092,1.6105968,3.2136155884,0,0,0,153.4, -4.9, 2.2,,,0,0,1024,1024,1024,1024,0,0,0,0,152,0,0,96,3.996,3.994,4.001,0,0,0,6.389,78.8,0.162637472396,3.937008,6,P-GPS,
29700,2026-05-22 08:25:26,51.9888119589396,4.39002908428214,3.937008,,,0.162637472396,3.937008,0,3.00177831128,11.6282155952,18,5,11.987,0.490721472396,4.265092,1.6105968,3.2136155884,0,0,0,153.5, -4.4, 2.4,,,0,0,1024,1024,1024,1024,0,0,0,0,152,0,0,96,3.996,3.994,4.001,0,0,0,6.389,78.8,0.162637472396,3.937008,6,P-GPS,
29800,2026-05-22 08:25:26,51.9888120101532,4.39002906470737,3.937008,,,0.162637472396,3.937008,0,3.01906833808,11.6474413176,18,5,11.987,0.490721472396,4.265092,1.6105968,3.2136155884,0,0,0,153.4, -4.2, 2.8,,,0,0,1024,1024,1024,1024,0,0,0,0,152,0,0,96,3.996,3.994,4.001,0,0,0,6.389,78.8,0.162637472396,3.937008,6,P-GPS,
29900,2026-05-22 08:25:27,51.9888120093656,4.39002903383613,3.937008,,,0.162637472396,3.937008,0,3.01729996532,11.65436389,18,5,11.999,0.490721472396,4.265092,1.6105968,3.2136155884,0,0,0,153.4, -4.6, 2.7,,,0,0,1024,1024,1024,1024,0,0,0,0,152,0,0,96,3.998,3.995,4.001,0,0,0,6.037,78.8,0.162637472396,3.937008,6,P-GPS,
30000,2026-05-22 08:25:27,51.9888120497574,4.39002897773069,3.937008,,,0.162637472396,3.937008,0,3.02904865336,11.6737536544,18,5,11.999,0.490721472396,4.265092,1.6105968,3.2136155884,0,0,0,153.3, -4.5, 2.2,,,0,0,1024,1024,1024,1024,0,0,0,0,152,0,0,96,3.998,3.995,4.001,0,0,0,6.037,78.8,0.162637472396,3.937008,6,P-GPS,
30100,2026-05-22 08:25:27,51.9888118912531,4.3900289601742,3.937008,,,0.162637472396,3.937008,0,2.97167660428,11.7317260972,18,5,11.999,0.490721472396,4.265092,1.6105968,3.2136155884,0,0,0,153.4, -4.3, 2.2,,,0,0,1024,1024,1024,1024,0,0,0,0,152,0,0,96,3.998,3.995,4.001,0,0,0,6.037,78.8,0.162637472396,3.937008,6,P-GPS,
30200,2026-05-22 08:25:27,51.9888119002419,4.39002888588691,3.937008,,,0.162637472396,3.937008,0,2.97141085624,11.7487208484,18,5,11.999,0.490721472396,4.265092,1.6105968,3.2136155884,0,0,0,153.4, -4, 2.1,,,0,0,1024,1024,1024,1024,0,0,0,0,152,0,0,96,3.998,3.995,4.001,0,0,0,6.037,78.8,0.162637472396,3.937008,6,P-GPS,
30300,2026-05-22 08:25:27,51.9888119604634,4.39002885161296,3.937008,,,0.162637472396,3.608924,0,2.99135836344,11.7720148124,18,5,11.999,0.490721472396,4.265092,1.6105968,3.2136155884,0,0,0,153.3, -3.9, 1.8,,,0,0,1024,1024,1024,1024,0,0,0,0,152,0,0,96,3.998,3.995,4.001,0,0,0,6.037,78.8,0.162637472396,3.937008,6,P-GPS,
30400,2026-05-22 08:25:27,51.9888119715655,4.39002875253295,3.937008,,,0.162637472396,3.608924,0,2.9909285734,11.7946526084,18,5,11.999,0.490721472396,4.265092,1.6105968,3.2136155884,0,0,0,153.3, -3.9, 1.8,,,0,0,1024,1024,1024,1024,0,0,0,0,152,0,0,96,3.998,3.995,4.001,0,0,0,6.037,78.8,0.162637472396,3.937008,6,P-GPS,
30500,2026-05-22 08:25:27,51.9888120541551,4.39002879005374,3.937008,,,0.162637472396,3.608924,0,3.02212608096,11.8259190136,18,5,11.999,0.490721472396,4.265092,1.6105968,3.2136155884,0,0,0,153.5, -3.9, 1.6,,,0,0,1024,1024,1024,1024,0,0,0,0,152,0,0,96,3.998,3.995,4.001,0,0,0,6.037,78.8,0.162637472396,3.937008,6,P-GPS,
30600,2026-05-22 08:25:27,51.9888120747547,4.39002869769458,3.937008,,,0.162637472396,3.608924,0,3.02553487372,11.8479990668,18,5,11.999,0.490721472396,4.265092,1.6105968,3.2136155884,0,0,0,153.6, -3.7, 2.1,,,0,0,1024,1024,1024,1024,0,0,0,0,152,0,0,96,3.998,3.995,4.001,0,0,0,6.037,78.8,0.162637472396,3.937008,6,P-GPS,
30700,2026-05-22 08:25:27,51.988812195917,4.39002865069454,3.608924,,,-0.165446527604,3.608924,0,3.06703093804,11.8934715092,18,5,11.999,0.490721472396,4.265092,1.6105968,3.2136155884,0,0,0,153.5, -3.8, 2.4,,,0,0,1024,1024,1024,1024,0,0,0,0,152,0,0,96,3.998,3.995,4.001,0,0,0,6.037,78.8,-0.165446527604,3.608924,6,P-GPS,
30800,2026-05-22 08:25:27,51.9888122248963,4.39002857140232,3.608924,,,-0.165446527604,3.28084,0,3.07425206688,11.9141736096,18,5,11.999,0.490721472396,4.265092,1.6105968,3.2136155884,0,0,0,153.4, -3.7, 2.4,,,0,0,1024,1024,1024,1024,0,0,0,0,152,0,0,96,3.998,3.995,4.001,0,0,0,6.037,78.8,-0.165446527604,3.608924,6,P-GPS,
30900,2026-05-22 08:25:28,51.9888123346475,4.39002876074171,3.608924,,,-0.165446527604,3.28084,0,3.12133212088,11.97260537,18,5,11.988,0.490721472396,4.265092,1.6105968,3.2136155884,0,0,0,153.6, -3.4, 2.5,,,0,0,1024,1024,1024,1024,0,0,0,0,152,0,0,96,3.997,3.995,3.999,0,0,0,6.199,78.8,-0.165446527604,3.608924,6,P-GPS,
31000,2026-05-22 08:25:28,51.9888123647356,4.39002869652275,3.608924,,,-0.165446527604,3.608924,0,3.12946860408,11.9907156068,18,5,11.988,0.490721472396,4.265092,1.6105968,3.2136155884,0,0,0,153.5, -3.2, 2.8,,,0,0,1024,1024,1024,1024,0,0,0,0,152,0,0,96,3.997,3.995,3.999,0,0,0,6.199,78.8,-0.165446527604,3.608924,6,P-GPS,
31100,2026-05-22 08:25:28,51.9888122809814,4.39002867725141,3.608924,,,-0.165446527604,3.608924,0,3.09863198892,12.0215883112,18,5,11.988,0.490721472396,4.265092,1.6105968,3.2136155884,0,0,0,153.5, -3.3, 2.6,,,0,0,1024,1024,1024,1024,0,0,0,0,152,0,0,96,3.997,3.995,3.999,0,0,0,6.199,78.8,-0.165446527604,3.608924,31,Sport,
31200,2026-05-22 08:25:28,51.988812308929,4.39002856928338,3.608924,,,-0.165446527604,3.608924,0,3.10435705472,12.047900648,18,5,11.988,0.490721472396,4.265092,1.6105968,3.2136155884,0,0,0,153.4, -3.6, 2.1,,,0,0,1024,1024,1024,1024,0,0,0,0,152,0,0,96,3.997,3.995,3.999,0,0,0,6.199,78.8,-0.165446527604,3.608924,31,Sport,
31300,2026-05-22 08:25:28,51.9888122543874,4.39002860968669,3.608924,,,-0.165446527604,3.608924,0,3.08636164732,12.0697838508,18,5,11.988,0.490721472396,4.265092,1.6105968,3.2136155884,0,0,0,153.4, -3.9, 1.8,,,0,0,1024,1024,1608,1024,0,0,88,0,152,0,0,96,3.997,3.995,3.999,0,0,0,6.199,78.8,-0.165446527604,3.608924,31,Sport,
31400,2026-05-22 08:25:28,51.9888122861493,4.39002848953532,3.608924,,,-0.165446527604,3.608924,0,3.09310377352,12.0991473688,18,5,11.988,0.490721472396,4.265092,1.6105968,3.2136155884,0,0,0,153.4, -4.1, 1.7,,,0,0,1024,1024,1684,1024,0,0,100,0,152,0,0,96,3.997,3.995,3.999,0,0,0,6.199,78.8,-0.165446527604,3.608924,31,Sport,
31500,2026-05-22 08:25:28,51.9888122748135,4.39002836414122,3.608924,,,-0.165446527604,3.608924,0,3.084399705,12.12762506,18,5,11.988,0.490721472396,4.265092,1.6105968,3.2136155884,0,0,-0.447388,153.4, -4.1, 0.9,,,0,0,1024,1024,1684,1024,0,0,100,0,152,0,0,96,3.997,3.995,3.999,0,0,0,6.199,78.8,-0.165446527604,3.608924,31,Sport,
31600,2026-05-22 08:25:28,51.9888123042147,4.39002826084883,3.937008,,,0.162637472396,3.608924,0,3.09137805168,12.1531828036,18,5,11.988,0.490721472396,4.265092,1.6105968,3.2136155884,0,0,-1.565858,153.3, -4, 1,,,0,0,1024,1024,1684,1024,0,0,100,0,152,0,0,96,3.997,3.995,3.999,0,0,0,6.199,78.8,0.162637472396,3.937008,31,Sport,
31700,2026-05-22 08:25:28,51.9888124321691,4.39002848860501,4.265092,,,0.490721472396,3.937008,0,3.14559721352,12.2224741444,18,5,11.988,0.490721472396,4.265092,1.6105968,3.2136155884,0,0,-2.684328,153.2, -4.3, 1.6,,,0,0,1024,1024,1024,1024,0,0,0,0,152,0,0,96,3.997,3.995,3.999,0,0,0,6.199,78.8,0.490721472396,4.265092,31,Sport,
31800,2026-05-22 08:25:28,51.9888124511476,4.39002845847826,4.593176,,,0.818805472396,4.593176,0,3.1513124368,12.2321526224,18,5,11.988,0.818805472396,4.593176,1.6105968,3.2136155884,0,0,-3.579104,153.3, -4.6, 2.2,,,0,0,1024,1024,1024,1024,0,0,0,0,152,0,0,96,3.997,3.995,3.999,0,0,0,6.199,78.8,0.818805472396,4.593176,31,Sport,
31900,2026-05-22 08:25:28,51.9888123471155,4.39002840413916,5.249344,,,1.474973472396,4.92126,0,3.11188002084,12.2720148284,18,5,11.98,1.474973472396,5.249344,1.6105968,3.2136155884,0,0,-3.131716,153.3, -5.8, 3.5,,,0,0,1024,1024,364,1024,0,0,-100,0,152,0,0,96,3.95,3.933,3.94,0,0,0,6.327,78.8,1.474973472396,5.249344,31,Sport,
32000,2026-05-22 08:25:29,51.9888123463116,4.39002832779075,5.577428,,,1.803057472396,5.577428,0,3.10886820972,12.2891736216,18,5,11.98,1.803057472396,5.577428,1.6105968,3.2136155884,0,0,-2.013246,153.3, -6.2, 2.4,,,0,0,1024,1024,1024,1024,0,0,0,0,152,0,0,96,3.95,3.933,3.94,0,0,0,6.327,78.8,1.803057472396,5.577428,31,Sport,
32100,2026-05-22 08:25:29,51.9888122489272,4.39002830398563,5.905512,,,2.131141472396,5.905512,0,3.07293973088,12.3250988196,18,5,11.98,2.131141472396,5.905512,1.6105968,3.2136155884,0,0,-0.894776,153.2, -5.7, 1.4,,,0,0,1035,1024,1024,1024,2,0,0,0,152,0,0,96,3.95,3.933,3.94,0,0,0,6.327,78.8,2.131141472396,5.905512,31,Sport,
32200,2026-05-22 08:25:29,51.9888122429194,4.39002821551208,5.905512,,,2.131141472396,6.233596,0,3.0677330378,12.3451119436,18,5,11.98,2.131141472396,5.905512,1.6105968,3.2136155884,0,0,-0.447388,153.1, -4.7, 0.6,,,0,0,1684,947,1024,1024,100,-12,0,0,151.9,0,0,96,3.95,3.933,3.94,0,0,0,6.327,78.8,2.131141472396,5.905512,31,Sport,
32300,2026-05-22 08:25:29,51.9888125671549,4.39002791273327,5.905512,,,2.131141472396,6.233596,0,3.17564642708,12.4815620792,18,5,11.98,2.131141472396,5.905512,1.6105968,3.2136155884,0,0,-0.223694,153.1, -9.1, 0.7,,,0,0,1684,1007,1024,1024,100,-3,0,0,151.9,0,0,96,3.95,3.933,3.94,0,0,0,6.327,78.8,2.131141472396,5.905512,31,Sport,
32400,2026-05-22 08:25:29,51.9888125383854,4.39002788997738,5.905512,,,2.131141472396,6.233596,0,3.1645998388,12.4932418696,18,5,11.98,2.131141472396,5.905512,1.6105968,3.2136155884,-0.223694,0,0,153.1, -27.6, 1,,,0,0,1684,1007,1024,1024,100,-3,0,0,151.8,0,0,96,3.95,3.933,3.94,0,0,0,6.327,78.8,2.131141472396,5.905512,31,Sport,
32500,2026-05-22 08:25:29,51.9888120626568,4.39002802194053,5.905512,,,2.131141472396,6.233596,1.2079476,2.99637804864,12.6693245524,18,5,11.98,2.131141472396,5.905512,1.6105968,3.2136155884,-1.11847,0.447388,0,152.9, -34.1, 0.9,,,0,0,1684,1007,1024,1024,100,-3,0,0,151.8,0,0,96,3.95,3.933,3.94,0,0,0,6.327,78.8,2.131141472396,5.905512,31,Sport,
32600,2026-05-22 08:25:29,51.9888113885633,4.39002853172325,5.905512,,,2.131141472396,6.233596,2.1922012,2.77264772652,12.940617212,18,5,11.98,2.131141472396,5.905512,2.1922012,3.2136155884,-2.013246,0.894776,0,152.8, -34.7, 1.1,,,0,0,1684,1019,1024,1024,100,-1,0,0,151.8,0,0,96,3.95,3.933,3.94,0,0,0,6.327,78.8,2.131141472396,5.905512,31,Sport,
32700,2026-05-22 08:25:29,51.9888105557954,4.39002975303856,5.905512,,,2.131141472396,6.233596,3.7133204,2.54806110516,13.3500332356,18,5,11.98,2.131141472396,5.905512,3.7133204,3.2136155884,-3.35541,1.565858,0,152.6, -34.4, 1.5,,,0,0,1684,1006,1024,1024,100,-3,0,0,151.8,0,0,96,3.95,3.933,3.94,0,0,0,6.327,78.8,2.131141472396,5.905512,31,Sport,
32800,2026-05-22 08:25:29,51.9888090067351,4.39003100331485,5.905512,,,2.131141472396,6.233596,4.697574,2.14720151228,13.9811684264,18,5,11.98,2.131141472396,5.905512,4.697574,3.2136155884,-4.250186,2.013246,0,152.7, -34.6, 1.1,,,0,0,1684,1024,1024,1024,100,0,0,0,151.8,0,0,96,3.95,3.933,3.94,0,0,0,6.327,78.8,2.131141472396,5.905512,31,Sport,
32900,2026-05-22 08:25:29,51.9888072506672,4.39003248291861,5.905512,,,2.131141472396,6.233596,5.9055216,1.86540688384,14.7029860348,18,5,12.023,2.131141472396,5.905512,5.9055216,3.2136155884,-5.368656,2.460634,0,152.5, -34.5, 0.7,,,0,0,1684,1024,1024,1024,100,0,0,0,151.8,0,0,96,3.969,3.957,3.958,0,0,0,7.287,78.98,2.131141472396,5.905512,31,Sport,
33000,2026-05-22 08:25:30,51.9888048947246,4.39003441364483,5.905512,,,2.131141472396,6.233596,7.0016222,1.885252685,15.6658141496,18,5,12.023,2.131141472396,5.905512,7.0016222,3.2136155884,-6.263432,3.131716,0,152.7, -34.3, 0.6,,,0,0,1684,1024,1684,1024,100,0,100,0,151.8,0,0,96,3.969,3.957,3.958,0,0,0,7.287,78.98,2.131141472396,5.905512,31,Sport,
33100,2026-05-22 08:25:30,51.9888025761015,4.39003567921958,5.905512,,,2.131141472396,6.233596,8.0977228,2.19274613316,16.5582682464,18,5,12.023,2.131141472396,5.905512,8.0977228,3.2136155884,-7.381902,3.35541,0,154.4, -33.9, 0.7,,,0,0,1684,1024,1024,1024,100,0,0,0,151.8,0,0,96,3.969,3.957,3.958,0,0,0,7.287,78.98,2.131141472396,5.905512,31,Sport,
33200,2026-05-22 08:25:30,51.9887994218265,4.39003811501868,5.905512,,,2.131141472396,6.233596,9.3056704,3.14754931332,17.8326121192,18,5,12.023,2.131141472396,5.905512,9.3056704,3.2136155884,-8.500372,3.802798,-0.447388,154.7, -33.3, 1,,,0,0,1684,1024,1024,1024,100,0,0,0,151.8,0,0,96,3.969,3.957,3.958,0,0,0,7.287,78.98,2.131141472396,5.905512,31,Sport,
33300,2026-05-22 08:25:30,51.9887960069655,4.39003989879606,5.905512,,,2.131141472396,6.233596,10.513618,4.227198298,19.1413720036,18,5,12.023,2.131141472396,5.905512,10.513618,4.227198298,-9.618842,4.250186,-0.223694,155.2, -34.5, 1,,,0,0,1684,1024,1024,1024,100,0,0,0,151.8,0,0,96,3.969,3.957,3.958,0,0,0,7.287,78.98,2.131141472396,5.905512,31,Sport,
33400,2026-05-22 08:25:30,51.988792144355,4.39004277325721,5.905512,,,2.131141472396,6.233596,11.2294388,5.692421442,20.691601712,18,5,12.023,2.131141472396,5.905512,11.2294388,5.692421442,-10.289924,4.47388,0,155.3, -34, 1,,,0,0,1684,1024,1024,1024,100,0,0,0,151.8,0,0,96,3.969,3.957,3.958,0,0,0,7.287,78.98,2.131141472396,5.905512,31,Sport,
33500,2026-05-22 08:25:30,51.9887885184978,4.39004482764535,5.905512,,,2.131141472396,6.233596,12.1242148,7.0133204344,22.092684434,18,5,12.023,2.131141472396,5.905512,12.1242148,7.0133204344,-11.1847,4.697574,0,156.1, -34, 0.9,,,0,0,1684,1024,1024,1024,100,0,0,0,151.8,0,0,96,3.969,3.957,3.958,0,0,0,7.287,78.98,2.131141472396,5.905512,31,Sport,
33600,2026-05-22 08:25:30,51.9887840910049,4.39004802311542,5.905512,,,2.131141472396,6.233596,12.9295132,8.746227314,23.8604338344,18,5,12.023,2.131141472396,5.905512,12.9295132,8.746227314,-11.855782,5.144962,0,156.1, -34.4, 0.9,,,0,0,1684,1024,1684,1024,100,0,100,0,151.8,0,0,96,3.969,3.957,3.958,0,0,0,7.287,78.98,2.131141472396,5.905512,31,Sport,
33700,2026-05-22 08:25:30,51.98877939759,4.39005029865218,5.905512,,,2.131141472396,6.56168,13.8242892,10.4642063716,25.6475073824,18,5,12.023,2.131141472396,5.905512,13.8242892,10.4642063716,-12.750558,5.368656,0,156.2, -33.8, 0.8,,,0,0,1684,1024,1024,1024,100,0,0,0,151.8,0,0,96,3.969,3.957,3.958,0,0,0,7.287,78.98,2.131141472396,5.905512,31,Sport,
33800,2026-05-22 08:25:30,51.9887742633708,4.39005387341537,6.233596,,,2.459225472396,6.56168,15.1217144,12.4857615544,27.6856636156,18,5,12.023,2.459225472396,6.233596,15.1217144,12.4857615544,-13.869028,6.039738,-0.894776,156.3, -33, 1.3,,,0,0,1684,1024,1024,1024,100,0,0,0,151.8,0,0,96,3.969,3.957,3.958,0,0,0,7.287,78.98,2.459225472396,6.233596,31,Sport,
33900,2026-05-22 08:25:30,51.9887689345544,4.3900569536753,6.233596,,,2.459225472396,6.56168,16.0388598,14.5208666064,29.7493775924,18,5,11.844,2.459225472396,6.233596,16.0388598,14.5208666064,-14.763804,6.263432,-0.894776,156.3, -34.5, 1.5,,,0,0,1684,1024,1024,1024,100,0,0,0,151.8,0,0,95,3.934,3.954,3.958,0,0,0,9.455,78.8,2.459225472396,6.233596,31,Sport,
34000,2026-05-22 08:25:31,51.9887631731986,4.39006082887418,6.233596,,,2.459225472396,6.56168,16.5309866,16.7854992248,32.024607324,18,5,11.844,2.459225472396,6.233596,16.5309866,16.7854992248,-15.211192,6.487126,-0.447388,156.3, -35.2, 1,,,0,0,1684,1024,1024,1024,100,0,0,0,151.8,0,0,95,3.934,3.954,3.958,0,0,0,9.455,78.8,2.459225472396,6.233596,31,Sport,
34100,2026-05-22 08:25:31,51.9887568339215,4.39006447195906,6.56168,,,2.787309472396,6.56168,17.1573298,19.2172906412,34.478019476,18,5,11.844,2.787309472396,6.56168,17.1573298,19.2172906412,-15.882274,6.487126,-0.223694,156.6, -34.8, 1.4,,,0,0,1684,1015,1024,1024,100,-1,0,0,151.7,0,0,95,3.934,3.954,3.958,0,0,0,9.455,78.8,2.787309472396,6.56168,31,Sport,
34200,2026-05-22 08:25:31,51.9887505971058,4.39006856693752,6.56168,,,2.787309472396,6.56168,17.6494566,21.6647972812,36.93241588,18,5,11.844,2.787309472396,6.56168,17.6494566,21.6647972812,-16.329662,6.71082,0,156.8, -34.3, 0.8,,,0,0,1684,1015,1024,1024,100,-1,0,0,151.8,0,0,95,3.934,3.954,3.958,0,0,0,9.455,78.8,2.787309472396,6.56168,31,Sport,
34300,2026-05-22 08:25:31,51.9887444009019,4.39007215498973,6.56168,,,2.787309472396,6.56168,18.454755,24.0512146804,39.332678424,18,5,11.844,2.787309472396,6.56168,18.454755,24.0512146804,-17.000744,7.158208,0,156.8, -33.9, 1,,,0,0,1684,1008,1024,1024,100,-2,0,0,151.7,0,0,95,3.934,3.954,3.958,0,0,0,9.455,78.8,2.787309472396,6.56168,31,Sport,
34400,2026-05-22 08:25:31,51.9887377028645,4.39007648440716,6.56168,,,2.787309472396,6.56168,19.1482064,26.6764116148,41.962927852,18,5,11.844,2.787309472396,6.56168,19.1482064,26.6764116148,-17.671826,7.381902,0,156.7, -34.3, 0.5,,,0,0,1684,1007,1024,1024,100,-3,0,0,151.8,0,0,95,3.934,3.954,3.958,0,0,0,9.455,78.8,2.787309472396,6.56168,31,Sport,
34500,2026-05-22 08:25:31,51.9887299992281,4.39008123541688,6.56168,,,2.787309472396,6.56168,19.6403332,29.6754602672,44.969489628,18,5,11.844,2.787309472396,6.56168,19.6403332,29.6754602672,-18.119214,7.605596,0,156.6, -34.3, 0.1,,,0,0,1684,1007,1024,1024,100,-3,0,0,151.8,0,0,95,3.934,3.954,3.958,0,0,0,9.455,78.8,2.787309472396,6.56168,31,Sport,
34600,2026-05-22 08:25:31,51.9887227982863,4.39008588981373,6.56168,,,2.787309472396,6.56168,20.356154,32.4998041896,47.797245624,18,5,11.844,2.787309472396,6.56168,20.356154,32.4998041896,-18.790296,7.82929,0,156.6, -34, 0.2,,,0,0,1684,1006,1024,1024,100,-3,0,0,151.8,0,0,95,3.934,3.954,3.958,0,0,0,9.455,78.8,2.787309472396,6.56168,31,Sport,
34700,2026-05-22 08:25:31,51.9887162745488,4.39008978404723,6.56168,,,2.787309472396,6.233596,20.9377584,35.02952868,50.33300686,18,5,11.844,2.787309472396,6.56168,20.9377584,35.02952868,-19.237684,8.276678,0,156.8, -34.3, 0.7,,,0,0,1684,1024,1024,1024,100,0,0,0,151.8,0,0,95,3.934,3.954,3.958,0,0,0,9.455,78.8,2.787309472396,6.56168,31,Sport,
34800,2026-05-22 08:25:31,51.9887087129363,4.39009464582835,6.56168,,,2.787309472396,6.233596,21.5641016,37.994095704,53.300198556,18,5,11.844,2.787309472396,6.56168,21.5641016,37.994095704,-19.908766,8.276678,0,156.7, -34.2, 0.7,,,0,0,1684,1024,1024,1024,100,0,0,0,151.8,0,0,95,3.934,3.954,3.958,0,0,0,9.455,78.8,2.787309472396,6.56168,31,Sport,
34900,2026-05-22 08:25:31,51.9886998654168,4.39010014027264,6.56168,,,2.787309472396,6.233596,22.0562284,41.445867468,56.756235412,18,5,11.76,2.787309472396,6.56168,22.0562284,41.445867468,-20.356154,8.500372,0,156.7, -34.1, 0.9,,,0,0,1684,1024,1024,1024,100,0,0,0,151.8,0,0,95,3.914,3.91,3.921,0,0,0,11.092,78.8,2.787309472396,6.56168,31,Sport,
35000,2026-05-22 08:25:32,51.9886918291324,4.39010528568081,6.56168,,,2.787309472396,6.233596,22.5483552,44.595473868,59.9081384,18,5,11.76,2.787309472396,6.56168,22.5483552,44.595473868,-20.803542,8.724066,0,156.7, -34.2, 0.8,,,0,0,1684,1024,1024,1024,100,0,0,0,151.8,0,0,95,3.914,3.91,3.921,0,0,0,11.092,78.8,2.787309472396,6.56168,31,Sport,
35100,2026-05-22 08:25:32,51.9886828295743,4.39011098668511,6.233596,,,2.459225472396,6.233596,22.8615268,48.117783692,63.432416728,18,5,11.76,2.787309472396,6.56168,22.8615268,48.117783692,-21.027236,8.94776,0,156.7, -34.1, 0.9,,,0,0,1684,1024,1024,1024,100,0,0,0,151.8,0,0,95,3.914,3.91,3.921,0,0,0,11.092,78.8,2.459225472396,6.233596,31,Sport,
35200,2026-05-22 08:25:32,51.9886743765481,4.39011636238657,6.233596,,,2.459225472396,6.233596,23.264176,51.428151252,66.744752792,18,5,11.76,2.787309472396,6.56168,23.264176,51.428151252,-21.474624,8.94776,0,156.7, -34.2, 0.9,,,0,0,1684,1005,1024,1024,100,-3,0,0,151.8,0,0,95,3.914,3.91,3.921,0,0,0,11.092,78.8,2.459225472396,6.233596,31,Sport,
35300,2026-05-22 08:25:32,51.988664712979,4.39012208126037,6.233596,,,2.459225472396,5.905512,23.7563028,55.175198616,70.497377584,18,5,11.76,2.787309472396,6.56168,23.7563028,55.175198616,-21.922012,9.171454,0,156.8, -34.2, 0.8,,,0,0,1684,1005,1024,1024,100,-3,0,0,151.8,0,0,95,3.914,3.91,3.921,0,0,0,11.092,78.8,2.459225472396,6.233596,31,Sport,
35400,2026-05-22 08:25:32,51.9886558340871,4.39012764510981,6.233596,,,2.459225472396,5.905512,24.270799,58.645671168,73.969490556,18,5,11.76,2.787309472396,6.56168,24.270799,58.645671168,-22.3694,9.395148,0,156.8, -34.1, 0.8,,,0,0,1684,1012,1024,1024,100,-2,0,0,151.8,0,0,95,3.914,3.91,3.921,0,0,0,11.092,78.8,2.459225472396,6.233596,31,Sport,
35500,2026-05-22 08:25:32,51.9886474210003,4.39013285731471,6.233596,,,2.459225472396,5.905512,24.6734482,61.92913584,77.254923732,18,5,11.76,2.787309472396,6.56168,24.6734482,61.92913584,-22.816788,9.395148,0,157, -34.7, 0.5,,,0,0,1684,1010,1024,1024,100,-2,0,0,151.8,0,0,95,3.914,3.91,3.921,0,0,0,11.092,78.8,2.459225472396,6.233596,31,Sport,
35600,2026-05-22 08:25:32,51.9886382618133,4.39013853916266,6.233596,,,2.459225472396,5.905512,25.165575,65.504595272,80.832023584,18,5,11.76,2.787309472396,6.56168,25.165575,65.504595272,-23.264176,9.618842,0,157, -34.7, 0.2,,,0,0,1684,1007,1155,1024,100,-3,20,0,151.8,0,0,95,3.914,3.91,3.921,0,0,0,11.092,78.8,2.459225472396,6.233596,31,Sport,
35700,2026-05-22 08:25:32,51.988628814758,4.39014453133065,6.233596,,,2.459225472396,5.905512,25.389269,69.204070456,84.53248302,18,5,11.76,2.787309472396,6.56168,25.389269,69.204070456,-23.48787,9.618842,0,157, -34.6, 0.4,,,0,0,1684,1009,1024,1024,100,-2,0,0,151.8,0,0,95,3.914,3.91,3.921,0,0,0,11.092,78.8,2.459225472396,6.233596,31,Sport,
35800,2026-05-22 08:25:32,51.9886192723861,4.39015039329264,6.233596,,,2.459225472396,5.577428,26.0827204,72.924543016,88.254924084,18,5,11.76,2.787309472396,6.56168,26.0827204,72.924543016,-24.158952,9.842536,-0.223694,157, -34.1, 0.2,,,0,0,1684,1008,1024,1024,100,-2,0,0,151.8,0,0,95,3.914,3.91,3.921,0,0,0,11.092,78.8,2.459225472396,6.233596,31,Sport,
35900,2026-05-22 08:25:32,51.9886094369715,4.39015664404323,6.233596,,,2.459225472396,5.905512,26.3735226,76.777233428,92.108270664,18,5,11.708,2.787309472396,6.56168,26.3735226,76.777233428,-24.382646,10.06623,0,157.1, -34.7, 0.3,,,0,0,1684,1012,1024,1024,100,-2,0,0,151.8,0,0,95,3.89,3.889,3.901,0,0,0,12.166,78.98,2.459225472396,6.233596,31,Sport,
36000,2026-05-22 08:25:33,51.988599617303,4.39016265765599,6.233596,,,2.459225472396,5.905512,26.5748472,80.604661372,95.937339028,18,5,11.708,2.787309472396,6.56168,26.5748472,80.604661372,-24.60634,10.06623,0,157.2, -34.5, 0.7,,,0,0,1684,1012,1024,1024,100,-2,0,0,151.8,0,0,95,3.89,3.889,3.901,0,0,0,12.166,78.98,2.459225472396,6.233596,31,Sport,
36100,2026-05-22 08:25:33,51.9885895300528,4.39016891280262,6.233596,,,2.459225472396,5.905512,26.7985412,84.542981708,99.8769717,18,5,11.708,2.787309472396,6.56168,26.7985412,84.542981708,-24.830034,10.06623,0,157.3, -34.8, 0.1,,,0,0,1684,1012,1024,1024,100,-2,0,0,151.8,0,0,95,3.89,3.889,3.901,0,0,0,12.166,78.98,2.459225472396,6.233596,31,Sport,
36200,2026-05-22 08:25:33,51.9885795079803,4.39017494205205,6.233596,,,2.459225472396,5.905512,26.9998658,88.43996346,103.77625004,18,5,11.708,2.787309472396,6.56168,26.9998658,88.43996346,-25.053728,10.06623,0,157.2, -34, -0.1,,,0,0,1684,1013,1024,1024,100,-2,0,0,151.8,0,0,95,3.89,3.889,3.901,0,0,0,12.166,78.98,2.459225472396,6.233596,31,Sport,
36300,2026-05-22 08:25:33,51.9885693186628,4.39018129471931,6.233596,,,2.459225472396,5.577428,27.2011904,92.4212628,107.758533632,18,5,11.708,2.787309472396,6.56168,27.2011904,92.4212628,-25.277422,10.06623,0,157.3, -34.4, -0.2,,,0,0,1684,1016,1024,1024,100,-1,0,0,151.8,0,0,95,3.89,3.889,3.901,0,0,0,12.166,78.98,2.459225472396,6.233596,31,Sport,
36400,2026-05-22 08:25:33,51.9885590868188,4.39018741588296,6.233596,,,2.459225472396,5.577428,27.4919926,96.39764088,111.736880216,18,5,11.708,2.787309472396,6.56168,27.4919926,96.39764088,-25.501116,10.289924,0,157.3, -34.5, -0.6,,,0,0,1684,1018,1024,1024,100,-1,0,0,151.8,0,0,95,3.89,3.889,3.901,0,0,0,12.166,78.98,2.459225472396,6.233596,31,Sport,
36500,2026-05-22 08:25:33,51.9885494147083,4.39019342521093,6.233596,,,2.459225472396,5.577428,27.9170112,100.175200056,115.51509556,18,5,11.708,2.787309472396,6.56168,27.9170112,100.175200056,-25.948504,10.289924,0,157.4, -34.2, -0.4,,,0,0,1684,1020,1024,1024,100,-1,0,0,151.8,0,0,95,3.89,3.889,3.901,0,0,0,12.166,78.98,2.459225472396,6.233596,31,Sport,
36600,2026-05-22 08:25:33,51.9885390108902,4.39019964016686,6.233596,,,2.459225472396,5.577428,28.1183358,104.217851104,119.559715112,18,5,11.708,2.787309472396,6.56168,28.1183358,104.217851104,-26.172198,10.289924,0,157.7, -34.4, -0.3,,,0,0,1684,1021,1024,1024,100,-0,0,0,151.8,0,0,95,3.89,3.889,3.901,0,0,0,12.166,78.98,2.459225472396,6.233596,31,Sport,
36700,2026-05-22 08:25:33,51.9885282426491,4.39020648385936,6.233596,,,2.459225472396,5.577428,28.1183358,108.436355176,123.778547268,18,5,11.708,2.787309472396,6.56168,28.1183358,108.436355176,-26.172198,10.289924,0,157.6, -34.8, -0.3,,,0,0,1684,1024,1024,1024,100,0,0,0,151.8,0,0,95,3.89,3.889,3.901,0,0,0,12.166,78.98,2.459225472396,6.233596,31,Sport,
36800,2026-05-22 08:25:33,51.9885177131018,4.39021275002403,6.233596,,,2.459225472396,5.905512,28.409138,112.52625032,127.870082832,18,5,11.708,2.787309472396,6.56168,28.409138,112.52625032,-26.395892,10.513618,0,157.5, -34.6, -0.5,,,0,0,1684,1024,1024,1024,100,0,0,0,151.8,0,0,95,3.89,3.889,3.901,0,0,0,12.166,78.98,2.459225472396,6.233596,31,Sport,
36900,2026-05-22 08:25:34,51.9885063230334,4.39021999470569,6.233596,,,2.459225472396,5.905512,28.6104626,116.989176972,132.333337568,18,5,11.611,2.787309472396,6.56168,28.6104626,116.989176972,-26.619586,10.513618,0,157.4, -34.6, -0.4,,,0,0,1684,1024,1024,1024,100,0,0,0,151.8,0,0,95,3.862,3.86,3.876,0,0,0,14.261,78.98,2.459225472396,6.233596,31,Sport,
37000,2026-05-22 08:25:34,51.9884955446489,4.39022641225683,6.233596,,,2.459225472396,5.905512,28.8341566,121.175856896,136.521657912,18,5,11.611,2.787309472396,6.56168,28.8341566,121.175856896,-26.84328,10.513618,0,157.5, -34.6, -0.3,,,0,0,1684,1024,1024,1024,100,0,0,0,151.8,0,0,95,3.862,3.86,3.876,0,0,0,14.261,78.98,2.459225472396,6.233596,31,Sport,
37100,2026-05-22 08:25:34,51.9884846537283,4.3902327714069,6.233596,,,2.459225472396,5.905512,28.8341566,125.395673304,140.744427076,18,5,11.611,2.787309472396,6.56168,28.8341566,125.395673304,-26.84328,10.513618,0,157.6, -34.8, -0.6,,,0,0,1684,1024,1024,1024,100,0,0,0,151.8,0,0,95,3.862,3.86,3.876,0,0,0,14.261,78.98,2.459225472396,6.233596,31,Sport,
37200,2026-05-22 08:25:34,51.988473737278,4.39023922284679,6.233596,,,2.459225472396,5.905512,29.1249588,129.632221996,144.982944272,18,5,11.611,2.787309472396,6.56168,29.1249588,129.632221996,-27.066974,10.737312,0,157.5, -34.7, -0.4,,,0,0,1684,1024,1024,1024,100,0,0,0,151.8,0,0,95,3.862,3.86,3.876,0,0,0,14.261,78.98,2.459225472396,6.233596,31,Sport,
37300,2026-05-22 08:25:34,51.9884635044745,4.39024552978648,6.233596,,,2.459225472396,6.233596,29.1249588,133.62533236,148.976054636,18,5,11.611,2.787309472396,6.56168,29.1249588,133.62533236,-27.066974,10.737312,0,157.6, -34.8, -0.5,,,0,0,1684,1024,1024,1024,100,0,0,0,151.8,0,0,95,3.862,3.86,3.876,0,0,0,14.261,78.98,2.459225472396,6.233596,31,Sport,
37400,2026-05-22 08:25:34,51.9884525270614,4.39025201279188,6.233596,,,2.459225472396,6.233596,29.3262834,137.885175016,153.237865796,18,5,11.611,2.787309472396,6.56168,29.3262834,137.885175016,-27.290668,10.737312,0,157.5, -34.8, -0.8,,,0,0,1684,1024,1024,1024,100,0,0,0,151.8,0,0,95,3.862,3.86,3.876,0,0,0,14.261,78.98,2.459225472396,6.233596,31,Sport,
37500,2026-05-22 08:25:34,51.9884405688981,4.39025937576422,6.233596,,,2.459225472396,6.233596,29.527608,142.55085758,157.903876444,18,5,11.611,2.787309472396,6.56168,29.527608,142.55085758,-27.514362,10.737312,0,157.5, -34.7, -0.8,,,0,0,1684,1023,1024,1024,100,-0,0,0,151.8,0,0,95,3.862,3.86,3.876,0,0,0,14.261,78.98,2.459225472396,6.233596,31,Sport,
37600,2026-05-22 08:25:34,51.9884293887555,4.39026600530094,6.233596,,,2.459225472396,6.56168,29.527608,146.891736984,162.246396268,18,5,11.611,2.787309472396,6.56168,29.527608,146.891736984,-27.514362,10.737312,0,157.6, -34.8, -0.6,,,0,0,1684,1024,1024,1024,100,0,0,0,151.8,0,0,95,3.862,3.86,3.876,0,0,0,14.261,78.98,2.459225472396,6.233596,31,Sport,
37700,2026-05-22 08:25:34,51.9884180860363,4.39027298694129,6.233596,,,2.459225472396,6.56168,29.8184102,151.303482532,166.6584699,18,5,11.611,2.787309472396,6.56168,29.8184102,151.303482532,-27.738056,10.961006,0,157.6, -34.6, -0.6,,,0,0,1684,891,1024,1024,100,-20,0,0,151.8,0,0,95,3.862,3.86,3.876,0,0,0,14.261,78.98,2.459225472396,6.233596,31,Sport,
37800,2026-05-22 08:25:34,51.988406795585,4.39027971455507,6.233596,,,2.459225472396,6.56168,29.8184102,155.690293696,171.046265316,18,5,11.611,2.787309472396,6.56168,29.8184102,155.690293696,-27.738056,10.961006,0,157.7, -34.3, -0.6,,,0,0,1462,1024,1024,1024,66,0,0,0,151.8,0,0,95,3.862,3.86,3.876,0,0,0,14.261,78.98,2.459225472396,6.233596,31,Sport,
37900,2026-05-22 08:25:35,51.9883955271338,4.39028668211684,6.233596,,,2.459225472396,6.56168,30.0421042,160.089243968,175.445543672,18,5,11.557,2.787309472396,6.56168,30.0421042,160.089243968,-27.96175,10.961006,0,157.8, -34.3, -0.8,,,0,0,1024,1024,1024,1684,0,0,0,100,151.8,0,0,95,3.844,3.831,3.836,0,0,0,15.823,79.16,2.459225472396,6.233596,31,Sport,
38000,2026-05-22 08:25:35,51.988384149539,4.39029348947214,6.233596,,,2.459225472396,6.56168,30.0421042,164.512144372,179.869428328,18,5,11.557,2.787309472396,6.56168,30.0421042,164.512144372,-27.96175,10.961006,0,157.8, -34.8, -1.3,,,0,0,1024,1024,1024,1684,0,0,0,100,151.8,0,0,95,3.844,3.831,3.836,0,0,0,15.823,79.16,2.459225472396,6.233596,31,Sport,
38100,2026-05-22 08:25:35,51.988372878175,4.39030040934481,6.233596,,,2.459225472396,6.56168,30.1092124,168.908469972,184.266082012,18,5,11.557,2.787309472396,6.56168,30.1092124,168.908469972,-27.96175,11.1847,-0.223694,159.2, -20.4, -2.3,,,0,0,1024,1024,1024,1684,0,0,0,100,152.6,0,0,95,3.844,3.831,3.836,0,0,0,15.823,79.16,2.459225472396,6.233596,31,Sport,
38200,2026-05-22 08:25:35,51.9883615325866,4.39030727760526,6.233596,,,2.459225472396,6.889764,29.6170856,173.325464864,188.683733072,18,5,11.557,2.787309472396,6.56168,30.1092124,173.325464864,-27.514362,10.961006,-1.342164,160.5, 2.9, 0.5,,,0,0,1024,1024,1024,1684,0,0,0,100,155.3,0,0,95,3.844,3.831,3.836,0,0,0,15.823,79.16,2.459225472396,6.233596,31,Sport,
38300,2026-05-22 08:25:35,51.9883505148062,4.39031420682641,6.56168,,,2.787309472396,7.217848,28.2078134,177.63616054,192.994428748,18,5,11.557,2.787309472396,6.56168,30.1092124,177.63616054,-26.172198,10.513618,-2.460634,164.1, 17.7, 5.7,,,0,0,1024,1024,1024,1684,0,0,0,100,158.9,0,0,95,3.844,3.831,3.836,0,0,0,15.823,79.16,2.787309472396,6.56168,31,Sport,
38400,2026-05-22 08:25:35,51.9883401346163,4.39032034511511,6.889764,,,3.115393472396,7.545932,26.619586,181.665688228,197.024940688,18,5,11.557,3.115393472396,6.889764,30.1092124,181.665688228,-24.830034,9.618842,-2.013246,169.4, 22.8, 9.3,,,0,0,1024,1024,1024,1684,0,0,0,100,162.8,0,0,95,3.844,3.831,3.836,0,0,0,15.823,79.16,3.115393472396,6.889764,31,Sport,
38500,2026-05-22 08:25:35,51.9883303578517,4.39032587271064,7.217848,,,3.443477472396,7.545932,25.1432056,185.440294648,200.80217178,18,5,11.557,3.443477472396,7.217848,30.1092124,185.440294648,-23.48787,8.94776,-1.342164,174.7, 26.9, 11,,,0,0,1024,1024,1024,1684,0,0,0,100,166.8,0,0,95,3.844,3.831,3.836,0,0,0,15.823,79.16,3.443477472396,7.217848,31,Sport,
38600,2026-05-22 08:25:35,51.9883210218422,4.39033106136295,7.545932,,,3.771561472396,7.545932,23.8457804,189.037407624,204.402237512,18,5,11.557,3.771561472396,7.545932,30.1092124,189.037407624,-22.3694,8.276678,-0.447388,179.9, 28.1, 12.6,,,0,0,1024,1024,1024,1684,0,0,0,100,170.8,0,0,95,3.844,3.831,3.836,0,0,0,15.823,79.16,3.771561472396,7.545932,31,Sport,
38700,2026-05-22 08:25:35,51.9883115938574,4.39033603004439,7.545932,,,3.771561472396,7.217848,21.8549038,192.647972044,208.018707444,18,5,11.557,3.771561472396,7.545932,30.1092124,192.647972044,-20.579848,7.381902,0,184.4, 28.6, 14.3,,,0,0,1024,1024,1024,1684,0,0,0,100,174.8,0,0,95,3.844,3.831,3.836,0,0,0,15.823,79.16,3.771561472396,7.545932,31,Sport,
38800,2026-05-22 08:25:35,51.9883033973277,4.39034016552984,7.545932,,,3.771561472396,7.217848,20.0877212,195.772315976,211.150269224,18,5,11.557,3.771561472396,7.545932,30.1092124,195.772315976,-19.01399,6.487126,0,189.3, 28.8, 16.2,,,0,0,1024,1024,1024,1684,0,0,0,100,178.8,0,0,95,3.844,3.831,3.836,0,0,0,15.823,79.16,3.771561472396,7.545932,31,Sport,
38900,2026-05-22 08:25:36,51.9882945802729,4.39034521417539,7.545932,,,3.771561472396,6.889764,18.6113408,199.181764904,214.561358572,18,5,11.517,3.771561472396,7.545932,30.1092124,199.181764904,-17.671826,5.816044,0.223694,193.3, 28.7, 17.8,,,0,0,1024,1024,1024,1684,0,0,0,100,182.9,0,0,95,3.993,4.001,4.008,0,0,0,16.714,79.34,3.771561472396,7.545932,31,Sport,
39000,2026-05-22 08:25:36,51.9882875856249,4.39034838522246,7.217848,,,3.443477472396,6.889764,16.8441582,201.819560264,217.210964956,18,5,11.517,3.771561472396,7.545932,30.1092124,201.819560264,-16.105968,4.921268,0.447388,198.4, 28.2, 20,,,0,0,1024,1024,1024,1684,0,0,0,100,186.9,0,0,95,3.993,4.001,4.008,0,0,0,16.714,79.34,3.443477472396,7.217848,31,Sport,
39100,2026-05-22 08:25:36,51.9882802589201,4.39035233699087,7.217848,,,3.443477472396,6.889764,14.7861734,204.633208648,220.027566096,18,5,11.517,3.771561472396,7.545932,30.1092124,204.633208648,-14.092722,4.47388,0.447388,202.2, 27.2, 22.2,,,0,0,1024,1024,1024,1684,0,0,0,100,190.9,0,0,95,3.993,4.001,4.008,0,0,0,16.714,79.34,3.443477472396,7.217848,31,Sport,
39200,2026-05-22 08:25:36,51.9882745689237,4.39035487411233,7.217848,,,3.443477472396,6.56168,13.1532072,206.775597168,222.180453304,18,5,11.517,3.771561472396,7.545932,30.1092124,206.775597168,-12.526864,4.026492,0.447388,207.1, 26.8, 24.3,,,0,0,1024,1024,1024,1684,0,0,0,100,194.9,0,0,95,3.993,4.001,4.008,0,0,0,16.714,79.34,3.443477472396,7.217848,31,Sport,
39300,2026-05-22 08:25:36,51.9882683745708,4.39035864505723,7.217848,,,3.443477472396,6.56168,11.2518082,209.189311156,224.594167292,18,5,11.517,3.771561472396,7.545932,30.1092124,209.189311156,-10.737312,3.35541,0.447388,210.6, 25.2, 26.2,,,0,0,1024,1024,1024,1684,0,0,0,100,198.9,0,0,95,3.993,4.001,4.008,0,0,0,16.714,79.34,3.443477472396,7.217848,31,Sport,
39400,2026-05-22 08:25:36,51.988263894612,4.39036049232826,6.889764,,,3.115393472396,6.56168,9.4175174,210.86450806,226.280519052,18,5,11.517,3.771561472396,7.545932,30.1092124,210.86450806,-8.94776,2.908022,0.447388,214.5, 23.3, 28.3,,,0,0,1024,1024,1024,1684,0,0,0,100,202.9,0,0,95,3.993,4.001,4.008,0,0,0,16.714,79.34,3.115393472396,6.889764,31,Sport,
39500,2026-05-22 08:25:36,51.9882602984592,4.39036226191668,6.889764,,,3.115393472396,6.56168,7.717443,212.231962172,227.651582088,18,5,11.517,3.771561472396,7.545932,30.1092124,212.231962172,-7.381902,2.23694,0.223694,217.5, 21, 29.3,,,0,0,1024,1024,1024,1684,0,0,0,100,206.9,0,0,95,3.993,4.001,4.008,0,0,0,16.714,79.34,3.115393472396,6.889764,31,Sport,
39600,2026-05-22 08:25:36,51.9882570752109,4.39036339212609,6.889764,,,3.115393472396,6.233596,6.0173686,213.421594756,228.854666116,18,5,11.517,3.771561472396,7.545932,30.1092124,213.421594756,-5.816044,1.565858,0.447388,221, 19.6, 30.4,,,0,0,1024,1024,1024,1684,0,0,0,100,210.9,0,0,95,3.993,4.001,4.008,0,0,0,16.714,79.34,3.115393472396,6.889764,31,Sport,
39700,2026-05-22 08:25:36,51.9882540728885,4.39036502087307,6.889764,,,3.115393472396,6.233596,4.3396636,214.575466184,230.009521796,18,5,11.517,3.771561472396,7.545932,30.1092124,214.575466184,-4.250186,0.894776,0.447388,225.1, 19.1, 30.9,,,0,0,1024,1024,1024,1684,0,0,0,100,214.9,0,0,95,3.993,4.001,4.008,0,0,0,16.714,79.34,3.115393472396,6.889764,31,Sport,
39800,2026-05-22 08:25:36,51.9882520614584,4.39036553930436,6.56168,,,2.787309472396,6.233596,4.3396636,215.302828412,230.752632056,18,5,11.517,3.771561472396,7.545932,30.1092124,215.302828412,-2.684328,0.447388,0.447388,228.5, 16.7, 21.8,,,0,0,1024,1024,1024,1684,0,0,0,100,218.9,0,0,95,3.993,4.001,4.008,0,0,0,16.714,79.34,2.787309472396,6.56168,31,Sport,
39900,2026-05-22 08:25:36,51.9882502083147,4.39036645057228,6.56168,,,2.787309472396,6.233596,1.8119214,216.007880928,231.458996908,18,5,11.92,3.771561472396,7.545932,30.1092124,216.007880928,-1.789552,0.223694,0.447388,230.3, 10.1, 14.4,,,0,0,1024,1024,1143,1684,0,0,18,100,222.9,0,0,95,3.97,3.971,3.971,0,0,0,4.373,79.52,2.787309472396,6.56168,31,Sport,
40000,2026-05-22 08:25:37,51.9882489807663,4.39036674249413,6.56168,,,2.787309472396,6.233596,1.11847,216.449810076,231.911752828,18,5,11.92,3.771561472396,7.545932,30.1092124,216.449810076,-1.11847,0,0.447388,232.7, 3.8, 10.8,,,0,0,1024,1024,1366,1684,0,0,52,100,226.9,0,0,95,3.97,3.971,3.971,0,0,0,4.373,79.52,2.787309472396,6.56168,31,Sport,
40100,2026-05-22 08:25:37,51.9882481340037,4.3903675965854,6.56168,,,2.787309472396,6.233596,0.671082,216.806765468,232.2752699,18,5,11.92,3.771561472396,7.545932,30.1092124,216.806765468,-0.671082,0,0.223694,236.9, 2.9, 6.6,,,0,0,1024,1024,1337,1684,0,0,47,100,230.9,0,0,95,3.97,3.971,3.971,0,0,0,4.373,79.52,2.787309472396,6.56168,31,Sport,
40200,2026-05-22 08:25:37,51.9882473014629,4.39036778494898,6.56168,,,2.787309472396,6.233596,0.223694,217.105649992,232.58202844,18,5,11.92,3.771561472396,7.545932,30.1092124,217.105649992,-0.223694,0,-0.447388,240.5, -0.5, 3.3,,,0,0,1024,1024,1251,1684,0,0,34,100,234.9,0,0,95,3.97,3.971,3.971,0,0,0,4.373,79.52,2.787309472396,6.56168,31,Sport,
40300,2026-05-22 08:25:37,51.9882473006747,4.39036814520476,6.56168,,,2.787309472396,6.56168,0,217.134849468,232.663065188,18,5,11.92,3.771561472396,7.545932,30.1092124,217.134849468,0,0,-1.565858,243.8, -1.2, 0.7,,,0,0,1024,1024,1251,1684,0,0,34,100,238.9,0,0,95,3.97,3.971,3.971,0,0,0,4.373,79.52,2.787309472396,6.56168,31,Sport,
40400,2026-05-22 08:25:37,51.9882466976264,4.39036819943238,6.889764,,,3.115393472396,6.56168,0.223694,217.344823228,232.883209552,18,5,11.92,3.771561472396,7.545932,30.1092124,217.344823228,0,-0.223694,-1.789552,247.2, 0.2, -1,,,0,0,1024,1024,1225,1684,0,0,30,100,242.9,0,0,95,3.97,3.971,3.971,0,0,0,4.373,79.52,3.115393472396,6.889764,31,Sport,
40500,2026-05-22 08:25:37,51.9882469795493,4.39036845985829,7.217848,,,3.443477472396,6.889764,0.223694,217.269363908,233.001647876,18,5,11.92,3.771561472396,7.545932,30.1092124,217.344823228,0,-0.223694,-1.789552,250.7, 1.1, -0.7,,,0,0,1024,1024,1224,1684,0,0,30,100,246.9,0,0,95,3.97,3.971,3.971,0,0,0,4.373,79.52,3.443477472396,7.217848,31,Sport,
40600,2026-05-22 08:25:37,51.9882465024358,4.39036852716281,7.545932,,,3.771561472396,7.217848,0.223694,217.437342916,233.176516648,18,5,11.92,3.771561472396,7.545932,30.1092124,217.437342916,0,-0.223694,-1.565858,254.4, 1.1, -0.8,,,0,0,1024,1024,1214,1684,0,0,29,100,250.9,0,0,95,3.97,3.971,3.971,0,0,0,4.373,79.52,3.771561472396,7.545932,31,Sport,
40700,2026-05-22 08:25:37,51.9882470800231,4.39036833534911,7.545932,,,3.771561472396,7.545932,0,217.225072568,233.391411668,18,5,11.92,3.771561472396,7.545932,30.1092124,217.437342916,0,0,-1.342164,258.4, 0.9, 0.1,,,0,0,1024,1024,1075,1684,0,0,8,100,254.9,0,0,95,3.97,3.971,3.971,0,0,0,4.373,79.52,3.771561472396,7.545932,31,Sport,
40800,2026-05-22 08:25:37,51.9882467565674,4.39036841943107,7.874016,,,4.099645472396,7.545932,0.223694,217.342198556,233.510834244,18,5,11.92,4.099645472396,7.874016,30.1092124,217.437342916,0,-0.223694,-1.11847,262.4, 1.1, -0.1,,,0,0,1024,1024,1061,1684,0,0,6,100,258.9,0,0,95,3.97,3.971,3.971,0,0,0,4.373,79.52,4.099645472396,7.874016,31,Sport,
40900,2026-05-22 08:25:37,51.9882477789191,4.39036806852384,7.874016,,,4.099645472396,7.874016,0.223694,216.965558124,233.892067852,18,5,11.849,4.099645472396,7.874016,30.1092124,217.437342916,0,-0.223694,-0.671082,266.5, 2.2, -0.8,,,0,0,1024,1024,1061,1684,0,0,6,100,262.9,0,0,95,3.958,3.953,3.965,0,0,0,7.99,79.52,4.099645472396,7.874016,31,Sport,
41000,2026-05-22 08:25:38,51.9882476248844,4.39036815728011,8.2021,,,4.427729472396,7.874016,0.223694,217.024941328,233.95177914,18,5,11.849,4.427729472396,8.2021,30.1092124,217.437342916,0,-0.223694,-0.223694,270.4, 2.4, -1.3,,,0,0,1024,1024,1063,1684,0,0,6,100,266.9,0,0,95,3.958,3.953,3.965,0,0,0,7.99,79.52,4.427729472396,8.2021,31,Sport,
41100,2026-05-22 08:25:38,51.9882483703849,4.39036791763819,8.2021,,,4.427729472396,7.874016,0.223694,216.751647356,234.22901012,18,5,11.849,4.427729472396,8.2021,30.1092124,217.437342916,0.223694,0,0,274.3, 2.4, -1.2,,,0,0,1024,1024,1063,1684,0,0,6,100,270.9,0,0,95,3.958,3.953,3.965,0,0,0,7.99,79.52,4.427729472396,8.2021,31,Sport,
41200,2026-05-22 08:25:38,51.988248335877,4.39036803029466,8.2021,,,4.427729472396,7.874016,0.223694,216.772316648,234.257225344,18,5,11.849,4.427729472396,8.2021,30.1092124,217.437342916,0.223694,0,0,278.3, 2.6, -1.9,,,0,0,1024,1024,1060,1684,0,0,5,100,274.9,0,0,95,3.958,3.953,3.965,0,0,0,7.99,79.52,4.427729472396,8.2021,31,Sport,
41300,2026-05-22 08:25:38,51.9882490292559,4.39036760259518,8.2021,,,4.427729472396,7.874016,0.223694,216.501647348,234.527894644,18,5,11.849,4.427729472396,8.2021,30.1092124,217.437342916,0.223694,0,0,282.1, 3.1, -2.2,,,0,0,1024,1024,1060,1684,0,0,5,100,278.9,0,0,95,3.958,3.953,3.965,0,0,0,7.99,79.52,4.427729472396,8.2021,31,Sport,
41400,2026-05-22 08:25:38,51.9882490648261,4.39036773762157,7.874016,,,4.099645472396,7.874016,0.223694,216.500335012,234.561031128,18,5,11.849,4.427729472396,8.2021,30.1092124,217.437342916,0.223694,0,0,286.1, 3, -2.4,,,0,0,1024,1024,1087,1684,0,0,10,100,282.9,0,0,95,3.958,3.953,3.965,0,0,0,7.99,79.52,4.099645472396,7.874016,31,Sport,
41500,2026-05-22 08:25:38,51.98824958522,4.39036764644468,7.874016,,,4.099645472396,7.874016,0.223694,216.31562372,234.751976016,18,5,11.849,4.427729472396,8.2021,30.1092124,217.437342916,0.223694,0,0,290, 2.2, -2.7,,,0,0,1024,1024,1106,1684,0,0,12,100,286.9,0,0,95,3.958,3.953,3.965,0,0,0,7.99,79.52,4.099645472396,7.874016,31,Sport,
41600,2026-05-22 08:25:38,51.9882496653043,4.39036780014049,7.874016,,,4.099645472396,7.874016,0.223694,216.300531856,234.797251608,18,5,11.849,4.427729472396,8.2021,30.1092124,217.437342916,0.223694,0,0,294.1, 1.9, -3.1,,,0,0,1024,1024,1076,1684,0,0,8,100,290.9,0,0,95,3.958,3.953,3.965,0,0,0,7.99,79.52,4.099645472396,7.874016,31,Sport,
41700,2026-05-22 08:25:38,51.9882499561369,4.39036771825657,7.874016,,,4.099645472396,7.874016,0.223694,216.194888808,234.90486316,18,5,11.849,4.427729472396,8.2021,30.1092124,217.437342916,0.223694,0,0,298.1, 2.8, -3.3,,,0,0,1024,1024,1079,1684,0,0,8,100,294.9,0,0,95,3.958,3.953,3.965,0,0,0,7.99,79.52,4.099645472396,7.874016,31,Sport,
41800,2026-05-22 08:25:38,51.9882500534237,4.39036781338436,7.874016,,,4.099645472396,7.874016,0.223694,216.169298256,234.946201744,18,5,11.849,4.427729472396,8.2021,30.1092124,217.437342916,0.223694,0,0,301.7, 3.7, -3.3,,,0,0,1024,1024,1084,1684,0,0,9,100,298.9,0,0,95,3.958,3.953,3.965,0,0,0,7.99,79.52,4.099645472396,7.874016,31,Sport,
41900,2026-05-22 08:25:38,51.9882504244092,4.3903677014513,7.874016,,,4.099645472396,7.874016,0.223694,216.033799564,235.083997024,18,5,11.908,4.427729472396,8.2021,30.1092124,217.437342916,0.223694,0,0,305.5, 4.1, -2.6,,,0,0,1024,1024,1099,1684,0,0,11,100,302.9,0,0,95,3.964,3.958,3.964,0,0,0,6.45,79.7,4.099645472396,7.874016,31,Sport,
42000,2026-05-22 08:25:39,51.9882505482537,4.39036775311913,7.874016,,,4.099645472396,7.874016,0,215.995413736,235.130584952,18,5,11.908,4.427729472396,8.2021,30.1092124,217.437342916,0,0,0,309.5, 4.7, -2.4,,,0,0,1024,1024,1099,1684,0,0,11,100,306.9,0,0,95,3.964,3.958,3.964,0,0,0,6.45,79.7,4.099645472396,7.874016,31,Sport,
42100,2026-05-22 08:25:39,51.9882508423418,4.39036768815178,7.874016,,,4.099645472396,7.874016,0,215.890098772,235.238852672,18,5,11.908,4.427729472396,8.2021,30.1092124,217.437342916,0,0,0,313.5, 5, -2.6,,,0,0,1024,1024,1099,1684,0,0,11,100,310.9,0,0,95,3.964,3.958,3.964,0,0,0,6.45,79.7,4.099645472396,7.874016,31,Sport,
42200,2026-05-22 08:25:39,51.9882509869185,4.39036772187359,8.2021,,,4.427729472396,8.2021,0,215.843510844,235.292330364,18,5,11.908,4.427729472396,8.2021,30.1092124,217.437342916,0,0,-0.223694,317.4, 5, -3.3,,,0,0,1024,1024,1097,1684,0,0,11,100,314.9,0,0,95,3.964,3.958,3.964,0,0,0,6.45,79.7,4.427729472396,8.2021,31,Sport,
42300,2026-05-22 08:25:39,51.9882511187818,4.39036758840531,8.2021,,,4.427729472396,8.2021,0,215.787736564,235.348760812,18,5,11.908,4.427729472396,8.2021,30.1092124,217.437342916,0,0,-0.223694,321.3, 5.3, -2.8,,,0,0,1024,1024,1024,1684,0,0,0,100,318.9,0,0,95,3.964,3.958,3.964,0,0,0,6.45,79.7,4.427729472396,8.2021,31,Sport,
42400,2026-05-22 08:25:39,51.9882512484519,4.39036755070476,8.2021,,,4.427729472396,8.2021,0,215.740492468,235.39698916,18,5,11.908,4.427729472396,8.2021,30.1092124,217.437342916,0,0,-0.223694,325.2, 5.5, -2,,,0,0,1024,1024,1024,1024,0,0,0,0,322.8,0,0,95,3.964,3.958,3.964,0,0,0,6.45,79.7,4.427729472396,8.2021,31,Sport,
42500,2026-05-22 08:25:39,51.9882513221966,4.39036743434779,8.2021,,,4.427729472396,8.2021,0,215.706043648,235.434390736,18,5,11.908,4.427729472396,8.2021,30.1092124,217.437342916,0,0,0,327.9, 5.5, -1.3,,,0,0,1024,1024,1024,1024,0,0,0,0,325.6,0,0,95,3.964,3.958,3.964,0,0,0,6.45,79.7,4.427729472396,8.2021,31,Sport,
42600,2026-05-22 08:25:39,51.9882514476518,4.39036735485667,8.530184,,,4.755813472396,8.2021,0,215.657159132,235.483603336,18,5,11.908,4.755813472396,8.530184,30.1092124,217.437342916,0,0,0,330.5, 5.4, -0.7,,,0,0,1024,1024,1024,1024,0,0,0,0,327,0,0,95,3.964,3.958,3.964,0,0,0,6.45,79.7,4.755813472396,8.530184,31,Sport,
42700,2026-05-22 08:25:39,51.9882513820286,4.39036697058933,8.530184,,,4.755813472396,8.2021,0.223694,215.648628948,235.573170268,18,5,11.908,4.755813472396,8.530184,30.1092124,217.437342916,0,-0.223694,0,331.9, 5.4, 0,,,0,0,1024,1024,1024,1024,0,0,0,0,327.3,0,0,95,3.964,3.958,3.964,0,0,0,6.45,79.7,4.755813472396,8.530184,31,Sport,
42800,2026-05-22 08:25:39,51.9882514955585,4.39036684978064,8.530184,,,4.755813472396,8.2021,0.223694,215.6004006,235.622710952,18,5,11.908,4.755813472396,8.530184,30.1092124,217.437342916,0,-0.223694,0,332.5, 5.5, 0.6,,,0,0,1024,1024,1024,1024,0,0,0,0,327.3,0,0,95,3.964,3.958,3.964,0,0,0,6.45,79.7,4.755813472396,8.530184,31,Sport,
42900,2026-05-22 08:25:39,51.9882513627699,4.39036650607965,8.530184,,,4.755813472396,8.2021,0.223694,215.61844522,235.713918304,18,5,11.886,4.755813472396,8.530184,30.1092124,217.437342916,0,-0.223694,0,332.7, 5.4, 0.9,,,0,0,1024,1024,1024,1024,0,0,0,0,327.3,0,0,95,3.966,3.962,3.969,0,0,0,6.857,79.7,4.755813472396,8.530184,31,Sport,
43000,2026-05-22 08:25:40,51.9882514693434,4.3903663862726,8.530184,,,4.755813472396,8.2021,0,215.57251346,235.7611624,18,5,11.886,4.755813472396,8.530184,30.1092124,217.437342916,0,0,0,333.2, 5.2, 1.7,,,0,0,1024,1024,1024,1024,0,0,0,0,327.3,0,0,95,3.966,3.962,3.969,0,0,0,6.857,79.7,4.755813472396,8.530184,31,Sport,
43100,2026-05-22 08:25:40,51.9882514107794,4.39036629762764,8.530184,,,4.755813472396,8.2021,0,215.585308736,235.790361876,18,5,11.886,4.755813472396,8.530184,30.1092124,217.437342916,0,0,0,333.6, 5.1, 0.9,,,0,0,1024,1024,1024,1024,0,0,0,0,327.3,0,0,95,3.966,3.962,3.969,0,0,0,6.857,79.7,4.755813472396,8.530184,31,Sport,
43200,2026-05-22 08:25:40,51.9882515392844,4.39036625430679,8.530184,,,4.755813472396,8.2021,0,215.53806464,235.83826214,18,5,11.886,4.755813472396,8.530184,30.1092124,217.437342916,0,0,0,333.4, 5.3, 0.6,,,0,0,1024,1024,1024,1024,0,0,0,0,327.3,0,0,95,3.966,3.962,3.969,0,0,0,6.857,79.7,4.755813472396,8.530184,31,Sport,
43300,2026-05-22 08:25:40,51.988251405228,4.39036597507234,8.530184,,,4.755813472396,8.2021,0,215.561358604,235.917986552,18,5,11.886,4.755813472396,8.530184,30.1092124,217.437342916,0,0,0,333.3, 5.4, 0.5,,,0,0,1024,1024,1024,1024,0,0,0,0,327.3,0,0,95,3.966,3.962,3.969,0,0,0,6.857,79.7,4.755813472396,8.530184,31,Sport,
43400,2026-05-22 08:25:40,51.9882515265025,4.3903659380952,8.530184,,,4.755813472396,8.2021,0,215.517067264,235.96293406,18,5,11.886,4.755813472396,8.530184,30.1092124,217.437342916,0,0,0,333.2, 5.3, 0.5,,,0,0,1024,1024,1024,1024,0,0,0,0,327.3,0,0,95,3.966,3.962,3.969,0,0,0,6.857,79.7,4.755813472396,8.530184,31,Sport,
43500,2026-05-22 08:25:40,51.9882513873401,4.39036585381849,8.530184,,,4.755813472396,8.2021,0,215.558077764,236.01706792,18,5,11.886,4.755813472396,8.530184,30.1092124,217.437342916,0,0,0,333.2, 5.4, 0.8,,,0,0,1024,1024,1024,1024,0,0,0,0,327.3,0,0,95,3.966,3.962,3.969,0,0,0,6.857,79.7,4.755813472396,8.530184,31,Sport,
43600,2026-05-22 08:25:40,51.9882514994308,4.39036587304439,8.530184,,,4.755813472396,8.2021,0,215.521332356,236.05807842,18,5,11.886,4.755813472396,8.530184,30.1092124,217.437342916,0,0,0,333.3, 5.5, 0.1,,,0,0,1024,1024,1024,1024,0,0,0,0,327.3,0,0,95,3.966,3.962,3.969,0,0,0,6.857,79.7,4.755813472396,8.530184,31,Sport,
43700,2026-05-22 08:25:40,51.9882513328197,4.39036583392486,8.530184,,,4.755813472396,8.2021,0,215.575138132,236.119758212,18,5,11.886,4.755813472396,8.530184,30.1092124,217.437342916,0,0,0,333.3, 5.5, -0.5,,,0,0,1024,1024,1024,1024,0,0,0,0,327.3,0,0,95,3.966,3.962,3.969,0,0,0,6.857,79.7,4.755813472396,8.530184,31,Sport,
43800,2026-05-22 08:25:40,51.9882514236985,4.39036590156326,8.530184,,,4.755813472396,8.2021,0,215.549219496,236.156175536,18,5,11.886,4.755813472396,8.530184,30.1092124,217.437342916,0,0,0,333, 5.2, -1.4,,,0,0,1024,1024,1024,1024,0,0,0,0,327.3,0,0,95,3.966,3.962,3.969,0,0,0,6.857,79.7,4.755813472396,8.530184,31,Sport,
43900,2026-05-22 08:25:41,51.9882512511933,4.39036578209008,8.530184,,,4.755813472396,8.2021,0,215.59876018,236.224417008,18,5,11.899,4.755813472396,8.530184,30.1092124,217.437342916,0,0,0,332.6, 5, -1.1,,,0,0,1024,1024,1024,1024,0,0,0,0,327.3,0,0,95,3.968,3.966,3.974,0,0,0,6.561,79.7,4.755813472396,8.530184,31,Sport,
44000,2026-05-22 08:25:41,51.9882513041374,4.39036580126031,8.530184,,,4.755813472396,8.2021,0,215.582027896,236.244430132,18,5,11.899,4.755813472396,8.530184,30.1092124,217.437342916,0,0,0,332.5, 5, -0.2,,,0,0,1024,1024,1024,1024,0,0,0,0,327.3,0,0,95,3.968,3.966,3.974,0,0,0,6.561,79.7,4.755813472396,8.530184,31,Sport,
44100,2026-05-22 08:25:41,51.9882512778195,4.39036564703586,8.530184,,,4.755813472396,8.2021,0,215.578747056,236.280191288,18,5,11.899,4.755813472396,8.530184,30.1092124,217.437342916,0,0,0,332.6, 4.8, 0.1,,,0,0,1024,1024,1024,1024,0,0,0,0,327.3,0,0,95,3.968,3.966,3.974,0,0,0,6.561,79.7,4.755813472396,8.530184,31,Sport,
44200,2026-05-22 08:25:41,51.9882513143835,4.39036565808171,8.530184,,,4.755813472396,8.2021,0,215.567264116,236.293970816,18,5,11.899,4.755813472396,8.530184,30.1092124,217.437342916,0,0,0,332.8, 4.8, 0,,,0,0,1024,1024,1024,1024,0,0,0,0,327.3,0,0,95,3.968,3.966,3.974,0,0,0,6.561,79.7,4.755813472396,8.530184,31,Sport,
44300,2026-05-22 08:25:41,51.9882511442428,4.39036573086741,8.530184,,,4.755813472396,8.2021,0,215.631240496,236.357947196,18,5,11.899,4.755813472396,8.530184,30.1092124,217.437342916,0,0,0,332.9, 4.7, -0.1,,,0,0,1024,1024,1024,1024,0,0,0,0,327.3,0,0,95,3.968,3.966,3.974,0,0,0,6.561,79.7,4.755813472396,8.530184,31,Sport,
44400,2026-05-22 08:25:41,51.9882511566821,4.39036574580851,8.530184,,,4.755813472396,8.2021,0,215.627959656,236.363524624,18,5,11.899,4.755813472396,8.530184,30.1092124,217.437342916,0,0,0,332.9, 4.5, 0,,,0,0,1024,1024,1024,1024,0,0,0,0,327.3,0,0,95,3.968,3.966,3.974,0,0,0,6.561,79.7,4.755813472396,8.530184,31,Sport,
44500,2026-05-22 08:25:41,51.9882510636445,4.39036571525855,8.530184,,,4.755813472396,8.2021,0,215.657487216,236.398301528,18,5,11.899,4.755813472396,8.530184,30.1092124,217.437342916,0,0,0,332.9, 4.5, 0.3,,,0,0,1024,1024,1024,1024,0,0,0,0,327.3,0,0,95,3.968,3.966,3.974,0,0,0,6.561,79.7,4.755813472396,8.530184,31,Sport,
44600,2026-05-22 08:25:41,51.9882510637816,4.39036572304907,8.530184,,,4.755813472396,8.2021,0,215.658143384,236.399941948,18,5,11.899,4.755813472396,8.530184,30.1092124,217.437342916,0,0,0,333, 4.5, 0.2,,,0,0,1024,1024,1024,1024,0,0,0,0,327.3,0,0,95,3.968,3.966,3.974,0,0,0,6.561,79.7,4.755813472396,8.530184,31,Sport,
44700,2026-05-22 08:25:41,51.9882508563916,4.39036567914393,8.530184,,,4.755813472396,8.2021,0,215.725400604,236.47638552,18,5,11.899,4.755813472396,8.530184,30.1092124,217.437342916,0,0,0,333, 4.3, 0,,,0,0,1024,1024,1024,1024,0,0,0,0,327.3,0,0,95,3.968,3.966,3.974,0,0,0,6.561,79.7,4.755813472396,8.530184,31,Sport,
44800,2026-05-22 08:25:41,51.9882508289086,4.39036566283948,8.530184,,,4.755813472396,8.2021,0,215.73327462,236.486884208,18,5,11.899,4.755813472396,8.530184,30.1092124,217.437342916,0,0,0,332.9, 4.3, 0.4,,,0,0,1024,1024,1024,1024,0,0,0,0,327.3,0,0,95,3.968,3.966,3.974,0,0,0,6.561,79.7,4.755813472396,8.530184,31,Sport,
44900,2026-05-22 08:25:42,51.9882508279834,4.39036559909634,8.530184,,,4.755813472396,8.2021,0,215.728681444,236.501319904,18,5,11.886,4.755813472396,8.530184,30.1092124,217.437342916,0,0,0,333, 4.3, 0.9,,,0,0,1024,1024,1024,1024,0,0,0,0,327.3,0,0,95,3.964,3.961,3.967,0,0,0,6.762,79.7,4.755813472396,8.530184,31,Sport,
45000,2026-05-22 08:25:42,51.9882507908711,4.39036555204717,8.2021,,,4.427729472396,8.2021,0,215.737539712,236.518380272,18,5,11.886,4.755813472396,8.530184,30.1092124,217.437342916,0,0,0,333.1, 4, 0.7,,,0,0,1024,1024,1024,1024,0,0,0,0,327.3,0,0,95,3.964,3.961,3.967,0,0,0,6.762,79.7,4.427729472396,8.2021,31,Sport,
45100,2026-05-22 08:25:42,51.9882507973821,4.39036565393602,8.2021,,,4.427729472396,8.2021,0,215.743445224,236.541674236,18,5,11.886,4.755813472396,8.530184,30.1092124,217.437342916,0,0,0,332.9, 4, 1.2,,,0,0,1024,1024,1024,1024,0,0,0,0,327.3,0,0,95,3.964,3.961,3.967,0,0,0,6.762,79.7,4.427729472396,8.2021,31,Sport,
45200,2026-05-22 08:25:42,51.9882507590019,4.39036559227963,8.2021,,,4.427729472396,8.2021,0,215.751647324,236.561359276,18,5,11.886,4.755813472396,8.530184,30.1092124,217.437342916,0,0,0,332.9, 4.2, 1.6,,,0,0,1024,1024,1024,1024,0,0,0,0,327.3,0,0,95,3.964,3.961,3.967,0,0,0,6.762,79.7,4.427729472396,8.2021,31,Sport,
45300,2026-05-22 08:25:42,51.9882506338894,4.39036554726156,8.2021,,,4.427729472396,8.2021,0,215.79068932,236.607947204,18,5,11.886,4.755813472396,8.530184,30.1092124,217.437342916,0,0,0,333, 4.7, 1.9,,,0,0,1024,1024,1024,1024,0,0,0,0,327.3,0,0,95,3.964,3.961,3.967,0,0,0,6.762,79.7,4.427729472396,8.2021,31,Sport,
45400,2026-05-22 08:25:42,51.9882505959205,4.39036548029092,8.2021,,,4.427729472396,8.2021,0,215.798235252,236.628288412,18,5,11.886,4.755813472396,8.530184,30.1092124,217.437342916,0,0,0,333.4, 4.8, 2.4,,,0,0,1024,1024,1024,1024,0,0,0,0,327.3,0,0,95,3.964,3.961,3.967,0,0,0,6.762,79.7,4.427729472396,8.2021,31,Sport,
45500,2026-05-22 08:25:42,51.9882506886497,4.39036538480143,8.2021,,,4.427729472396,8.2021,0,215.759193256,236.668642744,18,5,11.886,4.755813472396,8.530184,30.1092124,217.437342916,0,0,0,333.7, 4.5, 2.2,,,0,0,1024,1024,1024,1024,0,0,0,0,327.3,0,0,95,3.964,3.961,3.967,0,0,0,6.762,79.7,4.427729472396,8.2021,31,Sport,
45600,2026-05-22 08:25:42,51.9882506610982,4.39036537709439,8.2021,,,4.427729472396,8.2021,0,215.768051524,236.678813348,18,5,11.886,4.755813472396,8.530184,30.1092124,217.437342916,0,0,0,333.7, 4, 1,,,0,0,1024,1024,1024,1024,0,0,0,0,327.3,0,0,95,3.964,3.961,3.967,0,0,0,6.762,79.7,4.427729472396,8.2021,31,Sport,
45700,2026-05-22 08:25:42,51.9882505889641,4.390365421083,8.2021,,,4.427729472396,8.2021,0,215.795938664,236.706700488,18,5,11.886,4.755813472396,8.530184,30.1092124,217.437342916,0,0,0,333.3, 3.8, 1,,,0,0,1024,1024,1024,1024,0,0,0,0,327.3,0,0,95,3.964,3.961,3.967,0,0,0,6.762,79.7,4.427729472396,8.2021,31,Sport,
45800,2026-05-22 08:25:42,51.9882505601789,4.3903654226411,8.2021,,,4.427729472396,8.2021,0,215.806109268,236.717199176,18,5,11.886,4.755813472396,8.530184,30.1092124,217.437342916,0,0,0,333.2, 3.8, 1.2,,,0,0,1024,1024,1024,1024,0,0,0,0,327.3,0,0,95,3.964,3.961,3.967,0,0,0,6.762,79.7,4.427729472396,8.2021,31,Sport,
45900,2026-05-22 08:25:43,51.9882506341293,4.39036545497176,8.2021,,,4.427729472396,8.2021,0,215.783471472,236.7454144,18,5,11.894,4.755813472396,8.530184,30.1092124,217.437342916,0,0,0,333.3, 4.2, 1.1,,,0,0,1024,1024,1024,1024,0,0,0,0,327.3,0,0,95,3.963,3.959,3.966,0,0,0,6.833,79.7,4.427729472396,8.2021,31,Sport,
46000,2026-05-22 08:25:43,51.9882506287835,4.3903654770078,8.2021,,,4.427729472396,8.2021,0,215.786752312,236.750663744,18,5,11.894,4.755813472396,8.530184,30.1092124,217.437342916,0,0,0,333.4, 4.6, 0.4,,,0,0,1024,1024,1024,1024,0,0,0,0,327.3,0,0,95,3.963,3.959,3.966,0,0,0,6.833,79.7,4.427729472396,8.2021,31,Sport,
46100,2026-05-22 08:25:43,51.9882507079426,4.39036552717317,8.2021,,,4.427729472396,8.2021,0,215.763786432,236.78150364,18,5,11.894,4.755813472396,8.530184,30.1092124,217.437342916,0,0,0,333.3, 4.7, 0.3,,,0,0,1024,1024,1024,1024,0,0,0,0,327.3,0,0,95,3.963,3.959,3.966,0,0,0,6.833,79.7,4.427729472396,8.2021,31,Sport,
46200,2026-05-22 08:25:43,51.988250714008,4.39036553899806,8.2021,,,4.427729472396,8.2021,0,215.76280218,236.785112564,18,5,11.894,4.755813472396,8.530184,30.1092124,217.437342916,0,0,0,333.2, 4.8, 0.5,,,0,0,1024,1024,1024,1024,0,0,0,0,327.3,0,0,95,3.963,3.959,3.966,0,0,0,6.833,79.7,4.427729472396,8.2021,31,Sport,
46300,2026-05-22 08:25:43,51.9882507648275,4.39036551902095,8.2021,,,4.427729472396,8.2021,0,215.743773308,236.804141436,18,5,11.894,4.755813472396,8.530184,30.1092124,217.437342916,0,0,0,333.3, 4.9, 0.2,,,0,0,1024,1024,1024,1024,0,0,0,0,327.3,0,0,95,3.963,3.959,3.966,0,0,0,6.833,79.7,4.427729472396,8.2021,31,Sport,
46400,2026-05-22 08:25:43,51.9882507618462,4.3903655075021,8.2021,,,4.427729472396,8.2021,0,215.743773308,236.806766108,18,5,11.894,4.755813472396,8.530184,30.1092124,217.437342916,0,0,0,333.2, 4.9, 0.5,,,0,0,1024,1024,1024,1024,0,0,0,0,327.3,0,0,95,3.963,3.959,3.966,0,0,0,6.833,79.7,4.427729472396,8.2021,31,Sport,
46500,2026-05-22 08:25:43,51.9882508979244,4.39036542130558,8.2021,,,4.427729472396,8.2021,0,215.6906237,236.8602438,18,5,11.894,4.755813472396,8.530184,30.1092124,217.437342916,0,0,0,333.2, 4.5, 0.9,,,0,0,1024,1024,1024,1024,0,0,0,0,327.3,0,0,95,3.963,3.959,3.966,0,0,0,6.833,79.7,4.427729472396,8.2021,31,Sport,
46600,2026-05-22 08:25:43,51.9882508837717,4.39036539342665,8.2021,,,4.427729472396,8.2021,0,215.693248372,236.8684459,18,5,11.894,4.755813472396,8.530184,30.1092124,217.437342916,0,0,0,333.3, 4.3, 1.4,,,0,0,1024,1024,1024,1024,0,0,0,0,327.3,0,0,95,3.963,3.959,3.966,0,0,0,6.833,79.7,4.427729472396,8.2021,31,Sport,
46700,2026-05-22 08:25:43,51.9882509640959,4.39036551462487,8.2021,,,4.427729472396,8.2021,0,215.675531836,236.908472148,18,5,11.894,4.755813472396,8.530184,30.1092124,217.437342916,0,0,0,333.5, 4.3, 1.6,,,0,0,1024,1024,1024,1024,0,0,0,0,327.3,0,0,95,3.963,3.959,3.966,0,0,0,6.833,79.7,4.427729472396,8.2021,31,Sport,
46800,2026-05-22 08:25:43,51.9882509553919,4.39036551237118,8.2021,,,4.427729472396,8.2021,0,215.678156508,236.911424904,18,5,11.894,4.755813472396,8.530184,30.1092124,217.437342916,0,0,0,333.6, 4.1, 1.2,,,0,0,1024,1024,1024,1024,0,0,0,0,327.3,0,0,95,3.963,3.959,3.966,0,0,0,6.833,79.7,4.427729472396,8.2021,31,Sport,
46900,2026-05-22 08:25:44,51.9882508959369,4.39036554300462,8.2021,,,4.427729472396,8.2021,0,215.701122388,236.934390784,18,5,11.891,4.755813472396,8.530184,30.1092124,217.437342916,0,0,0,333.6, 4, 1.3,,,0,0,1024,1024,1024,1024,0,0,0,0,327.3,0,0,95,3.963,3.959,3.966,0,0,0,6.799,79.88,4.427729472396,8.2021,31,Sport,
47000,2026-05-22 08:25:44,51.9882508755474,4.390365565931,8.2021,,,4.427729472396,8.2021,0,215.709652572,236.943249052,18,5,11.891,4.755813472396,8.530184,30.1092124,217.437342916,0,0,0,333.6, 3.6, 0.8,,,0,0,1024,1024,1024,1024,0,0,0,0,327.3,0,0,95,3.963,3.959,3.966,0,0,0,6.799,79.88,4.427729472396,8.2021,31,Sport,
47100,2026-05-22 08:25:44,51.9882508755131,4.39036546932857,8.2021,,,4.427729472396,8.2021,0,215.70210664,236.96523068,18,5,11.891,4.755813472396,8.530184,30.1092124,217.437342916,0,0,0,333.4, 3.5, 0.9,,,0,0,1024,1024,1024,1024,0,0,0,0,327.3,0,0,95,3.963,3.959,3.966,0,0,0,6.799,79.88,4.427729472396,8.2021,31,Sport,
47200,2026-05-22 08:25:44,51.9882508475847,4.39036548554955,8.2021,,,4.427729472396,8.2021,0,215.712933412,236.975729368,18,5,11.891,4.755813472396,8.530184,30.1092124,217.437342916,0,0,0,333.4, 3.3, 1.4,,,0,0,1024,1024,1024,1024,0,0,0,0,327.3,0,0,95,3.963,3.959,3.966,0,0,0,6.799,79.88,4.427729472396,8.2021,31,Sport,
47300,2026-05-22 08:25:44,51.9882508588589,4.39036553858072,8.2021,,,4.427729472396,8.2021,0,215.713261496,236.988524644,18,5,11.891,4.755813472396,8.530184,30.1092124,217.437342916,0,0,0,333.4, 3, 1.2,,,0,0,1024,1024,1024,1024,0,0,0,0,327.3,0,0,95,3.963,3.959,3.966,0,0,0,6.799,79.88,4.427729472396,8.2021,31,Sport,
47400,2026-05-22 08:25:44,51.9882508440551,4.39036557936966,8.2021,,,4.427729472396,8.2021,0,215.721463596,236.999023332,18,5,11.891,4.755813472396,8.530184,30.1092124,217.437342916,0,0,0,333.3, 3.1, 0.9,,,0,0,1024,1024,1024,1024,0,0,0,0,327.3,0,0,95,3.963,3.959,3.966,0,0,0,6.799,79.88,4.427729472396,8.2021,31,Sport,
47500,2026-05-22 08:25:44,51.9882507258648,4.39036557814543,8.2021,,,4.427729472396,8.2021,0,215.761817928,237.04233042,18,5,11.891,4.755813472396,8.530184,30.1092124,217.437342916,0,0,0,333.3, 3, 0.9,,,0,0,1024,1024,1024,1024,0,0,0,0,327.3,0,0,95,3.963,3.959,3.966,0,0,0,6.799,79.88,4.427729472396,8.2021,31,Sport,
47600,2026-05-22 08:25:44,51.9882507156186,4.39036561434352,8.2021,,,4.427729472396,8.530184,0,215.768051524,237.051188688,18,5,11.891,4.755813472396,8.530184,30.1092124,217.437342916,0,0,0,333.3, 3, 0.9,,,0,0,1024,1024,1024,1024,0,0,0,0,327.3,0,0,95,3.963,3.959,3.966,0,0,0,6.799,79.88,4.427729472396,8.2021,31,Sport,
47700,2026-05-22 08:25:44,51.9882508146532,4.39036575012113,8.2021,,,4.427729472396,8.530184,0,215.745085644,237.098432784,18,5,11.891,4.755813472396,8.530184,30.1092124,217.437342916,0,0,0,333.3, 3.2, 0.7,,,0,0,1024,1024,1024,1024,0,0,0,0,327.3,0,0,95,3.963,3.959,3.966,0,0,0,6.799,79.88,4.427729472396,8.2021,31,Sport,
47800,2026-05-22 08:25:44,51.9882508286688,4.39036578515064,8.2021,,,4.427729472396,8.530184,0,215.74311714,237.10794722,18,5,11.891,4.755813472396,8.530184,30.1092124,217.437342916,0,0,0,333.2, 3.6, 0.7,,,0,0,1024,1024,1024,1024,0,0,0,0,327.3,0,0,95,3.963,3.959,3.966,0,0,0,6.799,79.88,4.427729472396,8.2021,31,Sport,
47900,2026-05-22 08:25:44,51.9882507390237,4.39036567318975,8.2021,,,4.427729472396,8.530184,0,215.764770684,237.149285804,18,5,11.889,4.755813472396,8.530184,30.1092124,217.437342916,0,0,0,333.2, 3.4, 0.8,,,0,0,1024,1024,1024,1024,0,0,0,0,327.3,0,0,94,3.962,3.959,3.967,0,0,0,6.947,79.88,4.427729472396,8.2021,31,Sport,
48000,2026-05-22 08:25:45,51.9882507635253,4.39036567794753,8.2021,,,4.427729472396,8.530184,0,215.756896668,237.158144072,18,5,11.889,4.755813472396,8.530184,30.1092124,217.437342916,0,0,0,333.3, 3.9, 0.9,,,0,0,1024,1024,1024,1024,0,0,0,0,327.3,0,0,94,3.962,3.959,3.967,0,0,0,6.947,79.88,4.427729472396,8.2021,31,Sport,
48100,2026-05-22 08:25:45,51.9882506680204,4.39036573698854,8.2021,,,4.427729472396,8.530184,0,215.794298244,237.195545648,18,5,11.889,4.755813472396,8.530184,30.1092124,217.437342916,0,0,0,333.3, 4.5, 0.7,,,0,0,1024,1024,1024,1024,0,0,0,0,327.3,0,0,94,3.962,3.959,3.967,0,0,0,6.947,79.88,4.427729472396,8.2021,31,Sport,
48200,2026-05-22 08:25:45,51.9882507019114,4.3903657477005,8.2021,,,4.427729472396,8.530184,0,215.783471472,237.20801284,18,5,11.889,4.755813472396,8.530184,30.1092124,217.437342916,0,0,0,333.3, 4.8, 0.5,,,0,0,1024,1024,1024,1024,0,0,0,0,327.3,0,0,94,3.962,3.959,3.967,0,0,0,6.947,79.88,4.427729472396,8.2021,31,Sport,
48300,2026-05-22 08:25:45,51.9882507463913,4.3903659942426,8.2021,,,4.427729472396,8.530184,0,215.787736564,237.265755624,18,5,11.889,4.755813472396,8.530184,30.1092124,217.437342916,0,0,0,333.2, 4.8, 0.5,,,0,0,1024,1024,1024,1024,0,0,0,0,327.3,0,0,94,3.962,3.959,3.967,0,0,0,6.947,79.88,4.427729472396,8.2021,31,Sport,
48400,2026-05-22 08:25:45,51.9882507644848,4.39036602682366,8.2021,,,4.427729472396,8.530184,0,215.78412764,237.275598144,18,5,11.889,4.755813472396,8.530184,30.1092124,217.437342916,0,0,0,333.2, 4.6, 0.6,,,0,0,1024,1024,1024,1024,0,0,0,0,327.3,0,0,94,3.962,3.959,3.967,0,0,0,6.947,79.88,4.427729472396,8.2021,31,Sport,
48500,2026-05-22 08:25:45,51.9882508845942,4.39036597075975,8.2021,,,4.427729472396,8.530184,0,215.738852048,237.32120182,18,5,11.889,4.755813472396,8.530184,30.1092124,217.437342916,0,0,0,333.3, 4.5, 0.7,,,0,0,1024,1024,1024,1024,0,0,0,0,327.3,0,0,94,3.962,3.959,3.967,0,0,0,6.947,79.88,4.427729472396,8.2021,31,Sport,
48600,2026-05-22 08:25:45,51.9882509044011,4.39036600673525,8.2021,,,4.427729472396,8.530184,0,215.73491504,237.332028592,18,5,11.889,4.755813472396,8.530184,30.1092124,217.437342916,0,0,0,333.3, 4.4, 0.8,,,0,0,1024,1024,1024,1024,0,0,0,0,327.3,0,0,94,3.962,3.959,3.967,0,0,0,6.947,79.88,4.427729472396,8.2021,31,Sport,
48700,2026-05-22 08:25:45,51.9882509501831,4.39036597621311,8.2021,,,4.427729472396,8.530184,0,215.71687042,237.350073212,18,5,11.889,4.755813472396,8.530184,30.1092124,217.437342916,0,0,0,333.3, 4.4, 0.5,,,0,0,1024,1024,1024,1024,0,0,0,0,327.3,0,0,94,3.962,3.959,3.967,0,0,0,6.947,79.88,4.427729472396,8.2021,31,Sport,
48800,2026-05-22 08:25:45,51.9882509690305,4.39036602326228,8.2021,,,4.427729472396,8.530184,0,215.714245748,237.362868488,18,5,11.889,4.755813472396,8.530184,30.1092124,217.437342916,0,0,0,333.3, 4.4, 0.1,,,0,0,1024,1024,1024,1024,0,0,0,0,327.3,0,0,94,3.962,3.959,3.967,0,0,0,6.947,79.88,4.427729472396,8.2021,31,Sport,
48900,2026-05-22 08:25:45,51.9882508892546,4.39036600553885,8.2021,,,4.427729472396,8.530184,0,215.7398363,237.392067964,18,5,11.886,4.755813472396,8.530184,30.1092124,217.437342916,0,0,0,333.2, 4, 0.3,,,0,0,1024,1024,1024,1024,0,0,0,0,327.3,0,0,94,3.963,3.96,3.966,0,0,0,6.923,79.88,4.427729472396,8.2021,31,Sport,
49000,2026-05-22 08:25:46,51.9882508797624,4.39036604109701,8.2021,,,4.427729472396,8.530184,0,215.746069896,237.400926232,18,5,11.886,4.755813472396,8.530184,30.1092124,217.437342916,0,0,0,333.1, 4, 0.8,,,0,0,1024,1024,1024,1024,0,0,0,0,327.3,0,0,94,3.963,3.96,3.966,0,0,0,6.923,79.88,4.427729472396,8.2021,31,Sport,
49100,2026-05-22 08:25:46,51.9882509772206,4.3903659922115,8.2021,,,4.427729472396,8.858268,0,215.708996404,237.437999724,18,5,11.886,4.755813472396,8.530184,30.1092124,217.437342916,0,0,0,333.2, 3.8, 0.9,,,0,0,1024,1024,1024,1024,0,0,0,0,327.3,0,0,94,3.963,3.96,3.966,0,0,0,6.923,79.88,4.427729472396,8.2021,31,Sport,
49200,2026-05-22 08:25:46,51.9882509730399,4.39036603291696,8.2021,,,4.427729472396,8.858268,0,215.71358958,237.447186076,18,5,11.886,4.755813472396,8.530184,30.1092124,217.437342916,0,0,0,333.3, 3.8, 0.9,,,0,0,1024,1024,1024,1024,0,0,0,0,327.3,0,0,94,3.963,3.96,3.966,0,0,0,6.923,79.88,4.427729472396,8.2021,31,Sport,
49300,2026-05-22 08:25:46,51.9882509163263,4.39036613984184,8.2021,,,4.427729472396,8.858268,0,215.74147672,237.479010224,18,5,11.886,4.755813472396,8.530184,30.1092124,217.437342916,0,0,0,333.3, 3.7, 0.5,,,0,0,1024,1024,1024,1024,0,0,0,0,327.3,0,0,94,3.963,3.96,3.966,0,0,0,6.923,79.88,4.427729472396,8.2021,31,Sport,
49400,2026-05-22 08:25:46,51.9882509066627,4.39036619896631,8.2021,,,4.427729472396,8.858268,0,215.749350736,237.492789752,18,5,11.886,4.755813472396,8.530184,30.1092124,217.437342916,0,0,0,333.3, 3.6, 0.3,,,0,0,1024,1024,1024,1024,0,0,0,0,327.3,0,0,94,3.963,3.96,3.966,0,0,0,6.923,79.88,4.427729472396,8.2021,31,Sport,
49500,2026-05-22 08:25:46,51.9882509050521,4.39036630188462,8.2021,,,4.427729472396,8.858268,0,215.758209004,237.515755632,18,5,11.886,4.755813472396,8.530184,30.1092124,217.437342916,0,0,0,333.1, 3.2, 0.4,,,0,0,1024,1024,1024,1024,0,0,0,0,327.3,0,0,94,3.963,3.96,3.966,0,0,0,6.923,79.88,4.427729472396,8.2021,31,Sport,
49600,2026-05-22 08:25:46,51.9882508901798,4.39036634812692,8.2021,,,4.427729472396,8.858268,0,215.767067272,237.527566656,18,5,11.886,4.755813472396,8.530184,30.1092124,217.437342916,0,0,0,333.1, 3.3, 1.1,,,0,0,1024,1024,1024,1024,0,0,0,0,327.3,0,0,94,3.963,3.96,3.966,0,0,0,6.923,79.88,4.427729472396,8.2021,31,Sport,
49700,2026-05-22 08:25:46,51.9882507382698,4.39036638908279,8.2021,,,4.427729472396,8.858268,0,215.822185384,237.58366902,18,5,11.886,4.755813472396,8.530184,30.1092124,217.437342916,0,0,0,333.1, 3.1, 1.1,,,0,0,1024,1024,1024,1024,0,0,0,0,327.3,0,0,94,3.963,3.96,3.966,0,0,0,6.923,79.88,4.427729472396,8.2021,31,Sport,
49800,2026-05-22 08:25:46,51.9882507132884,4.39036645335457,8.2021,,,4.427729472396,8.858268,0,215.835636828,237.600729388,18,5,11.886,4.755813472396,8.530184,30.1092124,217.437342916,0,0,0,333.2, 3, 0.8,,,0,0,1024,1024,1024,1024,0,0,0,0,327.3,0,0,94,3.963,3.96,3.966,0,0,0,6.923,79.88,4.427729472396,8.2021,31,Sport,
49900,2026-05-22 08:25:46,51.9882507507776,4.39036651030883,8.2021,,,4.427729472396,8.858268,0,215.827434728,237.619430176,18,5,11.888,4.755813472396,8.530184,30.1092124,217.437342916,0,0,0,333.1, 3.1, 0.5,,,0,0,1024,1024,1024,1024,0,0,0,0,327.3,0,0,94,3.963,3.96,3.967,0,0,0,6.864,79.88,4.427729472396,8.2021,31,Sport,
50000,2026-05-22 08:25:47,51.9882507327526,4.39036660220913,8.530184,,,4.755813472396,8.858268,0,215.840886172,237.641411804,18,5,11.888,4.755813472396,8.530184,30.1092124,217.437342916,0,0,0,333.1, 2.8, 0.4,,,0,0,1024,1024,1024,1024,0,0,0,0,327.3,0,0,94,3.963,3.96,3.967,0,0,0,6.864,79.88,4.755813472396,8.530184,31,Sport,
50100,2026-05-22 08:25:47,51.9882507837091,4.39036654428106,8.530184,,,4.755813472396,8.858268,0,215.818904544,237.6640496,18,5,11.888,4.755813472396,8.530184,30.1092124,217.437342916,0,0,0,333.1, 2.8, 0,,,0,0,1024,1024,1024,1024,0,0,0,0,327.3,0,0,94,3.963,3.96,3.967,0,0,0,6.864,79.88,4.755813472396,8.530184,31,Sport,
50200,2026-05-22 08:25:47,51.9882507770269,4.39036662975418,8.530184,,,4.755813472396,8.858268,0,215.828090896,237.683406556,18,5,11.888,4.755813472396,8.530184,30.1092124,217.437342916,0,0,0,333.1, 2.8, -0.1,,,0,0,1024,1024,1024,1024,0,0,0,0,327.3,0,0,94,3.963,3.96,3.967,0,0,0,6.864,79.88,4.755813472396,8.530184,31,Sport,
50300,2026-05-22 08:25:47,51.9882506569175,4.39036670020273,8.530184,,,4.755813472396,8.858268,0,215.874678824,237.729994484,19,5,11.888,4.755813472396,8.530184,30.1092124,217.437342916,0,0,0,333.1, 2.8, 0,,,0,0,1024,1024,1024,1024,0,0,0,0,327.3,0,0,94,3.963,3.96,3.967,0,0,0,6.864,79.88,4.755813472396,8.530184,31,Sport,
50400,2026-05-22 08:25:47,51.9882506394751,4.39036676544832,8.530184,,,4.755813472396,8.858268,0,215.88583368,237.745742516,19,5,11.888,4.755813472396,8.530184,30.1092124,217.437342916,0,0,0,333.1, 2.8, 0,,,0,0,1024,1024,1024,1024,0,0,0,0,327.3,0,0,94,3.963,3.96,3.967,0,0,0,6.864,79.88,4.755813472396,8.530184,31,Sport,
50500,2026-05-22 08:25:47,51.9882506892323,4.39036687604586,8.530184,,,4.755813472396,8.858268,0,215.87763158,237.776582412,19,5,11.888,4.755813472396,8.530184,30.1092124,217.437342916,0,0,0,333.1, 2.9, 0.2,,,0,0,1024,1024,1024,1024,0,0,0,0,327.3,0,0,94,3.963,3.96,3.967,0,0,0,6.864,79.88,4.755813472396,8.530184,31,Sport,
50600,2026-05-22 08:25:47,51.9882506775811,4.39036692409667,8.530184,,,4.755813472396,8.858268,0,215.885177512,237.788393436,19,5,11.888,4.755813472396,8.530184,30.1092124,217.437342916,0,0,0,333, 3.1, 0.2,,,0,0,1024,1024,1024,1024,0,0,0,0,327.3,0,0,94,3.963,3.96,3.967,0,0,0,6.864,79.88,4.755813472396,8.530184,31,Sport,
50700,2026-05-22 08:25:47,51.9882506989301,4.3903668543437,8.530184,,,4.755813472396,8.858268,0,215.872382236,237.805781888,19,5,11.888,4.755813472396,8.530184,30.1092124,217.437342916,0,0,0,333.1, 3.2, 0.6,,,0,0,1024,1024,1024,1024,0,0,0,0,327.3,0,0,94,3.963,3.96,3.967,0,0,0,6.864,79.88,4.755813472396,8.530184,31,Sport,
50800,2026-05-22 08:25:47,51.9882506843662,4.3903668814714,8.530184,,,4.755813472396,8.858268,0,215.879600084,237.813983988,19,5,11.888,4.755813472396,8.530184,30.1092124,217.437342916,0,0,0,333.1, 3.2, 0.7,,,0,0,1024,1024,1024,1024,0,0,0,0,327.3,0,0,94,3.963,3.96,3.967,0,0,0,6.864,79.88,4.755813472396,8.530184,31,Sport,
50900,2026-05-22 08:25:47,51.9882506974566,4.39036704404283,8.530184,,,4.755813472396,8.858268,0,215.888130268,237.850729396,19,5,11.902,4.755813472396,8.530184,30.1092124,217.437342916,0,0,0,333.2, 3, 0.6,,,0,0,1024,1024,1024,1024,0,0,0,0,327.3,0,0,94,3.967,3.963,3.969,0,0,0,6.668,79.88,4.755813472396,8.530184,31,Sport,
51000,2026-05-22 08:25:48,51.9882506803911,4.39036709546026,8.530184,,,4.755813472396,8.858268,0,215.897972788,237.863852756,19,5,11.902,4.755813472396,8.530184,30.1092124,217.437342916,0,0,0,333.2, 2.8, 0.3,,,0,0,1024,1024,1024,1024,0,0,0,0,327.3,0,0,94,3.967,3.963,3.969,0,0,0,6.668,79.88,4.755813472396,8.530184,31,Sport,
51100,2026-05-22 08:25:48,51.9882505216274,4.39036715594807,8.530184,,,4.755813472396,8.858268,0,215.957027908,237.92323596,19,5,11.902,4.755813472396,8.530184,30.1092124,217.437342916,0,0,0,333.1, 2.5, 0.4,,,0,0,1024,1024,1024,1024,0,0,0,0,327.3,0,0,94,3.967,3.963,3.969,0,0,0,6.668,79.88,4.755813472396,8.530184,31,Sport,
51200,2026-05-22 08:25:48,51.9882504854061,4.39036720842278,8.530184,,,4.755813472396,8.858268,0,215.973432108,237.940952496,19,5,11.902,4.755813472396,8.530184,30.1092124,217.437342916,0,0,0,333, 2.5, 0.6,,,0,0,1024,1024,1024,1024,0,0,0,0,327.3,0,0,94,3.967,3.963,3.969,0,0,0,6.668,79.88,4.755813472396,8.530184,31,Sport,
51300,2026-05-22 08:25:48,51.9882505203253,4.39036729787463,8.530184,,,4.755813472396,8.858268,0,215.968838932,237.964902628,19,5,11.902,4.755813472396,8.530184,30.1092124,217.437342916,0,0,0,333, 2.4, 0.8,,,0,0,1024,1024,1024,1024,0,0,0,0,327.3,0,0,94,3.967,3.963,3.969,0,0,0,6.668,79.88,4.755813472396,8.530184,31,Sport,
51400,2026-05-22 08:25:48,51.9882504924311,4.39036736960305,8.530184,,,4.755813472396,8.858268,0,215.983930796,237.9839315,19,5,11.902,4.755813472396,8.530184,30.1092124,217.437342916,0,0,0,333.1, 2.3, 0.4,,,0,0,1024,1024,1024,1024,0,0,0,0,327.3,0,0,94,3.967,3.963,3.969,0,0,0,6.668,79.88,4.755813472396,8.530184,31,Sport,
51500,2026-05-22 08:25:48,51.9882505447241,4.39036759416476,8.530184,,,4.755813472396,8.858268,0,215.983930796,238.037737276,19,5,11.902,4.755813472396,8.530184,30.1092124,217.437342916,0,0,0,333.1, 2.3, 0.4,,,0,0,1024,1024,1024,1024,0,0,0,0,327.3,0,0,94,3.967,3.963,3.969,0,0,0,6.668,79.88,4.755813472396,8.530184,31,Sport,
51600,2026-05-22 08:25:48,51.9882505296119,4.39036767301593,8.530184,,,4.755813472396,8.858268,0,215.995413736,238.056438064,19,5,11.902,4.755813472396,8.530184,30.1092124,217.437342916,0,0,0,333.1, 2.3, 0.4,,,0,0,1024,1024,1024,1024,0,0,0,0,327.3,0,0,94,3.967,3.963,3.969,0,0,0,6.668,79.88,4.755813472396,8.530184,31,Sport,
51700,2026-05-22 08:25:48,51.9882505976681,4.39036752527431,8.530184,,,4.755813472396,8.858268,0,215.960636832,238.097776648,19,5,11.902,4.755813472396,8.530184,30.1092124,217.437342916,0,0,0,333.1, 2.4, 0.6,,,0,0,1024,1024,1024,1024,0,0,0,0,327.3,0,0,94,3.967,3.963,3.969,0,0,0,6.668,79.88,4.755813472396,8.530184,31,Sport,
51800,2026-05-22 08:25:48,51.9882505982507,4.39036757274082,8.530184,,,4.755813472396,8.858268,0,215.964245756,238.10860342,19,5,11.902,4.755813472396,8.530184,30.1092124,217.437342916,0,0,0,333.1, 2.6, 0.7,,,0,0,1024,1024,1024,1024,0,0,0,0,327.3,0,0,94,3.967,3.963,3.969,0,0,0,6.668,79.88,4.755813472396,8.530184,31,Sport,
51900,2026-05-22 08:25:49,51.9882504902722,4.39036772562976,8.530184,,,4.755813472396,9.186352,0,216.013130272,238.160768776,19,5,11.894,4.755813472396,8.530184,30.1092124,217.437342916,0,0,0,333.1, 2.7, 0.7,,,0,0,1024,1024,1024,1024,0,0,0,0,327.3,0,0,94,3.966,3.963,3.969,0,0,0,6.702,79.88,4.755813472396,8.530184,31,Sport,
52000,2026-05-22 08:25:49,51.9882504882847,4.39036778094244,8.530184,,,4.755813472396,8.858268,0,216.018379616,238.173235968,19,5,11.894,4.755813472396,8.530184,30.1092124,217.437342916,0,0,0,333.2, 2.7, 0.9,,,0,0,1024,1024,1024,1024,0,0,0,0,327.3,0,0,94,3.966,3.963,3.969,0,0,0,6.702,79.88,4.755813472396,8.530184,31,Sport,
52100,2026-05-22 08:25:49,51.9882505419141,4.3903677782714,8.530184,,,4.755813472396,8.858268,0,215.999678828,238.192921008,19,5,11.894,4.755813472396,8.530184,30.1092124,217.437342916,0,0,0,333.2, 3, 0.8,,,0,0,1024,1024,1024,1024,0,0,0,0,327.3,0,0,94,3.966,3.963,3.969,0,0,0,6.702,79.88,4.755813472396,8.530184,31,Sport,
52200,2026-05-22 08:25:49,51.9882505495216,4.39036783233204,8.530184,,,4.755813472396,8.858268,0,216.001319248,238.2053882,19,5,11.894,4.755813472396,8.530184,30.1092124,217.437342916,0,0,0,333.3, 3.1, 0.6,,,0,0,1024,1024,1024,1024,0,0,0,0,327.3,0,0,94,3.966,3.963,3.969,0,0,0,6.702,79.88,4.755813472396,8.530184,31,Sport,
52300,2026-05-22 08:25:49,51.9882504063841,4.39036787835175,8.530184,,,4.755813472396,8.858268,0,216.053812688,238.258537808,20,5,11.894,4.755813472396,8.530184,30.1092124,217.437342916,0,0,0,333.2, 3.1, 0.6,,,0,0,1024,1024,1024,1024,0,0,0,0,327.3,0,0,94,3.966,3.963,3.969,0,0,0,6.702,79.88,4.755813472396,8.530184,31,Sport,
52400,2026-05-22 08:25:49,51.988250396515,4.39036793783793,8.530184,,,4.755813472396,8.858268,0,216.062014788,238.272317336,20,5,11.894,4.755813472396,8.530184,30.1092124,217.437342916,0,0,0,333.3, 3, 0.5,,,0,0,1024,1024,1024,1024,0,0,0,0,327.3,0,0,94,3.966,3.963,3.969,0,0,0,6.702,79.88,4.755813472396,8.530184,31,Sport,
52500,2026-05-22 08:25:49,51.9882504085088,4.39036783389014,8.530184,,,4.755813472396,8.858268,0,216.049547596,238.295939384,20,5,11.894,4.755813472396,8.530184,30.1092124,217.437342916,0,0,0,333.2, 3, 0.7,,,0,0,1024,1024,1024,1024,0,0,0,0,327.3,0,0,94,3.966,3.963,3.969,0,0,0,6.702,79.88,4.755813472396,8.530184,31,Sport,
52600,2026-05-22 08:25:49,51.98825039511,4.39036787768399,8.530184,,,4.755813472396,8.858268,0,216.057749696,238.30709424,20,5,11.894,4.755813472396,8.530184,30.1092124,217.437342916,0,0,0,333.2, 3, 0.9,,,0,0,1024,1024,1024,1024,0,0,0,0,327.3,0,0,94,3.966,3.963,3.969,0,0,0,6.702,79.88,4.755813472396,8.530184,31,Sport,
52700,2026-05-22 08:25:49,51.9882503974745,4.39036810881199,8.530184,,,4.755813472396,8.858268,0,216.075466232,238.358931512,20,5,11.894,4.755813472396,8.530184,30.1092124,217.437342916,0,0,0,333.2, 3.2, 0.6,,,0,0,1024,1024,1024,1024,0,0,0,0,327.3,0,0,94,3.966,3.963,3.969,0,0,0,6.702,79.88,4.755813472396,8.530184,31,Sport,
52800,2026-05-22 08:25:49,51.9882503934651,4.39036816287262,8.530184,,,4.755813472396,8.858268,0,216.08104366,238.371398704,20,5,11.894,4.755813472396,8.530184,30.1092124,217.437342916,0,0,0,333.1, 3.3, 0.7,,,0,0,1024,1024,1024,1024,0,0,0,0,327.3,0,0,94,3.966,3.963,3.969,0,0,0,6.702,79.88,4.755813472396,8.530184,31,Sport,
52900,2026-05-22 08:25:50,51.9882504143343,4.3903680287644,8.530184,,,4.755813472396,8.858268,0,216.063327124,238.4022386,20,5,11.897,4.755813472396,8.530184,30.1092124,217.437342916,0,0,0,333.2, 3.3, 0.8,,,0,0,1024,1024,1024,1024,0,0,0,0,327.3,0,0,94,3.966,3.962,3.969,0,0,0,6.65,79.88,4.755813472396,8.530184,31,Sport,
53000,2026-05-22 08:25:50,51.9882504163561,4.39036806404433,8.530184,,,4.755813472396,9.186352,0,216.065295628,238.410112616,20,5,11.897,4.755813472396,8.530184,30.1092124,217.437342916,0,0,0,333.3, 3.7, 0.9,,,0,0,1024,1024,1024,1024,0,0,0,0,327.3,0,0,94,3.966,3.962,3.969,0,0,0,6.65,79.88,4.755813472396,8.530184,31,Sport,
53100,2026-05-22 08:25:50,51.988250455593,4.3903681175485,8.530184,,,4.755813472396,9.186352,0,216.05643736,238.428813404,20,5,11.897,4.755813472396,8.530184,30.1092124,217.437342916,0,0,0,333.1, 4.1, 1,,,0,0,1024,1024,1024,1024,0,0,0,0,327.3,0,0,94,3.966,3.962,3.969,0,0,0,6.65,79.88,4.755813472396,8.530184,31,Sport,
53200,2026-05-22 08:25:50,51.9882504675868,4.39036817055185,8.530184,,,4.755813472396,9.186352,0,216.05643736,238.44160868,20,5,11.897,4.755813472396,8.530184,30.1092124,217.437342916,0,0,0,333.2, 4, 0.6,,,0,0,1024,1024,1024,1024,0,0,0,0,327.3,0,0,94,3.966,3.962,3.969,0,0,0,6.65,79.88,4.755813472396,8.530184,31,Sport,
53300,2026-05-22 08:25:50,51.9882504784155,4.39036826921321,8.530184,,,4.755813472396,9.186352,0,216.060702452,238.464246476,20,5,11.897,4.755813472396,8.530184,30.1092124,217.437342916,0,0,0,333.3, 3.8, 0.5,,,0,0,1024,1024,1024,1024,0,0,0,0,327.3,0,0,94,3.966,3.962,3.969,0,0,0,6.65,79.88,4.755813472396,8.530184,31,Sport,
53400,2026-05-22 08:25:50,51.9882504850978,4.39036834308402,8.530184,,,4.755813472396,9.186352,0,216.064311376,238.48097876,20,5,11.897,4.755813472396,8.530184,30.1092124,217.437342916,0,0,0,333.3, 3.7, 0.4,,,0,0,1024,1024,1024,1024,0,0,0,0,327.3,0,0,94,3.966,3.962,3.969,0,0,0,6.65,79.88,4.755813472396,8.530184,31,Sport,
53500,2026-05-22 08:25:50,51.988250475023,4.39036828529507,8.530184,,,4.755813472396,9.186352,0,216.06299904,238.494430204,20,5,11.897,4.755813472396,8.530184,30.1092124,217.437342916,0,0,0,333.2, 4.1, 0,,,0,0,1024,1024,1024,1024,0,0,0,0,327.3,0,0,94,3.966,3.962,3.969,0,0,0,6.65,79.88,4.755813472396,8.530184,31,Sport,
53600,2026-05-22 08:25:50,51.9882504800604,4.39036834408566,8.530184,,,4.755813472396,9.186352,0,216.065951796,238.507881648,20,5,11.897,4.755813472396,8.530184,30.1092124,217.437342916,0,0,0,333.2, 4, 0.2,,,0,0,1024,1024,1024,1024,0,0,0,0,327.3,0,0,94,3.966,3.962,3.969,0,0,0,6.65,79.88,4.755813472396,8.530184,31,Sport,
53700,2026-05-22 08:25:50,51.9882504547706,4.39036841506285,8.530184,,,4.755813472396,9.186352,0,216.080387492,238.526254352,20,5,11.897,4.755813472396,8.530184,30.1092124,217.437342916,0,0,0,333.2, 4.2, 0.3,,,0,0,1024,1024,1024,1024,0,0,0,0,327.3,0,0,94,3.966,3.962,3.969,0,0,0,6.65,79.88,4.755813472396,8.530184,31,Sport,
53800,2026-05-22 08:25:50,51.9882504642628,4.39036847524461,8.530184,,,4.755813472396,9.186352,0,216.082027912,238.54003388,20,5,11.897,4.755813472396,8.530184,30.1092124,217.437342916,0,0,0,333.2, 4.3, 0,,,0,0,1024,1024,1024,1684,0,0,0,100,327.3,0,0,94,3.966,3.962,3.969,0,0,0,6.65,79.88,4.755813472396,8.530184,31,Sport,
53900,2026-05-22 08:25:51,51.988250463269,4.39036847474378,8.530184,,,4.755813472396,9.186352,0,216.082355996,238.540690048,20,5,11.892,4.755813472396,8.530184,30.1092124,217.437342916,0,0,0,334.2, 4.4, -0.1,,,0,0,1024,1024,1024,1024,0,0,0,0,328.2,0,0,94,3.964,3.959,3.966,0,0,0,6.793,80.06,4.755813472396,8.530184,31,Sport,
54000,2026-05-22 08:25:51,51.9882504648111,4.39036849285673,8.530184,,,4.755813472396,9.186352,0,216.083012164,238.544627056,20,5,11.892,4.755813472396,8.530184,30.1092124,217.437342916,0,0,0,334.5, 4.6, 0.1,,,0,0,1024,1024,1024,1024,0,0,0,0,329.7,0,0,94,3.964,3.959,3.966,0,0,0,6.793,80.06,4.755813472396,8.530184,31,Sport,
54100,2026-05-22 08:25:51,51.9882506125062,4.39036846645243,8.530184,,,4.755813472396,9.186352,0,216.030518724,238.598760916,20,5,11.892,4.755813472396,8.530184,30.1092124,217.437342916,0,0,0,335.5, 4.7, 1,,,0,0,1684,1024,1024,1024,100,0,0,0,330.6,0,0,94,3.964,3.959,3.966,0,0,0,6.793,80.06,4.755813472396,8.530184,31,Sport,
54200,2026-05-22 08:25:51,51.9882506100732,4.39036844321999,8.530184,,,4.755813472396,9.186352,0,216.029534472,238.60401026,20,5,11.892,4.755813472396,8.530184,30.1092124,217.437342916,0,0,0,336.5, 3.1, 1.3,,,0,0,1684,1024,1024,1024,100,0,0,0,331.1,0,0,94,3.964,3.959,3.966,0,0,0,6.793,80.06,4.755813472396,8.530184,31,Sport,
54300,2026-05-22 08:25:51,51.9882505791978,4.39036838047848,8.530184,,,4.755813472396,9.186352,0.3131716,216.0351119,238.62205488,20,5,11.892,4.755813472396,8.530184,30.1092124,217.437342916,0.223694,-0.223694,0,336.9, -15.5, 1.1,,,0,0,1684,1024,1024,1024,100,0,0,0,331.1,0,0,94,3.964,3.959,3.966,0,0,0,6.793,80.06,4.755813472396,8.530184,31,Sport,
54400,2026-05-22 08:25:51,51.9882508474822,4.3903681438414,8.530184,,,4.755813472396,9.186352,1.2079476,215.924875676,238.73360344,20,5,11.892,4.755813472396,8.530184,30.1092124,217.437342916,1.11847,-0.447388,0,336.4, -33.6, 1.1,,,0,0,1684,1024,1024,1024,100,0,0,0,331.1,0,0,94,3.964,3.959,3.966,0,0,0,6.793,80.06,4.755813472396,8.530184,31,Sport,
54500,2026-05-22 08:25:51,51.9882517354351,4.39036763923827,8.530184,,,4.755813472396,9.186352,2.7066974,215.581699812,239.076779304,20,5,11.892,4.755813472396,8.530184,30.1092124,217.437342916,2.460634,-1.11847,0,336.1, -36, 1,,,0,0,1684,1024,1024,1024,100,0,0,0,331.1,0,0,94,3.964,3.959,3.966,0,0,0,6.793,80.06,4.755813472396,8.530184,31,Sport,
54600,2026-05-22 08:25:51,51.9882531299034,4.39036658782418,8.530184,,,4.755813472396,8.858268,4.4067718,215.021988508,239.637802944,20,5,11.892,4.755813472396,8.530184,30.1092124,217.437342916,4.026492,-1.789552,0,336.2, -34.8, 2.2,,,0,0,1684,1024,1024,1024,100,0,0,0,331.1,0,0,94,3.964,3.959,3.966,0,0,0,6.793,80.06,4.755813472396,8.530184,31,Sport,
54700,2026-05-22 08:25:51,51.9882550905134,4.39036517935393,8.530184,,,4.755813472396,9.186352,6.1068462,214.241148588,240.4199552,20,5,11.892,4.755813472396,8.530184,30.1092124,217.437342916,5.59235,-2.460634,0,336.4, -32.9, 2.2,,,0,0,1684,1024,1024,1024,100,0,0,0,331.1,0,0,94,3.964,3.959,3.966,0,0,0,6.793,80.06,4.755813472396,8.530184,31,Sport,
54800,2026-05-22 08:25:51,51.9882576745612,4.39036337612697,8.2021,,,4.427729472396,9.186352,7.5161184,213.215886088,241.446201952,20,5,11.892,4.755813472396,8.530184,30.1092124,217.437342916,6.934514,-2.908022,0,336.2, -32.1, 1.3,,,0,0,1684,1024,1024,1024,100,0,0,0,331.1,0,0,94,3.964,3.959,3.966,0,0,0,6.793,80.06,4.427729472396,8.2021,31,Sport,
54900,2026-05-22 08:25:52,51.9882602059734,4.39036157615534,8.2021,,,4.427729472396,9.186352,9.0148682,212.208668208,242.454404084,20,5,11.889,4.755813472396,8.530184,30.1092124,217.437342916,8.276678,-3.579104,0,336.4, -31.8, 0.6,,,0,0,1684,1024,1024,1024,100,0,0,0,331.1,0,0,94,3.932,3.933,3.944,0,0,0,6.896,80.06,4.427729472396,8.2021,31,Sport,
55000,2026-05-22 08:25:52,51.9882637641619,4.39035910533526,8.2021,,,4.427729472396,9.186352,10.2228158,210.797907008,243.86647762,20,5,11.889,4.755813472396,8.530184,30.1092124,217.437342916,9.395148,-4.026492,0,336.5, -31.4, 0.6,,,0,0,1684,1024,1024,1024,100,0,0,0,331.1,0,0,94,3.932,3.933,3.944,0,0,0,6.896,80.06,4.427729472396,8.2021,31,Sport,
55100,2026-05-22 08:25:52,51.9882664914458,4.39035732737314,8.2021,,,4.427729472396,9.186352,11.4307634,209.72605658,244.938656132,20,5,11.889,4.755813472396,8.530184,30.1092124,217.437342916,10.513618,-4.47388,0,336.6, -31.2, 0.9,,,0,0,1684,1024,1024,1024,100,0,0,0,331.1,0,0,94,3.932,3.933,3.944,0,0,0,6.896,80.06,4.427729472396,8.2021,31,Sport,
55200,2026-05-22 08:25:52,51.9882708703489,4.39035428144714,8.2021,,,4.427729472396,9.186352,12.638711,207.989507968,246.67651708,20,5,11.889,4.755813472396,8.530184,30.1092124,217.437342916,11.632088,-4.921268,0,336.6, -30.8, 1.6,,,0,0,1684,1024,1024,1024,100,0,0,0,331.1,0,0,94,3.932,3.933,3.944,0,0,0,6.896,80.06,4.427729472396,8.2021,31,Sport,
55300,2026-05-22 08:25:52,51.9882751861989,4.39035152012549,8.2021,,,4.427729472396,9.186352,13.8242892,206.297250696,248.369102436,20,5,11.889,4.755813472396,8.530184,30.1092124,217.437342916,12.750558,-5.368656,0,336.6, -31, 1.1,,,0,0,1684,1024,1024,1024,100,0,0,0,331.1,0,0,94,3.932,3.933,3.944,0,0,0,6.896,80.06,4.427729472396,8.2021,31,Sport,
55400,2026-05-22 08:25:52,51.9882803798924,4.39034795960789,8.2021,,,4.427729472396,9.186352,15.0322368,204.241804436,250.425861032,20,5,11.889,4.755813472396,8.530184,30.1092124,217.437342916,13.869028,-5.816044,0,336.5, -31.5, 0.9,,,0,0,1684,1024,1024,1024,100,0,0,0,331.1,0,0,94,3.932,3.933,3.944,0,0,0,6.896,80.06,4.427729472396,8.2021,31,Sport,
55500,2026-05-22 08:25:52,51.988286070609,4.39034443523274,8.2021,,,4.427729472396,9.186352,15.0322368,202.019691504,252.647973964,20,5,11.889,4.755813472396,8.530184,30.1092124,217.437342916,14.763804,-6.263432,0,336.5, -32, 0.9,,,0,0,1684,1024,1024,1024,100,0,0,0,331.1,0,0,94,3.932,3.933,3.944,0,0,0,6.896,80.06,4.427729472396,8.2021,31,Sport,
55600,2026-05-22 08:25:52,51.9882920855352,4.39034034946724,8.2021,,,4.427729472396,9.186352,17.2468074,199.64239484,255.026911048,20,5,11.889,4.755813472396,8.530184,30.1092124,217.437342916,15.882274,-6.71082,0,336.5, -32.1, 0.9,,,0,0,1684,1024,1024,1024,100,0,0,0,331.1,0,0,94,3.932,3.933,3.944,0,0,0,6.896,80.06,4.427729472396,8.2021,31,Sport,
55700,2026-05-22 08:25:52,51.9882984332038,4.39033638286885,8.2021,,,4.427729472396,9.186352,18.231061,197.160767464,257.50821034,20,5,11.889,4.755813472396,8.530184,30.1092124,217.437342916,16.77705,-7.158208,0,336.6, -32.3, 0.9,,,0,0,1684,1024,1024,1024,100,0,0,0,331.1,0,0,94,3.932,3.933,3.944,0,0,0,6.896,80.06,4.427729472396,8.2021,31,Sport,
55800,2026-05-22 08:25:52,51.9883052233751,4.39033181737433,8.2021,,,4.427729472396,9.186352,19.4390086,194.480649268,260.189640872,20,5,11.889,4.755813472396,8.530184,30.1092124,217.437342916,17.89552,-7.605596,0,336.5, -32.2, 0.9,,,0,0,1684,1024,1024,1024,100,0,0,0,331.1,0,0,94,3.932,3.933,3.944,0,0,0,6.896,80.06,4.427729472396,8.2021,31,Sport,
55900,2026-05-22 08:25:52,51.9883125041957,4.39032734158206,8.2021,,,4.427729472396,9.186352,20.356154,191.64042608,263.030192144,20,5,11.809,4.755813472396,8.530184,30.1092124,217.437342916,18.790296,-7.82929,0,336.6, -32.2, 0.7,,,0,0,1684,1024,1024,1024,100,0,0,0,331.1,0,0,94,3.933,3.928,3.936,0,0,0,8.964,80.06,4.427729472396,8.2021,31,Sport,
56000,2026-05-22 08:25:53,51.9883200306837,4.39032232543385,8.2021,,,4.427729472396,9.186352,21.362777,188.673234384,265.998368092,20,5,11.809,4.755813472396,8.530184,30.1092124,217.437342916,19.685072,-8.276678,0,336.6, -32.7, 0.6,,,0,0,1684,1024,1024,1024,100,0,0,0,331.1,0,0,94,3.933,3.928,3.936,0,0,0,8.964,80.06,4.427729472396,8.2021,31,Sport,
56100,2026-05-22 08:25:53,51.9883275639567,4.39031768083774,8.2021,,,4.427729472396,9.186352,22.257553,185.73327366,268.938328816,20,5,11.809,4.755813472396,8.530184,30.1092124,217.437342916,20.579848,-8.500372,0,336.7, -33.5, 0.6,,,0,0,1684,1024,1024,1024,100,0,0,0,331.1,0,0,94,3.933,3.928,3.936,0,0,0,8.964,80.06,4.427729472396,8.2021,31,Sport,
56200,2026-05-22 08:25:53,51.9883357170694,4.39031229583628,8.2021,,,4.427729472396,9.186352,23.0628514,182.52297172,272.149615008,20,5,11.809,4.755813472396,8.530184,30.1092124,217.437342916,21.25093,-8.94776,0,336.6, -33.7, 0.8,,,0,0,1684,1024,1207,1024,100,0,28,0,331.1,0,0,94,3.933,3.928,3.936,0,0,0,8.964,80.06,4.427729472396,8.2021,31,Sport,
56300,2026-05-22 08:25:53,51.9883452709896,4.39030645723184,8.2021,,,4.427729472396,9.186352,24.270799,178.798562152,275.874024576,20,5,11.809,4.755813472396,8.530184,30.1092124,217.437342916,22.3694,-9.395148,0,336.6, -33.8, 0,,,0,0,1684,1024,1193,1024,100,0,26,0,331.1,0,0,94,3.933,3.928,3.936,0,0,0,8.964,80.06,4.427729472396,8.2021,31,Sport,
56400,2026-05-22 08:25:53,51.9883542286466,4.39030056835073,8.2021,,,4.427729472396,9.186352,25.2550526,175.27395574,279.399943324,20,5,11.809,4.755813472396,8.530184,30.1092124,217.437342916,23.264176,-9.842536,0,336.8, -33.1, -0.1,,,0,0,1684,1024,1024,1024,100,0,0,0,331.1,0,0,94,3.933,3.928,3.936,0,0,0,8.964,80.06,4.427729472396,8.2021,31,Sport,
56500,2026-05-22 08:25:53,51.9883638117632,4.39029443173111,8.530184,,,4.755813472396,9.514436,26.2616756,171.516081604,283.158473628,20,5,11.809,4.755813472396,8.530184,30.1092124,217.437342916,24.158952,-10.289924,-0.447388,336.7, -34.1, 0.5,,,0,0,1684,1024,1024,1024,100,0,0,0,331.1,0,0,94,3.933,3.928,3.936,0,0,0,8.964,80.06,4.755813472396,8.530184,31,Sport,
56600,2026-05-22 08:25:53,51.9883734533752,4.39028804731738,8.530184,,,4.755813472396,9.84252,26.955127,167.718509304,286.957358264,20,5,11.809,4.755813472396,8.530184,30.1092124,217.437342916,24.830034,-10.513618,0,336.5, -34.6, 0.8,,,0,0,1684,1024,1024,1024,100,0,0,0,331.1,0,0,94,3.933,3.928,3.936,0,0,0,8.964,80.06,4.755813472396,8.530184,31,Sport,
56700,2026-05-22 08:25:53,51.9883829161082,4.39028190621824,8.530184,,,4.755813472396,9.84252,27.6709478,164.001645668,290.675206152,20,5,11.809,4.755813472396,8.530184,30.1092124,217.437342916,25.501116,-10.737312,0,336.4, -34.7, 0.3,,,0,0,1684,1024,1024,1024,100,0,0,0,331.1,0,0,94,3.933,3.928,3.936,0,0,0,8.964,80.06,4.755813472396,8.530184,31,Sport,
56800,2026-05-22 08:25:53,51.9883930687248,4.39027520581548,8.530184,,,4.755813472396,9.84252,28.4538768,160.004598296,294.673893944,20,5,11.809,4.755813472396,8.530184,30.1092124,217.437342916,26.172198,-11.1847,0,336.3, -34.6, 0.2,,,0,0,1684,1024,1608,1024,100,0,88,0,331.1,0,0,94,3.933,3.928,3.936,0,0,0,8.964,80.06,4.755813472396,8.530184,31,Sport,
56900,2026-05-22 08:25:53,51.9884048003083,4.39026788148954,8.530184,,,4.755813472396,9.84252,29.3710222,155.419296312,299.259524012,20,5,11.781,4.755813472396,8.530184,30.1092124,217.437342916,27.066974,-11.408394,0,336.6, -34.1, 0.7,,,0,0,1684,1024,1656,1024,100,0,96,0,331.1,0,0,94,3.926,3.898,3.895,0,0,0,9.348,80.06,4.755813472396,8.530184,31,Sport,
57000,2026-05-22 08:25:54,51.9884157358803,4.39026070388964,8.530184,,,4.755813472396,10.170604,30.5789698,151.117458904,303.56300184,20,5,11.781,4.755813472396,8.530184,30.5789698,217.437342916,28.185444,-11.855782,-0.671082,336.6, -33.3, 0.9,,,0,0,1684,1024,1024,1024,100,0,0,0,331.1,0,0,94,3.926,3.898,3.895,0,0,0,9.348,80.06,4.755813472396,8.530184,31,Sport,
57100,2026-05-22 08:25:54,51.9884275764703,4.39025312474417,8.530184,,,4.755813472396,10.170604,31.3618988,146.47474222,308.206374692,20,5,11.781,4.755813472396,8.530184,31.3618988,217.437342916,28.856526,-12.30317,-0.671082,336.4, -34.6, 1,,,0,0,1684,1024,1024,1024,100,0,0,0,331.1,0,0,94,3.926,3.898,3.895,0,0,0,9.348,80.06,4.755813472396,8.530184,31,Sport,
57200,2026-05-22 08:25:54,51.9884391754707,4.3902455330226,8.530184,,,4.755813472396,10.170604,31.7869174,141.913718452,312.76903888,20,5,11.781,4.755813472396,8.530184,31.7869174,217.437342916,29.303914,-12.30317,-0.223694,336.4, -35.2, 1.2,,,0,0,1684,1024,1684,1024,100,0,100,0,331.1,0,0,94,3.926,3.898,3.895,0,0,0,9.348,80.06,4.755813472396,8.530184,31,Sport,
57300,2026-05-22 08:25:54,51.9884511628648,4.39023807557619,8.530184,,,4.755813472396,9.84252,32.4803688,137.230647436,317.452766064,20,5,11.781,4.755813472396,8.530184,32.4803688,217.437342916,29.974996,-12.526864,0,336.6, -35, 1.2,,,0,0,1684,1024,1174,1024,100,0,23,0,331.1,0,0,94,3.926,3.898,3.895,0,0,0,9.348,80.06,4.755813472396,8.530184,31,Sport,
57400,2026-05-22 08:25:54,51.9884632828076,4.39023023308335,8.530184,,,4.755813472396,9.84252,33.4869918,132.4721171,322.21293682,20,5,11.781,4.755813472396,8.530184,33.4869918,217.437342916,30.869772,-12.974252,-0.447388,336.7, -31.5, 0.6,,,0,0,1684,1024,1024,1024,100,0,0,0,331.1,0,0,94,3.926,3.898,3.895,0,0,0,9.348,80.06,4.755813472396,8.530184,31,Sport,
57500,2026-05-22 08:25:54,51.9884755390342,4.39022209410566,8.858268,,,5.083897472396,10.170604,34.113335,127.644032956,327.04397372,20,5,11.781,5.083897472396,8.858268,34.113335,217.437342916,31.540854,-12.974252,-0.894776,336.6, -30.4, 0.6,,,0,0,1684,1024,1024,1024,100,0,0,0,331.1,0,0,94,3.926,3.898,3.895,0,0,0,9.348,80.06,5.083897472396,8.858268,31,Sport,
57600,2026-05-22 08:25:54,51.988488111246,4.390214022669,8.858268,,,5.083897472396,9.84252,34.1804432,122.712930436,331.97507624,20,5,11.781,5.083897472396,8.858268,34.1804432,217.437342916,31.540854,-13.197946,-0.223694,336.9, -31.8, -0.9,,,0,0,1684,1024,1174,1024,100,0,23,0,331.1,0,0,94,3.926,3.898,3.895,0,0,0,9.348,80.06,5.083897472396,8.858268,31,Sport,
57700,2026-05-22 08:25:54,51.9885013345842,4.39020573628356,8.858268,,,5.083897472396,9.84252,34.6054618,117.542326596,337.14896092,20,5,11.781,5.083897472396,8.858268,34.6054618,217.437342916,31.988242,-13.197946,-0.223694,337.2, -32, -0.6,,,0,0,1684,1024,1174,1024,100,0,23,0,331.1,0,0,94,3.926,3.898,3.895,0,0,0,9.348,80.06,5.083897472396,8.858268,31,Sport,
57800,2026-05-22 08:25:54,51.9885142508468,4.3901975093982,8.858268,,,5.083897472396,9.84252,35.0975886,112.48195898,342.21129704,20,5,11.781,5.083897472396,8.858268,35.0975886,217.437342916,32.43563,-13.42164,-0.223694,337.4, -31.6, -0.4,,,0,0,1684,1024,1587,1024,100,0,85,0,331.1,0,0,94,3.926,3.898,3.895,0,0,0,9.348,80.06,5.083897472396,8.858268,31,Sport,
57900,2026-05-22 08:25:54,51.9885271857342,4.39018915917221,8.858268,,,5.083897472396,9.84252,36.014734,107.405515248,347.28675652,20,5,11.829,5.083897472396,8.858268,36.014734,217.437342916,33.330406,-13.645334,-0.671082,337.5, -29.4, -0.3,,,0,0,1684,1024,1024,1024,100,0,0,0,331.1,0,0,94,3.894,3.868,3.874,0,0,0,12.341,80.06,5.083897472396,8.858268,31,Sport,
58000,2026-05-22 08:25:55,51.988540578819,4.3901806715688,9.186352,,,5.411981472396,9.84252,36.3055362,102.161748676,352.53281968,20,5,11.829,5.411981472396,9.186352,36.3055362,217.437342916,33.5541,-13.869028,-0.671082,337.6, -28.4, -1.8,,,0,0,1684,1024,1024,1024,100,0,0,0,331.1,0,0,94,3.894,3.868,3.874,0,0,0,12.341,80.06,5.411981472396,9.186352,31,Sport,
58100,2026-05-22 08:25:55,51.988554797043,4.39017163117242,9.186352,,,5.411981472396,9.514436,36.5068608,96.59285086,358.103686,20,5,11.829,5.411981472396,9.186352,36.5068608,217.437342916,33.777794,-13.869028,-0.447388,337.4, -30.3, -2.2,,,0,0,1684,1024,1684,1024,100,0,100,0,331.1,0,0,94,3.894,3.868,3.874,0,0,0,12.341,80.06,5.411981472396,9.186352,31,Sport,
58200,2026-05-22 08:25:55,51.9885684058277,4.39016298611705,9.186352,,,5.411981472396,9.514436,36.797663,91.263454364,363.435051,20,5,11.829,5.411981472396,9.186352,36.797663,217.437342916,34.001488,-14.092722,0,337.4, -29.9, -1.9,,,0,0,1684,1024,1130,1024,100,0,16,0,331.1,0,0,94,3.894,3.868,3.874,0,0,0,12.341,80.06,5.411981472396,9.186352,31,Sport,
58300,2026-05-22 08:25:55,51.9885820161888,4.39015413343038,9.186352,,,5.411981472396,9.186352,37.6029614,85.918309836,368.78610104,20,5,11.829,5.411981472396,9.186352,37.6029614,217.437342916,34.67257,-14.54011,-0.671082,337, -26, -1.3,,,0,0,1684,1024,1024,1024,100,0,0,0,331.1,0,0,94,3.894,3.868,3.874,0,0,0,12.341,80.06,5.411981472396,9.186352,31,Sport,
58400,2026-05-22 08:25:55,51.9885959734791,4.39014510841329,9.514436,,,5.740065472396,9.186352,37.8937636,80.44127554,374.26510384,20,5,11.829,5.740065472396,9.514436,37.8937636,217.437342916,34.896264,-14.763804,-1.342164,336.9, -24.8, 1.1,,,0,0,1684,1024,1388,1024,100,0,55,0,331.1,0,0,94,3.894,3.868,3.874,0,0,0,12.341,80.06,5.740065472396,9.514436,31,Sport,
58500,2026-05-22 08:25:55,51.9886103295633,4.39013580064911,9.514436,,,5.740065472396,9.186352,37.8937636,74.80643284,379.90814864,20,5,11.829,5.740065472396,9.514436,37.8937636,217.437342916,34.896264,-14.763804,-0.671082,336.9, -28.4, 1.6,,,0,0,1684,1024,1388,1024,100,0,55,0,331.1,0,0,94,3.894,3.868,3.874,0,0,0,12.341,80.06,5.740065472396,9.514436,31,Sport,
58600,2026-05-22 08:25:55,51.9886244028166,4.39012667167036,9.84252,,,6.068149472396,9.186352,38.0950882,69.2831387,385.43636404,20,5,11.829,6.068149472396,9.84252,38.0950882,217.437342916,35.119958,-14.763804,-0.671082,336.4, -28.2, 1.1,,,0,0,1684,1024,1249,1024,100,0,34,0,331.1,0,0,94,3.894,3.868,3.874,0,0,0,12.341,80.06,6.068149472396,9.84252,31,Sport,
58700,2026-05-22 08:25:55,51.9886385958366,4.39011742663372,9.84252,,,6.068149472396,9.514436,38.587215,63.711288128,391.01379204,20,5,11.829,6.068149472396,9.84252,38.587215,217.437342916,35.567346,-14.987498,-1.342164,336.4, -25.9, 1.3,,,0,0,1684,1024,1024,1024,100,0,0,0,331.1,0,0,94,3.894,3.868,3.874,0,0,0,12.341,80.06,6.068149472396,9.84252,31,Sport,
58800,2026-05-22 08:25:55,51.9886529270422,4.39010811754098,10.170604,,,6.396233472396,9.514436,38.587215,58.088256452,396.64699432,20,5,11.829,6.396233472396,10.170604,38.587215,217.437342916,35.567346,-14.987498,-0.894776,336.6, -27.4, 1.2,,,0,0,1684,1024,1024,1024,100,0,0,0,331.1,0,0,94,3.894,3.868,3.874,0,0,0,12.341,80.06,6.396233472396,10.170604,31,Sport,
58900,2026-05-22 08:25:55,51.9886676268002,4.39009878778251,10.170604,,,6.396233472396,9.84252,38.587215,52.337928184,402.40486852,20,5,11.677,6.396233472396,10.170604,38.587215,217.437342916,35.567346,-14.987498,-0.447388,336.7, -28.8, 0.9,,,0,0,1684,1024,1024,1024,100,0,0,0,331.1,0,0,94,3.825,3.82,3.831,0,0,0,13.879,80.24,6.396233472396,10.170604,31,Sport,
59000,2026-05-22 08:25:56,51.9886820130574,4.39008948933564,10.170604,,,6.396233472396,9.84252,38.587215,46.700788896,408.054475,20,5,11.677,6.396233472396,10.170604,38.587215,217.437342916,35.567346,-14.987498,-0.223694,336.7, -29.3, 0.9,,,0,0,1684,1024,1051,1024,100,0,4,0,331.1,0,0,94,3.825,3.82,3.831,0,0,0,13.879,80.24,6.396233472396,10.170604,31,Sport,
59100,2026-05-22 08:25:56,51.9886964999255,4.3900795610601,10.170604,,,6.396233472396,10.170604,38.9003866,40.990158792,413.79266416,20,5,11.677,6.396233472396,10.170604,38.9003866,217.437342916,35.79104,-15.211192,0,336.7, -29.5, 1.3,,,0,0,1684,1024,1684,1024,100,0,100,0,331.1,0,0,94,3.825,3.82,3.831,0,0,0,13.879,80.24,6.396233472396,10.170604,31,Sport,
59200,2026-05-22 08:25:56,51.9887110323615,4.39007015316687,10.170604,,,6.396233472396,9.84252,39.1017112,35.304791156,419.49804492,20,5,11.677,6.396233472396,10.170604,39.1017112,217.437342916,36.014734,-15.211192,0,336.6, -28.8, 0.7,,,0,0,1684,1024,1024,1024,100,0,0,0,331.1,0,0,94,3.825,3.82,3.831,0,0,0,13.879,80.24,6.396233472396,10.170604,31,Sport,
59300,2026-05-22 08:25:56,51.9887259963687,4.39006065309507,10.498688,,,6.724317472396,10.170604,39.593838,29.470473384,425.360906,20,5,11.677,6.724317472396,10.498688,39.593838,217.437342916,36.462122,-15.434886,-0.671082,336.6, -26, 0.7,,,0,0,1684,1024,1297,1024,100,0,41,0,331.1,0,0,94,3.825,3.82,3.831,0,0,0,13.879,80.24,6.724317472396,10.498688,31,Sport,
59400,2026-05-22 08:25:56,51.9887408146127,4.39005110301968,10.498688,,,6.724317472396,10.170604,39.593838,23.6990165064,431.17783532,20,5,11.677,6.724317472396,10.498688,39.593838,217.437342916,36.462122,-15.434886,-0.671082,336.7, -28, 0.5,,,0,0,1684,1024,1297,1024,100,0,41,0,331.1,0,0,94,3.825,3.82,3.831,0,0,0,13.879,80.24,6.724317472396,10.498688,31,Sport,
59500,2026-05-22 08:25:56,51.9887553810082,4.3900414160207,10.498688,,,6.724317472396,10.170604,39.593838,18.0410766928,436.91930532,20,5,11.677,6.724317472396,10.498688,39.593838,217.437342916,36.462122,-15.434886,-0.223694,336.9, -29, 0.1,,,0,0,1684,1024,1684,1024,100,0,100,0,331.1,0,0,94,3.825,3.82,3.831,0,0,0,13.879,80.24,6.724317472396,10.498688,31,Sport,
59600,2026-05-22 08:25:56,51.9887702606219,4.3900318112951,10.498688,,,6.724317472396,10.498688,39.9964872,12.3492786104,442.76248136,20,5,11.677,6.724317472396,10.498688,39.9964872,217.437342916,36.90951,-15.434886,-0.894776,336.7, -26.6, 0.5,,,0,0,1684,1024,1024,1024,100,0,0,0,331.1,0,0,94,3.825,3.82,3.831,0,0,0,13.879,80.24,6.724317472396,10.498688,31,Sport,
59700,2026-05-22 08:25:56,51.9887853877384,4.39002207322132,10.826772,,,7.052401472396,10.826772,40.3096588,6.8273296148,448.70080176,20,5,11.677,7.052401472396,10.826772,40.3096588,217.437342916,37.133204,-15.65858,-1.342164,336.8, -26.5, 0.6,,,0,0,1684,1024,1024,1024,100,0,0,0,331.1,0,0,94,3.825,3.82,3.831,0,0,0,13.879,80.24,7.052401472396,10.826772,31,Sport,
59800,2026-05-22 08:25:56,51.9888004301426,4.39001234922077,11.154856,,,7.380485472396,10.826772,40.0859648,3.3575788476,454.60631376,20,5,11.677,7.380485472396,11.154856,40.3096588,217.437342916,36.90951,-15.65858,-0.671082,336.7, -29.2, 0.9,,,0,0,1684,1024,1024,1024,100,0,0,0,331.1,0,0,94,3.825,3.82,3.831,0,0,0,13.879,80.24,7.380485472396,11.154856,31,Sport,
59900,2026-05-22 08:25:57,51.9888144207112,4.39000310611442,11.154856,,,7.380485472396,11.154856,40.0859648,6.4424870828,460.11812496,20,5,11.703,7.380485472396,11.154856,40.3096588,217.437342916,36.90951,-15.65858,-0.223694,336.6, -30.4, 1,,,0,0,1293,1024,1024,1024,41,0,0,0,331.1,0,0,94,3.829,3.831,3.891,0,0,0,11.783,80.42,7.380485472396,11.154856,31,Sport,
60000,2026-05-22 08:25:57,51.9888293694679,4.38999341756427,11.154856,,,7.380485472396,11.154856,40.0859648,11.8450135024,465.99082856,20,5,11.703,7.380485472396,11.154856,40.3096588,217.437342916,36.90951,-15.65858,0,336.7, -29.4, 0.6,,,0,0,1024,1024,1024,1024,0,0,0,0,331.1,0,0,94,3.829,3.831,3.891,0,0,0,11.783,80.42,7.380485472396,11.154856,31,Sport,
60100,2026-05-22 08:25:57,51.9888443513898,4.38998353535366,11.154856,,,7.380485472396,11.154856,40.3096588,17.5858601428,471.88977888,20,5,11.703,7.380485472396,11.154856,40.3096588,217.437342916,37.133204,-15.65858,-0.223694,336.6, -12, 1.2,,,0,0,429,1024,1024,1024,-90,0,0,0,331.1,0,0,94,3.829,3.831,3.891,0,0,0,11.783,80.42,7.380485472396,11.154856,31,Sport,
60200,2026-05-22 08:25:57,51.9888592569506,4.38997387921428,11.154856,,,7.380485472396,11.48294,39.593838,23.3562671516,477.74607828,20,5,11.703,7.380485472396,11.154856,40.3096588,217.437342916,36.462122,-15.434886,-1.342164,336.9, 12.9, 2.5,,,0,0,364,1024,1024,1024,-100,0,0,0,331.1,0,0,94,3.829,3.831,3.891,0,0,0,11.783,80.42,7.380485472396,11.154856,31,Sport,
60300,2026-05-22 08:25:57,51.9888738945804,4.38996406544223,11.48294,,,7.708569472396,11.811024,38.0950882,29.0915691724,483.52363752,20,5,11.703,7.708569472396,11.48294,40.3096588,217.437342916,35.119958,-14.763804,-1.789552,337.4, 22.4, 2.2,,,0,0,364,1024,1024,1024,-100,0,0,0,331.1,0,0,94,3.829,3.831,3.891,0,0,0,11.783,80.42,7.708569472396,11.48294,31,Sport,
60400,2026-05-22 08:25:57,51.9888878742731,4.38995509511205,11.811024,,,8.036653472396,11.811024,36.8871406,34.540355436,489.00592116,20,5,11.703,8.036653472396,11.811024,40.3096588,217.437342916,34.001488,-14.316416,-1.11847,337.8, 27.7, 0.8,,,0,0,364,1024,1024,1024,-100,0,0,0,331.1,0,0,94,3.829,3.831,3.891,0,0,0,11.783,80.42,8.036653472396,11.811024,31,Sport,
60500,2026-05-22 08:25:57,51.988901776503,4.38994644207859,11.811024,,,8.036653472396,12.139108,35.4778684,39.941602328,494.4389922,20,5,11.703,8.036653472396,11.811024,40.3096588,217.437342916,32.659324,-13.869028,-0.223694,337.8, 30.2, 0.7,,,0,0,364,1024,1024,1024,-100,0,0,0,331.1,0,0,94,3.829,3.831,3.891,0,0,0,11.783,80.42,8.036653472396,11.811024,31,Sport,
60600,2026-05-22 08:25:57,51.98891474714,4.38993818006664,11.811024,,,8.036653472396,12.139108,33.6883164,45.006235036,499.52101336,20,5,11.703,8.036653472396,11.811024,40.3096588,217.437342916,31.093466,-12.974252,0,337.7, 31.9, 0.5,,,0,0,364,1024,1024,1024,-100,0,0,0,331.1,0,0,94,3.829,3.831,3.891,0,0,0,11.783,80.42,8.036653472396,11.811024,31,Sport,
60700,2026-05-22 08:25:57,51.9889280995225,4.38992956822562,11.811024,,,8.036653472396,12.467192,32.0777196,50.234253576,504.76379568,20,5,11.703,8.036653472396,11.811024,40.3096588,217.437342916,29.527608,-12.526864,0,337.5, 32.8, 0.4,,,0,0,364,1024,1024,1024,-100,0,0,0,331.1,0,0,94,3.829,3.831,3.891,0,0,0,11.783,80.42,8.036653472396,11.811024,31,Sport,
60800,2026-05-22 08:25:57,51.9889399164842,4.38992210365676,11.811024,,,8.036653472396,12.795276,30.3776452,54.848098868,509.38978008,20,5,11.703,8.036653472396,11.811024,40.3096588,217.437342916,27.96175,-11.855782,0,337.4, 33.5, 0.4,,,0,0,364,1024,1024,1024,-100,0,0,0,331.1,0,0,94,3.829,3.831,3.891,0,0,0,11.783,80.42,8.036653472396,11.811024,31,Sport,
60900,2026-05-22 08:25:58,51.9889525137798,4.38991391308109,11.811024,,,8.036653472396,13.12336,28.8788954,59.791012412,514.34056764,20,5,11.705,8.036653472396,11.811024,40.3096588,217.437342916,26.619586,-11.1847,0,337.3, 33.8, 0,,,0,0,364,1024,1024,1024,-100,0,0,0,331.1,0,0,94,3.968,3.97,3.978,0,0,0,10.069,80.42,8.036653472396,11.811024,31,Sport,
61000,2026-05-22 08:25:58,51.9889632447884,4.38990716994905,11.811024,,,8.036653472396,13.12336,27.3801456,63.980645092,518.54004284,20,5,11.705,8.036653472396,11.811024,40.3096588,217.437342916,25.277422,-10.513618,0,337.2, 34.8, -0.1,,,0,0,364,1024,1024,1024,-100,0,0,0,331.1,0,0,94,3.968,3.97,3.978,0,0,0,10.069,80.42,8.036653472396,11.811024,31,Sport,"Max Height Above Ground Level (AGL): 5m."
61100,2026-05-22 08:25:58,51.9889744168947,4.38989965593819,11.811024,,,8.036653472396,13.451444,25.4563772,68.389437884,522.95277264,20,5,11.705,8.036653472396,11.811024,40.3096588,217.437342916,23.48787,-9.842536,0,337.1, 36.3, -0.4,,,0,0,364,1024,1024,1024,-100,0,0,0,331.1,0,0,94,3.968,3.97,3.978,0,0,0,10.069,80.42,8.036653472396,11.811024,31,Sport,
61200,2026-05-22 08:25:58,51.9889839839905,4.38989358602523,11.811024,,,8.036653472396,13.451444,23.8457804,72.131235904,526.69949192,20,5,11.705,8.036653472396,11.811024,40.3096588,217.437342916,21.922012,-9.395148,0,336.8, 37.2, -0.6,,,0,0,364,1024,1024,1024,-100,0,0,0,331.1,0,0,94,3.968,3.97,3.978,0,0,0,10.069,80.42,8.036653472396,11.811024,31,Sport,
61300,2026-05-22 08:25:58,51.9889936536161,4.38988697042818,11.811024,,,8.036653472396,13.451444,22.145706,75.958335764,530.5282322,20,5,11.705,8.036653472396,11.811024,40.3096588,217.437342916,20.356154,-8.724066,0,337, 38.5, -0.2,,,0,0,364,1024,1024,1024,-100,0,0,0,331.1,0,0,94,3.968,3.97,3.978,0,0,0,10.069,80.42,8.036653472396,11.811024,31,Sport,
61400,2026-05-22 08:25:58,51.9890019959904,4.38988166299839,11.811024,,,8.036653472396,13.451444,20.244307,79.223099648,533.79594884,20,5,11.705,8.036653472396,11.811024,40.3096588,217.437342916,18.566602,-8.052984,0.223694,337.1, 38.2, 0.3,,,0,0,364,1024,1024,1024,-100,0,0,0,331.1,0,0,94,3.968,3.97,3.978,0,0,0,10.069,80.42,8.036653472396,11.811024,31,Sport,
61500,2026-05-22 08:25:58,51.9890107809703,4.38987547621381,11.811024,,,8.036653472396,13.451444,18.231061,82.71653808,537.29004344,20,5,11.705,8.036653472396,11.811024,40.3096588,217.437342916,16.77705,-7.158208,0,337.5, 35.6, 0.1,,,0,0,364,1024,1024,1024,-100,0,0,0,331.1,0,0,94,3.968,3.97,3.978,0,0,0,10.069,80.42,8.036653472396,11.811024,31,Sport,
61600,2026-05-22 08:25:58,51.9890179352729,4.38987094188171,11.811024,,,8.036653472396,13.451444,16.5309866,85.5150946,540.0918808,20,5,11.705,8.036653472396,11.811024,40.3096588,217.437342916,15.211192,-6.487126,0,337.4, 34.5, 1.4,,,0,0,364,1024,1024,1024,-100,0,0,0,331.1,0,0,94,3.968,3.97,3.978,0,0,0,10.069,80.42,8.036653472396,11.811024,31,Sport,
61700,2026-05-22 08:25:58,51.9890238017496,4.38986673982917,11.811024,,,8.036653472396,13.451444,15.0322368,87.854661604,542.43111972,20,5,11.705,8.036653472396,11.811024,40.3096588,217.437342916,13.869028,-5.816044,0,337.6, 36, 1,,,0,0,364,1024,1024,1024,-100,0,0,0,331.1,0,0,94,3.968,3.97,3.978,0,0,0,10.069,80.42,8.036653472396,11.811024,31,Sport,
61800,2026-05-22 08:25:58,51.9890297474196,4.389863049572,11.811024,,,8.036653472396,13.451444,13.3321624,90.173559316,544.75395444,20,5,11.705,8.036653472396,11.811024,40.3096588,217.437342916,12.30317,-5.144962,0.223694,337.7, 35.9, 0.1,,,0,0,364,1024,1024,1024,-100,0,0,0,331.1,0,0,94,3.968,3.97,3.978,0,0,0,10.069,80.42,8.036653472396,11.811024,31,Sport,
61900,2026-05-22 08:25:59,51.9890351270165,4.38985904391006,11.811024,,,8.036653472396,13.451444,11.7215656,92.33268012,546.91274716,20,5,11.887,8.036653472396,11.811024,40.3096588,217.437342916,10.737312,-4.697574,0.223694,337.6, 34.4, -0.5,,,0,0,364,1024,1024,1024,-100,0,0,0,331.1,0,0,94,3.952,3.944,3.948,0,0,0,5.259,80.42,8.036653472396,11.811024,31,Sport,
62000,2026-05-22 08:25:59,51.9890398713188,4.38985605541162,11.811024,,,8.036653472396,13.451444,10.0214912,94.187010888,548.7697026,20,5,11.887,8.036653472396,11.811024,40.3096588,217.437342916,9.171454,-4.026492,0.223694,337.1, 31.9, -0.5,,,0,0,364,1024,1024,1024,-100,0,0,0,331.1,0,0,94,3.952,3.944,3.948,0,0,0,5.259,80.42,8.036653472396,11.811024,31,Sport,
62100,2026-05-22 08:25:59,51.9890437924008,4.38985280090869,11.811024,,,8.036653472396,13.12336,8.612219,95.791341648,550.3773142,20,5,11.887,8.036653472396,11.811024,40.3096588,217.437342916,7.82929,-3.579104,0,337, 30.9, -0.2,,,0,0,364,1024,1024,1024,-100,0,0,0,331.1,0,0,94,3.952,3.944,3.948,0,0,0,5.259,80.42,8.036653472396,11.811024,31,Sport,
62200,2026-05-22 08:25:59,51.9890474268309,4.38985042186532,11.48294,,,7.708569472396,13.12336,7.3147938,97.220147468,551.8044796,20,5,11.887,8.036653472396,11.811024,40.3096588,217.437342916,6.71082,-2.908022,0,337, 30.5, -0.1,,,0,0,364,1024,1024,1024,-100,0,0,0,331.1,0,0,94,3.952,3.944,3.948,0,0,0,5.259,80.42,7.708569472396,11.48294,31,Sport,
62300,2026-05-22 08:25:59,51.9890502947886,4.3898479120386,11.48294,,,7.708569472396,13.12336,5.9055216,98.405186876,552.99542452,20,5,11.887,8.036653472396,11.811024,40.3096588,217.437342916,5.368656,-2.460634,0,337, 30.4, 0,,,0,0,364,1024,1024,1024,-100,0,0,0,331.1,0,0,94,3.952,3.944,3.948,0,0,0,5.259,80.42,7.708569472396,11.48294,31,Sport,
62400,2026-05-22 08:25:59,51.9890529386868,4.38984610517907,11.48294,,,7.708569472396,13.12336,4.697574,99.451774836,554.04201248,20,5,11.887,8.036653472396,11.811024,40.3096588,217.437342916,4.250186,-2.013246,0,337, 30.5, 0.1,,,0,0,364,1024,1024,1024,-100,0,0,0,331.1,0,0,94,3.952,3.944,3.948,0,0,0,5.259,80.42,7.708569472396,11.48294,31,Sport,
62500,2026-05-22 08:25:59,51.9890547511367,4.3898442832849,11.48294,,,7.708569472396,13.12336,3.5119958,100.222444152,554.81957156,20,5,11.887,8.036653472396,11.811024,40.3096588,217.437342916,3.131716,-1.565858,0,337, 30.7, 0.1,,,0,0,364,1024,1024,1024,-100,0,0,0,331.1,0,0,94,3.952,3.944,3.948,0,0,0,5.259,80.42,7.708569472396,11.48294,31,Sport,
62600,2026-05-22 08:25:59,51.9890564593632,4.38984303118064,11.48294,,,7.708569472396,13.12336,2.3040482,100.906171208,555.50198628,20,5,11.887,8.036653472396,11.811024,40.3096588,217.437342916,2.013246,-1.11847,0,337, 31.1, 0,,,0,0,364,1024,1024,1024,-100,0,0,0,331.1,0,0,94,3.952,3.944,3.948,0,0,0,5.259,80.42,7.708569472396,11.48294,31,Sport,
62700,2026-05-22 08:25:59,51.9890574226699,4.38984211516999,11.811024,,,8.036653472396,12.795276,1.11847,101.311026864,555.90881044,20,5,11.887,8.036653472396,11.811024,40.3096588,217.437342916,0.894776,-0.671082,0,336.9, 31.4, 0.1,,,0,0,364,1024,1024,1024,-100,0,0,0,331.1,0,0,94,3.952,3.944,3.948,0,0,0,5.259,80.42,8.036653472396,11.811024,31,Sport,
62800,2026-05-22 08:25:59,51.9890582605053,4.3898414048418,11.811024,,,8.036653472396,12.795276,0.223694,101.65518698,556.25329864,20,5,11.887,8.036653472396,11.811024,40.3096588,217.437342916,0,-0.223694,0,336.9, 32, 0,,,0,0,364,1024,1024,1024,-100,0,0,0,331.1,0,0,94,3.952,3.944,3.948,0,0,0,5.259,80.42,8.036653472396,11.811024,31,Sport,
62900,2026-05-22 08:26:00,51.9890579098749,4.38984093529628,11.811024,,,8.036653472396,12.795276,0.894776,101.581696164,556.42062148,20,5,11.788,8.036653472396,11.811024,40.3096588,217.437342916,-0.894776,0,0,336.8, 32.2, -0.3,,,0,0,364,1024,1024,1024,-100,0,0,0,331.1,0,0,93,3.927,3.922,3.929,0,0,0,8.362,80.6,8.036653472396,11.811024,31,Sport,
63000,2026-05-22 08:26:00,51.9890578344336,4.38984074911696,11.811024,,,8.036653472396,12.795276,0.894776,101.573494064,556.46983408,20,5,11.788,8.036653472396,11.811024,40.3096588,217.437342916,-2.013246,0.223694,0,336.7, 32.4, -0.2,,,0,0,364,1024,1024,1024,-100,0,0,0,331.1,0,0,93,3.927,3.922,3.929,0,0,0,8.362,80.6,8.036653472396,11.811024,31,Sport,
63100,2026-05-22 08:26:00,51.9890566192214,4.38984103696289,11.811024,,,8.036653472396,12.795276,2.9751302,101.142719772,556.91930916,20,5,11.788,8.036653472396,11.811024,40.3096588,217.437342916,-2.908022,0.671082,0,336.8, 32.5, 0.3,,,0,0,364,1024,1024,1024,-100,0,0,0,331.1,0,0,93,3.927,3.922,3.929,0,0,0,8.362,80.6,8.036653472396,11.811024,31,Sport,
63200,2026-05-22 08:26:00,51.989055683756,4.38984135961574,11.811024,,,8.036653472396,12.795276,3.9593838,100.801840496,557.2670782,20,5,11.788,8.036653472396,11.811024,40.3096588,217.437342916,-3.802798,1.11847,0,337.1, 32.9, 0.5,,,0,0,364,1024,1024,1024,-100,0,0,0,331.1,0,0,93,3.927,3.922,3.929,0,0,0,8.362,80.6,8.036653472396,11.811024,31,Sport,
63300,2026-05-22 08:26:00,51.9890535639541,4.3898421361776,11.811024,,,8.036653472396,12.795276,3.9593838,100.025593752,558.06104148,20,5,11.788,8.036653472396,11.811024,40.3096588,217.437342916,-4.697574,1.342164,0,337.3, 33.3, 0.5,,,0,0,364,1024,1024,1000,-100,0,0,-4,331.1,0,0,93,3.927,3.922,3.929,0,0,0,8.362,80.6,8.036653472396,11.811024,31,Sport,
63400,2026-05-22 08:26:00,51.9890518113168,4.38984295849484,11.811024,,,8.036653472396,12.795276,5.6594582,99.36680108,558.727052,20,5,11.788,8.036653472396,11.811024,40.3096588,217.437342916,-5.368656,1.789552,0,337.2, 33.2, 0.4,,,0,0,364,1034,1024,364,-100,2,0,-100,331.1,0,0,93,3.927,3.922,3.929,0,0,0,8.362,80.6,8.036653472396,11.811024,31,Sport,
63500,2026-05-22 08:26:00,51.9890491067656,4.389844193014,11.811024,,,8.036653472396,12.795276,6.6437118,98.354005772,559.75067408,20,5,11.788,8.036653472396,11.811024,40.3096588,217.437342916,-6.263432,2.23694,0,338.4, 32.4, 7.3,,,0,0,1024,1024,1024,364,0,0,0,-100,330.5,0,0,93,3.927,3.922,3.929,0,0,0,8.362,80.6,8.036653472396,11.811024,31,Sport,
63600,2026-05-22 08:26:00,51.9890466120547,4.3898455936939,11.811024,,,8.036653472396,12.795276,7.4266408,97.395344324,560.71524104,20,5,11.788,8.036653472396,11.811024,40.3096588,217.437342916,-6.934514,2.684328,0,339, 31.5, 12.6,,,0,0,1024,1024,1024,364,0,0,0,-100,328.1,0,0,93,3.927,3.922,3.929,0,0,0,8.362,80.6,8.036653472396,11.811024,31,Sport,
63700,2026-05-22 08:26:00,51.9890433942031,4.38984773879967,11.811024,,,8.036653472396,12.795276,8.0977228,96.127299664,561.98164528,20,5,11.788,8.036653472396,11.811024,40.3096588,217.437342916,-7.381902,3.35541,0,335.2, 31.5, 8,,,0,0,1024,1024,1024,364,0,0,0,-100,324.6,0,0,93,3.927,3.922,3.929,0,0,0,8.362,80.6,8.036653472396,11.811024,31,Sport,
63800,2026-05-22 08:26:00,51.9890403662134,4.38985006612003,11.48294,,,7.708569472396,12.795276,8.9924988,94.905186764,563.2053986,20,5,11.788,8.036653472396,11.811024,40.3096588,217.437342916,-8.052984,4.026492,0,332.1, 32.1, 5.9,,,0,0,1024,1024,1024,364,0,0,0,-100,320.8,0,0,93,3.927,3.922,3.929,0,0,0,8.362,80.6,7.708569472396,11.48294,31,Sport,
63900,2026-05-22 08:26:00,51.9890367230275,4.3898529942702,11.811024,,,8.036653472396,12.795276,9.4175174,93.422575168,564.68833828,20,5,11.767,8.036653472396,11.811024,40.3096588,217.437342916,-8.276678,4.47388,0,328.2, 14.2, 8.5,,,0,0,1024,1024,1024,364,0,0,0,-100,316.8,0,0,93,3.917,3.91,3.91,0,0,0,9.226,80.6,8.036653472396,11.811024,31,Sport,
64000,2026-05-22 08:26:01,51.9890334597025,4.3898558878359,11.811024,,,8.036653472396,12.795276,9.3280398,92.069556752,566.0433252,20,5,11.767,8.036653472396,11.811024,40.3096588,217.437342916,-8.052984,4.697574,-0.447388,322.5, -9.1, 12,,,0,0,1024,1024,1024,364,0,0,0,-100,312.8,0,0,93,3.917,3.91,3.91,0,0,0,9.226,80.6,8.036653472396,11.811024,31,Sport,
64100,2026-05-22 08:26:01,51.9890297000228,4.3898588465218,11.811024,,,8.036653472396,12.795276,8.0753534,90.545606572,567.5689158,20,5,11.767,8.036653472396,11.811024,40.3096588,217.437342916,-6.71082,4.47388,-0.671082,313.2, -30, 17.7,,,0,0,1024,1024,1024,364,0,0,0,-100,308.8,0,0,93,3.917,3.91,3.91,0,0,0,9.226,80.6,8.036653472396,11.811024,31,Sport,
64200,2026-05-22 08:26:01,51.9890273507971,4.38986139485587,12.139108,,,8.364737472396,12.795276,6.2186932,89.528218088,568.59909956,20,5,11.767,8.364737472396,12.139108,40.3096588,217.437342916,-4.921268,3.802798,-0.671082,308.8, -27.6, 15.6,,,0,0,1024,1024,1024,364,0,0,0,-100,304.8,0,0,93,3.917,3.91,3.91,0,0,0,9.226,80.6,8.364737472396,12.139108,31,Sport,
64300,2026-05-22 08:26:01,51.9890252182804,4.38986321145452,12.139108,,,8.364737472396,12.795276,5.1002232,88.651249556,569.47836468,20,5,11.767,8.364737472396,12.139108,40.3096588,217.437342916,-4.026492,3.131716,-0.223694,305.4, -22.8, 11.6,,,0,0,1024,1024,1024,364,0,0,0,-100,300.8,0,0,93,3.917,3.91,3.91,0,0,0,9.226,80.6,8.364737472396,12.139108,31,Sport,
64400,2026-05-22 08:26:01,51.9890237325416,4.38986504607682,11.811024,,,8.036653472396,13.12336,4.1159696,87.98720754,570.1607794,20,5,11.767,8.364737472396,12.139108,40.3096588,217.437342916,-3.131716,2.684328,0,301, -22.5, 12.9,,,0,0,1024,1024,978,364,0,0,-7,-100,296.8,0,0,93,3.917,3.91,3.91,0,0,0,9.226,80.6,8.036653472396,11.811024,31,Sport,
64500,2026-05-22 08:26:01,51.989021189256,4.38986705366543,11.811024,,,8.036653472396,13.12336,3.1540854,86.956039528,571.19096316,20,5,11.767,8.364737472396,12.139108,40.3096588,217.437342916,-2.23694,2.23694,0.223694,297.5, -19.9, 11.1,,,0,0,1024,1024,980,364,0,0,-7,-100,292.8,0,0,93,3.917,3.91,3.91,0,0,0,9.226,80.6,8.036653472396,11.811024,31,Sport,
64600,2026-05-22 08:26:01,51.989020321401,4.38986822469301,11.811024,,,8.036653472396,13.12336,2.2145706,86.559385972,571.604349,20,5,11.767,8.364737472396,12.139108,40.3096588,217.437342916,-1.565858,1.565858,0.223694,294.7, -15.9, 8.4,,,0,0,1024,1024,912,364,0,0,-17,-100,288.8,0,0,93,3.917,3.91,3.91,0,0,0,9.226,80.6,8.036653472396,11.811024,31,Sport,
64700,2026-05-22 08:26:01,51.9890177491597,4.38987061917684,11.811024,,,8.036653472396,13.12336,1.901399,85.482942368,572.68374536,20,5,11.767,8.364737472396,12.139108,40.3096588,217.437342916,-1.342164,1.342164,0.223694,291.5, -13.3, 7.2,,,0,0,1024,1024,838,364,0,0,-28,-100,284.8,0,0,93,3.917,3.91,3.91,0,0,0,9.226,80.6,8.036653472396,11.811024,31,Sport,
64800,2026-05-22 08:26:01,51.9890172382409,4.38987127591744,11.811024,,,8.036653472396,13.12336,1.2750558,85.252299316,572.92324668,20,5,11.767,8.364737472396,12.139108,40.3096588,217.437342916,-0.894776,0.894776,0.223694,288, -9.4, 7,,,0,0,1024,1024,838,364,0,0,-28,-100,280.8,0,0,93,3.917,3.91,3.91,0,0,0,9.226,80.6,8.036653472396,11.811024,31,Sport,
64900,2026-05-22 08:26:01,51.9890160764183,4.38987348077404,11.811024,,,8.036653472396,12.795276,0.8052984,84.66371662,573.57613384,20,5,11.812,8.364737472396,12.139108,40.3096588,217.437342916,-0.447388,0.671082,0.447388,284.4, -6, 5.1,,,0,0,1024,1024,838,364,0,0,-28,-100,276.8,0,0,93,3.956,3.949,3.952,0,0,0,8.218,80.6,8.036653472396,11.811024,31,Sport,
65000,2026-05-22 08:26:02,51.9890157959692,4.38987390620514,11.48294,,,7.708569472396,12.795276,0.7158208,84.531498768,573.71392912,20,5,11.812,8.364737472396,12.139108,40.3096588,217.437342916,-0.223694,0.671082,0.894776,280.8, -4.9, 4,,,0,0,1024,1024,808,364,0,0,-33,-100,272.8,0,0,93,3.956,3.949,3.952,0,0,0,8.218,80.6,7.708569472396,11.48294,31,Sport,
65100,2026-05-22 08:26:02,51.9890152797732,4.3898755848393,11.48294,,,7.708569472396,12.795276,0.447388,84.207023692,574.13715748,20,5,11.812,8.364737472396,12.139108,40.3096588,217.437342916,0,0.447388,1.11847,276.9, -4.1, 2.8,,,0,0,1024,1024,751,364,0,0,-41,-100,268.8,0,0,93,3.956,3.949,3.952,0,0,0,8.218,80.6,7.708569472396,11.48294,31,Sport,
65200,2026-05-22 08:26:02,51.9890151548663,4.38987586778811,11.154856,,,7.380485472396,12.467192,0.447388,84.139766472,574.21589764,20,5,11.812,8.364737472396,12.139108,40.3096588,217.437342916,0,0.447388,1.342164,273, -3.2, 1.6,,,0,0,1024,1024,754,364,0,0,-41,-100,264.8,0,0,93,3.956,3.949,3.952,0,0,0,8.218,80.6,7.380485472396,11.154856,31,Sport,
65300,2026-05-22 08:26:02,51.9890153825259,4.38987705445102,11.154856,,,7.380485472396,12.139108,0.223694,84.10925466,574.49476904,20,5,11.812,8.364737472396,12.139108,40.3096588,217.437342916,0,0.223694,1.789552,269.1, -2.3, 0.6,,,0,0,1024,1024,809,364,0,0,-33,-100,260.8,0,0,93,3.956,3.949,3.952,0,0,0,8.218,80.6,7.380485472396,11.154856,31,Sport,
65400,2026-05-22 08:26:02,51.9890153603716,4.38987721613206,10.826772,,,7.052401472396,11.811024,0.3131716,84.087273032,574.53085828,20,5,11.812,8.364737472396,12.139108,40.3096588,217.437342916,0.223694,0.223694,2.013246,265.1, -2.6, -0.3,,,0,0,1024,1024,886,364,0,0,-21,-100,256.8,0,0,93,3.956,3.949,3.952,0,0,0,8.218,80.6,7.052401472396,10.826772,31,Sport,
65500,2026-05-22 08:26:02,51.9890158098651,4.38987770854842,10.498688,,,6.724317472396,11.48294,0.447388,84.193900332,574.72770868,20,5,11.812,8.364737472396,12.139108,40.3096588,217.437342916,0.447388,0,1.789552,261.1, -1.4, -0.3,,,0,0,1024,1024,886,364,0,0,-21,-100,252.8,0,0,93,3.956,3.949,3.952,0,0,0,8.218,80.6,6.724317472396,10.498688,31,Sport,
65600,2026-05-22 08:26:02,51.9890158756771,4.38987773639949,10.498688,,,6.724317472396,11.48294,0.447388,84.213585372,574.7539554,20,5,11.812,8.364737472396,12.139108,40.3096588,217.437342916,0.447388,0,1.342164,256.8, -0.4, -1.9,,,0,0,1024,1024,946,364,0,0,-12,-100,248.8,0,0,93,3.956,3.949,3.952,0,0,0,8.218,80.6,6.724317472396,10.498688,31,Sport,
65700,2026-05-22 08:26:02,51.9890165594435,4.38987768537157,10.170604,,,6.396233472396,11.154856,0.671082,84.44718118,575.00329924,20,5,11.812,8.364737472396,12.139108,40.3096588,217.437342916,0.671082,0,0.894776,252.5, -0.9, -4.3,,,0,0,1024,1024,946,364,0,0,-12,-100,244.8,0,0,93,3.956,3.949,3.952,0,0,0,8.218,80.6,6.396233472396,10.170604,31,Sport,
65800,2026-05-22 08:26:02,51.9890166539375,4.38987763957442,10.170604,,,6.396233472396,10.826772,0.671082,84.482942336,575.03938848,20,5,11.812,8.364737472396,12.139108,40.3096588,217.437342916,0.671082,0,0.671082,248.4, -2.4, -7.8,,,0,0,1024,1024,891,364,0,0,-20,-100,240.8,0,0,93,3.956,3.949,3.952,0,0,0,8.218,80.6,6.396233472396,10.170604,31,Sport,
65900,2026-05-22 08:26:02,51.9890173804192,4.38987748053652,10.170604,,,6.396233472396,10.826772,0.447388,84.740488276,575.30513652,20,5,11.914,8.364737472396,12.139108,40.3096588,217.437342916,0.447388,0,0.447388,244.1, -2.4, -9.1,,,0,0,1024,1024,883,364,0,0,-21,-100,236.8,0,0,93,3.966,3.939,3.945,0,0,0,5.928,80.6,6.396233472396,10.170604,31,Sport,
66000,2026-05-22 08:26:03,51.9890173418848,4.38987739580071,10.170604,,,6.396233472396,10.826772,0.223694,84.735238932,575.33138324,20,5,11.914,8.364737472396,12.139108,40.3096588,217.437342916,0.223694,0,0.223694,239.8, -2, -8.8,,,0,0,1024,1024,875,364,0,0,-23,-100,232.8,0,0,93,3.966,3.939,3.945,0,0,0,5.928,80.6,6.396233472396,10.170604,31,Sport,
66100,2026-05-22 08:26:03,51.9890180859289,4.38987708298356,10.170604,,,6.396233472396,10.498688,0,85.012469912,575.61025464,20,5,11.914,8.364737472396,12.139108,40.3096588,217.437342916,0,0,0.223694,235.7, -2.1, -8,,,0,0,1024,1024,903,364,0,0,-18,-100,228.8,0,0,93,3.966,3.939,3.945,0,0,0,5.928,80.6,6.396233472396,10.170604,31,Sport,
66200,2026-05-22 08:26:03,51.9890179456356,4.38987700895956,10.170604,,,6.396233472396,10.498688,0,84.971787496,575.66602892,20,5,11.914,8.364737472396,12.139108,40.3096588,217.437342916,0,0,0.223694,231.8, -1.8, -7.1,,,0,0,1024,1024,1024,364,0,0,0,-100,225,0,0,93,3.966,3.939,3.945,0,0,0,5.928,80.6,6.396233472396,10.170604,6,P-GPS,
66300,2026-05-22 08:26:03,51.9890185126683,4.38987636450296,9.84252,,,6.068149472396,10.498688,0,85.219162832,575.91537276,20,5,11.914,8.364737472396,12.139108,40.3096588,217.437342916,0,0,0.223694,228.6, -0.9, -6.3,,,0,0,1024,1024,1017,364,0,0,-1,-100,222,0,0,93,3.966,3.939,3.945,0,0,0,5.928,80.6,6.068149472396,9.84252,38,Tripod,
66400,2026-05-22 08:26:03,51.989018324931,4.38987631229257,9.84252,,,6.068149472396,10.498688,0,85.16076388,575.98755124,20,5,11.914,8.364737472396,12.139108,40.3096588,217.437342916,0,0,0,225.6, -0.7, -6.3,,,0,0,1024,1024,832,364,0,0,-29,-100,219.2,0,0,93,3.966,3.939,3.945,0,0,0,5.928,80.6,6.068149472396,9.84252,38,Tripod,
66500,2026-05-22 08:26:03,51.9890188044946,4.38987539792216,9.84252,,,6.068149472396,10.498688,0,85.402889872,576.25658012,20,5,11.914,8.364737472396,12.139108,40.3096588,217.437342916,0,0,0,222.9, -0.6, -6.6,,,0,0,1024,1024,895,364,0,0,-20,-100,216.8,0,0,93,3.966,3.939,3.945,0,0,0,5.928,80.6,6.068149472396,9.84252,38,Tripod,
66600,2026-05-22 08:26:03,51.9890186363072,4.38987535837138,9.84252,,,6.068149472396,10.498688,0,85.350068348,576.31891608,20,5,11.914,8.364737472396,12.139108,40.3096588,217.437342916,0,0,0,220.3, -0.7, -7.3,,,0,0,1024,1024,895,364,0,0,-20,-100,214.4,0,0,93,3.966,3.939,3.945,0,0,0,5.928,80.6,6.068149472396,9.84252,38,Tripod,
66700,2026-05-22 08:26:03,51.989019146318,4.38987458492591,9.84252,,,6.068149472396,10.498688,0,85.589897752,576.57154076,20,5,11.914,8.364737472396,12.139108,40.3096588,217.437342916,0,0,0,217.8, -1.5, -7.7,,,0,0,1024,1024,800,364,0,0,-34,-100,212,0,0,93,3.966,3.939,3.945,0,0,0,5.928,80.6,6.068149472396,9.84252,38,Tripod,
66800,2026-05-22 08:26:03,51.9890189779935,4.38987462051192,9.84252,,,6.068149472396,10.498688,0,85.530186464,576.63387672,20,5,11.914,8.364737472396,12.139108,40.3096588,217.437342916,0,0,0,215.4, -1.6, -7.6,,,0,0,1024,1024,798,364,0,0,-34,-100,209.6,0,0,93,3.966,3.939,3.945,0,0,0,5.928,80.6,6.068149472396,9.84252,38,Tripod,
66900,2026-05-22 08:26:04,51.9890190965094,4.38987422995654,9.84252,,,6.068149472396,10.498688,0.223694,85.604989616,576.73230192,20,5,11.845,8.364737472396,12.139108,40.3096588,217.437342916,-0.223694,0,0,213, -1.2, -6.4,,,0,0,1024,1024,769,364,0,0,-39,-100,207.2,0,0,93,3.955,3.944,3.951,0,0,0,7.624,80.78,6.068149472396,9.84252,38,Tripod,
67000,2026-05-22 08:26:04,51.989018914889,4.38987434824725,9.84252,,,6.068149472396,10.170604,0.223694,85.533467304,576.8044804,20,5,11.845,8.364737472396,12.139108,40.3096588,217.437342916,-0.223694,0,0,210.6, -0.7, -5.5,,,0,0,1024,1024,846,364,0,0,-27,-100,204.8,0,0,93,3.955,3.944,3.951,0,0,0,7.624,80.78,6.068149472396,9.84252,38,Tripod,
67100,2026-05-22 08:26:04,51.9890190957383,4.38987399254052,10.170604,,,6.396233472396,10.170604,0.223694,85.625986992,576.90618644,20,5,11.845,8.364737472396,12.139108,40.3096588,217.437342916,-0.223694,0,0,208.1, -0.8, -5,,,0,0,1024,1024,818,364,0,0,-31,-100,202.4,0,0,93,3.955,3.944,3.951,0,0,0,7.624,80.78,6.396233472396,10.170604,38,Tripod,
67200,2026-05-22 08:26:04,51.9890189562504,4.38987415148103,10.170604,,,6.396233472396,10.170604,0.223694,85.564963368,576.9685224,20,5,11.845,8.364737472396,12.139108,40.3096588,217.437342916,-0.223694,0,0,205.9, -0.9, -4.6,,,0,0,1399,1024,798,364,57,0,-34,-100,200,0,0,93,3.955,3.944,3.951,0,0,0,7.624,80.78,6.396233472396,10.170604,38,Tripod,
67300,2026-05-22 08:26:04,51.9890189264715,4.38987387518195,9.84252,,,6.068149472396,10.170604,0.223694,85.579727148,577.0341392,20,5,11.845,8.364737472396,12.139108,40.3096588,217.437342916,-0.223694,0,0,203.8, -1.3, -3.9,,,0,0,1629,1024,798,364,92,0,-34,-100,197.6,0,0,93,3.955,3.944,3.951,0,0,0,7.624,80.78,6.068149472396,9.84252,38,Tripod,
67400,2026-05-22 08:26:04,51.989018819127,4.38987404102262,9.84252,,,6.068149472396,10.170604,0.223694,85.529202212,577.08663264,20,5,11.845,8.364737472396,12.139108,40.3096588,217.437342916,-0.223694,0,0,201.5, -2.1, -3.2,,,0,0,1629,1024,798,364,92,0,-34,-100,195.2,0,0,93,3.955,3.944,3.951,0,0,0,7.624,80.78,6.068149472396,9.84252,38,Tripod,
67500,2026-05-22 08:26:04,51.989018715809,4.38987380179804,10.170604,,,6.396233472396,10.170604,0.223694,85.516078852,577.15224944,21,5,11.845,8.364737472396,12.139108,40.3096588,217.437342916,-0.223694,0,0,199.3, -6.5, -2.9,,,0,0,1684,1024,798,364,100,0,-34,-100,192.8,0,0,93,3.955,3.944,3.951,0,0,0,7.624,80.78,6.396233472396,10.170604,38,Tripod,
67600,2026-05-22 08:26:04,51.9890185761154,4.38987390939066,9.84252,,,6.068149472396,10.170604,0.447388,85.459648404,577.20802372,21,5,11.845,8.364737472396,12.139108,40.3096588,217.437342916,-0.447388,0,0.223694,197.3, -11.7, -2.6,,,0,0,1684,1024,771,364,100,0,-38,-100,190.4,0,0,93,3.955,3.944,3.951,0,0,0,7.624,80.78,6.068149472396,9.84252,38,Tripod,
67700,2026-05-22 08:26:04,51.9890182860709,4.38987389098552,9.84252,,,6.068149472396,9.84252,0.671082,85.36417596,577.31629144,21,5,11.845,8.364737472396,12.139108,40.3096588,217.437342916,-0.671082,0,0.223694,195.2, -14.8, -2.8,,,0,0,1684,1024,726,364,100,0,-45,-100,188,0,0,93,3.955,3.944,3.951,0,0,0,7.624,80.78,6.068149472396,9.84252,38,Tripod,
67800,2026-05-22 08:26:04,51.9890178983969,4.3898738569437,9.84252,,,6.068149472396,9.84252,1.11847,85.23786362,577.45736756,21,5,11.845,8.364737472396,12.139108,40.3096588,217.437342916,-1.11847,0,0.223694,193.2, -17, -3.2,,,0,0,1684,1024,703,364,100,0,-49,-100,185.6,0,0,93,3.955,3.944,3.951,0,0,0,7.624,80.78,6.068149472396,9.84252,38,Tripod,
67900,2026-05-22 08:26:05,51.9890172242758,4.38987359654553,9.84252,,,6.068149472396,9.84252,1.565858,85.03609196,577.70999224,21,5,11.861,8.364737472396,12.139108,40.3096588,217.437342916,-1.565858,0,0.447388,190.9, -17.5, -4.3,,,0,0,1684,1024,843,364,100,0,-27,-100,183.2,0,0,93,3.959,3.954,3.963,0,0,0,6.563,80.78,6.068149472396,9.84252,38,Tripod,
68000,2026-05-22 08:26:05,51.9890164557307,4.38987345059856,9.514436,,,5.740065472396,9.84252,2.23694,84.792981716,577.99214448,21,5,11.861,8.364737472396,12.139108,40.3096588,217.437342916,-2.23694,0,0.223694,188.6, -17.4, -4.5,,,0,0,1684,1024,749,364,100,0,-42,-100,180.8,0,0,93,3.959,3.954,3.963,0,0,0,6.563,80.78,5.740065472396,9.514436,38,Tripod,
68100,2026-05-22 08:26:05,51.9890154006872,4.38987351566332,9.514436,,,5.740065472396,9.514436,2.684328,84.435042072,578.37600276,21,5,11.861,8.364737472396,12.139108,40.3096588,217.437342916,-2.684328,0,0.223694,186.3, -17, -5,,,0,0,1684,1024,748,364,100,0,-42,-100,178.3,0,0,93,3.959,3.954,3.963,0,0,0,6.563,80.78,5.740065472396,9.514436,38,Tripod,
68200,2026-05-22 08:26:05,51.9890141987711,4.38987342394391,9.514436,,,5.740065472396,9.514436,3.131716,84.042981692,578.81563532,21,5,11.861,8.364737472396,12.139108,40.3096588,217.437342916,-3.131716,0,0,184, -16.7, -6.1,,,0,0,1684,1024,788,364,100,0,-36,-100,175.9,0,0,93,3.959,3.954,3.963,0,0,0,6.563,80.78,5.740065472396,9.514436,38,Tripod,
68300,2026-05-22 08:26:05,51.9890129306132,4.38987361623081,9.514436,,,5.740065472396,9.514436,3.579104,83.603021048,579.2815146,21,5,11.861,8.364737472396,12.139108,40.3096588,217.437342916,-3.579104,0,0.223694,182, -16.9, -6.6,,,0,0,1684,1024,788,364,100,0,-36,-100,173.5,0,0,93,3.959,3.954,3.963,0,0,0,6.563,80.78,5.740065472396,9.514436,38,Tripod,
68400,2026-05-22 08:26:05,51.9890113868754,4.38987368036339,9.514436,,,5.740065472396,9.514436,4.026492,83.083664076,579.84253824,21,5,11.861,8.364737472396,12.139108,40.3096588,217.437342916,-4.026492,0.223694,0.223694,179.7, -16.9, -7.6,,,0,0,1684,1024,997,364,100,0,-4,-100,171.1,0,0,93,3.959,3.954,3.963,0,0,0,6.563,80.78,5.740065472396,9.514436,38,Tripod,
68500,2026-05-22 08:26:05,51.9890098626858,4.38987380243813,9.186352,,,5.411981472396,9.514436,4.4962494,82.566275608,580.40028104,21,5,11.861,8.364737472396,12.139108,40.3096588,217.437342916,-4.47388,0.447388,0.223694,177.6, -16.9, -8.2,,,0,0,1684,1024,811,364,100,0,-32,-100,168.7,0,0,93,3.959,3.954,3.963,0,0,0,6.563,80.78,5.411981472396,9.186352,38,Tripod,
68600,2026-05-22 08:26:05,51.9890080200608,4.38987414618098,9.186352,,,5.411981472396,9.514436,4.9660068,81.9225748,581.07613408,21,5,11.861,8.364737472396,12.139108,40.3096588,217.437342916,-4.921268,0.671082,0,175.3, -16.3, -8.7,,,0,0,1684,1024,1012,981,100,0,-2,-7,166.3,0,0,93,3.959,3.954,3.963,0,0,0,6.563,80.78,5.411981472396,9.186352,38,Tripod,
68700,2026-05-22 08:26:05,51.9890060809371,4.38987463254597,9.186352,,,5.411981472396,9.514436,5.2120702,81.234254568,581.79463804,21,5,11.861,8.364737472396,12.139108,40.3096588,217.437342916,-5.144962,0.894776,0,172.6, -16.4, -2.6,,,0,0,1684,1024,1024,1024,100,0,0,0,164.2,0,0,93,3.959,3.954,3.963,0,0,0,6.563,80.78,5.411981472396,9.186352,38,Tripod,
68800,2026-05-22 08:26:05,51.9890039948036,4.38987525823595,9.186352,,,5.411981472396,9.514436,5.480503,80.484582628,582.56891628,21,5,11.861,8.364737472396,12.139108,40.3096588,217.437342916,-5.368656,1.11847,0,170.9, -16.6, -1.8,,,0,0,1684,1024,1024,1024,100,0,0,0,162.7,0,0,93,3.959,3.954,3.963,0,0,0,6.563,80.78,5.411981472396,9.186352,38,Tripod,
68900,2026-05-22 08:26:06,51.9890019481298,4.38987587082116,9.186352,,,5.411981472396,9.514436,5.927891,79.749674468,583.32679032,21,5,11.878,8.364737472396,12.139108,40.3096588,217.437342916,-5.816044,1.11847,0,169.4, -16.5, -1.3,,,0,0,1684,1024,1024,1024,100,0,0,0,162.1,0,0,93,3.957,3.955,3.953,0,0,0,6.637,80.78,5.411981472396,9.186352,38,Tripod,
69000,2026-05-22 08:26:06,51.988999628734,4.38987656170108,9.186352,,,5.411981472396,9.514436,6.151585,78.91732536,584.1863704,21,5,11.878,8.364737472396,12.139108,40.3096588,217.437342916,-6.039738,1.11847,0,168.5, -16.4, -1.7,,,0,0,1684,1024,1024,892,100,0,0,-20,162,0,0,93,3.957,3.955,3.953,0,0,0,6.637,80.78,5.411981472396,9.186352,38,Tripod,
69100,2026-05-22 08:26:06,51.9889970379356,4.38987699262809,9.186352,,,5.411981472396,9.514436,6.5766036,78.02165604,585.137814,21,5,11.878,8.364737472396,12.139108,40.3096588,217.437342916,-6.487126,1.11847,0,168.2, -16.2, -1.7,,,0,0,1684,1024,1024,364,100,0,0,-100,162,0,0,93,3.957,3.955,3.953,0,0,0,6.637,80.78,5.411981472396,9.186352,38,Tripod,
69200,2026-05-22 08:26:06,51.9889944764192,4.38987774327245,9.186352,,,5.411981472396,9.514436,6.8450364,77.105645512,586.08597676,21,5,11.878,8.364737472396,12.139108,40.3096588,217.437342916,-6.71082,1.342164,0,168.6, -15.9, -8.8,,,0,0,1684,1024,1024,1024,100,0,0,0,161.6,0,0,93,3.957,3.955,3.953,0,0,0,6.637,80.78,5.411981472396,9.186352,38,Tripod,
69300,2026-05-22 08:26:06,51.9889915150295,4.38987877934205,9.186352,,,5.411981472396,9.514436,7.158208,76.031170412,587.19161984,21,5,11.878,8.364737472396,12.139108,40.3096588,217.437342916,-6.934514,1.789552,0,167.6, -15.6, -9.9,,,0,0,1684,1024,1024,1024,100,0,0,0,160.1,0,0,93,3.957,3.955,3.953,0,0,0,6.637,80.78,5.411981472396,9.186352,38,Tripod,
69400,2026-05-22 08:26:06,51.9889887669239,4.38987992982093,9.186352,,,5.411981472396,9.514436,7.4266408,75.0164066,588.22836528,21,5,11.878,8.364737472396,12.139108,40.3096588,217.437342916,-7.158208,2.013246,0,166.1, -15.2, 0,,,0,0,1684,1024,1024,1024,100,0,0,0,158.7,0,0,93,3.957,3.955,3.953,0,0,0,6.637,80.78,5.411981472396,9.186352,38,Tripod,
69500,2026-05-22 08:26:06,51.9889858382087,4.38988113822778,9.186352,,,5.411981472396,9.514436,7.6503348,73.937338324,589.33072752,21,5,11.878,8.364737472396,12.139108,40.3096588,217.437342916,-7.381902,2.013246,0,165, -14.9, -0.2,,,0,0,1684,1024,1024,771,100,0,0,-38,158.2,0,0,93,3.957,3.955,3.953,0,0,0,6.637,80.78,5.411981472396,9.186352,38,Tripod,
69600,2026-05-22 08:26:06,51.9889828978595,4.38988233810681,9.186352,,,5.411981472396,9.514436,7.8740288,72.855645376,590.4363706,21,5,11.878,8.364737472396,12.139108,40.3096588,217.437342916,-7.605596,2.013246,0,164.5, -14.7, -4.7,,,0,0,1684,1024,1024,1024,100,0,0,0,158,0,0,93,3.957,3.955,3.953,0,0,0,6.637,80.78,5.411981472396,9.186352,38,Tripod,
69700,2026-05-22 08:26:06,51.9889799105118,4.3898837413741,9.186352,,,5.411981472396,9.514436,7.9187676,71.739503608,591.57154124,21,5,11.878,8.364737472396,12.139108,40.3096588,217.437342916,-7.605596,2.23694,0,163.8, -14.7, -3.2,,,0,0,1684,1024,1024,1024,100,0,0,0,157.4,0,0,93,3.957,3.955,3.953,0,0,0,6.637,80.78,5.411981472396,9.186352,38,Tripod,
69800,2026-05-22 08:26:06,51.9889768603166,4.38988514390401,9.186352,,,5.411981472396,9.514436,8.1424616,70.603020632,592.72639692,21,5,11.878,8.364737472396,12.139108,40.3096588,217.437342916,-7.82929,2.23694,0,163.5, -14.5, -0.3,,,0,0,1684,1024,1024,1024,100,0,0,0,157,0,0,93,3.957,3.955,3.953,0,0,0,6.637,80.78,5.411981472396,9.186352,38,Tripod,
69900,2026-05-22 08:26:07,51.988973565225,4.38988633165209,9.186352,,,5.411981472396,9.514436,8.3661556,69.409779124,593.95999276,21,5,11.847,8.364737472396,12.139108,40.3096588,217.437342916,-8.052984,2.23694,0,162.8, -14.6, -1.3,,,0,0,1684,1024,1024,1024,100,0,0,0,156.8,0,0,93,3.944,3.944,3.957,0,0,0,7.266,80.78,5.411981472396,9.186352,38,Tripod,
70000,2026-05-22 08:26:07,51.9889703750107,4.38988776435635,9.186352,,,5.411981472396,9.514436,8.4108944,68.226380136,595.16734188,21,5,11.847,8.364737472396,12.139108,40.3096588,217.437342916,-8.052984,2.460634,0,162.6, -14.5, -0.4,,,0,0,1684,1024,1024,803,100,0,0,-33,156.8,0,0,93,3.944,3.944,3.957,0,0,0,7.266,80.78,5.411981472396,9.186352,38,Tripod,
70100,2026-05-22 08:26:07,51.988966742465,4.38988967449419,9.186352,,,5.411981472396,9.514436,8.6345884,66.851708176,596.55841804,21,5,11.847,8.364737472396,12.139108,40.3096588,217.437342916,-8.276678,2.460634,0,162.6, -13.9, -1.2,,,0,0,1684,1024,1024,926,100,0,0,-15,156.8,0,0,93,3.944,3.944,3.957,0,0,0,7.266,80.78,5.411981472396,9.186352,38,Tripod,
70200,2026-05-22 08:26:07,51.9889633813904,4.38989119353411,9.186352,,,5.411981472396,9.514436,8.8582824,65.605973228,597.83138396,21,5,11.847,8.364737472396,12.139108,40.3096588,217.437342916,-8.500372,2.460634,0,162.8, -13.4, -6.5,,,0,0,1684,1024,1024,926,100,0,0,-15,156.5,0,0,93,3.944,3.944,3.957,0,0,0,7.266,80.78,5.411981472396,9.186352,38,Tripod,
70300,2026-05-22 08:26:07,51.9889599439667,4.38989302089777,9.186352,,,5.411981472396,9.514436,8.9030212,64.304464,599.15356248,21,5,11.847,8.364737472396,12.139108,40.3096588,217.437342916,-8.500372,2.684328,0,162, -13.5, -1.1,,,0,0,1684,1024,1024,1024,100,0,0,0,155.8,0,0,93,3.944,3.944,3.957,0,0,0,7.266,80.78,5.411981472396,9.186352,38,Tripod,
70400,2026-05-22 08:26:07,51.9889565138849,4.38989474404923,9.186352,,,5.411981472396,9.84252,9.1267152,63.017062384,600.46261764,21,5,11.847,8.364737472396,12.139108,40.3096588,217.437342916,-8.724066,2.684328,0,161.9, -13.5, 0.3,,,0,0,1684,1024,1024,1024,100,0,0,0,155.4,0,0,93,3.944,3.944,3.957,0,0,0,7.266,80.78,5.411981472396,9.186352,38,Tripod,
70500,2026-05-22 08:26:07,51.9889529971136,4.38989664208393,9.186352,,,5.411981472396,9.514436,9.1267152,61.684057092,601.81432372,21,5,11.847,8.364737472396,12.139108,40.3096588,217.437342916,-8.724066,2.684328,0,161.4, -13.6, -1.1,,,0,0,1684,1024,1024,939,100,0,0,-13,155.3,0,0,93,3.944,3.944,3.957,0,0,0,7.266,80.78,5.411981472396,9.186352,38,Tripod,
70600,2026-05-22 08:26:07,51.9889494607582,4.38989836362166,9.186352,,,5.411981472396,9.514436,9.3504092,60.364503244,603.16274896,21,5,11.847,8.364737472396,12.139108,40.3096588,217.437342916,-8.94776,2.684328,0,161.2, -14.1, -2.1,,,0,0,1684,1024,1024,659,100,0,0,-55,155.3,0,0,93,3.944,3.944,3.957,0,0,0,7.266,80.78,5.411981472396,9.186352,38,Tripod,
70700,2026-05-22 08:26:07,51.9889456226816,4.38990030417038,9.186352,,,5.411981472396,9.514436,9.4175174,58.926182988,604.62928444,21,5,11.847,8.364737472396,12.139108,40.3096588,217.437342916,-8.94776,2.908022,0,161.4, -13.8, -6.9,,,0,0,1684,1024,1024,819,100,0,0,-31,155,0,0,93,3.944,3.944,3.957,0,0,0,7.266,80.78,5.411981472396,9.186352,38,Tripod,
70800,2026-05-22 08:26:07,51.9889420000907,4.38990222210579,9.186352,,,5.411981472396,9.84252,9.4175174,57.560369296,606.01707976,21,5,11.847,8.364737472396,12.139108,40.3096588,217.437342916,-8.94776,3.131716,0,160.9, -12.7, -6.2,,,0,0,1684,1024,1024,1024,100,0,0,0,154.3,0,0,93,3.944,3.944,3.957,0,0,0,7.266,80.78,5.411981472396,9.186352,38,Tripod,
70900,2026-05-22 08:26:08,51.9889381113402,4.38990467331609,9.186352,,,5.411981472396,9.84252,9.5517338,56.052495232,607.53938952,21,5,11.868,8.364737472396,12.139108,40.3096588,217.437342916,-8.94776,3.35541,0,160.2, -12.7, 0.4,,,0,0,1684,1024,1024,1024,100,0,0,0,153.6,0,0,93,3.956,3.953,3.96,0,0,0,6.968,80.78,5.411981472396,9.186352,38,Tripod,
71000,2026-05-22 08:26:08,51.9889344339891,4.38990679616984,9.186352,,,5.411981472396,9.84252,9.5517338,54.64895188,608.96327408,21,5,11.868,8.364737472396,12.139108,40.3096588,217.437342916,-9.171454,3.35541,0,159.7, -13.2, 0.1,,,0,0,1684,1024,1024,1024,100,0,0,0,153.4,0,0,93,3.956,3.953,3.96,0,0,0,6.968,80.78,5.411981472396,9.186352,38,Tripod,
71100,2026-05-22 08:26:08,51.9889308321304,4.38990895072824,9.186352,,,5.411981472396,9.84252,9.7754278,53.266733988,610.36419276,21,5,11.868,8.364737472396,12.139108,40.3096588,217.437342916,-9.171454,3.35541,0,159.2, -12.6, -0.2,,,0,0,1684,1024,1024,1024,100,0,0,0,153.3,0,0,93,3.956,3.953,3.96,0,0,0,6.968,80.78,5.411981472396,9.186352,38,Tripod,
71200,2026-05-22 08:26:08,51.9889270808717,4.38991105494041,9.186352,,,5.411981472396,10.170604,9.9767524,51.844161764,611.8110432,21,5,11.868,8.364737472396,12.139108,40.3096588,217.437342916,-9.395148,3.35541,0,159.2, -12.3, -0.9,,,0,0,1684,1024,1024,1024,100,0,0,0,153.3,0,0,93,3.956,3.953,3.96,0,0,0,6.968,80.78,5.411981472396,9.186352,38,Tripod,
71300,2026-05-22 08:26:08,51.988923072723,4.38991318946606,9.186352,,,5.411981472396,10.170604,9.9767524,50.338256204,613.34975716,21,5,11.868,8.364737472396,12.139108,40.3096588,217.437342916,-9.395148,3.35541,0,159.2, -12.8, -1.2,,,0,0,1684,1024,1024,1024,100,0,0,0,153.3,0,0,93,3.956,3.953,3.96,0,0,0,6.968,80.78,5.411981472396,9.186352,38,Tripod,
71400,2026-05-22 08:26:08,51.9889192331128,4.38991532601585,9.186352,,,5.411981472396,9.84252,9.9767524,48.887468756,614.83269684,21,5,11.868,8.364737472396,12.139108,40.3096588,217.437342916,-9.395148,3.35541,0,159.1, -6, -0.9,,,0,0,1684,1024,1024,1024,100,0,0,0,153.3,0,0,93,3.956,3.953,3.96,0,0,0,6.968,80.78,5.411981472396,9.186352,38,Tripod,
71500,2026-05-22 08:26:08,51.9889149456113,4.38991786278959,9.186352,,,5.411981472396,9.84252,9.6859502,47.251970016,616.49608272,21,5,11.868,8.364737472396,12.139108,40.3096588,217.437342916,-9.171454,3.131716,0,159, -0.1, -0.9,,,0,0,1684,1024,1024,873,100,0,0,-23,153.3,0,0,93,3.956,3.953,3.96,0,0,0,6.968,80.78,5.411981472396,9.186352,38,Tripod,
71600,2026-05-22 08:26:08,51.9889112107158,4.38991994632207,9.186352,,,5.411981472396,9.84252,9.4846256,45.843833488,617.93637148,21,5,11.868,8.364737472396,12.139108,40.3096588,217.437342916,-8.94776,3.131716,0,159, -0.5, -2.3,,,0,0,1684,1024,1024,755,100,0,0,-41,153.3,0,0,93,3.956,3.953,3.96,0,0,0,6.968,80.78,5.411981472396,9.186352,38,Tripod,
71700,2026-05-22 08:26:08,51.9889079435784,4.38992183253188,9.186352,,,5.411981472396,9.84252,9.2609316,44.60630064,619.20277572,21,5,11.868,8.364737472396,12.139108,40.3096588,217.437342916,-8.724066,3.131716,0,158.5, -5.5, -7.5,,,0,0,1684,1024,1024,1024,100,0,0,0,152.8,0,0,93,3.956,3.953,3.96,0,0,0,6.968,80.78,5.411981472396,9.186352,38,Tripod,
71800,2026-05-22 08:26:08,51.9889044440697,4.38992393774573,9.186352,,,5.411981472396,9.514436,9.059607,43.272311096,620.56432432,21,5,11.868,8.364737472396,12.139108,40.3096588,217.437342916,-8.500372,3.131716,0,157.9, -8.7, -0.2,,,0,0,1471,1024,1024,1024,68,0,0,0,152.2,0,0,93,3.956,3.953,3.96,0,0,0,6.968,80.78,5.411981472396,9.186352,38,Tripod,
71900,2026-05-22 08:26:08,51.9889006177984,4.38992639093835,9.186352,,,5.411981472396,9.514436,9.059607,41.797573516,622.06694904,21,5,11.858,8.364737472396,12.139108,40.3096588,217.437342916,-8.500372,3.131716,0,158, -10.3, -0.1,,,0,0,1296,1024,1024,1024,41,0,0,0,151.9,0,0,93,3.947,3.942,3.957,0,0,0,7.11,80.78,5.411981472396,9.186352,38,Tripod,
72000,2026-05-22 08:26:09,51.9888971217593,4.38992851699875,9.186352,,,5.411981472396,9.514436,9.059607,40.465552476,623.42849764,21,5,11.858,8.364737472396,12.139108,40.3096588,217.437342916,-8.500372,3.131716,0,157.7, -7.9, -0.7,,,0,0,1257,1024,1024,1024,35,0,0,0,151.9,0,0,93,3.947,3.942,3.957,0,0,0,7.11,80.78,5.411981472396,9.186352,38,Tripod,
72100,2026-05-22 08:26:09,51.9888936606051,4.38993045681705,9.186352,,,5.411981472396,9.186352,8.8582824,39.169620676,624.76379952,21,5,11.858,8.364737472396,12.139108,40.3096588,217.437342916,-8.276678,3.131716,0,157.6, -3.6, -0.5,,,0,0,1257,1024,1024,1024,35,0,0,0,151.9,0,0,93,3.947,3.942,3.957,0,0,0,7.11,80.78,5.411981472396,9.186352,38,Tripod,
72200,2026-05-22 08:26:09,51.9888902593256,4.38993250746937,9.186352,,,5.411981472396,9.186352,8.6345884,37.88057864,626.08597804,21,5,11.858,8.364737472396,12.139108,40.3096588,217.437342916,-8.052984,3.131716,0,157.6, -0.5, -0.5,,,0,0,1024,1024,1024,1024,0,0,0,0,151.9,0,0,93,3.947,3.942,3.957,0,0,0,7.11,80.78,5.411981472396,9.186352,38,Tripod,
72300,2026-05-22 08:26:09,51.9888867524708,4.38993459499447,9.186352,,,5.411981472396,8.858268,8.3437862,36.557743952,627.45080748,21,5,11.858,8.364737472396,12.139108,40.3096588,217.437342916,-7.82929,2.908022,0,157.4, 11.2, -0.6,,,0,0,1024,1024,1024,1024,0,0,0,0,151.9,0,0,93,3.947,3.942,3.957,0,0,0,7.11,80.78,5.411981472396,9.186352,38,Tripod,
72400,2026-05-22 08:26:09,51.9888836629489,4.38993641789227,9.186352,,,5.411981472396,8.858268,7.3595326,35.396654676,628.64831408,22,5,11.858,8.364737472396,12.139108,40.3096588,217.437342916,-6.934514,2.460634,0,157.2, 24.8, -0.5,,,0,0,1024,1024,1024,1024,0,0,0,0,151.9,0,0,93,3.947,3.942,3.957,0,0,0,7.11,80.78,5.411981472396,9.186352,38,Tripod,
72500,2026-05-22 08:26:09,51.9888811561675,4.38993819607104,9.514436,,,5.740065472396,8.858268,6.151585,34.417980104,629.64568944,22,5,11.858,8.364737472396,12.139108,40.3096588,217.437342916,-5.816044,2.013246,0,157.3, 25.4, -0.4,,,0,0,364,1024,1024,1024,-100,0,0,0,151.9,0,0,93,3.947,3.942,3.957,0,0,0,7.11,80.78,5.740065472396,9.514436,38,Tripod,
72600,2026-05-22 08:26:09,51.9888789516833,4.38993943566895,9.514436,,,5.740065472396,8.530184,4.9436374,33.600394776,630.49870784,22,5,11.858,8.364737472396,12.139108,40.3096588,217.437342916,-4.697574,1.565858,0,157.1, 21.9, -2,,,0,0,364,1024,1024,1024,-100,0,0,0,151.9,0,0,93,3.947,3.942,3.957,0,0,0,7.11,80.78,5.740065472396,9.514436,38,Tripod,
72700,2026-05-22 08:26:09,51.9888771516216,4.38994025010363,9.514436,,,5.740065472396,8.530184,4.026492,32.959974808,631.18112256,22,5,11.858,8.364737472396,12.139108,40.3096588,217.437342916,-3.802798,1.342164,0,156.8, 24.1, -1.2,,,0,0,364,1024,1024,1024,-100,0,0,0,151.9,0,0,93,3.947,3.942,3.957,0,0,0,7.11,80.78,5.740065472396,9.514436,38,Tripod,
72800,2026-05-22 08:26:09,51.9888757365459,4.3899409775988,9.514436,,,5.740065472396,8.530184,2.8185444,32.446195264,631.72246116,22,5,11.858,8.364737472396,12.139108,40.3096588,217.437342916,-2.684328,0.894776,0,156.9, 23.7, -0.5,,,0,0,364,1024,1024,1024,-100,0,0,0,151.9,0,0,93,3.947,3.942,3.957,0,0,0,7.11,80.78,5.740065472396,9.514436,38,Tripod,
72900,2026-05-22 08:26:09,51.9888735893472,4.38994183598166,9.514436,,,5.740065472396,8.530184,1.6329662,31.7013461588,632.5295478,22,5,11.876,8.364737472396,12.139108,40.3096588,217.437342916,-1.565858,0.447388,0,156.9, 21.3, -1.6,,,0,0,1024,1024,1024,1024,0,0,0,0,151.9,0,0,93,3.955,3.955,3.964,0,0,0,6.655,80.78,5.740065472396,9.514436,38,Tripod,
73000,2026-05-22 08:26:10,51.9888728909783,4.38994208709361,9.186352,,,5.411981472396,8.2021,0.671082,31.4635508756,632.78873416,22,5,11.876,8.364737472396,12.139108,40.3096588,217.437342916,-0.671082,0,0,156.9, 17.1, -1.1,,,0,0,1024,1024,1024,1024,0,0,0,0,151.9,0,0,93,3.955,3.955,3.964,0,0,0,6.655,80.78,5.411981472396,9.186352,38,Tripod,
73100,2026-05-22 08:26:10,51.9888721021975,4.38994288918306,9.186352,,,5.411981472396,8.2021,0,31.1251978464,633.12994152,22,5,11.876,8.364737472396,12.139108,40.3096588,217.437342916,0,0,0,157.2, 5.8, 0,,,0,0,1024,1024,1024,1024,0,0,0,0,151.9,0,0,93,3.955,3.955,3.964,0,0,0,6.655,80.78,5.411981472396,9.186352,38,Tripod,
73200,2026-05-22 08:26:10,51.9888718695563,4.38994287503489,9.186352,,,5.411981472396,8.2021,0,31.0593513876,633.21524336,22,5,11.876,8.364737472396,12.139108,40.3096588,217.437342916,0,0,0,157.4, -2, -0.2,,,0,0,1024,1024,1024,1024,0,0,0,0,151.9,0,0,93,3.955,3.955,3.964,0,0,0,6.655,80.78,5.411981472396,9.186352,38,Tripod,
73300,2026-05-22 08:26:10,51.9888711713285,4.38994313946737,9.186352,,,5.411981472396,8.530184,0,30.8204078104,633.47442972,22,5,11.876,8.364737472396,12.139108,40.3096588,217.437342916,0,0,0,157.5, -3.3, -0.6,,,0,0,1041,1024,1024,1024,3,0,0,0,151.9,0,0,93,3.955,3.955,3.964,0,0,0,6.655,80.78,5.411981472396,9.186352,38,Tripod,
73400,2026-05-22 08:26:10,51.9888709114271,4.38994315456151,9.186352,,,5.411981472396,8.530184,0,30.7429143696,633.56957408,22,5,11.876,8.364737472396,12.139108,40.3096588,217.437342916,0,0,0,157.5, -2.4, 0,,,0,0,1024,1024,1024,1024,0,0,0,0,151.9,0,0,93,3.955,3.955,3.964,0,0,0,6.655,80.78,5.411981472396,9.186352,38,Tripod,
73500,2026-05-22 08:26:10,51.9888704979022,4.38994365898369,9.186352,,,5.411981472396,8.530184,0,30.5542332612,633.7598628,22,5,11.876,8.364737472396,12.139108,40.3096588,217.437342916,0,0,0,157.4, -2.3, 0.3,,,0,0,1024,1024,1024,1024,0,0,0,0,151.9,0,0,93,3.955,3.955,3.964,0,0,0,6.655,80.78,5.411981472396,9.186352,38,Tripod,
73600,2026-05-22 08:26:10,51.9888702012998,4.38994370453735,9.186352,,,5.411981472396,8.530184,0,30.4620416572,633.86813052,22,5,11.876,8.364737472396,12.139108,40.3096588,217.437342916,0,0,0,157.5, -1.4, -0.1,,,0,0,1024,1024,1024,1024,0,0,0,0,151.9,0,0,93,3.955,3.955,3.964,0,0,0,6.655,80.78,5.411981472396,9.186352,38,Tripod,
73700,2026-05-22 08:26:10,51.9888704578815,4.38994368116578,9.186352,,,5.411981472396,8.530184,0,30.5396007148,633.96327488,22,5,11.876,8.364737472396,12.139108,40.3096588,217.437342916,0,0,0,157.5, -1.8, -0.4,,,0,0,1024,1024,1024,1024,0,0,0,0,151.9,0,0,93,3.955,3.955,3.964,0,0,0,6.655,80.78,5.411981472396,9.186352,38,Tripod,
73800,2026-05-22 08:26:10,51.988870204461,4.38994371141665,9.186352,,,5.411981472396,8.530184,0,30.4620416572,634.0551384,22,5,11.876,8.364737472396,12.139108,40.3096588,217.437342916,0,0,0,157.6, -2.4, -0.7,,,0,0,1024,1024,1024,1024,0,0,0,0,151.9,0,0,93,3.955,3.955,3.964,0,0,0,6.655,80.78,5.411981472396,9.186352,38,Tripod,
73900,2026-05-22 08:26:10,51.9888706911952,4.38994313057783,9.186352,,,5.411981472396,8.858268,0,30.6823828716,634.27495468,22,5,11.872,8.364737472396,12.139108,40.3096588,217.437342916,0,0,0,157.6, -1.6, -1,,,0,0,1024,1024,1024,1024,0,0,0,0,151.9,0,0,93,3.958,3.956,3.96,0,0,0,6.879,80.96,5.411981472396,9.186352,38,Tripod,
74000,2026-05-22 08:26:11,51.9888705076515,4.38994315119489,9.186352,,,5.411981472396,8.858268,0,30.6264117412,634.34057148,22,5,11.872,8.364737472396,12.139108,40.3096588,217.437342916,0,0,0,157.6, -1.7, -0.6,,,0,0,1024,1024,714,1024,0,0,-47,0,151.9,0,0,93,3.958,3.956,3.96,0,0,0,6.879,80.96,5.411981472396,9.186352,38,Tripod,
74100,2026-05-22 08:26:11,51.9888709802587,4.38994288293672,9.186352,,,5.411981472396,8.858268,0,30.7999353688,634.52429852,22,5,11.872,8.364737472396,12.139108,40.3096588,217.437342916,0,0,0,157.6, -2.8, -0.8,,,0,0,1024,1024,714,1024,0,0,-47,0,151.9,0,0,93,3.958,3.956,3.96,0,0,0,6.879,80.96,5.411981472396,9.186352,38,Tripod,
74200,2026-05-22 08:26:11,51.9888708888103,4.38994289874731,9.186352,,,5.411981472396,8.858268,0,30.7712936356,634.55710692,22,5,11.872,8.364737472396,12.139108,40.3096588,217.437342916,0,0,0,157.5, -3.6, -0.3,,,0,0,1024,1024,364,1024,0,0,-100,0,151.9,0,0,93,3.958,3.956,3.96,0,0,0,6.879,80.96,5.411981472396,9.186352,38,Tripod,
74300,2026-05-22 08:26:11,51.9888712834878,4.38994255269524,9.186352,,,5.411981472396,8.858268,0,30.9328750056,634.72114892,22,5,11.872,8.364737472396,12.139108,40.3096588,217.437342916,0,0,0.447388,157.6, -4.4, 0,,,0,0,1024,1024,364,1024,0,0,-100,0,151.9,0,0,93,3.958,3.956,3.96,0,0,0,6.879,80.96,5.411981472396,9.186352,38,Tripod,
74400,2026-05-22 08:26:11,51.9888712356068,4.38994254956512,9.186352,,,5.411981472396,8.530184,0,30.9194235616,634.74083396,22,5,11.872,8.364737472396,12.139108,40.3096588,217.437342916,0,0,1.11847,157.6, -4.4, -0.1,,,0,0,1024,1024,364,1024,0,0,-100,0,151.9,0,0,93,3.958,3.956,3.96,0,0,0,6.879,80.96,5.411981472396,9.186352,38,Tripod,
74500,2026-05-22 08:26:11,51.9888714776417,4.38994216437961,8.858268,,,5.083897472396,8.530184,0,31.042159786,634.86222504,22,5,11.872,8.364737472396,12.139108,40.3096588,217.437342916,0,0,1.565858,157.6, -3.3, 0.3,,,0,0,1024,1024,364,1024,0,0,-100,0,151.9,0,0,93,3.958,3.956,3.96,0,0,0,6.879,80.96,5.083897472396,8.858268,38,Tripod,
74600,2026-05-22 08:26:11,51.9888714528831,4.38994210885823,8.858268,,,5.083897472396,8.2021,0,31.0425862952,634.87862924,22,5,11.872,8.364737472396,12.139108,40.3096588,217.437342916,0,0,1.789552,157.4, -2.9, -0.1,,,0,0,1024,1024,364,1024,0,0,-100,0,151.9,0,0,93,3.958,3.956,3.96,0,0,0,6.879,80.96,5.083897472396,8.858268,38,Tripod,
74700,2026-05-22 08:26:11,51.9888716995613,4.38994182141589,8.530184,,,4.755813472396,7.874016,0,31.1533146452,634.9901778,22,5,11.872,8.364737472396,12.139108,40.3096588,217.437342916,0,0,2.013246,157.4, -3.2, -0.4,,,0,0,1024,1024,364,1024,0,0,-100,0,151.9,0,0,93,3.958,3.956,3.96,0,0,0,6.879,80.96,4.755813472396,8.530184,38,Tripod,
74800,2026-05-22 08:26:11,51.9888717076143,4.38994168734244,8.2021,,,4.427729472396,7.545932,0.223694,31.1739511288,635.01970536,22,5,11.872,8.364737472396,12.139108,40.3096588,217.437342916,0,-0.223694,2.23694,157.4, -3.7, -0.9,,,0,0,1024,1024,364,1024,0,0,-100,0,151.9,0,0,93,3.958,3.956,3.96,0,0,0,6.879,80.96,4.427729472396,8.2021,38,Tripod,
74900,2026-05-22 08:26:12,51.9888720500245,4.38994121778978,7.874016,,,4.099645472396,7.217848,0.223694,31.3373041524,635.18374736,22,5,11.894,8.364737472396,12.139108,40.3096588,217.437342916,0,-0.223694,2.23694,157.4, -4.2, -1.2,,,0,0,1024,1024,364,1024,0,0,-100,0,151.9,0,0,93,3.973,3.969,3.976,0,0,0,5.994,80.96,4.099645472396,7.874016,38,Tripod,
75000,2026-05-22 08:26:12,51.9888720830332,4.38994104344215,7.545932,,,3.771561472396,6.889764,0.223694,31.370735912,635.22311744,22,5,11.894,8.364737472396,12.139108,40.3096588,217.437342916,0,-0.223694,2.23694,157.5, -4.8, -1.1,,,0,0,1024,1024,1024,1024,0,0,0,0,151.9,0,0,93,3.973,3.969,3.976,0,0,0,5.994,80.96,3.771561472396,7.545932,38,Tripod,
75100,2026-05-22 08:26:12,51.988872337426,4.38994072345355,7.217848,,,3.443477472396,6.56168,0.223694,31.4881243672,635.34122768,22,5,11.894,8.364737472396,12.139108,40.3096588,217.437342916,0,-0.223694,2.013246,157.5, -4.8, -1.6,,,0,0,1024,1024,1024,1024,0,0,0,0,151.9,0,0,93,3.973,3.969,3.976,0,0,0,5.994,80.96,3.443477472396,7.217848,38,Tripod,
75200,2026-05-22 08:26:12,51.9888723549626,4.38994056453394,6.889764,,,3.115393472396,6.233596,0,31.5149616384,635.37731692,22,5,11.894,8.364737472396,12.139108,40.3096588,217.437342916,0,0,1.565858,157.6, -4.1, -1.7,,,0,0,1024,1024,1024,1024,0,0,0,0,151.9,0,0,93,3.973,3.969,3.976,0,0,0,5.994,80.96,3.115393472396,6.889764,38,Tripod,
75300,2026-05-22 08:26:12,51.9888721879575,4.38994050543031,6.56168,,,2.787309472396,6.233596,0,31.4748369652,635.43965288,22,5,11.894,8.364737472396,12.139108,40.3096588,217.437342916,0,0,0.894776,157.6, -3.9, -1.6,,,0,0,1024,1024,1024,1024,0,0,0,0,151.9,0,0,93,3.973,3.969,3.976,0,0,0,5.994,80.96,2.787309472396,6.56168,38,Tripod,
75400,2026-05-22 08:26:12,51.9888721711447,4.38994044968645,6.56168,,,2.787309472396,5.905512,0,31.4776584876,635.45277624,22,5,11.894,8.364737472396,12.139108,40.3096588,217.437342916,0,0,0.447388,157.7, -4.7, -1.2,,,0,0,1024,1024,1024,1024,0,0,0,0,151.9,0,0,93,3.973,3.969,3.976,0,0,0,5.994,80.96,2.787309472396,6.56168,38,Tripod,
75500,2026-05-22 08:26:12,51.9888723513216,4.38994023614279,6.56168,,,2.787309472396,5.905512,0,31.5590233196,635.53479724,22,5,11.894,8.364737472396,12.139108,40.3096588,217.437342916,0,0,0.223694,157.6, -5, -1,,,0,0,1024,1024,1024,1024,0,0,0,0,151.9,0,0,93,3.973,3.969,3.976,0,0,0,5.994,80.96,2.787309472396,6.56168,38,Tripod,
75600,2026-05-22 08:26:12,51.9888723360381,4.38994024983187,6.56168,,,2.787309472396,5.905512,0,31.5527241068,635.54135892,22,5,11.894,8.364737472396,12.139108,40.3096588,217.437342916,0,0,0,157.6, -5.1, -0.7,,,0,0,1024,1024,1024,1024,0,0,0,0,151.9,0,0,93,3.973,3.969,3.976,0,0,0,5.994,80.96,2.787309472396,6.56168,38,Tripod,
75700,2026-05-22 08:26:12,51.9888724195578,4.38994016405966,6.233596,,,2.459225472396,5.905512,0,31.5886164964,635.57744816,22,5,11.894,8.364737472396,12.139108,40.3096588,217.437342916,0,0,0,157.6, -4.6, 0,,,0,0,1024,1024,1024,1024,0,0,0,0,151.9,0,0,93,3.973,3.969,3.976,0,0,0,5.994,80.96,2.459225472396,6.233596,38,Tripod,
75800,2026-05-22 08:26:12,51.9888723954673,4.38994020440342,6.233596,,,2.459225472396,5.905512,0,31.576116496,635.59057152,22,5,11.894,8.364737472396,12.139108,40.3096588,217.437342916,0,0,0,157.6, -4.1, 0.2,,,0,0,1024,1024,1024,1024,0,0,0,0,151.9,0,0,93,3.973,3.969,3.976,0,0,0,5.994,80.96,2.459225472396,6.233596,38,Tripod,
75900,2026-05-22 08:26:13,51.9888723485502,4.389940153772,6.233596,,,2.459225472396,5.905512,0,31.5695220076,635.61025656,22,5,11.785,8.364737472396,12.139108,40.3096588,217.437342916,0,0,0,157.5, -3.4, 0,,,0,0,1024,1024,1024,1024,0,0,0,0,151.9,0,0,93,3.944,3.941,3.949,0,0,0,6.87,80.96,2.459225472396,6.233596,38,Tripod,
76000,2026-05-22 08:26:13,51.9888723129285,4.3899401880921,6.233596,,,2.459225472396,5.905512,0,31.5545285688,635.62666076,22,5,11.785,8.364737472396,12.139108,40.3096588,217.437342916,0,0,0,157.6, -2.6, -0.1,,,0,0,1024,1024,1024,1024,0,0,0,0,151.9,0,0,93,3.944,3.941,3.949,0,0,0,6.87,80.96,2.459225472396,6.233596,38,Tripod,
76100,2026-05-22 08:26:13,51.9888721624578,4.38994021195743,6.233596,,,2.459225472396,5.905512,0,31.507875024,635.68243504,22,5,11.785,8.364737472396,12.139108,40.3096588,217.437342916,0,0,0,157.6, -2.1, -0.3,,,0,0,1024,1024,1024,1024,0,0,0,0,151.9,0,0,93,3.944,3.941,3.949,0,0,0,6.87,80.96,2.459225472396,6.233596,38,Tripod,
76200,2026-05-22 08:26:13,51.988872141293,4.38994023399347,6.233596,,,2.459225472396,5.905512,0,31.4987214804,635.68899672,22,5,11.785,8.364737472396,12.139108,40.3096588,217.437342916,0,0,0,157.6, -2.1, 0,,,0,0,1024,1024,1024,1024,0,0,0,0,151.9,0,0,93,3.944,3.941,3.949,0,0,0,6.87,80.96,2.459225472396,6.233596,38,Tripod,
76300,2026-05-22 08:26:13,51.9888720825491,4.38994030720347,6.233596,,,2.459225472396,5.905512,0,31.4717201672,635.71852428,22,5,11.785,8.364737472396,12.139108,40.3096588,217.437342916,0,0,0,157.5, -2.3, -0.4,,,0,0,1024,1024,1024,1024,0,0,0,0,151.9,0,0,93,3.944,3.941,3.949,0,0,0,6.87,80.96,2.459225472396,6.233596,38,Tripod,
76400,2026-05-22 08:26:13,51.988872077139,4.38994032224891,6.233596,,,2.459225472396,5.905512,0,31.4680784348,635.72180512,22,5,11.785,8.364737472396,12.139108,40.3096588,217.437342916,0,0,0,157.5, -2.5, -0.3,,,0,0,1024,1024,1024,1024,0,0,0,0,151.9,0,0,93,3.944,3.941,3.949,0,0,0,6.87,80.96,2.459225472396,6.233596,38,Tripod,
76500,2026-05-22 08:26:13,51.9888718938437,4.38994022630728,6.233596,,,2.459225472396,5.905512,0,31.4285115044,635.79070276,22,5,11.785,8.364737472396,12.139108,40.3096588,217.437342916,0,0,0,157.6, -2.4, -0.2,,,0,0,1024,1024,1024,1024,0,0,0,0,151.9,0,0,93,3.944,3.941,3.949,0,0,0,6.87,80.96,2.459225472396,6.233596,38,Tripod,
76600,2026-05-22 08:26:13,51.9888718875041,4.38994022759411,6.233596,,,2.459225472396,5.905512,0,31.426510192,635.7939836,22,5,11.785,8.364737472396,12.139108,40.3096588,217.437342916,0,0,0,157.6, -2.5, 0.3,,,0,0,1024,1024,1024,538,0,0,0,-74,151.9,0,0,93,3.944,3.941,3.949,0,0,0,6.87,80.96,2.459225472396,6.233596,38,Tripod,
76700,2026-05-22 08:26:13,51.9888718351855,4.38994048370741,6.233596,,,2.459225472396,5.905512,0,31.3761164896,635.85303872,22,5,11.785,8.364737472396,12.139108,40.3096588,217.437342916,0,0,0,157.3, -2.5, 0.4,,,0,0,1024,1024,1024,364,0,0,0,-100,151.6,0,0,93,3.944,3.941,3.949,0,0,0,6.87,80.96,2.459225472396,6.233596,38,Tripod,
76800,2026-05-22 08:26:13,51.9888718279292,4.3899404785601,6.233596,,,2.459225472396,5.905512,0,31.3747057284,635.85631956,22,5,11.785,8.364737472396,12.139108,40.3096588,217.437342916,0,0,0,156.3, -2.4, 0.5,,,0,0,1024,1024,1024,364,0,0,0,-100,150.1,0,0,93,3.944,3.941,3.949,0,0,0,6.87,80.96,2.459225472396,6.233596,38,Tripod,
76900,2026-05-22 08:26:14,51.9888717303896,4.3899405408286,6.233596,,,2.459225472396,5.905512,0,31.3380259372,635.89568964,22,5,11.878,8.364737472396,12.139108,40.3096588,217.437342916,0,0,0,154.7, -2.2, 0.6,,,0,0,1024,1024,1024,364,0,0,0,-100,147.9,0,0,93,3.959,3.957,3.962,0,0,0,6.72,80.96,2.459225472396,6.233596,38,Tripod,
77000,2026-05-22 08:26:14,51.9888717152474,4.38994051703969,6.233596,,,2.459225472396,5.905512,0,31.3369760684,635.90225132,22,5,11.878,8.364737472396,12.139108,40.3096588,217.437342916,0,0,0,152.7, -2.3, 0.5,,,0,0,1024,1024,1024,364,0,0,0,-100,145.6,0,0,93,3.959,3.957,3.962,0,0,0,6.72,80.96,2.459225472396,6.233596,38,Tripod,
77100,2026-05-22 08:26:14,51.9888717520941,4.38994056366455,6.233596,,,2.459225472396,5.905512,0,31.3411427352,635.91865552,22,5,11.878,8.364737472396,12.139108,40.3096588,217.437342916,0,0,0,150.3, -2.3, 0.2,,,0,0,1024,1024,1024,473,0,0,0,-83,143.2,0,0,93,3.959,3.957,3.962,0,0,0,6.72,80.96,2.459225472396,6.233596,38,Tripod,
77200,2026-05-22 08:26:14,51.9888717367206,4.38994052891327,6.233596,,,2.459225472396,5.905512,0,31.3415036276,635.92849804,22,5,11.878,8.364737472396,12.139108,40.3096588,217.437342916,0,0,0,147.9, -2, 0,,,0,0,1024,1024,1024,508,0,0,0,-78,140.8,0,0,93,3.959,3.957,3.962,0,0,0,6.72,80.96,2.459225472396,6.233596,38,Tripod,
77300,2026-05-22 08:26:14,51.988871587582,4.3899404497004,6.233596,,,2.459225472396,5.905512,0,31.3095154376,635.98755316,22,5,11.878,8.364737472396,12.139108,40.3096588,217.437342916,0,0,0,145.7, -1.8, 0.4,,,0,0,1024,1024,1024,508,0,0,0,-78,138.5,0,0,93,3.959,3.957,3.962,0,0,0,6.72,80.96,2.459225472396,6.233596,38,Tripod,
77400,2026-05-22 08:26:14,51.9888715678522,4.38994041017046,6.233596,,,2.459225472396,5.905512,0,31.3093185872,635.99739568,22,5,11.878,8.364737472396,12.139108,40.3096588,217.437342916,0,0,0,143.6, -1.9, 0.8,,,0,0,1024,1024,1024,364,0,0,0,-100,136.4,0,0,93,3.959,3.957,3.962,0,0,0,6.72,80.96,2.459225472396,6.233596,38,Tripod,
77500,2026-05-22 08:26:14,51.9888715934632,4.38994052652047,6.233596,,,2.459225472396,5.905512,0,31.3005915528,636.02692324,22,5,11.878,8.364737472396,12.139108,40.3096588,217.437342916,0,0,0,141.3, -1.9, 0.8,,,0,0,1024,1024,1024,364,0,0,0,-100,134.2,0,0,93,3.959,3.957,3.962,0,0,0,6.72,80.96,2.459225472396,6.233596,38,Tripod,
77600,2026-05-22 08:26:14,51.9888715763207,4.38994047543692,6.233596,,,2.459225472396,5.905512,0,31.3027240988,636.0400466,22,5,11.878,8.364737472396,12.139108,40.3096588,217.437342916,0,0,0,138.9, -1.3, 0.2,,,0,0,1024,1024,1024,364,0,0,0,-100,131.9,0,0,93,3.959,3.957,3.962,0,0,0,6.72,80.96,2.459225472396,6.233596,38,Tripod,
77700,2026-05-22 08:26:14,51.9888714485695,4.38994042361606,6.233596,,,2.459225472396,5.905512,0,31.2731637304,636.08597836,22,5,11.878,8.364737472396,12.139108,40.3096588,217.437342916,0,0,0,136.7, -1.6, 0.9,,,0,0,1024,1024,1024,364,0,0,0,-100,129.5,0,0,93,3.959,3.957,3.962,0,0,0,6.72,80.96,2.459225472396,6.233596,38,Tripod,
77800,2026-05-22 08:26:14,51.9888714382292,4.38994036113192,6.233596,,,2.459225472396,5.905512,0,31.2788395836,636.10238256,22,5,11.878,8.364737472396,12.139108,40.3096588,217.437342916,0,0,0,134.4, -1.4, 1.2,,,0,0,1024,1024,1024,364,0,0,0,-100,127.1,0,0,93,3.959,3.957,3.962,0,0,0,6.72,80.96,2.459225472396,6.233596,38,Tripod,
77900,2026-05-22 08:26:15,51.9888714850907,4.38994047114516,6.233596,,,2.459225472396,5.905512,0,31.27706793,636.13191012,22,5,11.871,8.364737472396,12.139108,40.3096588,217.437342916,0,0,0,132.1, -2, 0.8,,,0,0,1024,1024,1024,364,0,0,0,-100,124.7,0,0,93,3.96,3.957,3.962,0,0,0,6.584,80.96,2.459225472396,6.233596,38,Tripod,
78000,2026-05-22 08:26:15,51.9888714926768,4.3899403975178,6.233596,,,2.459225472396,5.905512,0,31.2894366968,636.14831432,22,5,11.871,8.364737472396,12.139108,40.3096588,217.437342916,0,0,0,129.7, -2.1, 1.4,,,0,0,1160,1024,1024,1024,21,0,0,0,122.3,0,0,93,3.96,3.957,3.962,0,0,0,6.584,80.96,2.459225472396,6.233596,38,Tripod,
78100,2026-05-22 08:26:15,51.9888715289409,4.38994036584794,6.233596,,,2.459225472396,5.905512,0,31.3042660936,636.16471852,22,5,11.871,8.364737472396,12.139108,40.3096588,217.437342916,0,0,0,127.1, -2.9, 1.5,,,0,0,1635,1024,1024,1024,93,0,0,0,119.9,0,0,93,3.96,3.957,3.962,0,0,0,6.584,80.96,2.459225472396,6.233596,38,Tripod,
78200,2026-05-22 08:26:15,51.9888715307956,4.38994028134864,6.233596,,,2.459225472396,5.905512,0,31.3164708184,636.18440356,22,5,11.871,8.364737472396,12.139108,40.3096588,217.437342916,0,0,0,125.5, -2.5, 0.9,,,0,0,1684,1024,1024,1024,100,0,0,0,118.2,0,0,93,3.96,3.957,3.962,0,0,0,6.584,80.96,2.459225472396,6.233596,38,Tripod,
78300,2026-05-22 08:26:15,51.9888714890315,4.38994030812161,6.233596,,,2.459225472396,5.905512,0,31.3007884032,636.19752692,22,5,11.871,8.364737472396,12.139108,40.3096588,217.437342916,0,0,0,124.3, -5.4, 0.7,,,0,0,1684,1024,1024,1024,100,0,0,0,117.5,0,0,93,3.96,3.957,3.962,0,0,0,6.584,80.96,2.459225472396,6.233596,38,Tripod,
78400,2026-05-22 08:26:15,51.988871452112,4.3899403047759,6.233596,,,2.459225472396,5.905512,0,31.2906177992,636.21393112,22,5,11.871,8.364737472396,12.139108,40.3096588,217.437342916,0,0,0,123.6, -7.4, 0.6,,,0,0,1666,1024,1024,1024,97,0,0,0,117.4,0,0,93,3.96,3.957,3.962,0,0,0,6.584,80.96,2.459225472396,6.233596,38,Tripod,
78500,2026-05-22 08:26:15,51.9888714781985,4.38994039110465,6.56168,,,2.787309472396,5.905512,0.223694,31.2861886652,636.23361616,22,5,11.871,8.364737472396,12.139108,40.3096588,217.437342916,0,0.223694,0,123.4, -8.9, 0.9,,,0,0,1637,1024,1024,1024,93,0,0,0,117.4,0,0,93,3.96,3.957,3.962,0,0,0,6.584,80.96,2.787309472396,6.56168,38,Tripod,
78600,2026-05-22 08:26:15,51.9888713740323,4.38994060165741,6.56168,,,2.787309472396,5.905512,0.4921268,31.2271007368,636.29595212,22,5,11.871,8.364737472396,12.139108,40.3096588,217.437342916,-0.223694,0.447388,0,123.3, -11.5, 1.2,,,0,0,1636,1024,1024,1024,93,0,0,0,117.4,0,0,93,3.96,3.957,3.962,0,0,0,6.584,80.96,2.787309472396,6.56168,38,Tripod,
78700,2026-05-22 08:26:15,51.9888711705488,4.38994097720224,6.56168,,,2.787309472396,5.905512,0.8052984,31.116634854,636.40750068,22,5,11.871,8.364737472396,12.139108,40.3096588,217.437342916,-0.447388,0.671082,0,123.2, -14.1, 1.2,,,0,0,1627,1024,1024,1024,91,0,0,0,117.4,0,0,93,3.96,3.957,3.962,0,0,0,6.584,80.96,2.787309472396,6.56168,38,Tripod,
78800,2026-05-22 08:26:15,51.9888709176937,4.38994151436558,6.56168,,,2.787309472396,5.905512,1.11847,30.9696860304,636.55841932,22,5,11.871,8.364737472396,12.139108,40.3096588,217.437342916,-0.671082,0.894776,0,123.1, -15.8, 1.2,,,0,0,1627,1024,1024,1024,91,0,0,0,117.4,0,0,93,3.96,3.957,3.962,0,0,0,6.584,80.96,2.787309472396,6.56168,38,Tripod,
78900,2026-05-22 08:26:15,51.9888706892503,4.38994214915388,6.56168,,,2.787309472396,5.905512,1.6105968,30.8164051856,636.72574216,22,5,11.862,8.364737472396,12.139108,40.3096588,217.437342916,-0.894776,1.342164,0,123.1, -15.7, 1.4,,,0,0,1628,1024,1024,1024,92,0,0,0,117.4,0,0,93,3.962,3.957,3.962,0,0,0,6.406,80.96,2.787309472396,6.56168,38,Tripod,
79000,2026-05-22 08:26:16,51.9888702310356,4.38994311798154,6.233596,,,2.459225472396,5.905512,1.9237684,30.5509852296,636.99805188,22,5,11.862,8.364737472396,12.139108,40.3096588,217.437342916,-1.11847,1.565858,0,123.1, -15.3, 0.4,,,0,0,1627,1024,1024,1024,91,0,0,0,117.4,0,0,93,3.962,3.957,3.962,0,0,0,6.406,80.96,2.459225472396,6.233596,38,Tripod,
79100,2026-05-22 08:26:16,51.9888697191443,4.38994399284997,6.56168,,,2.787309472396,5.905512,2.23694,30.2830718352,637.2703616,22,5,11.862,8.364737472396,12.139108,40.3096588,217.437342916,-1.342164,1.789552,0,123.2, -15, 0,,,0,0,1642,1024,1024,1024,94,0,0,0,117.4,0,0,93,3.962,3.957,3.962,0,0,0,6.406,80.96,2.787309472396,6.56168,38,Tripod,
79200,2026-05-22 08:26:16,51.9888690761866,4.38994535884104,6.56168,,,2.787309472396,5.905512,2.7290668,29.9101715608,637.65750072,22,5,11.862,8.364737472396,12.139108,40.3096588,217.437342916,-1.565858,2.23694,0,123.2, -15.4, -0.3,,,0,0,1642,1024,1024,1024,94,0,0,0,117.4,0,0,93,3.962,3.957,3.962,0,0,0,6.406,80.96,2.787309472396,6.56168,38,Tripod,
79300,2026-05-22 08:26:16,51.9888685481037,4.38994661404677,6.56168,,,2.787309472396,5.905512,3.0422384,29.5860573772,637.99870808,22,5,11.862,8.364737472396,12.139108,40.3096588,217.437342916,-1.789552,2.460634,0,123.3, -15.6, -0.6,,,0,0,1628,1024,1024,748,92,0,0,-42,117.4,0,0,93,3.962,3.957,3.962,0,0,0,6.406,80.96,2.787309472396,6.56168,38,Tripod,
79400,2026-05-22 08:26:16,51.9888677925584,4.38994836545985,6.56168,,,2.787309472396,5.905512,3.5343652,29.1290363652,638.47771072,22,5,11.862,8.364737472396,12.139108,40.3096588,217.437342916,-2.013246,2.908022,0,123.4, -16, -1.6,,,0,0,1630,1024,1024,805,92,0,0,-33,117.3,0,0,93,3.962,3.957,3.962,0,0,0,6.406,80.96,2.787309472396,6.56168,38,Tripod,
79500,2026-05-22 08:26:16,51.9888670213559,4.38994995021397,6.56168,,,2.787309472396,5.905512,3.7133204,28.6905192908,638.93374748,22,5,11.862,8.364737472396,12.139108,40.3096588,217.437342916,-2.013246,3.131716,0,123.1, -15.9, -1,,,0,0,1626,1024,1024,875,91,0,0,-23,116.7,0,0,93,3.962,3.957,3.962,0,0,0,6.406,80.96,2.787309472396,6.56168,38,Tripod,
79600,2026-05-22 08:26:16,51.9888661701738,4.38995209598482,6.233596,,,2.459225472396,5.905512,4.2278166,28.1542988012,639.50461364,22,5,11.862,8.364737472396,12.139108,40.3096588,217.437342916,-2.23694,3.579104,0,122.5, -15.5, -0.3,,,0,0,1622,1024,1024,1024,91,0,0,0,116.1,0,0,93,3.962,3.957,3.962,0,0,0,6.406,80.96,2.459225472396,6.233596,38,Tripod,
79700,2026-05-22 08:26:16,51.9888653318156,4.38995438304476,6.233596,,,2.459225472396,5.577428,4.4067718,27.604823718,640.10500736,22,5,11.862,8.364737472396,12.139108,40.3096588,217.437342916,-2.23694,3.802798,0,121.7, -14.6, 1,,,0,0,1627,1024,1024,1024,91,0,0,0,115.6,0,0,93,3.962,3.957,3.962,0,0,0,6.406,80.96,2.459225472396,6.233596,38,Tripod,
79800,2026-05-22 08:26:16,51.9888643665018,4.38995690870637,6.233596,,,2.459225472396,5.577428,4.7199434,26.9886491576,640.77101788,22,5,11.862,8.364737472396,12.139108,40.3096588,217.437342916,-2.460634,4.026492,0,121.5, -14.2, 0.5,,,0,0,1624,1024,1024,1024,91,0,0,0,115.4,0,0,93,3.962,3.957,3.962,0,0,0,6.406,80.96,2.459225472396,6.233596,38,Tripod,
79900,2026-05-22 08:26:16,51.9888634277524,4.38995910276732,6.233596,,,2.459225472396,5.577428,5.033115,26.425361738,641.3714116,22,5,11.872,8.364737472396,12.139108,40.3096588,217.437342916,-2.684328,4.250186,0,121.2, -13.9, 0,,,0,0,1619,1024,1024,1024,90,0,0,0,115.3,0,0,93,3.953,3.949,3.955,0,0,0,6.738,81.14,2.459225472396,6.233596,38,Tripod,
80000,2026-05-22 08:26:17,51.9888623758959,4.38996191844176,6.233596,,,2.459225472396,5.577428,5.2120702,25.7511163096,642.11288144,22,5,11.872,8.364737472396,12.139108,40.3096588,217.437342916,-2.684328,4.47388,0,121.1, -13.6, 0.6,,,0,0,1604,1024,1024,1024,88,0,0,0,115.3,0,0,93,3.953,3.949,3.955,0,0,0,6.738,81.14,2.459225472396,6.233596,38,Tripod,
80100,2026-05-22 08:26:17,51.9888611298341,4.38996502963771,6.233596,,,2.459225472396,5.577428,5.5252418,24.9848761276,642.9462148,22,5,11.872,8.364737472396,12.139108,40.3096588,217.437342916,-2.908022,4.697574,0,121.1, -13, 1.5,,,0,0,1604,1024,1024,1024,88,0,0,0,115.3,0,0,93,3.953,3.949,3.955,0,0,0,6.738,81.14,2.459225472396,6.233596,38,Tripod,
80200,2026-05-22 08:26:17,51.9888599743255,4.38996812851835,6.233596,,,2.459225472396,5.577428,5.7265664,24.2524285976,643.75986312,22,5,11.872,8.364737472396,12.139108,40.3096588,217.437342916,-2.908022,4.921268,0,121, -12.1, 1.9,,,0,0,1604,1024,1024,1024,88,0,0,0,115.3,0,0,93,3.953,3.949,3.955,0,0,0,6.738,81.14,2.459225472396,6.233596,38,Tripod,
80300,2026-05-22 08:26:17,51.9888586898492,4.38997138181124,6.233596,,,2.459225472396,5.577428,6.0173686,23.4670939268,644.62928572,22,5,11.872,8.364737472396,12.139108,40.3096588,217.437342916,-3.131716,5.144962,0,121, -11.2, 1.6,,,0,0,1420,1024,1024,1024,60,0,0,0,115.3,0,0,93,3.953,3.949,3.955,0,0,0,6.738,81.14,2.459225472396,6.233596,38,Tripod,
80400,2026-05-22 08:26:17,51.9888574181635,4.38997465046951,6.233596,,,2.459225472396,5.577428,6.0173686,22.6900597812,645.49542748,23,5,11.872,8.364737472396,12.139108,40.3096588,217.437342916,-3.131716,5.144962,0,121, -9.8, 1.1,,,0,0,1029,1024,1024,1024,1,0,0,0,115.3,0,0,93,3.953,3.949,3.955,0,0,0,6.738,81.14,2.459225472396,6.233596,38,Tripod,
80500,2026-05-22 08:26:17,51.9888561329933,4.38997783827331,6.233596,,,2.459225472396,5.577428,6.151585,21.9246070008,646.35172672,23,5,11.872,8.364737472396,12.139108,40.3096588,217.437342916,-3.35541,5.144962,0,121, -5.4, 1,,,0,0,1024,1024,1024,1024,0,0,0,0,115.3,0,0,93,3.953,3.949,3.955,0,0,0,6.738,81.14,2.459225472396,6.233596,38,Tripod,
80600,2026-05-22 08:26:17,51.9888548354995,4.38998109501964,6.233596,,,2.459225472396,5.577428,6.0173686,21.1547578948,647.22443016,23,5,11.872,8.364737472396,12.139108,40.3096588,217.437342916,-3.131716,5.144962,0,121.2, 9.3, 0.3,,,0,0,740,1024,1024,1024,-43,0,0,0,115.3,0,0,93,3.953,3.949,3.955,0,0,0,6.738,81.14,2.459225472396,6.233596,38,Tripod,
80700,2026-05-22 08:26:17,51.9888536265415,4.38998442712864,6.233596,,,2.459225472396,5.577428,5.3462866,20.4139770312,648.09385276,23,5,11.872,8.364737472396,12.139108,40.3096588,217.437342916,-2.908022,4.47388,0,121.1, 20.2, 0.1,,,0,0,1024,1024,1024,1024,0,0,0,0,115.3,0,0,93,3.953,3.949,3.955,0,0,0,6.738,81.14,2.459225472396,6.233596,38,Tripod,
80800,2026-05-22 08:26:17,51.9888526158539,4.38998691922488,6.233596,,,2.459225472396,5.577428,4.2278166,19.8318903984,648.76314412,23,5,11.872,8.364737472396,12.139108,40.3096588,217.437342916,-2.23694,3.579104,0,121.4, 17.2, -0.1,,,0,0,1024,1024,1024,1024,0,0,0,0,115.3,0,0,93,3.953,3.949,3.955,0,0,0,6.738,81.14,2.459225472396,6.233596,38,Tripod,
80900,2026-05-22 08:26:17,51.9888516496033,4.38998902246823,6.233596,,,2.459225472396,5.577428,3.4225182,19.3078418252,649.35369532,23,5,11.854,8.364737472396,12.139108,40.3096588,217.437342916,-1.789552,2.908022,0,121.2, 10.9, -2,,,0,0,1024,1024,1024,1024,0,0,0,0,115.3,0,0,93,3.959,3.954,3.959,0,0,0,7.075,81.14,2.459225472396,6.233596,38,Tripod,
81000,2026-05-22 08:26:18,51.9888509821354,4.38999073094276,6.233596,,,2.459225472396,5.577428,3.1093466,18.9238523116,649.80645124,23,5,11.854,8.364737472396,12.139108,40.3096588,217.437342916,-1.565858,2.684328,0,120.9, 9.6, 0.7,,,0,0,1024,1024,1024,1024,0,0,0,0,115.3,0,0,93,3.959,3.954,3.959,0,0,0,7.075,81.14,2.459225472396,6.233596,38,Tripod,
81100,2026-05-22 08:26:18,51.9888501486299,4.38999297927588,6.233596,,,2.459225472396,5.577428,2.5053728,18.4383864168,650.39700244,23,5,11.854,8.364737472396,12.139108,40.3096588,217.437342916,-1.11847,2.23694,0,121.1, 9.2, 0.9,,,0,0,1024,1024,1024,1024,0,0,0,0,115.3,0,0,93,3.959,3.954,3.959,0,0,0,7.075,81.14,2.459225472396,6.233596,38,Tripod,
81200,2026-05-22 08:26:18,51.9888496936286,4.38999423104521,6.233596,,,2.459225472396,5.577428,1.9908766,18.1737866708,650.72508644,23,5,11.854,8.364737472396,12.139108,40.3096588,217.437342916,-0.894776,1.789552,0,121.5, 8.7, 1.2,,,0,0,1024,1024,1024,1024,0,0,0,0,115.3,0,0,93,3.959,3.954,3.959,0,0,0,7.075,81.14,2.459225472396,6.233596,38,Tripod,
81300,2026-05-22 08:26:18,51.9888488473266,4.38999656682521,6.233596,,,2.459225472396,5.577428,1.8119214,17.6865491224,651.33204184,23,5,11.854,8.364737472396,12.139108,40.3096588,217.437342916,-0.894776,1.565858,0,121.8, 7.4, 1.7,,,0,0,1024,1024,1024,1024,0,0,0,0,115.3,0,0,93,3.959,3.954,3.959,0,0,0,7.075,81.14,2.459225472396,6.233596,38,Tripod,
81400,2026-05-22 08:26:18,51.9888485131772,4.3899974847082,6.233596,,,2.459225472396,5.249344,1.2974252,17.4966541032,651.57154316,23,5,11.854,8.364737472396,12.139108,40.3096588,217.437342916,-0.671082,1.11847,0,122.1, 6.1, 1.5,,,0,0,1024,1024,1024,1078,0,0,0,8,115.3,0,0,93,3.959,3.954,3.959,0,0,0,7.075,81.14,2.459225472396,6.233596,38,Tripod,
81500,2026-05-22 08:26:18,51.9888478706179,4.3899991236646,6.233596,,,2.459225472396,4.92126,1.006623,17.1449480552,652.00789488,23,5,11.854,8.364737472396,12.139108,40.3096588,217.437342916,-0.447388,0.894776,0,122.1, 5, 1.4,,,0,0,1024,1024,1024,1591,0,0,0,86,115.3,0,0,93,3.959,3.954,3.959,0,0,0,7.075,81.14,2.459225472396,6.233596,38,Tripod,
81600,2026-05-22 08:26:18,51.9888476140919,4.38999981062134,6.233596,,,2.459225472396,4.593176,0.8052984,17.0030845336,652.18834108,23,5,11.854,8.364737472396,12.139108,40.3096588,217.437342916,-0.447388,0.671082,0,122.3, 4.1, 0.9,,,0,0,1024,1024,1024,1684,0,0,0,100,115.7,0,0,93,3.959,3.954,3.959,0,0,0,7.075,81.14,2.459225472396,6.233596,38,Tripod,
81700,2026-05-22 08:26:18,51.9888472574926,4.39000077002193,6.233596,,,2.459225472396,4.593176,0.7158208,16.8067918764,652.44096576,23,5,11.854,8.364737472396,12.139108,40.3096588,217.437342916,-0.223694,0.671082,0,123.1, 3.2, 1.4,,,0,0,1271,1024,1024,1684,37,0,0,100,117.1,0,0,93,3.959,3.954,3.959,0,0,0,7.075,81.14,2.459225472396,6.233596,38,Tripod,
81800,2026-05-22 08:26:18,51.9888470731222,4.39000127962614,6.233596,,,2.459225472396,4.593176,0.4921268,16.7048561776,652.5754802,23,5,11.854,8.364737472396,12.139108,40.3096588,217.437342916,-0.223694,0.447388,0,124.5, 1.9, 2.6,,,0,0,1317,1024,1024,1610,44,0,0,89,119.2,0,0,93,3.959,3.954,3.959,0,0,0,7.075,81.14,2.459225472396,6.233596,38,Tripod,
81900,2026-05-22 08:26:19,51.9888468213316,4.39000182603796,6.233596,,,2.459225472396,4.593176,0.3131716,16.5773955436,652.72639884,23,5,11.881,8.364737472396,12.139108,40.3096588,217.437342916,-0.223694,0.223694,0,126.6, -0.1, 2,,,0,0,1317,1024,1024,1610,44,0,0,89,121.5,0,0,92,3.96,3.957,3.962,0,0,0,6.604,81.14,2.459225472396,6.233596,38,Tripod,
82000,2026-05-22 08:26:19,51.9888466450141,4.3900022229414,6.233596,,,2.459225472396,4.593176,0.3131716,16.487369294,652.8379474,23,5,11.881,8.364737472396,12.139108,40.3096588,217.437342916,-0.223694,0.223694,0,128.5, -1.3, 1.5,,,0,0,1329,1024,1024,1024,46,0,0,0,123.6,0,0,92,3.96,3.957,3.962,0,0,0,6.604,81.14,2.459225472396,6.233596,38,Tripod,
82100,2026-05-22 08:26:19,51.9888466485587,4.39000233757853,6.233596,,,2.459225472396,4.593176,0.3131716,16.4802170628,652.86419412,23,5,11.881,8.364737472396,12.139108,40.3096588,217.437342916,-0.223694,0.223694,0,129.7, -2.4, 1.5,,,0,0,1373,1024,1024,1024,53,0,0,0,124.7,0,0,92,3.96,3.957,3.962,0,0,0,6.604,81.14,2.459225472396,6.233596,38,Tripod,
82200,2026-05-22 08:26:19,51.9888464597099,4.39000271932352,6.233596,,,2.459225472396,4.92126,0.3131716,16.3872708656,652.97246184,23,5,11.881,8.364737472396,12.139108,40.3096588,217.437342916,-0.223694,0.223694,0,130.4, -3.5, 0.9,,,0,0,1356,1024,1024,1024,50,0,0,0,124.9,0,0,92,3.96,3.957,3.962,0,0,0,6.604,81.14,2.459225472396,6.233596,38,Tripod,
82300,2026-05-22 08:26:19,51.9888463785461,4.39000304746871,6.233596,,,2.459225472396,4.92126,0.3131716,16.335630444,653.051202,23,5,11.881,8.364737472396,12.139108,40.3096588,217.437342916,-0.223694,0.223694,0,131, -4, 0.7,,,0,0,1389,1024,1024,1024,55,0,0,0,124.9,0,0,92,3.96,3.957,3.962,0,0,0,6.604,81.14,2.459225472396,6.233596,38,Tripod,
82400,2026-05-22 08:26:19,51.9888461673053,4.39000350177684,6.233596,,,2.459225472396,4.92126,0.4921268,16.2302826716,653.17915476,24,5,11.881,8.364737472396,12.139108,40.3096588,217.437342916,-0.223694,0.447388,0,131.1, -4.5, 1.1,,,0,0,1394,1024,1024,1024,56,0,0,0,124.9,0,0,92,3.96,3.957,3.962,0,0,0,6.604,81.14,2.459225472396,6.233596,38,Tripod,
82500,2026-05-22 08:26:19,51.9888461797038,4.39000342126411,6.233596,,,2.459225472396,4.92126,0.4921268,16.2402564252,653.1988398,24,5,11.881,8.364737472396,12.139108,40.3096588,217.437342916,-0.223694,0.447388,0,130.9, -5.7, 0.5,,,0,0,1395,1024,1024,1024,56,0,0,0,124.9,0,0,92,3.96,3.957,3.962,0,0,0,6.604,81.14,2.459225472396,6.233596,38,Tripod,
82600,2026-05-22 08:26:19,51.9888459510163,4.39000394867184,6.233596,,,2.459225472396,4.92126,0.6263432,16.1239834556,653.34319676,24,5,11.881,8.364737472396,12.139108,40.3096588,217.437342916,-0.447388,0.447388,0,130.9, -5.7, 0.8,,,0,0,1399,1024,1024,1024,57,0,0,0,124.9,0,0,92,3.96,3.957,3.962,0,0,0,6.604,81.14,2.459225472396,6.233596,38,Tripod,
82700,2026-05-22 08:26:19,51.9888457673141,4.39000410889746,6.233596,,,2.459225472396,4.92126,0.8052984,16.0491146868,653.41865608,24,5,11.881,8.364737472396,12.139108,40.3096588,217.437342916,-0.447388,0.671082,0,130.9, -5.7, 1.6,,,0,0,1395,1024,1024,1024,56,0,0,0,124.9,0,0,92,3.96,3.957,3.962,0,0,0,6.604,81.14,2.459225472396,6.233596,38,Tripod,
82800,2026-05-22 08:26:19,51.9888454926517,4.39000474386825,6.233596,,,2.459225472396,4.92126,0.8052984,15.910105496,653.59582144,24,5,11.881,8.364737472396,12.139108,40.3096588,217.437342916,-0.447388,0.671082,0,130.7, -5.9, 1.6,,,0,0,1395,1024,1024,1024,56,0,0,0,124.9,0,0,92,3.96,3.957,3.962,0,0,0,6.604,81.14,2.459225472396,6.233596,38,Tripod,
82900,2026-05-22 08:26:20,51.9888451552939,4.39000519209875,6.233596,,,2.459225472396,4.92126,1.006623,15.7624020792,653.75330176,24,5,11.87,8.364737472396,12.139108,40.3096588,217.437342916,-0.447388,0.894776,0,130.7, -6.2, 1.2,,,0,0,1389,1024,1024,1024,55,0,0,0,124.9,0,0,92,3.958,3.954,3.958,0,0,0,6.56,81.14,2.459225472396,6.233596,38,Tripod,
83000,2026-05-22 08:26:20,51.9888448278224,4.39000595530444,6.233596,,,2.459225472396,4.92126,1.11847,15.5976382944,653.96327552,24,5,11.87,8.364737472396,12.139108,40.3096588,217.437342916,-0.671082,0.894776,0,130.8, -6.2, 1.9,,,0,0,1394,1024,1024,1418,56,0,0,60,124.9,0,0,92,3.958,3.954,3.958,0,0,0,6.56,81.14,2.459225472396,6.233596,38,Tripod,
83100,2026-05-22 08:26:20,51.9888447435206,4.39000615040995,6.233596,,,2.459225472396,4.92126,1.11847,15.5555123088,654.01576896,24,5,11.87,8.364737472396,12.139108,40.3096588,217.437342916,-0.671082,0.894776,0,131.3, -6.3, 3.7,,,0,0,1345,1024,1024,1684,49,0,0,100,125.3,0,0,92,3.958,3.954,3.958,0,0,0,6.56,81.14,2.459225472396,6.233596,38,Tripod,
83200,2026-05-22 08:26:20,51.9888443643818,4.39000694608978,6.233596,,,2.459225472396,4.92126,1.2750558,15.3719493108,654.24214692,24,5,11.87,8.364737472396,12.139108,40.3096588,217.437342916,-0.894776,0.894776,0,132.5, -5.9, 4.4,,,0,0,1349,1024,1024,1572,49,0,0,83,126.8,0,0,92,3.958,3.954,3.958,0,0,0,6.56,81.14,2.459225472396,6.233596,38,Tripod,
83300,2026-05-22 08:26:20,51.9888441351524,4.39000729407121,6.233596,,,2.459225472396,5.249344,1.2750558,15.2697839532,654.35697632,24,5,11.87,8.364737472396,12.139108,40.3096588,217.437342916,-0.894776,0.894776,0,133.8, -5, 3.6,,,0,0,1344,1024,1024,1671,48,0,0,98,128.9,0,0,92,3.958,3.954,3.958,0,0,0,6.56,81.14,2.459225472396,6.233596,38,Tripod,
83400,2026-05-22 08:26:20,51.9888436589599,4.390008020331,6.233596,,,2.459225472396,5.577428,1.4316416,15.0579729228,654.5931968,24,5,11.87,8.364737472396,12.139108,40.3096588,217.437342916,-1.11847,0.894776,0,136, -4.6, 3.8,,,0,0,1386,1024,1024,1623,55,0,0,91,131,0,0,92,3.958,3.954,3.958,0,0,0,6.56,81.14,2.459225472396,6.233596,38,Tripod,
83500,2026-05-22 08:26:20,51.9888431393348,4.3900084070372,6.233596,,,2.459225472396,5.905512,1.4316416,14.8519689792,654.80317056,24,5,11.87,8.364737472396,12.139108,40.3096588,217.437342916,-1.11847,0.894776,0,138.1, -4.7, 2.7,,,0,0,1382,1024,1024,1616,54,0,0,90,133.2,0,0,92,3.958,3.954,3.958,0,0,0,6.56,81.14,2.459225472396,6.233596,38,Tripod,
83600,2026-05-22 08:26:20,51.9888426035395,4.39000902627909,6.233596,,,2.459225472396,5.905512,1.4316416,14.6265096544,655.04267188,24,5,11.87,8.364737472396,12.139108,40.3096588,217.437342916,-1.11847,0.894776,0,140.3, -5.8, 2.1,,,0,0,1352,1024,1024,1547,50,0,0,79,135.5,0,0,92,3.958,3.954,3.958,0,0,0,6.56,81.14,2.459225472396,6.233596,38,Tripod,
83700,2026-05-22 08:26:20,51.9888421565776,4.39000972684541,6.233596,,,2.459225472396,5.905512,1.6105968,14.428150068,655.26904984,24,5,11.87,8.364737472396,12.139108,40.3096588,217.437342916,-1.342164,0.894776,0,142.5, -5.9, 2.5,,,0,0,1352,1024,1024,1547,50,0,0,79,137.7,0,0,92,3.958,3.954,3.958,0,0,0,6.56,81.14,2.459225472396,6.233596,38,Tripod,
83800,2026-05-22 08:26:20,51.988841578018,4.39001032862081,6.233596,,,2.459225472396,5.905512,1.6105968,14.1896986168,655.52167452,24,5,11.87,8.364737472396,12.139108,40.3096588,217.437342916,-1.342164,0.894776,0,144.7, -6.3, 2.4,,,0,0,1346,1024,1024,1603,49,0,0,88,139.8,0,0,92,3.958,3.954,3.958,0,0,0,6.56,81.14,2.459225472396,6.233596,38,Tripod,
83900,2026-05-22 08:26:21,51.9888410963726,4.3900109810698,6.233596,,,2.459225472396,5.905512,1.4987498,13.9831369304,655.74805248,24,5,11.88,8.364737472396,12.139108,40.3096588,217.437342916,-1.342164,0.671082,0,146.8, -6.6, 2.5,,,0,0,1346,1024,1024,1585,49,0,0,85,141.9,0,0,92,3.962,3.959,3.964,0,0,0,6.307,81.14,2.459225472396,6.233596,38,Tripod,
84000,2026-05-22 08:26:21,51.9888404789188,4.39001154534288,6.233596,,,2.459225472396,5.905512,1.7000744,13.733924324,656.00723884,24,5,11.88,8.364737472396,12.139108,40.3096588,217.437342916,-1.565858,0.671082,0,148.8, -6.3, 2.6,,,0,0,1337,1024,1024,1523,47,0,0,76,144,0,0,92,3.962,3.959,3.964,0,0,0,6.307,81.14,2.459225472396,6.233596,38,Tripod,
84100,2026-05-22 08:26:21,51.9888397784186,4.3900120285863,6.233596,,,2.459225472396,5.905512,1.7000744,13.4598429504,656.28611024,24,5,11.88,8.364737472396,12.139108,40.3096588,217.437342916,-1.565858,0.671082,0,150.8, -6.2, 1.5,,,0,0,1380,1024,1024,1568,54,0,0,82,146,0,0,92,3.962,3.959,3.964,0,0,0,6.307,81.14,2.459225472396,6.233596,38,Tripod,
84200,2026-05-22 08:26:21,51.988839103129,4.39001250789034,6.233596,,,2.459225472396,5.905512,1.7000744,13.1951119708,656.55513912,24,5,11.88,8.364737472396,12.139108,40.3096588,217.437342916,-1.565858,0.671082,0,152.6, -6.3, 1.7,,,0,0,1394,1024,1024,1575,56,0,0,83,147.9,0,0,92,3.962,3.959,3.964,0,0,0,6.307,81.14,2.459225472396,6.233596,38,Tripod,
84300,2026-05-22 08:26:21,51.9888383652789,4.39001285838151,6.233596,,,2.459225472396,5.905512,1.8342908,12.9149610432,656.83401052,24,5,11.88,8.364737472396,12.139108,40.3096588,217.437342916,-1.789552,0.447388,0,154.6, -6.6, 1.4,,,0,0,1390,1024,1024,1574,55,0,0,83,149.9,0,0,92,3.962,3.959,3.964,0,0,0,6.307,81.14,2.459225472396,6.233596,38,Tripod,
84400,2026-05-22 08:26:21,51.9888376244517,4.39001327045821,6.233596,,,2.459225472396,5.905512,1.8342908,12.6306106404,657.1194436,24,5,11.88,8.364737472396,12.139108,40.3096588,217.437342916,-1.789552,0.447388,0,156.5, -6.5, 1.1,,,0,0,1345,1024,1024,1580,49,0,0,84,151.9,0,0,92,3.962,3.959,3.964,0,0,0,6.307,81.14,2.459225472396,6.233596,38,Tripod,
84500,2026-05-22 08:26:21,51.9888368654603,4.39001356435182,6.233596,,,2.459225472396,5.905512,2.0579848,12.3459321536,657.40487668,24,5,11.88,8.364737472396,12.139108,40.3096588,217.437342916,-2.013246,0.447388,0,158.6, -6.2, 2,,,0,0,1345,1024,1024,1580,49,0,0,84,153.9,0,0,92,3.962,3.959,3.964,0,0,0,6.307,81.14,2.459225472396,6.233596,38,Tripod,
84600,2026-05-22 08:26:21,51.9888360422742,4.39001390047213,6.233596,,,2.459225472396,5.577428,2.0579848,12.0362864744,657.71655648,24,5,11.88,8.364737472396,12.139108,40.3096588,217.437342916,-2.013246,0.447388,0,160.6, -5.6, 2.4,,,0,0,1349,1024,1024,1634,49,0,0,92,155.9,0,0,92,3.962,3.959,3.964,0,0,0,6.307,81.14,2.459225472396,6.233596,38,Tripod,
84700,2026-05-22 08:26:21,51.9888350939585,4.39001439219901,6.233596,,,2.459225472396,5.905512,2.23694,11.674212972,658.07744888,24,5,11.88,8.364737472396,12.139108,40.3096588,217.437342916,-2.23694,0.223694,0,162.7, -4.8, 1.7,,,0,0,1349,1024,1024,1648,49,0,0,95,158,0,0,92,3.962,3.959,3.964,0,0,0,6.307,81.14,2.459225472396,6.233596,38,Tripod,
84800,2026-05-22 08:26:21,51.9888342003603,4.39001456197217,6.233596,,,2.459225472396,5.905512,2.23694,11.348097476,658.40553288,24,5,11.88,8.364737472396,12.139108,40.3096588,217.437342916,-2.23694,0,0,164.9, -4.3, 0.8,,,0,0,1356,1024,1024,1634,50,0,0,92,160.2,0,0,92,3.962,3.959,3.964,0,0,0,6.307,81.14,2.459225472396,6.233596,38,Tripod,
84900,2026-05-22 08:26:22,51.9888331086759,4.39001469501164,6.233596,,,2.459225472396,5.905512,2.23694,10.953740508,658.80579536,24,5,11.864,8.364737472396,12.139108,40.3096588,217.437342916,-2.23694,0,0,167, -3.9, 0.1,,,0,0,1276,1024,1024,1386,38,0,0,55,162.4,0,0,92,3.957,3.952,3.96,0,0,0,6.498,81.14,2.459225472396,6.233596,38,Tripod,
85000,2026-05-22 08:26:22,51.9888321928142,4.39001472024472,6.233596,,,2.459225472396,5.905512,2.23694,10.6279202876,659.14044104,24,5,11.864,8.364737472396,12.139108,40.3096588,217.437342916,-2.23694,0,0,169, -4, -1.3,,,0,0,1413,1024,1024,1024,59,0,0,0,164.6,0,0,92,3.957,3.952,3.96,0,0,0,6.498,81.14,2.459225472396,6.233596,38,Tripod,
85100,2026-05-22 08:26:22,51.9888313919966,4.3900146512496,6.233596,,,2.459225472396,5.905512,2.013246,10.3485239532,659.4324358,24,5,11.864,8.364737472396,12.139108,40.3096588,217.437342916,-2.013246,0,0,170.6, -4.3, -3.1,,,0,0,1377,1024,1024,1024,53,0,0,0,166.3,0,0,92,3.957,3.952,3.96,0,0,0,6.498,81.14,2.459225472396,6.233596,38,Tripod,
85200,2026-05-22 08:26:22,51.9888305270775,4.39001464634544,6.233596,,,2.459225472396,5.905512,2.013246,10.0436026836,659.74739644,24,5,11.864,8.364737472396,12.139108,40.3096588,217.437342916,-2.013246,0,0,172, -6.1, -3.3,,,0,0,1316,1024,1024,1024,44,0,0,0,167,0,0,92,3.957,3.952,3.96,0,0,0,6.498,81.14,2.459225472396,6.233596,38,Tripod,
85300,2026-05-22 08:26:22,51.9888295320074,4.39001491681515,6.233596,,,2.459225472396,5.905512,2.013246,9.6771984724,660.11485052,24,5,11.864,8.364737472396,12.139108,40.3096588,217.437342916,-2.013246,0,0,172.8, -6.8, -2.6,,,0,0,1316,1024,1024,1024,44,0,0,0,167.2,0,0,92,3.957,3.952,3.96,0,0,0,6.498,81.14,2.459225472396,6.233596,38,Tripod,
85400,2026-05-22 08:26:22,51.9888286532526,4.39001499979027,6.233596,,,2.459225472396,5.905512,2.23694,9.3630908508,660.43637284,24,5,11.864,8.364737472396,12.139108,40.3096588,217.437342916,-2.23694,0,0,173.1, -6.3, -2.4,,,0,0,1281,1024,1024,1024,39,0,0,0,167.2,0,0,92,3.957,3.952,3.96,0,0,0,6.498,81.14,2.459225472396,6.233596,38,Tripod,
85500,2026-05-22 08:26:22,51.9888277244579,4.39001506577852,6.233596,,,2.459225472396,5.905512,2.23694,9.03297273,660.7775802,24,5,11.864,8.364737472396,12.139108,40.3096588,217.437342916,-2.23694,0,0,173, -5.5, -2.2,,,0,0,1209,1024,1024,1024,28,0,0,0,167.2,0,0,92,3.957,3.952,3.96,0,0,0,6.498,81.14,2.459225472396,6.233596,38,Tripod,
85600,2026-05-22 08:26:22,51.9888268361776,4.39001518185726,6.233596,,,2.459225472396,5.905512,2.23694,8.7145343996,661.10238336,24,5,11.864,8.364737472396,12.139108,40.3096588,217.437342916,-2.23694,0,0,173, -4.7, -2,,,0,0,1182,1024,1024,1024,24,0,0,0,167.2,0,0,92,3.957,3.952,3.96,0,0,0,6.498,81.14,2.459225472396,6.233596,38,Tripod,
85700,2026-05-22 08:26:22,51.9888258311463,4.39001510986012,6.233596,,,2.459225472396,5.905512,2.013246,8.3683073544,661.46983744,24,5,11.864,8.364737472396,12.139108,40.3096588,217.437342916,-2.013246,0,0,173, -3.6, -1.8,,,0,0,1278,1024,1024,1024,38,0,0,0,167.2,0,0,92,3.957,3.952,3.96,0,0,0,6.498,81.14,2.459225472396,6.233596,38,Tripod,
85800,2026-05-22 08:26:22,51.9888249655793,4.3900152057256,6.233596,,,2.459225472396,5.905512,2.013246,8.0606629876,661.78479808,24,5,11.864,8.364737472396,12.139108,40.3096588,217.437342916,-2.013246,0,0,172.9, -3.1, -1.9,,,0,0,1276,1024,1024,1024,38,0,0,0,167.2,0,0,92,3.957,3.952,3.96,0,0,0,6.498,81.14,2.459225472396,6.233596,38,Tripod,
85900,2026-05-22 08:26:22,51.9888241020738,4.39001523752794,6.233596,,,2.459225472396,5.905512,2.013246,7.759022558,662.09975872,24,5,11.883,8.364737472396,12.139108,40.3096588,217.437342916,-2.013246,0,0,172.8, -3.2, -2,,,0,0,1288,1024,1024,1024,40,0,0,0,167.2,0,0,92,3.962,3.957,3.963,0,0,0,6.336,81.14,2.459225472396,6.233596,38,Tripod,
86000,2026-05-22 08:26:23,51.9888232758754,4.39001529346066,6.56168,,,2.787309472396,5.905512,2.013246,7.4695868532,662.401596,24,5,11.883,8.364737472396,12.139108,40.3096588,217.437342916,-2.013246,0,0,172.8, -3.3, -2.2,,,0,0,1279,1024,966,1684,39,0,-9,100,167.2,0,0,92,3.962,3.957,3.963,0,0,0,6.336,81.14,2.787309472396,6.56168,38,Tripod,
86100,2026-05-22 08:26:23,51.9888224487335,4.39001535472763,6.56168,,,2.787309472396,5.905512,1.789552,7.1804136156,662.70343328,24,5,11.883,8.364737472396,12.139108,40.3096588,217.437342916,-1.789552,0,0,173.1, -3.4, -1.4,,,0,0,1302,1024,1024,1557,42,0,0,81,167.3,0,0,92,3.962,3.957,3.963,0,0,0,6.336,81.14,2.787309472396,6.56168,38,Tripod,
86200,2026-05-22 08:26:23,51.9888216591593,4.39001540132926,6.56168,,,2.787309472396,5.905512,1.789552,6.9063650504,662.9921472,24,5,11.883,8.364737472396,12.139108,40.3096588,217.437342916,-1.789552,0,0,174, -3.4, 0.5,,,0,0,1302,1024,1024,1557,42,0,0,81,168.6,0,0,92,3.962,3.957,3.963,0,0,0,6.336,81.14,2.787309472396,6.56168,38,Tripod,
86300,2026-05-22 08:26:23,51.9888207683537,4.39001542688259,6.233596,,,2.459225472396,5.905512,1.789552,6.6008204212,663.31695036,24,5,11.883,8.364737472396,12.139108,40.3096588,217.437342916,-1.789552,0,0,175.2, -4.1, -1.9,,,0,0,1266,1024,1024,1024,37,0,0,0,170.3,0,0,92,3.962,3.957,3.963,0,0,0,6.336,81.14,2.459225472396,6.233596,38,Tripod,
86400,2026-05-22 08:26:23,51.9888200146005,4.39001539375415,6.56168,,,2.787309472396,5.905512,1.789552,6.3484910168,663.59254092,24,5,11.883,8.364737472396,12.139108,40.3096588,217.437342916,-1.789552,0,0,176.4, -4.6, -2.6,,,0,0,1273,1024,995,364,38,0,-4,-100,171.3,0,0,92,3.962,3.957,3.963,0,0,0,6.336,81.14,2.787309472396,6.56168,38,Tripod,
86500,2026-05-22 08:26:23,51.9888192948428,4.39001550282348,6.233596,,,2.459225472396,5.905512,1.789552,6.0968833972,663.85500812,24,5,11.883,8.364737472396,12.139108,40.3096588,217.437342916,-1.789552,0,0,176.9, -4.9, -3.6,,,0,0,1194,1024,832,364,26,0,-29,-100,171.4,0,0,92,3.962,3.957,3.963,0,0,0,6.336,81.14,2.459225472396,6.233596,38,Tripod,
86600,2026-05-22 08:26:23,51.988818570996,4.3900155222747,6.233596,,,2.459225472396,5.905512,1.789552,5.853182602,664.12075616,24,5,11.883,8.364737472396,12.139108,40.3096588,217.437342916,-1.789552,0,0,176.6, -4.8, -3.5,,,0,0,1229,1024,663,364,31,0,-55,-100,170,0,0,92,3.962,3.957,3.963,0,0,0,6.336,81.14,2.459225472396,6.233596,38,Tripod,
86700,2026-05-22 08:26:23,51.9888178290233,4.39001566198954,6.233596,,,2.459225472396,5.905512,1.789552,5.5938978168,664.39306588,24,5,11.883,8.364737472396,12.139108,40.3096588,217.437342916,-1.789552,0,0,175, -4.3, -4.1,,,0,0,1262,1024,1024,874,36,0,0,-23,167.9,0,0,92,3.962,3.957,3.963,0,0,0,6.336,81.14,2.459225472396,6.233596,38,Tripod,
86800,2026-05-22 08:26:23,51.9888171148981,4.39001574819217,6.233596,,,2.459225472396,5.905512,1.565858,5.3503282552,664.65553308,24,5,11.883,8.364737472396,12.139108,40.3096588,217.437342916,-1.565858,0,0.223694,172.6, -3.5, -4.1,,,0,0,1279,1024,1024,1024,39,0,0,0,165.5,0,0,92,3.962,3.957,3.963,0,0,0,6.336,81.14,2.459225472396,6.233596,38,Tripod,
86900,2026-05-22 08:26:23,51.9888163561908,4.39001591947466,6.233596,,,2.459225472396,5.905512,1.565858,5.0853348084,664.93440448,24,5,11.882,8.364737472396,12.139108,40.3096588,217.437342916,-1.565858,0,0,170.7, -2.7, -1.8,,,0,0,1269,1024,1024,1024,37,0,0,0,163.8,0,0,92,3.959,3.954,3.951,0,0,0,6.23,81.14,2.459225472396,6.233596,38,Tripod,
87000,2026-05-22 08:26:24,51.9888156740781,4.39001602253008,6.233596,,,2.459225472396,5.577428,1.565858,4.853838738,665.18374832,24,5,11.882,8.364737472396,12.139108,40.3096588,217.437342916,-1.565858,0,0,169.6, -3.7, -2.8,,,0,0,1269,1024,1024,1024,37,0,0,0,163.2,0,0,92,3.959,3.954,3.951,0,0,0,6.23,81.14,2.459225472396,6.233596,38,Tripod,
87100,2026-05-22 08:26:24,51.9888149429658,4.39001581517835,6.233596,,,2.459225472396,5.577428,1.565858,4.64320881,665.45605804,24,5,11.882,8.364737472396,12.139108,40.3096588,217.437342916,-1.565858,0,0,169.2, -4.3, -3.1,,,0,0,1266,1024,1024,662,37,0,0,-55,163.1,0,0,92,3.959,3.954,3.951,0,0,0,6.23,81.14,2.459225472396,6.233596,38,Tripod,
87200,2026-05-22 08:26:24,51.9888142889538,4.39001592613625,6.233596,,,2.459225472396,5.577428,1.342164,4.4252954172,665.69555936,24,5,11.882,8.364737472396,12.139108,40.3096588,217.437342916,-1.342164,0,0,168.9, -4.5, -3.7,,,0,0,1300,1024,1024,477,42,0,0,-83,162.9,0,0,92,3.959,3.954,3.951,0,0,0,6.23,81.14,2.459225472396,6.233596,38,Tripod,
87300,2026-05-22 08:26:24,51.9888137496607,4.39001624151978,6.233596,,,2.459225472396,5.577428,1.3645334,4.2206038096,665.90225228,24,5,11.882,8.364737472396,12.139108,40.3096588,217.437342916,-1.342164,0.223694,0,168.2, -4.4, -3.8,,,0,0,1295,1024,1024,1024,41,0,0,0,161.6,0,0,92,3.959,3.954,3.951,0,0,0,6.23,81.14,2.459225472396,6.233596,38,Tripod,
87400,2026-05-22 08:26:24,51.9888131117084,4.39001647430281,6.233596,,,2.459225472396,5.577428,1.3645334,3.9961615452,666.1417536,23,5,11.882,8.364737472396,12.139108,40.3096588,217.437342916,-1.342164,0.223694,0,167.5, -4.2, -0.7,,,0,0,1290,1024,1024,1024,40,0,0,0,160.6,0,0,92,3.959,3.954,3.951,0,0,0,6.23,81.14,2.459225472396,6.233596,38,Tripod,
87500,2026-05-22 08:26:24,51.9888124889881,4.39001668585747,6.233596,,,2.459225472396,5.577428,1.3645334,3.7807087824,666.37469324,23,5,11.882,8.364737472396,12.139108,40.3096588,217.437342916,-1.342164,0.223694,0,166.6, -4.1, -0.9,,,0,0,1131,1024,1024,1024,16,0,0,0,160.2,0,0,92,3.959,3.954,3.951,0,0,0,6.23,81.14,2.459225472396,6.233596,38,Tripod,
87600,2026-05-22 08:26:24,51.988811848488,4.39001687981139,6.233596,,,2.459225472396,5.577428,1.3645334,3.5644030012,666.61091372,23,5,11.882,8.364737472396,12.139108,40.3096588,217.437342916,-1.342164,0.223694,0,166.1, -4, -2.2,,,0,0,1139,1024,364,1024,17,0,-100,0,160.2,0,0,92,3.959,3.954,3.951,0,0,0,6.23,81.14,2.459225472396,6.233596,38,Tripod,
87700,2026-05-22 08:26:24,51.9888114091125,4.39001694656657,6.233596,,,2.459225472396,5.577428,1.3645334,3.4266405296,666.77167488,23,5,11.882,8.364737472396,12.139108,40.3096588,217.437342916,-1.342164,0.223694,0,166.2, -3.7, -1.6,,,0,0,1190,1024,364,1024,25,0,-100,0,160.2,0,0,92,3.959,3.954,3.951,0,0,0,6.23,81.14,2.459225472396,6.233596,38,Tripod,
87800,2026-05-22 08:26:24,51.9888108147732,4.39001716352437,6.233596,,,2.459225472396,5.577428,1.3645334,3.225803909,666.994772,23,5,11.882,8.364737472396,12.139108,40.3096588,217.437342916,-1.342164,0.223694,0.447388,166.1, -3.6, -1.3,,,0,0,1281,1024,364,1024,39,0,-100,0,160.1,0,0,92,3.959,3.954,3.951,0,0,0,6.23,81.14,2.459225472396,6.233596,38,Tripod,
87900,2026-05-22 08:26:24,51.9888101059055,4.39001750676823,5.905512,,,2.131141472396,5.249344,1.3645334,2.97776912416,667.26380088,23,5,11.871,8.364737472396,12.139108,40.3096588,217.437342916,-1.342164,0.223694,0.894776,165.9, -3.1, -1,,,0,0,1281,1024,364,1024,39,0,-100,0,160.2,0,0,92,3.961,3.956,3.963,0,0,0,6.512,81.32,2.131141472396,5.905512,38,Tripod,
88000,2026-05-22 08:26:25,51.9888095407803,4.39001770874644,5.905512,,,2.131141472396,5.249344,1.3645334,2.79387804216,667.47705548,23,5,11.871,8.364737472396,12.139108,40.3096588,217.437342916,-1.342164,0.223694,1.11847,165.8, -2.6, -1.6,,,0,0,1305,1024,364,1024,43,0,-100,0,160.2,0,0,92,3.961,3.956,3.963,0,0,0,6.512,81.32,2.131141472396,5.905512,38,Tripod,
88100,2026-05-22 08:26:25,51.9888091011159,4.3900177054759,5.577428,,,1.803057472396,4.92126,1.1408394,2.67908145056,667.63781664,23,5,11.871,8.364737472396,12.139108,40.3096588,217.437342916,-1.11847,0.223694,1.342164,165.8, -3.1, -1.2,,,0,0,1302,1024,364,1024,42,0,-100,0,160.2,0,0,92,3.961,3.956,3.963,0,0,0,6.512,81.32,1.803057472396,5.577428,38,Tripod,
88200,2026-05-22 08:26:25,51.9888086056445,4.39001786765584,5.577428,,,1.803057472396,4.593176,1.1408394,2.52798236436,667.82154368,23,5,11.871,8.364737472396,12.139108,40.3096588,217.437342916,-1.11847,0.223694,1.342164,165.7, -3.8, -1.4,,,0,0,1293,1024,438,1024,41,0,-89,0,160.2,0,0,92,3.961,3.956,3.963,0,0,0,6.512,81.32,1.803057472396,5.577428,38,Tripod,
88300,2026-05-22 08:26:25,51.988808107865,4.39001830920175,5.249344,,,1.474973472396,4.265092,1.1408394,2.33317264684,668.0282366,23,5,11.871,8.364737472396,12.139108,40.3096588,217.437342916,-1.11847,0.223694,1.342164,165.7, -4.9, -1.1,,,0,0,1292,1024,364,1024,41,0,-100,0,160.1,0,0,92,3.961,3.956,3.963,0,0,0,6.512,81.32,1.474973472396,5.249344,38,Tripod,
88400,2026-05-22 08:26:25,51.9888076369884,4.39001848041382,4.92126,,,1.146889472396,4.265092,1.1408394,2.19431109384,668.20540196,23,5,11.871,8.364737472396,12.139108,40.3096588,217.437342916,-1.11847,0.223694,1.11847,165.9, -5.7, -1.2,,,0,0,1296,1024,409,1024,41,0,-93,0,160.2,0,0,92,3.961,3.956,3.963,0,0,0,6.512,81.32,1.146889472396,4.92126,38,Tripod,
88500,2026-05-22 08:26:25,51.988807201751,4.39001845396673,4.92126,,,1.146889472396,3.937008,1.1408394,2.10503943744,668.36288228,23,5,11.871,8.364737472396,12.139108,40.3096588,217.437342916,-1.11847,0.223694,1.11847,166, -6.3, -0.9,,,0,0,1284,1024,364,1024,39,0,-100,0,160.2,0,0,92,3.961,3.956,3.963,0,0,0,6.512,81.32,1.146889472396,4.92126,38,Tripod,
88600,2026-05-22 08:26:25,51.9888067210902,4.39001861253291,4.593176,,,0.818805472396,3.937008,1.1408394,1.98013785864,668.54332848,24,5,11.871,8.364737472396,12.139108,40.3096588,217.437342916,-1.11847,0.223694,0.894776,166.1, -6.2, -1.3,,,0,0,1300,1024,364,1024,42,0,-100,0,160.1,0,0,92,3.961,3.956,3.963,0,0,0,6.512,81.32,0.818805472396,4.593176,38,Tripod,
88700,2026-05-22 08:26:25,51.9888063565017,4.39001872570347,4.593176,,,0.818805472396,3.937008,1.1408394,1.89260832828,668.67784292,24,5,11.871,8.364737472396,12.139108,40.3096588,217.437342916,-1.11847,0.223694,0.894776,166.2, -6.2, -1,,,0,0,1300,1024,364,1024,42,0,-100,0,160.2,0,0,92,3.961,3.956,3.963,0,0,0,6.512,81.32,0.818805472396,4.593176,38,Tripod,
88800,2026-05-22 08:26:25,51.9888058632699,4.39001889644951,4.265092,,,0.490721472396,3.608924,1.1408394,1.78011160552,668.86156996,24,5,11.871,8.364737472396,12.139108,40.3096588,217.437342916,-1.11847,0.223694,0.894776,166.2, -6.2, -0.7,,,0,0,1284,1024,364,1024,39,0,-100,0,160.2,0,0,92,3.961,3.956,3.963,0,0,0,6.512,81.32,0.490721472396,4.265092,38,Tripod,
88900,2026-05-22 08:26:26,51.9888051878695,4.3900190810485,4.265092,,,0.490721472396,3.608924,1.1408394,1.65769690344,669.1109138,24,5,11.882,8.364737472396,12.139108,40.3096588,217.437342916,-1.11847,0.223694,0.894776,166.3, -5.8, -0.9,,,0,0,1304,1024,364,1024,42,0,-100,0,160.2,0,0,92,3.961,3.957,3.962,0,0,0,5.803,81.32,0.490721472396,4.265092,38,Tripod,
89000,2026-05-22 08:26:26,51.9888046477259,4.3900192512909,3.937008,,,0.162637472396,3.28084,1.1408394,1.57653220268,669.31104504,24,5,11.882,8.364737472396,12.139108,40.3096588,217.437342916,-1.11847,0.223694,0.671082,166.2, -5.8, -1,,,0,0,1287,1024,364,1024,40,0,-100,0,160.2,0,0,92,3.961,3.957,3.962,0,0,0,5.803,81.32,0.162637472396,3.937008,38,Tripod,
89100,2026-05-22 08:26:26,51.988804366376,4.39001971845293,3.937008,,,0.162637472396,3.28084,1.3645334,1.45837931176,669.45868284,24,5,11.882,8.364737472396,12.139108,40.3096588,217.437342916,-1.342164,0.223694,0.671082,166.2, -5.8, -1.3,,,0,0,1267,1024,364,1024,37,0,-100,0,160.2,0,0,92,3.961,3.957,3.962,0,0,0,5.803,81.32,0.162637472396,3.937008,38,Tripod,
89200,2026-05-22 08:26:26,51.9888038185125,4.390019917432,3.937008,,,0.162637472396,3.28084,1.3645334,1.40552169852,669.66537576,24,5,11.882,8.364737472396,12.139108,40.3096588,217.437342916,-1.342164,0.223694,0.671082,166.3, -5.3, -1.1,,,0,0,1272,1024,364,1024,38,0,-100,0,160.1,0,0,92,3.961,3.957,3.962,0,0,0,5.803,81.32,0.162637472396,3.937008,38,Tripod,
89300,2026-05-22 08:26:26,51.9888030722977,4.39001998679109,3.608924,,,-0.165446527604,2.952756,1.3645334,1.42412078048,669.93768548,24,5,11.882,8.364737472396,12.139108,40.3096588,217.437342916,-1.342164,0.223694,0.671082,166.3, -4.8, -1,,,0,0,1083,1024,364,1024,9,0,-100,0,160.2,0,0,92,3.961,3.957,3.962,0,0,0,5.803,81.32,-0.165446527604,3.608924,38,Tripod,
89400,2026-05-22 08:26:26,51.9888024951559,4.39002017827395,3.608924,,,-0.165446527604,2.952756,1.3645334,1.44446855016,670.15094008,24,5,11.882,8.364737472396,12.139108,40.3096588,217.437342916,-1.342164,0.223694,0.447388,166.2, -4.7, -1.2,,,0,0,1024,1024,364,1024,0,0,-100,0,160.2,0,0,92,3.961,3.957,3.962,0,0,0,5.803,81.32,-0.165446527604,3.608924,38,Tripod,
89500,2026-05-22 08:26:26,51.988802243073,4.39002040174925,3.608924,,,-0.165446527604,2.952756,1.3645334,1.43475726376,670.25592696,24,5,11.882,8.364737472396,12.139108,40.3096588,217.437342916,-1.342164,0.223694,0.447388,166.2, -3.1, -1.3,,,0,0,1024,1024,364,1024,0,0,-100,0,160.1,0,0,92,3.961,3.957,3.962,0,0,0,5.803,81.32,-0.165446527604,3.608924,38,Tripod,
89600,2026-05-22 08:26:26,51.9888017147439,4.39002058357351,3.28084,,,-0.493530527604,2.952756,1.1408394,1.49287406352,670.45277736,24,5,11.882,8.364737472396,12.139108,40.3096588,217.437342916,-1.11847,0.223694,0.447388,166.1, 0.4, -1.2,,,0,0,1024,1024,364,1024,0,0,-100,0,160.2,0,0,92,3.961,3.957,3.962,0,0,0,5.803,81.32,-0.493530527604,3.28084,38,Tripod,
89700,2026-05-22 08:26:26,51.988801059938,4.3900202815235,3.28084,,,-0.493530527604,2.624672,1.11847,1.68725727184,670.7021212,24,5,11.882,8.364737472396,12.139108,40.3096588,217.437342916,-1.11847,0,0.447388,165.8, 1.5, -1.4,,,0,0,1024,1024,364,1024,0,0,-100,0,160.2,0,0,92,3.961,3.957,3.962,0,0,0,5.803,81.32,-0.493530527604,3.28084,38,Tripod,
89800,2026-05-22 08:26:26,51.9888006664311,4.39002035102735,3.28084,,,-0.493530527604,2.624672,0.894776,1.76833010908,670.84647816,24,5,11.882,8.364737472396,12.139108,40.3096588,217.437342916,-0.894776,0,0.447388,165.7, 1.4, -1.7,,,0,0,1020,1024,364,1024,-1,0,-100,0,160.2,0,0,92,3.961,3.957,3.962,0,0,0,5.803,81.32,-0.493530527604,3.28084,38,Tripod,
89900,2026-05-22 08:26:27,51.9888003608687,4.3900208444854,3.28084,,,-0.493530527604,2.624672,0.671082,1.76840228756,671.00395848,24,5,11.876,8.364737472396,12.139108,40.3096588,217.437342916,-0.671082,0,0.447388,165.7, 0.8, -1.7,,,0,0,401,1024,364,1024,-94,0,-100,0,160.2,0,0,92,3.96,3.956,3.962,0,0,0,6.444,81.5,-0.493530527604,3.28084,38,Tripod,
90000,2026-05-22 08:26:27,51.9888001355694,4.39002088700719,2.952756,,,-0.821614527604,2.296588,0.447388,1.82353352292,671.08597948,24,5,11.876,8.364737472396,12.139108,40.3096588,217.437342916,-0.447388,0,0.447388,165.7, 0.2, -1.7,,,0,0,1024,1024,364,1024,0,0,-100,0,160.2,0,0,92,3.96,3.956,3.962,0,0,0,6.444,81.5,-0.821614527604,2.952756,38,Tripod,
90100,2026-05-22 08:26:27,51.9887998690682,4.39002085238285,2.952756,,,-0.821614527604,2.296588,0.223694,1.90327433912,671.18440468,24,5,11.876,8.364737472396,12.139108,40.3096588,217.437342916,-0.223694,0,0.447388,165.8, -1, -1.6,,,0,0,1024,1024,364,1024,0,0,-100,0,160.1,0,0,92,3.96,3.956,3.962,0,0,0,6.444,81.5,-0.821614527604,2.952756,38,Tripod,
90200,2026-05-22 08:26:27,51.9887997380038,4.39002086475159,2.952756,,,-0.821614527604,2.296588,0.223694,1.93901581008,671.23033644,24,5,11.876,8.364737472396,12.139108,40.3096588,217.437342916,-0.223694,0,0.447388,166, -1.6, -1.4,,,0,0,1024,1024,364,1024,0,0,-100,0,160.2,0,0,92,3.96,3.956,3.962,0,0,0,6.444,81.5,-0.821614527604,2.952756,38,Tripod,
90300,2026-05-22 08:26:27,51.9887993970243,4.39002105014724,2.952756,,,-0.821614527604,2.296588,0.223694,2.01449481512,671.36157004,24,5,11.876,8.364737472396,12.139108,40.3096588,217.437342916,-0.223694,0,0.223694,166.1, -1.5, -1.8,,,0,0,1024,1024,364,1024,0,0,-100,0,160.2,0,0,92,3.96,3.956,3.962,0,0,0,6.444,81.5,-0.821614527604,2.952756,38,Tripod,
90400,2026-05-22 08:26:27,51.9887992869994,4.39002106778156,2.952756,,,-0.821614527604,2.296588,0.223694,2.04535111532,671.40422096,24,5,11.876,8.364737472396,12.139108,40.3096588,217.437342916,-0.223694,0,0.223694,166.1, -1.5, -1.4,,,0,0,965,1024,364,1024,-9,0,-100,0,160.2,0,0,92,3.96,3.956,3.962,0,0,0,6.444,81.5,-0.821614527604,2.952756,38,Tripod,
90500,2026-05-22 08:26:27,51.9887990127162,4.39002077495021,2.624672,,,-1.149698527604,1.968504,0,2.16510505616,671.5223312,24,5,11.876,8.364737472396,12.139108,40.3096588,217.437342916,0,0,0.223694,166.3, -1.9, -1.1,,,0,0,416,1024,364,1024,-92,0,-100,0,160.1,0,0,92,3.96,3.956,3.962,0,0,0,6.444,81.5,-1.149698527604,2.624672,38,Tripod,
90600,2026-05-22 08:26:27,51.9887989222165,4.39002077460198,2.624672,,,-1.149698527604,1.968504,0,2.192585372,671.5551396,24,5,11.876,8.364737472396,12.139108,40.3096588,217.437342916,0,0,0.223694,166.3, -1.7, -1,,,0,0,416,1024,364,1024,-92,0,-100,0,160.2,0,0,92,3.96,3.956,3.962,0,0,0,6.444,81.5,-1.149698527604,2.624672,38,Tripod,
90700,2026-05-22 08:26:27,51.9887990148258,4.39002077159272,2.624672,,,-1.149698527604,1.968504,0,2.16488852072,671.587948,24,5,11.876,8.364737472396,12.139108,40.3096588,217.437342916,0,0,0.223694,166.2, -0.8, -1.1,,,0,0,1024,1024,364,1024,0,0,-100,0,160.2,0,0,92,3.96,3.956,3.962,0,0,0,6.444,81.5,-1.149698527604,2.624672,38,Tripod,
90800,2026-05-22 08:26:27,51.9887989644765,4.39002074815942,2.624672,,,-1.149698527604,1.968504,0,2.18306437432,671.60763304,24,5,11.876,8.364737472396,12.139108,40.3096588,217.437342916,0,0,0.223694,166, -1.5, -1.7,,,0,0,1024,1024,364,1024,0,0,-100,0,160.2,0,0,92,3.96,3.956,3.962,0,0,0,6.444,81.5,-1.149698527604,2.624672,38,Tripod,
90900,2026-05-22 08:26:28,51.9887989482495,4.39002090658606,2.624672,,,-1.149698527604,1.968504,0,2.16835964944,671.64372228,24,5,11.883,8.364737472396,12.139108,40.3096588,217.437342916,0,0,0.223694,165.9, -2, -2,,,0,0,1024,1024,364,1024,0,0,-100,0,160.2,0,0,92,3.959,3.957,3.961,0,0,0,6.275,81.5,-1.149698527604,2.624672,38,Tripod,
91000,2026-05-22 08:26:28,51.9887989371735,4.39002091772364,2.624672,,,-1.149698527604,1.968504,0,2.17038720856,671.65028396,24,5,11.883,8.364737472396,12.139108,40.3096588,217.437342916,0,0,0.223694,166.1, -2.4, -1.2,,,0,0,364,1024,364,1024,-100,0,-100,0,160.2,0,0,92,3.959,3.957,3.961,0,0,0,6.275,81.5,-1.149698527604,2.624672,38,Tripod,
91100,2026-05-22 08:26:28,51.9887990175684,4.39002074226264,2.624672,,,-1.149698527604,1.968504,0,2.16776253656,671.69949656,24,5,11.883,8.364737472396,12.139108,40.3096588,217.437342916,0,0,0.223694,166.3, -1.8, -0.4,,,0,0,1024,1024,364,1024,0,0,-100,0,160.1,0,0,92,3.959,3.957,3.961,0,0,0,6.275,81.5,-1.149698527604,2.624672,38,Tripod,
91200,2026-05-22 08:26:28,51.9887990420036,4.39002072525173,2.296588,,,-1.477782527604,1.968504,0,2.16255912432,671.70933908,24,5,11.883,8.364737472396,12.139108,40.3096588,217.437342916,0,0,0,166.3, -0.9, -0.4,,,0,0,1024,1024,364,1024,0,0,-100,0,160.2,0,0,92,3.959,3.957,3.961,0,0,0,6.275,81.5,-1.477782527604,2.296588,38,Tripod,
91300,2026-05-22 08:26:28,51.9887990487426,4.39002058406161,2.296588,,,-1.477782527604,1.64042,0,2.17865164452,671.73886664,24,5,11.883,8.364737472396,12.139108,40.3096588,217.437342916,0,0,0,166.4, -2.3, -0.9,,,0,0,1024,1024,364,1024,0,0,-100,0,160.3,0,0,92,3.959,3.957,3.961,0,0,0,6.275,81.5,-1.477782527604,2.296588,33,Confirm_Landing,
91400,2026-05-22 08:26:28,51.9887990969566,4.39002051708792,2.296588,,,-1.477782527604,1.64042,0,2.17305781232,671.76183252,24,5,11.883,8.364737472396,12.139108,40.3096588,217.437342916,0,0,0.223694,166.5, -3.4, -1.5,,,0,0,1024,1024,364,1024,0,0,-100,0,160.3,0,0,92,3.959,3.957,3.961,0,0,0,6.275,81.5,-1.477782527604,2.296588,33,Confirm_Landing,
91500,2026-05-22 08:26:28,51.9887991577234,4.39002049983227,2.296588,,,-1.477782527604,1.64042,0,2.15739508216,671.7847984,24,5,11.883,8.364737472396,12.139108,40.3096588,217.437342916,0,0,0.671082,166.5, -3.6, -1.4,,,0,0,1024,1024,364,1024,0,0,-100,0,160.3,0,0,92,3.959,3.957,3.961,0,0,0,6.275,81.5,-1.477782527604,2.296588,33,Confirm_Landing,
91600,2026-05-22 08:26:28,51.9887991905757,4.39002044498693,2.296588,,,-1.477782527604,1.64042,0,2.15506568576,671.80448344,24,5,11.883,8.364737472396,12.139108,40.3096588,217.437342916,0,0,0.671082,166.5, -3.2, -1.5,,,0,0,1024,364,364,1024,0,-100,-100,0,160.3,0,0,92,3.959,3.957,3.961,0,0,0,6.275,81.5,-1.477782527604,2.296588,33,Confirm_Landing,
91700,2026-05-22 08:26:28,51.9887992781937,4.39002065310031,1.968504,,,-1.805866527604,1.312336,0,2.10158799376,671.86025772,24,5,11.883,8.364737472396,12.139108,40.3096588,217.437342916,0,0,0.671082,166.5, -2.9, -5.8,,,0,0,1024,1024,364,1024,0,0,-100,0,160.3,0,0,92,3.959,3.957,3.961,0,0,0,6.275,81.5,-1.805866527604,1.968504,33,Confirm_Landing,
91800,2026-05-22 08:26:28,51.9887993071352,4.39002070508991,1.968504,,,-1.805866527604,1.312336,0,2.08617460744,671.87666192,24,5,11.883,8.364737472396,12.139108,40.3096588,217.437342916,0,0,0.671082,166.5, -3, -2.8,,,0,0,1024,1024,364,1024,0,0,-100,0,160.3,0,0,92,3.959,3.957,3.961,0,0,0,6.275,81.5,-1.805866527604,1.968504,33,Confirm_Landing,
91900,2026-05-22 08:26:29,51.9887994897472,4.39002079651375,1.968504,,,-1.805866527604,0.984252,0,2.02034783368,671.94555956,24,5,11.87,8.364737472396,12.139108,40.3096588,217.437342916,0,0,0.671082,166.5, -2.7, -0.6,,,0,0,1024,1024,364,1024,0,0,-100,0,160.3,0,0,92,3.963,3.957,3.961,0,0,0,6.412,81.5,-1.805866527604,1.968504,33,Confirm_Landing,
92000,2026-05-22 08:26:29,51.9887995131897,4.39002092518947,1.64042,,,-2.133950527604,0.984252,0,1.99629599564,671.97508712,24,5,11.87,8.364737472396,12.139108,40.3096588,217.437342916,0,0,0.671082,166.4, -2.4, -0.2,,,0,0,1024,1024,364,1024,0,0,-100,0,160.3,0,0,92,3.963,3.957,3.961,0,0,0,6.412,81.5,-2.133950527604,1.64042,33,Confirm_Landing,
92100,2026-05-22 08:26:29,51.988799369308,4.39002114328312,1.64042,,,-2.133950527604,0.984252,0,2.01097775464,672.0472656,24,5,11.87,8.364737472396,12.139108,40.3096588,217.437342916,0,0,0.671082,166.5, -2.7, 0,,,0,0,1024,1024,364,1024,0,0,-100,0,160.3,0,0,92,3.963,3.957,3.961,0,0,0,6.412,81.5,-2.133950527604,1.64042,33,Confirm_Landing,
92200,2026-05-22 08:26:29,51.9887993474686,4.39002124261353,1.64042,,,-2.133950527604,0.656168,0,2.00516410616,672.07023148,24,5,11.87,8.364737472396,12.139108,40.3096588,217.437342916,0,0,0.447388,166.3, -2.7, -0.9,,,0,0,1024,1024,364,1024,0,0,-100,0,160.3,0,0,92,3.963,3.957,3.961,0,0,0,6.412,81.5,-2.133950527604,1.64042,33,Confirm_Landing,
92300,2026-05-22 08:26:29,51.9887995356834,4.39002110835663,1.312336,,,-2.462034527604,0.656168,0,1.96558077156,672.1456908,24,5,11.87,8.364737472396,12.139108,40.3096588,217.437342916,0,0,0.447388,166.3, -1.9, -0.5,,,0,0,1024,1024,364,1024,0,0,-100,0,160.3,0,0,92,3.963,3.957,3.961,0,0,0,6.412,81.5,-2.462034527604,1.312336,33,Confirm_Landing,
92400,2026-05-22 08:26:29,51.9887995036032,4.39002117762616,1.312336,,,-2.462034527604,0.656168,0,1.96621725452,672.16537584,24,5,11.87,8.364737472396,12.139108,40.3096588,217.437342916,0,0,0.447388,166.2, -1.2, -0.6,,,0,0,1024,1024,364,1024,0,0,-100,0,160.3,0,0,92,3.963,3.957,3.961,0,0,0,6.412,81.5,-2.462034527604,1.312336,33,Confirm_Landing,
92500,2026-05-22 08:26:29,51.9887993858519,4.39002118997143,1.312336,,,-2.462034527604,0.656168,0,2.0000984892,672.20802676,24,5,11.87,8.364737472396,12.139108,40.3096588,217.437342916,0,0,0.447388,166.3, -1.2, -0.5,,,0,0,1024,1024,364,1024,0,0,-100,0,160.3,0,0,92,3.963,3.957,3.961,0,0,0,6.412,81.5,-2.462034527604,1.312336,33,Confirm_Landing,
92600,2026-05-22 08:26:29,51.9887993415937,4.39002123114552,0.984252,,,-2.790118527604,0.328084,0,2.00837604852,672.2277118,24,5,11.87,8.364737472396,12.139108,40.3096588,217.437342916,0,0,0.447388,166.4, -0.8, -0.2,,,0,0,1024,1024,364,1024,0,0,-100,0,160.3,0,0,92,3.963,3.957,3.961,0,0,0,6.412,81.5,-2.790118527604,0.984252,33,Confirm_Landing,
92700,2026-05-22 08:26:29,51.9887990129464,4.39002115760945,0.984252,,,-2.790118527604,0.328084,0,2.1180938998,672.34910288,24,5,11.87,8.364737472396,12.139108,40.3096588,217.437342916,0,0,0.447388,166.4, -0.8, -1.2,,,0,0,1024,1024,364,1024,0,0,-100,0,160.3,0,0,92,3.963,3.957,3.961,0,0,0,6.412,81.5,-2.790118527604,0.984252,33,Confirm_Landing,
92800,2026-05-22 08:26:29,51.9887989377645,4.39002115914887,0.984252,,,-2.790118527604,0,0,2.1411910134,672.3753496,24,5,11.87,8.364737472396,12.139108,40.3096588,217.437342916,0,0,0.447388,166.2, 0, -2.3,,,0,0,1024,1024,364,1024,0,0,-100,0,160.3,0,0,92,3.963,3.957,3.961,0,0,0,6.412,81.5,-2.790118527604,0.984252,33,Confirm_Landing,
92900,2026-05-22 08:26:29,51.9887990675953,4.39002132607423,0.984252,,,-2.790118527604,0,0,2.08119101148,672.43440472,24,5,11.873,8.364737472396,12.139108,40.3096588,217.437342916,0,0,0.447388,166.3, 0, -1.2,,,0,0,1024,1024,364,1024,0,0,-100,0,160.3,0,0,92,3.957,3.953,3.958,0,0,0,6.216,81.5,-2.790118527604,0.984252,33,Confirm_Landing,
93000,2026-05-22 08:26:30,51.988799029183,4.39002138957913,0.656168,,,-3.118202527604,0,0,2.08576450244,672.4573706,24,5,11.873,8.364737472396,12.139108,40.3096588,217.437342916,0,0,0.223694,166.5, -0.5, -0.7,,,0,0,1024,1024,364,1024,0,0,-100,0,160.3,0,0,92,3.957,3.953,3.958,0,0,0,6.216,81.5,-3.118202527604,0.656168,33,Confirm_Landing,
93100,2026-05-22 08:26:30,51.9887990085109,4.3900213514256,0.656168,,,-3.118202527604,0,0,2.09664704872,672.46721312,24,5,11.873,8.364737472396,12.139108,40.3096588,217.437342916,0,0,0.223694,166.4, 0, -0.5,,,0,0,1024,1024,364,1024,0,0,-100,0,160.3,0,0,92,3.957,3.953,3.958,0,0,0,6.216,81.5,-3.118202527604,0.656168,33,Confirm_Landing,
93200,2026-05-22 08:26:30,51.9887989877327,4.39002141946438,0.656168,,,-3.118202527604,0,0,2.09531502768,672.48361732,24,5,11.873,8.364737472396,12.139108,40.3096588,217.437342916,0,0,0.223694,166.5, 0, 0,,,0,0,1024,1024,364,1024,0,0,-100,0,160.3,0,0,92,3.957,3.953,3.958,0,0,0,6.216,81.5,-3.118202527604,0.656168,33,Confirm_Landing,
93300,2026-05-22 08:26:30,51.9887988326068,4.39002142183108,0.656168,,,-3.118202527604,0,0,2.143946919,672.5393916,24,5,11.873,8.364737472396,12.139108,40.3096588,217.437342916,0,0,0.223694,166.5, -0.4, 0,,,0,0,1024,1024,364,1024,0,0,-100,0,160.3,0,0,92,3.957,3.953,3.958,0,0,0,6.216,81.5,-3.118202527604,0.656168,33,Confirm_Landing,
93400,2026-05-22 08:26:30,51.9887988064121,4.39002141963169,0.656168,,,-3.118202527604,0,0,2.15248694552,672.54923412,24,5,11.873,8.364737472396,12.139108,40.3096588,217.437342916,0,0,0,166.1, -0.4, 0.8,,,0,0,1024,1024,364,1024,0,0,-100,0,160.3,0,0,92,3.957,3.953,3.958,0,0,0,6.216,81.5,-3.118202527604,0.656168,33,Confirm_Landing,
93500,2026-05-22 08:26:30,51.9887987909048,4.39002138192463,0.656168,,,-3.118202527604,0,0,2.16160439988,672.55907664,24,5,11.873,8.364737472396,12.139108,40.3096588,217.437342916,0,0,0,166.1, 0.3, 2.2,,,0,0,1024,1024,364,1024,0,0,-100,0,160.3,0,0,92,3.957,3.953,3.958,0,0,0,6.216,81.5,-3.118202527604,0.656168,33,Confirm_Landing,
93600,2026-05-22 08:26:30,51.9887988019337,4.39002134446103,0.656168,,,-3.118202527604,0,0,2.16232290384,672.56891916,23,5,11.873,8.364737472396,12.139108,40.3096588,217.437342916,0,0,0,166, 0.6, 2.5,,,0,0,1024,1024,364,1024,0,0,-100,0,160.3,0,0,92,3.957,3.953,3.958,0,0,0,6.216,81.5,-3.118202527604,0.656168,33,Confirm_Landing,
93700,2026-05-22 08:26:30,51.9887987515994,4.39002145428082,0.656168,,,-3.118202527604,0,0,2.16605649976,672.60172756,23,5,11.873,8.364737472396,12.139108,40.3096588,217.437342916,0,0,0,166, 1, 2.6,,,0,0,1024,1024,364,1024,0,0,-100,0,160.3,0,0,92,3.957,3.953,3.958,0,0,0,6.216,81.5,-3.118202527604,0.656168,33,Confirm_Landing,
93800,2026-05-22 08:26:30,51.9887987582024,4.3900214459208,0.656168,,,-3.118202527604,0,0,2.16487539736,672.6050084,23,5,11.873,8.364737472396,12.139108,40.3096588,217.437342916,0,0,0,166, 1, 2.5,,,0,0,1024,1024,364,1024,0,0,-100,0,160.3,0,0,92,3.957,3.953,3.958,0,0,0,6.216,81.5,-3.118202527604,0.656168,33,Confirm_Landing,
93900,2026-05-22 08:26:30,51.9887986851226,4.39002145270534,0.656168,,,-3.118202527604,0,0,2.18741148732,672.63125512,23,5,11.88,8.364737472396,12.139108,40.3096588,217.437342916,0,0,0,166, 1.1, 2.6,,,0,0,1024,1024,364,1024,0,0,-100,0,160.3,0,0,92,3.994,3.988,3.989,0,0,0,6.364,81.5,-3.118202527604,0.656168,33,Confirm_Landing,
94000,2026-05-22 08:26:31,51.9887986830141,4.39002144533477,0.656168,,,-3.118202527604,0,0,2.18888786532,672.63125512,23,5,11.88,8.364737472396,12.139108,40.3096588,217.437342916,0,0,0,166.1, 1.2, 2.6,,,0,0,1024,1024,364,1024,0,0,-100,0,160.3,0,0,92,3.994,3.988,3.989,0,0,0,6.364,81.5,-3.118202527604,0.656168,33,Confirm_Landing,
94100,2026-05-22 08:26:31,51.9887988364566,4.39002135330796,0.656168,,,-3.118202527604,0,0,2.15043313968,672.69359108,23,5,11.88,8.364737472396,12.139108,40.3096588,217.437342916,0,0,0,166.1, 1.1, 2.6,,,0,0,1024,1024,364,1024,0,0,-100,0,160.3,0,0,92,3.994,3.988,3.989,0,0,0,6.364,81.5,-3.118202527604,0.656168,33,Confirm_Landing,
94200,2026-05-22 08:26:31,51.9887988473088,4.39002134196215,0.328084,,,-3.446286527604,0,0,2.14830059368,672.69687192,23,5,11.88,8.364737472396,12.139108,40.3096588,217.437342916,0,0,0,166.1, 1.2, 2.6,,,0,0,1024,1024,364,1024,0,0,-100,0,160.3,0,0,92,3.994,3.988,3.989,0,0,0,6.364,81.5,-3.446286527604,0.328084,33,Confirm_Landing,
94300,2026-05-22 08:26:31,51.9887988192658,4.39002138064391,0.328084,,,-3.446286527604,0,0,2.15277894028,672.70999528,23,5,11.88,8.364737472396,12.139108,40.3096588,217.437342916,0,0,0,166.1, 1.3, 2.6,,,0,0,1024,1024,364,1024,0,0,-100,0,160.3,0,0,92,3.994,3.988,3.989,0,0,0,6.364,81.5,-3.446286527604,0.328084,33,Confirm_Landing,
94400,2026-05-22 08:26:31,51.9887988262651,4.3900213750623,0.328084,,,-3.446286527604,0,0,2.1511975754,672.71327612,23,5,11.88,8.364737472396,12.139108,40.3096588,217.437342916,0,0,0,166.1, 1.3, 2.6,,,0,0,1024,1024,364,1024,0,0,-100,0,160.3,0,0,92,3.994,3.988,3.989,0,0,0,6.364,81.5,-3.446286527604,0.328084,33,Confirm_Landing,
94500,2026-05-22 08:26:31,51.9887989664009,4.39002124169053,0.328084,,,-3.446286527604,0,0,2.12257880808,672.77233124,23,5,11.88,8.364737472396,12.139108,40.3096588,217.437342916,0,0,0,166.1, 1.3, 2.6,,,0,0,1024,1024,364,1024,0,0,-100,0,160.3,0,0,92,3.994,3.988,3.989,0,0,0,6.364,81.5,-3.446286527604,0.328084,33,Confirm_Landing,
94600,2026-05-22 08:26:31,51.9887989845436,4.39002122565475,0.328084,,,-3.446286527604,0,0,2.11881896544,672.77889292,23,5,11.88,8.364737472396,12.139108,40.3096588,217.437342916,0,0,0,166.1, 1.4, 2.6,,,0,0,1024,1024,1024,1024,0,0,0,0,160.3,0,0,92,3.994,3.988,3.989,0,0,0,6.364,81.5,-3.446286527604,0.328084,33,Confirm_Landing,
94700,2026-05-22 08:26:31,51.9887989469431,4.39002126613241,0.328084,,,-3.446286527604,0,0,2.12578418876,672.79529712,23,5,11.88,8.364737472396,12.139108,40.3096588,217.437342916,0,0,0,166.1, 1.4, 2.7,,,0,0,1024,1024,1024,1024,0,0,0,0,160.3,0,0,92,3.994,3.988,3.989,0,0,0,6.364,81.5,-3.446286527604,0.328084,33,Confirm_Landing,
94800,2026-05-22 08:26:31,51.9887989606053,4.39002125854796,0.328084,,,-3.446286527604,0,0,2.1224082044,672.8018588,24,5,11.88,8.364737472396,12.139108,40.3096588,217.437342916,0,0,0,166.1, 1.5, 2.7,,,0,0,1024,1024,1024,1024,0,0,0,0,160.3,0,0,92,3.994,3.988,3.989,0,0,0,6.364,81.5,-3.446286527604,0.328084,33,Confirm_Landing,
94900,2026-05-22 08:26:31,51.9887990908173,4.39002129205154,0.328084,,,-3.446286527604,0,0,2.07799547332,672.8510714,24,5,12.015,8.364737472396,12.139108,40.3096588,217.437342916,0,0,0,166.1, 1.5, 2.7,,,0,0,1024,1024,1024,1024,0,0,0,0,160.3,0,0,92,4.009,4.008,4.012,0,0,0,3.052,81.5,-3.446286527604,0.328084,33,Confirm_Landing,
95000,2026-05-22 08:26:32,51.9887991168385,4.3900212907282,0.328084,,,-3.446286527604,0,0,2.0700952106,672.85763308,24,5,12.015,8.364737472396,12.139108,40.3096588,217.437342916,0,0,0,166.1, 1.5, 2.7,,,0,0,1024,1024,1024,1024,0,0,0,0,160.3,0,0,92,4.009,4.008,4.012,0,0,0,3.052,81.5,-3.446286527604,0.328084,33,Confirm_Landing,
95100,2026-05-22 08:26:32,51.9887990723158,4.39002115743381,0.328084,,,-3.446286527604,0,0,2.09979993596,672.89372232,24,5,12.015,8.364737472396,12.139108,40.3096588,217.437342916,0,0,0,166.1, 1.5, 2.7,,,0,0,1024,1024,1024,1024,0,0,0,0,160.2,0,0,92,4.009,4.008,4.012,0,0,0,3.052,81.5,-3.446286527604,0.328084,33,Confirm_Landing,
95100,2026-05-22 08:26:32,51.9887990942998,4.39002114642144,0,,,-3.774370527604,0,0,2.09437014576,672.900284,24,5,12.015,8.364737472396,12.139108,40.3096588,217.437342916,0,0,0,166.1, 1.7, 2.7,,,0,0,1024,1024,1024,1024,0,0,0,0,160.2,0,0,92,4.009,4.008,4.012,0,0,0,3.052,81.5,-3.774370527604,0,38,Tripod,
