time(millisecond),datetime(utc),latitude,longitude,height_above_takeoff(feet),height_above_ground_at_drone_location(feet),ground_elevation_at_drone_location(feet),altitude_above_seaLevel(feet),height_sonar(feet),speed(mph),distance(feet),mileage(feet),satellites,gpslevel,voltage(v),max_altitude(feet),max_ascent(feet),max_speed(mph),max_distance(feet), xSpeed(mph), ySpeed(mph), zSpeed(mph), compass_heading(degrees), pitch(degrees), roll(degrees),wind_speed(mph),wind_direction(degrees),isPhoto,isVideo,rc_elevator,rc_aileron,rc_throttle,rc_rudder,rc_elevator(percent),rc_aileron(percent),rc_throttle(percent),rc_rudder(percent),gimbal_heading(degrees),gimbal_pitch(degrees),gimbal_roll(degrees),battery_percent,voltageCell1,voltageCell2,voltageCell3,voltageCell4,voltageCell5,voltageCell6,current(A),battery_temperature(f),altitude(feet),ascent(feet),flycStateRaw,flycState,message
12100,2026-05-22 09:15:47,51.9888047017478,4.39002360369103,0,Available with any HD 360 subscription,Available with any HD 360 subscription,-3.784140212956,0.328084,0,0,0,24,5,0,0,0,0,0,0,0,0,169.9, -0.1, 0.4,Available with Enterprise subscription,,0,0,364,364,364,1684,-100,-100,-100,100,166,0,1.2,88,4.008,4.004,0,0,0,0,0,90.14,-3.784140212956,0,6,P-GPS,"Setting new Return-To-Home altitude to 30m (98 ft). Data Recorder File Index is 37. Setting new Maximum Flight Altitude to 120m (394 ft). Flying over vegetation."
12200,2026-05-22 09:15:47,51.9888047011915,4.39002360465169,0,,,-3.784140212956,0.328084,0,0.000296283474048,0.000296283474048,24,5,0,0,0,0,0.000296283474048,0,0,0,169.9, -0.1, 0.5,,,0,0,364,364,364,1684,-100,-100,-100,100,166,0,1.2,88,4.008,4.004,0,0,0,0,0,90.14,-3.784140212956,0,41,Motors_Started,
12300,2026-05-22 09:15:47,51.9888047001334,4.39002350021121,0,,,-3.784140212956,0.328084,0,0.0232572842088,0.0237651254324,24,5,0,0,0,0,0.0232572842088,0,0,0,169.9, -0.1, 0.5,,,0,0,364,364,364,1684,-100,-100,-100,100,166,0,1.2,88,4.008,4.004,0,0,0,0,0,90.14,-3.784140212956,0,41,Motors_Started,
12400,2026-05-22 09:15:48,51.9888047004708,4.39002350186864,0,,,-3.784140212956,0.328084,0,0.0228821857716,0.0241573498544,24,5,0,0,0,0,0.0232572842088,0,0,0,169.9, -0.1, 0.5,,,0,0,364,364,364,1684,-100,-100,-100,100,166,0,1.2,88,4.008,4.004,0,0,0,0,0,90.14,-3.784140212956,0,41,Motors_Started,
12500,2026-05-22 09:15:48,51.9888047013987,4.39002350479919,0,,,-3.784140212956,0.328084,0,0.0222193576664,0.0248977042088,24,5,0,0,0,0,0.0232572842088,0,0,0,169.9, -0.1, 0.4,,,0,0,364,364,364,1684,-100,-100,-100,100,165.9,0,1.2,88,4.008,4.004,0,0,0,0,0,90.14,-3.784140212956,0,41,Motors_Started,
12600,2026-05-22 09:15:48,51.98880460378,4.39002380752578,0,,,-3.784140212956,0.328084,0,0.058094818132,0.101675200104,24,5,0,0,0,0,0.058094818132,0,0,0,169.9, -0.1, 0.4,,,0,0,364,364,364,1684,-100,-100,-100,100,165.9,0,1.2,88,4.008,4.004,0,0,0,0,0,90.14,-3.784140212956,0,41,Motors_Started,
12700,2026-05-22 09:15:48,51.9888046049301,4.39002380912604,0,,,-3.784140212956,0.328084,0,0.058122705272,0.10222769356,24,5,0,0,0,0,0.058122705272,0,0,0,169.9, -0.1, 0.4,,,0,0,364,364,364,1684,-100,-100,-100,100,165.9,0,1.2,88,4.008,4.004,0,0,0,0,0,90.14,-3.784140212956,0,41,Motors_Started,
12800,2026-05-22 09:15:48,51.9888048040103,4.39002360297502,0,,,-3.784140212956,0.328084,0,0.037310696732,0.188373365608,24,5,0,0,0,0,0.058122705272,0,0,0,169.9, -0.1, 0.5,,,0,0,364,364,364,1684,-100,-100,-100,100,165.9,0,1.2,88,4.008,4.004,0,0,0,0,0,90.14,-3.784140212956,0,41,Motors_Started,
12900,2026-05-22 09:15:48,51.9888050034455,4.39002289637754,0,,,-3.784140212956,0.328084,0,0.193317263404,0.36301182264,24,5,8.1,0,0,0,0.193317263404,0,0,0,169.8, -0.1, 0.5,,,0,0,364,364,364,1684,-100,-100,-100,100,165.9,0,1.2,88,4.008,4.004,0,0,0,0,0.794,90.14,-3.784140212956,0,41,Motors_Started,
13000,2026-05-22 09:15:48,51.9888050087666,4.39002289383216,0,,,-3.784140212956,0.328084,0,0.194896987864,0.36503610092,24,5,8.1,0,0,0,0.194896987864,0,0,0,169.8, -0.1, 0.5,,,0,0,364,364,364,1684,-100,-100,-100,100,165.8,0,1.2,88,4.008,4.004,0,0,0,0,0.794,90.14,-3.784140212956,0,41,Motors_Started,
13100,2026-05-22 09:15:48,51.988805010397,4.39002289143959,0,,,-3.784140212956,0.328084,0,0.19567914012,0.36583662588,24,5,8.1,0,0,0,0.19567914012,0,0,0,170, -0.1, 0.5,,,0,0,364,364,364,1684,-100,-100,-100,100,165.8,0,1.2,88,4.008,4.004,0,0,0,0,0.794,90.14,-3.784140212956,0,41,Motors_Started,
13200,2026-05-22 09:15:48,51.9888054034964,4.39002189312358,0,,,-3.784140212956,0.328084,0,0.46180447672,0.63207351104,24,5,8.1,0,0,0,0.46180447672,0,0,0,170.1, -0.1, 0.5,,,0,0,364,364,364,1684,-100,-100,-100,100,165.8,0,1.2,88,4.008,4.004,0,0,0,0,0.794,90.14,-3.784140212956,0,41,Motors_Started,
13300,2026-05-22 09:15:48,51.9888054027185,4.39002188814998,0,,,-3.784140212956,0.328084,0,0.46257547412,0.63322508588,24,5,8.1,0,0,0,0.46257547412,0,0,0,170.3, -0.1, 0.5,,,0,0,364,364,364,1684,-100,-100,-100,100,165.8,0,1.3,88,4.008,4.004,0,0,0,0,0.794,90.14,-3.784140212956,0,41,Motors_Started,
13400,2026-05-22 09:15:49,51.988805600073,4.3900213842389,0,,,-3.784140212956,0.328084,0,0.59673230256,0.76740159936,24,5,8.1,0,0,0,0.59673230256,0,0,0,170.4, -0.1, 0.5,,,0,0,364,364,364,1684,-100,-100,-100,100,165.8,0,1.2,88,4.008,4.004,0,0,0,0,0.794,90.14,-3.784140212956,0,41,Motors_Started,
13500,2026-05-22 09:15:49,51.9888055964208,4.3900213722941,0,,,-3.784140212956,0.328084,0,0.59824805064,0.77039700628,24,5,8.1,0,0,0,0.59824805064,0,0,0,170.5, -0.1, 0.6,,,0,0,364,364,364,1684,-100,-100,-100,100,165.8,0,1.3,88,4.008,4.004,0,0,0,0,0.794,90.14,-3.784140212956,0,41,Motors_Started,
13600,2026-05-22 09:15:49,51.9888055969739,4.39002107475728,0,,,-3.784140212956,0.328084,0,0.65538716008,0.83724740212,23,5,8.1,0,0,0,0.65538716008,0,0,0,170.5, -0.1, 0.5,,,0,0,364,364,364,1684,-100,-100,-100,100,165.8,0,1.3,88,4.008,4.004,0,0,0,0,0.794,90.14,-3.784140212956,0,41,Motors_Started,
13700,2026-05-22 09:15:49,51.9888055949157,4.39002106003191,0,,,-3.784140212956,0.328084,0,0.65788716016,0.84064307152,23,5,8.1,0,0,0,0.65788716016,0,0,0,170.5, -0.1, 0.6,,,0,0,364,364,364,1684,-100,-100,-100,100,165.8,0,1.3,88,4.008,4.004,0,0,0,0,0.794,90.14,-3.784140212956,0,41,Motors_Started,
13800,2026-05-22 09:15:49,51.9888057953451,4.39002045937496,0,,,-3.784140212956,0.328084,0,0.811351732,0.99413717092,23,5,8.1,0,0,0,0.811351732,0,0,0,170.5, -0.1, 0.6,,,0,0,364,364,364,1684,-100,-100,-100,100,165.8,0,1.3,88,4.008,4.004,0,0,0,0,0.794,90.14,-3.784140212956,0,41,Motors_Started,
13900,2026-05-22 09:15:49,51.988805804432,4.39002046745235,0,,,-3.784140212956,0.328084,0,0.81141078712,0.9979166986,23,5,8.008,0,0,0,0.81141078712,0,0,0,170.7, 0, 0.5,,,0,0,364,364,364,1684,-100,-100,-100,100,165.8,0,1.2,88,4.041,4.039,0,0,0,0,2.145,90.32,-3.784140212956,0,41,Motors_Started,
14000,2026-05-22 09:15:49,51.9888059115562,4.39002019394186,0,,,-3.784140212956,0.328084,0,0.88416341412,1.07074478492,24,5,8.008,0,0,0,0.88416341412,0,0,0,170.6, 0, 0.6,,,0,0,364,364,364,1684,-100,-100,-100,100,165.8,0,1.2,88,4.041,4.039,0,0,0,0,2.145,90.32,-3.784140212956,0,41,Motors_Started,
14100,2026-05-22 09:15:49,51.9888058990651,4.39001999942371,0,,,-3.784140212956,0.328084,0,0.92011813968,1.11468507504,24,5,8.008,0,0,0,0.92011813968,0,0,0,170.5, -0.1, 0.6,,,0,0,364,364,364,1684,-100,-100,-100,100,165.8,0,1.3,88,4.041,4.039,0,0,0,0,2.145,90.32,-3.784140212956,0,41,Motors_Started,
14200,2026-05-22 09:15:49,51.9888058964383,4.39001999711569,0,,,-3.784140212956,0.328084,0,0.92011813968,1.11577431392,24,5,8.008,0,0,0,0.92011813968,0,0,0,170.3, 0, 0.5,,,0,0,364,364,364,1684,-100,-100,-100,100,165.8,0,1.2,88,4.041,4.039,0,0,0,0,2.145,90.32,-3.784140212956,0,41,Motors_Started,
14300,2026-05-22 09:15:49,51.9888057977937,4.3900195122906,0,,,-3.784140212956,0.328084,0,1.00247050452,1.2304954462,24,5,8.008,0,0,0,1.00247050452,0,0,0,170.2, -0.1, 0.5,,,0,0,364,364,364,1684,-100,-100,-100,100,165.8,0,1.2,88,4.041,4.039,0,0,0,0,2.145,90.32,-3.784140212956,0,10,Assisted_Takeoff,
14400,2026-05-22 09:15:50,51.9888057963357,4.39001952075142,0,,,-3.784140212956,0.328084,0,1.00051512388,1.23247051188,24,5,8.008,0,0,0,1.00247050452,0,0,0,170.2, -0.1, 0.5,,,0,0,364,364,364,1684,-100,-100,-100,100,165.8,0,1.2,88,4.041,4.039,0,0,0,0,2.145,90.32,-3.784140212956,0,10,Assisted_Takeoff,
14500,2026-05-22 09:15:50,51.9888057961338,4.39001952796456,0,,,-3.784140212956,0.328084,0,0.9989993758,1.23409452768,24,5,8.008,0,0,0,1.00247050452,0,0,0,170.3, -0.1, 0.5,,,0,0,364,364,364,1684,-100,-100,-100,100,165.8,0,1.2,88,4.041,4.039,0,0,0,0,2.145,90.32,-3.784140212956,0,10,Assisted_Takeoff,
14600,2026-05-22 09:15:50,51.9888056019095,4.39001912779598,0,,,-3.784140212956,0.328084,0,1.05791341968,1.3485728778,24,5,8.008,0,0,0,1.05791341968,0,0,0,170.3, -0.1, 0.5,,,0,0,364,364,364,1684,-100,-100,-100,100,165.8,0,1.2,88,4.041,4.039,0,0,0,0,2.145,90.32,-3.784140212956,0,10,Assisted_Takeoff,
14700,2026-05-22 09:15:50,51.9888054055065,4.3900191375545,0,,,-3.784140212956,0.328084,0,1.03578087304,1.42026251264,24,5,8.008,0,0,0,1.05791341968,0,0,0,170.4, 0, 0.3,,,0,0,364,364,364,1684,-100,-100,-100,100,165.8,0,1.2,88,4.041,4.039,0,0,0,0,2.145,90.32,-3.784140212956,0,10,Assisted_Takeoff,
14800,2026-05-22 09:15:50,51.988805408725,4.39001915985861,0,,,-3.784140212956,0.328084,0,1.03122050544,1.4254101506,24,5,8.008,0,0,0,1.05791341968,0,0,0,170.4, -0.1, 0.4,,,0,0,364,364,364,1684,-100,-100,-100,100,165.8,0,1.2,88,4.041,4.039,0,0,0,0,2.145,90.32,-3.784140212956,0,10,Assisted_Takeoff,
14900,2026-05-22 09:15:50,51.9888051989987,4.39001879371115,0,,,-3.784140212956,0.328084,0,1.09582680672,1.53775923556,24,5,8.083,0,0,0,1.09582680672,0,0,0,170.3, -0.1, 0.4,,,0,0,364,364,364,1684,-100,-100,-100,100,165.8,0,1.2,88,4.039,4.039,0,0,0,0,0.906,90.32,-3.784140212956,0,10,Assisted_Takeoff,
15000,2026-05-22 09:15:50,51.9888051982074,4.39001878212979,0,,,-3.784140212956,0.328084,0,1.09834649184,1.54037734588,24,5,8.083,0,0,0,1.09834649184,0,0,0,170.3, -0.1, 0.4,,,0,0,364,364,364,1684,-100,-100,-100,100,165.8,0,1.2,88,4.039,4.039,0,0,0,0,0.906,90.32,-3.784140212956,0,10,Assisted_Takeoff,
15100,2026-05-22 09:15:50,51.9888052016545,4.39001878152942,0,,,-3.784140212956,0.328084,0,1.0986876992,1.54164375012,24,5,8.083,0,0,0,1.0986876992,0,0,0,170.4, 0, 0.4,,,0,0,364,364,364,1684,-100,-100,-100,100,165.8,0,1.2,88,4.039,4.039,0,0,0,0,0.906,90.32,-3.784140212956,0,10,Assisted_Takeoff,
15200,2026-05-22 09:15:50,51.9888051067831,4.39001829539837,0,,,-3.784140212956,0.328084,0,1.2017880962,1.65622052544,24,5,8.083,0,0,0,1.2017880962,0,0,0,170.5, 0, 0.4,,,0,0,1024,1012,979,1024,0,-2,-7,0,165.8,0,1.2,88,4.039,4.039,0,0,0,0,0.906,90.32,-3.784140212956,0,10,Assisted_Takeoff,
15300,2026-05-22 09:15:51,51.988805107,4.39001828634587,0,,,-3.784140212956,0.328084,0,1.20381565532,1.65825792708,24,5,8.083,0,0,0,1.20381565532,0,0,0,170.6, 0, 0.5,,,0,0,1024,1024,1024,1024,0,0,0,0,165.8,0,1.2,88,4.039,4.039,0,0,0,0,0.906,90.32,-3.784140212956,0,10,Assisted_Takeoff,
15400,2026-05-22 09:15:51,51.9888051025087,4.39001778526905,0,,,-3.784140212956,0.328084,0,1.31543311296,1.7708497942,24,5,8.083,0,0,0,1.31543311296,0,0,0,170.7, 0, 0.4,,,0,0,1024,1024,1024,1024,0,0,0,0,165.8,0,1.2,88,4.039,4.039,0,0,0,0,0.906,90.32,-3.784140212956,0,10,Assisted_Takeoff,
15500,2026-05-22 09:15:51,51.9888051062745,4.39001770445429,0,,,-3.784140212956,0.328084,0,1.33363193244,1.7890584562,24,5,8.083,0,0,0,1.33363193244,0,0,0,170.7, 0, 0.4,,,0,0,1024,1024,1024,1024,0,0,0,0,165.8,0,1.2,88,4.039,4.039,0,0,0,0,0.906,90.32,-3.784140212956,0,10,Assisted_Takeoff,
15600,2026-05-22 09:15:51,51.9888051107485,4.39001770633322,0,,,-3.784140212956,0.328084,0,1.33339571196,1.79074480796,24,5,8.083,0,0,0,1.33363193244,0,0,0,170.9, 0, 0.4,,,0,0,1024,1024,1024,1024,0,0,0,0,165.9,0,1.2,88,4.039,4.039,0,0,0,0,0.906,90.32,-3.784140212956,0,10,Assisted_Takeoff,
15700,2026-05-22 09:15:51,51.9888051142032,4.39001770973502,0,,,-3.784140212956,0.328084,0,1.3327756332,1.79222118596,24,5,8.083,0,0,0,1.33363193244,0,0,0,170.9, 0, 0.4,,,0,0,1024,1024,1024,1024,0,0,0,0,165.8,0,1.2,88,4.039,4.039,0,0,0,0,0.906,90.32,-3.784140212956,0,10,Assisted_Takeoff,
15800,2026-05-22 09:15:51,51.9888051067987,4.39001731355993,0,,,-3.784140212956,0.328084,0,1.42097117408,1.88127302608,24,5,8.083,0,0,0,1.42097117408,0,0,0,170.9, 0, 0.4,,,0,0,1024,1024,1024,1024,0,0,0,0,165.9,0,1.2,88,4.039,4.039,0,0,0,0,0.906,90.32,-3.784140212956,0,10,Assisted_Takeoff,
15900,2026-05-22 09:15:51,51.9888051076409,4.39001732069481,0,,,-3.784140212956,0.328084,0,1.41940949424,1.8829068844,24,5,8.079,0,0,0,1.42097117408,0,0,0,170.9, 0, 0.4,,,0,0,1024,1024,1024,1024,0,0,0,0,165.9,0,1.2,88,4.041,4.04,0,0,0,0,0.979,90.5,-3.784140212956,0,10,Assisted_Takeoff,
16000,2026-05-22 09:15:51,51.9888050012015,4.39001751341316,0,,,-3.784140212956,0.328084,0,1.37271657936,1.94106961592,24,5,8.079,0,0,0,1.42097117408,0,0,0,170.8, 0, 0.4,,,0,0,1024,1024,1024,1024,0,0,0,0,165.9,0,1.2,88,4.041,4.04,0,0,0,0,0.979,90.5,-3.784140212956,0,10,Assisted_Takeoff,
16100,2026-05-22 09:15:51,51.988805001149,4.39001750878322,0,,,-3.784140212956,0.328084,0,1.3737533248,1.9421096422,24,5,8.079,0,0,0,1.42097117408,0,0,0,170.8, 0, 0.4,,,0,0,1024,1024,1024,1024,0,0,0,0,165.9,0,1.2,88,4.041,4.04,0,0,0,0,0.979,90.5,-3.784140212956,0,10,Assisted_Takeoff,
16200,2026-05-22 09:15:51,51.9888049989864,4.39001789295004,0,,,-3.784140212956,0.328084,0,1.2876640832,2.0284285426,24,5,8.079,0,0,0,1.42097117408,0,0,0,170.8, 0, 0.4,,,0,0,1024,1024,1024,1024,0,0,0,0,165.9,0,1.2,88,4.041,4.04,0,0,0,0,0.979,90.5,-3.784140212956,0,10,Assisted_Takeoff,
16300,2026-05-22 09:15:52,51.9888049998399,4.39001789821861,0,,,-3.784140212956,0.328084,0,1.28650922752,2.02965229592,24,5,8.079,0,0,0,1.42097117408,0,0,0,170.8, 0, 0.4,,,0,0,1024,1024,1024,1024,0,0,0,0,165.9,0,1.2,88,4.041,4.04,0,0,0,0,0.979,90.5,-3.784140212956,0,10,Assisted_Takeoff,
16400,2026-05-22 09:15:52,51.9888049022651,4.39001820906638,0,,,-3.784140212956,0.328084,0,1.21426841156,2.10804140604,24,5,8.079,0,0,0,1.42097117408,0,0,0,170.8, 0, 0.4,,,0,0,1024,1024,1024,1024,0,0,0,0,165.9,0,1.2,88,4.041,4.04,0,0,0,0,0.979,90.5,-3.784140212956,0,10,Assisted_Takeoff,
16500,2026-05-22 09:15:52,51.9888050006478,4.39001809560036,0,,,-3.784140212956,0.328084,0,1.24235240196,2.15207027884,25,5,8.079,0,0,0,1.42097117408,0,0,0,170.7, 0, 0.5,,,0,0,1024,1024,1024,1024,0,0,0,0,165.9,0,1.2,88,4.041,4.04,0,0,0,0,0.979,90.5,-3.784140212956,0,10,Assisted_Takeoff,
16600,2026-05-22 09:15:52,51.988804996571,4.39001808304911,0,,,-3.784140212956,0.328084,0,1.24503284824,2.15525925532,25,5,8.079,0,0,0,1.42097117408,0,0,0,170.7, 0, 0.5,,,0,0,1024,1024,1024,1024,0,0,0,0,165.9,0,1.2,88,4.041,4.04,0,0,0,0,0.979,90.5,-3.784140212956,0,10,Assisted_Takeoff,
16700,2026-05-22 09:15:52,51.9888051956111,4.39001819229428,0,,,-3.784140212956,0.328084,0,1.22911093172,2.23191280108,25,5,8.079,0,0,0,1.42097117408,0,0,0,170.7, 0, 0.5,,,0,0,1024,1024,1141,1024,0,0,18,0,166,0,1.2,88,4.041,4.04,0,0,0,0,0.979,90.5,-3.784140212956,0,10,Assisted_Takeoff,
16800,2026-05-22 09:15:52,51.9888051952266,4.3900181918778,0,,,-3.784140212956,0.328084,0,1.2291831102,2.23208340476,25,5,8.079,0,0,0,1.42097117408,0,0,0,170.7, 0, 0.4,,,0,0,1024,1024,1684,1024,0,0,100,0,165.9,0,1.2,88,4.041,4.04,0,0,0,0,0.979,90.5,-3.784140212956,0,10,Assisted_Takeoff,
16900,2026-05-22 09:15:52,51.9888052970966,4.3900179008305,0,,,-3.784140212956,0.328084,0,1.29959977912,2.3072999426,25,5,8.083,0,0,0,1.42097117408,0,0,0,170.6, 0, 0.4,,,0,0,1024,1024,1684,1024,0,0,100,0,166,0,1.2,88,4.042,4.041,0,0,0,0,0.925,90.5,-3.784140212956,0,10,Assisted_Takeoff,
17000,2026-05-22 09:15:52,51.9888052917969,4.39001789277876,0,,,-3.784140212956,0.328084,0,1.30105975292,2.30994758048,25,5,8.083,0,0,0,1.42097117408,0,0,0,170.5, -0.1, 0.4,,,0,0,1024,1024,1684,1024,0,0,100,0,165.9,0,1.1,88,4.042,4.041,0,0,0,0,0.925,90.5,-3.784140212956,0,10,Assisted_Takeoff,
17100,2026-05-22 09:15:52,51.9888052886336,4.3900178851022,0,,,-3.784140212956,0.328084,0,1.30257222016,2.31202107136,25,5,8.083,0,0,0,1.42097117408,0,0,0,170.4, -0.1, 0.3,,,0,0,1024,1024,1684,1024,0,0,100,0,165.9,0,0.6,88,4.042,4.041,0,0,0,0,0.925,90.5,-3.784140212956,0,10,Assisted_Takeoff,
17200,2026-05-22 09:15:52,51.9888053925645,4.39001787429249,0,,,-3.784140212956,0.328084,0,1.31172248292,2.35001976024,25,5,8.083,0,0,0,1.42097117408,0,0,0,170.4, -0.2, -0.2,,,0,0,1024,1024,1684,1024,0,0,100,0,165.7,0,0,88,4.042,4.041,0,0,0,0,0.925,90.5,-3.784140212956,0,10,Assisted_Takeoff,
17300,2026-05-22 09:15:53,51.9888054034499,4.39001785939671,0,,,-3.784140212956,0.328084,0,1.31577432032,2.35521332996,25,5,8.083,0,0,0,1.42097117408,0,0,-0.223694,170.1, 0.2, -0.9,,,0,0,1024,1024,1684,1024,0,0,100,0,165.6,0,-0.3,88,4.042,4.041,0,0,0,0,0.925,90.5,-3.784140212956,0,10,Assisted_Takeoff,
17400,2026-05-22 09:15:53,51.9888057367237,4.39001818926243,0,,,-3.784140212956,0.328084,0,1.27377300664,2.49761490932,25,5,8.083,0,0,0,1.42097117408,0,0,-0.447388,170.2, 0.2, -0.9,,,0,0,1024,1024,1684,1024,0,0,100,0,165.7,0,-0.5,88,4.042,4.041,0,0,0,0,0.925,90.5,-3.784140212956,0,10,Assisted_Takeoff,
17500,2026-05-22 09:15:53,51.9888057855001,4.39001824015129,0.328084,,,-3.456056212956,0.328084,0,1.268290723,2.5187664848,25,5,8.083,0,0.328084,0,1.42097117408,0,0,-0.671082,170.4, 0.4, -0.7,,,0,0,1024,1024,1684,1024,0,0,100,0,166,0,0.4,88,4.042,4.041,0,0,0,0,0.925,90.5,-3.456056212956,0.328084,6,P-GPS,
17600,2026-05-22 09:15:53,51.9888059333634,4.39001817993083,0.328084,,,-3.456056212956,0.328084,0,1.2988189392,2.57438656532,24,5,8.083,0,0.328084,0,1.42097117408,0,0,-0.894776,170.6, -0.4, 0.4,,,0,0,1024,1024,1684,1024,0,0,100,0,166,0,1.6,88,4.042,4.041,0,0,0,0,0.925,90.5,-3.456056212956,0.328084,6,P-GPS,
17700,2026-05-22 09:15:53,51.988806004008,4.39001831735862,0.656168,,,-3.127972212956,0.328084,0,1.27923888608,2.61460638288,24,5,8.083,0,0.656168,0,1.42097117408,0,0,-1.565858,170.5, -0.5, 1.4,,,0,0,1024,1024,1684,1024,0,0,100,0,165.9,0,2.2,88,4.042,4.041,0,0,0,0,0.925,90.5,-3.127972212956,0.656168,6,P-GPS,
17800,2026-05-22 09:15:53,51.9888060852145,4.39001851109728,0.984252,,,-2.799888212956,0.656168,0.223694,1.25059387204,2.66726058404,24,5,8.083,0,0.984252,0.223694,1.42097117408,0.223694,0,-2.460634,170.5, -1, 1.7,,,0,0,1024,1024,1684,1024,0,0,100,0,165.9,0,2,88,4.042,4.041,0,0,0,0,0.925,90.5,-2.799888212956,0.984252,6,P-GPS,
17900,2026-05-22 09:15:53,51.9888062436039,4.39001837081589,1.312336,,,-2.471804212956,1.312336,0.223694,1.30337274512,2.7330873578,24,5,8.063,0,1.312336,0.223694,1.42097117408,0.223694,0,-3.131716,170.4, -1.8, 1.3,,,0,0,1024,1024,1684,1024,0,0,100,0,165.9,0,1.2,88,3.868,3.862,0,0,0,0,1.191,90.5,-2.471804212956,1.312336,6,P-GPS,
18000,2026-05-22 09:15:53,51.9888063472259,4.39001834033396,1.968504,,,-1.815636212956,1.64042,0.223694,1.32623363824,2.77150927504,24,5,8.063,0,1.968504,0.223694,1.42097117408,0.223694,0,-3.579104,170.4, -2.6, 0.5,,,0,0,1024,1024,1684,1024,0,0,100,0,165.9,0,0.9,88,3.868,3.862,0,0,0,0,1.191,90.5,-1.815636212956,1.968504,6,P-GPS,
18100,2026-05-22 09:15:53,51.9888064266784,4.39001838269939,2.624672,,,-1.159468212956,2.296588,0.223694,1.33121067252,2.80202108704,24,5,8.063,0,2.624672,0.223694,1.42097117408,0,0,-4.026492,170.4, -2.8, 0.4,,,0,0,1024,1024,1684,1024,0,0,100,0,165.9,0,0.8,88,3.868,3.862,0,0,0,0,1.191,90.5,-1.159468212956,2.624672,6,P-GPS,
18200,2026-05-22 09:15:53,51.9888067831574,4.39001844812582,3.28084,,,-0.503300212956,3.28084,0,1.385088627,2.93291019884,26,5,8.063,0,3.28084,0.223694,1.42097117408,0,0,-4.47388,170.5, -2.9, 0,,,0,0,1024,1024,1684,1024,0,0,100,0,165.9,0,0.1,88,3.868,3.862,0,0,0,0,1.191,90.5,-0.503300212956,3.28084,6,P-GPS,
18300,2026-05-22 09:15:53,51.9888068264054,4.39001841348955,3.937008,,,0.152867787044,3.937008,0,1.40027563536,2.95050206292,26,5,8.063,0.152867787044,3.937008,0.223694,1.42097117408,0,0,-4.47388,170.5, -2.6, -0.5,,,0,0,1024,1024,1196,1024,0,0,26,0,165.9,0,0,88,3.868,3.862,0,0,0,0,1.191,90.5,0.152867787044,3.937008,6,P-GPS,
18400,2026-05-22 09:15:54,51.9888073161255,4.39001759054136,4.593176,,,0.809035787044,4.593176,0,1.6538222314,3.20762477456,26,5,8.063,0.809035787044,4.593176,0.223694,1.6538222314,0,0,-4.47388,170.6, -2.8, -0.6,,,0,0,1024,1024,1024,1024,0,0,0,0,165.9,0,-0.5,88,3.868,3.862,0,0,0,0,1.191,90.5,0.809035787044,4.593176,6,P-GPS,
18500,2026-05-22 09:15:54,51.9888073726293,4.39001748066886,5.249344,,,1.465203787044,5.249344,0,1.68588259988,3.23978684908,26,5,8.063,1.465203787044,5.249344,0.223694,1.68588259988,0,0,-4.026492,170.5, -3.5, -1.1,,,0,0,1024,1024,1024,1024,0,0,0,0,165.9,0,-0.7,88,3.868,3.862,0,0,0,0,1.191,90.5,1.465203787044,5.249344,6,P-GPS,
18600,2026-05-22 09:15:54,51.9888076432799,4.3900167336364,5.905512,,,2.121371787044,5.577428,0,1.87999349848,3.4345145456,28,5,8.063,2.121371787044,5.905512,0.223694,1.87999349848,0,0,-3.131716,170.5, -4.2, -1.4,,,0,0,1024,1024,1024,1024,0,0,0,0,165.8,0,-1.1,88,3.868,3.862,0,0,0,0,1.191,90.5,2.121371787044,5.905512,6,P-GPS,
18700,2026-05-22 09:15:54,51.9888077159002,4.39001663754415,6.233596,,,2.449455787044,5.905512,0,1.91287079612,3.4687008984,28,5,8.063,2.449455787044,6.233596,0.223694,1.91287079612,0,0,-2.23694,170.5, -4.5, -1.6,,,0,0,1024,1024,1024,1024,0,0,0,0,165.8,0,-1,88,3.868,3.862,0,0,0,0,1.191,90.5,2.449455787044,6.233596,6,P-GPS,
18800,2026-05-22 09:15:54,51.9888079887884,4.39001698819068,6.56168,,,2.777539787044,6.233596,0,1.909858985,3.5956694064,28,5,8.063,2.777539787044,6.56168,0.223694,1.91287079612,0,0,-1.342164,170.5, -4.6, -1.2,,,0,0,1024,1024,1024,1024,0,0,0,0,165.8,0,-0.6,88,3.868,3.862,0,0,0,0,1.191,90.5,2.777539787044,6.56168,6,P-GPS,"Home Point updated (Code: 30800)"
18900,2026-05-22 09:15:54,51.9888080832325,4.39001696163007,6.56168,,,2.777539787044,6.56168,0.223694,1.93627630868,3.6306431608,28,5,7.695,2.777539787044,6.56168,0.223694,1.93627630868,0.223694,0,-0.671082,170.5, -5.2, -1.2,,,0,0,1024,1024,1024,1024,0,0,0,0,165.8,0,-0.5,88,3.97,3.97,0,0,0,0,7.674,90.5,2.777539787044,6.56168,6,P-GPS,
19000,2026-05-22 09:15:54,51.9888079031398,4.39001789392603,6.889764,,,3.105623787044,6.56168,0,1.73494756208,3.8501641652,27,5,7.695,3.105623787044,6.889764,0.223694,1.93627630868,0,0,-0.223694,170.5, -5.6, -0.6,,,0,0,1024,1024,1024,1024,0,0,0,0,165.9,0,0.1,88,3.97,3.97,0,0,0,0,7.674,90.5,3.105623787044,6.889764,6,P-GPS,
19100,2026-05-22 09:15:54,51.9888079390193,4.39001798919314,6.889764,,,3.105623787044,6.56168,0,1.728100449,3.8752625912,27,5,7.695,3.105623787044,6.889764,0.223694,1.93627630868,0,0,0,170.5, -5.7, -0.1,,,0,0,1024,1024,1024,1122,0,0,0,15,165.9,0,0.4,88,3.97,3.97,0,0,0,0,7.674,90.5,3.105623787044,6.889764,6,P-GPS,
19200,2026-05-22 09:15:54,51.9888074805144,4.39001916631487,6.889764,,,3.105623787044,6.56168,0,1.421916056,4.1881891104,27,5,7.695,3.105623787044,6.889764,0.223694,1.93627630868,0,0,0,170.6, -5.9, 0.5,,,0,0,1024,1024,1024,1024,0,0,0,0,166.3,0,2.2,88,3.97,3.97,0,0,0,0,7.674,90.5,3.105623787044,6.889764,6,P-GPS,
19300,2026-05-22 09:15:54,51.9888074896227,4.39001938946558,6.889764,,,3.105623787044,6.56168,0,1.38965227544,4.2384515792,27,5,7.695,3.105623787044,6.889764,0.223694,1.93627630868,0,0,0,170.7, -6, 2.3,,,0,0,1024,1024,1024,1024,0,0,0,0,166.4,0,2.7,88,3.97,3.97,0,0,0,0,7.674,90.5,3.105623787044,6.889764,6,P-GPS,
19400,2026-05-22 09:15:55,51.9888071195651,4.39002057736485,6.889764,,,3.105623787044,6.56168,0,1.1137795632,4.537565762,27,5,7.695,3.105623787044,6.889764,0.223694,1.93627630868,0,0,0,170.7, -5.6, 1.9,,,0,0,1024,1024,1024,1024,0,0,0,0,166.2,0,1.6,88,3.97,3.97,0,0,0,0,7.674,90.5,3.105623787044,6.889764,6,P-GPS,
19500,2026-05-22 09:15:55,51.9888071358878,4.39002080717484,6.889764,,,3.105623787044,6.56168,0,1.08788717392,4.5895342676,27,5,7.695,3.105623787044,6.889764,0.223694,1.93627630868,0,0,0,170.6, -5.4, 0.9,,,0,0,1024,1024,1024,1024,0,0,0,0,166.2,0,1.8,88,3.97,3.97,0,0,0,0,7.674,90.5,3.105623787044,6.889764,6,P-GPS,
19600,2026-05-22 09:15:55,51.9888069276105,4.3900218944593,6.889764,,,3.105623787044,6.233596,0,0.8983268004,4.8453741708,26,5,7.695,3.105623787044,6.889764,0.223694,1.93627630868,0,0,0,170.6, -5.4, 1.6,,,0,0,1024,1024,1024,1024,0,0,0,0,166.3,0,2.2,88,3.97,3.97,0,0,0,0,7.674,90.5,3.105623787044,6.889764,6,P-GPS,
19700,2026-05-22 09:15:55,51.988806919323,4.39002200624203,6.889764,,,3.105623787044,6.233596,0,0.88511813856,4.8706694472,26,5,7.695,3.105623787044,6.889764,0.223694,1.93627630868,0,0,0,170.6, -5.3, 1.5,,,0,0,1024,1024,1024,1024,0,0,0,0,166.2,0,2,88,3.97,3.97,0,0,0,0,7.674,90.5,3.105623787044,6.889764,6,P-GPS,
19800,2026-05-22 09:15:55,51.9888068746234,4.39002268524162,6.889764,,,3.105623787044,6.56168,0,0.81918965876,5.0240815256,26,5,7.695,3.105623787044,6.889764,0.223694,1.93627630868,0,0,0,170.6, -4.7, 1.8,,,0,0,1024,1024,1024,1024,0,0,0,0,166.2,0,2.5,88,3.97,3.97,0,0,0,0,7.674,90.5,3.105623787044,6.889764,6,P-GPS,
19900,2026-05-22 09:15:55,51.9888068240318,4.39002281620814,6.56168,,,2.777539787044,6.233596,0,0.79427167896,5.0588256212,26,5,7.842,3.105623787044,6.889764,0.223694,1.93627630868,0,0,0,170.7, -4.1, 1.8,,,0,0,1024,1362,1024,1024,0,51,0,0,166.3,0,2.5,88,3.904,3.901,0,0,0,0,3.548,90.5,2.777539787044,6.56168,6,P-GPS,
20000,2026-05-22 09:15:55,51.9888066693697,4.39002326028742,6.56168,,,2.777539787044,6.233596,0,0.72202102048,5.1734581708,26,5,7.842,3.105623787044,6.889764,0.223694,1.93627630868,0,0,0,170.7, -3.6, 2.3,,,0,0,1024,1684,1024,1024,0,100,0,0,166.3,0,5.1,88,3.904,3.901,0,0,0,0,3.548,90.5,2.777539787044,6.56168,6,P-GPS,
20100,2026-05-22 09:15:55,51.9888066231767,4.39002323802656,6.889764,,,3.105623787044,6.233596,0.223694,0.70583007508,5.1910434732,26,5,7.842,3.105623787044,6.889764,0.223694,1.93627630868,0,-0.223694,0,170.4, -4.4, 7.7,,,0,0,1024,1684,1024,1024,0,100,0,0,166.8,0,12,88,3.904,3.901,0,0,0,0,3.548,90.5,3.105623787044,6.889764,6,P-GPS,
20200,2026-05-22 09:15:55,51.9888064829739,4.39002340239589,6.889764,,,3.105623787044,6.233596,0.671082,0.65145015208,5.2541340264,26,5,7.842,3.105623787044,6.889764,0.671082,1.93627630868,0,-0.671082,0,170.2, -5.4, 12.2,,,0,0,1024,1390,1024,1024,0,55,0,0,166.9,0,12.7,88,3.904,3.901,0,0,0,0,3.548,90.5,3.105623787044,6.889764,6,P-GPS,
20300,2026-05-22 09:15:55,51.9888064137493,4.3900227888963,6.889764,,,3.105623787044,6.233596,1.11847,0.65089897096,5.3942587028,26,5,7.842,3.105623787044,6.889764,1.11847,1.93627630868,0,-1.11847,0,170.2, -6.1, 11.4,,,0,0,1024,1024,1024,1024,0,0,0,0,166.7,0,6.8,88,3.904,3.901,0,0,0,0,3.548,90.5,3.105623787044,6.889764,6,P-GPS,
20400,2026-05-22 09:15:56,51.98880618045,4.39002213910944,6.889764,,,3.105623787044,6.233596,1.5882274,0.6319389966,5.5632547712,27,5,7.842,3.105623787044,6.889764,1.5882274,1.93627630868,-0.223694,-1.565858,0,170.7, -5.8, 1.6,,,0,0,1024,1024,1024,1024,0,0,0,0,166,0,-2.3,88,3.904,3.901,0,0,0,0,3.548,90.5,3.105623787044,6.889764,6,P-GPS,
20500,2026-05-22 09:15:56,51.9888059993315,4.39002098385448,6.889764,,,3.105623787044,6.233596,1.5882274,0.75538716328,5.8311025488,27,5,7.842,3.105623787044,6.889764,1.5882274,1.93627630868,-0.223694,-1.565858,0,170.9, -5, -3.7,,,0,0,1024,1024,1024,1024,0,0,0,0,166.1,0,-2.9,88,3.904,3.901,0,0,0,0,3.548,90.5,3.105623787044,6.889764,6,P-GPS,
20600,2026-05-22 09:15:56,51.988805389368,4.39002163405956,6.889764,,,3.105623787044,6.233596,1.3645334,0.50870408452,6.0973099064,26,5,7.842,3.105623787044,6.889764,1.5882274,1.93627630868,-0.223694,-1.342164,0,171, -4.7, -3.5,,,0,0,1024,1024,1024,1024,0,0,0,0,166,0,-3.7,88,3.904,3.901,0,0,0,0,3.548,90.5,3.105623787044,6.889764,6,P-GPS,
20700,2026-05-22 09:15:56,51.988805301763,4.39002085910533,6.889764,,,3.105623787044,6.233596,1.3645334,0.65435697632,6.2743440328,26,5,7.842,3.105623787044,6.889764,1.5882274,1.93627630868,-0.223694,-1.342164,0,170.9, -4.9, -5.1,,,0,0,1024,1024,1024,1024,0,0,0,0,165.8,0,-4.8,88,3.904,3.901,0,0,0,0,3.548,90.5,3.105623787044,6.889764,6,P-GPS,
20800,2026-05-22 09:15:56,51.9888047556451,4.39002209909853,6.889764,,,3.105623787044,6.233596,1.1408394,0.33862205808,6.6168637288,26,5,7.842,3.105623787044,6.889764,1.5882274,1.93627630868,-0.223694,-1.11847,0,170.9, -4.8, -5.7,,,0,0,1024,1024,963,1684,0,0,-9,100,167.2,0,-5.1,88,3.904,3.901,0,0,0,0,3.548,90.5,3.105623787044,6.889764,6,P-GPS,
20900,2026-05-22 09:15:56,51.9888046703505,4.39002147111497,6.889764,,,3.105623787044,6.233596,0.894776,0.47928479224,6.7613519224,26,5,7.813,3.105623787044,6.889764,1.5882274,1.93627630868,0,-0.894776,0,174.4, -4.9, -5.9,,,0,0,1024,1024,1001,1684,0,0,-3,100,172.7,0.1,-5,88,3.908,3.906,0,0,0,0,4.91,90.68,3.105623787044,6.889764,6,P-GPS,
21000,2026-05-22 09:15:56,51.9888039918964,4.39002266507944,6.889764,,,3.105623787044,6.233596,0.894776,0.333989512,7.1263453724,26,5,7.813,3.105623787044,6.889764,1.5882274,1.93627630868,0,-0.894776,0,180.1, -4.8, -5.6,,,0,0,1024,1024,1003,1684,0,0,-3,100,178.6,0.1,-4.8,88,3.908,3.906,0,0,0,0,4.91,90.68,3.105623787044,6.889764,6,P-GPS,
21100,2026-05-22 09:15:56,51.9888039170963,4.39002212482163,6.889764,,,3.105623787044,6.233596,0.671082,0.43858925288,7.2507548252,26,5,7.813,3.105623787044,6.889764,1.5882274,1.93627630868,0,-0.671082,0,185.9, -4, -5.7,,,0,0,1024,1024,1024,1024,0,0,0,0,183,0,-4.9,88,3.908,3.906,0,0,0,0,4.91,90.68,3.105623787044,6.889764,6,P-GPS,
21200,2026-05-22 09:15:56,51.9888035186821,4.39002274953446,6.889764,,,3.105623787044,6.233596,0.671082,0.47238190488,7.4528217608,26,5,7.813,3.105623787044,6.889764,1.5882274,1.93627630868,0,-0.671082,0,187.7, -3, -5.8,,,0,0,1024,1024,1024,1024,0,0,0,0,182.8,0,-5.5,88,3.908,3.906,0,0,0,0,4.91,90.68,3.105623787044,6.889764,6,P-GPS,
21300,2026-05-22 09:15:56,51.9888033186408,4.3900230305798,6.889764,,,3.105623787044,6.233596,0.671082,0.52079397992,7.5493440736,26,5,7.813,3.105623787044,6.889764,1.5882274,1.93627630868,0,-0.671082,0,187.3, -1.6, -6.8,,,0,0,1024,1024,1024,1024,0,0,0,0,182.5,0,-6.4,88,3.908,3.906,0,0,0,0,4.91,90.68,3.105623787044,6.889764,6,P-GPS,
21400,2026-05-22 09:15:57,51.9888032980898,4.39002255080503,6.889764,,,3.105623787044,6.233596,0.447388,0.56412075296,7.6574149432,26,5,7.813,3.105623787044,6.889764,1.5882274,1.93627630868,0,-0.447388,0,187, -0.7, -7.2,,,0,0,1024,1024,1024,1024,0,0,0,0,182.4,0,-6.4,88,3.908,3.906,0,0,0,0,4.91,90.68,3.105623787044,6.889764,6,P-GPS,
21500,2026-05-22 09:15:57,51.9888033305381,4.39002213809781,6.889764,,,3.105623787044,6.233596,0.447388,0.59893046536,7.7508860748,26,5,7.813,3.105623787044,6.889764,1.5882274,1.93627630868,0,-0.447388,0,187, -1.4, -7.2,,,0,0,1024,1024,1024,1024,0,0,0,0,182.3,0,-6.5,88,3.908,3.906,0,0,0,0,4.91,90.68,3.105623787044,6.889764,6,P-GPS,
21600,2026-05-22 09:15:57,51.9888033989291,4.39002242771439,6.889764,,,3.105623787044,6.233596,0.447388,0.5438320384,7.8205711164,27,5,7.813,3.105623787044,6.889764,1.5882274,1.93627630868,0,-0.447388,0,187.1, -2.4, -7.5,,,0,0,1024,1024,1024,1024,0,0,0,0,182.2,0,-6.6,88,3.908,3.906,0,0,0,0,4.91,90.68,3.105623787044,6.889764,6,P-GPS,
21700,2026-05-22 09:15:57,51.9888034947653,4.39002220813808,6.889764,,,3.105623787044,6.233596,0.3131716,0.54059056848,7.8810369976,27,5,7.813,3.105623787044,6.889764,1.5882274,1.93627630868,0.223694,-0.223694,0,187, -3.2, -7.3,,,0,0,1024,1024,1024,1024,0,0,0,0,182.2,0,-6.1,88,3.908,3.906,0,0,0,0,4.91,90.68,3.105623787044,6.889764,6,P-GPS,
21800,2026-05-22 09:15:57,51.9888036325196,4.39002282564843,6.889764,,,3.105623787044,6.233596,0.223694,0.42748360948,8.0286091808,28,5,7.813,3.105623787044,6.889764,1.5882274,1.93627630868,0.223694,0,0,187.1, -3.6, -6.9,,,0,0,1024,1024,1024,1024,0,0,0,0,182.3,0,-5.6,88,3.908,3.906,0,0,0,0,4.91,90.68,3.105623787044,6.889764,6,P-GPS,
21900,2026-05-22 09:15:57,51.9888037199849,4.39002281297675,6.889764,,,3.105623787044,6.233596,0,0.39983268996,8.0606301792,28,5,7.797,3.105623787044,6.889764,1.5882274,1.93627630868,0,0,0,187.2, -4.1, -6,,,0,0,1024,1024,1024,1024,0,0,0,0,182.3,0,-5.4,88,3.901,3.897,0,0,0,0,5.063,90.86,3.105623787044,6.889764,6,P-GPS,
22000,2026-05-22 09:15:57,51.9888038086002,4.39002357799902,6.889764,,,3.105623787044,6.233596,0,0.32591536476,8.2355317596,28,5,7.797,3.105623787044,6.889764,1.5882274,1.93627630868,0,0,0,187.1, -3.3, -6.2,,,0,0,1024,1024,1024,1024,0,0,0,0,182.4,0,-4.9,88,3.901,3.897,0,0,0,0,5.063,90.86,3.105623787044,6.889764,6,P-GPS,
22100,2026-05-22 09:15:57,51.9888039192701,4.39002409256873,6.889764,,,3.105623787044,6.233596,0,0.305888133148,8.3580055168,28,5,7.797,3.105623787044,6.889764,1.5882274,1.93627630868,0,0,0,187.3, -4, -5,,,0,0,1024,1024,1024,1024,0,0,0,0,182.7,0,-3.3,88,3.901,3.897,0,0,0,0,5.063,90.86,3.105623787044,6.889764,6,P-GPS,
22200,2026-05-22 09:15:57,51.9888039901648,4.39002416168823,6.889764,,,3.105623787044,6.233596,0,0.288306767756,8.3881892448,28,5,7.797,3.105623787044,6.889764,1.5882274,1.93627630868,0,0,0,187.4, -4.7, -4.3,,,0,0,1024,1024,1024,1024,0,0,0,0,182.4,0,-4.3,88,3.901,3.897,0,0,0,0,5.063,90.86,3.105623787044,6.889764,6,P-GPS,
22300,2026-05-22 09:15:58,51.9888040372722,4.39002418956696,6.889764,,,3.105623787044,6.233596,0,0.275865166308,8.4064635236,28,5,7.797,3.105623787044,6.889764,1.5882274,1.93627630868,0,0,0,187.1, -4.4, -5.8,,,0,0,1024,1024,1024,1024,0,0,0,0,182.3,0,-4.9,88,3.901,3.897,0,0,0,0,5.063,90.86,3.105623787044,6.889764,6,P-GPS,
22400,2026-05-22 09:15:58,51.9888042049048,4.39002479592417,6.889764,,,3.105623787044,6.233596,0,0.323441939484,8.5558073604,29,5,7.797,3.105623787044,6.889764,1.5882274,1.93627630868,0,0,0,187.1, -4, -5.6,,,0,0,1024,1024,1024,1024,0,0,0,0,182.3,0,-4.5,88,3.901,3.897,0,0,0,0,5.063,90.86,3.105623787044,6.889764,6,P-GPS,
22500,2026-05-22 09:15:58,51.9888042177948,4.39002483211418,6.889764,,,3.105623787044,6.233596,0,0.3276492887,8.5651905628,29,5,7.797,3.105623787044,6.889764,1.5882274,1.93627630868,0,0,0,187.1, -3.9, -5.2,,,0,0,1024,904,1024,1024,0,-18,0,0,182.4,0,-4,88,3.901,3.897,0,0,0,0,5.063,90.86,3.105623787044,6.889764,6,P-GPS,
22600,2026-05-22 09:15:58,51.9888043290323,4.39002520354368,6.889764,,,3.105623787044,6.233596,0,0.3843175976,8.6580055264,27,5,7.797,3.105623787044,6.889764,1.5882274,1.93627630868,0,0,0,187.1, -3.8, -4.7,,,0,0,1024,364,1024,1024,0,-100,0,0,182.4,0,-3.5,88,3.901,3.897,0,0,0,0,5.063,90.86,3.105623787044,6.889764,6,P-GPS,
22700,2026-05-22 09:15:58,51.988804324041,4.39002524765805,6.889764,,,3.105623787044,6.233596,0,0.39423557692,8.6680777052,27,5,7.797,3.105623787044,6.889764,1.5882274,1.93627630868,0,0,0,187.1, -3.5, -5.1,,,0,0,1024,364,1024,1024,0,-100,0,0,182.2,0,-8.8,88,3.901,3.897,0,0,0,0,5.063,90.86,3.105623787044,6.889764,6,P-GPS,
22800,2026-05-22 09:15:58,51.9888043899491,4.39002563103496,6.889764,,,3.105623787044,6.233596,0,0.46949476568,8.7575134036,27,5,7.797,3.105623787044,6.889764,1.5882274,1.93627630868,0,0,0,187.3, -3.2, -13.3,,,0,0,1024,364,1024,1024,0,-100,0,0,182,0,-15.2,88,3.901,3.897,0,0,0,0,5.063,90.86,3.105623787044,6.889764,6,P-GPS,
22900,2026-05-22 09:15:58,51.9888043697611,4.39002588066369,6.889764,,,3.105623787044,6.233596,0.447388,0.52573492496,8.8140750852,27,5,7.81,3.105623787044,6.889764,1.5882274,1.93627630868,0,0.447388,0,187.4, -3.3, -16.9,,,0,0,1024,364,1024,1024,0,-100,0,0,182,0,-16.3,88,3.905,3.901,0,0,0,0,4.673,91.04,3.105623787044,6.889764,6,P-GPS,
23000,2026-05-22 09:15:58,51.9888045350142,4.39002641521473,6.889764,,,3.105623787044,6.233596,0.894776,0.63461616204,8.9484582916,27,5,7.81,3.105623787044,6.889764,1.5882274,1.93627630868,0,0.894776,0,187.5, -3.4, -17.2,,,0,0,1024,364,1024,1024,0,-100,0,0,182,0,-16.2,88,3.905,3.901,0,0,0,0,4.673,91.04,3.105623787044,6.889764,6,P-GPS,
23100,2026-05-22 09:15:58,51.9888047215995,4.39002743145076,6.889764,,,3.105623787044,6.233596,1.342164,0.86005252096,9.1867128924,27,5,7.81,3.105623787044,6.889764,1.5882274,1.93627630868,0,1.342164,0,187.5, -3.6, -16.8,,,0,0,1024,364,1024,1024,0,-100,0,0,182,0,-15.4,88,3.905,3.901,0,0,0,0,4.673,91.04,3.105623787044,6.889764,6,P-GPS,
23200,2026-05-22 09:15:58,51.9888046476748,4.39002857770017,6.889764,,,3.105623787044,6.233596,1.789552,1.1177329754,9.4456695936,27,5,7.81,3.105623787044,6.889764,1.789552,1.93627630868,0,1.789552,0,187.6, -3.8, -16.1,,,0,0,1024,364,1024,1024,0,-100,0,0,182.1,0,-14.8,88,3.905,3.901,0,0,0,0,4.673,91.04,3.105623787044,6.889764,6,P-GPS,
23300,2026-05-22 09:15:59,51.9888049700215,4.39003008782033,6.889764,,,3.105623787044,6.233596,2.0356154,1.460137842,9.8047575316,27,5,7.81,3.105623787044,6.889764,2.0356154,1.93627630868,-0.223694,2.013246,0,187.6, -4.1, -15.8,,,0,0,1024,364,1024,1024,0,-100,0,0,182,0,-14.8,88,3.905,3.901,0,0,0,0,4.673,91.04,3.105623787044,6.889764,6,P-GPS,
23400,2026-05-22 09:15:59,51.9888048679411,4.39003168455462,6.889764,,,3.105623787044,6.233596,2.460634,1.81662079304,10.1654530812,27,5,7.81,3.105623787044,6.889764,2.460634,1.93627630868,-0.223694,2.460634,0,187.5, -4, -15.8,,,0,0,1024,364,1024,1024,0,-100,0,0,182,0,-14.5,88,3.905,3.901,0,0,0,0,4.673,91.04,3.105623787044,6.889764,6,P-GPS,
23500,2026-05-22 09:15:59,51.9888047556365,4.39003349900109,6.889764,,,3.105623787044,6.233596,2.684328,2.22336293204,10.5751643804,27,5,7.81,3.105623787044,6.889764,2.684328,2.22336293204,-0.223694,2.684328,0,187.5, -3.9, -15.2,,,0,0,1024,364,1024,1024,0,-100,0,0,182.2,0,-13.8,88,3.905,3.901,0,0,0,0,4.673,91.04,3.105623787044,6.889764,6,P-GPS,
23600,2026-05-22 09:15:59,51.988805403482,4.39003554286237,6.56168,,,2.777539787044,6.233596,3.131716,2.69468184476,11.0916342132,29,5,7.81,3.105623787044,6.889764,3.131716,2.69468184476,-0.223694,3.131716,0,187.6, -4, -14.4,,,0,0,1024,722,1024,1024,0,-46,0,0,182.1,0,-13.3,88,3.905,3.901,0,0,0,0,4.673,91.04,2.777539787044,6.56168,6,P-GPS,
23700,2026-05-22 09:15:59,51.988805251822,4.39003772796233,6.56168,,,2.777539787044,6.233596,3.35541,3.17978028548,11.5856959088,29,5,7.81,3.105623787044,6.889764,3.35541,3.17978028548,-0.223694,3.35541,0,187.5, -4.2, -14.1,,,0,0,1024,1024,1024,1024,0,0,0,0,182.2,0,-9.9,88,3.905,3.901,0,0,0,0,4.673,91.04,2.777539787044,6.56168,6,P-GPS,
23800,2026-05-22 09:15:59,51.9888060116791,4.3900401193044,6.56168,,,2.777539787044,6.233596,3.579104,3.7413715108,12.190289104,29,5,7.81,3.105623787044,6.889764,3.579104,3.7413715108,-0.223694,3.579104,0,187.2, -3.9, -7.4,,,0,0,1024,1024,1024,1024,0,0,0,0,182.5,0,-2.8,88,3.905,3.901,0,0,0,0,4.673,91.04,2.777539787044,6.56168,6,P-GPS,
23900,2026-05-22 09:15:59,51.9888058450393,4.3900424234037,6.56168,,,2.777539787044,6.233596,3.35541,4.2489502672,12.7115489632,29,5,7.781,3.105623787044,6.889764,3.579104,4.2489502672,-0.223694,3.35541,0,187.1, -3.8, -1.8,,,0,0,1024,1024,1024,1024,0,0,0,0,182.7,0,0.3,88,3.892,3.888,0,0,0,0,5.059,91.22,2.777539787044,6.56168,6,P-GPS,
24000,2026-05-22 09:15:59,51.9888069054596,4.3900447138749,6.889764,,,3.105623787044,6.233596,3.131716,4.810695692,13.3553810048,30,5,7.781,3.105623787044,6.889764,3.579104,4.810695692,-0.223694,3.131716,0,187, -4.4, -0.3,,,0,0,1024,1024,1024,1024,0,0,0,0,182.6,0,0.2,88,3.892,3.888,0,0,0,0,5.059,91.22,3.105623787044,6.889764,6,P-GPS,
24100,2026-05-22 09:15:59,51.9888067780868,4.39004670096318,6.889764,,,3.105623787044,6.233596,2.908022,5.2444883568,13.8042327252,30,5,7.781,3.105623787044,6.889764,3.579104,5.2444883568,-0.223694,2.908022,0,186.9, -4.7, 0.2,,,0,0,1024,1024,1024,1024,0,0,0,0,182.7,0,2.6,88,3.892,3.888,0,0,0,0,5.059,91.22,3.105623787044,6.889764,6,P-GPS,
24200,2026-05-22 09:15:59,51.9888083580433,4.39004857461326,6.889764,,,3.105623787044,6.233596,2.684328,5.7668637016,14.518045084,30,5,7.781,3.105623787044,6.889764,3.579104,5.7668637016,0.223694,2.684328,0,171.8, -4.7, 2.6,,,0,0,1024,1024,1024,1024,0,0,0,0,182.9,0,4.4,88,3.892,3.888,0,0,0,0,5.059,91.22,3.105623787044,6.889764,6,P-GPS,
24300,2026-05-22 09:16:00,51.9888097434765,4.39005015030591,6.889764,,,3.105623787044,6.233596,2.2816788,6.2416996748,15.135171088,29,5,7.781,3.105623787044,6.889764,3.579104,6.2416996748,0.447388,2.23694,0,166, -4.3, 4.1,,,0,0,1024,1024,1024,1024,0,0,0,0,182.9,0,5.3,88,3.892,3.888,0,0,0,0,5.059,91.22,3.105623787044,6.889764,6,P-GPS,
24400,2026-05-22 09:16:00,51.9888099163676,4.39005152017206,6.889764,,,3.105623787044,6.233596,1.8342908,6.554462152,15.4493443264,29,5,7.781,3.105623787044,6.889764,3.579104,6.554462152,0.447388,1.789552,0,163.8, -4, 4.3,,,0,0,1024,1024,1024,1024,0,0,0,0,182.8,0,4.8,88,3.892,3.888,0,0,0,0,5.059,91.22,3.105623787044,6.889764,6,P-GPS,
24500,2026-05-22 09:16:00,51.9888100572316,4.39005263881314,6.56168,,,2.777539787044,6.233596,1.3645334,6.8099411628,15.705873206,29,5,7.781,3.105623787044,6.889764,3.579104,6.8099411628,0.223694,1.342164,0,163.1, -3.7, 3.8,,,0,0,939,1024,1024,1024,-13,0,0,0,182.8,0,4.6,88,3.892,3.888,0,0,0,0,5.059,91.22,2.777539787044,6.56168,6,P-GPS,
24600,2026-05-22 09:16:00,51.9888103471658,4.39005361618077,6.889764,,,3.105623787044,6.233596,1.1408394,7.0507548188,15.949639618,30,5,7.781,3.105623787044,6.889764,3.579104,7.0507548188,0.223694,1.11847,0,162.8, -3.9, 3.5,,,0,0,604,1024,1024,1024,-64,0,0,0,182.6,0,3.3,88,3.892,3.888,0,0,0,0,5.059,91.22,3.105623787044,6.889764,6,P-GPS,
24700,2026-05-22 09:16:00,51.9888105160698,4.39005459329102,6.889764,,,3.105623787044,6.233596,0.9171454,7.2787403904,16.177657998,28,5,7.781,3.105623787044,6.889764,3.579104,7.2787403904,0.223694,0.894776,0,162.7, -3.8, 1.8,,,0,0,364,1024,1024,1024,-100,0,0,0,182.6,0,1.7,88,3.892,3.888,0,0,0,0,5.059,91.22,3.105623787044,6.889764,6,P-GPS,
24800,2026-05-22 09:16:00,51.9888106539274,4.39005518011816,6.889764,,,3.105623787044,6.233596,0.7158208,7.4195212348,16.3187669264,28,5,7.781,3.105623787044,6.889764,3.579104,7.4195212348,0.223694,0.671082,0,162.9, 0.1, 0.3,,,0,0,364,1024,1024,1024,-100,0,0,0,182.6,0,0.4,88,3.892,3.888,0,0,0,0,5.059,91.22,3.105623787044,6.889764,6,P-GPS,
24900,2026-05-22 09:16:00,51.9888110749626,4.39005617401444,6.889764,,,3.105623787044,6.233596,0.6263432,7.6784451276,16.5897971188,27,5,7.788,3.105623787044,6.889764,3.579104,7.6784451276,0.447388,0.447388,0,162.8, 7.5, -0.7,,,0,0,364,1024,1024,1024,-100,0,0,0,182.6,0,0.1,87,3.894,3.89,0,0,0,0,4.876,91.4,3.105623787044,6.889764,6,P-GPS,
25000,2026-05-22 09:16:00,51.9888114346381,4.39005652385148,6.889764,,,3.105623787044,6.233596,0.9171454,7.7937338452,16.742782688,27,5,7.788,3.105623787044,6.889764,3.579104,7.7937338452,0.894776,0.223694,0,162.8, 9.1, -1.1,,,0,0,364,1024,1024,1024,-100,0,0,0,182.6,0,-0.6,87,3.894,3.89,0,0,0,0,4.876,91.4,3.105623787044,6.889764,6,P-GPS,
25100,2026-05-22 09:16:00,51.9888119698909,4.39005671084349,6.889764,,,3.105623787044,6.233596,1.342164,7.8970474968,16.9425202272,27,5,7.788,3.105623787044,6.889764,3.579104,7.8970474968,1.342164,0,0,162.7, 8.3, -1.8,,,0,0,364,1024,1024,1024,-100,0,0,0,182.6,0,-1.2,87,3.894,3.89,0,0,0,0,4.876,91.4,3.105623787044,6.889764,6,P-GPS,
25200,2026-05-22 09:16:00,51.9888130402339,4.39005717068954,6.889764,,,3.105623787044,6.233596,1.789552,8.1323165332,17.3464900564,28,5,7.788,3.105623787044,6.889764,3.579104,8.1323165332,1.789552,0,0,162.6, 7.6, -2.4,,,0,0,364,1024,1024,1024,-100,0,0,0,182.6,0,-1.7,87,3.894,3.89,0,0,0,0,4.876,91.4,3.105623787044,6.889764,6,P-GPS,
25300,2026-05-22 09:16:01,51.9888138985006,4.39005707119419,6.889764,,,3.105623787044,6.233596,2.0356154,8.2341538068,17.6604008276,28,5,7.788,3.105623787044,6.889764,3.579104,8.2341538068,2.013246,-0.223694,0,162.6, 7.3, -3,,,0,0,841,1024,1024,1024,-28,0,0,0,182.7,0,-2.3,87,3.894,3.89,0,0,0,0,4.876,91.4,3.105623787044,6.889764,6,P-GPS,
25400,2026-05-22 09:16:01,51.9888150056867,4.39005718498365,6.889764,,,3.105623787044,6.233596,2.460634,8.4297574876,18.0651908668,28,5,7.788,3.105623787044,6.889764,3.579104,8.4297574876,2.460634,-0.223694,0,162.7, 6.6, -3.4,,,0,0,1024,1024,1024,1024,0,0,0,0,182.5,0,-2.3,87,3.894,3.89,0,0,0,0,4.876,91.4,3.105623787044,6.889764,6,P-GPS,
25500,2026-05-22 09:16:01,51.9888160692441,4.39005689979702,6.889764,,,3.105623787044,6.233596,2.5053728,8.5537076228,18.4584651576,28,5,7.788,3.105623787044,6.889764,3.579104,8.5537076228,2.460634,-0.447388,0,162.9, -3.1, -3.4,,,0,0,1024,1024,1024,1024,0,0,0,0,182.6,0,-2.7,87,3.894,3.89,0,0,0,0,4.876,91.4,3.105623787044,6.889764,6,P-GPS,
25600,2026-05-22 09:16:01,51.9888170708052,4.39005691439719,6.889764,,,3.105623787044,6.233596,2.5053728,8.7395344004,18.8239179252,25,5,7.788,3.105623787044,6.889764,3.579104,8.7395344004,2.460634,-0.447388,0,163.2, -5.8, -3.7,,,0,0,1024,1024,1024,1024,0,0,0,0,182.6,0,-2.8,87,3.894,3.89,0,0,0,0,4.876,91.4,3.105623787044,6.889764,6,P-GPS,
25700,2026-05-22 09:16:01,51.9888180007274,4.39005665518688,6.889764,,,3.105623787044,6.233596,2.23694,8.8706695752,19.168143658,25,5,7.788,3.105623787044,6.889764,3.579104,8.8706695752,2.23694,-0.223694,0,163.3, -6.4, -3.5,,,0,0,1024,1024,1024,1024,0,0,0,0,182.6,0,-2.4,87,3.894,3.89,0,0,0,0,4.876,91.4,3.105623787044,6.889764,6,P-GPS,
25800,2026-05-22 09:16:01,51.9888188484375,4.39005676765127,6.889764,,,3.105623787044,6.233596,2.23694,9.064304752,19.4784783136,25,5,7.788,3.105623787044,6.889764,3.579104,9.064304752,2.013246,-0.223694,0,163.2, -7.7, -3.3,,,0,0,1024,1024,1024,1024,0,0,0,0,182.5,0,-2.5,87,3.894,3.89,0,0,0,0,4.876,91.4,3.105623787044,6.889764,6,P-GPS,
25900,2026-05-22 09:16:01,51.9888195714241,4.3900565576148,6.889764,,,3.105623787044,6.233596,1.5882274,9.1789373016,19.7464245164,25,5,7.777,3.105623787044,6.889764,3.579104,9.1789373016,1.565858,-0.223694,0,163.2, -8.1, -3.4,,,0,0,1024,1024,1024,1024,0,0,0,0,182.5,0,-2.8,87,3.891,3.885,0,0,0,0,4.924,91.58,3.105623787044,6.889764,6,P-GPS,
26000,2026-05-22 09:16:01,51.9888200190061,4.39005689232652,6.889764,,,3.105623787044,6.233596,1.3645334,9.3365488552,19.9262145484,25,5,7.777,3.105623787044,6.889764,3.579104,9.3365488552,1.342164,-0.223694,0,163.2, -7.9, -3.5,,,0,0,1024,1024,1024,1024,0,0,0,0,182.6,0,-2.2,87,3.891,3.885,0,0,0,0,4.924,91.58,3.105623787044,6.889764,6,P-GPS,
26100,2026-05-22 09:16:01,51.9888205061845,4.39005672299522,6.56168,,,2.777539787044,6.233596,1.1408394,9.4139110624,20.1080058928,25,5,7.777,3.105623787044,6.889764,3.579104,9.4139110624,1.11847,-0.223694,0,163.2, -7.3, -3.1,,,0,0,1024,1024,1024,1024,0,0,0,0,182.4,0,-2.6,87,3.891,3.885,0,0,0,0,4.924,91.58,2.777539787044,6.56168,6,P-GPS,
26200,2026-05-22 09:16:01,51.9888205458371,4.39005685460537,6.56168,,,2.777539787044,6.233596,0.7158208,9.4461289112,20.140912718,24,5,7.777,3.105623787044,6.889764,3.579104,9.4461289112,0.671082,-0.223694,0,163, -6.9, -4,,,0,0,1024,1024,1024,1024,0,0,0,0,182.1,0,-3.7,87,3.891,3.885,0,0,0,0,4.924,91.58,2.777539787044,6.56168,6,P-GPS,
26300,2026-05-22 09:16:01,51.9888208641226,4.39005690637022,6.889764,,,3.105623787044,6.233596,0.4921268,9.5267719584,20.2576121968,23,5,7.777,3.105623787044,6.889764,3.579104,9.5267719584,0.447388,-0.223694,0,162.8, -6.3, -4.9,,,0,0,1024,1024,1024,1024,0,0,0,0,181.8,0,-4.4,87,3.891,3.885,0,0,0,0,4.924,91.58,3.105623787044,6.889764,6,P-GPS,
26400,2026-05-22 09:16:02,51.9888210987133,4.39005672273786,6.889764,,,3.105623787044,6.233596,0.4921268,9.5478021428,20.3526253232,23,5,7.777,3.105623787044,6.889764,3.579104,9.5478021428,0.447388,-0.223694,0,162.6, -5.8, -5.4,,,0,0,1024,1024,1024,1024,0,0,0,0,181.9,0,-4.3,87,3.891,3.885,0,0,0,0,4.924,91.58,3.105623787044,6.889764,6,P-GPS,
26500,2026-05-22 09:16:02,51.9888212919513,4.39005657769611,6.889764,,,3.105623787044,6.233596,0.223694,9.5668638232,20.4303156144,23,5,7.777,3.105623787044,6.889764,3.579104,9.5668638232,0.223694,0,0,162.8, -5.6, -5.1,,,0,0,1024,1024,1024,1024,0,0,0,0,182.2,0,-4.1,87,3.891,3.885,0,0,0,0,4.924,91.58,3.105623787044,6.889764,6,P-GPS,
26600,2026-05-22 09:16:02,51.9888213668864,4.39005686335573,6.889764,,,3.105623787044,6.233596,0.223694,9.6338913844,20.5000662728,25,5,7.777,3.105623787044,6.889764,3.579104,9.6338913844,0.223694,0,0,162.9, -5.6, -4.9,,,0,0,1024,1024,1024,1024,0,0,0,0,182.2,0,-3.8,87,3.891,3.885,0,0,0,0,4.924,91.58,3.105623787044,6.889764,6,P-GPS,
26700,2026-05-22 09:16:02,51.9888214981962,4.39005680543155,6.889764,,,3.105623787044,6.233596,0.223694,9.6541341672,20.549705382,25,5,7.777,3.105623787044,6.889764,3.579104,9.6541341672,0.223694,0,0,162.9, -5.6, -4.6,,,0,0,1024,1024,1024,1024,0,0,0,0,182.2,0,-3.6,87,3.891,3.885,0,0,0,0,4.924,91.58,3.105623787044,6.889764,6,P-GPS,
26800,2026-05-22 09:16:02,51.9888215216214,4.39005718875368,6.889764,,,3.105623787044,6.233596,0.223694,9.7262470304,20.6362539412,26,5,7.777,3.105623787044,6.889764,3.579104,9.7262470304,0.223694,0,0,163, -5.4, -4.1,,,0,0,1024,1024,1024,1024,0,0,0,0,182.4,0,-2,87,3.891,3.885,0,0,0,0,4.924,91.58,3.105623787044,6.889764,6,P-GPS,
26900,2026-05-22 09:16:02,51.988821623976,4.39005722528887,6.889764,,,3.105623787044,6.233596,0,9.7562010996,20.6745085356,26,5,7.773,3.105623787044,6.889764,3.579104,9.7562010996,0,0,0,163, -7, -2.1,,,0,0,1024,1024,1024,1024,0,0,0,0,182.6,0,-0.4,87,3.896,3.891,0,0,0,0,4.996,91.58,3.105623787044,6.889764,6,P-GPS,
27000,2026-05-22 09:16:02,51.9888217184078,4.39005778667179,6.889764,,,3.105623787044,6.233596,0,9.875820526,20.8052500096,26,5,7.773,3.105623787044,6.889764,3.579104,9.875820526,0,0,0,162.9, -6.6, -0.8,,,0,0,1024,1024,1024,1024,0,0,0,0,182.6,0,0.5,87,3.896,3.891,0,0,0,0,4.996,91.58,3.105623787044,6.889764,6,P-GPS,
27100,2026-05-22 09:16:02,51.9888217331237,4.39005782475812,6.889764,,,3.105623787044,6.233596,0,9.885827088,20.8153549968,26,5,7.773,3.105623787044,6.889764,3.579104,9.885827088,0,0,0,162.8, -5.9, -0.1,,,0,0,1024,1024,1024,1024,0,0,0,0,182.5,0,0.3,87,3.896,3.891,0,0,0,0,4.996,91.58,3.105623787044,6.889764,6,P-GPS,
27200,2026-05-22 09:16:02,51.9888218195079,4.39005777217249,6.889764,,,3.105623787044,6.233596,0,9.8965226264,20.8490164152,25,5,7.773,3.105623787044,6.889764,3.579104,9.8965226264,0,0,0,162.9, -5.3, -0.7,,,0,0,1024,1024,1024,1024,0,0,0,0,182.5,0,-0.1,87,3.896,3.891,0,0,0,0,4.996,91.58,3.105623787044,6.889764,6,P-GPS,
27300,2026-05-22 09:16:02,51.9888217812693,4.39005775765927,6.889764,,,3.105623787044,6.233596,0,9.88517092,20.8633208776,25,5,7.773,3.105623787044,6.889764,3.579104,9.8965226264,0,0,0,162.9, -4.5, -1.2,,,0,0,1024,1024,1024,1024,0,0,0,0,182.5,0,-0.6,87,3.896,3.891,0,0,0,0,4.996,91.58,3.105623787044,6.889764,6,P-GPS,
27400,2026-05-22 09:16:03,51.9888220159468,4.39005784305528,6.889764,,,3.105623787044,6.233596,0,9.9541997936,20.9510833476,26,5,7.773,3.105623787044,6.889764,3.579104,9.9541997936,0,0,0,163, -4.4, -1.9,,,0,0,1024,1024,1024,1024,0,0,0,0,182.5,0,-1.4,87,3.896,3.891,0,0,0,0,4.996,91.58,3.105623787044,6.889764,6,P-GPS,
27500,2026-05-22 09:16:03,51.9888221628361,4.39005780256573,6.889764,,,3.105623787044,6.233596,0,9.981299532,21.0054468664,25,5,7.773,3.105623787044,6.889764,3.579104,9.981299532,0,0,0,163, -4.8, -2.5,,,0,0,1024,1024,1024,1024,0,0,0,0,182.5,0,-2,87,3.896,3.891,0,0,0,0,4.996,91.58,3.105623787044,6.889764,6,P-GPS,
27600,2026-05-22 09:16:03,51.9888221432745,4.39005772647307,6.889764,,,3.105623787044,6.233596,0,9.963582996,21.023950804,25,5,7.773,3.105623787044,6.889764,3.579104,9.981299532,0,0,0,163, -4.7, -3,,,0,0,1024,1024,1024,1024,0,0,0,0,182.4,0,-2.3,87,3.896,3.891,0,0,0,0,4.996,91.58,3.105623787044,6.889764,6,P-GPS,
27700,2026-05-22 09:16:03,51.9888221265636,4.39005764182829,6.889764,,,3.105623787044,6.233596,0,9.94504625,21.0439311196,25,5,7.773,3.105623787044,6.889764,3.579104,9.981299532,0,0,0,163, -4.9, -3.3,,,0,0,1024,1024,1024,1024,0,0,0,0,182.4,0,-2.8,87,3.896,3.891,0,0,0,0,4.996,91.58,3.105623787044,6.889764,6,P-GPS,
27800,2026-05-22 09:16:03,51.9888222585663,4.39005739021717,6.889764,,,3.105623787044,6.233596,0,9.9326446748,21.1182093372,25,5,7.773,3.105623787044,6.889764,3.579104,9.981299532,0,0,0,162.9, -5, -3.8,,,0,0,1024,1024,1024,1024,0,0,0,0,182.3,0,-3.1,87,3.896,3.891,0,0,0,0,4.996,91.58,3.105623787044,6.889764,6,P-GPS,
27900,2026-05-22 09:16:03,51.9888222427442,4.3900573117665,6.889764,,,3.105623787044,6.233596,0,9.9154530732,21.1367460832,25,5,7.776,3.105623787044,6.889764,3.579104,9.981299532,0,0,0,163, -5.1, -4,,,0,0,1024,1024,1024,1024,0,0,0,0,182.4,0,-3.1,87,3.894,3.889,0,0,0,0,4.931,91.94,3.105623787044,6.889764,6,P-GPS,
28000,2026-05-22 09:16:03,51.988822249737,4.39005711026128,6.889764,,,3.105623787044,6.233596,0,9.882546248,21.182087292,25,5,7.776,3.105623787044,6.889764,3.579104,9.981299532,0,0,0,163.1, -5.1, -4,,,0,0,1024,1024,1024,1024,0,0,0,0,182.5,0,-3.3,87,3.894,3.889,0,0,0,0,4.931,91.94,3.105623787044,6.889764,6,P-GPS,
28100,2026-05-22 09:16:03,51.9888222589486,4.39005679009059,6.889764,,,3.105623787044,6.233596,0,9.830052808,21.25410173,25,5,7.776,3.105623787044,6.889764,3.579104,9.981299532,0,0,0,163.2, -4.9, -4.4,,,0,0,1024,1024,1024,1024,0,0,0,0,182.5,0,-3.8,87,3.894,3.889,0,0,0,0,4.931,91.94,3.105623787044,6.889764,6,P-GPS,
28200,2026-05-22 09:16:03,51.988822229867,4.39005672254657,6.889764,,,3.105623787044,6.233596,0,9.8116472956,21.272638476,25,5,7.776,3.105623787044,6.889764,3.579104,9.981299532,0,0,0,163.2, -4.7, -4.8,,,0,0,1024,1024,1024,1024,0,0,0,0,182.6,0,-3.7,87,3.894,3.889,0,0,0,0,4.931,91.94,3.105623787044,6.889764,6,P-GPS,
28300,2026-05-22 09:16:03,51.9888222046192,4.39005669410095,6.889764,,,3.105623787044,6.233596,0,9.8007877152,21.2838261404,25,5,7.776,3.105623787044,6.889764,3.579104,9.981299532,0,0,0,163.2, -4.4, -4.3,,,0,0,1024,1024,1024,1024,0,0,0,0,182.4,0,-3.1,87,3.894,3.889,0,0,0,0,4.931,91.94,3.105623787044,6.889764,6,P-GPS,
28400,2026-05-22 09:16:04,51.9888222333634,4.39005665615721,6.56168,,,2.777539787044,6.233596,0,9.8011486076,21.2973432012,25,5,7.776,3.105623787044,6.889764,3.579104,9.981299532,0,0,0,163, -3.8, -3.9,,,0,0,1024,1024,1024,1024,0,0,0,0,182.4,0,-3.1,87,3.894,3.889,0,0,0,0,4.931,91.94,2.777539787044,6.56168,6,P-GPS,
28500,2026-05-22 09:16:04,51.988822198814,4.39005669365925,6.56168,,,2.777539787044,6.233596,0,9.7993441456,21.312500682,25,5,7.776,3.105623787044,6.889764,3.579104,9.981299532,0,0,0,162.9, -2.9, -3.8,,,0,0,1024,1024,1024,1024,0,0,0,0,182.3,0,-2.7,87,3.894,3.889,0,0,0,0,4.931,91.94,2.777539787044,6.56168,6,P-GPS,
28600,2026-05-22 09:16:04,51.988822228975,4.39005689931707,6.56168,,,2.777539787044,6.233596,0,9.8415685564,21.3600072452,26,5,7.776,3.105623787044,6.889764,3.579104,9.981299532,0,0,0,162.8, -1.9, -3.4,,,0,0,1024,1024,1024,1024,0,0,0,0,182.3,0,-2.3,87,3.894,3.889,0,0,0,0,4.931,91.94,2.777539787044,6.56168,6,P-GPS,
28700,2026-05-22 09:16:04,51.9888221845254,4.39005689272996,6.56168,,,2.777539787044,6.233596,0,9.8299215744,21.37631302,26,5,7.776,3.105623787044,6.889764,3.579104,9.981299532,0,0,0,162.8, -1.7, -2.9,,,0,0,1024,1024,1024,1024,0,0,0,0,182.4,0,-1.6,87,3.894,3.889,0,0,0,0,4.931,91.94,2.777539787044,6.56168,6,P-GPS,
28800,2026-05-22 09:16:04,51.9888222012802,4.39005695896629,6.56168,,,2.777539787044,6.233596,0,9.8452102888,21.392389136,26,5,7.776,3.105623787044,6.889764,3.579104,9.981299532,0,0,0,162.9, -2.6, -2.1,,,0,0,1024,1024,1024,1024,0,0,0,0,182.5,0,-1.2,87,3.894,3.889,0,0,0,0,4.931,91.94,2.777539787044,6.56168,6,P-GPS,
28900,2026-05-22 09:16:04,51.9888222226901,4.39005699865592,6.56168,,,2.777539787044,6.233596,0,9.8570541212,21.4042329684,26,5,7.785,3.105623787044,6.889764,3.579104,9.981299532,0,0,0,162.9, -2.9, -2.2,,,0,0,1024,1024,1024,1024,0,0,0,0,182.5,0,-1.7,87,3.89,3.883,0,0,0,0,4.683,91.94,2.777539787044,6.56168,6,P-GPS,
29000,2026-05-22 09:16:04,51.9888223503878,4.39005708397194,6.56168,,,2.777539787044,6.233596,0,9.901903204,21.4546266708,27,5,7.785,3.105623787044,6.889764,3.579104,9.981299532,0,0,0,162.9, -3, -2.8,,,0,0,1024,1024,1024,1024,0,0,0,0,182.5,0,-2.1,87,3.89,3.883,0,0,0,0,4.683,91.94,2.777539787044,6.56168,6,P-GPS,
29100,2026-05-22 09:16:04,51.9888223678012,4.39005709686794,6.56168,,,2.777539787044,6.233596,0,9.9082352252,21.46161486,27,5,7.785,3.105623787044,6.889764,3.579104,9.981299532,0,0,0,162.9, -3.1, -2.7,,,0,0,1024,1024,1024,1024,0,0,0,0,182.5,0,-1.8,87,3.89,3.883,0,0,0,0,4.683,91.94,2.777539787044,6.56168,6,P-GPS,
29200,2026-05-22 09:16:04,51.9888224440299,4.39005712743508,6.56168,,,2.777539787044,6.233596,0,9.9315619976,21.4902565932,27,5,7.785,3.105623787044,6.889764,3.579104,9.981299532,0,0,0,163, -3.3, -2.5,,,0,0,1024,1024,1024,1024,0,0,0,0,182.5,0,-1.8,87,3.89,3.883,0,0,0,0,4.683,91.94,2.777539787044,6.56168,6,P-GPS,
29300,2026-05-22 09:16:04,51.988822462044,4.39005712243735,6.56168,,,2.777539787044,6.233596,0,9.9349740712,21.4969166984,27,5,7.785,3.105623787044,6.889764,3.579104,9.981299532,0,0,0,162.9, -3.4, -2.8,,,0,0,1024,1024,1024,1024,0,0,0,0,182.5,0,-2.3,87,3.89,3.883,0,0,0,0,4.683,91.94,2.777539787044,6.56168,6,P-GPS,
29400,2026-05-22 09:16:05,51.9888225519155,4.39005718243784,6.56168,,,2.777539787044,6.233596,0,9.9666013688,21.5323825788,26,5,7.785,3.105623787044,6.889764,3.579104,9.981299532,0,0,0,163, -3.6, -3,,,0,0,1024,1024,1024,1024,0,0,0,0,182.5,0,-1.9,87,3.89,3.883,0,0,0,0,4.683,91.94,2.777539787044,6.56168,6,P-GPS,
29500,2026-05-22 09:16:05,51.9888225772158,4.39005716386593,6.889764,,,3.105623787044,6.233596,0,9.969488508,21.542487566,26,5,7.785,3.105623787044,6.889764,3.579104,9.981299532,0,0,0,163, -3.7, -2.7,,,0,0,1024,1024,1024,1024,0,0,0,0,182.5,0,-2.4,87,3.89,3.883,0,0,0,0,4.683,91.94,3.105623787044,6.889764,6,P-GPS,
29600,2026-05-22 09:16:05,51.9888226561655,4.39005693057283,6.889764,,,3.105623787044,6.233596,0,9.9488520244,21.6022972792,26,5,7.785,3.105623787044,6.889764,3.579104,9.981299532,0,0,0,163, -3.7, -3.7,,,0,0,1024,1024,1024,1024,0,0,0,0,182.4,0,-3.4,87,3.89,3.883,0,0,0,0,4.683,91.94,3.105623787044,6.889764,6,P-GPS,
29700,2026-05-22 09:16:05,51.9888226713665,4.39005688134684,6.889764,,,3.105623787044,6.233596,0,9.9441604232,21.6146988544,26,5,7.785,3.105623787044,6.889764,3.579104,9.981299532,0,0,0,162.9, -3.6, -4.3,,,0,0,1024,1024,1024,1024,0,0,0,0,182.4,0,-3.1,87,3.89,3.883,0,0,0,0,4.683,91.94,3.105623787044,6.889764,6,P-GPS,
29800,2026-05-22 09:16:05,51.9888226466252,4.39005678949935,6.889764,,,3.105623787044,6.233596,0,9.9227037296,21.6372054168,26,5,7.785,3.105623787044,6.889764,3.579104,9.981299532,0,0,0,162.9, -3.9, -3.7,,,0,0,1024,1024,1024,1024,0,0,0,0,182.3,0,-3.1,87,3.89,3.883,0,0,0,0,4.683,91.94,3.105623787044,6.889764,6,P-GPS,
29900,2026-05-22 09:16:05,51.9888226798124,4.39005675568735,6.889764,,,3.105623787044,6.233596,0,9.9250003176,21.6515098792,26,5,7.766,3.105623787044,6.889764,3.579104,9.981299532,0,0,0,162.9, -4.5, -4.1,,,0,0,1024,1024,1024,1024,0,0,0,0,182.3,0,-3.3,87,3.894,3.887,0,0,0,0,4.982,92.12,3.105623787044,6.889764,6,P-GPS,
30000,2026-05-22 09:16:05,51.9888227869602,4.3900568337311,6.889764,,,3.105623787044,6.233596,0,9.9640095052,21.6943576496,25,5,7.766,3.105623787044,6.889764,3.579104,9.981299532,0,0,0,162.9, -4.5, -3.9,,,0,0,1024,1024,1024,1024,0,0,0,0,182.2,0,-2.9,87,3.894,3.887,0,0,0,0,4.982,92.12,3.105623787044,6.889764,6,P-GPS,
30100,2026-05-22 09:16:05,51.9888228392518,4.39005684458211,6.889764,,,3.105623787044,6.233596,0,9.9784780096,21.713583372,25,5,7.766,3.105623787044,6.889764,3.579104,9.981299532,0,0,0,162.8, -5, -3.6,,,0,0,1024,1024,1024,1024,0,0,0,0,182.2,0,-2.1,87,3.894,3.887,0,0,0,0,4.982,92.12,3.105623787044,6.889764,6,P-GPS,
30200,2026-05-22 09:16:05,51.988822934257,4.39005687467973,6.889764,,,3.105623787044,6.233596,0,10.006562,21.7488852104,25,5,7.766,3.105623787044,6.889764,3.579104,10.006562,0,0,0,162.8, -5.6, -1.8,,,0,0,1024,1024,1024,1024,0,0,0,0,182.5,0,0.4,87,3.894,3.887,0,0,0,0,4.982,92.12,3.105623787044,6.889764,6,P-GPS,
30300,2026-05-22 09:16:06,51.9888229885939,4.39005697875546,6.889764,,,3.105623787044,6.233596,0,10.0372050456,21.7795610644,25,5,7.766,3.105623787044,6.889764,3.579104,10.0372050456,0,0,0,162.7, -5.8, 0.4,,,0,0,1024,1024,1024,1024,0,0,0,0,182.6,0,1.8,87,3.894,3.887,0,0,0,0,4.982,92.12,3.105623787044,6.889764,6,P-GPS,
30400,2026-05-22 09:16:06,51.9888232210386,4.39005714399329,6.889764,,,3.105623787044,6.233596,0,10.1213914,21.8721463692,25,5,7.766,3.105623787044,6.889764,3.579104,10.1213914,0,0,0,162.7, -5.4, 1.2,,,0,0,1024,1024,1024,1024,0,0,0,0,182.6,0,1.8,87,3.894,3.887,0,0,0,0,4.982,92.12,3.105623787044,6.889764,6,P-GPS,
30500,2026-05-22 09:16:06,51.988823235929,4.39005722821377,6.889764,,,3.105623787044,6.233596,0,10.139107936,21.8918314092,25,5,7.766,3.105623787044,6.889764,3.579104,10.139107936,0,0,0,162.7, -5, 0.9,,,0,0,1024,1024,1024,1024,0,0,0,0,182.6,0,1.6,87,3.894,3.887,0,0,0,0,4.982,92.12,3.105623787044,6.889764,6,P-GPS,
30600,2026-05-22 09:16:06,51.9888233349318,4.39005720400073,6.889764,,,3.105623787044,6.233596,0,10.1591866768,21.9283471584,26,5,7.766,3.105623787044,6.889764,3.579104,10.1591866768,0,0,0,162.9, -4.8, 1.1,,,0,0,1024,1024,1024,1024,0,0,0,0,182.8,0,2.1,87,3.894,3.887,0,0,0,0,4.982,92.12,3.105623787044,6.889764,6,P-GPS,
30700,2026-05-22 09:16:06,51.9888233385695,4.39005726490547,6.889764,,,3.105623787044,6.233596,0,10.1702431076,21.942093878,26,5,7.766,3.105623787044,6.889764,3.579104,10.1702431076,0,0,0,163, -5, 1.2,,,0,0,1024,1024,1024,1024,0,0,0,0,182.8,0,1.9,87,3.894,3.887,0,0,0,0,4.982,92.12,3.105623787044,6.889764,6,P-GPS,
30800,2026-05-22 09:16:06,51.9888233090457,4.39005704597256,6.889764,,,3.105623787044,6.233596,0,10.1265095104,21.992454772,25,5,7.766,3.105623787044,6.889764,3.579104,10.1702431076,0,0,0,162.9, -5.2, 1.1,,,0,0,1024,1024,1024,1024,0,0,0,0,182.7,0,1.7,87,3.894,3.887,0,0,0,0,4.982,92.12,3.105623787044,6.889764,6,P-GPS,
30900,2026-05-22 09:16:06,51.9888233012059,4.3900570943569,6.889764,,,3.105623787044,6.233596,0,10.1326446812,22.0037080532,25,5,7.786,3.105623787044,6.889764,3.579104,10.1702431076,0,0,0,162.7, -4.8, 1.1,,,0,0,1024,1024,1024,1024,0,0,0,0,182.5,0,1.9,87,3.894,3.888,0,0,0,0,4.593,92.3,3.105623787044,6.889764,6,P-GPS,
31000,2026-05-22 09:16:06,51.9888233757093,4.39005693989009,6.889764,,,3.105623787044,6.233596,0,10.125164366,22.0477697344,25,5,7.786,3.105623787044,6.889764,3.579104,10.1702431076,0,0,0,162.6, -4.5, 1.6,,,0,0,1024,1024,1024,1024,0,0,0,0,182.5,0,2.5,87,3.894,3.888,0,0,0,0,4.593,92.3,3.105623787044,6.889764,6,P-GPS,
31100,2026-05-22 09:16:06,51.9888233577113,4.39005701705046,6.889764,,,3.105623787044,6.233596,0,10.1335961248,22.0663064804,25,5,7.786,3.105623787044,6.889764,3.579104,10.1702431076,0,0,0,162.6, -4.6, 1.5,,,0,0,1024,1024,1024,1024,0,0,0,0,182.5,0,2.7,87,3.894,3.888,0,0,0,0,4.593,92.3,3.105623787044,6.889764,6,P-GPS,
31200,2026-05-22 09:16:06,51.9888234531149,4.39005690955945,6.889764,,,3.105623787044,6.233596,0,10.1391735528,22.1086949332,26,5,7.786,3.105623787044,6.889764,3.579104,10.1702431076,0,0,0,162.7, -3.6, 2.6,,,0,0,1024,1024,1024,1024,0,0,0,0,182.6,0,4.1,87,3.894,3.888,0,0,0,0,4.593,92.3,3.105623787044,6.889764,6,P-GPS,
31300,2026-05-22 09:16:07,51.9888234814682,4.39005684780611,6.889764,,,3.105623787044,6.233596,0,10.1359255212,22.12598496,26,5,7.786,3.105623787044,6.889764,3.579104,10.1702431076,0,0,0,162.7, -3.1, 3.4,,,0,0,1024,1024,1024,1024,0,0,0,0,182.7,0,4.1,87,3.894,3.888,0,0,0,0,4.593,92.3,3.105623787044,6.889764,6,P-GPS,
31400,2026-05-22 09:16:07,51.9888234851049,4.39005691035588,6.889764,,,3.105623787044,6.233596,0,10.1471788024,22.140092572,26,5,7.786,3.105623787044,6.889764,3.579104,10.1702431076,0,0,0,162.7, -3.6, 3.3,,,0,0,1024,1024,1024,1024,0,0,0,0,182.7,0,3.9,87,3.894,3.888,0,0,0,0,4.593,92.3,3.105623787044,6.889764,6,P-GPS,
31500,2026-05-22 09:16:07,51.9888234969744,4.39005694724929,6.889764,,,3.105623787044,6.233596,0,10.1562339208,22.149442966,26,5,7.786,3.105623787044,6.889764,3.579104,10.1702431076,0,0,0,162.7, -4, 3.1,,,0,0,1024,1024,1024,1024,0,0,0,0,182.7,0,3.8,87,3.894,3.888,0,0,0,0,4.593,92.3,3.105623787044,6.889764,6,P-GPS,
31600,2026-05-22 09:16:07,51.9888234310582,4.39005687232172,6.889764,,,3.105623787044,6.233596,0,10.1275593792,22.178806484,26,5,7.786,3.105623787044,6.889764,3.579104,10.1702431076,0,0,0,162.7, -4.4, 2.8,,,0,0,1024,1024,1024,1024,0,0,0,0,182.7,0,3.6,87,3.894,3.888,0,0,0,0,4.593,92.3,3.105623787044,6.889764,6,P-GPS,
31700,2026-05-22 09:16:07,51.9888234467625,4.39005688028608,6.889764,,,3.105623787044,6.233596,0,10.1327431064,22.1848104212,26,5,7.786,3.105623787044,6.889764,3.579104,10.1702431076,0,0,0,162.7, -4.6, 3.1,,,0,0,1024,1024,1024,1024,0,0,0,0,182.7,0,4.2,87,3.894,3.888,0,0,0,0,4.593,92.3,3.105623787044,6.889764,6,P-GPS,
31800,2026-05-22 09:16:07,51.9888234297817,4.39005671233202,6.889764,,,3.105623787044,6.233596,0,10.1007549164,22.2230650156,26,5,7.786,3.105623787044,6.889764,3.579104,10.1702431076,0,0,0,162.7, -4.5, 3.4,,,0,0,1024,1024,1024,1024,0,0,0,0,182.7,0,3.8,87,3.894,3.888,0,0,0,0,4.593,92.3,3.105623787044,6.889764,6,P-GPS,
31900,2026-05-22 09:16:07,51.9888234018449,4.39005648896829,6.889764,,,3.105623787044,6.233596,0,10.056922894,22.274278928,26,5,7.766,3.105623787044,6.889764,3.579104,10.1702431076,0,0,0,162.7, -4.5, 2.9,,,0,0,1024,1024,1024,1024,0,0,0,0,182.7,0,4.1,86,3.892,3.885,0,0,0,0,4.84,92.3,3.105623787044,6.889764,6,P-GPS,
32000,2026-05-22 09:16:07,51.9888233942461,4.39005649223055,6.889764,,,3.105623787044,6.233596,0,10.0555777496,22.2771332588,26,5,7.766,3.105623787044,6.889764,3.579104,10.1702431076,0,0,0,162.6, -4.4, 3.5,,,0,0,1024,1024,1024,1024,0,0,0,0,182.6,0,4.5,86,3.892,3.885,0,0,0,0,4.84,92.3,3.105623787044,6.889764,6,P-GPS,
32100,2026-05-22 09:16:07,51.9888233800892,4.39005650797146,6.889764,,,3.105623787044,6.233596,0,10.0546919228,22.2833996632,26,5,7.766,3.105623787044,6.889764,3.579104,10.1702431076,0,0,0,162.6, -3.9, 3.7,,,0,0,1024,1024,1024,1024,0,0,0,0,182.6,0,4.7,86,3.892,3.885,0,0,0,0,4.84,92.3,3.105623787044,6.889764,6,P-GPS,
32200,2026-05-22 09:16:07,51.9888233689629,4.39005664892669,6.889764,,,3.105623787044,6.233596,0,10.0752627896,22.3153222364,26,5,7.766,3.105623787044,6.889764,3.579104,10.1702431076,0,0,0,162.7, -3.8, 4.2,,,0,0,1024,1024,1024,1024,0,0,0,0,182.7,0,5.3,86,3.892,3.885,0,0,0,0,4.84,92.3,3.105623787044,6.889764,6,P-GPS,
32300,2026-05-22 09:16:08,51.9888234915954,4.39005685582611,6.889764,,,3.105623787044,6.233596,0,10.139764104,22.3798563592,26,5,7.766,3.105623787044,6.889764,3.579104,10.1702431076,0,0,0,162.7, -3.8, 5,,,0,0,1024,1024,1024,1024,0,0,0,0,182.8,0,5.8,86,3.892,3.885,0,0,0,0,4.84,92.3,3.105623787044,6.889764,6,P-GPS,
32400,2026-05-22 09:16:08,51.988823491831,4.39005687428325,6.889764,,,3.105623787044,6.233596,0,10.1428480936,22.3839902176,26,5,7.766,3.105623787044,6.889764,3.579104,10.1702431076,0,0,0,162.7, -4, 4.9,,,0,0,1024,1024,1024,1024,0,0,0,0,182.8,0,5.5,86,3.892,3.885,0,0,0,0,4.84,92.3,3.105623787044,6.889764,6,P-GPS,
32500,2026-05-22 09:16:08,51.9888235006432,4.39005688369441,6.889764,,,3.105623787044,6.233596,0,10.1465882512,22.3878288004,26,5,7.766,3.105623787044,6.889764,3.579104,10.1702431076,0,0,0,162.7, -4.4, 4.9,,,0,0,1024,1024,1024,1024,0,0,0,0,182.8,0,5.6,86,3.892,3.885,0,0,0,0,4.84,92.3,3.105623787044,6.889764,6,P-GPS,
32600,2026-05-22 09:16:08,51.9888234134521,4.3900571215331,6.889764,,,3.105623787044,6.233596,0,10.1646328712,22.4500335268,26,5,7.766,3.105623787044,6.889764,3.579104,10.1702431076,0,0,0,162.7, -4.5, 4.9,,,0,0,1024,1024,1024,1024,0,0,0,0,182.8,0,5.6,86,3.892,3.885,0,0,0,0,4.84,92.3,3.105623787044,6.889764,6,P-GPS,
32700,2026-05-22 09:16:08,51.9888234180407,4.39005712542486,6.889764,,,3.105623787044,6.233596,0,10.1664045248,22.4519036056,26,5,7.766,3.105623787044,6.889764,3.579104,10.1702431076,0,0,0,162.6, -4.8, 5,,,0,0,1024,1024,1024,1024,0,0,0,0,182.8,0,6,86,3.892,3.885,0,0,0,0,4.84,92.3,3.105623787044,6.889764,6,P-GPS,
32800,2026-05-22 09:16:08,51.9888233035136,4.39005722531321,6.889764,,,3.105623787044,6.233596,0,10.1550856268,22.499344552,26,5,7.766,3.105623787044,6.889764,3.579104,10.1702431076,0,0,0,162.7, -4.3, 5.5,,,0,0,1024,1024,1024,1024,0,0,0,0,182.9,0,6.2,86,3.892,3.885,0,0,0,0,4.84,92.3,3.105623787044,6.889764,6,P-GPS,
32900,2026-05-22 09:16:08,51.9888231871231,4.39005720535015,6.889764,,,3.105623787044,6.233596,0,10.1233927124,22.5420610888,25,5,7.766,3.105623787044,6.889764,3.579104,10.1702431076,0,0,0,162.8, -4.2, 5.3,,,0,0,1024,1024,1024,1024,0,0,0,0,182.8,0,5.6,86,3.892,3.885,0,0,0,0,4.84,92.3,3.105623787044,6.889764,6,P-GPS,
33000,2026-05-22 09:16:08,51.9888231724565,4.3900571675038,6.889764,,,3.105623787044,6.233596,0,10.1134845756,22.5521004592,25,5,7.766,3.105623787044,6.889764,3.579104,10.1702431076,0,0,0,162.7, -4.3, 4.7,,,0,0,1024,1024,1024,1024,0,0,0,0,182.7,0,5.1,86,3.892,3.885,0,0,0,0,4.84,92.3,3.105623787044,6.889764,6,P-GPS,
33100,2026-05-22 09:16:08,51.9888231509835,4.39005710039104,6.889764,,,3.105623787044,6.233596,0,10.0970475672,22.5690952104,25,5,7.766,3.105623787044,6.889764,3.579104,10.1702431076,0,0,0,162.6, -4.1, 4.1,,,0,0,1024,1024,1024,1024,0,0,0,0,182.6,0,4.4,86,3.892,3.885,0,0,0,0,4.84,92.3,3.105623787044,6.889764,6,P-GPS,
33200,2026-05-22 09:16:08,51.988823044823,4.39005703368171,6.889764,,,3.105623787044,6.233596,0,10.0600725004,22.6106306448,25,5,7.766,3.105623787044,6.889764,3.579104,10.1702431076,0,0,0,162.6, -4, 3.5,,,0,0,1024,1024,1024,1024,0,0,0,0,182.6,0,3.9,86,3.892,3.885,0,0,0,0,4.84,92.3,3.105623787044,6.889764,6,P-GPS,
33300,2026-05-22 09:16:09,51.9888230149105,4.39005696032614,6.889764,,,3.105623787044,6.233596,0,10.0404858856,22.6303813016,25,5,7.766,3.105623787044,6.889764,3.579104,10.1702431076,0,0,0,162.7, -3.9, 3,,,0,0,1024,1024,1024,1024,0,0,0,0,182.7,0,3.5,86,3.892,3.885,0,0,0,0,4.84,92.3,3.105623787044,6.889764,6,P-GPS,
33400,2026-05-22 09:16:09,51.988822929951,4.39005682451818,6.889764,,,3.105623787044,6.233596,0,9.9970803724,22.67388524,26,5,7.766,3.105623787044,6.889764,3.579104,10.1702431076,0,0,0,162.8, -3.8, 2.7,,,0,0,1024,1024,1024,1024,0,0,0,0,182.7,0,3.4,86,3.892,3.885,0,0,0,0,4.84,92.3,3.105623787044,6.889764,6,P-GPS,
33500,2026-05-22 09:16:09,51.9888229085605,4.39005677592169,6.889764,,,3.105623787044,6.233596,0,9.983760162,22.6873038756,26,5,7.766,3.105623787044,6.889764,3.579104,10.1702431076,0,0,0,162.8, -4, 2.7,,,0,0,1024,1024,1024,1024,0,0,0,0,182.6,0,3.4,86,3.892,3.885,0,0,0,0,4.84,92.3,3.105623787044,6.889764,6,P-GPS,
33600,2026-05-22 09:16:09,51.9888228558095,4.39005657650667,6.889764,,,3.105623787044,6.233596,0,9.937500318,22.736057158,24,5,7.766,3.105623787044,6.889764,3.579104,10.1702431076,0,0,0,162.7, -4.2, 2.7,,,0,0,1024,1024,1024,1024,0,0,0,0,182.6,0,3.6,86,3.892,3.885,0,0,0,0,4.84,92.3,3.105623787044,6.889764,6,P-GPS,
33700,2026-05-22 09:16:09,51.9888228482492,4.39005654155044,6.889764,,,3.105623787044,6.233596,0,9.9298231524,22.7443904916,24,5,7.766,3.105623787044,6.889764,3.579104,10.1702431076,0,0,0,162.7, -4.1, 2.9,,,0,0,1024,1024,1024,1024,0,0,0,0,182.6,0,3.5,86,3.892,3.885,0,0,0,0,4.84,92.3,3.105623787044,6.889764,6,P-GPS,
33800,2026-05-22 09:16:09,51.9888227780313,4.39005652616776,6.889764,,,3.105623787044,6.233596,0,9.9101709208,22.7702435108,24,5,7.766,3.105623787044,6.889764,3.579104,10.1702431076,0,0,0,162.7, -4, 3,,,0,0,1024,1024,1024,1024,0,0,0,0,182.7,0,3.8,86,3.892,3.885,0,0,0,0,4.84,92.3,3.105623787044,6.889764,6,P-GPS,
33900,2026-05-22 09:16:09,51.9888227671138,4.39005651646098,6.889764,,,3.105623787044,6.233596,0,9.9059058288,22.77477107,24,5,7.772,3.105623787044,6.889764,3.579104,10.1702431076,0,0,0,162.8, -3.9, 3.2,,,0,0,1024,1024,1024,1024,0,0,0,0,182.7,0,3.8,86,3.89,3.882,0,0,0,0,4.738,92.48,3.105623787044,6.889764,6,P-GPS,
34000,2026-05-22 09:16:09,51.988822772904,4.39005647057723,6.56168,,,2.777539787044,6.233596,0,9.899606616,22.7853025664,25,5,7.772,3.105623787044,6.889764,3.579104,10.1702431076,0,0,0,162.8, -3.9, 3,,,0,0,1024,1024,1024,1024,0,0,0,0,182.7,0,3.5,86,3.89,3.882,0,0,0,0,4.738,92.48,2.777539787044,6.56168,6,P-GPS,
34100,2026-05-22 09:16:09,51.9888227624042,4.3900564550589,6.56168,,,2.777539787044,6.233596,0,9.8944556972,22.7904862936,25,5,7.772,3.105623787044,6.889764,3.579104,10.1702431076,0,0,0,162.8, -4, 2.7,,,0,0,1024,1024,1024,1024,0,0,0,0,182.7,0,3.3,86,3.89,3.882,0,0,0,0,4.738,92.48,2.777539787044,6.56168,6,P-GPS,
34200,2026-05-22 09:16:09,51.9888228830792,4.39005657224626,6.56168,,,2.777539787044,6.233596,0,9.9434386384,22.8417986312,25,5,7.772,3.105623787044,6.889764,3.579104,10.1702431076,0,0,0,162.7, -4.2, 2.7,,,0,0,1024,1024,1024,1024,0,0,0,0,182.6,0,3.7,86,3.89,3.882,0,0,0,0,4.738,92.48,2.777539787044,6.56168,6,P-GPS,
34300,2026-05-22 09:16:09,51.9888228891499,4.39005659096077,6.56168,,,2.777539787044,6.233596,0,9.9480318144,22.8465558492,25,5,7.772,3.105623787044,6.889764,3.579104,10.1702431076,0,0,0,162.7, -4.5, 3.2,,,0,0,1024,1024,1024,1024,0,0,0,0,182.7,0,4.3,86,3.89,3.882,0,0,0,0,4.738,92.48,2.777539787044,6.56168,6,P-GPS,
34400,2026-05-22 09:16:10,51.9888231110605,4.39005655022081,6.56168,,,2.777539787044,6.233596,0,9.9954399524,22.9280191064,24,5,7.772,3.105623787044,6.889764,3.579104,10.1702431076,0,0,0,162.7, -4.4, 3.8,,,0,0,1024,1024,1024,1024,0,0,0,0,182.7,0,4.8,86,3.89,3.882,0,0,0,0,4.738,92.48,2.777539787044,6.56168,6,P-GPS,
34500,2026-05-22 09:16:10,51.9888231170552,4.39005658072187,6.56168,,,2.777539787044,6.233596,0,10.0020016324,22.935204146,24,5,7.772,3.105623787044,6.889764,3.579104,10.1702431076,0,0,0,162.7, -4.5, 4.1,,,0,0,1024,1024,1024,1024,0,0,0,0,182.7,0,4.7,86,3.89,3.882,0,0,0,0,4.738,92.48,2.777539787044,6.56168,6,P-GPS,
34600,2026-05-22 09:16:10,51.9888232157399,4.39005646324237,6.56168,,,2.777539787044,6.233596,0,10.006726042,22.9798563784,25,5,7.772,3.105623787044,6.889764,3.579104,10.1702431076,0,0,0,162.7, -4.5, 3.9,,,0,0,1024,1024,1024,1024,0,0,0,0,182.7,0,4.6,86,3.89,3.882,0,0,0,0,4.738,92.48,2.777539787044,6.56168,6,P-GPS,
34700,2026-05-22 09:16:10,51.9888232229319,4.39005647725477,6.56168,,,2.777539787044,6.233596,0,10.010827092,22.9839574284,25,5,7.772,3.105623787044,6.889764,3.579104,10.1702431076,0,0,0,162.7, -4.5, 3.9,,,0,0,1024,1024,1024,1024,0,0,0,0,182.7,0,4.7,86,3.89,3.882,0,0,0,0,4.738,92.48,2.777539787044,6.56168,6,P-GPS,
34800,2026-05-22 09:16:10,51.9888232135586,4.39005652818493,6.56168,,,2.777539787044,6.233596,0,10.0169622628,22.995899686,25,5,7.772,3.105623787044,6.889764,3.579104,10.1702431076,0,0,0,162.7, -4.4, 3.9,,,0,0,1024,1024,1024,1024,0,0,0,0,182.7,0,4.5,86,3.89,3.882,0,0,0,0,4.738,92.48,2.777539787044,6.56168,6,P-GPS,
34900,2026-05-22 09:16:10,51.9888232100322,4.39005652266205,6.889764,,,3.105623787044,6.233596,0,10.0151578008,22.9976713396,25,5,7.768,3.105623787044,6.889764,3.579104,10.1702431076,0,0,0,162.7, -4.2, 3.7,,,0,0,1024,1024,1024,1024,0,0,0,0,182.7,0,4.3,86,3.887,3.88,0,0,0,0,4.774,92.84,3.105623787044,6.889764,6,P-GPS,
35000,2026-05-22 09:16:10,51.9888231871606,4.39005647607229,6.889764,,,3.105623787044,6.233596,0,10.001804782,23.0110571668,25,5,7.768,3.105623787044,6.889764,3.579104,10.1702431076,0,0,0,162.7, -4.1, 3.4,,,0,0,1024,1024,1024,1024,0,0,0,0,182.7,0,4.1,86,3.887,3.88,0,0,0,0,4.774,92.84,3.105623787044,6.889764,6,P-GPS,
35100,2026-05-22 09:16:10,51.9888231702784,4.39005643792684,6.889764,,,3.105623787044,6.233596,0,9.9913389024,23.0216214716,25,5,7.768,3.105623787044,6.889764,3.579104,10.1702431076,0,0,0,162.8, -4, 3.3,,,0,0,1024,1024,1024,1024,0,0,0,0,182.7,0,3.5,86,3.887,3.88,0,0,0,0,4.774,92.84,3.105623787044,6.889764,6,P-GPS,
35200,2026-05-22 09:16:10,51.9888231576732,4.39005648766408,6.889764,,,3.105623787044,6.233596,0,9.9964898212,23.0337277712,25,5,7.768,3.105623787044,6.889764,3.579104,10.1702431076,0,0,0,162.8, -3.6, 2.3,,,0,0,1024,1024,1024,1024,0,0,0,0,182.6,0,2.5,86,3.887,3.88,0,0,0,0,4.774,92.84,3.105623787044,6.889764,6,P-GPS,
35300,2026-05-22 09:16:10,51.9888231377283,4.39005642074608,6.889764,,,3.105623787044,6.233596,0,9.980479322,23.0504272468,25,5,7.768,3.105623787044,6.889764,3.579104,10.1702431076,0,0,0,162.8, -3.4, 1.1,,,0,0,1024,1024,1024,1024,0,0,0,0,182.5,0,1,86,3.887,3.88,0,0,0,0,4.774,92.84,3.105623787044,6.889764,6,P-GPS,
35400,2026-05-22 09:16:11,51.9888232536893,4.39005654697942,6.889764,,,3.105623787044,6.233596,0,10.0299543892,23.1013458836,26,5,7.768,3.105623787044,6.889764,3.579104,10.1702431076,0,0,0,162.8, -3.3, 0.1,,,0,0,1024,1024,1024,1024,0,0,0,0,182.5,0,1,86,3.887,3.88,0,0,0,0,4.774,92.84,3.105623787044,6.889764,6,P-GPS,
35500,2026-05-22 09:16:11,51.9888232472855,4.39005651391864,6.889764,,,3.105623787044,6.233596,0,10.0229005832,23.1091214744,26,5,7.768,3.105623787044,6.889764,3.579104,10.1702431076,0,0,0,162.8, -3.5, 0.5,,,0,0,1024,1024,1024,1024,0,0,0,0,182.6,0,1.3,86,3.887,3.88,0,0,0,0,4.774,92.84,3.105623787044,6.889764,6,P-GPS,
35600,2026-05-22 09:16:11,51.9888232945729,4.39005672412206,6.889764,,,3.105623787044,6.233596,0,10.069390086,23.1594167516,26,5,7.768,3.105623787044,6.889764,3.579104,10.1702431076,0,0,0,162.8, -4, 0.6,,,0,0,1024,1024,1024,1024,0,0,0,0,182.6,0,1.6,86,3.887,3.88,0,0,0,0,4.774,92.84,3.105623787044,6.889764,6,P-GPS,
35700,2026-05-22 09:16:11,51.9888233090982,4.39005673013532,6.889764,,,3.105623787044,6.233596,0,10.073983262,23.1648957544,26,5,7.768,3.105623787044,6.889764,3.579104,10.1702431076,0,0,0,162.8, -4.1, 1.2,,,0,0,1024,1024,1024,1024,0,0,0,0,182.6,0,2.4,86,3.887,3.88,0,0,0,0,4.774,92.84,3.105623787044,6.889764,6,P-GPS,
35800,2026-05-22 09:16:11,51.9888234419757,4.39005692158945,6.889764,,,3.105623787044,6.233596,0,10.1384189596,23.2296923444,26,5,7.768,3.105623787044,6.889764,3.579104,10.1702431076,0,0,0,162.7, -4, 1.8,,,0,0,1024,1024,1024,1024,0,0,0,0,182.6,0,2.4,86,3.887,3.88,0,0,0,0,4.774,92.84,3.105623787044,6.889764,6,P-GPS,
35900,2026-05-22 09:16:11,51.9888234679528,4.39005693913886,6.889764,,,3.105623787044,6.233596,0,10.1477365452,23.2399613736,26,5,7.77,3.105623787044,6.889764,3.579104,10.1702431076,0,0,0,162.7, -4.3, 1.5,,,0,0,1024,1024,1024,1024,0,0,0,0,182.5,0,2.4,86,3.887,3.879,0,0,0,0,4.677,93.02,3.105623787044,6.889764,6,P-GPS,
36000,2026-05-22 09:16:11,51.9888234544706,4.39005726906502,6.889764,,,3.105623787044,6.233596,0,10.1992457332,23.3142395912,26,5,7.77,3.105623787044,6.889764,3.579104,10.1992457332,0,0,0,162.7, -4.2, 2,,,0,0,1024,1024,1024,1024,0,0,0,0,182.7,0,3.5,86,3.887,3.879,0,0,0,0,4.677,93.02,3.105623787044,6.889764,6,P-GPS,
36100,2026-05-22 09:16:11,51.9888234746115,4.39005734167284,6.889764,,,3.105623787044,6.233596,0,10.2163061012,23.3321529776,26,5,7.77,3.105623787044,6.889764,3.579104,10.2163061012,0,0,0,162.7, -3.8, 3.2,,,0,0,1024,1024,1024,1024,0,0,0,0,182.7,0,4.5,86,3.887,3.879,0,0,0,0,4.677,93.02,3.105623787044,6.889764,6,P-GPS,
36200,2026-05-22 09:16:11,51.9888234645496,4.3900574774182,6.889764,,,3.105623787044,6.233596,0,10.2364832672,23.36286164,26,5,7.77,3.105623787044,6.889764,3.579104,10.2364832672,0,0,0,162.7, -4.4, 3.8,,,0,0,1024,1024,1024,1024,0,0,0,0,182.6,0,4.3,86,3.887,3.879,0,0,0,0,4.677,93.02,3.105623787044,6.889764,6,P-GPS,
36300,2026-05-22 09:16:11,51.988823517715,4.39005754221468,6.889764,,,3.105623787044,6.233596,0,10.2602693572,23.3871070476,26,5,7.77,3.105623787044,6.889764,3.579104,10.2602693572,0,0,0,162.5, -5.4, 3.4,,,0,0,1024,1024,1024,1024,0,0,0,0,182.6,0,4.7,86,3.887,3.879,0,0,0,0,4.677,93.02,3.105623787044,6.889764,6,P-GPS,
36400,2026-05-22 09:16:12,51.9888236267175,4.39005769009786,6.889764,,,3.105623787044,6.233596,0,10.3115816948,23.4389443196,26,5,7.77,3.105623787044,6.889764,3.579104,10.3115816948,0,0,0,162.5, -5.6, 4.7,,,0,0,1024,1024,1024,1024,0,0,0,0,182.8,0,5.8,86,3.887,3.879,0,0,0,0,4.677,93.02,3.105623787044,6.889764,6,P-GPS,
36500,2026-05-22 09:16:12,51.9888236732853,4.39005778114196,6.889764,,,3.105623787044,6.233596,0,10.3381564988,23.4655191236,26,5,7.77,3.105623787044,6.889764,3.579104,10.3381564988,0,0,0,162.6, -5.8, 5.4,,,0,0,1024,1024,1024,1024,0,0,0,0,183,0,6.5,86,3.887,3.879,0,0,0,0,4.677,93.02,3.105623787044,6.889764,6,P-GPS,
36600,2026-05-22 09:16:12,51.9888238006917,4.39005790906903,6.889764,,,3.105623787044,6.233596,0,10.3906499388,23.520177918,27,5,7.77,3.105623787044,6.889764,3.579104,10.3906499388,0,0,0,162.6, -5.8, 5.6,,,0,0,1024,1024,1024,1024,0,0,0,0,182.8,0,5.8,86,3.887,3.879,0,0,0,0,4.677,93.02,3.105623787044,6.889764,6,P-GPS,
36700,2026-05-22 09:16:12,51.9888238112109,4.39005795242783,6.889764,,,3.105623787044,6.233596,0,10.400426842,23.5306437976,27,5,7.77,3.105623787044,6.889764,3.579104,10.400426842,0,0,0,162.6, -5.5, 4.8,,,0,0,1024,1024,1024,1024,0,0,0,0,182.7,0,5.4,86,3.887,3.879,0,0,0,0,4.677,93.02,3.105623787044,6.889764,6,P-GPS,
36800,2026-05-22 09:16:12,51.9888239166239,4.39005790802914,6.889764,,,3.105623787044,6.233596,0,10.4188651628,23.5704075784,27,5,7.77,3.105623787044,6.889764,3.579104,10.4188651628,0,0,0,162.6, -5, 4.4,,,0,0,1024,1024,1024,1024,0,0,0,0,182.8,0,5.4,86,3.887,3.879,0,0,0,0,4.677,93.02,3.105623787044,6.889764,6,P-GPS,
36900,2026-05-22 09:16:12,51.9888238976374,4.39005794641804,6.56168,,,2.777539787044,6.233596,0,10.420604008,23.5814640092,27,5,7.771,3.105623787044,6.889764,3.579104,10.420604008,0,0,0,162.7, -4.6, 5,,,0,0,1024,1024,1024,1024,0,0,0,0,182.8,0,5.9,86,3.882,3.875,0,0,0,0,4.64,93.02,2.777539787044,6.56168,6,P-GPS,
37000,2026-05-22 09:16:12,51.9888239490808,4.39005807904374,6.56168,,,2.777539787044,6.233596,0,10.4552824868,23.6166674224,27,5,7.771,3.105623787044,6.889764,3.579104,10.4552824868,0,0,0,162.7, -3.9, 4.9,,,0,0,1024,1024,1024,1024,0,0,0,0,182.7,0,5.4,86,3.882,3.875,0,0,0,0,4.64,93.02,2.777539787044,6.56168,6,P-GPS,
37100,2026-05-22 09:16:12,51.988823927702,4.39005807997581,6.56168,,,2.777539787044,6.233596,0,10.4501971848,23.6244758216,27,5,7.771,3.105623787044,6.889764,3.579104,10.4552824868,0,0,0,162.7, -3.5, 4.7,,,0,0,1024,1024,1024,1024,0,0,0,0,182.7,0,5.4,86,3.882,3.875,0,0,0,0,4.64,93.02,2.777539787044,6.56168,6,P-GPS,
37200,2026-05-22 09:16:12,51.9888240649658,4.39005829916608,6.889764,,,3.105623787044,6.233596,0,10.520341544,23.694718606,27,5,7.771,3.105623787044,6.889764,3.579104,10.520341544,0,0,0,162.6, -4, 4.8,,,0,0,1024,1024,1024,1024,0,0,0,0,182.8,0,5.7,86,3.882,3.875,0,0,0,0,4.64,93.02,3.105623787044,6.889764,6,P-GPS,
37300,2026-05-22 09:16:12,51.9888240823685,4.39005828830117,6.889764,,,3.105623787044,6.233596,0,10.5227693656,23.7015099448,27,5,7.771,3.105623787044,6.889764,3.579104,10.5227693656,0,0,0,162.7, -4.7, 5.4,,,0,0,1024,1024,1024,1024,0,0,0,0,182.9,0,6.4,86,3.882,3.875,0,0,0,0,4.64,93.02,3.105623787044,6.889764,6,P-GPS,
37400,2026-05-22 09:16:13,51.9888241552292,4.39005826143102,6.889764,,,3.105623787044,6.233596,0,10.5361880012,23.7287737252,26,5,7.771,3.105623787044,6.889764,3.579104,10.5361880012,0,0,0,162.6, -5.6, 5.6,,,0,0,1024,1024,1024,1024,0,0,0,0,182.9,0,6.1,86,3.882,3.875,0,0,0,0,4.64,93.02,3.105623787044,6.889764,6,P-GPS,
37500,2026-05-22 09:16:13,51.9888241848237,4.39005819950031,6.56168,,,2.777539787044,6.233596,0,10.5332024368,23.746391836,26,5,7.771,3.105623787044,6.889764,3.579104,10.5361880012,0,0,0,162.6, -6.1, 5.2,,,0,0,1024,1024,1024,1024,0,0,0,0,182.8,0,5.3,86,3.882,3.875,0,0,0,0,4.64,93.02,2.777539787044,6.56168,6,P-GPS,
37600,2026-05-22 09:16:13,51.9888243556004,4.39005824548144,6.56168,,,2.777539787044,6.233596,0,10.5829399712,23.809548006,24,5,7.771,3.105623787044,6.889764,3.579104,10.5829399712,0,0,0,162.6, -5.8, 4.2,,,0,0,1024,1024,1024,1024,0,0,0,0,182.8,0,4.9,86,3.882,3.875,0,0,0,0,4.64,93.02,2.777539787044,6.56168,6,P-GPS,
37700,2026-05-22 09:16:13,51.988824343415,4.3900581515507,6.56168,,,2.777539787044,6.233596,0,10.5644360336,23.8311031248,24,5,7.771,3.105623787044,6.889764,3.579104,10.5829399712,0,0,0,162.7, -5.4, 3.8,,,0,0,1024,1024,1024,1024,0,0,0,0,182.6,0,3.5,86,3.882,3.875,0,0,0,0,4.64,93.02,2.777539787044,6.56168,6,P-GPS,
37800,2026-05-22 09:16:13,51.9888243656119,4.39005837370413,6.56168,,,2.777539787044,6.233596,0,10.606627636,23.8816936776,23,5,7.771,3.105623787044,6.889764,3.579104,10.606627636,0,0,0,162.6, -5.1, 2.3,,,0,0,1024,1024,1024,1024,0,0,0,0,182.6,0,2.8,86,3.882,3.875,0,0,0,0,4.64,93.02,2.777539787044,6.56168,6,P-GPS,
37900,2026-05-22 09:16:13,51.9888243423644,4.39005833071746,6.56168,,,2.777539787044,6.233596,0,10.5937667432,23.894521762,23,5,7.771,3.105623787044,6.889764,3.579104,10.606627636,0,0,0,162.7, -4.8, 2.5,,,0,0,1024,1024,1024,1024,0,0,0,0,182.6,0,3.6,86,3.882,3.875,0,0,0,0,4.64,93.02,2.777539787044,6.56168,6,P-GPS,
38000,2026-05-22 09:16:13,51.9888242453984,4.39005840706401,6.56168,,,2.777539787044,6.233596,0,10.5825462704,23.9338590336,24,5,7.771,3.105623787044,6.889764,3.579104,10.606627636,0,0,0,162.7, -4.7, 3,,,0,0,1024,1024,1024,1024,0,0,0,0,182.8,0,4.5,86,3.882,3.875,0,0,0,0,4.64,93.02,2.777539787044,6.56168,6,P-GPS,
38100,2026-05-22 09:16:13,51.9888242232989,4.39005842729835,6.56168,,,2.777539787044,6.233596,0,10.5804793412,23.9431110024,24,5,7.771,3.105623787044,6.889764,3.579104,10.606627636,0,0,0,162.8, -4.5, 4.5,,,0,0,1024,1024,1024,1024,0,0,0,0,182.8,0,5.3,86,3.882,3.875,0,0,0,0,4.64,93.02,2.777539787044,6.56168,6,P-GPS,
38200,2026-05-22 09:16:13,51.9888241409953,4.39005851785554,6.56168,,,2.777539787044,6.233596,0,10.5753612308,23.9793642844,24,5,7.771,3.105623787044,6.889764,3.579104,10.606627636,0,0,0,162.7, -4, 4.2,,,0,0,1024,1024,1024,1024,0,0,0,0,182.6,0,4.2,86,3.882,3.875,0,0,0,0,4.64,93.02,2.777539787044,6.56168,6,P-GPS,
38300,2026-05-22 09:16:14,51.9888241132898,4.39005847968226,6.56168,,,2.777539787044,6.233596,0,10.5622378708,23.992618878,24,5,7.771,3.105623787044,6.889764,3.579104,10.606627636,0,0,0,162.6, -4, 3.1,,,0,0,1024,1024,1024,1024,0,0,0,0,182.5,0,3.6,86,3.882,3.875,0,0,0,0,4.64,93.02,2.777539787044,6.56168,6,P-GPS,
38400,2026-05-22 09:16:14,51.9888241351612,4.39005860873965,6.56168,,,2.777539787044,6.233596,0,10.5891079504,24.0227041808,24,5,7.771,3.105623787044,6.889764,3.579104,10.606627636,0,0,0,162.6, -4.2, 2.8,,,0,0,1024,1024,1024,1024,0,0,0,0,182.6,0,3.2,86,3.882,3.875,0,0,0,0,4.64,93.02,2.777539787044,6.56168,6,P-GPS,
38500,2026-05-22 09:16:14,51.9888241090202,4.39005856331498,6.889764,,,3.105623787044,6.233596,0,10.575131572,24.0366805592,24,5,7.771,3.105623787044,6.889764,3.579104,10.606627636,0,0,0,162.7, -4, 2.4,,,0,0,1024,1024,1024,1024,0,0,0,0,182.6,0,2.8,86,3.882,3.875,0,0,0,0,4.64,93.02,3.105623787044,6.889764,6,P-GPS,
38600,2026-05-22 09:16:14,51.9888241340892,4.39005839935701,6.889764,,,3.105623787044,6.233596,0,10.5539373456,24.074639878,26,5,7.771,3.105623787044,6.889764,3.579104,10.606627636,0,0,0,162.7, -3.8, 2,,,0,0,1024,1024,1024,1024,0,0,0,0,182.5,0,2.4,86,3.882,3.875,0,0,0,0,4.64,93.02,3.105623787044,6.889764,6,P-GPS,
38700,2026-05-22 09:16:14,51.9888241003334,4.39005838021125,6.889764,,,3.105623787044,6.233596,0,10.542487214,24.0876648128,26,5,7.771,3.105623787044,6.889764,3.579104,10.606627636,0,0,0,162.8, -3.2, 1.6,,,0,0,1024,1024,1024,1024,0,0,0,0,182.6,0,2.7,86,3.882,3.875,0,0,0,0,4.64,93.02,3.105623787044,6.889764,6,P-GPS,
38800,2026-05-22 09:16:14,51.9888241244054,4.3900584538694,6.889764,,,3.105623787044,6.233596,0,10.5606630676,24.1064312176,26,5,7.771,3.105623787044,6.889764,3.579104,10.606627636,0,0,0,162.9, -2.6, 2.2,,,0,0,1024,1024,1024,1024,0,0,0,0,182.7,0,2.6,86,3.882,3.875,0,0,0,0,4.64,93.02,3.105623787044,6.889764,6,P-GPS,
38900,2026-05-22 09:16:14,51.9888241776629,4.39005844222543,6.889764,,,3.105623787044,6.233596,0,10.5717523068,24.1260178324,27,5,7.755,3.105623787044,6.889764,3.579104,10.606627636,0,0,0,162.9, -2.9, 1.5,,,0,0,1024,1024,1024,1024,0,0,0,0,182.7,0,1.5,85,3.879,3.874,0,0,0,0,4.822,93.2,3.105623787044,6.889764,6,P-GPS,
39000,2026-05-22 09:16:14,51.9888241856858,4.39005836902289,6.56168,,,2.777539787044,6.233596,0,10.5615488944,24.142717308,27,5,7.755,3.105623787044,6.889764,3.579104,10.606627636,0,0,0,162.9, -3.6, 0.3,,,0,0,1024,1024,1024,1024,0,0,0,0,182.6,0,0.4,85,3.879,3.874,0,0,0,0,4.822,93.2,2.777539787044,6.56168,6,P-GPS,
39100,2026-05-22 09:16:14,51.9888242094044,4.3900583094954,6.56168,,,2.777539787044,6.233596,0,10.5575134612,24.1586621904,27,5,7.755,3.105623787044,6.889764,3.579104,10.606627636,0,0,0,162.9, -4.5, -0.1,,,0,0,1024,1024,1024,1024,0,0,0,0,182.6,0,1,85,3.879,3.874,0,0,0,0,4.822,93.2,2.777539787044,6.56168,6,P-GPS,
39200,2026-05-22 09:16:14,51.9888242541432,4.39005817078341,6.56168,,,2.777539787044,6.233596,0,10.5455383952,24.1938327952,26,5,7.755,3.105623787044,6.889764,3.579104,10.606627636,0,0,0,162.8, -4.6, 0.4,,,0,0,1024,1024,1024,1024,0,0,0,0,182.5,0,1.3,85,3.879,3.874,0,0,0,0,4.822,93.2,2.777539787044,6.56168,6,P-GPS,
39300,2026-05-22 09:16:15,51.9888243261901,4.39005817911642,6.56168,,,2.777539787044,6.233596,0,10.5646985008,24.2201779404,27,5,7.755,3.105623787044,6.889764,3.579104,10.606627636,0,0,0,162.7, -4.3, 0.6,,,0,0,1024,1024,1024,1024,0,0,0,0,182.5,0,1.1,85,3.879,3.874,0,0,0,0,4.822,93.2,2.777539787044,6.56168,6,P-GPS,
39400,2026-05-22 09:16:15,51.9888243277707,4.39005819327837,6.56168,,,2.777539787044,6.233596,0,10.5674544064,24.223425972,27,5,7.755,3.105623787044,6.889764,3.579104,10.606627636,0,0,0,162.8, -3.9, 0.6,,,0,0,1024,1024,1024,1024,0,0,0,0,182.6,0,1.6,85,3.879,3.874,0,0,0,0,4.822,93.2,2.777539787044,6.56168,6,P-GPS,
39500,2026-05-22 09:16:15,51.9888243172194,4.39005823792747,6.56168,,,2.777539787044,6.233596,0,10.5722116244,24.2341871272,27,5,7.755,3.105623787044,6.889764,3.579104,10.606627636,0,0,0,162.9, -3.2, 1.3,,,0,0,1024,1024,1024,1024,0,0,0,0,182.7,0,2.6,85,3.879,3.874,0,0,0,0,4.822,93.2,2.777539787044,6.56168,6,P-GPS,
39600,2026-05-22 09:16:15,51.9888243768143,4.39005802075785,6.56168,,,2.777539787044,6.233596,0,10.5511486316,24.2875992024,27,5,7.755,3.105623787044,6.889764,3.579104,10.606627636,0,0,0,162.9, -2.6, 2.3,,,0,0,1024,1024,1024,1024,0,0,0,0,182.6,0,3.2,85,3.879,3.874,0,0,0,0,4.822,93.2,2.777539787044,6.56168,6,P-GPS,
39700,2026-05-22 09:16:15,51.9888243642433,4.3900580978591,6.56168,,,2.777539787044,6.233596,0,10.5607286844,24.3055125888,27,5,7.755,3.105623787044,6.889764,3.579104,10.606627636,0,0,0,162.8, -2, 2.5,,,0,0,1024,1024,1024,1024,0,0,0,0,182.5,0,3.3,85,3.879,3.874,0,0,0,0,4.822,93.2,2.777539787044,6.56168,6,P-GPS,
39800,2026-05-22 09:16:15,51.9888242677828,4.39005788906423,6.56168,,,2.777539787044,6.233596,0,10.5023953492,24.3641411996,27,5,7.755,3.105623787044,6.889764,3.579104,10.606627636,0,0,0,162.7, -1.5, 2.8,,,0,0,1024,1024,1024,1024,0,0,0,0,182.4,0,3.5,85,3.879,3.874,0,0,0,0,4.822,93.2,2.777539787044,6.56168,6,P-GPS,
39900,2026-05-22 09:16:15,51.9888241829272,4.39005772772859,6.56168,,,2.777539787044,6.233596,0,10.4547575524,24.4118118048,27,5,7.744,3.105623787044,6.889764,3.579104,10.606627636,0,0,0,162.6, -1.4, 3,,,0,0,1024,1024,1024,1024,0,0,0,0,182.3,0,3.7,85,3.876,3.87,0,0,0,0,5.022,93.38,2.777539787044,6.56168,6,P-GPS,
40000,2026-05-22 09:16:15,51.9888241728836,4.39005784226928,6.56168,,,2.777539787044,6.233596,0,10.4711617524,24.437828866,27,5,7.744,3.105623787044,6.889764,3.579104,10.606627636,0,0,0,162.7, -0.6, 3.3,,,0,0,1024,1024,1024,1024,0,0,0,0,182.6,0,5,85,3.876,3.87,0,0,0,0,5.022,93.38,2.777539787044,6.56168,6,P-GPS,
40100,2026-05-22 09:16:15,51.9888241178763,4.39005780381082,6.889764,,,3.105623787044,6.233596,0,10.4512142452,24.4596792604,27,5,7.744,3.105623787044,6.889764,3.579104,10.606627636,0,0,0,162.9, -0.9, 5,,,0,0,1024,1024,1024,1024,0,0,0,0,182.7,0,6.3,85,3.876,3.87,0,0,0,0,5.022,93.38,3.105623787044,6.889764,6,P-GPS,
40200,2026-05-22 09:16:15,51.988824171998,4.3900579350071,6.889764,,,3.105623787044,6.233596,0,10.4862536164,24.4951451408,27,5,7.744,3.105623787044,6.889764,3.579104,10.606627636,0,0,0,162.7, -2.2, 5.8,,,0,0,1024,1024,1024,1024,0,0,0,0,182.7,0,6.8,85,3.876,3.87,0,0,0,0,5.022,93.38,3.105623787044,6.889764,6,P-GPS,
40300,2026-05-22 09:16:16,51.988824243367,4.39005803481894,6.889764,,,3.105623787044,6.233596,0,10.5204071608,24.529528344,27,5,7.744,3.105623787044,6.889764,3.579104,10.606627636,0,0,0,162.7, -3.1, 6.1,,,0,0,1024,1024,1024,1024,0,0,0,0,182.8,0,7,85,3.876,3.87,0,0,0,0,5.022,93.38,3.105623787044,6.889764,6,P-GPS,
40400,2026-05-22 09:16:16,51.9888243630065,4.39005792077907,6.889764,,,3.105623787044,6.233596,0,10.5312667412,24.5801188968,27,5,7.744,3.105623787044,6.889764,3.579104,10.606627636,0,0,0,162.7, -3.2, 6.2,,,0,0,1024,1024,1024,1024,0,0,0,0,182.8,0,6.7,85,3.876,3.87,0,0,0,0,5.022,93.38,3.105623787044,6.889764,6,P-GPS,
40500,2026-05-22 09:16:16,51.9888244138149,4.39005794444956,6.889764,,,3.105623787044,6.233596,0,10.5477693664,24.599410236,27,5,7.744,3.105623787044,6.889764,3.579104,10.606627636,0,0,0,162.7, -3.4, 5.7,,,0,0,1024,1024,1024,1024,0,0,0,0,182.8,0,6.1,85,3.876,3.87,0,0,0,0,5.022,93.38,3.105623787044,6.889764,6,P-GPS,
40600,2026-05-22 09:16:16,51.9888243181393,4.39005762723856,6.889764,,,3.105623787044,6.233596,0,10.4718507288,24.6787737556,27,5,7.744,3.105623787044,6.889764,3.579104,10.606627636,0,0,0,162.8, -3.6, 5.3,,,0,0,1024,1024,1024,1024,0,0,0,0,182.9,0,5.7,85,3.876,3.87,0,0,0,0,5.022,93.38,3.105623787044,6.889764,6,P-GPS,
40700,2026-05-22 09:16:16,51.9888243534768,4.39005755398037,6.889764,,,3.105623787044,6.233596,0,10.468668314,24.6996727064,27,5,7.744,3.105623787044,6.889764,3.579104,10.606627636,0,0,0,162.8, -3.6, 4.6,,,0,0,1024,1024,1024,1024,0,0,0,0,182.8,0,4.7,85,3.876,3.87,0,0,0,0,5.022,93.38,3.105623787044,6.889764,6,P-GPS,
40800,2026-05-22 09:16:16,51.9888242884173,4.39005737988437,6.889764,,,3.105623787044,6.233596,0.223694,10.4239176564,24.7454404244,27,5,7.744,3.105623787044,6.889764,3.579104,10.606627636,0,-0.223694,0,162.7, -4.3, 3.1,,,0,0,1024,1024,1024,1024,0,0,0,0,182.5,0,2.5,85,3.876,3.87,0,0,0,0,5.022,93.38,3.105623787044,6.889764,6,P-GPS,
40900,2026-05-22 09:16:16,51.9888243242861,4.39005723326366,6.889764,,,3.105623787044,6.233596,0,10.408957026,24.7808734964,27,5,7.764,3.105623787044,6.889764,3.579104,10.606627636,0,0,0,162.7, -5.2, 1.2,,,0,0,1024,1024,1024,1024,0,0,0,0,182.6,0,1.6,85,3.877,3.871,0,0,0,0,4.538,93.56,3.105623787044,6.889764,6,P-GPS,
41000,2026-05-22 09:16:16,51.9888244864743,4.39005687695775,6.889764,,,3.105623787044,6.233596,0,10.3920278916,24.8804469904,27,5,7.764,3.105623787044,6.889764,3.579104,10.606627636,0,0,0,162.8, -5.2, 1,,,0,0,1024,1024,1024,1024,0,0,0,0,182.6,0,1.9,85,3.877,3.871,0,0,0,0,4.538,93.56,3.105623787044,6.889764,6,P-GPS,
41100,2026-05-22 09:16:16,51.9888246517991,4.39005659002174,6.889764,,,3.105623787044,6.233596,0,10.3879268416,24.9687343948,27,5,7.764,3.105623787044,6.889764,3.579104,10.606627636,0,0,0,162.8, -5.5, 1.4,,,0,0,1024,1024,1024,1024,0,0,0,0,182.7,0,2.6,85,3.877,3.871,0,0,0,0,4.538,93.56,3.105623787044,6.889764,6,P-GPS,
41200,2026-05-22 09:16:16,51.988824683711,4.39005655320484,6.889764,,,3.105623787044,6.233596,0,10.3901906212,24.9830060488,27,5,7.764,3.105623787044,6.889764,3.579104,10.606627636,0,0,0,162.8, -5.8, 2.2,,,0,0,1024,1024,1024,1024,0,0,0,0,182.8,0,3,85,3.877,3.871,0,0,0,0,4.538,93.56,3.105623787044,6.889764,6,P-GPS,
41300,2026-05-22 09:16:16,51.9888247076353,4.39005652185518,6.889764,,,3.105623787044,6.233596,0,10.3913061068,24.9942265216,27,5,7.764,3.105623787044,6.889764,3.579104,10.606627636,0,0,0,162.8, -6, 2.3,,,0,0,1024,1024,1024,1024,0,0,0,0,182.7,0,3.1,85,3.877,3.871,0,0,0,0,4.538,93.56,3.105623787044,6.889764,6,P-GPS,
41400,2026-05-22 09:16:17,51.9888247510418,4.39005642037743,6.889764,,,3.105623787044,6.233596,0,10.3862208048,25.021982428,27,5,7.764,3.105623787044,6.889764,3.579104,10.606627636,0,0,0,162.8, -5.6, 2.4,,,0,0,1024,1024,1024,1024,0,0,0,0,182.7,0,3,85,3.877,3.871,0,0,0,0,4.538,93.56,3.105623787044,6.889764,6,P-GPS,
41500,2026-05-22 09:16:17,51.9888247489376,4.39005638339707,6.889764,,,3.105623787044,6.233596,0,10.3797903584,25.0303157616,27,5,7.764,3.105623787044,6.889764,3.579104,10.606627636,0,0,0,162.8, -5.5, 2.1,,,0,0,1024,1024,1024,1024,0,0,0,0,182.7,0,2.4,85,3.877,3.871,0,0,0,0,4.538,93.56,3.105623787044,6.889764,6,P-GPS,
41600,2026-05-22 09:16:17,51.9888247851468,4.39005631207954,6.889764,,,3.105623787044,6.233596,0,10.3777562376,25.0510834788,27,5,7.764,3.105623787044,6.889764,3.579104,10.606627636,0,0,0,162.7, -5.4, 1.6,,,0,0,1024,1024,1024,1024,0,0,0,0,182.7,0,2.6,85,3.877,3.871,0,0,0,0,4.538,93.56,3.105623787044,6.889764,6,P-GPS,
41700,2026-05-22 09:16:17,51.9888247581642,4.3900563000704,6.889764,,,3.105623787044,6.233596,0,10.3688979696,25.0612868912,27,5,7.764,3.105623787044,6.889764,3.579104,10.606627636,0,0,0,162.8, -5.1, 2.1,,,0,0,1024,1024,1024,1024,0,0,0,0,182.7,0,2.6,85,3.877,3.871,0,0,0,0,4.538,93.56,3.105623787044,6.889764,6,P-GPS,
41800,2026-05-22 09:16:17,51.988824836557,4.39005626230057,6.889764,,,3.105623787044,6.233596,0,10.3831040068,25.0911425352,27,5,7.764,3.105623787044,6.889764,3.579104,10.606627636,0,0,0,162.8, -4.9, 1.8,,,0,0,1024,1024,1024,1024,0,0,0,0,182.6,0,2.4,85,3.877,3.871,0,0,0,0,4.538,93.56,3.105623787044,6.889764,6,P-GPS,
41900,2026-05-22 09:16:17,51.9888248261493,4.39005625767498,6.889764,,,3.105623787044,6.233596,0,10.3796591248,25.0950795432,27,5,7.757,3.105623787044,6.889764,3.579104,10.606627636,0,0,0,162.7, -5.5, 2,,,0,0,1024,1024,1024,1024,0,0,0,0,182.7,0,3.1,85,3.883,3.879,0,0,0,0,4.738,93.56,3.105623787044,6.889764,6,P-GPS,
42000,2026-05-22 09:16:17,51.9888250833417,4.39005629065925,6.889764,,,3.105623787044,6.233596,0,10.4514767124,25.1892068428,27,5,7.757,3.105623787044,6.889764,3.579104,10.606627636,0,0,0,162.7, -6.3, 2.7,,,0,0,1024,1024,1024,1024,0,0,0,0,182.8,0,3.3,85,3.883,3.879,0,0,0,0,4.738,93.56,3.105623787044,6.889764,6,P-GPS,
42100,2026-05-22 09:16:17,51.9888250801965,4.39005629024538,6.889764,,,3.105623787044,6.233596,0,10.4505908856,25.1903551368,27,5,7.757,3.105623787044,6.889764,3.579104,10.606627636,0,0,0,162.7, -6.6, 2.5,,,0,0,1024,1024,1024,1024,0,0,0,0,182.7,0,2.9,85,3.883,3.879,0,0,0,0,4.738,93.56,3.105623787044,6.889764,6,P-GPS,
42200,2026-05-22 09:16:17,51.9888253747462,4.39005639762162,6.889764,,,3.105623787044,6.233596,0,10.5441604424,25.3004929356,27,5,7.757,3.105623787044,6.889764,3.579104,10.606627636,0,0,0,162.7, -6.2, 2.2,,,0,0,1024,1024,1024,1024,0,0,0,0,182.7,0,2.9,85,3.883,3.879,0,0,0,0,4.738,93.56,3.105623787044,6.889764,6,P-GPS,
42300,2026-05-22 09:16:17,51.9888253289173,4.39005639918667,6.889764,,,3.105623787044,6.233596,0,10.5324478436,25.3172252196,27,5,7.757,3.105623787044,6.889764,3.579104,10.606627636,0,0,0,162.8, -5.5, 2.1,,,0,0,1024,1024,1024,1024,0,0,0,0,182.6,0,2.4,85,3.883,3.879,0,0,0,0,4.738,93.56,3.105623787044,6.889764,6,P-GPS,
42400,2026-05-22 09:16:18,51.9888253786613,4.39005640631286,6.889764,,,3.105623787044,6.233596,0,10.5465554556,25.3354338816,27,5,7.757,3.105623787044,6.889764,3.579104,10.606627636,0,0,0,162.7, -4.6, 1.7,,,0,0,1024,1024,1024,1024,0,0,0,0,182.6,0,2.4,85,3.883,3.879,0,0,0,0,4.738,93.56,3.105623787044,6.889764,6,P-GPS,
42500,2026-05-22 09:16:18,51.9888255098233,4.39005621302936,6.889764,,,3.105623787044,6.233596,0,10.5506236972,25.4000664296,28,5,7.757,3.105623787044,6.889764,3.579104,10.606627636,0,0,0,162.8, -3.9, 1.7,,,0,0,1024,1024,1024,1024,0,0,0,0,182.6,0,2.6,85,3.883,3.879,0,0,0,0,4.738,93.56,3.105623787044,6.889764,6,P-GPS,
42600,2026-05-22 09:16:18,51.988825462204,4.39005621475787,6.889764,,,3.105623787044,6.233596,0,10.538386164,25.4174220732,28,5,7.757,3.105623787044,6.889764,3.579104,10.606627636,0,0,0,162.8, -3.7, 1.8,,,0,0,1024,1024,1024,1024,0,0,0,0,182.6,0,2.6,85,3.883,3.879,0,0,0,0,4.738,93.56,3.105623787044,6.889764,6,P-GPS,
42700,2026-05-22 09:16:18,51.988825431636,4.3900562199747,6.889764,,,3.105623787044,6.233596,0,10.5312011244,25.428642546,28,5,7.757,3.105623787044,6.889764,3.579104,10.606627636,0,0,0,162.8, -3.7, 2.1,,,0,0,1024,1024,1024,1024,0,0,0,0,182.7,0,2.9,85,3.883,3.879,0,0,0,0,4.738,93.56,3.105623787044,6.889764,6,P-GPS,
42800,2026-05-22 09:16:18,51.9888257344528,4.39005619407488,6.889764,,,3.105623787044,6.233596,0,10.606791678,25.5392724708,28,5,7.757,3.105623787044,6.889764,3.579104,10.606791678,0,0,0,162.8, -4.1, 1.9,,,0,0,1024,1024,1024,1024,0,0,0,0,182.6,0,2.4,85,3.883,3.879,0,0,0,0,4.738,93.56,3.105623787044,6.889764,6,P-GPS,
42900,2026-05-22 09:16:18,51.9888257317381,4.39005616635961,6.889764,,,3.105623787044,6.233596,0,10.6018048012,25.545604492,28,5,7.763,3.105623787044,6.889764,3.579104,10.606791678,0,0,0,162.7, -4.8, 1.5,,,0,0,1024,1024,1024,1024,0,0,0,0,182.6,0,2.3,85,3.875,3.872,0,0,0,0,4.614,93.74,3.105623787044,6.889764,6,P-GPS,
43000,2026-05-22 09:16:18,51.9888259949221,4.39005614142317,6.889764,,,3.105623787044,6.233596,0,10.66765126,25.6417659124,28,5,7.763,3.105623787044,6.889764,3.579104,10.66765126,0,0,0,162.7, -5.1, 1.9,,,0,0,1024,1024,1024,1024,0,0,0,0,182.6,0,2.5,85,3.875,3.872,0,0,0,0,4.614,93.74,3.105623787044,6.889764,6,P-GPS,
43100,2026-05-22 09:16:18,51.9888259967222,4.39005610471756,6.889764,,,3.105623787044,6.233596,0,10.6624675328,25.6500664376,28,5,7.763,3.105623787044,6.889764,3.579104,10.66765126,0,0,0,162.8, -5.1, 1.6,,,0,0,1024,1024,1024,1024,0,0,0,0,182.7,0,2.1,85,3.875,3.872,0,0,0,0,4.614,93.74,3.105623787044,6.889764,6,P-GPS,
43200,2026-05-22 09:16:18,51.9888260979192,4.39005579143657,6.889764,,,3.105623787044,6.233596,0,10.6414373484,25.7295283824,28,5,7.763,3.105623787044,6.889764,3.579104,10.66765126,0,0,0,162.8, -5.3, 1,,,0,0,1024,1024,1024,1024,0,0,0,0,182.5,0,0.7,85,3.875,3.872,0,0,0,0,4.614,93.74,3.105623787044,6.889764,6,P-GPS,
43300,2026-05-22 09:16:18,51.9888260960237,4.39005572684528,6.889764,,,3.105623787044,6.233596,0,10.6311027024,25.7440625036,28,5,7.763,3.105623787044,6.889764,3.579104,10.66765126,0,0,0,162.8, -5.4, -0.2,,,0,0,1024,1024,1024,1024,0,0,0,0,182.5,0,0.2,85,3.875,3.872,0,0,0,0,4.614,93.74,3.105623787044,6.889764,6,P-GPS,
43400,2026-05-22 09:16:19,51.9888262075278,4.39005536138209,6.889764,,,3.105623787044,6.233596,0,10.6055777672,25.8356963648,28,5,7.763,3.105623787044,6.889764,3.579104,10.66765126,0,0,0,162.8, -5.9, -0.3,,,0,0,1024,1024,1024,1024,0,0,0,0,182.6,0,1,85,3.875,3.872,0,0,0,0,4.614,93.74,3.105623787044,6.889764,6,P-GPS,
43500,2026-05-22 09:16:19,51.9888262223037,4.39005536130558,6.889764,,,3.105623787044,6.233596,0,10.6095475836,25.8410769424,28,5,7.763,3.105623787044,6.889764,3.579104,10.66765126,0,0,0,162.8, -6, 0.7,,,0,0,1024,1024,1024,1024,0,0,0,0,182.6,0,1.5,85,3.875,3.872,0,0,0,0,4.614,93.74,3.105623787044,6.889764,6,P-GPS,
43600,2026-05-22 09:16:19,51.9888263244987,4.39005530120771,6.889764,,,3.105623787044,6.233596,0,10.628117138,25.880742298,28,5,7.763,3.105623787044,6.889764,3.579104,10.66765126,0,0,0,162.8, -5.7, 0.7,,,0,0,1024,1024,1024,1024,0,0,0,0,182.6,0,1.4,85,3.875,3.872,0,0,0,0,4.614,93.74,3.105623787044,6.889764,6,P-GPS,
43700,2026-05-22 09:16:19,51.9888263114716,4.39005533587527,6.889764,,,3.105623787044,6.233596,0,10.6298231748,25.8898630332,28,5,7.763,3.105623787044,6.889764,3.579104,10.66765126,0,0,0,162.8, -5, 1.1,,,0,0,1024,1024,1024,1024,0,0,0,0,182.6,0,2.1,85,3.875,3.872,0,0,0,0,4.614,93.74,3.105623787044,6.889764,6,P-GPS,
43800,2026-05-22 09:16:19,51.9888263630949,4.39005528692751,6.889764,,,3.105623787044,6.233596,0,10.6364176632,25.9116806192,28,5,7.763,3.105623787044,6.889764,3.579104,10.66765126,0,0,0,162.7, -4.5, 1.4,,,0,0,1024,1024,1024,1024,0,0,0,0,182.5,0,2.1,85,3.875,3.872,0,0,0,0,4.614,93.74,3.105623787044,6.889764,6,P-GPS,
43900,2026-05-22 09:16:19,51.9888263309143,4.39005534733839,6.889764,,,3.105623787044,6.233596,0,10.636811364,25.929626814,28,5,7.751,3.105623787044,6.889764,3.579104,10.66765126,0,0,0,162.8, -3.8, 1.5,,,0,0,1024,1024,1024,1024,0,0,0,0,182.6,0,2.7,85,3.876,3.874,0,0,0,0,4.822,93.74,3.105623787044,6.889764,6,P-GPS,
44000,2026-05-22 09:16:19,51.9888264258542,4.39005526197716,6.889764,,,3.105623787044,6.233596,0,10.6497050652,25.9692265528,28,5,7.751,3.105623787044,6.889764,3.579104,10.66765126,0,0,0,162.8, -2.7, 2.2,,,0,0,1024,1024,1024,1024,0,0,0,0,182.7,0,3.4,85,3.876,3.874,0,0,0,0,4.822,93.74,3.105623787044,6.889764,6,P-GPS,
44100,2026-05-22 09:16:19,51.9888264158705,4.39005532926034,6.889764,,,3.105623787044,6.233596,0,10.6571197636,25.9847777344,28,5,7.751,3.105623787044,6.889764,3.579104,10.66765126,0,0,0,162.9, -2.5, 3,,,0,0,1024,1024,1024,1024,0,0,0,0,182.7,0,3.5,85,3.876,3.874,0,0,0,0,4.822,93.74,3.105623787044,6.889764,6,P-GPS,
44200,2026-05-22 09:16:19,51.9888264951854,4.39005513200857,6.889764,,,3.105623787044,6.233596,0,10.649114514,26.0376976836,28,5,7.751,3.105623787044,6.889764,3.579104,10.66765126,0,0,0,162.8, -3.7, 2,,,0,0,1024,1024,1024,1024,0,0,0,0,182.6,0,2.5,85,3.876,3.874,0,0,0,0,4.822,93.74,3.105623787044,6.889764,6,P-GPS,
44300,2026-05-22 09:16:19,51.9888265378177,4.39005513111823,6.889764,,,3.105623787044,6.233596,0,10.660597454,26.0532488652,28,5,7.751,3.105623787044,6.889764,3.579104,10.66765126,0,0,0,162.8, -4.7, 2.1,,,0,0,1024,1024,1024,1024,0,0,0,0,182.7,0,2.7,85,3.876,3.874,0,0,0,0,4.822,93.74,3.105623787044,6.889764,6,P-GPS,
44400,2026-05-22 09:16:20,51.9888265081461,4.39005506859628,6.889764,,,3.105623787044,6.233596,0,10.6431761936,26.0709982096,28,5,7.751,3.105623787044,6.889764,3.579104,10.66765126,0,0,0,162.8, -5.5, 1.7,,,0,0,1024,1024,1024,1024,0,0,0,0,182.6,0,1.8,85,3.876,3.874,0,0,0,0,4.822,93.74,3.105623787044,6.889764,6,P-GPS,
44500,2026-05-22 09:16:20,51.9888265639758,4.39005499301139,6.889764,,,3.105623787044,6.233596,0,10.64714601,26.0975073968,28,5,7.751,3.105623787044,6.889764,3.579104,10.66765126,0,0,0,162.7, -6.1, 0.7,,,0,0,1024,1024,1024,1024,0,0,0,0,182.6,0,1.3,85,3.876,3.874,0,0,0,0,4.822,93.74,3.105623787044,6.889764,6,P-GPS,
44600,2026-05-22 09:16:20,51.98882654497,4.39005473041015,6.889764,,,3.105623787044,6.233596,0,10.6029530952,26.1569234092,27,5,7.751,3.105623787044,6.889764,3.579104,10.66765126,0,0,0,162.8, -7, 0.7,,,0,0,1024,1024,1024,1024,0,0,0,0,182.6,0,1.8,85,3.876,3.874,0,0,0,0,4.822,93.74,3.105623787044,6.889764,6,P-GPS,
44700,2026-05-22 09:16:20,51.9888266067227,4.39005468373344,6.889764,,,3.105623787044,6.233596,0,10.6129924656,26.181759368,27,5,7.751,3.105623787044,6.889764,3.579104,10.66765126,0,0,0,162.7, -7.3, 1.1,,,0,0,1024,1024,1024,1024,0,0,0,0,182.6,0,2.2,85,3.876,3.874,0,0,0,0,4.822,93.74,3.105623787044,6.889764,6,P-GPS,
44800,2026-05-22 09:16:20,51.9888266366395,4.39005459885564,6.889764,,,3.105623787044,6.233596,0,10.6086945652,26.203740996,27,5,7.751,3.105623787044,6.889764,3.579104,10.66765126,0,0,0,162.6, -7.2, 1.6,,,0,0,1024,1024,1024,1024,0,0,0,0,182.6,0,2.4,85,3.876,3.874,0,0,0,0,4.822,93.74,3.105623787044,6.889764,6,P-GPS,
44900,2026-05-22 09:16:20,51.9888266641779,4.39005458995225,6.889764,,,3.105623787044,6.233596,0,10.6149609696,26.2139772168,27,5,7.75,3.105623787044,6.889764,3.579104,10.66765126,0,0,0,162.7, -7.1, 1.7,,,0,0,1024,1024,1024,1024,0,0,0,0,182.7,0,2.7,85,3.881,3.878,0,0,0,0,4.757,93.92,3.105623787044,6.889764,6,P-GPS,
45000,2026-05-22 09:16:20,51.9888267603183,4.39005466447987,6.889764,,,3.105623787044,6.233596,0,10.6524281624,26.2528551708,26,5,7.75,3.105623787044,6.889764,3.579104,10.66765126,0,0,0,162.8, -7, 2.1,,,0,0,1024,1024,1024,1024,0,0,0,0,182.7,0,2.5,85,3.881,3.878,0,0,0,0,4.757,93.92,3.105623787044,6.889764,6,P-GPS,
45100,2026-05-22 09:16:20,51.9888267649969,4.39005461907607,6.889764,,,3.105623787044,6.233596,0,10.6470147764,26.2631898168,26,5,7.75,3.105623787044,6.889764,3.579104,10.66765126,0,0,0,162.7, -6.9, 1.4,,,0,0,1024,1024,1024,1024,0,0,0,0,182.6,0,1.8,85,3.881,3.878,0,0,0,0,4.757,93.92,3.105623787044,6.889764,6,P-GPS,
45200,2026-05-22 09:16:20,51.9888269097664,4.39005457693453,6.889764,,,3.105623787044,6.233596,0,10.6808402368,26.3168643592,26,5,7.75,3.105623787044,6.889764,3.579104,10.6808402368,0,0,0,162.7, -7.1, 0.7,,,0,0,1024,1024,1024,1024,0,0,0,0,182.5,0,0.5,85,3.881,3.878,0,0,0,0,4.757,93.92,3.105623787044,6.889764,6,P-GPS,
45300,2026-05-22 09:16:21,51.9888268970402,4.39005447685141,6.889764,,,3.105623787044,6.233596,0,10.6626643832,26.3398302392,26,5,7.75,3.105623787044,6.889764,3.579104,10.6808402368,0,0,0,162.9, -7.6, -0.6,,,0,0,1024,1024,1024,1024,0,0,0,0,182.5,0,-0.8,85,3.881,3.878,0,0,0,0,4.757,93.92,3.105623787044,6.889764,6,P-GPS,
45400,2026-05-22 09:16:21,51.9888269502249,4.3900545348695,6.889764,,,3.105623787044,6.233596,0,10.6858927304,26.36318982,26,5,7.75,3.105623787044,6.889764,3.579104,10.6858927304,0,0,0,162.8, -7.2, -2.4,,,0,0,1024,1024,1024,1024,0,0,0,0,182.1,0,-2.8,85,3.881,3.878,0,0,0,0,4.757,93.92,3.105623787044,6.889764,6,P-GPS,
45500,2026-05-22 09:16:21,51.9888268924409,4.39005445254447,6.889764,,,3.105623787044,6.233596,0,10.6578415484,26.391241002,26,5,7.75,3.105623787044,6.889764,3.579104,10.6858927304,0,0,0,162.8, -6.3, -3.4,,,0,0,1024,1024,1024,1024,0,0,0,0,182.4,0,-1.6,85,3.881,3.878,0,0,0,0,4.757,93.92,3.105623787044,6.889764,6,P-GPS,
45600,2026-05-22 09:16:21,51.9888269662836,4.39005455801831,6.889764,,,3.105623787044,6.233596,0,10.693733938,26.4271333916,27,5,7.75,3.105623787044,6.889764,3.579104,10.693733938,0,0,0,163, -5.5, -1.4,,,0,0,1024,1024,1024,1024,0,0,0,0,182.8,0,0.4,85,3.881,3.878,0,0,0,0,4.757,93.92,3.105623787044,6.889764,6,P-GPS,
45700,2026-05-22 09:16:21,51.9888269236781,4.3900545927763,6.889764,,,3.105623787044,6.233596,0,10.687008216,26.4445218436,27,5,7.75,3.105623787044,6.889764,3.579104,10.693733938,0,0,0,163.1, -5, 0,,,0,0,1024,1024,1024,1024,0,0,0,0,182.8,0,0.5,85,3.881,3.878,0,0,0,0,4.757,93.92,3.105623787044,6.889764,6,P-GPS,
45800,2026-05-22 09:16:21,51.9888270057044,4.3900547409551,6.889764,,,3.105623787044,6.233596,0,10.7313979812,26.4893053096,27,5,7.75,3.105623787044,6.889764,3.579104,10.7313979812,0,0,0,163.1, -5.3, -0.6,,,0,0,1024,1024,1024,1024,0,0,0,0,182.7,0,-0.5,85,3.881,3.878,0,0,0,0,4.757,93.92,3.105623787044,6.889764,6,P-GPS,
45900,2026-05-22 09:16:21,51.9888269918153,4.39005470026731,6.889764,,,3.105623787044,6.233596,0,10.721621078,26.4997383808,27,5,7.76,3.105623787044,6.889764,3.579104,10.7313979812,0,0,0,163, -6, -1.5,,,0,0,1024,1024,1024,1024,0,0,0,0,182.5,0,-1.1,84,3.879,3.877,0,0,0,0,4.563,93.92,3.105623787044,6.889764,6,P-GPS,
46000,2026-05-22 09:16:21,51.9888270686029,4.39005458861675,6.889764,,,3.105623787044,6.233596,0,10.7265751464,26.5373368072,27,5,7.76,3.105623787044,6.889764,3.579104,10.7313979812,0,0,0,163, -6.6, -2.1,,,0,0,1024,1024,1024,1024,0,0,0,0,182.4,0,-1.7,84,3.879,3.877,0,0,0,0,4.563,93.92,3.105623787044,6.889764,6,P-GPS,
46100,2026-05-22 09:16:21,51.9888271925601,4.39005471379281,6.889764,,,3.105623787044,6.233596,0,10.7792326284,26.5906176488,27,5,7.76,3.105623787044,6.889764,3.579104,10.7792326284,0,0,0,162.9, -6.9, -2.7,,,0,0,1024,1024,1024,1024,0,0,0,0,182.3,0,-1.7,84,3.879,3.877,0,0,0,0,4.563,93.92,3.105623787044,6.889764,6,P-GPS,
46200,2026-05-22 09:16:21,51.9888271929638,4.39005471086443,6.889764,,,3.105623787044,6.233596,0,10.7789373528,26.5912738168,27,5,7.76,3.105623787044,6.889764,3.579104,10.7792326284,0,0,0,162.9, -7.3, -1.8,,,0,0,1024,1024,1024,1024,0,0,0,0,182.5,0,-0.5,84,3.879,3.877,0,0,0,0,4.563,93.92,3.105623787044,6.889764,6,P-GPS,
46300,2026-05-22 09:16:22,51.9888271962492,4.39005472227885,6.889764,,,3.105623787044,6.233596,0,10.781496408,26.5940953392,27,5,7.76,3.105623787044,6.889764,3.579104,10.781496408,0,0,0,163, -7.4, -1,,,0,0,1024,1024,1024,1024,0,0,0,0,182.6,0,-0.6,84,3.879,3.877,0,0,0,0,4.563,93.92,3.105623787044,6.889764,6,P-GPS,
46400,2026-05-22 09:16:22,51.9888271960768,4.39005489472286,6.889764,,,3.105623787044,6.233596,0,10.8066276424,26.6328420596,27,5,7.76,3.105623787044,6.889764,3.579104,10.8066276424,0,0,0,163, -7.4, -1.7,,,0,0,1024,1024,1024,1024,0,0,0,0,182.4,0,-1.9,84,3.879,3.877,0,0,0,0,4.563,93.92,3.105623787044,6.889764,6,P-GPS,
46500,2026-05-22 09:16:22,51.9888271830915,4.39005485171185,6.889764,,,3.105623787044,6.233596,0,10.7967195056,26.6436032148,27,5,7.76,3.105623787044,6.889764,3.579104,10.8066276424,0,0,0,163, -7.2, -2.8,,,0,0,1024,1024,1024,1024,0,0,0,0,182.5,0,-2,84,3.879,3.877,0,0,0,0,4.563,93.92,3.105623787044,6.889764,6,P-GPS,
46600,2026-05-22 09:16:22,51.9888270715478,4.39005491828553,6.889764,,,3.105623787044,6.233596,0,10.7756237044,26.6869759196,27,5,7.76,3.105623787044,6.889764,3.579104,10.8066276424,0,0,0,163.1, -7.5, -2.4,,,0,0,1024,1024,1024,1024,0,0,0,0,182.5,0,-1.8,84,3.879,3.877,0,0,0,0,4.563,93.92,3.105623787044,6.889764,6,P-GPS,
46700,2026-05-22 09:16:22,51.988827068559,4.3900549076745,6.889764,,,3.105623787044,6.233596,0,10.7732286912,26.6896005916,27,5,7.76,3.105623787044,6.889764,3.579104,10.8066276424,0,0,0,163, -7.8, -2.9,,,0,0,1024,1024,1024,1024,0,0,0,0,182.3,0,-2.3,84,3.879,3.877,0,0,0,0,4.563,93.92,3.105623787044,6.889764,6,P-GPS,
46800,2026-05-22 09:16:22,51.9888270925389,4.39005510904757,6.889764,,,3.105623787044,6.233596,0,10.8094163564,26.7356963936,27,5,7.76,3.105623787044,6.889764,3.579104,10.8094163564,0,0,0,163, -7.8, -2.6,,,0,0,1024,1024,1024,1024,0,0,0,0,182.4,0,-1.4,84,3.879,3.877,0,0,0,0,4.563,93.92,3.105623787044,6.889764,6,P-GPS,
46900,2026-05-22 09:16:22,51.9888270942031,4.39005528386349,6.889764,,,3.105623787044,6.233596,0,10.8356630764,26.7749680484,27,5,7.75,3.105623787044,6.889764,3.579104,10.8356630764,0,0,0,163, -7.4, -1.7,,,0,0,1024,1024,1024,1024,0,0,0,0,182.6,0,-0.5,84,3.874,3.871,0,0,0,0,4.709,94.1,3.105623787044,6.889764,6,P-GPS,
47000,2026-05-22 09:16:22,51.9888270775211,4.39005536174031,6.889764,,,3.105623787044,6.233596,0,10.8425528404,26.793471986,27,5,7.75,3.105623787044,6.889764,3.579104,10.8425528404,0,0,0,163, -6.9, -1,,,0,0,1024,1024,1024,1024,0,0,0,0,182.6,0,-0.4,84,3.874,3.871,0,0,0,0,4.709,94.1,3.105623787044,6.889764,6,P-GPS,
47100,2026-05-22 09:16:22,51.9888270621798,4.39005542504479,6.889764,,,3.105623787044,6.233596,0,10.8477365676,26.8087607004,27,5,7.75,3.105623787044,6.889764,3.579104,10.8477365676,0,0,0,162.9, -6.9, -1.3,,,0,0,1024,1024,1024,1024,0,0,0,0,182.5,0,-0.7,84,3.874,3.871,0,0,0,0,4.709,94.1,3.105623787044,6.889764,6,P-GPS,
47200,2026-05-22 09:16:22,51.9888271712081,4.39005545025598,6.889764,,,3.105623787044,6.233596,0,10.881397986,26.8489509904,28,5,7.75,3.105623787044,6.889764,3.579104,10.881397986,0,0,0,162.9, -7.3, -1.4,,,0,0,1024,1024,1024,1024,0,0,0,0,182.4,0,-0.8,84,3.874,3.871,0,0,0,0,4.709,94.1,3.105623787044,6.889764,6,P-GPS,
47300,2026-05-22 09:16:23,51.9888271745213,4.3900555030016,6.889764,,,3.105623787044,6.233596,0,10.890092212,26.8608604396,28,5,7.75,3.105623787044,6.889764,3.579104,10.890092212,0,0,0,162.9, -7.5, -1.2,,,0,0,1024,1024,1024,1024,0,0,0,0,182.5,0,-0.5,84,3.874,3.871,0,0,0,0,4.709,94.1,3.105623787044,6.889764,6,P-GPS,
47400,2026-05-22 09:16:23,51.9888273003922,4.39005563537688,6.889764,,,3.105623787044,6.233596,0,10.9442588804,26.9155848508,28,5,7.75,3.105623787044,6.889764,3.579104,10.9442588804,0,0,0,162.9, -7.7, -1.3,,,0,0,1024,1024,1024,1024,0,0,0,0,182.5,0,-0.3,84,3.874,3.871,0,0,0,0,4.709,94.1,3.105623787044,6.889764,6,P-GPS,
47500,2026-05-22 09:16:23,51.9888272942775,4.39005570533108,6.889764,,,3.105623787044,6.233596,0,10.952920298,26.9314641164,28,5,7.75,3.105623787044,6.889764,3.579104,10.952920298,0,0,0,162.9, -7.4, -0.9,,,0,0,1024,1024,1024,1024,0,0,0,0,182.6,0,0,84,3.874,3.871,0,0,0,0,4.709,94.1,3.105623787044,6.889764,6,P-GPS,
47600,2026-05-22 09:16:23,51.9888272838965,4.39005576692443,6.889764,,,3.105623787044,6.233596,0,10.9591867024,26.9458013872,27,5,7.75,3.105623787044,6.889764,3.579104,10.9591867024,0,0,0,162.9, -7.1, -0.6,,,0,0,1024,1024,1024,1024,0,0,0,0,182.5,0,-0.2,84,3.874,3.871,0,0,0,0,4.709,94.1,3.105623787044,6.889764,6,P-GPS,
47700,2026-05-22 09:16:23,51.988827268928,4.39005582013608,6.889764,,,3.105623787044,6.233596,0,10.9629596684,26.9589575556,27,5,7.75,3.105623787044,6.889764,3.579104,10.9629596684,0,0,0,162.9, -7.1, -1,,,0,0,1024,1024,1024,1024,0,0,0,0,182.5,0,-0.3,84,3.874,3.871,0,0,0,0,4.709,94.1,3.105623787044,6.889764,6,P-GPS,
47800,2026-05-22 09:16:23,51.9888272699356,4.39005583283732,6.889764,,,3.105623787044,6.233596,0,10.9651250228,26.9618118864,27,5,7.75,3.105623787044,6.889764,3.579104,10.9651250228,0,0,0,162.9, -7.1, -0.8,,,0,0,1024,1024,1024,1024,0,0,0,0,182.6,0,0,84,3.874,3.871,0,0,0,0,4.709,94.1,3.105623787044,6.889764,6,P-GPS,
47900,2026-05-22 09:16:23,51.9888272851773,4.39005587418243,6.889764,,,3.105623787044,6.233596,0,10.9754596688,26.9726386584,27,5,7.737,3.105623787044,6.889764,3.579104,10.9754596688,0,0,0,162.9, -7.1, -0.6,,,0,0,1024,1024,1024,1024,0,0,0,0,182.6,0,0.2,84,3.872,3.87,0,0,0,0,4.996,94.1,3.105623787044,6.889764,6,P-GPS,
48000,2026-05-22 09:16:23,51.9888272795842,4.39005593074676,6.889764,,,3.105623787044,6.233596,0,10.9823166244,26.9855323596,27,5,7.737,3.105623787044,6.889764,3.579104,10.9823166244,0,0,0,162.9, -7, -0.3,,,0,0,1024,1024,1024,1024,0,0,0,0,182.6,0,0.5,84,3.872,3.87,0,0,0,0,4.996,94.1,3.105623787044,6.889764,6,P-GPS,
48100,2026-05-22 09:16:23,51.9888272742127,4.39005598804145,6.889764,,,3.105623787044,6.233596,0,10.9893704304,26.9985572944,27,5,7.737,3.105623787044,6.889764,3.579104,10.9893704304,0,0,0,162.8, -6.8, -0.1,,,0,0,1024,1024,1024,1024,0,0,0,0,182.6,0,0.6,84,3.872,3.87,0,0,0,0,4.996,94.1,3.105623787044,6.889764,6,P-GPS,
48200,2026-05-22 09:16:23,51.9888272846815,4.39005594421314,6.889764,,,3.105623787044,6.233596,0,10.9856958896,27.0091215992,26,5,7.737,3.105623787044,6.889764,3.579104,10.9893704304,0,0,0,162.8, -6.4, 0,,,0,0,1024,1024,1024,1024,0,0,0,0,182.6,0,0.9,84,3.872,3.87,0,0,0,0,4.996,94.1,3.105623787044,6.889764,6,P-GPS,
48300,2026-05-22 09:16:23,51.988827183703,4.39005597670354,6.889764,,,3.105623787044,6.233596,0,10.9629596684,27.0466544088,26,5,7.737,3.105623787044,6.889764,3.579104,10.9893704304,0,0,0,162.8, -5.8, 0.3,,,0,0,1024,1024,1024,1024,0,0,0,0,182.6,0,1.1,84,3.872,3.87,0,0,0,0,4.996,94.1,3.105623787044,6.889764,6,P-GPS,
48400,2026-05-22 09:16:24,51.9888271767991,4.39005601433427,6.889764,,,3.105623787044,6.233596,0,10.9666670176,27.0554798684,26,5,7.737,3.105623787044,6.889764,3.579104,10.9893704304,0,0,0,162.8, -5.8, 0.3,,,0,0,1024,1024,1024,1024,0,0,0,0,182.5,0,0.9,84,3.872,3.87,0,0,0,0,4.996,94.1,3.105623787044,6.889764,6,P-GPS,
48500,2026-05-22 09:16:24,51.9888271723785,4.39005604931484,6.889764,,,3.105623787044,6.233596,0,10.9707024508,27.0635179264,26,5,7.737,3.105623787044,6.889764,3.579104,10.9893704304,0,0,0,162.7, -5.9, 0.2,,,0,0,1024,1024,1024,1024,0,0,0,0,182.6,0,1,84,3.872,3.87,0,0,0,0,4.996,94.1,3.105623787044,6.889764,6,P-GPS,
48600,2026-05-22 09:16:24,51.9888270857004,4.39005588877564,6.889764,,,3.105623787044,6.233596,0,10.9230974624,27.1114838072,27,5,7.737,3.105623787044,6.889764,3.579104,10.9893704304,0,0,0,162.8, -5.8, 0.4,,,0,0,1024,1024,1024,1024,0,0,0,0,182.6,0,1.3,84,3.872,3.87,0,0,0,0,4.996,94.1,3.105623787044,6.889764,6,P-GPS,
48700,2026-05-22 09:16:24,51.9888270725437,4.39005592774187,6.889764,,,3.105623787044,6.233596,0,10.9253284336,27.1214575608,27,5,7.737,3.105623787044,6.889764,3.579104,10.9893704304,0,0,0,162.8, -5.7, 0.6,,,0,0,1024,1024,1024,1024,0,0,0,0,182.6,0,1.5,84,3.872,3.87,0,0,0,0,4.996,94.1,3.105623787044,6.889764,6,P-GPS,
48800,2026-05-22 09:16:24,51.988826961545,4.39005599517807,6.889764,,,3.105623787044,6.233596,0,10.9052168844,27.164699032,27,5,7.737,3.105623787044,6.889764,3.579104,10.9893704304,0,0,0,162.8, -5.2, 0.8,,,0,0,1024,1024,1024,1024,0,0,0,0,182.6,0,1.3,84,3.872,3.87,0,0,0,0,4.996,94.1,3.105623787044,6.889764,6,P-GPS,
48900,2026-05-22 09:16:24,51.9888268676813,4.39005593877024,6.889764,,,3.105623787044,6.233596,0,10.8712601904,27.2012147812,27,5,7.739,3.105623787044,6.889764,3.579104,10.9893704304,0,0,0,162.8, -4.6, 0.4,,,0,0,1024,1024,1024,1024,0,0,0,0,182.6,0,1.3,84,3.871,3.868,0,0,0,0,4.902,94.28,3.105623787044,6.889764,6,P-GPS,
49000,2026-05-22 09:16:24,51.9888268467534,4.39005596572386,6.889764,,,3.105623787044,6.233596,0,10.8696197704,27.210958876,27,5,7.739,3.105623787044,6.889764,3.579104,10.9893704304,0,0,0,162.8, -4.3, 0.7,,,0,0,1024,1024,1024,1024,0,0,0,0,182.6,0,1.8,84,3.871,3.868,0,0,0,0,4.902,94.28,3.105623787044,6.889764,6,P-GPS,
49100,2026-05-22 09:16:24,51.9888268382207,4.39005598825013,6.889764,,,3.105623787044,6.233596,0,10.8707024476,27.2168971964,27,5,7.739,3.105623787044,6.889764,3.579104,10.9893704304,0,0,0,162.8, -4.5, 1.2,,,0,0,1024,1024,1024,1024,0,0,0,0,182.7,0,2,84,3.871,3.868,0,0,0,0,4.902,94.28,3.105623787044,6.889764,6,P-GPS,
49200,2026-05-22 09:16:24,51.9888266801971,4.39005594142387,6.889764,,,3.105623787044,6.233596,0,10.820866488,27.2755258072,28,5,7.739,3.105623787044,6.889764,3.579104,10.9893704304,0,0,0,162.8, -4.6, 1.1,,,0,0,1024,1024,1024,1024,0,0,0,0,182.6,0,1.6,84,3.871,3.868,0,0,0,0,4.902,94.28,3.105623787044,6.889764,6,P-GPS,
49300,2026-05-22 09:16:24,51.9888266720135,4.39005593929193,6.889764,,,3.105623787044,6.233596,0,10.8183402412,27.27854418,28,5,7.739,3.105623787044,6.889764,3.579104,10.9893704304,0,0,0,162.8, -4.5, 0.8,,,0,0,1024,1024,1024,1024,0,0,0,0,182.6,0,1.8,84,3.871,3.868,0,0,0,0,4.902,94.28,3.105623787044,6.889764,6,P-GPS,
49400,2026-05-22 09:16:25,51.9888265849327,4.39005601557935,6.889764,,,3.105623787044,6.233596,0,10.8063651752,27.31463342,28,5,7.739,3.105623787044,6.889764,3.579104,10.9893704304,0,0,0,162.8, -4.3, 1.1,,,0,0,1024,1024,1024,1024,0,0,0,0,182.6,0,2,84,3.871,3.868,0,0,0,0,4.902,94.28,3.105623787044,6.889764,6,P-GPS,
49500,2026-05-22 09:16:25,51.9888265820724,4.3900560360015,6.889764,,,3.105623787044,6.233596,0,10.8086617632,27.3193578296,28,5,7.739,3.105623787044,6.889764,3.579104,10.9893704304,0,0,0,162.8, -4.2, 1.6,,,0,0,1024,1024,1024,1024,0,0,0,0,182.7,0,2.7,84,3.871,3.868,0,0,0,0,4.902,94.28,3.105623787044,6.889764,6,P-GPS,
49600,2026-05-22 09:16:25,51.9888266937425,4.390056149391,6.889764,,,3.105623787044,6.233596,0,10.8559386676,27.3673893272,29,5,7.739,3.105623787044,6.889764,3.579104,10.9893704304,0,0,0,162.8, -4.1, 1.9,,,0,0,1024,1024,1024,1024,0,0,0,0,182.6,0,2.5,84,3.871,3.868,0,0,0,0,4.902,94.28,3.105623787044,6.889764,6,P-GPS,
49700,2026-05-22 09:16:25,51.9888266930475,4.39005615261848,6.889764,,,3.105623787044,6.233596,0,10.8562339432,27.3681767288,29,5,7.739,3.105623787044,6.889764,3.579104,10.9893704304,0,0,0,162.7, -4.1, 1.5,,,0,0,1024,1024,1024,1024,0,0,0,0,182.5,0,2,84,3.871,3.868,0,0,0,0,4.902,94.28,3.105623787044,6.889764,6,P-GPS,
49800,2026-05-22 09:16:25,51.9888267042487,4.39005612039587,6.889764,,,3.105623787044,6.233596,0,10.8543966728,27.376477254,29,5,7.739,3.105623787044,6.889764,3.579104,10.9893704304,0,0,0,162.7, -4.3, 1.5,,,0,0,1024,1024,1024,1024,0,0,0,0,182.6,0,2.7,84,3.871,3.868,0,0,0,0,4.902,94.28,3.105623787044,6.889764,6,P-GPS,
49900,2026-05-22 09:16:25,51.9888267143427,4.39005614142665,6.889764,,,3.105623787044,6.233596,0,10.8603021848,27.3824811912,29,5,7.738,3.105623787044,6.889764,3.579104,10.9893704304,0,0,0,162.7, -4.5, 2.2,,,0,0,1024,1024,1024,1024,0,0,0,0,182.7,0,3.3,84,3.873,3.87,0,0,0,0,4.851,94.46,3.105623787044,6.889764,6,P-GPS,
50000,2026-05-22 09:16:25,51.9888268298733,4.39005605081033,6.889764,,,3.105623787044,6.233596,0,10.8778546788,27.4292659696,29,5,7.738,3.105623787044,6.889764,3.579104,10.9893704304,0,0,0,162.8, -4.5, 2.8,,,0,0,1024,1024,1024,1024,0,0,0,0,182.8,0,3.3,84,3.873,3.87,0,0,0,0,4.851,94.46,3.105623787044,6.889764,6,P-GPS,
50100,2026-05-22 09:16:25,51.9888268446545,4.39005604401455,6.889764,,,3.105623787044,6.233596,0,10.8808402432,27.434876206,29,5,7.738,3.105623787044,6.889764,3.579104,10.9893704304,0,0,0,162.8, -4.5, 2.2,,,0,0,1024,1024,1024,1024,0,0,0,0,182.7,0,2.4,84,3.873,3.87,0,0,0,0,4.851,94.46,3.105623787044,6.889764,6,P-GPS,
50200,2026-05-22 09:16:25,51.9888269409041,4.39005596910784,6.889764,,,3.105623787044,6.233596,0,10.89566964,27.4738197768,29,5,7.738,3.105623787044,6.889764,3.579104,10.9893704304,0,0,0,162.8, -4.9, 1.6,,,0,0,1024,1024,1024,1024,0,0,0,0,182.6,0,2.4,84,3.873,3.87,0,0,0,0,4.851,94.46,3.105623787044,6.889764,6,P-GPS,
50300,2026-05-22 09:16:25,51.9888270286949,4.39005595114456,6.889764,,,3.105623787044,6.233596,0,10.9168638664,27.5061032424,29,5,7.738,3.105623787044,6.889764,3.579104,10.9893704304,0,0,0,162.7, -5.2, 1.8,,,0,0,1024,1024,1024,1024,0,0,0,0,182.7,0,2.7,84,3.873,3.87,0,0,0,0,4.851,94.46,3.105623787044,6.889764,6,P-GPS,
50400,2026-05-22 09:16:26,51.9888270637315,4.39005592404835,6.889764,,,3.105623787044,6.233596,0,10.9223756776,27.5202764712,29,5,7.738,3.105623787044,6.889764,3.579104,10.9893704304,0,0,0,162.7, -5.6, 2.3,,,0,0,1024,1024,1024,1024,0,0,0,0,182.8,0,3,84,3.873,3.87,0,0,0,0,4.851,94.46,3.105623787044,6.889764,6,P-GPS,
50500,2026-05-22 09:16:26,51.9888271046258,4.39005589611745,6.889764,,,3.105623787044,6.233596,0,10.9293638668,27.5364510124,29,5,7.738,3.105623787044,6.889764,3.579104,10.9893704304,0,0,0,162.7, -6.3, 2.2,,,0,0,1024,1024,1024,1024,0,0,0,0,182.7,0,2.7,84,3.873,3.87,0,0,0,0,4.851,94.46,3.105623787044,6.889764,6,P-GPS,
50600,2026-05-22 09:16:26,51.9888271983182,4.39005582907077,6.889764,,,3.105623787044,6.233596,0,10.9449806652,27.57381978,28,5,7.738,3.105623787044,6.889764,3.579104,10.9893704304,0,0,0,162.7, -6.6, 2.1,,,0,0,1024,1024,1024,1024,0,0,0,0,182.7,0,2.8,84,3.873,3.87,0,0,0,0,4.851,94.46,3.105623787044,6.889764,6,P-GPS,
50700,2026-05-22 09:16:26,51.9888272291838,4.3900557983054,6.889764,,,3.105623787044,6.233596,0,10.9488520564,27.5870087568,28,5,7.738,3.105623787044,6.889764,3.579104,10.9893704304,0,0,0,162.7, -6.5, 2.2,,,0,0,1024,1024,1024,1024,0,0,0,0,182.7,0,3.2,84,3.873,3.87,0,0,0,0,4.851,94.46,3.105623787044,6.889764,6,P-GPS,
50800,2026-05-22 09:16:26,51.9888272659038,4.3900558328095,6.889764,,,3.105623787044,6.233596,0,10.9640095372,27.6024943216,28,5,7.738,3.105623787044,6.889764,3.579104,10.9893704304,0,0,0,162.7, -6.3, 2.5,,,0,0,1024,1024,1024,1024,0,0,0,0,182.7,0,3.1,84,3.873,3.87,0,0,0,0,4.851,94.46,3.105623787044,6.889764,6,P-GPS,
50900,2026-05-22 09:16:26,51.9888274043542,4.39005597013034,6.889764,,,3.105623787044,6.233596,0,11.0223428724,27.6616806752,28,5,7.738,3.105623787044,6.889764,3.579104,11.0223428724,0,0,0,162.7, -5.7, 2.3,,,0,0,1024,1024,1024,1024,0,0,0,0,182.7,0,2.8,84,3.873,3.87,0,0,0,0,4.851,94.46,3.105623787044,6.889764,6,P-GPS,
51000,2026-05-22 09:16:26,51.9888273840719,4.39005595193056,6.889764,,,3.105623787044,6.233596,0,11.0140751556,27.6701452424,28,5,7.738,3.105623787044,6.889764,3.579104,11.0223428724,0,0,0,162.8, -5, 2,,,0,0,1024,1024,1024,1024,0,0,0,0,182.8,0,2.7,84,3.873,3.87,0,0,0,0,4.851,94.46,3.105623787044,6.889764,6,P-GPS,
51100,2026-05-22 09:16:26,51.988827352643,4.39005592399966,6.889764,,,3.105623787044,6.233596,0,11.001312688,27.6832029856,28,5,7.738,3.105623787044,6.889764,3.579104,11.0223428724,0,0,0,162.9, -4.3, 1.9,,,0,0,1024,1024,1024,1024,0,0,0,0,182.7,0,2.3,84,3.873,3.87,0,0,0,0,4.851,94.46,3.105623787044,6.889764,6,P-GPS,
51200,2026-05-22 09:16:26,51.988827427774,4.39005601058163,6.889764,,,3.105623787044,6.233596,0,11.0347444476,27.7168315956,28,5,7.738,3.105623787044,6.889764,3.579104,11.0347444476,0,0,0,162.9, -4, 1.3,,,0,0,1024,1024,1024,1024,0,0,0,0,182.7,0,1.4,84,3.873,3.87,0,0,0,0,4.851,94.46,3.105623787044,6.889764,6,P-GPS,
51300,2026-05-22 09:16:26,51.9888274163093,4.3900559375356,6.889764,,,3.105623787044,6.233596,0,11.0207680692,27.73376073,28,5,7.738,3.105623787044,6.889764,3.579104,11.0347444476,0,0,0,162.8, -4.4, 0.2,,,0,0,1024,1024,1024,1024,0,0,0,0,182.6,0,0.6,84,3.873,3.87,0,0,0,0,4.851,94.46,3.105623787044,6.889764,6,P-GPS,
51400,2026-05-22 09:16:27,51.9888273800401,4.39005602775195,6.889764,,,3.105623787044,6.233596,0,11.0242129512,27.7579733292,28,5,7.738,3.105623787044,6.889764,3.579104,11.0347444476,0,0,0,162.8, -5, -0.2,,,0,0,1024,1024,1024,1024,0,0,0,0,182.5,0,0.5,84,3.873,3.87,0,0,0,0,4.851,94.46,3.105623787044,6.889764,6,P-GPS,
51500,2026-05-22 09:16:27,51.9888274209655,4.39005612868715,6.889764,,,3.105623787044,6.233596,0,11.0504268628,27.7851386844,28,5,7.738,3.105623787044,6.889764,3.579104,11.0504268628,0,0,0,162.8, -5.6, 0,,,0,0,1024,1024,1024,1024,0,0,0,0,182.6,0,1.4,84,3.873,3.87,0,0,0,0,4.851,94.46,3.105623787044,6.889764,6,P-GPS,
51600,2026-05-22 09:16:27,51.988827451845,4.39005613416134,6.889764,,,3.105623787044,6.233596,0,11.0596788316,27.7964575824,28,5,7.738,3.105623787044,6.889764,3.579104,11.0596788316,0,0,0,162.7, -6.2, 1,,,0,0,1024,1024,1024,1024,0,0,0,0,182.7,0,2.2,84,3.873,3.87,0,0,0,0,4.851,94.46,3.105623787044,6.889764,6,P-GPS,
51700,2026-05-22 09:16:27,51.9888274879054,4.39005615068826,6.889764,,,3.105623787044,6.233596,0,11.07201479,27.8101386852,28,5,7.738,3.105623787044,6.889764,3.579104,11.07201479,0,0,0,162.7, -6.7, 1.6,,,0,0,1024,1024,1024,1024,0,0,0,0,182.7,0,2.4,84,3.873,3.87,0,0,0,0,4.851,94.46,3.105623787044,6.889764,6,P-GPS,
51800,2026-05-22 09:16:27,51.9888275830863,4.39005622695133,6.889764,,,3.105623787044,6.233596,0,11.109416366,27.8488525972,28,5,7.738,3.105623787044,6.889764,3.579104,11.109416366,0,0,0,162.8, -6.9, 1.7,,,0,0,1024,1024,1024,1024,0,0,0,0,182.8,0,2.5,84,3.873,3.87,0,0,0,0,4.851,94.46,3.105623787044,6.889764,6,P-GPS,
51900,2026-05-22 09:16:27,51.9888277365587,4.39005658626562,6.889764,,,3.105623787044,6.233596,0,11.2047903848,27.9471137552,28,5,7.753,3.105623787044,6.889764,3.579104,11.2047903848,0,0,0,162.7, -6.8, 1.7,,,0,0,1024,1024,1024,1024,0,0,0,0,182.6,0,2,84,3.876,3.874,0,0,0,0,4.567,94.64,3.105623787044,6.889764,6,P-GPS,
52000,2026-05-22 09:16:27,51.9888277538768,4.39005657680577,6.889764,,,3.105623787044,6.233596,0,11.2081040332,27.9537738604,28,5,7.753,3.105623787044,6.889764,3.579104,11.2081040332,0,0,0,162.7, -6.8, 1.3,,,0,0,1024,1024,1024,1024,0,0,0,0,182.8,0,2.7,84,3.876,3.874,0,0,0,0,4.567,94.64,3.105623787044,6.889764,6,P-GPS,
52100,2026-05-22 09:16:27,51.9888278359749,4.39005669530777,6.889764,,,3.105623787044,6.233596,0,11.248195898,27.9938329168,28,5,7.753,3.105623787044,6.889764,3.579104,11.248195898,0,0,0,162.8, -6.9, 2.2,,,0,0,1024,1024,1024,1024,0,0,0,0,182.8,0,2.3,84,3.876,3.874,0,0,0,0,4.567,94.64,3.105623787044,6.889764,6,P-GPS,
52200,2026-05-22 09:16:27,51.9888278663586,4.39005664224219,6.889764,,,3.105623787044,6.233596,0,11.2486224072,28.0101386916,28,5,7.753,3.105623787044,6.889764,3.579104,11.2486224072,0,0,0,162.8, -7.8, 1.1,,,0,0,1024,1024,1024,1024,0,0,0,0,182.6,0,1.1,84,3.876,3.874,0,0,0,0,4.567,94.64,3.105623787044,6.889764,6,P-GPS,
52300,2026-05-22 09:16:27,51.9888278832012,4.39005659143724,6.889764,,,3.105623787044,6.233596,0,11.245735268,28.0230980096,28,5,7.753,3.105623787044,6.889764,3.579104,11.2486224072,0,0,0,162.8, -7.9, 0.2,,,0,0,1024,1024,1024,1024,0,0,0,0,182.6,0,1,84,3.876,3.874,0,0,0,0,4.567,94.64,3.105623787044,6.889764,6,P-GPS,
52400,2026-05-22 09:16:28,51.988827820443,4.39005669334625,6.889764,,,3.105623787044,6.233596,0,11.2436355304,28.0554799004,27,5,7.753,3.105623787044,6.889764,3.579104,11.2486224072,0,0,0,162.8, -7.3, 0.3,,,0,0,1024,1024,1024,1024,0,0,0,0,182.7,0,1.2,84,3.876,3.874,0,0,0,0,4.567,94.64,3.105623787044,6.889764,6,P-GPS,
52500,2026-05-22 09:16:28,51.9888277961964,4.39005669035179,6.889764,,,3.105623787044,6.233596,0,11.236548916,28.0643381684,27,5,7.753,3.105623787044,6.889764,3.579104,11.2486224072,0,0,0,162.8, -6.7, 0.6,,,0,0,1024,1024,1024,1024,0,0,0,0,182.7,0,1.5,84,3.876,3.874,0,0,0,0,4.567,94.64,3.105623787044,6.889764,6,P-GPS,
52600,2026-05-22 09:16:28,51.9888277342992,4.39005690352184,6.889764,,,3.105623787044,6.233596,0,11.2514439296,28.117290926,27,5,7.753,3.105623787044,6.889764,3.579104,11.2514439296,0,0,0,162.8, -6.3, 0.8,,,0,0,1024,1024,1024,1024,0,0,0,0,182.6,0,1.7,84,3.876,3.874,0,0,0,0,4.567,94.64,3.105623787044,6.889764,6,P-GPS,
52700,2026-05-22 09:16:28,51.9888276963402,4.39005692399267,6.889764,,,3.105623787044,6.233596,0,11.2441604648,28.131890664,27,5,7.753,3.105623787044,6.889764,3.579104,11.2514439296,0,0,0,162.8, -5.9, 1,,,0,0,1024,1024,1024,1024,0,0,0,0,182.6,0,1.8,84,3.876,3.874,0,0,0,0,4.567,94.64,3.105623787044,6.889764,6,P-GPS,
52800,2026-05-22 09:16:28,51.9888277080662,4.39005695109584,6.889764,,,3.105623787044,6.233596,0,11.2514111212,28.1393381708,27,5,7.753,3.105623787044,6.889764,3.579104,11.2514439296,0,0,0,162.8, -5.3, 1.1,,,0,0,1024,1024,1024,1024,0,0,0,0,182.7,0,2.1,84,3.876,3.874,0,0,0,0,4.567,94.64,3.105623787044,6.889764,6,P-GPS,
52900,2026-05-22 09:16:28,51.9888276802589,4.3900569762966,6.889764,,,3.105623787044,6.233596,0,11.2476053468,28.1509523444,27,5,7.744,3.105623787044,6.889764,3.579104,11.2514439296,0,0,0,162.8, -5.1, 1.4,,,0,0,1024,1024,1024,1024,0,0,0,0,182.7,0,2.2,84,3.873,3.87,0,0,0,0,4.647,94.82,3.105623787044,6.889764,6,P-GPS,
53000,2026-05-22 09:16:28,51.9888276317208,4.39005705390214,6.889764,,,3.105623787044,6.233596,0,11.246063352,28.1757883032,26,5,7.744,3.105623787044,6.889764,3.579104,11.2514439296,0,0,0,162.8, -5.1, 1.4,,,0,0,1024,1024,1024,1024,0,0,0,0,182.7,0,2,84,3.873,3.87,0,0,0,0,4.647,94.82,3.105623787044,6.889764,6,P-GPS,
53100,2026-05-22 09:16:28,51.9888276196553,4.39005705846512,6.889764,,,3.105623787044,6.233596,0,11.2434714884,28.1803158624,26,5,7.744,3.105623787044,6.889764,3.579104,11.2514439296,0,0,0,162.8, -5.3, 1.2,,,0,0,1024,1024,1024,1024,0,0,0,0,182.7,0,2,84,3.873,3.87,0,0,0,0,4.647,94.82,3.105623787044,6.889764,6,P-GPS,
53200,2026-05-22 09:16:28,51.9888276672682,4.39005720870283,6.889764,,,3.105623787044,6.233596,0,11.2789701772,28.2182751812,26,5,7.744,3.105623787044,6.889764,3.579104,11.2789701772,0,0,0,162.8, -5.4, 1.1,,,0,0,1024,1024,1024,1024,0,0,0,0,182.6,0,1.8,84,3.873,3.87,0,0,0,0,4.647,94.82,3.105623787044,6.889764,6,P-GPS,
53300,2026-05-22 09:16:29,51.9888276858703,4.39005749464069,6.889764,,,3.105623787044,6.233596,0,11.3271001,28.2828749208,27,5,7.744,3.105623787044,6.889764,3.579104,11.3271001,0,0,0,162.8, -5.5, 1,,,0,0,1024,1024,1024,1024,0,0,0,0,182.6,0,1.7,84,3.873,3.87,0,0,0,0,4.647,94.82,3.105623787044,6.889764,6,P-GPS,
53400,2026-05-22 09:16:29,51.9888276755236,4.39005749579534,6.889764,,,3.105623787044,6.233596,0,11.324475428,28.2866806952,27,5,7.744,3.105623787044,6.889764,3.579104,11.3271001,0,0,0,162.8, -5.4, 1,,,0,0,1024,1024,1024,1024,0,0,0,0,182.6,0,1.8,84,3.873,3.87,0,0,0,0,4.647,94.82,3.105623787044,6.889764,6,P-GPS,
53500,2026-05-22 09:16:29,51.9888276634527,4.39005749142712,6.889764,,,3.105623787044,6.233596,0,11.32053842,28.291175446,27,5,7.744,3.105623787044,6.889764,3.579104,11.3271001,0,0,0,162.8, -5.4, 1,,,0,0,1024,1024,1024,1024,0,0,0,0,182.6,0,1.7,84,3.873,3.87,0,0,0,0,4.647,94.82,3.105623787044,6.889764,6,P-GPS,
53600,2026-05-22 09:16:29,51.9888277702,4.39005769114819,6.889764,,,3.105623787044,6.233596,0,11.3795607316,28.3505914584,27,5,7.744,3.105623787044,6.889764,3.579104,11.3795607316,0,0,0,162.8, -5.3, 1,,,0,0,1024,1024,1024,1024,0,0,0,0,182.6,0,1.7,84,3.873,3.87,0,0,0,0,4.647,94.82,3.105623787044,6.889764,6,P-GPS,
53700,2026-05-22 09:16:29,51.9888277549926,4.39005768561139,6.889764,,,3.105623787044,6.233596,0,11.3746066632,28.35630012,27,5,7.744,3.105623787044,6.889764,3.579104,11.3795607316,0,0,0,162.8, -5.2, 0.9,,,0,0,1024,1024,1024,1024,0,0,0,0,182.7,0,1.7,84,3.873,3.87,0,0,0,0,4.647,94.82,3.105623787044,6.889764,6,P-GPS,
53800,2026-05-22 09:16:29,51.9888278615472,4.39005778767343,6.889764,,,3.105623787044,6.233596,0,11.418799578,28.40141167,27,5,7.744,3.105623787044,6.889764,3.579104,11.418799578,0,0,0,162.9, -5, 1.1,,,0,0,1024,1024,1024,1024,0,0,0,0,182.7,0,1.7,84,3.873,3.87,0,0,0,0,4.647,94.82,3.105623787044,6.889764,6,P-GPS,
53900,2026-05-22 09:16:29,51.9888279793266,4.39005796953903,6.889764,,,3.105623787044,6.233596,0,11.4780843568,28.4607292572,26,5,7.745,3.105623787044,6.889764,3.579104,11.4780843568,0,0,0,162.8, -5.1, 0.5,,,0,0,1024,1024,1024,1024,0,0,0,0,182.6,0,0.8,84,3.871,3.87,0,0,0,0,4.717,94.82,3.105623787044,6.889764,6,P-GPS,
54000,2026-05-22 09:16:29,51.9888279673789,4.39005793090667,6.889764,,,3.105623787044,6.233596,0,11.4690292384,28.4704405436,26,5,7.745,3.105623787044,6.889764,3.579104,11.4780843568,0,0,0,162.8, -5.4, 0.1,,,0,0,1024,1024,1024,1024,0,0,0,0,182.5,0,1,84,3.871,3.87,0,0,0,0,4.717,94.82,3.105623787044,6.889764,6,P-GPS,
54100,2026-05-22 09:16:29,51.9888279942116,4.3900582633995,6.889764,,,3.105623787044,6.233596,0,11.5266079804,28.54576863,26,5,7.745,3.105623787044,6.889764,3.579104,11.5266079804,0,0,0,162.8, -5.7, 0.3,,,0,0,1024,1024,1024,1024,0,0,0,0,182.6,0,1.4,84,3.871,3.87,0,0,0,0,4.717,94.82,3.105623787044,6.889764,6,P-GPS,
54200,2026-05-22 09:16:29,51.9888279865453,4.3900582638725,6.889764,,,3.105623787044,6.233596,0,11.524606668,28.548557344,26,5,7.745,3.105623787044,6.889764,3.579104,11.5266079804,0,0,0,162.8, -5.5, 0.9,,,0,0,1024,1024,1024,1024,0,0,0,0,182.7,0,1.7,84,3.871,3.87,0,0,0,0,4.717,94.82,3.105623787044,6.889764,6,P-GPS,
54300,2026-05-22 09:16:30,51.9888279688878,4.3900582525798,6.889764,,,3.105623787044,6.233596,0,11.5181434132,28.5555127248,26,5,7.745,3.105623787044,6.889764,3.579104,11.5266079804,0,0,0,162.9, -5.2, 0.8,,,0,0,1024,1024,1024,1024,0,0,0,0,182.6,0,1.1,84,3.871,3.87,0,0,0,0,4.717,94.82,3.105623787044,6.889764,6,P-GPS,
54400,2026-05-22 09:16:30,51.9888279536407,4.39005844969245,6.889764,,,3.105623787044,6.233596,0,11.5440620492,28.6001321488,26,5,7.745,3.105623787044,6.889764,3.579104,11.5440620492,0,0,0,162.8, -4.8, 0,,,0,0,1024,1024,1024,1024,0,0,0,0,182.5,0,0.3,84,3.871,3.87,0,0,0,0,4.717,94.82,3.105623787044,6.889764,6,P-GPS,
54500,2026-05-22 09:16:30,51.9888279340953,4.39005840009433,6.889764,,,3.105623787044,6.233596,0,11.5312339648,28.613353934,26,5,7.745,3.105623787044,6.889764,3.579104,11.5440620492,0,0,0,162.8, -4.5, -0.4,,,0,0,1024,1024,1024,1024,0,0,0,0,182.6,0,0.2,84,3.871,3.87,0,0,0,0,4.717,94.82,3.105623787044,6.889764,6,P-GPS,
54600,2026-05-22 09:16:30,51.9888279602587,4.3900585849996,6.889764,,,3.105623787044,6.233596,0,11.5664701864,28.656004854,26,5,7.745,3.105623787044,6.889764,3.579104,11.5664701864,0,0,0,162.9, -4.7, -0.5,,,0,0,1024,1024,1024,1024,0,0,0,0,182.6,0,0.1,84,3.871,3.87,0,0,0,0,4.717,94.82,3.105623787044,6.889764,6,P-GPS,
54700,2026-05-22 09:16:30,51.9888279589897,4.39005855346909,6.889764,,,3.105623787044,6.233596,0,11.5613192676,28.6630914684,26,5,7.745,3.105623787044,6.889764,3.579104,11.5664701864,0,0,0,162.9, -4.9, -0.5,,,0,0,1024,1024,1024,1024,0,0,0,0,182.6,0,0.2,84,3.871,3.87,0,0,0,0,4.717,94.82,3.105623787044,6.889764,6,P-GPS,
54800,2026-05-22 09:16:30,51.9888279934952,4.3900589201704,6.889764,,,3.105623787044,6.233596,0,11.6266079836,28.7464248044,26,5,7.745,3.105623787044,6.889764,3.579104,11.6266079836,0,0,0,162.9, -4.8, -0.4,,,0,0,1024,1024,1024,1024,0,0,0,0,182.6,0,0.2,84,3.871,3.87,0,0,0,0,4.717,94.82,3.105623787044,6.889764,6,P-GPS,
54900,2026-05-22 09:16:30,51.9888279947182,4.39005887826188,6.889764,,,3.105623787044,6.233596,0,11.6205384296,28.7558736236,26,5,7.74,3.105623787044,6.889764,3.579104,11.6266079836,0,0,0,162.9, -4.9, -0.7,,,0,0,1024,1024,1024,1024,0,0,0,0,182.5,0,-0.2,83,3.873,3.871,0,0,0,0,4.815,94.82,3.105623787044,6.889764,6,P-GPS,
55000,2026-05-22 09:16:30,51.9888278076247,4.39005900382747,6.889764,,,3.105623787044,6.233596,0,11.5900266176,28.829725332,26,5,7.74,3.105623787044,6.889764,3.579104,11.6266079836,0,0,0,162.9, -5.3, -0.9,,,0,0,1024,1024,1024,1024,0,0,0,0,182.5,0,-0.2,83,3.873,3.871,0,0,0,0,4.815,94.82,3.105623787044,6.889764,6,P-GPS,
55100,2026-05-22 09:16:30,51.9888278286309,4.39005896842955,6.889764,,,3.105623787044,6.233596,0,11.5901578512,28.8407817628,26,5,7.74,3.105623787044,6.889764,3.579104,11.6266079836,0,0,0,162.8, -5.6, -1,,,0,0,1024,1024,1024,1024,0,0,0,0,182.5,0,-0.4,83,3.873,3.871,0,0,0,0,4.815,94.82,3.105623787044,6.889764,6,P-GPS,
55200,2026-05-22 09:16:30,51.988827854366,4.39005913091637,6.889764,,,3.105623787044,6.233596,0,11.622047616,28.8784786144,26,5,7.74,3.105623787044,6.889764,3.579104,11.6266079836,0,0,0,162.8, -6, -1,,,0,0,1024,1024,1024,1024,0,0,0,0,182.6,0,0.3,83,3.873,3.871,0,0,0,0,4.815,94.82,3.105623787044,6.889764,6,P-GPS,
55300,2026-05-22 09:16:31,51.9888278486893,4.39005931299064,6.889764,,,3.105623787044,6.233596,0,11.6486880368,28.9194234976,25,5,7.74,3.105623787044,6.889764,3.579104,11.6486880368,0,0,0,162.9, -6.2, 0,,,0,0,1024,1024,1024,1024,0,0,0,0,182.6,0,0.7,83,3.873,3.871,0,0,0,0,4.815,94.82,3.105623787044,6.889764,6,P-GPS,
55400,2026-05-22 09:16:31,51.9888278825673,4.39005932932975,6.889764,,,3.105623787044,6.233596,0,11.6601709768,28.9323171988,25,5,7.74,3.105623787044,6.889764,3.579104,11.6601709768,0,0,0,162.9, -6.3, 0,,,0,0,1024,1024,1024,1024,0,0,0,0,182.6,0,0.5,83,3.873,3.871,0,0,0,0,4.815,94.82,3.105623787044,6.889764,6,P-GPS,
55500,2026-05-22 09:16:31,51.9888279142799,4.39005933087741,6.889764,,,3.105623787044,6.233596,0,11.668799586,28.943898564,25,5,7.74,3.105623787044,6.889764,3.579104,11.668799586,0,0,0,162.9, -6.7, -0.3,,,0,0,1024,1024,1024,1024,0,0,0,0,182.6,0,0.1,83,3.873,3.871,0,0,0,0,4.815,94.82,3.105623787044,6.889764,6,P-GPS,
55600,2026-05-22 09:16:31,51.9888278770716,4.39005969531114,6.889764,,,3.105623787044,6.233596,0,11.7154859392,29.026903816,24,5,7.74,3.105623787044,6.889764,3.579104,11.7154859392,0,0,0,162.9, -6.8, -0.7,,,0,0,1024,1024,1024,1024,0,0,0,0,182.5,0,-0.1,83,3.873,3.871,0,0,0,0,4.815,94.82,3.105623787044,6.889764,6,P-GPS,
55700,2026-05-22 09:16:31,51.9888279011479,4.39005968874489,6.889764,,,3.105623787044,6.233596,0,11.7208009,29.0357948924,24,5,7.74,3.105623787044,6.889764,3.579104,11.7208009,0,0,0,162.9, -7, -0.9,,,0,0,1024,1024,1024,1024,0,0,0,0,182.6,0,0,83,3.873,3.871,0,0,0,0,4.815,94.82,3.105623787044,6.889764,6,P-GPS,
55800,2026-05-22 09:16:31,51.9888279599685,4.39005978982617,6.889764,,,3.105623787044,6.233596,0,11.7520016884,29.0670612976,26,5,7.74,3.105623787044,6.889764,3.579104,11.7520016884,0,0,0,162.9, -7, -0.6,,,0,0,1024,1024,1024,1024,0,0,0,0,182.6,0,0,83,3.873,3.871,0,0,0,0,4.815,94.82,3.105623787044,6.889764,6,P-GPS,
55900,2026-05-22 09:16:31,51.9888279719826,4.39005979394398,6.889764,,,3.105623787044,6.233596,0,11.7558074628,29.07152324,26,5,7.743,3.105623787044,6.889764,3.579104,11.7558074628,0,0,0,162.9, -7, -0.7,,,0,0,1024,1024,1024,1024,0,0,0,0,182.5,0,-0.2,83,3.871,3.869,0,0,0,0,4.702,95,3.105623787044,6.889764,6,P-GPS,
56000,2026-05-22 09:16:31,51.9888280248545,4.39005991513439,6.889764,,,3.105623787044,6.233596,0,11.7885830544,29.1048893828,26,5,7.743,3.105623787044,6.889764,3.579104,11.7885830544,0,0,0,162.8, -6.7, -0.9,,,0,0,1024,1024,1024,1024,0,0,0,0,182.5,0,0,83,3.871,3.869,0,0,0,0,4.702,95,3.105623787044,6.889764,6,P-GPS,
56100,2026-05-22 09:16:31,51.9888280235448,4.39005994147937,6.889764,,,3.105623787044,6.233596,0,11.792323212,29.1108277032,26,5,7.743,3.105623787044,6.889764,3.579104,11.792323212,0,0,0,162.9, -6.7, -0.6,,,0,0,1024,1024,1024,1024,0,0,0,0,182.6,0,0.3,83,3.871,3.869,0,0,0,0,4.702,95,3.105623787044,6.889764,6,P-GPS,
56200,2026-05-22 09:16:31,51.9888279899614,4.39006006708669,6.889764,,,3.105623787044,6.233596,0,11.8030515588,29.1416019824,26,5,7.743,3.105623787044,6.889764,3.579104,11.8030515588,0,0,0,162.9, -6.7, -0.2,,,0,0,1024,1024,1024,1024,0,0,0,0,182.7,0,0.5,83,3.871,3.869,0,0,0,0,4.702,95,3.105623787044,6.889764,6,P-GPS,
56300,2026-05-22 09:16:31,51.988827975993,4.39006008846874,6.889764,,,3.105623787044,6.233596,0,11.8027234748,29.1485901716,26,5,7.743,3.105623787044,6.889764,3.579104,11.8030515588,0,0,0,162.9, -6.5, -0.2,,,0,0,1024,1024,1024,1024,0,0,0,0,182.6,0,0.2,83,3.871,3.869,0,0,0,0,4.702,95,3.105623787044,6.889764,6,P-GPS,
56400,2026-05-22 09:16:32,51.9888279659675,4.39006015177669,6.889764,,,3.105623787044,6.233596,0,11.8099741312,29.1632883348,26,5,7.743,3.105623787044,6.889764,3.579104,11.8099741312,0,0,0,162.9, -6.5, -0.6,,,0,0,1024,1024,1024,1024,0,0,0,0,182.6,0,0,83,3.871,3.869,0,0,0,0,4.702,95,3.105623787044,6.889764,6,P-GPS,
56500,2026-05-22 09:16:32,51.9888279766483,4.39006013588623,6.889764,,,3.105623787044,6.233596,0,11.8103022152,29.1685704872,26,5,7.743,3.105623787044,6.889764,3.579104,11.8103022152,0,0,0,162.9, -6.7, -0.5,,,0,0,1024,1024,1024,1024,0,0,0,0,182.6,0,0.5,83,3.871,3.869,0,0,0,0,4.702,95,3.105623787044,6.889764,6,P-GPS,
56600,2026-05-22 09:16:32,51.9888279640474,4.39006017403864,6.889764,,,3.105623787044,6.233596,0,11.8129596956,29.178314582,26,5,7.743,3.105623787044,6.889764,3.579104,11.8129596956,0,0,0,162.8, -6.6, -0.1,,,0,0,1024,1024,1024,1024,0,0,0,0,182.5,0,0.4,83,3.871,3.869,0,0,0,0,4.702,95,3.105623787044,6.889764,6,P-GPS,
56700,2026-05-22 09:16:32,51.9888279580099,4.39006021028864,6.889764,,,3.105623787044,6.233596,0,11.8170607456,29.1867463408,26,5,7.743,3.105623787044,6.889764,3.579104,11.8170607456,0,0,0,162.8, -6.7, -0.2,,,0,0,1024,1024,1024,1024,0,0,0,0,182.6,0,0.6,83,3.871,3.869,0,0,0,0,4.702,95,3.105623787044,6.889764,6,P-GPS,
56800,2026-05-22 09:16:32,51.9888279768186,4.39006020899139,6.889764,,,3.105623787044,6.233596,0,11.8217851552,29.1936032964,26,5,7.743,3.105623787044,6.889764,3.579104,11.8217851552,0,0,0,162.8, -6.6, 0.1,,,0,0,1024,1024,1024,1024,0,0,0,0,182.6,0,1.1,83,3.871,3.869,0,0,0,0,4.702,95,3.105623787044,6.889764,6,P-GPS,
56900,2026-05-22 09:16:32,51.9888279588248,4.39006028467714,6.889764,,,3.105623787044,6.233596,0,11.828904578,29.2118447668,26,5,7.739,3.105623787044,6.889764,3.579104,11.828904578,0,0,0,162.8, -6.1, 0.7,,,0,0,1024,1024,1024,1024,0,0,0,0,182.7,0,1.9,83,3.87,3.867,0,0,0,0,4.742,95.18,3.105623787044,6.889764,6,P-GPS,
57000,2026-05-22 09:16:32,51.9888279507312,4.39006038663484,6.889764,,,3.105623787044,6.233596,0,11.8427497228,29.2349418804,26,5,7.739,3.105623787044,6.889764,3.579104,11.8427497228,0,0,0,162.8, -5.4, 1.2,,,0,0,1024,1024,1024,1024,0,0,0,0,182.7,0,1.9,83,3.87,3.867,0,0,0,0,4.742,95.18,3.105623787044,6.889764,6,P-GPS,
57100,2026-05-22 09:16:32,51.9888279315766,4.39006045118439,6.889764,,,3.105623787044,6.233596,0,11.8478678332,29.2510508048,26,5,7.739,3.105623787044,6.889764,3.579104,11.8478678332,0,0,0,162.8, -4.8, 1.2,,,0,0,1024,1024,1024,1024,0,0,0,0,182.7,0,1.8,83,3.87,3.867,0,0,0,0,4.742,95.18,3.105623787044,6.889764,6,P-GPS,
57200,2026-05-22 09:16:32,51.9888278678514,4.39006053465365,6.889764,,,3.105623787044,6.233596,0,11.8443901428,29.2809064488,26,5,7.739,3.105623787044,6.889764,3.579104,11.8478678332,0,0,0,162.8, -5.2, 1,,,0,0,1024,1024,1024,1024,0,0,0,0,182.7,0,1.5,83,3.87,3.867,0,0,0,0,4.742,95.18,3.105623787044,6.889764,6,P-GPS,
57300,2026-05-22 09:16:32,51.9888278887226,4.39006053640651,6.889764,,,3.105623787044,6.233596,0,11.8500988044,29.2885179976,26,5,7.739,3.105623787044,6.889764,3.579104,11.8500988044,0,0,0,162.8, -6.1, 0.6,,,0,0,1024,1024,1024,1024,0,0,0,0,182.7,0,1.3,83,3.87,3.867,0,0,0,0,4.742,95.18,3.105623787044,6.889764,6,P-GPS,
57400,2026-05-22 09:16:33,51.988828061203,4.39006050205195,6.889764,,,3.105623787044,6.233596,0,11.8897313516,29.3519366348,26,5,7.739,3.105623787044,6.889764,3.579104,11.8897313516,0,0,0,162.8, -6.8, 0.6,,,0,0,1024,1024,1024,1024,0,0,0,0,182.6,0,1.1,83,3.87,3.867,0,0,0,0,4.742,95.18,3.105623787044,6.889764,6,P-GPS,
57500,2026-05-22 09:16:33,51.9888281097465,4.39006049784023,6.889764,,,3.105623787044,6.233596,0,11.9017720344,29.3696531708,26,5,7.739,3.105623787044,6.889764,3.579104,11.9017720344,0,0,0,162.8, -7.5, 0.5,,,0,0,1024,1024,1024,1024,0,0,0,0,182.7,0,1.5,83,3.87,3.867,0,0,0,0,4.742,95.18,3.105623787044,6.889764,6,P-GPS,
57600,2026-05-22 09:16:33,51.988828213278,4.39006047838146,6.889764,,,3.105623787044,6.233596,0,11.9258534,29.4076781064,26,5,7.739,3.105623787044,6.889764,3.579104,11.9258534,0,0,0,162.8, -8, 0.6,,,0,0,1024,1024,1024,1024,0,0,0,0,182.7,0,1.1,83,3.87,3.867,0,0,0,0,4.742,95.18,3.105623787044,6.889764,6,P-GPS,
57700,2026-05-22 09:16:33,51.9888282511985,4.39006035855786,6.889764,,,3.105623787044,6.233596,0,11.917159174,29.4379602596,26,5,7.739,3.105623787044,6.889764,3.579104,11.9258534,0,0,0,162.8, -7.9, 0.3,,,0,0,1024,1024,1024,1024,0,0,0,0,182.5,0,0.5,83,3.87,3.867,0,0,0,0,4.742,95.18,3.105623787044,6.889764,6,P-GPS,
57800,2026-05-22 09:16:33,51.9888282709345,4.3900603253997,6.889764,,,3.105623787044,6.233596,0,11.9171919824,29.448327714,26,5,7.739,3.105623787044,6.889764,3.579104,11.9258534,0,0,0,162.8, -7.9, 0,,,0,0,1024,1024,1024,1024,0,0,0,0,182.7,0,1.1,83,3.87,3.867,0,0,0,0,4.742,95.18,3.105623787044,6.889764,6,P-GPS,
57900,2026-05-22 09:16:33,51.9888282853163,4.39006030477932,6.889764,,,3.105623787044,6.233596,0,11.9177497252,29.4553159032,26,5,7.739,3.105623787044,6.889764,3.579104,11.9258534,0,0,0,162.8, -7.9, 0.5,,,0,0,1024,1024,1024,1024,0,0,0,0,182.7,0,1.1,83,3.87,3.867,0,0,0,0,4.742,95.18,3.105623787044,6.889764,6,P-GPS,
58000,2026-05-22 09:16:33,51.9888282283204,4.39006014779103,6.889764,,,3.105623787044,6.233596,0,11.8783468368,29.4962607864,26,5,7.739,3.105623787044,6.889764,3.579104,11.9258534,0,0,0,162.8, -7.6, 0.4,,,0,0,1024,1024,1024,1024,0,0,0,0,182.7,0,1.2,83,3.87,3.867,0,0,0,0,4.742,95.18,3.105623787044,6.889764,6,P-GPS,
58100,2026-05-22 09:16:33,51.9888282205031,4.39006011779427,6.889764,,,3.105623787044,6.233596,0,11.8716211148,29.5035770596,26,5,7.739,3.105623787044,6.889764,3.579104,11.9258534,0,0,0,162.9, -7.2, 0.2,,,0,0,1024,1024,1024,1024,0,0,0,0,182.6,0,0.4,83,3.87,3.867,0,0,0,0,4.742,95.18,3.105623787044,6.889764,6,P-GPS,
58200,2026-05-22 09:16:33,51.9888281756509,4.39005991674813,6.889764,,,3.105623787044,6.233596,0,11.8286093024,29.5516413656,26,5,7.739,3.105623787044,6.889764,3.579104,11.9258534,0,0,0,162.9, -7.2, -0.4,,,0,0,1024,1024,1024,1024,0,0,0,0,182.6,0,0.1,83,3.87,3.867,0,0,0,0,4.742,95.18,3.105623787044,6.889764,6,P-GPS,
58300,2026-05-22 09:16:33,51.9888281734695,4.3900597365693,6.889764,,,3.105623787044,6.233596,0,11.8001316112,29.5921269312,26,5,7.739,3.105623787044,6.889764,3.579104,11.9258534,0,0,0,162.9, -7.3, -0.6,,,0,0,1024,1024,1024,1024,0,0,0,0,182.6,0,0,83,3.87,3.867,0,0,0,0,4.742,95.18,3.105623787044,6.889764,6,P-GPS,
58400,2026-05-22 09:16:34,51.9888281557981,4.39005970473621,6.889764,,,3.105623787044,6.233596,0,11.7905515584,29.6017397924,26,5,7.739,3.105623787044,6.889764,3.579104,11.9258534,0,0,0,162.9, -7.3, -0.7,,,0,0,1024,1024,1024,1024,0,0,0,0,182.5,0,0,83,3.87,3.867,0,0,0,0,4.742,95.18,3.105623787044,6.889764,6,P-GPS,
58500,2026-05-22 09:16:34,51.9888281688873,4.39005956333929,6.889764,,,3.105623787044,6.233596,0,11.7721788544,29.6338920244,26,5,7.739,3.105623787044,6.889764,3.579104,11.9258534,0,0,0,162.9, -7.1, -0.7,,,0,0,1024,1024,1024,1024,0,0,0,0,182.5,0,-0.1,83,3.87,3.867,0,0,0,0,4.742,95.18,3.105623787044,6.889764,6,P-GPS,
58600,2026-05-22 09:16:34,51.9888281378428,4.39005955374728,6.889764,,,3.105623787044,6.233596,0,11.762467568,29.6454077728,26,5,7.739,3.105623787044,6.889764,3.579104,11.9258534,0,0,0,162.9, -7, -0.9,,,0,0,1024,1024,1024,1024,0,0,0,0,182.5,0,0,83,3.87,3.867,0,0,0,0,4.742,95.18,3.105623787044,6.889764,6,P-GPS,
58700,2026-05-22 09:16:34,51.9888281083319,4.39005955394552,6.889764,,,3.105623787044,6.233596,0,11.7546591688,29.656168928,26,5,7.739,3.105623787044,6.889764,3.579104,11.9258534,0,0,0,162.9, -6.5, -0.6,,,0,0,1024,1024,1024,1024,0,0,0,0,182.6,0,0.3,83,3.87,3.867,0,0,0,0,4.742,95.18,3.105623787044,6.889764,6,P-GPS,
58800,2026-05-22 09:16:34,51.9888281246305,4.39005930668176,6.889764,,,3.105623787044,6.233596,0,11.7208993252,29.7120416332,26,5,7.739,3.105623787044,6.889764,3.579104,11.9258534,0,0,0,162.9, -6, -0.4,,,0,0,1024,1024,1024,1024,0,0,0,0,182.6,0,0.3,83,3.87,3.867,0,0,0,0,4.742,95.18,3.105623787044,6.889764,6,P-GPS,
58900,2026-05-22 09:16:34,51.9888280696939,4.39005911326262,6.889764,,,3.105623787044,6.233596,0,11.6765423684,29.7599090888,26,5,7.738,3.105623787044,6.889764,3.579104,11.9258534,0,0,0,162.9, -6, -0.3,,,0,0,1024,1024,1024,1024,0,0,0,0,182.6,0,0.2,83,3.871,3.865,0,0,0,0,4.738,95.36,3.105623787044,6.889764,6,P-GPS,
59000,2026-05-22 09:16:34,51.9888280669739,4.39005911390255,6.889764,,,3.105623787044,6.233596,0,11.6759190088,29.7608933408,26,5,7.738,3.105623787044,6.889764,3.579104,11.9258534,0,0,0,162.9, -6.4, -0.5,,,0,0,1024,1024,1024,1024,0,0,0,0,182.6,0,0.2,83,3.871,3.865,0,0,0,0,4.738,95.36,3.105623787044,6.889764,6,P-GPS,
59100,2026-05-22 09:16:34,51.9888280079359,4.39005909587319,6.889764,,,3.105623787044,6.233596,0,11.6574478796,29.782809352,26,5,7.738,3.105623787044,6.889764,3.579104,11.9258534,0,0,0,162.9, -6.8, -0.5,,,0,0,1024,1024,1024,1024,0,0,0,0,182.6,0,0.3,83,3.871,3.865,0,0,0,0,4.738,95.36,3.105623787044,6.889764,6,P-GPS,
59200,2026-05-22 09:16:34,51.9888280249241,4.39005909913197,6.889764,,,3.105623787044,6.233596,0,11.6624675648,29.7890757564,26,5,7.738,3.105623787044,6.889764,3.579104,11.9258534,0,0,0,162.9, -7.2, -0.1,,,0,0,1024,1024,1024,1024,0,0,0,0,182.6,0,0.5,83,3.871,3.865,0,0,0,0,4.738,95.36,3.105623787044,6.889764,6,P-GPS,
59300,2026-05-22 09:16:34,51.9888280424457,4.3900591054026,6.889764,,,3.105623787044,6.233596,0,11.6680778012,29.795604628,26,5,7.738,3.105623787044,6.889764,3.579104,11.9258534,0,0,0,162.8, -7.2, -0.3,,,0,0,1024,1024,1024,1024,0,0,0,0,182.5,0,0.5,83,3.871,3.865,0,0,0,0,4.738,95.36,3.105623787044,6.889764,6,P-GPS,
59400,2026-05-22 09:16:35,51.9888279441143,4.39005902910474,6.889764,,,3.105623787044,6.233596,0,11.6301840992,29.8353684088,26,5,7.738,3.105623787044,6.889764,3.579104,11.9258534,0,0,0,162.8, -7.7, -0.4,,,0,0,1024,1024,1024,1024,0,0,0,0,182.5,0,0.4,83,3.871,3.865,0,0,0,0,4.738,95.36,3.105623787044,6.889764,6,P-GPS,
59500,2026-05-22 09:16:35,51.9888279557557,4.39005905751907,6.889764,,,3.105623787044,6.233596,0,11.6376644144,29.8430455744,26,5,7.738,3.105623787044,6.889764,3.579104,11.9258534,0,0,0,162.8, -7.5, 0,,,0,0,1024,1024,1024,1024,0,0,0,0,182.6,0,1,83,3.871,3.865,0,0,0,0,4.738,95.36,3.105623787044,6.889764,6,P-GPS,
59600,2026-05-22 09:16:35,51.9888279197381,4.3900587653871,6.889764,,,3.105623787044,6.233596,0,11.5832352788,29.9099747104,25,5,7.738,3.105623787044,6.889764,3.579104,11.9258534,0,0,0,162.8, -7.3, 0.4,,,0,0,1024,1024,1024,1024,0,0,0,0,182.6,0,0.9,83,3.871,3.865,0,0,0,0,4.738,95.36,3.105623787044,6.889764,6,P-GPS,
59700,2026-05-22 09:16:35,51.9888279124594,4.39005879064003,6.889764,,,3.105623787044,6.233596,0,11.585138166,29.9162411148,25,5,7.738,3.105623787044,6.889764,3.579104,11.9258534,0,0,0,162.8, -7.2, 0,,,0,0,1024,1024,1024,1024,0,0,0,0,182.6,0,0.7,83,3.871,3.865,0,0,0,0,4.738,95.36,3.105623787044,6.889764,6,P-GPS,
59800,2026-05-22 09:16:35,51.9888280662907,4.39005847020155,6.889764,,,3.105623787044,6.233596,0,11.5773953836,30.007546892,25,5,7.738,3.105623787044,6.889764,3.579104,11.9258534,0,0,0,162.9, -6.8, 0.3,,,0,0,1024,1024,1024,1024,0,0,0,0,182.7,0,1.1,83,3.871,3.865,0,0,0,0,4.738,95.36,3.105623787044,6.889764,6,P-GPS,
59900,2026-05-22 09:16:35,51.9888280229634,4.3900584754462,6.889764,,,3.105623787044,6.233596,0,11.5665686116,30.0233933492,25,5,7.736,3.105623787044,6.889764,3.579104,11.9258534,0,0,0,162.9, -5.4, 0,,,0,0,1024,1024,1024,1024,0,0,0,0,182.5,0,0,83,3.869,3.863,0,0,0,0,4.713,95.36,3.105623787044,6.889764,6,P-GPS,
60000,2026-05-22 09:16:35,51.9888280037927,4.39005829076003,6.889764,,,3.105623787044,6.233596,0,11.5333337024,30.065453718,25,5,7.736,3.105623787044,6.889764,3.579104,11.9258534,0,0,0,162.9, -4.8, -0.9,,,0,0,1024,1024,1024,1024,0,0,0,0,182.5,0,0,83,3.869,3.863,0,0,0,0,4.713,95.36,3.105623787044,6.889764,6,P-GPS,
60100,2026-05-22 09:16:35,51.9888279991462,4.39005825003747,6.889764,,,3.105623787044,6.233596,0,11.525919004,30.0747713036,25,5,7.736,3.105623787044,6.889764,3.579104,11.9258534,0,0,0,162.9, -5.4, -1,,,0,0,1024,1024,1024,1024,0,0,0,0,182.5,0,-0.6,83,3.869,3.863,0,0,0,0,4.713,95.36,3.105623787044,6.889764,6,P-GPS,
60200,2026-05-22 09:16:35,51.9888280983846,4.39005788216063,6.889764,,,3.105623787044,6.233596,0,11.4971132288,30.1649944036,26,5,7.736,3.105623787044,6.889764,3.579104,11.9258534,0,0,0,162.9, -6.4, -1.4,,,0,0,1024,1024,1024,1024,0,0,0,0,182.5,0,-0.5,83,3.869,3.863,0,0,0,0,4.713,95.36,3.105623787044,6.889764,6,P-GPS,
60300,2026-05-22 09:16:35,51.9888281272702,4.39005782266791,6.889764,,,3.105623787044,6.233596,0,11.4959977432,30.1820219632,27,5,7.736,3.105623787044,6.889764,3.579104,11.9258534,0,0,0,162.9, -7.3, -1.3,,,0,0,1024,1024,1024,1024,0,0,0,0,182.5,0,-0.8,83,3.869,3.863,0,0,0,0,4.713,95.36,3.105623787044,6.889764,6,P-GPS,
60400,2026-05-22 09:16:36,51.9888280724953,4.39005744227068,6.889764,,,3.105623787044,6.233596,0,11.4240817304,30.2698172416,27,5,7.736,3.105623787044,6.889764,3.579104,11.9258534,0,0,0,163, -7.6, -1.6,,,0,0,1024,1024,1024,1024,0,0,0,0,182.5,0,-0.7,83,3.869,3.863,0,0,0,0,4.713,95.36,3.105623787044,6.889764,6,P-GPS,
60500,2026-05-22 09:16:36,51.9888281007233,4.39005737267123,6.889764,,,3.105623787044,6.233596,0,11.4213914416,30.2885180296,27,5,7.736,3.105623787044,6.889764,3.579104,11.9258534,0,0,0,163, -7.9, -1.5,,,0,0,1024,1024,1024,1024,0,0,0,0,182.5,0,-1.2,83,3.869,3.863,0,0,0,0,4.713,95.36,3.105623787044,6.889764,6,P-GPS,
60600,2026-05-22 09:16:36,51.9888280697335,4.39005710243951,6.889764,,,3.105623787044,6.233596,0,11.3726709676,30.3502962468,27,5,7.736,3.105623787044,6.889764,3.579104,11.9258534,0,0,0,163.1, -8, -2.4,,,0,0,1024,1024,1024,1024,0,0,0,0,182.4,0,-2,83,3.869,3.863,0,0,0,0,4.713,95.36,3.105623787044,6.889764,6,P-GPS,
60700,2026-05-22 09:16:36,51.9888281028276,4.39005700462397,6.889764,,,3.105623787044,6.233596,0,11.3671919648,30.3753618644,27,5,7.736,3.105623787044,6.889764,3.579104,11.9258534,0,0,0,163.1, -8.7, -3.2,,,0,0,1024,1024,1024,1024,0,0,0,0,182.3,0,-2.8,83,3.869,3.863,0,0,0,0,4.713,95.36,3.105623787044,6.889764,6,P-GPS,
60800,2026-05-22 09:16:36,51.9888280842748,4.39005686590155,6.889764,,,3.105623787044,6.233596,0,11.341535796,30.4072516292,27,5,7.736,3.105623787044,6.889764,3.579104,11.9258534,0,0,0,163.1, -8.9, -3.6,,,0,0,1024,1024,1024,1024,0,0,0,0,182.3,0,-2.6,83,3.869,3.863,0,0,0,0,4.713,95.36,3.105623787044,6.889764,6,P-GPS,
60900,2026-05-22 09:16:36,51.9888281179707,4.39005682198281,6.889764,,,3.105623787044,6.233596,0,11.3442917016,30.4230324696,27,5,7.738,3.105623787044,6.889764,3.579104,11.9258534,0,0,0,163, -9, -3.1,,,0,0,1024,1024,1024,1024,0,0,0,0,182.4,0,-1.7,83,3.868,3.861,0,0,0,0,4.658,95.54,3.105623787044,6.889764,6,P-GPS,
61000,2026-05-22 09:16:36,51.9888279809575,4.39005661422782,6.889764,,,3.105623787044,6.233596,0,11.2759518044,30.4914051752,27,5,7.738,3.105623787044,6.889764,3.579104,11.9258534,0,0,0,163, -8.9, -2.2,,,0,0,1024,1024,1024,1024,0,0,0,0,182.5,0,-1.2,83,3.868,3.861,0,0,0,0,4.658,95.54,3.105623787044,6.889764,6,P-GPS,
61100,2026-05-22 09:16:36,51.9888280010716,4.39005663263975,6.889764,,,3.105623787044,6.233596,0,11.2841867128,30.499836934,27,5,7.738,3.105623787044,6.889764,3.579104,11.9258534,0,0,0,163, -8.7, -1.9,,,0,0,1024,1024,1024,1024,0,0,0,0,182.5,0,-1,83,3.868,3.861,0,0,0,0,4.658,95.54,3.105623787044,6.889764,6,P-GPS,
61200,2026-05-22 09:16:36,51.9888279478184,4.39005655923202,6.889764,,,3.105623787044,6.233596,0,11.258694586,30.5253290608,27,5,7.738,3.105623787044,6.889764,3.579104,11.9258534,0,0,0,163, -8.8, -1.6,,,0,0,1024,1024,1024,1024,0,0,0,0,182.5,0,-0.7,83,3.868,3.861,0,0,0,0,4.658,95.54,3.105623787044,6.889764,6,P-GPS,
61300,2026-05-22 09:16:37,51.9888279439033,4.39005660547746,6.889764,,,3.105623787044,6.233596,0,11.2644688644,30.5358277488,27,5,7.738,3.105623787044,6.889764,3.579104,11.9258534,0,0,0,163, -8.5, -1.5,,,0,0,1024,1024,1024,1024,0,0,0,0,182.5,0,-0.8,83,3.868,3.861,0,0,0,0,4.658,95.54,3.105623787044,6.889764,6,P-GPS,
61400,2026-05-22 09:16:37,51.9888277843226,4.39005643057807,6.889764,,,3.105623787044,6.233596,0,11.1947838228,30.6060705332,27,5,7.738,3.105623787044,6.889764,3.579104,11.9258534,0,0,0,163, -8, -1.4,,,0,0,1024,1024,1024,1024,0,0,0,0,182.4,0,-0.7,83,3.868,3.861,0,0,0,0,4.658,95.54,3.105623787044,6.889764,6,P-GPS,
61500,2026-05-22 09:16:37,51.9888277568442,4.390056513863,6.889764,,,3.105623787044,6.233596,0,11.1995738492,30.627297568,27,5,7.738,3.105623787044,6.889764,3.579104,11.9258534,0,0,0,162.9, -7.4, -1.5,,,0,0,1024,1024,1024,1024,0,0,0,0,182.5,0,0,83,3.868,3.861,0,0,0,0,4.658,95.54,3.105623787044,6.889764,6,P-GPS,
61600,2026-05-22 09:16:37,51.9888277302267,4.39005662429282,6.889764,,,3.105623787044,6.233596,0,11.2086945844,30.6539379888,27,5,7.738,3.105623787044,6.889764,3.579104,11.9258534,0,0,0,162.9, -6.9, -0.2,,,0,0,1024,1024,1024,1024,0,0,0,0,182.7,0,0.8,83,3.868,3.861,0,0,0,0,4.658,95.54,3.105623787044,6.889764,6,P-GPS,
61700,2026-05-22 09:16:37,51.9888276902073,4.39005671927388,6.889764,,,3.105623787044,6.233596,0,11.2119098076,30.679791008,27,5,7.738,3.105623787044,6.889764,3.579104,11.9258534,0,0,0,163, -6.2, 0,,,0,0,1024,1024,1024,1024,0,0,0,0,182.7,0,0.5,83,3.868,3.861,0,0,0,0,4.658,95.54,3.105623787044,6.889764,6,P-GPS,
61800,2026-05-22 09:16:37,51.9888275949868,4.39005670460416,6.889764,,,3.105623787044,6.233596,0,11.1837602004,30.7146991456,27,5,7.738,3.105623787044,6.889764,3.579104,11.9258534,0,0,0,163, -5.1, -0.3,,,0,0,1024,1024,1024,1024,0,0,0,0,182.6,0,0.2,83,3.868,3.861,0,0,0,0,4.658,95.54,3.105623787044,6.889764,6,P-GPS,
61900,2026-05-22 09:16:37,51.9888275484822,4.39005671934344,6.889764,,,3.105623787044,6.233596,0,11.1732943208,30.731956364,27,5,7.731,3.105623787044,6.889764,3.579104,11.9258534,0,0,0,162.9, -3.9, -1,,,0,0,1024,1024,1024,1024,0,0,0,0,182.4,0,-0.8,82,3.87,3.864,0,0,0,0,4.749,95.72,3.105623787044,6.889764,6,P-GPS,
62000,2026-05-22 09:16:37,51.9888275990711,4.3900564194384,6.889764,,,3.105623787044,6.233596,0,11.1423559996,30.801838256,27,5,7.731,3.105623787044,6.889764,3.579104,11.9258534,0,0,0,162.8, -3.8, -2,,,0,0,1024,1024,1024,1024,0,0,0,0,182.4,0,-1.4,82,3.87,3.864,0,0,0,0,4.749,95.72,3.105623787044,6.889764,6,P-GPS,
62100,2026-05-22 09:16:37,51.9888275950039,4.39005640089083,6.889764,,,3.105623787044,6.233596,0,11.1384846084,30.80626739,27,5,7.731,3.105623787044,6.889764,3.579104,11.9258534,0,0,0,162.8, -4.6, -2.1,,,0,0,1024,1024,1024,1024,0,0,0,0,182.4,0,-1.1,82,3.87,3.864,0,0,0,0,4.749,95.72,3.105623787044,6.889764,6,P-GPS,
62200,2026-05-22 09:16:37,51.988827487008,4.39005627072748,6.889764,,,3.105623787044,6.233596,0,11.0896000924,30.855315948,27,5,7.731,3.105623787044,6.889764,3.579104,11.9258534,0,0,0,162.8, -4.9, -1.5,,,0,0,1024,1024,1024,1024,0,0,0,0,182.5,0,-0.3,82,3.87,3.864,0,0,0,0,4.749,95.72,3.105623787044,6.889764,6,P-GPS,
62300,2026-05-22 09:16:38,51.9888274902131,4.39005629004366,6.889764,,,3.105623787044,6.233596,0,11.09334025,30.8598106988,27,5,7.731,3.105623787044,6.889764,3.579104,11.9258534,0,0,0,162.9, -4.8, -1,,,0,0,1024,1024,1024,1024,0,0,0,0,182.5,0,-0.3,82,3.87,3.864,0,0,0,0,4.749,95.72,3.105623787044,6.889764,6,P-GPS,
62400,2026-05-22 09:16:38,51.9888274993391,4.3900561295288,6.889764,,,3.105623787044,6.233596,0,11.07201479,30.8960311724,26,5,7.731,3.105623787044,6.889764,3.579104,11.9258534,0,0,0,162.8, -4.5, -1.2,,,0,0,1024,1024,1024,1024,0,0,0,0,182.5,0,-0.4,82,3.87,3.864,0,0,0,0,4.749,95.72,3.105623787044,6.889764,6,P-GPS,
62500,2026-05-22 09:16:38,51.9888274891476,4.39005612547706,6.889764,,,3.105623787044,6.233596,0,11.0686027164,30.8998697552,26,5,7.731,3.105623787044,6.889764,3.579104,11.9258534,0,0,0,162.9, -4.4, -1.2,,,0,0,1024,1024,1024,1024,0,0,0,0,182.5,0,-0.5,82,3.87,3.864,0,0,0,0,4.749,95.72,3.105623787044,6.889764,6,P-GPS,
62600,2026-05-22 09:16:38,51.9888273874805,4.39005596825228,6.889764,,,3.105623787044,6.233596,0,11.0174216124,30.9510836676,27,5,7.731,3.105623787044,6.889764,3.579104,11.9258534,0,0,0,162.9, -4.9, -1.6,,,0,0,1024,1024,1024,1024,0,0,0,0,182.4,0,-1.3,82,3.87,3.864,0,0,0,0,4.749,95.72,3.105623787044,6.889764,6,P-GPS,
62700,2026-05-22 09:16:38,51.988827408885,4.39005592688979,6.889764,,,3.105623787044,6.233596,0,11.0171591452,30.9632227756,27,5,7.731,3.105623787044,6.889764,3.579104,11.9258534,0,0,0,162.9, -6.1, -2.1,,,0,0,1024,1024,1024,1024,0,0,0,0,182.5,0,-1.1,82,3.87,3.864,0,0,0,0,4.749,95.72,3.105623787044,6.889764,6,P-GPS,
62800,2026-05-22 09:16:38,51.9888273610601,4.39005581523922,6.889764,,,3.105623787044,6.233596,0,10.9875003516,30.9938002044,27,5,7.731,3.105623787044,6.889764,3.579104,11.9258534,0,0,0,162.9, -6.6, -1.7,,,0,0,1024,1024,1024,1024,0,0,0,0,182.5,0,-0.6,82,3.87,3.864,0,0,0,0,4.749,95.72,3.105623787044,6.889764,6,P-GPS,
62900,2026-05-22 09:16:38,51.9888273955709,4.39005580079904,6.889764,,,3.105623787044,6.233596,0,10.9948494332,31.0067923308,27,5,7.736,3.105623787044,6.889764,3.579104,11.9258534,0,0,0,162.9, -6.9, -1.5,,,0,0,1024,1024,1024,1024,0,0,0,0,182.4,0,-1.1,82,3.869,3.861,0,0,0,0,4.603,95.72,3.105623787044,6.889764,6,P-GPS,
63000,2026-05-22 09:16:38,51.9888274835855,4.39005577125092,6.889764,,,3.105623787044,6.233596,0,11.0146985152,31.0395679224,27,5,7.736,3.105623787044,6.889764,3.579104,11.9258534,0,0,0,162.9, -7.2, -1.9,,,0,0,1024,1024,1024,1024,0,0,0,0,182.5,0,-0.5,82,3.869,3.861,0,0,0,0,4.603,95.72,3.105623787044,6.889764,6,P-GPS,
63100,2026-05-22 09:16:38,51.9888275160328,4.39005579550222,6.889764,,,3.105623787044,6.233596,0,11.0271985156,31.0526256656,27,5,7.736,3.105623787044,6.889764,3.579104,11.9258534,0,0,0,162.9, -7.3, -0.7,,,0,0,1024,1024,1024,1024,0,0,0,0,182.6,0,0.3,82,3.869,3.861,0,0,0,0,4.603,95.72,3.105623787044,6.889764,6,P-GPS,
63200,2026-05-22 09:16:38,51.9888274678705,4.39005575079748,6.889764,,,3.105623787044,6.233596,0,11.0073494336,31.0728684484,27,5,7.736,3.105623787044,6.889764,3.579104,11.9258534,0,0,0,162.9, -7.1, -0.6,,,0,0,1024,1024,1024,1024,0,0,0,0,182.5,0,-0.2,82,3.869,3.861,0,0,0,0,4.603,95.72,3.105623787044,6.889764,6,P-GPS,
63300,2026-05-22 09:16:39,51.9888274894378,4.39005576975543,6.889764,,,3.105623787044,6.233596,0,11.0161092764,31.0817923332,27,5,7.736,3.105623787044,6.889764,3.579104,11.9258534,0,0,0,162.9, -7.2, -0.8,,,0,0,1024,1024,1024,1024,0,0,0,0,182.7,0,0.5,82,3.869,3.861,0,0,0,0,4.603,95.72,3.105623787044,6.889764,6,P-GPS,
63400,2026-05-22 09:16:39,51.9888275400856,4.39005574421384,6.889764,,,3.105623787044,6.233596,0,11.0262798804,31.1011492892,27,5,7.736,3.105623787044,6.889764,3.579104,11.9258534,0,0,0,163, -7.1, -0.3,,,0,0,1024,1024,1024,1024,0,0,0,0,182.5,0,-0.4,82,3.869,3.861,0,0,0,0,4.603,95.72,3.105623787044,6.889764,6,P-GPS,
63500,2026-05-22 09:16:39,51.9888275271602,4.39005573113003,6.889764,,,3.105623787044,6.233596,0,11.0208008776,31.1066939088,27,5,7.736,3.105623787044,6.889764,3.579104,11.9258534,0,0,0,162.9, -6.6, -1.7,,,0,0,1024,1024,1024,1024,0,0,0,0,182.5,0,-1,82,3.869,3.861,0,0,0,0,4.603,95.72,3.105623787044,6.889764,6,P-GPS,
63600,2026-05-22 09:16:39,51.988827571326,4.3900557698389,6.889764,,,3.105623787044,6.233596,0,11.0386814556,31.1250338044,27,5,7.736,3.105623787044,6.889764,3.579104,11.9258534,0,0,0,162.9, -6.5, -1.6,,,0,0,1024,1024,1024,1024,0,0,0,0,182.5,0,-1,82,3.869,3.861,0,0,0,0,4.603,95.72,3.105623787044,6.889764,6,P-GPS,
63700,2026-05-22 09:16:39,51.9888275539469,4.39005573510178,6.889764,,,3.105623787044,6.233596,0,11.0287733188,31.1350731748,27,5,7.736,3.105623787044,6.889764,3.579104,11.9258534,0,0,0,163, -6.8, -2,,,0,0,1024,1024,1024,1024,0,0,0,0,182.5,0,-1.5,82,3.869,3.861,0,0,0,0,4.603,95.72,3.105623787044,6.889764,6,P-GPS,
63800,2026-05-22 09:16:39,51.9888275435969,4.39005559793396,6.889764,,,3.105623787044,6.233596,0,11.0057746304,31.1661099212,27,5,7.736,3.105623787044,6.889764,3.579104,11.9258534,0,0,0,163, -6.5, -2.7,,,0,0,1024,1024,1024,1024,0,0,0,0,182.4,0,-2.3,82,3.869,3.861,0,0,0,0,4.603,95.72,3.105623787044,6.889764,6,P-GPS,
63900,2026-05-22 09:16:39,51.9888275071617,4.39005554886795,6.889764,,,3.105623787044,6.233596,0,10.9884846036,31.183399948,27,5,7.735,3.105623787044,6.889764,3.579104,11.9258534,0,0,0,163, -6.3, -3.2,,,0,0,1024,1024,1024,1024,0,0,0,0,182.4,0,-2.5,82,3.869,3.862,0,0,0,0,4.658,95.72,3.105623787044,6.889764,6,P-GPS,
64000,2026-05-22 09:16:39,51.9888275117815,4.3900553795297,6.889764,,,3.105623787044,6.233596,0,10.9649609808,31.2214905004,27,5,7.735,3.105623787044,6.889764,3.579104,11.9258534,0,0,0,163, -6.4, -3.1,,,0,0,1024,1024,1024,1024,0,0,0,0,182.5,0,-2.1,82,3.869,3.862,0,0,0,0,4.658,95.72,3.105623787044,6.889764,6,P-GPS,
64100,2026-05-22 09:16:39,51.9888274537854,4.39005525735157,6.889764,,,3.105623787044,6.233596,0,10.9310370952,31.2561361708,27,5,7.735,3.105623787044,6.889764,3.579104,11.9258534,0,0,0,163, -6.4, -2.8,,,0,0,1024,1024,1024,1024,0,0,0,0,182.4,0,-2.2,82,3.869,3.862,0,0,0,0,4.658,95.72,3.105623787044,6.889764,6,P-GPS,
64200,2026-05-22 09:16:39,51.9888274350088,4.39005525662817,6.889764,,,3.105623787044,6.233596,0,10.9257221344,31.2629931264,27,5,7.735,3.105623787044,6.889764,3.579104,11.9258534,0,0,0,163, -6.5, -3,,,0,0,1024,1024,1024,1024,0,0,0,0,182.4,0,-2,82,3.869,3.862,0,0,0,0,4.658,95.72,3.105623787044,6.889764,6,P-GPS,
64300,2026-05-22 09:16:40,51.988827421321,4.39005530117293,6.889764,,,3.105623787044,6.233596,0,10.9284452316,31.2741807908,27,5,7.735,3.105623787044,6.889764,3.579104,11.9258534,0,0,0,162.9, -6.2, -2.4,,,0,0,1024,1024,1024,1024,0,0,0,0,182.5,0,-0.7,82,3.869,3.862,0,0,0,0,4.658,95.72,3.105623787044,6.889764,6,P-GPS,
64400,2026-05-22 09:16:40,51.9888274650991,4.39005523354196,6.889764,,,3.105623787044,6.233596,0,10.9306762028,31.2962280356,27,5,7.735,3.105623787044,6.889764,3.579104,11.9258534,0,0,0,162.9, -5.7, -0.6,,,0,0,1024,1024,1024,1024,0,0,0,0,182.8,0,1.3,82,3.869,3.862,0,0,0,0,4.658,95.72,3.105623787044,6.889764,6,P-GPS,
64500,2026-05-22 09:16:40,51.988827455305,4.39005530237976,6.889764,,,3.105623787044,6.233596,0,10.9380252844,31.3121073012,27,5,7.735,3.105623787044,6.889764,3.579104,11.9258534,0,0,0,163, -5.4, 0.9,,,0,0,1024,1024,1024,1024,0,0,0,0,182.7,0,0.6,82,3.869,3.862,0,0,0,0,4.658,95.72,3.105623787044,6.889764,6,P-GPS,
64600,2026-05-22 09:16:40,51.988827462967,4.39005540603118,6.889764,,,3.105623787044,6.233596,0,10.9553153112,31.3355653072,26,5,7.735,3.105623787044,6.889764,3.579104,11.9258534,0,0,0,162.9, -5.1, -1,,,0,0,1024,1024,1024,1024,0,0,0,0,182.4,0,-1.2,82,3.869,3.862,0,0,0,0,4.658,95.72,3.105623787044,6.889764,6,P-GPS,
64700,2026-05-22 09:16:40,51.9888274436946,4.39005534701842,6.889764,,,3.105623787044,6.233596,0,10.9413389328,31.350558746,26,5,7.735,3.105623787044,6.889764,3.579104,11.9258534,0,0,0,162.9, -5.1, -2.2,,,0,0,1024,1024,1024,1024,0,0,0,0,182.4,0,-2.2,82,3.869,3.862,0,0,0,0,4.658,95.72,3.105623787044,6.889764,6,P-GPS,
64800,2026-05-22 09:16:40,51.9888274566553,4.39005524429211,6.889764,,,3.105623787044,6.233596,0,10.9299216096,31.3741151772,26,5,7.735,3.105623787044,6.889764,3.579104,11.9258534,0,0,0,163, -5.4, -3.2,,,0,0,1024,1024,1024,1024,0,0,0,0,182.4,0,-2.7,82,3.869,3.862,0,0,0,0,4.658,95.72,3.105623787044,6.889764,6,P-GPS,
64900,2026-05-22 09:16:40,51.9888274618855,4.39005515696588,6.889764,,,3.105623787044,6.233596,0,10.9186027116,31.3938330256,26,5,7.73,3.105623787044,6.889764,3.579104,11.9258534,0,0,0,163, -6, -3.6,,,0,0,1024,1024,1024,1024,0,0,0,0,182.4,0,-2.7,82,3.865,3.858,0,0,0,0,4.723,95.9,3.105623787044,6.889764,6,P-GPS,
65000,2026-05-22 09:16:40,51.988827624697,4.39005519503134,6.889764,,,3.105623787044,6.233596,0,10.9693901148,31.4538395892,26,5,7.73,3.105623787044,6.889764,3.579104,11.9258534,0,0,0,163, -6.8, -3.6,,,0,0,1024,1024,1024,1024,0,0,0,0,182.3,0,-3.4,82,3.865,3.858,0,0,0,0,4.723,95.9,3.105623787044,6.889764,6,P-GPS,
65100,2026-05-22 09:16:40,51.9888276508283,4.39005511973163,6.889764,,,3.105623787044,6.233596,0,10.965715574,31.473262162,26,5,7.73,3.105623787044,6.889764,3.579104,11.9258534,0,0,0,163.1, -7.4, -3.9,,,0,0,1024,1024,1024,1024,0,0,0,0,182.3,0,-3.1,82,3.865,3.858,0,0,0,0,4.723,95.9,3.105623787044,6.889764,6,P-GPS,
65200,2026-05-22 09:16:40,51.9888276523864,4.39005512823854,6.889764,,,3.105623787044,6.233596,0,10.9673888024,31.4752634744,26,5,7.73,3.105623787044,6.889764,3.579104,11.9258534,0,0,0,163.1, -7.2, -3.9,,,0,0,1024,1024,1024,1024,0,0,0,0,182.4,0,-3,82,3.865,3.858,0,0,0,0,4.723,95.9,3.105623787044,6.889764,6,P-GPS,
65300,2026-05-22 09:16:40,51.9888275077679,4.39005502932051,6.889764,,,3.105623787044,6.233596,0,10.9127628164,31.5325141324,26,5,7.73,3.105623787044,6.889764,3.579104,11.9258534,0,0,0,163.1, -6.8, -3.8,,,0,0,1024,1024,1024,1024,0,0,0,0,182.3,0,-3.4,82,3.865,3.858,0,0,0,0,4.723,95.9,3.105623787044,6.889764,6,P-GPS,
65400,2026-05-22 09:16:41,51.9888275168756,4.39005499814475,6.889764,,,3.105623787044,6.233596,0,10.9107943124,31.5402569148,26,5,7.73,3.105623787044,6.889764,3.579104,11.9258534,0,0,0,163, -6.7, -4,,,0,0,1024,1024,1024,1024,0,0,0,0,182.3,0,-2.8,82,3.865,3.858,0,0,0,0,4.723,95.9,3.105623787044,6.889764,6,P-GPS,
65500,2026-05-22 09:16:41,51.9888275379299,4.39005499120289,6.889764,,,3.105623787044,6.233596,0,10.9156171472,31.5480981224,26,5,7.73,3.105623787044,6.889764,3.579104,11.9258534,0,0,0,163, -7, -3.5,,,0,0,1024,1024,1024,1024,0,0,0,0,182.4,0,-2.5,82,3.865,3.858,0,0,0,0,4.723,95.9,3.105623787044,6.889764,6,P-GPS,
65600,2026-05-22 09:16:41,51.9888276479937,4.39005508753337,6.889764,,,3.105623787044,6.233596,0,10.9602693796,31.5937346068,26,5,7.73,3.105623787044,6.889764,3.579104,11.9258534,0,0,0,163.1, -7.4, -3.2,,,0,0,1024,1024,1024,1024,0,0,0,0,182.5,0,-2.4,82,3.865,3.858,0,0,0,0,4.723,95.9,3.105623787044,6.889764,6,P-GPS,
65700,2026-05-22 09:16:41,51.9888277135265,4.39005511488694,6.889764,,,3.105623787044,6.233596,0,10.9825134748,31.6184065236,26,5,7.73,3.105623787044,6.889764,3.579104,11.9258534,0,0,0,163.1, -7.3, -3.4,,,0,0,1024,1024,1024,1024,0,0,0,0,182.3,0,-3.1,82,3.865,3.858,0,0,0,0,4.723,95.9,3.105623787044,6.889764,6,P-GPS,
65800,2026-05-22 09:16:41,51.9888277088511,4.39005512420419,6.889764,,,3.105623787044,6.233596,0,10.9825462832,31.6210968124,26,5,7.73,3.105623787044,6.889764,3.579104,11.9258534,0,0,0,163.1, -6.9, -3.9,,,0,0,1024,1024,1024,1024,0,0,0,0,182.3,0,-3,82,3.865,3.858,0,0,0,0,4.723,95.9,3.105623787044,6.889764,6,P-GPS,
65900,2026-05-22 09:16:41,51.9888276994542,4.39005514585751,6.889764,,,3.105623787044,6.233596,0,10.9830712176,31.6270679412,26,5,7.726,3.105623787044,6.889764,3.579104,11.9258534,0,0,0,163, -6.7, -3.7,,,0,0,1024,1024,1024,1024,0,0,0,0,182.3,0,-3.3,82,3.866,3.859,0,0,0,0,4.753,95.9,3.105623787044,6.889764,6,P-GPS,
66000,2026-05-22 09:16:41,51.9888277877516,4.3900551474156,6.889764,,,3.105623787044,6.233596,0,11.0079399848,31.65928579,27,5,7.726,3.105623787044,6.889764,3.579104,11.9258534,0,0,0,163, -7, -3.9,,,0,0,1024,1024,1024,1024,0,0,0,0,182.4,0,-2.8,82,3.866,3.859,0,0,0,0,4.753,95.9,3.105623787044,6.889764,6,P-GPS,
66100,2026-05-22 09:16:41,51.9888277920222,4.39005517555865,6.889764,,,3.105623787044,6.233596,0,11.0131893288,31.6657818532,27,5,7.726,3.105623787044,6.889764,3.579104,11.9258534,0,0,0,163.1, -7.3, -3.6,,,0,0,1024,1024,1024,1024,0,0,0,0,182.3,0,-3,82,3.866,3.859,0,0,0,0,4.753,95.9,3.105623787044,6.889764,6,P-GPS,
66200,2026-05-22 09:16:41,51.9888278995619,4.39005527694598,6.889764,,,3.105623787044,6.233596,0,11.0578743696,31.7111558704,27,5,7.726,3.105623787044,6.889764,3.579104,11.9258534,0,0,0,163.1, -7.2, -3.7,,,0,0,1024,1024,1024,1024,0,0,0,0,182.4,0,-2.9,82,3.866,3.859,0,0,0,0,4.753,95.9,3.105623787044,6.889764,6,P-GPS,
66300,2026-05-22 09:16:41,51.9888278844166,4.3900553095129,6.889764,,,3.105623787044,6.233596,0,11.0583664956,31.7203422224,27,5,7.726,3.105623787044,6.889764,3.579104,11.9258534,0,0,0,163.1, -6.6, -3.9,,,0,0,1024,1024,1024,1024,0,0,0,0,182.4,0,-3.5,82,3.866,3.859,0,0,0,0,4.753,95.9,3.105623787044,6.889764,6,P-GPS,
66400,2026-05-22 09:16:42,51.9888281670486,4.390055155453,6.889764,,,3.105623787044,6.233596,0,11.115321878,31.8291020684,27,5,7.726,3.105623787044,6.889764,3.579104,11.9258534,0,0,0,163.1, -6.7, -4.4,,,0,0,1024,1024,1024,1024,0,0,0,0,182.3,0,-3.9,82,3.866,3.859,0,0,0,0,4.753,95.9,3.105623787044,6.889764,6,P-GPS,
66500,2026-05-22 09:16:42,51.9888282870779,4.39005530566288,6.889764,,,3.105623787044,6.233596,0,11.1705712236,31.8843842224,28,5,7.726,3.105623787044,6.889764,3.579104,11.9258534,0,0,0,163.1, -7, -4.4,,,0,0,1024,1024,1024,1024,0,0,0,0,182.3,0,-3.5,82,3.866,3.859,0,0,0,0,4.753,95.9,3.105623787044,6.889764,6,P-GPS,
66600,2026-05-22 09:16:42,51.9888282707279,4.39005533307558,6.889764,,,3.105623787044,6.233596,0,11.1699150556,31.8929800232,28,5,7.726,3.105623787044,6.889764,3.579104,11.9258534,0,0,0,163.1, -6.9, -4.3,,,0,0,1024,1024,1024,1024,0,0,0,0,182.3,0,-3.5,82,3.866,3.859,0,0,0,0,4.753,95.9,3.105623787044,6.889764,6,P-GPS,
66700,2026-05-22 09:16:42,51.9888282553491,4.39005537003507,6.889764,,,3.105623787044,6.233596,0,11.1708993076,31.9029865852,28,5,7.726,3.105623787044,6.889764,3.579104,11.9258534,0,0,0,163.1, -6.4, -4.1,,,0,0,1024,1024,1024,1024,0,0,0,0,182.3,0,-3.2,82,3.866,3.859,0,0,0,0,4.753,95.9,3.105623787044,6.889764,6,P-GPS,
66800,2026-05-22 09:16:42,51.9888284662115,4.39005559276931,6.889764,,,3.105623787044,6.233596,0,11.2620738512,31.99475168,28,5,7.726,3.105623787044,6.889764,3.579104,11.9258534,0,0,0,163, -6.1, -3.9,,,0,0,1024,1024,1024,1024,0,0,0,0,182.3,0,-3.1,82,3.866,3.859,0,0,0,0,4.753,95.9,3.105623787044,6.889764,6,P-GPS,
66900,2026-05-22 09:16:42,51.9888284827607,4.39005565777099,6.889764,,,3.105623787044,6.233596,0,11.2760174212,32.0105653288,26,5,7.722,3.105623787044,6.889764,3.579104,11.9258534,0,0,0,163, -5.9, -3.7,,,0,0,1024,1024,1024,1024,0,0,0,0,182.3,0,-3.2,82,3.865,3.857,0,0,0,0,4.811,96.08,3.105623787044,6.889764,6,P-GPS,
67000,2026-05-22 09:16:42,51.9888284664589,4.39005568886676,6.889764,,,3.105623787044,6.233596,0,11.275918996,32.0197516808,26,5,7.722,3.105623787044,6.889764,3.579104,11.9258534,0,0,0,163, -5.7, -3.9,,,0,0,1024,1024,1024,1024,0,0,0,0,182.4,0,-3.1,82,3.865,3.857,0,0,0,0,4.811,96.08,3.105623787044,6.889764,6,P-GPS,
67100,2026-05-22 09:16:42,51.9888284815849,4.39005584333358,6.889764,,,3.105623787044,6.233596,0,11.3023625664,32.0548894772,26,5,7.722,3.105623787044,6.889764,3.579104,11.9258534,0,0,0,163.1, -5.7, -3.9,,,0,0,1024,1024,1024,1024,0,0,0,0,182.4,0,-3.2,82,3.865,3.857,0,0,0,0,4.811,96.08,3.105623787044,6.889764,6,P-GPS,
67200,2026-05-22 09:16:42,51.9888284706963,4.39005587490235,6.889764,,,3.105623787044,6.233596,0,11.3038717528,32.0630259604,26,5,7.722,3.105623787044,6.889764,3.579104,11.9258534,0,0,0,163.1, -5.7, -3.9,,,0,0,1024,1024,1024,1024,0,0,0,0,182.3,0,-3.3,82,3.865,3.857,0,0,0,0,4.811,96.08,3.105623787044,6.889764,6,P-GPS,
67300,2026-05-22 09:16:42,51.9888284641619,4.39005590790401,6.889764,,,3.105623787044,6.233596,0,11.3067917004,32.0708015512,26,5,7.722,3.105623787044,6.889764,3.579104,11.9258534,0,0,0,163, -5.8, -4.1,,,0,0,1024,1024,1024,1024,0,0,0,0,182.3,0,-3.2,82,3.865,3.857,0,0,0,0,4.811,96.08,3.105623787044,6.889764,6,P-GPS,
67400,2026-05-22 09:16:43,51.9888285859902,4.39005599374519,6.889764,,,3.105623787044,6.233596,0,11.3532812032,32.119259558,26,5,7.722,3.105623787044,6.889764,3.579104,11.9258534,0,0,0,163, -5.9, -3.9,,,0,0,1024,1024,1024,1024,0,0,0,0,182.3,0,-3,82,3.865,3.857,0,0,0,0,4.811,96.08,3.105623787044,6.889764,6,P-GPS,
67500,2026-05-22 09:16:43,51.9888285881502,4.39005604008453,6.889764,,,3.105623787044,6.233596,0,11.360564668,32.1296926292,26,5,7.722,3.105623787044,6.889764,3.579104,11.9258534,0,0,0,163, -5.8, -3.6,,,0,0,1024,1024,1024,1024,0,0,0,0,182.4,0,-2.7,82,3.865,3.857,0,0,0,0,4.811,96.08,3.105623787044,6.889764,6,P-GPS,
67600,2026-05-22 09:16:43,51.9888287012809,4.39005621283807,6.889764,,,3.105623787044,6.233596,0,11.4171263496,32.186352736,27,5,7.722,3.105623787044,6.889764,3.579104,11.9258534,0,0,0,163, -5.6, -3.4,,,0,0,1024,1024,1024,1024,0,0,0,0,182.4,0,-2.6,82,3.865,3.857,0,0,0,0,4.811,96.08,3.105623787044,6.889764,6,P-GPS,
67700,2026-05-22 09:16:43,51.9888287016172,4.39005624753346,6.889764,,,3.105623787044,6.233596,0,11.4222116516,32.1941611352,27,5,7.722,3.105623787044,6.889764,3.579104,11.9258534,0,0,0,163, -5.6, -3.3,,,0,0,1024,1024,1024,1024,0,0,0,0,182.4,0,-2.5,82,3.865,3.857,0,0,0,0,4.811,96.08,3.105623787044,6.889764,6,P-GPS,
67800,2026-05-22 09:16:43,51.9888287071525,4.39005627667119,6.889764,,,3.105623787044,6.233596,0,11.42798593,32.2010180908,27,5,7.722,3.105623787044,6.889764,3.579104,11.9258534,0,0,0,163, -5.6, -3.3,,,0,0,1024,1024,1024,1024,0,0,0,0,182.4,0,-2.6,82,3.865,3.857,0,0,0,0,4.811,96.08,3.105623787044,6.889764,6,P-GPS,
67900,2026-05-22 09:16:43,51.9888287113953,4.39005629366762,6.889764,,,3.105623787044,6.233596,0,11.431594854,32.2051191408,27,5,7.724,3.105623787044,6.889764,3.579104,11.9258534,0,0,0,163, -5.7, -3.4,,,0,0,1024,1024,1024,1024,0,0,0,0,182.4,0,-2.8,82,3.864,3.857,0,0,0,0,4.767,96.26,3.105623787044,6.889764,6,P-GPS,
68000,2026-05-22 09:16:43,51.9888288133087,4.39005643900498,6.889764,,,3.105623787044,6.233596,0,11.4810699212,32.2546270164,27,5,7.724,3.105623787044,6.889764,3.579104,11.9258534,0,0,0,163, -5.7, -3.4,,,0,0,1024,1024,1024,1024,0,0,0,0,182.4,0,-2.5,82,3.864,3.857,0,0,0,0,4.767,96.26,3.105623787044,6.889764,6,P-GPS,
68100,2026-05-22 09:16:43,51.9888288085433,4.39005645567797,6.889764,,,3.105623787044,6.233596,0,11.4821525984,32.2587280664,27,5,7.724,3.105623787044,6.889764,3.579104,11.9258534,0,0,0,163, -5.5, -3.3,,,0,0,1024,1024,1024,1024,0,0,0,0,182.4,0,-2.9,82,3.864,3.857,0,0,0,0,4.767,96.26,3.105623787044,6.889764,6,P-GPS,
68200,2026-05-22 09:16:43,51.9888287934976,4.39005652692941,6.889764,,,3.105623787044,6.233596,0,11.4882549608,32.2756572008,27,5,7.724,3.105623787044,6.889764,3.579104,11.9258534,0,0,0,163, -5.5, -3.7,,,0,0,1024,1024,1024,1024,0,0,0,0,182.3,0,-3,82,3.864,3.857,0,0,0,0,4.767,96.26,3.105623787044,6.889764,6,P-GPS,
68300,2026-05-22 09:16:43,51.9888286985963,4.39005680965022,6.889764,,,3.105623787044,6.56168,0,11.5028875072,32.3479997228,29,5,7.724,3.105623787044,6.889764,3.579104,11.9258534,0,0,0,163, -5.5, -3.7,,,0,0,1024,1024,1024,1024,0,0,0,0,182.3,0,-2.8,82,3.864,3.857,0,0,0,0,4.767,96.26,3.105623787044,6.889764,6,P-GPS,
68400,2026-05-22 09:16:44,51.9888287116309,4.39005682996108,6.889764,,,3.105623787044,6.233596,0,11.5094491872,32.3545942112,29,5,7.724,3.105623787044,6.889764,3.579104,11.9258534,0,0,0,163, -5.9, -3.4,,,0,0,1024,1024,1024,1024,0,0,0,0,182.4,0,-2.4,82,3.864,3.857,0,0,0,0,4.767,96.26,3.105623787044,6.889764,6,P-GPS,
68500,2026-05-22 09:16:44,51.9888287302597,4.39005685007021,6.889764,,,3.105623787044,6.233596,0,11.517552862,32.3627635028,29,5,7.724,3.105623787044,6.889764,3.579104,11.9258534,0,0,0,163, -6.1, -3,,,0,0,1024,1024,1024,1024,0,0,0,0,182.4,0,-2,82,3.864,3.857,0,0,0,0,4.767,96.26,3.105623787044,6.889764,6,P-GPS,
68600,2026-05-22 09:16:44,51.9888286441266,4.39005704884529,6.889764,,,3.105623787044,6.233596,0,11.5227365892,32.4173566804,27,5,7.724,3.105623787044,6.889764,3.579104,11.9258534,0,0,0,163, -6.2, -2.6,,,0,0,1024,1024,1024,1024,0,0,0,0,182.4,0,-1.6,82,3.864,3.857,0,0,0,0,4.767,96.26,3.105623787044,6.889764,6,P-GPS,
68700,2026-05-22 09:16:44,51.988828655829,4.39005706228384,6.889764,,,3.105623787044,6.233596,0,11.5279531248,32.4226060244,27,5,7.724,3.105623787044,6.889764,3.579104,11.9258534,0,0,0,162.9, -6.2, -2.3,,,0,0,1024,1024,1024,1024,0,0,0,0,182.4,0,-1.5,82,3.864,3.857,0,0,0,0,4.767,96.26,3.105623787044,6.889764,6,P-GPS,
68800,2026-05-22 09:16:44,51.9888286295264,4.3900572338236,6.889764,,,3.105623787044,6.233596,0,11.5458665112,32.4623041884,27,5,7.724,3.105623787044,6.889764,3.579104,11.9258534,0,0,0,162.9, -6.4, -2.2,,,0,0,1024,1024,1024,1024,0,0,0,0,182.4,0,-1.6,82,3.864,3.857,0,0,0,0,4.767,96.26,3.105623787044,6.889764,6,P-GPS,
68900,2026-05-22 09:16:44,51.9888285091276,4.39005761198455,6.889764,,,3.105623787044,6.233596,0,11.5686355408,32.5579734828,27,5,7.727,3.105623787044,6.889764,3.579104,11.9258534,0,0,0,163, -6.4, -2.4,,,0,0,1024,1024,1024,1024,0,0,0,0,182.5,0,-1.7,81,3.866,3.86,0,0,0,0,4.673,96.44,3.105623787044,6.889764,6,P-GPS,
69000,2026-05-22 09:16:44,51.9888285059054,4.39005760592607,6.889764,,,3.105623787044,6.233596,0,11.5668310788,32.5597779448,27,5,7.727,3.105623787044,6.889764,3.579104,11.9258534,0,0,0,163, -6.3, -2.5,,,0,0,1024,1024,1024,1024,0,0,0,0,182.4,0,-2.1,81,3.866,3.86,0,0,0,0,4.673,96.44,3.105623787044,6.889764,6,P-GPS,
69100,2026-05-22 09:16:44,51.9888283932512,4.39005777131345,6.889764,,,3.105623787044,6.233596,0,11.5606630996,32.615158524,27,5,7.727,3.105623787044,6.889764,3.579104,11.9258534,0,0,0,163, -6.3, -3.1,,,0,0,1024,1024,1024,1024,0,0,0,0,182.3,0,-2.6,81,3.866,3.86,0,0,0,0,4.673,96.44,3.105623787044,6.889764,6,P-GPS,
69200,2026-05-22 09:16:44,51.9888283846735,4.39005776464982,6.889764,,,3.105623787044,6.233596,0,11.5573166428,32.6186362144,27,5,7.727,3.105623787044,6.889764,3.579104,11.9258534,0,0,0,163, -6.2, -3.2,,,0,0,1024,1024,1024,1024,0,0,0,0,182.4,0,-2.2,81,3.866,3.86,0,0,0,0,4.673,96.44,3.105623787044,6.889764,6,P-GPS,
69300,2026-05-22 09:16:45,51.9888283714183,4.3900577799873,6.889764,,,3.105623787044,6.233596,0,11.5560043068,32.6245745348,27,5,7.727,3.105623787044,6.889764,3.579104,11.9258534,0,0,0,163, -6.1, -2.8,,,0,0,1024,1024,1024,1024,0,0,0,0,182.4,0,-1.8,81,3.866,3.86,0,0,0,0,4.673,96.44,3.105623787044,6.889764,6,P-GPS,
69400,2026-05-22 09:16:45,51.98882816914,4.39005793403329,6.889764,,,3.105623787044,6.233596,0,11.5240817336,32.7061034088,27,5,7.727,3.105623787044,6.889764,3.579104,11.9258534,0,0,0,163, -5.9, -2.6,,,0,0,1024,1024,1024,1024,0,0,0,0,182.5,0,-1.6,81,3.866,3.86,0,0,0,0,4.673,96.44,3.105623787044,6.889764,6,P-GPS,
69500,2026-05-22 09:16:45,51.988828144026,4.39005795392332,6.889764,,,3.105623787044,6.233596,0,11.5202759592,32.7163068212,27,5,7.727,3.105623787044,6.889764,3.579104,11.9258534,0,0,0,163, -5.4, -2.3,,,0,0,1024,1024,1024,1024,0,0,0,0,182.4,0,-1.7,81,3.866,3.86,0,0,0,0,4.673,96.44,3.105623787044,6.889764,6,P-GPS,
69600,2026-05-22 09:16:45,51.9888280515448,4.39005824479282,6.889764,,,3.105623787044,6.233596,0,11.539206406,32.7898304456,28,5,7.727,3.105623787044,6.889764,3.579104,11.9258534,0,0,0,162.9, -5.2, -2.6,,,0,0,1024,1024,1024,1024,0,0,0,0,182.3,0,-1.7,81,3.866,3.86,0,0,0,0,4.673,96.44,3.105623787044,6.889764,6,P-GPS,
69700,2026-05-22 09:16:45,51.9888280455983,4.39005826549319,6.889764,,,3.105623787044,6.233596,0,11.5407484008,32.7949813644,28,5,7.727,3.105623787044,6.889764,3.579104,11.9258534,0,0,0,162.9, -5.3, -2.2,,,0,0,1024,1024,1024,1024,0,0,0,0,182.5,0,-1.1,81,3.866,3.86,0,0,0,0,4.673,96.44,3.105623787044,6.889764,6,P-GPS,
69800,2026-05-22 09:16:45,51.9888279793126,4.39005854149125,6.889764,,,3.105623787044,6.233596,0,11.5649281916,32.861549608,28,5,7.727,3.105623787044,6.889764,3.579104,11.9258534,0,0,0,162.9, -5.3, -2.2,,,0,0,1024,1024,1024,1024,0,0,0,0,182.4,0,-1.6,81,3.866,3.86,0,0,0,0,4.673,96.44,3.105623787044,6.889764,6,P-GPS,
69900,2026-05-22 09:16:45,51.9888279781925,4.39005853044548,6.889764,,,3.105623787044,6.233596,0,11.5629268792,32.86417428,28,5,7.722,3.105623787044,6.889764,3.579104,11.9258534,0,0,0,163, -5.7, -2.3,,,0,0,1024,1024,1024,1024,0,0,0,0,182.6,0,-1.5,81,3.862,3.856,0,0,0,0,4.734,96.44,3.105623787044,6.889764,6,P-GPS,
70000,2026-05-22 09:16:45,51.9888278861686,4.39005864848493,6.889764,,,3.105623787044,6.233596,0,11.5563651992,32.9068252,28,5,7.722,3.105623787044,6.889764,3.579104,11.9258534,0,0,0,163.1, -5.9, -2.7,,,0,0,1024,1024,1024,1024,0,0,0,0,182.5,0,-2.9,81,3.862,3.856,0,0,0,0,4.734,96.44,3.105623787044,6.889764,6,P-GPS,
70100,2026-05-22 09:16:45,51.9888278604667,4.39005856218467,6.889764,,,3.105623787044,6.233596,0,11.5362864584,32.928478744,28,5,7.722,3.105623787044,6.889764,3.579104,11.9258534,0,0,0,163.2, -5.6, -4.1,,,0,0,1024,1024,1024,1024,0,0,0,0,182.4,0,-3.8,81,3.862,3.856,0,0,0,0,4.734,96.44,3.105623787044,6.889764,6,P-GPS,
70200,2026-05-22 09:16:45,51.9888277341139,4.39005867135202,6.889764,,,3.105623787044,6.233596,0,11.5193245156,32.9806441,28,5,7.722,3.105623787044,6.889764,3.579104,11.9258534,0,0,0,163.1, -5.2, -5.1,,,0,0,1024,1024,1024,1024,0,0,0,0,182.2,0,-5,81,3.862,3.856,0,0,0,0,4.734,96.44,3.105623787044,6.889764,6,P-GPS,
70300,2026-05-22 09:16:46,51.9888277089196,4.39005855093719,6.889764,,,3.105623787044,6.233596,0,11.4941276644,33.009187408,28,5,7.722,3.105623787044,6.889764,3.579104,11.9258534,0,0,0,163, -5.3, -6.1,,,0,0,1024,1024,1024,1024,0,0,0,0,182.2,0,-5.4,81,3.862,3.856,0,0,0,0,4.734,96.44,3.105623787044,6.889764,6,P-GPS,
70400,2026-05-22 09:16:46,51.9888276407589,4.39005853118975,6.889764,,,3.105623787044,6.233596,0,11.472933438,33.034449876,28,5,7.722,3.105623787044,6.889764,3.579104,11.9258534,0,0,0,163.1, -5, -5.8,,,0,0,1024,1024,1024,1024,0,0,0,0,182.4,0,-4.6,81,3.862,3.856,0,0,0,0,4.734,96.44,3.105623787044,6.889764,6,P-GPS,
70500,2026-05-22 09:16:46,51.9888276370077,4.39005846219893,6.889764,,,3.105623787044,6.233596,0,11.4613520728,33.049869824,28,5,7.722,3.105623787044,6.889764,3.579104,11.9258534,0,0,0,163.2, -5.5, -5.1,,,0,0,1024,1024,1024,1024,0,0,0,0,182.3,0,-4.4,81,3.862,3.856,0,0,0,0,4.734,96.44,3.105623787044,6.889764,6,P-GPS,
70600,2026-05-22 09:16:46,51.9888276975952,4.39005863910159,6.889764,,,3.105623787044,6.233596,0,11.5046591608,33.0954735,26,5,7.722,3.105623787044,6.889764,3.579104,11.9258534,0,0,0,163.1, -5.9, -5.3,,,0,0,1024,1024,1024,1024,0,0,0,0,182.2,0,-4.5,81,3.862,3.856,0,0,0,0,4.734,96.44,3.105623787044,6.889764,6,P-GPS,
70700,2026-05-22 09:16:46,51.9888277143382,4.39005861105244,6.889764,,,3.105623787044,6.233596,0,11.5047903944,33.104331768,26,5,7.722,3.105623787044,6.889764,3.579104,11.9258534,0,0,0,163, -5.9, -5,,,0,0,1024,1024,1024,1024,0,0,0,0,182.3,0,-3.8,81,3.862,3.856,0,0,0,0,4.734,96.44,3.105623787044,6.889764,6,P-GPS,
70800,2026-05-22 09:16:46,51.9888277414387,4.39005864438102,6.889764,,,3.105623787044,6.233596,0,11.5171263528,33.11679896,26,5,7.722,3.105623787044,6.889764,3.579104,11.9258534,0,0,0,163, -6, -4.4,,,0,0,1024,1024,1024,1024,0,0,0,0,182.2,0,-3.5,81,3.862,3.856,0,0,0,0,4.734,96.44,3.105623787044,6.889764,6,P-GPS,
70900,2026-05-22 09:16:46,51.9888277557615,4.39005866654906,6.889764,,,3.105623787044,6.233596,0,11.5243442008,33.124016808,26,5,7.722,3.105623787044,6.889764,3.579104,11.9258534,0,0,0,163, -6, -4.2,,,0,0,1024,1024,1024,1024,0,0,0,0,182.3,0,-3.3,81,3.862,3.856,0,0,0,0,4.734,96.44,3.105623787044,6.889764,6,P-GPS,
71000,2026-05-22 09:16:46,51.9888277306561,4.39005887038447,6.889764,,,3.105623787044,6.233596,0,11.549048926,33.170604736,26,5,7.722,3.105623787044,6.889764,3.579104,11.9258534,0,0,0,163, -5.8, -4,,,0,0,1024,1024,1024,1024,0,0,0,0,182.4,0,-3.1,81,3.862,3.856,0,0,0,0,4.734,96.44,3.105623787044,6.889764,6,P-GPS,
71100,2026-05-22 09:16:46,51.9888277295349,4.39005892765481,6.889764,,,3.105623787044,6.233596,0,11.55757911,33.183400012,26,5,7.722,3.105623787044,6.889764,3.579104,11.9258534,0,0,0,163.1, -5.3, -3.5,,,0,0,1024,1024,1024,1024,0,0,0,0,182.5,0,-2.5,81,3.862,3.856,0,0,0,0,4.734,96.44,3.105623787044,6.889764,6,P-GPS,
71200,2026-05-22 09:16:46,51.9888277887014,4.39005914218819,6.889764,,,3.105623787044,6.233596,0,11.6063980092,33.236221536,26,5,7.722,3.105623787044,6.889764,3.579104,11.9258534,0,0,0,163, -4.4, -3.4,,,0,0,1024,1024,1024,1024,0,0,0,0,182.4,0,-3,81,3.862,3.856,0,0,0,0,4.734,96.44,3.105623787044,6.889764,6,P-GPS,
71300,2026-05-22 09:16:47,51.9888277684128,4.39005919040213,6.889764,,,3.105623787044,6.233596,0,11.6084649384,33.249344896,26,5,7.722,3.105623787044,6.889764,3.579104,11.9258534,0,0,0,162.9, -3.3, -4,,,0,0,1024,1024,1024,1024,0,0,0,0,182.4,0,-3.3,81,3.862,3.856,0,0,0,0,4.734,96.44,3.105623787044,6.889764,6,P-GPS,
71400,2026-05-22 09:16:47,51.9888277581603,4.39005932776122,6.889764,,,3.105623787044,6.233596,0,11.6270344928,33.280512876,25,5,7.722,3.105623787044,6.889764,3.579104,11.9258534,0,0,0,162.9, -2.4, -3.8,,,0,0,1024,1024,1024,1024,0,0,0,0,182.5,0,-2.7,81,3.862,3.856,0,0,0,0,4.734,96.44,3.105623787044,6.889764,6,P-GPS,
71500,2026-05-22 09:16:47,51.9888279020774,4.39005926579225,6.889764,,,3.105623787044,6.233596,0,11.655512184,33.334646736,27,5,7.722,3.105623787044,6.889764,3.579104,11.9258534,0,0,0,163, -2.7, -3.4,,,0,0,1024,1024,1024,1024,0,0,0,0,182.5,0,-2.7,81,3.862,3.856,0,0,0,0,4.734,96.44,3.105623787044,6.889764,6,P-GPS,
71600,2026-05-22 09:16:47,51.9888279275897,4.39005928928885,6.889764,,,3.105623787044,6.233596,0,11.6659124468,33.345473508,27,5,7.722,3.105623787044,6.889764,3.579104,11.9258534,0,0,0,163, -3.4, -3.6,,,0,0,1024,1024,1024,1024,0,0,0,0,182.5,0,-2.8,81,3.862,3.856,0,0,0,0,4.734,96.44,3.105623787044,6.889764,6,P-GPS,
71700,2026-05-22 09:16:47,51.9888279578621,4.39005931035093,6.889764,,,3.105623787044,6.233596,0,11.677165728,33.357612616,27,5,7.722,3.105623787044,6.889764,3.579104,11.9258534,0,0,0,163, -3.7, -3.4,,,0,0,1024,1024,1024,1024,0,0,0,0,182.5,0,-2.4,81,3.862,3.856,0,0,0,0,4.734,96.44,3.105623787044,6.889764,6,P-GPS,
71800,2026-05-22 09:16:47,51.9888280729857,4.39005934446551,6.889764,,,3.105623787044,6.233596,0,11.7129925008,33.400263536,27,5,7.722,3.105623787044,6.889764,3.579104,11.9258534,0,0,0,163, -3.9, -2.9,,,0,0,1024,1024,1024,1024,0,0,0,0,182.5,0,-2.3,81,3.862,3.856,0,0,0,0,4.734,96.44,3.105623787044,6.889764,6,P-GPS,
71900,2026-05-22 09:16:47,51.9888281352096,4.39005928691693,6.889764,,,3.105623787044,6.233596,0,11.7206696664,33.426182172,26,5,7.715,3.105623787044,6.889764,3.579104,11.9258534,0,0,0,163.1, -4.3, -3.5,,,0,0,1024,1024,1024,1024,0,0,0,0,182.4,0,-3.6,81,3.86,3.854,0,0,0,0,4.898,96.62,3.105623787044,6.889764,6,P-GPS,
72000,2026-05-22 09:16:47,51.9888281541907,4.390059243579,6.889764,,,3.105623787044,6.233596,0,11.7190620548,33.43832128,26,5,7.715,3.105623787044,6.889764,3.579104,11.9258534,0,0,0,163, -4.4, -4.6,,,0,0,1024,1024,1024,1024,0,0,0,0,182.3,0,-3.9,81,3.86,3.854,0,0,0,0,4.898,96.62,3.105623787044,6.889764,6,P-GPS,
72100,2026-05-22 09:16:47,51.9888281848025,4.39005920753419,6.889764,,,3.105623787044,6.233596,0,11.7216867268,33.452100808,26,5,7.715,3.105623787044,6.889764,3.579104,11.9258534,0,0,0,163, -4.7, -4.5,,,0,0,1024,1024,1024,1024,0,0,0,0,182.3,0,-3.4,81,3.86,3.854,0,0,0,0,4.898,96.62,3.105623787044,6.889764,6,P-GPS,
72200,2026-05-22 09:16:47,51.9888282773201,4.39005912592212,6.889764,,,3.105623787044,6.233596,0,11.73392426,33.490486636,27,5,7.715,3.105623787044,6.889764,3.579104,11.9258534,0,0,0,163, -5.1, -4,,,0,0,1024,1024,1024,1024,0,0,0,0,182.4,0,-3.2,81,3.86,3.854,0,0,0,0,4.898,96.62,3.105623787044,6.889764,6,P-GPS,
72300,2026-05-22 09:16:47,51.9888283161594,4.39005910523566,6.889764,,,3.105623787044,6.233596,0,11.741142108,33.505250416,27,5,7.715,3.105623787044,6.889764,3.579104,11.9258534,0,0,0,163, -5.4, -4,,,0,0,1024,1024,1024,1024,0,0,0,0,182.3,0,-3.5,81,3.86,3.854,0,0,0,0,4.898,96.62,3.105623787044,6.889764,6,P-GPS,
72400,2026-05-22 09:16:48,51.988828495624,4.39005925200244,6.889764,,,3.105623787044,6.233596,0,11.8116145512,33.578741232,27,5,7.715,3.105623787044,6.889764,3.579104,11.9258534,0,0,0,163, -5.5, -4.2,,,0,0,1024,1024,1024,1024,0,0,0,0,182.3,0,-3.5,81,3.86,3.854,0,0,0,0,4.898,96.62,3.105623787044,6.889764,6,P-GPS,
72500,2026-05-22 09:16:48,51.9888285343562,4.39005923700232,6.889764,,,3.105623787044,6.233596,0,11.819718226,33.593176928,27,5,7.715,3.105623787044,6.889764,3.579104,11.9258534,0,0,0,163, -5.7, -4.2,,,0,0,1024,1024,1024,1024,0,0,0,0,182.3,0,-3.3,81,3.86,3.854,0,0,0,0,4.898,96.62,3.105623787044,6.889764,6,P-GPS,
72600,2026-05-22 09:16:48,51.9888285897597,4.39005927821874,6.889764,,,3.105623787044,6.233596,0,11.840879644,33.61548664,26,5,7.715,3.105623787044,6.889764,3.579104,11.9258534,0,0,0,163, -5.7, -3.9,,,0,0,1024,1024,1024,1024,0,0,0,0,182.4,0,-3,81,3.86,3.854,0,0,0,0,4.898,96.62,3.105623787044,6.889764,6,P-GPS,
72700,2026-05-22 09:16:48,51.9888286189408,4.39005929246416,6.889764,,,3.105623787044,6.233596,0,11.850886206,33.626641496,26,5,7.715,3.105623787044,6.889764,3.579104,11.9258534,0,0,0,163, -5.7, -3.5,,,0,0,1024,1024,1024,1024,0,0,0,0,182.4,0,-2.3,81,3.86,3.854,0,0,0,0,4.898,96.62,3.105623787044,6.889764,6,P-GPS,
72800,2026-05-22 09:16:48,51.9888286649924,4.3900595438527,6.889764,,,3.105623787044,6.233596,0,11.9015095672,33.685368532,27,5,7.715,3.105623787044,6.889764,3.579104,11.9258534,0,0,0,163, -5.8, -2.9,,,0,0,1024,1024,1024,1024,0,0,0,0,182.4,0,-2,81,3.86,3.854,0,0,0,0,4.898,96.62,3.105623787044,6.889764,6,P-GPS,
72900,2026-05-22 09:16:48,51.9888286785571,4.39005956220898,6.889764,,,3.105623787044,6.233596,0,11.9079400136,33.691930212,27,5,7.713,3.105623787044,6.889764,3.579104,11.9258534,0,0,0,163, -5.9, -2.8,,,0,0,1024,1024,1024,1024,0,0,0,0,182.4,0,-2.1,81,3.858,3.853,0,0,0,0,4.803,96.8,3.105623787044,6.889764,6,P-GPS,
73000,2026-05-22 09:16:48,51.9888287335997,4.39005974338943,6.889764,,,3.105623787044,6.233596,0,11.9503284664,33.737205804,27,5,7.713,3.105623787044,6.889764,3.579104,11.9503284664,0,0,0,163, -5.8, -2.8,,,0,0,1024,1024,1024,1024,0,0,0,0,182.4,0,-2.2,81,3.858,3.853,0,0,0,0,4.803,96.8,3.105623787044,6.889764,6,P-GPS,
73100,2026-05-22 09:16:48,51.9888287465915,4.39005975011219,6.889764,,,3.105623787044,6.233596,0,11.9548232172,33.742455148,27,5,7.713,3.105623787044,6.889764,3.579104,11.9548232172,0,0,0,162.9, -5.8, -2.9,,,0,0,1024,1024,1024,589,0,0,0,-66,182.4,0,-2.4,81,3.858,3.853,0,0,0,0,4.803,96.8,3.105623787044,6.889764,6,P-GPS,
73200,2026-05-22 09:16:48,51.9888290262196,4.39005981907171,6.889764,,,3.105623787044,6.233596,0,12.040354716,33.845473524,26,5,7.713,3.105623787044,6.889764,3.579104,12.040354716,0,0,0,163, -6.1, -2.8,,,0,0,1024,1024,1024,364,0,0,0,-100,181.6,0,-2.1,81,3.858,3.853,0,0,0,0,4.803,96.8,3.105623787044,6.889764,6,P-GPS,
73300,2026-05-22 09:16:48,51.9888290231966,4.3900597981244,6.889764,,,3.105623787044,6.233596,0,12.0363520912,33.850394784,26,5,7.713,3.105623787044,6.889764,3.579104,12.040354716,0,0,0,160.4, -6.3, -3,,,0,0,1024,1024,1024,364,0,0,0,-100,176.4,0,-2.6,81,3.858,3.853,0,0,0,0,4.803,96.8,3.105623787044,6.889764,6,P-GPS,
73400,2026-05-22 09:16:49,51.9888290777348,4.3900598528072,6.889764,,,3.105623787044,6.233596,0,12.0593179712,33.873688748,27,5,7.713,3.105623787044,6.889764,3.579104,12.0593179712,0,0,0,155, -5.9, -3.6,,,0,0,1024,1024,1024,364,0,0,0,-100,170.7,-0.1,-3.5,81,3.858,3.853,0,0,0,0,4.803,96.8,3.105623787044,6.889764,6,P-GPS,
73500,2026-05-22 09:16:49,51.9888290467246,4.39005983258329,6.889764,,,3.105623787044,6.233596,0,12.0479334564,33.885827856,27,5,7.713,3.105623787044,6.889764,3.579104,12.0593179712,0,0,0,149.3, -5.6, -4.3,,,0,0,1024,1024,1024,463,0,0,0,-85,165.1,-0.1,-3.5,81,3.858,3.853,0,0,0,0,4.803,96.8,3.105623787044,6.889764,6,P-GPS,
73600,2026-05-22 09:16:49,51.9888292422875,4.3900600953619,6.889764,,,3.105623787044,6.233596,0,12.140420336,33.978675628,27,5,7.713,3.105623787044,6.889764,3.579104,12.140420336,0,0,0,144, -5.5, -3.6,,,0,0,1024,1024,1024,364,0,0,0,-100,160.6,0,-2.1,81,3.858,3.853,0,0,0,0,4.803,96.8,3.105623787044,6.889764,6,P-GPS,
73700,2026-05-22 09:16:49,51.9888292538304,4.39006018181171,6.889764,,,3.105623787044,6.233596,0,12.1566276856,33.998360668,27,5,7.713,3.105623787044,6.889764,3.579104,12.1566276856,0,0,0,139.1, -5.3, -1.7,,,0,0,1024,1024,1024,600,0,0,0,-64,155.3,0,0.4,81,3.858,3.853,0,0,0,0,4.803,96.8,3.105623787044,6.889764,6,P-GPS,
73800,2026-05-22 09:16:49,51.9888293458233,4.39006063517846,6.889764,,,3.105623787044,6.233596,0,12.2503612844,34.105644136,27,5,7.713,3.105623787044,6.889764,3.579104,12.2503612844,0,0,0,133.8, -5.4, 1,,,0,0,1024,1024,1024,1024,0,0,0,0,152.7,0,2.3,81,3.858,3.853,0,0,0,0,4.803,96.8,3.105623787044,6.889764,6,P-GPS,
73900,2026-05-22 09:16:49,51.9888294019014,4.3900607562854,6.889764,,,3.105623787044,6.233596,0,12.2838586608,34.139764872,27,5,7.709,3.105623787044,6.889764,3.579104,12.2838586608,0,0,0,132.9, -6.1, 1.8,,,0,0,1024,1024,1024,1024,0,0,0,0,153,0,2.6,81,3.862,3.855,0,0,0,0,4.774,96.98,3.105623787044,6.889764,6,P-GPS,
74000,2026-05-22 09:16:49,51.9888295310309,4.39006099994607,6.889764,,,3.105623787044,6.233596,0,12.3556106316,34.211943352,28,5,7.709,3.105623787044,6.889764,3.579104,12.3556106316,0,0,0,133.2, -6, 2.6,,,0,0,1024,1024,1024,1024,0,0,0,0,153.2,0,3.6,81,3.862,3.855,0,0,0,0,4.774,96.98,3.105623787044,6.889764,6,P-GPS,
74100,2026-05-22 09:16:49,51.9888295727316,4.39006111897324,6.889764,,,3.105623787044,6.233596,0,12.3849741496,34.242783248,28,5,7.709,3.105623787044,6.889764,3.579104,12.3849741496,0,0,0,133.3, -5.8, 3.2,,,0,0,1024,1024,1000,1684,0,0,-4,100,153.2,0,3.9,81,3.862,3.855,0,0,0,0,4.774,96.98,3.105623787044,6.889764,6,P-GPS,
74200,2026-05-22 09:16:49,51.9888296955462,4.39006128683687,6.889764,,,3.105623787044,6.233596,0,12.4434715268,34.3011822,27,5,7.709,3.105623787044,6.889764,3.579104,12.4434715268,0,0,0,133.3, -5.5, 3.4,,,0,0,1024,1024,1000,1684,0,0,-4,100,154.8,0,3.5,81,3.862,3.855,0,0,0,0,4.774,96.98,3.105623787044,6.889764,6,P-GPS,
74300,2026-05-22 09:16:49,51.9888297028731,4.39006136646654,6.889764,,,3.105623787044,6.233596,0,12.4576119472,34.31922682,27,5,7.709,3.105623787044,6.889764,3.579104,12.4576119472,0,0,0,137, -5.5, 2.4,,,0,0,1024,1024,1001,1684,0,0,-3,100,160.1,0,2.8,81,3.862,3.855,0,0,0,0,4.774,96.98,3.105623787044,6.889764,6,P-GPS,
74400,2026-05-22 09:16:50,51.9888296972382,4.3900613736449,6.889764,,,3.105623787044,6.233596,0,12.457185438,34.321851492,28,5,7.709,3.105623787044,6.889764,3.579104,12.4576119472,0,0,0,142.6, -5.2, 2.2,,,0,0,1024,1024,1024,1024,0,0,0,0,165.5,0,3.1,81,3.862,3.855,0,0,0,0,4.774,96.98,3.105623787044,6.889764,6,P-GPS,
74500,2026-05-22 09:16:50,51.9888296539516,4.39006137574902,6.889764,,,3.105623787044,6.233596,0,12.4459649652,34.337927608,28,5,7.709,3.105623787044,6.889764,3.579104,12.4576119472,0,0,0,145.8, -4.6, 2.8,,,0,0,1024,1024,1024,1024,0,0,0,0,165.5,0,3.2,81,3.862,3.855,0,0,0,0,4.774,96.98,3.105623787044,6.889764,6,P-GPS,
74600,2026-05-22 09:16:50,51.988829473701,4.39006105669473,6.889764,,,3.105623787044,6.233596,0,12.3489833348,34.435040472,30,5,7.709,3.105623787044,6.889764,3.579104,12.4576119472,0,0,0,145.6, -4, 1.3,,,0,0,1024,1024,1024,1314,0,0,0,44,165.1,0,0.4,81,3.862,3.855,0,0,0,0,4.774,96.98,3.105623787044,6.889764,6,P-GPS,
74700,2026-05-22 09:16:50,51.9888294890733,4.39006075295011,6.889764,,,3.105623787044,6.233596,0,12.3066933072,34.503610028,30,5,7.709,3.105623787044,6.889764,3.579104,12.4576119472,0,0,0,145.8, -4, -1.1,,,0,0,1024,1024,1024,1684,0,0,0,100,167.2,0,-0.9,81,3.862,3.855,0,0,0,0,4.774,96.98,3.105623787044,6.889764,6,P-GPS,
74800,2026-05-22 09:16:50,51.9888294272917,4.39006063113716,6.889764,,,3.105623787044,6.233596,0,12.2715555108,34.5390431,30,5,7.709,3.105623787044,6.889764,3.579104,12.4576119472,0,0,0,149.8, -4.4, -1.6,,,0,0,1024,1024,1024,1024,0,0,0,0,172.6,0,-0.4,81,3.862,3.855,0,0,0,0,4.774,96.98,3.105623787044,6.889764,6,P-GPS,
74900,2026-05-22 09:16:50,51.988829381979,4.39006048634234,6.889764,,,3.105623787044,6.233596,0,12.237369158,34.575460424,30,5,7.714,3.105623787044,6.889764,3.579104,12.4576119472,0,0,0,154.3, -5.1, -1.2,,,0,0,1024,1024,1024,1024,0,0,0,0,174,0,-0.4,81,3.86,3.855,0,0,0,0,4.778,96.98,3.105623787044,6.889764,6,P-GPS,
75000,2026-05-22 09:16:50,51.988829386981,4.39006035060046,6.889764,,,3.105623787044,6.233596,0,12.2180778188,34.605972236,30,5,7.714,3.105623787044,6.889764,3.579104,12.4576119472,0,0,0,154.3, -5.2, -1.4,,,0,0,1024,1024,1024,1024,0,0,0,0,173.6,0,-1.2,81,3.86,3.855,0,0,0,0,4.778,96.98,3.105623787044,6.889764,6,P-GPS,
75100,2026-05-22 09:16:50,51.9888293551195,4.39006022579653,6.889764,,,3.105623787044,6.233596,0,12.1905515712,34.636484048,30,5,7.714,3.105623787044,6.889764,3.579104,12.4576119472,0,0,0,154.1, -5.3, -2,,,0,0,1024,1024,1024,1024,0,0,0,0,173.5,0,-1.3,81,3.86,3.855,0,0,0,0,4.778,96.98,3.105623787044,6.889764,6,P-GPS,
75200,2026-05-22 09:16:50,51.9888293206975,4.39006019446774,6.889764,,,3.105623787044,6.233596,0,12.1765423844,34.650919744,29,5,7.714,3.105623787044,6.889764,3.579104,12.4576119472,0,0,0,154.1, -5.5, -2.1,,,0,0,1024,1024,1024,1024,0,0,0,0,173.5,0,-1.7,81,3.86,3.855,0,0,0,0,4.778,96.98,3.105623787044,6.889764,6,P-GPS,
75300,2026-05-22 09:16:50,51.9888292961661,4.3900600883018,6.889764,,,3.105623787044,6.233596,0,12.1538389716,34.676182212,29,5,7.714,3.105623787044,6.889764,3.579104,12.4576119472,0,0,0,154, -5.7, -2.4,,,0,0,1024,1024,1024,1024,0,0,0,0,173.4,0,-1.9,81,3.86,3.855,0,0,0,0,4.778,96.98,3.105623787044,6.889764,6,P-GPS,
75400,2026-05-22 09:16:51,51.9888292433145,4.39006018272639,6.889764,,,3.105623787044,6.233596,0,12.1539702052,34.705053604,29,5,7.714,3.105623787044,6.889764,3.579104,12.4576119472,0,0,0,154, -5.5, -2.4,,,0,0,1024,1024,1024,1024,0,0,0,0,173.6,0,-0.9,81,3.86,3.855,0,0,0,0,4.778,96.98,3.105623787044,6.889764,6,P-GPS,
75500,2026-05-22 09:16:51,51.9888290836588,4.39006028468409,6.889764,,,3.105623787044,6.233596,0,12.1266736164,34.767389564,29,5,7.714,3.105623787044,6.889764,3.579104,12.4576119472,0,0,0,154, -4.9, -1.2,,,0,0,718,1024,1024,1024,-46,0,0,0,173.6,0,0,81,3.86,3.855,0,0,0,0,4.778,96.98,3.105623787044,6.889764,6,P-GPS,
75600,2026-05-22 09:16:51,51.9888290783002,4.39006030860499,6.889764,,,3.105623787044,6.233596,0,12.1288717792,34.773295076,29,5,7.714,3.105623787044,6.889764,3.579104,12.4576119472,0,0,0,154.1, -4.9, -0.6,,,0,0,364,1024,1024,1024,-100,0,0,0,173.7,0,0,81,3.86,3.855,0,0,0,0,4.778,96.98,3.105623787044,6.889764,6,P-GPS,
75700,2026-05-22 09:16:51,51.9888290796163,4.39006033334667,6.889764,,,3.105623787044,6.233596,0,12.1330056376,34.778872504,29,5,7.714,3.105623787044,6.889764,3.579104,12.4576119472,0,0,0,154.1, 0.6, -0.8,,,0,0,364,1024,1024,1024,-100,0,0,0,173.6,0,0,81,3.86,3.855,0,0,0,0,4.778,96.98,3.105623787044,6.889764,6,P-GPS,
75800,2026-05-22 09:16:51,51.9888290722434,4.39006033172945,6.889764,,,3.105623787044,6.233596,0.223694,12.1308074748,34.781497176,29,5,7.714,3.105623787044,6.889764,3.579104,12.4576119472,0.223694,0,0,154, 8.2, -0.6,,,0,0,364,1024,1024,1024,-100,0,0,0,173.6,0,0.2,81,3.86,3.855,0,0,0,0,4.778,96.98,3.105623787044,6.889764,6,P-GPS,
75900,2026-05-22 09:16:51,51.9888293865741,4.39006007214354,6.889764,,,3.105623787044,6.233596,0.7158208,12.1757877912,34.910106104,28,5,7.707,3.105623787044,6.889764,3.579104,12.4576119472,0.671082,-0.223694,0,154, 10.1, -0.4,,,0,0,1024,1024,1024,1024,0,0,0,0,173.6,0,0.2,81,3.859,3.854,0,0,0,0,4.913,97.16,3.105623787044,6.889764,6,P-GPS,
76000,2026-05-22 09:16:51,51.9888298102993,4.39005980481237,6.889764,,,3.105623787044,6.233596,1.2079476,12.2506237516,35.076116608,28,5,7.707,3.105623787044,6.889764,3.579104,12.4576119472,1.11847,-0.447388,0,153.9, 7.3, -0.7,,,0,0,1024,1024,872,899,0,0,-23,-19,173.6,0,0,81,3.859,3.854,0,0,0,0,4.913,97.16,3.105623787044,6.889764,6,P-GPS,
76100,2026-05-22 09:16:51,51.9888305015444,4.39005926471063,6.889764,,,3.105623787044,6.233596,1.4092722,12.3613192932,35.35597226,28,5,7.707,3.105623787044,6.889764,3.579104,12.4576119472,1.342164,-0.447388,0,154, -2.7, -0.7,,,0,0,1024,1024,872,899,0,0,-23,-19,173.6,0,0.2,81,3.859,3.854,0,0,0,0,4.913,97.16,3.105623787044,6.889764,6,P-GPS,
76200,2026-05-22 09:16:51,51.988831099518,4.39005886556064,6.889764,,,3.105623787044,6.233596,1.4092722,12.4710961996,35.591864656,28,5,7.707,3.105623787044,6.889764,3.579104,12.4710961996,1.342164,-0.447388,0,153.2, -4.7, -0.1,,,0,0,1024,1024,824,364,0,0,-30,-100,170.1,0,1.3,81,3.859,3.854,0,0,0,0,4.913,97.16,3.105623787044,6.889764,6,P-GPS,
76300,2026-05-22 09:16:52,51.9888316716087,4.39005848905864,6.889764,,,3.105623787044,6.233596,1.4092722,12.5801185128,35.81693028,28,5,7.707,3.105623787044,6.889764,3.579104,12.5801185128,1.342164,-0.447388,0,148.2, -5.6, 1,,,0,0,1024,1024,1024,1024,0,0,0,0,165.8,0,1.6,81,3.859,3.854,0,0,0,0,4.913,97.16,3.105623787044,6.889764,6,P-GPS,
76400,2026-05-22 09:16:52,51.9888321841538,4.39005808391973,6.889764,,,3.105623787044,6.233596,1.2079476,12.6710633976,36.024935536,28,5,7.707,3.105623787044,6.889764,3.579104,12.6710633976,1.11847,-0.447388,0,146, -6.6, 0.6,,,0,0,1024,1024,1024,1024,0,0,0,0,165.9,0,1.6,81,3.859,3.854,0,0,0,0,4.913,97.16,3.105623787044,6.889764,6,P-GPS,
76500,2026-05-22 09:16:52,51.9888326506066,4.39005778723521,6.889764,,,3.105623787044,6.233596,1.1408394,12.7659452904,36.207678324,28,5,7.707,3.105623787044,6.889764,3.579104,12.7659452904,1.11847,-0.223694,0,146.2, -7.2, 1.4,,,0,0,1024,1024,1003,1024,0,0,-3,0,166.2,0,2.5,81,3.859,3.854,0,0,0,0,4.913,97.16,3.105623787044,6.889764,6,P-GPS,
76600,2026-05-22 09:16:52,51.9888329373892,4.39005759163544,6.889764,,,3.105623787044,6.233596,0.9171454,12.8234584156,36.321195388,27,5,7.707,3.105623787044,6.889764,3.579104,12.8234584156,0.894776,-0.223694,0,146.3, -7.6, 2,,,0,0,1024,1024,364,1024,0,0,-100,0,166.3,0,2.6,81,3.859,3.854,0,0,0,0,4.913,97.16,3.105623787044,6.889764,6,P-GPS,
76700,2026-05-22 09:16:52,51.9888332734125,4.39005717978073,6.889764,,,3.105623787044,6.233596,0.7158208,12.8676841388,36.4747387,27,5,7.707,3.105623787044,6.889764,3.579104,12.8676841388,0.671082,-0.223694,0,146.4, -7.9, 2.1,,,0,0,1024,1024,364,1024,0,0,-100,0,166.3,0,2.9,81,3.859,3.854,0,0,0,0,4.913,97.16,3.105623787044,6.889764,6,P-GPS,
76800,2026-05-22 09:16:52,51.9888336061825,4.39005701778777,6.56168,,,2.777539787044,6.233596,0.7158208,12.9450791544,36.601707208,27,5,7.707,3.105623787044,6.889764,3.579104,12.9450791544,0.671082,-0.223694,0.671082,146.3, -7.7, 2,,,0,0,1024,1024,364,1024,0,0,-100,0,166.3,0,2.6,81,3.859,3.854,0,0,0,0,4.913,97.16,2.777539787044,6.56168,6,P-GPS,
76900,2026-05-22 09:16:52,51.9888338963769,4.39005690098646,6.56168,,,2.777539787044,5.905512,0.447388,13.0163718076,36.710631096,27,5,7.716,3.105623787044,6.889764,3.579104,13.0163718076,0.447388,0,0.894776,146.3, -7.3, 2,,,0,0,1024,1024,632,1024,0,0,-59,0,166.2,0,2.9,80,3.925,3.915,0,0,0,0,4.541,97.16,2.777539787044,6.56168,6,P-GPS,
77000,2026-05-22 09:16:52,51.9888343963907,4.39005684756613,6.233596,,,2.449455787044,5.905512,0.447388,13.159285198,36.893373884,26,5,7.716,3.105623787044,6.889764,3.579104,13.159285198,0.447388,0,1.11847,146.3, -7.2, 2.4,,,0,0,1024,1024,632,1024,0,0,-59,0,166.3,0,3.3,80,3.925,3.915,0,0,0,0,4.541,97.16,2.449455787044,6.233596,6,P-GPS,
77100,2026-05-22 09:16:52,51.9888345972427,4.39005684143114,6.233596,,,2.449455787044,5.577428,0.447388,13.2188980608,36.9668647,26,5,7.716,3.105623787044,6.889764,3.579104,13.2188980608,0.447388,0,1.11847,146.3, -6.7, 2.8,,,0,0,1024,1024,1024,1024,0,0,0,0,166.3,0,3.7,80,3.925,3.915,0,0,0,0,4.541,97.16,2.449455787044,6.233596,6,P-GPS,
77200,2026-05-22 09:16:52,51.9888350754472,4.39005690524339,5.905512,,,2.121371787044,5.577428,0.223694,13.371227462,37.141733472,26,5,7.716,3.105623787044,6.889764,3.579104,13.371227462,0.223694,0,0.671082,146.4, -6.3, 3.3,,,0,0,1024,1024,1024,1024,0,0,0,0,166.5,0,4.2,80,3.925,3.915,0,0,0,0,4.541,97.16,2.121371787044,5.905512,6,P-GPS,
77300,2026-05-22 09:16:53,51.988835673319,4.39005655532635,5.905512,,,2.121371787044,5.249344,0,13.5093180176,37.37368886,26,5,7.716,3.105623787044,6.889764,3.579104,13.5093180176,0,0,0.447388,146.5, -6.2, 3.4,,,0,0,1024,1024,1024,1024,0,0,0,0,166.5,0,3.6,80,3.925,3.915,0,0,0,0,4.541,97.16,2.121371787044,5.905512,6,P-GPS,
77400,2026-05-22 09:16:53,51.9888357144489,4.39005657019431,5.905512,,,2.121371787044,5.249344,0,13.5237209052,37.389108808,26,5,7.716,3.105623787044,6.889764,3.579104,13.5237209052,0,0,0.223694,146.5, -5.7, 2.5,,,0,0,1024,1024,1024,1024,0,0,0,0,166.4,0,2.7,80,3.925,3.915,0,0,0,0,4.541,97.16,2.121371787044,5.905512,6,P-GPS,
77500,2026-05-22 09:16:53,51.9888357106345,4.39005657640234,5.905512,,,2.121371787044,5.249344,0,13.523294396,37.391077312,26,5,7.716,3.105623787044,6.889764,3.579104,13.5237209052,0,0,0,146.5, -5.9, 1.9,,,0,0,1024,1024,1024,1024,0,0,0,0,166.3,0,2.5,80,3.925,3.915,0,0,0,0,4.541,97.16,2.121371787044,5.905512,6,P-GPS,
77600,2026-05-22 09:16:53,51.9888359716842,4.39005583191568,5.905512,,,2.121371787044,5.249344,0,13.5127300912,37.58366262,27,5,7.716,3.105623787044,6.889764,3.579104,13.5237209052,0,0,0,146.5, -4.9, 1.7,,,0,0,1024,1024,1024,1024,0,0,0,0,166.4,0,2.3,80,3.925,3.915,0,0,0,0,4.541,97.16,2.121371787044,5.905512,6,P-GPS,
77700,2026-05-22 09:16:53,51.9888359092033,4.39005585079365,5.905512,,,2.121371787044,5.249344,0,13.4957681484,37.6066285,27,5,7.716,3.105623787044,6.889764,3.579104,13.5237209052,0,0,0,146.7, -3.3, 1.6,,,0,0,1024,1024,1024,1024,0,0,0,0,166.3,0,1.8,80,3.925,3.915,0,0,0,0,4.541,97.16,2.121371787044,5.905512,6,P-GPS,
77800,2026-05-22 09:16:53,51.9888358422205,4.39005542242246,5.905512,,,2.121371787044,5.249344,0,13.4236552852,37.706037952,27,5,7.716,3.105623787044,6.889764,3.579104,13.5237209052,0,0,0,146.6, -1.5, 0.5,,,0,0,1024,1024,1024,1041,0,0,0,3,166.1,0,0,80,3.925,3.915,0,0,0,0,4.541,97.16,2.121371787044,5.905512,6,P-GPS,
77900,2026-05-22 09:16:53,51.9888357935796,4.39005537560664,5.905512,,,2.121371787044,5.249344,0,13.4030188016,37.726707244,27,5,7.709,3.105623787044,6.889764,3.579104,13.5237209052,0,0,0,146.5, -1, -1,,,0,0,1024,1024,1024,1465,0,0,0,67,166.1,0,-0.4,80,3.859,3.855,0,0,0,0,5.573,97.16,2.121371787044,5.905512,6,P-GPS,
78000,2026-05-22 09:16:53,51.9888358081434,4.39005530067907,5.905512,,,2.121371787044,5.249344,0,13.3985568592,37.74442378,27,5,7.709,3.105623787044,6.889764,3.579104,13.5237209052,0,0,0,146.9, -1.6, -0.7,,,0,0,1024,1024,1024,1465,0,0,0,67,167.6,0,0.4,80,3.859,3.855,0,0,0,0,5.573,97.16,2.121371787044,5.905512,6,P-GPS,
78100,2026-05-22 09:16:53,51.9888359307513,4.39005524342612,5.905512,,,2.121371787044,5.249344,0,13.4296592224,37.791011708,27,5,7.709,3.105623787044,6.889764,3.579104,13.5237209052,0,0,0,149.5, -2.2, 0,,,0,0,1024,1024,1024,1049,0,0,0,4,171.2,0,1.2,80,3.859,3.855,0,0,0,0,5.573,97.16,2.121371787044,5.905512,6,P-GPS,
78200,2026-05-22 09:16:53,51.9888359911847,4.39005520867856,5.905512,,,2.121371787044,5.249344,0,13.4442589604,37.814305672,27,5,7.709,3.105623787044,6.889764,3.579104,13.5237209052,0,0,0,151.7, -3.2, 0.7,,,0,0,1024,1024,1024,1024,0,0,0,0,171.3,0,1.5,80,3.859,3.855,0,0,0,0,5.573,97.16,2.121371787044,5.905512,6,P-GPS,
78300,2026-05-22 09:16:54,51.988836065807,4.39005518556105,5.905512,,,2.121371787044,5.249344,0,13.4646329768,37.841864728,27,5,7.709,3.105623787044,6.889764,3.579104,13.5237209052,0,0,0,151.6, -3.9, 0.7,,,0,0,1024,1024,1024,1024,0,0,0,0,171.1,0,1.2,80,3.859,3.855,0,0,0,0,5.573,97.16,2.121371787044,5.905512,6,P-GPS,
78400,2026-05-22 09:16:54,51.9888362741186,4.39005505577679,5.905512,,,2.121371787044,5.249344,0,13.5140096188,37.923557644,27,5,7.709,3.105623787044,6.889764,3.579104,13.5237209052,0,0,0,151.4, -3.9, 0.6,,,0,0,1024,1024,1024,1024,0,0,0,0,171,0,1.6,80,3.859,3.855,0,0,0,0,5.573,97.16,2.121371787044,5.905512,6,P-GPS,
78500,2026-05-22 09:16:54,51.9888363263191,4.39005507798309,5.905512,,,2.121371787044,5.249344,0,13.5328744488,37.943242684,27,5,7.709,3.105623787044,6.889764,3.579104,13.5328744488,0,0,0,151.3, -3.6, 1,,,0,0,1024,1024,1024,1024,0,0,0,0,171.1,0,1.9,80,3.859,3.855,0,0,0,0,5.573,97.16,2.121371787044,5.905512,6,P-GPS,
78600,2026-05-22 09:16:54,51.9888364174542,4.39005536769793,5.905512,,,2.121371787044,5.249344,0,13.5952760256,38.016077332,27,5,7.709,3.105623787044,6.889764,3.579104,13.5952760256,0,0,0,151.4, -3.6, 1.4,,,0,0,1024,1024,1024,1024,0,0,0,0,171.1,0,2.5,80,3.859,3.855,0,0,0,0,5.573,97.16,2.121371787044,5.905512,6,P-GPS,
78700,2026-05-22 09:16:54,51.9888364362887,4.39005542506218,5.905512,,,2.121371787044,5.249344,0,13.6079072596,38.030841112,27,5,7.709,3.105623787044,6.889764,3.579104,13.6079072596,0,0,0,151.4, -3.2, 2.1,,,0,0,1024,1024,1024,1024,0,0,0,0,171.2,0,3.1,80,3.859,3.855,0,0,0,0,5.573,97.16,2.121371787044,5.905512,6,P-GPS,
78800,2026-05-22 09:16:54,51.9888364447357,4.39005552840059,5.905512,,,2.121371787044,5.249344,0,13.6227366564,38.054135076,27,5,7.709,3.105623787044,6.889764,3.579104,13.6227366564,0,0,0,151.5, -2.8, 2.3,,,0,0,1024,1024,1024,1024,0,0,0,0,171.3,0,2.7,80,3.859,3.855,0,0,0,0,5.573,97.16,2.121371787044,5.905512,6,P-GPS,
78900,2026-05-22 09:16:54,51.9888364402466,4.39005554626649,5.905512,,,2.121371787044,5.249344,0,13.6234584412,38.058400168,27,5,7.719,3.105623787044,6.889764,3.579104,13.6234584412,0,0,0,151.6, -2.6, 1.7,,,0,0,1024,1024,1024,1024,0,0,0,0,171.3,0,1.8,80,3.861,3.858,0,0,0,0,4.625,97.34,2.121371787044,5.905512,6,P-GPS,
79000,2026-05-22 09:16:54,51.9888362887488,4.39005572796516,5.905512,,,2.121371787044,5.249344,0,13.5981303564,38.127297808,27,5,7.719,3.105623787044,6.889764,3.579104,13.6234584412,0,0,0,151.5, -2.5, 0.7,,,0,0,1024,1024,1024,1024,0,0,0,0,171.2,0,0.7,80,3.861,3.858,0,0,0,0,4.625,97.34,2.121371787044,5.905512,6,P-GPS,
79100,2026-05-22 09:16:54,51.9888362763781,4.39005571377538,5.905512,,,2.121371787044,5.249344,0,13.5926185452,38.132875236,27,5,7.719,3.105623787044,6.889764,3.579104,13.6234584412,0,0,0,151.5, -2.4, -0.1,,,0,0,1024,1024,1024,1024,0,0,0,0,171.2,0,1,80,3.861,3.858,0,0,0,0,4.625,97.34,2.121371787044,5.905512,6,P-GPS,
79200,2026-05-22 09:16:54,51.9888362739173,4.39005568466548,5.905512,,,2.121371787044,5.249344,0,13.5883862616,38.139436916,28,5,7.719,3.105623787044,6.889764,3.579104,13.6234584412,0,0,0,151.6, -2.3, 0.6,,,0,0,1024,1024,1024,1024,0,0,0,0,171.3,0,1.8,80,3.861,3.858,0,0,0,0,4.625,97.34,2.121371787044,5.905512,6,P-GPS,
79300,2026-05-22 09:16:55,51.9888362764874,4.39005569142301,5.905512,,,2.121371787044,5.249344,0,13.5899610648,38.141077336,28,5,7.719,3.105623787044,6.889764,3.579104,13.6234584412,0,0,0,151.6, -2.5, 1.5,,,0,0,1024,1024,1024,1024,0,0,0,0,171.3,0,2.2,80,3.861,3.858,0,0,0,0,4.625,97.34,2.121371787044,5.905512,6,P-GPS,
79400,2026-05-22 09:16:55,51.9888363032976,4.39005549494681,5.905512,,,2.121371787044,5.249344,0,13.5749020092,38.186352928,28,5,7.719,3.105623787044,6.889764,3.579104,13.6234584412,0,0,0,151.5, -2.8, 1.3,,,0,0,1024,1024,1024,1024,0,0,0,0,171.2,0,1.4,80,3.861,3.858,0,0,0,0,4.625,97.34,2.121371787044,5.905512,6,P-GPS,
79500,2026-05-22 09:16:55,51.9888362993033,4.39005543462636,5.905512,,,2.121371787044,5.249344,0,13.5665358672,38.200132456,28,5,7.719,3.105623787044,6.889764,3.579104,13.6234584412,0,0,0,151.5, -3, 0.2,,,0,0,1024,1024,1024,1024,0,0,0,0,171.2,0,0.1,80,3.861,3.858,0,0,0,0,4.625,97.34,2.121371787044,5.905512,6,P-GPS,
79600,2026-05-22 09:16:55,51.9888361845598,4.39005524225755,5.905512,,,2.121371787044,5.249344,0,13.5081697236,38.260171828,28,5,7.719,3.105623787044,6.889764,3.579104,13.6234584412,0,0,0,151.5, -3.1, -0.8,,,0,0,1024,1024,1024,1024,0,0,0,0,171.1,0,-0.2,80,3.861,3.858,0,0,0,0,4.625,97.34,2.121371787044,5.905512,6,P-GPS,
79700,2026-05-22 09:16:55,51.9888361725018,4.39005516574058,5.905512,,,2.121371787044,5.249344,0,13.495407256,38.277888364,28,5,7.719,3.105623787044,6.889764,3.579104,13.6234584412,0,0,0,151.5, -3.2, -1,,,0,0,1024,1024,1024,1024,0,0,0,0,171.1,0,-0.6,80,3.861,3.858,0,0,0,0,4.625,97.34,2.121371787044,5.905512,6,P-GPS,
79800,2026-05-22 09:16:55,51.9888361739775,4.39005522417254,5.905512,,,2.121371787044,5.249344,0,13.5027563376,38.291011724,28,5,7.719,3.105623787044,6.889764,3.579104,13.6234584412,0,0,0,151.6, -3.3, -1.3,,,0,0,1024,1024,1024,1024,0,0,0,0,171.2,0,-0.2,80,3.861,3.858,0,0,0,0,4.625,97.34,2.121371787044,5.905512,6,P-GPS,
79900,2026-05-22 09:16:55,51.988836168047,4.39005520836903,5.905512,,,2.121371787044,5.249344,0,13.4990489884,38.295276816,28,5,7.714,3.105623787044,6.889764,3.579104,13.6234584412,0,0,0,151.5, -3.1, -0.5,,,0,0,1024,1024,1024,1024,0,0,0,0,171.2,0,0.4,80,3.857,3.855,0,0,0,0,4.673,97.52,2.121371787044,5.905512,6,P-GPS,
80000,2026-05-22 09:16:55,51.9888359802961,4.39005536242893,5.905512,,,2.121371787044,5.249344,0,13.459153974,38.372048472,28,5,7.714,3.105623787044,6.889764,3.579104,13.6234584412,0,0,0,151.6, -2.8, -0.1,,,0,0,1024,1024,1024,1024,0,0,0,0,171.3,0,0.3,80,3.857,3.855,0,0,0,0,4.673,97.52,2.121371787044,5.905512,6,P-GPS,
80100,2026-05-22 09:16:55,51.98883596331,4.39005535722949,5.905512,,,2.121371787044,5.249344,0,13.4532812704,38.378282068,28,5,7.714,3.105623787044,6.889764,3.579104,13.6234584412,0,0,0,151.6, -2.6, -0.4,,,0,0,1024,1024,1024,1024,0,0,0,0,171.3,0,0.1,80,3.857,3.855,0,0,0,0,4.673,97.52,2.121371787044,5.905512,6,P-GPS,
80200,2026-05-22 09:16:55,51.9888357559579,4.39005547849989,5.905512,,,2.121371787044,5.249344,0,13.4037405864,38.458662648,27,5,7.714,3.105623787044,6.889764,3.579104,13.6234584412,0,0,0,151.6, -2.5, -0.5,,,0,0,1024,1024,1024,1024,0,0,0,0,171.2,0,-0.1,80,3.857,3.855,0,0,0,0,4.673,97.52,2.121371787044,5.905512,6,P-GPS,
80300,2026-05-22 09:16:55,51.9888357330499,4.39005545872115,5.905512,,,2.121371787044,5.249344,0,13.3942917672,38.468177084,27,5,7.714,3.105623787044,6.889764,3.579104,13.6234584412,0,0,0,151.6, -2.6, -1,,,0,0,1024,1024,1024,1024,0,0,0,0,171.3,0,-0.6,80,3.857,3.855,0,0,0,0,4.673,97.52,2.121371787044,5.905512,6,P-GPS,
80400,2026-05-22 09:16:56,51.9888355394006,4.3900555470525,5.905512,,,2.121371787044,5.249344,0,13.345308826,38.5416679,26,5,7.714,3.105623787044,6.889764,3.579104,13.6234584412,0,0,0,151.7, -2.6, -1.3,,,0,0,1024,1024,1024,1024,0,0,0,0,171.3,0,-0.8,80,3.857,3.855,0,0,0,0,4.673,97.52,2.121371787044,5.905512,6,P-GPS,
80500,2026-05-22 09:16:56,51.988835510198,4.39005551496552,5.905512,,,2.121371787044,5.249344,0,13.3324479332,38.554463176,26,5,7.714,3.105623787044,6.889764,3.579104,13.6234584412,0,0,0,151.7, -2.4, -1.6,,,0,0,1024,1024,1024,1024,0,0,0,0,171.3,0,-1.3,80,3.857,3.855,0,0,0,0,4.673,97.52,2.121371787044,5.905512,6,P-GPS,
80600,2026-05-22 09:16:56,51.9888355260533,4.39005562673086,5.905512,,,2.121371787044,5.249344,0,13.3508206372,38.580053728,26,5,7.714,3.105623787044,6.889764,3.579104,13.6234584412,0,0,0,151.7, -2.3, -2.2,,,0,0,1024,1024,1024,1024,0,0,0,0,171.3,0,-1.6,80,3.857,3.855,0,0,0,0,4.673,97.52,2.121371787044,5.905512,6,P-GPS,
80700,2026-05-22 09:16:56,51.9888354980544,4.39005560596092,5.905512,,,2.121371787044,5.249344,0,13.3396985896,38.591536668,26,5,7.714,3.105623787044,6.889764,3.579104,13.6234584412,0,0,0,151.7, -1.7, -2.2,,,0,0,1024,1024,1024,1024,0,0,0,0,171.2,0,-1.3,80,3.857,3.855,0,0,0,0,4.673,97.52,2.121371787044,5.905512,6,P-GPS,
80800,2026-05-22 09:16:56,51.9888354407523,4.39005585432718,5.905512,,,2.121371787044,5.249344,0,13.3522970152,38.650919872,25,5,7.714,3.105623787044,6.889764,3.579104,13.6234584412,0,0,0,151.6, -1.5, -1.8,,,0,0,1024,1024,1024,1024,0,0,0,0,171.2,0,-0.8,80,3.857,3.855,0,0,0,0,4.673,97.52,2.121371787044,5.905512,6,P-GPS,
80900,2026-05-22 09:16:56,51.988835390792,4.39005597780951,5.905512,,,2.121371787044,5.249344,0,13.3521001648,38.684056356,25,5,7.72,3.105623787044,6.889764,3.579104,13.6234584412,0,0,0,151.5, -1.8, -1.4,,,0,0,1024,1024,1024,1024,0,0,0,0,171.1,0,-1,80,3.855,3.853,0,0,0,0,4.556,97.52,2.121371787044,5.905512,6,P-GPS,
81000,2026-05-22 09:16:56,51.9888353940967,4.39005594962473,5.905512,,,2.121371787044,5.249344,0,13.3496723432,38.690618036,25,5,7.72,3.105623787044,6.889764,3.579104,13.6234584412,0,0,0,151.5, -2.4, -2.2,,,0,0,1024,1024,1024,1024,0,0,0,0,171,0,-1.9,80,3.855,3.853,0,0,0,0,4.556,97.52,2.121371787044,5.905512,6,P-GPS,
81100,2026-05-22 09:16:56,51.9888353946407,4.39005593150842,5.905512,,,2.121371787044,5.249344,0,13.347605414,38.694883128,25,5,7.72,3.105623787044,6.889764,3.579104,13.6234584412,0,0,0,151.3, -2.2, -2.7,,,0,0,1024,1024,1024,1024,0,0,0,0,170.8,0,-2,80,3.855,3.853,0,0,0,0,4.556,97.52,2.121371787044,5.905512,6,P-GPS,
81200,2026-05-22 09:16:56,51.9888354173902,4.3900559921384,5.905512,,,2.121371787044,5.577428,0,13.3619754932,38.71063116,25,5,7.72,3.105623787044,6.889764,3.579104,13.6234584412,0,0,0,151.2, -2.3, -2.4,,,0,0,1024,1024,1024,1024,0,0,0,0,170.9,0,-0.7,80,3.855,3.853,0,0,0,0,4.556,97.52,2.121371787044,5.905512,6,P-GPS,
81300,2026-05-22 09:16:56,51.988835459561,4.3900560740913,5.905512,,,2.121371787044,5.249344,0,13.3849085648,38.734581292,25,5,7.72,3.105623787044,6.889764,3.579104,13.6234584412,0,0,0,151.4, -2.5, -0.5,,,0,0,1024,1024,1024,1024,0,0,0,0,171.2,0,1.5,80,3.855,3.853,0,0,0,0,4.556,97.52,2.121371787044,5.905512,6,P-GPS,
81400,2026-05-22 09:16:57,51.9888355054776,4.39005631605477,5.905512,,,2.121371787044,5.249344,0,13.428642162,38.791667908,25,5,7.72,3.105623787044,6.889764,3.579104,13.6234584412,0,0,0,151.5, -2.7, 1.3,,,0,0,1024,1024,1024,1024,0,0,0,0,171.2,0,2.2,80,3.855,3.853,0,0,0,0,4.556,97.52,2.121371787044,5.905512,6,P-GPS,
81500,2026-05-22 09:16:57,51.9888355515999,4.39005641500409,5.905512,,,2.121371787044,5.249344,0,13.454888882,38.819555048,25,5,7.72,3.105623787044,6.889764,3.579104,13.6234584412,0,0,0,151.5, -2.8, 1.4,,,0,0,1024,1024,1024,1024,0,0,0,0,171.3,0,2.2,80,3.855,3.853,0,0,0,0,4.556,97.52,2.121371787044,5.905512,6,P-GPS,
81600,2026-05-22 09:16:57,51.9888355008365,4.3900566373662,5.905512,,,2.121371787044,5.249344,0,13.4668967564,38.872704656,26,5,7.72,3.105623787044,6.889764,3.579104,13.6234584412,0,0,0,151.6, -2.4, 1.5,,,0,0,1024,1024,1024,1024,0,0,0,0,171.4,0,1.9,80,3.855,3.853,0,0,0,0,4.556,97.52,2.121371787044,5.905512,6,P-GPS,
81700,2026-05-22 09:16:57,51.9888355156852,4.39005669695629,5.905512,,,2.121371787044,5.249344,0,13.4787733972,38.887140352,26,5,7.72,3.105623787044,6.889764,3.579104,13.6234584412,0,0,0,151.7, -2, 1,,,0,0,1024,1024,1024,1024,0,0,0,0,171.3,0,1.7,80,3.855,3.853,0,0,0,0,4.556,97.52,2.121371787044,5.905512,6,P-GPS,
81800,2026-05-22 09:16:57,51.9888354413048,4.39005683865231,5.905512,,,2.121371787044,5.249344,0,13.4737865204,38.929135104,26,5,7.72,3.105623787044,6.889764,3.579104,13.6234584412,0,0,0,151.6, -2, 1.1,,,0,0,1024,1024,1024,1024,0,0,0,0,171.3,0,1.6,80,3.855,3.853,0,0,0,0,4.556,97.52,2.121371787044,5.905512,6,P-GPS,
81900,2026-05-22 09:16:57,51.9888354580446,4.39005685783981,5.905512,,,2.121371787044,5.249344,0,13.4812340272,38.936352952,26,5,7.704,3.105623787044,6.889764,3.579104,13.6234584412,0,0,0,151.6, -2.5, 0.6,,,0,0,1024,1024,1024,1024,0,0,0,0,171.2,0,1,80,3.853,3.85,0,0,0,0,4.92,97.52,2.121371787044,5.905512,6,P-GPS,
82000,2026-05-22 09:16:57,51.9888355384047,4.39005703979583,5.905512,,,2.121371787044,5.249344,0,13.5283140812,38.986877888,26,5,7.704,3.105623787044,6.889764,3.579104,13.6234584412,0,0,0,151.4, -2.5, 0.4,,,0,0,1024,1024,1024,1024,0,0,0,0,171.1,0,1,80,3.853,3.85,0,0,0,0,4.92,97.52,2.121371787044,5.905512,6,P-GPS,
82100,2026-05-22 09:16:57,51.9888355553651,4.39005702764062,5.905512,,,2.121371787044,5.249344,0,13.5319558136,38.993439568,26,5,7.704,3.105623787044,6.889764,3.579104,13.6234584412,0,0,0,151.4, -2.8, 0.2,,,0,0,1024,1024,1024,1024,0,0,0,0,171.1,0,0.6,80,3.853,3.85,0,0,0,0,4.92,97.52,2.121371787044,5.905512,6,P-GPS,
82200,2026-05-22 09:16:57,51.988835537458,4.39005705565847,5.905512,,,2.121371787044,5.249344,0,13.530020118,39.00262592,26,5,7.704,3.105623787044,6.889764,3.579104,13.6234584412,0,0,0,151.4, -2.9, -0.2,,,0,0,1024,1024,1024,1024,0,0,0,0,171.2,0,0.2,80,3.853,3.85,0,0,0,0,4.92,97.52,2.121371787044,5.905512,6,P-GPS,
82300,2026-05-22 09:16:57,51.9888355455688,4.39005703322263,5.905512,,,2.121371787044,5.249344,0,13.529692034,39.008531432,26,5,7.704,3.105623787044,6.889764,3.579104,13.6234584412,0,0,0,151.6, -3, -0.1,,,0,0,1024,1024,1024,1024,0,0,0,0,171.4,0,1,80,3.853,3.85,0,0,0,0,4.92,97.52,2.121371787044,5.905512,6,P-GPS,
82400,2026-05-22 09:16:58,51.9888355204569,4.39005703895418,5.905512,,,2.121371787044,5.249344,0,13.5227694616,39.017717784,26,5,7.704,3.105623787044,6.889764,3.579104,13.6234584412,0,0,0,151.7, -3.1, 0.5,,,0,0,1024,1024,1024,1024,0,0,0,0,171.4,0,1.2,80,3.853,3.85,0,0,0,0,4.92,97.52,2.121371787044,5.905512,6,P-GPS,
82500,2026-05-22 09:16:58,51.9888355178269,4.3900570017269,5.905512,,,2.121371787044,5.249344,0,13.5173232672,39.026247968,26,5,7.704,3.105623787044,6.889764,3.579104,13.6234584412,0,0,0,151.6, -3.2, 0.2,,,0,0,1024,1024,1024,1024,0,0,0,0,171.2,0,0.1,80,3.853,3.85,0,0,0,0,4.92,97.52,2.121371787044,5.905512,6,P-GPS,
82600,2026-05-22 09:16:58,51.9888354843259,4.39005710156308,5.905512,,,2.121371787044,5.249344,0,13.5196526636,39.05183852,26,5,7.704,3.105623787044,6.889764,3.579104,13.6234584412,0,0,0,151.6, -3, -0.9,,,0,0,1024,1024,1024,1024,0,0,0,0,171.2,0,-0.4,80,3.853,3.85,0,0,0,0,4.92,97.52,2.121371787044,5.905512,6,P-GPS,
82700,2026-05-22 09:16:58,51.9888354581838,4.39005705070248,5.905512,,,2.121371787044,5.249344,0,13.5053482012,39.0666023,26,5,7.704,3.105623787044,6.889764,3.579104,13.6234584412,0,0,0,151.6, -2.8, -1.2,,,0,0,1024,1024,1024,1024,0,0,0,0,171.2,0,-0.7,80,3.853,3.85,0,0,0,0,4.92,97.52,2.121371787044,5.905512,6,P-GPS,
82800,2026-05-22 09:16:58,51.9888355342968,4.39005717007743,5.905512,,,2.121371787044,5.249344,0,13.5433403284,39.105316212,26,5,7.704,3.105623787044,6.889764,3.579104,13.6234584412,0,0,0,151.6, -2.9, -1.5,,,0,0,1024,1024,1024,1024,0,0,0,0,171.2,0,-1,80,3.853,3.85,0,0,0,0,4.92,97.52,2.121371787044,5.905512,6,P-GPS,
82900,2026-05-22 09:16:58,51.98883550781,4.39005712855843,5.905512,,,2.121371787044,5.249344,0,13.5301185432,39.118767656,26,5,7.713,3.105623787044,6.889764,3.579104,13.6234584412,0,0,0,151.5, -2.8, -1.8,,,0,0,1024,1024,1024,1024,0,0,0,0,171.1,0,-1,80,3.858,3.855,0,0,0,0,4.694,97.7,2.121371787044,5.905512,6,P-GPS,
83000,2026-05-22 09:16:58,51.9888355430116,4.39005730089463,5.905512,,,2.121371787044,5.249344,0,13.5623692004,39.159450072,26,5,7.713,3.105623787044,6.889764,3.579104,13.6234584412,0,0,0,151.5, -2.8, -1.7,,,0,0,1024,1024,1024,1024,0,0,0,0,171.2,0,-0.8,80,3.858,3.855,0,0,0,0,4.694,97.7,2.121371787044,5.905512,6,P-GPS,
83100,2026-05-22 09:16:58,51.9888355870949,4.39005745703431,5.905512,,,2.121371787044,5.249344,0,13.595308834,39.198163984,25,5,7.713,3.105623787044,6.889764,3.579104,13.6234584412,0,0,0,151.6, -3, -1.3,,,0,0,1024,1024,1566,1024,0,0,82,0,171.3,0,-0.7,80,3.858,3.855,0,0,0,0,4.694,97.7,2.121371787044,5.905512,6,P-GPS,
83200,2026-05-22 09:16:58,51.9888355840258,4.39005742049912,5.905512,,,2.121371787044,5.249344,0,13.5897970228,39.206366084,25,5,7.713,3.105623787044,6.889764,3.579104,13.6234584412,0,0,0,151.6, -3.1, -1.5,,,0,0,1024,1024,1684,1024,0,0,100,0,171.2,0,-1.3,80,3.858,3.855,0,0,0,0,4.694,97.7,2.121371787044,5.905512,6,P-GPS,
83300,2026-05-22 09:16:58,51.9888356925132,4.39005762124268,5.905512,,,2.121371787044,5.577428,0,13.6478350824,39.266405456,25,5,7.713,3.105623787044,6.889764,3.579104,13.6478350824,0,0,-0.223694,151.5, -3, -2.4,,,0,0,1024,1024,1684,1024,0,0,100,0,171,0,-2.5,80,3.858,3.855,0,0,0,0,4.694,97.7,2.121371787044,5.905512,6,P-GPS,
83400,2026-05-22 09:16:59,51.9888356955973,4.39005757035774,5.905512,,,2.121371787044,5.577428,0,13.642388888,39.277888396,25,5,7.713,3.105623787044,6.889764,3.579104,13.6478350824,0,0,-1.342164,151.5, -3.8, -3.1,,,0,0,1024,1024,1087,1024,0,0,10,0,171.2,0,-1.4,80,3.858,3.855,0,0,0,0,4.694,97.7,2.121371787044,5.905512,6,P-GPS,
83500,2026-05-22 09:16:59,51.9888357149865,4.39005756397582,6.233596,,,2.449455787044,5.905512,0,13.6474413816,39.285106244,25,5,7.713,3.105623787044,6.889764,3.579104,13.6478350824,0,0,-1.565858,151.7, -5.1, -1.6,,,0,0,1024,1024,1024,1024,0,0,0,0,171.3,0,-0.8,80,3.858,3.855,0,0,0,0,4.694,97.7,2.449455787044,6.233596,6,P-GPS,
83600,2026-05-22 09:16:59,51.9888359474568,4.39005776236833,6.56168,,,2.777539787044,6.233596,0,13.7426841668,39.380906772,24,5,7.713,3.105623787044,6.889764,3.579104,13.7426841668,0,0,-0.894776,151.7, -4.5, -1.7,,,0,0,1024,1024,1024,1024,0,0,0,0,171.2,0,-1.2,80,3.858,3.855,0,0,0,0,4.694,97.7,2.777539787044,6.56168,6,P-GPS,
83700,2026-05-22 09:16:59,51.9888359661264,4.39005772987444,6.56168,,,2.777539787044,6.233596,0,13.74425897,39.390749292,24,5,7.713,3.105623787044,6.889764,3.579104,13.74425897,0,0,-0.447388,151.6, -4.3, -2.1,,,0,0,1024,1024,1024,1024,0,0,0,0,171,0,-1.9,80,3.858,3.855,0,0,0,0,4.694,97.7,2.777539787044,6.56168,6,P-GPS,
83800,2026-05-22 09:16:59,51.9888362512427,4.39005803074286,6.56168,,,2.777539787044,6.233596,0,13.8683075304,39.514765044,24,5,7.713,3.105623787044,6.889764,3.579104,13.8683075304,0,0,-0.223694,151.5, -4.5, -2.6,,,0,0,1024,1024,1024,1024,0,0,0,0,171,0,-1.7,80,3.858,3.855,0,0,0,0,4.694,97.7,2.777539787044,6.56168,6,P-GPS,
83900,2026-05-22 09:16:59,51.9888362820366,4.39005802560254,6.56168,,,2.777539787044,6.233596,0,13.8770017564,39.526247984,24,5,7.71,3.105623787044,6.889764,3.579104,13.8770017564,0,0,-0.223694,151.5, -4.8, -2.2,,,0,0,1423,1024,1024,1024,60,0,0,0,171,0,-1.3,80,3.865,3.858,0,0,0,0,4.727,97.7,2.777539787044,6.56168,6,P-GPS,
84000,2026-05-22 09:16:59,51.9888364795046,4.39005870744204,6.56168,,,2.777539787044,6.233596,0,14.022474202,39.695539328,24,5,7.71,3.105623787044,6.889764,3.579104,14.022474202,0,0,0,151.5, -4.9, -1.9,,,0,0,1684,1024,1024,1024,100,0,0,0,171,0,-1,80,3.865,3.858,0,0,0,0,4.727,97.7,2.777539787044,6.56168,6,P-GPS,
84100,2026-05-22 09:16:59,51.9888365145755,4.39005876181183,6.889764,,,3.105623787044,6.233596,0,14.0399282708,39.713255864,24,5,7.71,3.105623787044,6.889764,3.579104,14.0399282708,0,0,0,151.5, -10.4, -1.7,,,0,0,1684,1024,1024,1024,100,0,0,0,171,0,-0.8,80,3.865,3.858,0,0,0,0,4.727,97.7,3.105623787044,6.889764,6,P-GPS,
84200,2026-05-22 09:16:59,51.9888367356647,4.39005931014921,6.889764,,,3.105623787044,6.233596,0.223694,14.176017514,39.86056558,25,5,7.71,3.105623787044,6.889764,3.579104,14.176017514,0,0.223694,0,151.5, -17.1, -0.7,,,0,0,1684,1024,1024,1024,100,0,0,0,171.6,0,1,80,3.865,3.858,0,0,0,0,4.727,97.7,3.105623787044,6.889764,6,P-GPS,
84300,2026-05-22 09:17:00,51.988836626916,4.39005977328186,6.889764,,,3.105623787044,6.233596,0.6263432,14.2026251264,39.971786056,25,5,7.71,3.105623787044,6.889764,3.579104,14.2026251264,-0.447388,0.447388,0,151.7, -18.1, 1,,,0,0,1684,1024,1024,1024,100,0,0,0,171.8,0,1.5,80,3.865,3.858,0,0,0,0,4.727,97.7,3.105623787044,6.889764,6,P-GPS,
84400,2026-05-22 09:17:00,51.9888363016656,4.39006017403864,6.889764,,,3.105623787044,6.233596,1.006623,14.1575135764,40.120736192,25,5,7.71,3.105623787044,6.889764,3.579104,14.2026251264,-0.894776,0.447388,0,151.7, -17.9, 0.7,,,0,0,1684,1024,1024,1024,100,0,0,0,171.4,0,0.5,80,3.865,3.858,0,0,0,0,4.727,97.7,3.105623787044,6.889764,6,P-GPS,
84500,2026-05-22 09:17:00,51.9888358139218,4.39006068839707,6.889764,,,3.105623787044,6.233596,1.4987498,14.0810700044,40.33300654,25,5,7.71,3.105623787044,6.889764,3.579104,14.2026251264,-1.342164,0.671082,0,151.6, -17.7, -0.1,,,0,0,1684,1024,1024,1024,100,0,0,0,171.3,0,0.4,80,3.865,3.858,0,0,0,0,4.727,97.7,3.105623787044,6.889764,6,P-GPS,
84600,2026-05-22 09:17:00,51.9888352114452,4.39006124994346,6.889764,,,3.105623787044,6.233596,1.8119214,13.9804466416,40.586287388,27,5,7.71,3.105623787044,6.889764,3.579104,14.2026251264,-1.565858,0.894776,0,151.5, -17.9, -0.2,,,0,0,1684,1024,1024,1024,100,0,0,0,171.2,0,0.3,80,3.865,3.858,0,0,0,0,4.727,97.7,3.105623787044,6.889764,6,P-GPS,
84700,2026-05-22 09:17:00,51.9888344883568,4.39006198807601,6.889764,,,3.105623787044,6.233596,2.1027236,13.8737865332,40.897967188,27,5,7.71,3.105623787044,6.889764,3.579104,14.2026251264,-1.789552,1.11847,0,151.4, -18.2, 0,,,0,0,1684,1024,658,1024,100,0,-55,0,171.4,0,0.9,80,3.865,3.858,0,0,0,0,4.727,97.7,3.105623787044,6.889764,6,P-GPS,
84800,2026-05-22 09:17:00,51.9888337609336,4.3900626956936,6.889764,,,3.105623787044,6.233596,2.4158952,13.7677825928,41.2073504,27,5,7.71,3.105623787044,6.889764,3.579104,14.2026251264,-2.013246,1.342164,0,151.4, -18.8, 0.5,,,0,0,1684,1024,364,1024,100,0,-100,0,171.6,0,1.4,80,3.865,3.858,0,0,0,0,4.727,97.7,3.105623787044,6.889764,6,P-GPS,
84900,2026-05-22 09:17:00,51.9888328622636,4.3900636244143,6.56168,,,2.777539787044,6.233596,2.6172198,13.6534125104,41.59612994,27,5,7.698,3.105623787044,6.889764,3.579104,14.2026251264,-2.23694,1.342164,0.447388,151.4, -19.8, 1,,,0,0,1684,1024,364,1024,100,0,-100,0,171.5,0,1.3,80,3.847,3.843,0,0,0,0,4.523,97.88,2.777539787044,6.56168,6,P-GPS,
85000,2026-05-22 09:17:00,51.9888321206941,4.39006435777519,6.56168,,,2.777539787044,5.905512,2.796175,13.561680224,41.912731,27,5,7.698,3.105623787044,6.889764,3.579104,14.2026251264,-2.460634,1.342164,0.894776,151.4, -19.4, 0.8,,,0,0,1684,1024,1024,1024,100,0,0,0,171.4,0,1.1,80,3.847,3.843,0,0,0,0,4.523,97.88,2.777539787044,6.56168,6,P-GPS,
85100,2026-05-22 09:17:00,51.9888310435576,4.39006545134767,6.56168,,,2.777539787044,5.905512,3.1093466,13.4451119788,42.376313692,27,5,7.698,3.105623787044,6.889764,3.579104,14.2026251264,-2.684328,1.565858,0.894776,151.3, -19.9, 0.6,,,0,0,1684,926,1024,1024,100,-15,0,0,171.4,0,1.4,80,3.847,3.843,0,0,0,0,4.523,97.88,2.777539787044,6.56168,6,P-GPS,
85200,2026-05-22 09:17:00,51.9888298556249,4.39006651288187,6.233596,,,2.449455787044,5.577428,3.4225182,13.310531922,42.871064364,27,5,7.698,3.105623787044,6.889764,3.579104,14.2026251264,-2.908022,1.789552,0.671082,151.3, -19.6, 1.3,,,0,0,1684,1014,1024,1024,100,-2,0,0,171.5,0,1.8,80,3.847,3.843,0,0,0,0,4.523,97.88,2.449455787044,6.233596,6,P-GPS,
85300,2026-05-22 09:17:01,51.9888285338593,4.39006786435349,6.233596,,,2.449455787044,5.577428,3.914645,13.2097773256,43.440946272,27,5,7.698,3.105623787044,6.889764,3.914645,14.2026251264,-3.35541,2.013246,0.447388,151.3, -19.2, 1.3,,,0,0,1684,1014,1024,1024,100,-2,0,0,171.5,0,2,80,3.847,3.843,0,0,0,0,4.523,97.88,2.449455787044,6.233596,6,P-GPS,
85400,2026-05-22 09:17:01,51.98882696029,4.39006970778943,6.233596,,,2.449455787044,5.577428,4.2278166,13.162566038,44.14862346,27,5,7.698,3.105623787044,6.889764,4.2278166,14.2026251264,-3.579104,2.23694,0.223694,151.3, -19, 1.7,,,0,0,1684,982,1024,1024,100,-6,0,0,171.7,0,2.5,80,3.847,3.843,0,0,0,0,4.523,97.88,2.449455787044,6.233596,6,P-GPS,
85500,2026-05-22 09:17:01,51.9888254546361,4.39007122168179,6.233596,,,2.449455787044,5.577428,4.4067718,13.1070542252,44.79494894,27,5,7.698,3.105623787044,6.889764,4.4067718,14.2026251264,-3.802798,2.23694,0,151.2, -18.6, 2.3,,,0,0,1684,858,1024,1024,100,-25,0,0,171.6,0,2.5,80,3.847,3.843,0,0,0,0,4.523,97.88,2.449455787044,6.233596,6,P-GPS,
85600,2026-05-22 09:17:01,51.9888238042288,4.39007309448501,6.233596,,,2.449455787044,5.577428,4.7199434,13.1232287664,45.529529016,27,5,7.698,3.105623787044,6.889764,4.7199434,14.2026251264,-4.026492,2.460634,0,151.2, -18.3, 1.8,,,0,0,1684,756,1024,1024,100,-41,0,0,171.7,0,2.3,80,3.847,3.843,0,0,0,0,4.523,97.88,2.449455787044,6.233596,6,P-GPS,
85700,2026-05-22 09:17:01,51.9888221502282,4.39007471119062,6.233596,,,2.449455787044,5.577428,4.921268,13.129429554,46.233925364,27,5,7.698,3.105623787044,6.889764,4.921268,14.2026251264,-4.250186,2.460634,0,151.4, -18.6, 1.4,,,0,0,1684,759,1024,1024,100,-40,0,0,171.6,0,1.2,80,3.847,3.843,0,0,0,0,4.523,97.88,2.449455787044,6.233596,6,P-GPS,
85800,2026-05-22 09:17:01,51.9888204551636,4.39007610512723,6.233596,,,2.449455787044,5.577428,4.921268,13.1217851968,46.927166856,27,5,7.698,3.105623787044,6.889764,4.921268,14.2026251264,-4.250186,2.460634,0,151.6, -19.1, 0,,,0,0,1684,795,1024,1024,100,-35,0,0,171.2,0,-0.1,80,3.847,3.843,0,0,0,0,4.523,97.88,2.449455787044,6.233596,6,P-GPS,
85900,2026-05-22 09:17:01,51.9888185989992,4.39007784013313,6.233596,,,2.449455787044,5.577428,5.1002232,13.1986224696,47.70833486,27,5,7.687,3.105623787044,6.889764,5.1002232,14.2026251264,-4.47388,2.460634,0,151.6, -19.5, -0.8,,,0,0,1673,605,1024,1024,98,-63,0,0,171.3,0,0.1,79,3.851,3.85,0,0,0,0,4.677,98.06,2.449455787044,6.233596,6,P-GPS,
86000,2026-05-22 09:17:01,51.9888167895557,4.39007957600155,6.233596,,,2.449455787044,5.577428,5.2120702,13.3267392716,48.475395252,27,5,7.687,3.105623787044,6.889764,5.2120702,14.2026251264,-4.47388,2.684328,0,151.7, -19.7, -0.5,,,0,0,1580,503,1024,1024,84,-79,0,0,171,0,-1.4,79,3.851,3.85,0,0,0,0,4.677,98.06,2.449455787044,6.233596,6,P-GPS,
86100,2026-05-22 09:17:01,51.9888149322168,4.39008137193653,6.233596,,,2.449455787044,5.577428,5.4133948,13.505413818,49.263781104,27,5,7.687,3.105623787044,6.889764,5.4133948,14.2026251264,-4.697574,2.684328,0,152.1, -19.9, -3.5,,,0,0,1580,503,1024,1024,84,-79,0,0,170.5,0,-4.1,79,3.851,3.85,0,0,0,0,4.677,98.06,2.449455787044,6.233596,6,P-GPS,
86200,2026-05-22 09:17:01,51.9888128541503,4.39008337859661,6.233596,,,2.449455787044,5.577428,5.5252418,13.7556434848,50.14599898,27,5,7.687,3.105623787044,6.889764,5.5252418,14.2026251264,-4.697574,2.908022,0,152.5, -17.5, -6.1,,,0,0,1534,388,1024,1024,77,-96,0,0,170.2,0,-6.9,79,3.851,3.85,0,0,0,0,4.677,98.06,2.449455787044,6.233596,6,P-GPS,
86300,2026-05-22 09:17:02,51.9888109670507,4.39008545186863,6.233596,,,2.449455787044,5.577428,5.4581336,14.0828088496,50.977363836,27,5,7.687,3.105623787044,6.889764,5.5252418,14.2026251264,-4.47388,3.131716,0,152.8, -15.7, -8.9,,,0,0,1489,364,1024,1024,70,-100,0,0,170,0,-9.1,79,3.851,3.85,0,0,0,0,4.677,98.06,2.449455787044,6.233596,6,P-GPS,
86400,2026-05-22 09:17:02,51.9888091850835,4.39008763584871,6.233596,,,2.449455787044,5.577428,5.7265664,14.4794295972,51.791996408,27,5,7.687,3.105623787044,6.889764,5.7265664,14.4794295972,-4.47388,3.579104,0,152.8, -13.8, -10.4,,,0,0,1438,364,1024,1024,63,-100,0,0,170,0,-9.6,79,3.851,3.85,0,0,0,0,4.677,98.06,2.449455787044,6.233596,6,P-GPS,
86500,2026-05-22 09:17:02,51.9888074686262,4.39009004806852,6.233596,,,2.449455787044,5.577428,5.704197,14.9627957544,52.620080424,26,5,7.687,3.105623787044,6.889764,5.7265664,14.9627957544,-4.250186,3.802798,0,152.8, -13.2, -10.6,,,0,0,1384,535,1024,1024,55,-74,0,0,170,0,-9.6,79,3.851,3.85,0,0,0,0,4.677,98.06,2.449455787044,6.233596,6,P-GPS,
86600,2026-05-22 09:17:02,51.9888059875771,4.3900926361998,6.233596,,,2.449455787044,5.249344,5.5476112,15.5173233312,53.414043704,26,5,7.687,3.105623787044,6.889764,5.7265664,15.5173233312,-3.802798,4.026492,0,152.6, -12.8, -9.2,,,0,0,1255,1024,1024,1024,35,0,0,0,170.6,0,-5.5,79,3.851,3.85,0,0,0,0,4.677,98.06,2.449455787044,6.233596,6,P-GPS,
86700,2026-05-22 09:17:02,51.9888044451968,4.39009540917374,6.233596,,,2.449455787044,5.249344,5.5476112,16.1335307,54.253282576,26,5,7.687,3.105623787044,6.889764,5.7265664,16.1335307,-3.579104,4.250186,0,152, -12, -3.3,,,0,0,1153,1024,1024,1024,20,0,0,0,171.5,0,0.6,79,3.851,3.85,0,0,0,0,4.677,98.06,2.449455787044,6.233596,6,P-GPS,
86800,2026-05-22 09:17:02,51.9888027665743,4.3900983466169,6.233596,,,2.449455787044,5.249344,5.3910254,16.808071404,55.153873156,26,5,7.687,3.105623787044,6.889764,5.7265664,16.808071404,-3.579104,4.026492,0,151.7, -9.8, 0.7,,,0,0,1127,1024,1024,1024,16,0,0,0,171.3,0,1.3,79,3.851,3.85,0,0,0,0,4.677,98.06,2.449455787044,6.233596,6,P-GPS,
86900,2026-05-22 09:17:02,51.9888012856478,4.39010095382786,6.233596,,,2.449455787044,5.577428,5.2120702,17.4236554132,55.950789192,26,5,7.704,3.105623787044,6.889764,5.7265664,17.4236554132,-3.579104,3.802798,0,151.6, -7.9, 0.7,,,0,0,1127,1024,1024,1024,16,0,0,0,171.2,0,1.4,79,3.852,3.848,0,0,0,0,4.64,98.06,2.449455787044,6.233596,6,P-GPS,
87000,2026-05-22 09:17:02,51.9887996585158,4.39010386220285,6.233596,,,2.449455787044,5.577428,4.8988986,18.1261160656,56.833663236,26,5,7.704,3.105623787044,6.889764,5.7265664,18.1261160656,-3.35541,3.579104,0,151.6, -6.9, 0.6,,,0,0,1134,1024,1024,1024,17,0,0,0,171.1,0,1,79,3.852,3.848,0,0,0,0,4.64,98.06,2.449455787044,6.233596,6,P-GPS,
87100,2026-05-22 09:17:02,51.9887982221589,4.39010656872135,6.233596,,,2.449455787044,5.577428,4.585727,18.7898956144,57.636484784,25,5,7.704,3.105623787044,6.889764,5.7265664,18.7898956144,-3.131716,3.35541,0,151.5, -6.2, 0.1,,,0,0,1024,1024,1024,1024,0,0,0,0,171,0,0.4,79,3.852,3.848,0,0,0,0,4.64,98.06,2.449455787044,6.233596,6,P-GPS,
87200,2026-05-22 09:17:02,51.9887968814518,4.39010875604716,6.233596,,,2.449455787044,5.577428,4.2725554,19.3436029812,58.329726276,25,5,7.704,3.105623787044,6.889764,5.7265664,19.3436029812,-2.908022,3.131716,0,151.5, -5.6, -0.2,,,0,0,1024,1024,1024,1024,0,0,0,0,171.1,0,0.5,79,3.852,3.848,0,0,0,0,4.64,98.06,2.449455787044,6.233596,6,P-GPS,
87300,2026-05-22 09:17:02,51.9887956336383,4.39011082968784,6.233596,,,2.449455787044,5.577428,4.2725554,19.8752302948,58.980973016,25,5,7.704,3.105623787044,6.889764,5.7265664,19.8752302948,-2.908022,3.131716,0,151.5, -5.8, 0.1,,,0,0,1024,1024,1024,1024,0,0,0,0,171.1,0,1,79,3.852,3.848,0,0,0,0,4.64,98.06,2.449455787044,6.233596,6,P-GPS,
87400,2026-05-22 09:17:03,51.9887941273484,4.39011296530444,6.233596,,,2.449455787044,5.577428,3.9593838,20.4450793944,59.710631832,25,5,7.704,3.105623787044,6.889764,5.7265664,20.4450793944,-2.684328,2.908022,0,151.5, -2.2, 0.9,,,0,0,1024,1024,1024,1024,0,0,0,0,171,0,2.3,79,3.852,3.848,0,0,0,0,4.64,98.06,2.449455787044,6.233596,6,P-GPS,
87500,2026-05-22 09:17:03,51.98879302374,4.39011492699198,6.233596,,,2.449455787044,5.577428,3.4896264,20.956201458,60.307744712,25,5,7.704,3.105623787044,6.889764,5.7265664,20.956201458,-2.23694,2.684328,0,151.7, 3.7, 2.3,,,0,0,1024,1024,1024,1024,0,0,0,0,170.9,0,3.9,79,3.852,3.848,0,0,0,0,4.64,98.06,2.449455787044,6.233596,6,P-GPS,
87600,2026-05-22 09:17:03,51.9887918327381,4.39011673333628,6.233596,,,2.449455787044,5.577428,3.019869,21.4446857256,60.90223292,25,5,7.704,3.105623787044,6.889764,5.7265664,21.4446857256,-2.013246,2.23694,0,151.7, 5.7, 2.8,,,0,0,1224,1024,1024,1024,30,0,0,0,170.8,0,3.7,79,3.852,3.848,0,0,0,0,4.64,98.06,2.449455787044,6.233596,6,P-GPS,
87700,2026-05-22 09:17:03,51.9887910509212,4.39011819100166,6.233596,,,2.449455787044,5.577428,2.3711564,21.8276581788,61.336616136,25,5,7.704,3.105623787044,6.889764,5.7265664,21.8276581788,-1.565858,1.789552,0,151.7, 5.6, 3.1,,,0,0,1516,1024,1024,1024,75,0,0,0,170.9,0,3.6,79,3.852,3.848,0,0,0,0,4.64,98.06,2.449455787044,6.233596,6,P-GPS,
87800,2026-05-22 09:17:03,51.9887903683737,4.39011896367658,6.233596,,,2.449455787044,5.577428,1.9237684,22.054462648,61.640093836,25,5,7.704,3.105623787044,6.889764,5.7265664,22.054462648,-1.11847,1.565858,0,151.5, 2.1, 2.7,,,0,0,1496,826,1024,1024,72,-30,0,0,171,0,3.4,79,3.852,3.848,0,0,0,0,4.64,98.06,2.449455787044,6.233596,6,P-GPS,
87900,2026-05-22 09:17:03,51.9887899316225,4.39011996021604,6.233596,,,2.449455787044,5.577428,1.6105968,22.3099744672,61.915028228,25,5,7.709,3.105623787044,6.889764,5.7265664,22.3099744672,-0.894776,1.342164,0,151.3, -5, 3,,,0,0,1496,826,1024,1024,72,-30,0,0,171.3,0,3.6,79,3.848,3.845,0,0,0,0,4.826,98.24,2.449455787044,6.233596,6,P-GPS,
88000,2026-05-22 09:17:03,51.9887895011701,4.39012076349635,6.233596,,,2.449455787044,5.577428,1.6105968,22.5233274924,62.154201464,25,5,7.709,3.105623787044,6.889764,5.7265664,22.5233274924,-0.894776,1.342164,0,151.3, -9.6, 2.2,,,0,0,1568,848,1024,1024,82,-27,0,0,171.1,0,1.8,79,3.848,3.845,0,0,0,0,4.826,98.24,2.449455787044,6.233596,6,P-GPS,
88100,2026-05-22 09:17:03,51.988788909732,4.39012179156633,6.233596,,,2.449455787044,5.249344,1.6105968,22.800853748,62.47047444,26,5,7.709,3.105623787044,6.889764,5.7265664,22.800853748,-0.894776,1.342164,0,151.2, -11.6, 1.1,,,0,0,1170,1024,1024,1024,22,0,0,0,171.3,0,2.7,79,3.848,3.845,0,0,0,0,4.826,98.24,2.449455787044,6.233596,6,P-GPS,
88200,2026-05-22 09:17:03,51.9887883520456,4.39012293723059,6.233596,,,2.449455787044,5.577428,1.7448132,23.1016739676,62.79855844,26,5,7.709,3.105623787044,6.889764,5.7265664,23.1016739676,-1.11847,1.342164,0,151.3, -9.2, 2.8,,,0,0,1024,1024,1024,1024,0,0,0,0,171.4,0,4.2,79,3.848,3.845,0,0,0,0,4.826,98.24,2.449455787044,6.233596,6,P-GPS,
88300,2026-05-22 09:17:03,51.9887877791185,4.39012407580691,6.233596,,,2.449455787044,5.577428,1.7448132,23.4031831636,63.128939028,26,5,7.709,3.105623787044,6.889764,5.7265664,23.4031831636,-1.11847,1.342164,0,151.4, -5.6, 3.6,,,0,0,1024,1457,1024,1024,0,66,0,0,171.3,0,4.2,79,3.848,3.845,0,0,0,0,4.826,98.24,2.449455787044,6.233596,6,P-GPS,
88400,2026-05-22 09:17:04,51.9887871934995,4.39012520251668,6.233596,,,2.449455787044,5.577428,1.6105968,23.7041674252,63.459975784,25,5,7.709,3.105623787044,6.889764,5.7265664,23.7041674252,-0.894776,1.342164,0,151.3, -5.4, 3.6,,,0,0,1024,1684,1024,1024,0,100,0,0,171.3,0,6.9,79,3.848,3.845,0,0,0,0,4.826,98.24,2.449455787044,6.233596,6,P-GPS,
88500,2026-05-22 09:17:04,51.9887866913997,4.39012621835842,6.233596,,,2.449455787044,5.577428,1.4316416,23.973590006,63.752626712,25,5,7.709,3.105623787044,6.889764,5.7265664,23.973590006,-0.894776,1.11847,0,151, -5.8, 9.8,,,0,0,1024,1684,1024,1024,0,100,0,0,172,0,15,79,3.848,3.845,0,0,0,0,4.826,98.24,2.449455787044,6.233596,6,P-GPS,
88600,2026-05-22 09:17:04,51.9887861550685,4.39012705060952,6.233596,,,2.449455787044,5.577428,1.2750558,24.2074482812,64.023296012,26,5,7.709,3.105623787044,6.889764,5.7265664,24.2074482812,-0.894776,0.894776,0,150.8, -6.2, 15.9,,,0,0,1024,1293,1024,1024,0,41,0,0,172.1,0,17.1,79,3.848,3.845,0,0,0,0,4.826,98.24,2.449455787044,6.233596,6,P-GPS,
88700,2026-05-22 09:17:04,51.9887856507005,4.39012751683401,6.233596,,,2.449455787044,5.577428,1.2079476,24.359908916,64.235238276,26,5,7.709,3.105623787044,6.889764,5.7265664,24.359908916,-1.11847,0.447388,0,150.5, -6.7, 16.5,,,0,0,1024,1293,1024,1024,0,41,0,0,172.1,0,15.6,79,3.848,3.845,0,0,0,0,4.826,98.24,2.449455787044,6.233596,6,P-GPS,
88800,2026-05-22 09:17:04,51.988785101763,4.3901277546727,6.233596,,,2.449455787044,5.577428,1.342164,24.4688984208,64.44225928,26,5,7.709,3.105623787044,6.889764,5.7265664,24.4688984208,-1.342164,0,0,150.9, -6.8, 10.9,,,0,0,1026,1024,1024,1024,0,0,0,0,171.3,0,6.3,79,3.848,3.845,0,0,0,0,4.826,98.24,2.449455787044,6.233596,6,P-GPS,
88900,2026-05-22 09:17:04,51.9887845072709,4.39012770813859,6.233596,,,2.449455787044,5.577428,1.342164,24.5231963228,64.659450888,26,5,7.703,3.105623787044,6.889764,5.7265664,24.5231963228,-1.342164,0,0,151.1, -7, 4.2,,,0,0,1684,1024,1024,1024,100,0,0,0,171.3,0,4.5,79,3.849,3.845,0,0,0,0,4.796,98.24,2.449455787044,6.233596,6,P-GPS,
89000,2026-05-22 09:17:04,51.9887839496444,4.39012780437169,6.233596,,,2.449455787044,5.577428,1.342164,24.605643832,64.864175304,26,5,7.703,3.105623787044,6.889764,5.7265664,24.605643832,-1.342164,0,0,151.1, -10.7, 3.9,,,0,0,1684,967,1024,1024,100,-9,0,0,171.7,0,4.2,79,3.849,3.845,0,0,0,0,4.796,98.24,2.449455787044,6.233596,6,P-GPS,
89100,2026-05-22 09:17:04,51.9887833532161,4.39012779653949,6.233596,,,2.449455787044,5.577428,1.342164,24.6718183748,65.081694996,26,5,7.703,3.105623787044,6.889764,5.7265664,24.6718183748,-1.342164,0,0,150.9, -18.7, 3.8,,,0,0,1684,975,1024,1024,100,-7,0,0,171.9,0,3.7,79,3.849,3.845,0,0,0,0,4.796,98.24,2.449455787044,6.233596,6,P-GPS,
89200,2026-05-22 09:17:04,51.9887827104599,4.39012816740036,6.233596,,,2.449455787044,5.577428,1.789552,24.8256897708,65.330710752,26,5,7.703,3.105623787044,6.889764,5.7265664,24.8256897708,-1.789552,0,0,151, -20.3, 2.6,,,0,0,1629,1024,1024,1024,92,0,0,0,171.7,0,2.7,79,3.849,3.845,0,0,0,0,4.796,98.24,2.449455787044,6.233596,6,P-GPS,
89300,2026-05-22 09:17:04,51.9887818303694,4.39012847301609,6.233596,,,2.449455787044,5.577428,2.23694,24.9960309836,65.659122836,26,5,7.703,3.105623787044,6.889764,5.7265664,24.9960309836,-2.23694,0.223694,0,151.2, -19.9, 2.1,,,0,0,1099,825,1024,1024,11,-30,0,0,171.6,0,2,79,3.849,3.845,0,0,0,0,4.796,98.24,2.449455787044,6.233596,6,P-GPS,
89400,2026-05-22 09:17:05,51.9887810116461,4.39012921657415,6.233596,,,2.449455787044,5.577428,2.5053728,25.2542330916,66.001314448,26,5,7.703,3.105623787044,6.889764,5.7265664,25.2542330916,-2.460634,0.447388,0,151.6, -14.7, 1.2,,,0,0,1205,364,1024,1024,27,-100,0,0,171.6,0,1.9,79,3.849,3.845,0,0,0,0,4.796,98.24,2.449455787044,6.233596,6,P-GPS,
89500,2026-05-22 09:17:05,51.9887798879311,4.39012971055913,6.233596,,,2.449455787044,5.577428,2.7738056,25.5012147268,66.425855144,26,5,7.703,3.105623787044,6.889764,5.7265664,25.5012147268,-2.684328,0.671082,0,151.8, -6.8, -0.4,,,0,0,1205,364,1024,1024,27,-100,0,0,170.9,0,-6,79,3.849,3.845,0,0,0,0,4.796,98.24,2.449455787044,6.233596,6,P-GPS,
89600,2026-05-22 09:17:05,51.9887790639585,4.39013015540158,6.233596,,,2.449455787044,5.249344,2.5501116,25.7025598776,66.742784288,26,5,7.703,3.105623787044,6.889764,5.7265664,25.7025598776,-2.460634,0.671082,0,151.9, -5.8, -10.1,,,0,0,1549,433,1024,1024,80,-90,0,0,170.2,0,-10.8,79,3.849,3.845,0,0,0,0,4.796,98.24,2.449455787044,6.233596,6,P-GPS,
89700,2026-05-22 09:17:05,51.9887781311642,4.39013087833578,6.233596,,,2.449455787044,5.249344,2.5053728,25.9789706476,67.119752804,26,5,7.703,3.105623787044,6.889764,5.7265664,25.9789706476,-2.23694,1.11847,0,152.4, -9.7, -11,,,0,0,1483,364,1024,1024,70,-100,0,0,170.2,0,-9.4,79,3.849,3.845,0,0,0,0,4.796,98.24,2.449455787044,6.233596,6,P-GPS,
89800,2026-05-22 09:17:05,51.9887774009588,4.3901316252187,6.233596,,,2.449455787044,5.249344,2.684328,26.234744934,67.434713444,26,5,7.703,3.105623787044,6.889764,5.7265664,26.234744934,-2.013246,1.789552,0,152.5, -10.8, -10.1,,,0,0,1249,1022,1024,1024,34,-0,0,0,170.3,0,-7.2,79,3.849,3.845,0,0,0,0,4.796,98.24,2.449455787044,6.233596,6,P-GPS,
89900,2026-05-22 09:17:05,51.9887766846062,4.39013289333235,6.233596,,,2.449455787044,5.249344,2.8632832,26.5979011136,67.82152448,26,5,7.692,3.105623787044,6.889764,5.7265664,26.5979011136,-1.789552,2.23694,0,151.8, -10.4, -4.1,,,0,0,1024,1024,1024,1024,0,0,0,0,171.4,0,1.9,79,3.851,3.848,0,0,0,0,5.248,98.42,2.449455787044,6.233596,6,P-GPS,
90000,2026-05-22 09:17:05,51.9887759058369,4.39013445995294,6.233596,,,2.449455787044,5.249344,3.0422384,27.0323499464,68.273624232,26,5,7.692,3.105623787044,6.889764,5.7265664,27.0323499464,-1.789552,2.460634,0,151.6, -5.4, 3.2,,,0,0,1024,1024,1024,1024,0,0,0,0,171.5,0,4.8,79,3.851,3.848,0,0,0,0,5.248,98.42,2.449455787044,6.233596,6,P-GPS,
90100,2026-05-22 09:17:05,51.988775154242,4.39013602801337,6.233596,,,2.449455787044,5.249344,2.8632832,27.4637804064,68.720146556,26,5,7.692,3.105623787044,6.889764,5.7265664,27.4637804064,-1.789552,2.23694,0,151.6, -3, 4.4,,,0,0,1024,1024,1024,1024,0,0,0,0,171.3,0,5.8,79,3.851,3.848,0,0,0,0,5.248,98.42,2.449455787044,6.233596,6,P-GPS,
90200,2026-05-22 09:17:05,51.988774668852,4.39013770663578,6.233596,,,2.449455787044,5.249344,2.5501116,27.8801846192,69.136813236,25,5,7.692,3.105623787044,6.889764,5.7265664,27.8801846192,-1.565858,2.013246,0,151.7, 0, 5.2,,,0,0,1543,1024,1024,1024,79,0,0,0,171.1,0,6.1,79,3.851,3.848,0,0,0,0,5.248,98.42,2.449455787044,6.233596,6,P-GPS,
90300,2026-05-22 09:17:05,51.9887740574765,4.39013898786802,6.233596,,,2.449455787044,5.249344,2.23694,28.2326780688,69.500986476,25,5,7.692,3.105623787044,6.889764,5.7265664,28.2326780688,-1.342164,1.789552,0,151.7, 1.9, 5,,,0,0,1684,1024,1024,1024,100,0,0,0,171.2,0,5.6,79,3.851,3.848,0,0,0,0,5.248,98.42,2.449455787044,6.233596,6,P-GPS,
90400,2026-05-22 09:17:06,51.9887738430288,4.39014029738243,6.233596,,,2.449455787044,5.249344,1.9237684,28.5338919892,69.805448428,25,5,7.692,3.105623787044,6.889764,5.7265664,28.5338919892,-1.11847,1.565858,0,151.2, -6.2, 4.9,,,0,0,1684,1024,1024,1024,100,0,0,0,171.5,0,5.5,79,3.851,3.848,0,0,0,0,5.248,98.42,2.449455787044,6.233596,6,P-GPS,
90500,2026-05-22 09:17:06,51.988773341126,4.39014134387129,6.233596,,,2.449455787044,5.249344,1.9237684,28.8222778252,70.1033487,25,5,7.692,3.105623787044,6.889764,5.7265664,28.8222778252,-1.11847,1.565858,0,150.7, -13.9, 5,,,0,0,1684,1024,1024,1024,100,0,0,0,171.7,0,5.2,79,3.851,3.848,0,0,0,0,5.248,98.42,2.449455787044,6.233596,6,P-GPS,
90600,2026-05-22 09:17:06,51.9887729673718,4.3901421361267,6.233596,,,2.449455787044,5.249344,2.0579848,29.0398303256,70.327758156,25,5,7.692,3.105623787044,6.889764,5.7265664,29.0398303256,-1.342164,1.565858,0,150.8, -15.4, 4.6,,,0,0,1024,1024,1024,1024,0,0,0,0,171.7,0,4.9,79,3.851,3.848,0,0,0,0,5.248,98.42,2.449455787044,6.233596,6,P-GPS,
90700,2026-05-22 09:17:06,51.9887722734881,4.3901432346656,6.233596,,,2.449455787044,5.249344,2.2145706,29.3674221996,70.681432708,25,5,7.692,3.105623787044,6.889764,5.7265664,29.3674221996,-1.565858,1.565858,0,151.3, -8.4, 4.5,,,0,0,1024,1024,1024,1024,0,0,0,0,171.5,0,5.4,79,3.851,3.848,0,0,0,0,5.248,98.42,2.449455787044,6.233596,6,P-GPS,
90800,2026-05-22 09:17:06,51.9887714811017,4.39014438501109,6.233596,,,2.449455787044,5.249344,2.2145706,29.7208999012,71.069227996,25,5,7.692,3.105623787044,6.889764,5.7265664,29.7208999012,-1.565858,1.565858,0,151.6, -3.9, 4.8,,,0,0,1024,1243,1024,1024,0,33,0,0,171.4,0,5,79,3.851,3.848,0,0,0,0,5.248,98.42,2.449455787044,6.233596,6,P-GPS,
90900,2026-05-22 09:17:06,51.9887707914501,4.39014532509752,6.233596,,,2.449455787044,5.249344,2.0579848,30.0167004356,71.39764008,25,5,7.696,3.105623787044,6.889764,5.7265664,30.0167004356,-1.565858,1.342164,0,151.4, -4.8, 3.9,,,0,0,1024,1540,1024,1024,0,78,0,0,171.3,0,4.9,79,3.855,3.849,0,0,0,0,4.847,98.6,2.449455787044,6.233596,6,P-GPS,
91000,2026-05-22 09:17:06,51.9887701208,4.39014605946005,6.233596,,,2.449455787044,5.249344,1.7448132,30.2683080552,71.692587596,25,5,7.696,3.105623787044,6.889764,5.7265664,30.2683080552,-1.342164,1.11847,0,151.2, -5.8, 6,,,0,0,1024,1033,1024,1024,0,1,0,0,171.6,0,9.1,79,3.855,3.849,0,0,0,0,4.847,98.6,2.449455787044,6.233596,6,P-GPS,
91100,2026-05-22 09:17:06,51.9887695103026,4.39014671616834,6.233596,,,2.449455787044,5.249344,1.6105968,30.495571842,71.959976056,25,5,7.696,3.105623787044,6.889764,5.7265664,30.495571842,-1.342164,0.894776,0,151, -6.2, 9.2,,,0,0,1178,1024,1024,1024,23,0,0,0,171.5,0,7,79,3.855,3.849,0,0,0,0,4.847,98.6,2.449455787044,6.233596,6,P-GPS,
91200,2026-05-22 09:17:06,51.9887688581228,4.39014725692393,6.233596,,,2.449455787044,5.249344,1.7000744,30.7063986204,72.227036432,25,5,7.696,3.105623787044,6.889764,5.7265664,30.7063986204,-1.565858,0.671082,0,151.1, -6.5, 4.2,,,0,0,1484,1024,1024,1024,70,0,0,0,171.2,0,3.7,79,3.855,3.849,0,0,0,0,4.847,98.6,2.449455787044,6.233596,6,P-GPS,
91300,2026-05-22 09:17:06,51.9887682485035,4.390147759701,6.233596,,,2.449455787044,5.249344,1.4987498,30.9037411464,72.476708356,25,5,7.696,3.105623787044,6.889764,5.7265664,30.9037411464,-1.342164,0.671082,0,151.2, -7.1, 3.1,,,0,0,1484,1024,1024,1024,70,0,0,0,171.3,0,4.1,79,3.855,3.849,0,0,0,0,4.847,98.6,2.449455787044,6.233596,6,P-GPS,
91400,2026-05-22 09:17:07,51.9887675851909,4.39014818521337,6.233596,,,2.449455787044,5.249344,1.4987498,31.0946860344,72.736878968,27,5,7.696,3.105623787044,6.889764,5.7265664,31.0946860344,-1.342164,0.671082,0,151.1, -10.3, 3.7,,,0,0,1370,1003,1024,1024,52,-3,0,0,171.6,0,4.5,79,3.855,3.849,0,0,0,0,4.847,98.6,2.449455787044,6.233596,6,P-GPS,
91500,2026-05-22 09:17:07,51.9887669690822,4.39014877382466,6.233596,,,2.449455787044,5.249344,1.8119214,31.3119760676,72.997705748,27,5,7.696,3.105623787044,6.889764,5.7265664,31.3119760676,-1.565858,0.894776,0,151.1, -11, 4.4,,,0,0,1024,1024,1024,1024,0,0,0,0,171.7,0,5.2,79,3.855,3.849,0,0,0,0,4.847,98.6,2.449455787044,6.233596,6,P-GPS,
91600,2026-05-22 09:17:07,51.9887662370757,4.39014928421135,6.233596,,,2.449455787044,5.249344,1.8119214,31.5329406416,73.288060088,28,5,7.696,3.105623787044,6.889764,5.7265664,31.5329406416,-1.565858,0.894776,0,151.4, -7.1, 4.5,,,0,0,1024,1024,1024,1024,0,0,0,0,171.6,0,5.1,79,3.855,3.849,0,0,0,0,4.847,98.6,2.449455787044,6.233596,6,P-GPS,
91700,2026-05-22 09:17:07,51.9887655101792,4.39014973692078,6.233596,,,2.449455787044,5.249344,1.8119214,31.7426519344,73.572180832,28,5,7.696,3.105623787044,6.889764,5.7265664,31.7426519344,-1.565858,0.894776,0,151.4, -5.8, 4.5,,,0,0,1024,1024,1024,1024,0,0,0,0,171.5,0,4.8,79,3.855,3.849,0,0,0,0,4.847,98.6,2.449455787044,6.233596,6,P-GPS,
91800,2026-05-22 09:17:07,51.988764849758,4.39015035132407,6.233596,,,2.449455787044,5.249344,1.7000744,31.9748041728,73.85006798,28,5,7.696,3.105623787044,6.889764,5.7265664,31.9748041728,-1.565858,0.671082,0,151.4, -4.6, 4,,,0,0,1024,1024,1024,1024,0,0,0,0,171.3,0,4.3,79,3.855,3.849,0,0,0,0,4.847,98.6,2.449455787044,6.233596,6,P-GPS,
91900,2026-05-22 09:17:07,51.9887642316618,4.39015092674722,6.233596,,,2.449455787044,5.249344,1.4987498,32.1928159908,74.109910508,28,5,7.704,3.105623787044,6.889764,5.7265664,32.1928159908,-1.342164,0.671082,0,151.5, -2.2, 3.7,,,0,0,1024,1024,1024,1024,0,0,0,0,171.2,0,4.8,79,3.854,3.849,0,0,0,0,4.8,98.6,2.449455787044,6.233596,6,P-GPS,
92000,2026-05-22 09:17:07,51.9887636287761,4.39015130171895,6.233596,,,2.449455787044,5.249344,1.2974252,32.368931482,74.34547482,27,5,7.704,3.105623787044,6.889764,5.7265664,32.368931482,-1.11847,0.671082,0,151.6, 0.2, 4.5,,,0,0,1024,1024,1024,1024,0,0,0,0,171.2,0,5.2,79,3.854,3.849,0,0,0,0,4.8,98.6,2.449455787044,6.233596,6,P-GPS,
92100,2026-05-22 09:17:07,51.988763212093,4.39015171784102,6.233596,,,2.449455787044,5.249344,1.006623,32.522310752,74.523952516,27,5,7.704,3.105623787044,6.889764,5.7265664,32.522310752,-0.894776,0.447388,0,151.6, 0.8, 4.1,,,0,0,1024,1024,1024,1024,0,0,0,0,171.2,0,4.9,79,3.854,3.849,0,0,0,0,4.8,98.6,2.449455787044,6.233596,6,P-GPS,
92200,2026-05-22 09:17:07,51.9887627505276,4.39015177401583,6.233596,,,2.449455787044,5.249344,0.8052984,32.612205768,74.692915776,28,5,7.704,3.105623787044,6.889764,5.7265664,32.612205768,-0.671082,0.447388,0,151.5, -0.3, 4.6,,,0,0,1024,1024,1024,1024,0,0,0,0,171.2,0,5.5,79,3.854,3.849,0,0,0,0,4.8,98.6,2.449455787044,6.233596,6,P-GPS,
92300,2026-05-22 09:17:08,51.9887624619159,4.39015189574183,6.233596,,,2.449455787044,5.249344,0.4921268,32.685860626,74.80151158,27,5,7.704,3.105623787044,6.889764,5.7265664,32.685860626,-0.447388,0.223694,0,151.6, -1, 4.9,,,0,0,1024,1024,878,1684,0,0,-22,100,173.6,-0.1,5.6,79,3.854,3.849,0,0,0,0,4.8,98.6,2.449455787044,6.233596,6,P-GPS,
92400,2026-05-22 09:17:08,51.9887623248663,4.39015209929553,6.233596,,,2.449455787044,5.249344,0.3131716,32.7497713892,74.869424968,27,5,7.704,3.105623787044,6.889764,5.7265664,32.7497713892,-0.223694,0.223694,0,156, -1.6, 5.2,,,0,0,1024,1024,873,1684,0,0,-23,100,179.3,-0.2,6.6,79,3.854,3.849,0,0,0,0,4.8,98.6,2.449455787044,6.233596,6,P-GPS,
92500,2026-05-22 09:17:08,51.988762262062,4.39015223537824,6.233596,,,2.449455787044,5.249344,0,32.7875338576,74.907482712,27,5,7.704,3.105623787044,6.889764,5.7265664,32.7875338576,0,0,0,161.7, -2.3, 6,,,0,0,1024,1024,872,1684,0,0,-23,100,185.1,-0.2,6.8,79,3.854,3.849,0,0,0,0,4.8,98.6,2.449455787044,6.233596,6,P-GPS,
92600,2026-05-22 09:17:08,51.9887622758934,4.39015228673966,6.233596,,,2.449455787044,5.249344,0,32.7953422568,74.920277988,24,5,7.704,3.105623787044,6.889764,5.7265664,32.7953422568,0,0,0,167.2, -3.5, 5.4,,,0,0,1024,1024,871,1684,0,0,-23,100,190.6,-0.1,5.8,79,3.854,3.849,0,0,0,0,4.8,98.6,2.449455787044,6.233596,6,P-GPS,
92700,2026-05-22 09:17:08,51.9887623096471,4.39015229309723,6.233596,,,2.449455787044,5.249344,0,32.7907818892,74.932417096,24,5,7.704,3.105623787044,6.889764,5.7265664,32.7953422568,0,0,0,172.6, -4.6, 4.8,,,0,0,1024,1024,871,1684,0,0,-23,100,196.2,-0.1,5.5,79,3.854,3.849,0,0,0,0,4.8,98.6,2.449455787044,6.233596,6,P-GPS,
92800,2026-05-22 09:17:08,51.9887623067386,4.39015218144319,6.233596,,,2.449455787044,5.249344,0,32.7691611536,74.957679564,24,5,7.704,3.105623787044,6.889764,5.7265664,32.7953422568,0,0,0,178.2, -4.5, 4.5,,,0,0,1024,1024,871,1684,0,0,-23,100,201.7,-0.1,4.6,79,3.854,3.849,0,0,0,0,4.8,98.6,2.449455787044,6.233596,6,P-GPS,
92900,2026-05-22 09:17:08,51.9887623466049,4.3901521801216,6.233596,,,2.449455787044,5.249344,0.223694,32.7620417308,74.97211526,25,5,7.696,3.105623787044,6.889764,5.7265664,32.7953422568,0.223694,0,0,183.8, -4.2, 2.9,,,0,0,1024,1024,877,1684,0,0,-22,100,207,0,1.9,78,3.853,3.85,0,0,0,0,4.705,98.6,2.449455787044,6.233596,6,P-GPS,
93000,2026-05-22 09:17:08,51.9887625008784,4.39015205763046,6.233596,,,2.449455787044,5.249344,0.223694,32.7112543276,75.034779304,25,5,7.696,3.105623787044,6.889764,5.7265664,32.7953422568,0.223694,0,0,189.3, -5.8, 0,,,0,0,1024,1024,955,1684,0,0,-10,100,212.2,0,-0.9,78,3.853,3.85,0,0,0,0,4.705,98.6,2.449455787044,6.233596,6,P-GPS,
93100,2026-05-22 09:17:08,51.9887626751556,4.39015196114,6.233596,,,2.449455787044,5.249344,0.223694,32.6622057696,75.102036524,25,5,7.696,3.105623787044,6.889764,5.7265664,32.7953422568,0.223694,0,0,194.9, -6.9, -2.4,,,0,0,1024,1024,955,1684,0,0,-10,100,217.8,0,-1.4,78,3.853,3.85,0,0,0,0,4.705,98.6,2.449455787044,6.233596,6,P-GPS,
93200,2026-05-22 09:17:08,51.9887628219245,4.39015190186291,6.233596,,,2.449455787044,5.249344,0.223694,32.6253619364,75.157154636,26,5,7.696,3.105623787044,6.889764,5.7265664,32.7953422568,0.223694,0,0,200.6, -7.7, -2.2,,,0,0,1024,1024,1024,1106,0,0,0,12,222.7,0,-1.5,78,3.853,3.85,0,0,0,0,4.705,98.6,2.449455787044,6.233596,6,P-GPS,
93300,2026-05-22 09:17:09,51.9887629664488,4.39015188964858,5.905512,,,2.121371787044,5.249344,0.223694,32.598262198,75.20997616,26,5,7.696,3.105623787044,6.889764,5.7265664,32.7953422568,0.223694,0,0,203.3, -8.3, -1.9,,,0,0,1024,1024,1024,1024,0,0,0,0,222.7,0,-1,78,3.853,3.85,0,0,0,0,4.705,98.6,2.121371787044,5.905512,6,P-GPS,
93400,2026-05-22 09:17:09,51.9887630366377,4.39015196905567,5.905512,,,2.121371787044,5.249344,0.223694,32.6021007808,75.24114414,26,5,7.696,3.105623787044,6.889764,5.7265664,32.7953422568,0.223694,0,0,203, -8.3, -2,,,0,0,1024,1024,1024,1024,0,0,0,0,222.4,0,-1.6,78,3.853,3.85,0,0,0,0,4.705,98.6,2.121371787044,5.905512,6,P-GPS,
93500,2026-05-22 09:17:09,51.9887631170256,4.39015196292068,5.905512,,,2.121371787044,4.92126,0,32.5872057672,75.2706717,26,5,7.696,3.105623787044,6.889764,5.7265664,32.7953422568,0,0,0,202.9, -8.3, -2.4,,,0,0,1024,1024,1024,1024,0,0,0,0,222.3,0,-2,78,3.853,3.85,0,0,0,0,4.705,98.6,2.121371787044,5.905512,6,P-GPS,
93600,2026-05-22 09:17:09,51.9887629773802,4.39015196642638,5.905512,,,2.121371787044,5.249344,0,32.6116480252,75.32152472,25,5,7.696,3.105623787044,6.889764,5.7265664,32.7953422568,0,0,0,202.9, -8, -3,,,0,0,1024,1024,1024,1028,0,0,0,1,222.3,0,-2.4,78,3.853,3.85,0,0,0,0,4.705,98.6,2.121371787044,5.905512,6,P-GPS,
93700,2026-05-22 09:17:09,51.9887628226869,4.39015197069723,5.905512,,,2.121371787044,5.249344,0,32.6388789972,75.377955168,25,5,7.696,3.105623787044,6.889764,5.7265664,32.7953422568,0,0,0,203, -7.3, -2.8,,,0,0,1024,1024,881,1684,0,0,-22,100,222.9,0,-1.4,78,3.853,3.85,0,0,0,0,4.705,98.6,2.121371787044,5.905512,6,P-GPS,
93800,2026-05-22 09:17:09,51.9887627993634,4.390151969946,5.905512,,,2.121371787044,5.249344,0,32.64271758,75.386485352,25,5,7.696,3.105623787044,6.889764,5.7265664,32.7953422568,0,0,0,205.1, -6.7, -2.4,,,0,0,1024,1024,881,1684,0,0,-22,100,227.8,0,-2.3,78,3.853,3.85,0,0,0,0,4.705,98.6,2.121371787044,5.905512,6,P-GPS,
93900,2026-05-22 09:17:09,51.9887627660123,4.39015195903935,5.905512,,,2.121371787044,5.249344,0,32.6462608872,75.398952544,25,5,7.692,3.105623787044,6.889764,5.7265664,32.7953422568,0,0,0,210.5, -6.1, -3.1,,,0,0,1024,1024,881,1684,0,0,-22,100,233.5,0,-2.7,78,3.847,3.842,0,0,0,0,4.826,98.78,2.121371787044,5.905512,6,P-GPS,
94000,2026-05-22 09:17:09,51.9887624309079,4.39015196809577,5.905512,,,2.121371787044,5.249344,0,32.705545666,75.521327876,25,5,7.692,3.105623787044,6.889764,5.7265664,32.7953422568,0,0,0,216.3, -5.7, -3.7,,,0,0,1024,1024,881,1684,0,0,-22,100,239,0.1,-3.3,78,3.847,3.842,0,0,0,0,4.826,98.78,2.121371787044,5.905512,6,P-GPS,
94100,2026-05-22 09:17:09,51.9887624224223,4.3901519323431,5.905512,,,2.121371787044,4.92126,0,32.6999026212,75.52985806,25,5,7.692,3.105623787044,6.889764,5.7265664,32.7953422568,0,0,0,221.8, -5.3, -4.5,,,0,0,1024,1024,881,1684,0,0,-22,100,244.5,0.1,-4.3,78,3.847,3.842,0,0,0,0,4.826,98.78,2.121371787044,5.905512,6,P-GPS,
94200,2026-05-22 09:17:09,51.9887621866515,4.39015190726059,5.905512,,,2.121371787044,4.92126,0,32.7355981604,75.616144152,25,5,7.692,3.105623787044,6.889764,5.7265664,32.7953422568,0,0,0,227.3, -5.2, -5.2,,,0,0,1024,1024,881,1684,0,0,-22,100,250,0.1,-4.8,78,3.847,3.842,0,0,0,0,4.826,98.78,2.121371787044,5.905512,6,P-GPS,
94300,2026-05-22 09:17:10,51.9887621990822,4.39015185091884,5.905512,,,2.121371787044,4.92126,0,32.7223107584,75.629595596,25,5,7.692,3.105623787044,6.889764,5.7265664,32.7953422568,0,0,0,232.9, -5, -5.8,,,0,0,1024,1024,881,1684,0,0,-22,100,255.5,0.1,-5.5,78,3.847,3.842,0,0,0,0,4.826,98.78,2.121371787044,5.905512,6,P-GPS,
94400,2026-05-22 09:17:10,51.9887621302211,4.39015175459532,5.905512,,,2.121371787044,4.92126,0,32.7151913356,75.66273208,25,5,7.692,3.105623787044,6.889764,5.7265664,32.7953422568,0,0,0,238.3, -4.3, -6.2,,,0,0,1024,1024,1024,1024,0,0,0,0,260.9,0.1,-5.5,78,3.847,3.842,0,0,0,0,4.826,98.78,2.121371787044,5.905512,6,P-GPS,
94500,2026-05-22 09:17:10,51.9887622191074,4.3901515851249,5.905512,,,2.121371787044,4.92126,0,32.6662740112,75.712600848,28,5,7.692,3.105623787044,6.889764,5.7265664,32.7953422568,0,0,0,242.3, -3.2, -6,,,0,0,1024,1024,1024,1024,0,0,0,0,261.8,0,-5.5,78,3.847,3.842,0,0,0,0,4.826,98.78,2.121371787044,5.905512,6,P-GPS,
94600,2026-05-22 09:17:10,51.9887622424566,4.39015148813363,5.905512,,,2.121371787044,4.92126,0,32.643045664,75.735894812,28,5,7.692,3.105623787044,6.889764,5.7265664,32.7953422568,0,0,0,242, -1.9, -6.7,,,0,0,1024,1024,1024,1024,0,0,0,0,261.4,0,-7,78,3.847,3.842,0,0,0,0,4.826,98.78,2.121371787044,5.905512,6,P-GPS,
94700,2026-05-22 09:17:10,51.9887622766815,4.39015140996467,5.905512,,,2.121371787044,4.92126,0,32.6216545872,75.757548356,28,5,7.692,3.105623787044,6.889764,5.7265664,32.7953422568,0,0,0,241.8, -0.7, -7.8,,,0,0,1024,1024,1024,1024,0,0,0,0,261.4,0,-7.2,78,3.847,3.842,0,0,0,0,4.826,98.78,2.121371787044,5.905512,6,P-GPS,
94800,2026-05-22 09:17:10,51.9887622948863,4.39015135458281,5.905512,,,2.121371787044,4.92126,0,32.6075469752,75.771655968,28,5,7.692,3.105623787044,6.889764,5.7265664,32.7953422568,0,0,0,241.8, -1.4, -8.1,,,0,0,1024,1024,1024,1024,0,0,0,0,261.3,0,-7.9,78,3.847,3.842,0,0,0,0,4.826,98.78,2.121371787044,5.905512,6,P-GPS,
94900,2026-05-22 09:17:10,51.988762354495,4.39015138906953,5.905512,,,2.121371787044,4.92126,0,32.6040692848,75.794621848,28,5,7.692,3.105623787044,6.889764,5.7265664,32.7953422568,0,0,0,241.9, -2.7, -8.8,,,0,0,1024,1024,1024,1024,0,0,0,0,261.2,0,-8.5,78,3.847,3.843,0,0,0,0,4.876,98.96,2.121371787044,5.905512,6,P-GPS,
95000,2026-05-22 09:17:10,51.9887623392587,4.39015152452622,5.905512,,,2.121371787044,4.92126,0,32.6334984196,75.825789828,27,5,7.692,3.105623787044,6.889764,5.7265664,32.7953422568,0,0,0,242, -3.7, -9.1,,,0,0,1024,1024,1024,1024,0,0,0,0,261.2,0,-8.5,78,3.847,3.843,0,0,0,0,4.876,98.96,2.121371787044,5.905512,6,P-GPS,
95100,2026-05-22 09:17:10,51.9887623823033,4.39015164285781,5.905512,,,2.121371787044,4.92126,0,32.6494761104,75.856629724,27,5,7.692,3.105623787044,6.889764,5.7265664,32.7953422568,0,0,0,242.1, -4.4, -9.2,,,0,0,1024,1024,1024,1024,0,0,0,0,261.1,0,-8.7,78,3.847,3.843,0,0,0,0,4.876,98.96,2.121371787044,5.905512,6,P-GPS,
95200,2026-05-22 09:17:10,51.9887621951713,4.39015158061756,5.905512,,,2.121371787044,4.92126,0,32.6695220428,75.926183532,27,5,7.692,3.105623787044,6.889764,5.7265664,32.7953422568,0,0,0,242, -4.6, -9.5,,,0,0,1024,1024,1024,1024,0,0,0,0,261.1,0,-8.6,78,3.847,3.843,0,0,0,0,4.876,98.96,2.121371787044,5.905512,6,P-GPS,
95300,2026-05-22 09:17:10,51.988762196949,4.39015168701304,5.905512,,,2.121371787044,4.92126,0,32.6902569516,75.950133664,27,5,7.692,3.105623787044,6.889764,5.7265664,32.7953422568,0,0,0,242, -4.6, -8.9,,,0,0,1024,1024,1024,1024,0,0,0,0,261.2,0,-7.8,78,3.847,3.843,0,0,0,0,4.876,98.96,2.121371787044,5.905512,6,P-GPS,
95400,2026-05-22 09:17:11,51.9887619996566,4.39015146403883,5.905512,,,2.121371787044,4.92126,0,32.6804144316,76.038060176,26,5,7.692,3.105623787044,6.889764,5.7265664,32.7953422568,0,0,0,242.1, -4.8, -8.4,,,0,0,1024,1024,1024,1024,0,0,0,0,261.2,0,-7.9,78,3.847,3.843,0,0,0,0,4.876,98.96,2.121371787044,5.905512,6,P-GPS,
95500,2026-05-22 09:17:11,51.9887616742842,4.39015133264431,5.905512,,,2.121371787044,4.92126,0,32.711287136,76.160107424,26,5,7.692,3.105623787044,6.889764,5.7265664,32.7953422568,0,0,0,242.1, -4.5, -8.6,,,0,0,1024,1024,1024,1024,0,0,0,0,261.2,0,-8,78,3.847,3.843,0,0,0,0,4.876,98.96,2.121371787044,5.905512,6,P-GPS,
95600,2026-05-22 09:17:11,51.9887616448525,4.39015139659567,5.905512,,,2.121371787044,4.92126,0,32.7290364804,76.178152044,26,5,7.692,3.105623787044,6.889764,5.7265664,32.7953422568,0,0,0,242.1, -4.1, -8.4,,,0,0,1024,1024,1024,1409,0,0,0,58,261.3,0,-7.6,78,3.847,3.843,0,0,0,0,4.876,98.96,2.121371787044,5.905512,6,P-GPS,
95700,2026-05-22 09:17:11,51.9887615965092,4.39015143383687,5.905512,,,2.121371787044,4.92126,0,32.7448501292,76.197837084,26,5,7.692,3.105623787044,6.889764,5.7265664,32.7953422568,0,0,0,242.3, -3.7, -8.3,,,0,0,1024,1024,1024,1684,0,0,0,100,263.6,0.1,-8,78,3.847,3.843,0,0,0,0,4.876,98.96,2.121371787044,5.905512,6,P-GPS,
95800,2026-05-22 09:17:11,51.9887612693249,4.3901513660181,5.905512,,,2.121371787044,4.92126,0,32.7890102356,76.317915828,26,5,7.692,3.105623787044,6.889764,5.7265664,32.7953422568,0,0,0,246.3, -2.5, -8.8,,,0,0,1024,1024,1024,1678,0,0,0,99,269,0.2,-7.8,78,3.847,3.843,0,0,0,0,4.876,98.96,2.121371787044,5.905512,6,P-GPS,
95900,2026-05-22 09:17:11,51.9887609952556,4.3901512903254,5.905512,,,2.121371787044,4.92126,0,32.822507612,76.419621868,28,5,7.689,3.105623787044,6.889764,5.7265664,32.822507612,0,0,0,251.8, -1.9, -8.4,,,0,0,1024,1024,1024,1024,0,0,0,0,274.7,0.2,-7.5,78,3.844,3.84,0,0,0,0,4.887,98.96,2.121371787044,5.905512,6,P-GPS,
96000,2026-05-22 09:17:11,51.9887609247539,4.39015127539831,5.905512,,,2.121371787044,4.92126,0,32.832022048,76.445540504,28,5,7.689,3.105623787044,6.889764,5.7265664,32.832022048,0,0,0,256.1, -1.1, -7.9,,,0,0,1024,1024,1024,1024,0,0,0,0,275.7,0,-6.9,78,3.844,3.84,0,0,0,0,4.887,98.96,2.121371787044,5.905512,6,P-GPS,
96100,2026-05-22 09:17:11,51.9887608643313,4.39015126638363,5.905512,,,2.121371787044,4.92126,0,32.8412084,76.467522132,28,5,7.689,3.105623787044,6.889764,5.7265664,32.8412084,0,0,0,255.9, -0.9, -7.5,,,0,0,1024,1024,1024,1024,0,0,0,0,275.3,0,-7.4,78,3.844,3.84,0,0,0,0,4.887,98.96,2.121371787044,5.905512,6,P-GPS,
96200,2026-05-22 09:17:11,51.9887608710863,4.39015087928104,5.905512,,,2.121371787044,4.92126,0,32.7639774264,76.554464392,28,5,7.689,3.105623787044,6.889764,5.7265664,32.8412084,0,0,0,255.6, -1.1, -8.5,,,0,0,1024,1024,1024,1024,0,0,0,0,275.1,0,-8.6,78,3.844,3.84,0,0,0,0,4.887,98.96,2.121371787044,5.905512,6,P-GPS,
96300,2026-05-22 09:17:11,51.9887608621938,4.390150880074,5.905512,,,2.121371787044,4.92126,0,32.7657162716,76.557745232,28,5,7.689,3.105623787044,6.889764,5.7265664,32.8412084,0,0,0,255.6, -1.4, -9.6,,,0,0,1024,1024,1024,1024,0,0,0,0,275.2,0,-9.2,78,3.844,3.84,0,0,0,0,4.887,98.96,2.121371787044,5.905512,6,P-GPS,
96400,2026-05-22 09:17:12,51.9887605737792,4.39015060063283,5.905512,,,2.121371787044,4.92126,0,32.7625338568,76.680448648,27,5,7.689,3.105623787044,6.889764,5.7265664,32.8412084,0,0,0,255.7, -1.8, -9.8,,,0,0,1024,1024,1024,1024,0,0,0,0,275.1,0,-9.2,78,3.844,3.84,0,0,0,0,4.887,98.96,2.121371787044,5.905512,6,P-GPS,
96500,2026-05-22 09:17:12,51.9887605599864,4.39015058366075,5.905512,,,2.121371787044,4.92126,0,32.7616808384,76.686682244,27,5,7.689,3.105623787044,6.889764,5.7265664,32.8412084,0,0,0,255.6, -0.9, -9.9,,,0,0,1024,1024,1024,1024,0,0,0,0,275.2,0,-9,78,3.844,3.84,0,0,0,0,4.887,98.96,2.121371787044,5.905512,6,P-GPS,
96600,2026-05-22 09:17:12,51.9887600574496,4.39015036718323,5.905512,,,2.121371787044,4.92126,0,32.81004042,76.876314796,28,5,7.689,3.105623787044,6.889764,5.7265664,32.8412084,0,0,0,255.7, -1, -9.5,,,0,0,1024,1024,1024,1024,0,0,0,0,275.3,0,-8.9,78,3.844,3.84,0,0,0,0,4.887,98.96,2.121371787044,5.905512,6,P-GPS,
96700,2026-05-22 09:17:12,51.9887600308836,4.3901503507537,5.905512,,,2.121371787044,4.92126,0,32.81168084,76.886813484,28,5,7.689,3.105623787044,6.889764,5.7265664,32.8412084,0,0,0,255.7, -1.2, -9.6,,,0,0,1024,1024,1024,1024,0,0,0,0,275.2,0,-9.2,78,3.844,3.84,0,0,0,0,4.887,98.96,2.121371787044,5.905512,6,P-GPS,
96800,2026-05-22 09:17:12,51.9887597327154,4.39014992813494,5.905512,,,2.121371787044,4.92126,0,32.7834984244,77.031170444,28,5,7.689,3.105623787044,6.889764,5.7265664,32.8412084,0,0,0,255.6, -0.4, -10.2,,,0,0,1024,1024,1024,1024,0,0,0,0,275.2,0,-9.8,78,3.844,3.84,0,0,0,0,4.887,98.96,2.121371787044,5.905512,6,P-GPS,
96900,2026-05-22 09:17:12,51.988759356404,4.39014944895184,5.905512,,,2.121371787044,4.92126,0,32.7594498672,77.205711132,27,5,7.689,3.105623787044,6.889764,5.7265664,32.8412084,0,0,0,255.5, -0.1, -10.3,,,0,0,1024,1024,1024,1024,0,0,0,0,275.1,0,-9,78,3.848,3.843,0,0,0,0,4.898,99.14,2.121371787044,5.905512,6,P-GPS,
97000,2026-05-22 09:17:12,51.9887593072554,4.39014949438694,5.905512,,,2.121371787044,4.92126,0,32.7773304452,77.226380424,27,5,7.689,3.105623787044,6.889764,5.7265664,32.8412084,0,0,0,255.6, -0.9, -9.2,,,0,0,1024,1024,1024,1024,0,0,0,0,275.3,0,-8.1,78,3.848,3.843,0,0,0,0,4.898,99.14,2.121371787044,5.905512,6,P-GPS,
97100,2026-05-22 09:17:12,51.9887592510692,4.39014959199032,5.905512,,,2.121371787044,5.249344,0,32.806595538,77.256236068,27,5,7.689,3.105623787044,6.889764,5.7265664,32.8412084,0,0,0,255.9, -2.6, -8.5,,,0,0,1024,1024,1024,1024,0,0,0,0,275.2,0,-7.6,78,3.848,3.843,0,0,0,0,4.898,99.14,2.121371787044,5.905512,6,P-GPS,
97200,2026-05-22 09:17:12,51.9887588626098,4.39014930985032,5.905512,,,2.121371787044,4.92126,0,32.823819948,77.4114198,27,5,7.689,3.105623787044,6.889764,5.7265664,32.8412084,0,0,0,255.8, -2.9, -8.2,,,0,0,1024,1024,1024,1024,0,0,0,0,275.1,0,-7.5,78,3.848,3.843,0,0,0,0,4.898,99.14,2.121371787044,5.905512,6,P-GPS,
97300,2026-05-22 09:17:12,51.9887585304181,4.39014889296311,5.905512,,,2.121371787044,5.249344,0,32.8054144356,77.564635028,27,5,7.689,3.105623787044,6.889764,5.7265664,32.8412084,0,0,0,255.7, -2.4, -8.1,,,0,0,1024,1024,364,1024,0,0,-100,0,275.2,0,-7.6,78,3.848,3.843,0,0,0,0,4.898,99.14,2.121371787044,5.905512,6,P-GPS,
97400,2026-05-22 09:17:13,51.9887584994957,4.39014894407412,5.905512,,,2.121371787044,5.249344,0,32.821195276,77.580711144,27,5,7.689,3.105623787044,6.889764,5.7265664,32.8412084,0,0,0,255.8, -2.8, -8.6,,,0,0,1024,1024,364,1024,0,0,-100,0,275.2,0,-8.2,78,3.848,3.843,0,0,0,0,4.898,99.14,2.121371787044,5.905512,6,P-GPS,
97500,2026-05-22 09:17:13,51.9887584919097,4.39014897725315,5.905512,,,2.121371787044,4.92126,0,32.828741208,77.58858516,27,5,7.689,3.105623787044,6.889764,5.7265664,32.8412084,0,0,0.447388,255.9, -2.6, -9,,,0,0,1024,1024,472,1024,0,0,-84,0,275.2,0,-8.6,78,3.848,3.843,0,0,0,0,4.898,99.14,2.121371787044,5.905512,6,P-GPS,
97600,2026-05-22 09:17:13,51.9887582906765,4.39014857202382,5.905512,,,2.121371787044,4.92126,0,32.7886493432,77.705711148,27,5,7.689,3.105623787044,6.889764,5.7265664,32.8412084,0,0,0.671082,256, -2.6, -9.5,,,0,0,1024,1024,622,1024,0,0,-61,0,275.1,0,-9.5,78,3.848,3.843,0,0,0,0,4.898,99.14,2.121371787044,5.905512,6,P-GPS,
97700,2026-05-22 09:17:13,51.9887583275529,4.39014854837419,5.577428,,,1.793287787044,4.593176,0,32.7771664032,77.720146844,27,5,7.689,3.105623787044,6.889764,5.7265664,32.8412084,0,0,0.894776,255.7, -2.1, -10.6,,,0,0,1024,1024,1024,1024,0,0,0,0,275.1,0,-10.6,78,3.848,3.843,0,0,0,0,4.898,99.14,1.793287787044,5.577428,6,P-GPS,
97800,2026-05-22 09:17:13,51.9887581922723,4.39014832391145,5.577428,,,1.793287787044,4.593176,0,32.759515484,77.790684904,27,5,7.689,3.105623787044,6.889764,5.7265664,32.8412084,0,0,0.671082,255.7, -1.1, -11.6,,,0,0,1024,1024,1024,1024,0,0,0,0,275.3,0,-11.3,78,3.848,3.843,0,0,0,0,4.898,99.14,1.793287787044,5.577428,6,P-GPS,
97900,2026-05-22 09:17:13,51.9887582219782,4.39014826462045,5.577428,,,1.793287787044,4.593176,0,32.7425207328,77.807745272,27,5,7.688,3.105623787044,6.889764,5.7265664,32.8412084,0,0,0.447388,256, -1.4, -11.9,,,0,0,1024,1024,462,1024,0,0,-85,0,275.3,0,-11.1,78,3.842,3.822,0,0,0,0,4.895,99.14,1.793287787044,5.577428,6,P-GPS,
98000,2026-05-22 09:17:13,51.9887578616141,4.39014863059141,5.577428,,,1.793287787044,4.593176,0,32.880906564,77.962929004,27,5,7.688,3.105623787044,6.889764,5.7265664,32.880906564,0,0,0.223694,255.7, -0.1, -11.8,,,0,0,1024,1024,364,1024,0,0,-100,0,275.3,0,-11.2,78,3.842,3.822,0,0,0,0,4.895,99.14,1.793287787044,5.577428,6,P-GPS,
98100,2026-05-22 09:17:13,51.9887576008749,4.39014909477787,5.249344,,,1.465203787044,4.593176,0,33.019686096,78.104005124,27,5,7.688,3.105623787044,6.889764,5.7265664,33.019686096,0,0,0.223694,255.5, 0.2, -11.9,,,0,0,1024,1024,364,1024,0,0,-100,0,275.1,0,-11.3,78,3.842,3.822,0,0,0,0,4.895,99.14,1.465203787044,5.249344,6,P-GPS,
98200,2026-05-22 09:17:13,51.9887576011491,4.3901490409402,5.249344,,,1.465203787044,4.265092,0,33.009187408,78.116144232,27,5,7.688,3.105623787044,6.889764,5.7265664,33.019686096,0,0,0.447388,255.4, 0.4, -11.8,,,0,0,1024,1024,364,1024,0,0,-100,0,275.2,0,-10.9,78,3.842,3.822,0,0,0,0,4.895,99.14,1.465203787044,5.249344,6,P-GPS,
98300,2026-05-22 09:17:13,51.9887575979579,4.39014902108842,5.249344,,,1.465203787044,4.265092,0,33.005906568,78.120737408,27,5,7.688,3.105623787044,6.889764,5.7265664,33.019686096,0,0,0.447388,255.5, -0.1, -11.4,,,0,0,1024,1024,364,1024,0,0,-100,0,275.2,0,-10.7,78,3.842,3.822,0,0,0,0,4.895,99.14,1.465203787044,5.249344,6,P-GPS,
98400,2026-05-22 09:17:14,51.9887575888898,4.39014916738221,5.249344,,,1.465203787044,4.265092,0,33.035762212,78.153873892,28,5,7.688,3.105623787044,6.889764,5.7265664,33.035762212,0,0,0.447388,255.7, -0.9, -11.3,,,0,0,1024,1024,511,1024,0,0,-78,0,275.2,0,-10.7,78,3.842,3.822,0,0,0,0,4.895,99.14,1.465203787044,5.249344,6,P-GPS,
98500,2026-05-22 09:17:14,51.9887575696056,4.39014916978891,4.92126,,,1.137119787044,4.265092,0,33.040027304,78.16109174,28,5,7.688,3.105623787044,6.889764,5.7265664,33.040027304,0,0,0.447388,255.7, -0.6, -11.3,,,0,0,1024,1024,1024,1024,0,0,0,0,275.3,0,-10.4,78,3.842,3.822,0,0,0,0,4.895,99.14,1.137119787044,4.92126,6,P-GPS,
98600,2026-05-22 09:17:14,51.9887574381288,4.39014951135902,4.92126,,,1.137119787044,4.265092,0,33.130250404,78.25131484,29,5,7.688,3.105623787044,6.889764,5.7265664,33.130250404,0,0,0.447388,255.6, 0, -10.6,,,0,0,1024,1024,1024,1024,0,0,0,0,275.3,0,-9.9,78,3.842,3.822,0,0,0,0,4.895,99.14,1.137119787044,4.92126,6,P-GPS,
98700,2026-05-22 09:17:14,51.9887573374115,4.39014971318768,4.92126,,,1.137119787044,3.937008,0,33.188321272,78.309713792,29,5,7.688,3.105623787044,6.889764,5.7265664,33.188321272,0,0,0.223694,255.7, -0.3, -10.6,,,0,0,1024,1024,555,1024,0,0,-71,0,275.3,0,-10.4,78,3.842,3.822,0,0,0,0,4.895,99.14,1.137119787044,4.92126,6,P-GPS,
98800,2026-05-22 09:17:14,51.9887573022528,4.39014974017608,4.92126,,,1.137119787044,3.937008,0,33.200132296,78.323821404,29,5,7.688,3.105623787044,6.889764,5.7265664,33.200132296,0,0,0,255.7, -0.6, -11.2,,,0,0,1024,1024,364,1024,0,0,-100,0,275.2,0,-10.7,78,3.842,3.822,0,0,0,0,4.895,99.14,1.137119787044,4.92126,6,P-GPS,
98900,2026-05-22 09:17:14,51.9887572755668,4.39014977079538,4.92126,,,1.137119787044,3.937008,0,33.210959068,78.335960512,29,5,7.688,3.105623787044,6.889764,5.7265664,33.210959068,0,0,0.223694,255.7, -0.7, -11.4,,,0,0,1024,1024,364,1024,0,0,-100,0,275.2,0,-10.7,78,3.837,3.83,0,0,0,0,4.829,99.32,1.137119787044,4.92126,6,P-GPS,
99000,2026-05-22 09:17:14,51.9887572335416,4.39014986791187,4.92126,,,1.137119787044,3.937008,0,33.237533872,78.362535316,29,5,7.688,3.105623787044,6.889764,5.7265664,33.237533872,0,0,0.223694,255.7, -0.7, -11.4,,,0,0,1024,1024,364,1024,0,0,-100,0,275.2,0,-10.4,78,3.837,3.83,0,0,0,0,4.829,99.32,1.137119787044,4.92126,6,P-GPS,
99100,2026-05-22 09:17:14,51.9887572143817,4.39014988382667,4.92126,,,1.137119787044,3.937008,0,33.244423636,78.370409332,29,5,7.688,3.105623787044,6.889764,5.7265664,33.244423636,0,0,0.447388,255.7, -0.5, -11.1,,,0,0,1024,1024,1024,1024,0,0,0,0,275.2,0,-10.6,78,3.837,3.83,0,0,0,0,4.829,99.32,1.137119787044,4.92126,6,P-GPS,
99200,2026-05-22 09:17:14,51.9887572502643,4.39015003515643,4.593176,,,0.809035787044,3.937008,0,33.266405264,78.406826656,29,5,7.688,3.105623787044,6.889764,5.7265664,33.266405264,0,0,0.447388,255.6, -0.5, -11.4,,,0,0,1024,1024,1024,1024,0,0,0,0,275.1,0,-10.7,78,3.837,3.83,0,0,0,0,4.829,99.32,0.809035787044,4.593176,6,P-GPS,
99300,2026-05-22 09:17:15,51.9887572161336,4.39015005182246,4.593176,,,0.809035787044,3.937008,0,33.276247784,78.419950016,29,5,7.688,3.105623787044,6.889764,5.7265664,33.276247784,0,0,0.223694,255.6, -0.5, -11.1,,,0,0,1024,1024,1024,1024,0,0,0,0,275.1,0,-10,78,3.837,3.83,0,0,0,0,4.829,99.32,0.809035787044,4.593176,6,P-GPS,
99400,2026-05-22 09:17:15,51.9887573087251,4.39015023616432,4.593176,,,0.809035787044,3.608924,0,33.29396432,78.473427708,28,5,7.688,3.105623787044,6.889764,5.7265664,33.29396432,0,0,0,255.6, -0.5, -10.4,,,0,0,1024,1024,364,1024,0,0,-100,0,275.1,0,-9.7,78,3.837,3.83,0,0,0,0,4.829,99.32,0.809035787044,4.593176,6,P-GPS,
99500,2026-05-22 09:17:15,51.9887573395104,4.39015032148381,4.593176,,,0.809035787044,3.608924,0,33.304463008,78.495409336,29,5,7.688,3.105623787044,6.889764,5.7265664,33.304463008,0,0,0,255.6, -0.3, -10.6,,,0,0,1024,1024,364,1024,0,0,-100,0,275.1,0,-10.2,78,3.837,3.83,0,0,0,0,4.829,99.32,0.809035787044,4.593176,6,P-GPS,
99600,2026-05-22 09:17:15,51.9887573096204,4.39015033457457,4.593176,,,0.809035787044,3.608924,0,33.312665108,78.506892276,29,5,7.688,3.105623787044,6.889764,5.7265664,33.312665108,0,0,0.223694,255.6, -0.4, -10.9,,,0,0,1024,1024,364,1024,0,0,-100,0,275.1,0,-10.2,78,3.837,3.83,0,0,0,0,4.829,99.32,0.809035787044,4.593176,6,P-GPS,
99700,2026-05-22 09:17:15,51.9887572765048,4.39015035975447,4.593176,,,0.809035787044,3.608924,0,33.323819964,78.520015636,29,5,7.688,3.105623787044,6.889764,5.7265664,33.323819964,0,0,0.223694,255.7, -0.8, -10.6,,,0,0,1024,1024,1024,1024,0,0,0,0,275.1,0,-9.3,78,3.837,3.83,0,0,0,0,4.829,99.32,0.809035787044,4.593176,6,P-GPS,
99800,2026-05-22 09:17:15,51.9887574106332,4.39015017076616,4.593176,,,0.809035787044,3.608924,0,33.262140172,78.584976268,29,5,7.688,3.105623787044,6.889764,5.7265664,33.323819964,0,0,0.447388,255.7, -1, -9.6,,,0,0,1024,1024,1024,1024,0,0,0,0,275.1,0,-8.4,78,3.837,3.83,0,0,0,0,4.829,99.32,0.809035787044,4.593176,6,P-GPS,
99900,2026-05-22 09:17:15,51.9887573643974,4.39015020939851,4.265092,,,0.480951787044,3.608924,0,33.278216288,78.60400514,29,5,7.668,3.105623787044,6.889764,5.7265664,33.323819964,0,0,0.223694,255.8, -1.4, -8.6,,,0,0,1024,1024,1024,1024,0,0,0,0,275.2,0,-7.5,77,3.848,3.841,0,0,0,0,5.758,99.5,0.480951787044,4.265092,6,P-GPS,
100000,2026-05-22 09:17:15,51.9887572792034,4.39015035492716,4.265092,,,0.480951787044,3.608924,0,33.322507628,78.648952648,29,5,7.668,3.105623787044,6.889764,5.7265664,33.323819964,0,0,0,255.7, -0.7, -8.3,,,0,0,1024,1024,1024,1024,0,0,0,0,275.2,0,-8.1,77,3.848,3.841,0,0,0,0,5.758,99.5,0.480951787044,4.265092,6,P-GPS,
100100,2026-05-22 09:17:15,51.9887572664558,4.39015032717363,4.265092,,,0.480951787044,3.608924,0,33.319554872,78.656826664,29,5,7.668,3.105623787044,6.889764,5.7265664,33.323819964,0,0,0,255.5, 0, -9.2,,,0,0,1024,1024,1024,1024,0,0,0,0,275.1,0,-9,77,3.848,3.841,0,0,0,0,5.758,99.5,0.480951787044,4.265092,6,P-GPS,
100200,2026-05-22 09:17:15,51.9887572858214,4.39015055567072,4.265092,,,0.480951787044,3.608924,0,33.359909204,78.708663936,29,5,7.668,3.105623787044,6.889764,5.7265664,33.359909204,0,0,0,255.6, -0.4, -9.9,,,0,0,1024,1024,1024,1024,0,0,0,0,275.1,0,-9.4,77,3.848,3.841,0,0,0,0,5.758,99.5,0.480951787044,4.265092,6,P-GPS,
100300,2026-05-22 09:17:16,51.98875732403,4.39015056048412,4.265092,,,0.480951787044,3.608924,0,33.353347524,78.722771548,29,5,7.668,3.105623787044,6.889764,5.7265664,33.359909204,0,0,0,255.7, -1.1, -10.1,,,0,0,1024,1024,1024,1024,0,0,0,0,275.1,0,-9.6,77,3.848,3.841,0,0,0,0,5.758,99.5,0.480951787044,4.265092,6,P-GPS,
100400,2026-05-22 09:17:16,51.9887571962026,4.39015060141188,4.265092,,,0.480951787044,3.608924,0,33.385499756,78.770015644,30,5,7.668,3.105623787044,6.889764,5.7265664,33.385499756,0,0,0,255.7, -1.3, -10.7,,,0,0,1024,1024,1024,1024,0,0,0,0,275.1,0,-10.4,77,3.848,3.841,0,0,0,0,5.758,99.5,0.480951787044,4.265092,6,P-GPS,
100500,2026-05-22 09:17:16,51.9887572373282,4.39015058517711,4.265092,,,0.480951787044,3.608924,0,33.374672984,78.785763676,30,5,7.668,3.105623787044,6.889764,5.7265664,33.385499756,0,0,0,255.7, -1.1, -11.1,,,0,0,1024,1024,1024,1024,0,0,0,0,275.1,0,-10.3,77,3.848,3.841,0,0,0,0,5.758,99.5,0.480951787044,4.265092,6,P-GPS,
100600,2026-05-22 09:17:16,51.988757191675,4.39015024444169,4.265092,,,0.480951787044,3.608924,0,33.317914452,78.863847668,27,5,7.668,3.105623787044,6.889764,5.7265664,33.385499756,0,0,0,255.7, -0.7, -10.9,,,0,0,1024,1024,1024,1024,0,0,0,0,275.2,0,-10.1,77,3.848,3.841,0,0,0,0,5.758,99.5,0.480951787044,4.265092,6,P-GPS,
100700,2026-05-22 09:17:16,51.9887571289007,4.39014973964744,4.265092,,,0.480951787044,3.608924,0,33.232940696,78.97966132,27,5,7.668,3.105623787044,6.889764,5.7265664,33.385499756,0,0,0,255.7, -0.3, -10.7,,,0,0,1024,1024,1024,1024,0,0,0,0,275.1,0,-10.3,77,3.848,3.841,0,0,0,0,5.758,99.5,0.480951787044,4.265092,6,P-GPS,
100800,2026-05-22 09:17:16,51.9887571498598,4.39014972310661,4.265092,,,0.480951787044,3.608924,0,33.225722848,78.988191504,28,5,7.668,3.105623787044,6.889764,5.7265664,33.385499756,0,0,0,255.6, -0.4, -11.2,,,0,0,1024,1024,1024,1024,0,0,0,0,275,0,-10.4,77,3.848,3.841,0,0,0,0,5.758,99.5,0.480951787044,4.265092,6,P-GPS,
100900,2026-05-22 09:17:16,51.9887570221652,4.39014953646935,4.265092,,,0.480951787044,3.608924,0,33.214567992,79.050855548,28,5,7.675,3.105623787044,6.889764,5.7265664,33.385499756,0,0,0,255.6, -1.3, -10.8,,,0,0,1213,1024,1024,1024,29,0,0,0,274.9,0,-9.6,77,3.842,3.837,0,0,0,0,5.128,99.5,0.480951787044,4.265092,6,P-GPS,
101000,2026-05-22 09:17:16,51.988757028916,4.39014961658593,4.265092,,,0.480951787044,3.608924,0,33.22834752,79.068900168,28,5,7.675,3.105623787044,6.889764,5.7265664,33.385499756,0,0,0,255.8, -2.6, -10.2,,,0,0,1408,1024,1024,1024,58,0,0,0,274.8,0,-9.7,77,3.842,3.837,0,0,0,0,5.128,99.5,0.480951787044,4.265092,6,P-GPS,
101100,2026-05-22 09:17:16,51.9887570355639,4.39014969020582,4.265092,,,0.480951787044,3.608924,0,33.24147088,79.085632452,28,5,7.675,3.105623787044,6.889764,5.7265664,33.385499756,0,0,0,255.8, -3.9, -10.5,,,0,0,1408,1024,1024,1024,58,0,0,0,274.6,0,-9.9,77,3.842,3.837,0,0,0,0,5.128,99.5,0.480951787044,4.265092,6,P-GPS,
101200,2026-05-22 09:17:16,51.9887569035302,4.3901493532126,4.265092,,,0.480951787044,3.608924,0,33.2021008,79.175527468,28,5,7.675,3.105623787044,6.889764,5.7265664,33.385499756,0,0,0,256.2, -6.6, -10.7,,,0,0,1631,1024,1024,1024,92,0,0,0,274.3,0,-9.9,77,3.842,3.837,0,0,0,0,5.128,99.5,0.480951787044,4.265092,6,P-GPS,
101300,2026-05-22 09:17:17,51.9887568664396,4.39014929865153,4.265092,,,0.480951787044,3.608924,0,33.19881996,79.193572088,28,5,7.675,3.105623787044,6.889764,5.7265664,33.385499756,0,0,0,256.8, -12.1, -10.7,,,0,0,1684,1024,1024,1024,100,0,0,0,274.1,0,-9.4,77,3.842,3.837,0,0,0,0,5.128,99.5,0.480951787044,4.265092,6,P-GPS,
101400,2026-05-22 09:17:17,51.9887566648424,4.39014878812572,4.265092,,,0.480951787044,3.608924,0.4921268,33.140092924,79.330055032,28,5,7.675,3.105623787044,6.889764,5.7265664,33.385499756,-0.223694,-0.447388,0,257, -15.5, -9.8,,,0,0,1684,1024,1024,1024,100,0,0,0,274.3,0,-8.1,77,3.842,3.837,0,0,0,0,5.128,99.5,0.480951787044,4.265092,6,P-GPS,
101500,2026-05-22 09:17:17,51.9887565214489,4.3901482039383,4.265092,,,0.480951787044,3.608924,0.9171454,33.056431504,79.471131152,28,5,7.675,3.105623787044,6.889764,5.7265664,33.385499756,-0.223694,-0.894776,0,257, -15.1, -8.8,,,0,0,1684,1024,1024,1024,100,0,0,0,274.3,0,-8,77,3.842,3.837,0,0,0,0,5.128,99.5,0.480951787044,4.265092,6,P-GPS,
101600,2026-05-22 09:17:17,51.9887560320752,4.39014673770341,4.265092,,,0.480951787044,3.608924,1.3645334,32.8740168,79.846131164,29,5,7.675,3.105623787044,6.889764,5.7265664,33.385499756,-0.223694,-1.342164,0,256.8, -14.6, -9,,,0,0,1684,1024,1024,1024,100,0,0,0,274.3,0,-8.2,77,3.842,3.837,0,0,0,0,5.128,99.5,0.480951787044,4.265092,6,P-GPS,
101700,2026-05-22 09:17:17,51.9887558370788,4.3901455218902,4.265092,,,0.480951787044,3.608924,1.8342908,32.6833343792,80.128283404,29,5,7.675,3.105623787044,6.889764,5.7265664,33.385499756,-0.447388,-1.789552,0,256.6, -13.6, -9.5,,,0,0,1684,1024,1024,1024,100,0,0,0,274,0,-9.2,77,3.842,3.837,0,0,0,0,5.128,99.5,0.480951787044,4.265092,6,P-GPS,
101800,2026-05-22 09:17:17,51.9887552726759,4.39014343201475,4.265092,,,0.480951787044,3.608924,2.2816788,32.4049551052,80.641078696,29,5,7.675,3.105623787044,6.889764,5.7265664,33.385499756,-0.447388,-2.23694,0,256.6, -12.7, -9.9,,,0,0,1684,1024,1024,1024,100,0,0,0,274.3,0,-8.5,77,3.842,3.837,0,0,0,0,5.128,99.5,0.480951787044,4.265092,6,P-GPS,
101900,2026-05-22 09:17:17,51.9887549875167,4.3901417608211,4.265092,,,0.480951787044,3.608924,2.5501116,32.152232,81.030514404,29,5,7.684,3.105623787044,6.889764,5.7265664,33.385499756,-0.671082,-2.460634,0,256.7, -12.6, -9.1,,,0,0,1684,1024,1024,1024,100,0,0,0,274.5,0,-8.4,77,3.844,3.839,0,0,0,0,4.902,99.5,0.480951787044,4.265092,6,P-GPS,
102000,2026-05-22 09:17:17,51.9887545001177,4.39013953490467,4.265092,,,0.480951787044,3.608924,2.7738056,31.842520704,81.561354316,29,5,7.684,3.105623787044,6.889764,5.7265664,33.385499756,-0.671082,-2.684328,0,256.8, -12.9, -9.2,,,0,0,1684,1024,1024,1024,100,0,0,0,274.3,0,-8.7,77,3.844,3.839,0,0,0,0,4.902,99.5,0.480951787044,4.265092,6,P-GPS,
102100,2026-05-22 09:17:17,51.9887540664163,4.3901372407243,4.265092,,,0.480951787044,3.608924,3.1988242,31.514764788,82.100724412,29,5,7.684,3.105623787044,6.889764,5.7265664,33.385499756,-0.671082,-3.131716,0,256.7, -12.7, -9.9,,,0,0,1684,1024,1024,1024,100,0,0,0,274.1,0,-9.4,77,3.844,3.839,0,0,0,0,4.902,99.5,0.480951787044,4.265092,6,P-GPS,
102200,2026-05-22 09:17:17,51.9887537524679,4.39013501058572,4.265092,,,0.480951787044,3.608924,3.4225182,31.1783474544,82.614503956,29,5,7.684,3.105623787044,6.889764,5.7265664,33.385499756,-0.671082,-3.35541,0,256.6, -12, -10.4,,,0,0,1684,1024,1024,1024,100,0,0,0,274.1,0,-9.9,77,3.844,3.839,0,0,0,0,4.902,99.5,0.480951787044,4.265092,6,P-GPS,
102300,2026-05-22 09:17:18,51.9887534118249,4.39013264775884,4.265092,,,0.480951787044,3.608924,3.6462122,30.829069228,83.159779564,29,5,7.684,3.105623787044,6.889764,5.7265664,33.385499756,-0.671082,-3.579104,0,256.6, -11.6, -10.7,,,0,0,1684,1024,1024,1024,100,0,0,0,274.2,0,-9.6,77,3.844,3.839,0,0,0,0,4.902,99.5,0.480951787044,4.265092,6,P-GPS,
102400,2026-05-22 09:17:18,51.9887529217487,4.39012993929967,4.265092,,,0.480951787044,3.608924,3.914645,30.4582686912,83.793965936,28,5,7.684,3.105623787044,6.889764,5.7265664,33.385499756,-0.894776,-3.802798,0,256.7, -11.8, -10.4,,,0,0,1684,1024,1024,898,100,0,0,-19,274.3,0,-8.9,77,3.844,3.839,0,0,0,0,4.902,99.5,0.480951787044,4.265092,6,P-GPS,
102500,2026-05-22 09:17:18,51.9887525082995,4.39012730607414,4.265092,,,0.480951787044,3.608924,4.3396636,30.091700438,84.40453026,28,5,7.684,3.105623787044,6.889764,5.7265664,33.385499756,-0.894776,-4.250186,0,256.5, -11.4, -9.7,,,0,0,1684,1024,1024,949,100,0,0,-11,273.7,0,-9.1,77,3.844,3.839,0,0,0,0,4.902,99.5,0.480951787044,4.265092,6,P-GPS,
102600,2026-05-22 09:17:18,51.988751772138,4.39012425514061,4.265092,,,0.480951787044,3.608924,4.3396636,29.7378290356,85.140750756,27,5,7.684,3.105623787044,6.889764,5.7265664,33.385499756,-0.894776,-4.250186,0,255.7, -10.7, -10.4,,,0,0,1684,1024,1024,1024,100,0,0,0,273.3,0,-10.1,77,3.844,3.839,0,0,0,0,4.902,99.5,0.480951787044,4.265092,6,P-GPS,
102700,2026-05-22 09:17:18,51.9887513352069,4.39012134981224,4.265092,,,0.480951787044,3.608924,4.6080964,29.3500009392,85.812994872,27,5,7.684,3.105623787044,6.889764,5.7265664,33.385499756,-1.11847,-4.47388,0,255.8, -11.6, -11,,,0,0,1684,1024,1024,684,100,0,0,-52,273.2,0,-9.9,77,3.844,3.839,0,0,0,0,4.902,99.5,0.480951787044,4.265092,6,P-GPS,
102800,2026-05-22 09:17:18,51.9887504724688,4.39011826790467,4.265092,,,0.480951787044,3.608924,4.8317904,29.0489838692,86.573493584,27,5,7.684,3.105623787044,6.889764,5.7265664,33.385499756,-1.11847,-4.697574,0,255.2, -10.7, -10.9,,,0,0,1684,1024,1024,797,100,0,0,-34,271.8,-0.1,-10.1,77,3.844,3.839,0,0,0,0,4.902,99.5,0.480951787044,4.265092,6,P-GPS,
102900,2026-05-22 09:17:18,51.9887499396907,4.39011511657153,4.265092,,,0.480951787044,3.608924,5.1002232,28.669784382,87.307745576,27,5,7.672,3.105623787044,6.889764,5.7265664,33.385499756,-1.342164,-4.921268,0,253.1, -9.2, -10.9,,,0,0,1684,1024,1024,871,100,0,0,-23,269.9,-0.1,-10.6,77,3.842,3.84,0,0,0,0,5.248,99.68,0.480951787044,4.265092,6,P-GPS,
103000,2026-05-22 09:17:18,51.9887490407744,4.39011180535304,4.265092,,,0.480951787044,3.608924,5.1002232,28.3748040576,88.120737728,27,5,7.672,3.105623787044,6.889764,5.7265664,33.385499756,-1.342164,-4.921268,0,251.6, -9.3, -11.9,,,0,0,1684,1024,1024,871,100,0,0,-23,268.6,0,-11.3,77,3.842,3.84,0,0,0,0,5.248,99.68,0.480951787044,4.265092,6,P-GPS,
103100,2026-05-22 09:17:18,51.9887483969002,4.39010852763354,4.265092,,,0.480951787044,3.608924,5.1673314,28.0371071964,88.893703632,27,5,7.672,3.105623787044,6.889764,5.7265664,33.385499756,-1.565858,-4.921268,0,250.8, -10.1, -12.1,,,0,0,1666,1024,1024,1024,97,0,0,0,267.9,0,-11.1,77,3.842,3.84,0,0,0,0,5.248,99.68,0.480951787044,4.265092,6,P-GPS,
103200,2026-05-22 09:17:18,51.9887476670696,4.3901045625447,4.265092,,,0.480951787044,3.608924,5.1673314,27.6385179448,89.823493688,27,5,7.672,3.105623787044,6.889764,5.7265664,33.385499756,-1.565858,-4.921268,0,250.7, -11.4, -11.9,,,0,0,1612,1024,1024,1024,89,0,0,0,268,0,-10.7,77,3.842,3.84,0,0,0,0,5.248,99.68,0.480951787044,4.265092,6,P-GPS,
103300,2026-05-22 09:17:18,51.9887469193898,4.3901012903133,4.265092,,,0.480951787044,3.608924,5.2344396,27.3698499572,90.607614448,27,5,7.672,3.105623787044,6.889764,5.7265664,33.385499756,-1.789552,-4.921268,0,250.8, -11.7, -11.3,,,0,0,1544,1024,1024,1024,79,0,0,0,268.2,0,-10,77,3.842,3.84,0,0,0,0,5.248,99.68,0.480951787044,4.265092,6,P-GPS,
103400,2026-05-22 09:17:19,51.9887461172586,4.39009701799499,4.265092,,,0.480951787044,3.608924,5.2344396,26.9989838036,91.611223404,27,5,7.672,3.105623787044,6.889764,5.7265664,33.385499756,-1.789552,-4.921268,0,250.7, -11, -10.5,,,0,0,1388,1024,1024,1024,55,0,0,0,268.7,0,-9,77,3.842,3.84,0,0,0,0,5.248,99.68,0.480951787044,4.265092,6,P-GPS,
103500,2026-05-22 09:17:19,51.9887453229917,4.39009371290453,4.265092,,,0.480951787044,3.608924,5.2344396,26.7856635868,92.408467524,27,5,7.672,3.105623787044,6.889764,5.7265664,33.385499756,-1.789552,-4.921268,0,250.3, -7, -9.5,,,0,0,1601,1048,1024,1024,87,4,0,0,268.7,0,-8.6,77,3.842,3.84,0,0,0,0,5.248,99.68,0.480951787044,4.265092,6,P-GPS,
103600,2026-05-22 09:17:19,51.9887446423354,4.39008959363406,4.265092,,,0.480951787044,3.608924,5.2344396,26.4573827364,93.366800888,26,5,7.672,3.105623787044,6.889764,5.7265664,33.385499756,-1.789552,-4.921268,0,250.1, -6.6, -9.5,,,0,0,1684,1464,1024,1024,100,67,0,0,268.2,0,-8.7,77,3.842,3.84,0,0,0,0,5.248,99.68,0.480951787044,4.265092,6,P-GPS,
103700,2026-05-22 09:17:19,51.9887438959621,4.39008638319774,4.265092,,,0.480951787044,3.608924,5.033115,26.28937092,94.137798288,26,5,7.672,3.105623787044,6.889764,5.7265664,33.385499756,-1.789552,-4.697574,0,250.4, -12.8, -8.7,,,0,0,1684,1099,1024,1024,100,11,0,0,268.4,0,-5.7,77,3.842,3.84,0,0,0,0,5.248,99.68,0.480951787044,4.265092,6,P-GPS,
103800,2026-05-22 09:17:19,51.9887430541958,4.39008255836856,4.265092,,,0.480951787044,3.608924,5.2344396,26.1026583156,95.050199892,26,5,7.672,3.105623787044,6.889764,5.7265664,33.385499756,-1.789552,-4.921268,0,250.3, -15.2, -5.3,,,0,0,1684,1024,1024,1024,100,0,0,0,268.4,0,-5.4,77,3.842,3.84,0,0,0,0,5.248,99.68,0.480951787044,4.265092,6,P-GPS,
103900,2026-05-22 09:17:19,51.9887423376654,4.39007920997494,4.265092,,,0.480951787044,3.608924,5.4581336,25.9579076548,95.846787844,26,5,7.675,3.105623787044,6.889764,5.7265664,33.385499756,-1.789552,-5.144962,0,250.5, -16, -7.3,,,0,0,1684,1024,1024,1024,100,0,0,0,268,0,-7.1,77,3.833,3.83,0,0,0,0,4.942,99.86,0.480951787044,4.265092,6,P-GPS,
104000,2026-05-22 09:17:19,51.9887414833186,4.39007506104506,4.265092,,,0.480951787044,3.608924,5.6594582,25.8005913768,96.829727508,26,5,7.675,3.105623787044,6.889764,5.7265664,33.385499756,-1.789552,-5.368656,0,250.6, -16.4, -7.7,,,0,0,1684,1024,1024,1024,100,0,0,0,268.4,0,-6,77,3.833,3.83,0,0,0,0,4.942,99.86,0.480951787044,4.265092,6,P-GPS,
104100,2026-05-22 09:17:19,51.9887406980385,4.39007143553003,4.265092,,,0.480951787044,3.608924,5.8607828,25.7059719512,97.693244596,26,5,7.675,3.105623787044,6.889764,5.8607828,33.385499756,-1.789552,-5.59235,0,250.6, -15.7, -6.6,,,0,0,1660,1024,1024,1024,96,0,0,0,268.5,0,-5.9,77,3.833,3.83,0,0,0,0,4.942,99.86,0.480951787044,4.265092,6,P-GPS,
104200,2026-05-22 09:17:19,51.9887397637879,4.3900672981989,4.265092,,,0.480951787044,3.608924,5.8607828,25.645998196,98.683402108,26,5,7.675,3.105623787044,6.889764,5.8607828,33.385499756,-1.789552,-5.59235,0,250.6, -15.7, -7.2,,,0,0,1653,1024,1024,1024,95,0,0,0,268.2,0,-6.7,77,3.833,3.83,0,0,0,0,4.942,99.86,0.480951787044,4.265092,6,P-GPS,
104300,2026-05-22 09:17:19,51.9887389696581,4.39006344521276,4.265092,,,0.480951787044,3.608924,6.0844768,25.5984916328,99.596131796,26,5,7.675,3.105623787044,6.889764,6.0844768,33.385499756,-1.789552,-5.816044,0,250.4, -14.1, -7.7,,,0,0,1671,1024,1024,1024,98,0,0,0,268.2,0,-6.8,77,3.833,3.83,0,0,0,0,4.942,99.86,0.480951787044,4.265092,6,P-GPS,
104400,2026-05-22 09:17:20,51.988738180086,4.39005907191751,4.265092,,,0.480951787044,3.608924,6.151585,25.5451779828,100.62008196,26,5,7.675,3.105623787044,6.889764,6.151585,33.385499756,-2.013246,-5.816044,0,250.4, -14.6, -7.4,,,0,0,1651,1024,1024,1024,95,0,0,0,268.2,0,-6.4,77,3.833,3.83,0,0,0,0,4.942,99.86,0.480951787044,4.265092,6,P-GPS,
104500,2026-05-22 09:17:20,51.9887372963289,4.39005509101125,4.265092,,,0.480951787044,3.937008,6.375279,25.5901582992,101.570869392,26,5,7.675,3.105623787044,6.889764,6.375279,33.385499756,-2.013246,-6.039738,0,250.4, -14.6, -6.9,,,0,0,1582,1024,1024,1024,85,0,0,0,268.4,0,-5.7,77,3.833,3.83,0,0,0,0,4.942,99.86,0.480951787044,4.265092,6,P-GPS,
104600,2026-05-22 09:17:20,51.9887362907499,4.39005068488998,4.265092,,,0.480951787044,3.937008,6.4423872,25.6906504284,102.626643704,26,5,7.675,3.105623787044,6.889764,6.4423872,33.385499756,-2.23694,-6.039738,0,250.4, -13.9, -6.1,,,0,0,1562,1024,1024,1024,82,0,0,0,268.7,0,-5.3,77,3.833,3.83,0,0,0,0,4.942,99.86,0.480951787044,4.265092,6,P-GPS,
104700,2026-05-22 09:17:20,51.9887353838878,4.39004659934631,4.265092,,,0.480951787044,3.937008,6.6437118,25.8129273352,103.60236552,26,5,7.675,3.105623787044,6.889764,6.6437118,33.385499756,-2.23694,-6.263432,0,250.3, -12.1, -5.9,,,0,0,1562,1024,1024,1024,82,0,0,0,268.8,0,-5,77,3.833,3.83,0,0,0,0,4.942,99.86,0.480951787044,4.265092,6,P-GPS,
104800,2026-05-22 09:17:20,51.9887344382859,4.39004191273878,4.265092,,,0.480951787044,3.937008,6.5766036,25.9635506996,104.710305188,26,5,7.675,3.105623787044,6.889764,6.6437118,33.385499756,-2.013246,-6.263432,0,250.3, -11, -5.5,,,0,0,1518,1024,1024,1024,75,0,0,0,268.8,0,-5.2,77,3.833,3.83,0,0,0,0,4.942,99.86,0.480951787044,4.265092,6,P-GPS,
104900,2026-05-22 09:17:20,51.9887336016384,4.39003777123245,4.265092,,,0.480951787044,3.937008,6.5094954,26.1354010988,105.689635928,26,5,7.665,3.105623787044,6.889764,6.6437118,33.385499756,-1.789552,-6.263432,0,250.4, -10.5, -6.7,,,0,0,1578,1024,1024,1024,84,0,0,0,268.5,0,-7.1,77,3.853,3.849,0,0,0,0,5.368,99.86,0.480951787044,4.265092,6,P-GPS,
105000,2026-05-22 09:17:20,51.98873285401,4.39003289659302,4.265092,,,0.480951787044,3.937008,6.5094954,26.2966215764,106.818572972,26,5,7.665,3.105623787044,6.889764,6.6437118,33.385499756,-1.789552,-6.263432,0,250.4, -11, -8.2,,,0,0,1574,1024,1024,1024,83,0,0,0,268.3,0,-7.8,77,3.853,3.849,0,0,0,0,5.368,99.86,0.480951787044,4.265092,6,P-GPS,
105100,2026-05-22 09:17:20,51.988732274525,4.39002821356119,4.265092,,,0.480951787044,3.937008,6.3081708,26.4453092452,107.891735736,25,5,7.665,3.105623787044,6.889764,6.6437118,33.385499756,-1.789552,-6.039738,0,250.4, -11.5, -9.1,,,0,0,1514,1024,1024,1024,74,0,0,0,268.1,0,-8.2,77,3.853,3.849,0,0,0,0,5.368,99.86,0.480951787044,4.265092,6,P-GPS,
105200,2026-05-22 09:17:20,51.988731511973,4.39002412473483,4.265092,,,0.480951787044,3.937008,6.3081708,26.7035113532,108.851381436,25,5,7.665,3.105623787044,6.889764,6.6437118,33.385499756,-1.789552,-6.039738,0,250.5, -12.1, -8.9,,,0,0,1431,1024,1024,1024,62,0,0,0,268.4,0,-7.5,77,3.853,3.849,0,0,0,0,5.368,99.86,0.480951787044,4.265092,6,P-GPS,
105300,2026-05-22 09:17:20,51.9887307445035,4.39002005857863,4.265092,,,0.480951787044,3.937008,6.3081708,26.9950139872,109.807090128,25,5,7.665,3.105623787044,6.889764,6.6437118,33.385499756,-1.789552,-6.039738,0,250.5, -10.8, -8,,,0,0,1431,1024,1024,1024,62,0,0,0,268.5,0,-7.7,77,3.853,3.849,0,0,0,0,5.368,99.86,0.480951787044,4.265092,6,P-GPS,
105400,2026-05-22 09:17:21,51.9887300412605,4.3900155315391,4.265092,,,0.480951787044,3.937008,6.0173686,27.3001321072,110.855974676,24,5,7.665,3.105623787044,6.889764,6.6437118,33.385499756,-1.565858,-5.816044,0,250.4, -9.5, -9,,,0,0,1439,1024,1024,1024,63,0,0,0,268.4,0,-8.7,77,3.853,3.849,0,0,0,0,5.368,99.86,0.480951787044,4.265092,6,P-GPS,
105500,2026-05-22 09:17:21,51.9887293397479,4.39001156126126,4.265092,,,0.480951787044,3.937008,6.0173686,27.6285769996,111.784124312,24,5,7.665,3.105623787044,6.889764,6.6437118,33.385499756,-1.565858,-5.816044,0,250.4, -9.6, -9.7,,,0,0,1439,1024,1024,1024,63,0,0,0,268.2,0,-9.8,77,3.853,3.849,0,0,0,0,5.368,99.86,0.480951787044,4.265092,6,P-GPS,
105600,2026-05-22 09:17:21,51.9887286631566,4.39000683256435,4.265092,,,0.480951787044,3.937008,5.816044,27.997376224,112.875003612,26,5,7.665,3.105623787044,6.889764,6.6437118,33.385499756,-1.565858,-5.59235,0,250.6, -10.4, -10.4,,,0,0,1317,1024,1024,1024,44,0,0,0,268.4,0,-9.4,77,3.853,3.849,0,0,0,0,5.368,99.86,0.480951787044,4.265092,6,P-GPS,
105700,2026-05-22 09:17:21,51.9887279766191,4.39000309935659,4.265092,,,0.480951787044,3.937008,5.816044,28.3696859472,113.750331724,26,5,7.665,3.105623787044,6.889764,6.6437118,33.385499756,-1.565858,-5.59235,0,250.5, -8.7, -10.3,,,0,0,1347,1024,1024,1024,49,0,0,0,268.4,0,-9.4,77,3.853,3.849,0,0,0,0,5.368,99.86,0.480951787044,4.265092,6,P-GPS,
105800,2026-05-22 09:17:21,51.9887274008435,4.38999877841396,4.265092,,,0.480951787044,3.937008,5.59235,28.7494431772,114.743441992,26,5,7.665,3.105623787044,6.889764,6.6437118,33.385499756,-1.565858,-5.368656,0,250.3, -8, -9.8,,,0,0,1469,1024,1024,1024,67,0,0,0,268.5,0,-9,77,3.853,3.849,0,0,0,0,5.368,99.86,0.480951787044,4.265092,6,P-GPS,
105900,2026-05-22 09:17:21,51.9887267955291,4.38999422714835,4.265092,,,0.480951787044,3.937008,5.368656,29.1803158944,115.789701868,26,5,7.689,3.105623787044,6.889764,6.6437118,33.385499756,-1.565858,-5.144962,0,250.4, -9.2, -9.8,,,0,0,1653,1024,1024,1024,95,0,0,0,268.2,0,-9.4,77,3.837,3.835,0,0,0,0,4.895,100.04,0.480951787044,4.265092,6,P-GPS,
106000,2026-05-22 09:17:21,51.9887261230928,4.38999066029134,4.265092,,,0.480951787044,3.937008,5.368656,29.6094497664,116.627956488,26,5,7.689,3.105623787044,6.889764,6.6437118,33.385499756,-1.565858,-5.144962,0,250.8, -13.1, -10.2,,,0,0,1419,1024,1024,1024,60,0,0,0,268,0,-9.6,77,3.837,3.835,0,0,0,0,4.895,100.04,0.480951787044,4.265092,6,P-GPS,
106100,2026-05-22 09:17:21,51.9887254299416,4.38998704080696,4.265092,,,0.480951787044,3.937008,5.59235,30.0663067364,117.479334468,26,5,7.689,3.105623787044,6.889764,6.6437118,33.385499756,-1.565858,-5.368656,0,250.9, -13.2, -10.7,,,0,0,1024,1024,1024,1024,0,0,0,0,268.4,0,-9.5,77,3.837,3.835,0,0,0,0,4.895,100.04,0.480951787044,4.265092,6,P-GPS,
106200,2026-05-22 09:17:21,51.9887248600087,4.38998253074734,4.265092,,,0.480951787044,3.937008,5.59235,30.5569891668,118.51378332,27,5,7.689,3.105623787044,6.889764,6.6437118,33.385499756,-1.565858,-5.368656,0,250.2, -6.2, -10.1,,,0,0,1024,1024,1024,1024,0,0,0,0,268.9,0,-9.4,77,3.837,3.835,0,0,0,0,4.895,100.04,0.480951787044,4.265092,6,P-GPS,
106300,2026-05-22 09:17:21,51.9887242528353,4.38997860493774,4.265092,,,0.480951787044,3.937008,5.368656,31.0442267152,119.423232168,29,5,7.689,3.105623787044,6.889764,6.6437118,33.385499756,-1.565858,-5.144962,0,249.9, -2.5, -10.3,,,0,0,1024,1024,1024,1024,0,0,0,0,269,0,-10.2,77,3.837,3.835,0,0,0,0,4.895,100.04,0.480951787044,4.265092,6,P-GPS,
106400,2026-05-22 09:17:22,51.9887236146153,4.38997516788239,4.265092,,,0.480951787044,3.937008,5.1002232,31.5226716124,120.229990724,29,5,7.689,3.105623787044,6.889764,6.6437118,33.385499756,-1.342164,-4.921268,0,249.7, -0.6, -11.5,,,0,0,1024,1024,1024,1024,0,0,0,0,269.4,0,-11.1,77,3.837,3.835,0,0,0,0,4.895,100.04,0.480951787044,4.265092,6,P-GPS,
106500,2026-05-22 09:17:22,51.9887230807835,4.38997175451143,4.265092,,,0.480951787044,4.265092,4.6752046,31.976871102,121.021329332,29,5,7.689,3.105623787044,6.889764,6.6437118,33.385499756,-1.342164,-4.47388,0,249.1, 4.9, -11.4,,,0,0,1024,1024,1024,1024,0,0,0,0,269.7,0,-10.1,77,3.837,3.835,0,0,0,0,4.895,100.04,0.480951787044,4.265092,6,P-GPS,
106600,2026-05-22 09:17:22,51.9887225213622,4.38996894532226,4.265092,,,0.480951787044,4.265092,4.1830778,32.4009524804,121.684387096,29,5,7.689,3.105623787044,6.889764,6.6437118,33.385499756,-1.11847,-4.026492,0,248.8, 7.6, -10.8,,,0,0,1024,1024,1024,1024,0,0,0,0,269.7,0,-9.9,77,3.837,3.835,0,0,0,0,4.895,100.04,0.480951787044,4.265092,6,P-GPS,
106700,2026-05-22 09:17:22,51.9887220443463,4.38996655850493,4.265092,,,0.480951787044,4.265092,3.467257,32.7681112848,122.248363492,29,5,7.689,3.105623787044,6.889764,6.6437118,33.385499756,-0.894776,-3.35541,0,248.8, 8, -10.8,,,0,0,1024,1024,1024,1024,0,0,0,0,269.8,0,-10,77,3.837,3.835,0,0,0,0,4.895,100.04,0.480951787044,4.265092,6,P-GPS,
106800,2026-05-22 09:17:22,51.9887217641731,4.38996430811462,4.265092,,,0.480951787044,4.265092,2.8185444,33.0626651,122.76411154,30,5,7.689,3.105623787044,6.889764,6.6437118,33.385499756,-0.894776,-2.684328,0,248.9, 7.6, -10.9,,,0,0,1024,1024,1024,1024,0,0,0,0,269.7,0,-10.2,77,3.837,3.835,0,0,0,0,4.895,100.04,0.480951787044,4.265092,6,P-GPS,
106900,2026-05-22 09:17:22,51.9887214440351,4.38996271471431,4.265092,,,0.480951787044,4.265092,2.125093,33.314961696,123.140751972,30,5,7.676,3.105623787044,6.889764,6.6437118,33.385499756,-0.671082,-2.013246,0,248.9, 6.7, -11,,,0,0,1024,1024,1024,1024,0,0,0,0,269.6,0,-10.1,76,3.841,3.838,0,0,0,0,5.263,100.22,0.480951787044,4.265092,6,P-GPS,
107000,2026-05-22 09:17:22,51.9887211301081,4.38996103094462,4.265092,,,0.480951787044,4.265092,1.6329662,33.57611656,123.536093192,30,5,7.676,3.105623787044,6.889764,6.6437118,33.57611656,-0.447388,-1.565858,0,249.1, 5.6, -10.6,,,0,0,1024,1024,1024,1024,0,0,0,0,269.5,0,-9.6,76,3.841,3.838,0,0,0,0,5.263,100.22,0.480951787044,4.265092,6,P-GPS,
107100,2026-05-22 09:17:22,51.988720857825,4.38995978957591,4.265092,,,0.480951787044,4.265092,1.2079476,33.783793732,123.83202496,30,5,7.676,3.105623787044,6.889764,6.6437118,33.783793732,-0.447388,-1.11847,0,249.2, 4.2, -10.1,,,0,0,1024,1024,1024,1024,0,0,0,0,269.4,0,-9.3,76,3.841,3.838,0,0,0,0,5.263,100.22,0.480951787044,4.265092,6,P-GPS,
107200,2026-05-22 09:17:22,51.9887205146933,4.38995814345086,4.265092,,,0.480951787044,4.265092,1.006623,34.0551192,124.22244492,30,5,7.676,3.105623787044,6.889764,6.6437118,34.0551192,-0.447388,-0.894776,0,249.2, 4.1, -9.6,,,0,0,1024,1024,1024,1024,0,0,0,0,269.3,0,-8.2,76,3.841,3.838,0,0,0,0,5.263,100.22,0.480951787044,4.265092,6,P-GPS,
107300,2026-05-22 09:17:23,51.988720270664,4.3899571730164,4.265092,,,0.480951787044,4.265092,0.7158208,34.229987972,124.458009232,30,5,7.676,3.105623787044,6.889764,6.6437118,34.229987972,-0.223694,-0.671082,0,249.3, 3.3, -8.6,,,0,0,1024,1024,1024,1024,0,0,0,0,269.3,0,-7.2,76,3.841,3.838,0,0,0,0,5.263,100.22,0.480951787044,4.265092,6,P-GPS,
107400,2026-05-22 09:17:23,51.9887201565437,4.38995676910866,4.265092,,,0.480951787044,4.265092,0.4921268,34.307087712,124.558074852,28,5,7.676,3.105623787044,6.889764,6.6437118,34.307087712,-0.223694,-0.447388,0,249.4, 2.2, -7.6,,,0,0,1024,1024,1024,1024,0,0,0,0,269.2,0,-6.6,76,3.841,3.838,0,0,0,0,5.263,100.22,0.480951787044,4.265092,6,P-GPS,
107500,2026-05-22 09:17:23,51.9887200664024,4.38995644499753,4.265092,,,0.480951787044,4.265092,0.223694,34.368767504,124.637799264,28,5,7.676,3.105623787044,6.889764,6.6437118,34.368767504,0,-0.223694,0,249.6, -0.3, -7.3,,,0,0,1024,1024,1024,1024,0,0,0,0,269,0,-6.9,76,3.841,3.838,0,0,0,0,5.263,100.22,0.480951787044,4.265092,6,P-GPS,
107600,2026-05-22 09:17:23,51.9887202088792,4.38995692721335,4.265092,,,0.480951787044,4.265092,0,34.274607396,124.757878008,27,5,7.676,3.105623787044,6.889764,6.6437118,34.368767504,0,0,0,249.8, -3, -7.7,,,0,0,1095,1024,1024,1024,11,0,0,0,269.1,0,-7.1,76,3.841,3.838,0,0,0,0,5.263,100.22,0.480951787044,4.265092,6,P-GPS,
107700,2026-05-22 09:17:23,51.9887202471306,4.38995682613903,4.265092,,,0.480951787044,4.265092,0,34.271982724,124.784780896,27,5,7.676,3.105623787044,6.889764,6.6437118,34.368767504,0,0,0,249.9, -3.8, -8.3,,,0,0,1024,1024,1024,1024,0,0,0,0,269,0,-8.9,76,3.841,3.838,0,0,0,0,5.263,100.22,0.480951787044,4.265092,6,P-GPS,
107800,2026-05-22 09:17:23,51.9887203133188,4.38995710171974,4.265092,,,0.480951787044,4.265092,0.223694,34.223098208,124.851053864,27,5,7.676,3.105623787044,6.889764,6.6437118,34.368767504,0.223694,0,0,250, -3.8, -9.7,,,0,0,1024,1024,1024,1024,0,0,0,0,268.8,0,-9.6,76,3.841,3.838,0,0,0,0,5.263,100.22,0.480951787044,4.265092,6,P-GPS,
107900,2026-05-22 09:17:23,51.9887203925801,4.38995697496472,4.265092,,,0.480951787044,4.265092,0,34.209646764,124.89173628,27,5,7.683,3.105623787044,6.889764,6.6437118,34.368767504,0,0,0,250, -4.5, -10.6,,,0,0,1024,1024,1024,1024,0,0,0,0,268.8,0,-9.7,76,3.842,3.838,0,0,0,0,4.887,100.22,0.480951787044,4.265092,6,P-GPS,
108000,2026-05-22 09:17:23,51.9887205663091,4.38995688924875,4.265092,,,0.480951787044,4.265092,0,34.161090332,124.958009248,26,5,7.683,3.105623787044,6.889764,6.6437118,34.368767504,0,0,0,249.8, -3.7, -10,,,0,0,1024,1024,1024,1024,0,0,0,0,268.9,0,-8.8,76,3.842,3.838,0,0,0,0,4.887,100.22,0.480951787044,4.265092,6,P-GPS,
108100,2026-05-22 09:17:23,51.9887205785513,4.38995678930822,4.265092,,,0.480951787044,4.265092,0,34.166995844,124.980975128,26,5,7.683,3.105623787044,6.889764,6.6437118,34.368767504,0,0,0,249.9, -3.5, -9.1,,,0,0,1024,1024,1024,1024,0,0,0,0,268.9,0,-8.1,76,3.842,3.838,0,0,0,0,4.887,100.22,0.480951787044,4.265092,6,P-GPS,
108200,2026-05-22 09:17:23,51.9887205149589,4.38995656724522,4.265092,,,0.480951787044,4.265092,0,34.209646764,125.035765156,25,5,7.683,3.105623787044,6.889764,6.6437118,34.368767504,0,0,0,249.8, -3, -8.5,,,0,0,1024,1024,1024,1024,0,0,0,0,268.9,0,-7.6,76,3.842,3.838,0,0,0,0,4.887,100.22,0.480951787044,4.265092,6,P-GPS,
108300,2026-05-22 09:17:24,51.9887204883157,4.38995652595576,4.265092,,,0.480951787044,4.265092,0,34.22244204,125.0492166,25,5,7.683,3.105623787044,6.889764,6.6437118,34.368767504,0,0,0,249.7, -2.9, -8,,,0,0,1024,1024,1024,1024,0,0,0,0,268.9,0,-7,76,3.842,3.838,0,0,0,0,4.887,100.22,0.480951787044,4.265092,6,P-GPS,
108400,2026-05-22 09:17:24,51.9887204421484,4.38995652400119,4.265092,,,0.480951787044,4.265092,0,34.237861988,125.066276968,26,5,7.683,3.105623787044,6.889764,6.6437118,34.368767504,0,0,0,249.7, -2.3, -7.6,,,0,0,1024,1024,1024,1024,0,0,0,0,269,0,-7.2,76,3.842,3.838,0,0,0,0,4.887,100.22,0.480951787044,4.265092,6,P-GPS,
108500,2026-05-22 09:17:24,51.9887204464919,4.38995655580297,4.265092,,,0.480951787044,4.265092,0,34.233268812,125.073494816,26,5,7.683,3.105623787044,6.889764,6.6437118,34.368767504,0,0,0,249.6, -1.7, -8,,,0,0,1024,1024,1024,1024,0,0,0,0,269,0,-8.1,76,3.842,3.838,0,0,0,0,4.887,100.22,0.480951787044,4.265092,6,P-GPS,
108600,2026-05-22 09:17:24,51.9887205399829,4.3899567224563,4.265092,,,0.480951787044,4.265092,0,34.186024716,125.124019752,24,5,7.683,3.105623787044,6.889764,6.6437118,34.368767504,0,0,0,249.8, -2.8, -9.3,,,0,0,1024,1024,1024,1024,0,0,0,0,268.9,0,-8.3,76,3.842,3.838,0,0,0,0,4.887,100.22,0.480951787044,4.265092,6,P-GPS,
108700,2026-05-22 09:17:24,51.9887205989663,4.38995688320418,4.265092,,,0.480951787044,4.265092,0,34.150919728,125.166014504,24,5,7.683,3.105623787044,6.889764,6.6437118,34.368767504,0,0,0,249.9, -4.6, -9.1,,,0,0,1024,1024,1024,1024,0,0,0,0,268.7,0,-8.5,76,3.842,3.838,0,0,0,0,4.887,100.22,0.480951787044,4.265092,6,P-GPS,
108800,2026-05-22 09:17:24,51.9887206382457,4.38995700810201,4.265092,,,0.480951787044,4.265092,0,34.12565726,125.197838652,24,5,7.683,3.105623787044,6.889764,6.6437118,34.368767504,0,0,0,250, -6, -8.9,,,0,0,1024,1024,1024,1024,0,0,0,0,268.8,0,-7.7,76,3.842,3.838,0,0,0,0,4.887,100.22,0.480951787044,4.265092,6,P-GPS,
108900,2026-05-22 09:17:24,51.9887206792985,4.3899571901276,4.265092,,,0.480951787044,4.265092,0,34.094161196,125.24114574,24,5,7.686,3.105623787044,6.889764,6.6437118,34.368767504,0,0,0,250.1, -6.4, -8.2,,,0,0,1024,1024,1024,1024,0,0,0,0,268.8,0,-7.4,76,3.844,3.839,0,0,0,0,4.774,100.22,0.480951787044,4.265092,6,P-GPS,
109000,2026-05-22 09:17:24,51.9887205975784,4.38995711723111,4.265092,,,0.480951787044,4.265092,0,34.128281932,125.275266476,24,5,7.686,3.105623787044,6.889764,6.6437118,34.368767504,0,0,0,250, -6.2, -8.2,,,0,0,1024,1024,1024,1024,0,0,0,0,268.7,0,-7.7,76,3.844,3.839,0,0,0,0,4.774,100.22,0.480951787044,4.265092,6,P-GPS,
109100,2026-05-22 09:17:24,51.9887206279311,4.38995722174853,4.265092,,,0.480951787044,4.265092,0,34.107940724,125.301185112,24,5,7.686,3.105623787044,6.889764,6.6437118,34.368767504,0,0,0,250, -6.1, -8.4,,,0,0,1024,1024,1024,1024,0,0,0,0,268.7,0,-7.7,76,3.844,3.839,0,0,0,0,4.774,100.22,0.480951787044,4.265092,6,P-GPS,
109200,2026-05-22 09:17:24,51.9887206734216,4.38995715904921,4.265092,,,0.480951787044,4.265092,0,34.09941054,125.322838656,24,5,7.686,3.105623787044,6.889764,6.6437118,34.368767504,0,0,0,250, -6.4, -8.4,,,0,0,1024,1024,1024,1024,0,0,0,0,268.7,0,-7.5,76,3.844,3.839,0,0,0,0,4.774,100.22,0.480951787044,4.265092,6,P-GPS,
109300,2026-05-22 09:17:25,51.988720695867,4.389957254545,4.265092,,,0.480951787044,4.265092,0,34.082678256,125.345804536,24,5,7.686,3.105623787044,6.889764,6.6437118,34.368767504,0,0,0,250.1, -6.6, -7.9,,,0,0,1024,1024,1024,1024,0,0,0,0,268.8,0,-6.9,76,3.844,3.839,0,0,0,0,4.774,100.22,0.480951787044,4.265092,6,P-GPS,
109400,2026-05-22 09:17:25,51.9887206493742,4.38995741569631,4.265092,,,0.480951787044,4.265092,0,34.082022088,125.385830784,24,5,7.686,3.105623787044,6.889764,6.6437118,34.368767504,0,0,0,250.1, -6.3, -7.5,,,0,0,1024,1024,1024,1024,0,0,0,0,268.8,0,-6.9,76,3.844,3.839,0,0,0,0,4.774,100.22,0.480951787044,4.265092,6,P-GPS,
109500,2026-05-22 09:17:25,51.9887206530323,4.38995745283317,4.265092,,,0.480951787044,4.265092,0,34.077100828,125.394360968,24,5,7.686,3.105623787044,6.889764,6.6437118,34.368767504,0,0,0,250, -5.8, -7.7,,,0,0,1024,1024,1024,1024,0,0,0,0,268.9,0,-6.9,76,3.844,3.839,0,0,0,0,4.774,100.22,0.480951787044,4.265092,6,P-GPS,
109600,2026-05-22 09:17:25,51.9887206081929,4.38995758641877,4.265092,,,0.480951787044,4.265092,0,34.078741248,125.428481704,24,5,7.686,3.105623787044,6.889764,6.6437118,34.368767504,0,0,0,250, -5.6, -7.6,,,0,0,1024,1024,1024,1024,0,0,0,0,268.9,0,-7.1,76,3.844,3.839,0,0,0,0,4.774,100.22,0.480951787044,4.265092,6,P-GPS,
109700,2026-05-22 09:17:25,51.9887206071648,4.38995758136888,4.265092,,,0.480951787044,4.265092,0,34.0797255,125.42979404,24,5,7.686,3.105623787044,6.889764,6.6437118,34.368767504,0,0,0,250.1, -5.5, -7.9,,,0,0,1024,1024,1024,1024,0,0,0,0,268.8,0,-7.4,76,3.844,3.839,0,0,0,0,4.774,100.22,0.480951787044,4.265092,6,P-GPS,
109800,2026-05-22 09:17:25,51.9887205932007,4.38995757678502,4.265092,,,0.480951787044,4.265092,0,34.08464676,125.435043384,24,5,7.686,3.105623787044,6.889764,6.6437118,34.368767504,0,0,0,249.9, -5.3, -7.9,,,0,0,1024,1024,1024,1024,0,0,0,0,268.8,0,-7.3,76,3.844,3.839,0,0,0,0,4.774,100.22,0.480951787044,4.265092,6,P-GPS,
109900,2026-05-22 09:17:25,51.9887205886431,4.38995754220093,4.265092,,,0.480951787044,4.265092,0,34.08956802,125.4429174,24,5,7.68,3.105623787044,6.889764,6.6437118,34.368767504,0,0,0,249.9, -5, -7.7,,,0,0,1024,1024,1024,1024,0,0,0,0,268.7,0,-7.7,76,3.841,3.836,0,0,0,0,4.88,100.4,0.480951787044,4.265092,6,P-GPS,
110000,2026-05-22 09:17:25,51.9887206079701,4.3899571005303,4.265092,,,0.480951787044,4.265092,0,34.126641512,125.542326852,26,5,7.68,3.105623787044,6.889764,6.6437118,34.368767504,0,0,0,249.9, -5.1, -8.9,,,0,0,1024,1024,1024,1024,0,0,0,0,268.8,0,-8.2,76,3.841,3.836,0,0,0,0,4.88,100.4,0.480951787044,4.265092,6,P-GPS,
110100,2026-05-22 09:17:25,51.9887207242321,4.38995682548519,4.265092,,,0.480951787044,4.265092,0,34.115486656,125.617458088,26,5,7.68,3.105623787044,6.889764,6.6437118,34.368767504,0,0,0,250.1, -5.8, -8.9,,,0,0,1024,1024,1024,1024,0,0,0,0,268.8,0,-8.3,76,3.841,3.836,0,0,0,0,4.88,100.4,0.480951787044,4.265092,6,P-GPS,
110200,2026-05-22 09:17:25,51.988720719289,4.38995672500211,4.265092,,,0.480951787044,4.265092,0.223694,34.126969596,125.640095884,26,5,7.68,3.105623787044,6.889764,6.6437118,34.368767504,0,-0.223694,0,250, -4.6, -9,,,0,0,1024,1024,1024,1024,0,0,0,0,268.8,0,-8.3,76,3.841,3.836,0,0,0,0,4.88,100.4,0.480951787044,4.265092,6,P-GPS,
110300,2026-05-22 09:17:26,51.9887206961839,4.38995658682571,4.265092,,,0.480951787044,4.265092,0.223694,34.148295056,125.672248116,26,5,7.68,3.105623787044,6.889764,6.6437118,34.368767504,0,-0.223694,0,249.7, -2.6, -8.9,,,0,0,1024,1024,1024,1024,0,0,0,0,269,0,-7.8,76,3.841,3.836,0,0,0,0,4.88,100.4,0.480951787044,4.265092,6,P-GPS,
110400,2026-05-22 09:17:26,51.9887206398649,4.38995637146807,4.265092,,,0.480951787044,4.265092,0.223694,34.18799322,125.724741556,27,5,7.68,3.105623787044,6.889764,6.6437118,34.368767504,0,-0.223694,0,249.6, -0.2, -8.3,,,0,0,1024,1024,1024,1024,0,0,0,0,269.1,0,-7.9,76,3.841,3.836,0,0,0,0,4.88,100.4,0.480951787044,4.265092,6,P-GPS,
110500,2026-05-22 09:17:26,51.9887206342878,4.38995627821205,4.265092,,,0.480951787044,4.265092,0,34.199148076,125.745738932,27,5,7.68,3.105623787044,6.889764,6.6437118,34.368767504,0,0,0,249.6, 0, -9.1,,,0,0,1024,1024,1024,1024,0,0,0,0,269.1,0,-9.1,76,3.841,3.836,0,0,0,0,4.88,100.4,0.480951787044,4.265092,6,P-GPS,
110600,2026-05-22 09:17:26,51.9887205934577,4.38995630823316,4.265092,,,0.480951787044,4.265092,0,34.209646764,125.762143132,26,5,7.68,3.105623787044,6.889764,6.6437118,34.368767504,0,0,0,249.9, -1.2, -10.1,,,0,0,1024,1024,1024,1024,0,0,0,0,269.2,0,-8.9,76,3.841,3.836,0,0,0,0,4.88,100.4,0.480951787044,4.265092,6,P-GPS,
110700,2026-05-22 09:17:26,51.9887206108315,4.38995629723608,4.265092,,,0.480951787044,4.265092,0,34.205053588,125.769032896,26,5,7.68,3.105623787044,6.889764,6.6437118,34.368767504,0,0,0,249.9, -2.2, -9.6,,,0,0,1024,1024,1024,1024,0,0,0,0,269,0,-8.8,76,3.841,3.836,0,0,0,0,4.88,100.4,0.480951787044,4.265092,6,P-GPS,
110800,2026-05-22 09:17:26,51.9887206255324,4.38995634555783,4.265092,,,0.480951787044,4.265092,0,34.195539152,125.781172004,26,5,7.68,3.105623787044,6.889764,6.6437118,34.368767504,0,0,0,249.6, -1.1, -9.4,,,0,0,1024,1024,1024,1024,0,0,0,0,269,0,-8.8,76,3.841,3.836,0,0,0,0,4.88,100.4,0.480951787044,4.265092,6,P-GPS,
110900,2026-05-22 09:17:26,51.9887205804874,4.38995643296405,4.265092,,,0.480951787044,4.265092,0,34.201444664,125.806762556,26,5,7.675,3.105623787044,6.889764,6.6437118,34.368767504,0,0,0,249.7, -0.8, -9.4,,,0,0,1024,1024,1024,1024,0,0,0,0,269.1,0,-8.3,76,3.837,3.834,0,0,0,0,4.763,100.58,0.480951787044,4.265092,6,P-GPS,
111000,2026-05-22 09:17:26,51.9887205351683,4.38995638517094,4.265092,,,0.480951787044,4.265092,0,34.221129704,125.826447596,26,5,7.675,3.105623787044,6.889764,6.6437118,34.368767504,0,0,0,249.6, -0.4, -8.5,,,0,0,1024,1024,1024,1024,0,0,0,0,269,0,-7,76,3.837,3.834,0,0,0,0,4.763,100.58,0.480951787044,4.265092,6,P-GPS,
111100,2026-05-22 09:17:26,51.9887204693228,4.38995633854641,4.265092,,,0.480951787044,4.265092,0,34.247376424,125.852694316,26,5,7.675,3.105623787044,6.889764,6.6437118,34.368767504,0,0,0,249.5, -0.1, -7.2,,,0,0,1024,1024,1024,1024,0,0,0,0,269,0,-5.5,76,3.837,3.834,0,0,0,0,4.763,100.58,0.480951787044,4.265092,6,P-GPS,
111200,2026-05-22 09:17:26,51.9887203337338,4.38995648506278,4.265092,,,0.480951787044,4.265092,0,34.277232068,125.91207752,25,5,7.675,3.105623787044,6.889764,6.6437118,34.368767504,0,0,0,249.5, 0, -5.7,,,0,0,1024,1024,1024,1024,0,0,0,0,269,0,-4.2,76,3.837,3.834,0,0,0,0,4.763,100.58,0.480951787044,4.265092,6,P-GPS,
111300,2026-05-22 09:17:26,51.9887202693104,4.38995643258148,4.265092,,,0.480951787044,4.265092,0,34.303478788,125.93832424,25,5,7.675,3.105623787044,6.889764,6.6437118,34.368767504,0,0,0,249.4, 0.5, -4.5,,,0,0,1024,1024,1024,1024,0,0,0,0,268.9,0,-3.5,76,3.837,3.834,0,0,0,0,4.763,100.58,0.480951787044,4.265092,6,P-GPS,
111400,2026-05-22 09:17:27,51.9887201700024,4.38995616693361,4.265092,,,0.480951787044,4.265092,0,34.362205824,126.008206132,25,5,7.675,3.105623787044,6.889764,6.6437118,34.368767504,0,0,0,249.4, 0.7, -4.4,,,0,0,1024,1024,1024,1024,0,0,0,0,269,0,-4.1,76,3.837,3.834,0,0,0,0,4.763,100.58,0.480951787044,4.265092,6,P-GPS,
111500,2026-05-22 09:17:27,51.9887201884556,4.38995612398868,4.265092,,,0.480951787044,4.265092,0,34.360565404,126.020017156,25,5,7.675,3.105623787044,6.889764,6.6437118,34.368767504,0,0,0,249.4, 0.3, -5.3,,,0,0,1024,1024,1024,1024,0,0,0,0,268.9,0,-5.4,76,3.837,3.834,0,0,0,0,4.763,100.58,0.480951787044,4.265092,6,P-GPS,
111600,2026-05-22 09:17:27,51.988720261583,4.389955827958,4.265092,,,0.480951787044,4.265092,0,34.365814748,126.091539468,25,5,7.675,3.105623787044,6.889764,6.6437118,34.368767504,0,0,0,249.5, -0.5, -6.6,,,0,0,1024,1024,1024,1024,0,0,0,0,269,0,-6.1,76,3.837,3.834,0,0,0,0,4.763,100.58,0.480951787044,4.265092,6,P-GPS,
111700,2026-05-22 09:17:27,51.9887203222541,4.38995586606867,4.265092,,,0.480951787044,4.265092,0,34.3421927,126.115161516,25,5,7.675,3.105623787044,6.889764,6.6437118,34.368767504,0,0,0,249.7, -1.8, -6.9,,,0,0,1024,1024,1024,1024,0,0,0,0,269,0,-6,76,3.837,3.834,0,0,0,0,4.763,100.58,0.480951787044,4.265092,6,P-GPS,
111800,2026-05-22 09:17:27,51.9887203375032,4.38995589495599,4.265092,,,0.480951787044,4.265092,0,34.334318684,126.1236917,25,5,7.675,3.105623787044,6.889764,6.6437118,34.368767504,0,0,0,249.8, -2.3, -6.6,,,0,0,1024,1024,1024,1024,0,0,0,0,269,0,-5.7,76,3.837,3.834,0,0,0,0,4.763,100.58,0.480951787044,4.265092,6,P-GPS,
111900,2026-05-22 09:17:27,51.9887203626729,4.38995593218328,4.265092,,,0.480951787044,4.265092,0,34.32250766,126.136158892,25,5,7.68,3.105623787044,6.889764,6.6437118,34.368767504,0,0,0,249.7, -1.9, -6.4,,,0,0,1024,1024,1024,1024,0,0,0,0,268.9,0,-5.4,76,3.845,3.839,0,0,0,0,4.88,100.58,0.480951787044,4.265092,6,P-GPS,
112000,2026-05-22 09:17:27,51.9887202583276,4.38995579162801,4.265092,,,0.480951787044,4.265092,0,34.370736008,126.185699576,24,5,7.68,3.105623787044,6.889764,6.6437118,34.370736008,0,0,0,249.7, -1.8, -6,,,0,0,1024,1024,1024,1024,0,0,0,0,269,0,-5,76,3.845,3.839,0,0,0,0,4.88,100.58,0.480951787044,4.265092,6,P-GPS,
112100,2026-05-22 09:17:27,51.9887201165018,4.38995571974707,4.265092,,,0.480951787044,4.265092,0,34.4242137,126.239833436,24,5,7.68,3.105623787044,6.889764,6.6437118,34.4242137,0,0,0,249.8, -2, -5.9,,,0,0,1024,1024,1024,1024,0,0,0,0,269.1,0,-5.6,76,3.845,3.839,0,0,0,0,4.88,100.58,0.480951787044,4.265092,6,P-GPS,
112200,2026-05-22 09:17:27,51.9887201379192,4.38995567415894,4.265092,,,0.480951787044,4.265092,0,34.421589028,126.252956796,24,5,7.68,3.105623787044,6.889764,6.6437118,34.4242137,0,0,0,249.7, -1.1, -6.8,,,0,0,1024,1024,1024,1024,0,0,0,0,269,0,-6.5,76,3.845,3.839,0,0,0,0,4.88,100.58,0.480951787044,4.265092,6,P-GPS,
112300,2026-05-22 09:17:27,51.988720168606,4.38995560020518,4.265092,,,0.480951787044,4.265092,0,34.418964356,126.27296992,24,5,7.68,3.105623787044,6.889764,6.6437118,34.4242137,0,0,0,249.6, -0.2, -7.5,,,0,0,1024,1024,1024,1024,0,0,0,0,269,0,-7.2,76,3.845,3.839,0,0,0,0,4.88,100.58,0.480951787044,4.265092,6,P-GPS,
112400,2026-05-22 09:17:28,51.988720278854,4.38995534081055,4.265092,,,0.480951787044,4.265092,0,34.408793752,126.34350798,24,5,7.68,3.105623787044,6.889764,6.6437118,34.4242137,0,0,0,249.6, -0.8, -8.1,,,0,0,1024,1024,1024,1024,0,0,0,0,268.9,0,-7.5,76,3.845,3.839,0,0,0,0,4.88,100.58,0.480951787044,4.265092,6,P-GPS,
112500,2026-05-22 09:17:28,51.9887203106116,4.38995528807189,4.265092,,,0.480951787044,4.265092,0,34.403872492,126.360240264,24,5,7.68,3.105623787044,6.889764,6.6437118,34.4242137,0,0,0,249.6, -0.8, -8.5,,,0,0,1024,1024,1024,1024,0,0,0,0,268.9,0,-7.7,76,3.845,3.839,0,0,0,0,4.88,100.58,0.480951787044,4.265092,6,P-GPS,
112600,2026-05-22 09:17:28,51.9887203731931,4.38995498096067,4.265092,,,0.480951787044,4.265092,0,34.41437118,126.433074912,25,5,7.68,3.105623787044,6.889764,6.6437118,34.4242137,0,0,0,249.5, -0.6, -8.3,,,0,0,1024,1024,1024,1024,0,0,0,0,268.8,0,-7.4,76,3.845,3.839,0,0,0,0,4.88,100.58,0.480951787044,4.265092,6,P-GPS,
112700,2026-05-22 09:17:28,51.9887203880825,4.38995496311216,4.265092,,,0.480951787044,4.265092,0,34.41109034,126.439636592,25,5,7.68,3.105623787044,6.889764,6.6437118,34.4242137,0,0,0,249.5, -0.6, -8.2,,,0,0,1024,1024,1024,1024,0,0,0,0,268.9,0,-7.2,76,3.845,3.839,0,0,0,0,4.88,100.58,0.480951787044,4.265092,6,P-GPS,
112800,2026-05-22 09:17:28,51.988720327934,4.38995468792793,4.265092,,,0.480951787044,4.265092,0,34.45866252,126.505253392,25,5,7.68,3.105623787044,6.889764,6.6437118,34.45866252,0,0,0,249.7, -1.4, -7.7,,,0,0,1024,1024,1024,1024,0,0,0,0,268.9,0,-6.5,76,3.845,3.839,0,0,0,0,4.88,100.58,0.480951787044,4.265092,6,P-GPS,
112900,2026-05-22 09:17:28,51.9887203166856,4.38995475403558,4.265092,,,0.480951787044,4.265092,0,34.455709764,126.52067334,25,5,7.688,3.105623787044,6.889764,6.6437118,34.45866252,0,0,0,249.8, -2.3, -6.9,,,0,0,1024,1024,1024,1024,0,0,0,0,269,0,-5.7,76,3.843,3.84,0,0,0,0,4.687,100.76,0.480951787044,4.265092,6,P-GPS,
113000,2026-05-22 09:17:28,51.9887203627757,4.3899546649391,4.265092,,,0.480951787044,4.265092,0,34.449476168,126.54692006,26,5,7.688,3.105623787044,6.889764,6.6437118,34.45866252,0,0,0,249.8, -2.9, -6.1,,,0,0,1024,1024,1024,1024,0,0,0,0,269,0,-4.6,76,3.843,3.84,0,0,0,0,4.687,100.76,0.480951787044,4.265092,6,P-GPS,
113100,2026-05-22 09:17:28,51.9887203303156,4.38995472080786,4.265092,,,0.480951787044,4.265092,0,34.454397428,126.563980428,26,5,7.688,3.105623787044,6.889764,6.6437118,34.45866252,0,0,0,249.8, -3, -5.1,,,0,0,1024,1024,1024,1024,0,0,0,0,269,0,-4.4,76,3.843,3.84,0,0,0,0,4.687,100.76,0.480951787044,4.265092,6,P-GPS,
113200,2026-05-22 09:17:28,51.9887202315216,4.38995460397872,4.265092,,,0.480951787044,4.265092,0,34.498360684,126.608599852,26,5,7.688,3.105623787044,6.889764,6.6437118,34.498360684,0,0,0,249.7, -2.3, -5.5,,,0,0,1024,1024,1024,1024,0,0,0,0,268.9,0,-5,76,3.843,3.84,0,0,0,0,4.687,100.76,0.480951787044,4.265092,6,P-GPS,
113300,2026-05-22 09:17:28,51.9887202063091,4.38995455636646,4.265092,,,0.480951787044,4.265092,0,34.511484044,126.622707464,26,5,7.688,3.105623787044,6.889764,6.6437118,34.511484044,0,0,0,249.6, -1.1, -5.9,,,0,0,1024,1024,1024,1024,0,0,0,0,269,0,-5.3,76,3.843,3.84,0,0,0,0,4.687,100.76,0.480951787044,4.265092,6,P-GPS,
113400,2026-05-22 09:17:29,51.9887202314959,4.38995416506258,4.265092,,,0.480951787044,4.265092,0,34.542980108,126.711290144,26,5,7.688,3.105623787044,6.889764,6.6437118,34.542980108,0,0,0,249.6, 0.1, -6.1,,,0,0,1024,1024,1024,1024,0,0,0,0,269,0,-5.3,76,3.843,3.84,0,0,0,0,4.687,100.76,0.480951787044,4.265092,6,P-GPS,
113500,2026-05-22 09:17:29,51.9887202453743,4.38995379952984,4.265092,,,0.480951787044,4.265092,0,34.575460424,126.793311144,27,5,7.688,3.105623787044,6.889764,6.6437118,34.575460424,0,0,0,249.6, 0.4, -5.6,,,0,0,1024,1024,1024,1024,0,0,0,0,269,0,-4.4,76,3.843,3.84,0,0,0,0,4.687,100.76,0.480951787044,4.265092,6,P-GPS,
113600,2026-05-22 09:17:29,51.9887202164695,4.38995378897793,4.265092,,,0.480951787044,4.265092,0,34.585959112,126.804137916,27,5,7.688,3.105623787044,6.889764,6.6437118,34.585959112,0,0,0,249.6, -0.3, -5,,,0,0,1024,1024,1024,1024,0,0,0,0,269,0,-3.8,76,3.843,3.84,0,0,0,0,4.687,100.76,0.480951787044,4.265092,6,P-GPS,
113700,2026-05-22 09:17:29,51.9887201976051,4.38995381561854,4.265092,,,0.480951787044,4.265092,0,34.589568036,126.813324268,27,5,7.688,3.105623787044,6.889764,6.6437118,34.589568036,0,0,0,249.6, -1.1, -4.5,,,0,0,1024,1024,1024,1024,0,0,0,0,268.9,0,-3.9,76,3.843,3.84,0,0,0,0,4.687,100.76,0.480951787044,4.265092,6,P-GPS,
113800,2026-05-22 09:17:29,51.9887203739984,4.38995367790122,4.265092,,,0.480951787044,4.265092,0,34.546260948,126.88484658,27,5,7.688,3.105623787044,6.889764,6.6437118,34.589568036,0,0,0,249.6, -1.7, -4.9,,,0,0,1024,1024,1024,1024,0,0,0,0,268.9,0,-4.4,76,3.843,3.84,0,0,0,0,4.687,100.76,0.480951787044,4.265092,6,P-GPS,
113900,2026-05-22 09:17:29,51.9887203966922,4.38995373077899,4.265092,,,0.480951787044,4.265092,0,34.533465672,126.899282276,27,5,7.687,3.105623787044,6.889764,6.6437118,34.589568036,0,0,0,249.7, -2.3, -5.4,,,0,0,1024,1024,1024,1024,0,0,0,0,268.9,0,-4.9,76,3.843,3.841,0,0,0,0,4.746,100.76,0.480951787044,4.265092,6,P-GPS,
114000,2026-05-22 09:17:29,51.9887205505288,4.38995381719054,4.265092,,,0.480951787044,4.265092,0,34.474410552,126.95866548,26,5,7.687,3.105623787044,6.889764,6.6437118,34.589568036,0,0,0,249.7, -2.3, -5.6,,,0,0,1024,1024,1024,1024,0,0,0,0,268.9,0,-4.8,76,3.843,3.841,0,0,0,0,4.746,100.76,0.480951787044,4.265092,6,P-GPS,
114100,2026-05-22 09:17:29,51.9887205729913,4.38995384982702,4.265092,,,0.480951787044,4.265092,0,34.463911864,126.969820336,26,5,7.687,3.105623787044,6.889764,6.6437118,34.589568036,0,0,0,249.6, -2.3, -5.7,,,0,0,1024,1024,1024,1024,0,0,0,0,268.9,0,-5,76,3.843,3.841,0,0,0,0,4.746,100.76,0.480951787044,4.265092,6,P-GPS,
114200,2026-05-22 09:17:29,51.988720556757,4.38995397903743,4.265092,,,0.480951787044,4.265092,0,34.456037848,126.999347896,26,5,7.687,3.105623787044,6.889764,6.6437118,34.589568036,0,0,0,249.7, -2.6, -5.6,,,0,0,1024,1024,1024,1024,0,0,0,0,268.8,0,-5.2,76,3.843,3.841,0,0,0,0,4.746,100.76,0.480951787044,4.265092,6,P-GPS,
114300,2026-05-22 09:17:29,51.9887205894741,4.38995399395756,4.265092,,,0.480951787044,4.265092,0,34.44389874,127.011815088,26,5,7.687,3.105623787044,6.889764,6.6437118,34.589568036,0,0,0,249.7, -2.7, -6.3,,,0,0,1024,1024,1024,1024,0,0,0,0,268.8,0,-5.7,76,3.843,3.841,0,0,0,0,4.746,100.76,0.480951787044,4.265092,6,P-GPS,
114400,2026-05-22 09:17:30,51.9887205810528,4.38995402251796,4.265092,,,0.480951787044,4.265092,0,34.443570656,127.018704852,26,5,7.687,3.105623787044,6.889764,6.6437118,34.589568036,0,0,0,249.7, -2.7, -6.5,,,0,0,1024,1024,1024,1024,0,0,0,0,268.9,0,-6.3,76,3.843,3.841,0,0,0,0,4.746,100.76,0.480951787044,4.265092,6,P-GPS,
114500,2026-05-22 09:17:30,51.9887206223026,4.38995399070922,4.265092,,,0.480951787044,4.265092,0,34.433400052,127.035437136,26,5,7.687,3.105623787044,6.889764,6.6437118,34.589568036,0,0,0,249.8, -2.5, -7.5,,,0,0,1024,1024,1024,1024,0,0,0,0,268.9,0,-7.1,76,3.843,3.841,0,0,0,0,4.746,100.76,0.480951787044,4.265092,6,P-GPS,
114600,2026-05-22 09:17:30,51.9887207990129,4.38995390705911,4.265092,,,0.480951787044,4.265092,0,34.384515536,127.102694356,26,5,7.687,3.105623787044,6.889764,6.6437118,34.589568036,0,0,0,249.8, -2.1, -7.9,,,0,0,1024,1024,1024,1024,0,0,0,0,269,0,-7.4,76,3.843,3.841,0,0,0,0,4.746,100.76,0.480951787044,4.265092,6,P-GPS,
114700,2026-05-22 09:17:30,51.9887208349941,4.38995382927967,4.265092,,,0.480951787044,4.265092,0,34.380906612,127.1243479,26,5,7.687,3.105623787044,6.889764,6.6437118,34.589568036,0,0,0,249.7, -1.3, -8.5,,,0,0,1024,1024,1024,1024,0,0,0,0,268.9,0,-8.1,76,3.843,3.841,0,0,0,0,4.746,100.76,0.480951787044,4.265092,6,P-GPS,
114800,2026-05-22 09:17:30,51.9887208806387,4.38995371714568,4.265092,,,0.480951787044,4.265092,0,34.377625772,127.154531628,26,5,7.687,3.105623787044,6.889764,6.6437118,34.589568036,0,0,0,249.6, -0.7, -8.9,,,0,0,1024,1024,1024,1024,0,0,0,0,269,0,-7.7,76,3.843,3.841,0,0,0,0,4.746,100.76,0.480951787044,4.265092,6,P-GPS,
114900,2026-05-22 09:17:30,51.9887209115483,4.38995381381004,4.265092,,,0.480951787044,4.265092,0,34.357612648,127.179137928,26,5,7.679,3.105623787044,6.889764,6.6437118,34.589568036,0,0,0,249.7, -0.7, -8.1,,,0,0,1024,1024,1024,1024,0,0,0,0,269,0,-6.7,76,3.84,3.837,0,0,0,0,4.826,100.76,0.480951787044,4.265092,6,P-GPS,
115000,2026-05-22 09:17:30,51.988720885916,4.3899537758663,4.265092,,,0.480951787044,4.265092,0,34.369751756,127.191933204,26,5,7.679,3.105623787044,6.889764,6.6437118,34.589568036,0,0,0,249.7, -0.7, -6.9,,,0,0,1024,1024,1024,1024,0,0,0,0,269,0,-5.8,76,3.84,3.837,0,0,0,0,4.826,100.76,0.480951787044,4.265092,6,P-GPS,
115100,2026-05-22 09:17:30,51.9887208489154,4.38995374177607,4.265092,,,0.480951787044,4.593176,0,34.385499788,127.207353152,26,5,7.679,3.105623787044,6.889764,6.6437118,34.589568036,0,0,0,249.6, -0.6, -6.7,,,0,0,1024,1024,1024,1024,0,0,0,0,268.9,0,-5.9,76,3.84,3.837,0,0,0,0,4.826,100.76,0.480951787044,4.265092,6,P-GPS,
115200,2026-05-22 09:17:30,51.9887207168217,4.389953722599,4.265092,,,0.480951787044,4.265092,0,34.430119212,127.2555815,26,5,7.679,3.105623787044,6.889764,6.6437118,34.589568036,0,0,0,249.6, -0.4, -6.7,,,0,0,1024,1024,1024,1024,0,0,0,0,268.9,0,-6.1,76,3.84,3.837,0,0,0,0,4.826,100.76,0.480951787044,4.265092,6,P-GPS,
115300,2026-05-22 09:17:31,51.9887206954386,4.38995371840467,4.265092,,,0.480951787044,4.265092,0,34.437665144,127.263455516,26,5,7.679,3.105623787044,6.889764,6.6437118,34.589568036,0,0,0,249.6, -1, -6.9,,,0,0,1024,1024,1024,1024,0,0,0,0,268.9,0,-6.2,76,3.84,3.837,0,0,0,0,4.826,100.76,0.480951787044,4.265092,6,P-GPS,
115400,2026-05-22 09:17:31,51.9887205449689,4.38995387591812,4.265092,,,0.480951787044,4.265092,0,34.470473544,127.328744232,26,5,7.679,3.105623787044,6.889764,6.6437118,34.589568036,0,0,0,249.6, -1.5, -7.2,,,0,0,1024,1024,1024,1024,0,0,0,0,268.8,0,-6.5,76,3.84,3.837,0,0,0,0,4.826,100.76,0.480951787044,4.265092,6,P-GPS,
115500,2026-05-22 09:17:31,51.9887205119176,4.38995384888104,4.265092,,,0.480951787044,4.265092,0,34.483924988,127.34252376,26,5,7.679,3.105623787044,6.889764,6.6437118,34.589568036,0,0,0,249.7, -1.7, -7.1,,,0,0,1024,1024,1024,1024,0,0,0,0,268.9,0,-5.9,76,3.84,3.837,0,0,0,0,4.826,100.76,0.480951787044,4.265092,6,P-GPS,
115600,2026-05-22 09:17:31,51.9887204082319,4.38995401938091,4.265092,,,0.480951787044,4.265092,0,34.500329188,127.396329536,26,5,7.679,3.105623787044,6.889764,6.6437118,34.589568036,0,0,0,249.7, -1.3, -6.5,,,0,0,1024,1024,1024,1024,0,0,0,0,269,0,-5.6,76,3.84,3.837,0,0,0,0,4.826,100.76,0.480951787044,4.265092,6,P-GPS,
115700,2026-05-22 09:17:31,51.9887203607368,4.38995396760214,4.265092,,,0.480951787044,4.265092,0,34.52099848,127.416998828,26,5,7.679,3.105623787044,6.889764,6.6437118,34.589568036,0,0,0,249.6, -0.9, -6.2,,,0,0,1024,1024,1024,1024,0,0,0,0,268.9,0,-5.5,76,3.84,3.837,0,0,0,0,4.826,100.76,0.480951787044,4.265092,6,P-GPS,
115800,2026-05-22 09:17:31,51.9887201861339,4.38995436883887,4.265092,,,0.480951787044,4.265092,0,34.537074596,127.527563136,26,5,7.679,3.105623787044,6.889764,6.6437118,34.589568036,0,0,0,249.5, -0.3, -6.3,,,0,0,1024,1024,1024,1024,0,0,0,0,268.9,0,-5.6,76,3.84,3.837,0,0,0,0,4.826,100.76,0.480951787044,4.265092,6,P-GPS,
115900,2026-05-22 09:17:31,51.9887201548303,4.38995431360308,4.265092,,,0.480951787044,4.265092,0,34.552822628,127.54429542,26,5,7.684,3.105623787044,6.889764,6.6437118,34.589568036,0,0,0,249.4, 0.5, -6.2,,,0,0,1024,1024,1024,1024,0,0,0,0,268.8,0,-5.7,75,3.842,3.84,0,0,0,0,4.782,100.94,0.480951787044,4.265092,6,P-GPS,
116000,2026-05-22 09:17:31,51.9887200408386,4.38995460127988,4.265092,,,0.480951787044,4.265092,0,34.561024728,127.621067076,27,5,7.684,3.105623787044,6.889764,6.6437118,34.589568036,0,0,0,249.4, 0.4, -6.6,,,0,0,1024,1024,1024,1024,0,0,0,0,269,0,-6,75,3.842,3.84,0,0,0,0,4.782,100.94,0.480951787044,4.265092,6,P-GPS,
116100,2026-05-22 09:17:31,51.9887200508362,4.3899546369143,4.265092,,,0.480951787044,4.265092,0,34.554134964,127.629925344,27,5,7.684,3.105623787044,6.889764,6.6437118,34.589568036,0,0,0,249.7, -1.1, -7.1,,,0,0,1024,1024,1024,1024,0,0,0,0,269,0,-6.4,75,3.842,3.84,0,0,0,0,4.782,100.94,0.480951787044,4.265092,6,P-GPS,
116200,2026-05-22 09:17:31,51.9887201178811,4.38995479554067,4.265092,,,0.480951787044,4.265092,0,34.51607722,127.673232432,27,5,7.684,3.105623787044,6.889764,6.6437118,34.589568036,0,0,0,249.7, -1.6, -7.2,,,0,0,1024,1024,1024,1024,0,0,0,0,268.9,0,-6.1,75,3.842,3.84,0,0,0,0,4.782,100.94,0.480951787044,4.265092,6,P-GPS,
116300,2026-05-22 09:17:32,51.9887201317167,4.38995487453041,4.265092,,,0.480951787044,4.265092,0,34.503610028,127.691605136,27,5,7.684,3.105623787044,6.889764,6.6437118,34.589568036,0,0,0,249.8, -2.4, -6.7,,,0,0,1024,1024,1024,1024,0,0,0,0,268.9,0,-6.2,75,3.842,3.84,0,0,0,0,4.782,100.94,0.480951787044,4.265092,6,P-GPS,
116400,2026-05-22 09:17:32,51.9887202562886,4.3899547988377,4.265092,,,0.480951787044,4.265092,0,34.470801628,127.740161568,27,5,7.684,3.105623787044,6.889764,6.6437118,34.589568036,0,0,0,249.9, -3, -7.6,,,0,0,1024,1024,1024,1024,0,0,0,0,268.8,0,-7.5,75,3.842,3.84,0,0,0,0,4.782,100.94,0.480951787044,4.265092,6,P-GPS,
116500,2026-05-22 09:17:32,51.9887202809786,4.38995493464218,4.265092,,,0.480951787044,4.265092,0,34.449148084,127.771985716,27,5,7.684,3.105623787044,6.889764,6.6437118,34.589568036,0,0,0,249.9, -3.9, -8.4,,,0,0,1024,1024,1024,1024,0,0,0,0,268.7,0,-7.8,75,3.842,3.84,0,0,0,0,4.782,100.94,0.480951787044,4.265092,6,P-GPS,
116600,2026-05-22 09:17:32,51.9887203343163,4.3899550141397,4.265092,,,0.480951787044,4.265092,0,34.423557532,127.79856052,27,5,7.684,3.105623787044,6.889764,6.6437118,34.589568036,0,0,0,249.9, -4, -8.6,,,0,0,1024,1024,1024,1024,0,0,0,0,268.8,0,-7.7,75,3.842,3.84,0,0,0,0,4.782,100.94,0.480951787044,4.265092,6,P-GPS,
116700,2026-05-22 09:17:32,51.9887203829766,4.38995508828126,4.265092,,,0.480951787044,4.265092,0,34.400263568,127.822838736,27,5,7.684,3.105623787044,6.889764,6.6437118,34.589568036,0,0,0,249.9, -4.1, -8.4,,,0,0,1024,1024,1024,1024,0,0,0,0,268.7,0,-8,75,3.842,3.84,0,0,0,0,4.782,100.94,0.480951787044,4.265092,6,P-GPS,
116800,2026-05-22 09:17:32,51.9887204179811,4.38995527071028,4.265092,,,0.480951787044,4.265092,0,34.370407924,127.86581774,27,5,7.684,3.105623787044,6.889764,6.6437118,34.589568036,0,0,0,249.9, -4.2, -9,,,0,0,1024,1024,1024,1024,0,0,0,0,268.7,0,-8.4,75,3.842,3.84,0,0,0,0,4.782,100.94,0.480951787044,4.265092,6,P-GPS,
116900,2026-05-22 09:17:32,51.9887204550588,4.38995532660686,4.265092,,,0.480951787044,4.265092,0,34.352691388,127.884190444,27,5,7.681,3.105623787044,6.889764,6.6437118,34.589568036,0,0,0,249.9, -4.4, -9.1,,,0,0,1024,1024,1024,1024,0,0,0,0,268.7,0,-8.2,75,3.841,3.836,0,0,0,0,4.746,100.94,0.480951787044,4.265092,6,P-GPS,
117000,2026-05-22 09:17:32,51.9887203858293,4.3899556370499,4.265092,,,0.480951787044,4.265092,0,34.344489288,127.958337428,26,5,7.681,3.105623787044,6.889764,6.6437118,34.589568036,0,0,0,250, -4.5, -9,,,0,0,1024,1024,1024,1024,0,0,0,0,268.7,0,-8.4,75,3.841,3.836,0,0,0,0,4.746,100.94,0.480951787044,4.265092,6,P-GPS,
117100,2026-05-22 09:17:32,51.9887204055504,4.38995569220221,4.265092,,,0.480951787044,4.265092,0,34.33235018,127.972773124,26,5,7.681,3.105623787044,6.889764,6.6437118,34.589568036,0,0,0,250, -4.7, -9.1,,,0,0,1024,1024,1024,1024,0,0,0,0,268.7,0,-8.3,75,3.841,3.836,0,0,0,0,4.746,100.94,0.480951787044,4.265092,6,P-GPS,
117200,2026-05-22 09:17:32,51.9887204411975,4.38995582669205,4.265092,,,0.480951787044,4.265092,0,34.307415796,128.005581524,26,5,7.681,3.105623787044,6.889764,6.6437118,34.589568036,0,0,0,250, -5, -8.9,,,0,0,1024,1024,1024,1024,0,0,0,0,268.7,0,-8.2,75,3.841,3.836,0,0,0,0,4.746,100.94,0.480951787044,4.265092,6,P-GPS,
117300,2026-05-22 09:17:33,51.9887204341469,4.38995583725091,4.265092,,,0.480951787044,4.265092,0,34.308728132,128.009190448,26,5,7.681,3.105623787044,6.889764,6.6437118,34.589568036,0,0,0,250, -4.5, -8.8,,,0,0,1024,1024,1024,1024,0,0,0,0,268.8,0,-8,75,3.841,3.836,0,0,0,0,4.746,100.94,0.480951787044,4.265092,6,P-GPS,
117400,2026-05-22 09:17:33,51.9887203779478,4.38995580410666,4.265092,,,0.480951787044,4.265092,0,34.330381676,128.030843992,25,5,7.681,3.105623787044,6.889764,6.6437118,34.589568036,0,0,0,250, -4, -8.8,,,0,0,1024,1024,1024,1024,0,0,0,0,268.8,0,-8.1,75,3.841,3.836,0,0,0,0,4.746,100.94,0.480951787044,4.265092,6,P-GPS,
117500,2026-05-22 09:17:33,51.9887203549884,4.38995574176208,4.265092,,,0.480951787044,4.265092,0,34.34383312,128.047248192,25,5,7.681,3.105623787044,6.889764,6.6437118,34.589568036,0,0,0,249.8, -3.3, -8.9,,,0,0,1024,1024,1024,1024,0,0,0,0,268.7,0,-8.5,75,3.841,3.836,0,0,0,0,4.746,100.94,0.480951787044,4.265092,6,P-GPS,
117600,2026-05-22 09:17:33,51.9887202431469,4.38995584048535,4.265092,,,0.480951787044,4.265092,0,34.370736008,128.09383612,25,5,7.681,3.105623787044,6.889764,6.6437118,34.589568036,0,0,0,249.6, -1.9, -9.2,,,0,0,1024,1024,1024,1024,0,0,0,0,268.8,0,-8.3,75,3.841,3.836,0,0,0,0,4.746,100.94,0.480951787044,4.265092,6,P-GPS,
117700,2026-05-22 09:17:33,51.9887202152787,4.38995580012796,4.265092,,,0.480951787044,4.265092,0,34.383859368,128.107287564,25,5,7.681,3.105623787044,6.889764,6.6437118,34.589568036,0,0,0,249.7, -2.2, -8.6,,,0,0,1024,982,1024,1024,0,-6,0,0,268.7,0,-7.9,75,3.841,3.836,0,0,0,0,4.746,100.94,0.480951787044,4.265092,6,P-GPS,
117800,2026-05-22 09:17:33,51.9887202389748,4.38995601809402,4.265092,,,0.480951787044,4.265092,0,34.354331808,128.157156332,25,5,7.681,3.105623787044,6.889764,6.6437118,34.589568036,0,0,0,249.7, -2.7, -8.8,,,0,0,1024,1024,1024,1024,0,0,0,0,268.7,0,-8.2,75,3.841,3.836,0,0,0,0,4.746,100.94,0.480951787044,4.265092,6,P-GPS,
117900,2026-05-22 09:17:33,51.9887203684299,4.3899561267849,4.265092,,,0.480951787044,4.265092,0,34.3011822,128.21030594,25,5,7.676,3.105623787044,6.889764,6.6437118,34.589568036,0,0,0,249.7, -3, -8.6,,,0,0,1024,1024,1024,1024,0,0,0,0,268.8,0,-7.4,75,3.836,3.835,0,0,0,0,4.946,100.94,0.480951787044,4.265092,6,P-GPS,
118000,2026-05-22 09:17:33,51.9887203437657,4.38995619393592,4.265092,,,0.480951787044,4.265092,0,34.30282262,128.227694392,25,5,7.676,3.105623787044,6.889764,6.6437118,34.589568036,0,0,0,249.9, -3.7, -7.9,,,0,0,1024,1024,1024,1024,0,0,0,0,268.8,0,-7.2,75,3.836,3.835,0,0,0,0,4.946,100.94,0.480951787044,4.265092,6,P-GPS,
118100,2026-05-22 09:17:33,51.9887203223912,4.38995626859917,4.265092,,,0.480951787044,4.265092,0,34.302166452,128.24639518,25,5,7.676,3.105623787044,6.889764,6.6437118,34.589568036,0,0,0,249.9, -3.8, -7.9,,,0,0,1024,1024,1024,1024,0,0,0,0,268.9,0,-7.1,75,3.836,3.835,0,0,0,0,4.946,100.94,0.480951787044,4.265092,6,P-GPS,
118200,2026-05-22 09:17:33,51.988720344511,4.38995656357257,4.265092,,,0.480951787044,4.265092,0,34.265749128,128.312996232,25,5,7.676,3.105623787044,6.889764,6.6437118,34.589568036,0,0,0,249.9, -3.7, -7.7,,,0,0,1024,1024,1024,1024,0,0,0,0,268.9,0,-6.7,75,3.836,3.835,0,0,0,0,4.946,100.94,0.480951787044,4.265092,6,P-GPS,
118300,2026-05-22 09:17:33,51.9887201622579,4.38995656239705,4.265092,,,0.480951787044,4.265092,0,34.3257885,128.379597284,26,5,7.676,3.105623787044,6.889764,6.6437118,34.589568036,0,0,0,249.9, -3.6, -7.2,,,0,0,1024,1024,1024,1024,0,0,0,0,268.9,0,-6.1,75,3.836,3.835,0,0,0,0,4.946,100.94,0.480951787044,4.265092,6,P-GPS,
118400,2026-05-22 09:17:34,51.9887201469145,4.38995658411992,4.265092,,,0.480951787044,4.265092,0,34.328741256,128.386815132,26,5,7.676,3.105623787044,6.889764,6.6437118,34.589568036,0,0,0,249.8, -3.4, -6.9,,,0,0,1024,1024,1024,1024,0,0,0,0,268.8,0,-6.6,75,3.836,3.835,0,0,0,0,4.946,100.94,0.480951787044,4.265092,6,P-GPS,
118500,2026-05-22 09:17:34,51.9887199939004,4.38995659174345,4.265092,,,0.480951787044,4.265092,0,34.377953856,128.442917496,25,5,7.676,3.105623787044,6.889764,6.6437118,34.589568036,0,0,0,249.8, -3.1, -7.6,,,0,0,1024,1024,1024,1024,0,0,0,0,268.9,0,-6.8,75,3.836,3.835,0,0,0,0,4.946,100.94,0.480951787044,4.265092,6,P-GPS,
118600,2026-05-22 09:17:34,51.9887199968645,4.38995653314107,4.265092,,,0.480951787044,4.265092,0,34.382875116,128.456040856,25,5,7.676,3.105623787044,6.889764,6.6437118,34.589568036,0,0,0,249.8, -2.8, -7.6,,,0,0,1024,1024,1024,1024,0,0,0,0,268.9,0,-7.1,75,3.836,3.835,0,0,0,0,4.946,100.94,0.480951787044,4.265092,6,P-GPS,
118700,2026-05-22 09:17:34,51.988720003581,4.38995643564202,4.265092,,,0.480951787044,4.265092,0,34.390092964,128.478022484,25,5,7.676,3.105623787044,6.889764,6.6437118,34.589568036,0,0,0,249.6, -1.2, -8,,,0,0,1024,1024,1024,1024,0,0,0,0,268.9,0,-7.6,75,3.836,3.835,0,0,0,0,4.946,100.94,0.480951787044,4.265092,6,P-GPS,
118800,2026-05-22 09:17:34,51.9887198116729,4.38995626058612,4.265092,,,0.480951787044,4.265092,0,34.470473544,128.558403064,25,5,7.676,3.105623787044,6.889764,6.6437118,34.589568036,0,0,0,249.4, 0.7, -8.5,,,0,0,888,1024,1024,1024,-21,0,0,0,269,0,-7.6,75,3.836,3.835,0,0,0,0,4.946,100.94,0.480951787044,4.265092,6,P-GPS,
118900,2026-05-22 09:17:34,51.9887198179097,4.389956189519,4.265092,,,0.480951787044,4.265092,0,34.475394804,128.57447918,25,5,7.68,3.105623787044,6.889764,6.6437118,34.589568036,0,0,0,249.5, 0.8, -8.3,,,0,0,416,1024,1024,1024,-92,0,0,0,269.1,0,-7.6,75,3.841,3.839,0,0,0,0,4.789,101.12,0.480951787044,4.265092,6,P-GPS,
119000,2026-05-22 09:17:34,51.9887198174813,4.38995606152585,4.265092,,,0.480951787044,4.265092,0,34.48819008,128.603350572,25,5,7.68,3.105623787044,6.889764,6.6437118,34.589568036,0,0,0,249.5, 2.2, -8.4,,,0,0,364,1024,1024,1024,-100,0,0,0,269.5,0,-7.4,75,3.841,3.839,0,0,0,0,4.789,101.12,0.480951787044,4.265092,6,P-GPS,
119100,2026-05-22 09:17:34,51.9887199198477,4.38995606472551,4.265092,,,0.480951787044,4.265092,0,34.454397428,128.640752148,25,5,7.68,3.105623787044,6.889764,6.6437118,34.589568036,0,0,0,248.9, 10.2, -8,,,0,0,364,1024,1024,1024,-100,0,0,0,269.7,0,-6.9,75,3.841,3.839,0,0,0,0,4.789,101.12,0.480951787044,4.265092,6,P-GPS,
119200,2026-05-22 09:17:34,51.9887199749588,4.38995638270165,4.265092,,,0.480951787044,4.265092,0.447388,34.404856744,128.714899132,25,5,7.68,3.105623787044,6.889764,6.6437118,34.589568036,0,0.447388,0,248.6, 12.5, -7.9,,,0,0,364,1024,1024,1024,-100,0,0,0,269.6,0,-6.6,75,3.841,3.839,0,0,0,0,4.789,101.12,0.480951787044,4.265092,6,P-GPS,
119300,2026-05-22 09:17:34,51.9887200934054,4.38995701372228,4.265092,,,0.480951787044,4.265092,1.1408394,34.303806872,128.8631931,25,5,7.68,3.105623787044,6.889764,6.6437118,34.589568036,0.223694,1.11847,0,248.8, 11.9, -7.5,,,0,0,364,1024,1024,1024,-100,0,0,0,269.7,0,-6.2,75,3.841,3.839,0,0,0,0,4.789,101.12,0.480951787044,4.265092,6,P-GPS,
119400,2026-05-22 09:17:35,51.9887203302556,4.38995795367654,4.265092,,,0.480951787044,4.265092,1.6329662,34.134515528,129.09121148,25,5,7.68,3.105623787044,6.889764,6.6437118,34.589568036,0.447388,1.565858,0,249, 11.3, -6.9,,,0,0,364,1024,1024,1024,-100,0,0,0,269.7,0,-5.7,75,3.841,3.839,0,0,0,0,4.789,101.12,0.480951787044,4.265092,6,P-GPS,
119500,2026-05-22 09:17:35,51.9887205284175,4.38995939507237,4.265092,,,0.480951787044,4.593176,1.8342908,33.930119196,129.422904404,25,5,7.68,3.105623787044,6.889764,6.6437118,34.589568036,0.447388,1.789552,0,249.1, 10.5, -6.4,,,0,0,364,1024,1024,1024,-100,0,0,0,269.5,0,-5,75,3.841,3.839,0,0,0,0,4.789,101.12,0.480951787044,4.265092,6,P-GPS,
119600,2026-05-22 09:17:35,51.9887208240884,4.38996082293923,4.265092,,,0.480951787044,4.265092,2.3264176,33.697179556,129.761487092,23,5,7.68,3.105623787044,6.889764,6.6437118,34.589568036,0.671082,2.23694,0,249.2, 10.2, -5.8,,,0,0,364,1024,1024,1024,-100,0,0,0,269.6,0,-5.1,75,3.841,3.839,0,0,0,0,4.789,101.12,0.480951787044,4.265092,6,P-GPS,
119700,2026-05-22 09:17:35,51.9887211726943,4.38996241924705,4.265092,,,0.480951787044,4.265092,2.6172198,33.432415768,130.142064532,23,5,7.68,3.105623787044,6.889764,6.6437118,34.589568036,0.894776,2.460634,0,249.1, 10.3, -5.9,,,0,0,364,1024,1024,1024,-100,0,0,0,269.3,0,-4.4,75,3.841,3.839,0,0,0,0,4.789,101.12,0.480951787044,4.265092,6,P-GPS,
119800,2026-05-22 09:17:35,51.9887215934168,4.38996438583841,4.265092,,,0.480951787044,4.265092,2.8185444,33.112533868,130.609912316,23,5,7.68,3.105623787044,6.889764,6.6437118,34.589568036,0.894776,2.684328,0,249.1, 10.8, -5.2,,,0,0,364,1024,1024,1024,-100,0,0,0,269.5,0,-4.8,75,3.841,3.839,0,0,0,0,4.789,101.12,0.480951787044,4.265092,6,P-GPS,
119900,2026-05-22 09:17:35,51.9887220507887,4.3899663544052,4.265092,,,0.480951787044,4.265092,3.3330406,32.7838921252,131.08268136,23,5,7.683,3.105623787044,6.889764,6.6437118,34.589568036,1.11847,3.131716,0,249.1, 9.6, -6.1,,,0,0,364,1024,1024,1024,-100,0,0,0,269.5,0,-5.2,75,3.844,3.841,0,0,0,0,4.746,101.12,0.480951787044,4.265092,6,P-GPS,
120000,2026-05-22 09:17:35,51.98872255288,4.38996859478964,4.265092,,,0.480951787044,4.265092,3.5343652,32.420276628,131.618114448,24,5,7.683,3.105623787044,6.889764,6.6437118,34.589568036,1.11847,3.35541,0,249.1, 9.2, -6.2,,,0,0,364,1024,1024,1024,-100,0,0,0,269.4,0,-5.2,75,3.844,3.841,0,0,0,0,4.746,101.12,0.480951787044,4.265092,6,P-GPS,
120100,2026-05-22 09:17:35,51.988723067539,4.38997085709171,4.265092,,,0.480951787044,4.265092,3.7580592,32.0553816032,132.160109216,24,5,7.683,3.105623787044,6.889764,6.6437118,34.589568036,1.11847,3.579104,0,248.9, 10.2, -5.9,,,0,0,364,1024,1024,1024,-100,0,0,0,269.2,0,-4.3,75,3.844,3.841,0,0,0,0,4.746,101.12,0.480951787044,4.265092,6,P-GPS,
120200,2026-05-22 09:17:35,51.9887237129895,4.3899735310885,4.265092,,,0.480951787044,4.265092,4.026492,31.617947206,132.805450444,24,5,7.683,3.105623787044,6.889764,6.6437118,34.589568036,1.342164,3.802798,0,248.9, 11, -5.4,,,0,0,364,1024,1024,1024,-100,0,0,0,269.4,0,-5.4,75,3.844,3.841,0,0,0,0,4.746,101.12,0.480951787044,4.265092,6,P-GPS,
120300,2026-05-22 09:17:35,51.9887243350522,4.38997611547757,4.265092,,,0.480951787044,4.265092,4.3172942,31.2026584788,133.428810044,24,5,7.683,3.105623787044,6.889764,6.6437118,34.589568036,1.565858,4.026492,0,248.9, 10, -6.7,,,0,0,364,1024,1024,1024,-100,0,0,0,269.3,0,-5.6,75,3.844,3.841,0,0,0,0,4.746,101.12,0.480951787044,4.265092,6,P-GPS,
120400,2026-05-22 09:17:36,51.9887249692543,4.38997931712875,4.265092,,,0.480951787044,4.265092,4.5186188,30.7450469156,134.184387496,26,5,7.683,3.105623787044,6.889764,6.6437118,34.589568036,1.565858,4.250186,0,248.9, 9.5, -6.3,,,0,0,364,1024,1024,1024,-100,0,0,0,269.4,0,-5.6,75,3.844,3.841,0,0,0,0,4.746,101.12,0.480951787044,4.265092,6,P-GPS,
120500,2026-05-22 09:17:36,51.9887256951484,4.38998217800626,4.265092,,,0.480951787044,4.265092,4.809421,30.2909130428,134.879597492,26,5,7.683,3.105623787044,6.889764,6.6437118,34.589568036,1.789552,4.47388,0,249, 9.1, -7.2,,,0,0,364,1024,1024,1024,-100,0,0,0,269.5,0,-6.5,75,3.844,3.841,0,0,0,0,4.746,101.12,0.480951787044,4.265092,6,P-GPS,
120600,2026-05-22 09:17:36,51.9887264372939,4.38998553272963,4.265092,,,0.480951787044,4.265092,5.033115,29.808399904,135.680450536,27,5,7.683,3.105623787044,6.889764,6.6437118,34.589568036,1.789552,4.697574,0,249, 8.8, -7.3,,,0,0,364,1024,1024,1024,-100,0,0,0,269.5,0,-6.5,75,3.844,3.841,0,0,0,0,4.746,101.12,0.480951787044,4.265092,6,P-GPS,
120700,2026-05-22 09:17:36,51.9887272584267,4.38998867459248,4.265092,,,0.480951787044,4.265092,5.3239172,29.3247712796,136.447510928,27,5,7.683,3.105623787044,6.889764,6.6437118,34.589568036,2.013246,4.921268,0,249.1, 8.1, -7.7,,,0,0,364,1024,1024,1024,-100,0,0,0,269.6,0,-7,75,3.844,3.841,0,0,0,0,4.746,101.12,0.480951787044,4.265092,6,P-GPS,
120800,2026-05-22 09:17:36,51.9887281513847,4.38999223621179,4.265092,,,0.480951787044,4.265092,5.3239172,28.8048237564,137.3113561,27,5,7.683,3.105623787044,6.889764,6.6437118,34.589568036,2.013246,4.921268,0,249.1, 8.1, -7.8,,,0,0,364,1024,1024,1024,-100,0,0,0,269.6,0,-7.2,75,3.844,3.841,0,0,0,0,4.746,101.12,0.480951787044,4.265092,6,P-GPS,
120900,2026-05-22 09:17:36,51.9887290115141,4.38999552040016,4.265092,,,0.480951787044,3.937008,5.5252418,28.3271990692,138.113193396,27,5,7.672,3.105623787044,6.889764,6.6437118,34.589568036,2.013246,5.144962,0,249.1, 8, -8.1,,,0,0,364,1024,1024,1024,-100,0,0,0,269.6,0,-7.1,75,3.833,3.831,0,0,0,0,4.465,101.3,0.480951787044,4.265092,6,P-GPS,
121000,2026-05-22 09:17:36,51.9887297324565,4.38999931370231,4.265092,,,0.480951787044,3.937008,5.5252418,27.8916347508,139.005253792,26,5,7.672,3.105623787044,6.889764,6.6437118,34.589568036,2.013246,5.144962,0,249, 8.6, -7.9,,,0,0,1024,1024,1024,1024,0,0,0,0,269.5,0,-6.9,75,3.833,3.831,0,0,0,0,4.465,101.3,0.480951787044,4.265092,6,P-GPS,
121100,2026-05-22 09:17:36,51.9887305748952,4.39000271426943,4.265092,,,0.480951787044,3.937008,5.7265664,27.4493775188,139.828744632,26,5,7.672,3.105623787044,6.889764,6.6437118,34.589568036,2.013246,5.368656,0,249, 5.2, -7.7,,,0,0,1024,1024,1024,1024,0,0,0,0,268.9,0,-6.9,75,3.833,3.831,0,0,0,0,4.465,101.3,0.480951787044,4.265092,6,P-GPS,
121200,2026-05-22 09:17:36,51.9887313831262,4.3900067415846,4.265092,,,0.480951787044,3.937008,5.5252418,27.017225274,140.780516316,27,5,7.672,3.105623787044,6.889764,6.6437118,34.589568036,2.013246,5.144962,0,249.7, -3, -7.6,,,0,0,1024,1024,1024,1024,0,0,0,0,268.8,0,-6.7,75,3.833,3.831,0,0,0,0,4.465,101.3,0.480951787044,4.265092,6,P-GPS,
121300,2026-05-22 09:17:36,51.9887321538254,4.39000997800073,4.265092,,,0.480951787044,3.937008,5.2344396,26.645506102,141.5600439,27,5,7.672,3.105623787044,6.889764,6.6437118,34.589568036,1.789552,4.921268,0,249.8, -3.4, -7.4,,,0,0,1495,1024,1024,1024,71,0,0,0,268.8,0,-6.6,75,3.833,3.831,0,0,0,0,4.465,101.3,0.480951787044,4.265092,6,P-GPS,
121400,2026-05-22 09:17:37,51.9887330883844,4.39001333695147,4.265092,,,0.480951787044,3.937008,4.7423128,26.2297252488,142.388127916,26,5,7.672,3.105623787044,6.889764,6.6437118,34.589568036,1.565858,4.47388,0,250, -6.4, -7.5,,,0,0,1684,1295,1024,1024,100,41,0,0,268.6,0,-6.5,75,3.833,3.831,0,0,0,0,4.465,101.3,0.480951787044,4.265092,6,P-GPS,
121500,2026-05-22 09:17:37,51.9887337407998,4.39001612892858,4.265092,,,0.480951787044,3.937008,4.3172942,25.9444890192,143.059059696,26,5,7.672,3.105623787044,6.889764,6.6437118,34.589568036,1.565858,4.026492,0,250.3, -11.5, -7.1,,,0,0,1684,1295,1024,1024,100,41,0,0,268.4,0,-5.4,75,3.833,3.831,0,0,0,0,4.465,101.3,0.480951787044,4.265092,6,P-GPS,
121600,2026-05-22 09:17:37,51.9887342681465,4.39001892097612,4.265092,,,0.480951787044,3.937008,3.8251674,25.7191937364,143.715227696,27,5,7.672,3.105623787044,6.889764,6.6437118,34.589568036,1.342164,3.579104,0,250.5, -16.9, -5.6,,,0,0,1684,1432,1024,1024,100,62,0,0,268.7,0,-3.1,75,3.833,3.831,0,0,0,0,4.465,101.3,0.480951787044,4.265092,6,P-GPS,
121700,2026-05-22 09:17:37,51.988734767068,4.39002096219247,4.265092,,,0.480951787044,3.937008,2.908022,25.5225401868,144.208666032,27,5,7.672,3.105623787044,6.889764,6.6437118,34.589568036,1.11847,2.684328,0,250.1, -16.2, -3,,,0,0,1684,1418,1024,1024,100,60,0,0,268.9,0,-1.5,75,3.833,3.831,0,0,0,0,4.465,101.3,0.480951787044,4.265092,6,P-GPS,
121800,2026-05-22 09:17:37,51.9887351251147,4.39002269912251,4.265092,,,0.480951787044,3.937008,2.1922012,25.3857947756,144.620411452,27,5,7.672,3.105623787044,6.889764,6.6437118,34.589568036,0.894776,2.013246,0,249.9, -15.1, -2.1,,,0,0,1684,1356,1024,1024,100,50,0,0,268.8,0,-1.7,75,3.833,3.831,0,0,0,0,4.465,101.3,0.480951787044,4.265092,6,P-GPS,
121900,2026-05-22 09:17:37,51.9887357497647,4.39002428592701,4.265092,,,0.480951787044,3.937008,1.6105968,25.1575467368,145.043311728,27,5,7.667,3.105623787044,6.889764,6.6437118,34.589568036,0.894776,1.342164,0,249.9, -15.1, -3,,,0,0,1684,1356,1024,1024,100,50,0,0,268.7,0,-2.7,75,3.835,3.834,0,0,0,0,5.139,101.48,0.480951787044,4.265092,6,P-GPS,
122000,2026-05-22 09:17:37,51.9887361521539,4.39002505675343,4.265092,,,0.480951787044,3.937008,1.2750558,25.0124023752,145.27067394,27,5,7.667,3.105623787044,6.889764,6.6437118,34.589568036,0.894776,0.894776,0,250, -14.9, -3.6,,,0,0,1684,1355,1024,1024,100,50,0,0,268.7,0,-3.1,75,3.835,3.834,0,0,0,0,5.139,101.48,0.480951787044,4.265092,6,P-GPS,
122100,2026-05-22 09:17:37,51.9887365268377,4.39002549868837,4.265092,,,0.480951787044,3.937008,0.7158208,24.8772317672,145.4396372,27,5,7.667,3.105623787044,6.889764,6.6437118,34.589568036,0.671082,0.223694,0,250.1, -14.2, -4.1,,,0,0,1684,1310,1024,1024,100,43,0,0,268.7,0,-3.5,75,3.835,3.834,0,0,0,0,5.139,101.48,0.480951787044,4.265092,6,P-GPS,
122200,2026-05-22 09:17:37,51.9887369343842,4.39002621328477,4.265092,,,0.480951787044,3.937008,0.671082,24.7318249384,145.658469228,27,5,7.667,3.105623787044,6.889764,6.6437118,34.589568036,0.671082,0,0,250.1, -13.6, -4.4,,,0,0,1684,1164,1024,1024,100,21,0,0,268.7,0,-3.7,75,3.835,3.834,0,0,0,0,5.139,101.48,0.480951787044,4.265092,6,P-GPS,
122300,2026-05-22 09:17:38,51.9887373000555,4.39002637137554,4.265092,,,0.480951787044,3.937008,0.7158208,24.5993446192,145.796264508,27,5,7.667,3.105623787044,6.889764,6.6437118,34.589568036,0.671082,-0.223694,0,250.2, -13.9, -5,,,0,0,1684,1164,1024,1024,100,21,0,0,268.4,0,-5,75,3.835,3.834,0,0,0,0,5.139,101.48,0.480951787044,4.265092,6,P-GPS,
122400,2026-05-22 09:17:38,51.9887372818765,4.39002686171439,4.265092,,,0.480951787044,3.937008,0.8052984,24.6089902888,145.906828816,27,5,7.667,3.105623787044,6.889764,6.6437118,34.589568036,0.447388,-0.671082,0,250.4, -14.6, -6.2,,,0,0,1684,1164,1024,1024,100,21,0,0,268.3,0,-5.7,75,3.835,3.834,0,0,0,0,5.139,101.48,0.480951787044,4.265092,6,P-GPS,
122500,2026-05-22 09:17:38,51.9887372447473,4.3900261598627,4.265092,,,0.480951787044,3.937008,1.006623,24.6183406828,146.064965304,27,5,7.667,3.105623787044,6.889764,6.6437118,34.589568036,0.447388,-0.894776,0,250.6, -15.4, -6.7,,,0,0,1684,1120,1024,1024,100,15,0,0,268.3,0,-5.8,75,3.835,3.834,0,0,0,0,5.139,101.48,0.480951787044,4.265092,6,P-GPS,
122600,2026-05-22 09:17:38,51.9887374522215,4.3900256367,4.265092,,,0.480951787044,3.937008,1.3645334,24.540191074,146.204729088,28,5,7.667,3.105623787044,6.889764,6.6437118,34.589568036,0.223694,-1.342164,0,250.6, -15.9, -6.9,,,0,0,1684,1114,1024,1024,100,14,0,0,268.2,0,-6.3,75,3.835,3.834,0,0,0,0,5.139,101.48,0.480951787044,4.265092,6,P-GPS,
122700,2026-05-22 09:17:38,51.9887375809313,4.39002477664799,4.265092,,,0.480951787044,3.937008,1.565858,24.4904207312,146.403547992,28,5,7.667,3.105623787044,6.889764,6.6437118,34.589568036,0,-1.565858,0,250.6, -16, -7.4,,,0,0,1684,1108,1024,1024,100,13,0,0,268.2,0,-6.4,75,3.835,3.834,0,0,0,0,5.139,101.48,0.480951787044,4.265092,6,P-GPS,
122800,2026-05-22 09:17:38,51.9887374635813,4.39002277140124,4.265092,,,0.480951787044,3.937008,2.013246,24.5325139084,146.856303912,28,5,7.667,3.105623787044,6.889764,6.6437118,34.589568036,0,-2.013246,0,250.7, -16, -7.3,,,0,0,1684,1099,1024,1024,100,11,0,0,268.1,0,-6.6,75,3.835,3.834,0,0,0,0,5.139,101.48,0.480951787044,4.265092,6,P-GPS,
122900,2026-05-22 09:17:38,51.9887374315238,4.39002134297618,4.265092,,,0.480951787044,3.937008,2.23694,24.5487540664,147.177498148,28,5,7.665,3.105623787044,6.889764,6.6437118,34.589568036,0,-2.23694,0,250.6, -15.9, -7.6,,,0,0,1684,1024,1024,1024,100,0,0,0,268,0,-6.7,75,3.834,3.832,0,0,0,0,5.16,101.48,0.480951787044,4.265092,6,P-GPS,
123000,2026-05-22 09:17:38,51.9887369622096,4.39001931969094,4.265092,,,0.480951787044,3.937008,2.460634,24.7334653584,147.663062468,29,5,7.665,3.105623787044,6.889764,6.6437118,34.589568036,-0.223694,-2.460634,0,250.6, -16.1, -7.6,,,0,0,1684,1024,1024,1024,100,0,0,0,268.2,0,-6.1,75,3.834,3.832,0,0,0,0,5.16,101.48,0.480951787044,4.265092,6,P-GPS,
123100,2026-05-22 09:17:38,51.9887367624799,4.39001748237607,4.265092,,,0.480951787044,3.937008,2.9527608,24.8257225792,148.08235382,29,5,7.665,3.105623787044,6.889764,6.6437118,34.589568036,-0.447388,-2.908022,0,250.6, -16.4, -6.8,,,0,0,1401,1024,1024,1024,57,0,0,0,268.3,0,-5.8,75,3.834,3.832,0,0,0,0,5.16,101.48,0.480951787044,4.265092,6,P-GPS,
123200,2026-05-22 09:17:38,51.988736168414,4.39001508135114,4.265092,,,0.480951787044,3.937008,3.1988242,25.0775598576,148.663718668,29,5,7.665,3.105623787044,6.889764,6.6437118,34.589568036,-0.671082,-3.131716,0,250.5, -13.8, -6.8,,,0,0,1024,1024,1024,1024,0,0,0,0,268.6,0,-5.8,75,3.834,3.832,0,0,0,0,5.16,101.48,0.480951787044,4.265092,6,P-GPS,
123300,2026-05-22 09:17:39,51.9887358564231,4.3900128907422,4.265092,,,0.480951787044,3.937008,3.4225182,25.2332357156,149.168968028,29,5,7.665,3.105623787044,6.889764,6.6437118,34.589568036,-0.671082,-3.35541,0,250, -7.3, -6.4,,,0,0,1024,1024,1024,1024,0,0,0,0,268.6,0,-5.7,75,3.834,3.832,0,0,0,0,5.16,101.48,0.480951787044,4.265092,6,P-GPS,
123400,2026-05-22 09:17:39,51.9887354150457,4.39001030761126,4.265092,,,0.480951787044,3.937008,3.1988242,25.4551189248,149.771330252,30,5,7.665,3.105623787044,6.889764,6.6437118,34.589568036,-0.671082,-3.131716,0,249.5, -2.1, -6.2,,,0,0,1024,1024,1024,1024,0,0,0,0,268.8,0,-4.3,75,3.834,3.832,0,0,0,0,5.16,101.48,0.480951787044,4.265092,6,P-GPS,
123500,2026-05-22 09:17:39,51.9887350664483,4.39000828718658,4.265092,,,0.480951787044,3.937008,2.9751302,25.6383866472,150.24278696,30,5,7.665,3.105623787044,6.889764,6.6437118,34.589568036,-0.671082,-2.908022,0,249.5, -0.6, -4.3,,,0,0,1102,1024,1024,1024,12,0,0,0,268.9,0,-2.4,75,3.834,3.832,0,0,0,0,5.16,101.48,0.480951787044,4.265092,6,P-GPS,
123600,2026-05-22 09:17:39,51.9887348658277,4.39000607910127,4.265092,,,0.480951787044,4.265092,2.7738056,25.7820218224,150.744099312,30,5,7.665,3.105623787044,6.889764,6.6437118,34.589568036,-0.671082,-2.684328,0,249.6, 0.8, -2.8,,,0,0,1188,1024,1024,1024,25,0,0,0,269,0,-1.9,75,3.834,3.832,0,0,0,0,5.16,101.48,0.480951787044,4.265092,6,P-GPS,
123700,2026-05-22 09:17:39,51.9887346174635,4.39000438623865,4.593176,,,0.809035787044,4.265092,2.5053728,25.9321858692,151.13517544,30,5,7.665,3.105623787044,6.889764,6.6437118,34.589568036,-0.447388,-2.460634,0,249.6, -0.2, -3,,,0,0,1339,1024,1024,1024,48,0,0,0,268.9,0,-2.7,75,3.834,3.832,0,0,0,0,5.16,101.48,0.809035787044,4.593176,6,P-GPS,
123800,2026-05-22 09:17:39,51.9887344178024,4.39000257801978,4.593176,,,0.809035787044,4.265092,2.23694,26.0745743252,151.547905112,30,5,7.665,3.105623787044,6.889764,6.6437118,34.589568036,-0.223694,-2.23694,0,249.7, -2.5, -3.8,,,0,0,1684,1024,1024,1024,100,0,0,0,268.8,0,-3.1,75,3.834,3.832,0,0,0,0,5.16,101.48,0.809035787044,4.593176,6,P-GPS,
123900,2026-05-22 09:17:39,51.988734265405,4.39000114734801,4.593176,,,0.809035787044,4.265092,2.0356154,26.1892724916,151.874020608,30,5,7.657,3.105623787044,6.889764,6.6437118,34.589568036,-0.223694,-2.013246,0,249.7, -8.1, -4.1,,,0,0,1684,1024,1024,1024,100,0,0,0,268.4,0,-3.7,75,3.84,3.838,0,0,0,0,5.208,101.48,0.809035787044,4.593176,6,P-GPS,
124000,2026-05-22 09:17:39,51.9887340013462,4.38999935998601,4.265092,,,0.480951787044,3.937008,2.23694,26.363845988,152.287078364,30,5,7.657,3.105623787044,6.889764,6.6437118,34.589568036,-0.223694,-2.23694,0,250.1, -15, -4.5,,,0,0,1684,1024,1024,1024,100,0,0,0,268.5,0,-3.4,75,3.84,3.838,0,0,0,0,5.208,101.48,0.480951787044,4.265092,6,P-GPS,
124100,2026-05-22 09:17:39,51.9887338000488,4.38999735317465,4.265092,,,0.480951787044,4.265092,2.5053728,26.5322843136,152.743771292,30,5,7.657,3.105623787044,6.889764,6.6437118,34.589568036,-0.447388,-2.460634,0,250.1, -16, -4.1,,,0,0,1684,1024,1024,1024,100,0,0,0,268.5,0,-3.4,75,3.84,3.838,0,0,0,0,5.208,101.48,0.480951787044,4.265092,6,P-GPS,
124200,2026-05-22 09:17:39,51.9887335235165,4.38999540299369,4.265092,,,0.480951787044,3.937008,2.9751302,26.731136026,153.193574456,30,5,7.657,3.105623787044,6.889764,6.6437118,34.589568036,-0.671082,-2.908022,0,250.1, -15.6, -4.3,,,0,0,1684,1024,1024,1024,100,0,0,0,268.6,0,-3.5,75,3.84,3.838,0,0,0,0,5.208,101.48,0.480951787044,4.265092,6,P-GPS,
124300,2026-05-22 09:17:40,51.9887331889946,4.38999322380614,4.265092,,,0.480951787044,3.937008,3.1988242,26.9694562436,153.698167648,30,5,7.657,3.105623787044,6.889764,6.6437118,34.589568036,-0.671082,-3.131716,0,250.2, -15.4, -4.5,,,0,0,1684,1024,1024,1024,100,0,0,0,268.6,0,-3.8,75,3.84,3.838,0,0,0,0,5.208,101.48,0.480951787044,4.265092,6,P-GPS,
124400,2026-05-22 09:17:40,51.988732727819,4.38999064549641,4.265092,,,0.480951787044,3.937008,3.690951,27.2837607156,154.301514124,29,5,7.657,3.105623787044,6.889764,6.6437118,34.589568036,-0.894776,-3.579104,0,250.2, -15.1, -4.5,,,0,0,1630,1024,1024,1024,92,0,0,0,268.7,0,-3.3,75,3.84,3.838,0,0,0,0,5.208,101.48,0.480951787044,4.265092,6,P-GPS,
124500,2026-05-22 09:17:40,51.9887322821838,4.38998813519674,4.265092,,,0.480951787044,3.937008,3.914645,27.5978355288,154.8884564,29,5,7.657,3.105623787044,6.889764,6.6437118,34.589568036,-0.894776,-3.802798,0,250.2, -14.1, -4,,,0,0,1082,1024,1024,1024,9,0,0,0,269,0,-2.8,75,3.84,3.838,0,0,0,0,5.208,101.48,0.480951787044,4.265092,6,P-GPS,
124600,2026-05-22 09:17:40,51.9887317010625,4.38998546321712,4.265092,,,0.480951787044,3.937008,3.914645,27.9789050948,155.52493936,27,5,7.657,3.105623787044,6.889764,6.6437118,34.589568036,-0.894776,-3.802798,0,250.1, -7.9, -3.4,,,0,0,1024,1024,1024,1024,0,0,0,0,269.1,0,-3.3,75,3.84,3.838,0,0,0,0,5.208,101.48,0.480951787044,4.265092,6,P-GPS,
124700,2026-05-22 09:17:40,51.9887313228235,4.38998295153326,4.593176,,,0.809035787044,4.265092,3.8699062,28.2874352884,156.105976124,27,5,7.657,3.105623787044,6.889764,6.6437118,34.589568036,-0.671082,-3.802798,0,249.9, -3.3, -4.8,,,0,0,1481,1024,1024,1024,69,0,0,0,268.9,0,-5.4,75,3.84,3.838,0,0,0,0,5.208,101.48,0.809035787044,4.593176,6,P-GPS,
124800,2026-05-22 09:17:40,51.9887310173692,4.38998048387942,4.593176,,,0.809035787044,4.265092,3.6462122,28.5761164,156.67159294,27,5,7.657,3.105623787044,6.889764,6.6437118,34.589568036,-0.671082,-3.579104,0,249.8, -3.9, -6.9,,,0,0,1684,797,1024,1024,100,-34,0,0,268.3,0,-7.5,75,3.84,3.838,0,0,0,0,5.208,101.48,0.809035787044,4.593176,6,P-GPS,
124900,2026-05-22 09:17:40,51.9887306185695,4.38997769864941,4.593176,,,0.809035787044,4.265092,3.4225182,28.9301846528,157.313981412,26,5,7.661,3.105623787044,6.889764,6.6437118,34.589568036,-0.671082,-3.35541,0,250.2, -10.9, -8.6,,,0,0,1684,364,1024,1024,100,-100,0,0,267.8,0,-7.9,74,3.839,3.838,0,0,0,0,5.117,101.66,0.809035787044,4.593176,6,P-GPS,
125000,2026-05-22 09:17:40,51.9887303082578,4.38997539151044,4.265092,,,0.480951787044,4.265092,3.6462122,29.2241479168,157.84449324,26,5,7.661,3.105623787044,6.889764,6.6437118,34.589568036,-0.671082,-3.579104,0,250.9, -16.1, -9.5,,,0,0,1684,364,1024,1024,100,-100,0,0,267.6,0,-11.2,74,3.839,3.838,0,0,0,0,5.117,101.66,0.480951787044,4.265092,6,P-GPS,
125100,2026-05-22 09:17:40,51.9887298878094,4.38997293990357,4.265092,,,0.480951787044,4.265092,3.9593838,29.5742791616,158.416343652,26,5,7.661,3.105623787044,6.889764,6.6437118,34.589568036,-1.11847,-3.802798,0,251.2, -14.1, -14,,,0,0,1684,364,1024,1024,100,-100,0,0,267.2,0,-14.3,74,3.839,3.838,0,0,0,0,5.117,101.66,0.480951787044,4.265092,6,P-GPS,
125200,2026-05-22 09:17:40,51.9887290382773,4.38996977497886,4.265092,,,0.480951787044,4.265092,4.1159696,30.1388461088,159.192262312,26,5,7.661,3.105623787044,6.889764,6.6437118,34.589568036,-1.565858,-3.802798,0,251.2, -12.3, -15.1,,,0,0,1392,792,1024,1024,56,-35,0,0,267.7,0,-13,74,3.839,3.838,0,0,0,0,5.117,101.66,0.480951787044,4.265092,6,P-GPS,
125300,2026-05-22 09:17:41,51.9887279278218,4.38996688020588,4.265092,,,0.480951787044,4.265092,4.2949248,30.7739839244,159.958338452,27,5,7.661,3.105623787044,6.889764,6.6437118,34.589568036,-2.013246,-3.802798,0,250.9, -10.7, -11.3,,,0,0,1024,1024,1024,1024,0,0,0,0,269,0,-6.2,74,3.839,3.838,0,0,0,0,5.117,101.66,0.480951787044,4.265092,6,P-GPS,
125400,2026-05-22 09:17:41,51.9887270700225,4.38996426160137,4.265092,,,0.480951787044,4.265092,4.2949248,31.305119112,160.624677056,27,5,7.661,3.105623787044,6.889764,6.6437118,34.589568036,-2.013246,-3.802798,0,250, -3.1, -5.8,,,0,0,1024,1024,1024,1024,0,0,0,0,269,0,-4.6,74,3.839,3.838,0,0,0,0,5.117,101.66,0.480951787044,4.265092,6,P-GPS,
125500,2026-05-22 09:17:41,51.9887262622713,4.38996176248311,4.265092,,,0.480951787044,4.265092,4.0041226,31.8132228028,161.258863428,27,5,7.661,3.105623787044,6.889764,6.6437118,34.589568036,-1.789552,-3.579104,0,249.8, -1.3, -5.6,,,0,0,1024,1024,1024,1024,0,0,0,0,269,0,-5.8,74,3.839,3.838,0,0,0,0,5.117,101.66,0.480951787044,4.265092,6,P-GPS,
125600,2026-05-22 09:17:41,51.9887254705831,4.38995887031506,4.265092,,,0.480951787044,4.265092,4.0041226,32.3601060224,161.97014954,29,5,7.661,3.105623787044,6.889764,6.6437118,34.589568036,-1.565858,-3.35541,0,249.6, 1.7, -6.9,,,0,0,1024,1024,1024,1024,0,0,0,0,269.2,0,-6.3,74,3.839,3.838,0,0,0,0,5.117,101.66,0.480951787044,4.265092,6,P-GPS,
125700,2026-05-22 09:17:41,51.9887248800553,4.38995668575765,4.593176,,,0.809035787044,4.265092,3.1988242,32.7749682404,162.505910712,29,5,7.661,3.105623787044,6.889764,6.6437118,34.589568036,-1.342164,-2.908022,0,249.3, 4.6, -7.2,,,0,0,1024,1024,1024,552,0,0,0,-72,269.3,0,-6.9,74,3.839,3.838,0,0,0,0,5.117,101.66,0.809035787044,4.593176,6,P-GPS,
125800,2026-05-22 09:17:41,51.9887246061188,4.3899542907186,4.593176,,,0.809035787044,4.265092,2.6172198,33.11351812,163.053482908,29,5,7.661,3.105623787044,6.889764,6.6437118,34.589568036,-0.894776,-2.460634,0,249.2, 5.1, -8,,,0,0,1024,1024,851,364,0,0,-26,-100,267.2,-0.1,-7.7,74,3.839,3.838,0,0,0,0,5.117,101.66,0.809035787044,4.593176,6,P-GPS,
125900,2026-05-22 09:17:41,51.9887242425207,4.38995254824915,4.593176,,,0.809035787044,4.265092,2.6172198,33.415683484,163.466868748,29,5,7.666,3.105623787044,6.889764,6.6437118,34.589568036,-0.671082,-2.23694,0,245.2, 4.8, -9,,,0,0,1024,1024,667,364,0,0,-54,-100,262,-0.2,-9.6,74,3.833,3.828,0,0,0,0,4.887,101.66,0.809035787044,4.593176,6,P-GPS,
126000,2026-05-22 09:17:41,51.9887242399677,4.38995085917221,4.593176,,,0.809035787044,4.265092,1.8342908,33.599738608,163.846133852,29,5,7.666,3.105623787044,6.889764,6.6437118,34.589568036,-0.447388,-1.789552,0,239.4, 4.9, -11.1,,,0,0,1024,1024,667,364,0,0,-54,-100,256.4,-0.3,-11.4,74,3.833,3.828,0,0,0,0,4.887,101.66,0.809035787044,4.593176,6,P-GPS,
126100,2026-05-22 09:17:41,51.9887240252202,4.38994970953621,4.265092,,,0.480951787044,4.265092,1.4092722,33.79429242,164.116146984,29,5,7.666,3.105623787044,6.889764,6.6437118,34.589568036,-0.447388,-1.342164,0.223694,233.8, 4.2, -12.6,,,0,0,1024,1024,666,364,0,0,-54,-100,250.7,-0.4,-12.4,74,3.833,3.828,0,0,0,0,4.887,101.66,0.480951787044,4.265092,6,P-GPS,
126200,2026-05-22 09:17:41,51.9887240407778,4.38994880794302,4.265092,,,0.480951787044,4.265092,1.1408394,33.88943678,164.318902896,29,5,7.666,3.105623787044,6.889764,6.6437118,34.589568036,-0.223694,-1.11847,0.447388,228.2, 3.2, -13.3,,,0,0,1024,1024,658,364,0,0,-55,-100,245.1,-0.4,-13.2,74,3.833,3.828,0,0,0,0,4.887,101.66,0.480951787044,4.265092,6,P-GPS,
126300,2026-05-22 09:17:41,51.9887238609491,4.3899479668094,4.265092,,,0.480951787044,4.265092,0.7158208,34.04035542,164.519034136,29,5,7.666,3.105623787044,6.889764,6.6437118,34.589568036,-0.223694,-0.671082,0.447388,222.9, 2.1, -13.6,,,0,0,1024,1024,659,364,0,0,-55,-100,239.4,-0.4,-12.8,74,3.833,3.828,0,0,0,0,4.887,101.66,0.480951787044,4.265092,6,P-GPS,
126400,2026-05-22 09:17:42,51.9887236816602,4.38994780665972,4.265092,,,0.480951787044,4.265092,0.447388,34.114830488,164.593509204,29,5,7.666,3.105623787044,6.889764,6.6437118,34.589568036,0,-0.447388,0.447388,217.6, 0.3, -13,,,0,0,1024,1024,686,364,0,0,-51,-100,233.7,-0.4,-12.1,74,3.833,3.828,0,0,0,0,4.887,101.66,0.480951787044,4.265092,6,P-GPS,
126500,2026-05-22 09:17:42,51.9887235708896,4.38994749270402,3.937008,,,0.152867787044,4.265092,0.223694,34.185040464,164.674874036,29,5,7.666,3.105623787044,6.889764,6.6437118,34.589568036,0,-0.223694,0.447388,212.4, -2.1, -12.2,,,0,0,1024,1024,688,364,0,0,-51,-100,228.1,-0.4,-11.2,74,3.833,3.828,0,0,0,0,4.887,101.66,0.152867787044,3.937008,6,P-GPS,
126600,2026-05-22 09:17:42,51.9887235229147,4.38994798134001,3.937008,,,0.152867787044,3.937008,0,34.145670384,164.786094512,27,5,7.666,3.105623787044,6.889764,6.6437118,34.589568036,0,0,0.447388,207, -3, -11.3,,,0,0,1024,1024,842,521,0,0,-28,-76,222.5,-0.3,-10.1,74,3.833,3.828,0,0,0,0,4.887,101.66,0.152867787044,3.937008,6,P-GPS,
126700,2026-05-22 09:17:42,51.9887234392071,4.38994795400383,3.937008,,,0.152867787044,3.937008,0,34.175197944,164.817262492,27,5,7.666,3.105623787044,6.889764,6.6437118,34.589568036,0,0,0.447388,201.4, -3.7, -9.8,,,0,0,1024,1024,844,645,0,0,-27,-57,217.6,-0.2,-8.2,74,3.833,3.828,0,0,0,0,4.887,101.66,0.152867787044,3.937008,6,P-GPS,
126800,2026-05-22 09:17:42,51.9887233080045,4.3899483255881,3.937008,,,0.152867787044,3.937008,0.223694,34.175197944,164.913391104,27,5,7.666,3.105623787044,6.889764,6.6437118,34.589568036,0,0.223694,0.447388,197.4, -4, -7.5,,,0,0,1024,1024,844,645,0,0,-27,-57,214.8,-0.1,-5.3,74,3.833,3.828,0,0,0,0,4.887,101.66,0.152867787044,3.937008,6,P-GPS,
126900,2026-05-22 09:17:42,51.9887232875123,4.38994855505204,3.608924,,,-0.175216212956,3.608924,0.447388,34.156169072,164.96555646,27,5,7.672,3.105623787044,6.889764,6.6437118,34.589568036,0,0.447388,0.223694,194.7, -3.8, -4.2,,,0,0,1024,1024,837,548,0,0,-28,-72,212.2,0,-0.9,74,3.836,3.836,0,0,0,0,4.84,101.66,-0.175216212956,3.608924,6,P-GPS,
127000,2026-05-22 09:17:42,51.9887233810119,4.38994926764301,3.608924,,,-0.175216212956,3.608924,0.223694,34.047901352,165.129270376,28,5,7.672,3.105623787044,6.889764,6.6437118,34.589568036,0,0.223694,0.223694,191, -2.9, 0.4,,,0,0,1024,1024,584,364,0,0,-67,-100,207.3,0,3.3,74,3.836,3.836,0,0,0,0,4.84,101.66,-0.175216212956,3.608924,6,P-GPS,
127100,2026-05-22 09:17:42,51.9887234963829,4.38994992762747,3.608924,,,-0.175216212956,3.608924,0.3131716,33.93864938,165.283469856,28,5,7.672,3.105623787044,6.889764,6.6437118,34.589568036,0.223694,0.223694,0.223694,185.5, -3.9, 3.6,,,0,0,1024,1024,764,364,0,0,-39,-100,201.8,0.1,3.3,74,3.836,3.836,0,0,0,0,4.84,101.66,-0.175216212956,3.608924,6,P-GPS,
127200,2026-05-22 09:17:42,51.9887236074276,4.38995000337582,3.608924,,,-0.175216212956,3.608924,0.223694,33.894686124,165.327433112,28,5,7.672,3.105623787044,6.889764,6.6437118,34.589568036,0.223694,0,0.447388,179.8, -5.1, 2.5,,,0,0,1024,1024,772,364,0,0,-38,-100,196.3,0,2.1,74,3.836,3.836,0,0,0,0,4.84,101.66,-0.175216212956,3.608924,6,P-GPS,
127300,2026-05-22 09:17:42,51.9887237303375,4.38994996184987,3.608924,,,-0.175216212956,3.28084,0.223694,33.860237304,165.373036788,28,5,7.672,3.105623787044,6.889764,6.6437118,34.589568036,0.223694,0,0.447388,174.3, -6.1, 1.2,,,0,0,1024,1024,729,364,0,0,-45,-100,190.8,0,1,74,3.836,3.836,0,0,0,0,4.84,101.66,-0.175216212956,3.608924,6,P-GPS,
127400,2026-05-22 09:17:43,51.9887237921908,4.38995017224804,3.28084,,,-0.503300212956,3.28084,0.223694,33.817586384,165.425530228,28,5,7.672,3.105623787044,6.889764,6.6437118,34.589568036,0.223694,0,0.447388,168.8, -6.9, 0.6,,,0,0,1024,1024,718,364,0,0,-46,-100,185.2,0,0.6,74,3.836,3.836,0,0,0,0,4.84,101.66,-0.503300212956,3.28084,6,P-GPS,
127500,2026-05-22 09:17:43,51.9887238703128,4.38995006486484,3.28084,,,-0.503300212956,3.28084,0.223694,33.804463024,165.462931804,28,5,7.672,3.105623787044,6.889764,6.6437118,34.589568036,0.223694,0,0.447388,163.3, -7.3, 0.4,,,0,0,1024,1024,841,364,0,0,-28,-100,179.7,0,1.3,74,3.836,3.836,0,0,0,0,4.84,101.66,-0.503300212956,3.28084,6,P-GPS,
127600,2026-05-22 09:17:43,51.988723879111,4.38995016522967,3.28084,,,-0.503300212956,2.952756,0,33.790683496,165.4855696,29,5,7.672,3.105623787044,6.889764,6.6437118,34.589568036,0,0,0.447388,157.8, -7.2, 1.3,,,0,0,1024,1024,841,364,0,0,-28,-100,174.3,0,1.8,74,3.836,3.836,0,0,0,0,4.84,101.66,-0.503300212956,3.28084,6,P-GPS,
127700,2026-05-22 09:17:43,51.9887239049232,4.3899501088601,3.28084,,,-0.503300212956,2.952756,0,33.788386908,165.501317632,29,5,7.672,3.105623787044,6.889764,6.6437118,34.589568036,0,0,0.447388,153.3, -6.8, 1.3,,,0,0,1024,1024,1024,1024,0,0,0,0,172.5,0,1,74,3.836,3.836,0,0,0,0,4.84,101.66,-0.503300212956,3.28084,6,P-GPS,
127800,2026-05-22 09:17:43,51.9887238477389,4.3899499708089,3.28084,,,-0.503300212956,2.952756,0,33.821851476,165.538719208,29,5,7.672,3.105623787044,6.889764,6.6437118,34.589568036,0,0,0.223694,152.9, -6.6, 0.3,,,0,0,1024,1024,1024,1024,0,0,0,0,172.8,0,1.1,74,3.836,3.836,0,0,0,0,4.84,101.66,-0.503300212956,3.28084,6,P-GPS,
127900,2026-05-22 09:17:43,51.9887237834183,4.3899497927968,2.952756,,,-0.831384212956,2.952756,0,33.861877724,165.584979052,29,5,7.695,3.105623787044,6.889764,6.6437118,34.589568036,0,0,0,153.2, -6, 1.4,,,0,0,1024,1024,1024,947,0,0,0,-12,173,0,2.2,74,3.838,3.837,0,0,0,0,4.381,101.84,-0.831384212956,2.952756,6,P-GPS,
128000,2026-05-22 09:17:43,51.9887237647938,4.38994983155435,2.952756,,,-0.831384212956,2.952756,0,33.863518144,165.596133908,29,5,7.695,3.105623787044,6.889764,6.6437118,34.589568036,0,0,0,153.1, -5.7, 2.1,,,0,0,1024,1024,1024,364,0,0,0,-100,171.1,0,3,74,3.838,3.837,0,0,0,0,4.381,101.84,-0.831384212956,2.952756,6,P-GPS,
128100,2026-05-22 09:17:43,51.9887237468375,4.3899498678913,2.952756,,,-0.831384212956,2.952756,0,33.865486648,165.606632596,29,5,7.695,3.105623787044,6.889764,6.6437118,34.589568036,0,0,0,149.2, -5.3, 2.6,,,0,0,1024,1024,854,364,0,0,-26,-100,165.8,0,3,74,3.838,3.837,0,0,0,0,4.381,101.84,-0.831384212956,2.952756,6,P-GPS,
128200,2026-05-22 09:17:43,51.9887236615193,4.38994946757274,2.952756,,,-0.831384212956,2.952756,0,33.936680876,165.701776956,29,5,7.695,3.105623787044,6.889764,6.6437118,34.589568036,0,0,0,143.8, -5.7, 2.5,,,0,0,1024,1024,861,364,0,0,-25,-100,160.4,0,3,74,3.838,3.837,0,0,0,0,4.381,101.84,-0.831384212956,2.952756,6,P-GPS,
128300,2026-05-22 09:17:43,51.9887236505707,4.38994944487606,2.952756,,,-0.831384212956,2.952756,0,33.942586388,165.708338636,29,5,7.695,3.105623787044,6.889764,6.6437118,34.589568036,0,0,0,138.4, -5.9, 2.5,,,0,0,1024,1024,863,364,0,0,-24,-100,155,0,2.7,74,3.838,3.837,0,0,0,0,4.381,101.84,-0.831384212956,2.952756,6,P-GPS,
128400,2026-05-22 09:17:44,51.9887236654601,4.38994914198699,2.952756,,,-0.831384212956,2.952756,0,33.971129696,165.776580108,28,5,7.695,3.105623787044,6.889764,6.6437118,34.589568036,0,0,0,133, -5.9, 2.3,,,0,0,1024,1024,874,364,0,0,-23,-100,149.5,0,2.4,74,3.838,3.837,0,0,0,0,4.381,101.84,-0.831384212956,2.952756,6,P-GPS,
128500,2026-05-22 09:17:44,51.9887236450108,4.38994911323879,2.952756,,,-0.831384212956,2.952756,0,33.980972216,165.786422628,28,5,7.695,3.105623787044,6.889764,6.6437118,34.589568036,0,0,0,127.5, -5.7, 2.2,,,0,0,1024,1024,874,364,0,0,-23,-100,144,0,2.6,74,3.838,3.837,0,0,0,0,4.381,101.84,-0.831384212956,2.952756,6,P-GPS,
128600,2026-05-22 09:17:44,51.9887237494589,4.38994895268567,2.952756,,,-0.831384212956,2.952756,0,33.965552268,165.838916068,28,5,7.695,3.105623787044,6.889764,6.6437118,34.589568036,0,0,0,121.9, -5.4, 2.5,,,0,0,1024,1024,905,364,0,0,-18,-100,138.3,0,2.9,74,3.838,3.837,0,0,0,0,4.381,101.84,-0.831384212956,2.952756,6,P-GPS,
128700,2026-05-22 09:17:44,51.9887237422798,4.38994897922194,2.952756,,,-0.831384212956,2.952756,0,33.9648961,165.845477748,28,5,7.695,3.105623787044,6.889764,6.6437118,34.589568036,0,0,0,116.2, -4.9, 2.8,,,0,0,1024,1024,1024,823,0,0,0,-30,133.4,0,3.5,74,3.838,3.837,0,0,0,0,4.381,101.84,-0.831384212956,2.952756,6,P-GPS,
128800,2026-05-22 09:17:44,51.988723696935,4.38994868856112,2.952756,,,-0.831384212956,2.952756,0,34.011484028,165.912734968,29,5,7.695,3.105623787044,6.889764,6.6437118,34.589568036,0,0,0,113, -4.7, 3.5,,,0,0,1024,1024,1024,1022,0,0,0,-0,133,0,4.3,74,3.838,3.837,0,0,0,0,4.381,101.84,-0.831384212956,2.952756,6,P-GPS,
128900,2026-05-22 09:17:44,51.9887237141289,4.38994876721698,2.952756,,,-0.831384212956,2.952756,0,33.997376416,165.931435756,29,5,7.666,3.105623787044,6.889764,6.6437118,34.589568036,0,0,0,113.2, -3.4, 4.3,,,0,0,1024,1024,1024,1024,0,0,0,0,133,0,4.8,74,3.837,3.835,0,0,0,0,4.964,101.84,-0.831384212956,2.952756,6,P-GPS,
129000,2026-05-22 09:17:44,51.9887235319614,4.38994848045139,2.952756,,,-0.831384212956,2.952756,0,34.086943348,166.023955444,29,5,7.666,3.105623787044,6.889764,6.6437118,34.589568036,0,0,0,113.3, -2.8, 4.5,,,0,0,1024,1024,1024,1024,0,0,0,0,132.9,0,4.6,74,3.837,3.835,0,0,0,0,4.964,101.84,-0.831384212956,2.952756,6,P-GPS,
129100,2026-05-22 09:17:44,51.9887234043311,4.38994819472917,2.952756,,,-0.831384212956,2.952756,0,34.159121828,166.103351772,27,5,7.666,3.105623787044,6.889764,6.6437118,34.589568036,0,0,0,113.3, -1.9, 4.2,,,0,0,1024,1024,1024,1024,0,0,0,0,133,0,5,74,3.837,3.835,0,0,0,0,4.964,101.84,-0.831384212956,2.952756,6,P-GPS,
129200,2026-05-22 09:17:44,51.9887234067641,4.38994823896092,2.952756,,,-0.831384212956,2.952756,0,34.1535444,166.113522376,27,5,7.666,3.105623787044,6.889764,6.6437118,34.589568036,0,0,0,113.5, -0.9, 5.1,,,0,0,1024,1024,1024,1024,0,0,0,0,133.1,0,5.7,74,3.837,3.835,0,0,0,0,4.964,101.84,-0.831384212956,2.952756,6,P-GPS,
129300,2026-05-22 09:17:44,51.9887234086831,4.38994823939218,2.952756,,,-0.831384212956,2.952756,0,34.152888232,166.114178544,27,5,7.666,3.105623787044,6.889764,6.6437118,34.589568036,0,0,0,113.6, -0.8, 5.3,,,0,0,1024,1024,1024,1024,0,0,0,0,133.1,0,5.5,74,3.837,3.835,0,0,0,0,4.964,101.84,-0.831384212956,2.952756,6,P-GPS,
129400,2026-05-22 09:17:45,51.9887233053573,4.38994827562479,2.952756,,,-0.831384212956,2.952756,0,34.181759624,166.152564372,27,5,7.666,3.105623787044,6.889764,6.6437118,34.589568036,0,0,0,113.5, -1.6, 4.9,,,0,0,1024,1024,1024,1024,0,0,0,0,133.1,0,5.3,74,3.837,3.835,0,0,0,0,4.964,101.84,-0.831384212956,2.952756,6,P-GPS,
129500,2026-05-22 09:17:45,51.9887232024169,4.38994828580804,2.952756,,,-0.831384212956,2.952756,0,34.213255688,166.190294032,28,5,7.666,3.105623787044,6.889764,6.6437118,34.589568036,0,0,0,113.4, -2.9, 4.7,,,0,0,1024,1024,1024,1024,0,0,0,0,133.1,0,4.6,74,3.837,3.835,0,0,0,0,4.964,101.84,-0.831384212956,2.952756,6,P-GPS,
129600,2026-05-22 09:17:45,51.9887232034192,4.38994817603901,2.952756,,,-0.831384212956,2.952756,0,34.225066712,166.214900332,28,5,7.666,3.105623787044,6.889764,6.6437118,34.589568036,0,0,0,113.3, -3.8, 4.2,,,0,0,1024,1024,1024,1024,0,0,0,0,133.1,0,4.7,74,3.837,3.835,0,0,0,0,4.964,101.84,-0.831384212956,2.952756,6,P-GPS,
129700,2026-05-22 09:17:45,51.9887232088849,4.38994807495774,2.952756,,,-0.831384212956,2.952756,0,34.234581148,166.237866212,28,5,7.666,3.105623787044,6.889764,6.6437118,34.589568036,0,0,0,113.3, -4.1, 4.5,,,0,0,1024,1024,1024,1024,0,0,0,0,133.2,0,5.2,74,3.837,3.835,0,0,0,0,4.964,101.84,-0.831384212956,2.952756,6,P-GPS,
129800,2026-05-22 09:17:45,51.9887232080625,4.38994795607665,2.952756,,,-0.831384212956,2.952756,0,34.248032592,166.264441016,28,5,7.666,3.105623787044,6.889764,6.6437118,34.589568036,0,0,0,113.4, -4, 4.9,,,0,0,1024,1024,1024,1024,0,0,0,0,133.2,0,4.9,74,3.837,3.835,0,0,0,0,4.964,101.84,-0.831384212956,2.952756,6,P-GPS,
129900,2026-05-22 09:17:45,51.9887232029995,4.38994786946338,2.952756,,,-0.831384212956,2.952756,0,34.259187448,166.284126056,28,5,7.675,3.105623787044,6.889764,6.6437118,34.589568036,0,0,0,113.4, -4, 4.4,,,0,0,1024,1024,1024,1024,0,0,0,0,133.2,0,5,74,3.835,3.834,0,0,0,0,4.778,102.02,-0.831384212956,2.952756,6,P-GPS,
130000,2026-05-22 09:17:45,51.9887233899986,4.38994769457442,2.952756,,,-0.831384212956,2.952756,0,34.219817368,166.362866216,28,5,7.675,3.105623787044,6.889764,6.6437118,34.589568036,0,0,0,113.3, -4.2, 4.8,,,0,0,1024,1024,1024,1024,0,0,0,0,133.1,0,5.4,74,3.835,3.834,0,0,0,0,4.778,102.02,-0.831384212956,2.952756,6,P-GPS,
130100,2026-05-22 09:17:45,51.9887233817315,4.38994763218811,2.952756,,,-0.831384212956,2.952756,0,34.229331804,166.376973828,28,5,7.675,3.105623787044,6.889764,6.6437118,34.589568036,0,0,0,113.2, -4.6, 4.8,,,0,0,1024,1024,1024,1024,0,0,0,0,133.1,0,4.9,74,3.835,3.834,0,0,0,0,4.778,102.02,-0.831384212956,2.952756,6,P-GPS,
130200,2026-05-22 09:17:45,51.9887232761611,4.38994756708208,2.952756,,,-0.831384212956,2.952756,0,34.27001422,166.418312412,30,5,7.675,3.105623787044,6.889764,6.6437118,34.589568036,0,0,0,113.2, -4.2, 4.6,,,0,0,1024,1024,1024,1024,0,0,0,0,133.1,0,5.4,74,3.835,3.834,0,0,0,0,4.778,102.02,-0.831384212956,2.952756,6,P-GPS,
130300,2026-05-22 09:17:46,51.9887231816678,4.38994767846485,2.952756,,,-0.831384212956,2.952756,0,34.287402672,166.460963332,30,5,7.675,3.105623787044,6.889764,6.6437118,34.589568036,0,0,0,113.2, -3.8, 5.1,,,0,0,1024,1024,1024,1024,0,0,0,0,133,0,5.6,74,3.835,3.834,0,0,0,0,4.778,102.02,-0.831384212956,2.952756,6,P-GPS,
130400,2026-05-22 09:17:46,51.9887231609957,4.38994769611165,2.952756,,,-0.831384212956,2.952756,0,34.291995848,166.469493516,30,5,7.675,3.105623787044,6.889764,6.6437118,34.589568036,0,0,0,113.2, -3.2, 5,,,0,0,1024,1024,1024,1024,0,0,0,0,133,0,5.3,74,3.835,3.834,0,0,0,0,4.778,102.02,-0.831384212956,2.952756,6,P-GPS,
130500,2026-05-22 09:17:46,51.9887231328705,4.38994772700223,2.952756,,,-0.831384212956,2.952756,0,34.297573276,166.481632624,30,5,7.675,3.105623787044,6.889764,6.6437118,34.589568036,0,0,0,113.4, -2.8, 4.9,,,0,0,1024,1024,1024,1024,0,0,0,0,133.1,0,5.6,74,3.835,3.834,0,0,0,0,4.778,102.02,-0.831384212956,2.952756,6,P-GPS,
130600,2026-05-22 09:17:46,51.9887230345991,4.38994807516641,2.952756,,,-0.831384212956,2.952756,0,34.28969926,166.567918716,29,5,7.675,3.105623787044,6.889764,6.6437118,34.589568036,0,0,0,113.5, -2.4, 5.5,,,0,0,1024,1024,1024,1024,0,0,0,0,133.1,0,5.8,74,3.835,3.834,0,0,0,0,4.778,102.02,-0.831384212956,2.952756,6,P-GPS,
130700,2026-05-22 09:17:46,51.9887230103975,4.38994810464497,2.952756,,,-0.831384212956,2.952756,0,34.294292436,166.578745488,29,5,7.675,3.105623787044,6.889764,6.6437118,34.589568036,0,0,0,113.5, -1.6, 5.3,,,0,0,1024,1024,1024,1024,0,0,0,0,133.1,0,5.9,74,3.835,3.834,0,0,0,0,4.778,102.02,-0.831384212956,2.952756,6,P-GPS,
130800,2026-05-22 09:17:46,51.988723046173,4.3899483401813,2.952756,,,-0.831384212956,2.952756,0,34.256562776,166.633535516,28,5,7.675,3.105623787044,6.889764,6.6437118,34.589568036,0,0,0,113.4, -2, 5.6,,,0,0,1024,1024,1024,1024,0,0,0,0,133,0,5.7,74,3.835,3.834,0,0,0,0,4.778,102.02,-0.831384212956,2.952756,6,P-GPS,
130900,2026-05-22 09:17:46,51.9887230302299,4.38994831211477,2.952756,,,-0.831384212956,2.952756,0,34.264764876,166.6420657,28,5,7.666,3.105623787044,6.889764,6.6437118,34.589568036,0,0,0,113.4, -2.7, 5.2,,,0,0,1024,1024,1024,1024,0,0,0,0,133.1,0,5.5,74,3.836,3.834,0,0,0,0,4.99,102.02,-0.831384212956,2.952756,6,P-GPS,
131000,2026-05-22 09:17:46,51.9887229571282,4.38994843267915,2.952756,,,-0.831384212956,2.952756,0,34.274607396,166.680123444,28,5,7.666,3.105623787044,6.889764,6.6437118,34.589568036,0,0,0,113.4, -2.7, 5.2,,,0,0,1024,1024,1024,1024,0,0,0,0,133.2,0,5.5,74,3.836,3.834,0,0,0,0,4.99,102.02,-0.831384212956,2.952756,6,P-GPS,
131100,2026-05-22 09:17:46,51.9887229411595,4.38994839424156,2.952756,,,-0.831384212956,2.952756,0,34.284121832,166.690294048,28,5,7.666,3.105623787044,6.889764,6.6437118,34.589568036,0,0,0,113.5, -2.5, 5.2,,,0,0,1024,1024,1024,1024,0,0,0,0,133.2,0,5.8,74,3.836,3.834,0,0,0,0,4.99,102.02,-0.831384212956,2.952756,6,P-GPS,
131200,2026-05-22 09:17:46,51.9887228594737,4.38994848063224,2.952756,,,-0.831384212956,2.952756,0,34.300526032,166.726055204,26,5,7.666,3.105623787044,6.889764,6.6437118,34.589568036,0,0,0,113.3, -3.1, 5.5,,,0,0,1024,1024,1024,1024,0,0,0,0,133,0,5.2,74,3.836,3.834,0,0,0,0,4.99,102.02,-0.831384212956,2.952756,6,P-GPS,
131300,2026-05-22 09:17:47,51.9887228420142,4.38994839966706,2.952756,,,-0.831384212956,2.952756,0,34.314961728,166.745084076,26,5,7.666,3.105623787044,6.889764,6.6437118,34.589568036,0,0,0,113.2, -3.9, 4.2,,,0,0,1024,1024,1024,1024,0,0,0,0,133,0,4.4,74,3.836,3.834,0,0,0,0,4.99,102.02,-0.831384212956,2.952756,6,P-GPS,
131400,2026-05-22 09:17:47,51.9887227718424,4.3899484179677,2.952756,,,-0.831384212956,2.952756,0,34.334974852,166.771330796,27,5,7.666,3.105623787044,6.889764,6.6437118,34.589568036,0,0,0,113.3, -4.2, 4.5,,,0,0,1024,1024,1024,1024,0,0,0,0,133.1,0,5.4,74,3.836,3.834,0,0,0,0,4.99,102.02,-0.831384212956,2.952756,6,P-GPS,
131500,2026-05-22 09:17:47,51.9887227836048,4.38994839379639,2.952756,,,-0.831384212956,2.952756,0,34.3339906,166.77822056,27,5,7.666,3.105623787044,6.889764,6.6437118,34.589568036,0,0,0,113.3, -3.9, 5.2,,,0,0,1024,1024,1024,1024,0,0,0,0,133.2,0,5.8,74,3.836,3.834,0,0,0,0,4.99,102.02,-0.831384212956,2.952756,6,P-GPS,
131600,2026-05-22 09:17:47,51.9887227335139,4.38994858267341,2.952756,,,-0.831384212956,2.952756,0,34.32906934,166.82415232,27,5,7.666,3.105623787044,6.889764,6.6437118,34.589568036,0,0,0,113.4, -2.9, 6.2,,,0,0,1024,1024,1024,1024,0,0,0,0,133.2,0,7.2,74,3.836,3.834,0,0,0,0,4.99,102.02,-0.831384212956,2.952756,6,P-GPS,
131700,2026-05-22 09:17:47,51.9887227658884,4.38994862258563,2.952756,,,-0.831384212956,2.952756,0,34.31430556,166.839244184,27,5,7.666,3.105623787044,6.889764,6.6437118,34.589568036,0,0,0,113.4, -2.8, 6.9,,,0,0,1024,1024,1024,1024,0,0,0,0,133,0,7.4,74,3.836,3.834,0,0,0,0,4.99,102.02,-0.831384212956,2.952756,6,P-GPS,
131800,2026-05-22 09:17:47,51.9887227883595,4.38994878231101,2.952756,,,-0.831384212956,2.952756,0,34.28969926,166.875989592,27,5,7.666,3.105623787044,6.889764,6.6437118,34.589568036,0,0,0,113.1, -3.8, 7.2,,,0,0,1024,1024,1024,1024,0,0,0,0,133,0,7.7,74,3.836,3.834,0,0,0,0,4.99,102.02,-0.831384212956,2.952756,6,P-GPS,
131900,2026-05-22 09:17:47,51.9887228295836,4.38994883673992,2.952756,,,-0.831384212956,2.952756,0,34.270670388,166.895346548,27,5,7.667,3.105623787044,6.889764,6.6437118,34.589568036,0,0,0,113, -3.6, 7.7,,,0,0,1024,1024,1024,1024,0,0,0,0,133,0,8.4,74,3.835,3.834,0,0,0,0,4.971,102.02,-0.831384212956,2.952756,6,P-GPS,
132000,2026-05-22 09:17:47,51.9887226852221,4.38994906726114,2.952756,,,-0.831384212956,2.952756,0,34.291011596,166.969165448,27,5,7.667,3.105623787044,6.889764,6.6437118,34.589568036,0,0,0,113.4, -1.9, 8,,,0,0,1024,1024,1024,1024,0,0,0,0,133,0,8.4,74,3.835,3.834,0,0,0,0,4.971,102.02,-0.831384212956,2.952756,6,P-GPS,
132100,2026-05-22 09:17:47,51.9887226828662,4.38994917028307,2.952756,,,-0.831384212956,2.952756,0,34.280512908,166.992459412,27,5,7.667,3.105623787044,6.889764,6.6437118,34.589568036,0,0,0,113.6, 0.2, 7.8,,,0,0,1024,1024,1024,1024,0,0,0,0,133,0,7.9,74,3.835,3.834,0,0,0,0,4.971,102.02,-0.831384212956,2.952756,6,P-GPS,
132200,2026-05-22 09:17:47,51.9887226963591,4.3899493905028,2.952756,,,-0.831384212956,2.952756,0,34.252297684,167.042000096,27,5,7.667,3.105623787044,6.889764,6.6437118,34.589568036,0,0,0,113.6, -0.1, 7.2,,,0,0,1024,1024,1024,1024,0,0,0,0,133,0,7.6,74,3.835,3.834,0,0,0,0,4.971,102.02,-0.831384212956,2.952756,6,P-GPS,
132300,2026-05-22 09:17:48,51.9887226910819,4.38994934691793,2.952756,,,-0.831384212956,2.952756,0,34.25853128,167.0521707,27,5,7.667,3.105623787044,6.889764,6.6437118,34.589568036,0,0,0,113.5, -1.2, 7.1,,,0,0,1024,1024,1024,1024,0,0,0,0,133.1,0,7.1,74,3.835,3.834,0,0,0,0,4.971,102.02,-0.831384212956,2.952756,6,P-GPS,
132400,2026-05-22 09:17:48,51.9887226780002,4.3899492398547,2.952756,,,-0.831384212956,2.952756,0,34.274607396,167.076448916,27,5,7.667,3.105623787044,6.889764,6.6437118,34.589568036,0,0,0,113.3, -3, 6.1,,,0,0,1024,1024,1024,1024,0,0,0,0,133,0,6.1,74,3.835,3.834,0,0,0,0,4.971,102.02,-0.831384212956,2.952756,6,P-GPS,
132500,2026-05-22 09:17:48,51.9887226609005,4.3899490945069,2.952756,,,-0.831384212956,2.952756,0,34.295932856,167.109913484,27,5,7.667,3.105623787044,6.889764,6.6437118,34.589568036,0,0,0,113.2, -4.2, 5.5,,,0,0,1024,1024,1024,1024,0,0,0,0,133.2,0,5.2,74,3.835,3.834,0,0,0,0,4.971,102.02,-0.831384212956,2.952756,6,P-GPS,
132600,2026-05-22 09:17:48,51.9887225443901,4.3899488476257,2.952756,,,-0.831384212956,2.952756,0,34.36023732,167.179795376,27,5,7.667,3.105623787044,6.889764,6.6437118,34.589568036,0,0,0,113.5, -4, 4.3,,,0,0,1024,1024,1024,1024,0,0,0,0,133.2,0,3.8,74,3.835,3.834,0,0,0,0,4.971,102.02,-0.831384212956,2.952756,6,P-GPS,
132700,2026-05-22 09:17:48,51.9887225108077,4.38994872034204,2.952756,,,-0.831384212956,2.952756,0,34.38484362,167.210963356,27,5,7.667,3.105623787044,6.889764,6.6437118,34.589568036,0,0,0,113.3, -4.5, 2.8,,,0,0,1024,1024,1024,1024,0,0,0,0,133,0,2.7,74,3.835,3.834,0,0,0,0,4.971,102.02,-0.831384212956,2.952756,6,P-GPS,
132800,2026-05-22 09:17:48,51.988722628586,4.38994851867336,2.952756,,,-0.831384212956,2.952756,0,34.369423672,167.273299316,27,5,7.667,3.105623787044,6.889764,6.6437118,34.589568036,0,0,0,113.4, -4.6, 2.4,,,0,0,1024,1024,1024,1024,0,0,0,0,133,0,3,74,3.835,3.834,0,0,0,0,4.971,102.02,-0.831384212956,2.952756,6,P-GPS,
132900,2026-05-22 09:17:48,51.9887226258018,4.38994849011991,2.952756,,,-0.831384212956,2.952756,0,34.373688764,167.279860996,27,5,7.677,3.105623787044,6.889764,6.6437118,34.589568036,0,0,0,113.3, -4.1, 2.9,,,0,0,1024,1024,1024,1024,0,0,0,0,133,0,3.7,74,3.838,3.836,0,0,0,0,4.633,102.2,-0.831384212956,2.952756,6,P-GPS,
133000,2026-05-22 09:17:48,51.9887226917415,4.38994846548257,2.952756,,,-0.831384212956,2.952756,0,34.35531606,167.304467296,27,5,7.677,3.105623787044,6.889764,6.6437118,34.589568036,0,0,0,113.4, -3.2, 3.4,,,0,0,1024,1024,1024,1024,0,0,0,0,133.1,0,4,74,3.838,3.836,0,0,0,0,4.633,102.2,-0.831384212956,2.952756,6,P-GPS,
133100,2026-05-22 09:17:48,51.988722686233,4.38994851344957,2.952756,,,-0.831384212956,2.952756,0,34.351707136,167.315294068,27,5,7.677,3.105623787044,6.889764,6.6437118,34.589568036,0,0,0,113.5, -2.6, 3.5,,,0,0,1024,1024,1024,1024,0,0,0,0,133.1,0,3.7,74,3.838,3.836,0,0,0,0,4.633,102.2,-0.831384212956,2.952756,6,P-GPS,
133200,2026-05-22 09:17:48,51.9887226873724,4.38994841569316,2.952756,,,-0.831384212956,2.952756,0,34.362205824,167.337275696,27,5,7.677,3.105623787044,6.889764,6.6437118,34.589568036,0,0,0,113.5, -2.5, 3.3,,,0,0,1024,1024,1024,1024,0,0,0,0,133,0,3.9,74,3.838,3.836,0,0,0,0,4.633,102.2,-0.831384212956,2.952756,6,P-GPS,
133300,2026-05-22 09:17:49,51.9887226919814,4.38994846032834,2.952756,,,-0.831384212956,2.952756,0,34.355972228,167.3474463,27,5,7.677,3.105623787044,6.889764,6.6437118,34.589568036,0,0,0,113.4, -2.7, 3.7,,,0,0,1024,1024,1024,1024,0,0,0,0,133.1,0,4.2,74,3.838,3.836,0,0,0,0,4.633,102.2,-0.831384212956,2.952756,6,P-GPS,
133400,2026-05-22 09:17:49,51.9887227238333,4.38994851875683,2.952756,,,-0.831384212956,2.952756,0,34.339239944,167.365162836,27,5,7.677,3.105623787044,6.889764,6.6437118,34.589568036,0,0,0,113.5, -2.9, 4.2,,,0,0,1024,1024,1024,1024,0,0,0,0,133.2,0,5.3,74,3.838,3.836,0,0,0,0,4.633,102.2,-0.831384212956,2.952756,6,P-GPS,
133500,2026-05-22 09:17:49,51.9887227518729,4.38994857369351,2.952756,,,-0.831384212956,2.952756,0,34.32414808,167.381238952,27,5,7.677,3.105623787044,6.889764,6.6437118,34.589568036,0,0,0,113.5, -2.7, 5.1,,,0,0,1024,1024,1024,1024,0,0,0,0,133.2,0,5.4,74,3.838,3.836,0,0,0,0,4.633,102.2,-0.831384212956,2.952756,6,P-GPS,
133600,2026-05-22 09:17:49,51.9887228532883,4.38994864510841,2.952756,,,-0.831384212956,2.952756,0,34.284121832,167.421593284,27,5,7.677,3.105623787044,6.889764,6.6437118,34.589568036,0,0,0,113.5, -2.5, 5,,,0,0,1024,1024,1024,1018,0,0,0,-1,133,0,5.3,74,3.838,3.836,0,0,0,0,4.633,102.2,-0.831384212956,2.952756,6,P-GPS,
133700,2026-05-22 09:17:49,51.9887228457666,4.38994870515759,2.952756,,,-0.831384212956,2.952756,0,34.27985674,167.435372812,27,5,7.677,3.105623787044,6.889764,6.6437118,34.589568036,0,0,0,113.4, -2, 4.5,,,0,0,1024,1024,990,364,0,0,-5,-100,132.9,0,4.5,74,3.838,3.836,0,0,0,0,4.633,102.2,-0.831384212956,2.952756,6,P-GPS,
133800,2026-05-22 09:17:49,51.9887229915502,4.38994874699655,2.952756,,,-0.831384212956,2.952756,0,34.22900372,167.489178588,27,5,7.677,3.105623787044,6.889764,6.6437118,34.589568036,0,0,0,112.4, -1.6, 4.5,,,0,0,1024,1024,647,364,0,0,-57,-100,129,0.1,5.6,74,3.838,3.836,0,0,0,0,4.633,102.2,-0.831384212956,2.952756,6,P-GPS,
133900,2026-05-22 09:17:49,51.9887229969731,4.38994879760675,2.952756,,,-0.831384212956,2.952756,0,34.221785872,167.500661528,27,5,7.668,3.105623787044,6.889764,6.6437118,34.589568036,0,0,0,107.1, -1.6, 5.4,,,0,0,1024,1024,647,364,0,0,-57,-100,123.3,0.2,5.6,73,3.84,3.837,0,0,0,0,4.746,102.2,-0.831384212956,2.952756,6,P-GPS,
134000,2026-05-22 09:17:49,51.9887231138433,4.38994893778641,2.952756,,,-0.831384212956,2.952756,0,34.168964348,167.553811136,27,5,7.668,3.105623787044,6.889764,6.6437118,34.589568036,0,0,0,101.5, -1.3, 5.3,,,0,0,1024,1024,527,364,0,0,-75,-100,117.7,0.1,5.5,73,3.84,3.837,0,0,0,0,4.746,102.2,-0.831384212956,2.952756,6,P-GPS,
134100,2026-05-22 09:17:49,51.9887231226415,4.38994902136696,2.952756,,,-0.831384212956,2.952756,0,34.157153324,167.572840008,27,5,7.668,3.105623787044,6.889764,6.6437118,34.589568036,0,0,0.223694,96.1, 0.6, 5.4,,,0,0,1024,1024,622,364,0,0,-61,-100,112.2,0.1,5.4,73,3.84,3.837,0,0,0,0,4.746,102.2,-0.831384212956,2.952756,6,P-GPS,
134200,2026-05-22 09:17:49,51.9887231196345,4.38994927766627,2.952756,,,-0.831384212956,2.624672,0,34.129922352,167.630582792,27,5,7.668,3.105623787044,6.889764,6.6437118,34.589568036,0,0,0.223694,90.7, 1.3, 5.1,,,0,0,1024,1024,624,364,0,0,-61,-100,106.7,0.1,5.5,73,3.84,3.837,0,0,0,0,4.746,102.2,-0.831384212956,2.952756,6,P-GPS,
134300,2026-05-22 09:17:49,51.9887231277303,4.38994929655815,2.952756,,,-0.831384212956,2.624672,0,34.125001092,167.635504052,27,5,7.668,3.105623787044,6.889764,6.6437118,34.589568036,0,0,0.223694,85.1, 0.4, 5.5,,,0,0,1024,1024,623,364,0,0,-61,-100,101.3,0.1,5.3,73,3.84,3.837,0,0,0,0,4.746,102.2,-0.831384212956,2.952756,6,P-GPS,
134400,2026-05-22 09:17:50,51.9887234174985,4.38994957277183,2.624672,,,-1.159468212956,2.624672,0,34.00262576,167.758207468,27,5,7.668,3.105623787044,6.889764,6.6437118,34.589568036,0,0,0.223694,79.7, 0.2, 5.1,,,0,0,1024,1024,890,364,0,0,-20,-100,95.9,0.1,5.2,73,3.84,3.837,0,0,0,0,4.746,102.2,-1.159468212956,2.624672,6,P-GPS,
134500,2026-05-22 09:17:50,51.9887234196146,4.38994962398022,2.624672,,,-1.159468212956,2.624672,0,33.996392164,167.769690408,27,5,7.668,3.105623787044,6.889764,6.6437118,34.589568036,0,0,0.447388,74.3, 1, 5.1,,,0,0,1024,1024,1024,1024,0,0,0,0,90.7,0.1,4.9,73,3.84,3.837,0,0,0,0,4.746,102.2,-1.159468212956,2.624672,6,P-GPS,
134600,2026-05-22 09:17:50,51.9887232986236,4.38994963355136,2.624672,,,-1.159468212956,2.624672,0,34.03379374,167.813981748,28,5,7.668,3.105623787044,6.889764,6.6437118,34.589568036,0,0,0.223694,70.9, 1.4, 4.7,,,0,0,1024,1024,1024,1024,0,0,0,0,90.4,0,4.6,73,3.84,3.837,0,0,0,0,4.746,102.2,-1.159468212956,2.624672,6,P-GPS,
134700,2026-05-22 09:17:50,51.9887232702842,4.38994970605833,2.624672,,,-1.159468212956,2.296588,0,34.034777992,167.833338704,28,5,7.668,3.105623787044,6.889764,6.6437118,34.589568036,0,0,0.223694,71.2, 1.7, 4.1,,,0,0,1024,1024,1024,1024,0,0,0,0,90.7,0,3.5,73,3.84,3.837,0,0,0,0,4.746,102.2,-1.159468212956,2.624672,6,P-GPS,
134800,2026-05-22 09:17:50,51.9887233318976,4.3899497756856,2.624672,,,-1.159468212956,2.296588,0,34.00754702,167.860569676,28,5,7.668,3.105623787044,6.889764,6.6437118,34.589568036,0,0,0,71.4, 1.9, 3,,,0,0,1024,1024,1024,1024,0,0,0,0,90.8,0,2.4,73,3.84,3.837,0,0,0,0,4.746,102.2,-1.159468212956,2.624672,6,P-GPS,
134900,2026-05-22 09:17:50,51.9887236563791,4.38995009853773,2.624672,,,-1.159468212956,2.296588,0,33.868767488,167.999349208,28,5,7.677,3.105623787044,6.889764,6.6437118,34.589568036,0,0,0,71.4, 2, 2,,,0,0,1024,1024,1024,1024,0,0,0,0,90.9,0,1.8,73,3.818,3.817,0,0,0,0,4.545,102.38,-1.159468212956,2.624672,6,P-GPS,
135000,2026-05-22 09:17:50,51.9887236539033,4.38995014756896,2.624672,,,-1.159468212956,2.296588,0,33.864174312,168.010504064,28,5,7.677,3.105623787044,6.889764,6.6437118,34.589568036,0,0,0,71.5, 2.3, 1.9,,,0,0,1024,1024,1024,1650,0,0,0,95,91.3,0,3,73,3.818,3.817,0,0,0,0,4.545,102.38,-1.159468212956,2.624672,6,P-GPS,
135100,2026-05-22 09:17:50,51.9887236830137,4.38995015018433,2.624672,,,-1.159468212956,2.296588,0,33.854659876,168.021002752,28,5,7.677,3.105623787044,6.889764,6.6437118,34.589568036,0,0,0,73.6, 2.1, 3.5,,,0,0,1024,1024,1024,1684,0,0,0,100,96.1,-0.1,4.4,73,3.818,3.817,0,0,0,0,4.545,102.38,-1.159468212956,2.624672,6,P-GPS,
135200,2026-05-22 09:17:50,51.988724068509,4.3899505037462,2.624672,,,-1.159468212956,2.296588,0,33.693242548,168.182748164,29,5,7.677,3.105623787044,6.889764,6.6437118,34.589568036,0,0,0,78.9, 1.5, 4.3,,,0,0,1024,1024,1024,1684,0,0,0,100,101.7,-0.1,4.8,73,3.818,3.817,0,0,0,0,4.545,102.38,-1.159468212956,2.624672,6,P-GPS,
135300,2026-05-22 09:17:50,51.9887242528524,4.38995115402736,2.624672,,,-1.159468212956,2.296588,0,33.563321284,168.343509324,29,5,7.677,3.105623787044,6.889764,6.6437118,34.589568036,0,0,0,84.6, 0.9, 4.6,,,0,0,1024,1024,1024,1024,0,0,0,0,107.4,-0.1,5.1,73,3.818,3.817,0,0,0,0,4.545,102.38,-1.159468212956,2.624672,6,P-GPS,
135400,2026-05-22 09:17:51,51.9887242877541,4.38995111253618,2.624672,,,-1.159468212956,2.296588,0,33.556759604,168.359257356,29,5,7.677,3.105623787044,6.889764,6.6437118,34.589568036,0,0,0,88.6, 0.8, 4.7,,,0,0,1024,1024,1024,1024,0,0,0,0,108.1,0,5.6,73,3.818,3.817,0,0,0,0,4.545,102.38,-1.159468212956,2.624672,6,P-GPS,
135500,2026-05-22 09:17:51,51.9887243208996,4.38995106707326,2.624672,,,-1.159468212956,2.296588,0,33.551182176,168.375005388,29,5,7.677,3.105623787044,6.889764,6.6437118,34.589568036,0,0,0,88.5, 0.9, 5.4,,,0,0,1024,1024,1024,1024,0,0,0,0,107.9,0,6.2,73,3.818,3.817,0,0,0,0,4.545,102.38,-1.159468212956,2.624672,6,P-GPS,
135600,2026-05-22 09:17:51,51.9887243684119,4.38995147822196,2.624672,,,-1.159468212956,2.296588,0,33.491142804,168.469165496,27,5,7.677,3.105623787044,6.889764,6.6437118,34.589568036,0,0,0,88.4, 0.7, 5.5,,,0,0,1024,1024,1024,1024,0,0,0,0,107.8,0,5.5,73,3.818,3.817,0,0,0,0,4.545,102.38,-1.159468212956,2.624672,6,P-GPS,
135700,2026-05-22 09:17:51,51.9887243692429,4.38995140370478,2.624672,,,-1.159468212956,2.296588,0,33.49901682,168.48589778,27,5,7.677,3.105623787044,6.889764,6.6437118,34.589568036,0,0,0,88.1, 0, 4.8,,,0,0,1024,1024,1024,1024,0,0,0,0,107.6,0,5.1,73,3.818,3.817,0,0,0,0,4.545,102.38,-1.159468212956,2.624672,6,P-GPS,
135800,2026-05-22 09:17:51,51.9887244044102,4.38995151519188,2.624672,,,-1.159468212956,2.296588,0,33.475722856,168.514113004,27,5,7.677,3.105623787044,6.889764,6.6437118,34.589568036,0,0,0,88, -0.6, 4.8,,,0,0,1024,1024,1024,1024,0,0,0,0,107.6,0,5.2,73,3.818,3.817,0,0,0,0,4.545,102.38,-1.159468212956,2.624672,6,P-GPS,
135900,2026-05-22 09:17:51,51.9887244046929,4.38995145323683,2.624672,,,-1.159468212956,2.296588,0,33.482284536,168.527892532,27,5,7.675,3.105623787044,6.889764,6.6437118,34.589568036,0,0,0,88, -0.6, 4.8,,,0,0,1024,1024,1024,1024,0,0,0,0,107.6,0,5.2,73,3.839,3.835,0,0,0,0,4.633,102.38,-1.159468212956,2.624672,6,P-GPS,
136000,2026-05-22 09:17:51,51.9887243041769,4.38995146681449,2.624672,,,-1.159468212956,2.296588,0,33.512796348,168.56463794,26,5,7.675,3.105623787044,6.889764,6.6437118,34.589568036,0,0,0,88, -0.4, 5,,,0,0,1024,1024,1024,1024,0,0,0,0,107.5,0,6,73,3.839,3.835,0,0,0,0,4.633,102.38,-1.159468212956,2.624672,6,P-GPS,
136100,2026-05-22 09:17:51,51.9887243009815,4.38995147086971,2.624672,,,-1.159468212956,2.296588,0,33.513452516,168.56627836,26,5,7.675,3.105623787044,6.889764,6.6437118,34.589568036,0,0,0,88, 0.1, 5.6,,,0,0,1024,1024,1024,1024,0,0,0,0,107.5,0,5.7,73,3.839,3.835,0,0,0,0,4.633,102.38,-1.159468212956,2.624672,6,P-GPS,
136200,2026-05-22 09:17:51,51.9887242728134,4.38995143490837,2.624672,,,-1.159468212956,2.296588,0,33.526247792,168.57940172,27,5,7.675,3.105623787044,6.889764,6.6437118,34.589568036,0,0,0,88.1, 0.8, 4.9,,,0,0,1024,1024,1024,1024,0,0,0,0,107.7,0,4.8,73,3.839,3.835,0,0,0,0,4.633,102.38,-1.159468212956,2.624672,6,P-GPS,
136300,2026-05-22 09:17:51,51.9887242174538,4.38995151259738,2.624672,,,-1.159468212956,2.296588,0,33.535762228,168.605976524,27,5,7.675,3.105623787044,6.889764,6.6437118,34.589568036,0,0,0,88.3, 2, 3.6,,,0,0,1024,1024,1024,1024,0,0,0,0,107.8,0,3.2,73,3.839,3.835,0,0,0,0,4.633,102.38,-1.159468212956,2.624672,6,P-GPS,
136400,2026-05-22 09:17:52,51.9887241636705,4.38995147722728,2.624672,,,-1.159468212956,2.296588,0,33.556759604,168.627301984,27,5,7.675,3.105623787044,6.889764,6.6437118,34.589568036,0,0,0,88.3, 2.6, 2.2,,,0,0,1024,1024,1024,1024,0,0,0,0,107.8,0,2.2,73,3.839,3.835,0,0,0,0,4.633,102.38,-1.159468212956,2.624672,6,P-GPS,
136500,2026-05-22 09:17:52,51.9887241142907,4.38995152044349,2.624672,,,-1.159468212956,2.296588,0,33.56791446,168.647643192,27,5,7.675,3.105623787044,6.889764,6.6437118,34.589568036,0,0,0,88.3, 2.3, 1.6,,,0,0,1024,1024,1024,1024,0,0,0,0,107.7,0,2.5,73,3.839,3.835,0,0,0,0,4.633,102.38,-1.159468212956,2.624672,6,P-GPS,
136600,2026-05-22 09:17:52,51.9887239005798,4.38995149005373,2.624672,,,-1.159468212956,2.296588,0,33.639436772,168.725727184,27,5,7.675,3.105623787044,6.889764,6.6437118,34.589568036,0,0,0,88.2, 1.9, 2.4,,,0,0,1024,1024,1024,1024,0,0,0,0,107.6,0,3.6,73,3.839,3.835,0,0,0,0,4.633,102.38,-1.159468212956,2.624672,6,P-GPS,
136700,2026-05-22 09:17:52,51.9887239072449,4.38995149118752,2.624672,,,-1.159468212956,2.296588,0,33.637140184,168.728351856,27,5,7.675,3.105623787044,6.889764,6.6437118,34.589568036,0,0,0,88.2, 1.8, 3.2,,,0,0,1024,1024,1024,1024,0,0,0,0,107.6,0,4,73,3.839,3.835,0,0,0,0,4.633,102.38,-1.159468212956,2.624672,6,P-GPS,
136800,2026-05-22 09:17:52,51.9887238213356,4.3899514950897,2.624672,,,-1.159468212956,2.296588,0,33.664043072,168.75984792,27,5,7.675,3.105623787044,6.889764,6.6437118,34.589568036,0,0,0,88.3, 1.8, 3.9,,,0,0,1024,1024,1024,1024,0,0,0,0,107.6,0,4.5,73,3.839,3.835,0,0,0,0,4.633,102.38,-1.159468212956,2.624672,6,P-GPS,
136900,2026-05-22 09:17:52,51.9887238457342,4.38995147208001,2.624672,,,-1.159468212956,2.296588,0,33.658793728,168.770018524,27,5,7.668,3.105623787044,6.889764,6.6437118,34.589568036,0,0,0,88.2, 1.4, 4,,,0,0,1024,1024,1024,1024,0,0,0,0,107.6,0,4.6,73,3.837,3.834,0,0,0,0,4.796,102.38,-1.159468212956,2.624672,6,P-GPS,
137000,2026-05-22 09:17:52,51.9887237671325,4.38995154420441,2.624672,,,-1.159468212956,2.296588,0,33.67618218,168.802826924,27,5,7.668,3.105623787044,6.889764,6.6437118,34.589568036,0,0,0,88.1, 1, 4.5,,,0,0,1024,1024,1024,1024,0,0,0,0,107.5,0,5.3,73,3.837,3.834,0,0,0,0,4.796,102.38,-1.159468212956,2.624672,6,P-GPS,
137100,2026-05-22 09:17:52,51.9887237550617,4.38995147209392,2.624672,,,-1.159468212956,2.296588,0,33.687993204,168.819559208,27,5,7.668,3.105623787044,6.889764,6.6437118,34.589568036,0,0,0,88.2, 1, 5,,,0,0,1024,1024,1024,1024,0,0,0,0,107.6,0,5.7,73,3.837,3.834,0,0,0,0,4.796,102.38,-1.159468212956,2.624672,6,P-GPS,
137200,2026-05-22 09:17:52,51.988723789141,4.38995146713446,2.624672,,,-1.159468212956,2.296588,0,33.677494516,168.8320264,27,5,7.668,3.105623787044,6.889764,6.6437118,34.589568036,0,0,0,88.2, 1.3, 5.4,,,0,0,1024,1024,1024,1024,0,0,0,0,107.6,0,6,73,3.837,3.834,0,0,0,0,4.796,102.38,-1.159468212956,2.624672,6,P-GPS,
137300,2026-05-22 09:17:52,51.9887238127601,4.38995146819174,2.624672,,,-1.159468212956,2.296588,0,33.669948584,168.840884668,27,5,7.668,3.105623787044,6.889764,6.6437118,34.589568036,0,0,0,88.3, 1.5, 5.4,,,0,0,1024,1024,1024,1024,0,0,0,0,107.6,0,5.9,73,3.837,3.834,0,0,0,0,4.796,102.38,-1.159468212956,2.624672,6,P-GPS,
137400,2026-05-22 09:17:53,51.9887237519862,4.38995149222393,2.624672,,,-1.159468212956,2.296588,0,33.686680868,168.863522464,27,5,7.668,3.105623787044,6.889764,6.6437118,34.589568036,0,0,0,88.2, 1.6, 5.3,,,0,0,1024,1024,1024,1024,0,0,0,0,107.6,0,5.6,73,3.837,3.834,0,0,0,0,4.796,102.38,-1.159468212956,2.624672,6,P-GPS,
137500,2026-05-22 09:17:53,51.9887237553187,4.38995146850475,2.624672,,,-1.159468212956,2.296588,0,33.687993204,168.869099892,27,5,7.668,3.105623787044,6.889764,6.6437118,34.589568036,0,0,0,88.2, 1.1, 4.9,,,0,0,1024,1024,1024,1024,0,0,0,0,107.6,0,5.2,73,3.837,3.834,0,0,0,0,4.796,102.38,-1.159468212956,2.624672,6,P-GPS,
137600,2026-05-22 09:17:53,51.9887234117844,4.38995144598891,2.624672,,,-1.159468212956,2.296588,0,33.800526016,168.99442798,27,5,7.668,3.105623787044,6.889764,6.6437118,34.589568036,0,0,0,88.2, 1.3, 5.1,,,0,0,1024,1024,1024,1024,0,0,0,0,107.5,0,6,73,3.837,3.834,0,0,0,0,4.796,102.38,-1.159468212956,2.624672,6,P-GPS,
137700,2026-05-22 09:17:53,51.9887234139175,4.38995141959872,2.624672,,,-1.159468212956,2.296588,0,33.802822604,169.000661576,27,5,7.668,3.105623787044,6.889764,6.6437118,34.589568036,0,0,0,88.2, 1.5, 5.3,,,0,0,1024,649,1024,1024,0,-57,0,0,107.6,0,5.6,73,3.837,3.834,0,0,0,0,4.796,102.38,-1.159468212956,2.624672,6,P-GPS,
137800,2026-05-22 09:17:53,51.9887230944392,4.38995142423822,2.624672,,,-1.159468212956,2.296588,0,33.904528644,169.117131396,27,5,7.668,3.105623787044,6.889764,6.6437118,34.589568036,0,0,0,88.2, 1.4, 4.8,,,0,0,1024,364,1024,1024,0,-100,0,0,107.7,0,4.4,73,3.837,3.834,0,0,0,0,4.796,102.38,-1.159468212956,2.624672,6,P-GPS,
137900,2026-05-22 09:17:53,51.9887230803551,4.38995152673846,2.624672,,,-1.159468212956,2.296588,0,33.897966964,169.140753444,26,5,7.67,3.105623787044,6.889764,6.6437118,34.589568036,0,0,0,88.2, 1, 1,,,0,0,1024,364,1024,1024,0,-100,0,0,107.7,0,-4.1,73,3.835,3.833,0,0,0,0,4.742,102.38,-1.159468212956,2.624672,6,P-GPS,
138000,2026-05-22 09:17:53,51.9887231289896,4.38995145680514,2.624672,,,-1.159468212956,2.296588,0.223694,33.889764864,169.164375492,26,5,7.67,3.105623787044,6.889764,6.6437118,34.589568036,0.223694,0,0,88, 0.5, -7.1,,,0,0,1024,515,1024,1024,0,-77,0,0,107.7,0,-7.8,73,3.835,3.833,0,0,0,0,4.742,102.38,-1.159468212956,2.624672,6,P-GPS,
138100,2026-05-22 09:17:53,51.9887233440113,4.3899513849242,2.624672,,,-1.159468212956,2.624672,0.671082,33.82874124,169.244427988,26,5,7.67,3.105623787044,6.889764,6.6437118,34.589568036,0.671082,0,0,88.1, 0.3, -6.8,,,0,0,1024,1024,1024,1024,0,0,0,0,107.7,0,0,73,3.835,3.833,0,0,0,0,4.742,102.38,-1.159468212956,2.624672,6,P-GPS,
138200,2026-05-22 09:17:53,51.9887236338995,4.38995132252397,2.624672,,,-1.159468212956,2.624672,0.894776,33.742783232,169.351055288,27,5,7.67,3.105623787044,6.889764,6.6437118,34.589568036,0.894776,0,0,88.3, 0.5, 3.1,,,0,0,1024,1024,1024,1024,0,0,0,0,107.8,0,5.6,73,3.835,3.833,0,0,0,0,4.742,102.38,-1.159468212956,2.624672,6,P-GPS,
138300,2026-05-22 09:17:54,51.9887239191186,4.38995160715414,2.624672,,,-1.159468212956,2.296588,0.894776,33.620735984,169.47343062,27,5,7.67,3.105623787044,6.889764,6.6437118,34.589568036,0.894776,0,0,88.3, 0.6, 5.3,,,0,0,1024,1024,1024,1024,0,0,0,0,107.6,0,5.8,73,3.835,3.833,0,0,0,0,4.742,102.38,-1.159468212956,2.624672,6,P-GPS,
138400,2026-05-22 09:17:54,51.9887243343497,4.38995155544493,2.624672,,,-1.159468212956,2.296588,0.894776,33.493767476,169.625333512,27,5,7.67,3.105623787044,6.889764,6.6437118,34.589568036,0.894776,0,0,88.1, 0.5, 5.6,,,0,0,1024,1024,1024,1024,0,0,0,0,107.6,0,6.8,73,3.835,3.833,0,0,0,0,4.742,102.38,-1.159468212956,2.624672,6,P-GPS,
138500,2026-05-22 09:17:54,51.9887247287203,4.38995151949055,2.624672,,,-1.159468212956,2.624672,0.894776,33.371720228,169.769362388,27,5,7.67,3.105623787044,6.889764,6.6437118,34.589568036,0.894776,0,0,88.1, 0.7, 6.7,,,0,0,1024,1024,1024,1024,0,0,0,0,107.5,0,7.7,73,3.835,3.833,0,0,0,0,4.742,102.38,-1.159468212956,2.624672,6,P-GPS,
138600,2026-05-22 09:17:54,51.9887251585923,4.38995193110528,2.624672,,,-1.159468212956,2.624672,0.671082,33.189633608,169.951449008,27,5,7.67,3.105623787044,6.889764,6.6437118,34.589568036,0.671082,0,0,88.1, 1, 7.6,,,0,0,1201,1024,1024,1024,27,0,0,0,107.5,0,8.2,73,3.835,3.833,0,0,0,0,4.742,102.38,-1.159468212956,2.624672,6,P-GPS,
138700,2026-05-22 09:17:54,51.9887254849328,4.38995194404997,2.624672,,,-1.159468212956,2.624672,0.671082,33.084318644,170.0705435,27,5,7.67,3.105623787044,6.889764,6.6437118,34.589568036,0.671082,0,0,88.2, 1.2, 7.7,,,0,0,1684,1024,1024,1024,100,0,0,0,107.6,0,8.2,73,3.835,3.833,0,0,0,0,4.742,102.38,-1.159468212956,2.624672,6,P-GPS,
138800,2026-05-22 09:17:54,51.9887257817687,4.38995193412409,2.624672,,,-1.159468212956,2.624672,0.671082,32.990814704,170.17881122,28,5,7.67,3.105623787044,6.889764,6.6437118,34.589568036,0.671082,0,0,88.3, 0.2, 7.7,,,0,0,1684,1024,1024,1024,100,0,0,0,108.2,0,8.4,73,3.835,3.833,0,0,0,0,4.742,102.38,-1.159468212956,2.624672,6,P-GPS,
138900,2026-05-22 09:17:54,51.9887260253868,4.38995198369787,2.624672,,,-1.159468212956,2.624672,0.447388,32.907809452,170.268378152,28,5,7.654,3.105623787044,6.889764,6.6437118,34.589568036,0.447388,0,0,87.7, -7.9, 7.9,,,0,0,1684,1024,1024,1024,100,0,0,0,108.6,0,7.9,73,3.83,3.827,0,0,0,0,4.979,102.56,-1.159468212956,2.624672,6,P-GPS,
139000,2026-05-22 09:17:54,51.9887263878969,4.38995220057883,2.624672,,,-1.159468212956,2.624672,0.6263432,32.768537794,170.409454272,29,5,7.654,3.105623787044,6.889764,6.6437118,34.589568036,0.447388,0.447388,0,87.5, -11.7, 7.4,,,0,0,1652,1024,1024,1024,95,0,0,0,108.6,0,7.4,73,3.83,3.827,0,0,0,0,4.979,102.56,-1.159468212956,2.624672,6,P-GPS,
139100,2026-05-22 09:17:54,51.9887265867442,4.3899527272142,2.624672,,,-1.159468212956,2.624672,1.006623,32.6474091812,170.548233804,29,5,7.654,3.105623787044,6.889764,6.6437118,34.589568036,0.447388,0.894776,0,87.5, -11.2, 7,,,0,0,1024,1024,1024,1024,0,0,0,0,108.3,0,7.2,73,3.83,3.827,0,0,0,0,4.979,102.56,-1.159468212956,2.624672,6,P-GPS,
139200,2026-05-22 09:17:54,51.9887268851736,4.38995357900406,2.624672,,,-1.159468212956,2.296588,1.3645334,32.4591873904,170.768378168,29,5,7.654,3.105623787044,6.889764,6.6437118,34.589568036,0.223694,1.342164,0,87.9, -4.6, 6.7,,,0,0,1024,1024,1024,1024,0,0,0,0,107.7,0,6.9,73,3.83,3.827,0,0,0,0,4.979,102.56,-1.159468212956,2.624672,6,P-GPS,
139300,2026-05-22 09:17:55,51.9887270517406,4.38995450366954,2.624672,,,-1.159468212956,2.624672,1.3645334,32.3057096952,170.984913608,29,5,7.654,3.105623787044,6.889764,6.6437118,34.589568036,0.223694,1.342164,0,88.2, 1, 6.3,,,0,0,1024,1024,1024,1024,0,0,0,0,107.6,0,6.7,73,3.83,3.827,0,0,0,0,4.979,102.56,-1.159468212956,2.624672,6,P-GPS,
139400,2026-05-22 09:17:55,51.9887272087984,4.38995544442372,2.624672,,,-1.159468212956,2.624672,1.3645334,32.1542661208,171.203745636,29,5,7.654,3.105623787044,6.889764,6.6437118,34.589568036,0.223694,1.342164,0,88.2, 1.6, 6.2,,,0,0,1024,1024,1024,1024,0,0,0,0,107.6,0,6.8,73,3.83,3.827,0,0,0,0,4.979,102.56,-1.159468212956,2.624672,6,P-GPS,
139500,2026-05-22 09:17:55,51.9887273523461,4.38995626449526,2.624672,,,-1.159468212956,2.624672,1.1408394,32.0207359328,171.395346692,29,5,7.654,3.105623787044,6.889764,6.6437118,34.589568036,0.223694,1.11847,0,88.3, 2.4, 6.3,,,0,0,1024,1024,1024,1024,0,0,0,0,107.5,0,7,73,3.83,3.827,0,0,0,0,4.979,102.56,-1.159468212956,2.624672,6,P-GPS,
139600,2026-05-22 09:17:55,51.9887274542755,4.38995699145685,2.624672,,,-1.159468212956,2.624672,1.1408394,31.9110574516,171.562997616,29,5,7.654,3.105623787044,6.889764,6.6437118,34.589568036,0.223694,1.11847,0,88.3, 3.2, 6.5,,,0,0,1024,1024,1024,1024,0,0,0,0,107.4,0,7.2,73,3.83,3.827,0,0,0,0,4.979,102.56,-1.159468212956,2.624672,6,P-GPS,
139700,2026-05-22 09:17:55,51.988727573296,4.38995765445317,2.624672,,,-1.159468212956,2.624672,0.9171454,31.8030193904,171.718181348,29,5,7.654,3.105623787044,6.889764,6.6437118,34.589568036,0.223694,0.894776,0,88.3, 3.8, 6.6,,,0,0,1024,1024,1024,1024,0,0,0,0,107.4,0,7.1,73,3.83,3.827,0,0,0,0,4.979,102.56,-1.159468212956,2.624672,6,P-GPS,
139800,2026-05-22 09:17:55,51.9887275696979,4.38995798403153,2.624672,,,-1.159468212956,2.624672,0.671082,31.7697516728,171.792000248,29,5,7.654,3.105623787044,6.889764,6.6437118,34.589568036,0,0.671082,0,88.4, 3.9, 6.6,,,0,0,1024,1024,1024,1024,0,0,0,0,107.4,0,7.1,73,3.83,3.827,0,0,0,0,4.979,102.56,-1.159468212956,2.624672,6,P-GPS,
139900,2026-05-22 09:17:55,51.9887276327506,4.3899584663169,2.624672,,,-1.159468212956,2.624672,0.671082,31.6992136128,171.90289264,29,5,7.656,3.105623787044,6.889764,6.6437118,34.589568036,0,0.671082,0,88.3, 3.8, 6.4,,,0,0,1024,1024,1024,1024,0,0,0,0,107.4,0,6.8,73,3.83,3.826,0,0,0,0,5.109,102.56,-1.159468212956,2.624672,6,P-GPS,
140000,2026-05-22 09:17:55,51.9887275510734,4.38995875854277,2.624672,,,-1.159468212956,2.624672,0.447388,31.6954078384,171.97507112,29,5,7.656,3.105623787044,6.889764,6.6437118,34.589568036,0,0.447388,0,88.3, 3.8, 6.3,,,0,0,1258,1024,1024,1024,35,0,0,0,107.4,0,7,73,3.83,3.826,0,0,0,0,5.109,102.56,-1.159468212956,2.624672,6,P-GPS,
140100,2026-05-22 09:17:55,51.9887275566676,4.38995913556645,2.624672,,,-1.159468212956,2.624672,0.447388,31.6547582308,172.059716792,28,5,7.656,3.105623787044,6.889764,6.6437118,34.589568036,0,0.447388,0,88.4, 3.5, 6.4,,,0,0,1684,887,1024,1024,100,-21,0,0,107.7,0,6.6,73,3.83,3.826,0,0,0,0,5.109,102.56,-1.159468212956,2.624672,6,P-GPS,
140200,2026-05-22 09:17:55,51.9887275709144,4.38995942772972,2.624672,,,-1.159468212956,2.624672,0.447388,31.6201453688,172.125661676,28,5,7.656,3.105623787044,6.889764,6.6437118,34.589568036,0,0.447388,0,87.8, -3.9, 5.7,,,0,0,1684,885,1024,1024,100,-21,0,0,108,0,5.4,73,3.83,3.826,0,0,0,0,5.109,102.56,-1.159468212956,2.624672,6,P-GPS,
140300,2026-05-22 09:17:56,51.9887275733132,4.38995983181135,2.624672,,,-1.159468212956,2.624672,0.671082,31.5780521916,172.216540944,28,5,7.656,3.105623787044,6.889764,6.6437118,34.589568036,0,0.671082,0,87.6, -10.3, 4.6,,,0,0,1684,900,1024,1024,100,-19,0,0,108.2,0,4.4,73,3.83,3.826,0,0,0,0,5.109,102.56,-1.159468212956,2.624672,6,P-GPS,
140400,2026-05-22 09:17:56,51.9887276169018,4.38996033081144,2.624672,,,-1.159468212956,2.624672,1.11847,31.5131571764,172.329729924,28,5,7.656,3.105623787044,6.889764,6.6437118,34.589568036,0,1.11847,0,87.7, -11.3, 3.8,,,0,0,1547,1001,1024,1024,79,-3,0,0,108.2,0,4.3,73,3.83,3.826,0,0,0,0,5.109,102.56,-1.159468212956,2.624672,6,P-GPS,
140500,2026-05-22 09:17:56,51.9887276542536,4.38996132152197,2.624672,,,-1.159468212956,2.624672,1.565858,31.4011492988,172.55249896,28,5,7.656,3.105623787044,6.889764,6.6437118,34.589568036,0,1.565858,0,87.8, -10.1, 3.9,,,0,0,1024,1024,1024,1024,0,0,0,0,108.1,0,4.6,73,3.83,3.826,0,0,0,0,5.109,102.56,-1.159468212956,2.624672,6,P-GPS,
140600,2026-05-22 09:17:56,51.9887276150513,4.38996252876567,2.624672,,,-1.159468212956,2.624672,1.789552,31.2940954896,172.824152512,28,5,7.656,3.105623787044,6.889764,6.6437118,34.589568036,0,1.789552,0,88, -4.5, 4.5,,,0,0,1024,1024,1024,1024,0,0,0,0,107.8,0,5.3,73,3.83,3.826,0,0,0,0,5.109,102.56,-1.159468212956,2.624672,6,P-GPS,
140700,2026-05-22 09:17:56,51.988727702811,4.38996391464749,2.624672,,,-1.159468212956,2.624672,2.013246,31.1298894476,173.137144648,28,5,7.656,3.105623787044,6.889764,6.6437118,34.589568036,0,2.013246,0,88.4, 2.3, 4.9,,,0,0,1024,1024,1024,1024,0,0,0,0,107.6,0,5.6,73,3.83,3.826,0,0,0,0,5.109,102.56,-1.159468212956,2.624672,6,P-GPS,
140800,2026-05-22 09:17:56,51.9887277141109,4.38996506336533,2.624672,,,-1.159468212956,2.624672,1.789552,31.0158474492,173.395346756,28,5,7.656,3.105623787044,6.889764,6.6437118,34.589568036,0,1.789552,0,88.3, 3.3, 5,,,0,0,1024,1024,1024,1024,0,0,0,0,107.4,0,5.7,73,3.83,3.826,0,0,0,0,5.109,102.56,-1.159468212956,2.624672,6,P-GPS,
140900,2026-05-22 09:17:56,51.9887276227016,4.38996593723977,2.624672,,,-1.159468212956,2.624672,1.789552,30.9633868176,173.594493744,28,5,7.651,3.105623787044,6.889764,6.6437118,34.589568036,0,1.789552,0,88.3, 4.1, 5,,,0,0,864,1024,1024,1024,-24,0,0,0,107.4,0,5.5,73,3.832,3.828,0,0,0,0,5.143,102.74,-1.159468212956,2.624672,6,P-GPS,
141000,2026-05-22 09:17:56,51.9887276966,4.38996700554888,2.624672,,,-1.159468212956,2.624672,1.565858,30.8391742152,173.835963568,28,5,7.651,3.105623787044,6.889764,6.6437118,34.589568036,0,1.565858,0,88.2, 3.9, 4.7,,,0,0,1024,1024,1024,1024,0,0,0,0,107.5,0,5.4,73,3.832,3.828,0,0,0,0,5.143,102.74,-1.159468212956,2.624672,6,P-GPS,
141100,2026-05-22 09:17:56,51.9887277657524,4.38996796233612,2.624672,,,-1.159468212956,2.624672,1.342164,30.7280849728,174.052499008,28,5,7.651,3.105623787044,6.889764,6.6437118,34.589568036,0,1.342164,0,88.2, 3.4, 4.9,,,0,0,875,1024,1024,1024,-23,0,0,0,107.5,0,5.4,73,3.832,3.828,0,0,0,0,5.143,102.74,-1.159468212956,2.624672,6,P-GPS,
141200,2026-05-22 09:17:56,51.9887277666433,4.38996870623501,2.624672,,,-1.159468212956,2.624672,1.11847,30.6601715848,174.219821848,28,5,7.651,3.105623787044,6.889764,6.6437118,34.589568036,0,1.11847,0,88.2, 2.8, 4.9,,,0,0,364,1024,1024,1024,-100,0,0,0,107.6,0,5.6,73,3.832,3.828,0,0,0,0,5.143,102.74,-1.159468212956,2.624672,6,P-GPS,
141300,2026-05-22 09:17:57,51.9887277865786,4.38996942317681,2.624672,,,-1.159468212956,2.624672,1.11847,30.5890429736,174.380911092,28,5,7.651,3.105623787044,6.889764,6.6437118,34.589568036,0,1.11847,0,88.4, 4.8, 5,,,0,0,364,1024,1024,1024,-100,0,0,0,107.3,0,5.8,73,3.832,3.828,0,0,0,0,5.143,102.74,-1.159468212956,2.624672,6,P-GPS,
141400,2026-05-22 09:17:57,51.9887278421695,4.38996998857669,2.624672,,,-1.159468212956,2.624672,0.671082,30.5200797168,174.50952002,28,5,7.651,3.105623787044,6.889764,6.6437118,34.589568036,0,0.671082,0,88.9, 12.3, 5.5,,,0,0,364,1024,1024,1024,-100,0,0,0,107.1,0,6,73,3.832,3.828,0,0,0,0,5.143,102.74,-1.159468212956,2.624672,6,P-GPS,
141500,2026-05-22 09:17:57,51.9887279007074,4.38997024189893,2.624672,,,-1.159468212956,2.624672,0.671082,30.478019348,174.57021556,28,5,7.651,3.105623787044,6.889764,6.6437118,34.589568036,0,0.223694,0,89, 13.9, 5.7,,,0,0,1024,1024,1024,1024,0,0,0,0,106.9,0,6.4,73,3.832,3.828,0,0,0,0,5.143,102.74,-1.159468212956,2.624672,6,P-GPS,
141600,2026-05-22 09:17:57,51.9887280487784,4.38997000333684,2.624672,,,-1.159468212956,2.624672,0.223694,30.4495416568,174.646331048,28,5,7.651,3.105623787044,6.889764,6.6437118,34.589568036,0,-0.223694,0,88.8, 11.2, 6.1,,,0,0,1024,1024,1024,1024,0,0,0,0,107.3,0,6.7,73,3.832,3.828,0,0,0,0,5.143,102.74,-1.159468212956,2.624672,6,P-GPS,
141700,2026-05-22 09:17:57,51.9887281102462,4.3899696739115,2.624672,,,-1.159468212956,2.624672,0.447388,30.4583014996,174.723758872,28,5,7.651,3.105623787044,6.889764,6.6437118,34.589568036,0,-0.447388,0,88, 0.9, 6.2,,,0,0,1024,1024,1024,1024,0,0,0,0,107.7,0,6.7,73,3.832,3.828,0,0,0,0,5.143,102.74,-1.159468212956,2.624672,6,P-GPS,
141800,2026-05-22 09:17:57,51.9887283484843,4.38996933321781,2.624672,,,-1.159468212956,2.624672,0.447388,30.4091873248,174.839572524,28,5,7.651,3.105623787044,6.889764,6.6437118,34.589568036,0,-0.447388,0,87.9, -1.6, 6,,,0,0,1024,1024,1024,935,0,0,0,-13,107.8,0,6.4,73,3.832,3.828,0,0,0,0,5.143,102.74,-1.159468212956,2.624672,6,P-GPS,
141900,2026-05-22 09:17:57,51.9887284005799,4.38996905069524,2.624672,,,-1.159468212956,2.624672,0.447388,30.4172909996,174.905845492,28,5,7.664,3.105623787044,6.889764,6.6437118,34.589568036,0,-0.223694,0,87.9, -0.8, 6,,,0,0,1024,1024,1052,364,0,0,4,-100,106.7,0,6.8,73,3.828,3.819,0,0,0,0,4.746,102.74,-1.159468212956,2.624672,6,P-GPS,
142000,2026-05-22 09:17:57,51.9887286271326,4.38996915325809,2.624672,,,-1.159468212956,2.624672,0.223694,30.332350052,174.9918035,28,5,7.664,3.105623787044,6.889764,6.6437118,34.589568036,0,-0.223694,0,85.1, -0.7, 6.3,,,0,0,1024,1024,1138,364,0,0,17,-100,101.6,0.2,6.9,73,3.828,3.819,0,0,0,0,4.746,102.74,-1.159468212956,2.624672,6,P-GPS,
142100,2026-05-22 09:17:57,51.9887286756729,4.38996903683239,2.624672,,,-1.159468212956,2.624672,0,30.3267398156,175.023299564,28,5,7.664,3.105623787044,6.889764,6.6437118,34.589568036,0,0,0,79.6, -0.9, 6.3,,,0,0,1024,1024,1114,364,0,0,14,-100,95.8,0.2,6.6,73,3.828,3.819,0,0,0,0,4.746,102.74,-1.159468212956,2.624672,6,P-GPS,
142200,2026-05-22 09:17:57,51.988728719193,4.38996928700715,2.624672,,,-1.159468212956,2.624672,0,30.2895022816,175.081698516,29,5,7.664,3.105623787044,6.889764,6.6437118,34.589568036,0,0,0,74, 0, 6.4,,,0,0,1024,1024,1104,364,0,0,12,-100,90.3,0.2,7.1,73,3.828,3.819,0,0,0,0,4.746,102.74,-1.159468212956,2.624672,6,P-GPS,
142300,2026-05-22 09:17:57,51.9887287764373,4.38996934899698,2.624672,,,-1.159468212956,2.624672,0,30.2647975564,175.106960984,29,5,7.664,3.105623787044,6.889764,6.6437118,34.589568036,0,0,0,68.7, 1.1, 6.4,,,0,0,1024,1024,1024,364,0,0,0,-100,84.7,0.2,7,73,3.828,3.819,0,0,0,0,4.746,102.74,-1.159468212956,2.624672,6,P-GPS,
142400,2026-05-22 09:17:58,51.9887287572816,4.38996956239657,2.624672,,,-1.159468212956,2.624672,0,30.2519038552,175.155189332,29,5,7.664,3.105623787044,6.889764,6.6437118,34.589568036,0,0,0,63.2, 1.5, 6.9,,,0,0,1024,1024,1024,364,0,0,0,-100,79.3,0.2,7.6,73,3.828,3.819,0,0,0,0,4.746,102.74,-1.159468212956,2.624672,6,P-GPS,
142500,2026-05-22 09:17:58,51.9887288587913,4.38996968837951,2.624672,,,-1.159468212956,2.624672,0.223694,30.2066282632,175.20177726,29,5,7.664,3.105623787044,6.889764,6.6437118,34.589568036,0.223694,0,0,59.9, 2.7, 7.3,,,0,0,1024,1024,1024,1024,0,0,0,0,79,0,7.8,73,3.828,3.819,0,0,0,0,4.746,102.74,-1.159468212956,2.624672,6,P-GPS,
142600,2026-05-22 09:17:58,51.9887288645654,4.38996973758463,2.624672,,,-1.159468212956,2.624672,0.223694,30.2002634336,175.2132602,29,5,7.664,3.105623787044,6.889764,6.6437118,34.589568036,0.223694,0,0,60.2, 3.9, 7.4,,,0,0,1024,1024,1024,1024,0,0,0,0,79.2,0,8.2,73,3.828,3.819,0,0,0,0,4.746,102.74,-1.159468212956,2.624672,6,P-GPS,
142700,2026-05-22 09:17:58,51.988728990962,4.38996990839056,2.624672,,,-1.159468212956,2.624672,0.223694,30.1426518832,175.272971488,29,5,7.664,3.105623787044,6.889764,6.6437118,34.589568036,0.223694,0,0,60.6, 5.4, 7.9,,,0,0,1024,1024,1024,1684,0,0,0,100,80.9,-0.1,8.4,73,3.828,3.819,0,0,0,0,4.746,102.74,-1.159468212956,2.624672,6,P-GPS,
142800,2026-05-22 09:17:58,51.988729088214,4.3899701049224,2.624672,,,-1.159468212956,2.624672,0,30.0924550312,175.32973002,29,5,7.664,3.105623787044,6.889764,6.6437118,34.589568036,0,0,0,64.3, 5.4, 8,,,0,0,1024,1024,1024,1684,0,0,0,100,86.3,-0.2,8.8,73,3.828,3.819,0,0,0,0,4.746,102.74,-1.159468212956,2.624672,6,P-GPS,
142900,2026-05-22 09:17:58,51.9887291447301,4.38997025305947,2.624672,,,-1.159468212956,2.624672,0,30.0602699908,175.368772016,29,5,7.659,3.105623787044,6.889764,6.6437118,34.589568036,0,0,0,69.9, 5.4, 8.1,,,0,0,1024,1024,1024,1684,0,0,0,100,92,-0.2,8.1,73,3.826,3.822,0,0,0,0,4.786,102.92,-1.159468212956,2.624672,6,P-GPS,
143000,2026-05-22 09:17:58,51.9887290191644,4.38997035834202,2.624672,,,-1.159468212956,2.624672,0,30.0928815404,175.420609288,29,5,7.659,3.105623787044,6.889764,6.6437118,34.589568036,0,0,0,75.5, 5.5, 7.2,,,0,0,1024,1024,1024,1684,0,0,0,100,97.6,-0.2,8.1,73,3.826,3.822,0,0,0,0,4.786,102.92,-1.159468212956,2.624672,6,P-GPS,
143100,2026-05-22 09:17:58,51.9887289045045,4.38997037780427,2.624672,,,-1.159468212956,2.624672,0,30.1295285232,175.46260404,27,5,7.659,3.105623787044,6.889764,6.6437118,34.589568036,0,0,0,81, 5.5, 7.5,,,0,0,1024,1024,1024,1684,0,0,0,100,103.1,-0.2,8.3,73,3.826,3.822,0,0,0,0,4.786,102.92,-1.159468212956,2.624672,6,P-GPS,
143200,2026-05-22 09:17:58,51.9887288991416,4.38997044189475,2.624672,,,-1.159468212956,2.624672,0,30.1256243236,175.477039736,27,5,7.659,3.105623787044,6.889764,6.6437118,34.589568036,0,0,0,86.4, 5.4, 7.4,,,0,0,1024,1024,1024,1684,0,0,0,100,108.7,-0.2,8.5,73,3.826,3.822,0,0,0,0,4.786,102.92,-1.159468212956,2.624672,6,P-GPS,
143300,2026-05-22 09:17:58,51.9887288936416,4.38997042685637,2.624672,,,-1.159468212956,2.624672,0,30.1288067384,175.480976744,27,5,7.659,3.105623787044,6.889764,6.6437118,34.589568036,0,0,0,91.9, 4.4, 8,,,0,0,1024,1024,1024,1684,0,0,0,100,114.2,-0.3,9.4,73,3.826,3.822,0,0,0,0,4.786,102.92,-1.159468212956,2.624672,6,P-GPS,
143400,2026-05-22 09:17:59,51.9887286022285,4.38997018718483,2.624672,,,-1.159468212956,2.624672,0.223694,30.2477699968,175.600071236,27,5,7.659,3.105623787044,6.889764,6.6437118,34.589568036,0,-0.223694,0,97.1, 2.3, 8.8,,,0,0,1024,1024,1024,1684,0,0,0,100,119.8,-0.3,10.5,73,3.826,3.822,0,0,0,0,4.786,102.92,-1.159468212956,2.624672,6,P-GPS,
143500,2026-05-22 09:17:59,51.9887286322214,4.38997000008154,2.624672,,,-1.159468212956,2.624672,0.223694,30.254430102,175.643706408,27,5,7.659,3.105623787044,6.889764,6.6437118,34.589568036,0,-0.223694,0,102.1, -0.8, 9.7,,,0,0,1024,1024,1024,1684,0,0,0,100,125.3,-0.3,10.2,73,3.826,3.822,0,0,0,0,4.786,102.92,-1.159468212956,2.624672,6,P-GPS,
143600,2026-05-22 09:17:59,51.9887285665472,4.389969626181,2.624672,,,-1.159468212956,2.624672,0.223694,30.3099091064,175.730976752,28,5,7.659,3.105623787044,6.889764,6.6437118,34.589568036,0,-0.223694,0,107.2, -2.9, 9.4,,,0,0,1024,1024,1024,1684,0,0,0,100,130.8,-0.3,10.3,73,3.826,3.822,0,0,0,0,4.786,102.92,-1.159468212956,2.624672,6,P-GPS,
143700,2026-05-22 09:17:59,51.9887285884357,4.38996940539785,2.624672,,,-1.159468212956,2.624672,0.223694,30.3224747236,175.781173604,28,5,7.659,3.105623787044,6.889764,6.6437118,34.589568036,0,-0.223694,0,112.6, -4, 9.2,,,0,0,1024,1024,1024,1571,0,0,0,83,136.4,-0.3,9.4,73,3.826,3.822,0,0,0,0,4.786,102.92,-1.159468212956,2.624672,6,P-GPS,
143800,2026-05-22 09:17:59,51.9887285243893,4.38996927097062,2.624672,,,-1.159468212956,2.624672,0.223694,30.3560377168,175.819559432,28,5,7.659,3.105623787044,6.889764,6.6437118,34.589568036,0,-0.223694,0,117.9, -3.8, 7.9,,,0,0,1024,1024,1024,1194,0,0,0,26,139.3,-0.1,8.3,73,3.826,3.822,0,0,0,0,4.786,102.92,-1.159468212956,2.624672,6,P-GPS,
143900,2026-05-22 09:17:59,51.9887283503005,4.3899689152942,2.624672,,,-1.159468212956,2.624672,0.223694,30.446359242,175.921593556,28,5,7.659,3.105623787044,6.889764,6.6437118,34.589568036,0,-0.223694,0,119.6, -3, 7,,,0,0,1024,1024,1024,1024,0,0,0,0,139.6,0,7.1,72,3.828,3.824,0,0,0,0,4.84,102.92,-1.159468212956,2.624672,6,P-GPS,
144000,2026-05-22 09:17:59,51.9887283164696,4.38996873682301,2.624672,,,-1.159468212956,2.624672,0,30.4738526812,175.963588308,28,5,7.659,3.105623787044,6.889764,6.6437118,34.589568036,0,0,0,119.3, -3.7, 6.1,,,0,0,1024,1024,1024,1324,0,0,0,45,139.5,0,6.5,72,3.828,3.824,0,0,0,0,4.84,102.92,-1.159468212956,2.624672,6,P-GPS,
144100,2026-05-22 09:17:59,51.9887282999012,4.38996858191103,2.624672,,,-1.159468212956,2.624672,0,30.4934721044,175.998693296,28,5,7.659,3.105623787044,6.889764,6.6437118,34.589568036,0,0,0,119.2, -4.4, 5.4,,,0,0,1024,1024,1024,1684,0,0,0,100,140.9,-0.1,6,72,3.828,3.824,0,0,0,0,4.84,102.92,-1.159468212956,2.624672,6,P-GPS,
144200,2026-05-22 09:17:59,51.9887282598421,4.3899685698219,2.624672,,,-1.159468212956,2.624672,0,30.5079406088,176.01378516,28,5,7.659,3.105623787044,6.889764,6.6437118,34.589568036,0,0,0,122.7, -3.8, 5.1,,,0,0,1024,1024,1024,1684,0,0,0,100,146.2,-0.2,6.8,72,3.828,3.824,0,0,0,0,4.84,102.92,-1.159468212956,2.624672,6,P-GPS,
144300,2026-05-22 09:17:59,51.9887282714675,4.38996853225377,2.624672,,,-1.159468212956,2.624672,0,30.5074812912,176.022971512,28,5,7.659,3.105623787044,6.889764,6.6437118,34.589568036,0,0,0,128.2, -3.8, 6.8,,,0,0,1024,1024,1024,1684,0,0,0,100,151.9,-0.2,8.1,72,3.828,3.824,0,0,0,0,4.84,102.92,-1.159468212956,2.624672,6,P-GPS,
144400,2026-05-22 09:18:00,51.9887282436249,4.38996889006561,2.624672,,,-1.159468212956,2.624672,0,30.484252944,176.10400826,28,5,7.659,3.105623787044,6.889764,6.6437118,34.589568036,0,0,0,133.6, -5.1, 6.9,,,0,0,1024,1024,1024,1024,0,0,0,0,157.5,-0.2,7.3,72,3.828,3.824,0,0,0,0,4.84,102.92,-1.159468212956,2.624672,6,P-GPS,
144500,2026-05-22 09:18:00,51.9887282864768,4.38996886740371,2.624672,,,-1.159468212956,2.624672,0,30.4719826024,176.12041246,28,5,7.659,3.105623787044,6.889764,6.6437118,34.589568036,0,0,0,139.3, -5.9, 6.9,,,0,0,1024,1024,1024,1024,0,0,0,0,161.2,0,8.2,72,3.828,3.824,0,0,0,0,4.84,102.92,-1.159468212956,2.624672,6,P-GPS,
144600,2026-05-22 09:18:00,51.9887282994043,4.38996892896924,2.624672,,,-1.159468212956,2.624672,0,30.462107274,176.13517624,28,5,7.659,3.105623787044,6.889764,6.6437118,34.589568036,0,0,0,140.4, -5.9, 7.5,,,0,0,1261,1024,1024,1024,36,0,0,0,160.9,0,8.1,72,3.828,3.824,0,0,0,0,4.84,102.92,-1.159468212956,2.624672,6,P-GPS,
144700,2026-05-22 09:18:00,51.9887283262445,4.38996888491139,2.624672,,,-1.159468212956,2.624672,0,30.4571203972,176.148955768,28,5,7.659,3.105623787044,6.889764,6.6437118,34.589568036,0,0,0,140.1, -6.8, 7.1,,,0,0,1684,559,1024,1024,100,-70,0,0,161.1,0,7.5,72,3.828,3.824,0,0,0,0,4.84,102.92,-1.159468212956,2.624672,6,P-GPS,
144800,2026-05-22 09:18:00,51.9887283469165,4.38996900911712,2.624672,,,-1.159468212956,2.624672,0,30.438977352,176.178155244,28,5,7.659,3.105623787044,6.889764,6.6437118,34.589568036,0,0,0,139.6, -14.9, 6.5,,,0,0,1684,422,1024,1024,100,-91,0,0,160.8,0,3.4,72,3.828,3.824,0,0,0,0,4.84,102.92,-1.159468212956,2.624672,6,P-GPS,
144900,2026-05-22 09:18:00,51.9887282728553,4.38996912261444,2.624672,,,-1.159468212956,2.624672,0.3131716,30.4534458564,176.215228736,28,5,7.637,3.105623787044,6.889764,6.6437118,34.589568036,-0.223694,0.223694,0,140.3, -17, 0.1,,,0,0,1684,703,1024,1024,100,-49,0,0,160.1,0,-0.3,72,3.827,3.823,0,0,0,0,5.095,102.92,-1.159468212956,2.624672,6,P-GPS,
145000,2026-05-22 09:18:00,51.9887280785143,4.38996961675245,2.624672,,,-1.159468212956,2.624672,0.7158208,30.4740167232,176.34679042,28,5,7.637,3.105623787044,6.889764,6.6437118,34.589568036,-0.223694,0.671082,0,140.4, -16.2, -0.4,,,0,0,1684,991,1024,1024,100,-5,0,0,160.8,0,2.8,72,3.827,3.823,0,0,0,0,5.095,102.92,-1.159468212956,2.624672,6,P-GPS,
145100,2026-05-22 09:18:00,51.9887280171921,4.38997035998011,2.624672,,,-1.159468212956,2.624672,1.2079476,30.4285114724,176.515425596,28,5,7.637,3.105623787044,6.889764,6.6437118,34.589568036,-0.447388,1.11847,0,139.9, -17.3, 4.7,,,0,0,1458,1024,1024,1024,66,0,0,0,161.9,0,7.4,72,3.827,3.823,0,0,0,0,5.095,102.92,-1.159468212956,2.624672,6,P-GPS,
145200,2026-05-22 09:18:00,51.9887276953921,4.38997130737705,2.624672,,,-1.159468212956,2.624672,1.4987498,30.453741132,176.75853584,28,5,7.637,3.105623787044,6.889764,6.6437118,34.589568036,-0.671082,1.342164,0,139.6, -17.5, 7.9,,,0,0,1024,1024,1024,1024,0,0,0,0,161.8,0,8,72,3.827,3.823,0,0,0,0,5.095,102.92,-1.159468212956,2.624672,6,P-GPS,
145300,2026-05-22 09:18:01,51.9887272441541,4.38997236736011,2.624672,,,-1.159468212956,2.624672,1.9237684,30.5150600316,177.047905928,28,5,7.637,3.105623787044,6.889764,6.6437118,34.589568036,-1.11847,1.565858,0,140.1, -12, 7.7,,,0,0,1024,1024,1024,1024,0,0,0,0,161.3,0,7.8,72,3.827,3.823,0,0,0,0,5.095,102.92,-1.159468212956,2.624672,6,P-GPS,
145400,2026-05-22 09:18:01,51.9887269289507,4.38997346868132,2.624672,,,-1.159468212956,2.624672,1.901399,30.5294301108,177.320871816,28,5,7.637,3.105623787044,6.889764,6.6437118,34.589568036,-1.342164,1.342164,0,140.5, -5.4, 6.1,,,0,0,1535,1057,1024,1024,77,5,0,0,160.8,0,5.2,72,3.827,3.823,0,0,0,0,5.095,102.92,-1.159468212956,2.624672,6,P-GPS,
145500,2026-05-22 09:18:01,51.9887264664901,4.38997437774153,2.624672,,,-1.159468212956,2.624672,1.7448132,30.6119432368,177.585635604,28,5,7.637,3.105623787044,6.889764,6.6437118,34.589568036,-1.342164,1.11847,0,140.4, -7.2, 3.4,,,0,0,1684,1341,1024,1024,100,48,0,0,160.6,0,3.2,72,3.827,3.823,0,0,0,0,5.095,102.92,-1.159468212956,2.624672,6,P-GPS,
145600,2026-05-22 09:18:01,51.9887259113865,4.3899752257231,2.624672,,,-1.159468212956,2.624672,1.7448132,30.7329734244,177.863850836,29,5,7.637,3.105623787044,6.889764,6.6437118,34.589568036,-1.342164,1.11847,0,140, -15.8, 2.5,,,0,0,1577,1024,1024,1024,84,0,0,0,160.8,0,3.3,72,3.827,3.823,0,0,0,0,5.095,102.92,-1.159468212956,2.624672,6,P-GPS,
145700,2026-05-22 09:18:01,51.9887253250137,4.38997617299137,2.624672,,,-1.159468212956,2.296588,1.901399,30.8590232972,178.165688116,29,5,7.637,3.105623787044,6.889764,6.6437118,34.589568036,-1.342164,1.342164,0,140.2, -18.2, 2.7,,,0,0,1024,1024,1024,1024,0,0,0,0,160.9,0,2.7,72,3.827,3.823,0,0,0,0,5.095,102.92,-1.159468212956,2.624672,6,P-GPS,
145800,2026-05-22 09:18:01,51.9887246692743,4.38997724274728,2.624672,,,-1.159468212956,2.296588,2.2145706,31.0021007296,178.504598888,29,5,7.637,3.105623787044,6.889764,6.6437118,34.589568036,-1.565858,1.565858,0,140.5, -10.4, 1.8,,,0,0,1024,1024,1024,1024,0,0,0,0,160.6,0,2.4,72,3.827,3.823,0,0,0,0,5.095,102.92,-1.159468212956,2.624672,6,P-GPS,
145900,2026-05-22 09:18:01,51.9887239895817,4.38997834799502,2.624672,,,-1.159468212956,2.296588,2.2145706,31.1538395796,178.855648768,29,5,7.656,3.105623787044,6.889764,6.6437118,34.589568036,-1.565858,1.565858,0,140.5, -6.5, 1.7,,,0,0,1024,1024,1024,1024,0,0,0,0,160.5,0,2.8,72,3.825,3.821,0,0,0,0,5.055,103.1,-1.159468212956,2.624672,6,P-GPS,
146000,2026-05-22 09:18:01,51.9887236590606,4.38997971979489,2.624672,,,-1.159468212956,2.296588,2.0579848,31.1689970604,179.186685524,29,5,7.656,3.105623787044,6.889764,6.6437118,34.589568036,-1.342164,1.565858,0,140.4, -6.6, 2.4,,,0,0,1024,1423,1024,1024,0,60,0,0,160.6,0,3.6,72,3.825,3.821,0,0,0,0,5.055,103.1,-1.159468212956,2.624672,6,P-GPS,
146100,2026-05-22 09:18:01,51.9887231073667,4.38998076132428,2.624672,,,-1.159468212956,2.296588,1.9237684,31.2872057256,179.495412568,29,5,7.656,3.105623787044,6.889764,6.6437118,34.589568036,-1.11847,1.565858,0,140.4, -4.8, 3.3,,,0,0,1024,1684,1024,1024,0,100,0,0,160.5,0,4.9,72,3.825,3.821,0,0,0,0,5.055,103.1,-1.159468212956,2.624672,6,P-GPS,
146200,2026-05-22 09:18:01,51.9887230894275,4.38998174291232,2.624672,,,-1.159468212956,2.624672,1.7448132,31.2263133352,179.715885016,30,5,7.656,3.105623787044,6.889764,6.6437118,34.589568036,-1.11847,1.342164,0,140.2, -4.2, 7.1,,,0,0,1024,1684,1024,1024,0,100,0,0,161,0,13.6,72,3.825,3.821,0,0,0,0,5.055,103.1,-1.159468212956,2.624672,6,P-GPS,
146300,2026-05-22 09:18:02,51.9887226555119,4.38998260636353,2.624672,,,-1.159468212956,2.296588,1.5882274,31.3196860416,179.966213108,30,5,7.656,3.105623787044,6.889764,6.6437118,34.589568036,-1.11847,1.11847,0,140, -4.4, 15.4,,,0,0,1024,1684,1024,1024,0,100,0,0,161.4,0,17.6,72,3.825,3.821,0,0,0,0,5.055,103.1,-1.159468212956,2.624672,6,P-GPS,
146400,2026-05-22 09:18:02,51.9887222685175,4.38998313611161,2.624672,,,-1.159468212956,2.296588,1.2974252,31.4200141288,180.1509244,30,5,7.656,3.105623787044,6.889764,6.6437118,34.589568036,-1.11847,0.671082,0,139.9, -4.7, 17.3,,,0,0,1024,1684,1024,1024,0,100,0,0,161.4,0,17.9,72,3.825,3.821,0,0,0,0,5.055,103.1,-1.159468212956,2.624672,6,P-GPS,
146500,2026-05-22 09:18:02,51.9887217010005,4.38998347594278,2.624672,,,-1.159468212956,2.296588,1.3645334,31.5963920872,180.371724932,30,5,7.656,3.105623787044,6.889764,6.6437118,34.589568036,-1.342164,0.223694,0,139.7, -5.1, 17.4,,,0,0,1024,1684,1024,1024,0,100,0,0,161.4,0,18.6,72,3.825,3.821,0,0,0,0,5.055,103.1,-1.159468212956,2.624672,6,P-GPS,
146600,2026-05-22 09:18:02,51.9887210228157,4.38998360581051,2.624672,,,-1.159468212956,2.296588,1.565858,31.8253947192,180.620740688,28,5,7.656,3.105623787044,6.889764,6.6437118,34.589568036,-1.565858,0,0,139.6, -5.2, 18.3,,,0,0,1024,1684,1024,1024,0,100,0,0,161.4,0,18.2,72,3.825,3.821,0,0,0,0,5.055,103.1,-1.159468212956,2.624672,6,P-GPS,
146700,2026-05-22 09:18:02,51.9887202483471,4.38998346893136,2.624672,,,-1.159468212956,2.296588,1.8119214,32.1051847544,180.905189516,28,5,7.656,3.105623787044,6.889764,6.6437118,34.589568036,-1.789552,-0.223694,0,139.6, -5.3, 17.6,,,0,0,1024,1684,1024,1024,0,100,0,0,161.4,0,18.1,72,3.825,3.821,0,0,0,0,5.055,103.1,-1.159468212956,2.624672,6,P-GPS,
146800,2026-05-22 09:18:02,51.9887192158508,4.38998321257293,2.624672,,,-1.159468212956,2.296588,2.125093,32.482940672,181.28609504,28,5,7.656,3.105623787044,6.889764,6.6437118,34.589568036,-2.013246,-0.671082,0,139.8, -4.9, 17.2,,,0,0,1024,1684,1024,1024,0,100,0,0,161.4,0,17.5,72,3.825,3.821,0,0,0,0,5.055,103.1,-1.159468212956,2.624672,6,P-GPS,
146900,2026-05-22 09:18:02,51.9887181390548,4.38998240110219,2.624672,,,-1.159468212956,2.296588,2.4158952,32.911090292,181.71916592,28,5,7.648,3.105623787044,6.889764,6.6437118,34.589568036,-2.23694,-0.894776,0,139.7, -5.1, 17,,,0,0,1024,1024,1024,1024,0,0,0,0,161.5,0,17.8,72,3.819,3.814,0,0,0,0,4.847,103.1,-1.159468212956,2.624672,6,P-GPS,
147000,2026-05-22 09:18:02,51.9887171633573,4.38998164850859,2.624672,,,-1.159468212956,2.296588,2.5053728,33.300526,182.113522888,28,5,7.648,3.105623787044,6.889764,6.6437118,34.589568036,-2.23694,-1.11847,0,140, -5.4, 13.4,,,0,0,1024,1024,1594,908,0,0,86,-18,160.8,0,8.1,72,3.819,3.814,0,0,0,0,4.847,103.1,-1.159468212956,2.624672,6,P-GPS,
147100,2026-05-22 09:18:02,51.9887161790842,4.38998079871503,2.624672,,,-1.159468212956,2.296588,2.6172198,33.698819976,182.520018964,28,5,7.648,3.105623787044,6.889764,6.6437118,34.589568036,-2.23694,-1.342164,0,140.1, -5.3, 5.7,,,0,0,1024,1024,1684,878,0,0,100,-22,160.6,0,6,72,3.819,3.814,0,0,0,0,4.847,103.1,-1.159468212956,2.624672,6,P-GPS,
147200,2026-05-22 09:18:02,51.9887151096387,4.38997995432263,2.624672,,,-1.159468212956,2.624672,2.5053728,34.126969596,182.954074096,26,5,7.648,3.105623787044,6.889764,6.6437118,34.589568036,-2.23694,-1.11847,0,139.9, -5.5, 5.3,,,0,0,1024,1024,1684,878,0,0,100,-22,160.2,0,5.7,72,3.819,3.814,0,0,0,0,4.847,103.1,-1.159468212956,2.624672,6,P-GPS,
147300,2026-05-22 09:18:03,51.988714086763,4.38997918948339,2.952756,,,-0.831384212956,2.624672,2.3040482,34.53412184,183.364835264,27,5,7.648,3.105623787044,6.889764,6.6437118,34.589568036,-2.013246,-1.11847,-1.11847,139.5, -4.4, 4.3,,,0,0,1024,1024,1684,887,0,0,100,-21,159.4,0,3.6,72,3.819,3.814,0,0,0,0,4.847,103.1,-0.831384212956,2.952756,6,P-GPS,
147400,2026-05-22 09:18:03,51.9887132948607,4.38997853795714,3.28084,,,-0.503300212956,2.952756,1.9908766,34.853019488,183.688654172,27,5,7.648,3.105623787044,6.889764,6.6437118,34.853019488,-1.789552,-0.894776,-2.23694,139, -3.7, 1.6,,,0,0,1024,1024,1569,1024,0,0,83,0,159,0,0.8,72,3.819,3.814,0,0,0,0,4.847,103.1,-0.503300212956,3.28084,6,P-GPS,
147500,2026-05-22 09:18:03,51.9887126009727,4.38997797178517,3.608924,,,-0.175216212956,3.608924,1.7000744,35.132218972,183.972118748,27,5,7.648,3.105623787044,6.889764,6.6437118,35.132218972,-1.565858,-0.671082,-2.908022,139.1, -3.5, -0.6,,,0,0,1024,1024,1152,1024,0,0,19,0,159.1,0,0.1,72,3.819,3.814,0,0,0,0,4.847,103.1,-0.175216212956,3.608924,6,P-GPS,
147600,2026-05-22 09:18:03,51.9887120670381,4.38997714176687,3.937008,,,0.152867787044,3.937008,1.2974252,35.373032628,184.241803796,27,5,7.648,3.105623787044,6.889764,6.6437118,35.373032628,-1.11847,-0.671082,-2.684328,139.2, -3.9, -0.5,,,0,0,1024,1024,1024,1024,0,0,0,0,159.2,0,0.3,72,3.819,3.814,0,0,0,0,4.847,103.1,0.152867787044,3.937008,6,P-GPS,
147700,2026-05-22 09:18:03,51.9887116304325,4.38997671089856,4.265092,,,0.480951787044,4.265092,1.11847,35.553806912,184.428155508,27,5,7.648,3.105623787044,6.889764,6.6437118,35.553806912,-0.894776,-0.671082,-1.789552,139.2, -4.2, -0.9,,,0,0,1024,1024,1024,1024,0,0,0,0,159,0,-0.7,72,3.819,3.814,0,0,0,0,4.847,103.1,0.480951787044,4.265092,6,P-GPS,
147800,2026-05-22 09:18:03,51.9887115991889,4.38997606927386,4.593176,,,0.809035787044,4.265092,0.8052984,35.607940772,184.572840552,27,5,7.648,3.105623787044,6.889764,6.6437118,35.607940772,-0.671082,-0.447388,-1.11847,139.1, -4.4, -1.7,,,0,0,1024,1024,1024,1024,0,0,0,0,159,0,-0.3,72,3.819,3.814,0,0,0,0,4.847,103.1,0.809035787044,4.593176,6,P-GPS,
147900,2026-05-22 09:18:03,51.9887112761467,4.38997572417021,4.593176,,,0.809035787044,4.593176,0.6263432,35.743439464,184.713916672,26,5,7.524,3.105623787044,6.889764,6.6437118,35.743439464,-0.447388,-0.447388,-0.671082,139.1, -5.1, -1,,,0,0,1024,1384,1024,1024,0,55,0,0,159,0,0.3,72,3.867,3.862,0,0,0,0,5.139,103.28,0.809035787044,4.593176,6,P-GPS,
148000,2026-05-22 09:18:03,51.9887111183864,4.38997543581175,4.92126,,,1.137119787044,4.593176,0.223694,35.817914532,184.800530848,26,5,7.524,3.105623787044,6.889764,6.6437118,35.817914532,0,-0.223694,-0.223694,139, -5.9, -0.1,,,0,0,1024,1684,1024,1024,0,100,0,0,159,0,1.6,72,3.867,3.862,0,0,0,0,5.139,103.28,1.137119787044,4.92126,6,P-GPS,
148100,2026-05-22 09:18:03,51.988710975567,4.38997518544571,4.92126,,,1.137119787044,4.593176,0,35.884515584,184.877302504,26,5,7.524,3.105623787044,6.889764,6.6437118,35.884515584,0,0,-0.223694,138.7, -6.5, 2.9,,,0,0,1024,1684,1024,1024,0,100,0,0,159.6,0,8.8,72,3.867,3.862,0,0,0,0,5.139,103.28,1.137119787044,4.92126,6,P-GPS,
148200,2026-05-22 09:18:03,51.9887106030078,4.38997518778633,4.92126,,,1.137119787044,4.593176,0,36.014108764,185.01312928,25,5,7.524,3.105623787044,6.889764,6.6437118,36.014108764,0,0,0,138.5, -6.5, 12.1,,,0,0,1024,1024,1024,1024,0,0,0,0,160.4,0,15.3,72,3.867,3.862,0,0,0,0,5.139,103.28,1.137119787044,4.92126,6,P-GPS,
148300,2026-05-22 09:18:04,51.9887104085896,4.38997490170588,4.92126,,,1.137119787044,4.593176,0.3131716,36.101051024,185.108929808,25,5,7.524,3.105623787044,6.889764,6.6437118,36.101051024,-0.223694,-0.223694,0,138.6, -6.6, 11.3,,,0,0,1024,1024,1024,1024,0,0,0,0,159.4,0,7.1,72,3.867,3.862,0,0,0,0,5.139,103.28,1.137119787044,4.92126,6,P-GPS,
148400,2026-05-22 09:18:04,51.9887104134471,4.3899752485902,4.92126,,,1.137119787044,4.593176,0.4921268,36.075788556,185.186685716,25,5,7.524,3.105623787044,6.889764,6.6437118,36.101051024,-0.223694,-0.447388,0,138.6, -6.8, 5.3,,,0,0,1024,1024,1024,1024,0,0,0,0,159.4,0,5.8,72,3.867,3.862,0,0,0,0,5.139,103.28,1.137119787044,4.92126,6,P-GPS,
148500,2026-05-22 09:18:04,51.9887102640482,4.38997492578676,4.92126,,,1.137119787044,4.593176,0.4921268,36.149607456,185.277564984,25,5,7.524,3.105623787044,6.889764,6.6437118,36.149607456,-0.223694,-0.223694,0,138.7, -7.2, 5.4,,,0,0,1024,1024,1024,1024,0,0,0,0,159.6,0,6.1,72,3.867,3.862,0,0,0,0,5.139,103.28,1.137119787044,4.92126,6,P-GPS,
148600,2026-05-22 09:18:04,51.9887103454427,4.38997523266149,4.92126,,,1.137119787044,4.593176,0.3131716,36.10072294,185.35269622,26,5,7.524,3.105623787044,6.889764,6.6437118,36.149607456,-0.223694,-0.223694,0,138.8, -7.4, 5.4,,,0,0,1024,1024,1024,1024,0,0,0,0,159.5,0,5.5,72,3.867,3.862,0,0,0,0,5.139,103.28,1.137119787044,4.92126,6,P-GPS,
148700,2026-05-22 09:18:04,51.9887102662927,4.38997517526246,4.92126,,,1.137119787044,4.593176,0.3131716,36.13189092,185.384192284,26,5,7.524,3.105623787044,6.889764,6.6437118,36.149607456,-0.223694,-0.223694,0,138.8, -7, 4.7,,,0,0,1024,1024,1024,1024,0,0,0,0,159.4,0,5.3,72,3.867,3.862,0,0,0,0,5.139,103.28,1.137119787044,4.92126,6,P-GPS,
148800,2026-05-22 09:18:04,51.9887102033686,4.38997504121779,4.92126,,,1.137119787044,4.593176,0,36.1630589,185.421921944,26,5,7.524,3.105623787044,6.889764,6.6437118,36.1630589,0,0,0,138.8, -6.5, 4.5,,,0,0,1024,1024,1024,1024,0,0,0,0,159.4,0,5.3,72,3.867,3.862,0,0,0,0,5.139,103.28,1.137119787044,4.92126,6,P-GPS,
148900,2026-05-22 09:18:04,51.9887099280099,4.38997473116427,4.92126,,,1.137119787044,4.593176,0,36.279856804,185.544297276,27,5,7.659,3.105623787044,6.889764,6.6437118,36.279856804,0,0,0,138.8, -6.3, 4.8,,,0,0,1024,1024,1024,1024,0,0,0,0,159.4,0,5.5,72,3.823,3.821,0,0,0,0,4.553,103.28,1.137119787044,4.92126,6,P-GPS,
149000,2026-05-22 09:18:04,51.9887098976915,4.38997465498119,4.92126,,,1.137119787044,4.593176,0,36.295604836,185.564638484,27,5,7.659,3.105623787044,6.889764,6.6437118,36.295604836,0,0,0,138.9, -6.2, 4.4,,,0,0,1024,1024,1024,1024,0,0,0,0,159.3,0,3.3,72,3.823,3.821,0,0,0,0,4.553,103.28,1.137119787044,4.92126,6,P-GPS,
149100,2026-05-22 09:18:04,51.9887098790156,4.3899746244697,4.92126,,,1.137119787044,4.593176,0,36.30413502,185.574481004,27,5,7.659,3.105623787044,6.889764,6.6437118,36.30413502,0,0,0,139, -5.6, 2.5,,,0,0,1024,1024,1024,1024,0,0,0,0,159.3,0,3.5,72,3.823,3.821,0,0,0,0,4.553,103.28,1.137119787044,4.92126,6,P-GPS,
149200,2026-05-22 09:18:04,51.9887098800522,4.38997454710413,4.92126,,,1.137119787044,4.593176,0,36.30905628,185.591869456,27,5,7.659,3.105623787044,6.889764,6.6437118,36.30905628,0,0,0,138.9, -5.8, 3.2,,,0,0,1024,1024,1024,1024,0,0,0,0,159.3,0,4.6,72,3.823,3.821,0,0,0,0,4.553,103.28,1.137119787044,4.92126,6,P-GPS,
149300,2026-05-22 09:18:04,51.9887099167615,4.38997459121763,4.92126,,,1.137119787044,4.593176,0,36.293308248,185.608273656,27,5,7.659,3.105623787044,6.889764,6.6437118,36.30905628,0,0,0,138.8, -6, 4.2,,,0,0,1024,1024,1024,1024,0,0,0,0,159.4,0,5.5,72,3.823,3.821,0,0,0,0,4.553,103.28,1.137119787044,4.92126,6,P-GPS,
149400,2026-05-22 09:18:05,51.9887102008584,4.38997431437097,4.92126,,,1.137119787044,4.593176,0,36.213583836,185.729336652,27,5,7.659,3.105623787044,6.889764,6.6437118,36.30905628,0,0,0,138.8, -6.2, 5.2,,,0,0,1024,1243,1024,1024,0,33,0,0,159.5,0,6.2,72,3.823,3.821,0,0,0,0,4.553,103.28,1.137119787044,4.92126,6,P-GPS,
149500,2026-05-22 09:18:05,51.9887102690085,4.38997437117876,4.92126,,,1.137119787044,4.593176,0,36.18602478,185.757223792,27,5,7.659,3.105623787044,6.889764,6.6437118,36.30905628,0,0,0,138.7, -6.9, 5.9,,,0,0,1024,1684,1024,1024,0,100,0,0,159.6,0,9.5,72,3.823,3.821,0,0,0,0,4.553,103.28,1.137119787044,4.92126,6,P-GPS,
149600,2026-05-22 09:18:05,51.9887103576078,4.38997423445959,4.92126,,,1.137119787044,4.593176,0,36.164371236,185.801843216,27,5,7.659,3.105623787044,6.889764,6.6437118,36.30905628,0,0,0,138.2, -7.1, 12.8,,,0,0,1024,1684,1024,1024,0,100,0,0,160.5,0,17.7,72,3.823,3.821,0,0,0,0,4.553,103.28,1.137119787044,4.92126,6,P-GPS,
149700,2026-05-22 09:18:05,51.9887103394202,4.38997417076559,4.92126,,,1.137119787044,4.593176,0,36.175198008,185.817591248,27,5,7.659,3.105623787044,6.889764,6.6437118,36.30905628,0,0,0,138, -7.1, 18.4,,,0,0,1024,1024,1024,1024,0,0,0,0,160.6,0,19.5,72,3.823,3.821,0,0,0,0,4.553,103.28,1.137119787044,4.92126,6,P-GPS,
149800,2026-05-22 09:18:05,51.988710052539,4.38997368121144,4.92126,,,1.137119787044,4.593176,0.6263432,36.308728196,185.96949414,27,5,7.659,3.105623787044,6.889764,6.6437118,36.30905628,-0.447388,-0.447388,0,138.3, -6.3, 17.9,,,0,0,1024,1024,1024,1024,0,0,0,0,160,0,12.6,72,3.823,3.821,0,0,0,0,4.553,103.28,1.137119787044,4.92126,6,P-GPS,
149900,2026-05-22 09:18:05,51.9887097243737,4.38997292230199,4.92126,,,1.137119787044,4.593176,0.9395148,36.475394868,186.17782748,26,5,7.651,3.105623787044,6.889764,6.6437118,36.475394868,-0.671082,-0.671082,0,138.5, -6.3, 7.6,,,0,0,1024,1024,1024,1024,0,0,0,0,159.1,0,4.5,72,3.822,3.82,0,0,0,0,4.796,103.28,1.137119787044,4.92126,6,P-GPS,
150000,2026-05-22 09:18:05,51.9887094205215,4.38997235266256,4.92126,,,1.137119787044,4.593176,0.9395148,36.62073608,186.347118824,26,5,7.651,3.105623787044,6.889764,6.6437118,36.62073608,-0.671082,-0.671082,0,138.7, -6.5, 3.5,,,0,0,1024,1024,1024,1024,0,0,0,0,159.3,0,4.4,72,3.822,3.82,0,0,0,0,4.796,103.28,1.137119787044,4.92126,6,P-GPS,
150100,2026-05-22 09:18:05,51.988709144409,4.38997184534337,4.92126,,,1.137119787044,4.593176,0.8052984,36.752297764,186.4993498,26,5,7.651,3.105623787044,6.889764,6.6437118,36.752297764,-0.447388,-0.671082,0,138.9, -6.3, 3.8,,,0,0,1024,1024,1024,1024,0,0,0,0,159.3,0,3.9,72,3.822,3.82,0,0,0,0,4.796,103.28,1.137119787044,4.92126,6,P-GPS,
150200,2026-05-22 09:18:05,51.9887088371556,4.38997106941315,4.92126,,,1.137119787044,4.593176,0.6263432,36.914043176,186.706370804,26,5,7.651,3.105623787044,6.889764,6.6437118,36.914043176,-0.447388,-0.447388,0,138.9, -6.8, 2.6,,,0,0,1024,1024,1024,1024,0,0,0,0,159.2,0,3,72,3.822,3.82,0,0,0,0,4.796,103.28,1.137119787044,4.92126,6,P-GPS,
150300,2026-05-22 09:18:05,51.9887086536689,4.38997071239427,4.92126,,,1.137119787044,4.593176,0.4921268,37.003282024,186.8110296,26,5,7.651,3.105623787044,6.889764,6.6437118,37.003282024,-0.223694,-0.447388,0,138.8, -7, 2.3,,,0,0,1024,1024,1024,1024,0,0,0,0,159.2,0,3.2,72,3.822,3.82,0,0,0,0,4.796,103.28,1.137119787044,4.92126,6,P-GPS,
150400,2026-05-22 09:18:06,51.9887083588461,4.38996989113329,4.92126,,,1.137119787044,4.593176,0.3131716,37.164699352,187.024612284,25,5,7.651,3.105623787044,6.889764,6.6437118,37.164699352,-0.223694,-0.223694,0,138.8, -6.5, 2.8,,,0,0,1024,1024,1024,1024,0,0,0,0,159.2,0,3.7,72,3.822,3.82,0,0,0,0,4.796,103.28,1.137119787044,4.92126,6,P-GPS,
150500,2026-05-22 09:18:06,51.9887082387805,4.38996977943751,4.92126,,,1.137119787044,4.593176,0.223694,37.214240036,187.07513722,25,5,7.651,3.105623787044,6.889764,6.6437118,37.214240036,-0.223694,0,0,138.9, -5.3, 3.5,,,0,0,1024,1024,1024,1024,0,0,0,0,159.3,0,4.6,72,3.822,3.82,0,0,0,0,4.796,103.28,1.137119787044,4.92126,6,P-GPS,
150600,2026-05-22 09:18:06,51.9887081246345,4.38996967837363,4.92126,,,1.137119787044,4.593176,0,37.260827964,187.122381316,24,5,7.651,3.105623787044,6.889764,6.6437118,37.260827964,0,0,0,139.1, -3.9, 4.5,,,0,0,1024,1024,968,364,0,0,-8,-100,159.1,0,6.1,72,3.822,3.82,0,0,0,0,4.796,103.28,1.137119787044,4.92126,6,P-GPS,
150700,2026-05-22 09:18:06,51.9887080735584,4.3899696759252,4.92126,,,1.137119787044,4.593176,0,37.278872584,187.141082104,24,5,7.651,3.105623787044,6.889764,6.6437118,37.278872584,0,0,0,137, -3.2, 5.6,,,0,0,1024,1024,842,364,0,0,-28,-100,154.3,0.1,6.1,72,3.822,3.82,0,0,0,0,4.796,103.28,1.137119787044,4.92126,6,P-GPS,
150800,2026-05-22 09:18:06,51.9887080959181,4.38996935866898,4.92126,,,1.137119787044,4.593176,0,37.294292532,187.2129325,24,5,7.651,3.105623787044,6.889764,6.6437118,37.294292532,0,0,0,131.8, -4, 4.7,,,0,0,1024,1024,822,364,0,0,-31,-100,148.5,0.1,3.8,72,3.822,3.82,0,0,0,0,4.796,103.28,1.137119787044,4.92126,6,P-GPS,
150900,2026-05-22 09:18:06,51.9887083138012,4.38996929484978,4.92126,,,1.137119787044,4.593176,0,37.223754472,187.293641164,25,5,7.648,3.105623787044,6.889764,6.6437118,37.294292532,0,0,0,126.1, -4.9, 3,,,0,0,1024,1024,750,364,0,0,-42,-100,142.8,0.1,3.8,72,3.826,3.824,0,0,0,0,4.986,103.46,1.137119787044,4.92126,6,P-GPS,
151000,2026-05-22 09:18:06,51.9887083621787,4.38996921314729,4.92126,,,1.137119787044,4.593176,0,37.213255784,187.319231716,25,5,7.648,3.105623787044,6.889764,6.6437118,37.294292532,0,0,0,120.4, -6.1, 3.4,,,0,0,1024,1024,701,364,0,0,-49,-100,137.1,0.1,4.4,72,3.826,3.824,0,0,0,0,4.986,103.46,1.137119787044,4.92126,6,P-GPS,
151100,2026-05-22 09:18:06,51.9887084402664,4.38996915977565,4.92126,,,1.137119787044,4.593176,0,37.190289904,187.350071612,26,5,7.648,3.105623787044,6.889764,6.6437118,37.294292532,0,0,0.223694,114.7, -6.4, 4.4,,,0,0,1024,1024,701,364,0,0,-49,-100,131.6,0.1,6.1,72,3.826,3.824,0,0,0,0,4.986,103.46,1.137119787044,4.92126,6,P-GPS,
151200,2026-05-22 09:18:06,51.9887084049706,4.38996930676502,4.593176,,,0.809035787044,4.265092,0.223694,37.19160224,187.385504684,26,5,7.648,3.105623787044,6.889764,6.6437118,37.294292532,0.223694,0,0.447388,109.1, -6, 6,,,0,0,1024,1024,761,364,0,0,-40,-100,126.1,0.2,7.5,72,3.826,3.824,0,0,0,0,4.986,103.46,0.809035787044,4.593176,6,P-GPS,
151300,2026-05-22 09:18:06,51.9887085213696,4.38996934857616,4.593176,,,0.809035787044,4.265092,0.223694,37.148295152,187.429139856,26,5,7.648,3.105623787044,6.889764,6.6437118,37.294292532,0.223694,0,0.447388,103.5, -5.5, 7.3,,,0,0,1024,1024,780,364,0,0,-37,-100,120.6,0.2,8.6,72,3.826,3.824,0,0,0,0,4.986,103.46,0.809035787044,4.593176,6,P-GPS,
151400,2026-05-22 09:18:07,51.9887084858596,4.38996954015897,4.593176,,,0.809035787044,4.265092,0.223694,37.146654732,187.474087364,27,5,7.648,3.105623787044,6.889764,6.6437118,37.294292532,0.223694,0,0.447388,98.2, -4.2, 8.5,,,0,0,1024,1024,953,387,0,0,-11,-97,115.1,0.3,9.6,72,3.826,3.824,0,0,0,0,4.986,103.46,0.809035787044,4.593176,6,P-GPS,
151500,2026-05-22 09:18:07,51.9887085936232,4.38996966644796,4.593176,,,0.809035787044,4.265092,0.223694,37.100066804,187.522315712,27,5,7.648,3.105623787044,6.889764,6.6437118,37.294292532,0.223694,0,0.447388,92.9, -2.4, 9.1,,,0,0,1024,1024,1024,1024,0,0,0,0,111.2,0.1,9.6,72,3.826,3.824,0,0,0,0,4.986,103.46,0.809035787044,4.593176,6,P-GPS,
151600,2026-05-22 09:18:07,51.9887084572203,4.38997001467822,4.265092,,,0.480951787044,3.937008,0,37.121720348,187.615163484,27,5,7.648,3.105623787044,6.889764,6.6437118,37.294292532,0,0,0.223694,91.6, -0.1, 9,,,0,0,1024,1024,1024,1024,0,0,0,0,111.2,0,9.9,72,3.826,3.824,0,0,0,0,4.986,103.46,0.480951787044,4.265092,6,P-GPS,
151700,2026-05-22 09:18:07,51.9887085080309,4.38997026237672,4.265092,,,0.480951787044,3.937008,0,37.085959192,187.67389052,27,5,7.648,3.105623787044,6.889764,6.6437118,37.294292532,0,0,0.223694,92, 1.4, 9.4,,,0,0,1024,1024,1024,1024,0,0,0,0,111.3,0,9.8,72,3.826,3.824,0,0,0,0,4.986,103.46,0.480951787044,4.265092,6,P-GPS,
151800,2026-05-22 09:18:07,51.9887085430525,4.38997028632545,4.265092,,,0.480951787044,3.937008,0,37.072179664,187.687670048,27,5,7.648,3.105623787044,6.889764,6.6437118,37.294292532,0,0,0,91.9, 0.3, 9.1,,,0,0,1024,1024,1024,1024,0,0,0,0,111.4,0,9.4,72,3.826,3.824,0,0,0,0,4.986,103.46,0.480951787044,4.265092,6,P-GPS,
151900,2026-05-22 09:18:07,51.988708553864,4.3899702794601,4.265092,,,0.480951787044,3.937008,0,37.068898824,187.69193514,27,5,7.644,3.105623787044,6.889764,6.6437118,37.294292532,0,0,0,91.8, -0.5, 8.5,,,0,0,1024,1024,1006,364,0,0,-3,-100,111.5,0,8.3,72,3.816,3.811,0,0,0,0,5.095,103.46,0.480951787044,4.265092,6,P-GPS,
152000,2026-05-22 09:18:07,51.9887087166016,4.3899706926677,4.265092,,,0.480951787044,3.937008,0,36.982940816,187.802171364,27,5,7.644,3.105623787044,6.889764,6.6437118,37.294292532,0,0,0,91.5, -0.3, 7.4,,,0,0,1024,1024,1006,364,0,0,-3,-100,108.4,0.2,8.6,72,3.816,3.811,0,0,0,0,5.095,103.46,0.480951787044,4.265092,6,P-GPS,
152100,2026-05-22 09:18:07,51.988708705259,4.38997067966737,4.265092,,,0.480951787044,3.937008,0,36.987862076,187.807092624,27,5,7.644,3.105623787044,6.889764,6.6437118,37.294292532,0,0,0,86.7, -0.3, 8.3,,,0,0,1024,1024,858,364,0,0,-25,-100,102.9,0.3,9.4,72,3.816,3.811,0,0,0,0,5.095,103.46,0.480951787044,4.265092,6,P-GPS,
152200,2026-05-22 09:18:07,51.9887087709674,4.389971287647,4.265092,,,0.480951787044,3.937008,0,36.921261024,187.945872156,27,5,7.644,3.105623787044,6.889764,6.6437118,37.294292532,0,0,0,81.1, 0, 8.7,,,0,0,1024,1024,806,364,0,0,-33,-100,97.1,0.2,9.1,72,3.816,3.811,0,0,0,0,5.095,103.46,0.480951787044,4.265092,6,P-GPS,
152300,2026-05-22 09:18:07,51.9887087476568,4.38997130398611,4.265092,,,0.480951787044,3.937008,0,36.928150788,187.955058508,27,5,7.644,3.105623787044,6.889764,6.6437118,37.294292532,0,0,0,75.5, 0.3, 8.4,,,0,0,1024,1024,904,364,0,0,-18,-100,91.5,0.2,8.8,72,3.816,3.811,0,0,0,0,5.095,103.46,0.480951787044,4.265092,6,P-GPS,
152400,2026-05-22 09:18:08,51.9887088456883,4.38997144578299,4.265092,,,0.480951787044,3.937008,0,36.884187532,188.002958772,27,5,7.644,3.105623787044,6.889764,6.6437118,37.294292532,0,0,0,69.9, 0.7, 8.3,,,0,0,1024,1024,1024,1011,0,0,0,-2,87.3,0.1,8.7,72,3.816,3.811,0,0,0,0,5.095,103.46,0.480951787044,4.265092,6,P-GPS,
152500,2026-05-22 09:18:08,51.9887088364189,4.38997147967151,4.265092,,,0.480951787044,3.937008,0,36.8848437,188.011488956,27,5,7.644,3.105623787044,6.889764,6.6437118,37.294292532,0,0,0,67.9, 0.8, 8.2,,,0,0,1024,1024,1024,1024,0,0,0,0,87.4,0,9.1,72,3.816,3.811,0,0,0,0,5.095,103.46,0.480951787044,4.265092,6,P-GPS,
152600,2026-05-22 09:18:08,51.9887089757601,4.38997089708739,4.265092,,,0.480951787044,3.937008,0,36.878610104,188.151908908,28,5,7.644,3.105623787044,6.889764,6.6437118,37.294292532,0,0,0,68.3, 1.5, 8.5,,,0,0,1024,1024,1024,1024,0,0,0,0,87.5,0,9.1,72,3.816,3.811,0,0,0,0,5.095,103.46,0.480951787044,4.265092,6,P-GPS,
152700,2026-05-22 09:18:08,51.988708982074,4.38997095220493,4.265092,,,0.480951787044,3.937008,0,36.872376508,188.1643761,28,5,7.644,3.105623787044,6.889764,6.6437118,37.294292532,0,0,0,68.4, 2.1, 8.5,,,0,0,1024,1024,1024,1024,0,0,0,0,87.5,0,9.4,72,3.816,3.811,0,0,0,0,5.095,103.46,0.480951787044,4.265092,6,P-GPS,
152800,2026-05-22 09:18:08,51.9887091184169,4.38997083821722,4.265092,,,0.480951787044,3.937008,0,36.833662596,188.220478464,28,5,7.644,3.105623787044,6.889764,6.6437118,37.294292532,0,0,0,68.5, 2.5, 8.9,,,0,0,1024,1024,1024,1024,0,0,0,0,87.5,0,9.6,72,3.816,3.811,0,0,0,0,5.095,103.46,0.480951787044,4.265092,6,P-GPS,
152900,2026-05-22 09:18:08,51.9887091294596,4.38997088346451,4.265092,,,0.480951787044,3.937008,0,36.826444748,188.231305236,28,5,7.65,3.105623787044,6.889764,6.6437118,37.294292532,0,0,0,68.5, 2.8, 9.2,,,0,0,1024,1024,1024,1024,0,0,0,0,87.4,0,10,71,3.818,3.817,0,0,0,0,4.713,103.64,0.480951787044,4.265092,6,P-GPS,
153000,2026-05-22 09:18:08,51.9887092084383,4.38997109402963,4.265092,,,0.480951787044,3.937008,0,36.784121912,188.286751432,28,5,7.65,3.105623787044,6.889764,6.6437118,37.294292532,0,0,0,68.5, 2.6, 9.2,,,0,0,1024,1024,1024,1305,0,0,0,43,87.5,0,9.7,71,3.818,3.817,0,0,0,0,4.713,103.64,0.480951787044,4.265092,6,P-GPS,
153100,2026-05-22 09:18:08,51.9887091821892,4.38997111298411,4.265092,,,0.480951787044,3.937008,0,36.791667844,188.29725012,28,5,7.65,3.105623787044,6.889764,6.6437118,37.294292532,0,0,0,69.5, 2.2, 8.9,,,0,0,1024,1024,1024,1684,0,0,0,100,91.4,-0.2,9.4,71,3.818,3.817,0,0,0,0,4.713,103.64,0.480951787044,4.265092,6,P-GPS,
153200,2026-05-22 09:18:08,51.9887092210488,4.38997102838106,4.265092,,,0.480951787044,3.937008,0,36.784449996,188.320872168,27,5,7.65,3.105623787044,6.889764,6.6437118,37.294292532,0,0,0,74.5, 1.6, 8.6,,,0,0,1024,1024,1024,1684,0,0,0,100,97.1,-0.3,9.1,71,3.818,3.817,0,0,0,0,4.713,103.64,0.480951787044,4.265092,6,P-GPS,
153300,2026-05-22 09:18:09,51.9887091631534,4.38997100085011,4.265092,,,0.480951787044,3.937008,0,36.806431624,188.342853796,27,5,7.65,3.105623787044,6.889764,6.6437118,37.294292532,0,0,0,80.1, 1.1, 8.2,,,0,0,1024,1024,1024,1684,0,0,0,100,102.9,-0.3,8.8,71,3.818,3.817,0,0,0,0,4.713,103.64,0.480951787044,4.265092,6,P-GPS,
153400,2026-05-22 09:18:09,51.9887091578591,4.38997081227915,4.265092,,,0.480951787044,3.937008,0,36.821851572,188.385176632,26,5,7.65,3.105623787044,6.889764,6.6437118,37.294292532,0,0,0,85.8, 0.8, 7.9,,,0,0,1024,1024,1024,1684,0,0,0,100,108.5,-0.2,8.7,71,3.818,3.817,0,0,0,0,4.713,103.64,0.480951787044,4.265092,6,P-GPS,
153500,2026-05-22 09:18:09,51.9887091054465,4.38997072193063,4.265092,,,0.480951787044,3.937008,0,36.846457872,188.413063772,26,5,7.65,3.105623787044,6.889764,6.6437118,37.294292532,0,0,0,91.2, -0.1, 7.9,,,0,0,1024,1024,1024,1684,0,0,0,100,114.1,-0.2,8.7,71,3.818,3.817,0,0,0,0,4.713,103.64,0.480951787044,4.265092,6,P-GPS,
153600,2026-05-22 09:18:09,51.9887091675997,4.38997045839732,4.265092,,,0.480951787044,3.937008,0.223694,36.844161284,188.476712068,28,5,7.65,3.105623787044,6.889764,6.6437118,37.294292532,0,-0.223694,0,96.6, -1.3, 8,,,0,0,1024,1024,1024,1684,0,0,0,100,119.8,-0.2,8.6,71,3.818,3.817,0,0,0,0,4.713,103.64,0.480951787044,4.265092,6,P-GPS,
153700,2026-05-22 09:18:09,51.9887091161809,4.38997030090474,4.265092,,,0.480951787044,3.937008,0.223694,36.87336076,188.516738316,28,5,7.65,3.105623787044,6.889764,6.6437118,37.294292532,0,-0.223694,0,102, -2.3, 7.4,,,0,0,1024,1024,1024,1684,0,0,0,100,125.3,-0.2,7.5,71,3.818,3.817,0,0,0,0,4.713,103.64,0.480951787044,4.265092,6,P-GPS,
153800,2026-05-22 09:18:09,51.9887092776592,4.38996990082963,4.265092,,,0.480951787044,3.937008,0.223694,36.84711404,188.624021784,28,5,7.65,3.105623787044,6.889764,6.6437118,37.294292532,0,-0.223694,0,107.4, -3.5, 6.1,,,0,0,1024,1024,1024,1455,0,0,0,65,130.8,-0.2,6.2,71,3.818,3.817,0,0,0,0,4.713,103.64,0.480951787044,4.265092,6,P-GPS,
153900,2026-05-22 09:18:09,51.9887092475549,4.38996971905446,4.265092,,,0.480951787044,3.937008,0.223694,36.870736088,188.66634462,28,5,7.634,3.105623787044,6.889764,6.6437118,37.294292532,0,-0.223694,0,112.6, -4, 4.9,,,0,0,1024,1024,1024,1455,0,0,0,65,134.7,-0.1,5.3,71,3.818,3.816,0,0,0,0,5.12,103.64,0.480951787044,4.265092,6,P-GPS,
154000,2026-05-22 09:18:09,51.9887095470552,4.38996915639515,4.265092,,,0.480951787044,3.937008,0.223694,36.80938438,188.833339376,28,5,7.634,3.105623787044,6.889764,6.6437118,37.294292532,0,-0.223694,0,115.5, -4.2, 4.4,,,0,0,1024,1024,1024,1121,0,0,0,15,135.7,0,5.5,71,3.818,3.816,0,0,0,0,5.12,103.64,0.480951787044,4.265092,6,P-GPS,
154100,2026-05-22 09:18:09,51.9887095799437,4.38996898623611,4.265092,,,0.480951787044,3.937008,0.223694,36.810696716,188.873693708,28,5,7.634,3.105623787044,6.889764,6.6437118,37.294292532,0,-0.223694,0,115.8, -5.1, 5,,,0,0,1024,1024,1024,1684,0,0,0,100,136.8,0,6,71,3.818,3.816,0,0,0,0,5.12,103.64,0.480951787044,4.265092,6,P-GPS,
154200,2026-05-22 09:18:09,51.9887098939478,4.38996849321103,4.265092,,,0.480951787044,3.937008,0,36.739830572,189.032814448,28,5,7.634,3.105623787044,6.889764,6.6437118,37.294292532,0,0,0,118.3, -6.4, 5.1,,,0,0,1024,1024,1024,1684,0,0,0,100,141.8,-0.1,6,71,3.818,3.816,0,0,0,0,5.12,103.64,0.480951787044,4.265092,6,P-GPS,
154300,2026-05-22 09:18:10,51.9887099554841,4.38996835830384,4.265092,,,0.480951787044,3.937008,0,36.7290038,189.070544108,28,5,7.634,3.105623787044,6.889764,6.6437118,37.294292532,0,0,0,123.7, -6.7, 5.3,,,0,0,1024,1024,1024,1024,0,0,0,0,146,-0.1,6.4,71,3.818,3.816,0,0,0,0,5.12,103.64,0.480951787044,4.265092,6,P-GPS,
154400,2026-05-22 09:18:10,51.9887101480947,4.38996815148093,4.265092,,,0.480951787044,3.937008,0,36.678806948,189.154861696,28,5,7.634,3.105623787044,6.889764,6.6437118,37.294292532,0,0,0,125.6, -6.8, 5.8,,,0,0,1024,1024,1024,1024,0,0,0,0,145.8,0,6.3,71,3.818,3.816,0,0,0,0,5.12,103.64,0.480951787044,4.265092,6,P-GPS,
154500,2026-05-22 09:18:10,51.9887101901155,4.38996801359667,4.265092,,,0.480951787044,3.937008,0,36.67486994,189.189310516,28,5,7.634,3.105623787044,6.889764,6.6437118,37.294292532,0,0,0,125.3, -7.3, 5.1,,,0,0,1024,1024,1024,1024,0,0,0,0,145.6,0,5.5,71,3.818,3.816,0,0,0,0,5.12,103.64,0.480951787044,4.265092,6,P-GPS,
154600,2026-05-22 09:18:10,51.9887102001645,4.38996786978958,4.265092,,,0.480951787044,3.937008,0,36.682415872,189.222118916,27,5,7.634,3.105623787044,6.889764,6.6437118,37.294292532,0,0,0,125.2, -7.5, 4.8,,,0,0,1024,1024,1024,1024,0,0,0,0,145.5,0,5.3,71,3.818,3.816,0,0,0,0,5.12,103.64,0.480951787044,4.265092,6,P-GPS,
154700,2026-05-22 09:18:10,51.98871023068,4.38996776407576,4.265092,,,0.480951787044,3.937008,0,36.680119284,189.248365636,27,5,7.634,3.105623787044,6.889764,6.6437118,37.294292532,0,0,0,125.1, -8.2, 4.5,,,0,0,1024,1024,1024,1672,0,0,0,98,145.6,0,5.4,71,3.818,3.816,0,0,0,0,5.12,103.64,0.480951787044,4.265092,6,P-GPS,
154800,2026-05-22 09:18:10,51.9887103731054,4.38996786881229,4.265092,,,0.480951787044,3.937008,0,36.623032668,189.305124168,27,5,7.634,3.105623787044,6.889764,6.6437118,37.294292532,0,0,0,125.2, -8.2, 4.9,,,0,0,1024,1024,1024,1684,0,0,0,100,147.7,-0.1,5.3,71,3.818,3.816,0,0,0,0,5.12,103.64,0.480951787044,4.265092,6,P-GPS,
154900,2026-05-22 09:18:10,51.9887103973413,4.38996783766435,4.265092,,,0.480951787044,3.937008,0,36.617127156,189.316607108,27,5,7.639,3.105623787044,6.889764,6.6437118,37.294292532,0,0,0,129.4, -8.7, 4.5,,,0,0,1024,1024,1024,1684,0,0,0,100,153.3,-0.1,5.4,71,3.822,3.82,0,0,0,0,4.996,103.82,0.480951787044,4.265092,6,P-GPS,
155000,2026-05-22 09:18:10,51.9887106526018,4.38996802523368,4.265092,,,0.480951787044,3.937008,0,36.515421116,189.418641232,27,5,7.639,3.105623787044,6.889764,6.6437118,37.294292532,0,0,0,134.7, -8.7, 4.9,,,0,0,1024,1024,1024,1024,0,0,0,0,155.5,0,6,71,3.822,3.82,0,0,0,0,4.996,103.82,0.480951787044,4.265092,6,P-GPS,
155100,2026-05-22 09:18:10,51.9887106515824,4.38996799796706,4.265092,,,0.480951787044,3.937008,0,36.517717704,189.424874828,27,5,7.639,3.105623787044,6.889764,6.6437118,37.294292532,0,0,0,134.8, -8.6, 5,,,0,0,1024,1024,1024,1024,0,0,0,0,155,0,4.7,71,3.822,3.82,0,0,0,0,4.996,103.82,0.480951787044,4.265092,6,P-GPS,
155200,2026-05-22 09:18:10,51.9887106893454,4.38996793481213,4.265092,,,0.480951787044,3.937008,0,36.509843688,189.444559868,27,5,7.639,3.105623787044,6.889764,6.6437118,37.294292532,0,0,0,134.5, -8.8, 3.6,,,0,0,1024,1024,1024,1299,0,0,0,42,154.8,0,4,71,3.822,3.82,0,0,0,0,4.996,103.82,0.480951787044,4.265092,6,P-GPS,
155300,2026-05-22 09:18:11,51.9887106714748,4.38996793965335,4.265092,,,0.480951787044,3.937008,0,36.515421116,189.451449632,27,5,7.639,3.105623787044,6.889764,6.6437118,37.294292532,0,0,0,134.8, -8.7, 3.1,,,0,0,1024,1024,1024,1684,0,0,0,100,157.2,0,3.2,71,3.822,3.82,0,0,0,0,4.996,103.82,0.480951787044,4.265092,6,P-GPS,
155400,2026-05-22 09:18:11,51.9887105525314,4.38996802199577,4.265092,,,0.480951787044,3.937008,0,36.549869936,189.498365644,27,5,7.639,3.105623787044,6.889764,6.6437118,37.294292532,0,0,0,139.2, -8.7, 2.3,,,0,0,1024,1024,1024,1024,0,0,0,0,162.8,-0.1,3.1,71,3.822,3.82,0,0,0,0,4.996,103.82,0.480951787044,4.265092,6,P-GPS,
155500,2026-05-22 09:18:11,51.988710517801,4.38996806402254,4.265092,,,0.480951787044,3.937008,0,36.558728204,189.514113676,27,5,7.639,3.105623787044,6.889764,6.6437118,37.294292532,0,0,0,143.5, -8, 2.8,,,0,0,1024,1024,1024,1024,0,0,0,0,163.7,0,4,71,3.822,3.82,0,0,0,0,4.996,103.82,0.480951787044,4.265092,6,P-GPS,
155600,2026-05-22 09:18:11,51.9887103040558,4.38996810697443,4.265092,,,0.480951787044,3.937008,0,36.628610096,189.592853836,27,5,7.639,3.105623787044,6.889764,6.6437118,37.294292532,0,0,0,143.4, -7.4, 3.1,,,0,0,1024,1024,1024,1024,0,0,0,0,163.3,0,2.8,71,3.822,3.82,0,0,0,0,4.996,103.82,0.480951787044,4.265092,6,P-GPS,
155700,2026-05-22 09:18:11,51.9887102429136,4.38996812599151,4.265092,,,0.480951787044,3.937008,0,36.647967052,189.615491632,27,5,7.639,3.105623787044,6.889764,6.6437118,37.294292532,0,0,0,143.3, -7.4, 1.3,,,0,0,1024,1024,1024,1024,0,0,0,0,163.1,0,0.9,71,3.822,3.82,0,0,0,0,4.996,103.82,0.480951787044,4.265092,6,P-GPS,
155800,2026-05-22 09:18:11,51.988710155428,4.38996795862869,4.265092,,,0.480951787044,3.937008,0,36.690946056,189.665032316,27,5,7.639,3.105623787044,6.889764,6.6437118,37.294292532,0,0,0,143.3, -7.7, -0.3,,,0,0,1024,1024,1024,1024,0,0,0,0,163,0,0.2,71,3.822,3.82,0,0,0,0,4.996,103.82,0.480951787044,4.265092,6,P-GPS,
155900,2026-05-22 09:18:11,51.9887101150777,4.3899680073956,4.265092,,,0.480951787044,3.937008,0,36.70111666,189.683076936,27,5,7.641,3.105623787044,6.889764,6.6437118,37.294292532,0,0,0,143.3, -7.8, -0.1,,,0,0,1024,1024,1024,1024,0,0,0,0,163.1,0,1.1,71,3.819,3.818,0,0,0,0,4.942,103.82,0.480951787044,4.265092,6,P-GPS,
156000,2026-05-22 09:18:11,51.9887100135423,4.38996784757284,4.265092,,,0.480951787044,3.937008,0,36.748032672,189.734914208,27,5,7.641,3.105623787044,6.889764,6.6437118,37.294292532,0,0,0,143.3, -7.7, 0.7,,,0,0,1024,1024,1024,1024,0,0,0,0,163.1,0,1.8,71,3.819,3.818,0,0,0,0,4.942,103.82,0.480951787044,4.265092,6,P-GPS,
156100,2026-05-22 09:18:11,51.9887097968501,4.38996776248637,4.265092,,,0.480951787044,3.937008,0,36.82906942,189.81627904,27,5,7.641,3.105623787044,6.889764,6.6437118,37.294292532,0,0,0,143.2, -7.8, 1.6,,,0,0,1024,1024,1024,1024,0,0,0,0,163.2,0,2.7,71,3.819,3.818,0,0,0,0,4.942,103.82,0.480951787044,4.265092,6,P-GPS,
156200,2026-05-22 09:18:11,51.9887098246155,4.38996788730769,4.265092,,,0.480951787044,3.937008,0.223694,36.810040548,189.846134684,27,5,7.641,3.105623787044,6.889764,6.6437118,37.294292532,0,0.223694,0,143.1, -8, 2.5,,,0,0,1024,1024,1024,1024,0,0,0,0,163.3,0,3.5,71,3.819,3.818,0,0,0,0,4.942,103.82,0.480951787044,4.265092,6,P-GPS,
156300,2026-05-22 09:18:11,51.9887098628498,4.38996800337169,4.265092,,,0.480951787044,3.937008,0.223694,36.78805892,189.875662244,27,5,7.641,3.105623787044,6.889764,6.6437118,37.294292532,0,0,0,143.1, -8.1, 3.1,,,0,0,1024,1024,1024,1024,0,0,0,0,163.3,0,3.8,71,3.819,3.818,0,0,0,0,4.942,103.82,0.480951787044,4.265092,6,P-GPS,
156400,2026-05-22 09:18:12,51.9887097866468,4.38996807890441,4.265092,,,0.480951787044,3.937008,0,36.808400128,189.90814256,27,5,7.641,3.105623787044,6.889764,6.6437118,37.294292532,0,0,0,143.1, -8, 3.2,,,0,0,1024,1024,1024,1024,0,0,0,0,163.3,0,3.8,71,3.819,3.818,0,0,0,0,4.942,103.82,0.480951787044,4.265092,6,P-GPS,
156500,2026-05-22 09:18:12,51.9887097365045,4.3899681361052,4.265092,,,0.480951787044,3.937008,0,36.821195404,189.930452272,26,5,7.641,3.105623787044,6.889764,6.6437118,37.294292532,0,0,0,143.1, -8.1, 3.2,,,0,0,1024,1024,1024,1024,0,0,0,0,163.4,0,3.6,71,3.819,3.818,0,0,0,0,4.942,103.82,0.480951787044,4.265092,6,P-GPS,
156600,2026-05-22 09:18:12,51.988709748721,4.38996820010525,4.265092,,,0.480951787044,3.937008,0,36.812009052,189.945544136,26,5,7.641,3.105623787044,6.889764,6.6437118,37.294292532,0,0,0,143.1, -8.2, 3,,,0,0,1024,1024,1024,1024,0,0,0,0,163.3,0,3.4,71,3.819,3.818,0,0,0,0,4.942,103.82,0.480951787044,4.265092,6,P-GPS,
156700,2026-05-22 09:18:12,51.9887096050191,4.38996819012024,4.265092,,,0.480951787044,3.937008,0,36.862205904,189.998037576,26,5,7.641,3.105623787044,6.889764,6.6437118,37.294292532,0,0,0,143.1, -8, 2.9,,,0,0,1024,1024,1024,1024,0,0,0,0,163.3,0,3.5,71,3.819,3.818,0,0,0,0,4.942,103.82,0.480951787044,4.265092,6,P-GPS,
156800,2026-05-22 09:18:12,51.9887096006671,4.38996823656393,4.265092,,,0.480951787044,3.937008,0,36.8602374,190.008536264,26,5,7.641,3.105623787044,6.889764,6.6437118,37.294292532,0,0,0,143.1, -8.3, 2.7,,,0,0,1024,1024,1024,1024,0,0,0,0,163.3,0,3.3,71,3.819,3.818,0,0,0,0,4.942,103.82,0.480951787044,4.265092,6,P-GPS,
156900,2026-05-22 09:18:12,51.9887095998361,4.38996827361037,4.265092,,,0.480951787044,3.937008,0,36.857612728,190.016738364,26,5,7.638,3.105623787044,6.889764,6.6437118,37.294292532,0,0,0,143.1, -8.4, 2.6,,,0,0,1024,1024,1024,1024,0,0,0,0,163.3,0,3.3,71,3.822,3.82,0,0,0,0,4.836,104,0.480951787044,4.265092,6,P-GPS,
157000,2026-05-22 09:18:12,51.9887094895111,4.38996818602329,4.265092,,,0.480951787044,3.937008,0,36.902232152,190.061685872,25,5,7.638,3.105623787044,6.889764,6.6437118,37.294292532,0,0,0,143.1, -8.7, 2.8,,,0,0,1024,1024,1024,1024,0,0,0,0,163.4,0,3,71,3.822,3.82,0,0,0,0,4.836,104,0.480951787044,4.265092,6,P-GPS,
157100,2026-05-22 09:18:12,51.9887094643414,4.38996819009242,4.265092,,,0.480951787044,3.937008,0,36.910434252,190.070872224,25,5,7.638,3.105623787044,6.889764,6.6437118,37.294292532,0,0,0,143.2, -8.5, 1.9,,,0,0,1024,1024,1024,1024,0,0,0,0,163.2,0,2.2,71,3.822,3.82,0,0,0,0,4.836,104,0.480951787044,4.265092,6,P-GPS,
157200,2026-05-22 09:18:12,51.9887091317299,4.38996831485114,4.265092,,,0.480951787044,3.937008,0,37.015421132,190.195544144,24,5,7.638,3.105623787044,6.889764,6.6437118,37.294292532,0,0,0,143.2, -8.3, 1.4,,,0,0,1024,1024,1024,1024,0,0,0,0,163.2,0,1.9,71,3.822,3.82,0,0,0,0,4.836,104,0.480951787044,4.265092,6,P-GPS,
157300,2026-05-22 09:18:12,51.9887090413658,4.38996820537077,4.265092,,,0.480951787044,3.937008,0,37.054791212,190.236554644,23,5,7.638,3.105623787044,6.889764,6.6437118,37.294292532,0,0,0,143.2, -8.2, 1,,,0,0,1024,1024,1024,1024,0,0,0,0,163.1,0,1.5,71,3.822,3.82,0,0,0,0,4.836,104,0.480951787044,4.265092,6,P-GPS,
157400,2026-05-22 09:18:13,51.9887090041938,4.38996822225243,4.265092,,,0.480951787044,3.937008,0,37.066274152,190.250662256,23,5,7.638,3.105623787044,6.889764,6.6437118,37.294292532,0,0,0,143.2, -8.2, 1,,,0,0,1024,1024,1024,1024,0,0,0,0,163.2,0,2,71,3.822,3.82,0,0,0,0,4.836,104,0.480951787044,4.265092,6,P-GPS,
157500,2026-05-22 09:18:13,51.9887089752461,4.3899682534282,4.265092,,,0.480951787044,3.937008,0,37.073820084,190.263457532,23,5,7.638,3.105623787044,6.889764,6.6437118,37.294292532,0,0,0,143.3, -8.2, 1.5,,,0,0,1024,1024,1024,1024,0,0,0,0,163.3,0,2.4,71,3.822,3.82,0,0,0,0,4.836,104,0.480951787044,4.265092,6,P-GPS,
157600,2026-05-22 09:18:13,51.9887087162932,4.38996826826486,4.265092,,,0.480951787044,3.937008,0,37.161746596,190.357945724,23,5,7.638,3.105623787044,6.889764,6.6437118,37.294292532,0,0,0,143.3, -8.1, 1.6,,,0,0,1024,1024,1024,1024,0,0,0,0,163.2,0,1.9,71,3.822,3.82,0,0,0,0,4.836,104,0.480951787044,4.265092,6,P-GPS,
157700,2026-05-22 09:18:13,51.9887086675559,4.38996828135562,4.265092,,,0.480951787044,3.937008,0,37.177494628,190.375990344,23,5,7.638,3.105623787044,6.889764,6.6437118,37.294292532,0,0,0,143.2, -7.7, 0.9,,,0,0,1024,1024,1024,1024,0,0,0,0,163.1,0,1.4,71,3.822,3.82,0,0,0,0,4.836,104,0.480951787044,4.265092,6,P-GPS,
157800,2026-05-22 09:18:13,51.9887085841481,4.38996823787509,4.265092,,,0.480951787044,3.937008,0,37.209318776,190.407814492,23,5,7.638,3.105623787044,6.889764,6.6437118,37.294292532,0,0,0,143.2, -7.4, 0.8,,,0,0,1024,1024,1024,1024,0,0,0,0,163.1,0,1.5,71,3.822,3.82,0,0,0,0,4.836,104,0.480951787044,4.265092,6,P-GPS,
157900,2026-05-22 09:18:13,51.9887085493835,4.38996825515323,4.265092,,,0.480951787044,3.937008,0,37.220145548,190.421265936,23,5,7.638,3.105623787044,6.889764,6.6437118,37.294292532,0,0,0,143.2, -7.3, 1,,,0,0,1024,1024,1024,1024,0,0,0,0,163.1,0,1.7,71,3.818,3.817,0,0,0,0,4.858,104,0.480951787044,4.265092,6,P-GPS,
158000,2026-05-22 09:18:13,51.9887085240682,4.38996825044417,4.265092,,,0.480951787044,3.937008,0,37.229003816,190.430452288,23,5,7.638,3.105623787044,6.889764,6.6437118,37.294292532,0,0,0,143.2, -7.4, 1.2,,,0,0,1024,1024,1024,1024,0,0,0,0,163.2,0,2.2,71,3.818,3.817,0,0,0,0,4.858,104,0.480951787044,4.265092,6,P-GPS,
158100,2026-05-22 09:18:13,51.9887085127427,4.3899682857934,4.265092,,,0.480951787044,3.937008,0,37.230316152,190.439310556,23,5,7.638,3.105623787044,6.889764,6.6437118,37.294292532,0,0,0,143.2, -7.6, 1.7,,,0,0,1024,1024,1024,1024,0,0,0,0,163.2,0,2.2,71,3.818,3.817,0,0,0,0,4.858,104,0.480951787044,4.265092,6,P-GPS,
158200,2026-05-22 09:18:13,51.9887084625747,4.38996837979022,4.265092,,,0.480951787044,3.937008,0,37.240486756,190.467197696,24,5,7.638,3.105623787044,6.889764,6.6437118,37.294292532,0,0,0,143.2, -7.3, 1.4,,,0,0,1024,1024,1024,1024,0,0,0,0,163.1,0,1.8,71,3.818,3.817,0,0,0,0,4.858,104,0.480951787044,4.265092,6,P-GPS,
158300,2026-05-22 09:18:13,51.9887084481222,4.38996840466406,4.265092,,,0.480951787044,3.937008,0,37.243767596,190.475071712,24,5,7.638,3.105623787044,6.889764,6.6437118,37.294292532,0,0,0,143.2, -7.3, 1.4,,,0,0,1024,1024,1024,1024,0,0,0,0,163.2,0,2.2,71,3.818,3.817,0,0,0,0,4.858,104,0.480951787044,4.265092,6,P-GPS,
158400,2026-05-22 09:18:14,51.9887084832124,4.38996845947206,4.265092,,,0.480951787044,3.937008,0,37.227363396,190.492788248,24,5,7.638,3.105623787044,6.889764,6.6437118,37.294292532,0,0,0,143.2, -7.7, 1.6,,,0,0,1024,1024,1024,1024,0,0,0,0,163.2,0,2.6,71,3.818,3.817,0,0,0,0,4.858,104,0.480951787044,4.265092,6,P-GPS,
158500,2026-05-22 09:18:14,51.988708510027,4.38996847841958,4.265092,,,0.480951787044,3.937008,0,37.216864708,190.50361502,24,5,7.638,3.105623787044,6.889764,6.6437118,37.294292532,0,0,0,143.2, -7.9, 2.1,,,0,0,1024,1024,1024,1024,0,0,0,0,163.2,0,2.7,71,3.818,3.817,0,0,0,0,4.858,104,0.480951787044,4.265092,6,P-GPS,
158600,2026-05-22 09:18:14,51.9887085674083,4.38996853617683,4.265092,,,0.480951787044,3.937008,0,37.192914576,190.52822132,25,5,7.638,3.105623787044,6.889764,6.6437118,37.294292532,0,0,0,143.1, -8.1, 2.1,,,0,0,1684,1024,1024,1024,100,0,0,0,163.2,0,2.9,71,3.818,3.817,0,0,0,0,4.858,104,0.480951787044,4.265092,6,P-GPS,
158700,2026-05-22 09:18:14,51.9887085986605,4.38996853474394,4.265092,,,0.480951787044,3.937008,0,37.182087804,190.539376176,25,5,7.638,3.105623787044,6.889764,6.6437118,37.294292532,0,0,0,143, -11.9, 2.2,,,0,0,1684,1024,1024,1024,100,0,0,0,163.3,0,2.5,71,3.818,3.817,0,0,0,0,4.858,104,0.480951787044,4.265092,6,P-GPS,
158800,2026-05-22 09:18:14,51.9887086395762,4.38996856231662,4.265092,,,0.480951787044,3.937008,0,37.166011688,190.555780376,25,5,7.638,3.105623787044,6.889764,6.6437118,37.294292532,0,0,0,142.7, -20.2, 2.1,,,0,0,1684,1024,1024,1024,100,0,0,0,163.6,0,3.2,71,3.818,3.817,0,0,0,0,4.858,104,0.480951787044,4.265092,6,P-GPS,
158900,2026-05-22 09:18:14,51.9887084991555,4.38996880027356,4.265092,,,0.480951787044,3.937008,0.6263432,37.1965235,190.629599276,25,5,7.631,3.105623787044,6.889764,6.6437118,37.294292532,-0.447388,0.447388,0,142.7, -21.2, 2.7,,,0,0,1684,1024,1024,1024,100,0,0,0,163.5,0,2.8,71,3.82,3.817,0,0,0,0,4.946,104,0.480951787044,4.265092,6,P-GPS,
159000,2026-05-22 09:18:14,51.9887081431134,4.38996931666656,4.265092,,,0.480951787044,3.937008,0.9395148,37.281169172,190.80381188,25,5,7.631,3.105623787044,6.889764,6.6437118,37.294292532,-0.671082,0.671082,0,142.8, -20.7, 2.7,,,0,0,1684,1024,1024,1024,100,0,0,0,163.7,0,3.1,71,3.82,3.817,0,0,0,0,4.946,104,0.480951787044,4.265092,6,P-GPS,
159100,2026-05-22 09:18:14,51.9887076885087,4.38996991826428,4.265092,,,0.480951787044,3.937008,1.4316416,37.394030068,191.017722648,25,5,7.631,3.105623787044,6.889764,6.6437118,37.394030068,-1.11847,0.894776,0,142.9, -20.2, 2.8,,,0,0,1684,1024,1024,1024,100,0,0,0,163.8,0,3,71,3.82,3.817,0,0,0,0,4.946,104,0.480951787044,4.265092,6,P-GPS,
159200,2026-05-22 09:18:14,51.9887070677567,4.38997067933697,4.265092,,,0.480951787044,3.937008,1.9237684,37.55413506,191.301515308,26,5,7.631,3.105623787044,6.889764,6.6437118,37.55413506,-1.565858,1.11847,0,143, -20, 2.4,,,0,0,1674,1024,1024,1024,98,0,0,0,163.7,0,2.4,71,3.82,3.817,0,0,0,0,4.946,104,0.480951787044,4.265092,6,P-GPS,
159300,2026-05-22 09:18:14,51.9887063089998,4.38997155153506,4.265092,,,0.480951787044,3.937008,2.23694,37.755578636,191.640754164,26,5,7.631,3.105623787044,6.889764,6.6437118,37.755578636,-1.789552,1.342164,0,143.1, -19.4, 1.8,,,0,0,1664,1024,1024,1024,97,0,0,0,163.5,0,1.9,71,3.82,3.817,0,0,0,0,4.946,104,0.480951787044,4.265092,6,P-GPS,
159400,2026-05-22 09:18:15,51.9887055529673,4.38997252843839,4.265092,,,0.480951787044,3.937008,2.6172198,37.950788616,191.993444464,26,5,7.631,3.105623787044,6.889764,6.6437118,37.950788616,-2.23694,1.342164,0,143.2, -18.7, 1,,,0,0,1684,1024,1024,1024,100,0,0,0,163.2,0,1.1,71,3.82,3.817,0,0,0,0,4.946,104,0.480951787044,4.265092,6,P-GPS,
159500,2026-05-22 09:18:15,51.9887045967167,4.38997359640319,4.265092,,,0.480951787044,3.937008,2.7290668,38.212271564,192.416672824,26,5,7.631,3.105623787044,6.889764,6.6437118,38.212271564,-2.23694,1.565858,0,143.2, -18.7, 0.2,,,0,0,1684,1024,1024,1024,100,0,0,0,163.2,0,1,71,3.82,3.817,0,0,0,0,4.946,104,0.480951787044,4.265092,6,P-GPS,
159600,2026-05-22 09:18:15,51.9887037859757,4.38997473552902,4.265092,,,0.480951787044,3.937008,3.0422384,38.421261072,192.808077036,26,5,7.631,3.105623787044,6.889764,6.6437118,38.421261072,-2.460634,1.789552,0,143.2, -19.1, 0.6,,,0,0,1684,1024,1024,1024,100,0,0,0,163.4,0,1.4,71,3.82,3.817,0,0,0,0,4.946,104,0.480951787044,4.265092,6,P-GPS,
159700,2026-05-22 09:18:15,51.9887026933565,4.38997600249845,4.265092,,,0.480951787044,3.937008,3.35541,38.72375452,193.297906448,26,5,7.631,3.105623787044,6.889764,6.6437118,38.72375452,-2.684328,2.013246,0,143.2, -19.3, 0.7,,,0,0,1684,1024,1024,1024,100,0,0,0,163.3,0,1.2,71,3.82,3.817,0,0,0,0,4.946,104,0.480951787044,4.265092,6,P-GPS,
159800,2026-05-22 09:18:15,51.9887017357781,4.38997732565312,4.265092,,,0.480951787044,3.937008,3.5343652,38.979331956,193.75656788,26,5,7.631,3.105623787044,6.889764,6.6437118,38.979331956,-2.908022,2.013246,0,143.2, -19.4, 0.9,,,0,0,1680,1024,1024,1024,99,0,0,0,163.4,0,1.4,71,3.82,3.817,0,0,0,0,4.946,104,0.480951787044,4.265092,6,P-GPS,
159900,2026-05-22 09:18:15,51.9887005830705,4.38997893973294,4.265092,,,0.480951787044,3.937008,3.8475368,39.290683672,194.311686008,27,5,7.63,3.105623787044,6.889764,6.6437118,39.290683672,-3.131716,2.23694,0,143.2, -19.8, 1,,,0,0,1683,1024,1024,1024,100,0,0,0,163.3,0,1.2,71,3.813,3.813,0,0,0,0,5.296,104,0.480951787044,4.265092,6,P-GPS,
160000,2026-05-22 09:18:15,51.9886992680193,4.3899804593812,4.265092,,,0.480951787044,3.937008,4.026492,39.669948776,194.900596788,27,5,7.63,3.105623787044,6.889764,6.6437118,39.669948776,-3.35541,2.23694,0,143.3, -19.6, 0.4,,,0,0,1683,1024,1024,1024,100,0,0,0,163.2,0,0.7,71,3.813,3.813,0,0,0,0,5.296,104,0.480951787044,4.265092,6,P-GPS,
160100,2026-05-22 09:18:15,51.9886978728329,4.38998208064632,4.265092,,,0.480951787044,3.937008,4.3396636,40.077429104,195.52658106,27,5,7.63,3.105623787044,6.889764,6.6437118,40.077429104,-3.579104,2.460634,0,143.3, -19.7, 0.2,,,0,0,1684,1024,1024,1024,100,0,0,0,163.2,0,0.8,71,3.813,3.813,0,0,0,0,5.296,104,0.480951787044,4.265092,6,P-GPS,
160200,2026-05-22 09:18:15,51.9886966802804,4.38998410486625,4.265092,,,0.480951787044,3.937008,4.6528352,40.398295256,196.156174256,26,5,7.63,3.105623787044,6.889764,6.6437118,40.398295256,-3.802798,2.684328,0,143.3, -19.5, 0.3,,,0,0,1684,1024,1024,1024,100,0,0,0,163.3,0,1.1,71,3.813,3.813,0,0,0,0,5.296,104,0.480951787044,4.265092,6,P-GPS,
160300,2026-05-22 09:18:15,51.988695136569,4.38998593248129,4.265092,,,0.480951787044,3.937008,4.7870516,40.860893696,196.853024672,26,5,7.63,3.105623787044,6.889764,6.6437118,40.860893696,-3.802798,2.908022,0,143.2, -18.9, 0.6,,,0,0,1683,1024,1024,1024,100,0,0,0,163.3,0,1.1,71,3.813,3.813,0,0,0,0,5.296,104,0.480951787044,4.265092,6,P-GPS,
160400,2026-05-22 09:18:16,51.9886935240993,4.3899879782815,4.265092,,,0.480951787044,3.937008,4.9660068,41.34514568,197.599743856,27,5,7.63,3.105623787044,6.889764,6.6437118,41.34514568,-4.026492,2.908022,0,143.3, -18.8, 0.7,,,0,0,1671,1024,1024,402,98,0,0,-94,163.2,0,1,71,3.813,3.813,0,0,0,0,5.296,104,0.480951787044,4.265092,6,P-GPS,
160500,2026-05-22 09:18:16,51.9886918510871,4.38998991403096,4.265092,,,0.480951787044,3.937008,5.144962,41.8635184,198.349087712,27,5,7.63,3.105623787044,6.889764,6.6437118,41.8635184,-4.250186,2.908022,0,142, -17.9, 0.2,,,0,0,1666,1024,1024,364,97,0,0,-100,158.7,0,-0.5,71,3.813,3.813,0,0,0,0,5.296,104,0.480951787044,4.265092,6,P-GPS,
160600,2026-05-22 09:18:16,51.9886900304836,4.38999205406796,4.265092,,,0.480951787044,3.937008,5.2791784,42.434056476,199.169297712,26,5,7.63,3.105623787044,6.889764,6.6437118,42.434056476,-4.250186,3.131716,0,137.2, -13.6, -2.7,,,0,0,1656,1024,1024,1024,96,0,0,0,153.5,-0.1,-3.3,71,3.813,3.813,0,0,0,0,5.296,104,0.480951787044,4.265092,6,P-GPS,
160700,2026-05-22 09:18:16,51.9886881313554,4.38999433441678,4.265092,,,0.480951787044,3.937008,5.1002232,43.036090616,200.030846296,26,5,7.63,3.105623787044,6.889764,6.6437118,43.036090616,-4.026492,3.131716,0,134.9, -15.7, -4.6,,,0,0,1646,1024,1024,1024,94,0,0,0,153.4,0,-3.7,71,3.813,3.813,0,0,0,0,5.296,104,0.480951787044,4.265092,6,P-GPS,
160800,2026-05-22 09:18:16,51.9886865665779,4.38999648215381,4.265092,,,0.480951787044,3.937008,5.0778538,43.53018512,200.778549732,26,5,7.63,3.105623787044,6.889764,6.6437118,43.53018512,-3.802798,3.35541,0,135.2, -19.5, -3.9,,,0,0,1643,1024,1024,1024,94,0,0,0,154.1,0,-2.1,71,3.813,3.813,0,0,0,0,5.296,104,0.480951787044,4.265092,6,P-GPS,
160900,2026-05-22 09:18:16,51.9886850097162,4.3899988400247,4.265092,,,0.480951787044,3.937008,5.2120702,44.022639204,201.55512456,26,5,7.624,3.105623787044,6.889764,6.6437118,44.022639204,-3.802798,3.579104,0,135.2, -19.1, -2.3,,,0,0,1643,1024,1024,1024,94,0,0,0,154.5,0,-0.7,71,3.82,3.82,0,0,0,0,4.993,104,0.480951787044,4.265092,6,P-GPS,
161000,2026-05-22 09:18:16,51.9886832037536,4.3900014719356,4.265092,,,0.480951787044,3.937008,5.368656,44.606628724,202.440623276,25,5,7.624,3.105623787044,6.889764,6.6437118,44.606628724,-3.802798,3.802798,0,135, -18.6, -1.1,,,0,0,1643,1024,1024,1024,94,0,0,0,154.4,0,-0.5,71,3.82,3.82,0,0,0,0,4.993,104,0.480951787044,4.265092,6,P-GPS,
161100,2026-05-22 09:18:16,51.9886815993797,4.39000414476035,4.265092,,,0.480951787044,3.937008,5.5476112,45.125985696,203.27920598,25,5,7.624,3.105623787044,6.889764,6.6437118,45.125985696,-3.802798,4.026492,0,134.9, -18.4, -1.1,,,0,0,1657,1024,1024,1024,96,0,0,0,154.5,0,0.1,71,3.82,3.82,0,0,0,0,4.993,104,0.480951787044,4.265092,6,P-GPS,
161200,2026-05-22 09:18:16,51.9886800867491,4.39000723120831,4.265092,,,0.480951787044,3.937008,5.8607828,45.614174688,204.165360864,26,5,7.624,3.105623787044,6.889764,6.6437118,45.614174688,-4.026492,4.250186,0,134.8, -18.2, 0,,,0,0,1640,1024,1024,1024,93,0,0,0,154.7,0,0.9,71,3.82,3.82,0,0,0,0,4.993,104,0.480951787044,4.265092,6,P-GPS,
161300,2026-05-22 09:18:17,51.9886784178062,4.39001009089638,4.265092,,,0.480951787044,3.937008,5.8607828,46.17454216,205.050531496,26,5,7.624,3.105623787044,6.889764,6.6437118,46.17454216,-4.026492,4.250186,0,134.8, -18.2, 0.6,,,0,0,1633,1024,1024,1024,92,0,0,0,154.6,0,0.9,71,3.82,3.82,0,0,0,0,4.993,104,0.480951787044,4.265092,6,P-GPS,
161400,2026-05-22 09:18:17,51.9886766109355,4.39001344985059,4.265092,,,0.480951787044,3.937008,6.1739544,46.789371576,206.052828116,26,5,7.624,3.105623787044,6.889764,6.6437118,46.789371576,-4.250186,4.47388,0,134.7, -17.2, 0,,,0,0,1628,1024,1024,1024,92,0,0,0,154.5,0,0.7,71,3.82,3.82,0,0,0,0,4.993,104,0.480951787044,4.265092,6,P-GPS,
161500,2026-05-22 09:18:17,51.9886748542328,4.39001641603152,4.265092,,,0.480951787044,3.608924,6.1739544,47.402232488,206.977368828,26,5,7.624,3.105623787044,6.889764,6.6437118,47.402232488,-4.250186,4.47388,0,134.7, -16.5, 0.2,,,0,0,1627,1024,1024,1024,91,0,0,0,154.5,0,0.9,71,3.82,3.82,0,0,0,0,4.993,104,0.480951787044,4.265092,6,P-GPS,
161600,2026-05-22 09:18:17,51.9886729264568,4.39001981392154,4.265092,,,0.480951787044,3.608924,6.1739544,48.08563146,208.015426604,26,5,7.624,3.105623787044,6.889764,6.6437118,48.08563146,-4.250186,4.47388,0,134.7, -15.7, 0.5,,,0,0,1626,1024,1024,1024,91,0,0,0,154.7,0,1.7,71,3.82,3.82,0,0,0,0,4.993,104,0.480951787044,4.265092,6,P-GPS,
161700,2026-05-22 09:18:17,51.9886711432137,4.39002285786104,4.265092,,,0.480951787044,3.608924,6.1739544,48.729004184,208.959324272,26,5,7.624,3.105623787044,6.889764,6.6437118,48.729004184,-4.250186,4.47388,0,134.6, -15.7, 1.3,,,0,0,1626,1024,1024,1024,91,0,0,0,154.7,0,1.7,71,3.82,3.82,0,0,0,0,4.993,104,0.480951787044,4.265092,6,P-GPS,
161800,2026-05-22 09:18:17,51.9886693596194,4.39002592471502,4.265092,,,0.480951787044,3.608924,6.1739544,49.382219428,209.907158948,26,5,7.624,3.105623787044,6.889764,6.6437118,49.382219428,-4.250186,4.47388,0,134.7, -15.5, 1.2,,,0,0,1623,1024,1024,1024,91,0,0,0,154.7,0,1.4,71,3.82,3.82,0,0,0,0,4.993,104,0.480951787044,4.265092,6,P-GPS,
161900,2026-05-22 09:18:17,51.9886675696769,4.39002883792775,4.265092,,,0.480951787044,3.608924,6.3305402,50.046261444,210.83169966,26,5,7.631,3.105623787044,6.889764,6.6437118,50.046261444,-4.47388,4.47388,0,134.7, -16.2, 0.5,,,0,0,1620,1024,1024,1024,90,0,0,0,154.5,0,0.7,71,3.819,3.818,0,0,0,0,4.833,104.18,0.480951787044,4.265092,6,P-GPS,
162000,2026-05-22 09:18:17,51.988665623919,4.39003149149545,4.265092,,,0.480951787044,3.608924,6.3305402,50.773295588,211.758865044,27,5,7.631,3.105623787044,6.889764,6.6437118,50.773295588,-4.47388,4.47388,0,134.8, -16.5, 0,,,0,0,1618,1099,1024,1387,90,11,0,55,154.5,0,0.5,71,3.819,3.818,0,0,0,0,4.833,104.18,0.480951787044,4.265092,6,P-GPS,
162100,2026-05-22 09:18:17,51.9886637398087,4.3900345109615,4.265092,,,0.480951787044,3.608924,6.3305402,51.488190624,212.724416256,27,5,7.631,3.105623787044,6.889764,6.6437118,51.488190624,-4.47388,4.47388,0,135.5, -16.5, 0,,,0,0,1599,1024,1024,1684,87,0,0,100,157.6,0,0.6,71,3.819,3.818,0,0,0,0,4.833,104.18,0.480951787044,4.265092,6,P-GPS,
162200,2026-05-22 09:18:17,51.9886615297435,4.39003772661465,4.265092,,,0.480951787044,3.28084,6.3305402,52.332350756,213.807093456,27,5,7.631,3.105623787044,6.889764,6.6437118,52.332350756,-4.47388,4.47388,0,139.9, -13.6, 1.2,,,0,0,1565,1024,1024,1024,82,0,0,0,162.5,0,3.8,71,3.819,3.818,0,0,0,0,4.833,104.18,0.480951787044,4.265092,6,P-GPS,
162300,2026-05-22 09:18:18,51.9886596656113,4.39004056236791,4.265092,,,0.480951787044,3.28084,6.1739544,53.053479388,214.7391801,27,5,7.631,3.105623787044,6.889764,6.6437118,53.053479388,-4.47388,4.250186,0,141.8, -14.6, 4,,,0,0,1565,1024,1024,1024,82,0,0,0,162.5,0,4.4,71,3.819,3.818,0,0,0,0,4.833,104.18,0.480951787044,4.265092,6,P-GPS,
162400,2026-05-22 09:18:18,51.988657515943,4.39004344872267,4.265092,,,0.480951787044,3.28084,6.1963238,53.885500412,215.756896668,27,5,7.631,3.105623787044,6.889764,6.6437118,53.885500412,-4.697574,4.026492,0,141.5, -16.2, 3.7,,,0,0,1562,1024,1024,1024,82,0,0,0,162.1,0,3.1,71,3.819,3.818,0,0,0,0,4.833,104.18,0.480951787044,4.265092,6,P-GPS,
162500,2026-05-22 09:18:18,51.9886555629888,4.39004612800585,4.265092,,,0.480951787044,3.28084,6.039738,54.647967628,216.68963948,27,5,7.631,3.105623787044,6.889764,6.6437118,54.647967628,-4.697574,3.802798,0,141.5, -16.4, 2.3,,,0,0,1560,1024,1024,1024,81,0,0,0,162,0,2.5,71,3.819,3.818,0,0,0,0,4.833,104.18,0.480951787044,4.265092,6,P-GPS,
162600,2026-05-22 09:18:18,51.9886532436951,4.390049094938,4.265092,,,0.480951787044,3.28084,6.039738,55.555447972,217.766739252,27,5,7.631,3.105623787044,6.889764,6.6437118,55.555447972,-4.697574,3.802798,0,141.6, -16.8, 1.8,,,0,0,1560,1024,1024,1024,81,0,0,0,161.8,0,1.8,71,3.819,3.818,0,0,0,0,4.833,104.18,0.480951787044,4.265092,6,P-GPS,
162700,2026-05-22 09:18:18,51.9886512846926,4.39005158128721,4.265092,,,0.480951787044,3.28084,5.9055216,56.326117288,218.673891512,27,5,7.631,3.105623787044,6.889764,6.6437118,56.326117288,-4.697574,3.579104,0,141.7, -17.1, 1.1,,,0,0,1620,1024,1024,1024,90,0,0,0,161.8,0,1.5,71,3.819,3.818,0,0,0,0,4.833,104.18,0.480951787044,4.265092,6,P-GPS,
162800,2026-05-22 09:18:18,51.9886490202444,4.39005418690703,4.265092,,,0.480951787044,3.28084,5.9055216,57.21456876,219.68668682,27,5,7.631,3.105623787044,6.889764,6.6437118,57.21456876,-4.697574,3.579104,0,141.7, -18.6, 1,,,0,0,1620,1024,1024,1024,90,0,0,0,161.9,0,1.3,71,3.819,3.818,0,0,0,0,4.833,104.18,0.480951787044,4.265092,6,P-GPS,
162900,2026-05-22 09:18:18,51.9886470257748,4.39005669208377,4.265092,,,0.480951787044,3.28084,6.0844768,58.006235452,220.606634356,27,5,7.632,3.105623787044,6.889764,6.6437118,58.006235452,-4.921268,3.579104,0,141.8, -19.6, 0.8,,,0,0,1684,1024,1024,1024,100,0,0,0,162,0,1.2,71,3.812,3.813,0,0,0,0,4.767,104.18,0.480951787044,4.265092,6,P-GPS,
163000,2026-05-22 09:18:18,51.9886445654864,4.39005961709697,4.265092,,,0.480951787044,3.28084,6.0844768,58.983269604,221.7191672,26,5,7.632,3.105623787044,6.889764,6.6437118,58.983269604,-4.921268,3.579104,0,141.9, -19.9, 0.5,,,0,0,1684,1024,1024,1024,100,0,0,0,161.8,0,0.6,71,3.812,3.813,0,0,0,0,4.767,104.18,0.480951787044,4.265092,6,P-GPS,
163100,2026-05-22 09:18:18,51.988641946521,4.39006249269637,4.265092,,,0.480951787044,3.28084,6.3976484,60.020671212,222.87238246,27,5,7.632,3.105623787044,6.889764,6.6437118,60.020671212,-5.144962,3.802798,0,142, -21.1, 0,,,0,0,1684,1024,1024,1024,100,0,0,0,161.8,0,0.4,71,3.812,3.813,0,0,0,0,4.767,104.18,0.480951787044,4.265092,6,P-GPS,
163200,2026-05-22 09:18:18,51.988639793049,4.39006508463592,4.265092,,,0.480951787044,3.28084,6.3976484,60.884516384,223.850400864,27,5,7.632,3.105623787044,6.889764,6.6437118,60.884516384,-5.144962,3.802798,0,142, -21.3, -0.2,,,0,0,1684,1024,1024,1024,100,0,0,0,161.7,0,0.1,71,3.812,3.813,0,0,0,0,4.767,104.18,0.480951787044,4.265092,6,P-GPS,
163300,2026-05-22 09:18:19,51.9886376178855,4.39006766449678,4.265092,,,0.480951787044,3.28084,6.5766036,61.759188328,224.833340528,27,5,7.632,3.105623787044,6.889764,6.6437118,61.759188328,-5.368656,3.802798,0,142.1, -21.5, -0.4,,,0,0,1684,1024,1024,1024,100,0,0,0,161.7,0,-0.1,71,3.812,3.813,0,0,0,0,4.767,104.18,0.480951787044,4.265092,6,P-GPS,
163400,2026-05-22 09:18:19,51.9886352280515,4.39007046303667,4.265092,,,0.480951787044,3.28084,6.5766036,62.722442952,225.908143712,26,5,7.632,3.105623787044,6.889764,6.6437118,62.722442952,-5.368656,3.802798,0,142.1, -21.5, -1,,,0,0,1684,1024,1024,1024,100,0,0,0,161.6,0,-0.5,71,3.812,3.813,0,0,0,0,4.767,104.18,0.480951787044,4.265092,6,P-GPS,
163500,2026-05-22 09:18:19,51.9886329614273,4.39007310588551,4.265092,,,0.480951787044,3.28084,6.7555588,63.638781564,226.926516448,26,5,7.632,3.105623787044,6.889764,6.7555588,63.638781564,-5.59235,3.802798,0,142.2, -21.8, -1.2,,,0,0,1684,1024,1024,1024,100,0,0,0,161.5,0,-0.8,71,3.812,3.813,0,0,0,0,4.767,104.18,0.480951787044,4.265092,6,P-GPS,
163600,2026-05-22 09:18:19,51.9886300950487,4.39007635622362,4.265092,,,0.480951787044,2.952756,6.8897752,64.79823042,228.201778956,28,5,7.632,3.105623787044,6.889764,6.8897752,64.79823042,-5.59235,4.026492,0,142.2, -21.4, -1.6,,,0,0,1684,1024,1024,607,100,0,0,-63,161.5,0,-0.9,71,3.812,3.813,0,0,0,0,4.767,104.18,0.480951787044,4.265092,6,P-GPS,
163700,2026-05-22 09:18:19,51.9886277383346,4.39007913173294,4.265092,,,0.480951787044,2.952756,6.8897752,65.759188456,229.264114948,28,5,7.632,3.105623787044,6.889764,6.8897752,65.759188456,-5.59235,4.026492,0,142.3, -21.4, -1.5,,,0,0,1684,1024,1024,607,100,0,0,-63,161.2,0,-0.9,71,3.812,3.813,0,0,0,0,4.767,104.18,0.480951787044,4.265092,6,P-GPS,
163800,2026-05-22 09:18:19,51.9886247654346,4.39008197126319,4.265092,,,0.480951787044,3.28084,7.2029468,66.946524452,230.522317088,28,5,7.632,3.105623787044,6.889764,7.2029468,66.946524452,-5.816044,4.250186,0,140.9, -20.4, -1.9,,,0,0,1684,1024,1024,889,100,0,0,-20,158.1,0,-2.5,71,3.812,3.813,0,0,0,0,4.767,104.18,0.480951787044,4.265092,6,P-GPS,
163900,2026-05-22 09:18:19,51.9886219263503,4.39008482830458,4.265092,,,0.480951787044,2.952756,7.2029468,68.089569108,231.741149148,28,5,7.623,3.105623787044,6.889764,7.2029468,68.089569108,-5.816044,4.250186,0,139.2, -19, -4,,,0,0,1684,1024,1024,1024,100,0,0,0,157.6,0,-3.7,70,3.813,3.813,0,0,0,0,5.004,104.36,0.480951787044,4.265092,6,P-GPS,
164000,2026-05-22 09:18:19,51.9886196457449,4.39008762618019,4.265092,,,0.480951787044,2.952756,7.2029468,69.032810608,232.7838001,28,5,7.623,3.105623787044,6.889764,7.2029468,69.032810608,-5.59235,4.250186,0,139.5, -21.9, -4.3,,,0,0,1684,1024,1024,1024,100,0,0,0,158.1,0,-2.8,70,3.813,3.813,0,0,0,0,5.004,104.36,0.480951787044,4.265092,6,P-GPS,
164100,2026-05-22 09:18:19,51.9886173757967,4.39009051913424,4.265092,,,0.480951787044,2.952756,7.158208,69.979989116,233.836621656,28,5,7.623,3.105623787044,6.889764,7.2029468,69.979989116,-5.59235,4.47388,0,139.6, -22.5, -3.2,,,0,0,1684,1024,1024,1002,100,0,0,-3,158.2,0,-2.5,70,3.813,3.813,0,0,0,0,5.004,104.36,0.480951787044,4.265092,6,P-GPS,
164200,2026-05-22 09:18:19,51.9886145044493,4.39009386061034,4.265092,,,0.480951787044,2.952756,7.158208,71.166012776,235.125663692,26,5,7.623,3.105623787044,6.889764,7.2029468,71.166012776,-5.59235,4.47388,0,139.6, -22.4, -3.3,,,0,0,1684,1024,1024,1024,100,0,0,0,158.1,0,-2.6,70,3.813,3.813,0,0,0,0,5.004,104.36,0.480951787044,4.265092,6,P-GPS,
164300,2026-05-22 09:18:19,51.9886121453192,4.39009692055159,4.265092,,,0.480951787044,2.952756,7.4713796,72.159451128,236.22704168,26,5,7.623,3.105623787044,6.889764,7.4713796,72.159451128,-5.816044,4.697574,0,139.5, -21.5, -3.3,,,0,0,1684,1024,1024,1024,100,0,0,0,158.1,0,-2.6,70,3.813,3.813,0,0,0,0,5.004,104.36,0.480951787044,4.265092,6,P-GPS,
164400,2026-05-22 09:18:20,51.9886091149351,4.3901002399779,4.265092,,,0.480951787044,2.952756,7.4713796,73.407810748,237.56070314,26,5,7.623,3.105623787044,6.889764,7.4713796,73.407810748,-5.816044,4.697574,0,139.6, -21.7, -3.3,,,0,0,1684,1024,1024,1024,100,0,0,0,158.2,0,-2.7,70,3.813,3.813,0,0,0,0,5.004,104.36,0.480951787044,4.265092,6,P-GPS,
164500,2026-05-22 09:18:20,51.9886066954253,4.39010336785617,4.265092,,,0.480951787044,2.952756,7.4713796,74.432088996,238.6893121,26,5,7.623,3.105623787044,6.889764,7.4713796,74.432088996,-5.816044,4.697574,0,139.6, -21.4, -3.9,,,0,0,1684,1024,1024,1024,100,0,0,0,157.8,0,-3.5,70,3.813,3.813,0,0,0,0,5.004,104.36,0.480951787044,4.265092,6,P-GPS,
164600,2026-05-22 09:18:20,51.9886036656237,4.390106812229,4.265092,,,0.480951787044,2.952756,7.6503348,75.692915808,240.038393508,26,5,7.623,3.105623787044,6.889764,7.6503348,75.692915808,-6.039738,4.697574,0,139.6, -21.4, -4.1,,,0,0,1684,1024,1024,1024,100,0,0,0,157.9,0,-3.4,70,3.813,3.813,0,0,0,0,5.004,104.36,0.480951787044,4.265092,6,P-GPS,
164700,2026-05-22 09:18:20,51.9886012407681,4.39010995152865,4.265092,,,0.480951787044,2.952756,7.6503348,76.726052324,241.169955224,26,5,7.623,3.105623787044,6.889764,7.6503348,76.726052324,-6.039738,4.697574,0,139.6, -21.2, -4.2,,,0,0,1684,1024,1024,1024,100,0,0,0,157.9,0,-3.4,70,3.813,3.813,0,0,0,0,5.004,104.36,0.480951787044,4.265092,6,P-GPS,
164800,2026-05-22 09:18:20,51.9885986061767,4.39011321324987,4.265092,,,0.480951787044,2.952756,7.7845512,77.842522176,242.37861668,26,5,7.623,3.105623787044,6.889764,7.7845512,77.842522176,-6.039738,4.921268,0,139.6, -21.9, -4.1,,,0,0,1684,1024,1024,1024,100,0,0,0,157.7,0,-3.7,70,3.813,3.813,0,0,0,0,5.004,104.36,0.480951787044,4.265092,6,P-GPS,
164900,2026-05-22 09:18:20,51.9885961170005,4.39011651615622,4.265092,,,0.480951787044,2.952756,7.7845512,78.913388352,243.55151698,26,5,7.629,3.105623787044,6.889764,7.7845512,78.913388352,-6.039738,4.921268,0,139.6, -21.9, -4.7,,,0,0,1684,1024,1024,1024,100,0,0,0,157.7,0,-3.5,70,3.807,3.805,0,0,0,0,5.069,104.36,0.480951787044,4.265092,6,P-GPS,
165000,2026-05-22 09:18:20,51.9885935148949,4.39011983003878,4.265092,,,0.480951787044,2.952756,7.941137,80.027233532,244.758209932,27,5,7.629,3.105623787044,6.889764,7.941137,80.027233532,-6.039738,5.144962,0,139.4, -20.9, -3.6,,,0,0,1684,1024,1024,1024,100,0,0,0,158.2,0,-2.3,70,3.807,3.805,0,0,0,0,5.069,104.36,0.480951787044,4.265092,6,P-GPS,
165100,2026-05-22 09:18:20,51.9885910671484,4.39012332805452,4.265092,,,0.480951787044,2.952756,7.941137,81.101052464,245.947842516,27,5,7.629,3.105623787044,6.889764,7.941137,81.101052464,-6.039738,5.144962,0,139.4, -21.1, -2.5,,,0,0,1684,1024,1024,1024,100,0,0,0,158.2,0,-2,70,3.807,3.805,0,0,0,0,5.069,104.36,0.480951787044,4.265092,6,P-GPS,
165200,2026-05-22 09:18:20,51.9885886437835,4.39012657401397,4.265092,,,0.480951787044,2.624672,8.0753534,82.153545936,247.093839928,27,5,7.629,3.105623787044,6.889764,8.0753534,82.153545936,-6.039738,5.368656,0,139.3, -20.9, -2.6,,,0,0,1684,1024,1024,1024,100,0,0,0,158.1,0,-1.7,70,3.807,3.805,0,0,0,0,5.069,104.36,0.480951787044,4.265092,6,P-GPS,
165300,2026-05-22 09:18:20,51.9885862055463,4.39013019087602,4.265092,,,0.480951787044,2.624672,7.9187676,83.237535472,248.29889246,27,5,7.629,3.105623787044,6.889764,8.0753534,83.237535472,-5.816044,5.368656,0,139.1, -20.6, -1.8,,,0,0,1684,1024,1024,1024,100,0,0,0,158.5,0,-0.3,70,3.807,3.805,0,0,0,0,5.069,104.36,0.480951787044,4.265092,6,P-GPS,
165400,2026-05-22 09:18:21,51.9885835513194,4.39013378951395,4.265092,,,0.480951787044,2.952756,7.9187676,84.399280916,249.56037544,27,5,7.629,3.105623787044,6.889764,8.0753534,84.399280916,-5.816044,5.368656,0,138.9, -20.3, -0.2,,,0,0,1684,1024,1024,1024,100,0,0,0,158.8,0,0.8,70,3.807,3.805,0,0,0,0,5.069,104.36,0.480951787044,4.265092,6,P-GPS,
165500,2026-05-22 09:18:21,51.9885811121056,4.39013740508918,4.265092,,,0.480951787044,2.952756,8.0753534,85.489832132,250.765427972,27,5,7.629,3.105623787044,6.889764,8.0753534,85.489832132,-6.039738,5.368656,0,138.8, -20.3, 0.5,,,0,0,1684,1024,1024,1024,100,0,0,0,158.7,0,0.5,70,3.807,3.805,0,0,0,0,5.069,104.36,0.480951787044,4.265092,6,P-GPS,
165600,2026-05-22 09:18:21,51.9885783264619,4.39014081576825,4.265092,,,0.480951787044,2.952756,8.0753534,86.689963404,252.038065808,26,5,7.629,3.105623787044,6.889764,8.0753534,86.689963404,-6.039738,5.368656,0,138.8, -20.9, -0.1,,,0,0,1684,1024,1024,1024,100,0,0,0,158.4,0,-0.2,70,3.807,3.805,0,0,0,0,5.069,104.36,0.480951787044,4.265092,6,P-GPS,
165700,2026-05-22 09:18:21,51.9885758402841,4.39014434626744,4.265092,,,0.480951787044,2.624672,8.0753534,87.796262652,253.24311834,26,5,7.629,3.105623787044,6.889764,8.0753534,87.796262652,-6.039738,5.368656,0,138.8, -20.4, -0.5,,,0,0,1684,1024,1024,1024,100,0,0,0,158.5,0,0.1,70,3.807,3.805,0,0,0,0,5.069,104.36,0.480951787044,4.265092,6,P-GPS,
165800,2026-05-22 09:18:21,51.9885726241173,4.39014822657238,4.265092,,,0.480951787044,2.952756,8.0753534,89.18307372,254.705060644,26,5,7.629,3.105623787044,6.889764,8.0753534,89.18307372,-6.039738,5.368656,0,138.8, -20.9, 0,,,0,0,1684,1024,1024,1024,100,0,0,0,158.8,0,0.7,70,3.807,3.805,0,0,0,0,5.069,104.36,0.480951787044,4.265092,6,P-GPS,
165900,2026-05-22 09:18:21,51.9885691307243,4.39015294611897,4.265092,,,0.480951787044,2.624672,8.2543086,90.728021276,256.362869096,26,5,7.615,3.105623787044,6.889764,8.2543086,90.728021276,-6.263432,5.368656,0,138.9, -20.5, 0.2,,,0,0,1680,1024,1024,1024,99,0,0,0,158.5,0,0,70,3.801,3.802,0,0,0,0,4.796,104.54,0.480951787044,4.265092,6,P-GPS,
166000,2026-05-22 09:18:21,51.9885665280704,4.39015672009799,4.265092,,,0.480951787044,2.624672,8.388525,91.900593492,257.6361631,26,5,7.615,3.105623787044,6.889764,8.388525,91.900593492,-6.263432,5.59235,0,138.8, -18.7, -0.2,,,0,0,1678,1024,1024,1024,99,0,0,0,158.5,0,0.2,70,3.801,3.802,0,0,0,0,4.796,104.54,0.480951787044,4.265092,6,P-GPS,
166100,2026-05-22 09:18:21,51.9885639583821,4.39016049716537,4.265092,,,0.480951787044,2.624672,8.388525,93.064635524,258.900598836,26,5,7.615,3.105623787044,6.889764,8.388525,93.064635524,-6.263432,5.59235,0,138.7, -16.2, 0.2,,,0,0,1678,1024,1024,1024,99,0,0,0,158.6,0,0.7,70,3.801,3.802,0,0,0,0,4.796,104.54,0.480951787044,4.265092,6,P-GPS,
166200,2026-05-22 09:18:21,51.9885606828463,4.3901649435449,4.265092,,,0.480951787044,2.624672,8.388525,94.52428124,260.458341668,26,5,7.615,3.105623787044,6.889764,8.388525,94.52428124,-6.263432,5.59235,0,138.7, -14.8, 0.5,,,0,0,1677,1024,1024,1024,99,0,0,0,158.7,0,1.2,70,3.801,3.802,0,0,0,0,4.796,104.54,0.480951787044,4.265092,6,P-GPS,
166300,2026-05-22 09:18:21,51.9885581362545,4.39016875166284,4.265092,,,0.480951787044,2.624672,8.2319392,95.687995188,261.721465068,26,5,7.615,3.105623787044,6.889764,8.388525,95.687995188,-6.039738,5.59235,0,138.8, -15.1, 1.5,,,0,0,1677,1024,1024,1024,99,0,0,0,158.9,0,1.8,70,3.801,3.802,0,0,0,0,4.796,104.54,0.480951787044,4.265092,6,P-GPS,
166400,2026-05-22 09:18:22,51.9885551076694,4.39017255781926,4.265092,,,0.480951787044,2.624672,8.0753534,97.01936006,263.11844674,26,5,7.615,3.105623787044,6.889764,8.388525,97.01936006,-6.039738,5.368656,0,138.7, -16.4, 0.9,,,0,0,1676,1024,1024,1024,99,0,0,0,158.7,0,1,70,3.801,3.802,0,0,0,0,4.796,104.54,0.480951787044,4.265092,6,P-GPS,
166500,2026-05-22 09:18:22,51.9885519555833,4.39017613173638,4.265092,,,0.480951787044,2.624672,7.7621818,98.376315484,264.521333924,26,5,7.615,3.105623787044,6.889764,8.388525,98.376315484,-5.816044,5.144962,0,138.7, -18.2, 0.5,,,0,0,1667,1024,1024,1024,97,0,0,0,158.7,0,0.8,70,3.801,3.802,0,0,0,0,4.796,104.54,0.480951787044,4.265092,6,P-GPS,
166600,2026-05-22 09:18:22,51.9885495684908,4.39017957334081,4.265092,,,0.480951787044,2.624672,7.7621818,99.462929692,265.686032124,26,5,7.615,3.105623787044,6.889764,8.388525,99.462929692,-5.816044,5.144962,0,138.8, -19.2, 0.3,,,0,0,1667,1024,1024,1024,97,0,0,0,158.6,0,0.5,70,3.801,3.802,0,0,0,0,4.796,104.54,0.480951787044,4.265092,6,P-GPS,
166700,2026-05-22 09:18:22,51.9885471937004,4.3901829195677,4.265092,,,0.480951787044,2.624672,7.6279654,100.53970138,266.833013788,26,5,7.615,3.105623787044,6.889764,8.388525,100.53970138,-5.816044,4.921268,0,138.8, -20.7, 0,,,0,0,1662,1024,1024,1024,97,0,0,0,158.5,0,0,70,3.801,3.802,0,0,0,0,4.796,104.54,0.480951787044,4.265092,6,P-GPS,
166800,2026-05-22 09:18:22,51.988544150226,4.39018633963707,4.265092,,,0.480951787044,2.624672,7.6279654,101.851381212,268.183407532,26,5,7.615,3.105623787044,6.889764,8.388525,101.851381212,-5.816044,4.921268,0,138.8, -20.9, -0.6,,,0,0,1640,1024,1024,1024,93,0,0,0,158.5,0,0,70,3.801,3.802,0,0,0,0,4.796,104.54,0.480951787044,4.265092,6,P-GPS,
166900,2026-05-22 09:18:22,51.9885417404311,4.3901896514468,4.265092,,,0.480951787044,2.952756,7.6279654,102.93963584,269.335310456,26,5,7.643,3.105623787044,6.889764,8.388525,102.93963584,-5.816044,4.921268,0,139, -21.5, -0.3,,,0,0,1594,1024,1024,1024,86,0,0,0,158.6,0,0,70,3.812,3.809,0,0,0,0,4.414,104.54,0.480951787044,4.265092,6,P-GPS,
167000,2026-05-22 09:18:22,51.9885385601084,4.39019307887537,4.265092,,,0.480951787044,2.952756,7.6279654,104.300856356,270.727698952,26,5,7.643,3.105623787044,6.889764,8.388525,104.300856356,-5.816044,4.921268,0,139, -20.3, -0.7,,,0,0,1445,1024,1024,1024,64,0,0,0,158.5,0,-0.4,70,3.812,3.809,0,0,0,0,4.414,104.54,0.480951787044,4.265092,6,P-GPS,
167100,2026-05-22 09:18:22,51.9885361303696,4.39019639377347,4.265092,,,0.480951787044,2.952756,7.6279654,105.39862542,271.885835472,26,5,7.643,3.105623787044,6.889764,8.388525,105.39862542,-5.816044,4.921268,0,139.1, -18.5, -0.8,,,0,0,1397,1024,1024,1024,57,0,0,0,158.5,0,-0.5,70,3.812,3.809,0,0,0,0,4.414,104.54,0.480951787044,4.265092,6,P-GPS,
167200,2026-05-22 09:18:22,51.988533264762,4.39019983427889,4.265092,,,0.480951787044,2.952756,7.6279654,106.655843308,273.186032364,26,5,7.643,3.105623787044,6.889764,8.388525,106.655843308,-5.816044,4.921268,0,139, -15.5, -1.4,,,0,0,1432,1024,1024,1024,62,0,0,0,158.3,0,-1,70,3.812,3.809,0,0,0,0,4.414,104.54,0.480951787044,4.265092,6,P-GPS,
167300,2026-05-22 09:18:22,51.9885309308017,4.39020308266591,4.265092,,,0.480951787044,2.952756,7.2924244,107.7181793,274.307423476,26,5,7.643,3.105623787044,6.889764,8.388525,107.7181793,-5.59235,4.697574,0,138.9, -14.4, -1.3,,,0,0,1443,1024,1024,1024,63,0,0,0,158.5,0,-0.2,70,3.812,3.809,0,0,0,0,4.414,104.54,0.480951787044,4.265092,6,P-GPS,
167400,2026-05-22 09:18:23,51.9885283250294,4.39020664635804,4.265092,,,0.480951787044,2.952756,7.1358386,108.900265952,275.550533752,26,5,7.643,3.105623787044,6.889764,8.388525,108.900265952,-5.368656,4.697574,0,139, -15.8, -0.6,,,0,0,1518,1024,1024,1024,75,0,0,0,158.5,0,-0.2,70,3.812,3.809,0,0,0,0,4.414,104.54,0.480951787044,4.265092,6,P-GPS,
167500,2026-05-22 09:18:23,51.9885260816388,4.3902097754814,4.265092,,,0.480951787044,2.952756,6.9792528,109.923888032,276.629602028,26,5,7.643,3.105623787044,6.889764,8.388525,109.923888032,-5.368656,4.47388,0,138.9, -16.1, -0.8,,,0,0,1518,1024,1024,1024,75,0,0,0,158.4,0,-0.5,70,3.812,3.809,0,0,0,0,4.414,104.54,0.480951787044,4.265092,6,P-GPS,
167600,2026-05-22 09:18:23,51.9885233753763,4.39021389734637,4.265092,,,0.480951787044,2.952756,6.822667,111.190620356,277.983276612,26,5,7.643,3.105623787044,6.889764,8.388525,111.190620356,-5.144962,4.47388,0,138.9, -17.6, -0.9,,,0,0,1526,1024,1024,1024,76,0,0,0,158.5,0,-0.2,70,3.812,3.809,0,0,0,0,4.414,104.54,0.480951787044,4.265092,6,P-GPS,
167700,2026-05-22 09:18:23,51.9885212484789,4.39021683437914,4.265092,,,0.480951787044,2.952756,6.822667,112.161092828,279.001649348,26,5,7.643,3.105623787044,6.889764,8.388525,112.161092828,-5.144962,4.47388,0,139, -18.6, -0.8,,,0,0,1511,1024,1024,1024,74,0,0,0,158.5,0,-0.5,70,3.812,3.809,0,0,0,0,4.414,104.54,0.480951787044,4.265092,6,P-GPS,
167800,2026-05-22 09:18:23,51.988518579397,4.39022132239592,4.265092,,,0.480951787044,2.952756,6.6660812,113.450791032,280.40355228,26,5,7.643,3.105623787044,6.889764,8.388525,113.450791032,-5.144962,4.250186,0,139.1, -18.7, -1.3,,,0,0,1508,1024,1024,1024,73,0,0,0,158.3,0,-1,70,3.812,3.809,0,0,0,0,4.414,104.54,0.480951787044,4.265092,6,P-GPS,
167900,2026-05-22 09:18:23,51.9885163131326,4.39022441537708,4.265092,,,0.480951787044,2.952756,6.822667,114.483927548,281.483604808,26,5,7.624,3.105623787044,6.889764,8.388525,114.483927548,-5.144962,4.47388,0,139, -17.6, -1.5,,,0,0,1505,1024,1024,1024,73,0,0,0,158.3,0,-1,70,3.806,3.804,0,0,0,0,4.49,104.54,0.480951787044,4.265092,6,P-GPS,
168000,2026-05-22 09:18:23,51.9885136565241,4.39022930531225,4.265092,,,0.480951787044,3.28084,6.822667,115.809386908,282.948827952,25,5,7.624,3.105623787044,6.889764,8.388525,115.809386908,-5.144962,4.47388,0,139, -16.4, -1.4,,,0,0,1507,1024,1024,1024,73,0,0,0,158.5,0,-0.5,70,3.806,3.804,0,0,0,0,4.49,104.54,0.480951787044,4.265092,6,P-GPS,
168100,2026-05-22 09:18:23,51.9885111867777,4.39023379376029,4.265092,,,0.480951787044,3.28084,6.822667,117.039701908,284.3011902,25,5,7.624,3.105623787044,6.889764,8.388525,117.039701908,-5.144962,4.47388,0,139, -16.2, -1.1,,,0,0,1507,1024,1024,1024,73,0,0,0,158.4,0,-0.6,70,3.806,3.804,0,0,0,0,4.49,104.54,0.480951787044,4.265092,6,P-GPS,
168200,2026-05-22 09:18:23,51.9885090971637,4.39023671568513,4.265092,,,0.480951787044,3.28084,6.6660812,118.002300364,285.307423828,25,5,7.624,3.105623787044,6.889764,8.388525,118.002300364,-5.144962,4.250186,0,139, -16.1, -1.2,,,0,0,1499,1024,1024,1024,72,0,0,0,158.3,0,-0.8,70,3.806,3.804,0,0,0,0,4.49,104.54,0.480951787044,4.265092,6,P-GPS,
168300,2026-05-22 09:18:24,51.9885070313658,4.39023961409945,4.265092,,,0.480951787044,3.28084,6.5094954,118.956040552,286.303486852,25,5,7.624,3.105623787044,6.889764,8.388525,118.956040552,-4.921268,4.250186,0,138.9, -15.5, -1.2,,,0,0,1499,1024,1024,1024,72,0,0,0,158.4,0,-0.2,70,3.806,3.804,0,0,0,0,4.49,104.54,0.480951787044,4.265092,6,P-GPS,
168400,2026-05-22 09:18:24,51.9885045483578,4.39024368077733,4.265092,,,0.480951787044,3.608924,6.5094954,120.156827992,287.5902323,25,5,7.624,3.105623787044,6.889764,8.388525,120.156827992,-4.921268,4.250186,0,138.9, -16.2, -0.5,,,0,0,1491,1024,1024,1024,71,0,0,0,158.6,0,0,70,3.806,3.804,0,0,0,0,4.49,104.54,0.480951787044,4.265092,6,P-GPS,
168500,2026-05-22 09:18:24,51.9885024032642,4.39024676429865,4.265092,,,0.480951787044,3.608924,6.5094954,121.155515688,288.63517984,25,5,7.624,3.105623787044,6.889764,8.388525,121.155515688,-4.921268,4.250186,0,138.9, -15.1, -0.5,,,0,0,1489,1024,1024,1024,70,0,0,0,158.5,0,0,70,3.806,3.804,0,0,0,0,4.49,104.54,0.480951787044,4.265092,6,P-GPS,
168600,2026-05-22 09:18:24,51.9884999041504,4.39025048391136,4.265092,,,0.480951787044,3.608924,6.3305402,122.332024912,289.87205652,26,5,7.624,3.105623787044,6.889764,8.388525,122.332024912,-4.697574,4.250186,0,138.9, -14.1, -0.5,,,0,0,1479,1024,1024,1024,69,0,0,0,158.5,0,0.1,70,3.806,3.804,0,0,0,0,4.49,104.54,0.480951787044,4.265092,6,P-GPS,
168700,2026-05-22 09:18:24,51.9884979593862,4.39025330166656,4.265092,,,0.480951787044,3.608924,6.3305402,123.241145676,290.823172036,26,5,7.624,3.105623787044,6.889764,8.388525,123.241145676,-4.697574,4.250186,0,138.9, -13.9, -0.5,,,0,0,1433,1024,1024,1024,62,0,0,0,158.4,0,0,70,3.806,3.804,0,0,0,0,4.49,104.54,0.480951787044,4.265092,6,P-GPS,
168800,2026-05-22 09:18:24,51.9884958829309,4.39025570736186,4.265092,,,0.480951787044,3.608924,6.0173686,124.155515784,291.75361826,26,5,7.624,3.105623787044,6.889764,8.388525,124.155515784,-4.47388,4.026492,0,138.9, -13.5, -0.4,,,0,0,1416,1024,1024,1024,59,0,0,0,158.6,0,0.5,70,3.806,3.804,0,0,0,0,4.49,104.54,0.480951787044,4.265092,6,P-GPS,
168900,2026-05-22 09:18:24,51.9884939771292,4.39025849266143,4.265092,,,0.480951787044,3.608924,6.0173686,125.049872768,292.689313828,26,5,7.61,3.105623787044,6.889764,8.388525,125.049872768,-4.47388,4.026492,0,138.9, -12.4, 0,,,0,0,1389,1024,1024,1024,55,0,0,0,158.5,0,0.3,70,3.812,3.811,0,0,0,0,4.679,104.54,0.480951787044,4.265092,6,P-GPS,
169000,2026-05-22 09:18:24,51.988491675055,4.39026113894295,4.265092,,,0.480951787044,3.608924,6.0173686,126.062339992,293.718185252,26,5,7.61,3.105623787044,6.889764,8.388525,126.062339992,-4.47388,4.026492,0,138.9, -11.1, -0.4,,,0,0,1212,1024,1024,1024,28,0,0,0,158.4,0,0,70,3.812,3.811,0,0,0,0,4.679,104.54,0.480951787044,4.265092,6,P-GPS,
169100,2026-05-22 09:18:24,51.9884893958374,4.3902635202374,4.265092,,,0.480951787044,3.608924,5.8607828,127.0423269,294.707030428,28,5,7.61,3.105623787044,6.889764,8.388525,127.0423269,-4.47388,3.802798,0,138.9, -9.7, -0.5,,,0,0,1173,1024,1024,1024,23,0,0,0,158.4,0,0,70,3.812,3.811,0,0,0,0,4.679,104.54,0.480951787044,4.265092,6,P-GPS,
169200,2026-05-22 09:18:24,51.9884875896178,4.39026600163932,4.265092,,,0.480951787044,3.608924,5.5476112,127.87566026,295.570219432,28,5,7.61,3.105623787044,6.889764,8.388525,127.87566026,-4.250186,3.579104,0,138.9, -7.2, -0.8,,,0,0,1173,1024,1024,1024,23,0,0,0,158.3,0,-0.6,70,3.812,3.811,0,0,0,0,4.679,104.54,0.480951787044,4.265092,6,P-GPS,
169300,2026-05-22 09:18:25,51.9884858833915,4.39026832984732,4.265092,,,0.480951787044,3.608924,5.2344396,128.661749524,296.383539668,28,5,7.61,3.105623787044,6.889764,8.388525,128.661749524,-4.026492,3.35541,0,138.8, -6.1, -1.2,,,0,0,1138,1024,1024,1024,17,0,0,0,158.4,0,-0.4,70,3.812,3.811,0,0,0,0,4.679,104.54,0.480951787044,4.265092,6,P-GPS,
169400,2026-05-22 09:18:25,51.9884841262776,4.39027018553586,4.265092,,,0.480951787044,3.937008,4.921268,129.419623564,297.148303472,28,5,7.61,3.105623787044,6.889764,8.388525,129.419623564,-3.802798,3.131716,0,138.9, -7.3, -1,,,0,0,1078,1024,1024,1024,8,0,0,0,158.4,0,-0.6,70,3.812,3.811,0,0,0,0,4.679,104.54,0.480951787044,4.265092,6,P-GPS,
169500,2026-05-22 09:18:25,51.9884826271314,4.39027219458524,4.265092,,,0.480951787044,3.937008,4.6080964,130.107287628,297.857292996,28,5,7.61,3.105623787044,6.889764,8.388525,130.107287628,-3.579104,2.908022,0,138.9, -7.8, -1.5,,,0,0,1182,1024,1024,1024,24,0,0,0,158.3,0,-1,70,3.812,3.811,0,0,0,0,4.679,104.54,0.480951787044,4.265092,6,P-GPS,
169600,2026-05-22 09:18:25,51.9884809217275,4.39027413705398,4.265092,,,0.480951787044,3.937008,4.2949248,130.856631484,298.617463624,26,5,7.61,3.105623787044,6.889764,8.388525,130.856631484,-3.35541,2.684328,0,138.9, -8.2, -1.6,,,0,0,1195,1024,1024,1024,26,0,0,0,158.3,0,-1,70,3.812,3.811,0,0,0,0,4.679,104.54,0.480951787044,4.265092,6,P-GPS,
169700,2026-05-22 09:18:25,51.9884795986834,4.39027596405692,4.265092,,,0.480951787044,3.937008,4.1159696,131.469164312,299.250993828,26,5,7.61,3.105623787044,6.889764,8.388525,131.469164312,-3.131716,2.684328,0,138.9, -9.6, -1.4,,,0,0,1024,1024,1024,1024,0,0,0,0,158.3,0,-0.3,70,3.812,3.811,0,0,0,0,4.679,104.54,0.480951787044,4.265092,6,P-GPS,
169800,2026-05-22 09:18:25,51.988478140727,4.39027726050143,4.265092,,,0.480951787044,3.937008,3.9593838,132.074807376,299.857621144,26,5,7.61,3.105623787044,6.889764,8.388525,132.074807376,-2.908022,2.684328,0,138.9, -9.1, -0.6,,,0,0,1024,1024,1024,1024,0,0,0,0,158.5,0,0.3,70,3.812,3.811,0,0,0,0,4.679,104.54,0.480951787044,4.265092,6,P-GPS,
169900,2026-05-22 09:18:25,51.988476925969,4.39027903845226,4.265092,,,0.480951787044,3.937008,3.802798,132.646985872,300.454077856,26,5,7.618,3.105623787044,6.889764,8.388525,132.646985872,-2.908022,2.460634,0,138.9, -8.8, -0.3,,,0,0,1024,1024,1024,1024,0,0,0,0,158.5,0,0.2,70,3.814,3.811,0,0,0,0,4.687,104.54,0.480951787044,4.265092,6,P-GPS,
170000,2026-05-22 09:18:25,51.9884753975239,4.3902800449524,4.265092,,,0.480951787044,3.937008,3.4896264,133.247707676,301.055783912,26,5,7.618,3.105623787044,6.889764,8.388525,133.247707676,-2.684328,2.23694,0,139, -8.5, -0.4,,,0,0,1024,1024,1024,1024,0,0,0,0,158.5,0,-0.5,70,3.814,3.811,0,0,0,0,4.687,104.54,0.480951787044,4.265092,6,P-GPS,
170100,2026-05-22 09:18:25,51.9884742652484,4.39028155680324,4.265092,,,0.480951787044,3.937008,3.35541,133.767064648,301.590888916,26,5,7.618,3.105623787044,6.889764,8.388525,133.767064648,-2.684328,2.013246,0,138.9, -4, -1.5,,,0,0,1024,1024,1024,1024,0,0,0,0,158.3,0,-1.7,70,3.814,3.811,0,0,0,0,4.687,104.54,0.480951787044,4.265092,6,P-GPS,
170200,2026-05-22 09:18:25,51.9884729741076,4.39028263302802,4.265092,,,0.480951787044,4.265092,2.8632832,134.29626414,302.120416492,26,5,7.618,3.105623787044,6.889764,8.388525,134.29626414,-2.23694,1.789552,0,138.7, 1.8, -2.4,,,0,0,1024,1024,1024,1024,0,0,0,0,158.3,0,-1.7,70,3.814,3.811,0,0,0,0,4.687,104.54,0.480951787044,4.265092,6,P-GPS,
170300,2026-05-22 09:18:26,51.9884721384538,4.39028373957997,4.265092,,,0.480951787044,4.265092,2.3711564,134.678810084,302.513789208,26,5,7.618,3.105623787044,6.889764,8.388525,134.678810084,-1.789552,1.565858,0,138.7, 4.3, -2.3,,,0,0,1024,1024,1024,1024,0,0,0,0,158.3,0,-1.3,70,3.814,3.811,0,0,0,0,4.687,104.54,0.480951787044,4.265092,6,P-GPS,
170400,2026-05-22 09:18:26,51.9884714552917,4.3902843958431,4.265092,,,0.480951787044,4.265092,1.7448132,134.967524004,302.803159296,25,5,7.618,3.105623787044,6.889764,8.388525,134.967524004,-1.342164,1.11847,0,138.7, 2.1, -1.7,,,0,0,1024,1024,1024,1024,0,0,0,0,158.3,0,-0.8,70,3.814,3.811,0,0,0,0,4.687,104.54,0.480951787044,4.265092,6,P-GPS,
170500,2026-05-22 09:18:26,51.9884709811286,4.39028508516005,4.265092,,,0.480951787044,4.265092,1.2750558,135.190621124,303.035442768,25,5,7.618,3.105623787044,6.889764,8.388525,135.190621124,-0.894776,0.894776,0,138.8, 0.8, -1,,,0,0,1024,1024,1024,1024,0,0,0,0,158.4,0,0.1,70,3.814,3.811,0,0,0,0,4.687,104.54,0.480951787044,4.265092,6,P-GPS,
170600,2026-05-22 09:18:26,51.9884703844926,4.39028505402602,4.265092,,,0.480951787044,4.265092,0.9395148,135.383534516,303.253290544,27,5,7.618,3.105623787044,6.889764,8.388525,135.383534516,-0.671082,0.671082,0,138.9, 0.3, -0.4,,,0,0,1024,1024,1024,1024,0,0,0,0,158.3,0,0.2,70,3.814,3.811,0,0,0,0,4.687,104.54,0.480951787044,4.265092,6,P-GPS,
170700,2026-05-22 09:18:26,51.9884701265591,4.39028552034094,4.265092,,,0.480951787044,4.265092,0.8052984,135.513783864,303.39403858,27,5,7.618,3.105623787044,6.889764,8.388525,135.513783864,-0.447388,0.671082,0,138.9, -0.1, 0,,,0,0,1024,1024,1024,1024,0,0,0,0,158.3,0,0.7,70,3.814,3.811,0,0,0,0,4.687,104.54,0.480951787044,4.265092,6,P-GPS,
170800,2026-05-22 09:18:26,51.9884698029343,4.39028550350797,4.265092,,,0.480951787044,4.265092,0.4921268,135.618770744,303.51214882,27,5,7.618,3.105623787044,6.889764,8.388525,135.618770744,-0.223694,0.447388,0,138.9, -0.7, 0.1,,,0,0,1024,1024,1024,1024,0,0,0,0,158.4,0,1,70,3.814,3.811,0,0,0,0,4.687,104.54,0.480951787044,4.265092,6,P-GPS,
170900,2026-05-22 09:18:26,51.9884697019472,4.39028577405966,4.265092,,,0.480951787044,4.265092,0.3131716,135.678153948,303.583343048,27,5,7.621,3.105623787044,6.889764,8.388525,135.678153948,-0.223694,0.223694,0,138.9, -1.3, 0.4,,,0,0,1024,1024,1024,1024,0,0,0,0,158.3,0,0.7,70,3.81,3.809,0,0,0,0,4.738,104.72,0.480951787044,4.265092,6,P-GPS,
171000,2026-05-22 09:18:26,51.9884697996789,4.3902857625409,4.265092,,,0.480951787044,4.265092,0,135.645017464,303.619104204,26,5,7.621,3.105623787044,6.889764,8.388525,135.678153948,0,0,0,138.8, -2.2, -0.1,,,0,0,1024,1024,1024,1024,0,0,0,0,158.2,0,0.3,70,3.81,3.809,0,0,0,0,4.738,104.72,0.480951787044,4.265092,6,P-GPS,
171100,2026-05-22 09:18:26,51.9884698432675,4.39028578268482,4.265092,,,0.480951787044,4.265092,0,135.632550272,303.635508404,26,5,7.621,3.105623787044,6.889764,8.388525,135.678153948,0,0,0,138.8, -3.2, 0,,,0,0,1024,1024,1024,1024,0,0,0,0,158.4,0,0.9,70,3.81,3.809,0,0,0,0,4.738,104.72,0.480951787044,4.265092,6,P-GPS,
171200,2026-05-22 09:18:26,51.9884700228306,4.39028570692255,4.265092,,,0.480951787044,4.265092,0,135.566277304,303.703421792,26,5,7.621,3.105623787044,6.889764,8.388525,135.678153948,0,0,0,138.9, -4, 0.3,,,0,0,1024,1024,1024,1024,0,0,0,0,158.4,0,0.5,70,3.81,3.809,0,0,0,0,4.738,104.72,0.480951787044,4.265092,6,P-GPS,
171300,2026-05-22 09:18:27,51.9884701087056,4.39028561057121,4.265092,,,0.480951787044,4.265092,0,135.528547644,303.741479536,26,5,7.621,3.105623787044,6.889764,8.388525,135.678153948,0,0,0,138.9, -4.3, 0,,,0,0,1024,1024,1024,1024,0,0,0,0,158.4,0,0.7,70,3.81,3.809,0,0,0,0,4.738,104.72,0.480951787044,4.265092,6,P-GPS,
171400,2026-05-22 09:18:27,51.9884702303219,4.39028552448658,4.265092,,,0.480951787044,4.265092,0,135.480319296,303.789707884,26,5,7.621,3.105623787044,6.889764,8.388525,135.678153948,0,0,0,138.9, -2.9, 0,,,0,0,1024,1024,1024,1024,0,0,0,0,158.3,0,0.1,70,3.81,3.809,0,0,0,0,4.738,104.72,0.480951787044,4.265092,6,P-GPS,
171500,2026-05-22 09:18:27,51.9884703545768,4.3902853181784,4.265092,,,0.480951787044,4.265092,0.3131716,135.419295672,303.854668516,26,5,7.621,3.105623787044,6.889764,8.388525,135.678153948,0.223694,-0.223694,0,138.8, -4.7, -0.6,,,0,0,1024,1024,1024,1024,0,0,0,0,158.2,0,-0.5,70,3.81,3.809,0,0,0,0,4.738,104.72,0.480951787044,4.265092,6,P-GPS,
171600,2026-05-22 09:18:27,51.9884704169784,4.39028499045027,4.265092,,,0.480951787044,4.265092,0.3131716,135.366802232,303.931768256,25,5,7.621,3.105623787044,6.889764,8.388525,135.678153948,0.223694,-0.223694,0,138.9, -6.4, -1,,,0,0,1024,1024,1024,1024,0,0,0,0,158.4,0,-0.3,70,3.81,3.809,0,0,0,0,4.738,104.72,0.480951787044,4.265092,6,P-GPS,
171700,2026-05-22 09:18:27,51.988470551822,4.39028479346282,4.265092,,,0.480951787044,4.265092,0.3131716,135.303153936,303.99771314,25,5,7.621,3.105623787044,6.889764,8.388525,135.678153948,0,-0.223694,0,138.9, -7.1, -0.7,,,0,0,1024,1024,1024,1024,0,0,0,0,158.4,0,0,70,3.81,3.809,0,0,0,0,4.738,104.72,0.480951787044,4.265092,6,P-GPS,
171800,2026-05-22 09:18:27,51.9884708331604,4.39028461163895,4.265092,,,0.480951787044,4.265092,0,135.192917712,304.108277448,25,5,7.621,3.105623787044,6.889764,8.388525,135.678153948,0,0,0,138.9, -7.4, -0.7,,,0,0,1024,1024,1024,1024,0,0,0,0,158.3,0,-0.6,70,3.81,3.809,0,0,0,0,4.738,104.72,0.480951787044,4.265092,6,P-GPS,
171900,2026-05-22 09:18:27,51.988470929727,4.39028443613093,4.265092,,,0.480951787044,4.265092,0,135.144033196,304.161098972,25,5,7.611,3.105623787044,6.889764,8.388525,135.678153948,0,0,0,138.9, -7.5, -1.4,,,0,0,1024,1024,1024,1024,0,0,0,0,158.3,0,-1.2,70,3.807,3.804,0,0,0,0,4.87,104.72,0.480951787044,4.265092,6,P-GPS,
172000,2026-05-22 09:18:27,51.9884709135526,4.39028427959825,4.265092,,,0.480951787044,4.265092,0,135.134190676,304.196860128,26,5,7.611,3.105623787044,6.889764,8.388525,135.678153948,0,0,0,138.9, -7.4, -1.9,,,0,0,1024,939,1024,1024,0,-13,0,0,158.3,0,-1.2,70,3.807,3.804,0,0,0,0,4.87,104.72,0.480951787044,4.265092,6,P-GPS,
172100,2026-05-22 09:18:27,51.9884709583063,4.39028440764009,4.265092,,,0.480951787044,4.265092,0,135.131894088,304.229996612,26,5,7.611,3.105623787044,6.889764,8.388525,135.678153948,0,0,0,138.9, -7.5, -2,,,0,0,1024,1024,1024,1024,0,0,0,0,158.3,0,-1.5,70,3.807,3.804,0,0,0,0,4.87,104.72,0.480951787044,4.265092,6,P-GPS,
172200,2026-05-22 09:18:27,51.9884709801691,4.39028432364219,4.265092,,,0.480951787044,4.265092,0,135.116802224,304.25033782,26,5,7.611,3.105623787044,6.889764,8.388525,135.678153948,0,0,0,139, -7, -1.9,,,0,0,1024,1024,1024,1024,0,0,0,0,158.4,0,-1.1,70,3.807,3.804,0,0,0,0,4.87,104.72,0.480951787044,4.265092,6,P-GPS,
172300,2026-05-22 09:18:27,51.9884709879822,4.39028427022187,4.265092,,,0.480951787044,4.265092,0,135.108928208,304.262805012,26,5,7.611,3.105623787044,6.889764,8.388525,135.678153948,0,0,0,139, -6.4, -1.5,,,0,0,1024,1024,1024,1024,0,0,0,0,158.4,0,-1.1,70,3.807,3.804,0,0,0,0,4.87,104.72,0.480951787044,4.265092,6,P-GPS,
172400,2026-05-22 09:18:28,51.9884711144302,4.39028426045596,4.265092,,,0.480951787044,4.265092,0,135.066277288,304.309064856,26,5,7.611,3.105623787044,6.889764,8.388525,135.678153948,0,0,0,139, -6.2, -1.6,,,0,0,1024,1024,1024,1024,0,0,0,0,158.4,0,-1.2,70,3.807,3.804,0,0,0,0,4.87,104.72,0.480951787044,4.265092,6,P-GPS,
172500,2026-05-22 09:18:28,51.9884710945206,4.3902842003581,4.265092,,,0.480951787044,4.265092,0,135.066933456,304.32415672,26,5,7.611,3.105623787044,6.889764,8.388525,135.678153948,0,0,0,139.1, -5.9, -2,,,0,0,1287,1024,1024,1024,40,0,0,0,158.3,0,-2,70,3.807,3.804,0,0,0,0,4.87,104.72,0.480951787044,4.265092,6,P-GPS,
172600,2026-05-22 09:18:28,51.988470944188,4.39028414101146,4.265092,,,0.480951787044,4.265092,0,135.110568628,304.380587168,27,5,7.611,3.105623787044,6.889764,8.388525,135.678153948,0,0,0,139, -5.7, -2.7,,,0,0,1684,1024,1024,1024,100,0,0,0,158.1,0,-2.3,70,3.807,3.804,0,0,0,0,4.87,104.72,0.480951787044,4.265092,6,P-GPS,
172700,2026-05-22 09:18:28,51.9884708995713,4.39028407907727,4.265092,,,0.480951787044,4.265092,0.223694,135.119426896,304.402240712,27,5,7.611,3.105623787044,6.889764,8.388525,135.678153948,-0.223694,0,0,139, -11.1, -3.2,,,0,0,1684,1024,1024,1024,100,0,0,0,157.8,0,-2.9,70,3.807,3.804,0,0,0,0,4.87,104.72,0.480951787044,4.265092,6,P-GPS,
172800,2026-05-22 09:18:28,51.9884706452702,4.39028414988702,4.265092,,,0.480951787044,4.265092,0.223694,135.20997808,304.49640082,27,5,7.611,3.105623787044,6.889764,8.388525,135.678153948,-0.223694,0,0,139.2, -17.4, -3.4,,,0,0,1684,1024,1024,1024,100,0,0,0,158,0,-2.5,70,3.807,3.804,0,0,0,0,4.87,104.72,0.480951787044,4.265092,6,P-GPS,
172900,2026-05-22 09:18:28,51.9884704357571,4.39028441061716,4.593176,,,0.809035787044,4.265092,0.8052984,135.304138188,304.592529432,27,5,7.614,3.105623787044,6.889764,8.388525,135.678153948,-0.671082,0.447388,0,139.3, -18, -2.9,,,0,0,1684,1024,1024,1024,100,0,0,0,158.1,0,-2.1,69,3.806,3.804,0,0,0,0,4.829,104.72,0.809035787044,4.593176,6,P-GPS,
173000,2026-05-22 09:18:28,51.9884699992201,4.39028508421407,4.593176,,,0.809035787044,4.265092,1.11847,135.513127696,304.812345712,27,5,7.614,3.105623787044,6.889764,8.388525,135.678153948,-0.894776,0.671082,0,139.2, -17.8, -2.2,,,0,0,1684,1024,1024,1024,100,0,0,0,158.2,0,-1.6,69,3.806,3.804,0,0,0,0,4.829,104.72,0.809035787044,4.593176,6,P-GPS,
173100,2026-05-22 09:18:28,51.9884695308825,4.39028575647547,4.593176,,,0.809035787044,4.265092,1.5882274,135.732615892,305.040364092,27,5,7.614,3.105623787044,6.889764,8.388525,135.732615892,-1.11847,1.11847,0,139.2, -17.5, -2.1,,,0,0,1684,1024,1024,1024,100,0,0,0,158.2,0,-1.7,69,3.806,3.804,0,0,0,0,4.829,104.72,0.809035787044,4.593176,6,P-GPS,
173200,2026-05-22 09:18:28,51.9884688639975,4.39028674989875,4.593176,,,0.809035787044,4.265092,2.0579848,136.048888868,305.370416596,27,5,7.614,3.105623787044,6.889764,8.388525,136.048888868,-1.565858,1.342164,0,139.2, -17.6, -2.4,,,0,0,1684,1024,1024,1024,100,0,0,0,158.1,0,-2,69,3.806,3.804,0,0,0,0,4.829,104.72,0.809035787044,4.593176,6,P-GPS,
173300,2026-05-22 09:18:28,51.9884681781282,4.39028769438122,4.593176,,,0.809035787044,4.265092,2.23694,136.36647418,305.698500596,27,5,7.614,3.105623787044,6.889764,8.388525,136.36647418,-1.789552,1.342164,0,139.2, -17.8, -2.6,,,0,0,1684,1024,1024,1024,100,0,0,0,158,0,-2.2,69,3.806,3.804,0,0,0,0,4.829,104.72,0.809035787044,4.593176,6,P-GPS,
173400,2026-05-22 09:18:29,51.9884673397331,4.39028892825161,4.593176,,,0.809035787044,4.265092,2.5501116,136.762471568,306.111558352,26,5,7.614,3.105623787044,6.889764,8.388525,136.762471568,-2.013246,1.565858,0,139.2, -18, -2.7,,,0,0,1684,1024,1024,1024,100,0,0,0,158.1,0,-1.9,69,3.806,3.804,0,0,0,0,4.829,104.72,0.809035787044,4.593176,6,P-GPS,
173500,2026-05-22 09:18:29,51.9884664886246,4.39029014158857,4.593176,,,0.809035787044,4.265092,2.8632832,137.160765544,306.524616108,26,5,7.614,3.105623787044,6.889764,8.388525,137.160765544,-2.23694,1.789552,0,139.2, -18, -2.3,,,0,0,1684,1024,1024,1024,100,0,0,0,158.1,0,-1.8,69,3.806,3.804,0,0,0,0,4.829,104.72,0.809035787044,4.593176,6,P-GPS,
173600,2026-05-22 09:18:29,51.9884657534097,4.3902915042242,4.593176,,,0.809035787044,4.265092,3.1764548,137.53609364,306.931768352,26,5,7.614,3.105623787044,6.889764,8.388525,137.53609364,-2.460634,2.013246,0,139.2, -18.1, -2.1,,,0,0,1684,1024,1024,1024,100,0,0,0,158.3,0,-1.6,69,3.806,3.804,0,0,0,0,4.829,104.72,0.809035787044,4.593176,6,P-GPS,
173700,2026-05-22 09:18:29,51.9884647502552,4.39029295881513,4.593176,,,0.809035787044,4.265092,3.3330406,138.008206516,307.422582016,26,5,7.614,3.105623787044,6.889764,8.388525,138.008206516,-2.460634,2.23694,0,139.2, -18.4, -2.4,,,0,0,1651,1024,1024,1024,95,0,0,0,158.1,0,-2.2,69,3.806,3.804,0,0,0,0,4.829,104.72,0.809035787044,4.593176,6,P-GPS,
173800,2026-05-22 09:18:29,51.988463662939,4.39029469489222,4.593176,,,0.809035787044,4.265092,3.6462122,138.535765588,307.978684396,26,5,7.614,3.105623787044,6.889764,8.388525,138.535765588,-2.684328,2.460634,0,139.3, -19.7, -2.7,,,0,0,1024,1024,1024,1024,0,0,0,0,157.9,0,-2.3,69,3.806,3.804,0,0,0,0,4.829,104.72,0.809035787044,4.593176,6,P-GPS,
173900,2026-05-22 09:18:29,51.9884624940312,4.39029638358659,4.593176,,,0.809035787044,4.265092,3.9593838,139.085634372,308.549550556,26,5,7.603,3.105623787044,6.889764,8.388525,139.085634372,-2.908022,2.684328,0,139.1, -14.8, -2.6,,,0,0,1024,1024,1024,1024,0,0,0,0,158.4,0,-1.3,69,3.807,3.805,0,0,0,0,5.048,104.72,0.809035787044,4.593176,6,P-GPS,
174000,2026-05-22 09:18:29,51.9884610962491,4.39029822719991,4.593176,,,0.809035787044,4.265092,3.9593838,139.72605434,309.206702808,26,5,7.603,3.105623787044,6.889764,8.388525,139.72605434,-2.908022,2.684328,0,139, -5.6, -1.6,,,0,0,1024,1024,1024,1024,0,0,0,0,158.4,0,-1.2,69,3.807,3.805,0,0,0,0,5.048,104.72,0.809035787044,4.593176,6,P-GPS,
174100,2026-05-22 09:18:29,51.9884599593817,4.390299885901,4.593176,,,0.809035787044,4.265092,3.6462122,140.263127848,309.764117524,26,5,7.603,3.105623787044,6.889764,8.388525,140.263127848,-2.684328,2.460634,0,138.9, -4.9, -1.9,,,0,0,1024,1024,1024,1024,0,0,0,0,158.3,0,-1.4,69,3.807,3.805,0,0,0,0,5.048,104.72,0.809035787044,4.593176,6,P-GPS,
174200,2026-05-22 09:18:29,51.9884587065522,4.39030137474215,4.593176,,,0.809035787044,4.265092,3.3330406,140.820870648,310.330718592,26,5,7.603,3.105623787044,6.889764,8.388525,140.820870648,-2.460634,2.23694,0,138.9, -2.9, -1.8,,,0,0,1024,1024,1024,1024,0,0,0,0,158.4,0,-1.2,69,3.807,3.805,0,0,0,0,5.048,104.72,0.809035787044,4.593176,6,P-GPS,
174300,2026-05-22 09:18:29,51.9884577144319,4.39030280468182,4.593176,,,0.809035787044,4.265092,3.019869,141.288062264,310.814642492,26,5,7.603,3.105623787044,6.889764,8.388525,141.288062264,-2.23694,2.013246,0,138.8, 3, -1.8,,,0,0,1024,1024,1024,1024,0,0,0,0,158.4,0,-1.3,69,3.807,3.805,0,0,0,0,5.048,104.72,0.809035787044,4.593176,6,P-GPS,
174400,2026-05-22 09:18:30,51.9884567379034,4.39030409124914,4.593176,,,0.809035787044,4.265092,2.5501116,141.73556884,311.273303924,27,5,7.603,3.105623787044,6.889764,8.388525,141.73556884,-2.013246,1.565858,0,138.8, 4.4, -2.1,,,0,0,1024,1024,1024,1024,0,0,0,0,158.4,0,-1.8,69,3.807,3.805,0,0,0,0,5.048,104.72,0.809035787044,4.593176,6,P-GPS,
174500,2026-05-22 09:18:30,51.9884560513145,4.39030504288215,4.593176,,,0.809035787044,4.265092,1.9237684,142.055122656,311.60270026,27,5,7.603,3.105623787044,6.889764,8.388525,142.055122656,-1.565858,1.11847,0,138.8, 3.3, -2.5,,,0,0,1024,1024,1024,1580,0,0,0,84,158.6,0,-2.1,69,3.807,3.805,0,0,0,0,5.048,104.72,0.809035787044,4.593176,6,P-GPS,
174600,2026-05-22 09:18:30,51.9884556786525,4.39030544720723,4.593176,,,0.809035787044,4.265092,1.4316416,142.217196152,311.766414176,26,5,7.603,3.105623787044,6.889764,8.388525,142.217196152,-1.11847,0.894776,0,140.2, 2.2, -2.7,,,0,0,1024,1024,1006,1684,0,0,-3,100,162.8,0,-1.8,69,3.807,3.805,0,0,0,0,5.048,104.72,0.809035787044,4.593176,6,P-GPS,
174700,2026-05-22 09:18:30,51.9884552367354,4.39030598808802,4.593176,,,0.809035787044,4.265092,1.11847,142.415686972,311.968185836,26,5,7.603,3.105623787044,6.889764,8.388525,142.415686972,-0.894776,0.671082,0,145.5, 1.1, -2.4,,,0,0,1024,1024,1010,1684,0,0,-2,100,168.5,0,-1.4,69,3.807,3.805,0,0,0,0,5.048,104.72,0.809035787044,4.593176,6,P-GPS,
174800,2026-05-22 09:18:30,51.9884550218423,4.3903062532142,4.593176,,,0.809035787044,4.265092,0.7158208,142.512471752,312.066611036,25,5,7.603,3.105623787044,6.889764,8.388525,142.512471752,-0.671082,0.223694,0,151.2, 0, -1.9,,,0,0,1024,1024,1011,1684,0,0,-2,100,174.1,0,-1.5,69,3.807,3.805,0,0,0,0,5.048,104.72,0.809035787044,4.593176,6,P-GPS,
174900,2026-05-22 09:18:30,51.9884546623734,4.39030651636495,4.593176,,,0.809035787044,4.265092,0.7158208,142.656172544,312.210639912,26,5,7.611,3.105623787044,6.889764,8.388525,142.656172544,-0.671082,0.223694,0,156.7, -0.2, -2.5,,,0,0,1024,1024,1011,1684,0,0,-2,100,179.6,0,-2,69,3.805,3.804,0,0,0,0,4.826,105.08,0.809035787044,4.593176,6,P-GPS,
175000,2026-05-22 09:18:30,51.9884542282351,4.39030739866283,4.593176,,,0.809035787044,4.265092,0.447388,142.886487512,312.464248844,26,5,7.611,3.105623787044,6.889764,8.388525,142.886487512,-0.447388,0,0,162.1, -0.1, -3,,,0,0,1024,1024,1010,1684,0,0,-2,100,185.1,0,-2.6,69,3.805,3.804,0,0,0,0,4.826,105.08,0.809035787044,4.593176,6,P-GPS,
175100,2026-05-22 09:18:30,51.9884539490556,4.39030747556584,4.593176,,,0.809035787044,4.265092,0.447388,142.985240796,312.567595304,26,5,7.611,3.105623787044,6.889764,8.388525,142.985240796,-0.447388,0,0,167.6, -0.3, -3.4,,,0,0,1024,1024,1011,1684,0,0,-2,100,190.6,0,-3,69,3.805,3.804,0,0,0,0,4.826,105.08,0.809035787044,4.593176,6,P-GPS,
175200,2026-05-22 09:18:30,51.9884536307766,4.39030823499697,4.593176,,,0.809035787044,4.265092,0.223694,143.165358912,312.77396014,26,5,7.611,3.105623787044,6.889764,8.388525,143.165358912,-0.223694,0,0,173, -0.3, -4,,,0,0,1024,1024,1011,1684,0,0,-2,100,195.8,0.1,-3.7,69,3.805,3.804,0,0,0,0,4.826,105.08,0.809035787044,4.593176,6,P-GPS,
175300,2026-05-22 09:18:30,51.9884534459705,4.39030814048194,4.593176,,,0.809035787044,4.265092,0.3131716,143.216211932,312.844826284,26,5,7.611,3.105623787044,6.889764,8.388525,143.216211932,-0.223694,-0.223694,0,178.2, -0.3, -4.4,,,0,0,1024,1024,1011,1684,0,0,-2,100,201.2,0.1,-3.8,69,3.805,3.804,0,0,0,0,4.826,105.08,0.809035787044,4.593176,6,P-GPS,
175400,2026-05-22 09:18:31,51.9884535577863,4.39030853281528,4.593176,,,0.809035787044,4.265092,0.3131716,143.219164688,312.941939148,26,5,7.611,3.105623787044,6.889764,8.388525,143.219164688,-0.223694,-0.223694,0,183.7, -0.2, -4.9,,,0,0,1024,1024,1015,1684,0,0,-1,100,206.7,0.1,-4.8,69,3.805,3.804,0,0,0,0,4.826,105.08,0.809035787044,4.593176,6,P-GPS,
175500,2026-05-22 09:18:31,51.9884537247731,4.39030860543353,4.593176,,,0.809035787044,4.265092,0.223694,143.171920592,313.004931276,26,5,7.611,3.105623787044,6.889764,8.388525,143.219164688,0,-0.223694,0,189, 1.6, -6,,,0,0,1024,1024,1016,1684,0,0,-1,100,212.2,0.1,-5.5,69,3.805,3.804,0,0,0,0,4.826,105.08,0.809035787044,4.593176,6,P-GPS,
175600,2026-05-22 09:18:31,51.9884536626114,4.39030840254759,4.593176,,,0.809035787044,4.265092,0.223694,143.171592508,313.055784296,26,5,7.611,3.105623787044,6.889764,8.388525,143.219164688,0,-0.223694,0,194.4, 2.5, -6.5,,,0,0,1024,1024,1017,1684,0,0,-1,100,217.7,0.1,-5.9,69,3.805,3.804,0,0,0,0,4.826,105.08,0.809035787044,4.593176,6,P-GPS,
175700,2026-05-22 09:18:31,51.9884536453061,4.39030823572037,4.593176,,,0.809035787044,4.265092,0.223694,143.160765736,313.09384204,26,5,7.611,3.105623787044,6.889764,8.388525,143.219164688,0,-0.223694,0,199.9, 2.1, -6.7,,,0,0,1024,1024,1018,1684,0,0,-1,100,223.1,0.1,-5.7,69,3.805,3.804,0,0,0,0,4.826,105.08,0.809035787044,4.593176,6,P-GPS,
175800,2026-05-22 09:18:31,51.9884540768401,4.39030811619239,4.593176,,,0.809035787044,4.265092,0,143.007878592,313.253618948,26,5,7.611,3.105623787044,6.889764,8.388525,143.219164688,0,0,0,205.3, 1.8, -6.6,,,0,0,1024,1024,1018,1684,0,0,-1,100,228.5,0.2,-5.9,69,3.805,3.804,0,0,0,0,4.826,105.08,0.809035787044,4.593176,6,P-GPS,
175900,2026-05-22 09:18:31,51.9884543565679,4.3903077788653,4.593176,,,0.809035787044,4.265092,0,142.882550504,313.380587456,27,5,7.608,3.105623787044,6.889764,8.388525,143.219164688,0,0,0,210.9, 1.3, -6.9,,,0,0,1024,1024,1018,1684,0,0,-1,100,234.2,0.2,-6.2,69,3.803,3.802,0,0,0,0,4.851,105.08,0.809035787044,4.593176,6,P-GPS,
176000,2026-05-22 09:18:31,51.9884544052966,4.39030775602254,4.593176,,,0.809035787044,4.265092,0,142.864505884,313.399288244,27,5,7.608,3.105623787044,6.889764,8.388525,143.219164688,0,0,0,216.7, 1, -7.1,,,0,0,1024,1024,1018,1684,0,0,-1,100,240,0.2,-6.3,69,3.803,3.802,0,0,0,0,4.851,105.08,0.809035787044,4.593176,6,P-GPS,
176100,2026-05-22 09:18:31,51.9884542774779,4.39030727551785,4.593176,,,0.809035787044,4.265092,0,142.857944204,313.516742316,29,5,7.608,3.105623787044,6.889764,8.388525,143.219164688,0,0,0,222.5, 0.7, -7.1,,,0,0,1024,1024,1020,1684,0,0,-1,100,245.9,0.2,-6.4,69,3.803,3.802,0,0,0,0,4.851,105.08,0.809035787044,4.593176,6,P-GPS,
176200,2026-05-22 09:18:31,51.9884543229169,4.39030724992061,4.593176,,,0.809035787044,4.265092,0,142.840555752,313.534458852,29,5,7.608,3.105623787044,6.889764,8.388525,143.219164688,0,0,0,228.2, 1.3, -7.4,,,0,0,1024,1024,1020,1684,0,0,-1,100,251.5,0.2,-7,69,3.803,3.802,0,0,0,0,4.851,105.08,0.809035787044,4.593176,6,P-GPS,
176300,2026-05-22 09:18:32,51.9884543536894,4.39030723022187,4.593176,,,0.809035787044,4.265092,0,142.828416644,313.546269876,29,5,7.608,3.105623787044,6.889764,8.388525,143.219164688,0,0,0,233.7, 1.8, -7.8,,,0,0,1024,1024,1020,1684,0,0,-1,100,257,0.2,-6.8,69,3.803,3.802,0,0,0,0,4.851,105.08,0.809035787044,4.593176,6,P-GPS,
176400,2026-05-22 09:18:32,51.9884539539216,4.39030706859756,4.593176,,,0.809035787044,4.265092,0,142.94291796,313.696532348,29,5,7.608,3.105623787044,6.889764,8.388525,143.219164688,0,0,0,239.1, 2.1, -7,,,0,0,1024,1024,1020,1684,0,0,-1,100,262.4,0.1,-5.1,69,3.803,3.802,0,0,0,0,4.851,105.08,0.809035787044,4.593176,6,P-GPS,
176500,2026-05-22 09:18:32,51.9884539241429,4.39030709330446,4.593176,,,0.809035787044,4.265092,0,142.955057068,313.70899954,29,5,7.608,3.105623787044,6.889764,8.388525,143.219164688,0,0,0,244.6, 2.3, -5.3,,,0,0,1024,1024,1021,1684,0,0,-0,100,267.9,0.1,-4,69,3.803,3.802,0,0,0,0,4.851,105.08,0.809035787044,4.593176,6,P-GPS,
176600,2026-05-22 09:18:32,51.9884533254166,4.39030715134342,4.593176,,,0.809035787044,4.265092,0,143.156500644,313.927831568,30,5,7.608,3.105623787044,6.889764,8.388525,143.219164688,0,0,0,250.1, 2.6, -4.4,,,0,0,1024,1024,1022,1684,0,0,-0,100,273.3,0,-2.7,69,3.803,3.802,0,0,0,0,4.851,105.08,0.809035787044,4.593176,6,P-GPS,
176700,2026-05-22 09:18:32,51.9884532840211,4.39030716400292,4.593176,,,0.809035787044,4.265092,0,143.171264424,313.942923432,30,5,7.608,3.105623787044,6.889764,8.388525,143.219164688,0,0,0,255.4, 2.7, -3,,,0,0,1024,1024,1024,1684,0,0,0,100,278.5,0,-1.5,69,3.803,3.802,0,0,0,0,4.851,105.08,0.809035787044,4.593176,6,P-GPS,
176800,2026-05-22 09:18:32,51.9884532088033,4.39030702157654,4.593176,,,0.809035787044,4.265092,0,143.181435028,313.985246268,30,5,7.608,3.105623787044,6.889764,8.388525,143.219164688,0,0,0,260.7, 3.1, -1.8,,,0,0,1024,1024,1024,1024,0,0,0,0,283.6,0,-1,69,3.803,3.802,0,0,0,0,4.851,105.08,0.809035787044,4.593176,6,P-GPS,
176900,2026-05-22 09:18:32,51.9884530843771,4.39030668085504,4.593176,,,0.809035787044,4.265092,0,143.188324792,314.074157032,30,5,7.608,3.105623787044,6.889764,8.388525,143.219164688,0,0,0,264.5, 3.3, -2,,,0,0,1024,1024,1024,1024,0,0,0,0,284.4,0,-1.5,69,3.805,3.802,0,0,0,0,4.8,105.08,0.809035787044,4.593176,6,P-GPS,
177000,2026-05-22 09:18:32,51.9884530864674,4.39030666009901,4.593176,,,0.809035787044,4.265092,0,143.185372036,314.079078292,30,5,7.608,3.105623787044,6.889764,8.388525,143.219164688,0,0,0,264.3, 3.7, -1.9,,,0,0,1024,1024,1024,1024,0,0,0,0,284.1,0,-0.8,69,3.805,3.802,0,0,0,0,4.8,105.08,0.809035787044,4.593176,6,P-GPS,
177100,2026-05-22 09:18:32,51.9884529059106,4.39030657576724,4.593176,,,0.809035787044,4.265092,0,143.236225056,314.147647848,30,5,7.608,3.105623787044,6.889764,8.388525,143.236225056,0,0,0,264.2, 3.8, -1.3,,,0,0,1024,1024,1024,1024,0,0,0,0,284,0,-0.7,69,3.805,3.802,0,0,0,0,4.8,105.08,0.809035787044,4.593176,6,P-GPS,
177200,2026-05-22 09:18:32,51.988452931303,4.39030657187201,4.593176,,,0.809035787044,4.265092,0,143.227366788,314.1568342,30,5,7.608,3.105623787044,6.889764,8.388525,143.236225056,0,0,0,264.1, 3.9, -2,,,0,0,1024,1024,1024,1024,0,0,0,0,284.1,0,-2,69,3.805,3.802,0,0,0,0,4.8,105.08,0.809035787044,4.593176,6,P-GPS,
177300,2026-05-22 09:18:33,51.9884529590599,4.39030657835479,4.593176,,,0.809035787044,4.265092,0,143.218836604,314.167004804,30,5,7.608,3.105623787044,6.889764,8.388525,143.236225056,0,0,0,264.1, 3.8, -2.8,,,0,0,1024,1024,1024,1024,0,0,0,0,284.1,0,-2.1,69,3.805,3.802,0,0,0,0,4.8,105.08,0.809035787044,4.593176,6,P-GPS,
177400,2026-05-22 09:18:33,51.9884528521787,4.39030642541128,4.593176,,,0.809035787044,4.265092,0,143.238521644,314.21917016,29,5,7.608,3.105623787044,6.889764,8.388525,143.238521644,0,0,0,264.1, 3.8, -2.7,,,0,0,1024,1024,1024,1024,0,0,0,0,284,0,-1.6,69,3.805,3.802,0,0,0,0,4.8,105.08,0.809035787044,4.593176,6,P-GPS,
177500,2026-05-22 09:18:33,51.9884528485121,4.39030645145369,4.593176,,,0.809035787044,4.265092,0,143.242458652,314.225075672,29,5,7.608,3.105623787044,6.889764,8.388525,143.242458652,0,0,0,264.1, 3.8, -2,,,0,0,1024,1024,1024,1095,0,0,0,11,284.1,0,-1.2,69,3.805,3.802,0,0,0,0,4.8,105.08,0.809035787044,4.593176,6,P-GPS,
177600,2026-05-22 09:18:33,51.9884526998928,4.39030645632273,4.593176,,,0.809035787044,4.265092,0,143.291671252,314.279209532,28,5,7.608,3.105623787044,6.889764,8.388525,143.291671252,0,0,0,264.2, 3.8, -2,,,0,0,1024,1024,1024,1230,0,0,0,31,284.5,0,-1.5,69,3.805,3.802,0,0,0,0,4.8,105.08,0.809035787044,4.593176,6,P-GPS,
177700,2026-05-22 09:18:33,51.9884527092821,4.39030646695115,4.593176,,,0.809035787044,4.265092,0,143.289374664,314.283474624,28,5,7.608,3.105623787044,6.889764,8.388525,143.291671252,0,0,0,264.8, 3.8, -2.3,,,0,0,1024,1024,1024,1684,0,0,0,100,285.7,0,-1.7,69,3.805,3.802,0,0,0,0,4.8,105.08,0.809035787044,4.593176,6,P-GPS,
177800,2026-05-22 09:18:33,51.9884526271423,4.39030642082048,4.593176,,,0.809035787044,4.265092,0,143.311684376,314.315298772,28,5,7.608,3.105623787044,6.889764,8.388525,143.311684376,0,0,0,267.2, 4.1, -2.4,,,0,0,1024,1024,1024,1684,0,0,0,100,290.3,0,-1.8,69,3.805,3.802,0,0,0,0,4.8,105.08,0.809035787044,4.593176,6,P-GPS,
177900,2026-05-22 09:18:33,51.9884526494849,4.39030641520021,4.593176,,,0.809035787044,4.265092,0,143.30381036,314.323500872,28,5,7.612,3.105623787044,6.889764,8.388525,143.311684376,0,0,0,272.5, 4.4, -2.6,,,0,0,1024,1024,1024,1684,0,0,0,100,295.8,0,-1.8,69,3.806,3.804,0,0,0,0,4.698,105.08,0.809035787044,4.593176,6,P-GPS,
178000,2026-05-22 09:18:33,51.9884525541177,4.39030628523858,4.593176,,,0.809035787044,4.265092,0,143.322183064,314.368776464,28,5,7.612,3.105623787044,6.889764,8.388525,143.322183064,0,0,0,278.1, 4.4, -2.2,,,0,0,1024,1024,1024,1684,0,0,0,100,301.4,0,-1.4,69,3.806,3.804,0,0,0,0,4.698,105.08,0.809035787044,4.593176,6,P-GPS,
178100,2026-05-22 09:18:33,51.9884525768715,4.39030627121574,4.593176,,,0.809035787044,4.265092,0,143.313324796,314.377634732,28,5,7.612,3.105623787044,6.889764,8.388525,143.322183064,0,0,0,283.8, 4.8, -2.2,,,0,0,1024,1024,1024,1684,0,0,0,100,307.1,0,-1.8,69,3.806,3.804,0,0,0,0,4.698,105.08,0.809035787044,4.593176,6,P-GPS,
178200,2026-05-22 09:18:33,51.9884526530487,4.3903059658852,4.593176,,,0.809035787044,4.265092,0,143.2578786,314.451781716,26,5,7.612,3.105623787044,6.889764,8.388525,143.322183064,0,0,0,289.5, 5.1, -2.3,,,0,0,1024,1024,1024,1684,0,0,0,100,312.7,0,-1.5,69,3.806,3.804,0,0,0,0,4.698,105.08,0.809035787044,4.593176,6,P-GPS,
178300,2026-05-22 09:18:34,51.9884526570581,4.39030595406039,4.593176,,,0.809035787044,4.265092,0,143.255582012,314.454734472,25,5,7.612,3.105623787044,6.889764,8.388525,143.322183064,0,0,0,295, 4.9, -1.7,,,0,0,1024,1024,1024,1684,0,0,0,100,318.2,0,-0.6,69,3.806,3.804,0,0,0,0,4.698,105.08,0.809035787044,4.593176,6,P-GPS,
178400,2026-05-22 09:18:34,51.9884528066711,4.39030586931127,4.593176,,,0.809035787044,4.265092,0,143.198167312,314.512477256,25,5,7.612,3.105623787044,6.889764,8.388525,143.322183064,0,0,0,300.6, 4.8, -0.6,,,0,0,1024,1024,1024,1172,0,0,0,22,323.6,0,0.9,69,3.806,3.804,0,0,0,0,4.698,105.08,0.809035787044,4.593176,6,P-GPS,
178500,2026-05-22 09:18:34,51.9884527927584,4.39030584184988,4.593176,,,0.809035787044,4.265092,0,143.200135816,314.520679356,26,5,7.612,3.105623787044,6.889764,8.388525,143.322183064,0,0,0,304.9, 5.1, 1.2,,,0,0,1024,1024,1024,1024,0,0,0,0,324.4,0,2.1,69,3.806,3.804,0,0,0,0,4.698,105.08,0.809035787044,4.593176,6,P-GPS,
178600,2026-05-22 09:18:34,51.9884527691479,4.39030572710747,4.593176,,,0.809035787044,4.265092,0,143.196198808,314.547910328,26,5,7.612,3.105623787044,6.889764,8.388525,143.322183064,0,0,0,304.6, 5.6, 1.6,,,0,0,1024,1024,1024,1024,0,0,0,0,324,0,2,69,3.806,3.804,0,0,0,0,4.698,105.08,0.809035787044,4.593176,6,P-GPS,
178700,2026-05-22 09:18:34,51.9884527632881,4.39030567546783,4.593176,,,0.809035787044,4.265092,0,143.192917968,314.559393268,26,5,7.612,3.105623787044,6.889764,8.388525,143.322183064,0,0,0,304.4, 6.1, 1.5,,,0,0,1024,1024,1024,1024,0,0,0,0,324,0,2,69,3.806,3.804,0,0,0,0,4.698,105.08,0.809035787044,4.593176,6,P-GPS,
178800,2026-05-22 09:18:34,51.9884527859391,4.3903055816762,4.593176,,,0.809035787044,4.265092,0,143.176185684,314.582031064,26,5,7.612,3.105623787044,6.889764,8.388525,143.322183064,0,0,0,304.4, 6.5, 1.5,,,0,0,1024,1024,1024,1024,0,0,0,0,324.1,0,2.1,69,3.806,3.804,0,0,0,0,4.698,105.08,0.809035787044,4.593176,6,P-GPS,
178900,2026-05-22 09:18:34,51.9884527730887,4.39030554725905,4.593176,,,0.809035787044,4.265092,0,143.177169936,314.591217416,26,5,7.609,3.105623787044,6.889764,8.388525,143.322183064,0,0,0,304.6, 6.4, 1.6,,,0,0,1024,1024,1024,1197,0,0,0,26,324.1,0,2.5,69,3.802,3.8,0,0,0,0,4.662,105.08,0.809035787044,4.593176,6,P-GPS,
179000,2026-05-22 09:18:34,51.9884530585735,4.39030549751137,4.593176,,,0.809035787044,4.265092,0,143.078744736,314.695876212,26,5,7.609,3.105623787044,6.889764,8.388525,143.322183064,0,0,0,304.6, 6.6, 2.6,,,0,0,1024,1024,1024,1684,0,0,0,100,324.1,0,3.2,69,3.802,3.8,0,0,0,0,4.662,105.08,0.809035787044,4.593176,6,P-GPS,
179100,2026-05-22 09:18:34,51.9884530393835,4.39030544659512,4.593176,,,0.809035787044,4.265092,0,143.080057072,314.709327656,26,5,7.609,3.105623787044,6.889764,8.388525,143.322183064,0,0,0,305.6, 6.6, 2.7,,,0,0,1024,1024,1024,1684,0,0,0,100,327.9,0,3.5,69,3.802,3.8,0,0,0,0,4.662,105.08,0.809035787044,4.593176,6,P-GPS,
179200,2026-05-22 09:18:34,51.9884533650644,4.39030537943019,4.593176,,,0.809035787044,4.265092,0,142.966868092,314.829078316,28,5,7.609,3.105623787044,6.889764,8.388525,143.322183064,0,0,0,310.7, 6.9, 3.1,,,0,0,1024,1024,1024,1684,0,0,0,100,333.3,-0.1,3.3,69,3.802,3.8,0,0,0,0,4.662,105.08,0.809035787044,4.593176,6,P-GPS,
179300,2026-05-22 09:18:35,51.9884533751733,4.39030536657593,4.593176,,,0.809035787044,4.265092,0,142.962274916,314.833999576,28,5,7.609,3.105623787044,6.889764,8.388525,143.322183064,0,0,0,316.3, 7, 2.8,,,0,0,1024,1024,1024,1684,0,0,0,100,339.2,-0.1,2.7,69,3.802,3.8,0,0,0,0,4.662,105.08,0.809035787044,4.593176,6,P-GPS,
179400,2026-05-22 09:18:35,51.9884536227237,4.39030537150061,4.593176,,,0.809035787044,4.265092,0,142.881566252,314.924222676,28,5,7.609,3.105623787044,6.889764,8.388525,143.322183064,0,0,0,322.2, 7, 2.4,,,0,0,1024,1024,1024,1519,0,0,0,75,344.9,0,2.9,69,3.802,3.8,0,0,0,0,4.662,105.08,0.809035787044,4.593176,6,P-GPS,
179500,2026-05-22 09:18:35,51.9884536133,4.3903053771487,4.593176,,,0.809035787044,4.265092,0,142.885175176,314.9278316,28,5,7.609,3.105623787044,6.889764,8.388525,143.322183064,0,0,0,327.3, 6.7, 2.7,,,0,0,1024,1024,1024,1024,0,0,0,0,347.1,0,3.2,69,3.802,3.8,0,0,0,0,4.662,105.08,0.809035787044,4.593176,6,P-GPS,
179600,2026-05-22 09:18:35,51.9884537655517,4.39030532258763,4.593176,,,0.809035787044,4.265092,0,142.830057064,314.984590132,29,5,7.609,3.105623787044,6.889764,8.388525,143.322183064,0,0,0,327.5, 6, 3,,,0,0,1024,1024,1024,1024,0,0,0,0,346.6,0,3.9,69,3.802,3.8,0,0,0,0,4.662,105.08,0.809035787044,4.593176,6,P-GPS,
179700,2026-05-22 09:18:35,51.9884537151096,4.39030534612596,4.593176,,,0.809035787044,4.265092,0,142.849085936,315.003947088,29,5,7.609,3.105623787044,6.889764,8.388525,143.322183064,0,0,0,327.1, 4.2, 3.7,,,0,0,1024,1024,1024,1024,0,0,0,0,346.5,0,4.1,69,3.802,3.8,0,0,0,0,4.662,105.08,0.809035787044,4.593176,6,P-GPS,
179800,2026-05-22 09:18:35,51.98845378786,4.39030534234202,4.593176,,,0.809035787044,4.265092,0,142.82480772,315.030521892,29,5,7.609,3.105623787044,6.889764,8.388525,143.322183064,0,0,0,326.9, 3.4, 4.4,,,0,0,1024,1024,1024,1024,0,0,0,0,346.4,0,5.7,69,3.802,3.8,0,0,0,0,4.662,105.08,0.809035787044,4.593176,6,P-GPS,
179900,2026-05-22 09:18:35,51.9884537883055,4.39030534968731,4.593176,,,0.809035787044,4.265092,0,142.825463888,315.032162312,29,5,7.589,3.105623787044,6.889764,8.388525,143.322183064,0,0,0,327.1, 3.9, 5,,,0,0,1024,1024,1024,1024,0,0,0,0,346.6,0,3.8,69,3.795,3.794,0,0,0,0,5.004,105.08,0.809035787044,4.593176,6,P-GPS,
180000,2026-05-22 09:18:35,51.9884540465474,4.39030526212806,4.593176,,,0.809035787044,4.265092,0,142.732288032,315.128290924,29,5,7.589,3.105623787044,6.889764,8.388525,143.322183064,0,0,0,327.2, 5.4, 2.3,,,0,0,1024,1024,1024,1024,0,0,0,0,346.7,0,1.9,69,3.795,3.794,0,0,0,0,5.004,105.08,0.809035787044,4.593176,6,P-GPS,
180100,2026-05-22 09:18:35,51.9884543223344,4.39030538468876,4.593176,,,0.809035787044,4.265092,0,142.65420404,315.232621636,28,5,7.589,3.105623787044,6.889764,8.388525,143.322183064,0,0,0,327.2, 6.6, 1,,,0,0,1024,1024,1024,1024,0,0,0,0,346.7,0,0.8,69,3.795,3.794,0,0,0,0,5.004,105.08,0.809035787044,4.593176,6,P-GPS,
180200,2026-05-22 09:18:35,51.9884543971066,4.39030542442012,4.593176,,,0.809035787044,4.265092,0,142.633862832,315.261493028,28,5,7.589,3.105623787044,6.889764,8.388525,143.322183064,0,0,0,327.1, 7.1, 0.4,,,0,0,1024,1024,1024,1024,0,0,0,0,346.7,0,1.1,69,3.795,3.794,0,0,0,0,5.004,105.08,0.809035787044,4.593176,6,P-GPS,
180300,2026-05-22 09:18:35,51.9884545837974,4.39030555499386,4.593176,,,0.809035787044,4.265092,0,142.585634484,315.335640012,27,5,7.589,3.105623787044,6.889764,8.388525,143.322183064,0,0,0,327.1, 6.7, 0.7,,,0,0,1024,1024,1024,1003,0,0,0,-3,346.7,0,1.3,69,3.795,3.794,0,0,0,0,5.004,105.08,0.809035787044,4.593176,6,P-GPS,
180400,2026-05-22 09:18:36,51.9884546079905,4.39030557892172,4.593176,,,0.809035787044,4.265092,0,142.58038514,315.345810616,27,5,7.589,3.105623787044,6.889764,8.388525,143.322183064,0,0,0,327, 6.5, 1.2,,,0,0,1024,1024,1024,364,0,0,0,-100,344.7,0,2.1,69,3.795,3.794,0,0,0,0,5.004,105.08,0.809035787044,4.593176,6,P-GPS,
180500,2026-05-22 09:18:36,51.9884546179281,4.39030558751905,4.593176,,,0.809035787044,4.265092,0,142.577760468,315.350075708,27,5,7.589,3.105623787044,6.889764,8.388525,143.322183064,0,0,0,323.2, 6.7, 1.5,,,0,0,1024,1024,1024,573,0,0,0,-68,339.3,0,1.9,69,3.795,3.794,0,0,0,0,5.004,105.08,0.809035787044,4.593176,6,P-GPS,
180600,2026-05-22 09:18:36,51.9884547165165,4.39030542021884,4.593176,,,0.809035787044,4.265092,0,142.528875952,315.40191298,25,5,7.589,3.105623787044,6.889764,8.388525,143.322183064,0,0,0,318, 6.5, 1.6,,,0,0,1024,1024,1024,1024,0,0,0,0,336.8,0,2.9,69,3.795,3.794,0,0,0,0,5.004,105.08,0.809035787044,4.593176,6,P-GPS,
180700,2026-05-22 09:18:36,51.9884547045228,4.39030541771476,4.593176,,,0.809035787044,4.265092,0,142.532484876,315.406506156,25,5,7.589,3.105623787044,6.889764,8.388525,143.322183064,0,0,0,317.6, 6.3, 2.6,,,0,0,1024,1024,1024,1024,0,0,0,0,337.1,0,3.1,69,3.795,3.794,0,0,0,0,5.004,105.08,0.809035787044,4.593176,6,P-GPS,
180800,2026-05-22 09:18:36,51.9884547767592,4.3903054141534,4.593176,,,0.809035787044,4.265092,0,142.508534744,315.432752876,25,5,7.589,3.105623787044,6.889764,8.388525,143.322183064,0,0,0,317.9, 6.4, 2.4,,,0,0,1024,1024,1024,1024,0,0,0,0,337.3,0,2.7,69,3.795,3.794,0,0,0,0,5.004,105.08,0.809035787044,4.593176,6,P-GPS,
180900,2026-05-22 09:18:36,51.9884547630178,4.39030544133656,4.593176,,,0.809035787044,4.265092,0,142.515752592,315.440626892,25,5,7.594,3.105623787044,6.889764,8.388525,143.322183064,0,0,0,318, 6.2, 2.2,,,0,0,1024,1024,1024,1024,0,0,0,0,337.3,0,3,69,3.797,3.796,0,0,0,0,4.975,105.26,0.809035787044,4.593176,6,P-GPS,
181000,2026-05-22 09:18:36,51.9884548656841,4.39030545305008,4.593176,,,0.809035787044,4.265092,0,142.483272276,315.478356552,24,5,7.594,3.105623787044,6.889764,8.388525,143.322183064,0,0,0,318, 6, 2.6,,,0,0,1024,1024,1024,1024,0,0,0,0,337.4,0,2.8,69,3.797,3.796,0,0,0,0,4.975,105.26,0.809035787044,4.593176,6,P-GPS,
181100,2026-05-22 09:18:36,51.9884549843533,4.39030541974584,4.593176,,,0.809035787044,4.265092,0,142.441277524,315.522319808,24,5,7.594,3.105623787044,6.889764,8.388525,143.322183064,0,0,0,318.1, 5.8, 2.2,,,0,0,1024,1024,1024,1024,0,0,0,0,337.4,0,3,69,3.797,3.796,0,0,0,0,4.975,105.26,0.809035787044,4.593176,6,P-GPS,
181200,2026-05-22 09:18:36,51.9884549760948,4.39030542467053,4.593176,,,0.809035787044,4.265092,0,142.444558364,315.525272564,24,5,7.594,3.105623787044,6.889764,8.388525,143.322183064,0,0,0,318, 6, 2.6,,,0,0,1024,1024,1024,1024,0,0,0,0,337.3,0,3.2,69,3.797,3.796,0,0,0,0,4.975,105.26,0.809035787044,4.593176,6,P-GPS,
181300,2026-05-22 09:18:36,51.9884550908233,4.39030541918938,4.593176,,,0.809035787044,4.265092,0,142.40650062,315.567267316,24,5,7.594,3.105623787044,6.889764,8.388525,143.322183064,0,0,0,318, 5.8, 2.7,,,0,0,1024,1024,1024,1024,0,0,0,0,337.3,0,2.9,69,3.797,3.796,0,0,0,0,4.975,105.26,0.809035787044,4.593176,6,P-GPS,
181400,2026-05-22 09:18:37,51.9884550905491,4.39030543694051,4.593176,,,0.809035787044,4.265092,0,142.408469124,315.571204324,24,5,7.594,3.105623787044,6.889764,8.388525,143.322183064,0,0,0,318, 5.8, 2.4,,,0,0,1024,1024,1024,1024,0,0,0,0,337.4,0,3,69,3.797,3.796,0,0,0,0,4.975,105.26,0.809035787044,4.593176,6,P-GPS,
181500,2026-05-22 09:18:37,51.9884550911659,4.3903054868273,4.593176,,,0.809035787044,4.265092,0,142.4130623,315.58235918,24,5,7.594,3.105623787044,6.889764,8.388525,143.322183064,0,0,0,318, 6, 2.2,,,0,0,1024,1024,1024,1024,0,0,0,0,337.4,0,2.2,69,3.797,3.796,0,0,0,0,4.975,105.26,0.809035787044,4.593176,6,P-GPS,
181600,2026-05-22 09:18:37,51.9884551089166,4.39030574332833,4.593176,,,0.809035787044,4.265092,0,142.433075424,315.640430048,24,5,7.594,3.105623787044,6.889764,8.388525,143.322183064,0,0,0,317.9, 5.7, 1,,,0,0,1024,1024,1024,1024,0,0,0,0,337.3,0,0.8,69,3.797,3.796,0,0,0,0,4.975,105.26,0.809035787044,4.593176,6,P-GPS,
181700,2026-05-22 09:18:37,51.9884551226238,4.39030583767642,4.593176,,,0.809035787044,4.265092,0,142.437996684,315.662083592,24,5,7.594,3.105623787044,6.889764,8.388525,143.322183064,0,0,0,317.8, 5.4, 0,,,0,0,1024,1024,1024,1024,0,0,0,0,337.3,0,0.4,69,3.797,3.796,0,0,0,0,4.975,105.26,0.809035787044,4.593176,6,P-GPS,
181800,2026-05-22 09:18:37,51.9884552252214,4.39030611891217,4.593176,,,0.809035787044,4.265092,0,142.432419256,315.735574408,24,5,7.594,3.105623787044,6.889764,8.388525,143.322183064,0,0,0,317.8, 5.2, 0,,,0,0,1024,1024,1024,1024,0,0,0,0,337.4,0,0.2,69,3.797,3.796,0,0,0,0,4.975,105.26,0.809035787044,4.593176,6,P-GPS,
181900,2026-05-22 09:18:37,51.9884556068958,4.39030621167434,4.593176,,,0.809035787044,4.265092,0,142.317261772,315.876650528,24,5,7.597,3.105623787044,6.889764,8.388525,143.322183064,0,0,0,317.8, 4.8, -0.5,,,0,0,1024,1024,1024,1024,0,0,0,0,337.4,0,-0.1,68,3.795,3.793,0,0,0,0,4.935,105.26,0.809035787044,4.593176,6,P-GPS,
182000,2026-05-22 09:18:37,51.98845561255,4.39030626553983,4.593176,,,0.809035787044,4.265092,0,142.320870696,315.888789636,24,5,7.597,3.105623787044,6.889764,8.388525,143.322183064,0,0,0,317.8, 4.6, -0.4,,,0,0,1024,1024,1024,1024,0,0,0,0,337.4,0,0.2,68,3.795,3.793,0,0,0,0,4.935,105.26,0.809035787044,4.593176,6,P-GPS,
182100,2026-05-22 09:18:37,51.9884556243038,4.39030630922208,4.593176,,,0.809035787044,4.265092,0,142.32119878,315.899616408,24,5,7.597,3.105623787044,6.889764,8.388525,143.322183064,0,0,0,317.8, 5, -0.3,,,0,0,1024,1024,1024,1024,0,0,0,0,337.3,0,0.1,68,3.795,3.793,0,0,0,0,4.935,105.26,0.809035787044,4.593176,6,P-GPS,
182200,2026-05-22 09:18:37,51.9884557361881,4.39030612158319,4.593176,,,0.809035787044,4.265092,0,142.266080668,315.95801536,24,5,7.597,3.105623787044,6.889764,8.388525,143.322183064,0,0,0,317.7, 5.2, -0.4,,,0,0,1024,1024,1024,1024,0,0,0,0,337.3,0,-0.2,68,3.795,3.793,0,0,0,0,4.935,105.26,0.809035787044,4.593176,6,P-GPS,
182300,2026-05-22 09:18:37,51.9884559435081,4.39030600052494,4.593176,,,0.809035787044,4.265092,0,142.186028172,316.03839594,24,5,7.597,3.105623787044,6.889764,8.388525,143.322183064,0,0,0,317.6, 5.3, -1,,,0,0,1024,1024,1024,1024,0,0,0,0,337.4,0,-1.3,68,3.795,3.793,0,0,0,0,4.935,105.26,0.809035787044,4.593176,6,P-GPS,
182400,2026-05-22 09:18:38,51.9884559877135,4.39030609851785,4.593176,,,0.809035787044,4.265092,0,142.181434996,316.065954996,24,5,7.597,3.105623787044,6.889764,8.388525,143.322183064,0,0,0,317.7, 5.1, -2.6,,,0,0,1024,1024,1024,1024,0,0,0,0,337.5,0,-2.8,68,3.795,3.793,0,0,0,0,4.935,105.26,0.809035787044,4.593176,6,P-GPS,
182500,2026-05-22 09:18:38,51.9884560279438,4.39030619281029,4.593176,,,0.809035787044,4.265092,0,142.177826072,316.091545548,24,5,7.597,3.105623787044,6.889764,8.388525,143.322183064,0,0,0,317.7, 5, -3.6,,,0,0,1024,1024,1024,1024,0,0,0,0,337.5,0,-3,68,3.795,3.793,0,0,0,0,4.935,105.26,0.809035787044,4.593176,6,P-GPS,
182600,2026-05-22 09:18:38,51.9884562925253,4.390306207167,4.593176,,,0.809035787044,4.265092,0,142.092852316,316.188330328,24,5,7.597,3.105623787044,6.889764,8.388525,143.322183064,0,0,0,317.7, 5.1, -3.3,,,0,0,1024,1024,1024,1024,0,0,0,0,337.6,0,-2.5,68,3.795,3.793,0,0,0,0,4.935,105.26,0.809035787044,4.593176,6,P-GPS,
182700,2026-05-22 09:18:38,51.9884562979738,4.39030623387716,4.593176,,,0.809035787044,4.265092,0,142.093836568,316.194563924,24,5,7.597,3.105623787044,6.889764,8.388525,143.322183064,0,0,0,317.8, 5.1, -2.8,,,0,0,1024,1024,1024,1024,0,0,0,0,337.5,0,-1.7,68,3.795,3.793,0,0,0,0,4.935,105.26,0.809035787044,4.593176,6,P-GPS,
182800,2026-05-22 09:18:38,51.9884563946775,4.3903062506823,4.593176,,,0.809035787044,4.265092,0,142.063980924,316.229996996,24,5,7.597,3.105623787044,6.889764,8.388525,143.322183064,0,0,0,317.7, 4.8, -1.7,,,0,0,1024,1024,1024,1024,0,0,0,0,337.4,0,-0.3,68,3.795,3.793,0,0,0,0,4.935,105.26,0.809035787044,4.593176,6,P-GPS,
182900,2026-05-22 09:18:38,51.9884563594502,4.39030622886901,4.593176,,,0.809035787044,4.265092,0,142.073167276,316.243776524,25,5,7.595,3.105623787044,6.889764,8.388525,143.322183064,0,0,0,317.8, 4.6, -0.7,,,0,0,1024,1024,1024,1024,0,0,0,0,337.4,0,-0.3,68,3.797,3.796,0,0,0,0,4.815,105.26,0.809035787044,4.593176,6,P-GPS,
183000,2026-05-22 09:18:38,51.9884565348669,4.39030604896493,4.593176,,,0.809035787044,4.265092,0,141.99803604,316.319563928,25,5,7.595,3.105623787044,6.889764,8.388525,143.322183064,0,0,0,317.7, 4.7, -0.8,,,0,0,1024,1024,1024,1024,0,0,0,0,337.4,0,-0.8,68,3.797,3.796,0,0,0,0,4.815,105.26,0.809035787044,4.593176,6,P-GPS,
183100,2026-05-22 09:18:38,51.9884565845209,4.39030586447005,4.593176,,,0.809035787044,4.265092,0,141.963259136,316.36483952,25,5,7.595,3.105623787044,6.889764,8.388525,143.322183064,0,0,0,317.7, 4.9, -1.4,,,0,0,1024,1024,1024,1024,0,0,0,0,337.4,0,-0.9,68,3.797,3.796,0,0,0,0,4.815,105.26,0.809035787044,4.593176,6,P-GPS,
183200,2026-05-22 09:18:38,51.9884565748574,4.39030583703649,4.593176,,,0.809035787044,4.265092,0,141.96358722,316.371729284,25,5,7.595,3.105623787044,6.889764,8.388525,143.322183064,0,0,0,317.7, 4.9, -1.3,,,0,0,1054,1024,1024,1024,5,0,0,0,337.4,0,-0.7,68,3.797,3.796,0,0,0,0,4.815,105.26,0.809035787044,4.593176,6,P-GPS,
183300,2026-05-22 09:18:39,51.9884565608761,4.39030581071585,4.593176,,,0.809035787044,4.265092,0,141.965555724,316.3796033,26,5,7.595,3.105623787044,6.889764,8.388525,143.322183064,0,0,0,317.8, 4.9, -1.4,,,0,0,1054,1024,1024,1024,5,0,0,0,337.5,0,-0.9,68,3.797,3.796,0,0,0,0,4.815,105.26,0.809035787044,4.593176,6,P-GPS,
183400,2026-05-22 09:18:39,51.9884564691413,4.39030560980534,4.593176,,,0.809035787044,4.265092,0,141.975398244,316.435705664,26,5,7.595,3.105623787044,6.889764,8.388525,143.322183064,0,0,0,317.8, 4.8, -1.6,,,0,0,1684,1024,1024,1024,100,0,0,0,337.5,0,-1,68,3.797,3.796,0,0,0,0,4.815,105.26,0.809035787044,4.593176,6,P-GPS,
183500,2026-05-22 09:18:39,51.9884564644124,4.39030551796134,4.593176,,,0.809035787044,4.265092,0,141.967524228,316.456374956,26,5,7.595,3.105623787044,6.889764,8.388525,143.322183064,0,0,0,317.9, -2.6, -1.3,,,0,0,1684,1024,1024,1024,100,0,0,0,337.5,0,0,68,3.797,3.796,0,0,0,0,4.815,105.26,0.809035787044,4.593176,6,P-GPS,
183600,2026-05-22 09:18:39,51.9884565470319,4.39030502699516,4.593176,,,0.809035787044,4.265092,0.4921268,141.89140874,316.570876272,27,5,7.595,3.105623787044,6.889764,8.388525,143.322183064,0.223694,-0.447388,0,317.8, -7.9, 0,,,0,0,1684,1024,1024,1024,100,0,0,0,337.5,0,0.7,68,3.797,3.796,0,0,0,0,4.815,105.26,0.809035787044,4.593176,6,P-GPS,
183700,2026-05-22 09:18:39,51.9884567454423,4.39030456037419,4.593176,,,0.809035787044,4.265092,0.8052984,141.77986018,316.698172864,27,5,7.595,3.105623787044,6.889764,8.388525,143.322183064,0.447388,-0.671082,0,317.8, -8.2, 0.3,,,0,0,1684,1024,1024,1024,100,0,0,0,337.5,0,0.4,68,3.797,3.796,0,0,0,0,4.815,105.26,0.809035787044,4.593176,6,P-GPS,
183800,2026-05-22 09:18:39,51.9884571015872,4.39030349644721,4.593176,,,0.809035787044,4.265092,1.4316416,141.557419228,316.970482584,26,5,7.595,3.105623787044,6.889764,8.388525,143.322183064,0.894776,-1.11847,0,317.8, -7.4, -0.1,,,0,0,1684,1024,1024,1024,100,0,0,0,337.5,0,0.6,68,3.797,3.796,0,0,0,0,4.815,105.26,0.809035787044,4.593176,6,P-GPS,
183900,2026-05-22 09:18:39,51.9884576071738,4.39030259511834,4.593176,,,0.809035787044,4.265092,1.901399,141.302169876,317.244432724,26,5,7.595,3.105623787044,6.889764,8.388525,143.322183064,1.342164,-1.342164,0,317.8, -6.4, 0.4,,,0,0,1684,1150,1024,1024,100,19,0,0,337.6,0,1,68,3.797,3.796,0,0,0,0,4.815,105.26,0.809035787044,4.593176,6,P-GPS,
184000,2026-05-22 09:18:39,51.9884584262762,4.39030134992396,4.593176,,,0.809035787044,4.265092,2.2145706,140.910109496,317.653553472,26,5,7.595,3.105623787044,6.889764,8.388525,143.322183064,1.565858,-1.565858,0,317.8, -5.8, 0.6,,,0,0,1684,1131,1024,1024,100,16,0,0,337.5,0,1.5,68,3.797,3.796,0,0,0,0,4.815,105.26,0.809035787044,4.593176,6,P-GPS,
184100,2026-05-22 09:18:39,51.9884593446866,4.39030001146659,4.593176,,,0.809035787044,4.265092,2.5277422,140.476710532,318.104012804,26,5,7.595,3.105623787044,6.889764,8.388525,143.322183064,1.789552,-1.789552,0,317.8, -5.4, 1.2,,,0,0,1684,1056,1024,1024,100,5,0,0,337.6,0,1.7,68,3.797,3.796,0,0,0,0,4.815,105.26,0.809035787044,4.593176,6,P-GPS,
184200,2026-05-22 09:18:39,51.988460171088,4.39029863180323,4.593176,,,0.809035787044,4.265092,2.8409138,140.069230204,318.536427516,26,5,7.595,3.105623787044,6.889764,8.388525,143.322183064,2.013246,-2.013246,0,317.9, -5.4, 0.9,,,0,0,1684,1056,1024,1024,100,5,0,0,337.6,0,1.1,68,3.797,3.796,0,0,0,0,4.815,105.26,0.809035787044,4.593176,6,P-GPS,
184300,2026-05-22 09:18:40,51.9884613337247,4.3902971103256,4.593176,,,0.809035787044,4.265092,3.1540854,139.537734124,319.081046956,29,5,7.595,3.105623787044,6.889764,8.388525,143.322183064,2.23694,-2.23694,0,317.8, -5.2, 0.6,,,0,0,1684,1046,1024,1024,100,3,0,0,337.5,0,1.3,68,3.797,3.796,0,0,0,0,4.815,105.26,0.809035787044,4.593176,6,P-GPS,
184400,2026-05-22 09:18:40,51.9884623208419,4.39029551453251,4.593176,,,0.809035787044,4.265092,3.4896264,139.05676298,319.589249072,29,5,7.595,3.105623787044,6.889764,8.388525,143.322183064,2.460634,-2.460634,0,317.8, -4.9, 1,,,0,0,1684,1043,1024,1227,100,3,0,31,337.6,0,1.5,68,3.797,3.796,0,0,0,0,4.815,105.26,0.809035787044,4.593176,6,P-GPS,
184500,2026-05-22 09:18:40,51.988463381395,4.39029383554839,4.593176,,,0.809035787044,4.265092,3.6462122,138.54331152,320.12960342,29,5,7.595,3.105623787044,6.889764,8.388525,143.322183064,2.684328,-2.460634,0,318.2, -4.6, 0.9,,,0,0,1684,1042,1024,1676,100,3,0,99,339.3,0,1.5,68,3.797,3.796,0,0,0,0,4.815,105.26,0.809035787044,4.593176,6,P-GPS,
184600,2026-05-22 09:18:40,51.9884648741674,4.3902920819984,4.593176,,,0.809035787044,4.265092,3.9593838,137.881238008,320.801847536,30,5,7.595,3.105623787044,6.889764,8.388525,143.322183064,2.908022,-2.684328,0,321.5, -1.6, 1.5,,,0,0,1684,1040,1024,1024,100,2,0,0,343.8,0,3.4,68,3.797,3.796,0,0,0,0,4.815,105.26,0.809035787044,4.593176,6,P-GPS,
184700,2026-05-22 09:18:40,51.9884660460222,4.39029032480359,4.593176,,,0.809035787044,4.265092,3.9593838,137.324151376,321.383868552,30,5,7.595,3.105623787044,6.889764,8.388525,143.322183064,2.908022,-2.684328,0,324.4, -0.5, 3.4,,,0,0,1684,1024,1024,1024,100,0,0,0,344.1,0,4,68,3.797,3.796,0,0,0,0,4.815,105.26,0.809035787044,4.593176,6,P-GPS,
184800,2026-05-22 09:18:40,51.9884675481496,4.39028833311581,4.593176,,,0.809035787044,4.265092,4.1159696,136.635831144,322.09154574,30,5,7.595,3.105623787044,6.889764,8.388525,143.322183064,3.131716,-2.684328,0,324.1, -5.1, 3.2,,,0,0,1684,1024,1024,1024,100,0,0,0,344,0,3.5,68,3.797,3.796,0,0,0,0,4.815,105.26,0.809035787044,4.593176,6,P-GPS,
184900,2026-05-22 09:18:40,51.9884688495366,4.39028655675089,4.593176,,,0.809035787044,4.265092,4.2949248,136.034781256,322.7116245,30,5,7.592,3.105623787044,6.889764,8.388525,143.322183064,3.35541,-2.684328,0,324, -5.5, 2.9,,,0,0,1684,1024,1024,1024,100,0,0,0,344,0,3.4,68,3.787,3.791,0,0,0,0,4.858,105.44,0.809035787044,4.593176,6,P-GPS,
185000,2026-05-22 09:18:40,51.9884704023118,4.39028452638902,4.593176,,,0.809035787044,4.265092,4.47388,135.3264479,323.438986728,29,5,7.592,3.105623787044,6.889764,8.388525,143.322183064,3.579104,-2.684328,0,324, -5.5, 2.9,,,0,0,1684,1024,1024,1024,100,0,0,0,344,0,3.6,68,3.787,3.791,0,0,0,0,4.858,105.44,0.809035787044,4.593176,6,P-GPS,
185100,2026-05-22 09:18:40,51.9884718874082,4.39028261817049,4.593176,,,0.809035787044,4.265092,4.6080964,134.65223528,324.129931632,29,5,7.592,3.105623787044,6.889764,8.388525,143.322183064,3.579104,-2.908022,0,324, -5.7, 3.1,,,0,0,1684,1024,1024,1024,100,0,0,0,343.9,0,3.4,68,3.787,3.791,0,0,0,0,4.858,105.44,0.809035787044,4.593176,6,P-GPS,
185200,2026-05-22 09:18:40,51.988473749964,4.390280420258,4.593176,,,0.809035787044,4.265092,4.7870516,133.826119768,324.970154756,30,5,7.592,3.105623787044,6.889764,8.388525,143.322183064,3.802798,-2.908022,0,323.8, -5.8, 2.7,,,0,0,1684,1024,1024,1024,100,0,0,0,343.8,0,3,68,3.787,3.791,0,0,0,0,4.858,105.44,0.809035787044,4.593176,6,P-GPS,
185300,2026-05-22 09:18:41,51.988475805139,4.39027835202891,4.593176,,,0.809035787044,4.265092,4.9660068,132.94947932,325.852044548,30,5,7.592,3.105623787044,6.889764,8.388525,143.322183064,4.026492,-2.908022,0,323.8, -6, 2.4,,,0,0,1684,1024,1024,1024,100,0,0,0,343.7,0,2.7,68,3.787,3.791,0,0,0,0,4.858,105.44,0.809035787044,4.593176,6,P-GPS,
185400,2026-05-22 09:18:41,51.9884774653437,4.39027636610051,4.593176,,,0.809035787044,4.265092,5.2791784,132.210634152,326.60434116,28,5,7.592,3.105623787044,6.889764,8.388525,143.322183064,4.250186,-3.131716,0,323.8, -6.2, 2.1,,,0,0,1684,1024,1024,1024,100,0,0,0,343.8,0,2.4,68,3.787,3.791,0,0,0,0,4.858,105.44,0.809035787044,4.593176,6,P-GPS,
185500,2026-05-22 09:18:41,51.9884791909312,4.3902743174867,4.593176,,,0.809035787044,4.265092,5.2791784,131.444558012,327.384524912,28,5,7.592,3.105623787044,6.889764,8.388525,143.322183064,4.250186,-3.131716,0,323.9, -6.7, 1.8,,,0,0,1684,1024,1024,1024,100,0,0,0,343.8,0,2,68,3.787,3.791,0,0,0,0,4.858,105.44,0.809035787044,4.593176,6,P-GPS,
185600,2026-05-22 09:18:41,51.9884812445299,4.39027231923267,4.593176,,,0.809035787044,4.265092,5.59235,130.575135412,328.25788452,27,5,7.592,3.105623787044,6.889764,8.388525,143.322183064,4.47388,-3.35541,0,323.8, -7.2, 1.5,,,0,0,1684,1024,1024,1024,100,0,0,0,343.8,0,2,68,3.787,3.791,0,0,0,0,4.858,105.44,0.809035787044,4.593176,6,P-GPS,
185700,2026-05-22 09:18:41,51.9884831052352,4.39027006200135,4.593176,,,0.809035787044,4.265092,5.7713052,129.744754808,329.10434124,27,5,7.592,3.105623787044,6.889764,8.388525,143.322183064,4.697574,-3.35541,0,323.9, -6.9, 1.6,,,0,0,1684,1024,1024,1024,100,0,0,0,344,0,2.3,68,3.787,3.791,0,0,0,0,4.858,105.44,0.809035787044,4.593176,6,P-GPS,
185800,2026-05-22 09:18:41,51.9884851596906,4.39026791742572,4.593176,,,0.809035787044,4.265092,5.9055216,128.861224596,329.99672972,27,5,7.592,3.105623787044,6.889764,8.388525,143.322183064,4.697574,-3.579104,0,324, -6.6, 1.9,,,0,0,1684,1024,1024,1024,100,0,0,0,344.2,0,3.1,68,3.787,3.791,0,0,0,0,4.858,105.44,0.809035787044,4.593176,6,P-GPS,
185900,2026-05-22 09:18:41,51.9884871068535,4.39026548279441,4.593176,,,0.809035787044,4.265092,6.0844768,127.9855684,330.89239904,27,5,7.59,3.105623787044,6.889764,8.388525,143.322183064,4.921268,-3.579104,0,324.2, -6.5, 3.1,,,0,0,1684,1024,1024,1021,100,0,0,-0,344.3,0,3.9,68,3.793,3.794,0,0,0,0,4.826,105.44,0.809035787044,4.593176,6,P-GPS,
186000,2026-05-22 09:18:41,51.9884891827604,4.39026342675183,4.593176,,,0.809035787044,3.937008,6.2186932,127.103678608,331.78150668,25,5,7.59,3.105623787044,6.889764,8.388525,143.322183064,4.921268,-3.802798,0,324.1, -6.7, 3,,,0,0,1684,1024,1024,473,100,0,0,-83,344,0,3.2,68,3.793,3.794,0,0,0,0,4.826,105.44,0.809035787044,4.593176,6,P-GPS,
186100,2026-05-22 09:18:41,51.9884912528076,4.3902608900098,4.593176,,,0.809035787044,3.937008,6.3976484,126.178153644,332.7263886,25,5,7.59,3.105623787044,6.889764,8.388525,143.322183064,5.144962,-3.802798,0,323.3, -6.5, 2.7,,,0,0,1684,1024,1024,1024,100,0,0,0,341.4,0,2.6,68,3.793,3.794,0,0,0,0,4.826,105.44,0.809035787044,4.593176,6,P-GPS,
186200,2026-05-22 09:18:41,51.9884935966885,4.39025864301738,4.593176,,,0.809035787044,3.937008,6.3976484,125.189964636,333.72048312,23,5,7.59,3.105623787044,6.889764,8.388525,143.322183064,5.144962,-3.802798,0,319.8, -2.1, 1.2,,,0,0,1684,1024,1024,1024,100,0,0,0,338.4,0,-0.1,68,3.793,3.794,0,0,0,0,4.826,105.44,0.809035787044,4.593176,6,P-GPS,
186300,2026-05-22 09:18:42,51.9884957217011,4.39025601048046,4.593176,,,0.809035787044,3.937008,6.5318648,124.237536784,334.6948926,23,5,7.59,3.105623787044,6.889764,8.388525,143.322183064,5.144962,-4.026492,0,318.7, -4.1, -2,,,0,0,1684,1024,1024,1024,100,0,0,0,338.3,0,-1.7,68,3.793,3.794,0,0,0,0,4.826,105.44,0.809035787044,4.593176,6,P-GPS,
186400,2026-05-22 09:18:42,51.9884983140575,4.39025349897397,4.593176,,,0.809035787044,3.937008,6.6660812,123.142064308,335.79725484,24,5,7.59,3.105623787044,6.889764,8.388525,143.322183064,5.144962,-4.250186,0,319, -6, -1.9,,,0,0,1684,1024,1024,1024,100,0,0,0,338.8,0,-0.4,68,3.793,3.794,0,0,0,0,4.826,105.44,0.809035787044,4.593176,6,P-GPS,
186500,2026-05-22 09:18:42,51.9885004786837,4.39025053701172,4.593176,,,0.809035787044,3.608924,6.822667,122.146329368,336.8274386,24,5,7.59,3.105623787044,6.889764,8.388525,143.322183064,5.144962,-4.47388,0,319.3, -5, -0.7,,,0,0,1684,1024,1024,1024,100,0,0,0,338.9,0,-0.2,68,3.793,3.794,0,0,0,0,4.826,105.44,0.809035787044,4.593176,6,P-GPS,
186600,2026-05-22 09:18:42,51.9885029779689,4.39024739474195,4.593176,,,0.809035787044,3.608924,6.822667,121.023297836,337.98229428,25,5,7.59,3.105623787044,6.889764,8.388525,143.322183064,5.144962,-4.47388,0,319.3, -4.2, -0.8,,,0,0,1684,1024,1024,1024,100,0,0,0,338.9,0,0.3,68,3.793,3.794,0,0,0,0,4.826,105.44,0.809035787044,4.593176,6,P-GPS,
186700,2026-05-22 09:18:42,51.9885051308755,4.39024425512929,4.593176,,,0.809035787044,3.608924,6.9568834,120.01640804,339.03872476,25,5,7.59,3.105623787044,6.889764,8.388525,143.322183064,5.144962,-4.697574,0,319.3, -3.6, 0.2,,,0,0,1684,1024,1024,1024,100,0,0,0,339,0,1.7,68,3.793,3.794,0,0,0,0,4.826,105.44,0.809035787044,4.593176,6,P-GPS,
186800,2026-05-22 09:18:42,51.9885076695686,4.3902409542123,4.593176,,,0.809035787044,3.937008,7.2924244,118.866801704,340.223108,25,5,7.59,3.105623787044,6.889764,8.388525,143.322183064,5.368656,-4.921268,0,319.2, -3.2, 1.6,,,0,0,1684,1024,1024,1024,100,0,0,0,339,0,2.5,68,3.793,3.794,0,0,0,0,4.826,105.44,0.809035787044,4.593176,6,P-GPS,
186900,2026-05-22 09:18:42,51.9885098339207,4.39023774928494,4.593176,,,0.809035787044,3.937008,7.2924244,117.851381724,341.29266184,25,5,7.58,3.105623787044,6.889764,8.388525,143.322183064,5.368656,-4.921268,0,319.2, -3.1, 2,,,0,0,1684,1024,1024,1024,100,0,0,0,338.9,0,2.3,68,3.794,3.794,0,0,0,0,5.044,105.44,0.809035787044,4.593176,6,P-GPS,
187000,2026-05-22 09:18:42,51.9885123650749,4.39023448975478,4.593176,,,0.809035787044,3.608924,7.2924244,116.709649404,342.4704834,26,5,7.58,3.105623787044,6.889764,8.388525,143.322183064,5.368656,-4.921268,0,319, -3.7, 1.4,,,0,0,1684,1024,1024,1024,100,0,0,0,338.7,0,1.9,68,3.794,3.794,0,0,0,0,5.044,105.44,0.809035787044,4.593176,6,P-GPS,
187100,2026-05-22 09:18:42,51.9885145251092,4.39023132878791,4.593176,,,0.809035787044,3.608924,7.2924244,115.701775356,343.53347556,26,5,7.58,3.105623787044,6.889764,8.388525,143.322183064,5.368656,-4.921268,0,319, -4.4, 1.2,,,0,0,1684,1024,1024,1024,100,0,0,0,338.8,0,1.8,68,3.794,3.794,0,0,0,0,5.044,105.44,0.809035787044,4.593176,6,P-GPS,
187200,2026-05-22 09:18:42,51.9885169144976,4.39022806746316,4.593176,,,0.809035787044,3.608924,7.2924244,114.608927552,344.67192704,26,5,7.58,3.105623787044,6.889764,8.388525,143.322183064,5.368656,-4.921268,0,319, -4.7, 1.7,,,0,0,1684,1024,1024,1024,100,0,0,0,339,0,2.5,68,3.794,3.794,0,0,0,0,5.044,105.44,0.809035787044,4.593176,6,P-GPS,
187300,2026-05-22 09:18:42,51.9885191704474,4.39022474018379,4.593176,,,0.809035787044,3.608924,7.2924244,113.555777912,345.7841318,26,5,7.58,3.105623787044,6.889764,8.388525,143.322183064,5.368656,-4.921268,0,319.1, -4.4, 2,,,0,0,1684,1024,1024,1024,100,0,0,0,339.1,0,3,68,3.794,3.794,0,0,0,0,5.044,105.44,0.809035787044,4.593176,6,P-GPS,
187400,2026-05-22 09:18:43,51.988521613225,4.39022124606328,4.593176,,,0.809035787044,3.608924,7.2924244,112.4261847,346.97179588,27,5,7.58,3.105623787044,6.889764,8.388525,143.322183064,5.368656,-4.921268,0,319.1, -4.6, 2.5,,,0,0,1684,1024,1024,1370,100,0,0,52,339.3,0,2.7,68,3.794,3.794,0,0,0,0,5.044,105.44,0.809035787044,4.593176,6,P-GPS,
187500,2026-05-22 09:18:43,51.9885238790097,4.39021798078766,4.593176,,,0.809035787044,3.608924,7.4490102,111.377628236,348.07743896,27,5,7.58,3.105623787044,6.889764,8.388525,143.322183064,5.59235,-4.921268,0,320.5, -4, 2.1,,,0,0,1684,1024,1024,1280,100,0,0,39,342.5,0,3.8,68,3.794,3.794,0,0,0,0,5.044,105.44,0.809035787044,4.593176,6,P-GPS,
187600,2026-05-22 09:18:43,51.9885264664658,4.39021479469653,4.593176,,,0.809035787044,3.28084,7.2924244,110.228678068,349.2618222,27,5,7.58,3.105623787044,6.889764,8.388525,143.322183064,5.59235,-4.697574,0,323.4, -1.5, 4.4,,,0,0,1684,1024,1024,1024,100,0,0,0,343.3,0,5.5,68,3.794,3.794,0,0,0,0,5.044,105.44,0.809035787044,4.593176,6,P-GPS,
187700,2026-05-22 09:18:43,51.9885288684305,4.39021155515726,4.593176,,,0.809035787044,3.28084,7.2924244,109.138454936,350.40027368,27,5,7.58,3.105623787044,6.889764,8.388525,143.322183064,5.59235,-4.697574,0,323.1, -5, 4.6,,,0,0,1684,1024,1024,1024,100,0,0,0,343,0,3.9,68,3.794,3.794,0,0,0,0,5.044,105.44,0.809035787044,4.593176,6,P-GPS,
187800,2026-05-22 09:18:43,51.9885319432771,4.39020803378404,4.593176,,,0.809035787044,3.28084,7.4713796,107.798231796,351.7716648,27,5,7.58,3.105623787044,6.889764,8.388525,143.322183064,5.816044,-4.697574,0,322.9, -5.4, 2.8,,,0,0,1684,1024,1024,1024,100,0,0,0,342.8,0,2.9,68,3.794,3.794,0,0,0,0,5.044,105.44,0.809035787044,4.593176,6,P-GPS,
187900,2026-05-22 09:18:43,51.988534471587,4.39020481481994,4.593176,,,0.809035787044,3.28084,7.6503348,106.669294752,352.94620552,27,5,7.588,3.105623787044,6.889764,8.388525,143.322183064,6.039738,-4.697574,0,322.9, -5.3, 2.5,,,0,0,1684,1024,1024,1024,100,0,0,0,342.9,0,3.5,68,3.79,3.792,0,0,0,0,4.778,105.62,0.809035787044,4.593176,6,P-GPS,
188000,2026-05-22 09:18:43,51.9885373611307,4.39020093868847,4.593176,,,0.809035787044,3.28084,7.6503348,105.363192348,354.31103496,27,5,7.588,3.105623787044,6.889764,8.388525,143.322183064,6.039738,-4.697574,0,322.9, -5.1, 2.9,,,0,0,1684,1024,1024,1024,100,0,0,0,342.8,0,3.1,68,3.79,3.792,0,0,0,0,4.778,105.62,0.809035787044,4.593176,6,P-GPS,
188100,2026-05-22 09:18:43,51.9885398541791,4.39019780795137,4.593176,,,0.809035787044,3.28084,7.6503348,104.255580764,355.4626098,27,5,7.588,3.105623787044,6.889764,8.388525,143.322183064,6.039738,-4.697574,0,322.9, -5.3, 2.3,,,0,0,1684,1024,1024,1024,100,0,0,0,342.8,0,3,68,3.79,3.792,0,0,0,0,4.778,105.62,0.809035787044,4.593176,6,P-GPS,
188200,2026-05-22 09:18:43,51.9885428047194,4.39019407289685,4.593176,,,0.809035787044,3.28084,7.6503348,102.943572848,356.82743924,28,5,7.588,3.105623787044,6.889764,8.388525,143.322183064,6.039738,-4.697574,0,323, -5.7, 3.1,,,0,0,1684,1024,1024,1024,100,0,0,0,343.2,0,4.2,68,3.79,3.792,0,0,0,0,4.778,105.62,0.809035787044,4.593176,6,P-GPS,
188300,2026-05-22 09:18:43,51.988545282056,4.39019093768024,4.593176,,,0.809035787044,3.28084,7.6503348,101.842851028,357.9724524,28,5,7.588,3.105623787044,6.889764,8.388525,143.322183064,6.039738,-4.697574,0,323.2, -5.5, 3.9,,,0,0,1684,1024,1024,1024,100,0,0,0,343.2,0,3.9,68,3.79,3.792,0,0,0,0,4.778,105.62,0.809035787044,4.593176,6,P-GPS,
188400,2026-05-22 09:18:44,51.9885478232164,4.39018764171575,4.593176,,,0.809035787044,3.28084,7.82929,100.708336556,359.16011648,28,5,7.588,3.105623787044,6.889764,8.388525,143.322183064,6.263432,-4.697574,0,323, -6.4, 3,,,0,0,1684,1024,1024,1024,100,0,0,0,343,0,2.9,68,3.79,3.792,0,0,0,0,4.778,105.62,0.809035787044,4.593176,6,P-GPS,
188500,2026-05-22 09:18:44,51.9885503099425,4.39018467036321,4.593176,,,0.809035787044,3.28084,7.6950736,99.620081928,360.2854446,28,5,7.588,3.105623787044,6.889764,8.388525,143.322183064,6.263432,-4.47388,0,322.9, -7.8, 1.9,,,0,0,1684,1024,1024,585,100,0,0,-67,341.4,0,1.6,68,3.79,3.792,0,0,0,0,4.778,105.62,0.809035787044,4.593176,6,P-GPS,
188600,2026-05-22 09:18:44,51.98855318374,4.39018140841244,4.593176,,,0.809035787044,2.952756,8.0082452,98.37762782,361.5649722,29,5,7.588,3.105623787044,6.889764,8.388525,143.322183064,6.487126,-4.697574,0,320.6, -5.1, 0,,,0,0,1684,1024,1024,1024,100,0,0,0,339.7,0,-1.8,68,3.79,3.792,0,0,0,0,4.778,105.62,0.809035787044,4.593176,6,P-GPS,
188700,2026-05-22 09:18:44,51.988555796897,4.39017830305,4.593176,,,0.809035787044,2.952756,8.0082452,97.237207836,362.7460746,29,5,7.588,3.105623787044,6.889764,8.388525,143.322183064,6.487126,-4.697574,0,320.4, -6.4, -3,,,0,0,1684,1024,1024,1024,100,0,0,0,339.8,0,-2.5,68,3.79,3.792,0,0,0,0,4.778,105.62,0.809035787044,4.593176,6,P-GPS,
188800,2026-05-22 09:18:44,51.988558593575,4.3901749024568,4.593176,,,0.809035787044,2.952756,8.1424616,96.011814096,364.02232136,29,5,7.588,3.105623787044,6.889764,8.388525,143.322183064,6.487126,-4.921268,0,320.5, -7.1, -2.8,,,0,0,1684,1024,1024,1024,100,0,0,0,340,0,-1.7,68,3.79,3.792,0,0,0,0,4.778,105.62,0.809035787044,4.593176,6,P-GPS,
188900,2026-05-22 09:18:44,51.9885611964687,4.39017161478359,4.593176,,,0.809035787044,2.952756,8.1424616,94.862863928,365.22638964,29,5,7.584,3.105623787044,6.889764,8.388525,143.322183064,6.487126,-4.921268,0,320.6, -6.3, -1.9,,,0,0,1684,1024,1024,1024,100,0,0,0,340.1,0,-0.8,68,3.789,3.79,0,0,0,0,4.815,105.62,0.809035787044,4.593176,6,P-GPS,
189000,2026-05-22 09:18:44,51.9885641862113,4.39016827872603,4.593176,,,0.809035787044,2.952756,8.276678,93.579071236,366.54856816,29,5,7.584,3.105623787044,6.889764,8.388525,143.322183064,6.487126,-5.144962,0,320.5, -5.6, -1.4,,,0,0,1684,1024,1024,1024,100,0,0,0,339.9,0,-1,68,3.789,3.79,0,0,0,0,4.815,105.62,0.809035787044,4.593176,6,P-GPS,
189100,2026-05-22 09:18:44,51.9885668016128,4.39016486276057,4.593176,,,0.809035787044,2.952756,8.276678,92.418310044,367.77232148,29,5,7.584,3.105623787044,6.889764,8.388525,143.322183064,6.487126,-5.144962,0,320.4, -5.2, -1.6,,,0,0,1684,1024,1024,1024,100,0,0,0,339.9,0,-0.8,68,3.789,3.79,0,0,0,0,4.815,105.62,0.809035787044,4.593176,6,P-GPS,
189200,2026-05-22 09:18:44,51.9885699834947,4.39016151127511,4.593176,,,0.809035787044,2.952756,8.0977228,91.069884804,369.15683596,29,5,7.584,3.105623787044,6.889764,8.388525,143.322183064,6.263432,-5.144962,0,320.4, -5.5, -1.1,,,0,0,1684,1024,1024,1024,100,0,0,0,340,0,-0.2,68,3.789,3.79,0,0,0,0,4.815,105.62,0.809035787044,4.593176,6,P-GPS,
189300,2026-05-22 09:18:44,51.9885728810741,4.39015816383792,4.593176,,,0.809035787044,2.952756,8.0977228,89.820540932,370.45276776,29,5,7.584,3.105623787044,6.889764,8.388525,143.322183064,6.263432,-5.144962,0,320.4, -5.9, -0.9,,,0,0,1684,1024,1024,1024,100,0,0,0,340,0,-0.4,68,3.789,3.79,0,0,0,0,4.815,105.62,0.809035787044,4.593176,6,P-GPS,
189400,2026-05-22 09:18:45,51.9885755090348,4.39015468432453,4.593176,,,0.809035787044,2.952756,8.0977228,88.655514648,371.68964444,29,5,7.584,3.105623787044,6.889764,8.388525,143.322183064,6.263432,-5.144962,0,320.5, -6, -0.7,,,0,0,1684,1024,1024,1024,100,0,0,0,340,0,-0.5,68,3.789,3.79,0,0,0,0,4.815,105.62,0.809035787044,4.593176,6,P-GPS,
189500,2026-05-22 09:18:45,51.9885781826915,4.39015116019682,4.593176,,,0.809035787044,2.952756,8.276678,87.473427996,372.94620616,29,5,7.584,3.105623787044,6.889764,8.388525,143.322183064,6.487126,-5.144962,0,320.4, -5.4, -1,,,0,0,1684,1024,1024,1024,100,0,0,0,339.7,0,-1,68,3.789,3.79,0,0,0,0,4.815,105.62,0.809035787044,4.593176,6,P-GPS,
189600,2026-05-22 09:18:45,51.9885811146415,4.39014763908792,4.593176,,,0.809035787044,2.952756,8.4108944,86.204399084,374.2782272,29,5,7.584,3.105623787044,6.889764,8.4108944,143.322183064,6.487126,-5.368656,0,320.2, -5.4, -2,,,0,0,1684,1024,1024,1024,100,0,0,0,339.6,0,-1.6,68,3.789,3.79,0,0,0,0,4.815,105.62,0.809035787044,4.593176,6,P-GPS,
189700,2026-05-22 09:18:45,51.9885837501581,4.39014398661232,4.593176,,,0.809035787044,2.952756,8.388525,85.030514532,375.5413506,29,5,7.584,3.105623787044,6.889764,8.4108944,143.322183064,6.263432,-5.59235,0,320.2, -6.2, -0.7,,,0,0,1684,1024,1024,1024,100,0,0,0,340.1,0,2.6,68,3.789,3.79,0,0,0,0,4.815,105.62,0.809035787044,4.593176,6,P-GPS,
189800,2026-05-22 09:18:45,51.9885868526074,4.39014038309144,4.593176,,,0.809035787044,2.952756,8.5674802,83.70079008,376.93242676,29,5,7.584,3.105623787044,6.889764,8.5674802,143.322183064,6.487126,-5.59235,0,320.3, -4.6, 2.2,,,0,0,1684,1024,1024,1024,100,0,0,0,339.9,0,0.7,68,3.789,3.79,0,0,0,0,4.815,105.62,0.809035787044,4.593176,6,P-GPS,
189900,2026-05-22 09:18:45,51.9885895057548,4.3901366834418,4.593176,,,0.809035787044,2.952756,8.5674802,82.522640436,378.20867352,29,5,7.583,3.105623787044,6.889764,8.5674802,143.322183064,6.487126,-5.59235,0,320.3, -3.1, -0.7,,,0,0,1684,1024,1024,1024,100,0,0,0,339.9,0,0.4,68,3.785,3.786,0,0,0,0,4.876,105.62,0.809035787044,4.593176,6,P-GPS,
190000,2026-05-22 09:18:45,51.9885927328017,4.39013296032338,4.593176,,,0.809035787044,2.952756,8.388525,81.145999972,379.65552396,29,5,7.583,3.105623787044,6.889764,8.5674802,143.322183064,6.263432,-5.59235,0,320.5, -4.3, 1.2,,,0,0,1684,1024,1024,1024,100,0,0,0,340.3,0,2.4,68,3.785,3.786,0,0,0,0,4.876,105.62,0.809035787044,4.593176,6,P-GPS,
190100,2026-05-22 09:18:45,51.9885952783655,4.39012934632016,4.593176,,,0.809035787044,2.952756,8.2543086,80.01640676,380.8891198,29,5,7.583,3.105623787044,6.889764,8.5674802,143.322183064,6.263432,-5.368656,0,320.5, -5.4, 1.2,,,0,0,1684,1024,1024,1024,100,0,0,0,340.1,0,1.3,68,3.785,3.786,0,0,0,0,4.876,105.62,0.809035787044,4.593176,6,P-GPS,
190200,2026-05-22 09:18:45,51.9885982674569,4.39012563645248,4.593176,,,0.809035787044,2.952756,8.2543086,78.729005144,382.26051092,29,5,7.583,3.105623787044,6.889764,8.5674802,143.322183064,6.263432,-5.368656,0,320.4, -7, 0.6,,,0,0,1684,1024,1024,1024,100,0,0,0,340.1,0,0.9,68,3.785,3.786,0,0,0,0,4.876,105.62,0.809035787044,4.593176,6,P-GPS,
190300,2026-05-22 09:18:45,51.9886008670267,4.39012214680454,4.593176,,,0.809035787044,2.952756,8.0977228,77.594818756,383.49082592,29,5,7.583,3.105623787044,6.889764,8.5674802,143.322183064,6.263432,-5.144962,0,320.4, -7.7, 0.1,,,0,0,1684,1024,1024,1024,100,0,0,0,340.1,0,0.3,68,3.785,3.786,0,0,0,0,4.876,105.62,0.809035787044,4.593176,6,P-GPS,
190400,2026-05-22 09:18:46,51.9886038899234,4.39011871449997,4.593176,,,0.809035787044,2.952756,8.276678,76.31890008,384.83597032,28,5,7.583,3.105623787044,6.889764,8.5674802,143.322183064,6.487126,-5.144962,0,320.5, -8.5, -0.1,,,0,0,1684,1024,1024,1024,100,0,0,0,340.1,0,0,68,3.785,3.786,0,0,0,0,4.876,105.62,0.809035787044,4.593176,6,P-GPS,
190500,2026-05-22 09:18:46,51.9886065538309,4.39011526048644,4.593176,,,0.809035787044,2.952756,8.276678,75.169949912,386.07940868,28,5,7.583,3.105623787044,6.889764,8.5674802,143.322183064,6.487126,-5.144962,0,320.5, -8.8, -1,,,0,0,1684,1024,1024,1024,100,0,0,0,339.9,0,-0.6,68,3.785,3.786,0,0,0,0,4.876,105.62,0.809035787044,4.593176,6,P-GPS,
190600,2026-05-22 09:18:46,51.9886096405855,4.39011151531128,4.593176,,,0.809035787044,2.952756,8.4556332,73.857941996,387.48688904,27,5,7.583,3.105623787044,6.889764,8.5674802,143.322183064,6.71082,-5.144962,0,320.4, -7.8, -1.2,,,0,0,1684,1024,1024,1024,100,0,0,0,339.8,0,-0.9,68,3.785,3.786,0,0,0,0,4.876,105.62,0.809035787044,4.593176,6,P-GPS,
190700,2026-05-22 09:18:46,51.9886125115217,4.39010767151718,4.593176,,,0.809035787044,2.952756,8.5898496,72.620081064,388.8451568,27,5,7.583,3.105623787044,6.889764,8.5898496,143.322183064,6.71082,-5.368656,0,320.4, -7.5, -1.5,,,0,0,1684,1024,1024,1024,100,0,0,0,339.8,0,-1,68,3.785,3.786,0,0,0,0,4.876,105.62,0.809035787044,4.593176,6,P-GPS,
190800,2026-05-22 09:18:46,51.9886152185038,4.39010420661092,4.593176,,,0.809035787044,2.952756,8.5898496,71.465553468,390.10171852,27,5,7.583,3.105623787044,6.889764,8.5898496,143.322183064,6.71082,-5.368656,0,320.4, -7.1, -1.7,,,0,0,1684,1024,1024,1024,100,0,0,0,339.8,0,-1.6,68,3.785,3.786,0,0,0,0,4.876,105.62,0.809035787044,4.593176,6,P-GPS,
190900,2026-05-22 09:18:46,51.9886179667443,4.39010067741245,4.593176,,,0.809035787044,2.952756,8.5898496,70.296590176,391.38124612,27,5,7.581,3.105623787044,6.889764,8.5898496,143.322183064,6.71082,-5.368656,0,320.3, -6.6, -2.2,,,0,0,1684,1024,1024,1024,100,0,0,0,339.8,0,-1.7,67,3.79,3.79,0,0,0,0,4.807,105.62,0.809035787044,4.593176,6,P-GPS,
191000,2026-05-22 09:18:46,51.9886206481455,4.39009672316766,4.593176,,,0.809035787044,2.952756,8.5898496,69.13222006,392.7001438,26,5,7.581,3.105623787044,6.889764,8.5898496,143.322183064,6.71082,-5.368656,0,320.4, -6.5, -1.7,,,0,0,1684,1024,1024,1024,100,0,0,0,339.9,0,-0.9,67,3.79,3.79,0,0,0,0,4.807,105.62,0.809035787044,4.593176,6,P-GPS,
191100,2026-05-22 09:18:46,51.9886234006524,4.39009301072636,4.593176,,,0.809035787044,2.952756,8.7464354,67.96096018,394.00591812,26,5,7.581,3.105623787044,6.889764,8.7464354,143.322183064,6.71082,-5.59235,0,320.4, -6.8, -1.4,,,0,0,1684,1024,1024,1024,100,0,0,0,340.1,0,-0.2,67,3.79,3.79,0,0,0,0,4.807,105.62,0.809035787044,4.593176,6,P-GPS,
191200,2026-05-22 09:18:46,51.9886262316666,4.39008884389928,4.593176,,,0.809035787044,2.952756,8.7464354,66.744096624,395.40027512,25,5,7.581,3.105623787044,6.889764,8.7464354,143.322183064,6.71082,-5.59235,0,320.5, -6.4, -0.4,,,0,0,1684,1024,1024,1024,100,0,0,0,340,0,-0.1,67,3.79,3.79,0,0,0,0,4.807,105.62,0.809035787044,4.593176,6,P-GPS,
191300,2026-05-22 09:18:47,51.9886289167859,4.39008513652873,4.593176,,,0.809035787044,2.952756,8.5674802,65.608269816,396.6863644,25,5,7.581,3.105623787044,6.889764,8.7464354,143.322183064,6.487126,-5.59235,0,320.4, -6.5, -0.8,,,0,0,1683,1024,1024,1024,100,0,0,0,339.9,0,0,67,3.79,3.79,0,0,0,0,4.807,105.62,0.809035787044,4.593176,6,P-GPS,
191400,2026-05-22 09:18:47,51.9886319894051,4.39008130303266,4.593176,,,0.809035787044,2.952756,8.5674802,64.333663476,398.10040644,25,5,7.581,3.105623787044,6.889764,8.7464354,143.322183064,6.487126,-5.59235,0,320.3, -6.7, -0.4,,,0,0,1675,1024,1024,1024,99,0,0,0,339.9,0,0.6,67,3.79,3.79,0,0,0,0,4.807,105.62,0.809035787044,4.593176,6,P-GPS,
191500,2026-05-22 09:18:47,51.9886346693499,4.39007745971503,4.593176,,,0.809035787044,2.952756,8.7016966,63.2053826,399.40618076,25,5,7.581,3.105623787044,6.889764,8.7464354,143.322183064,6.487126,-5.816044,0,320.2, -6.5, 0.5,,,0,0,1675,1024,1024,1024,99,0,0,0,340,0,1.7,67,3.79,3.79,0,0,0,0,4.807,105.62,0.809035787044,4.593176,6,P-GPS,
191600,2026-05-22 09:18:47,51.9886379209153,4.39007356424999,4.593176,,,0.809035787044,2.952756,8.7016966,61.8766424,400.87927792,26,5,7.581,3.105623787044,6.889764,8.7464354,143.322183064,6.487126,-5.816044,0,320.2, -6, 1.5,,,0,0,1663,1024,1024,1024,97,0,0,0,340.1,0,2.5,67,3.79,3.79,0,0,0,0,4.807,105.62,0.809035787044,4.593176,6,P-GPS,
191700,2026-05-22 09:18:47,51.9886405098792,4.39006973945211,4.593176,,,0.809035787044,2.952756,8.5451108,60.79560562,402.15552468,26,5,7.581,3.105623787044,6.889764,8.7464354,143.322183064,6.263432,-5.816044,0,320.2, -6.1, 2,,,0,0,1651,1024,1024,1024,95,0,0,0,340.2,0,2.9,67,3.79,3.79,0,0,0,0,4.807,105.62,0.809035787044,4.593176,6,P-GPS,
191800,2026-05-22 09:18:47,51.9886436455682,4.39006600658865,4.593176,,,0.809035787044,3.28084,8.5451108,59.528545212,403.5761284,26,5,7.581,3.105623787044,6.889764,8.7464354,143.322183064,6.263432,-5.816044,0,320.2, -5.9, 2.3,,,0,0,1630,1024,1024,1024,92,0,0,0,340.1,0,2.4,67,3.79,3.79,0,0,0,0,4.807,105.62,0.809035787044,4.593176,6,P-GPS,
191900,2026-05-22 09:18:47,51.9886465109017,4.39006222619294,4.593176,,,0.809035787044,3.28084,8.388525,58.36450318,404.9212728,27,5,7.569,3.105623787044,6.889764,8.7464354,143.322183064,6.263432,-5.59235,0,320.2, -5.4, 1.8,,,0,0,1632,1024,1024,1024,92,0,0,0,340.1,0,2.7,67,3.784,3.785,0,0,0,0,4.91,105.8,0.809035787044,4.593176,6,P-GPS,
192000,2026-05-22 09:18:47,51.9886490662832,4.39005850064,4.593176,,,0.809035787044,3.28084,8.388525,57.322180312,406.17455368,27,5,7.569,3.105623787044,6.889764,8.7464354,143.322183064,6.263432,-5.59235,0,320.3, -5.3, 2.3,,,0,0,1638,1024,1024,1024,93,0,0,0,340.1,0,2.9,67,3.784,3.785,0,0,0,0,4.91,105.8,0.809035787044,4.593176,6,P-GPS,
192100,2026-05-22 09:18:47,51.9886520339059,4.39005464268743,4.593176,,,0.809035787044,3.28084,8.388525,56.135500484,407.562349,27,5,7.569,3.105623787044,6.889764,8.7464354,143.322183064,6.263432,-5.59235,0,320.3, -5.5, 2.3,,,0,0,1634,1024,1024,1024,92,0,0,0,340.1,0,3,67,3.784,3.785,0,0,0,0,4.91,105.8,0.809035787044,4.593176,6,P-GPS,
192200,2026-05-22 09:18:47,51.9886547028336,4.39005081796954,4.593176,,,0.809035787044,3.28084,8.388525,55.067587064,408.86156164,27,5,7.569,3.105623787044,6.889764,8.7464354,143.322183064,6.263432,-5.59235,0,320.3, -5.4, 2.6,,,0,0,1615,1024,1024,1024,90,0,0,0,340.2,0,3,67,3.784,3.785,0,0,0,0,4.91,105.8,0.809035787044,4.593176,6,P-GPS,
192300,2026-05-22 09:18:48,51.9886577632021,4.39004707111282,4.593176,,,0.809035787044,3.28084,8.388525,53.869096212,410.25919948,28,5,7.569,3.105623787044,6.889764,8.7464354,143.322183064,6.263432,-5.59235,0,320.3, -5.1, 2.2,,,0,0,1615,1024,1024,1024,90,0,0,0,340.1,0,2.7,67,3.784,3.785,0,0,0,0,4.91,105.8,0.809035787044,4.593176,6,P-GPS,
192400,2026-05-22 09:18:48,51.9886604164352,4.39004335739687,4.593176,,,0.809035787044,3.28084,8.2543086,52.829069932,411.53544624,28,5,7.569,3.105623787044,6.889764,8.7464354,143.322183064,6.263432,-5.368656,0,320.3, -4.2, 2,,,0,0,1623,1024,1024,1024,91,0,0,0,340,0,2.3,67,3.784,3.785,0,0,0,0,4.91,105.8,0.809035787044,4.593176,6,P-GPS,
192500,2026-05-22 09:18:48,51.9886630656247,4.39003965351812,4.593176,,,0.809035787044,3.28084,8.2543086,51.801510844,412.811693,28,5,7.569,3.105623787044,6.889764,8.7464354,143.322183064,6.263432,-5.368656,0,320.3, -3.6, 2.1,,,0,0,1623,1024,1024,1024,91,0,0,0,340.2,0,3.1,67,3.784,3.785,0,0,0,0,4.91,105.8,0.809035787044,4.593176,6,P-GPS,
192600,2026-05-22 09:18:48,51.9886658765752,4.39003614637814,4.593176,,,0.809035787044,3.28084,8.2543086,50.728676164,414.10434396,27,5,7.569,3.105623787044,6.889764,8.7464354,143.322183064,6.263432,-5.368656,0,320.4, -3.7, 2.4,,,0,0,1507,1024,1024,1024,73,0,0,0,340.1,0,2.4,67,3.784,3.785,0,0,0,0,4.91,105.8,0.809035787044,4.593176,6,P-GPS,
192700,2026-05-22 09:18:48,51.9886685731399,4.39003262092102,4.593176,,,0.809035787044,3.28084,8.0977228,49.707678756,415.36746736,27,5,7.569,3.105623787044,6.889764,8.7464354,143.322183064,6.263432,-5.144962,0,320.3, -3.5, 1.4,,,0,0,1490,1024,1024,1024,71,0,0,0,339.9,0,1.6,67,3.784,3.785,0,0,0,0,4.91,105.8,0.809035787044,4.593176,6,P-GPS,
192800,2026-05-22 09:18:48,51.9886711471374,4.39002912488072,4.593176,,,0.809035787044,3.28084,8.0977228,48.743111796,416.59450152,27,5,7.569,3.105623787044,6.889764,8.7464354,143.322183064,6.263432,-5.144962,0,320.3, -1.3, 1,,,0,0,1194,1024,1024,1024,26,0,0,0,339.9,0,1.8,67,3.784,3.785,0,0,0,0,4.91,105.8,0.809035787044,4.593176,6,P-GPS,
192900,2026-05-22 09:18:48,51.988674024653,4.39002570608687,4.593176,,,0.809035787044,3.28084,7.941137,47.679791552,417.89371416,27,5,7.575,3.105623787044,6.889764,8.7464354,143.322183064,6.039738,-5.144962,0,320.3, 0.2, 1.5,,,0,0,1185,1024,1024,1024,24,0,0,0,339.8,0,2.7,67,3.788,3.787,0,0,0,0,4.979,105.8,0.809035787044,4.593176,6,P-GPS,
193000,2026-05-22 09:18:48,51.9886764079075,4.39002240739224,4.593176,,,0.809035787044,3.28084,7.6279654,46.808728532,419.03544648,27,5,7.575,3.105623787044,6.889764,8.7464354,143.322183064,5.816044,-4.921268,0,320.4, 3.7, 2.1,,,0,0,1141,1024,1024,1024,18,0,0,0,339.8,0,2.7,67,3.788,3.787,0,0,0,0,4.979,105.8,0.809035787044,4.593176,6,P-GPS,
193100,2026-05-22 09:18:48,51.9886792175473,4.39001938501041,4.593176,,,0.809035787044,3.28084,7.2924244,45.792652384,420.26576148,27,5,7.575,3.105623787044,6.889764,8.7464354,143.322183064,5.59235,-4.697574,0,320.4, 4.5, 1.6,,,0,0,1141,1024,1024,1024,18,0,0,0,339.9,0,2.3,67,3.788,3.787,0,0,0,0,4.979,105.8,0.809035787044,4.593176,6,P-GPS,
193200,2026-05-22 09:18:48,51.9886814002155,4.39001640106792,4.593176,,,0.809035787044,3.28084,6.9792528,45.015749472,421.30578776,27,5,7.575,3.105623787044,6.889764,8.7464354,143.322183064,5.368656,-4.47388,0,320.6, 4.7, 1.9,,,0,0,1144,1024,1024,1024,18,0,0,0,339.8,0,2.7,67,3.788,3.787,0,0,0,0,4.979,105.8,0.809035787044,4.593176,6,P-GPS,
193300,2026-05-22 09:18:49,51.9886841560977,4.39001330793025,4.593176,,,0.809035787044,3.28084,6.6660812,44.041668076,422.52954108,26,5,7.575,3.105623787044,6.889764,8.7464354,143.322183064,5.144962,-4.250186,0,320.5, 4.8, 1.8,,,0,0,1140,1024,1024,1024,18,0,0,0,339.7,0,2.2,67,3.788,3.787,0,0,0,0,4.979,105.8,0.809035787044,4.593176,6,P-GPS,
193400,2026-05-22 09:18:49,51.9886861686949,4.39001058676289,4.593176,,,0.809035787044,3.608924,6.3529096,43.345473828,423.48426552,26,5,7.575,3.105623787044,6.889764,8.7464354,143.322183064,4.921268,-4.026492,0,320.4, 4.9, 1.4,,,0,0,1187,1024,1024,1024,25,0,0,0,339.7,0,1.9,67,3.788,3.787,0,0,0,0,4.979,105.8,0.809035787044,4.593176,6,P-GPS,
193500,2026-05-22 09:18:49,51.9886881743187,4.39000786331404,4.593176,,,0.809035787044,3.608924,6.039738,42.661746772,424.43898996,26,5,7.575,3.105623787044,6.889764,8.7464354,143.322183064,4.697574,-3.802798,0,320.4, 5.5, 1.4,,,0,0,1121,1024,1024,1024,15,0,0,0,339.7,0,2.7,67,3.788,3.787,0,0,0,0,4.979,105.8,0.809035787044,4.593176,6,P-GPS,
193600,2026-05-22 09:18:49,51.988690211563,4.39000514250317,4.593176,,,0.809035787044,3.608924,5.8607828,41.977035464,425.40027608,26,5,7.575,3.105623787044,6.889764,8.7464354,143.322183064,4.47388,-3.802798,0,320.4, 6.1, 2.3,,,0,0,1096,1024,1024,1024,11,0,0,0,339.6,0,2.9,67,3.788,3.787,0,0,0,0,4.979,105.8,0.809035787044,4.593176,6,P-GPS,
193700,2026-05-22 09:18:49,51.9886920288768,4.39000271040724,4.593176,,,0.809035787044,3.608924,5.5476112,41.375657492,426.25985616,26,5,7.575,3.105623787044,6.889764,8.7464354,143.322183064,4.250186,-3.579104,0,320.4, 6.5, 1.9,,,0,0,1108,1024,1024,1024,13,0,0,0,339.7,0,2.2,67,3.788,3.787,0,0,0,0,4.979,105.8,0.809035787044,4.593176,6,P-GPS,
193800,2026-05-22 09:18:49,51.9886941052464,4.39000036881111,4.593176,,,0.809035787044,3.608924,5.2344396,40.68733726,427.1817722,25,5,7.575,3.105623787044,6.889764,8.7464354,143.322183064,4.026492,-3.35541,0,320.4, 6.8, 1.4,,,0,0,1024,1024,1024,1024,0,0,0,0,339.8,0,1.9,67,3.788,3.787,0,0,0,0,4.979,105.8,0.809035787044,4.593176,6,P-GPS,
193900,2026-05-22 09:18:49,51.9886961261364,4.38999835076443,4.593176,,,0.809035787044,3.608924,5.1002232,40.0180459,428.04791396,25,5,7.566,3.105623787044,6.889764,8.7464354,143.322183064,4.026492,-3.131716,0,320.5, 7.2, 1.3,,,0,0,1024,1024,1024,1024,0,0,0,0,339.8,0,1.8,67,3.783,3.783,0,0,0,0,5.026,105.8,0.809035787044,4.593176,6,P-GPS,
194000,2026-05-22 09:18:49,51.9886977518077,4.38999624508547,4.593176,,,0.809035787044,3.608924,4.7870516,39.501969768,428.805788,25,5,7.566,3.105623787044,6.889764,8.7464354,143.322183064,3.802798,-2.908022,0,320.5, 7.7, 0.9,,,0,0,1024,1024,1024,1024,0,0,0,0,339.8,0,1.1,67,3.783,3.783,0,0,0,0,5.026,105.8,0.809035787044,4.593176,6,P-GPS,
194100,2026-05-22 09:18:49,51.9886994303028,4.38999462700087,4.593176,,,0.809035787044,3.608924,4.47388,38.956037992,429.51773028,26,5,7.566,3.105623787044,6.889764,8.7464354,143.322183064,3.579104,-2.684328,0,320.4, 10.3, 0,,,0,0,1024,1024,1024,1024,0,0,0,0,339.8,0,0.4,67,3.783,3.783,0,0,0,0,5.026,105.8,0.809035787044,4.593176,6,P-GPS,
194200,2026-05-22 09:18:49,51.9887008555763,4.38999281073069,4.593176,,,0.809035787044,3.608924,4.1607084,38.514765012,430.18045996,26,5,7.566,3.105623787044,6.889764,8.7464354,143.322183064,3.35541,-2.460634,0,320.3, 14, -0.2,,,0,0,1024,1024,1024,1024,0,0,0,0,339.7,0,0.7,67,3.783,3.783,0,0,0,0,5.026,105.8,0.809035787044,4.593176,6,P-GPS,
194300,2026-05-22 09:18:50,51.9887021263278,4.38999130643382,4.593176,,,0.809035787044,3.608924,3.6685816,38.12172038,430.75460696,27,5,7.566,3.105623787044,6.889764,8.7464354,143.322183064,2.908022,-2.23694,0,320.4, 15.8, 0.2,,,0,0,1024,1024,1024,1024,0,0,0,0,339.7,0,1.1,67,3.783,3.783,0,0,0,0,5.026,105.8,0.809035787044,4.593176,6,P-GPS,
194400,2026-05-22 09:18:50,51.9887031942313,4.38998989677022,4.593176,,,0.809035787044,3.608924,3.1764548,37.801510396,431.25657548,27,5,7.566,3.105623787044,6.889764,8.7464354,143.322183064,2.460634,-2.013246,0,320.4, 16.4, 0.4,,,0,0,1024,1024,1024,1024,0,0,0,0,339.7,0,1.1,67,3.783,3.783,0,0,0,0,5.026,105.8,0.809035787044,4.593176,6,P-GPS,
194500,2026-05-22 09:18:50,51.9887040936488,4.3899886928166,4.593176,,,0.809035787044,3.608924,2.5501116,37.535434272,431.67980384,27,5,7.566,3.105623787044,6.889764,8.7464354,143.322183064,2.013246,-1.565858,0,320.4, 16.4, 0.5,,,0,0,1024,1024,1024,1024,0,0,0,0,339.6,0,1.1,67,3.783,3.783,0,0,0,0,5.026,105.8,0.809035787044,4.593176,6,P-GPS,
194600,2026-05-22 09:18:50,51.9887051341295,4.38998782201313,4.593176,,,0.809035787044,3.937008,2.0579848,37.206037936,432.10959388,26,5,7.566,3.105623787044,6.889764,8.7464354,143.322183064,1.565858,-1.342164,0,320.4, 15.8, 0.5,,,0,0,1024,1024,1024,1024,0,0,0,0,339.6,0,1.6,67,3.783,3.783,0,0,0,0,5.026,105.8,0.809035787044,4.593176,6,P-GPS,
194700,2026-05-22 09:18:50,51.9887057208536,4.38998698259063,4.593176,,,0.809035787044,3.937008,1.7448132,37.038715096,432.39502696,26,5,7.566,3.105623787044,6.889764,8.7464354,143.322183064,1.342164,-1.11847,0,320.5, 15.5, 1,,,0,0,1024,1024,1024,1024,0,0,0,0,339.6,0,1.8,67,3.783,3.783,0,0,0,0,5.026,105.8,0.809035787044,4.593176,6,P-GPS,
194800,2026-05-22 09:18:50,51.9887064079052,4.38998646965813,4.593176,,,0.809035787044,3.937008,1.7448132,36.820211152,432.67061752,26,5,7.566,3.105623787044,6.889764,8.7464354,143.322183064,0.894776,-0.894776,0,320.5, 15, 1.3,,,0,0,1024,1024,1024,1024,0,0,0,0,339.5,0,2.2,67,3.783,3.783,0,0,0,0,5.026,105.8,0.809035787044,4.593176,6,P-GPS,
194900,2026-05-22 09:18:50,51.9887067964759,4.3899858694307,4.593176,,,0.809035787044,3.937008,0.9395148,36.712927684,432.86418708,26,5,7.563,3.105623787044,6.889764,8.7464354,143.322183064,0.671082,-0.671082,0,320.6, 14.1, 1.6,,,0,0,1024,1024,1024,1024,0,0,0,0,339.6,0,2.3,67,3.781,3.782,0,0,0,0,5.084,105.98,0.809035787044,4.593176,6,P-GPS,
195000,2026-05-22 09:18:50,51.9887071156373,4.389985382951,4.593176,,,0.809035787044,3.937008,0.6263432,36.625329256,433.02494824,27,5,7.563,3.105623787044,6.889764,8.7464354,143.322183064,0.447388,-0.447388,0,320.5, 13.1, 1.7,,,0,0,1024,1024,1024,1024,0,0,0,0,339.5,0,2.4,67,3.781,3.782,0,0,0,0,5.084,105.98,0.809035787044,4.593176,6,P-GPS,
195100,2026-05-22 09:18:50,51.9887073480156,4.38998501803036,4.593176,,,0.809035787044,3.937008,0.3131716,36.562009044,433.14305848,27,5,7.563,3.105623787044,6.889764,8.7464354,143.322183064,0.223694,-0.223694,0,320.5, 12.5, 1.5,,,0,0,1024,1024,1024,1024,0,0,0,0,339.7,0,1.9,67,3.781,3.782,0,0,0,0,5.084,105.98,0.809035787044,4.593176,6,P-GPS,
195200,2026-05-22 09:18:50,51.9887073145274,4.38998477825448,4.593176,,,0.809035787044,3.937008,0.3131716,36.586943428,433.19883276,26,5,7.563,3.105623787044,6.889764,8.7464354,143.322183064,0.223694,-0.223694,0,320.5, 11.7, 1.4,,,0,0,1024,1024,1024,1024,0,0,0,0,339.6,0,2.4,67,3.781,3.782,0,0,0,0,5.084,105.98,0.809035787044,4.593176,6,P-GPS,
195300,2026-05-22 09:18:50,51.9887073870809,4.38998464725992,4.593176,,,0.809035787044,3.937008,0,36.56824264,433.23820284,26,5,7.563,3.105623787044,6.889764,8.7464354,143.322183064,0,0,0,320.5, 10.6, 1.2,,,0,0,1024,1358,1024,1024,0,51,0,0,339.7,0,1.7,67,3.781,3.782,0,0,0,0,5.084,105.98,0.809035787044,4.593176,6,P-GPS,
195400,2026-05-22 09:18:51,51.9887071477462,4.38998470899935,4.593176,,,0.809035787044,3.937008,0,36.649607472,433.32678552,24,5,7.563,3.105623787044,6.889764,8.7464354,143.322183064,0,0,0,320.5, 8.8, 1.4,,,0,0,1024,1684,1024,1024,0,100,0,0,339.6,0,3.9,67,3.781,3.782,0,0,0,0,5.084,105.98,0.809035787044,4.593176,6,P-GPS,
195500,2026-05-22 09:18:51,51.9887071353841,4.38998469418355,4.593176,,,0.809035787044,3.937008,0,36.654856816,433.33006636,24,5,7.563,3.105623787044,6.889764,8.7464354,143.322183064,0,0,0,320.7, 6.3, 5.9,,,0,0,1024,1684,1024,1024,0,100,0,0,339.4,0,11.8,67,3.781,3.782,0,0,0,0,5.084,105.98,0.809035787044,4.593176,6,P-GPS,
195600,2026-05-22 09:18:51,51.9887071220797,4.38998463846087,4.593176,,,0.809035787044,3.937008,0.223694,36.662402748,433.34647056,27,5,7.563,3.105623787044,6.889764,8.7464354,143.322183064,0.223694,0,0,320.9, 4.3, 13.2,,,0,0,1024,1684,1024,1024,0,100,0,0,339.4,0,15.1,67,3.781,3.782,0,0,0,0,5.084,105.98,0.809035787044,4.593176,6,P-GPS,
195700,2026-05-22 09:18:51,51.9887072875844,4.38998486935422,4.593176,,,0.809035787044,3.937008,0.4921268,36.591536604,433.42521072,27,5,7.563,3.105623787044,6.889764,8.7464354,143.322183064,0.447388,0.223694,0,320.8, 3.4, 14.4,,,0,0,1024,1684,1024,1024,0,100,0,0,339.3,0,14.9,67,3.781,3.782,0,0,0,0,5.084,105.98,0.809035787044,4.593176,6,P-GPS,
195800,2026-05-22 09:18:51,51.9887076223205,4.38998519379923,4.593176,,,0.809035787044,3.937008,1.11847,36.455709828,433.56628684,26,5,7.563,3.105623787044,6.889764,8.7464354,143.322183064,0.894776,0.671082,0,320.8, 3.8, 14.1,,,0,0,1024,1684,1024,1024,0,100,0,0,339.3,0,14.5,67,3.781,3.782,0,0,0,0,5.084,105.98,0.809035787044,4.593176,6,P-GPS,
195900,2026-05-22 09:18:51,51.9887081030801,4.38998578675092,4.593176,,,0.809035787044,3.937008,1.6105968,36.253610084,433.78610312,26,5,7.559,3.105623787044,6.889764,8.7464354,143.322183064,1.342164,0.894776,0,321, 4.7, 13.8,,,0,0,1024,1684,1024,1024,0,100,0,0,339.2,0,14.5,67,3.779,3.78,0,0,0,0,5.2,105.98,0.809035787044,4.593176,6,P-GPS,
196000,2026-05-22 09:18:51,51.9887085645641,4.3899862799812,4.593176,,,0.809035787044,3.937008,1.9237684,36.063977532,433.9895152,26,5,7.559,3.105623787044,6.889764,8.7464354,143.322183064,1.565858,1.11847,0,321.1, 5.8, 13.8,,,0,0,1024,1684,1024,1024,0,100,0,0,339.1,0,14.3,67,3.779,3.78,0,0,0,0,5.2,105.98,0.809035787044,4.593176,6,P-GPS,
196100,2026-05-22 09:18:51,51.9887092639006,4.38998719429997,4.593176,,,0.809035787044,3.937008,2.23694,35.768373848,434.3175992,26,5,7.559,3.105623787044,6.889764,8.7464354,143.322183064,1.789552,1.342164,0,321, 6.3, 12.8,,,0,0,1024,1024,1024,1187,0,0,0,25,339.4,0,7.3,67,3.779,3.78,0,0,0,0,5.2,105.98,0.809035787044,4.593176,6,P-GPS,
196200,2026-05-22 09:18:51,51.9887098693521,4.38998823338441,4.593176,,,0.809035787044,3.937008,2.23694,35.50032922,434.63912152,28,5,7.559,3.105623787044,6.889764,8.7464354,143.322183064,1.789552,1.342164,0,321.1, 6.7, 3,,,0,0,1024,1024,997,1684,0,0,-4,100,342.8,0,1.9,67,3.779,3.78,0,0,0,0,5.2,105.98,0.809035787044,4.593176,6,P-GPS,
196300,2026-05-22 09:18:51,51.9887105931216,4.38998920953652,4.593176,,,0.809035787044,3.937008,2.23694,35.194226848,434.98032888,28,5,7.559,3.105623787044,6.889764,8.7464354,143.322183064,1.789552,1.342164,0,325.6, 7.3, 1,,,0,0,1024,1024,1010,1684,0,0,-2,100,348.2,0,2.6,67,3.779,3.78,0,0,0,0,5.2,105.98,0.809035787044,4.593176,6,P-GPS,
196400,2026-05-22 09:18:52,51.988711339919,4.38999026755805,4.593176,,,0.809035787044,3.937008,1.9237684,34.876641536,435.34122128,27,5,7.559,3.105623787044,6.889764,8.7464354,143.322183064,1.565858,1.11847,0,331.2, 7.8, 1.8,,,0,0,1024,1024,1005,1684,0,0,-3,100,354,0,2.4,67,3.779,3.78,0,0,0,0,5.2,105.98,0.809035787044,4.593176,6,P-GPS,
196500,2026-05-22 09:18:52,51.9887119012592,4.3899910616637,4.593176,,,0.809035787044,3.937008,1.6105968,34.638780636,435.613531,27,5,7.559,3.105623787044,6.889764,8.7464354,143.322183064,1.342164,0.894776,0,336.9, 8.8, 0.8,,,0,0,1024,1024,1005,1684,0,0,-3,100,359.5,0,1.6,67,3.779,3.78,0,0,0,0,5.2,105.98,0.809035787044,4.593176,6,P-GPS,
196600,2026-05-22 09:18:52,51.9887125303469,4.38999198628049,4.593176,,,0.809035787044,3.937008,1.4316416,34.370736008,435.9252108,25,5,7.559,3.105623787044,6.889764,8.7464354,143.322183064,1.11847,0.894776,0,342.3, 8.9, 1.5,,,0,0,1024,1024,1024,1024,0,0,0,0,4.7,0,3.2,67,3.779,3.78,0,0,0,0,5.2,105.98,0.809035787044,4.593176,6,P-GPS,
196700,2026-05-22 09:18:52,51.9887128834162,4.38999254639746,4.593176,,,0.809035787044,3.937008,0.9395148,34.218833116,436.10237616,25,5,7.559,3.105623787044,6.889764,8.7464354,143.322183064,0.671082,0.671082,0,347.5, 8.9, 2.6,,,0,0,1024,1024,1024,1254,0,0,0,35,7.4,0,3.9,67,3.779,3.78,0,0,0,0,5.2,105.98,0.809035787044,4.593176,6,P-GPS,
196800,2026-05-22 09:18:52,51.9887133939716,4.38999345879296,4.593176,,,0.809035787044,3.937008,0.6263432,33.995079828,436.38124756,25,5,7.559,3.105623787044,6.889764,8.7464354,143.322183064,0.447388,0.447388,0,348.3, 8.2, 3.2,,,0,0,1024,1024,1024,1684,0,0,0,100,7.7,0,4.1,67,3.779,3.78,0,0,0,0,5.2,105.98,0.809035787044,4.593176,6,P-GPS,
196900,2026-05-22 09:18:52,51.9887135116129,4.38999386204686,4.593176,,,0.809035787044,3.937008,0.4921268,33.935040456,436.47967276,25,5,7.553,3.105623787044,6.889764,8.7464354,143.322183064,0.223694,0.447388,0,350.2, 6.7, 3.3,,,0,0,1024,1024,1024,1684,0,0,0,100,12.4,-0.1,4.3,67,3.779,3.778,0,0,0,0,5.233,105.98,0.809035787044,4.593176,6,P-GPS,
197000,2026-05-22 09:18:52,51.988713647673,4.38999417830144,4.593176,,,0.809035787044,3.937008,0.447388,33.872376412,436.56825544,26,5,7.553,3.105623787044,6.889764,8.7464354,143.322183064,0,0.447388,0,355.5, 5.7, 3.4,,,0,0,1024,1024,1024,1684,0,0,0,100,18.2,-0.1,4.4,67,3.779,3.778,0,0,0,0,5.233,105.98,0.809035787044,4.593176,6,P-GPS,
197100,2026-05-22 09:18:52,51.9887136152986,4.38999447088206,4.593176,,,0.809035787044,3.937008,0.223694,33.87139216,436.63387224,26,5,7.553,3.105623787044,6.889764,8.7464354,143.322183064,0,0.223694,0,1.2, 4.5, 3.4,,,0,0,1024,1024,1024,1684,0,0,0,100,24,-0.1,4.1,67,3.779,3.778,0,0,0,0,5.233,105.98,0.809035787044,4.593176,6,P-GPS,
197200,2026-05-22 09:18:52,51.9887135106534,4.38999469604734,4.593176,,,0.809035787044,3.937008,0.223694,33.898951216,436.69948904,26,5,7.553,3.105623787044,6.889764,8.7464354,143.322183064,0,0.223694,0,6.6, 3.4, 3.3,,,0,0,1024,1024,1024,1684,0,0,0,100,29.4,-0.1,4.4,67,3.779,3.778,0,0,0,0,5.233,105.98,0.809035787044,4.593176,6,P-GPS,
197300,2026-05-22 09:18:52,51.9887135987901,4.3899949778152,4.593176,,,0.809035787044,3.608924,0,33.855316044,436.76838668,25,5,7.553,3.105623787044,6.889764,8.7464354,143.322183064,0,0,0,12, 2.1, 3.5,,,0,0,1024,1024,1024,1684,0,0,0,100,34.7,-0.1,4.8,67,3.779,3.778,0,0,0,0,5.233,105.98,0.809035787044,4.593176,6,P-GPS,
197400,2026-05-22 09:18:53,51.988713552006,4.38999510506061,4.593176,,,0.809035787044,3.937008,0,33.866798984,436.80119508,25,5,7.553,3.105623787044,6.889764,8.7464354,143.322183064,0,0,0,17.3, 1.5, 3.3,,,0,0,1024,1024,1024,1684,0,0,0,100,40.3,-0.1,2.3,67,3.779,3.778,0,0,0,0,5.233,105.98,0.809035787044,4.593176,6,P-GPS,
197500,2026-05-22 09:18:53,51.9887135333558,4.38999519484919,4.593176,,,0.809035787044,3.937008,0,33.86975174,436.82416096,25,5,7.553,3.105623787044,6.889764,8.7464354,143.322183064,0,0,0,22.9, 2.6, 1.3,,,0,0,1024,1024,1024,1684,0,0,0,100,45.9,0,2.8,67,3.779,3.778,0,0,0,0,5.233,105.98,0.809035787044,4.593176,6,P-GPS,
197600,2026-05-22 09:18:53,51.9887135615924,4.38999523616647,4.593176,,,0.809035787044,3.937008,0,33.857612632,436.83728432,26,5,7.553,3.105623787044,6.889764,8.7464354,143.322183064,0,0,0,28.6, 2.7, 2.8,,,0,0,1024,1024,1024,1684,0,0,0,100,51.4,-0.1,4.6,67,3.779,3.778,0,0,0,0,5.233,105.98,0.809035787044,4.593176,6,P-GPS,
197700,2026-05-22 09:18:53,51.9887135570605,4.3899951233369,4.593176,,,0.809035787044,3.937008,0.223694,33.864174312,436.86353104,26,5,7.553,3.105623787044,6.889764,8.7464354,143.322183064,0,-0.223694,0,33.9, 1.1, 4.1,,,0,0,1024,1024,1024,1684,0,0,0,100,56.8,-0.1,5.4,67,3.779,3.778,0,0,0,0,5.233,105.98,0.809035787044,4.593176,6,P-GPS,
197800,2026-05-22 09:18:53,51.988713684648,4.38999500922747,4.593176,,,0.809035787044,3.937008,0.223694,33.823163812,436.91602448,26,5,7.553,3.105623787044,6.889764,8.7464354,143.322183064,0,-0.223694,0,39, -1.6, 5.2,,,0,0,1024,1024,1024,1357,0,0,0,50,62.3,-0.2,6.3,67,3.779,3.778,0,0,0,0,5.233,105.98,0.809035787044,4.593176,6,P-GPS,
197900,2026-05-22 09:18:53,51.9887136874408,4.38999487066502,4.593176,,,0.809035787044,3.937008,0.223694,33.828085072,436.94555204,26,5,7.57,3.105623787044,6.889764,8.7464354,143.322183064,0,-0.223694,0,44.4, -2.1, 5.6,,,0,0,1024,1024,1024,1357,0,0,0,50,67.1,-0.1,6.4,67,3.781,3.782,0,0,0,0,4.734,105.98,0.809035787044,4.593176,6,P-GPS,
198000,2026-05-22 09:18:53,51.9887138117899,4.38999499378566,4.593176,,,0.809035787044,3.937008,0,33.778544388,437.00132632,25,5,7.57,3.105623787044,6.889764,8.7464354,143.322183064,0,0,0,48.2, -0.7, 5.7,,,0,0,1024,1024,1024,1116,0,0,0,14,69.1,0,6.2,67,3.781,3.782,0,0,0,0,4.734,105.98,0.809035787044,4.593176,6,P-GPS,
198100,2026-05-22 09:18:53,51.9887138155594,4.3899949241236,4.593176,,,0.809035787044,3.937008,0,33.780184808,437.01444968,25,5,7.57,3.105623787044,6.889764,8.7464354,143.322183064,0,0,0,49.2, -0.6, 5.5,,,0,0,1024,1024,1024,1024,0,0,0,0,69,0,6.3,67,3.781,3.782,0,0,0,0,4.734,105.98,0.809035787044,4.593176,6,P-GPS,
198200,2026-05-22 09:18:53,51.98871370532,4.38999522314179,4.593176,,,0.809035787044,3.937008,0,33.806759612,437.09318984,26,5,7.57,3.105623787044,6.889764,8.7464354,143.322183064,0,0,0,49, -1.2, 5.8,,,0,0,1024,1024,1024,1024,0,0,0,0,68.9,0,6.3,67,3.781,3.782,0,0,0,0,4.734,105.98,0.809035787044,4.593176,6,P-GPS,
198300,2026-05-22 09:18:53,51.9887136865841,4.38999516712696,4.593176,,,0.809035787044,3.937008,0,33.815945964,437.10959404,26,5,7.57,3.105623787044,6.889764,8.7464354,143.322183064,0,0,0,49, -1.5, 5.7,,,0,0,1024,1024,1024,1024,0,0,0,0,68.9,0,6,67,3.781,3.782,0,0,0,0,4.734,105.98,0.809035787044,4.593176,6,P-GPS,
198400,2026-05-22 09:18:54,51.9887135501127,4.38999536836786,4.593176,,,0.809035787044,3.937008,0,33.856300296,437.17521084,28,5,7.57,3.105623787044,6.889764,8.7464354,143.322183064,0,0,0,48.8, -1.9, 5.1,,,0,0,1024,1024,1024,1024,0,0,0,0,68.8,0,5.7,67,3.781,3.782,0,0,0,0,4.734,105.98,0.809035787044,4.593176,6,P-GPS,
198500,2026-05-22 09:18:54,51.9887135319594,4.38999533691734,4.593176,,,0.809035787044,3.937008,0,33.864174312,437.18505336,28,5,7.57,3.105623787044,6.889764,8.7464354,143.322183064,0,0,0,48.9, -2.3, 5.1,,,0,0,1024,1024,1024,1147,0,0,0,19,68.9,0,5.9,67,3.781,3.782,0,0,0,0,4.734,105.98,0.809035787044,4.593176,6,P-GPS,
198600,2026-05-22 09:18:54,51.9887137735385,4.38999523985651,4.593176,,,0.809035787044,3.937008,0,33.781497144,437.27691688,26,5,7.57,3.105623787044,6.889764,8.7464354,143.322183064,0,0,0,49, -1.5, 5.5,,,0,0,1024,1024,1024,1684,0,0,0,100,69.6,0,6.3,67,3.781,3.782,0,0,0,0,4.734,105.98,0.809035787044,4.593176,6,P-GPS,
198700,2026-05-22 09:18:54,51.9887137927713,4.38999524582804,4.593176,,,0.809035787044,3.937008,0,33.77460738,437.28347856,26,5,7.57,3.105623787044,6.889764,8.7464354,143.322183064,0,0,0,51.6, -1.2, 5.7,,,0,0,1024,1024,1024,1684,0,0,0,100,74.7,-0.1,6.2,67,3.781,3.782,0,0,0,0,4.734,105.98,0.809035787044,4.593176,6,P-GPS,
198800,2026-05-22 09:18:54,51.9887140432858,4.38999512427593,4.593176,,,0.809035787044,3.937008,0,33.689961708,437.37862292,26,5,7.57,3.105623787044,6.889764,8.7464354,143.322183064,0,0,0,57.1, -1.2, 5.5,,,0,0,1024,1024,1024,1684,0,0,0,100,80.2,-0.1,5.9,67,3.781,3.782,0,0,0,0,4.734,105.98,0.809035787044,4.593176,6,P-GPS,
198900,2026-05-22 09:18:54,51.9887140696549,4.38999514490675,4.593176,,,0.809035787044,3.937008,0,33.67946302,437.38846544,26,5,7.558,3.105623787044,6.889764,8.7464354,143.322183064,0,0,0,62.5, -1.3, 5.6,,,0,0,1024,1024,1024,1684,0,0,0,100,85.9,-0.2,6.9,67,3.778,3.777,0,0,0,0,4.982,106.16,0.809035787044,4.593176,6,P-GPS,
199000,2026-05-22 09:18:54,51.9887141786778,4.38999515504478,4.593176,,,0.809035787044,3.937008,0,33.64009294,437.42783552,27,5,7.558,3.105623787044,6.889764,8.7464354,143.322183064,0,0,0,68.3, -1.3, 6.4,,,0,0,1024,1024,1024,1684,0,0,0,100,91.5,-0.2,7.1,67,3.778,3.777,0,0,0,0,4.982,106.16,0.809035787044,4.593176,6,P-GPS,
199100,2026-05-22 09:18:54,51.9887142136651,4.38999516134671,4.593176,,,0.809035787044,3.937008,0,33.627297664,437.44095888,27,5,7.558,3.105623787044,6.889764,8.7464354,143.322183064,0,0,0,73.7, -1.4, 7,,,0,0,1024,1024,1024,1226,0,0,0,31,95.9,-0.1,6.7,67,3.778,3.777,0,0,0,0,4.982,106.16,0.809035787044,4.593176,6,P-GPS,
199200,2026-05-22 09:18:54,51.9887141598219,4.38999519067572,4.593176,,,0.809035787044,3.937008,0,33.645342284,437.46392476,26,5,7.558,3.105623787044,6.889764,8.7464354,143.322183064,0,0,0,76.2, -2.5, 5.8,,,0,0,1024,1024,1024,1067,0,0,0,7,96.6,0,6.6,67,3.778,3.777,0,0,0,0,4.982,106.16,0.809035787044,4.593176,6,P-GPS,
199300,2026-05-22 09:18:55,51.9887141639683,4.38999514804728,4.593176,,,0.809035787044,3.937008,0,33.645670368,437.47376728,26,5,7.558,3.105623787044,6.889764,8.7464354,143.322183064,0,0,0,76.5, -3.3, 6.5,,,0,0,1024,1024,1024,1024,0,0,0,0,96.6,0,7.1,67,3.778,3.777,0,0,0,0,4.982,106.16,0.809035787044,4.593176,6,P-GPS,
199400,2026-05-22 09:18:55,51.9887143030269,4.38999491746345,4.593176,,,0.809035787044,3.937008,0,33.60564412,437.54594576,26,5,7.558,3.105623787044,6.889764,8.7464354,143.322183064,0,0,0,76.4, -3.2, 6.3,,,0,0,1024,1024,1024,1024,0,0,0,0,96.5,0,6.3,67,3.778,3.777,0,0,0,0,4.982,106.16,0.809035787044,4.593176,6,P-GPS,
199500,2026-05-22 09:18:55,51.9887142948198,4.38999491667745,4.593176,,,0.809035787044,3.937008,0,33.608596876,437.5492266,26,5,7.558,3.105623787044,6.889764,8.7464354,143.322183064,0,0,0,76.4, -2.7, 5.6,,,0,0,1024,1024,1024,1024,0,0,0,0,96.5,0,6.2,67,3.778,3.777,0,0,0,0,4.982,106.16,0.809035787044,4.593176,6,P-GPS,
199600,2026-05-22 09:18:55,51.9887142880947,4.3899946851859,4.593176,,,0.809035787044,3.937008,0,33.621064068,437.60172004,26,5,7.558,3.105623787044,6.889764,8.7464354,143.322183064,0,0,0,76.4, -2.8, 5.7,,,0,0,1024,1024,1024,1024,0,0,0,0,96.5,0,6.3,67,3.778,3.777,0,0,0,0,4.982,106.16,0.809035787044,4.593176,6,P-GPS,
199700,2026-05-22 09:18:55,51.9887142965332,4.38999468894202,4.593176,,,0.809035787044,3.937008,0,33.618111312,437.60500088,26,5,7.558,3.105623787044,6.889764,8.7464354,143.322183064,0,0,0,76.4, -2.7, 6.4,,,0,0,1024,1024,1024,1024,0,0,0,0,96.5,0,7.2,67,3.778,3.777,0,0,0,0,4.982,106.16,0.809035787044,4.593176,6,P-GPS,
199800,2026-05-22 09:18:55,51.9887143195782,4.38999461904695,4.593176,,,0.809035787044,3.937008,0,33.612861968,437.62140508,26,5,7.558,3.105623787044,6.889764,8.7464354,143.322183064,0,0,0,76.5, -2.3, 6.5,,,0,0,1024,1024,1024,1024,0,0,0,0,96.5,0,6.7,67,3.778,3.777,0,0,0,0,4.982,106.16,0.809035787044,4.593176,6,P-GPS,
199900,2026-05-22 09:18:55,51.9887143314863,4.38999462899022,4.593176,,,0.809035787044,3.937008,0,33.607940708,437.62468592,26,5,7.556,3.105623787044,6.889764,8.7464354,143.322183064,0,0,0,76.4, -2.7, 6.5,,,0,0,1024,1024,1024,1024,0,0,0,0,96.6,0,7.9,67,3.78,3.779,0,0,0,0,5.055,106.16,0.809035787044,4.593176,6,P-GPS,
200000,2026-05-22 09:18:55,51.9887142433239,4.38999460330256,4.593176,,,0.809035787044,3.937008,0,33.640749108,437.65749432,26,5,7.556,3.105623787044,6.889764,8.7464354,143.322183064,0,0,0,76.4, -3.2, 7.8,,,0,0,1024,1024,1024,1024,0,0,0,0,96.7,0,8.5,67,3.78,3.779,0,0,0,0,5.055,106.16,0.809035787044,4.593176,6,P-GPS,
200100,2026-05-22 09:18:55,51.9887142345256,4.38999454451933,4.593176,,,0.809035787044,3.937008,0,33.646326536,437.67389852,26,5,7.556,3.105623787044,6.889764,8.7464354,143.322183064,0,0,0,76.3, -3.9, 8.3,,,0,0,1024,1024,1024,428,0,0,0,-90,95.4,0.1,9,67,3.78,3.779,0,0,0,0,5.055,106.16,0.809035787044,4.593176,6,P-GPS,
200200,2026-05-22 09:18:55,51.9887142266098,4.38999448764199,4.593176,,,0.809035787044,3.937008,0,33.651903964,437.68702188,26,5,7.556,3.105623787044,6.889764,8.7464354,143.322183064,0,0,0,73.1, -5, 8,,,0,0,1024,1024,1024,1024,0,0,0,0,90.7,0.2,7.7,67,3.78,3.779,0,0,0,0,5.055,106.16,0.809035787044,4.593176,6,P-GPS,
200300,2026-05-22 09:18:56,51.9887142113007,4.38999444030449,4.593176,,,0.809035787044,3.937008,0,33.659449896,437.6968644,26,5,7.556,3.105623787044,6.889764,8.7464354,143.322183064,0,0,0,69.5, -5.5, 7,,,0,0,1024,1024,1024,1024,0,0,0,0,90,0,7.3,67,3.78,3.779,0,0,0,0,5.055,106.16,0.809035787044,4.593176,6,P-GPS,
200400,2026-05-22 09:18:56,51.9887142756812,4.3899944027155,4.593176,,,0.809035787044,3.937008,0,33.637796352,437.72311112,26,5,7.556,3.105623787044,6.889764,8.7464354,143.322183064,0,0,0,69.7, -5.1, 7.1,,,0,0,1024,1024,1024,1024,0,0,0,0,90.3,0,8.5,67,3.78,3.779,0,0,0,0,5.055,106.16,0.809035787044,4.593176,6,P-GPS,
200500,2026-05-22 09:18:56,51.9887142839569,4.38999438113174,4.593176,,,0.809035787044,3.937008,0,33.635827848,437.7296728,26,5,7.556,3.105623787044,6.889764,8.7464354,143.322183064,0,0,0,69.9, -5.1, 8.5,,,0,0,1024,1024,1024,1024,0,0,0,0,90.4,0,8.6,67,3.78,3.779,0,0,0,0,5.055,106.16,0.809035787044,4.593176,6,P-GPS,
200600,2026-05-22 09:18:56,51.9887142002322,4.38999424935813,4.593176,,,0.809035787044,3.937008,0,33.671589004,437.76904288,26,5,7.556,3.105623787044,6.889764,8.7464354,143.322183064,0,0,0,69.9, -5.6, 7.7,,,0,0,1024,1024,1024,858,0,0,0,-25,90.4,0,7.9,67,3.78,3.779,0,0,0,0,5.055,106.16,0.809035787044,4.593176,6,P-GPS,
200700,2026-05-22 09:18:56,51.9887141882899,4.3899942660485,4.593176,,,0.809035787044,3.937008,0,33.675197928,437.77560456,26,5,7.556,3.105623787044,6.889764,8.7464354,143.322183064,0,0,0,69.9, -5.3, 7.3,,,0,0,1024,1024,1024,409,0,0,0,-93,89.9,0,7.4,67,3.78,3.779,0,0,0,0,5.055,106.16,0.809035787044,4.593176,6,P-GPS,
200800,2026-05-22 09:18:56,51.9887140706829,4.38999415831056,4.593176,,,0.809035787044,3.937008,0,33.72211394,437.82481716,26,5,7.556,3.105623787044,6.889764,8.7464354,143.322183064,0,0,0,68.6, -4, 7.1,,,0,0,1024,1024,1024,409,0,0,0,-93,86.2,0.1,8.5,67,3.78,3.779,0,0,0,0,5.055,106.16,0.809035787044,4.593176,6,P-GPS,
200900,2026-05-22 09:18:56,51.9887140612507,4.38999419652556,4.593176,,,0.809035787044,3.937008,0,33.72375436,437.83465968,26,5,7.554,3.105623787044,6.889764,8.7464354,143.322183064,0,0,0,64.7, -4, 7.9,,,0,0,1024,1024,1024,1024,0,0,0,0,84.7,0,8,67,3.774,3.774,0,0,0,0,4.986,106.34,0.809035787044,4.593176,6,P-GPS,
201000,2026-05-22 09:18:56,51.9887139535899,4.38999398308076,4.593176,,,0.809035787044,3.937008,0,33.771654624,437.89699564,26,5,7.554,3.105623787044,6.889764,8.7464354,143.322183064,0,0,0,64.4, -5.1, 7.1,,,0,0,1024,1024,1024,1024,0,0,0,0,84.9,0,6.8,67,3.774,3.774,0,0,0,0,4.986,106.34,0.809035787044,4.593176,6,P-GPS,
201100,2026-05-22 09:18:56,51.9887139032506,4.38999400519664,4.593176,,,0.809035787044,3.937008,0,33.788714992,437.91668068,26,5,7.554,3.105623787044,6.889764,8.7464354,143.322183064,0,0,0,64.7, -5.8, 5.8,,,0,0,1024,1024,1024,1024,0,0,0,0,85,0,5.7,67,3.774,3.774,0,0,0,0,4.986,106.34,0.809035787044,4.593176,6,P-GPS,
201200,2026-05-22 09:18:56,51.9887136899423,4.3899938829733,4.593176,,,0.809035787044,3.937008,0,33.870407908,437.99870168,26,5,7.554,3.105623787044,6.889764,8.7464354,143.322183064,0,0,0,64.9, -5.1, 4.9,,,0,0,1024,1024,1024,1024,0,0,0,0,84.9,0,4.8,67,3.774,3.774,0,0,0,0,4.986,106.34,0.809035787044,4.593176,6,P-GPS,
201300,2026-05-22 09:18:57,51.9887136685764,4.38999395508378,4.593176,,,0.809035787044,3.937008,0,33.875001084,438.01510588,26,5,7.554,3.105623787044,6.889764,8.7464354,143.322183064,0,0,0,64.9, -4.2, 3.9,,,0,0,1024,1024,1024,1024,0,0,0,0,84.8,0,4.6,67,3.774,3.774,0,0,0,0,4.986,106.34,0.809035787044,4.593176,6,P-GPS,
201400,2026-05-22 09:18:57,51.988713666032,4.38999387066506,4.593176,,,0.809035787044,3.937008,0,33.87959426,438.03479092,26,5,7.554,3.105623787044,6.889764,8.7464354,143.322183064,0,0,0,64.8, -3.8, 4.2,,,0,0,1024,1024,1024,1024,0,0,0,0,84.6,0,4.6,67,3.774,3.774,0,0,0,0,4.986,106.34,0.809035787044,4.593176,6,P-GPS,
201500,2026-05-22 09:18:57,51.9887137098519,4.38999392874227,4.593176,,,0.809035787044,3.937008,0,33.861221556,438.0577568,26,5,7.554,3.105623787044,6.889764,8.7464354,143.322183064,0,0,0,64.7, -3.7, 4.5,,,0,0,1024,1024,1024,1024,0,0,0,0,84.8,0,6.4,67,3.774,3.774,0,0,0,0,4.986,106.34,0.809035787044,4.593176,6,P-GPS,
201600,2026-05-22 09:18:57,51.9887136424986,4.38999385530672,4.593176,,,0.809035787044,3.937008,0.223694,33.888452528,438.08728436,26,5,7.554,3.105623787044,6.889764,8.7464354,143.322183064,0.223694,0,0,65, -2.1, 6.8,,,0,0,1024,1024,1024,1024,0,0,0,0,85,0,8.3,67,3.774,3.774,0,0,0,0,4.986,106.34,0.809035787044,4.593176,6,P-GPS,
201700,2026-05-22 09:18:57,51.9887137488572,4.38999391404125,4.593176,,,0.809035787044,3.937008,0.223694,33.848098196,438.12665444,26,5,7.554,3.105623787044,6.889764,8.7464354,143.322183064,0.223694,0,0,65.2, -0.1, 7.9,,,0,0,1024,1024,1024,1024,0,0,0,0,84.9,0,8.9,67,3.774,3.774,0,0,0,0,4.986,106.34,0.809035787044,4.593176,6,P-GPS,
201800,2026-05-22 09:18:57,51.9887137430317,4.38999401473648,4.593176,,,0.809035787044,3.937008,0,33.845473524,438.14962032,26,5,7.554,3.105623787044,6.889764,8.7464354,143.322183064,0,0,0,65, -0.7, 8.4,,,0,0,1024,1024,1024,1024,0,0,0,0,84.8,0,9,67,3.774,3.774,0,0,0,0,4.986,106.34,0.809035787044,4.593176,6,P-GPS,
201900,2026-05-22 09:18:57,51.9887138112845,4.38999389810906,4.593176,,,0.809035787044,3.937008,0,33.826444652,438.18570956,26,5,7.548,3.105623787044,6.889764,8.7464354,143.322183064,0,0,0,64.9, -1.6, 8.5,,,0,0,1024,1024,1024,1024,0,0,0,0,84.9,0,9.2,66,3.774,3.773,0,0,0,0,5.084,106.34,0.809035787044,4.593176,6,P-GPS,
202000,2026-05-22 09:18:57,51.9887138683232,4.38999387538107,4.593176,,,0.809035787044,3.937008,0,33.806759612,438.2053946,26,5,7.548,3.105623787044,6.889764,8.7464354,143.322183064,0,0,0,64.9, -1.9, 8.8,,,0,0,1024,1024,1024,1024,0,0,0,0,84.9,0,9.4,66,3.774,3.773,0,0,0,0,5.084,106.34,0.809035787044,4.593176,6,P-GPS,
202100,2026-05-22 09:18:57,51.9887138941868,4.38999386118086,4.593176,,,0.809035787044,3.937008,0,33.798229428,438.21851796,26,5,7.548,3.105623787044,6.889764,8.7464354,143.322183064,0,0,0,64.9, -1.7, 8.3,,,0,0,1024,1024,1024,1024,0,0,0,0,84.8,0,7.9,66,3.774,3.773,0,0,0,0,5.084,106.34,0.809035787044,4.593176,6,P-GPS,
202200,2026-05-22 09:18:57,51.9887139423587,4.38999396617824,4.593176,,,0.809035787044,3.937008,0,33.776575884,438.24476468,26,5,7.548,3.105623787044,6.889764,8.7464354,143.322183064,0,0,0,64.9, -2.1, 7.1,,,0,0,1024,1024,1024,1024,0,0,0,0,84.9,0,7.6,66,3.774,3.773,0,0,0,0,5.084,106.34,0.809035787044,4.593176,6,P-GPS,
202300,2026-05-22 09:18:58,51.9887137718251,4.38999408142841,4.593176,,,0.809035787044,3.937008,0,33.832350164,438.31366232,26,5,7.548,3.105623787044,6.889764,8.7464354,143.322183064,0,0,0,65, -2.3, 7,,,0,0,1024,1024,1024,1024,0,0,0,0,85,0,7.5,66,3.774,3.773,0,0,0,0,5.084,106.34,0.809035787044,4.593176,6,P-GPS,
202400,2026-05-22 09:18:58,51.9887137389624,4.38999407392314,4.593176,,,0.809035787044,3.937008,0,33.844489272,438.32678568,26,5,7.548,3.105623787044,6.889764,8.7464354,143.322183064,0,0,0,65, -2.6, 6.8,,,0,0,1024,1024,1024,1024,0,0,0,0,84.9,0,7.2,66,3.774,3.773,0,0,0,0,5.084,106.34,0.809035787044,4.593176,6,P-GPS,
202500,2026-05-22 09:18:58,51.9887136975755,4.38999409184816,4.593176,,,0.809035787044,3.937008,0,33.858596884,438.33990904,26,5,7.548,3.105623787044,6.889764,8.7464354,143.322183064,0,0,0,65, -2.7, 6.7,,,0,0,1024,1024,1024,1024,0,0,0,0,85,0,7,66,3.774,3.773,0,0,0,0,5.084,106.34,0.809035787044,4.593176,6,P-GPS,
202600,2026-05-22 09:18:58,51.9887135817333,4.38999416924503,4.593176,,,0.809035787044,3.937008,0,33.896326544,438.3858408,26,5,7.548,3.105623787044,6.889764,8.7464354,143.322183064,0,0,0,65.1, -2.4, 5.8,,,0,0,1024,1024,1024,1024,0,0,0,0,84.9,0,4.9,66,3.774,3.773,0,0,0,0,5.084,106.34,0.809035787044,4.593176,6,P-GPS,
202700,2026-05-22 09:18:58,51.9887135059758,4.38999424054516,4.593176,,,0.809035787044,3.937008,0,33.92060476,438.4186492,26,5,7.548,3.105623787044,6.889764,8.7464354,143.322183064,0,0,0,65.1, -1.7, 3.5,,,0,0,1024,1024,1024,1024,0,0,0,0,84.7,0,2.8,66,3.774,3.773,0,0,0,0,5.084,106.34,0.809035787044,4.593176,6,P-GPS,
202800,2026-05-22 09:18:58,51.98871341353,4.38999414752911,4.593176,,,0.809035787044,3.937008,0,33.957678252,438.45801928,26,5,7.548,3.105623787044,6.889764,8.7464354,143.322183064,0,0,0,65, -2.3, 1.4,,,0,0,1024,1024,1024,1024,0,0,0,0,84.6,0,1.1,66,3.774,3.773,0,0,0,0,5.084,106.34,0.809035787044,4.593176,6,P-GPS,
202900,2026-05-22 09:18:58,51.9887133511027,4.38999415002275,4.593176,,,0.809035787044,3.937008,0,33.979987964,438.48098516,26,5,7.548,3.105623787044,6.889764,8.7464354,143.322183064,0,0,0,64.9, -3, 0.1,,,0,0,1024,1024,1024,1024,0,0,0,0,84.5,0,0.9,66,3.779,3.778,0,0,0,0,5.03,106.34,0.809035787044,4.593176,6,P-GPS,
203000,2026-05-22 09:18:58,51.9887132795944,4.38999407824963,4.593176,,,0.809035787044,3.937008,0,34.008531272,438.51379356,26,5,7.548,3.105623787044,6.889764,8.7464354,143.322183064,0,0,0,64.9, -3.5, 0.8,,,0,0,1024,1024,1024,1024,0,0,0,0,84.7,0,2.3,66,3.779,3.778,0,0,0,0,5.03,106.34,0.809035787044,4.593176,6,P-GPS,
203100,2026-05-22 09:18:58,51.9887133049868,4.38999401959856,4.593176,,,0.809035787044,3.937008,0,34.001969592,438.52691692,26,5,7.548,3.105623787044,6.889764,8.7464354,143.322183064,0,0,0,65, -2.8, 2.4,,,0,0,1024,1024,1024,1024,0,0,0,0,84.8,0,3.7,66,3.779,3.778,0,0,0,0,5.03,106.34,0.809035787044,4.593176,6,P-GPS,
203200,2026-05-22 09:18:58,51.9887133655465,4.38999414192276,4.593176,,,0.809035787044,3.937008,0,33.975066704,438.56300616,26,5,7.548,3.105623787044,6.889764,8.7464354,143.322183064,0,0,0,65, -2.7, 3.4,,,0,0,1024,1024,1024,1024,0,0,0,0,84.8,0,4.3,66,3.779,3.778,0,0,0,0,5.03,106.34,0.809035787044,4.593176,6,P-GPS,
203300,2026-05-22 09:18:58,51.9887134110884,4.3899940438116,4.593176,,,0.809035787044,3.937008,0,33.962927596,438.59253372,26,5,7.548,3.105623787044,6.889764,8.7464354,143.322183064,0,0,0,64.9, -3.5, 4.1,,,0,0,1024,1024,1024,1024,0,0,0,0,84.8,0,5,66,3.779,3.778,0,0,0,0,5.03,106.34,0.809035787044,4.593176,6,P-GPS,
203400,2026-05-22 09:18:59,51.988713509394,4.38999406419897,4.593176,,,0.809035787044,3.937008,0,33.926838356,438.62862296,26,5,7.548,3.105623787044,6.889764,8.7464354,143.322183064,0,0,0,64.9, -4, 4.6,,,0,0,1024,1024,1024,1024,0,0,0,0,84.8,0,5,66,3.779,3.778,0,0,0,0,5.03,106.34,0.809035787044,4.593176,6,P-GPS,
203500,2026-05-22 09:18:59,51.9887135548074,4.38999397177068,4.593176,,,0.809035787044,3.937008,0,33.914699248,438.65486968,26,5,7.548,3.105623787044,6.889764,8.7464354,143.322183064,0,0,0,64.8, -4.2, 4.7,,,0,0,1024,1024,1024,1024,0,0,0,0,84.9,0,5.9,66,3.779,3.778,0,0,0,0,5.03,106.34,0.809035787044,4.593176,6,P-GPS,
203600,2026-05-22 09:18:59,51.9887136188624,4.38999387718957,4.593176,,,0.809035787044,3.937008,0,33.89599846,438.68439724,26,5,7.548,3.105623787044,6.889764,8.7464354,143.322183064,0,0,0,64.9, -4.2, 5.8,,,0,0,1024,1024,1024,1024,0,0,0,0,85,0,6.3,66,3.779,3.778,0,0,0,0,5.03,106.34,0.809035787044,4.593176,6,P-GPS,
203700,2026-05-22 09:18:59,51.9887136644899,4.38999381012203,4.593176,,,0.809035787044,3.937008,0,33.8828751,438.70736312,26,5,7.548,3.105623787044,6.889764,8.7464354,143.322183064,0,0,0,64.9, -4, 5.8,,,0,0,1007,1024,1024,1024,-3,0,0,0,85,0,6.3,66,3.779,3.778,0,0,0,0,5.03,106.34,0.809035787044,4.593176,6,P-GPS,
203800,2026-05-22 09:18:59,51.9887137104773,4.38999393667533,4.593176,,,0.809035787044,3.937008,0,33.860565388,438.74017152,26,5,7.548,3.105623787044,6.889764,8.7464354,143.322183064,0,0,0,64.9, -4.6, 5.8,,,0,0,364,1024,1024,1024,-100,0,0,0,85,0,6.6,66,3.779,3.778,0,0,0,0,5.03,106.34,0.809035787044,4.593176,6,P-GPS,
203900,2026-05-22 09:18:59,51.9887137432458,4.38999390215384,4.593176,,,0.809035787044,3.937008,0,33.850394784,438.75657572,26,5,7.551,3.105623787044,6.889764,8.7464354,143.322183064,0,0,0,65, -2.4, 5.9,,,0,0,364,1024,1024,1024,-100,0,0,0,84.5,0,6,66,3.777,3.773,0,0,0,0,4.815,106.52,0.809035787044,4.593176,6,P-GPS,
204000,2026-05-22 09:18:59,51.9887138537251,4.3899940807224,4.593176,,,0.809035787044,3.937008,0,33.803150688,438.81235,26,5,7.551,3.105623787044,6.889764,8.7464354,143.322183064,0,0,0,65.5, 7, 5.1,,,0,0,364,1024,1024,1024,-100,0,0,0,84.2,0,5.7,66,3.777,3.773,0,0,0,0,4.815,106.52,0.809035787044,4.593176,6,P-GPS,
204100,2026-05-22 09:18:59,51.9887137873741,4.38999380850829,4.593176,,,0.809035787044,3.937008,0.4921268,33.838911844,438.8779668,26,5,7.551,3.105623787044,6.889764,8.7464354,143.322183064,-0.223694,-0.447388,0,65.5, 9.6, 4.9,,,0,0,364,1024,1024,1024,-100,0,0,0,84.1,0,5.5,66,3.777,3.773,0,0,0,0,4.815,106.52,0.809035787044,4.593176,6,P-GPS,
204200,2026-05-22 09:18:59,51.9887134801979,4.38999333532106,4.593176,,,0.809035787044,3.937008,1.006623,33.96981736,439.03216628,26,5,7.551,3.105623787044,6.889764,8.7464354,143.322183064,-0.447388,-0.894776,0,65.5, 9.6, 5.1,,,0,0,364,1024,1024,1024,-100,0,0,0,84.1,0,5.9,66,3.777,3.773,0,0,0,0,4.815,106.52,0.809035787044,4.593176,6,P-GPS,
204300,2026-05-22 09:18:59,51.9887132505353,4.38999252415986,4.593176,,,0.809035787044,3.937008,1.4987498,34.088911852,439.23229752,26,5,7.551,3.105623787044,6.889764,8.7464354,143.322183064,-0.671082,-1.342164,0,65.5, 9.1, 5.2,,,0,0,725,1024,1024,1024,-45,0,0,0,84.1,0,5.7,66,3.777,3.773,0,0,0,0,4.815,106.52,0.809035787044,4.593176,6,P-GPS,
204400,2026-05-22 09:19:00,51.9887128750977,4.38999123169405,4.593176,,,0.809035787044,3.937008,1.7000744,34.283465664,439.55381984,26,5,7.551,3.105623787044,6.889764,8.7464354,143.322183064,-0.671082,-1.565858,0,65.2, 5.9, 5.1,,,0,0,1024,1024,1024,1024,0,0,0,0,84.5,0,5.6,66,3.777,3.773,0,0,0,0,4.815,106.52,0.809035787044,4.593176,6,P-GPS,
204500,2026-05-22 09:19:00,51.9887125133072,4.38999005938224,4.593176,,,0.809035787044,3.937008,1.9908766,34.468833124,439.84909544,26,5,7.551,3.105623787044,6.889764,8.7464354,143.322183064,-0.894776,-1.789552,0,64.8, -3.2, 4.8,,,0,0,1024,1024,1024,1024,0,0,0,0,84.8,0,5.1,66,3.777,3.773,0,0,0,0,4.815,106.52,0.809035787044,4.593176,6,P-GPS,
204600,2026-05-22 09:19:00,51.9887121260215,4.38998868724155,4.593176,,,0.809035787044,3.937008,1.7000744,34.67519796,440.18702196,26,5,7.551,3.105623787044,6.889764,8.7464354,143.322183064,-0.671082,-1.565858,0,65, -3.6, 4.3,,,0,0,1024,1024,1024,1024,0,0,0,0,84.9,0,5,66,3.777,3.773,0,0,0,0,4.815,106.52,0.809035787044,4.593176,6,P-GPS,
204700,2026-05-22 09:19:00,51.9887118010003,4.38998769912204,4.593176,,,0.809035787044,3.937008,1.4987498,34.841536548,440.43964664,26,5,7.551,3.105623787044,6.889764,8.7464354,143.322183064,-0.671082,-1.342164,0,64.9, -4, 4.2,,,0,0,364,1024,1024,1024,-100,0,0,0,84.8,0,4.4,66,3.777,3.773,0,0,0,0,4.815,106.52,0.809035787044,4.593176,6,P-GPS,
204800,2026-05-22 09:19:00,51.9887114931558,4.38998680142061,4.593176,,,0.809035787044,3.937008,1.4987498,34.998032616,440.66930544,26,5,7.551,3.105623787044,6.889764,8.7464354,143.322183064,-0.671082,-1.342164,0,65, -2.7, 3.5,,,0,0,364,1024,1024,1024,-100,0,0,0,84.6,0,4,66,3.777,3.773,0,0,0,0,4.815,106.52,0.809035787044,4.593176,6,P-GPS,
204900,2026-05-22 09:19:00,51.9887111829897,4.38998593353857,4.593176,,,0.809035787044,3.937008,1.4987498,35.1542006,440.8956834,26,5,7.557,3.105623787044,6.889764,8.7464354,143.322183064,-0.671082,-1.342164,0,65.3, 6, 3.2,,,0,0,364,1024,1024,1024,-100,0,0,0,84.3,0,3.3,66,3.778,3.775,0,0,0,0,4.95,106.52,0.809035787044,4.593176,6,P-GPS,
205000,2026-05-22 09:19:00,51.9887108008099,4.38998480265185,4.593176,,,0.809035787044,3.937008,1.7000744,35.351379084,441.18439732,26,5,7.557,3.105623787044,6.889764,8.7464354,143.322183064,-0.671082,-1.565858,0,65.2, 8.8, 2.5,,,0,0,364,1024,1024,1024,-100,0,0,0,84.3,0,3.3,66,3.778,3.775,0,0,0,0,4.95,106.52,0.809035787044,4.593176,6,P-GPS,
205100,2026-05-22 09:19:00,51.9887104338021,4.38998359465345,4.593176,,,0.809035787044,3.937008,1.9908766,35.548885652,441.48951544,26,5,7.557,3.105623787044,6.889764,8.7464354,143.322183064,-0.894776,-1.789552,0,65.4, 9.5, 3,,,0,0,364,1024,1024,1024,-100,0,0,0,84.3,0,3.8,66,3.778,3.775,0,0,0,0,4.95,106.52,0.809035787044,4.593176,6,P-GPS,
205200,2026-05-22 09:19:00,51.9887098503249,4.38998213385798,4.593176,,,0.809035787044,3.937008,2.4158952,35.838911908,441.8799354,26,5,7.557,3.105623787044,6.889764,8.7464354,143.322183064,-0.894776,-2.23694,0,65.3, 10.4, 3.2,,,0,0,449,1024,1024,1024,-87,0,0,0,84,0,4.1,66,3.778,3.775,0,0,0,0,4.95,106.52,0.809035787044,4.593176,6,P-GPS,
205300,2026-05-22 09:19:00,51.9887093756307,4.38998043756094,4.593176,,,0.809035787044,3.937008,2.7066974,36.106628452,442.29660208,26,5,7.557,3.105623787044,6.889764,8.7464354,143.322183064,-1.11847,-2.460634,0,65.1, 9.3, 3.5,,,0,0,1024,1024,1024,1024,0,0,0,0,84.2,0,4.2,66,3.778,3.775,0,0,0,0,4.95,106.52,0.809035787044,4.593176,6,P-GPS,
205400,2026-05-22 09:19:01,51.9887089960895,4.38997818724019,4.593176,,,0.809035787044,3.937008,2.908022,36.378610088,442.82153648,26,5,7.557,3.105623787044,6.889764,8.7464354,143.322183064,-1.11847,-2.684328,0,65, 2.2, 3.5,,,0,0,1024,1024,1024,1024,0,0,0,0,84.7,0,4.2,66,3.778,3.775,0,0,0,0,4.95,106.52,0.809035787044,4.593176,6,P-GPS,
205500,2026-05-22 09:19:01,51.9887084890037,4.38997631249284,4.593176,,,0.809035787044,3.937008,2.908022,36.676182276,443.28085408,26,5,7.557,3.105623787044,6.889764,8.7464354,143.322183064,-1.11847,-2.684328,0,65, -2.7, 3.5,,,0,0,1024,1024,1024,1024,0,0,0,0,84.7,0,4.1,66,3.778,3.775,0,0,0,0,4.95,106.52,0.809035787044,4.593176,6,P-GPS,
205600,2026-05-22 09:19:01,51.988708271806,4.38997421543208,4.593176,,,0.809035787044,3.937008,2.908022,36.890749212,443.75985672,27,5,7.557,3.105623787044,6.889764,8.7464354,143.322183064,-1.11847,-2.684328,0,64.9, -3.2, 3.7,,,0,0,1024,1024,1024,1024,0,0,0,0,84.8,0,5,66,3.778,3.775,0,0,0,0,4.95,106.52,0.809035787044,4.593176,6,P-GPS,
205700,2026-05-22 09:19:01,51.9887078562408,4.38997256911922,4.593176,,,0.809035787044,3.937008,2.6172198,37.147967068,444.1601192,27,5,7.557,3.105623787044,6.889764,8.7464354,143.322183064,-0.894776,-2.460634,0,64.8, -5.6, 4.6,,,0,0,1024,1024,1024,1024,0,0,0,0,85,0,5.2,66,3.778,3.775,0,0,0,0,4.95,106.52,0.809035787044,4.593176,6,P-GPS,
205800,2026-05-22 09:19:01,51.9887074738811,4.38997127267818,4.593176,,,0.809035787044,3.937008,2.4158952,37.371392272,444.48164152,27,5,7.557,3.105623787044,6.889764,8.7464354,143.322183064,-0.894776,-2.23694,0,64.8, -7.5, 4.4,,,0,0,1024,1024,1024,1347,0,0,0,49,85.1,0,5,66,3.778,3.775,0,0,0,0,4.95,106.52,0.809035787044,4.593176,6,P-GPS,
205900,2026-05-22 09:19:01,51.9887072601959,4.38996981543015,4.593176,,,0.809035787044,3.937008,1.901399,37.549541884,444.81956804,27,5,7.557,3.105623787044,6.889764,8.7464354,143.322183064,-0.671082,-1.789552,0,64.9, -8.2, 4.5,,,0,0,1024,1024,1024,1684,0,0,0,100,85.9,0,4.8,66,3.778,3.775,0,0,0,0,4.95,106.52,0.809035787044,4.593176,6,P-GPS,
206000,2026-05-22 09:19:01,51.9887069569176,4.3899686572942,4.593176,,,0.809035787044,3.937008,1.7000744,37.738518268,445.10172028,27,5,7.557,3.105623787044,6.889764,8.7464354,143.322183064,-0.671082,-1.565858,0,67.4, -8.4, 3.9,,,0,0,1024,1024,1024,1684,0,0,0,100,90.9,-0.1,3.8,66,3.778,3.775,0,0,0,0,4.95,106.52,0.809035787044,4.593176,6,P-GPS,
206100,2026-05-22 09:19:01,51.9887066910169,4.38996766311274,4.593176,,,0.809035787044,3.937008,1.4092722,37.90354452,445.34450244,27,5,7.557,3.105623787044,6.889764,8.7464354,143.322183064,-0.447388,-1.342164,0,73, -8.4, 2.8,,,0,0,1024,1024,1024,1684,0,0,0,100,96.4,0,2.4,66,3.778,3.775,0,0,0,0,4.95,106.52,0.809035787044,4.593176,6,P-GPS,
206200,2026-05-22 09:19:01,51.9887067586357,4.38996680301421,4.593176,,,0.809035787044,3.937008,1.2079476,37.944883104,445.54135284,27,5,7.557,3.105623787044,6.889764,8.7464354,143.322183064,-0.447388,-1.11847,0,78.1, -8.7, 0.8,,,0,0,1024,1024,1024,1024,0,0,0,0,98,0,0.4,66,3.778,3.775,0,0,0,0,4.95,106.52,0.809035787044,4.593176,6,P-GPS,
206300,2026-05-22 09:19:01,51.9887065595829,4.38996605124486,4.593176,,,0.809035787044,3.937008,0.9171454,38.070539276,445.72507988,27,5,7.557,3.105623787044,6.889764,8.7464354,143.322183064,-0.223694,-0.894776,0,78.3, -8.6, -0.5,,,0,0,1024,1024,1024,1024,0,0,0,0,97.8,0,0.2,66,3.778,3.775,0,0,0,0,4.95,106.52,0.809035787044,4.593176,6,P-GPS,
206400,2026-05-22 09:19:02,51.9887065395705,4.3899650971356,4.593176,,,0.809035787044,3.937008,0.7158208,38.150591772,445.93833448,27,5,7.557,3.105623787044,6.889764,8.7464354,143.322183064,-0.223694,-0.671082,0,78.1, -8.6, 0,,,0,0,1024,1024,1024,1024,0,0,0,0,97.6,0,0.2,66,3.778,3.775,0,0,0,0,4.95,106.52,0.809035787044,4.593176,6,P-GPS,
206500,2026-05-22 09:19:02,51.9887066167158,4.38996434897282,4.593176,,,0.809035787044,3.937008,0.7158208,38.18241592,446.10893816,27,5,7.557,3.105623787044,6.889764,8.7464354,143.322183064,-0.223694,-0.671082,0,77.9, -8.7, -0.5,,,0,0,1024,1024,1024,1024,0,0,0,0,97.5,0,0.1,66,3.778,3.775,0,0,0,0,4.95,106.52,0.809035787044,4.593176,6,P-GPS,
206600,2026-05-22 09:19:02,51.988706544248,4.38996386396774,4.593176,,,0.809035787044,3.937008,0.447388,38.245408048,446.22048672,27,5,7.557,3.105623787044,6.889764,8.7464354,143.322183064,0,-0.447388,0,77.8, -8.6, -0.1,,,0,0,1024,1024,1024,1024,0,0,0,0,97.6,0,1.1,66,3.778,3.775,0,0,0,0,4.95,106.52,0.809035787044,4.593176,6,P-GPS,
206700,2026-05-22 09:19:02,51.988706510263,4.38996344040299,4.593176,,,0.809035787044,3.937008,0.447388,38.290355556,446.31891192,27,5,7.557,3.105623787044,6.889764,8.7464354,143.322183064,0,-0.447388,0,77.9, -8.4, 0.9,,,0,0,1024,1024,1024,1024,0,0,0,0,97.7,0,1.6,66,3.778,3.775,0,0,0,0,4.95,106.52,0.809035787044,4.593176,6,P-GPS,
206800,2026-05-22 09:19:02,51.9887065148806,4.38996317607672,4.593176,,,0.809035787044,3.937008,0.223694,38.310040596,446.37796704,27,5,7.557,3.105623787044,6.889764,8.7464354,143.322183064,0,-0.223694,0,77.9, -8.1, 1.1,,,0,0,1024,1024,1024,1024,0,0,0,0,97.7,0,1.5,66,3.778,3.775,0,0,0,0,4.95,106.52,0.809035787044,4.593176,6,P-GPS,
206900,2026-05-22 09:19:02,51.9887065060224,4.38996288615321,4.593176,,,0.809035787044,3.937008,0.223694,38.335959232,446.44358384,27,5,7.54,3.105623787044,6.889764,8.7464354,143.322183064,0,-0.223694,0,77.9, -7.8, 1,,,0,0,1024,1024,1024,1024,0,0,0,0,97.7,0,1.9,66,3.772,3.77,0,0,0,0,4.971,106.7,0.809035787044,4.593176,6,P-GPS,
207000,2026-05-22 09:19:02,51.9887064956392,4.38996273693105,4.593176,,,0.809035787044,3.937008,0,38.351707264,446.47639224,27,5,7.54,3.105623787044,6.889764,8.7464354,143.322183064,0,0,0,77.9, -7.3, 1.6,,,0,0,1024,1024,1024,1024,0,0,0,0,97.7,0,2.2,66,3.772,3.77,0,0,0,0,4.971,106.7,0.809035787044,4.593176,6,P-GPS,
207100,2026-05-22 09:19:02,51.9887065269514,4.38996262367022,4.593176,,,0.809035787044,3.937008,0,38.350066844,446.50263896,27,5,7.54,3.105623787044,6.889764,8.7464354,143.322183064,0,0,0,77.8, -6.8, 1.6,,,0,0,1024,1024,1024,1024,0,0,0,0,97.6,0,1.9,66,3.772,3.77,0,0,0,0,4.971,106.7,0.809035787044,4.593176,6,P-GPS,
207200,2026-05-22 09:19:02,51.9887065874683,4.38996287367456,4.593176,,,0.809035787044,3.937008,0,38.309384428,446.56497492,25,5,7.54,3.105623787044,6.889764,8.7464354,143.322183064,0,0,0,77.7, -7, 1.3,,,0,0,1024,1024,1024,1024,0,0,0,0,97.6,0,2.4,66,3.772,3.77,0,0,0,0,4.971,106.7,0.809035787044,4.593176,6,P-GPS,
207300,2026-05-22 09:19:03,51.9887066515833,4.38996292779741,4.593176,,,0.809035787044,3.937008,0,38.283137708,446.59122164,25,5,7.54,3.105623787044,6.889764,8.7464354,143.322183064,0,0,0,77.8, -5.4, 2.1,,,0,0,1024,1024,1024,1024,0,0,0,0,97.6,0,3.3,66,3.772,3.77,0,0,0,0,4.971,106.7,0.809035787044,4.593176,6,P-GPS,
207400,2026-05-22 09:19:03,51.9887066586253,4.38996334920587,4.593176,,,0.809035787044,3.937008,0,38.247048468,446.686366,25,5,7.54,3.105623787044,6.889764,8.7464354,143.322183064,0,0,0,77.8, -3.1, 2.8,,,0,0,1024,1024,1024,1024,0,0,0,0,97.5,0,3,66,3.772,3.77,0,0,0,0,4.971,106.7,0.809035787044,4.593176,6,P-GPS,
207500,2026-05-22 09:19:03,51.9887067263127,4.38996344027779,4.593176,,,0.809035787044,3.937008,0,38.21686474,446.71589356,25,5,7.54,3.105623787044,6.889764,8.7464354,143.322183064,0,0,0,77.8, -1.1, 2.2,,,0,0,1024,1024,1024,1024,0,0,0,0,97.6,0,3.6,66,3.772,3.77,0,0,0,0,4.971,106.7,0.809035787044,4.593176,6,P-GPS,
207600,2026-05-22 09:19:03,51.9887066736517,4.38996378192442,4.593176,,,0.809035787044,4.265092,0,38.207678388,446.79791456,25,5,7.54,3.105623787044,6.889764,8.7464354,143.322183064,0,0,0,78, 0.3, 3.5,,,0,0,1024,1024,1024,1024,0,0,0,0,97.7,0,4.4,66,3.772,3.77,0,0,0,0,4.971,106.7,0.809035787044,4.593176,6,P-GPS,
207700,2026-05-22 09:19:03,51.9887067223119,4.38996373291405,4.593176,,,0.809035787044,3.937008,0,38.194883112,446.8175996,25,5,7.54,3.105623787044,6.889764,8.7464354,143.322183064,0,0,0,78, -0.7, 3.6,,,0,0,1024,1024,1024,1024,0,0,0,0,97.7,0,4.4,66,3.772,3.77,0,0,0,0,4.971,106.7,0.809035787044,4.593176,6,P-GPS,
207800,2026-05-22 09:19:03,51.9887067083221,4.38996363407254,4.593176,,,0.809035787044,3.937008,0.223694,38.207350304,446.84056548,25,5,7.54,3.105623787044,6.889764,8.7464354,143.322183064,0,-0.223694,0,77.9, -2.5, 3.8,,,0,0,1024,1024,1024,1024,0,0,0,0,97.7,0,4.5,66,3.772,3.77,0,0,0,0,4.971,106.7,0.809035787044,4.593176,6,P-GPS,
207900,2026-05-22 09:19:03,51.9887067175487,4.38996346265451,4.593176,,,0.809035787044,3.937008,0.223694,38.217848992,446.87993556,25,5,7.541,3.105623787044,6.889764,8.7464354,143.322183064,0,-0.223694,0,77.8, -3.8, 3.8,,,0,0,1024,1024,1024,1024,0,0,0,0,97.7,0,4,66,3.775,3.773,0,0,0,0,4.786,106.7,0.809035787044,4.593176,6,P-GPS,
208000,2026-05-22 09:19:03,51.9887066135889,4.38996317693228,4.593176,,,0.809035787044,3.937008,0.223694,38.276247944,446.95211404,25,5,7.541,3.105623787044,6.889764,8.7464354,143.322183064,0,-0.223694,0,77.8, -4.8, 3.3,,,0,0,1024,1024,1024,1024,0,0,0,0,97.8,0,4.2,66,3.775,3.773,0,0,0,0,4.786,106.7,0.809035787044,4.593176,6,P-GPS,
208100,2026-05-22 09:19:03,51.9887066012439,4.38996301801377,4.593176,,,0.809035787044,3.937008,0.223694,38.292980228,446.98820328,25,5,7.541,3.105623787044,6.889764,8.7464354,143.322183064,0,-0.223694,0,77.8, -5.1, 3.9,,,0,0,1024,1024,1024,1024,0,0,0,0,97.8,0,4.7,66,3.775,3.773,0,0,0,0,4.786,106.7,0.809035787044,4.593176,6,P-GPS,
208200,2026-05-22 09:19:03,51.9887066661813,4.38996312303201,4.593176,,,0.809035787044,3.937008,0,38.262468416,447.02429252,25,5,7.541,3.105623787044,6.889764,8.7464354,143.322183064,0,0,0,77.8, -5.2, 3.9,,,0,0,1024,1024,1024,1024,0,0,0,0,97.7,0,4.1,66,3.775,3.773,0,0,0,0,4.786,106.7,0.809035787044,4.593176,6,P-GPS,
208300,2026-05-22 09:19:04,51.9887065676786,4.38996302851003,4.593176,,,0.809035787044,3.937008,0,38.303807,447.0636626,25,5,7.541,3.105623787044,6.889764,8.7464354,143.322183064,0,0,0,77.6, -5.8, 3.3,,,0,0,1024,1024,1024,1024,0,0,0,0,97.7,0,4.1,66,3.775,3.773,0,0,0,0,4.786,106.7,0.809035787044,4.593176,6,P-GPS,
208400,2026-05-22 09:19:04,51.9887065602597,4.38996294390003,4.593176,,,0.809035787044,3.937008,0,38.312993352,447.08334764,25,5,7.541,3.105623787044,6.889764,8.7464354,143.322183064,0,0,0,77.7, -5.6, 3.9,,,0,0,1024,1024,1024,1024,0,0,0,0,97.8,0,4.9,66,3.775,3.773,0,0,0,0,4.786,106.7,0.809035787044,4.593176,6,P-GPS,
208500,2026-05-22 09:19:04,51.9887065645688,4.38996288664011,4.593176,,,0.809035787044,3.937008,0,38.315946108,447.096471,25,5,7.541,3.105623787044,6.889764,8.7464354,143.322183064,0,0,0,77.7, -5.4, 4.5,,,0,0,1024,1024,1024,1024,0,0,0,0,97.8,0,5.1,66,3.775,3.773,0,0,0,0,4.786,106.7,0.809035787044,4.593176,6,P-GPS,
208600,2026-05-22 09:19:04,51.9887066138716,4.38996297061714,4.593176,,,0.809035787044,3.937008,0,38.292652144,447.12271772,25,5,7.541,3.105623787044,6.889764,8.7464354,143.322183064,0,0,0,77.7, -5.2, 4.5,,,0,0,1024,1024,1024,1024,0,0,0,0,97.8,0,5.6,66,3.775,3.773,0,0,0,0,4.786,106.7,0.809035787044,4.593176,6,P-GPS,
208700,2026-05-22 09:19:04,51.9887066332757,4.38996294753094,4.593176,,,0.809035787044,3.937008,0,38.287730884,447.13256024,25,5,7.541,3.105623787044,6.889764,8.7464354,143.322183064,0,0,0,77.7, -4.9, 5.4,,,0,0,1024,1024,1024,1024,0,0,0,0,97.9,0,6.1,66,3.775,3.773,0,0,0,0,4.786,106.7,0.809035787044,4.593176,6,P-GPS,
208800,2026-05-22 09:19:04,51.988706742153,4.38996295333205,4.593176,,,0.809035787044,3.937008,0,38.250329308,447.17193032,25,5,7.541,3.105623787044,6.889764,8.7464354,143.322183064,0,0,0,77.7, -5.1, 5.4,,,0,0,1024,1024,1024,1024,0,0,0,0,97.9,0,5.5,66,3.775,3.773,0,0,0,0,4.786,106.7,0.809035787044,4.593176,6,P-GPS,
208900,2026-05-22 09:19:04,51.9887067479956,4.38996296621414,4.593176,,,0.809035787044,3.937008,0,38.247048468,447.17521116,25,5,7.538,3.105623787044,6.889764,8.7464354,143.322183064,0,0,0,77.7, -5, 5.1,,,0,0,1024,1024,1024,1024,0,0,0,0,97.8,0,6,66,3.769,3.769,0,0,0,0,4.786,106.7,0.809035787044,4.593176,6,P-GPS,
209000,2026-05-22 09:19:04,51.9887069200198,4.38996294986112,4.593176,,,0.809035787044,3.937008,0,38.189961852,447.23754712,25,5,7.538,3.105623787044,6.889764,8.7464354,143.322183064,0,0,0,77.7, -4.5, 5.4,,,0,0,1024,1024,1024,1024,0,0,0,0,97.8,0,6.1,66,3.769,3.769,0,0,0,0,4.786,106.7,0.809035787044,4.593176,6,P-GPS,
209100,2026-05-22 09:19:04,51.988706923635,4.38996300880433,4.593176,,,0.809035787044,3.937008,0,38.183728256,447.25067048,25,5,7.538,3.105623787044,6.889764,8.7464354,143.322183064,0,0,0,77.7, -4, 5.4,,,0,0,1024,1024,1024,1024,0,0,0,0,97.8,0,5.7,66,3.769,3.769,0,0,0,0,4.786,106.7,0.809035787044,4.593176,6,P-GPS,
209200,2026-05-22 09:19:04,51.9887069899689,4.38996303288521,4.593176,,,0.809035787044,3.937008,0,38.15945004,447.2769172,25,5,7.538,3.105623787044,6.889764,8.7464354,143.322183064,0,0,0,77.8, -4.1, 4.9,,,0,0,1024,1024,1024,1024,0,0,0,0,97.7,0,5,66,3.769,3.769,0,0,0,0,4.786,106.7,0.809035787044,4.593176,6,P-GPS,
209300,2026-05-22 09:19:05,51.9887069509807,4.3899630711976,4.593176,,,0.809035787044,3.937008,0,38.169620644,447.2933214,25,5,7.538,3.105623787044,6.889764,8.7464354,143.322183064,0,0,0,77.8, -4.5, 4.1,,,0,0,1024,1024,1024,1024,0,0,0,0,97.7,0,4.7,66,3.769,3.769,0,0,0,0,4.786,106.7,0.809035787044,4.593176,6,P-GPS,
209400,2026-05-22 09:19:05,51.9887069121639,4.38996311550586,4.593176,,,0.809035787044,3.937008,0,38.17913508,447.3097256,25,5,7.538,3.105623787044,6.889764,8.7464354,143.322183064,0,0,0,77.8, -4.7, 4.1,,,0,0,1024,1024,1024,1024,0,0,0,0,97.7,0,4.7,66,3.769,3.769,0,0,0,0,4.786,106.7,0.809035787044,4.593176,6,P-GPS,
209500,2026-05-22 09:19:05,51.9887068690379,4.38996316048884,4.593176,,,0.809035787044,3.937008,0,38.190289936,447.32941064,25,5,7.538,3.105623787044,6.889764,8.7464354,143.322183064,0,0,0,77.8, -4.6, 3.7,,,0,0,1024,1024,1024,1024,0,0,0,0,97.7,0,3.6,66,3.769,3.769,0,0,0,0,4.786,106.7,0.809035787044,4.593176,6,P-GPS,
209600,2026-05-22 09:19:05,51.9887067900764,4.38996331000315,4.593176,,,0.809035787044,3.937008,0,38.2053818,447.37206156,26,5,7.538,3.105623787044,6.889764,8.7464354,143.322183064,0,0,0,77.8, -4.8, 2.5,,,0,0,1024,1024,1024,1024,0,0,0,0,97.6,0,2.7,66,3.769,3.769,0,0,0,0,4.786,106.7,0.809035787044,4.593176,6,P-GPS,
209700,2026-05-22 09:19:05,51.9887067606918,4.38996334545671,4.593176,,,0.809035787044,3.937008,0,38.212599648,447.38518492,26,5,7.538,3.105623787044,6.889764,8.7464354,143.322183064,0,0,0,77.8, -4.9, 2.2,,,0,0,1024,1024,1024,1024,0,0,0,0,97.6,0,3.1,66,3.769,3.769,0,0,0,0,4.786,106.7,0.809035787044,4.593176,6,P-GPS,
209800,2026-05-22 09:19:05,51.9887069404348,4.38996348840477,4.593176,,,0.809035787044,3.937008,0,38.139765,447.46064424,26,5,7.538,3.105623787044,6.889764,8.7464354,143.322183064,0,0,0,77.8, -4.6, 2.9,,,0,0,1024,1024,1024,1024,0,0,0,0,97.7,0,4.1,66,3.769,3.769,0,0,0,0,4.786,106.7,0.809035787044,4.593176,6,P-GPS,
209900,2026-05-22 09:19:05,51.9887069575259,4.38996351248565,4.593176,,,0.809035787044,3.937008,0,38.132219068,447.46720592,26,5,7.545,3.105623787044,6.889764,8.7464354,143.322183064,0,0,0,77.7, -4.7, 3.9,,,0,0,1024,1024,1024,1024,0,0,0,0,97.7,0,5,65,3.768,3.768,0,0,0,0,4.931,106.7,0.809035787044,4.593176,6,P-GPS,
210000,2026-05-22 09:19:05,51.9887070469133,4.38996366378759,4.593176,,,0.809035787044,3.937008,0,38.089568148,447.51313768,26,5,7.545,3.105623787044,6.889764,8.7464354,143.322183064,0,0,0,77.8, -4.6, 4.4,,,0,0,1024,1024,1024,1024,0,0,0,0,97.8,0,5.2,65,3.768,3.768,0,0,0,0,4.931,106.7,0.809035787044,4.593176,6,P-GPS,
210100,2026-05-22 09:19:05,51.9887071405072,4.38996383028094,4.593176,,,0.809035787044,3.937008,0,38.044292556,447.56563112,26,5,7.545,3.105623787044,6.889764,8.7464354,143.322183064,0,0,0,77.8, -4.5, 4.6,,,0,0,1024,1024,1024,1024,0,0,0,0,97.9,0,5.3,65,3.768,3.768,0,0,0,0,4.931,106.7,0.809035787044,4.593176,6,P-GPS,
210200,2026-05-22 09:19:05,51.9887071520126,4.38996384817118,4.593176,,,0.809035787044,3.937008,0,38.039043212,447.5721928,26,5,7.545,3.105623787044,6.889764,8.7464354,143.322183064,0,0,0,77.8, -4.6, 4.7,,,0,0,1024,1024,1024,1024,0,0,0,0,97.8,0,5,65,3.768,3.768,0,0,0,0,4.931,106.7,0.809035787044,4.593176,6,P-GPS,
210300,2026-05-22 09:19:05,51.9887071495196,4.38996386480243,4.593176,,,0.809035787044,3.937008,0,38.038715128,447.57547364,26,5,7.545,3.105623787044,6.889764,8.7464354,143.322183064,0,0,0,77.8, -4.8, 4,,,0,0,1245,1024,1024,1024,33,0,0,0,97.7,0,4.4,65,3.768,3.768,0,0,0,0,4.931,106.7,0.809035787044,4.593176,6,P-GPS,
210400,2026-05-22 09:19:06,51.9887071933909,4.38996412767495,4.593176,,,0.809035787044,3.937008,0,38.002953972,447.63452876,27,5,7.545,3.105623787044,6.889764,8.7464354,143.322183064,0,0,0,77.7, -5.1, 3.9,,,0,0,1245,1024,1024,1024,33,0,0,0,97.8,0,4.5,65,3.768,3.768,0,0,0,0,4.931,106.7,0.809035787044,4.593176,6,P-GPS,
210500,2026-05-22 09:19:06,51.9887071748349,4.3899641110437,4.593176,,,0.809035787044,3.937008,0,38.010499904,447.64437128,27,5,7.545,3.105623787044,6.889764,8.7464354,143.322183064,0,0,0,77.7, -6.4, 3.9,,,0,0,1684,1024,1024,1024,100,0,0,0,97.9,0,4.4,65,3.768,3.768,0,0,0,0,4.931,106.7,0.809035787044,4.593176,6,P-GPS,
210600,2026-05-22 09:19:06,51.9887071504619,4.38996437583601,4.593176,,,0.809035787044,3.937008,0,37.998032712,447.7034264,26,5,7.545,3.105623787044,6.889764,8.7464354,143.322183064,0,0,0,77.5, -13.5, 3.9,,,0,0,1684,1045,1024,1024,100,3,0,0,98.3,0,4.1,65,3.768,3.768,0,0,0,0,4.931,106.7,0.809035787044,4.593176,6,P-GPS,
210700,2026-05-22 09:19:06,51.9887071196895,4.38996452135075,4.593176,,,0.809035787044,3.937008,0.223694,37.99704846,447.73951564,26,5,7.545,3.105623787044,6.889764,8.7464354,143.322183064,0,0.223694,0,77.4, -18.7, 3.4,,,0,0,1684,1059,1024,1024,100,5,0,0,98.1,0,2.8,65,3.768,3.768,0,0,0,0,4.931,106.7,0.809035787044,4.593176,6,P-GPS,
210800,2026-05-22 09:19:06,51.9887071513101,4.38996517379516,4.593176,,,0.809035787044,3.937008,0.671082,37.935368668,447.8838726,26,5,7.545,3.105623787044,6.889764,8.7464354,143.322183064,0,0.671082,0,77.5, -19, 2,,,0,0,1684,1049,1024,1024,100,4,0,0,98,0,2.4,65,3.768,3.768,0,0,0,0,4.931,106.7,0.809035787044,4.593176,6,P-GPS,
210900,2026-05-22 09:19:06,51.9887072027374,4.38996590358079,4.593176,,,0.809035787044,3.937008,1.11847,37.861221684,448.05119544,26,5,7.539,3.105623787044,6.889764,8.7464354,143.322183064,0,1.11847,0,77.5, -18.4, 2,,,0,0,1684,1032,1024,1024,100,1,0,0,97.9,0,2.3,65,3.759,3.758,0,0,0,0,4.913,106.7,0.809035787044,4.593176,6,P-GPS,
211000,2026-05-22 09:19:06,51.9887073637959,4.38996728038533,4.593176,,,0.809035787044,3.937008,1.5882274,37.701116692,448.36615608,26,5,7.539,3.105623787044,6.889764,8.7464354,143.322183064,0.223694,1.565858,0,77.5, -18.5, 1.9,,,0,0,1684,1032,1024,1024,100,1,0,0,98.1,0,3.2,65,3.759,3.758,0,0,0,0,4.913,106.7,0.809035787044,4.593176,6,P-GPS,
211100,2026-05-22 09:19:06,51.9887075442243,4.38996852257482,4.593176,,,0.809035787044,3.937008,1.8342908,37.54593296,448.65158916,26,5,7.539,3.105623787044,6.889764,8.7464354,143.322183064,0.447388,1.789552,0,77.3, -18.8, 3.5,,,0,0,1684,1024,1024,1024,100,0,0,0,98.4,0,4.4,65,3.759,3.758,0,0,0,0,4.913,106.7,0.809035787044,4.593176,6,P-GPS,
211200,2026-05-22 09:19:06,51.9887076593126,4.38997045804258,4.593176,,,0.809035787044,3.937008,2.2816788,37.365158676,449.08794088,27,5,7.539,3.105623787044,6.889764,8.7464354,143.322183064,0.447388,2.23694,0,77.3, -17.7, 3.8,,,0,0,1684,1024,1024,1024,100,0,0,0,98,0,3.4,65,3.759,3.758,0,0,0,0,4.913,106.7,0.809035787044,4.593176,6,P-GPS,
211300,2026-05-22 09:19:06,51.9887078445812,4.38997269358927,4.593176,,,0.809035787044,3.937008,2.7290668,37.143373892,449.59647108,27,5,7.539,3.105623787044,6.889764,8.7464354,143.322183064,0.447388,2.684328,0,77.4, -17, 2.9,,,0,0,1684,1024,1024,1024,100,0,0,0,98.2,0,3.5,65,3.759,3.758,0,0,0,0,4.913,106.7,0.809035787044,4.593176,6,P-GPS,
211400,2026-05-22 09:19:07,51.9887081173526,4.38997460179388,4.593176,,,0.809035787044,3.937008,2.9751302,36.918636352,450.03610364,27,5,7.539,3.105623787044,6.889764,8.7464354,143.322183064,0.671082,2.908022,0,77.4, -17.5, 3.5,,,0,0,1684,1024,1024,1024,100,0,0,0,98.3,0,3.9,65,3.759,3.758,0,0,0,0,4.913,106.7,0.809035787044,4.593176,6,P-GPS,
211500,2026-05-22 09:19:07,51.9887084114557,4.38997665268919,4.593176,,,0.809035787044,3.937008,3.1988242,36.681103536,450.5085446,27,5,7.539,3.105623787044,6.889764,8.7464354,143.322183064,0.671082,3.131716,0,77.4, -18.1, 3.5,,,0,0,1684,1024,1024,1024,100,0,0,0,98.3,0,3.9,65,3.759,3.758,0,0,0,0,4.913,106.7,0.809035787044,4.593176,6,P-GPS,
211600,2026-05-22 09:19:07,51.9887088554889,4.38997912947943,4.593176,,,0.809035787044,3.937008,3.4225182,36.369095652,451.08925328,29,5,7.539,3.105623787044,6.889764,8.7464354,143.322183064,0.671082,3.35541,0,77.4, -18, 3.7,,,0,0,1684,1024,1024,1024,100,0,0,0,98.4,0,4,65,3.759,3.758,0,0,0,0,4.913,106.7,0.809035787044,4.593176,6,P-GPS,
211700,2026-05-22 09:19:07,51.9887091871066,4.38998151904429,4.593176,,,0.809035787044,3.937008,3.6462122,36.108596956,451.6404344,29,5,7.539,3.105623787044,6.889764,8.7464354,143.322183064,0.671082,3.579104,0,77.5, -18, 3.3,,,0,0,1684,1024,1024,1024,100,0,0,0,98.3,0,3.6,65,3.759,3.758,0,0,0,0,4.913,106.7,0.809035787044,4.593176,6,P-GPS,
211800,2026-05-22 09:19:07,51.9887096283041,4.38998450151216,4.593176,,,0.809035787044,3.937008,3.8699062,35.782809544,452.3294108,29,5,7.539,3.105623787044,6.889764,8.7464354,143.322183064,0.671082,3.802798,0,77.4, -18.3, 3.2,,,0,0,1684,1024,1024,1024,100,0,0,0,98.2,0,3.4,65,3.759,3.758,0,0,0,0,4.913,106.7,0.809035787044,4.593176,6,P-GPS,
211900,2026-05-22 09:19:07,51.9887099725238,4.38998716197998,4.593176,,,0.809035787044,3.937008,4.2949248,35.51837384,452.93964704,29,5,7.521,3.105623787044,6.889764,8.7464354,143.322183064,0.671082,4.250186,0,77.4, -18.3, 2.9,,,0,0,1684,1024,1024,1024,100,0,0,0,98.2,0,3.5,65,3.765,3.766,0,0,0,0,5.073,107.06,0.809035787044,4.593176,6,P-GPS,
212000,2026-05-22 09:19:07,51.9887103773974,4.38999021315348,4.593176,,,0.809035787044,3.937008,4.5633576,35.222442072,453.6417468,29,5,7.521,3.105623787044,6.889764,8.7464354,143.322183064,0.894776,4.47388,0,77.4, -17.9, 3.1,,,0,0,1684,1024,1024,1024,100,0,0,0,98.1,0,3.4,65,3.765,3.766,0,0,0,0,5.073,107.06,0.809035787044,4.593176,6,P-GPS,
212100,2026-05-22 09:19:07,51.9887107776106,4.38999315227994,4.593176,,,0.809035787044,3.937008,4.5633576,34.944554924,454.31759984,29,5,7.521,3.105623787044,6.889764,8.7464354,143.322183064,0.894776,4.47388,0,77.3, -17.9, 3.4,,,0,0,1684,1024,1024,1024,100,0,0,0,98.4,0,4.2,65,3.765,3.766,0,0,0,0,5.073,107.06,0.809035787044,4.593176,6,P-GPS,
212200,2026-05-22 09:19:07,51.9887109976097,4.38999674120065,4.593176,,,0.809035787044,3.937008,4.7870516,34.716536544,455.12796732,27,5,7.521,3.105623787044,6.889764,8.7464354,143.322183064,0.894776,4.697574,0,77.4, -18.3, 4,,,0,0,1684,1024,1024,1024,100,0,0,0,98.5,0,4.4,65,3.765,3.766,0,0,0,0,5.073,107.06,0.809035787044,4.593176,6,P-GPS,
212300,2026-05-22 09:19:07,51.9887114097738,4.38999984380165,4.593176,,,0.809035787044,3.937008,5.0107456,34.45374126,455.8399096,27,5,7.521,3.105623787044,6.889764,8.7464354,143.322183064,0.894776,4.921268,0,77.3, -18.9, 3.8,,,0,0,1684,1024,1024,1024,100,0,0,0,98.3,0,3.8,65,3.765,3.766,0,0,0,0,5.073,107.06,0.809035787044,4.593176,6,P-GPS,
212400,2026-05-22 09:19:08,51.9887117340068,4.39000350363472,4.593176,,,0.809035787044,3.937008,5.2120702,34.218505032,456.66996212,27,5,7.521,3.105623787044,6.889764,8.7464354,143.322183064,0.894776,5.144962,0,77.3, -19.2, 3.4,,,0,0,1684,1024,1024,1024,100,0,0,0,98.3,0,3.7,65,3.765,3.766,0,0,0,0,5.073,107.06,0.809035787044,4.593176,6,P-GPS,
212500,2026-05-22 09:19:08,51.9887121841225,4.39000686267415,4.593176,,,0.809035787044,3.608924,5.256809,33.963911848,457.44424036,27,5,7.521,3.105623787044,6.889764,8.7464354,143.322183064,1.11847,5.144962,0,77.3, -19, 3.5,,,0,0,1684,1024,1024,1024,100,0,0,0,98.3,0,3.9,65,3.765,3.766,0,0,0,0,5.073,107.06,0.809035787044,4.593176,6,P-GPS,
212600,2026-05-22 09:19:08,51.9887126310512,4.39001040744136,4.593176,,,0.809035787044,3.608924,5.480503,33.722442024,458.25460784,26,5,7.521,3.105623787044,6.889764,8.7464354,143.322183064,1.11847,5.368656,0,77.3, -18.9, 3.7,,,0,0,1684,1024,1024,1024,100,0,0,0,98.5,0,4.3,65,3.765,3.766,0,0,0,0,5.073,107.06,0.809035787044,4.593176,6,P-GPS,
212700,2026-05-22 09:19:08,51.988713109909,4.39001396903111,4.593176,,,0.809035787044,3.608924,5.704197,33.487205796,459.07481784,26,5,7.521,3.105623787044,6.889764,8.7464354,143.322183064,1.11847,5.59235,0,77.3, -19.2, 4,,,0,0,1684,1024,1024,1024,100,0,0,0,98.5,0,4.1,65,3.765,3.766,0,0,0,0,5.073,107.06,0.809035787044,4.593176,6,P-GPS,
212800,2026-05-22 09:19:08,51.9887133817809,4.39001746218477,4.593176,,,0.809035787044,3.608924,5.927891,33.34645776,459.86550028,26,5,7.521,3.105623787044,6.889764,8.7464354,143.322183064,1.11847,5.816044,0,77.4, -19.1, 3.5,,,0,0,1684,1024,1024,1024,100,0,0,0,98.3,0,3.6,65,3.765,3.766,0,0,0,0,5.073,107.06,0.809035787044,4.593176,6,P-GPS,
212900,2026-05-22 09:19:08,51.9887138489705,4.3900212260101,4.593176,,,0.809035787044,3.608924,5.927891,33.151903948,460.7283612,26,5,7.52,3.105623787044,6.889764,8.7464354,143.322183064,1.11847,5.816044,0,77.4, -18.9, 3.2,,,0,0,1684,1024,1024,1024,100,0,0,0,98.3,0,3.5,65,3.76,3.761,0,0,0,0,5.164,107.06,0.809035787044,4.593176,6,P-GPS,
213000,2026-05-22 09:19:08,51.9887142668059,4.39002512944646,4.593176,,,0.809035787044,3.28084,6.151585,32.9970483,461.62074968,26,5,7.52,3.105623787044,6.889764,8.7464354,143.322183064,1.11847,6.039738,0,77.5, -19, 3.2,,,0,0,1684,1024,1024,1024,100,0,0,0,98.3,0,3.2,65,3.76,3.761,0,0,0,0,5.164,107.06,0.809035787044,4.593176,6,P-GPS,
213100,2026-05-22 09:19:08,51.9887147329846,4.390029103743,4.593176,,,0.809035787044,3.28084,6.151585,32.848426248,462.52954236,26,5,7.52,3.105623787044,6.889764,8.7464354,143.322183064,1.11847,6.039738,0,77.6, -19.2, 2.5,,,0,0,1684,1024,1024,1024,100,0,0,0,98,0,1.8,65,3.76,3.761,0,0,0,0,5.164,107.06,0.809035787044,4.593176,6,P-GPS,
213200,2026-05-22 09:19:08,51.9887151594812,4.39003358619603,4.593176,,,0.809035787044,3.28084,6.3529096,32.7463265072,463.54660276,28,5,7.52,3.105623787044,6.889764,8.7464354,143.322183064,1.11847,6.263432,0,77.8, -19.6, 1.2,,,0,0,1662,1024,1024,1024,97,0,0,0,97.9,0,0.9,65,3.76,3.761,0,0,0,0,5.164,107.06,0.809035787044,4.593176,6,P-GPS,
213300,2026-05-22 09:19:08,51.9887156179753,4.39003781130899,4.593176,,,0.809035787044,3.28084,6.5766036,32.6585312288,464.51116972,28,5,7.52,3.105623787044,6.889764,8.7464354,143.322183064,1.11847,6.487126,0,78.1, -18.8, 0,,,0,0,1647,1024,1024,1024,94,0,0,0,97.7,0,0.1,65,3.76,3.761,0,0,0,0,5.164,107.06,0.809035787044,4.593176,6,P-GPS,
213400,2026-05-22 09:19:09,51.988716156279,4.39004231792638,4.593176,,,0.809035787044,3.28084,6.8002976,32.578249074,465.54135348,29,5,7.52,3.105623787044,6.889764,8.7464354,143.322183064,1.11847,6.71082,0,78.1, -17.8, -0.4,,,0,0,1647,1024,1024,1024,94,0,0,0,97.6,0,-0.2,65,3.76,3.761,0,0,0,0,5.164,107.06,0.809035787044,4.593176,6,P-GPS,
213500,2026-05-22 09:19:09,51.9887166493236,4.39004676035155,4.593176,,,0.809035787044,3.28084,6.8002976,32.544456422,466.55513304,29,5,7.52,3.105623787044,6.889764,8.7464354,143.322183064,1.11847,6.71082,0,78, -16.1, -0.8,,,0,0,1592,1024,1024,1024,86,0,0,0,97.5,0,-0.4,65,3.76,3.761,0,0,0,0,5.164,107.06,0.809035787044,4.593176,6,P-GPS,
213600,2026-05-22 09:19:09,51.9887173576212,4.39005138536573,4.593176,,,0.809035787044,3.28084,6.8450364,32.4730325352,467.62796772,30,5,7.52,3.105623787044,6.889764,8.7464354,143.322183064,1.342164,6.71082,0,78, -14.9, -0.6,,,0,0,1058,1024,1024,1024,5,0,0,0,97.7,0,0.3,65,3.76,3.761,0,0,0,0,5.164,107.06,0.809035787044,4.593176,6,P-GPS,
213700,2026-05-22 09:19:09,51.9887179241016,4.39005587352163,4.593176,,,0.809035787044,3.28084,6.8450364,32.4803488084,468.65815148,30,5,7.52,3.105623787044,6.889764,8.7464354,143.322183064,1.342164,6.71082,0,78, -8.2, 0,,,0,0,1024,1024,1024,1024,0,0,0,0,97.7,0,0.7,65,3.76,3.761,0,0,0,0,5.164,107.06,0.809035787044,4.593176,6,P-GPS,
213800,2026-05-22 09:19:09,51.9887186112817,4.39006065933586,4.593176,,,0.809035787044,3.28084,6.6213424,32.494751696,469.76051372,30,5,7.52,3.105623787044,6.889764,8.7464354,143.322183064,1.342164,6.487126,0,78, -1.5, 0.1,,,0,0,1024,1024,1024,1024,0,0,0,0,97.5,0,0.2,65,3.76,3.761,0,0,0,0,5.164,107.06,0.809035787044,4.593176,6,P-GPS,
213900,2026-05-22 09:19:09,51.9887191813088,4.39006470591851,4.593176,,,0.809035787044,3.28084,5.9726298,32.540027288,470.69227228,30,5,7.538,3.105623787044,6.889764,8.7464354,143.322183064,1.342164,5.816044,0,77.8, -1, 0,,,0,0,1024,1024,1024,1024,0,0,0,0,97.4,0,2,65,3.769,3.769,0,0,0,0,5.38,107.06,0.809035787044,4.593176,6,P-GPS,
214000,2026-05-22 09:19:09,51.9887198571291,4.39006900434879,4.593176,,,0.809035787044,3.28084,5.5252418,32.5928816204,471.68964764,30,5,7.538,3.105623787044,6.889764,8.7464354,143.322183064,1.342164,5.368656,0,78.1, 5.2, 2.5,,,0,0,1024,1024,1024,1024,0,0,0,0,97.3,0,3.7,65,3.769,3.769,0,0,0,0,5.38,107.06,0.809035787044,4.593176,6,P-GPS,
214100,2026-05-22 09:19:09,51.9887204364771,4.39007236262655,4.593176,,,0.809035787044,3.28084,4.8765292,32.6376650864,472.4737684,30,5,7.538,3.105623787044,6.889764,8.7464354,143.322183064,1.342164,4.697574,0,78.2, 8.2, 3.2,,,0,0,364,1024,1024,1024,-100,0,0,0,97.2,0,4.2,65,3.769,3.769,0,0,0,0,5.38,107.06,0.809035787044,4.593176,6,P-GPS,
214200,2026-05-22 09:19:09,51.9887211943344,4.39007626441787,4.593176,,,0.809035787044,3.28084,4.1830778,32.684384248,473.3924036,30,5,7.538,3.105623787044,6.889764,8.7464354,143.322183064,1.11847,4.026492,0,78.2, 8.9, 3.6,,,0,0,364,1024,1024,1024,-100,0,0,0,97.1,0,4.5,65,3.769,3.769,0,0,0,0,5.38,107.06,0.809035787044,4.593176,6,P-GPS,
214300,2026-05-22 09:19:10,51.9887216645995,4.39007886639461,4.593176,,,0.809035787044,2.952756,3.5343652,32.7417005228,474.00263984,30,5,7.538,3.105623787044,6.889764,8.7464354,143.322183064,1.11847,3.35541,0,78.4, 12.9, 4,,,0,0,364,1024,1024,1024,-100,0,0,0,96.8,0,5,65,3.769,3.769,0,0,0,0,5.38,107.06,0.809035787044,4.593176,6,P-GPS,
214400,2026-05-22 09:19:10,51.9887220057865,4.39008280318041,4.593176,,,0.809035787044,2.952756,2.6172198,32.973426252,474.89502832,30,5,7.538,3.105623787044,6.889764,8.7464354,143.322183064,0.894776,2.460634,0,78.5, 15.2, 4.5,,,0,0,946,1024,1024,1024,-12,0,0,0,96.8,0,5.2,65,3.769,3.769,0,0,0,0,5.38,107.06,0.809035787044,4.593176,6,P-GPS,
214500,2026-05-22 09:19:10,51.9887223078141,4.3900842499461,4.593176,,,0.809035787044,2.952756,1.901399,33.0052504,475.23951652,30,5,7.538,3.105623787044,6.889764,8.7464354,143.322183064,0.671082,1.789552,0,78.1, 8, 4.2,,,0,0,1215,725,1024,1024,29,-45,0,0,97.2,0,4.6,65,3.769,3.769,0,0,0,0,5.38,107.06,0.809035787044,4.593176,6,P-GPS,
214600,2026-05-22 09:19:10,51.9887226353539,4.39008658097119,4.593176,,,0.809035787044,2.952756,1.4092722,33.11679896,475.77757428,30,5,7.538,3.105623787044,6.889764,8.7464354,143.322183064,0.447388,1.342164,0,77.5, -3.4, 3.8,,,0,0,1684,993,1024,1024,100,-5,0,0,97.7,0,4.5,65,3.769,3.769,0,0,0,0,5.38,107.06,0.809035787044,4.593176,6,P-GPS,
214700,2026-05-22 09:19:10,51.9887228878217,4.39008778758191,4.593176,,,0.809035787044,2.952756,1.4092722,33.150591612,476.06300736,30,5,7.538,3.105623787044,6.889764,8.7464354,143.322183064,0.447388,1.342164,0,77.2, -12.2, 4.2,,,0,0,1684,726,1024,1024,100,-45,0,0,97.9,0,3.9,65,3.769,3.769,0,0,0,0,5.38,107.06,0.809035787044,4.593176,6,P-GPS,
214800,2026-05-22 09:19:10,51.988723570744,4.39008942286987,4.593176,,,0.809035787044,2.952756,1.8342908,33.089239904,476.50592076,29,5,7.538,3.105623787044,6.889764,8.7464354,143.322183064,0.447388,1.789552,0,77.4, -16.1, 3.3,,,0,0,1684,736,1024,1024,100,-44,0,0,98.3,0,3.3,65,3.769,3.769,0,0,0,0,5.38,107.06,0.809035787044,4.593176,6,P-GPS,
214900,2026-05-22 09:19:10,51.9887239218344,4.39009130197154,4.593176,,,0.809035787044,2.952756,2.3264176,33.16601156,476.94883416,29,5,7.514,3.105623787044,6.889764,8.7464354,143.322183064,0.671082,2.23694,0,77.8, -15.1, 2.2,,,0,0,1684,795,1024,1024,100,-35,0,0,98,0,2.5,65,3.763,3.767,0,0,0,0,5.004,107.06,0.809035787044,4.593176,6,P-GPS,
215000,2026-05-22 09:19:10,51.9887244224436,4.39009347012028,4.593176,,,0.809035787044,2.952756,2.8185444,33.231300276,477.46720688,29,5,7.514,3.105623787044,6.889764,8.7464354,143.322183064,0.894776,2.684328,0,77.8, -13.9, 2.7,,,0,0,1684,854,1024,1024,100,-26,0,0,98.3,0,3.9,65,3.763,3.767,0,0,0,0,5.004,107.06,0.809035787044,4.593176,6,P-GPS,
215100,2026-05-22 09:19:10,51.9887248669736,4.39009591732067,4.593176,,,0.809035787044,2.952756,3.2659324,33.352691356,478.04135388,29,5,7.514,3.105623787044,6.889764,8.7464354,143.322183064,0.894776,3.131716,0,77.8, -13.1, 3.4,,,0,0,1684,921,1024,1024,100,-16,0,0,98.2,0,3.7,65,3.763,3.767,0,0,0,0,5.004,107.06,0.809035787044,4.593176,6,P-GPS,
215200,2026-05-22 09:19:10,51.9887252962116,4.39009823773126,4.593176,,,0.809035787044,2.952756,3.690951,33.474082436,478.58597332,30,5,7.514,3.105623787044,6.889764,8.7464354,143.322183064,0.894776,3.579104,0,77.8, -12.6, 3.1,,,0,0,1684,921,1024,1024,100,-16,0,0,98.1,0,3.2,65,3.763,3.767,0,0,0,0,5.004,107.06,0.809035787044,4.593176,6,P-GPS,
215300,2026-05-22 09:19:11,51.9887257257752,4.39010082741367,4.593176,,,0.809035787044,2.952756,3.914645,33.634843596,479.18964788,30,5,7.514,3.105623787044,6.889764,8.7464354,143.322183064,0.894776,3.802798,0,77.7, -12.5, 2.7,,,0,0,1684,996,1024,1024,100,-4,0,0,97.9,0,2.7,65,3.763,3.767,0,0,0,0,5.004,107.06,0.809035787044,4.593176,6,P-GPS,
215400,2026-05-22 09:19:11,51.9887260796927,4.39010323502876,4.593176,,,0.809035787044,2.952756,4.1159696,33.80741578,479.74410984,30,5,7.514,3.105623787044,6.889764,8.7464354,143.322183064,0.894776,4.026492,0,77.7, -12.7, 1.7,,,0,0,1684,1024,1024,1024,100,0,0,0,97.9,0,2.4,65,3.763,3.767,0,0,0,0,5.004,107.06,0.809035787044,4.593176,6,P-GPS,
215500,2026-05-22 09:19:11,51.9887265199392,4.39010601519497,4.593176,,,0.809035787044,2.952756,4.1159696,34.00754702,480.39043532,30,5,7.514,3.105623787044,6.889764,8.7464354,143.322183064,0.894776,4.026492,0,77.8, -12.9, 1.7,,,0,0,1684,1024,1024,1024,100,0,0,0,97.9,0,1.8,65,3.763,3.767,0,0,0,0,5.004,107.06,0.809035787044,4.593176,6,P-GPS,
215600,2026-05-22 09:19:11,51.9887268714237,4.39010852041344,4.593176,,,0.809035787044,2.952756,4.3396636,34.210631016,480.96786316,29,5,7.514,3.105623787044,6.889764,8.7464354,143.322183064,0.894776,4.250186,0,77.9, -13.6, 1.1,,,0,0,1684,1024,1024,1024,100,0,0,0,97.8,0,0.9,65,3.763,3.767,0,0,0,0,5.004,107.06,0.809035787044,4.593176,6,P-GPS,
215700,2026-05-22 09:19:11,51.9887270222447,4.3901114654384,4.593176,,,0.809035787044,2.952756,4.5633576,34.538715016,481.63059284,29,5,7.514,3.105623787044,6.889764,8.7464354,143.322183064,0.894776,4.47388,0,77.9, -13.5, 0.4,,,0,0,1684,1024,1024,1024,100,0,0,0,97.8,0,1.2,65,3.763,3.767,0,0,0,0,5.004,107.06,0.809035787044,4.593176,6,P-GPS,
215800,2026-05-22 09:19:11,51.9887274477218,4.39011445392301,4.593176,,,0.809035787044,2.952756,4.7870516,34.801182216,482.31956924,29,5,7.514,3.105623787044,6.889764,8.7464354,143.322183064,0.894776,4.697574,0,77.8, -13.6, 0.2,,,0,0,1684,1024,1024,1024,100,0,0,0,97.5,0,0.4,65,3.763,3.767,0,0,0,0,5.004,107.06,0.809035787044,4.593176,6,P-GPS,
215900,2026-05-22 09:19:11,51.9887279081264,4.3901175465703,4.593176,,,0.809035787044,2.952756,5.0554844,35.07874128,483.03479236,29,5,7.522,3.105623787044,6.889764,8.7464354,143.322183064,1.11847,4.921268,0,77.7, -14.3, 0.1,,,0,0,1684,1024,1024,1024,100,0,0,0,97.7,0,1.1,65,3.763,3.763,0,0,0,0,5.069,107.06,0.809035787044,4.593176,6,P-GPS,
216000,2026-05-22 09:19:11,51.9887283823408,4.3901211681414,4.593176,,,0.809035787044,2.952756,5.0554844,35.438321344,483.86484488,29,5,7.522,3.105623787044,6.889764,8.7464354,143.322183064,1.11847,4.921268,0,77.8, -14.4, 0.8,,,0,0,1684,1024,1024,1024,100,0,0,0,97.9,0,1.6,65,3.763,3.763,0,0,0,0,5.069,107.06,0.809035787044,4.593176,6,P-GPS,
216100,2026-05-22 09:19:11,51.9887289335293,4.39012451286585,4.593176,,,0.809035787044,2.952756,5.3239172,35.752297732,484.6456848,29,5,7.522,3.105623787044,6.889764,8.7464354,143.322183064,1.342164,5.144962,0,77.8, -14.8, 1.3,,,0,0,1684,1024,1024,1024,100,0,0,0,97.9,0,1.9,65,3.763,3.763,0,0,0,0,5.069,107.06,0.809035787044,4.593176,6,P-GPS,
216200,2026-05-22 09:19:11,51.9887295952484,4.39012839276736,4.593176,,,0.809035787044,2.952756,5.5252418,36.127953912,485.5479158,28,5,7.522,3.105623787044,6.889764,8.7464354,143.322183064,1.342164,5.368656,0,77.7, -14.4, 1.8,,,0,0,1684,1024,1024,1024,100,0,0,0,98.1,0,2.7,65,3.763,3.763,0,0,0,0,5.069,107.06,0.809035787044,4.593176,6,P-GPS,
216300,2026-05-22 09:19:12,51.9887302147068,4.39013197204042,4.593176,,,0.809035787044,2.952756,5.7489358,36.488518228,486.38453,28,5,7.522,3.105623787044,6.889764,8.7464354,143.322183064,1.342164,5.59235,0,77.6, -14.1, 2.2,,,0,0,1684,1024,1024,1024,100,0,0,0,98.1,0,2.9,65,3.763,3.763,0,0,0,0,5.069,107.06,0.809035787044,4.593176,6,P-GPS,
216400,2026-05-22 09:19:12,51.9887305459733,4.39013601578512,4.593176,,,0.809035787044,3.28084,5.816044,37.012468376,487.29988436,28,5,7.522,3.105623787044,6.889764,8.7464354,143.322183064,1.565858,5.59235,0,77.7, -13.9, 2.9,,,0,0,1684,1024,1024,1024,100,0,0,0,98.2,0,3.3,65,3.763,3.763,0,0,0,0,5.069,107.06,0.809035787044,4.593176,6,P-GPS,
216500,2026-05-22 09:19:12,51.9887311579356,4.39013967898652,4.593176,,,0.809035787044,2.952756,5.9726298,37.418308284,488.15290276,28,5,7.522,3.105623787044,6.889764,8.7464354,143.322183064,1.342164,5.816044,0,77.7, -14.5, 3,,,0,0,1684,1024,1024,1024,100,0,0,0,98.1,0,3,65,3.763,3.763,0,0,0,0,5.069,107.06,0.809035787044,4.593176,6,P-GPS,
216600,2026-05-22 09:19:12,51.9887314113114,4.39014378184832,4.593176,,,0.809035787044,2.952756,5.9726298,38.001641636,489.08138048,29,5,7.522,3.105623787044,6.889764,8.7464354,143.322183064,1.342164,5.816044,0,77.6, -15.1, 2.4,,,0,0,1484,1024,1024,1024,70,0,0,0,98,0,2.5,65,3.763,3.763,0,0,0,0,5.069,107.06,0.809035787044,4.593176,6,P-GPS,
216700,2026-05-22 09:19:12,51.9887320065511,4.39014767550834,4.593176,,,0.809035787044,2.952756,6.1963238,38.478019604,489.98033064,29,5,7.522,3.105623787044,6.889764,8.7464354,143.322183064,1.342164,6.039738,0,77.7, -14.3, 2.1,,,0,0,1024,1024,1024,1024,0,0,0,0,97.9,0,2.6,65,3.763,3.763,0,0,0,0,5.069,107.06,0.809035787044,4.593176,6,P-GPS,
216800,2026-05-22 09:19:12,51.988732373773,4.39015223721457,4.593176,,,0.809035787044,2.952756,6.1963238,39.136484192,491.01379524,29,5,7.522,3.105623787044,6.889764,8.7464354,143.322183064,1.342164,6.039738,0,77.9, -5.8, 2,,,0,0,1024,1024,1024,1024,0,0,0,0,97.6,0,2.4,65,3.763,3.763,0,0,0,0,5.069,107.06,0.809035787044,4.593176,6,P-GPS,
216900,2026-05-22 09:19:12,51.9887329596404,4.39015665617445,4.593176,,,0.809035787044,3.28084,5.9726298,39.73425324,492.03085564,29,5,7.518,3.105623787044,6.889764,8.7464354,143.322183064,1.342164,5.816044,0,77.8, -2.4, 1.4,,,0,0,1024,1024,1024,1024,0,0,0,0,97.5,0,2,65,3.759,3.759,0,0,0,0,5.044,107.06,0.809035787044,4.593176,6,P-GPS,
217000,2026-05-22 09:19:12,51.9887335208522,4.39016030469917,4.593176,,,0.809035787044,2.952756,5.9726298,40.222114148,492.87731236,29,5,7.518,3.105623787044,6.889764,8.7464354,143.322183064,1.342164,5.59235,0,77.8, -0.6, 1.9,,,0,0,364,1024,1024,1024,-100,0,0,0,97.4,0,3.1,65,3.759,3.759,0,0,0,0,5.044,107.06,0.809035787044,4.593176,6,P-GPS,
217100,2026-05-22 09:19:12,51.9887340736341,4.39016374094766,4.593176,,,0.809035787044,3.28084,5.3239172,40.686681092,493.67455648,29,5,7.518,3.105623787044,6.889764,8.7464354,143.322183064,1.342164,5.144962,0,78, 6.5, 2.3,,,0,0,364,1024,1024,1024,-100,0,0,0,97.2,0,3.3,65,3.759,3.759,0,0,0,0,5.044,107.06,0.809035787044,4.593176,6,P-GPS,
217200,2026-05-22 09:19:12,51.9887345682721,4.39016712241249,4.593176,,,0.809035787044,3.28084,4.6080964,41.16469948,494.4553964,29,5,7.518,3.105623787044,6.889764,8.7464354,143.322183064,1.11847,4.47388,0,78.5, 14.1, 3.4,,,0,0,364,1024,1024,1024,-100,0,0,0,97,0,4.4,65,3.759,3.759,0,0,0,0,5.044,107.06,0.809035787044,4.593176,6,P-GPS,
217300,2026-05-22 09:19:12,51.9887349430073,4.39016993732974,4.593176,,,0.809035787044,3.28084,3.914645,41.578413404,495.10172188,29,5,7.518,3.105623787044,6.889764,8.7464354,143.322183064,0.894776,3.802798,0,78.5, 15.9, 3.6,,,0,0,364,1024,1024,1024,-100,0,0,0,96.9,0,3.9,65,3.759,3.759,0,0,0,0,5.044,107.06,0.809035787044,4.593176,6,P-GPS,
217400,2026-05-22 09:19:13,51.9887353364098,4.39017210188235,4.593176,,,0.809035787044,2.952756,2.9751302,41.876969844,495.61025208,29,5,7.518,3.105623787044,6.889764,8.7464354,143.322183064,0.671082,2.908022,0,78.3, 14.3, 3.3,,,0,0,384,1024,1024,1024,-97,0,0,0,96.8,0,4,65,3.759,3.759,0,0,0,0,5.044,107.06,0.809035787044,4.593176,6,P-GPS,
217500,2026-05-22 09:19:13,51.9887356492402,4.39017377025196,4.593176,,,0.809035787044,2.952756,2.3264176,42.10794098,496.00067204,29,5,7.518,3.105623787044,6.889764,8.7464354,143.322183064,0.671082,2.23694,0,78.1, 12.6, 3.3,,,0,0,1024,1024,1024,1024,0,0,0,0,97.3,0,3.9,65,3.759,3.759,0,0,0,0,5.044,107.06,0.809035787044,4.593176,6,P-GPS,
217600,2026-05-22 09:19:13,51.9887357482912,4.39017534076778,4.593176,,,0.809035787044,2.952756,1.8342908,42.369752012,496.35500276,28,5,7.518,3.105623787044,6.889764,8.7464354,143.322183064,0.447388,1.789552,0,78.2, 2.7, 3.6,,,0,0,1024,1024,1024,1024,0,0,0,0,97.8,0,4.7,65,3.759,3.759,0,0,0,0,5.044,107.06,0.809035787044,4.593176,6,P-GPS,
217700,2026-05-22 09:19:13,51.9887359610854,4.39017651840771,4.593176,,,0.809035787044,2.952756,1.6329662,42.537074852,496.63059332,28,5,7.518,3.105623787044,6.889764,8.7464354,143.322183064,0.447388,1.565858,0,78.1, -1.7, 4.1,,,0,0,1024,1024,1024,1024,0,0,0,0,97.8,0,3.9,65,3.759,3.759,0,0,0,0,5.044,107.06,0.809035787044,4.593176,6,P-GPS,
217800,2026-05-22 09:19:13,51.988735902796,4.39017815675621,4.593176,,,0.809035787044,2.952756,1.5882274,42.847442316,496.9980474,28,5,7.518,3.105623787044,6.889764,8.7464354,143.322183064,0.223694,1.565858,0,78, -1, 2.6,,,0,0,1024,1024,1024,1024,0,0,0,0,97.6,0,2.3,65,3.759,3.759,0,0,0,0,5.044,107.06,0.809035787044,4.593176,6,P-GPS,
217900,2026-05-22 09:19:13,51.9887360268367,4.39017936713001,4.593176,,,0.809035787044,2.952756,1.3645334,43.041668044,497.2769188,28,5,7.501,3.105623787044,6.889764,8.7464354,143.322183064,0.223694,1.342164,0,78, 0.6, 1.3,,,0,0,1024,1024,1024,1024,0,0,0,0,97.6,0,1.7,65,3.76,3.761,0,0,0,0,5.353,107.24,0.809035787044,4.593176,6,P-GPS,
218000,2026-05-22 09:19:13,51.9887360124614,4.39018091769667,4.593176,,,0.809035787044,2.952756,1.342164,43.32841346,497.62468784,28,5,7.501,3.105623787044,6.889764,8.7464354,143.322183064,0,1.342164,0,77.9, 1.6, 0.3,,,0,0,1024,1337,1024,1024,0,47,0,0,97.5,0,0.1,65,3.76,3.761,0,0,0,0,5.353,107.24,0.809035787044,4.593176,6,P-GPS,
218100,2026-05-22 09:19:13,51.988736184674,4.39018198113675,4.593176,,,0.809035787044,2.952756,1.1408394,43.4875342,497.87075084,28,5,7.501,3.105623787044,6.889764,8.7464354,143.322183064,0.223694,1.11847,0,77.8, 2.5, 0,,,0,0,998,1684,1024,1024,-4,100,0,0,97.3,0,1.8,65,3.76,3.761,0,0,0,0,5.353,107.24,0.809035787044,4.593176,6,P-GPS,
218200,2026-05-22 09:19:13,51.9887363219164,4.39018291624284,4.593176,,,0.809035787044,2.952756,1.1408394,43.630906908,498.08728628,28,5,7.501,3.105623787044,6.889764,8.7464354,143.322183064,0.223694,1.11847,0,77.8, 2.3, 3,,,0,0,998,1684,1024,1024,-4,100,0,0,97.3,0,8.8,65,3.76,3.761,0,0,0,0,5.353,107.24,0.809035787044,4.593176,6,P-GPS,
218300,2026-05-22 09:19:13,51.9887364117836,4.39018368591287,4.593176,,,0.809035787044,2.952756,0.894776,43.754266492,498.26445164,28,5,7.501,3.105623787044,6.889764,8.7464354,143.322183064,0,0.894776,0,78.2, 1.7, 11.2,,,0,0,1024,1684,1024,1024,0,100,0,0,97.5,0,14.1,65,3.76,3.761,0,0,0,0,5.353,107.24,0.809035787044,4.593176,6,P-GPS,
218400,2026-05-22 09:19:14,51.988736418226,4.390184408228,4.593176,,,0.809035787044,2.952756,0.9171454,43.886484344,498.4252128,27,5,7.501,3.105623787044,6.889764,8.7464354,143.322183064,-0.223694,0.894776,0,78.3, 1.4, 13.9,,,0,0,1024,1628,1024,1024,0,92,0,0,97.4,0,14.9,65,3.76,3.761,0,0,0,0,5.353,107.24,0.809035787044,4.593176,6,P-GPS,
218500,2026-05-22 09:19:14,51.9887362169714,4.39018511622816,4.593176,,,0.809035787044,2.952756,1.11847,44.059056528,498.59909732,27,5,7.501,3.105623787044,6.889764,8.7464354,143.322183064,-0.671082,0.894776,0,78, 1, 14.5,,,0,0,1024,1024,1024,1024,0,0,0,0,97.2,0,11.7,65,3.76,3.761,0,0,0,0,5.353,107.24,0.809035787044,4.593176,6,P-GPS,
218600,2026-05-22 09:19:14,51.9887357827988,4.39018630510862,4.593176,,,0.809035787044,2.952756,1.4316416,44.368767824,498.91077712,27,5,7.501,3.105623787044,6.889764,8.7464354,143.322183064,-1.11847,0.894776,0,77.8, 0.8, 7,,,0,0,1024,1024,1024,1248,0,0,0,34,97.4,0,1.6,65,3.76,3.761,0,0,0,0,5.353,107.24,0.809035787044,4.593176,6,P-GPS,
218700,2026-05-22 09:19:14,51.9887353053289,4.39018708116404,4.593176,,,0.809035787044,2.952756,1.4316416,44.6112219,499.15684012,27,5,7.501,3.105623787044,6.889764,8.7464354,143.322183064,-1.11847,0.894776,0,77.8, 1.2, -0.8,,,0,0,1024,1024,878,1684,0,0,-22,100,98.4,0,-0.6,65,3.76,3.761,0,0,0,0,5.353,107.24,0.809035787044,4.593176,6,P-GPS,
218800,2026-05-22 09:19:14,51.988734770786,4.39018808918053,4.593176,,,0.809035787044,2.952756,1.2750558,44.908466004,499.45539656,27,5,7.501,3.105623787044,6.889764,8.7464354,143.322183064,-0.894776,0.894776,0,80.6, 1.7, -1.2,,,0,0,1024,1024,878,1684,0,0,-22,100,103.5,0,-0.1,65,3.76,3.761,0,0,0,0,5.353,107.24,0.809035787044,4.593176,6,P-GPS,
218900,2026-05-22 09:19:14,51.9887343875354,4.39018876629706,4.593176,,,0.809035787044,2.952756,1.2750558,45.11319042,499.66208948,27,5,7.51,3.105623787044,6.889764,8.7464354,143.322183064,-0.894776,0.894776,0,85.9, 2.7, -0.8,,,0,0,1024,1024,1006,1523,0,0,-3,76,109,0,0.1,65,3.753,3.755,0,0,0,0,5.328,107.24,0.809035787044,4.593176,6,P-GPS,
219000,2026-05-22 09:19:14,51.9887340844712,4.39018929621556,4.593176,,,0.809035787044,2.952756,0.9395148,45.27395158,499.82613148,27,5,7.51,3.105623787044,6.889764,8.7464354,143.322183064,-0.671082,0.671082,0,91.5, 3.3, -0.7,,,0,0,1024,1024,1006,1523,0,0,-3,76,114.2,0,0.5,65,3.753,3.755,0,0,0,0,5.328,107.24,0.809035787044,4.593176,6,P-GPS,
219100,2026-05-22 09:19:14,51.9887337976072,4.39018984684834,4.593176,,,0.809035787044,2.952756,0.8052984,45.435368908,499.98689264,27,5,7.51,3.105623787044,6.889764,8.7464354,143.322183064,-0.671082,0.447388,0,94.9, 3.6, -0.3,,,0,0,1024,1024,1024,1024,0,0,0,0,114.3,0,0.6,65,3.753,3.755,0,0,0,0,5.328,107.24,0.809035787044,4.593176,6,P-GPS,
219200,2026-05-22 09:19:14,51.988733400084,4.39019015880078,4.593176,,,0.809035787044,2.952756,0.6263432,45.575460776,500.1476538,27,5,7.51,3.105623787044,6.889764,8.7464354,143.322183064,-0.447388,0.447388,0,94.4, 3.7, -0.6,,,0,0,1024,1024,1024,1024,0,0,0,0,114,0,0,65,3.753,3.755,0,0,0,0,5.328,107.24,0.809035787044,4.593176,6,P-GPS,
219300,2026-05-22 09:19:14,51.9887331569285,4.39019037370629,4.593176,,,0.809035787044,2.952756,0.4921268,45.665683876,500.24935984,27,5,7.51,3.105623787044,6.889764,8.7464354,143.322183064,-0.447388,0.223694,0,94.2, 3.1, -0.9,,,0,0,1024,1024,1004,1024,0,0,-3,0,114,0,-0.2,65,3.753,3.755,0,0,0,0,5.328,107.24,0.809035787044,4.593176,6,P-GPS,
219400,2026-05-22 09:19:15,51.9887328067377,4.3901901515946,4.593176,,,0.809035787044,2.952756,0.447388,45.698164192,500.38715512,28,5,7.51,3.105623787044,6.889764,8.7464354,143.322183064,-0.447388,0,0,94.3, 2.3, -1.2,,,0,0,1024,1024,871,364,0,0,-23,-100,114.2,0,-0.2,65,3.753,3.755,0,0,0,0,5.328,107.24,0.809035787044,4.593176,6,P-GPS,
219500,2026-05-22 09:19:15,51.9887324024209,4.39019010226427,4.593176,,,0.809035787044,2.952756,0.223694,45.773951596,500.53479292,29,5,7.51,3.105623787044,6.889764,8.7464354,143.322183064,-0.223694,0,0,93.7, 1.4, -0.9,,,0,0,1024,1024,709,364,0,0,-48,-100,110.6,0,0,65,3.753,3.755,0,0,0,0,5.328,107.24,0.809035787044,4.593176,6,P-GPS,
219600,2026-05-22 09:19:15,51.988732237096,4.39019001417638,4.593176,,,0.809035787044,2.952756,0.223694,45.7923243,500.59712888,29,5,7.51,3.105623787044,6.889764,8.7464354,143.322183064,-0.223694,0,0,88.9, 0.4, -0.7,,,0,0,1024,1024,366,364,0,0,-100,-100,105.3,0,-0.4,65,3.753,3.755,0,0,0,0,5.328,107.24,0.809035787044,4.593176,6,P-GPS,
219700,2026-05-22 09:19:15,51.9887320973606,4.3901899105632,4.593176,,,0.809035787044,2.952756,0.223694,45.802822988,500.65290316,29,5,7.51,3.105623787044,6.889764,8.7464354,143.322183064,-0.223694,0,0.223694,83.5, -0.4, -1.5,,,0,0,1024,1024,364,750,0,0,-100,-42,99.8,0,-0.8,65,3.753,3.755,0,0,0,0,5.328,107.24,0.809035787044,4.593176,6,P-GPS,
219800,2026-05-22 09:19:15,51.9887317695295,4.39018992358441,4.593176,,,0.809035787044,2.952756,0,45.874673384,500.77429424,29,5,7.51,3.105623787044,6.889764,8.7464354,143.322183064,0,0,0.223694,78, -0.9, -1.4,,,0,0,1024,1024,375,1024,0,0,-98,0,95.6,0,-1.6,65,3.753,3.755,0,0,0,0,5.328,107.24,0.809035787044,4.593176,6,P-GPS,
219900,2026-05-22 09:19:15,51.9887316980127,4.39018978772428,4.593176,,,0.809035787044,2.952756,0,45.864830864,500.81366432,29,5,7.52,3.105623787044,6.889764,8.7464354,143.322183064,0,0,0.447388,75.8, -0.9, -2.2,,,0,0,1024,1024,375,1024,0,0,-98,0,95.4,0,-1.2,65,3.762,3.762,0,0,0,0,4.829,107.24,0.809035787044,4.593176,6,P-GPS,
220000,2026-05-22 09:19:15,51.988731450231,4.39018964257124,4.265092,,,0.480951787044,2.624672,0,45.891077584,500.90880868,29,5,7.52,3.105623787044,6.889764,8.7464354,143.322183064,0,0,0.447388,76, -1.9, -1.3,,,0,0,1024,1024,450,1024,0,0,-87,0,95.6,0,0.3,65,3.762,3.762,0,0,0,0,4.829,107.24,0.480951787044,4.265092,6,P-GPS,
220100,2026-05-22 09:19:15,51.9887314810206,4.39018950388707,4.265092,,,0.480951787044,2.624672,0,45.858925352,500.94161708,29,5,7.52,3.105623787044,6.889764,8.7464354,143.322183064,0,0,0.447388,76, -2.1, 0.5,,,0,0,1024,1024,364,1024,0,0,-100,0,95.6,0,2.1,65,3.762,3.762,0,0,0,0,4.829,107.24,0.480951787044,4.265092,6,P-GPS,
220200,2026-05-22 09:19:15,51.9887310873611,4.39018909728049,4.265092,,,0.480951787044,2.624672,0,45.868767872,501.11222076,28,5,7.52,3.105623787044,6.889764,8.7464354,143.322183064,0,0,0.447388,76, -1.2, 1.8,,,0,0,1024,1024,424,1111,0,0,-91,13,95.6,0,2.9,65,3.762,3.762,0,0,0,0,4.829,107.24,0.480951787044,4.265092,6,P-GPS,
220300,2026-05-22 09:19:15,51.9887311435003,4.39018906079051,4.265092,,,0.480951787044,2.624672,0,45.850067084,501.13518664,28,5,7.52,3.105623787044,6.889764,8.7464354,143.322183064,0,0,0.447388,76.1, -0.5, 2.3,,,0,0,1024,1024,1024,1024,0,0,0,0,95.6,0,2.6,65,3.762,3.762,0,0,0,0,4.829,107.24,0.480951787044,4.265092,6,P-GPS,
220400,2026-05-22 09:19:16,51.9887309186352,4.39018871910911,4.265092,,,0.480951787044,2.624672,0,45.835959472,501.2467352,29,5,7.52,3.105623787044,6.889764,8.7464354,143.322183064,0,0,0.447388,76.1, 0.2, 1.8,,,0,0,1024,1024,1024,1024,0,0,0,0,95.5,0,1.7,65,3.762,3.762,0,0,0,0,4.829,107.24,0.480951787044,4.265092,6,P-GPS,
220500,2026-05-22 09:19:16,51.9887309224646,4.39018869707322,3.937008,,,0.152867787044,2.624672,0,45.831366296,501.25329688,29,5,7.52,3.105623787044,6.889764,8.7464354,143.322183064,0,0,0.223694,76, 0, 0.7,,,0,0,1024,1024,1024,1024,0,0,0,0,95.5,0,1.3,65,3.762,3.762,0,0,0,0,4.829,107.24,0.152867787044,3.937008,6,P-GPS,
220600,2026-05-22 09:19:16,51.9887310004238,4.39018841546186,3.937008,,,0.152867787044,2.624672,0,45.763452908,501.32219452,28,5,7.52,3.105623787044,6.889764,8.7464354,143.322183064,0,0,0,76.1, -0.6, 0.8,,,0,0,364,1024,1024,1024,-100,0,0,0,95.7,0,1.4,65,3.762,3.762,0,0,0,0,4.829,107.24,0.152867787044,3.937008,6,P-GPS,
220700,2026-05-22 09:19:16,51.9887309730181,4.39018832699836,3.937008,,,0.152867787044,2.296588,0,45.75295422,501.3451604,28,5,7.52,3.105623787044,6.889764,8.7464354,143.322183064,0,0,0,76.2, -0.9, 0.7,,,0,0,364,1024,1024,1024,-100,0,0,0,95.8,0,1.7,65,3.762,3.762,0,0,0,0,4.829,107.24,0.152867787044,3.937008,6,P-GPS,
220800,2026-05-22 09:19:16,51.9887311272745,4.39018804396802,3.937008,,,0.152867787044,2.296588,0,45.668636632,501.43046224,28,5,7.52,3.105623787044,6.889764,8.7464354,143.322183064,0,0,0,76.4, 7.1, 1.2,,,0,0,364,1050,1024,1024,-100,4,0,0,95.6,0,1.3,65,3.762,3.762,0,0,0,0,4.829,107.24,0.152867787044,3.937008,6,P-GPS,
220900,2026-05-22 09:19:16,51.9887310611377,4.39018771092568,3.937008,,,0.152867787044,2.624672,0.447388,45.622376788,501.5092024,28,5,7.507,3.105623787044,6.889764,8.7464354,143.322183064,0,-0.447388,0,76.3, 10.7, 0.9,,,0,0,364,1051,1024,1024,-100,4,0,0,95.5,0,1.7,64,3.754,3.756,0,0,0,0,5.35,107.42,0.152867787044,3.937008,6,P-GPS,
221000,2026-05-22 09:19:16,51.9887312057734,4.39018704545311,3.937008,,,0.152867787044,2.624672,0.9171454,45.470473896,501.66668272,27,5,7.507,3.105623787044,6.889764,8.7464354,143.322183064,-0.223694,-0.894776,0,76.3, 10.6, 0.9,,,0,0,654,1024,1024,1024,-56,0,0,0,95.6,0,0.9,64,3.754,3.756,0,0,0,0,5.35,107.42,0.152867787044,3.937008,6,P-GPS,
221100,2026-05-22 09:19:16,51.9887313658724,4.39018588008316,3.937008,,,0.152867787044,2.624672,1.4092722,45.22473898,501.9357116,28,5,7.507,3.105623787044,6.889764,8.7464354,143.322183064,-0.447388,-1.342164,0,76.2, 8.8, -0.3,,,0,0,1024,1024,1024,1024,0,0,0,0,95.6,0,0,64,3.754,3.756,0,0,0,0,5.35,107.42,0.152867787044,3.937008,6,P-GPS,
221200,2026-05-22 09:19:16,51.9887311549286,4.3901846208242,3.937008,,,0.152867787044,2.624672,1.8342908,45.04265236,502.22770636,28,5,7.507,3.105623787044,6.889764,8.7464354,143.322183064,-0.447388,-1.789552,0,76.1, -1.4, -0.2,,,0,0,1024,1024,1024,1024,0,0,0,0,95.7,0,0.9,64,3.754,3.756,0,0,0,0,5.35,107.42,0.152867787044,3.937008,6,P-GPS,
221300,2026-05-22 09:19:17,51.988730944396,4.39018331991409,3.937008,,,0.152867787044,2.296588,1.8342908,44.854332144,502.52954364,28,5,7.507,3.105623787044,6.889764,8.7464354,143.322183064,-0.447388,-1.789552,0,76.2, -6, 0.1,,,0,0,1024,1024,1024,1024,0,0,0,0,95.6,0,0.4,64,3.754,3.756,0,0,0,0,5.35,107.42,0.152867787044,3.937008,6,P-GPS,
221400,2026-05-22 09:19:17,51.9887311876629,4.39018197778407,3.937008,,,0.152867787044,2.296588,1.6329662,44.559712712,502.84450428,28,5,7.507,3.105623787044,6.889764,8.7464354,143.322183064,-0.447388,-1.565858,0,76.1, -6.3, 0,,,0,0,1024,364,1024,1024,0,-100,0,0,95.6,0,0.6,64,3.754,3.756,0,0,0,0,5.35,107.42,0.152867787044,3.937008,6,P-GPS,
221500,2026-05-22 09:19:17,51.9887314318207,4.39018110269237,3.937008,,,0.152867787044,2.296588,1.3645334,44.349410868,503.06103972,29,5,7.507,3.105623787044,6.889764,8.7464354,143.322183064,-0.223694,-1.342164,0,76.2, -7.1, -0.3,,,0,0,1024,364,1024,1024,0,-100,0,0,95.5,0,-3.9,64,3.754,3.756,0,0,0,0,5.35,107.42,0.152867787044,3.937008,6,P-GPS,
221600,2026-05-22 09:19:17,51.9887313011234,4.39018022029711,3.937008,,,0.152867787044,2.296588,1.1408394,44.220145772,503.2644518,29,5,7.507,3.105623787044,6.889764,8.7464354,143.322183064,-0.223694,-1.11847,0,76.6, -6.2, -8.3,,,0,0,1024,364,1024,1024,0,-100,0,0,95.1,0,-11,64,3.754,3.756,0,0,0,0,5.35,107.42,0.152867787044,3.937008,6,P-GPS,
221700,2026-05-22 09:19:17,51.9887313171265,4.39017944610584,3.937008,,,0.152867787044,2.296588,1.11847,44.078413484,503.43833632,29,5,7.507,3.105623787044,6.889764,8.7464354,143.322183064,0,-1.11847,0,76.6, -4.8, -12.1,,,0,0,1024,364,1024,1024,0,-100,0,0,95.2,0,-11.3,64,3.754,3.756,0,0,0,0,5.35,107.42,0.152867787044,3.937008,6,P-GPS,
221800,2026-05-22 09:19:17,51.9887315732694,4.39017860166127,3.937008,,,0.152867787044,2.296588,1.11847,43.870736312,503.65159092,29,5,7.507,3.105623787044,6.889764,8.7464354,143.322183064,0.671082,-0.894776,0,76.4, -3.5, -11.9,,,0,0,1024,364,1024,1024,0,-100,0,0,95.2,0,-11.3,64,3.754,3.756,0,0,0,0,5.35,107.42,0.152867787044,3.937008,6,P-GPS,
221900,2026-05-22 09:19:17,51.9887316051128,4.39017742290841,3.937008,,,0.152867787044,2.296588,1.4316416,43.653872788,503.91405812,29,5,7.502,3.105623787044,6.889764,8.7464354,143.322183064,0.894776,-1.11847,0,76.4, -3.3, -12.2,,,0,0,1024,777,1024,1024,0,-37,0,0,95.3,0,-11.7,64,3.749,3.75,0,0,0,0,5.372,107.42,0.152867787044,3.937008,6,P-GPS,
222000,2026-05-22 09:19:17,51.988732156721,4.39017665403134,3.937008,,,0.152867787044,2.624672,1.7448132,43.39403026,504.17980616,29,5,7.502,3.105623787044,6.889764,8.7464354,143.322183064,1.342164,-1.11847,0,76.5, -3.1, -10.2,,,0,0,1024,1024,1024,1024,0,0,0,0,95.8,0,-3.8,64,3.749,3.75,0,0,0,0,5.372,107.42,0.152867787044,3.937008,6,P-GPS,
222100,2026-05-22 09:19:17,51.9887328522881,4.39017586567812,3.937008,,,0.152867787044,2.624672,1.9237684,43.099082744,504.48820512,28,5,7.502,3.105623787044,6.889764,8.7464354,143.322183064,1.565858,-1.11847,0,76.5, -2.5, -0.5,,,0,0,1024,1024,1024,1024,0,0,0,0,95.9,0,3,64,3.749,3.75,0,0,0,0,5.372,107.42,0.152867787044,3.937008,6,P-GPS,
222200,2026-05-22 09:19:17,51.9887329850414,4.39017484038349,3.937008,,,0.152867787044,2.624672,1.9237684,42.886812396,504.7244256,28,5,7.502,3.105623787044,6.889764,8.7464354,143.322183064,1.565858,-1.11847,0,76.2, -1.9, 2.6,,,0,0,1024,1024,1024,1024,0,0,0,0,95.6,0,3,64,3.749,3.75,0,0,0,0,5.372,107.42,0.152867787044,3.937008,6,P-GPS,
222300,2026-05-22 09:19:18,51.9887329702549,4.39017424175589,3.937008,,,0.152867787044,2.624672,1.7448132,42.78379402,504.85894004,28,5,7.502,3.105623787044,6.889764,8.7464354,143.322183064,1.342164,-1.11847,0,75.9, -3.1, 2.8,,,0,0,1024,1024,1024,1024,0,0,0,0,95.6,0,4.5,64,3.749,3.75,0,0,0,0,5.372,107.42,0.152867787044,3.937008,6,P-GPS,
222400,2026-05-22 09:19:18,51.9887335543489,4.39017353062563,3.937008,,,0.152867787044,2.624672,1.6105968,42.526904248,505.12468808,28,5,7.502,3.105623787044,6.889764,8.7464354,143.322183064,1.342164,-0.894776,0,75.9, -4.4, 4.5,,,0,0,461,1024,1024,1024,-85,0,0,0,95.9,0,5.6,64,3.749,3.75,0,0,0,0,5.372,107.42,0.152867787044,3.937008,6,P-GPS,
222500,2026-05-22 09:19:18,51.9887340794082,4.39017289141806,3.937008,,,0.152867787044,2.624672,1.4316416,42.296261196,505.3641894,28,5,7.502,3.105623787044,6.889764,8.7464354,143.322183064,1.11847,-0.894776,0,75.9, -4.6, 5.3,,,0,0,364,1024,1024,1024,-100,0,0,0,95.7,0,5.5,64,3.749,3.75,0,0,0,0,5.372,107.42,0.152867787044,3.937008,6,P-GPS,
222600,2026-05-22 09:19:18,51.988734262972,4.39017235265182,3.937008,,,0.152867787044,2.624672,1.11847,42.159450168,505.50526552,27,5,7.502,3.105623787044,6.889764,8.7464354,143.322183064,0.894776,-0.671082,0,76.1, 0.3, 4.5,,,0,0,364,1024,1024,1024,-100,0,0,0,95.3,0,5,64,3.749,3.75,0,0,0,0,5.372,107.42,0.152867787044,3.937008,6,P-GPS,
222700,2026-05-22 09:19:18,51.9887346534532,4.39017174901606,3.937008,,,0.152867787044,2.624672,1.2750558,41.96522444,505.70211592,27,5,7.502,3.105623787044,6.889764,8.7464354,143.322183064,0.894776,-0.894776,0,76.5, 8.2, 4.3,,,0,0,364,1024,1024,1024,-100,0,0,0,95.1,0,4.7,64,3.749,3.75,0,0,0,0,5.372,107.42,0.152867787044,3.937008,6,P-GPS,
222800,2026-05-22 09:19:18,51.9887349102558,4.39017082061534,3.937008,,,0.152867787044,2.624672,1.4987498,41.742783488,505.92849388,27,5,7.502,3.105623787044,6.889764,8.7464354,143.322183064,0.671082,-1.342164,0,76.4, 10.3, 3.9,,,0,0,364,1024,1024,1024,-100,0,0,0,95.1,0,4.2,64,3.749,3.75,0,0,0,0,5.372,107.42,0.152867787044,3.937008,6,P-GPS,
222900,2026-05-22 09:19:18,51.9887351188609,4.39016975695267,3.937008,,,0.152867787044,2.624672,1.5882274,41.506891092,506.18111856,27,5,7.513,3.105623787044,6.889764,8.7464354,143.322183064,0.223694,-1.565858,0,76.4, 10.7, 3.3,,,0,0,1024,1024,1024,1024,0,0,0,0,95.2,0,3.6,64,3.752,3.755,0,0,0,0,4.993,107.42,0.152867787044,3.937008,6,P-GPS,
223000,2026-05-22 09:19:18,51.9887352672146,4.39016817413905,3.937008,,,0.152867787044,2.624672,2.0356154,41.192914704,506.53873012,27,5,7.513,3.105623787044,6.889764,8.7464354,143.322183064,0.223694,-2.013246,0,76.1, 4.2, 2.8,,,0,0,1024,1024,1024,1024,0,0,0,0,95.5,0,3.1,64,3.752,3.755,0,0,0,0,4.993,107.42,0.152867787044,3.937008,6,P-GPS,
223100,2026-05-22 09:19:18,51.9887353195929,4.39016653559579,3.937008,,,0.152867787044,2.624672,2.013246,40.891405508,506.90946504,27,5,7.513,3.105623787044,6.889764,8.7464354,143.322183064,0,-2.013246,0,76, -3.2, 2.4,,,0,0,1024,1024,1024,1024,0,0,0,0,95.7,0,2.9,64,3.752,3.755,0,0,0,0,4.993,107.42,0.152867787044,3.937008,6,P-GPS,
223200,2026-05-22 09:19:18,51.9887353620849,4.39016510835495,3.937008,,,0.152867787044,2.624672,2.013246,40.630250644,507.23098736,27,5,7.513,3.105623787044,6.889764,8.7464354,143.322183064,0,-2.013246,0,76.1, -4.1, 2.1,,,0,0,1024,1024,1024,1024,0,0,0,0,95.8,0,2.4,64,3.752,3.755,0,0,0,0,4.993,107.42,0.152867787044,3.937008,6,P-GPS,
223300,2026-05-22 09:19:19,51.9887354400184,4.39016371810491,3.937008,,,0.152867787044,2.624672,1.789552,40.368767696,507.54266716,27,5,7.513,3.105623787044,6.889764,8.7464354,143.322183064,0,-1.789552,0,76.2, -5.6, 1.4,,,0,0,1024,1024,1024,1024,0,0,0,0,95.8,0,1.9,64,3.752,3.755,0,0,0,0,4.993,107.42,0.152867787044,3.937008,6,P-GPS,
223400,2026-05-22 09:19:19,51.9887354647511,4.39016254191177,3.937008,,,0.152867787044,2.624672,1.565858,40.157153516,507.8084152,27,5,7.513,3.105623787044,6.889764,8.7464354,143.322183064,0,-1.565858,0,76.2, -6.7, 1.4,,,0,0,1024,1024,1024,1024,0,0,0,0,95.8,0,1.9,64,3.752,3.755,0,0,0,0,4.993,107.42,0.152867787044,3.937008,6,P-GPS,
223500,2026-05-22 09:19:19,51.9887354947782,4.39016149595851,3.937008,,,0.152867787044,2.624672,1.342164,39.967849048,508.04135484,27,5,7.513,3.105623787044,6.889764,8.7464354,143.322183064,0,-1.342164,0,76.2, -7.1, 1.5,,,0,0,1024,1024,1024,1024,0,0,0,0,96.1,0,2.7,64,3.752,3.755,0,0,0,0,4.993,107.42,0.152867787044,3.937008,6,P-GPS,
223600,2026-05-22 09:19:19,51.9887354656678,4.39016080280197,3.937008,,,0.152867787044,2.624672,1.11847,39.8540039,508.19883516,28,5,7.513,3.105623787044,6.889764,8.7464354,143.322183064,0,-1.11847,0,76.4, -7.4, 2.2,,,0,0,1024,1024,1024,1024,0,0,0,0,96,0,2.5,64,3.752,3.755,0,0,0,0,4.993,107.42,0.152867787044,3.937008,6,P-GPS,
223700,2026-05-22 09:19:19,51.9887354593625,4.39016006237401,3.937008,,,0.152867787044,2.624672,0.894776,39.727035392,508.366158,28,5,7.513,3.105623787044,6.889764,8.7464354,143.322183064,0,-0.894776,0,76.1, -7.3, 1.6,,,0,0,1024,1024,1024,1024,0,0,0,0,95.6,0,1.9,64,3.752,3.755,0,0,0,0,4.993,107.42,0.152867787044,3.937008,6,P-GPS,
223800,2026-05-22 09:19:19,51.9887353774797,4.3901597432293,3.937008,,,0.152867787044,2.624672,0.671082,39.690618068,508.44161732,28,5,7.513,3.105623787044,6.889764,8.7464354,143.322183064,0,-0.671082,0,75.8, -7.4, 1.2,,,0,0,1024,1024,1024,1024,0,0,0,0,95.5,0,1.9,64,3.752,3.755,0,0,0,0,4.993,107.42,0.152867787044,3.937008,6,P-GPS,
223900,2026-05-22 09:19:19,51.9887353500226,4.39015926499219,3.937008,,,0.152867787044,2.624672,0.671082,39.614174496,508.54988504,28,5,7.497,3.105623787044,6.889764,8.7464354,143.322183064,0,-0.671082,0,75.9, -6.8, 1.2,,,0,0,1024,1024,1024,1024,0,0,0,0,95.6,0,1.8,64,3.752,3.753,0,0,0,0,5.332,107.42,0.152867787044,3.937008,6,P-GPS,
224000,2026-05-22 09:19:19,51.9887353318522,4.39015905762673,3.937008,,,0.152867787044,2.624672,0.447388,39.582678432,508.59909764,28,5,7.497,3.105623787044,6.889764,8.7464354,143.322183064,0,-0.447388,0,76, -6.4, 1,,,0,0,1024,1024,1024,1024,0,0,0,0,95.5,0,1.3,64,3.752,3.753,0,0,0,0,5.332,107.42,0.152867787044,3.937008,6,P-GPS,
224100,2026-05-22 09:19:19,51.988735306871,4.39015875435509,3.937008,,,0.152867787044,2.624672,0.223694,39.536090504,508.66799528,28,5,7.497,3.105623787044,6.889764,8.7464354,143.322183064,0,-0.223694,0,75.9, -6.1, 0.4,,,0,0,1024,1024,1024,1024,0,0,0,0,95.4,0,1,64,3.752,3.753,0,0,0,0,5.332,107.42,0.152867787044,3.937008,6,P-GPS,
224200,2026-05-22 09:19:19,51.9887351564526,4.39015858733311,3.937008,,,0.152867787044,2.624672,0.223694,39.542652184,508.73361208,28,5,7.497,3.105623787044,6.889764,8.7464354,143.322183064,0,-0.223694,0,75.9, -5.7, 0.4,,,0,0,1024,1024,1024,1024,0,0,0,0,95.5,0,1.4,64,3.752,3.753,0,0,0,0,5.332,107.42,0.152867787044,3.937008,6,P-GPS,
224300,2026-05-22 09:19:20,51.9887351295524,4.39015845442222,3.937008,,,0.152867787044,2.624672,0,39.5259199,508.76313964,27,5,7.497,3.105623787044,6.889764,8.7464354,143.322183064,0,0,0,76.1, -4.8, 1,,,0,0,1024,1024,1024,1024,0,0,0,0,95.8,0,2.1,64,3.752,3.753,0,0,0,0,5.332,107.42,0.152867787044,3.937008,6,P-GPS,
224400,2026-05-22 09:19:20,51.9887351893411,4.39015839552075,3.937008,,,0.152867787044,2.624672,0,39.501641684,508.78938636,27,5,7.497,3.105623787044,6.889764,8.7464354,143.322183064,0,0,0,76.3, -2.7, 1.6,,,0,0,1024,1024,1024,1024,0,0,0,0,95.8,0,3.1,64,3.752,3.753,0,0,0,0,5.332,107.42,0.152867787044,3.937008,6,P-GPS,
224500,2026-05-22 09:19:20,51.9887352673431,4.39015839106906,3.937008,,,0.152867787044,2.624672,0,39.482612812,508.81891392,27,5,7.497,3.105623787044,6.889764,8.7464354,143.322183064,0,0,0,76.2, -2.6, 2.9,,,0,0,1024,1024,1024,1024,0,0,0,0,95.6,0,4.5,64,3.752,3.753,0,0,0,0,5.332,107.42,0.152867787044,3.937008,6,P-GPS,
224600,2026-05-22 09:19:20,51.988735487959,4.39015852002906,4.265092,,,0.480951787044,2.624672,0,39.453413336,508.90421576,28,5,7.497,3.105623787044,6.889764,8.7464354,143.322183064,0,0,0,76, -1.4, 4.2,,,0,0,1024,1024,1024,1024,0,0,0,0,95.4,0,4.9,64,3.752,3.753,0,0,0,0,5.332,107.42,0.480951787044,4.265092,6,P-GPS,
224700,2026-05-22 09:19:20,51.9887355397975,4.39015859515139,4.265092,,,0.480951787044,2.624672,0,39.454397588,508.93046248,28,5,7.497,3.105623787044,6.889764,8.7464354,143.322183064,0,0,0,75.9, 0.2, 3.5,,,0,0,1024,1024,1024,1024,0,0,0,0,95.3,0,3,64,3.752,3.753,0,0,0,0,5.332,107.42,0.480951787044,4.265092,6,P-GPS,
224800,2026-05-22 09:19:20,51.9887357160623,4.39015876584603,4.265092,,,0.480951787044,2.624672,0,39.442586564,509.0059218,28,5,7.497,3.105623787044,6.889764,8.7464354,143.322183064,0,0,0,76.1, 0.8, 1.7,,,0,0,1024,1024,1024,1024,0,0,0,0,95.6,0,2.7,64,3.752,3.753,0,0,0,0,5.332,107.42,0.480951787044,4.265092,6,P-GPS,
224900,2026-05-22 09:19:20,51.9887357376425,4.39015880429753,4.265092,,,0.480951787044,2.624672,0,39.444226984,509.01576432,28,5,7.498,3.105623787044,6.889764,8.7464354,143.322183064,0,0,0,76.2, 0.6, 2.3,,,0,0,1024,1024,1024,1024,0,0,0,0,95.5,0,3.1,64,3.752,3.752,0,0,0,0,5.325,107.6,0.480951787044,4.265092,6,P-GPS,
225000,2026-05-22 09:19:20,51.9887357396214,4.39015879525503,3.937008,,,0.152867787044,2.624672,0,39.44225848,509.01904516,28,5,7.498,3.105623787044,6.889764,8.7464354,143.322183064,0,0,0,76, 0.6, 2.1,,,0,0,1024,1024,1024,1024,0,0,0,0,95.3,0,2.6,64,3.752,3.752,0,0,0,0,5.325,107.6,0.152867787044,3.937008,6,P-GPS,
225100,2026-05-22 09:19:20,51.9887357329906,4.39015882842015,3.937008,,,0.152867787044,2.624672,0,39.449476328,509.02560684,28,5,7.498,3.105623787044,6.889764,8.7464354,143.322183064,0,0,0,75.9, 1.1, 1.8,,,0,0,1024,1024,1024,1024,0,0,0,0,95.4,0,2.6,64,3.752,3.752,0,0,0,0,5.325,107.6,0.152867787044,3.937008,6,P-GPS,
225200,2026-05-22 09:19:20,51.9887357811026,4.39015879970672,3.937008,,,0.152867787044,2.624672,0,39.433400212,509.04529188,28,5,7.498,3.105623787044,6.889764,8.7464354,143.322183064,0,0,0,76.2, 1.4, 2,,,0,0,1024,1024,1024,1024,0,0,0,0,95.7,0,2.5,64,3.752,3.752,0,0,0,0,5.325,107.6,0.152867787044,3.937008,6,P-GPS,
225300,2026-05-22 09:19:20,51.9887357581432,4.39015888008762,3.937008,,,0.152867787044,2.624672,0,39.452757168,509.06497692,28,5,7.498,3.105623787044,6.889764,8.7464354,143.322183064,0,0,0,76.4, 2, 1.8,,,0,0,1024,1024,1024,1024,0,0,0,0,95.9,0,2.6,64,3.752,3.752,0,0,0,0,5.325,107.6,0.152867787044,3.937008,6,P-GPS,
225400,2026-05-22 09:19:21,51.9887358383212,4.3901589061022,3.937008,,,0.152867787044,2.624672,0,39.438649556,509.09450448,29,5,7.498,3.105623787044,6.889764,8.7464354,143.322183064,0,0,0,76.6, 2.8, 1.3,,,0,0,1024,1024,1024,1024,0,0,0,0,95.9,0,1.1,64,3.752,3.752,0,0,0,0,5.325,107.6,0.152867787044,3.937008,6,P-GPS,
225500,2026-05-22 09:19:21,51.9887358035651,4.3901589922703,3.937008,,,0.152867787044,2.624672,0,39.461615436,509.11747036,29,5,7.498,3.105623787044,6.889764,8.7464354,143.322183064,0,0,0,76.5, 3.1, 0,,,0,0,1024,1024,1024,1024,0,0,0,0,95.8,0,0.8,64,3.752,3.752,0,0,0,0,5.325,107.6,0.152867787044,3.937008,6,P-GPS,
225600,2026-05-22 09:19:21,51.9887358377215,4.39015878760368,3.937008,,,0.152867787044,2.624672,0,39.418308348,509.16668296,28,5,7.498,3.105623787044,6.889764,8.7464354,143.322183064,0,0,0,76.3, 2.9, 0.3,,,0,0,1024,1024,1024,1024,0,0,0,0,95.6,0,1.4,64,3.752,3.752,0,0,0,0,5.325,107.6,0.152867787044,3.937008,6,P-GPS,
225700,2026-05-22 09:19:21,51.9887358557806,4.39015879282051,3.937008,,,0.152867787044,2.624672,0,39.415027508,509.17324464,28,5,7.498,3.105623787044,6.889764,8.7464354,143.322183064,0,0,0,76.2, 2.4, 0.9,,,0,0,1024,1024,1024,1024,0,0,0,0,95.6,0,2.4,64,3.752,3.752,0,0,0,0,5.325,107.6,0.152867787044,3.937008,6,P-GPS,
225800,2026-05-22 09:19:21,51.988735859987,4.39015849128781,4.265092,,,0.480951787044,2.624672,0,39.3618779,509.23886144,27,5,7.498,3.105623787044,6.889764,8.7464354,143.322183064,0,0,0,76.2, 1.6, 2.3,,,0,0,1024,1024,1024,1024,0,0,0,0,95.5,0,3.8,64,3.752,3.752,0,0,0,0,5.325,107.6,0.480951787044,4.265092,6,P-GPS,
225900,2026-05-22 09:19:21,51.9887359172141,4.3901584373945,4.265092,,,0.480951787044,2.624672,0,39.33891202,509.26510816,27,5,7.499,3.105623787044,6.889764,8.7464354,143.322183064,0,0,0,76.1, 1.2, 3.6,,,0,0,1024,1024,1024,1024,0,0,0,0,95.3,0,4.6,64,3.756,3.753,0,0,0,0,5.241,107.6,0.480951787044,4.265092,6,P-GPS,
226000,2026-05-22 09:19:21,51.9887359312468,4.39015828075052,4.265092,,,0.480951787044,2.624672,0,39.308728292,509.29791656,27,5,7.499,3.105623787044,6.889764,8.7464354,143.322183064,0,0,0,76, 1.1, 4.1,,,0,0,1024,1024,1024,474,0,0,0,-83,94.4,0,4.7,64,3.756,3.753,0,0,0,0,5.241,107.6,0.480951787044,4.265092,6,P-GPS,
226100,2026-05-22 09:19:21,51.9887359684787,4.39015825609927,4.265092,,,0.480951787044,2.624672,0,39.295933016,509.31432076,27,5,7.499,3.105623787044,6.889764,8.7464354,143.322183064,0,0,0,73.5, 2, 3.8,,,0,0,1024,1024,1024,364,0,0,0,-100,89.5,0.1,4.4,64,3.756,3.753,0,0,0,0,5.241,107.6,0.480951787044,4.265092,6,P-GPS,
226200,2026-05-22 09:19:21,51.9887359991569,4.39015822072222,4.265092,,,0.480951787044,2.624672,0,39.282481572,509.32744412,27,5,7.499,3.105623787044,6.889764,8.7464354,143.322183064,0,0,0,68.1, 2.5, 4.2,,,0,0,1024,1024,1024,364,0,0,0,-100,84.1,0.1,5.1,64,3.756,3.753,0,0,0,0,5.241,107.6,0.480951787044,4.265092,6,P-GPS,
226300,2026-05-22 09:19:21,51.9887360310174,4.39015815668738,4.265092,,,0.480951787044,2.624672,0,39.264108868,509.34712916,27,5,7.499,3.105623787044,6.889764,8.7464354,143.322183064,0,0,0,62.6, 2.3, 4.6,,,0,0,1024,1024,1019,364,0,0,-1,-100,78.7,0.1,5.4,64,3.756,3.753,0,0,0,0,5.241,107.6,0.480951787044,4.265092,6,P-GPS,
226400,2026-05-22 09:19:22,51.9887359640068,4.39015794027942,4.265092,,,0.480951787044,2.624672,0,39.24212724,509.3996226,27,5,7.499,3.105623787044,6.889764,8.7464354,143.322183064,0,0,0,57.3, 2.1, 4.7,,,0,0,1024,1024,1020,364,0,0,-1,-100,73.3,0.1,4.9,64,3.756,3.753,0,0,0,0,5.241,107.6,0.480951787044,4.265092,6,P-GPS,
226500,2026-05-22 09:19:22,51.9887359635784,4.39015786551879,4.265092,,,0.480951787044,2.624672,0,39.229331964,509.4160268,27,5,7.499,3.105623787044,6.889764,8.7464354,143.322183064,0,0,0,51.8, 1.9, 4.6,,,0,0,1024,1024,1020,364,0,0,-1,-100,68.1,0.1,5.3,64,3.756,3.753,0,0,0,0,5.241,107.6,0.480951787044,4.265092,6,P-GPS,
226600,2026-05-22 09:19:22,51.9887359860923,4.39015773049335,4.265092,,,0.480951787044,2.624672,0,39.200788656,509.4488352,27,5,7.499,3.105623787044,6.889764,8.7464354,143.322183064,0,0,0,46.9, 2.4, 4.2,,,0,0,1024,1024,1020,364,0,0,-1,-100,63.1,0.1,3.9,64,3.756,3.753,0,0,0,0,5.241,107.6,0.480951787044,4.265092,6,P-GPS,
226700,2026-05-22 09:19:22,51.9887359333971,4.39015766417703,4.265092,,,0.480951787044,2.624672,0,39.201772908,509.47180108,27,5,7.499,3.105623787044,6.889764,8.7464354,143.322183064,0,0,0,41.5, 1.1, 2.9,,,0,0,1024,1024,1020,364,0,0,-1,-100,57.5,0.1,3.5,64,3.756,3.753,0,0,0,0,5.241,107.6,0.480951787044,4.265092,6,P-GPS,
226800,2026-05-22 09:19:22,51.9887359791531,4.3901575138489,3.937008,,,0.152867787044,2.624672,0,39.1650275,509.51117116,27,5,7.499,3.105623787044,6.889764,8.7464354,143.322183064,0,0,0,35.5, -0.7, 3.9,,,0,0,1024,1024,1020,364,0,0,-1,-100,51.3,0.1,5.6,64,3.756,3.753,0,0,0,0,5.241,107.6,0.152867787044,3.937008,6,P-GPS,
226900,2026-05-22 09:19:22,51.9887359462303,4.39015746248748,3.937008,,,0.152867787044,2.624672,0,39.163715164,509.52757536,27,5,7.508,3.105623787044,6.889764,8.7464354,143.322183064,0,0,0,29.4, 0, 4.9,,,0,0,1024,1024,1019,364,0,0,-1,-100,45.4,0.1,4,64,3.752,3.749,0,0,0,0,4.891,107.6,0.152867787044,3.937008,6,P-GPS,
227000,2026-05-22 09:19:22,51.9887361190598,4.39015725233971,3.937008,,,0.152867787044,2.624672,0,39.087271592,509.60631552,27,5,7.508,3.105623787044,6.889764,8.7464354,143.322183064,0,0,0,23.7, 0.9, 2.5,,,0,0,1024,1024,1024,555,0,0,0,-71,39.8,0,1.6,64,3.752,3.749,0,0,0,0,4.891,107.6,0.152867787044,3.937008,6,P-GPS,
227100,2026-05-22 09:19:22,51.9887361129345,4.39015735714927,3.937008,,,0.152867787044,2.624672,0,39.106628548,509.6292814,27,5,7.508,3.105623787044,6.889764,8.7464354,143.322183064,0,0,0,19.2, 1.9, 0.5,,,0,0,1024,1024,1024,1024,0,0,0,0,38.8,0,-0.2,64,3.752,3.749,0,0,0,0,4.891,107.6,0.152867787044,3.937008,6,P-GPS,
227200,2026-05-22 09:19:22,51.9887362960957,4.39015705088666,3.937008,,,0.152867787044,2.624672,0,39.011156104,509.7277066,27,5,7.508,3.105623787044,6.889764,8.7464354,143.322183064,0,0,0,19.4, 2.4, -1.1,,,0,0,1024,1024,1024,1024,0,0,0,0,39.1,0,-0.1,64,3.752,3.749,0,0,0,0,4.891,107.6,0.152867787044,3.937008,6,P-GPS,
227300,2026-05-22 09:19:22,51.9887363241438,4.39015713218571,4.265092,,,0.480951787044,2.624672,0,39.018702036,509.74739164,27,5,7.508,3.105623787044,6.889764,8.7464354,143.322183064,0,0,0,19.7, 2.8, -0.2,,,0,0,1024,1024,1024,574,0,0,0,-68,39.4,0,0.6,64,3.752,3.749,0,0,0,0,4.891,107.6,0.480951787044,4.265092,6,P-GPS,
227400,2026-05-22 09:19:23,51.9887366657934,4.39015669500157,4.265092,,,0.480951787044,2.624672,0,38.863518304,509.90487196,28,5,7.508,3.105623787044,6.889764,8.7464354,143.322183064,0,0,0,19.7, 3, 0,,,0,0,1024,1024,915,364,0,0,-17,-100,37.2,0,0.1,64,3.752,3.749,0,0,0,0,4.891,107.6,0.480951787044,4.265092,6,P-GPS,
227500,2026-05-22 09:19:23,51.9887366814538,4.39015674856101,4.265092,,,0.480951787044,2.624672,0,38.869095732,509.91799532,28,5,7.508,3.105623787044,6.889764,8.7464354,143.322183064,0,0,0,15.7, 3, -0.4,,,0,0,1024,1024,829,364,0,0,-30,-100,32.1,0,-0.2,64,3.752,3.749,0,0,0,0,4.891,107.6,0.480951787044,4.265092,6,P-GPS,
227600,2026-05-22 09:19:23,51.9887367342519,4.39015651854755,4.265092,,,0.480951787044,2.624672,0,38.816930376,509.9737696,26,5,7.508,3.105623787044,6.889764,8.7464354,143.322183064,0,0,0,10.4, 2.8, -0.8,,,0,0,1024,1024,829,364,0,0,-30,-100,26.4,0,-0.4,64,3.752,3.749,0,0,0,0,4.891,107.6,0.480951787044,4.265092,6,P-GPS,
227700,2026-05-22 09:19:23,51.9887367284692,4.3901565292038,3.937008,,,0.152867787044,2.624672,0,38.820211216,509.97705044,26,5,7.508,3.105623787044,6.889764,8.7464354,143.322183064,0,0,0,4.5, 2.4, -0.7,,,0,0,1024,1024,829,364,0,0,-30,-100,20.4,0,0.1,64,3.752,3.749,0,0,0,0,4.891,107.6,0.152867787044,3.937008,6,P-GPS,
227800,2026-05-22 09:19:23,51.9887364917303,4.39015631406178,3.937008,,,0.152867787044,2.624672,0,38.838255836,510.07547564,27,5,7.508,3.105623787044,6.889764,8.7464354,143.322183064,0,0,0,358.5, 2.2, 0,,,0,0,1024,1024,933,364,0,0,-14,-100,14.3,0,0.9,64,3.752,3.749,0,0,0,0,4.891,107.6,0.152867787044,3.937008,6,P-GPS,
227900,2026-05-22 09:19:23,51.9887365040667,4.39015630508884,3.937008,,,0.152867787044,2.624672,0,38.83366266,510.08203732,27,5,7.498,3.105623787044,6.889764,8.7464354,143.322183064,0,0,0,352.8, 2.5, 0.5,,,0,0,1024,1024,995,364,0,0,-4,-100,9,0,0.4,64,3.754,3.751,0,0,0,0,5.139,107.6,0.152867787044,3.937008,6,P-GPS,
228000,2026-05-22 09:19:23,51.9887365480151,4.39015610746146,3.937008,,,0.152867787044,2.624672,0,38.78937132,510.12796908,28,5,7.498,3.105623787044,6.889764,8.7464354,143.322183064,0,0,0,347.5, 2.9, -0.4,,,0,0,1024,1024,995,364,0,0,-4,-100,3.7,0,-0.8,64,3.754,3.751,0,0,0,0,5.139,107.6,0.152867787044,3.937008,6,P-GPS,
228100,2026-05-22 09:19:23,51.9887365783592,4.39015536767343,3.937008,,,0.152867787044,2.624672,0,38.65485688,510.29529192,27,5,7.498,3.105623787044,6.889764,8.7464354,143.322183064,0,0,0,342.1, 3.9, -1.7,,,0,0,1024,1024,998,364,0,0,-4,-100,358.2,0,-2.1,64,3.754,3.751,0,0,0,0,5.139,107.6,0.152867787044,3.937008,6,P-GPS,
228200,2026-05-22 09:19:23,51.9887366337017,4.39015542784085,3.937008,,,0.152867787044,2.624672,0,38.652232208,510.3182578,27,5,7.498,3.105623787044,6.889764,8.7464354,143.322183064,0,0,0,336.4, 3.8, -3.2,,,0,0,1024,1024,1012,364,0,0,-2,-100,352.6,-0.1,-3.2,64,3.754,3.751,0,0,0,0,5.139,107.6,0.152867787044,3.937008,6,P-GPS,
228300,2026-05-22 09:19:23,51.9887366805629,4.3901554750149,3.937008,,,0.152867787044,2.624672,0,38.649279452,510.33794284,27,5,7.498,3.105623787044,6.889764,8.7464354,143.322183064,0,0,0,330.7, 3.7, -3.5,,,0,0,1024,1024,1024,364,0,0,0,-100,346.9,0,-2.1,64,3.754,3.751,0,0,0,0,5.139,107.6,0.152867787044,3.937008,6,P-GPS,
228400,2026-05-22 09:19:24,51.9887369006476,4.39015473024653,3.937008,,,0.152867787044,2.624672,0,38.46948942,510.52495072,24,5,7.498,3.105623787044,6.889764,8.7464354,143.322183064,0,0,0,325.3, 3.2, -2.4,,,0,0,1024,1024,1024,960,0,0,0,-10,342.2,0,-3.7,64,3.754,3.751,0,0,0,0,5.139,107.6,0.152867787044,3.937008,6,P-GPS,
228500,2026-05-22 09:19:24,51.9887371424067,4.39015442024171,3.937008,,,0.152867787044,2.624672,0,38.35958128,510.63649928,26,5,7.498,3.105623787044,6.889764,8.7464354,143.322183064,0,0,0,320.6, 2.7, -5.2,,,0,0,1024,1024,1024,1024,0,0,0,0,338.3,0,-5.3,64,3.754,3.751,0,0,0,0,5.139,107.6,0.152867787044,3.937008,6,P-GPS,
228600,2026-05-22 09:19:24,51.988737166634,4.3901544730221,3.937008,,,0.152867787044,2.624672,0,38.36286212,510.65290348,26,5,7.498,3.105623787044,6.889764,8.7464354,143.322183064,0,0,0,318.5, 3.1, -5.5,,,0,0,1024,1024,1024,1024,0,0,0,0,338.3,0,-4.6,64,3.754,3.751,0,0,0,0,5.139,107.6,0.152867787044,3.937008,6,P-GPS,
228700,2026-05-22 09:19:24,51.9887371741986,4.39015449063412,3.937008,,,0.152867787044,2.624672,0,38.364174456,510.65618432,26,5,7.498,3.105623787044,6.889764,8.7464354,143.322183064,0,0,0,318.6, 3, -4.7,,,0,0,1024,1024,1024,1024,0,0,0,0,338.3,0,-3.7,64,3.754,3.751,0,0,0,0,5.139,107.6,0.152867787044,3.937008,6,P-GPS,
228800,2026-05-22 09:19:24,51.988737006672,4.39015442152157,3.937008,,,0.152867787044,2.624672,0,38.391733512,510.71852028,26,5,7.498,3.105623787044,6.889764,8.7464354,143.322183064,0,0,0,318.7, 3.1, -4,,,0,0,1024,1024,1024,1024,0,0,0,0,338.3,0,-3.5,64,3.754,3.751,0,0,0,0,5.139,107.6,0.152867787044,3.937008,6,P-GPS,
228900,2026-05-22 09:19:24,51.9887367720321,4.39015425533428,3.937008,,,0.152867787044,2.624672,0,38.418308316,510.81366464,26,5,7.505,3.105623787044,6.889764,8.7464354,143.322183064,0,0,0,318.7, 2.6, -3.3,,,0,0,1024,1024,1024,1024,0,0,0,0,338.2,0,-1.7,64,3.753,3.75,0,0,0,0,4.829,107.6,0.152867787044,3.937008,6,P-GPS,
229000,2026-05-22 09:19:24,51.9887367622743,4.39015421226414,3.937008,,,0.152867787044,2.624672,0,38.413058972,510.82350716,26,5,7.505,3.105623787044,6.889764,8.7464354,143.322183064,0,0,0,318.7, 3.4, -2.6,,,0,0,1024,1024,1024,1024,0,0,0,0,338.4,0,-3.1,64,3.753,3.75,0,0,0,0,4.829,107.6,0.152867787044,3.937008,6,P-GPS,
229100,2026-05-22 09:19:24,51.9887367708584,4.39015419259322,3.937008,,,0.152867787044,2.624672,0,38.407809628,510.83006884,26,5,7.505,3.105623787044,6.889764,8.7464354,143.322183064,0,0,0,318.8, 3.6, -4.1,,,0,0,1024,1024,1024,1024,0,0,0,0,338.4,0,-4,64,3.753,3.75,0,0,0,0,4.829,107.6,0.152867787044,3.937008,6,P-GPS,
229200,2026-05-22 09:19:24,51.9887367235261,4.39015404307196,3.937008,,,0.152867787044,2.624672,0,38.393045848,510.86615808,26,5,7.505,3.105623787044,6.889764,8.7464354,143.322183064,0,0,0,318.7, 3.6, -4.5,,,0,0,1024,1024,1024,1024,0,0,0,0,338.3,0,-3.8,64,3.753,3.75,0,0,0,0,4.829,107.6,0.152867787044,3.937008,6,P-GPS,
229300,2026-05-22 09:19:25,51.9887367414567,4.3901540214256,3.937008,,,0.152867787044,2.624672,0,38.385171832,510.8760006,26,5,7.505,3.105623787044,6.889764,8.7464354,143.322183064,0,0,0,318.6, 4.2, -4.3,,,0,0,1024,1024,1024,1024,0,0,0,0,338.1,0,-4.2,64,3.753,3.75,0,0,0,0,4.829,107.6,0.152867787044,3.937008,6,P-GPS,
229400,2026-05-22 09:19:25,51.9887367387324,4.39015407367735,3.937008,,,0.152867787044,2.624672,0,38.395014352,510.88584312,30,5,7.505,3.105623787044,6.889764,8.7464354,143.322183064,0,0,0,318.4, 4.1, -5.1,,,0,0,1024,1024,1024,1024,0,0,0,0,338.3,0,-5.3,64,3.753,3.75,0,0,0,0,4.829,107.6,0.152867787044,3.937008,6,P-GPS,
229500,2026-05-22 09:19:25,51.9887367344061,4.39015410141697,3.937008,,,0.152867787044,2.624672,0,38.40059178,510.8924048,30,5,7.505,3.105623787044,6.889764,8.7464354,143.322183064,0,0,0,318.7, 3.3, -6.2,,,0,0,1024,1024,1024,1024,0,0,0,0,338.5,0,-5.5,64,3.753,3.75,0,0,0,0,4.829,107.6,0.152867787044,3.937008,6,P-GPS,
229600,2026-05-22 09:19:25,51.9887366688176,4.39015433460225,3.937008,,,0.152867787044,2.624672,0,38.456037976,510.95145992,28,5,7.505,3.105623787044,6.889764,8.7464354,143.322183064,0,0,0,318.9, 2.3, -5.6,,,0,0,1443,1024,1024,1024,63,0,0,0,338.4,0,-4.2,64,3.753,3.75,0,0,0,0,4.829,107.6,0.152867787044,3.937008,6,P-GPS,
229700,2026-05-22 09:19:25,51.9887366152571,4.39015428326866,3.937008,,,0.152867787044,2.624672,0,38.459974984,510.9744258,28,5,7.505,3.105623787044,6.889764,8.7464354,143.322183064,0,0,0,318.8, 1.8, -4.1,,,0,0,1443,1024,1024,1024,63,0,0,0,338.4,0,-2.7,64,3.753,3.75,0,0,0,0,4.829,107.6,0.152867787044,3.937008,6,P-GPS,
229800,2026-05-22 09:19:25,51.9887363635175,4.39015405004164,3.937008,,,0.152867787044,2.624672,0,38.47933194,511.07941268,29,5,7.505,3.105623787044,6.889764,8.7464354,143.322183064,0,0,0,318.9, 0.2, -2.5,,,0,0,1684,1024,1024,1024,100,0,0,0,338.3,0,-1.5,64,3.753,3.75,0,0,0,0,4.829,107.6,0.152867787044,3.937008,6,P-GPS,
229900,2026-05-22 09:19:25,51.9887363287957,4.3901539053755,3.937008,,,0.152867787044,2.624672,0.223694,38.46292774,511.11550192,29,5,7.507,3.105623787044,6.889764,8.7464354,143.322183064,0,-0.223694,0,319, -8.7, -1.5,,,0,0,1684,1024,1024,1024,100,0,0,0,338.3,0,-0.6,63,3.749,3.747,0,0,0,0,4.833,107.6,0.152867787044,3.937008,6,P-GPS,
230000,2026-05-22 09:19:25,51.9887362160976,4.39015330358998,3.937008,,,0.152867787044,2.624672,0.4921268,38.386812252,511.25657804,29,5,7.507,3.105623787044,6.889764,8.7464354,143.322183064,0.223694,-0.447388,0,319, -11.8, -0.9,,,0,0,1684,1024,1024,1024,100,0,0,0,338.2,0,-0.6,63,3.749,3.747,0,0,0,0,4.833,107.6,0.152867787044,3.937008,6,P-GPS,
230100,2026-05-22 09:19:25,51.9887364582507,4.39015277956998,3.937008,,,0.152867787044,2.624672,1.11847,38.23983062,511.40421584,29,5,7.507,3.105623787044,6.889764,8.7464354,143.322183064,0.671082,-0.894776,0,318.9, -10.7, -0.9,,,0,0,1684,1024,1024,1024,100,0,0,0,338.2,0,-0.3,63,3.749,3.747,0,0,0,0,4.833,107.6,0.152867787044,3.937008,6,P-GPS,
230200,2026-05-22 09:19:25,51.9887367921216,4.39015166951232,3.937008,,,0.152867787044,2.624672,1.4316416,37.971457908,511.6798064,29,5,7.507,3.105623787044,6.889764,8.7464354,143.322183064,0.894776,-1.11847,0,318.8, -10.1, -0.5,,,0,0,1684,1024,1024,1024,100,0,0,0,338.3,0,0.1,63,3.749,3.747,0,0,0,0,4.833,107.6,0.152867787044,3.937008,6,P-GPS,
230300,2026-05-22 09:19:26,51.9887373390265,4.39015051815129,3.937008,,,0.152867787044,2.624672,1.901399,37.645014328,512.0078904,27,5,7.507,3.105623787044,6.889764,8.7464354,143.322183064,1.342164,-1.342164,0,318.8, -9.7, -0.3,,,0,0,1024,1024,1024,1024,0,0,0,0,338.2,0,-0.3,63,3.749,3.747,0,0,0,0,4.833,107.6,0.152867787044,3.937008,6,P-GPS,
230400,2026-05-22 09:19:26,51.9887379970961,4.3901494832577,3.937008,,,0.152867787044,2.624672,2.2145706,37.312337152,512.34253608,27,5,7.507,3.105623787044,6.889764,8.7464354,143.322183064,1.565858,-1.565858,0,318.8, -8.7, -1.1,,,0,0,1024,1024,1542,1024,0,0,78,0,338.2,0,-0.8,63,3.749,3.747,0,0,0,0,4.833,107.6,0.152867787044,3.937008,6,P-GPS,
230500,2026-05-22 09:19:26,51.988738743311,4.39014834004884,3.937008,,,0.152867787044,2.624672,2.5277422,36.939961812,512.71655184,27,5,7.507,3.105623787044,6.889764,8.7464354,143.322183064,1.789552,-1.789552,0,318.9, 1.2, -1.1,,,0,0,1024,1024,1684,1053,0,0,100,4,338.3,0,-0.5,63,3.749,3.747,0,0,0,0,4.833,107.6,0.152867787044,3.937008,6,P-GPS,
230600,2026-05-22 09:19:26,51.9887396070214,4.39014711794761,3.937008,,,0.152867787044,2.624672,2.3711564,36.526575972,513.13321852,29,5,7.507,3.105623787044,6.889764,8.7464354,143.322183064,1.789552,-1.565858,-0.223694,319, 4.3, -1,,,0,0,1024,1024,1684,1053,0,0,100,4,338.5,0,-0.5,63,3.749,3.747,0,0,0,0,4.833,107.6,0.152867787044,3.937008,6,P-GPS,
230700,2026-05-22 09:19:26,51.9887402545366,4.39014614067563,4.265092,,,0.480951787044,2.952756,2.0579848,36.206037904,513.45474084,29,5,7.507,3.105623787044,6.889764,8.7464354,143.322183064,1.565858,-1.342164,-1.11847,319.1, 3.7, -1,,,0,0,1024,1024,1684,1024,0,0,100,0,338.5,0,-0.6,63,3.749,3.747,0,0,0,0,4.833,107.6,0.480951787044,4.265092,6,P-GPS,
230800,2026-05-22 09:19:26,51.9887407692041,4.3901454635591,4.593176,,,0.809035787044,3.28084,1.7448132,35.968505088,513.697523,29,5,7.507,3.105623787044,6.889764,8.7464354,143.322183064,1.342164,-1.11847,-2.23694,319, 4.2, -1.2,,,0,0,1024,1024,1684,1024,0,0,100,0,338.4,0,-1.2,63,3.749,3.747,0,0,0,0,4.833,107.6,0.809035787044,4.593176,6,P-GPS,
230900,2026-05-22 09:19:26,51.9887419772885,4.39014491504088,4.92126,,,1.137119787044,3.608924,1.4316416,35.589568068,514.1568406,29,5,7.492,3.105623787044,6.889764,8.7464354,143.322183064,1.11847,-0.894776,-3.131716,318.9, 4.4, -2.1,,,0,0,1024,1024,1684,1024,0,0,100,0,338.2,0,-1.5,63,3.686,3.699,0,0,0,0,5.208,107.6,1.137119787044,4.92126,6,P-GPS,
231000,2026-05-22 09:19:26,51.9887423912516,4.39014430348945,5.577428,,,1.793287787044,4.265092,1.2750558,35.387468324,514.36025268,29,5,7.492,3.105623787044,6.889764,8.7464354,143.322183064,0.894776,-0.894776,-3.579104,318.6, 4.5, -1.7,,,0,0,1024,1024,1684,1024,0,0,100,0,337.9,0,-0.6,63,3.686,3.699,0,0,0,0,5.208,107.6,1.793287787044,5.577428,6,P-GPS,
231100,2026-05-22 09:19:26,51.9887426970443,4.39014377464214,6.233596,,,2.449455787044,4.92126,0.9395148,35.22473866,514.52429468,29,5,7.492,3.105623787044,6.889764,8.7464354,143.322183064,0.671082,-0.671082,-4.026492,318.5, 5, -0.7,,,0,0,1024,1024,1684,1024,0,0,100,0,337.8,0,0.4,63,3.686,3.699,0,0,0,0,5.208,107.6,2.449455787044,6.233596,6,P-GPS,
231200,2026-05-22 09:19:26,51.9887437901561,4.39014345416193,6.889764,,,3.105623787044,5.577428,0.8052984,34.914371196,514.927838,29,5,7.492,3.105623787044,6.889764,8.7464354,143.322183064,0.447388,-0.671082,-4.250186,318.5, 4.5, 0.4,,,0,0,1024,1024,1024,1024,0,0,0,0,337.9,0,1,63,3.686,3.699,0,0,0,0,5.208,107.6,3.105623787044,6.889764,6,P-GPS,
231300,2026-05-22 09:19:27,51.9887439056641,4.39014313155325,7.217848,,,3.433707787044,6.233596,0.4921268,34.831365944,515.01313984,29,5,7.492,3.433707787044,7.217848,8.7464354,143.322183064,0.223694,-0.447388,-4.026492,318.6, 3.4, 0.4,,,0,0,1197,1024,1024,1024,26,0,0,0,337.9,0,1,63,3.686,3.699,0,0,0,0,5.208,107.6,3.433707787044,7.217848,6,P-GPS,
231400,2026-05-22 09:19:27,51.9887442827595,4.390142641227,7.874016,,,4.089875787044,6.56168,0.4921268,34.659121844,515.18702436,29,5,7.492,4.089875787044,7.874016,8.7464354,143.322183064,0.223694,-0.447388,-3.35541,318.7, 2.9, 1,,,0,0,1684,1024,1024,1024,100,0,0,0,338,0,2,63,3.686,3.699,0,0,0,0,5.208,107.6,4.089875787044,7.874016,6,P-GPS,
231500,2026-05-22 09:19:27,51.9887443580886,4.39014222207222,8.2021,,,4.417959787044,7.217848,0.447388,34.568898744,515.28544956,29,5,7.492,4.417959787044,8.2021,8.7464354,143.322183064,0,-0.447388,-2.23694,318.7, 1.4, 1.7,,,0,0,1684,1024,1024,1024,100,0,0,0,338.1,0,2.8,63,3.686,3.699,0,0,0,0,5.208,107.6,4.417959787044,8.2021,6,P-GPS,
231600,2026-05-22 09:19:27,51.9887449116201,4.39014158675987,8.530184,,,4.746043787044,7.217848,0.671082,34.330381676,515.5347934,29,5,7.492,4.746043787044,8.530184,8.7464354,143.322183064,0,-0.671082,-1.342164,318.5, -7.1, 2.5,,,0,0,1684,1024,1024,1024,100,0,0,0,338.4,0,3.4,63,3.686,3.699,0,0,0,0,5.208,107.6,4.746043787044,8.530184,6,P-GPS,
231700,2026-05-22 09:19:27,51.9887450653238,4.3901409629176,8.858268,,,5.074127787044,7.217848,0.9171454,34.1863528,515.68571204,29,5,7.492,5.074127787044,8.858268,8.7464354,143.322183064,0.223694,-0.894776,-0.671082,318.4, -11, 3.2,,,0,0,1684,1024,1024,1024,100,0,0,0,338.5,0,4,63,3.686,3.699,0,0,0,0,5.208,107.6,5.074127787044,8.858268,6,P-GPS,
231800,2026-05-22 09:19:27,51.9887455776055,4.39014020861983,8.858268,,,5.074127787044,7.545932,1.2974252,33.936680876,515.93833672,29,5,7.492,5.074127787044,8.858268,8.7464354,143.322183064,0.671082,-1.11847,-0.223694,318.3, -12.7, 3.7,,,0,0,1684,1024,1024,1024,100,0,0,0,338.7,0,4.1,63,3.686,3.699,0,0,0,0,5.208,107.6,5.074127787044,8.858268,6,P-GPS,
231900,2026-05-22 09:19:27,51.9887459975013,4.39013920967366,8.858268,,,5.074127787044,7.545932,1.6105968,33.666011576,516.2073656,29,5,7.554,5.074127787044,8.858268,8.7464354,143.322183064,0.894776,-1.342164,0,318.4, -12.1, 3.7,,,0,0,1684,1024,1024,1024,100,0,0,0,338.7,0,4.1,63,3.754,3.751,0,0,0,0,3.89,107.78,5.074127787044,8.858268,6,P-GPS,
232000,2026-05-22 09:19:27,51.9887468412379,4.39013730321495,8.858268,,,5.074127787044,7.545932,2.0579848,33.13976484,516.73558084,29,5,7.554,5.074127787044,8.858268,8.7464354,143.322183064,1.342164,-1.565858,0,318.5, -11.4, 3.5,,,0,0,1684,1024,1024,1024,100,0,0,0,338.6,0,3.7,63,3.754,3.751,0,0,0,0,3.89,107.78,5.074127787044,8.858268,6,P-GPS,
232100,2026-05-22 09:19:27,51.9887475614949,4.39013594736815,8.858268,,,5.074127787044,7.545932,2.3711564,32.7375666644,517.13912416,29,5,7.554,5.074127787044,8.858268,8.7464354,143.322183064,1.565858,-1.789552,0,318.4, -11, 3.2,,,0,0,1684,1024,1024,1024,100,0,0,0,338.6,0,4.2,63,3.754,3.751,0,0,0,0,3.89,107.78,5.074127787044,8.858268,6,P-GPS,
232200,2026-05-22 09:19:27,51.9887488796816,4.39013391322234,8.858268,,,5.074127787044,7.545932,2.8632832,32.0790364596,517.80185384,29,5,7.554,5.074127787044,8.858268,8.7464354,143.322183064,1.789552,-2.23694,0,318.4, -10.5, 4.3,,,0,0,1684,1024,1024,1024,100,0,0,0,338.7,0,5.2,63,3.754,3.751,0,0,0,0,3.89,107.78,5.074127787044,8.858268,6,P-GPS,
232300,2026-05-22 09:19:28,51.9887498282262,4.39013226679123,8.858268,,,5.074127787044,7.545932,3.3330406,31.5735246324,518.3071032,29,5,7.554,5.074127787044,8.858268,8.7464354,143.322183064,2.23694,-2.460634,0,318.4, -10.2, 5,,,0,0,1684,1024,1024,1024,100,0,0,0,338.7,0,5.5,63,3.754,3.751,0,0,0,0,3.89,107.78,5.074127787044,8.858268,6,P-GPS,
232400,2026-05-22 09:19:28,51.988750910912,4.39013068002673,8.858268,,,5.074127787044,7.217848,3.3330406,31.0474747468,518.84188012,29,5,7.554,5.074127787044,8.858268,8.7464354,143.322183064,2.460634,-2.460634,0,318.3, -9.7, 5,,,0,0,1684,1024,1024,1024,100,0,0,0,338.6,0,5.4,63,3.754,3.751,0,0,0,0,3.89,107.78,5.074127787044,8.858268,6,P-GPS,
232500,2026-05-22 09:19:28,51.9887520193971,4.39012890576941,8.858268,,,5.074127787044,7.217848,3.802798,30.4830062248,519.40946544,29,5,7.554,5.074127787044,8.858268,8.7464354,143.322183064,2.684328,-2.684328,0,318.4, -9.3, 5,,,0,0,1398,1024,1024,1024,57,0,0,0,338.7,0,5.3,63,3.754,3.751,0,0,0,0,3.89,107.78,5.074127787044,8.858268,6,P-GPS,
232600,2026-05-22 09:19:28,51.9887532227011,4.3901268278718,8.858268,,,5.074127787044,7.545932,3.9593838,29.843832976,520.04922924,29,5,7.554,5.074127787044,8.858268,8.7464354,143.322183064,2.908022,-2.684328,0,318.5, -9.4, 4.7,,,0,0,1024,1024,1024,1024,0,0,0,0,338.6,0,4.8,63,3.754,3.751,0,0,0,0,3.89,107.78,5.074127787044,8.858268,6,P-GPS,
232700,2026-05-22 09:19:28,51.9887544888007,4.39012493665318,8.858268,,,5.074127787044,7.545932,4.2725554,29.2230652396,520.67586968,29,5,7.554,5.074127787044,8.858268,8.7464354,143.322183064,3.131716,-2.908022,0,318.8, -2.7, 4.1,,,0,0,1024,1024,1024,1024,0,0,0,0,338.2,0,4.6,63,3.754,3.751,0,0,0,0,3.89,107.78,5.074127787044,8.858268,6,P-GPS,
232800,2026-05-22 09:19:28,51.9887557089645,4.390123001488,8.858268,,,5.074127787044,7.545932,4.1159696,28.605315876,521.29922928,29,5,7.554,5.074127787044,8.858268,8.7464354,143.322183064,3.131716,-2.684328,0,319.1, 3.4, 3.9,,,0,0,1024,1024,1024,1024,0,0,0,0,338.2,0,4.1,63,3.754,3.751,0,0,0,0,3.89,107.78,5.074127787044,8.858268,6,P-GPS,
232900,2026-05-22 09:19:28,51.988756893781,4.3901213911017,8.858268,,,5.074127787044,7.545932,3.802798,28.0529536536,521.86353376,29,5,7.491,5.074127787044,8.858268,8.7464354,143.322183064,2.908022,-2.460634,0,319, 2.7, 3.1,,,0,0,524,1024,1024,1024,-76,0,0,0,338.3,0,2.8,63,3.744,3.742,0,0,0,0,4.913,107.78,5.074127787044,8.858268,6,P-GPS,
233000,2026-05-22 09:19:28,51.988757908411,4.39012009172186,8.858268,,,5.074127787044,7.545932,3.4896264,27.59432503,522.33269388,29,5,7.491,5.074127787044,8.858268,8.7464354,143.322183064,2.684328,-2.23694,0,318.9, 4.4, 1.6,,,0,0,364,1024,1024,1024,-100,0,0,0,338.2,0,0.8,63,3.744,3.742,0,0,0,0,4.913,107.78,5.074127787044,8.858268,6,P-GPS,
233100,2026-05-22 09:19:28,51.9887589465015,4.39011875327144,8.858268,,,5.074127787044,7.545932,3.1764548,27.1239838076,522.8182582,29,5,7.491,5.074127787044,8.858268,8.7464354,143.322183064,2.460634,-2.013246,0,318.8, 12.2, -0.1,,,0,0,1024,1024,1024,1024,0,0,0,0,338,0,0.5,63,3.744,3.742,0,0,0,0,4.913,107.78,5.074127787044,8.858268,6,P-GPS,
233200,2026-05-22 09:19:28,51.9887599348867,4.39011779974647,8.858268,,,5.074127787044,7.545932,2.3711564,26.733596656,523.23820572,29,5,7.491,5.074127787044,8.858268,8.7464354,143.322183064,1.789552,-1.565858,0,318.6, 12.9, 0.4,,,0,0,1024,1024,1024,1024,0,0,0,0,337.8,0,1.6,63,3.744,3.742,0,0,0,0,4.913,107.78,5.074127787044,8.858268,6,P-GPS,
233300,2026-05-22 09:19:28,51.988760602864,4.39011679403929,8.858268,,,5.074127787044,7.545932,1.901399,26.4058735484,523.56957056,30,5,7.491,5.074127787044,8.858268,8.7464354,143.322183064,1.342164,-1.342164,0,318.5, 2.9, 1.2,,,0,0,1024,1024,1024,1024,0,0,0,0,337.9,0,2.2,63,3.744,3.742,0,0,0,0,4.913,107.78,5.074127787044,8.858268,6,P-GPS,
233400,2026-05-22 09:19:29,51.9887612513257,4.39011618713432,8.858268,,,5.074127787044,7.545932,1.901399,26.1538066112,523.84188028,30,5,7.491,5.074127787044,8.858268,8.7464354,143.322183064,1.342164,-1.342164,0,318.6, 1.4, 2,,,0,0,1024,1024,1024,1024,0,0,0,0,338,0,2.9,63,3.744,3.742,0,0,0,0,4.913,107.78,5.074127787044,8.858268,6,P-GPS,
233500,2026-05-22 09:19:29,51.9887618147606,4.39011524797301,8.858268,,,5.074127787044,7.545932,1.901399,25.8614181504,524.13715588,30,5,7.491,5.074127787044,8.858268,8.7464354,143.322183064,1.342164,-1.342164,0,318.8, 3.5, 2.5,,,0,0,1024,1024,1024,1024,0,0,0,0,338,0,3.2,63,3.744,3.742,0,0,0,0,4.913,107.78,5.074127787044,8.858268,6,P-GPS,
233600,2026-05-22 09:19:29,51.9887624766682,4.39011460605964,8.858268,,,5.074127787044,7.545932,1.7448132,25.6006569872,524.41930812,29,5,7.491,5.074127787044,8.858268,8.7464354,143.322183064,1.11847,-1.342164,0,318.8, 5.4, 2.8,,,0,0,1024,1024,1024,1024,0,0,0,0,338,0,3.3,63,3.744,3.742,0,0,0,0,4.913,107.78,5.074127787044,8.858268,6,P-GPS,
233700,2026-05-22 09:19:29,51.9887629376896,4.39011406014983,8.858268,,,5.074127787044,7.545932,1.5882274,25.401575616,524.62600104,29,5,7.491,5.074127787044,8.858268,8.7464354,143.322183064,1.11847,-1.11847,0,318.9, 6.4, 2.8,,,0,0,1024,1024,1024,1024,0,0,0,0,338,0,3.4,63,3.744,3.742,0,0,0,0,4.913,107.78,5.074127787044,8.858268,6,P-GPS,
233800,2026-05-22 09:19:29,51.9887633776277,4.39011332779056,8.858268,,,5.074127787044,7.545932,1.2750558,25.1736556612,524.85565984,29,5,7.491,5.074127787044,8.858268,8.7464354,143.322183064,0.894776,-0.894776,0,319, 7.1, 2.8,,,0,0,1024,1024,1024,1024,0,0,0,0,338,0,3.3,63,3.744,3.742,0,0,0,0,4.913,107.78,5.074127787044,8.858268,6,P-GPS,
233900,2026-05-22 09:19:29,51.9887639032824,4.39011301386268,8.858268,,,5.074127787044,7.545932,0.9395148,25.0025270468,525.06235276,29,5,7.491,5.074127787044,8.858268,8.7464354,143.322183064,0.671082,-0.671082,0,319, 7.6, 2.5,,,0,0,1024,1024,1024,1024,0,0,0,0,338,0,2.9,63,3.743,3.743,0,0,0,0,5.015,107.78,5.074127787044,8.858268,6,P-GPS,
234000,2026-05-22 09:19:29,51.9887642317132,4.3901124744913,8.858268,,,5.074127787044,7.217848,0.9395148,24.8338590624,525.23295644,29,5,7.491,5.074127787044,8.858268,8.7464354,143.322183064,0.671082,-0.671082,0,319, 7.4, 2.4,,,0,0,1024,1024,1024,1024,0,0,0,0,338,0,3,63,3.743,3.743,0,0,0,0,5.015,107.78,5.074127787044,8.858268,6,P-GPS,
234100,2026-05-22 09:19:29,51.9887644946498,4.39011201826225,8.858268,,,5.074127787044,7.545932,0.6263432,24.694390554,525.37075172,29,5,7.491,5.074127787044,8.858268,8.7464354,143.322183064,0.447388,-0.447388,0,319, 6.8, 2.3,,,0,0,850,1024,1024,1024,-26,0,0,0,338.1,0,3,63,3.743,3.743,0,0,0,0,5.015,107.78,5.074127787044,8.858268,6,P-GPS,
234200,2026-05-22 09:19:29,51.9887646968938,4.39011183606972,8.858268,,,5.074127787044,7.545932,0.4921268,24.6176517064,525.45605356,29,5,7.491,5.074127787044,8.858268,8.7464354,143.322183064,0.223694,-0.447388,0,318.9, 6.4, 2.5,,,0,0,364,1024,1024,1024,-100,0,0,0,338,0,3.2,63,3.743,3.743,0,0,0,0,5.015,107.78,5.074127787044,8.858268,6,P-GPS,
234300,2026-05-22 09:19:29,51.9887648168481,4.39011157295376,8.858268,,,5.074127787044,7.545932,0.3131716,24.5440952736,525.52823204,29,5,7.491,5.074127787044,8.858268,8.7464354,143.322183064,0.223694,-0.223694,0,319, 8.7, 2.8,,,0,0,570,1024,1024,1024,-69,0,0,0,337.8,0,3.7,63,3.743,3.743,0,0,0,0,5.015,107.78,5.074127787044,8.858268,6,P-GPS,
234400,2026-05-22 09:19:30,51.9887648292017,4.39011155306721,8.858268,,,5.074127787044,7.545932,0,24.5378288692,525.53479372,27,5,7.491,5.074127787044,8.858268,8.7464354,143.322183064,0,0,0,319.2, 15.4, 3,,,0,0,1024,1024,1024,1024,0,0,0,0,337.8,0,3.2,63,3.743,3.743,0,0,0,0,5.015,107.78,5.074127787044,8.858268,6,P-GPS,
234500,2026-05-22 09:19:30,51.9887647102582,4.3901116474918,8.858268,,,5.074127787044,7.545932,0.3131716,24.5806438312,525.58400632,28,5,7.491,5.074127787044,8.858268,8.7464354,143.322183064,-0.223694,0.223694,0,319, 11.4, 2.5,,,0,0,1024,1024,1024,1024,0,0,0,0,338,0,3.4,63,3.743,3.743,0,0,0,0,5.015,107.78,5.074127787044,8.858268,6,P-GPS,
234600,2026-05-22 09:19:30,51.9887643490417,4.39011210707354,8.858268,,,5.074127787044,7.545932,0.4921268,24.7420283508,525.75132916,28,5,7.491,5.074127787044,8.858268,8.7464354,143.322183064,-0.447388,0.223694,0,318.8, 2.6, 2.8,,,0,0,1176,1024,1024,1024,23,0,0,0,338.3,0,3.4,63,3.743,3.743,0,0,0,0,5.015,107.78,5.074127787044,8.858268,6,P-GPS,
234700,2026-05-22 09:19:30,51.9887640916394,4.39011236317113,8.858268,,,5.074127787044,7.545932,0.4921268,24.8441937084,525.86287772,28,5,7.491,5.074127787044,8.858268,8.7464354,143.322183064,-0.447388,0.223694,0,318.7, -1, 2.7,,,0,0,1684,1024,1024,1024,100,0,0,0,338.3,0,3.5,63,3.743,3.743,0,0,0,0,5.015,107.78,5.074127787044,8.858268,6,P-GPS,
234800,2026-05-22 09:19:30,51.9887637847373,4.39011270322489,8.858268,,,5.074127787044,7.545932,0.4921268,24.9723433188,525.99739216,28,5,7.491,5.074127787044,8.858268,8.7464354,143.322183064,-0.447388,0.223694,0,318.5, -5.9, 3.1,,,0,0,1684,1024,1024,1024,100,0,0,0,338.6,0,3.7,63,3.743,3.743,0,0,0,0,5.015,107.78,5.074127787044,8.858268,6,P-GPS,
234900,2026-05-22 09:19:30,51.988763642072,4.39011278620724,8.858268,,,5.074127787044,7.545932,0,25.0184063124,526.05316644,28,5,7.495,5.074127787044,8.858268,8.7464354,143.322183064,0,0,0,318.3, -12.8, 3.2,,,0,0,1684,1024,1024,1024,100,0,0,0,338.7,0,3.8,63,3.745,3.745,0,0,0,0,4.884,107.96,5.074127787044,8.858268,6,P-GPS,
235000,2026-05-22 09:19:30,51.9887636762627,4.39011261376671,8.858268,,,5.074127787044,7.545932,0.3131716,24.9799220592,526.09253652,29,5,7.495,5.074127787044,8.858268,8.7464354,143.322183064,0.223694,-0.223694,0,318.3, -13.2, 3.6,,,0,0,1684,1024,1024,1024,100,0,0,0,338.8,0,4.3,63,3.745,3.745,0,0,0,0,4.884,107.96,5.074127787044,8.858268,6,P-GPS,
235100,2026-05-22 09:19:30,51.9887638899736,4.39011218141682,8.858268,,,5.074127787044,7.545932,0.8052984,24.8554141812,526.21720844,29,5,7.495,5.074127787044,8.858268,8.7464354,143.322183064,0.447388,-0.671082,0,318.3, -12, 4,,,0,0,1684,1024,1024,1024,100,0,0,0,338.9,0,4.5,63,3.745,3.745,0,0,0,0,4.884,107.96,5.074127787044,8.858268,6,P-GPS,
235200,2026-05-22 09:19:30,51.9887644345055,4.39011148872632,8.858268,,,5.074127787044,7.545932,1.2750558,24.611877428,526.46983312,28,5,7.495,5.074127787044,8.858268,8.7464354,143.322183064,0.894776,-0.894776,0,318.4, -11.1, 4,,,0,0,1684,1024,1024,1024,100,0,0,0,338.8,0,4.5,63,3.745,3.745,0,0,0,0,4.884,107.96,5.074127787044,8.858268,6,P-GPS,
235300,2026-05-22 09:19:30,51.9887649706076,4.39011063428631,8.858268,,,5.074127787044,7.545932,1.901399,24.3411425112,526.74542368,28,5,7.495,5.074127787044,8.858268,8.7464354,143.322183064,1.342164,-1.342164,0,318.5, -10.2, 4.1,,,0,0,1684,1024,1024,1024,100,0,0,0,338.8,0,4.5,63,3.745,3.745,0,0,0,0,4.884,107.96,5.074127787044,8.858268,6,P-GPS,
235400,2026-05-22 09:19:31,51.9887659154641,4.39010990579445,8.858268,,,5.074127787044,7.545932,2.2145706,24.0050204532,527.12600112,28,5,7.495,5.074127787044,8.858268,8.7464354,143.322183064,1.565858,-1.565858,0,318.4, -9.5, 3.8,,,0,0,1684,1024,1024,1024,100,0,0,0,338.7,0,4,63,3.745,3.745,0,0,0,0,4.884,107.96,5.074127787044,8.858268,6,P-GPS,
235500,2026-05-22 09:19:31,51.9887667372437,4.39010898199844,8.858268,,,5.074127787044,7.545932,2.5501116,23.660925954,527.49017436,26,5,7.495,5.074127787044,8.858268,8.7464354,143.322183064,2.013246,-1.565858,0,318.4, -9.2, 3.3,,,0,0,1684,1024,1024,1024,100,0,0,0,338.6,0,3.7,63,3.745,3.745,0,0,0,0,4.884,107.96,5.074127787044,8.858268,6,P-GPS,
235600,2026-05-22 09:19:31,51.9887676147426,4.39010773606674,8.858268,,,5.074127787044,7.545932,2.8632832,23.2467527124,527.91668356,26,5,7.495,5.074127787044,8.858268,8.7464354,143.322183064,2.23694,-1.789552,0,318.4, -8.9, 3.1,,,0,0,1684,1024,1024,1024,100,0,0,0,338.5,0,3.4,63,3.745,3.745,0,0,0,0,4.884,107.96,5.074127787044,8.858268,6,P-GPS,
235700,2026-05-22 09:19:31,51.9887685750625,4.39010636623884,8.858268,,,5.074127787044,7.545932,3.1764548,22.7927828816,528.38256284,26,5,7.495,5.074127787044,8.858268,8.7464354,143.322183064,2.460634,-2.013246,0,318.4, -8.7, 2.8,,,0,0,1684,1024,1024,1024,100,0,0,0,338.6,0,3.5,63,3.745,3.745,0,0,0,0,4.884,107.96,5.074127787044,8.858268,6,P-GPS,
235800,2026-05-22 09:19:31,51.9887698344714,4.39010489149704,8.858268,,,5.074127787044,7.545932,3.4896264,22.2574810272,528.95014816,26,5,7.495,5.074127787044,8.858268,8.7464354,143.322183064,2.684328,-2.23694,0,318.5, -8.4, 3.3,,,0,0,1684,1024,1024,1024,100,0,0,0,338.7,0,4,63,3.745,3.745,0,0,0,0,4.884,107.96,5.074127787044,8.858268,6,P-GPS,
235900,2026-05-22 09:19:31,51.9887709425153,4.39010326445167,8.858268,,,5.074127787044,7.545932,3.6462122,21.7268051572,529.4947676,26,5,7.478,5.074127787044,8.858268,8.7464354,143.322183064,2.684328,-2.460634,0,318.6, -8.1, 3.5,,,0,0,1684,1024,1024,1024,100,0,0,0,338.7,0,4.2,63,3.742,3.741,0,0,0,0,5.288,107.96,5.074127787044,8.858268,6,P-GPS,
236000,2026-05-22 09:19:31,51.9887722012431,4.39010180177813,8.858268,,,5.074127787044,7.545932,3.9593838,21.1966214132,530.05907208,26,5,7.478,5.074127787044,8.858268,8.7464354,143.322183064,2.908022,-2.684328,0,318.5, -8.1, 3.4,,,0,0,1684,1024,1024,1024,100,0,0,0,338.6,0,3.8,63,3.742,3.741,0,0,0,0,5.288,107.96,5.074127787044,8.858268,6,P-GPS,
236100,2026-05-22 09:19:31,51.9887734344372,4.39010002278393,8.858268,,,5.074127787044,7.545932,4.1159696,20.6141410796,530.6594658,26,5,7.478,5.074127787044,8.858268,8.7464354,143.322183064,3.131716,-2.684328,0,318.5, -8.2, 3,,,0,0,1684,1024,1024,1024,100,0,0,0,338.6,0,3.7,63,3.742,3.741,0,0,0,0,5.288,107.96,5.074127787044,8.858268,6,P-GPS,
236200,2026-05-22 09:19:31,51.9887749173104,4.39009819764514,8.858268,,,5.074127787044,7.545932,4.4291412,19.9744428964,531.33859968,27,5,7.478,5.074127787044,8.858268,8.7464354,143.322183064,3.35541,-2.908022,0,318.4, -8.4, 3.2,,,0,0,1684,1024,1024,1024,100,0,0,0,338.6,0,3.7,63,3.742,3.741,0,0,0,0,5.288,107.96,5.074127787044,8.858268,6,P-GPS,
236300,2026-05-22 09:19:31,51.9887762770511,4.39009623181892,8.858268,,,5.074127787044,7.545932,4.4291412,19.3347447132,532.0046102,27,5,7.478,5.074127787044,8.858268,8.7464354,143.322183064,3.35541,-2.908022,0,318.5, -8.4, 3.1,,,0,0,1684,1024,1024,1024,100,0,0,0,338.7,0,3.8,63,3.742,3.741,0,0,0,0,5.288,107.96,5.074127787044,8.858268,6,P-GPS,
236400,2026-05-22 09:19:32,51.9887782325154,4.39009403805207,8.858268,,,5.074127787044,7.874016,4.7646822,18.5391410132,532.87075196,26,5,7.478,5.074127787044,8.858268,8.7464354,143.322183064,3.579104,-3.131716,0,318.6, -8.4, 3.3,,,0,0,1684,1024,1024,1024,100,0,0,0,338.9,0,4.1,63,3.742,3.741,0,0,0,0,5.288,107.96,5.074127787044,8.858268,6,P-GPS,
236500,2026-05-22 09:19:32,51.9887797404106,4.39009187109971,8.858268,,,5.074127787044,7.874016,5.0778538,17.838255164,533.60566012,26,5,7.478,5.074127787044,8.858268,8.7464354,143.322183064,3.802798,-3.35541,0,318.7, -8.2, 3.6,,,0,0,1684,1024,1024,1024,100,0,0,0,338.9,0,4,63,3.742,3.741,0,0,0,0,5.288,107.96,5.074127787044,8.858268,6,P-GPS,
236600,2026-05-22 09:19:32,51.9887815918208,4.39008939960977,8.858268,,,5.074127787044,7.545932,5.0778538,17.01853729,534.47836356,28,5,7.478,5.074127787044,8.858268,8.7464354,143.322183064,3.802798,-3.35541,0,318.6, -8.3, 3.2,,,0,0,1684,1024,1024,1024,100,0,0,0,338.7,0,3.5,63,3.742,3.741,0,0,0,0,5.288,107.96,5.074127787044,8.858268,6,P-GPS,
236700,2026-05-22 09:19:32,51.9887832281216,4.39008713915098,8.858268,,,5.074127787044,7.545932,5.2344396,16.2837603636,535.26248432,28,5,7.478,5.074127787044,8.858268,8.7464354,143.322183064,4.026492,-3.35541,0,318.5, -8.4, 2.7,,,0,0,1684,1024,1024,1024,100,0,0,0,338.6,0,3.1,63,3.742,3.741,0,0,0,0,5.288,107.96,5.074127787044,8.858268,6,P-GPS,
236800,2026-05-22 09:19:32,51.9887850176357,4.39008471724874,8.858268,,,5.074127787044,7.545932,5.5476112,15.495735404,536.11222188,28,5,7.478,5.074127787044,8.858268,8.7464354,143.322183064,4.250186,-3.579104,0,318.6, -8.3, 2.2,,,0,0,1684,1024,1024,1024,100,0,0,0,338.7,0,2.2,63,3.742,3.741,0,0,0,0,5.288,107.96,5.074127787044,8.858268,6,P-GPS,
236900,2026-05-22 09:19:32,51.9887869888032,4.3900821493518,8.858268,,,5.074127787044,7.545932,5.5476112,14.655840364,537.03413792,28,5,7.478,5.074127787044,8.858268,8.7464354,143.322183064,4.250186,-3.579104,0,318.7, -8.3, 1.4,,,0,0,1684,1024,1024,1024,100,0,0,0,338.7,0,1.9,63,3.737,3.737,0,0,0,0,5.2,108.14,5.074127787044,8.858268,6,P-GPS,
237000,2026-05-22 09:19:32,51.9887887541799,4.39007972535935,8.858268,,,5.074127787044,7.545932,5.8607828,13.8871067436,537.88059464,28,5,7.478,5.074127787044,8.858268,8.7464354,143.322183064,4.47388,-3.802798,0,318.8, -8.3, 1.2,,,0,0,1684,1024,1024,1024,100,0,0,0,338.7,0,1.7,63,3.737,3.737,0,0,0,0,5.2,108.14,5.074127787044,8.858268,6,P-GPS,
237100,2026-05-22 09:19:32,51.9887905420235,4.39007728282628,8.858268,,,5.074127787044,7.545932,5.8607828,13.1205056692,538.7303322,28,5,7.478,5.074127787044,8.858268,8.7464354,143.322183064,4.47388,-3.802798,0,318.7, -8.5, 1,,,0,0,1684,1024,1024,1024,100,0,0,0,338.5,0,0.9,63,3.737,3.737,0,0,0,0,5.2,108.14,5.074127787044,8.858268,6,P-GPS,
237200,2026-05-22 09:19:32,51.9887924720118,4.39007438739946,8.858268,,,5.074127787044,7.874016,5.8607828,12.2515095784,539.69161832,28,5,7.478,5.074127787044,8.858268,8.7464354,143.322183064,4.47388,-3.802798,0,318.7, -8.9, 0.2,,,0,0,1684,1024,1024,1024,100,0,0,0,338.6,0,1.1,63,3.737,3.737,0,0,0,0,5.2,108.14,5.074127787044,8.858268,6,P-GPS,
237300,2026-05-22 09:19:33,51.98879433702,4.39007180334775,8.858268,,,5.074127787044,7.874016,6.1963238,11.4707680836,540.5840068,28,5,7.478,5.074127787044,8.858268,8.7464354,143.322183064,4.697574,-4.026492,0,318.7, -9, 0.6,,,0,0,1684,1024,1024,1024,100,0,0,0,338.7,0,1.3,63,3.737,3.737,0,0,0,0,5.2,108.14,5.074127787044,8.858268,6,P-GPS,
237400,2026-05-22 09:19:33,51.9887963976606,4.39006846940127,8.858268,,,5.074127787044,7.874016,6.1963238,10.5258861636,541.64699896,28,5,7.478,5.074127787044,8.858268,8.7464354,143.322183064,4.697574,-4.026492,0,318.9, -8.6, 0.8,,,0,0,1684,1024,1024,1024,100,0,0,0,338.9,0,1.8,63,3.737,3.737,0,0,0,0,5.2,108.14,5.074127787044,8.858268,6,P-GPS,
237500,2026-05-22 09:19:33,51.9887983950108,4.39006567265945,8.858268,,,5.074127787044,7.874016,6.5094954,9.7280843008,542.60828508,28,5,7.478,5.074127787044,8.858268,8.7464354,143.322183064,4.921268,-4.250186,0,318.9, -8.5, 1.4,,,0,0,1684,1024,1024,1024,100,0,0,0,338.6,0,1.4,63,3.737,3.737,0,0,0,0,5.2,108.14,5.074127787044,8.858268,6,P-GPS,
237600,2026-05-22 09:19:33,51.9888006960131,4.39006222118478,8.858268,,,5.074127787044,7.874016,6.5094954,8.7987863708,543.7500174,29,5,7.478,5.074127787044,8.858268,8.7464354,143.322183064,4.921268,-4.250186,0,318.6, -8.7, 0.2,,,0,0,1684,1024,1024,1024,100,0,0,0,338.4,0,0.8,63,3.737,3.737,0,0,0,0,5.2,108.14,5.074127787044,8.858268,6,P-GPS,
237700,2026-05-22 09:19:33,51.9888027566773,4.39005929968425,8.858268,,,5.074127787044,7.874016,6.6437118,8.051509444,544.7506736,29,5,7.478,5.074127787044,8.858268,8.7464354,143.322183064,4.921268,-4.47388,0,318.6, -8.5, 0.4,,,0,0,1684,1024,1024,1024,100,0,0,0,338.5,0,1.5,63,3.737,3.737,0,0,0,0,5.2,108.14,5.074127787044,8.858268,6,P-GPS,
237800,2026-05-22 09:19:33,51.9888048435708,4.39005586632936,8.858268,,,5.074127787044,7.874016,6.822667,7.2489503632,545.8333508,29,5,7.478,5.074127787044,8.858268,8.7464354,143.322183064,5.144962,-4.47388,0,318.7, -8.2, 1.2,,,0,0,1684,1024,1024,1024,100,0,0,0,338.7,0,2.2,63,3.737,3.737,0,0,0,0,5.2,108.14,5.074127787044,8.858268,6,P-GPS,
237900,2026-05-22 09:19:33,51.9888069608438,4.39005275532579,8.858268,,,5.074127787044,7.874016,6.9568834,6.6014437808,546.87337708,29,5,7.481,5.074127787044,8.858268,8.7464354,143.322183064,5.144962,-4.697574,0,318.6, -8.1, 1.6,,,0,0,1684,1024,1024,1024,100,0,0,0,338.6,0,2.4,62,3.745,3.745,0,0,0,0,5.051,108.14,5.074127787044,8.858268,6,P-GPS,
238000,2026-05-22 09:19:33,51.9888092551183,4.39004926314247,8.858268,,,5.074127787044,7.874016,6.9568834,5.9997377248,548.02167108,29,5,7.481,5.074127787044,8.858268,8.7464354,143.322183064,5.144962,-4.697574,0,318.6, -8.2, 1.9,,,0,0,1684,1024,1024,1024,100,0,0,0,338.7,0,2.8,62,3.745,3.745,0,0,0,0,5.051,108.14,5.074127787044,8.858268,6,P-GPS,
238100,2026-05-22 09:19:33,51.9888113902372,4.39004608464531,8.858268,,,5.074127787044,7.874016,6.9568834,5.6096130404,549.07810156,29,5,7.481,5.074127787044,8.858268,8.7464354,143.322183064,5.144962,-4.697574,0,318.6, -8.4, 2.3,,,0,0,1684,1024,1024,1024,100,0,0,0,338.7,0,2.9,62,3.745,3.745,0,0,0,0,5.051,108.14,5.074127787044,8.858268,6,P-GPS,
238200,2026-05-22 09:19:33,51.9888135315822,4.39004256656739,8.858268,,,5.074127787044,7.874016,6.9568834,5.3414371788,550.19030632,29,5,7.481,5.074127787044,8.858268,8.7464354,143.322183064,5.144962,-4.697574,0,318.6, -8.5, 2.3,,,0,0,1623,1024,1024,1024,91,0,0,0,338.7,0,3,62,3.745,3.745,0,0,0,0,5.051,108.14,5.074127787044,8.858268,6,P-GPS,
238300,2026-05-22 09:19:34,51.9888156834287,4.39003934433407,8.858268,,,5.074127787044,7.874016,7.1134692,5.3442258928,551.25986016,29,5,7.481,5.074127787044,8.858268,8.7464354,143.322183064,5.144962,-4.921268,0,318.5, -8.5, 2.4,,,0,0,1024,1024,1024,1289,0,0,0,40,338.6,0,3.1,62,3.745,3.745,0,0,0,0,5.051,108.14,5.074127787044,8.858268,6,P-GPS,
238400,2026-05-22 09:19:34,51.9888178703337,4.39003602536163,8.858268,,,5.074127787044,7.874016,7.1134692,5.5563321988,552.34909904,29,5,7.481,5.074127787044,8.858268,8.7464354,143.322183064,5.144962,-4.921268,0,318.9, -1.8, 2.7,,,0,0,1024,1024,1024,1684,0,0,0,100,339.6,0,4.1,62,3.745,3.745,0,0,0,0,5.051,108.14,5.074127787044,8.858268,6,P-GPS,
238500,2026-05-22 09:19:34,51.9888199722081,4.39003279257902,8.858268,,,5.074127787044,7.874016,6.8002976,5.9416340484,553.40552952,29,5,7.481,5.074127787044,8.858268,8.7464354,143.322183064,4.921268,-4.697574,0,321.6, 3.8, 4.1,,,0,0,1024,1024,1024,1684,0,0,0,100,344,-0.1,6.7,62,3.745,3.745,0,0,0,0,5.051,108.14,5.074127787044,8.858268,6,P-GPS,
238600,2026-05-22 09:19:34,51.988822150142,4.39002958748386,8.858268,,,5.074127787044,7.874016,6.487126,6.5064634628,554.4783642,29,5,7.481,5.074127787044,8.858268,8.7464354,143.322183064,4.697574,-4.47388,0,326.9, 3.4, 8,,,0,0,1024,1024,1024,1684,0,0,0,100,349.1,-0.3,13.4,62,3.745,3.745,0,0,0,0,5.051,108.14,5.074127787044,8.858268,6,P-GPS,
238700,2026-05-22 09:19:34,51.9888240593513,4.39002676098873,8.858268,,,5.074127787044,7.874016,6.0173686,7.0981629568,555.41996528,29,5,7.481,5.074127787044,8.858268,8.7464354,143.322183064,4.47388,-4.026492,0,333.5, 7.5, 14.6,,,0,0,1024,1024,1024,1684,0,0,0,100,353.9,-0.4,17,62,3.745,3.745,0,0,0,0,5.051,108.14,5.074127787044,8.858268,6,P-GPS,
238800,2026-05-22 09:19:34,51.9888262588674,4.39002440338042,8.858268,,,5.074127787044,8.2021,5.4133948,7.8671590444,556.38453224,29,5,7.481,5.074127787044,8.858268,8.7464354,143.322183064,4.250186,-3.35541,0,339.7, 11.1, 17.1,,,0,0,1024,1024,1024,1684,0,0,0,100,358.9,-0.5,18.4,62,3.745,3.745,0,0,0,0,5.051,108.14,5.074127787044,8.858268,6,P-GPS,
238900,2026-05-22 09:19:34,51.9888278768831,4.39002250354882,8.858268,,,5.074127787044,8.2021,4.5186188,8.4590553888,557.11287872,29,5,7.479,5.074127787044,8.858268,8.7464354,143.322183064,3.802798,-2.460634,0,345.4, 12.1, 17.9,,,0,0,1024,1024,1024,1684,0,0,0,100,4.2,-0.6,18.7,62,3.732,3.734,0,0,0,0,5.168,108.14,5.074127787044,8.858268,6,P-GPS,
239000,2026-05-22 09:19:34,51.9888295932708,4.39002127043661,8.858268,,,5.074127787044,7.874016,3.6014734,9.096785068,557.79529344,29,5,7.479,5.074127787044,8.858268,8.7464354,143.322183064,3.131716,-1.789552,0,350.8, 11.8, 18,,,0,0,1024,1024,1024,1684,0,0,0,100,9.8,-0.6,18.4,62,3.732,3.734,0,0,0,0,5.168,108.14,5.074127787044,8.858268,6,P-GPS,
239100,2026-05-22 09:19:34,51.98883079827,4.39002030601716,8.858268,,,5.074127787044,7.874016,2.908022,9.5500987308,558.28741944,29,5,7.479,5.074127787044,8.858268,8.7464354,143.322183064,2.684328,-1.11847,0,356.1, 10.9, 17.5,,,0,0,1024,1024,1024,1024,0,0,0,0,14.5,-0.3,17.5,62,3.732,3.734,0,0,0,0,5.168,108.14,5.074127787044,8.858268,6,P-GPS,
239200,2026-05-22 09:19:34,51.9888317569311,4.39001993599272,8.858268,,,5.074127787044,7.874016,2.125093,9.9054137028,558.645031,29,5,7.479,5.074127787044,8.858268,8.7464354,143.322183064,2.013246,-0.671082,0,358, 9.8, 15.8,,,0,0,1024,1024,1024,1024,0,0,0,0,14.7,0,14.9,62,3.732,3.734,0,0,0,0,5.168,108.14,5.074127787044,8.858268,6,P-GPS,
239300,2026-05-22 09:19:35,51.9888325394077,4.39001967197076,8.858268,,,5.074127787044,7.545932,1.5882274,10.194882216,558.93702576,29,5,7.479,5.074127787044,8.858268,8.7464354,143.322183064,1.565858,-0.223694,0,357.1, 8.3, 12.8,,,0,0,1024,1024,1024,1684,0,0,0,100,14.9,0,11.8,62,3.732,3.734,0,0,0,0,5.168,108.14,5.074127787044,8.858268,6,P-GPS,
239400,2026-05-22 09:19:35,51.9888332701057,4.39002013492605,8.858268,,,5.074127787044,7.545932,1.342164,10.4522313056,559.22245884,28,5,7.479,5.074127787044,8.858268,8.7464354,143.322183064,1.342164,0,0,357.6, 7.2, 9.9,,,0,0,1024,1024,1024,1684,0,0,0,100,18.9,-0.2,9.8,62,3.732,3.734,0,0,0,0,5.168,108.14,5.074127787044,8.858268,6,P-GPS,
239500,2026-05-22 09:19:35,51.9888338224699,4.39002050378887,8.858268,,,5.074127787044,7.545932,0.894776,10.647474094,559.44227512,27,5,7.479,5.074127787044,8.858268,8.7464354,143.322183064,0.894776,0,0,2.5, 7, 8.2,,,0,0,1024,1024,1024,1684,0,0,0,100,24.6,-0.3,8.7,62,3.732,3.734,0,0,0,0,5.168,108.14,5.074127787044,8.858268,6,P-GPS,
239600,2026-05-22 09:19:35,51.9888342885158,4.39002050027968,8.858268,,,5.074127787044,7.874016,0.7158208,10.8172247556,559.6128788,27,5,7.479,5.074127787044,8.858268,8.7464354,143.322183064,0.671082,0.223694,0,8.1, 6.5, 7.3,,,0,0,1024,1024,1024,1684,0,0,0,100,30.5,-0.2,7.9,62,3.732,3.734,0,0,0,0,5.168,108.14,5.074127787044,8.858268,6,P-GPS,
239700,2026-05-22 09:19:35,51.9888346832055,4.39002044322671,8.858268,,,5.074127787044,7.874016,0.447388,10.9617457576,559.75723576,27,5,7.479,5.074127787044,8.858268,8.7464354,143.322183064,0.447388,0,0,13.7, 5, 6.6,,,0,0,1024,1024,1024,1684,0,0,0,100,36.2,-0.2,7.7,62,3.732,3.734,0,0,0,0,5.168,108.14,5.074127787044,8.858268,6,P-GPS,
239800,2026-05-22 09:19:35,51.9888349298841,4.390020746001,8.858268,,,5.074127787044,7.874016,0.223694,11.0473756816,559.86878432,27,5,7.479,5.074127787044,8.858268,8.7464354,143.322183064,0.223694,0,0,19.1, 2.7, 6.5,,,0,0,1024,1024,1024,1684,0,0,0,100,41.9,-0.2,7.7,62,3.732,3.734,0,0,0,0,5.168,108.14,5.074127787044,8.858268,6,P-GPS,
239900,2026-05-22 09:19:35,51.9888351423314,4.39002066522015,8.858268,,,5.074127787044,7.874016,0,11.125820566,559.94752448,27,5,7.473,5.074127787044,8.858268,8.7464354,143.322183064,0,0,0,24.5, 0.1, 6.4,,,0,0,1024,1024,1024,1684,0,0,0,100,47.6,-0.2,7.4,62,3.735,3.735,0,0,0,0,5.252,108.32,5.074127787044,8.858268,6,P-GPS,
240000,2026-05-22 09:19:35,51.9888348942028,4.39002133112398,8.858268,,,5.074127787044,7.874016,0,11.0275265996,560.12468984,27,5,7.473,5.074127787044,8.858268,8.7464354,143.322183064,0,0,0,29.8, -1.9, 6,,,0,0,1024,1024,1024,1541,0,0,0,78,53,-0.2,6.6,62,3.735,3.735,0,0,0,0,5.252,108.32,5.074127787044,8.858268,6,P-GPS,
240100,2026-05-22 09:19:35,51.9888349760942,4.39002133642254,8.858268,,,5.074127787044,7.874016,0,11.0573166268,560.1542174,27,5,7.473,5.074127787044,8.858268,8.7464354,143.322183064,0,0,0,34.7, -2.1, 5,,,0,0,1024,1024,1024,1318,0,0,0,45,56,0,5.4,62,3.735,3.735,0,0,0,0,5.252,108.32,5.074127787044,8.858268,6,P-GPS,
240200,2026-05-22 09:19:35,51.9888346875554,4.39002210420059,8.858268,,,5.074127787044,7.874016,0,10.9455055996,560.35434864,26,5,7.473,5.074127787044,8.858268,8.7464354,143.322183064,0,0,0,36.7, -1.1, 4.1,,,0,0,1024,1024,1024,1409,0,0,0,58,57.6,0,5.1,62,3.735,3.735,0,0,0,0,5.252,108.32,5.074127787044,8.858268,6,P-GPS,
240300,2026-05-22 09:19:35,51.9888346907615,4.39002207666269,8.858268,,,5.074127787044,7.874016,0,10.946850744,560.36091032,26,5,7.473,5.074127787044,8.858268,8.7464354,143.322183064,0,0,0,38.6, -0.5, 3.9,,,0,0,1024,1024,1024,1684,0,0,0,100,60.5,-0.1,4.8,62,3.735,3.735,0,0,0,0,5.252,108.32,5.074127787044,8.858268,6,P-GPS,
240400,2026-05-22 09:19:36,51.9888344765923,4.390022501909,8.858268,,,5.074127787044,7.874016,0,10.86614208,560.48558224,27,5,7.473,5.074127787044,8.858268,8.7464354,143.322183064,0,0,0,42.7, -2, 3.6,,,0,0,1024,1024,1024,1684,0,0,0,100,65.9,-0.1,4.2,62,3.735,3.735,0,0,0,0,5.252,108.32,5.074127787044,8.858268,6,P-GPS,
240500,2026-05-22 09:19:36,51.9888343857506,4.39002239713074,8.858268,,,5.074127787044,7.874016,0.223694,10.8335961472,560.52495232,27,5,7.473,5.074127787044,8.858268,8.7464354,143.322183064,-0.223694,0,0,48.1, -3.5, 2.6,,,0,0,1024,1024,1024,1684,0,0,0,100,71.3,-0.1,2.6,62,3.735,3.735,0,0,0,0,5.252,108.32,5.074127787044,8.858268,6,P-GPS,
240600,2026-05-22 09:19:36,51.9888341622412,4.39002262143871,8.858268,,,5.074127787044,7.874016,0.223694,10.7509189792,560.62337752,26,5,7.473,5.074127787044,8.858268,8.7464354,143.322183064,-0.223694,0,0,53.7, -4.8, 1,,,0,0,1024,1024,1024,1684,0,0,0,100,76.8,0,0.8,62,3.735,3.735,0,0,0,0,5.252,108.32,5.074127787044,8.858268,6,P-GPS,
240700,2026-05-22 09:19:36,51.9888340414709,4.39002246815786,8.858268,,,5.074127787044,7.874016,0.3131716,10.7076118912,560.6791518,26,5,7.473,5.074127787044,8.858268,8.7464354,143.322183064,-0.223694,-0.223694,0,59.3, -6.1, -0.9,,,0,0,1024,1024,1024,1684,0,0,0,100,82.2,0,-0.4,62,3.735,3.735,0,0,0,0,5.252,108.32,5.074127787044,8.858268,6,P-GPS,
240800,2026-05-22 09:19:36,51.9888339208334,4.39002252099564,8.858268,,,5.074127787044,7.874016,0.223694,10.6633533596,560.72180272,26,5,7.473,5.074127787044,8.858268,8.7464354,143.322183064,0,-0.223694,0,64.8, -6.8, -1.2,,,0,0,1024,1024,1024,1684,0,0,0,100,87.8,0,-0.1,62,3.735,3.735,0,0,0,0,5.252,108.32,5.074127787044,8.858268,6,P-GPS,
240900,2026-05-22 09:19:36,51.988833843566,4.39002239621953,8.858268,,,5.074127787044,7.874016,0,10.635827112,560.76445364,26,5,7.473,5.074127787044,8.858268,8.7464354,143.322183064,0,0,0,70.4, -6.8, -0.7,,,0,0,1024,1024,1024,1684,0,0,0,100,93.6,0,-0.2,62,3.741,3.74,0,0,0,0,5.153,108.32,5.074127787044,8.858268,6,P-GPS,
241000,2026-05-22 09:19:36,51.9888335834458,4.39002250696584,8.858268,,,5.074127787044,7.874016,0,10.540354668,560.86287884,26,5,7.473,5.074127787044,8.858268,8.7464354,143.322183064,0,0,0,76.2, -6.8, -1.4,,,0,0,1024,1024,1024,1684,0,0,0,100,99.2,0,-1,62,3.741,3.74,0,0,0,0,5.153,108.32,5.074127787044,8.858268,6,P-GPS,
241100,2026-05-22 09:19:36,51.9888334956111,4.39002240927899,8.858268,,,5.074127787044,7.874016,0,10.508858604,560.89896808,26,5,7.473,5.074127787044,8.858268,8.7464354,143.322183064,0,0,0,81.8, -7.1, -1.8,,,0,0,1024,1024,1024,1079,0,0,0,8,103.7,0,-1.3,62,3.741,3.74,0,0,0,0,5.153,108.32,5.074127787044,8.858268,6,P-GPS,
241200,2026-05-22 09:19:36,51.9888332843632,4.39002216726509,8.858268,,,5.074127787044,7.874016,0,10.4333336672,560.99411244,25,5,7.473,5.074127787044,8.858268,8.7464354,143.322183064,0,0,0,84.9, -7.1, -1.9,,,0,0,1073,1024,1024,1024,7,0,0,0,104.4,0,-1.6,62,3.741,3.74,0,0,0,0,5.153,108.32,5.074127787044,8.858268,6,P-GPS,
241300,2026-05-22 09:19:36,51.9888332880727,4.39002200600075,8.858268,,,5.074127787044,7.874016,0,10.4358927224,561.03020168,25,5,7.473,5.074127787044,8.858268,8.7464354,143.322183064,0,0,0,84.8, -7, -2.6,,,0,0,1684,1024,1024,1024,100,0,0,0,104.1,0,-2.3,62,3.741,3.74,0,0,0,0,5.153,108.32,5.074127787044,8.858268,6,P-GPS,
241400,2026-05-22 09:19:37,51.9888332209528,4.39002198526038,8.858268,,,5.074127787044,7.874016,0,10.411581698,561.0564484,25,5,7.473,5.074127787044,8.858268,8.7464354,143.322183064,0,0,0,84.5, -7.8, -3.1,,,0,0,1684,1024,1024,1024,100,0,0,0,103.8,0,-2.7,62,3.741,3.74,0,0,0,0,5.153,108.32,5.074127787044,8.858268,6,P-GPS,
241500,2026-05-22 09:19:37,51.9888331617617,4.39002202409445,8.858268,,,5.074127787044,7.874016,0,10.3896984952,561.07941428,25,5,7.473,5.074127787044,8.858268,8.7464354,143.322183064,0,0,0,84.8, -16.4, -3.4,,,0,0,1684,1024,1024,1024,100,0,0,0,103.9,0,-2.7,62,3.741,3.74,0,0,0,0,5.153,108.32,5.074127787044,8.858268,6,P-GPS,
241600,2026-05-22 09:19:37,51.9888330670113,4.39002240550896,8.858268,,,5.074127787044,7.545932,0.447388,10.3525593864,561.1712778,26,5,7.473,5.074127787044,8.858268,8.7464354,143.322183064,0,0.447388,0,85, -19, -3.8,,,0,0,1684,1024,1024,1024,100,0,0,0,103.8,0,-3.1,62,3.741,3.74,0,0,0,0,5.153,108.32,5.074127787044,8.858268,6,P-GPS,
241700,2026-05-22 09:19:37,51.9888330702496,4.39002299432893,8.858268,,,5.074127787044,7.545932,0.894776,10.3511486252,561.3025114,26,5,7.473,5.074127787044,8.858268,8.7464354,143.322183064,0,0.894776,0,84.9, -18.1, -2.9,,,0,0,1684,1024,1024,1024,100,0,0,0,104.1,0,-1.7,62,3.741,3.74,0,0,0,0,5.153,108.32,5.074127787044,8.858268,6,P-GPS,
241800,2026-05-22 09:19:37,51.9888333428154,4.39002392933416,8.858268,,,5.074127787044,7.545932,1.3645334,10.4499347176,561.53545104,27,5,7.473,5.074127787044,8.858268,8.7464354,143.322183064,0.223694,1.342164,0,84.8, -18.5, -2.1,,,0,0,1684,1024,1024,1024,100,0,0,0,104.1,0,-1.4,62,3.741,3.74,0,0,0,0,5.153,108.32,5.074127787044,8.858268,6,P-GPS,
241900,2026-05-22 09:19:37,51.9888334411446,4.39002507760509,8.858268,,,5.074127787044,7.545932,1.8119214,10.4907811756,561.79791824,27,5,7.476,5.074127787044,8.858268,8.7464354,143.322183064,0.223694,1.789552,0,84.6, -18.2, -1.8,,,0,0,1684,1024,1024,1024,100,0,0,0,104.1,0,-1.1,62,3.732,3.731,0,0,0,0,5.095,108.5,5.074127787044,8.858268,6,P-GPS,
242000,2026-05-22 09:19:37,51.9888338671358,4.39002631155026,8.858268,,,5.074127787044,7.545932,2.23694,10.6583664828,562.11287888,27,5,7.476,5.074127787044,8.858268,8.7464354,143.322183064,0.223694,2.23694,0,84.6, -17.9, -1.3,,,0,0,1684,1024,1024,1024,100,0,0,0,104.3,0,-0.3,62,3.732,3.731,0,0,0,0,5.095,108.5,5.074127787044,8.858268,6,P-GPS,
242100,2026-05-22 09:19:37,51.9888340287233,4.39002795318362,8.858268,,,5.074127787044,7.545932,2.5053728,10.7444557244,562.48689464,27,5,7.476,5.074127787044,8.858268,8.7464354,143.322183064,0.447388,2.460634,0,84.5, -17.7, -0.4,,,0,0,1684,1024,1024,1024,100,0,0,0,104.4,0,0.1,62,3.732,3.731,0,0,0,0,5.095,108.5,5.074127787044,8.858268,6,P-GPS,
242200,2026-05-22 09:19:37,51.9888341092418,4.39003002390114,8.858268,,,5.074127787044,7.874016,2.9527608,10.8258533648,562.95277392,28,5,7.476,5.074127787044,8.858268,8.7464354,143.322183064,0.447388,2.908022,0,84.5, -17.3, -0.3,,,0,0,1684,1024,1024,1024,100,0,0,0,104.4,0,0.2,62,3.732,3.731,0,0,0,0,5.095,108.5,5.074127787044,8.858268,6,P-GPS,
242300,2026-05-22 09:19:37,51.9888343057889,4.39003207389915,8.858268,,,5.074127787044,7.874016,3.1540854,10.9673888024,563.4186532,28,5,7.476,5.074127787044,8.858268,8.7464354,143.322183064,0.447388,3.131716,0,84.4, -16.4, 0.1,,,0,0,1684,1024,1024,1024,100,0,0,0,104.5,0,0.5,62,3.732,3.731,0,0,0,0,5.095,108.5,5.074127787044,8.858268,6,P-GPS,
242400,2026-05-22 09:19:38,51.9888343920987,4.39003463479858,8.858268,,,5.074127787044,7.874016,3.6014734,11.1124347388,563.99608104,29,5,7.476,5.074127787044,8.858268,8.7464354,143.322183064,0.447388,3.579104,0,84.5, -15.6, 0.1,,,0,0,1684,1024,1024,1024,100,0,0,0,104.4,0,0.3,62,3.732,3.731,0,0,0,0,5.095,108.5,5.074127787044,8.858268,6,P-GPS,
242500,2026-05-22 09:19:38,51.9888346030382,4.39003704583852,8.858268,,,5.074127787044,7.874016,3.8251674,11.3198166352,564.54398132,29,5,7.476,5.074127787044,8.858268,8.7464354,143.322183064,0.447388,3.802798,0,84.4, -14.8, 0,,,0,0,1684,1024,1024,1024,100,0,0,0,104.4,0,0.5,62,3.732,3.731,0,0,0,0,5.095,108.5,5.074127787044,8.858268,6,P-GPS,
242600,2026-05-22 09:19:38,51.9888350342273,4.39003946404464,8.858268,,,5.074127787044,7.874016,3.8251674,11.6263783248,565.1082858,28,5,7.476,5.074127787044,8.858268,8.7464354,143.322183064,0.447388,3.802798,0,84.4, -14.7, 0.2,,,0,0,1249,1024,1024,1024,34,0,0,0,104.4,0,0.5,62,3.732,3.731,0,0,0,0,5.095,108.5,5.074127787044,8.858268,6,P-GPS,
242700,2026-05-22 09:19:38,51.9888352575182,4.39004209884044,8.858268,,,5.074127787044,7.874016,4.0488614,11.8975397508,565.70539868,28,5,7.476,5.074127787044,8.858268,8.7464354,143.322183064,0.447388,4.026492,0,84.4, -15.3, 0.3,,,0,0,1249,1024,1024,1024,34,0,0,0,104.6,0,0.8,62,3.732,3.731,0,0,0,0,5.095,108.5,5.074127787044,8.858268,6,P-GPS,
242800,2026-05-22 09:19:38,51.9888354379594,4.39004470784599,8.858268,,,5.074127787044,7.874016,4.2725554,12.175361282,566.29594988,29,5,7.476,5.074127787044,8.858268,8.7464354,143.322183064,0.447388,4.250186,0,84.6, -8.7, 0.1,,,0,0,1341,1024,1024,1024,48,0,0,0,104.4,0,0.2,62,3.732,3.731,0,0,0,0,5.095,108.5,5.074127787044,8.858268,6,P-GPS,
242900,2026-05-22 09:19:38,51.9888356156185,4.39004739218253,8.858268,,,5.074127787044,7.874016,4.0488614,12.4812011868,566.90290528,29,5,7.468,5.074127787044,8.858268,8.7464354,143.322183064,0.447388,4.026492,0,84.5, -5.8, -0.3,,,0,0,1684,1024,1024,1024,100,0,0,0,104.3,0,-0.1,62,3.735,3.733,0,0,0,0,5.269,108.5,5.074127787044,8.858268,6,P-GPS,
243000,2026-05-22 09:19:38,51.98883564284,4.39004970030053,8.858268,,,5.074127787044,7.874016,3.802798,12.7207353152,567.421278,29,5,7.468,5.074127787044,8.858268,8.7464354,143.322183064,0.223694,3.802798,0,84.5, -11.4, -0.8,,,0,0,1684,1024,1024,1024,100,0,0,0,104.2,0,-0.3,62,3.735,3.733,0,0,0,0,5.269,108.5,5.074127787044,8.858268,6,P-GPS,
243100,2026-05-22 09:19:38,51.9888358266844,4.39005227349255,8.858268,,,5.074127787044,7.874016,4.0488614,13.0556434624,568.00526752,29,5,7.468,5.074127787044,8.858268,8.7464354,143.322183064,0.447388,4.026492,0,84.5, -17.2, -0.6,,,0,0,1340,1024,1024,1024,48,0,0,0,104.5,0,0.2,62,3.735,3.733,0,0,0,0,5.269,108.5,5.074127787044,8.858268,6,P-GPS,
243200,2026-05-22 09:19:38,51.9888357658463,4.39005503272189,8.858268,,,5.074127787044,7.874016,4.2725554,13.3535437344,568.62534628,29,5,7.468,5.074127787044,8.858268,8.7464354,143.322183064,0.447388,4.250186,0,84.6, -16.5, 0,,,0,0,1024,1024,1024,1024,0,0,0,0,104.5,0,0.1,62,3.735,3.733,0,0,0,0,5.269,108.5,5.074127787044,8.858268,6,P-GPS,
243300,2026-05-22 09:19:38,51.9888359484185,4.39005787440494,8.858268,,,5.074127787044,7.874016,4.250186,13.757054246,569.26511008,29,5,7.468,5.074127787044,8.858268,8.7464354,143.322183064,0.223694,4.250186,0,84.6, -7.1, -0.5,,,0,0,1024,1024,1024,1024,0,0,0,0,104.3,0,-0.5,62,3.735,3.733,0,0,0,0,5.269,108.5,5.074127787044,8.858268,6,P-GPS,"Max Height Above Ground Level (AGL): 3m."
243400,2026-05-22 09:19:39,51.9888358488728,4.39006117013293,8.858268,,,5.074127787044,7.874016,4.026492,14.1556106892,570.00657992,29,5,7.468,5.074127787044,8.858268,8.7464354,143.322183064,0.223694,4.026492,0,84.4, -5.1, -1,,,0,0,1024,1024,1024,1024,0,0,0,0,104.2,0,-0.5,62,3.735,3.733,0,0,0,0,5.269,108.5,5.074127787044,8.858268,6,P-GPS,
243500,2026-05-22 09:19:39,51.9888360260286,4.39006381731175,8.858268,,,5.074127787044,7.874016,3.8251674,14.5687668704,570.60697364,29,5,7.468,5.074127787044,8.858268,8.7464354,143.322183064,0.447388,3.802798,0,84.4, -3.7, -0.8,,,0,0,1024,1024,1024,1327,0,0,0,46,104.4,0,0.3,62,3.735,3.733,0,0,0,0,5.269,108.5,5.074127787044,8.858268,6,P-GPS,
243600,2026-05-22 09:19:39,51.9888359433768,4.39006647246188,8.858268,,,5.074127787044,7.545932,3.6014734,14.9229991652,571.20408652,30,5,7.468,5.074127787044,8.858268,8.7464354,143.322183064,0.447388,3.579104,0,84.5, 2.1, -0.1,,,0,0,1024,1024,1024,1327,0,0,0,46,104.8,0,0.4,62,3.735,3.733,0,0,0,0,5.269,108.5,5.074127787044,8.858268,6,P-GPS,
243700,2026-05-22 09:19:39,51.9888361148228,4.39006866446892,8.858268,,,5.074127787044,7.874016,3.131716,15.2923561324,571.69949336,30,5,7.468,5.074127787044,8.858268,8.7464354,143.322183064,0.223694,3.131716,0,86.6, 5.6, 0.1,,,0,0,1024,1024,1024,1684,0,0,0,100,109.5,0,1.7,62,3.735,3.733,0,0,0,0,5.269,108.5,5.074127787044,8.858268,6,P-GPS,
243800,2026-05-22 09:19:39,51.9888360106894,4.39007050491737,8.858268,,,5.074127787044,7.874016,2.460634,15.5412406548,572.11616004,30,5,7.468,5.074127787044,8.858268,8.7464354,143.322183064,0.223694,2.460634,0,92.1, 5.5, 2.3,,,0,0,1024,1024,1024,1684,0,0,0,100,115,-0.1,4.4,62,3.735,3.733,0,0,0,0,5.269,108.5,5.074127787044,8.858268,6,P-GPS,
243900,2026-05-22 09:19:39,51.9888361226187,4.39007195106399,8.858268,,,5.074127787044,7.874016,2.0356154,15.792979508,572.4409632,30,5,7.483,5.074127787044,8.858268,8.7464354,143.322183064,0.223694,2.013246,0,97.8, 4.8, 4.1,,,0,0,1024,1024,1024,1684,0,0,0,100,120.6,-0.1,4.8,62,3.733,3.735,0,0,0,0,4.803,108.5,5.074127787044,8.858268,6,P-GPS,
244000,2026-05-22 09:19:39,51.9888360398577,4.39007301241734,8.858268,,,5.074127787044,7.874016,1.565858,15.9362537908,572.68374536,30,5,7.483,5.074127787044,8.858268,8.7464354,143.322183064,0,1.565858,0,103.3, 3.2, 4.4,,,0,0,1024,1024,1024,1684,0,0,0,100,126.2,-0.1,4.9,62,3.733,3.735,0,0,0,0,4.803,108.5,5.074127787044,8.858268,6,P-GPS,
244100,2026-05-22 09:19:39,51.9888360425371,4.39007388332861,8.858268,,,5.074127787044,7.874016,1.11847,16.0738850288,572.87731492,30,5,7.483,5.074127787044,8.858268,8.7464354,143.322183064,0,1.11847,0,108.8, 2, 4.3,,,0,0,1024,1024,1024,1684,0,0,0,100,131.7,-0.1,4.6,62,3.733,3.735,0,0,0,0,4.803,108.5,5.074127787044,8.858268,6,P-GPS,
244200,2026-05-22 09:19:39,51.9888359729863,4.39007456663578,8.858268,,,5.074127787044,7.874016,0.671082,16.1642393624,573.03479524,30,5,7.483,5.074127787044,8.858268,8.7464354,143.322183064,0,0.671082,0,114.2, 1.2, 3.8,,,0,0,1024,1024,1024,1684,0,0,0,100,137.3,-0.1,3.4,62,3.733,3.735,0,0,0,0,4.803,108.5,5.074127787044,8.858268,6,P-GPS,
244300,2026-05-22 09:19:40,51.9888358740853,4.3900750661506,8.858268,,,5.074127787044,7.874016,0.4921268,16.2186028812,573.15290548,30,5,7.483,5.074127787044,8.858268,8.7464354,143.322183064,-0.223694,0.447388,0,119.7, 0, 2.5,,,0,0,1024,1024,1024,1684,0,0,0,100,142.8,0,2.3,62,3.733,3.735,0,0,0,0,4.803,108.5,5.074127787044,8.858268,6,P-GPS,
244400,2026-05-22 09:19:40,51.9888357401519,4.39007539189981,8.858268,,,5.074127787044,7.874016,0.3131716,16.2367459264,573.24148816,30,5,7.483,5.074127787044,8.858268,8.7464354,143.322183064,-0.223694,0.223694,0,125.1, -0.9, 1.6,,,0,0,1024,1024,1024,1684,0,0,0,100,148.2,0,1.6,62,3.733,3.735,0,0,0,0,4.803,108.5,5.074127787044,8.858268,6,P-GPS,
244500,2026-05-22 09:19:40,51.9888356901166,4.39007574682848,8.858268,,,5.074127787044,7.874016,0.3131716,16.2812997336,573.32022832,30,5,7.483,5.074127787044,8.858268,8.7464354,143.322183064,-0.223694,0.223694,0,130.5, -0.6, 0.9,,,0,0,1024,1024,1024,1684,0,0,0,100,153.5,0,0.8,62,3.733,3.735,0,0,0,0,4.803,108.5,5.074127787044,8.858268,6,P-GPS,
244600,2026-05-22 09:19:40,51.9888355497773,4.39007592553616,8.858268,,,5.074127787044,7.874016,0.223694,16.274770862,573.38584512,30,5,7.483,5.074127787044,8.858268,8.7464354,143.322183064,-0.223694,0,0,136, -0.7, 0.1,,,0,0,1024,1024,1024,1024,0,0,0,0,159.1,0,0.4,62,3.733,3.735,0,0,0,0,4.803,108.5,5.074127787044,8.858268,6,P-GPS,
244700,2026-05-22 09:19:40,51.9888354165549,4.3900760158499,8.858268,,,5.074127787044,7.874016,0.223694,16.2558732236,573.43833856,30,5,7.483,5.074127787044,8.858268,8.7464354,143.322183064,-0.223694,0,0,140.5, -1.1, 0.1,,,0,0,1024,1024,1024,1024,0,0,0,0,160.3,0,0,62,3.733,3.735,0,0,0,0,4.803,108.5,5.074127787044,8.858268,6,P-GPS,
244800,2026-05-22 09:19:40,51.9888352619516,4.39007606765649,8.858268,,,5.074127787044,7.874016,0.223694,16.2254926452,573.49739368,30,5,7.483,5.074127787044,8.858268,8.7464354,143.322183064,-0.223694,0,0,140.4, -0.6, -1,,,0,0,1382,1024,1024,1024,54,0,0,0,159.9,0,-2,62,3.733,3.735,0,0,0,0,4.803,108.5,5.074127787044,8.858268,6,P-GPS,
244900,2026-05-22 09:19:40,51.9888351361204,4.3900759742996,8.858268,,,5.074127787044,7.874016,0.3131716,16.1787406752,573.54660628,30,5,7.475,5.074127787044,8.858268,8.7464354,143.322183064,-0.223694,-0.223694,0,140, 0, -2.8,,,0,0,1684,1240,1024,1024,100,33,0,0,159.5,0,-2.9,62,3.738,3.737,0,0,0,0,4.99,108.5,5.074127787044,8.858268,6,P-GPS,
245000,2026-05-22 09:19:40,51.9888351976246,4.39007574789967,8.858268,,,5.074127787044,7.874016,0.3131716,16.1572183648,573.60238056,30,5,7.475,5.074127787044,8.858268,8.7464354,143.322183064,-0.223694,-0.223694,0,140.2, -9.6, -3.3,,,0,0,1684,1240,1024,1024,100,33,0,0,159.6,0,-2.6,62,3.738,3.737,0,0,0,0,4.99,108.5,5.074127787044,8.858268,6,P-GPS,
245100,2026-05-22 09:19:40,51.9888350285731,4.39007567593178,8.858268,,,5.074127787044,7.874016,0.447388,16.1030516964,573.66799736,30,5,7.475,5.074127787044,8.858268,8.7464354,143.322183064,-0.447388,0,0,140.5, -13.5, -2.7,,,0,0,1684,1219,1024,1024,100,30,0,0,159.8,0,-2.3,62,3.738,3.737,0,0,0,0,4.99,108.5,5.074127787044,8.858268,6,P-GPS,
245200,2026-05-22 09:19:40,51.988834892543,4.39007564130247,8.858268,,,5.074127787044,7.874016,0.671082,16.063320724,573.71720996,30,5,7.475,5.074127787044,8.858268,8.7464354,143.322183064,-0.671082,0,0,140.6, -14.3, -3.1,,,0,0,1684,1167,1024,1024,100,22,0,0,159.7,0,-2.8,62,3.738,3.737,0,0,0,0,4.99,108.5,5.074127787044,8.858268,6,P-GPS,
245300,2026-05-22 09:19:41,51.9888344907491,4.39007586723636,8.858268,,,5.074127787044,7.874016,1.1408394,16.0003614044,573.87140944,30,5,7.475,5.074127787044,8.858268,8.7464354,143.322183064,-1.11847,0.223694,0,140.7, -14.9, -3.1,,,0,0,1684,1056,1024,1024,100,5,0,0,159.7,0,-3,62,3.738,3.737,0,0,0,0,4.99,108.5,5.074127787044,8.858268,6,P-GPS,
245400,2026-05-22 09:19:41,51.9888339073276,4.39007638007496,8.858268,,,5.074127787044,7.874016,1.4092722,15.9420608776,574.1141916,30,5,7.475,5.074127787044,8.858268,8.7464354,143.322183064,-1.342164,0.447388,0,140.7, -14.9, -3.6,,,0,0,1684,1024,1024,1024,100,0,0,0,159.6,0,-3.5,62,3.738,3.737,0,0,0,0,4.99,108.5,5.074127787044,8.858268,6,P-GPS,
245500,2026-05-22 09:19:41,51.9888332582554,4.39007678265067,8.858268,,,5.074127787044,7.874016,1.8119214,15.8528220296,574.36681628,27,5,7.475,5.074127787044,8.858268,8.7464354,143.322183064,-1.565858,0.894776,0,140.7, -15.1, -4.2,,,0,0,1597,1024,1024,1024,87,0,0,0,159.5,0,-4.1,62,3.738,3.737,0,0,0,0,4.99,108.5,5.074127787044,8.858268,6,P-GPS,
245600,2026-05-22 09:19:41,51.9888324927178,4.3900775399116,8.858268,,,5.074127787044,7.874016,2.1027236,15.8007879072,574.69490028,27,5,7.475,5.074127787044,8.858268,8.7464354,143.322183064,-1.789552,1.11847,0,140.8, -15.1, -4.5,,,0,0,1597,1024,1024,1024,87,0,0,0,159.5,0,-3.9,62,3.738,3.737,0,0,0,0,4.99,108.5,5.074127787044,8.858268,6,P-GPS,
245700,2026-05-22 09:19:41,51.9888316368012,4.39007843868422,8.858268,,,5.074127787044,7.874016,2.4158952,15.7595805568,575.0656352,27,5,7.475,5.074127787044,8.858268,8.7464354,143.322183064,-2.013246,1.342164,0,140.7, -13.1, -4.2,,,0,0,1623,1024,1024,1024,91,0,0,0,159.6,0,-3.8,62,3.738,3.737,0,0,0,0,4.99,108.5,5.074127787044,8.858268,6,P-GPS,
245800,2026-05-22 09:19:41,51.9888306372876,4.39007930048344,8.858268,,,5.074127787044,7.874016,2.7290668,15.688812838,575.47902104,27,5,7.475,5.074127787044,8.858268,8.7464354,143.322183064,-2.23694,1.565858,0,140.6, -12.3, -4.2,,,0,0,1596,1024,1024,1024,87,0,0,0,159.6,0,-3.6,62,3.738,3.737,0,0,0,0,4.99,108.5,5.074127787044,8.858268,6,P-GPS,
245900,2026-05-22 09:19:41,51.9888296632777,4.39008039578095,8.858268,,,5.074127787044,7.874016,2.908022,15.6767065384,575.91209192,27,5,7.465,5.074127787044,8.858268,8.7464354,143.322183064,-2.460634,1.565858,0,140.7, -12.3, -4,,,0,0,1509,1024,1024,1024,73,0,0,0,159.7,0,-3.4,62,3.733,3.732,0,0,0,0,5.223,108.5,5.074127787044,8.858268,6,P-GPS,
246000,2026-05-22 09:19:41,51.9888285489082,4.39008156820057,8.858268,,,5.074127787044,7.545932,3.0422384,15.662402076,576.39765624,26,5,7.465,5.074127787044,8.858268,8.7464354,143.322183064,-2.460634,1.789552,0,140.7, -11.9, -3.8,,,0,0,1267,1024,1024,1024,37,0,0,0,159.7,0,-3.8,62,3.733,3.732,0,0,0,0,5.223,108.5,5.074127787044,8.858268,6,P-GPS,
246100,2026-05-22 09:19:41,51.9888275190527,4.3900830291769,8.858268,,,5.074127787044,7.545932,3.2211936,15.734416514,576.89634392,25,5,7.465,5.074127787044,8.858268,8.7464354,143.322183064,-2.684328,1.789552,0,140.5, -7.4, -4.3,,,0,0,1290,1024,1024,1024,40,0,0,0,159.7,0,-3.8,62,3.733,3.732,0,0,0,0,5.223,108.5,5.074127787044,8.858268,6,P-GPS,
246200,2026-05-22 09:19:41,51.9888264651144,4.39008430103624,8.858268,,,5.074127787044,7.874016,3.0422384,15.780676358,577.37534656,25,5,7.465,5.074127787044,8.858268,8.7464354,143.322183064,-2.460634,1.789552,0,140.3, -4.8, -4.1,,,0,0,1474,1024,1024,1024,68,0,0,0,159.8,0,-3.5,62,3.733,3.732,0,0,0,0,5.223,108.5,5.074127787044,8.858268,6,P-GPS,
246300,2026-05-22 09:19:42,51.988825473901,4.39008555024411,8.858268,,,5.074127787044,7.874016,3.0422384,15.847769536,577.83138332,25,5,7.465,5.074127787044,8.858268,8.7464354,143.322183064,-2.460634,1.789552,0,140.4, -5.4, -3.6,,,0,0,1684,1024,1024,1024,100,0,0,0,159.8,0,-3,62,3.733,3.732,0,0,0,0,5.223,108.5,5.074127787044,8.858268,6,P-GPS,
246400,2026-05-22 09:19:42,51.9888245462512,4.39008679919461,8.858268,,,5.074127787044,7.874016,2.8632832,15.9381894864,578.27101588,25,5,7.465,5.074127787044,8.858268,8.7464354,143.322183064,-2.23694,1.789552,0,140.5, -9.1, -3.5,,,0,0,1684,1024,1024,1024,100,0,0,0,159.6,0,-3.3,62,3.733,3.732,0,0,0,0,5.223,108.5,5.074127787044,8.858268,6,P-GPS,
246500,2026-05-22 09:19:42,51.9888235710763,4.39008806209839,8.858268,,,5.074127787044,7.874016,3.0422384,16.0355320092,578.72705264,25,5,7.465,5.074127787044,8.858268,8.7464354,143.322183064,-2.460634,1.789552,0,140.7, -15.4, -3.7,,,0,0,1684,1024,1024,1024,100,0,0,0,159.6,0,-3.1,62,3.733,3.732,0,0,0,0,5.223,108.5,5.074127787044,8.858268,6,P-GPS,
246600,2026-05-22 09:19:42,51.9888223888438,4.39008946799892,8.858268,,,5.074127787044,7.874016,3.35541,16.14419343,579.26182956,26,5,7.465,5.074127787044,8.858268,8.7464354,143.322183064,-2.684328,2.013246,0,140.7, -16.2, -3.6,,,0,0,1384,1024,1024,1024,55,0,0,0,159.6,0,-3,62,3.733,3.732,0,0,0,0,5.223,108.5,5.074127787044,8.858268,6,P-GPS,
246700,2026-05-22 09:19:42,51.9888212055082,4.39009104446192,8.858268,,,5.074127787044,7.874016,3.6685816,16.3051514404,579.81957236,26,5,7.465,5.074127787044,8.858268,8.7464354,143.322183064,-2.908022,2.23694,0,140.5, -11.7, -3.5,,,0,0,1024,1024,1024,1024,0,0,0,0,159.8,0,-2.7,62,3.733,3.732,0,0,0,0,5.223,108.5,5.074127787044,8.858268,6,P-GPS,
246800,2026-05-22 09:19:42,51.9888199585364,4.39009264325295,8.858268,,,5.074127787044,7.874016,3.802798,16.480315488,580.40028104,26,5,7.465,5.074127787044,8.858268,8.7464354,143.322183064,-2.908022,2.460634,0,140.3, -4.2, -2.8,,,0,0,1024,1024,1024,1024,0,0,0,0,159.9,0,-1.9,62,3.733,3.732,0,0,0,0,5.223,108.5,5.074127787044,8.858268,6,P-GPS,
246900,2026-05-22 09:19:42,51.9888187786844,4.39009425110735,8.858268,,,5.074127787044,7.874016,3.4896264,16.6832682504,580.96130468,26,5,7.459,5.074127787044,8.858268,8.7464354,143.322183064,-2.684328,2.23694,0,140.2, -2.2, -2.2,,,0,0,1024,1024,1024,1024,0,0,0,0,159.8,0,-1.9,61,3.73,3.729,0,0,0,0,5.386,108.5,5.074127787044,8.858268,6,P-GPS,
247000,2026-05-22 09:19:42,51.9888175305464,4.39009579324362,8.858268,,,5.074127787044,7.874016,3.35541,16.881398178,581.53217084,26,5,7.459,5.074127787044,8.858268,8.7464354,143.322183064,-2.684328,2.013246,0,140.2, -1.3, -2.4,,,0,0,1024,1024,1024,1024,0,0,0,0,160,0,-1.9,61,3.73,3.729,0,0,0,0,5.386,108.5,5.074127787044,8.858268,6,P-GPS,
247100,2026-05-22 09:19:42,51.9888165262818,4.39009712902997,8.858268,,,5.074127787044,7.874016,2.8632832,17.0736882104,582.00789264,26,5,7.459,5.074127787044,8.858268,8.7464354,143.322183064,-2.23694,1.789552,0,140.2, 3, -2.1,,,0,0,983,1024,1024,1024,-6,0,0,0,160,0,-1.8,61,3.73,3.729,0,0,0,0,5.386,108.5,5.074127787044,8.858268,6,P-GPS,
247200,2026-05-22 09:19:42,51.9888155662742,4.39009818616812,8.858268,,,5.074127787044,7.874016,2.5501116,17.2196199736,582.431121,26,5,7.459,5.074127787044,8.858268,8.7464354,143.322183064,-2.013246,1.565858,0,140.1, 4.2, -2.8,,,0,0,848,1024,865,1024,-27,0,-24,0,159.9,0,-2.7,61,3.73,3.729,0,0,0,0,5.386,108.5,5.074127787044,8.858268,6,P-GPS,
247300,2026-05-22 09:19:43,51.9888147809729,4.39009914513947,9.186352,,,5.402211787044,7.874016,2.23694,17.366470372,582.78873256,26,5,7.459,5.402211787044,9.186352,8.7464354,143.322183064,-1.789552,1.342164,0,140, 3.1, -3.5,,,0,0,378,1024,364,1024,-98,0,-100,0,159.8,0,-3.2,61,3.73,3.729,0,0,0,0,5.386,108.5,5.402211787044,9.186352,6,P-GPS,
247400,2026-05-22 09:19:43,51.9888141173873,4.39009981773475,9.186352,,,5.402211787044,7.874016,1.7448132,17.4649611888,583.07416564,26,5,7.459,5.402211787044,9.186352,8.7464354,143.322183064,-1.342164,1.11847,0,140.1, 1.4, -3.6,,,0,0,378,1024,364,1024,-98,0,-100,0,160,0,-2.9,61,3.73,3.729,0,0,0,0,5.386,108.5,5.402211787044,9.186352,6,P-GPS,
247500,2026-05-22 09:19:43,51.988813523354,4.39010057185862,8.858268,,,5.074127787044,7.874016,1.4316416,17.5901580432,583.3497562,28,5,7.459,5.402211787044,9.186352,8.7464354,143.322183064,-1.11847,0.894776,0.447388,140.1, 6.1, -3.3,,,0,0,364,1024,364,1024,-100,0,-100,0,160.1,0,-2.4,61,3.73,3.729,0,0,0,0,5.386,108.5,5.074127787044,8.858268,6,P-GPS,
247600,2026-05-22 09:19:43,51.9888130583369,4.39010110535238,8.858268,,,5.074127787044,7.545932,1.11847,17.6779533216,583.55644912,28,5,7.459,5.402211787044,9.186352,8.7464354,143.322183064,-0.894776,0.671082,1.11847,139.9, 12.2, -3,,,0,0,364,1024,364,1024,-100,0,-100,0,160.2,0,-2.7,61,3.73,3.729,0,0,0,0,5.386,108.5,5.074127787044,8.858268,6,P-GPS,
247700,2026-05-22 09:19:43,51.9888127329273,4.39010140797713,8.530184,,,4.746043787044,7.217848,1.11847,17.7249349504,583.6942444,28,5,7.459,5.402211787044,9.186352,8.7464354,143.322183064,-0.447388,0.223694,1.565858,139.9, 12.5, -3.4,,,0,0,688,1024,416,1024,-51,0,-92,0,160.1,0,-3.3,61,3.73,3.729,0,0,0,0,5.386,108.5,4.746043787044,8.530184,6,P-GPS,
247800,2026-05-22 09:19:43,51.9888124668707,4.39010162226358,8.2021,,,4.417959787044,7.217848,0.223694,17.7566606732,583.80251212,28,5,7.459,5.402211787044,9.186352,8.7464354,143.322183064,-0.223694,0,1.789552,139.7, 8.8, -4.5,,,0,0,1024,1024,692,1024,0,0,-50,0,159.8,0,-4.1,61,3.73,3.729,0,0,0,0,5.386,108.5,4.417959787044,8.2021,6,P-GPS,
247900,2026-05-22 09:19:43,51.9888123984725,4.3901015433434,8.2021,,,4.417959787044,6.889764,0.223694,17.7352039796,583.83203968,28,5,7.496,5.402211787044,9.186352,8.7464354,143.322183064,0,-0.223694,1.789552,139.9, 0.7, -4.6,,,0,0,1024,1024,364,1024,0,0,-100,0,159.5,0,-4.3,61,3.745,3.751,0,0,0,0,4.079,108.5,4.417959787044,8.2021,6,P-GPS,
248000,2026-05-22 09:19:43,51.9888121562085,4.39010140506962,7.874016,,,4.089875787044,6.56168,0.223694,17.6907157892,583.92718404,27,5,7.496,5.402211787044,9.186352,8.7464354,143.322183064,0,-0.223694,1.342164,140, -3, -4.9,,,0,0,1024,1024,364,1024,0,0,-100,0,159.4,0,-4.3,61,3.745,3.751,0,0,0,0,4.079,108.5,4.089875787044,7.874016,6,P-GPS,
248100,2026-05-22 09:19:43,51.9888121386489,4.39010177494277,7.545932,,,3.761791787044,6.233596,0.223694,17.7718509624,584.00920504,27,5,7.496,5.402211787044,9.186352,8.7464354,143.322183064,0.223694,0,1.565858,140, -3.3, -4.4,,,0,0,1024,1024,364,1024,0,0,-100,0,159.7,0,-3,61,3.745,3.751,0,0,0,0,4.079,108.5,3.761791787044,7.545932,6,P-GPS,
248200,2026-05-22 09:19:43,51.9888122088519,4.39010177418459,7.217848,,,3.433707787044,5.905512,0.223694,17.7756239284,584.03545176,27,5,7.496,5.402211787044,9.186352,8.7464354,143.322183064,0.223694,0,1.565858,140.2, -3.1, -2.7,,,0,0,1024,1024,364,1024,0,0,-100,0,160,0,-0.8,61,3.745,3.751,0,0,0,0,4.079,108.5,3.433707787044,7.217848,6,P-GPS,
248300,2026-05-22 09:19:43,51.9888127462799,4.39010160644616,7.217848,,,3.433707787044,5.577428,0.223694,17.7697184164,584.235583,28,5,7.496,5.402211787044,9.186352,8.7464354,143.322183064,0.223694,0,1.342164,140.4, -3.3, -0.5,,,0,0,1024,1024,380,1024,0,0,-98,0,160.2,0,0.8,61,3.745,3.751,0,0,0,0,4.079,108.5,3.433707787044,7.217848,6,P-GPS,
248400,2026-05-22 09:19:44,51.9888128385368,4.39010160099283,6.889764,,,3.105623787044,5.577428,0.223694,17.774114742,584.2683914,28,5,7.496,5.402211787044,9.186352,8.7464354,143.322183064,0.223694,0,1.342164,140.3, -3.5, 0.5,,,0,0,1024,1024,798,1024,0,0,-34,0,160.1,0,0.5,61,3.745,3.751,0,0,0,0,4.079,108.5,3.105623787044,6.889764,6,P-GPS,
248500,2026-05-22 09:19:44,51.9888128962121,4.39010156964317,6.56168,,,2.777539787044,5.249344,0.223694,17.77066986,584.29135728,28,5,7.496,5.402211787044,9.186352,8.7464354,143.322183064,0,0,1.342164,140.3, -3.3, -0.1,,,0,0,1024,1024,504,1024,0,0,-79,0,160,0,0,61,3.745,3.751,0,0,0,0,4.079,108.5,2.777539787044,6.56168,6,P-GPS,
248600,2026-05-22 09:19:44,51.9888131188658,4.39010120911858,6.56168,,,2.777539787044,5.249344,0,17.7047577844,584.40618668,29,5,7.496,5.402211787044,9.186352,8.7464354,143.322183064,0,0,0.894776,140.2, -3.2, -0.8,,,0,0,1024,1024,364,1024,0,0,-100,0,159.7,0,-1.4,61,3.745,3.751,0,0,0,0,4.079,108.5,2.777539787044,6.56168,6,P-GPS,
248700,2026-05-22 09:19:44,51.9888131224607,4.390101143943,6.233596,,,2.449455787044,4.92126,0,17.6905517472,584.41931004,29,5,7.496,5.402211787044,9.186352,8.7464354,143.322183064,0,0,0.894776,140.1, -3.3, -2.1,,,0,0,1024,1024,364,1024,0,0,-100,0,159.8,0,-1.6,61,3.745,3.751,0,0,0,0,4.079,108.5,2.449455787044,6.233596,6,P-GPS,
248800,2026-05-22 09:19:44,51.9888129182637,4.39010144925964,6.233596,,,2.449455787044,4.92126,0,17.7453745836,584.52101608,29,5,7.496,5.402211787044,9.186352,8.7464354,143.322183064,0,0,0.894776,140.2, -3.2, -1.9,,,0,0,1024,1024,364,1024,0,0,-100,0,160,0,-1.1,61,3.745,3.751,0,0,0,0,4.079,108.5,2.449455787044,6.233596,6,P-GPS,
248900,2026-05-22 09:19:44,51.9888127175686,4.39010171962352,5.905512,,,2.121371787044,4.593176,0,17.7930779972,584.61616044,30,5,7.492,5.402211787044,9.186352,8.7464354,143.322183064,0,0,0.894776,140.3, -3.2, -1.5,,,0,0,1024,1024,364,1024,0,0,-100,0,160.1,0,-0.9,61,3.746,3.746,0,0,0,0,4.979,108.68,2.121371787044,5.905512,6,P-GPS,
249000,2026-05-22 09:19:44,51.988812723566,4.39010166218971,5.905512,,,2.121371787044,4.593176,0,17.7807092304,584.6292838,30,5,7.492,5.402211787044,9.186352,8.7464354,143.322183064,0,0,0.894776,140.5, -3.2, -1.4,,,0,0,1024,1024,364,1024,0,0,-100,0,160.2,0,-1.2,61,3.746,3.746,0,0,0,0,4.979,108.68,2.121371787044,5.905512,6,P-GPS,
249100,2026-05-22 09:19:44,51.9888127164359,4.39010158737343,5.905512,,,2.121371787044,4.593176,0,17.7636816708,584.645688,30,5,7.492,5.402211787044,9.186352,8.7464354,143.322183064,0,0,0.894776,140.5, -3.1, -1.9,,,0,0,1024,1024,364,1024,0,0,-100,0,160.2,0,-1.9,61,3.746,3.746,0,0,0,0,4.979,108.68,2.121371787044,5.905512,6,P-GPS,
249200,2026-05-22 09:19:44,51.9888125716474,4.39010149491732,5.577428,,,1.793287787044,4.265092,0,17.73458062,584.70474312,30,5,7.492,5.402211787044,9.186352,8.7464354,143.322183064,0,0,0.671082,140.5, -2.8, -3,,,0,0,1024,1024,364,1024,0,0,-100,0,159.9,0,-3.5,61,3.746,3.746,0,0,0,0,4.979,108.68,1.793287787044,5.577428,6,P-GPS,
249300,2026-05-22 09:19:44,51.9888125575681,4.39010136655551,5.577428,,,1.793287787044,4.265092,0,17.7052827188,584.73427068,30,5,7.492,5.402211787044,9.186352,8.7464354,143.322183064,0,0,0.671082,140.3, -3, -4.4,,,0,0,1024,1024,364,1024,0,0,-100,0,159.7,0,-4.2,61,3.746,3.746,0,0,0,0,4.979,108.68,1.793287787044,5.577428,6,P-GPS,
249400,2026-05-22 09:19:45,51.9888126758787,4.39010101510125,5.577428,,,1.793287787044,4.265092,0,17.6344493832,584.82285336,30,5,7.492,5.402211787044,9.186352,8.7464354,143.322183064,0,0,0.671082,140.1, -3.5, -4.7,,,0,0,1024,1024,364,1024,0,0,-100,0,159.7,0,-3.8,61,3.746,3.746,0,0,0,0,4.979,108.68,1.793287787044,5.577428,6,P-GPS,
249500,2026-05-22 09:19:45,51.9888126911615,4.3901009740135,5.249344,,,1.465203787044,3.937008,0,17.6262472832,584.83269588,30,5,7.492,5.402211787044,9.186352,8.7464354,143.322183064,0,0,0.671082,140.3, -3.6, -3.9,,,0,0,1024,1024,364,1024,0,0,-100,0,160,0,-2.4,61,3.746,3.746,0,0,0,0,4.979,108.68,1.465203787044,5.249344,6,P-GPS,
249600,2026-05-22 09:19:45,51.9888125375274,4.39010091946634,5.249344,,,1.465203787044,3.937008,0,17.60498744,584.891751,29,5,7.492,5.402211787044,9.186352,8.7464354,143.322183064,0,0,0.447388,140.5, -3.5, -2.4,,,0,0,1024,1024,364,1024,0,0,-100,0,160.1,0,-1.8,61,3.746,3.746,0,0,0,0,4.979,108.68,1.465203787044,5.249344,6,P-GPS,
249700,2026-05-22 09:19:45,51.9888125387415,4.39010093465775,5.249344,,,1.465203787044,3.937008,0,17.608432322,584.89503184,29,5,7.492,5.402211787044,9.186352,8.7464354,143.322183064,0,0,0.447388,140.4, -3.2, -2.5,,,0,0,1024,1024,364,1024,0,0,-100,0,159.9,0,-2.6,61,3.746,3.746,0,0,0,0,4.979,108.68,1.465203787044,5.249344,6,P-GPS,
249800,2026-05-22 09:19:45,51.9888123864344,4.39010062605799,4.92126,,,1.137119787044,3.937008,0,17.5310373064,584.98361452,29,5,7.492,5.402211787044,9.186352,8.7464354,143.322183064,0,0,0.447388,140.3, -2.7, -3.4,,,0,0,1024,1024,364,1024,0,0,-100,0,159.8,0,-3.2,61,3.746,3.746,0,0,0,0,4.979,108.68,1.137119787044,4.92126,6,P-GPS,
249900,2026-05-22 09:19:45,51.9888123574623,4.39010063829319,4.92126,,,1.137119787044,3.608924,0,17.5320543668,584.99345704,29,5,7.473,5.402211787044,9.186352,8.7464354,143.322183064,0,0,0.447388,140.2, -2.1, -3.7,,,0,0,1024,1024,817,1024,0,0,-31,0,159.8,0,-3.1,61,3.737,3.736,0,0,0,0,4.858,108.68,1.137119787044,4.92126,6,P-GPS,
250000,2026-05-22 09:19:45,51.988812337776,4.39010015042234,4.92126,,,1.137119787044,3.608924,0,17.4227039696,585.1050056,29,5,7.473,5.402211787044,9.186352,8.7464354,143.322183064,0,0,0.447388,140.2, -1.9, -3.6,,,0,0,1024,1024,1024,1024,0,0,0,0,159.8,0,-2.8,61,3.737,3.736,0,0,0,0,4.858,108.68,1.137119787044,4.92126,6,P-GPS,
250100,2026-05-22 09:19:45,51.9888123363312,4.39010020540076,4.92126,,,1.137119787044,3.608924,0,17.4348102692,585.11812896,29,5,7.473,5.402211787044,9.186352,8.7464354,143.322183064,0,0,0.447388,140.1, -2.1, -2.9,,,0,0,1024,1024,1024,1024,0,0,0,0,159.8,0,-2.2,61,3.737,3.736,0,0,0,0,4.858,108.68,1.137119787044,4.92126,6,P-GPS,
250200,2026-05-22 09:19:45,51.9888124074552,4.39009973247785,4.593176,,,0.809035787044,3.608924,0,17.3341212896,585.22639668,28,5,7.473,5.402211787044,9.186352,8.7464354,143.322183064,0,0,0.223694,140.2, -2.5, -2.5,,,0,0,1024,1024,1024,1024,0,0,0,0,159.8,0,-1.2,61,3.737,3.736,0,0,0,0,4.858,108.68,0.809035787044,4.593176,6,P-GPS,
250300,2026-05-22 09:19:45,51.988812446932,4.39009979664485,4.593176,,,0.809035787044,3.28084,0,17.3506895316,585.24608172,28,5,7.473,5.402211787044,9.186352,8.7464354,143.322183064,0,0,0,140.2, -3, -1,,,0,0,1024,1024,1024,1024,0,0,0,0,159.9,0,0.3,61,3.737,3.736,0,0,0,0,4.858,108.68,0.809035787044,4.593176,6,P-GPS,
250400,2026-05-22 09:19:46,51.9888125963616,4.39009945530427,4.593176,,,0.809035787044,3.28084,0,17.2840228628,585.34122608,29,5,7.473,5.402211787044,9.186352,8.7464354,143.322183064,0,0,0,140.1, -3.2, 0.3,,,0,0,1024,1024,1024,1024,0,0,0,0,159.9,0,0.9,61,3.737,3.736,0,0,0,0,4.858,108.68,0.809035787044,4.593176,6,P-GPS,
250500,2026-05-22 09:19:46,51.9888126372527,4.39009949297673,4.593176,,,0.809035787044,3.28084,0,17.2948496348,585.35763028,29,5,7.473,5.402211787044,9.186352,8.7464354,143.322183064,0,0,0,140.1, -3.2, 0.5,,,0,0,1024,1024,1024,1024,0,0,0,0,159.9,0,1,61,3.737,3.736,0,0,0,0,4.858,108.68,0.809035787044,4.593176,6,P-GPS,
250600,2026-05-22 09:19:46,51.9888127026276,4.39009937845691,4.593176,,,0.809035787044,3.28084,0,17.2735241748,585.39371952,30,5,7.473,5.402211787044,9.186352,8.7464354,143.322183064,0,0,0,140.2, -3.8, 0.5,,,0,0,1024,1024,1024,1024,0,0,0,0,159.9,0,0.7,61,3.737,3.736,0,0,0,0,4.858,108.68,0.809035787044,4.593176,6,P-GPS,
250700,2026-05-22 09:19:46,51.9888127339044,4.39009937020736,4.593176,,,0.809035787044,3.28084,0,17.2736226,585.40356204,30,5,7.473,5.402211787044,9.186352,8.7464354,143.322183064,0,0,0,140.2, -4.3, 0,,,0,0,1024,1024,1024,1024,0,0,0,0,159.9,0,0,61,3.737,3.736,0,0,0,0,4.858,108.68,0.809035787044,4.593176,6,P-GPS,
250800,2026-05-22 09:19:46,51.9888127744871,4.39009938800023,4.593176,,,0.809035787044,3.28084,0,17.2800858548,585.41996624,30,5,7.473,5.402211787044,9.186352,8.7464354,143.322183064,0,0,0,140.2, -4.5, -0.5,,,0,0,1024,1024,1024,1024,0,0,0,0,159.9,0,0,61,3.737,3.736,0,0,0,0,4.858,108.68,0.809035787044,4.593176,6,P-GPS,
250900,2026-05-22 09:19:46,51.9888127879273,4.39009937827606,4.593176,,,0.809035787044,3.28084,0,17.2787407104,585.42652792,30,5,7.465,5.402211787044,9.186352,8.7464354,143.322183064,0,0,0,140.3, -4.4, -0.6,,,0,0,1024,1024,1024,1024,0,0,0,0,159.9,0,-0.2,61,3.733,3.732,0,0,0,0,5.04,108.68,0.809035787044,4.593176,6,P-GPS,
251000,2026-05-22 09:19:46,51.9888126189168,4.39009936768242,4.593176,,,0.809035787044,3.28084,0,17.2659782428,585.48558304,29,5,7.465,5.402211787044,9.186352,8.7464354,143.322183064,0,0,0,140.3, -4.2, -1.1,,,0,0,1024,1024,1024,1024,0,0,0,0,159.9,0,-1.1,61,3.733,3.732,0,0,0,0,5.04,108.68,0.809035787044,4.593176,6,P-GPS,
251100,2026-05-22 09:19:46,51.9888123666372,4.39009933969935,4.593176,,,0.809035787044,3.28084,0,17.2446199744,585.5807274,29,5,7.465,5.402211787044,9.186352,8.7464354,143.322183064,0,0,0,140.3, -4.2, -2,,,0,0,1024,1024,1024,1024,0,0,0,0,159.8,0,-2.2,61,3.733,3.732,0,0,0,0,5.04,108.68,0.809035787044,4.593176,6,P-GPS,
251200,2026-05-22 09:19:46,51.9888123209141,4.3900992643127,4.593176,,,0.809035787044,3.28084,0,17.2251974016,585.60369328,29,5,7.465,5.402211787044,9.186352,8.7464354,143.322183064,0,0,0,140.2, -4.1, -3.5,,,0,0,1024,1024,1024,1024,0,0,0,0,159.6,0,-3.6,61,3.733,3.732,0,0,0,0,5.04,108.68,0.809035787044,4.593176,6,P-GPS,
251300,2026-05-22 09:19:46,51.9888122818106,4.39009918725666,4.593176,,,0.809035787044,3.28084,0,17.2058404456,585.62665916,29,5,7.465,5.402211787044,9.186352,8.7464354,143.322183064,0,0,0,140.3, -4.5, -3.9,,,0,0,1024,1024,1024,1024,0,0,0,0,159.7,0,-2.8,61,3.733,3.732,0,0,0,0,5.04,108.68,0.809035787044,4.593176,6,P-GPS,
251400,2026-05-22 09:19:47,51.9888120135002,4.3900991294542,4.593176,,,0.809035787044,3.28084,0,17.1775267964,585.72508436,29,5,7.465,5.402211787044,9.186352,8.7464354,143.322183064,0,0,0,140.3, -4.7, -3.1,,,0,0,1024,1024,1024,1024,0,0,0,0,159.8,0,-2.3,61,3.733,3.732,0,0,0,0,5.04,108.68,0.809035787044,4.593176,6,P-GPS,
251500,2026-05-22 09:19:47,51.988811676832,4.39009903659465,4.593176,,,0.809035787044,3.28084,0,17.1382551416,585.84975628,28,5,7.465,5.402211787044,9.186352,8.7464354,143.322183064,0,0,0,140.4, -5, -2.8,,,0,0,1024,1024,1024,1024,0,0,0,0,159.8,0,-2.3,61,3.733,3.732,0,0,0,0,5.04,108.68,0.809035787044,4.593176,6,P-GPS,
251600,2026-05-22 09:19:47,51.9888116708886,4.390099012006,4.593176,,,0.809035787044,3.28084,0,17.1324808632,585.85631796,28,5,7.465,5.402211787044,9.186352,8.7464354,143.322183064,0,0,0,140.3, -5.3, -2.8,,,0,0,1024,1024,1024,1024,0,0,0,0,159.7,0,-2.3,61,3.733,3.732,0,0,0,0,5.04,108.68,0.809035787044,4.593176,6,P-GPS,
251700,2026-05-22 09:19:47,51.9888116755817,4.39009901308415,4.593176,,,0.809035787044,3.28084,0,17.1329729892,585.85631796,28,5,7.465,5.402211787044,9.186352,8.7464354,143.322183064,0,0,0,140.3, -5.1, -2.8,,,0,0,1024,1024,1024,1024,0,0,0,0,159.8,0,-1.7,61,3.733,3.732,0,0,0,0,5.04,108.68,0.809035787044,4.593176,6,P-GPS,
251800,2026-05-22 09:19:47,51.9888115182798,4.39009892217221,4.593176,,,0.809035787044,3.28084,0,17.104331256,585.91865392,28,5,7.465,5.402211787044,9.186352,8.7464354,143.322183064,0,0,0,140.3, -5.1, -1.5,,,0,0,1024,1024,1024,1024,0,0,0,0,159.8,0,-0.5,61,3.733,3.732,0,0,0,0,5.04,108.68,0.809035787044,4.593176,6,P-GPS,
251900,2026-05-22 09:19:47,51.988811538898,4.39009896705085,4.593176,,,0.809035787044,3.28084,0,17.1153876868,585.92849644,28,5,7.464,5.402211787044,9.186352,8.7464354,143.322183064,0,0,0,140.2, -5.4, -1.2,,,0,0,1024,1024,1024,1024,0,0,0,0,159.8,0,-0.9,61,3.732,3.732,0,0,0,0,5.022,108.68,0.809035787044,4.593176,6,P-GPS,
252000,2026-05-22 09:19:47,51.9888117419669,4.39009900864636,4.593176,,,0.809035787044,3.28084,0,17.1355976612,586.00395576,28,5,7.464,5.402211787044,9.186352,8.7464354,143.322183064,0,0,0,140.2, -5.4, -1.6,,,0,0,1024,1024,1024,1024,0,0,0,0,159.8,0,-1.1,61,3.732,3.732,0,0,0,0,5.022,108.68,0.809035787044,4.593176,6,P-GPS,
252100,2026-05-22 09:19:47,51.9888117420874,4.39009906354827,4.593176,,,0.809035787044,3.28084,0,17.147802386,586.01707912,28,5,7.464,5.402211787044,9.186352,8.7464354,143.322183064,0,0,0,140.2, -4.9, -1.6,,,0,0,1024,1024,1024,1024,0,0,0,0,159.8,0,-1.1,61,3.732,3.732,0,0,0,0,5.022,108.68,0.809035787044,4.593176,6,P-GPS,
252200,2026-05-22 09:19:47,51.9888118975073,4.39009932845882,4.593176,,,0.809035787044,3.28084,0,17.2151908396,586.09910012,27,5,7.464,5.402211787044,9.186352,8.7464354,143.322183064,0,0,0,140.3, -4.6, -1.7,,,0,0,1024,1024,1024,1024,0,0,0,0,159.8,0,-1.1,61,3.732,3.732,0,0,0,0,5.022,108.68,0.809035787044,4.593176,6,P-GPS,
252300,2026-05-22 09:19:48,51.9888118882103,4.39009937044386,4.593176,,,0.809035787044,3.28084,0,17.2240162992,586.10894264,27,5,7.464,5.402211787044,9.186352,8.7464354,143.322183064,0,0,0,140.3, -4.6, -1.7,,,0,0,1024,1024,1024,1024,0,0,0,0,159.8,0,-1.2,61,3.732,3.732,0,0,0,0,5.022,108.68,0.809035787044,4.593176,6,P-GPS,
252400,2026-05-22 09:19:48,51.9888117751705,4.39009959422494,4.593176,,,0.809035787044,3.28084,0,17.2674874292,586.17455944,27,5,7.464,5.402211787044,9.186352,8.7464354,143.322183064,0,0,0,140.3, -4.7, -1.9,,,0,0,1024,1024,1024,1024,0,0,0,0,159.8,0,-1.6,61,3.732,3.732,0,0,0,0,5.022,108.68,0.809035787044,4.593176,6,P-GPS,
252500,2026-05-22 09:19:48,51.9888117594015,4.3900996099589,4.593176,,,0.809035787044,3.28084,0,17.2701121012,586.18112112,27,5,7.464,5.402211787044,9.186352,8.7464354,143.322183064,0,0,0,140.3, -4.8, -2.3,,,0,0,1024,1024,1024,1024,0,0,0,0,159.8,0,-1.8,61,3.732,3.732,0,0,0,0,5.022,108.68,0.809035787044,4.593176,6,P-GPS,
252600,2026-05-22 09:19:48,51.9888117593455,4.39009973719387,4.593176,,,0.809035787044,3.28084,0,17.298392942,586.21064868,28,5,7.464,5.402211787044,9.186352,8.7464354,143.322183064,0,0,0,140.3, -4.8, -2.4,,,0,0,1024,1024,1024,1024,0,0,0,0,159.7,0,-2,61,3.732,3.732,0,0,0,0,5.022,108.68,0.809035787044,4.593176,6,P-GPS,
252700,2026-05-22 09:19:48,51.9888117394675,4.39009974529039,4.593176,,,0.809035787044,3.28084,0,17.2991147268,586.21721036,28,5,7.464,5.402211787044,9.186352,8.7464354,143.322183064,0,0,0,140.3, -4.6, -2.6,,,0,0,1024,1024,1024,1024,0,0,0,0,159.8,0,-1.7,61,3.732,3.732,0,0,0,0,5.022,108.68,0.809035787044,4.593176,6,P-GPS,
252800,2026-05-22 09:19:48,51.9888116528534,4.39010011824494,4.593176,,,0.809035787044,3.28084,0,17.3773299524,586.30579304,28,5,7.464,5.402211787044,9.186352,8.7464354,143.322183064,0,0,0,140.4, -4.6, -2.3,,,0,0,1024,1024,1024,1024,0,0,0,0,159.8,0,-2.3,61,3.732,3.732,0,0,0,0,5.022,108.68,0.809035787044,4.593176,6,P-GPS,
252900,2026-05-22 09:19:48,51.9888116284274,4.39010008887767,4.593176,,,0.809035787044,3.28084,0,17.3695215532,586.3189164,28,5,7.454,5.402211787044,9.186352,8.7464354,143.322183064,0,0,0,140.4, -4.9, -3.5,,,0,0,1024,1024,1024,1024,0,0,0,0,159.6,0,-3.6,61,3.727,3.727,0,0,0,0,5.259,108.86,0.809035787044,4.593176,6,P-GPS,
253000,2026-05-22 09:19:48,51.9888115419112,4.39010021862368,4.593176,,,0.809035787044,3.28084,0,17.3937997692,586.36156732,28,5,7.454,5.402211787044,9.186352,8.7464354,143.322183064,0,0,0,140.4, -5.1, -4.3,,,0,0,1024,1024,1024,1024,0,0,0,0,159.6,0,-3.8,61,3.727,3.727,0,0,0,0,5.259,108.86,0.809035787044,4.593176,6,P-GPS,
253100,2026-05-22 09:19:48,51.9888115207541,4.39010016169069,4.593176,,,0.809035787044,3.28084,0,17.3800202412,586.37469068,28,5,7.454,5.402211787044,9.186352,8.7464354,143.322183064,0,0,0,140.4, -5.6, -4.1,,,0,0,1024,1024,1024,1024,0,0,0,0,159.6,0,-3.8,61,3.727,3.727,0,0,0,0,5.259,108.86,0.809035787044,4.593176,6,P-GPS,
253200,2026-05-22 09:19:48,51.9888113388423,4.39010007196819,4.593176,,,0.809035787044,3.28084,0,17.3506895316,586.44358832,29,5,7.454,5.402211787044,9.186352,8.7464354,143.322183064,0,0,0,140.4, -5.1, -4.7,,,0,0,1024,1024,1024,1024,0,0,0,0,159.6,0,-3.9,61,3.727,3.727,0,0,0,0,5.259,108.86,0.809035787044,4.593176,6,P-GPS,
253300,2026-05-22 09:19:49,51.9888111674199,4.39010016955767,4.593176,,,0.809035787044,3.28084,0,17.3638128916,586.51248596,27,5,7.454,5.402211787044,9.186352,8.7464354,143.322183064,0,0,0,140.4, -4.5, -4.1,,,0,0,1024,1024,1024,1024,0,0,0,0,159.7,0,-3.3,61,3.727,3.727,0,0,0,0,5.259,108.86,0.809035787044,4.593176,6,P-GPS,
253400,2026-05-22 09:19:49,51.9888111572748,4.39010015673818,4.593176,,,0.809035787044,3.28084,0,17.3604336264,586.5157668,27,5,7.454,5.402211787044,9.186352,8.7464354,143.322183064,0,0,0,140.4, -5, -4.1,,,0,0,1024,1024,1024,1024,0,0,0,0,159.7,0,-3.9,61,3.727,3.727,0,0,0,0,5.259,108.86,0.809035787044,4.593176,6,P-GPS,
253500,2026-05-22 09:19:49,51.9888111509318,4.39010013388152,4.593176,,,0.809035787044,3.28084,0,17.3550530488,586.52232848,27,5,7.454,5.402211787044,9.186352,8.7464354,143.322183064,0,0,0,140.5, -5.4, -4.5,,,0,0,1024,1024,1024,1024,0,0,0,0,159.7,0,-3.9,61,3.727,3.727,0,0,0,0,5.259,108.86,0.809035787044,4.593176,6,P-GPS,
253600,2026-05-22 09:19:49,51.9888110761199,4.39010025211572,4.593176,,,0.809035787044,3.28084,0,17.3776908448,586.55841772,28,5,7.454,5.402211787044,9.186352,8.7464354,143.322183064,0,0,0,140.5, -5.2, -4.2,,,0,0,1024,1024,1024,1024,0,0,0,0,159.8,0,-4.1,61,3.727,3.727,0,0,0,0,5.259,108.86,0.809035787044,4.593176,6,P-GPS,
253700,2026-05-22 09:19:49,51.9888110397744,4.39010022838263,4.593176,,,0.809035787044,3.28084,0,17.3706370388,586.57482192,28,5,7.454,5.402211787044,9.186352,8.7464354,143.322183064,0,0,0,140.6, -4.6, -5.2,,,0,0,1024,1024,1024,1024,0,0,0,0,159.7,0,-5.1,61,3.727,3.727,0,0,0,0,5.259,108.86,0.809035787044,4.593176,6,P-GPS,
253800,2026-05-22 09:19:49,51.9888109171646,4.39010023898322,4.593176,,,0.809035787044,3.28084,0,17.3670937316,586.61747284,28,5,7.454,5.402211787044,9.186352,8.7464354,143.322183064,0,0,0,140.5, -4.3, -6.2,,,0,0,1024,1024,1024,1024,0,0,0,0,159.4,0,-6.2,61,3.727,3.727,0,0,0,0,5.259,108.86,0.809035787044,4.593176,6,P-GPS,
253900,2026-05-22 09:19:49,51.9888106746591,4.39010014889207,4.593176,,,0.809035787044,3.28084,0,17.3356960928,586.70933636,28,5,7.451,5.402211787044,9.186352,8.7464354,143.322183064,0,0,0,140.3, -4.7, -6.5,,,0,0,1024,1024,1024,1079,0,0,0,8,159.5,0,-4.8,61,3.725,3.726,0,0,0,0,5.252,108.86,0.809035787044,4.593176,6,P-GPS,
254000,2026-05-22 09:19:49,51.9888106976399,4.39010010736611,4.593176,,,0.809035787044,3.28084,0,17.3274939928,586.72245972,28,5,7.451,5.402211787044,9.186352,8.7464354,143.322183064,0,0,0,140.6, -5.8, -5.3,,,0,0,1024,1024,1024,1684,0,0,0,100,161.5,0,-5.1,61,3.725,3.726,0,0,0,0,5.252,108.86,0.809035787044,4.593176,6,P-GPS,
254100,2026-05-22 09:19:49,51.9888105378317,4.39010011852317,4.593176,,,0.809035787044,3.28084,0,17.3227039664,586.78151484,26,5,7.451,5.402211787044,9.186352,8.7464354,143.322183064,0,0,0,144.5, -6.2, -6.2,,,0,0,1024,1024,1024,1684,0,0,0,100,166.7,0.1,-6.2,61,3.725,3.726,0,0,0,0,5.252,108.86,0.809035787044,4.593176,6,P-GPS,
254200,2026-05-22 09:19:49,51.9888105574575,4.39010006283526,4.593176,,,0.809035787044,3.28084,0,17.3111554096,586.7946382,26,5,7.451,5.402211787044,9.186352,8.7464354,143.322183064,0,0,0,150.1, -6.3, -6.9,,,0,0,1024,1024,1024,1684,0,0,0,100,172.4,0.2,-6.4,61,3.725,3.726,0,0,0,0,5.252,108.86,0.809035787044,4.593176,6,P-GPS,
254300,2026-05-22 09:19:50,51.9888104194834,4.39009993954422,4.593176,,,0.809035787044,3.28084,0,17.2775267996,586.85369332,26,5,7.451,5.402211787044,9.186352,8.7464354,143.322183064,0,0,0,155.7, -6, -7,,,0,0,1024,1024,1024,1684,0,0,0,100,178,0.1,-6.3,61,3.725,3.726,0,0,0,0,5.252,108.86,0.809035787044,4.593176,6,P-GPS,
254400,2026-05-22 09:19:50,51.9888104198561,4.39009992902013,4.593176,,,0.809035787044,3.28084,0,17.2751974032,586.85369332,26,5,7.451,5.402211787044,9.186352,8.7464354,143.322183064,0,0,0,161.2, -5.4, -6.9,,,0,0,1024,1024,1024,1684,0,0,0,100,183.7,0.1,-6.4,61,3.725,3.726,0,0,0,0,5.252,108.86,0.809035787044,4.593176,6,P-GPS,
254500,2026-05-22 09:19:50,51.9888104023463,4.39009992314946,4.593176,,,0.809035787044,3.28084,0,17.273130474,586.860255,26,5,7.451,5.402211787044,9.186352,8.7464354,143.322183064,0,0,0,166.7, -4.7, -7.3,,,0,0,1024,1024,1024,1684,0,0,0,100,189.2,0.2,-6.9,61,3.725,3.726,0,0,0,0,5.252,108.86,0.809035787044,4.593176,6,P-GPS,
254600,2026-05-22 09:19:50,51.9888101487897,4.39009958210103,4.593176,,,0.809035787044,3.28084,0,17.1861225972,586.98164608,28,5,7.451,5.402211787044,9.186352,8.7464354,143.322183064,0,0,0,172.1, -3.7, -7.4,,,0,0,1024,1024,1024,1684,0,0,0,100,194.8,0.2,-6.9,61,3.725,3.726,0,0,0,0,5.252,108.86,0.809035787044,4.593176,6,P-GPS,
254700,2026-05-22 09:19:50,51.9888101089859,4.39009956713221,4.593176,,,0.809035787044,3.28084,0,17.181102912,586.99476944,28,5,7.451,5.402211787044,9.186352,8.7464354,143.322183064,0,0,0,177.5, -2.1, -7.7,,,0,0,1024,1024,1024,1684,0,0,0,100,200.3,0.2,-7.2,61,3.725,3.726,0,0,0,0,5.252,108.86,0.809035787044,4.593176,6,P-GPS,
254800,2026-05-22 09:19:50,51.9888100101298,4.3900992697382,4.593176,,,0.809035787044,3.28084,0,17.1105976604,587.0735096,28,5,7.451,5.402211787044,9.186352,8.7464354,143.322183064,0,0,0,182.9, -0.8, -7.7,,,0,0,1024,1024,1024,1684,0,0,0,100,205.9,0.2,-6.6,61,3.725,3.726,0,0,0,0,5.252,108.86,0.809035787044,4.593176,6,P-GPS,
254900,2026-05-22 09:19:50,51.9888099901008,4.39009927541411,4.593176,,,0.809035787044,3.28084,0,17.111056978,587.08007128,28,5,7.45,5.402211787044,9.186352,8.7464354,143.322183064,0,0,0,188.4, 0, -7.2,,,0,0,1024,1024,1024,1684,0,0,0,100,211.4,0.2,-6.7,61,3.724,3.726,0,0,0,0,5.259,108.86,0.809035787044,4.593176,6,P-GPS,
255000,2026-05-22 09:19:50,51.9888098499631,4.39009921640135,4.593176,,,0.809035787044,3.28084,0,17.092192148,587.13256472,28,5,7.45,5.402211787044,9.186352,8.7464354,143.322183064,0,0,0,193.8, 0.3, -7.4,,,0,0,1024,1024,1024,1684,0,0,0,100,216.9,0.2,-6.7,61,3.724,3.726,0,0,0,0,5.259,108.86,0.809035787044,4.593176,6,P-GPS,
255100,2026-05-22 09:19:50,51.9888098325146,4.39009922965905,4.593176,,,0.809035787044,3.28084,0,17.0944231192,587.1391264,28,5,7.45,5.402211787044,9.186352,8.7464354,143.322183064,0,0,0,199.2, 0.7, -7.1,,,0,0,1024,1024,1024,1684,0,0,0,100,222.3,0.1,-6.4,61,3.724,3.726,0,0,0,0,5.259,108.86,0.809035787044,4.593176,6,P-GPS,
255200,2026-05-22 09:19:50,51.9888096480456,4.39009891773443,4.593176,,,0.809035787044,3.28084,0,17.0175202296,587.2375516,28,5,7.45,5.402211787044,9.186352,8.7464354,143.322183064,0,0,0,204.5, 1.8, -7.5,,,0,0,1024,1024,1024,1684,0,0,0,100,227.6,0.2,-7,61,3.724,3.726,0,0,0,0,5.259,108.86,0.809035787044,4.593176,6,P-GPS,
255300,2026-05-22 09:19:51,51.9888096212771,4.39009891299059,4.593176,,,0.809035787044,3.28084,0,17.015420492,587.24739412,28,5,7.45,5.402211787044,9.186352,8.7464354,143.322183064,0,0,0,209.7, 2.5, -7.7,,,0,0,1024,1024,1024,1684,0,0,0,100,233,0.2,-6.6,61,3.724,3.726,0,0,0,0,5.259,108.86,0.809035787044,4.593176,6,P-GPS,
255400,2026-05-22 09:19:51,51.9888096368398,4.39009840375857,4.593176,,,0.809035787044,3.28084,0,16.9022643204,587.36222352,29,5,7.45,5.402211787044,9.186352,8.7464354,143.322183064,0,0,0,215.2, 2.5, -7,,,0,0,1024,1024,1024,1684,0,0,0,100,239,0.2,-5.8,61,3.724,3.726,0,0,0,0,5.259,108.86,0.809035787044,4.593176,6,P-GPS,
255500,2026-05-22 09:19:51,51.9888096126965,4.39009840606788,4.593176,,,0.809035787044,3.28084,0,16.9018378112,587.3687852,29,5,7.45,5.402211787044,9.186352,8.7464354,143.322183064,0,0,0,221.4, 2.4, -6,,,0,0,1024,1024,1024,1684,0,0,0,100,244.6,0.1,-4.9,61,3.724,3.726,0,0,0,0,5.259,108.86,0.809035787044,4.593176,6,P-GPS,
255600,2026-05-22 09:19:51,51.9888094310118,4.39009804503552,4.593176,,,0.809035787044,3.28084,0,16.8142393832,587.47377208,28,5,7.45,5.402211787044,9.186352,8.7464354,143.322183064,0,0,0,226.5, 3.9, -6.3,,,0,0,1024,1024,1024,1684,0,0,0,100,249.8,0.1,-6.9,61,3.724,3.726,0,0,0,0,5.259,108.86,0.809035787044,4.593176,6,P-GPS,
255700,2026-05-22 09:19:51,51.9888094283536,4.39009794224313,4.593176,,,0.809035787044,3.608924,0,16.791175078,587.49673796,28,5,7.45,5.402211787044,9.186352,8.7464354,143.322183064,0,0,0,231.2, 4.9, -8.8,,,0,0,1024,1024,1024,1684,0,0,0,100,254.3,0.1,-8.4,61,3.724,3.726,0,0,0,0,5.259,108.86,0.809035787044,4.593176,6,P-GPS,
255800,2026-05-22 09:19:51,51.9888093008352,4.39009769054158,4.593176,,,0.809035787044,3.608924,0,16.7301842624,587.57219728,27,5,7.45,5.402211787044,9.186352,8.7464354,143.322183064,0,0,0,235.6, 4.8, -9.1,,,0,0,1024,1024,1024,1684,0,0,0,100,259,0.2,-7.6,61,3.724,3.726,0,0,0,0,5.259,108.86,0.809035787044,4.593176,6,P-GPS,
255900,2026-05-22 09:19:51,51.9888093175509,4.39009767441115,4.593176,,,0.809035787044,3.608924,0,16.727198698,587.57875896,27,5,7.463,5.402211787044,9.186352,8.7464354,143.322183064,0,0,0,240.7, 4.9, -7.8,,,0,0,1024,1024,1024,1635,0,0,0,93,264.3,0.1,-6,60,3.731,3.732,0,0,0,0,4.92,108.86,0.809035787044,4.593176,6,P-GPS,
256000,2026-05-22 09:19:51,51.9888091405708,4.39009770955866,4.593176,,,0.809035787044,3.608924,0,16.728675076,587.64437576,29,5,7.463,5.402211787044,9.186352,8.7464354,143.322183064,0,0,0,246.3, 4.3, -6.2,,,0,0,1024,1024,1024,1538,0,0,0,78,270.2,0.2,-6.3,60,3.731,3.732,0,0,0,0,4.92,108.86,0.809035787044,4.593176,6,P-GPS,
256100,2026-05-22 09:19:51,51.9888091715151,4.39009779547635,4.593176,,,0.809035787044,3.608924,0,16.7489834756,587.6640608,29,5,7.463,5.402211787044,9.186352,8.7464354,143.322183064,0,0,0,252.3, 2.9, -7.5,,,0,0,1024,1024,1024,1676,0,0,0,99,275.2,0.1,-6.8,60,3.731,3.732,0,0,0,0,4.92,108.86,0.809035787044,4.593176,6,P-GPS,
256200,2026-05-22 09:19:51,51.9888088464821,4.39009820809967,4.593176,,,0.809035787044,3.608924,0,16.8301842656,587.81497944,30,5,7.463,5.402211787044,9.186352,8.7464354,143.322183064,0,0,0,257, 2.4, -6.9,,,0,0,1024,1024,1024,1684,0,0,0,100,280.2,0.1,-4.5,60,3.731,3.732,0,0,0,0,4.92,108.86,0.809035787044,4.593176,6,P-GPS,
256300,2026-05-22 09:19:51,51.9888088103709,4.39009826458749,4.593176,,,0.809035787044,3.608924,0,16.8416343972,587.83466448,30,5,7.463,5.402211787044,9.186352,8.7464354,143.322183064,0,0,0,262.4, 3.2, -3.6,,,0,0,1024,1024,1024,1684,0,0,0,100,285.6,0,-0.5,60,3.731,3.732,0,0,0,0,4.92,108.86,0.809035787044,4.593176,6,P-GPS,
256400,2026-05-22 09:19:52,51.9888085136099,4.39009882600172,4.593176,,,0.809035787044,3.608924,0,16.9580714088,588.00198732,28,5,7.463,5.402211787044,9.186352,8.7464354,143.322183064,0,0,0,268, 3.5, -0.2,,,0,0,1024,1024,1024,1024,0,0,0,0,290.5,0,1.6,60,3.731,3.732,0,0,0,0,4.92,108.86,0.809035787044,4.593176,6,P-GPS,
256500,2026-05-22 09:19:52,51.9888085018603,4.3900988466534,4.593176,,,0.809035787044,3.608924,0,16.9623365008,588.00526816,28,5,7.463,5.402211787044,9.186352,8.7464354,143.322183064,0,0,0,270.8, 3.8, 1.5,,,0,0,1024,1024,1024,1024,0,0,0,0,290.3,0,2,60,3.731,3.732,0,0,0,0,4.92,108.86,0.809035787044,4.593176,6,P-GPS,
256600,2026-05-22 09:19:52,51.9888085963489,4.39009866470433,4.593176,,,0.809035787044,3.608924,0,16.9244427988,588.06104244,29,5,7.463,5.402211787044,9.186352,8.7464354,143.322183064,0,0,0,270.4, 4, 0.8,,,0,0,1024,1024,1024,1684,0,0,0,100,289.9,0,1.2,60,3.731,3.732,0,0,0,0,4.92,108.86,0.809035787044,4.593176,6,P-GPS,
256700,2026-05-22 09:19:52,51.9888086442798,4.39009870255068,4.593176,,,0.809035787044,3.608924,0,16.9344165524,588.08072748,29,5,7.463,5.402211787044,9.186352,8.7464354,143.322183064,0,0,0,270.1, 4, 0.7,,,0,0,1024,1024,1024,1684,0,0,0,100,291.4,0,0.9,60,3.731,3.732,0,0,0,0,4.92,108.86,0.809035787044,4.593176,6,P-GPS,
256800,2026-05-22 09:19:52,51.9888085217474,4.39009858704314,4.593176,,,0.809035787044,3.608924,0,16.9047905672,588.12994008,29,5,7.463,5.402211787044,9.186352,8.7464354,143.322183064,0,0,0,273.6, 4.2, 0.1,,,0,0,1024,1024,1024,1684,0,0,0,100,296.4,0,0.8,60,3.731,3.732,0,0,0,0,4.92,108.86,0.809035787044,4.593176,6,P-GPS,
256900,2026-05-22 09:19:52,51.9888085781538,4.39009861284906,4.593176,,,0.809035787044,3.608924,0,16.9123036908,588.15290596,29,5,7.46,5.402211787044,9.186352,8.7464354,143.322183064,0,0,0,278.8, 4.4, 0,,,0,0,1024,1024,1024,1684,0,0,0,100,301.8,0,0.3,60,3.729,3.731,0,0,0,0,4.866,109.04,0.809035787044,4.593176,6,P-GPS,
257000,2026-05-22 09:19:52,51.9888084407689,4.39009837582419,4.593176,,,0.809035787044,3.608924,0,16.8550858412,588.22508444,29,5,7.46,5.402211787044,9.186352,8.7464354,143.322183064,0,0,0,284.2, 4.2, -0.3,,,0,0,1024,1024,1024,1684,0,0,0,100,307.3,0,-0.1,60,3.729,3.731,0,0,0,0,4.866,109.04,0.809035787044,4.593176,6,P-GPS,
257100,2026-05-22 09:19:52,51.9888085098453,4.39009840761206,4.593176,,,0.809035787044,3.608924,0,16.8642721932,588.25133116,29,5,7.46,5.402211787044,9.186352,8.7464354,143.322183064,0,0,0,289.7, 4.6, -0.8,,,0,0,1024,1024,1024,1684,0,0,0,100,312.7,0,-0.5,60,3.729,3.731,0,0,0,0,4.866,109.04,0.809035787044,4.593176,6,P-GPS,
257200,2026-05-22 09:19:52,51.9888085750247,4.3900982873746,4.593176,,,0.809035787044,3.608924,0,16.8393378092,588.2874204,29,5,7.46,5.402211787044,9.186352,8.7464354,143.322183064,0,0,0,295, 5, -1.3,,,0,0,1024,1024,1024,1684,0,0,0,100,318,0,-1.1,60,3.729,3.731,0,0,0,0,4.866,109.04,0.809035787044,4.593176,6,P-GPS,
257300,2026-05-22 09:19:52,51.988808658698,4.39009835732183,4.593176,,,0.809035787044,3.608924,0,16.8575792796,588.32350964,29,5,7.46,5.402211787044,9.186352,8.7464354,143.322183064,0,0,0,300.2, 4.7, -1.6,,,0,0,1024,1024,1024,1684,0,0,0,100,323.2,0,-1.3,60,3.729,3.731,0,0,0,0,4.866,109.04,0.809035787044,4.593176,6,P-GPS,
257400,2026-05-22 09:19:53,51.9888087149598,4.39009850162627,4.593176,,,0.809035787044,3.608924,0,16.8916343988,588.35959888,29,5,7.46,5.402211787044,9.186352,8.7464354,143.322183064,0,0,0,305.4, 4.6, -2.4,,,0,0,1024,1024,1024,1582,0,0,0,85,328.5,0,-3.3,60,3.729,3.731,0,0,0,0,4.866,109.04,0.809035787044,4.593176,6,P-GPS,
257500,2026-05-22 09:19:53,51.9888088382616,4.3900986136281,4.593176,,,0.809035787044,3.608924,0.223694,16.9206698328,588.41209232,29,5,7.46,5.402211787044,9.186352,8.7464354,143.322183064,0,0.223694,0,310.7, 4.4, -4.3,,,0,0,1048,1024,1024,1024,4,0,0,0,333.8,0.1,-4.4,60,3.729,3.731,0,0,0,0,4.866,109.04,0.809035787044,4.593176,6,P-GPS,
257600,2026-05-22 09:19:53,51.9888089090947,4.39009878760586,4.593176,,,0.809035787044,3.608924,0.223694,16.9619099916,588.45802408,29,5,7.46,5.402211787044,9.186352,8.7464354,143.322183064,0,0.223694,0,314.3, 4, -5.3,,,0,0,1667,1024,1024,1024,97,0,0,0,334.5,0,-5.2,60,3.729,3.731,0,0,0,0,4.866,109.04,0.809035787044,4.593176,6,P-GPS,
257700,2026-05-22 09:19:53,51.9888089291199,4.39009893132601,4.593176,,,0.809035787044,3.608924,0,16.9947512,588.49083248,29,5,7.46,5.402211787044,9.186352,8.7464354,143.322183064,0,0,0,314.5, 2.2, -5.2,,,0,0,1667,1024,1024,1024,97,0,0,0,334.1,0,-3.3,60,3.729,3.731,0,0,0,0,4.866,109.04,0.809035787044,4.593176,6,P-GPS,
257800,2026-05-22 09:19:53,51.9888089236767,4.39009888776201,4.593176,,,0.809035787044,3.608924,0,16.9848102548,588.500675,29,5,7.46,5.402211787044,9.186352,8.7464354,143.322183064,0,0,0,314.5, -6.2, -2.6,,,0,0,1684,1024,1024,1024,100,0,0,0,334.1,0,-0.9,60,3.729,3.731,0,0,0,0,4.866,109.04,0.809035787044,4.593176,6,P-GPS,
257900,2026-05-22 09:19:53,51.9888089464498,4.39009875640227,4.593176,,,0.809035787044,3.608924,0.223694,16.9561685216,588.5334834,29,5,7.456,5.402211787044,9.186352,8.7464354,143.322183064,0,-0.223694,0,314.4, -12.7, -0.9,,,0,0,1684,1024,1024,1024,100,0,0,0,334.2,0,0.3,60,3.727,3.729,0,0,0,0,4.971,109.04,0.809035787044,4.593176,6,P-GPS,
258000,2026-05-22 09:19:53,51.988809061038,4.39009807536268,4.593176,,,0.809035787044,3.608924,0.8052984,16.8077105116,588.69096372,29,5,7.456,5.402211787044,9.186352,8.7464354,143.322183064,0.447388,-0.671082,0,314.2, -12, 0.5,,,0,0,1684,1024,1024,1024,100,0,0,0,334.2,0,0.7,60,3.727,3.729,0,0,0,0,4.971,109.04,0.809035787044,4.593176,6,P-GPS,
258100,2026-05-22 09:19:53,51.9888093530443,4.39009740269089,4.593176,,,0.809035787044,3.608924,1.2974252,16.6677826856,588.8779716,29,5,7.456,5.402211787044,9.186352,8.7464354,143.322183064,0.671082,-1.11847,0,314.1, -11.2, 0.4,,,0,0,1024,1024,1024,1024,0,0,0,0,334,0,0.7,60,3.727,3.729,0,0,0,0,4.971,109.04,0.809035787044,4.593176,6,P-GPS,
258200,2026-05-22 09:19:53,51.9888099031664,4.39009585748017,4.593176,,,0.809035787044,3.608924,1.6105968,16.3445215204,589.27823408,28,5,7.456,5.402211787044,9.186352,8.7464354,143.322183064,0.894776,-1.342164,0,314.1, -7.9, 0.5,,,0,0,1024,1024,1684,1024,0,0,100,0,334.1,0,1.4,60,3.727,3.729,0,0,0,0,4.971,109.04,0.809035787044,4.593176,6,P-GPS,
258300,2026-05-22 09:19:53,51.9888104009352,4.3900947484311,4.593176,,,0.809035787044,3.608924,1.9237684,16.1194558964,589.58663304,28,5,7.456,5.402211787044,9.186352,8.7464354,143.322183064,1.11847,-1.565858,0,314.4, 2.3, 1.5,,,0,0,1024,1024,1684,1024,0,0,100,0,334,0,2.2,60,3.727,3.729,0,0,0,0,4.971,109.04,0.809035787044,4.593176,6,P-GPS,
258400,2026-05-22 09:19:54,51.9888106998216,4.39009341978137,4.92126,,,1.137119787044,3.608924,1.9237684,15.8381894832,589.90487452,26,5,7.456,5.402211787044,9.186352,8.7464354,143.322183064,1.11847,-1.565858,-0.671082,314.3, 3.6, 2,,,0,0,1024,1024,1684,1024,0,0,100,0,334,0,3,60,3.727,3.729,0,0,0,0,4.971,109.04,1.137119787044,4.92126,6,P-GPS,
258500,2026-05-22 09:19:54,51.9888111331996,4.39009243986619,4.92126,,,1.137119787044,3.937008,1.6105968,15.6431107368,590.1739034,26,5,7.456,5.402211787044,9.186352,8.7464354,143.322183064,0.894776,-1.342164,-1.789552,314.4, 3.3, 3.2,,,0,0,1024,1024,1444,1024,0,0,64,0,334.2,0,3.8,60,3.727,3.729,0,0,0,0,4.971,109.04,1.137119787044,4.92126,6,P-GPS,
258600,2026-05-22 09:19:54,51.9888115719678,4.39009130313315,5.577428,,,1.793287787044,4.593176,1.6105968,15.41584695,590.47574068,26,5,7.456,5.402211787044,9.186352,8.7464354,143.322183064,0.894776,-1.342164,-2.684328,314.8, 5.3, 3.2,,,0,0,1024,1024,1444,1024,0,0,64,0,334.3,0,4,60,3.727,3.729,0,0,0,0,4.971,109.04,1.793287787044,5.577428,6,P-GPS,
258700,2026-05-22 09:19:54,51.9888119352944,4.39009048216431,5.905512,,,2.121371787044,4.92126,1.2974252,15.2562668924,590.70211864,26,5,7.456,5.402211787044,9.186352,8.7464354,143.322183064,0.671082,-1.11847,-2.908022,314.9, 6.9, 3.5,,,0,0,1024,1024,1654,1024,0,0,95,0,334.1,0,3.5,60,3.727,3.729,0,0,0,0,4.971,109.04,2.121371787044,5.905512,6,P-GPS,
258800,2026-05-22 09:19:54,51.9888127731242,4.39008901090735,6.233596,,,2.449455787044,5.249344,1.11847,14.9878285636,591.15487456,26,5,7.456,5.402211787044,9.186352,8.7464354,143.322183064,0.671082,-0.894776,-2.684328,314.8, 7.3, 2.9,,,0,0,1024,1024,1024,1024,0,0,0,0,334.1,0,3,60,3.727,3.729,0,0,0,0,4.971,109.04,2.449455787044,6.233596,6,P-GPS,
258900,2026-05-22 09:19:54,51.9888132785919,4.39008797965163,6.889764,,,3.105623787044,5.905512,0.8052984,14.7986225208,591.45015016,26,5,7.415,5.402211787044,9.186352,8.7464354,143.322183064,0.447388,-0.671082,-3.131716,314.7, 6.3, 2.7,,,0,0,1024,1024,1024,1024,0,0,0,0,334,0,4,60,3.695,3.72,0,0,0,0,6.665,109.04,3.105623787044,6.889764,6,P-GPS,
259000,2026-05-22 09:19:54,51.9888134430161,4.39008750116411,7.217848,,,3.433707787044,6.233596,0.7158208,14.7064637252,591.57154124,26,5,7.415,5.402211787044,9.186352,8.7464354,143.322183064,0.223694,-0.671082,-2.460634,314.6, 5.8, 3.8,,,0,0,1024,1024,1024,1024,0,0,0,0,333.9,0,4.3,60,3.695,3.72,0,0,0,0,6.665,109.04,3.433707787044,7.217848,6,P-GPS,
259100,2026-05-22 09:19:54,51.9888135678086,4.39008707098442,7.545932,,,3.761791787044,6.56168,0.7158208,14.6221133288,591.67980896,26,5,7.415,5.402211787044,9.186352,8.7464354,143.322183064,0.223694,-0.671082,-1.565858,314.6, 6.2, 3.7,,,0,0,1024,1024,1024,1024,0,0,0,0,333.9,0,4.1,60,3.695,3.72,0,0,0,0,6.665,109.04,3.761791787044,7.545932,6,P-GPS,
259200,2026-05-22 09:19:54,51.988813794967,4.3900862336417,7.874016,,,4.089875787044,6.56168,0.4921268,14.457513586,591.88650188,27,5,7.415,5.402211787044,9.186352,8.7464354,143.322183064,0.223694,-0.447388,-0.894776,314.6, 6.1, 3.7,,,0,0,1021,1024,1024,1024,-0,0,0,0,333.9,0,4.5,60,3.695,3.72,0,0,0,0,6.665,109.04,4.089875787044,7.874016,6,P-GPS,
259300,2026-05-22 09:19:54,51.9888138778575,4.39008586082626,7.874016,,,4.089875787044,6.889764,0.447388,14.3830057096,591.97508456,27,5,7.415,5.402211787044,9.186352,8.7464354,143.322183064,0,-0.447388,-0.447388,314.6, 6.1, 4.2,,,0,0,916,1024,1024,1024,-16,0,0,0,333.9,0,4.8,60,3.695,3.72,0,0,0,0,6.665,109.04,4.089875787044,7.874016,6,P-GPS,
259400,2026-05-22 09:19:55,51.988814210432,4.39008470305896,7.874016,,,4.089875787044,6.889764,0.223694,14.1593836552,592.26051764,30,5,7.415,5.402211787044,9.186352,8.7464354,143.322183064,0,-0.223694,-0.223694,314.7, 6, 4.2,,,0,0,1024,1024,1024,1024,0,0,0,0,334,0,4.3,60,3.695,3.72,0,0,0,0,6.665,109.04,4.089875787044,7.874016,6,P-GPS,
259500,2026-05-22 09:19:55,51.9888142835594,4.39008443148478,7.874016,,,4.089875787044,6.889764,0.223694,14.1068245984,592.32941528,30,5,7.415,5.402211787044,9.186352,8.7464354,143.322183064,0,-0.223694,0,314.7, 5.8, 3.6,,,0,0,1024,1024,1024,1024,0,0,0,0,334,0,4.2,60,3.695,3.72,0,0,0,0,6.665,109.04,4.089875787044,7.874016,6,P-GPS,
259600,2026-05-22 09:19:55,51.9888144659683,4.39008345712727,7.874016,,,4.089875787044,6.889764,0.223694,13.9117130436,592.55579324,30,5,7.415,5.402211787044,9.186352,8.7464354,143.322183064,0,-0.223694,0,314.6, 5.1, 4,,,0,0,1024,1024,1144,1024,0,0,18,0,334,0,4.6,60,3.695,3.72,0,0,0,0,6.665,109.04,4.089875787044,7.874016,6,P-GPS,
259700,2026-05-22 09:19:55,51.9888145133521,4.39008328911756,7.874016,,,4.089875787044,6.889764,0,13.8796920452,592.59844416,30,5,7.415,5.402211787044,9.186352,8.7464354,143.322183064,0,0,0,314.6, 4.2, 4.1,,,0,0,1024,1024,1552,1157,0,0,80,20,334,0,4.3,60,3.695,3.72,0,0,0,0,6.665,109.04,4.089875787044,7.874016,6,P-GPS,
259800,2026-05-22 09:19:55,51.9888149063948,4.39008241305553,7.874016,,,4.089875787044,6.889764,0,13.7278219616,592.84122632,30,5,7.415,5.402211787044,9.186352,8.7464354,143.322183064,0,0,0,314.6, 3.6, 4.1,,,0,0,1024,1024,1591,1188,0,0,86,25,334.5,0,4.3,60,3.695,3.72,0,0,0,0,6.665,109.04,4.089875787044,7.874016,6,P-GPS,
259900,2026-05-22 09:19:55,51.9888154525325,4.39008180011991,8.2021,,,4.417959787044,6.889764,0,13.6512143476,593.08400848,30,5,7.454,5.402211787044,9.186352,8.7464354,143.322183064,0,0,-0.894776,315.3, 2.5, 3.3,,,0,0,1024,1024,1369,1024,0,0,52,0,335.3,0,3.4,60,3.727,3.727,0,0,0,0,4.87,109.22,4.417959787044,8.2021,6,P-GPS,
260000,2026-05-22 09:19:55,51.9888154971491,4.39008178099501,8.2021,,,4.417959787044,7.217848,0,13.6518048988,593.10041268,30,5,7.454,5.402211787044,9.186352,8.7464354,143.322183064,0,0,-1.565858,315.6, 1.9, 3.2,,,0,0,1024,1024,1024,1024,0,0,0,0,335.3,0,3.9,60,3.727,3.727,0,0,0,0,4.87,109.22,4.417959787044,8.2021,6,P-GPS,
260100,2026-05-22 09:19:55,51.9888156675691,4.39008145336774,8.530184,,,4.746043787044,7.217848,0,13.5994755008,593.19555704,29,5,7.454,5.402211787044,9.186352,8.7464354,143.322183064,0,0,-1.342164,315.6, 1.5, 3.8,,,0,0,1024,1024,1024,1024,0,0,0,0,335.1,0,4,60,3.727,3.727,0,0,0,0,4.87,109.22,4.746043787044,8.530184,6,P-GPS,
260200,2026-05-22 09:19:55,51.9888157341857,4.39008138597675,8.530184,,,4.746043787044,7.545932,0,13.592192036,593.2250846,29,5,7.454,5.402211787044,9.186352,8.7464354,143.322183064,0,0,-0.894776,315.5, 2.3, 3.3,,,0,0,1024,1024,1024,1024,0,0,0,0,335.1,0,3.3,60,3.727,3.727,0,0,0,0,4.87,109.22,4.746043787044,8.530184,6,P-GPS,
260300,2026-05-22 09:19:56,51.9888160262638,4.39008126707132,8.858268,,,5.074127787044,7.545932,0,13.5986880992,593.33663316,29,5,7.454,5.402211787044,9.186352,8.7464354,143.322183064,0,0,-0.447388,315.6, 3.9, 2.8,,,0,0,1024,1024,1024,1024,0,0,0,0,335.2,0,3,60,3.727,3.727,0,0,0,0,4.87,109.22,5.074127787044,8.858268,6,P-GPS,
260400,2026-05-22 09:19:56,51.9888161210425,4.39008117359966,8.858268,,,5.074127787044,7.545932,0,13.58923928,593.37600324,29,5,7.454,5.402211787044,9.186352,8.7464354,143.322183064,0,0,-0.223694,315.7, 4.9, 2.1,,,0,0,1024,1024,1024,1024,0,0,0,0,335.2,0,2,60,3.727,3.727,0,0,0,0,4.87,109.22,5.074127787044,8.858268,6,P-GPS,
260500,2026-05-22 09:19:56,51.988816204877,4.39008109544461,8.858268,,,5.074127787044,7.874016,0,13.5819558152,593.41209248,29,5,7.454,5.402211787044,9.186352,8.7464354,143.322183064,0,0,0,315.6, 5.1, 1.5,,,0,0,1024,1024,1024,1024,0,0,0,0,335.1,0,2.1,60,3.727,3.727,0,0,0,0,4.87,109.22,5.074127787044,8.858268,6,P-GPS,
260600,2026-05-22 09:19:56,51.9888161812815,4.3900810996772,8.858268,,,5.074127787044,7.874016,0,13.5801841616,593.41865416,29,5,7.454,5.402211787044,9.186352,8.7464354,143.322183064,0,0,0,315.5, 5.2, 2,,,0,0,1024,1024,1024,1024,0,0,0,0,335,0,3.2,60,3.727,3.727,0,0,0,0,4.87,109.22,5.074127787044,8.858268,6,P-GPS,
260700,2026-05-22 09:19:56,51.9888162028659,4.39008102817535,8.858268,,,5.074127787044,7.545932,0,13.5673560772,593.4383392,29,5,7.454,5.402211787044,9.186352,8.7464354,143.322183064,0,0,0,315.5, 5.2, 3.1,,,0,0,1024,1024,1024,1024,0,0,0,0,335.1,0,3.4,60,3.727,3.727,0,0,0,0,4.87,109.22,5.074127787044,8.858268,6,P-GPS,
260800,2026-05-22 09:19:56,51.9888162575192,4.39008105998757,8.858268,,,5.074127787044,7.545932,0,13.5803153952,593.45802424,29,5,7.454,5.402211787044,9.186352,8.7464354,143.322183064,0,0,0,315.6, 4.6, 2.6,,,0,0,1024,1024,939,1024,0,0,-13,0,335.2,0,2.5,60,3.727,3.727,0,0,0,0,4.87,109.22,5.074127787044,8.858268,6,P-GPS,
260900,2026-05-22 09:19:56,51.9888163334512,4.3900809771965,8.858268,,,5.074127787044,7.545932,0,13.5712602768,593.49083264,29,5,7.456,5.402211787044,9.186352,8.7464354,143.322183064,0,0,0,315.6, 4.9, 1.9,,,0,0,1024,1024,555,1024,0,0,-71,0,335.1,0,2,60,3.728,3.728,0,0,0,0,4.796,109.22,5.074127787044,8.858268,6,P-GPS,
261000,2026-05-22 09:19:56,51.9888163720817,4.39008095986271,8.858268,,,5.074127787044,7.545932,0,13.5719820616,593.50723684,29,5,7.456,5.402211787044,9.186352,8.7464354,143.322183064,0,0,0,315.6, 5.7, 1.6,,,0,0,1024,1024,364,1024,0,0,-100,0,335.1,0,2.5,60,3.728,3.728,0,0,0,0,4.796,109.22,5.074127787044,8.858268,6,P-GPS,
261100,2026-05-22 09:19:56,51.9888164539945,4.39008085472275,8.858268,,,5.074127787044,7.545932,0,13.5589899352,593.54660692,30,5,7.456,5.402211787044,9.186352,8.7464354,143.322183064,0,0,0.671082,315.6, 6.4, 2.2,,,0,0,1024,1024,417,1024,0,0,-92,0,335.1,0,2.1,60,3.728,3.728,0,0,0,0,4.796,109.22,5.074127787044,8.858268,6,P-GPS,
261200,2026-05-22 09:19:56,51.9888164916923,4.39008080884248,8.530184,,,4.746043787044,7.545932,0,13.5535765492,593.56301112,30,5,7.456,5.402211787044,9.186352,8.7464354,143.322183064,0,0,1.11847,315.5, 6.3, 1.4,,,0,0,1024,1024,835,1024,0,0,-29,0,335.1,0,1.7,60,3.728,3.728,0,0,0,0,4.796,109.22,4.746043787044,8.530184,6,P-GPS,
261300,2026-05-22 09:19:57,51.988816649003,4.390080834711,8.530184,,,4.746043787044,7.217848,0,13.5773954476,593.6187854,30,5,7.456,5.402211787044,9.186352,8.7464354,143.322183064,0,0,1.565858,315.5, 6.6, 1.5,,,0,0,1024,1024,835,1024,0,0,-29,0,335.1,0,1.7,60,3.728,3.728,0,0,0,0,4.796,109.22,4.746043787044,8.530184,6,P-GPS,
261400,2026-05-22 09:19:57,51.9888166648497,4.39008080360479,8.2021,,,4.417959787044,6.889764,0,13.5726382296,593.62862792,30,5,7.456,5.402211787044,9.186352,8.7464354,143.322183064,0,0,1.11847,315.7, 6.6, 1.6,,,0,0,1024,1024,757,1024,0,0,-40,0,335.5,0,1.5,60,3.728,3.728,0,0,0,0,4.796,109.22,4.417959787044,8.2021,6,P-GPS,
261500,2026-05-22 09:19:57,51.9888166478293,4.39008082380087,8.2021,,,4.417959787044,6.889764,0,13.5749348176,593.6351896,30,5,7.456,5.402211787044,9.186352,8.7464354,143.322183064,0,0,0.671082,315.9, 6.7, 1.2,,,0,0,1024,1024,364,1024,0,0,-100,0,335.3,0,2,60,3.728,3.728,0,0,0,0,4.796,109.22,4.417959787044,8.2021,6,P-GPS,
261600,2026-05-22 09:19:57,51.9888163171098,4.39008103112459,7.874016,,,4.089875787044,6.56168,0,13.5809059464,593.7664232,30,5,7.456,5.402211787044,9.186352,8.7464354,143.322183064,0,0,1.11847,315.7, 5.7, 2.3,,,0,0,1024,1024,1024,1024,0,0,0,0,335.1,0,3.3,60,3.728,3.728,0,0,0,0,4.796,109.22,4.089875787044,7.874016,6,P-GPS,
261700,2026-05-22 09:19:57,51.9888162058584,4.39008103871334,7.874016,,,4.089875787044,6.56168,0.223694,13.5699151324,593.80579328,30,5,7.456,5.402211787044,9.186352,8.7464354,143.322183064,-0.223694,0,1.342164,315.5, 4.1, 3.6,,,0,0,1024,1024,1024,1024,0,0,0,0,335,0,4.1,60,3.728,3.728,0,0,0,0,4.796,109.22,4.089875787044,7.874016,6,P-GPS,
261800,2026-05-22 09:19:57,51.9888159326046,4.39008154480484,7.545932,,,3.761791787044,6.233596,0.223694,13.6478350824,593.95671192,30,5,7.456,5.402211787044,9.186352,8.7464354,143.322183064,-0.223694,0,0.671082,315.4, 2.4, 3.9,,,0,0,1024,1024,1024,1024,0,0,0,0,335.1,0,4.1,60,3.728,3.728,0,0,0,0,4.796,109.22,3.761791787044,7.545932,6,P-GPS,
261900,2026-05-22 09:19:57,51.9888158425987,4.39008159449687,7.545932,,,3.761791787044,6.233596,0,13.6486881008,593.99280116,30,5,7.453,5.402211787044,9.186352,8.7464354,143.322183064,0,0,0.447388,315.4, 1.5, 3.7,,,0,0,1024,1024,1024,1024,0,0,0,0,335.2,0,3.7,60,3.728,3.725,0,0,0,0,3.966,109.22,3.761791787044,7.545932,6,P-GPS,
262000,2026-05-22 09:19:57,51.9888159108981,4.39008190347572,7.545932,,,3.761791787044,6.233596,0,13.7223757672,594.06497964,29,5,7.453,5.402211787044,9.186352,8.7464354,143.322183064,0,0,0.223694,315.4, 1, 3.1,,,0,0,1024,1024,872,1024,0,0,-23,0,335.2,0,2.6,60,3.728,3.725,0,0,0,0,3.966,109.22,3.761791787044,7.545932,6,P-GPS,
262100,2026-05-22 09:19:57,51.9888159036789,4.3900818979111,7.545932,,,3.761791787044,6.233596,0,13.7204072632,594.06826048,29,5,7.453,5.402211787044,9.186352,8.7464354,143.322183064,0,0,0,315.4, 1.8, 2.1,,,0,0,1024,1024,364,1024,0,0,-100,0,335.2,0,1.6,60,3.728,3.725,0,0,0,0,3.966,109.22,3.761791787044,7.545932,6,P-GPS,
262200,2026-05-22 09:19:57,51.9888160006759,4.39008167267626,7.545932,,,3.761791787044,6.233596,0,13.6827104116,594.13059644,30,5,7.453,5.402211787044,9.186352,8.7464354,143.322183064,0,0,0,315.5, 3, 0.7,,,0,0,1024,1024,924,1024,0,0,-15,0,335.2,0,0.8,60,3.728,3.725,0,0,0,0,3.966,109.22,3.761791787044,7.545932,6,P-GPS,
262300,2026-05-22 09:19:58,51.9888158436937,4.39008173916648,7.217848,,,3.433707787044,6.233596,0,13.6798232724,594.18965156,30,5,7.453,5.402211787044,9.186352,8.7464354,143.322183064,0,0,0.671082,315.5, 3.8, 0.2,,,0,0,1024,1024,924,1024,0,0,-15,0,335.3,0,0.5,60,3.728,3.725,0,0,0,0,3.966,109.22,3.433707787044,7.217848,6,P-GPS,
262400,2026-05-22 09:19:58,51.9888158510559,4.39008169909776,7.217848,,,3.433707787044,5.905512,0,13.6720476816,594.19949408,30,5,7.453,5.402211787044,9.186352,8.7464354,143.322183064,0,0,0.894776,315.5, 3.7, 0.5,,,0,0,1024,1024,1024,1024,0,0,0,0,335.2,0,1.1,60,3.728,3.725,0,0,0,0,3.966,109.22,3.433707787044,7.217848,6,P-GPS,
262500,2026-05-22 09:19:58,51.9888158533866,4.39008168162486,7.217848,,,3.433707787044,5.905512,0,13.6685371828,594.20277492,30,5,7.453,5.402211787044,9.186352,8.7464354,143.322183064,0,0,0.447388,315.5, 3.8, 0.6,,,0,0,1024,1024,1024,1024,0,0,0,0,335.2,0,0.4,60,3.728,3.725,0,0,0,0,3.966,109.22,3.433707787044,7.217848,6,P-GPS,
262600,2026-05-22 09:19:58,51.9888156133586,4.3900823545888,7.217848,,,3.433707787044,5.905512,0,13.787402016,594.37994028,30,5,7.453,5.402211787044,9.186352,8.7464354,143.322183064,0,0,0.223694,315.5, 4.5, 0.4,,,0,0,1024,1024,1024,1024,0,0,0,0,335.1,0,1.3,60,3.728,3.725,0,0,0,0,3.966,109.22,3.433707787044,7.217848,6,P-GPS,
262700,2026-05-22 09:19:58,51.9888156200622,4.39008234433599,6.889764,,,3.105623787044,5.905512,0,13.785925638,594.38322112,30,5,7.453,5.402211787044,9.186352,8.7464354,143.322183064,0,0,0.223694,315.4, 4.8, 0.9,,,0,0,1024,1024,1024,1024,0,0,0,0,335,0,1.3,60,3.728,3.725,0,0,0,0,3.966,109.22,3.105623787044,6.889764,6,P-GPS,
262800,2026-05-22 09:19:58,51.9888155126269,4.3900828837978,6.889764,,,3.105623787044,5.905512,0,13.8908140928,594.50789304,30,5,7.453,5.402211787044,9.186352,8.7464354,143.322183064,0,0,0,315.4, 4.6, 1,,,0,0,1024,1024,1024,1024,0,0,0,0,335,0,1.4,60,3.728,3.725,0,0,0,0,3.966,109.22,3.105623787044,6.889764,6,P-GPS,
262900,2026-05-22 09:19:58,51.9888155155311,4.39008289472532,6.889764,,,3.105623787044,5.905512,0,13.8934715732,594.51117388,30,5,7.461,5.402211787044,9.186352,8.7464354,143.322183064,0,0,0,315.4, 4.8, 0.8,,,0,0,1024,1024,1024,1024,0,0,0,0,335.1,0,1.2,60,3.721,3.721,0,0,0,0,5.183,109.22,3.105623787044,6.889764,6,P-GPS,
263000,2026-05-22 09:19:58,51.9888156017579,4.39008313362825,6.889764,,,3.105623787044,5.905512,0,13.9538718376,594.57350984,30,5,7.461,5.402211787044,9.186352,8.7464354,143.322183064,0,0,0,315.5, 4.8, 0.8,,,0,0,1024,1024,1024,1024,0,0,0,0,335.2,0,1,60,3.721,3.721,0,0,0,0,5.183,109.22,3.105623787044,6.889764,6,P-GPS,
263100,2026-05-22 09:19:58,51.9888155944058,4.39008314854142,6.889764,,,3.105623787044,5.905512,0,13.9563324676,594.57679068,30,5,7.461,5.402211787044,9.186352,8.7464354,143.322183064,0,0,0,315.6, 4.7, 0.5,,,0,0,1024,1024,1024,1024,0,0,0,0,335.4,0,0.9,60,3.721,3.721,0,0,0,0,5.183,109.22,3.105623787044,6.889764,6,P-GPS,
263200,2026-05-22 09:19:58,51.9888156713413,4.39008322669647,6.889764,,,3.105623787044,5.905512,0,13.9811684264,594.61287992,30,5,7.461,5.402211787044,9.186352,8.7464354,143.322183064,0,0,0,315.7, 4.7, 0.6,,,0,0,1024,1024,1024,1024,0,0,0,0,335.3,0,1.5,60,3.721,3.721,0,0,0,0,5.183,109.22,3.105623787044,6.889764,6,P-GPS,
263300,2026-05-22 09:19:58,51.9888158417827,4.39008306865786,6.889764,,,3.105623787044,5.905512,0,13.9651251188,594.68177756,30,5,7.461,5.402211787044,9.186352,8.7464354,143.322183064,0,0,0,315.7, 4.4, 1.5,,,0,0,1024,1024,837,1024,0,0,-28,0,335.2,0,2.8,60,3.721,3.721,0,0,0,0,5.183,109.22,3.105623787044,6.889764,6,P-GPS,
263400,2026-05-22 09:19:59,51.9888157773775,4.39008300992681,6.889764,,,3.105623787044,5.905512,0,13.9456697376,594.71130512,30,5,7.461,5.402211787044,9.186352,8.7464354,143.322183064,0,0,0,315.6, 4.1, 2.8,,,0,0,1024,1024,364,1024,0,0,-100,0,335.1,0,4.3,60,3.721,3.721,0,0,0,0,5.183,109.22,3.105623787044,6.889764,6,P-GPS,
263500,2026-05-22 09:19:59,51.9888157111545,4.390082940856,6.889764,,,3.105623787044,5.905512,0,13.9238193432,594.73755184,30,5,7.461,5.402211787044,9.186352,8.7464354,143.322183064,0,0,0.223694,315.6, 4.2, 4.1,,,0,0,1024,1024,1024,1024,0,0,0,0,335,0,4.7,60,3.721,3.721,0,0,0,0,5.183,109.22,3.105623787044,6.889764,6,P-GPS,
263600,2026-05-22 09:19:59,51.9888158400586,4.39008273122296,6.889764,,,3.105623787044,5.577428,0,13.8924217044,594.80644948,30,5,7.461,5.402211787044,9.186352,8.7464354,143.322183064,0,0,0.671082,315.5, 3.9, 4.1,,,0,0,1024,1024,1024,1024,0,0,0,0,335,0,4.3,60,3.721,3.721,0,0,0,0,5.183,109.22,3.105623787044,6.889764,6,P-GPS,
263700,2026-05-22 09:19:59,51.9888157986064,4.39008269299056,6.889764,,,3.105623787044,5.577428,0,13.8797904704,594.82285368,30,5,7.461,5.402211787044,9.186352,8.7464354,143.322183064,0,0,0.223694,315.5, 4, 3.7,,,0,0,1024,1024,1024,1024,0,0,0,0,335,0,4,60,3.721,3.721,0,0,0,0,5.183,109.22,3.105623787044,6.889764,6,P-GPS,
263800,2026-05-22 09:19:59,51.9888158015732,4.39008261151065,6.56168,,,2.777539787044,5.577428,0,13.8625988688,594.84253872,30,5,7.461,5.402211787044,9.186352,8.7464354,143.322183064,0,0,0.223694,315.5, 4.1, 3.5,,,0,0,1024,1024,1024,1024,0,0,0,0,334.9,0,4.3,60,3.721,3.721,0,0,0,0,5.183,109.22,2.777539787044,6.56168,6,P-GPS,
263900,2026-05-22 09:19:59,51.9888157690317,4.39008288877118,6.56168,,,2.777539787044,5.577428,0,13.9187340412,594.90487468,30,5,7.453,5.402211787044,9.186352,8.7464354,143.322183064,0,0,0,315.5, 4.1, 3.8,,,0,0,1024,1024,1024,1024,0,0,0,0,335.1,0,3.8,60,3.701,3.71,0,0,0,0,4.734,109.22,2.777539787044,6.56168,6,P-GPS,
264000,2026-05-22 09:19:59,51.9888157665591,4.39008290683184,6.56168,,,2.777539787044,5.577428,0,13.9223757736,594.90815552,30,5,7.453,5.402211787044,9.186352,8.7464354,143.322183064,0,0,0,315.7, 4.4, 3,,,0,0,1024,1024,1024,1024,0,0,0,0,335.3,0,3.2,60,3.701,3.71,0,0,0,0,4.734,109.22,2.777539787044,6.56168,6,P-GPS,
264100,2026-05-22 09:19:59,51.9888156945277,4.39008315681183,6.56168,,,2.777539787044,5.577428,0,13.9685700008,594.97049148,29,5,7.453,5.402211787044,9.186352,8.7464354,143.322183064,0,0,0,315.7, 4.1, 2.5,,,0,0,1024,1024,1024,1024,0,0,0,0,335.2,0,3.1,60,3.701,3.71,0,0,0,0,4.734,109.22,2.777539787044,6.56168,6,P-GPS,
264200,2026-05-22 09:19:59,51.9888156828424,4.39008320160004,6.56168,,,2.777539787044,5.577428,0,13.9769689512,594.980334,29,5,7.453,5.402211787044,9.186352,8.7464354,143.322183064,0,0,0,315.6, 3.5, 2.9,,,0,0,1024,1024,1024,1024,0,0,0,0,335.2,0,3.7,60,3.701,3.71,0,0,0,0,4.734,109.22,2.777539787044,6.56168,6,P-GPS,
264300,2026-05-22 09:19:59,51.9888156775876,4.39008328438764,6.56168,,,2.777539787044,5.577428,0,13.994258978,595.00001904,27,5,7.453,5.402211787044,9.186352,8.7464354,143.322183064,0,0,0,315.5, 2.6, 3.1,,,0,0,1024,1024,1024,1024,0,0,0,0,335.2,0,3.5,60,3.701,3.71,0,0,0,0,4.734,109.22,2.777539787044,6.56168,6,P-GPS,
264400,2026-05-22 09:20:00,51.9888156628364,4.39008335234552,6.56168,,,2.777539787044,5.577428,0,14.0073495296,595.01642324,27,5,7.453,5.402211787044,9.186352,8.7464354,143.322183064,0,0,0,315.5, 1.7, 2.8,,,0,0,1024,1024,1024,1024,0,0,0,0,335.2,0,3.3,60,3.701,3.71,0,0,0,0,4.734,109.22,2.777539787044,6.56168,6,P-GPS,
264500,2026-05-22 09:20:00,51.988815655788,4.39008340042382,6.56168,,,2.777539787044,5.577428,0,14.0169623908,595.02626576,27,5,7.453,5.402211787044,9.186352,8.7464354,143.322183064,0,0,0,315.5, 1.5, 2.8,,,0,0,1024,1024,725,1024,0,0,-45,0,335.2,0,3.5,60,3.701,3.71,0,0,0,0,4.734,109.22,2.777539787044,6.56168,6,P-GPS,
264600,2026-05-22 09:20:00,51.9888156854055,4.39008330982489,6.56168,,,2.777539787044,5.577428,0,14.0005253824,595.04923164,27,5,7.453,5.402211787044,9.186352,8.7464354,143.322183064,0,0,0,315.5, 1.8, 3.2,,,0,0,1024,1024,412,1024,0,0,-93,0,335.2,0,4.3,60,3.701,3.71,0,0,0,0,4.734,109.22,2.777539787044,6.56168,6,P-GPS,
264700,2026-05-22 09:20:00,51.9888156923849,4.39008332562145,6.56168,,,2.777539787044,5.577428,0,14.0046592408,595.05579332,27,5,7.453,5.402211787044,9.186352,8.7464354,143.322183064,0,0,0.223694,315.5, 2.2, 3.7,,,0,0,1024,1024,1024,1024,0,0,0,0,335.1,0,3.9,60,3.701,3.71,0,0,0,0,4.734,109.22,2.777539787044,6.56168,6,P-GPS,
264800,2026-05-22 09:20:00,51.9888157298701,4.39008323422261,6.56168,,,2.777539787044,5.577428,0,13.9889112088,595.0787592,28,5,7.453,5.402211787044,9.186352,8.7464354,143.322183064,0,0,0.671082,315.5, 2.4, 3,,,0,0,1024,1024,1024,1024,0,0,0,0,335.1,0,3.1,60,3.701,3.71,0,0,0,0,4.734,109.22,2.777539787044,6.56168,6,P-GPS,
264900,2026-05-22 09:20:00,51.9888157695339,4.3900832397455,6.56168,,,2.777539787044,5.249344,0,13.9942917864,595.0951634,28,5,7.504,5.402211787044,9.186352,8.7464354,143.322183064,0,0,0.223694,315.5, 3, 2.4,,,0,0,1024,1024,1024,1024,0,0,0,0,335.1,0,2.9,59,3.748,3.756,0,0,0,0,3.802,109.4,2.777539787044,6.56168,6,P-GPS,
265000,2026-05-22 09:20:00,51.9888157955019,4.39008342769044,6.56168,,,2.777539787044,5.249344,0,14.0374348324,595.13781432,27,5,7.504,5.402211787044,9.186352,8.7464354,143.322183064,0,0,0.223694,315.5, 3.2, 2.2,,,0,0,1024,1024,1024,1024,0,0,0,0,335.1,0,2.5,59,3.748,3.756,0,0,0,0,3.802,109.4,2.777539787044,6.56168,6,P-GPS,
265100,2026-05-22 09:20:00,51.9888158318338,4.39008346201022,6.56168,,,2.777539787044,5.249344,0,14.0486553052,595.15421852,27,5,7.504,5.402211787044,9.186352,8.7464354,143.322183064,0,0,0,315.6, 3.1, 1.9,,,0,0,1024,1024,1024,1024,0,0,0,0,335.2,0,2,59,3.748,3.756,0,0,0,0,3.802,109.4,2.777539787044,6.56168,6,P-GPS,
265200,2026-05-22 09:20:00,51.9888157856714,4.39008348393481,6.233596,,,2.449455787044,5.249344,0,14.0485240716,595.17062272,28,5,7.504,5.402211787044,9.186352,8.7464354,143.322183064,0,0,0,315.6, 3, 1.3,,,0,0,1024,1024,1024,1024,0,0,0,0,335.1,0,2.1,59,3.748,3.756,0,0,0,0,3.802,109.4,2.449455787044,6.233596,6,P-GPS,
265300,2026-05-22 09:20:00,51.9888157941591,4.39008350108774,6.233596,,,2.449455787044,5.249344,0,14.0530844392,595.17390356,28,5,7.504,5.402211787044,9.186352,8.7464354,143.322183064,0,0,0,315.5, 2.8, 1.7,,,0,0,1024,1024,1024,1024,0,0,0,0,335.1,0,2.8,59,3.748,3.756,0,0,0,0,3.802,109.4,2.449455787044,6.233596,6,P-GPS,
265400,2026-05-22 09:20:01,51.9888159154391,4.39008334352561,6.233596,,,2.449455787044,5.249344,0,14.0320214464,595.23295868,30,5,7.504,5.402211787044,9.186352,8.7464354,143.322183064,0,0,0,315.5, 2.3, 2.5,,,0,0,1024,1024,1024,1024,0,0,0,0,335.1,0,3,59,3.748,3.756,0,0,0,0,3.802,109.4,2.449455787044,6.233596,33,Confirm_Landing,
265500,2026-05-22 09:20:01,51.9888159039883,4.39008334723999,6.233596,,,2.449455787044,5.249344,0,14.0316277456,595.23623952,30,5,7.504,5.402211787044,9.186352,8.7464354,143.322183064,0,0,0,315.5, 2.4, 2.4,,,0,0,1024,1024,902,1024,0,0,-18,0,335.2,0,3.4,59,3.748,3.756,0,0,0,0,3.802,109.4,2.449455787044,6.233596,33,Confirm_Landing,
265600,2026-05-22 09:20:01,51.988816062964,4.39008310763105,6.233596,,,2.449455787044,5.249344,0,13.9971789256,595.31497968,30,5,7.504,5.402211787044,9.186352,8.7464354,143.322183064,0,0,0,315.6, 2.3, 3.2,,,0,0,1024,1024,1024,1024,0,0,0,0,335.2,0,4.3,59,3.748,3.756,0,0,0,0,3.802,109.4,2.449455787044,6.233596,33,Confirm_Landing,
265700,2026-05-22 09:20:01,51.9888160294699,4.39008309458202,6.233596,,,2.449455787044,0.328084,0,13.9907812876,595.32810304,30,5,7.504,5.402211787044,9.186352,8.7464354,143.322183064,0,0,0,315.6, 2.2, 3.7,,,0,0,1024,1024,1024,1024,0,0,0,0,335.1,0,4.4,59,3.748,3.756,0,0,0,0,3.802,109.4,2.449455787044,6.233596,33,Confirm_Landing,
265800,2026-05-22 09:20:01,51.9888161148842,4.39008288123808,6.233596,,,2.449455787044,0,0,13.9542655384,595.38387732,30,5,7.504,5.402211787044,9.186352,8.7464354,143.322183064,0,0,0.223694,315.5, 1.7, 4.1,,,0,0,1024,1024,1024,1024,0,0,0,0,335.2,0,4.5,59,3.748,3.756,0,0,0,0,3.802,109.4,2.449455787044,6.233596,33,Confirm_Landing,
265900,2026-05-22 09:20:01,51.9888160800483,4.39008292540375,6.233596,,,2.449455787044,0,0,13.9599413916,595.40028152,30,5,7.467,5.402211787044,9.186352,8.7464354,143.322183064,0,0,0.223694,315.5, 0.6, 3.7,,,0,0,1024,1024,1024,1024,0,0,0,0,335.1,0,3.8,59,3.734,3.733,0,0,0,0,4.32,109.4,2.449455787044,6.233596,33,Confirm_Landing,
266000,2026-05-22 09:20:01,51.9888161185428,4.39008280713477,6.233596,,,2.449455787044,0,0,13.9387471652,595.42980908,30,5,7.467,5.402211787044,9.186352,8.7464354,143.322183064,0,0,0.223694,315.4, -0.1, 3.3,,,0,0,1024,1024,1024,1024,0,0,0,0,335.2,0,4,59,3.734,3.733,0,0,0,0,4.32,109.4,2.449455787044,6.233596,33,Confirm_Landing,
266100,2026-05-22 09:20:01,51.9888161176476,4.39008284659834,6.233596,,,2.449455787044,0,0,13.9471133072,595.4396516,30,5,7.467,5.402211787044,9.186352,8.7464354,143.322183064,0,0,0.223694,315.5, 0.3, 3.1,,,0,0,1024,1024,1024,1024,0,0,0,0,334.9,0,2.8,59,3.734,3.733,0,0,0,0,4.32,109.4,2.449455787044,6.233596,33,Confirm_Landing,
266200,2026-05-22 09:20:01,51.9888162115193,4.39008252131864,6.233596,,,2.449455787044,0,0,13.8877301032,595.5216726,30,5,7.467,5.402211787044,9.186352,8.7464354,143.322183064,0,0,0,315.4, 0.5, 2,,,0,0,1024,1024,1024,1024,0,0,0,0,335.4,0,1.6,59,3.734,3.733,0,0,0,0,4.32,109.4,2.449455787044,6.233596,33,Confirm_Landing,
266300,2026-05-22 09:20:01,51.9888162505846,4.39008262300159,6.233596,,,2.449455787044,0,0,13.9138127812,595.54791932,30,5,7.467,5.402211787044,9.186352,8.7464354,143.322183064,0,0,0.223694,315.7, -0.6, 0.9,,,0,0,1024,1024,1024,1024,0,0,0,0,335.2,0,2.3,59,3.734,3.733,0,0,0,0,4.32,109.4,2.449455787044,6.233596,33,Confirm_Landing,
266300,2026-05-22 09:20:01,51.9888164705756,4.3900825146098,0,,,-3.784140212956,0.328084,0,13.9151579256,595.63322116,30,5,7.467,5.402211787044,9.186352,8.7464354,143.322183064,0,0,0,314.3, -2.9, 6.7,,,0,0,1024,1024,1024,1024,0,0,0,0,335.2,0,2.3,59,3.734,3.733,0,0,0,0,4.32,109.4,-3.784140212956,0,33,Confirm_Landing,
