time(millisecond),datetime(utc),latitude,longitude,height_above_takeoff(feet),height_above_ground_at_drone_location(feet),ground_elevation_at_drone_location(feet),altitude_above_seaLevel(feet),height_sonar(feet),speed(mph),distance(feet),mileage(feet),satellites,gpslevel,voltage(v),max_altitude(feet),max_ascent(feet),max_speed(mph),max_distance(feet), xSpeed(mph), ySpeed(mph), zSpeed(mph), compass_heading(degrees), pitch(degrees), roll(degrees),wind_speed(mph),wind_direction(degrees),isPhoto,isVideo,rc_elevator,rc_aileron,rc_throttle,rc_rudder,rc_elevator(percent),rc_aileron(percent),rc_throttle(percent),rc_rudder(percent),gimbal_heading(degrees),gimbal_pitch(degrees),gimbal_roll(degrees),battery_percent,voltageCell1,voltageCell2,voltageCell3,voltageCell4,voltageCell5,voltageCell6,current(A),battery_temperature(f),altitude(feet),ascent(feet),flycStateRaw,flycState,message
535800,2026-05-22 09:26:46,51.9888605398405,4.39000122185127,0,Available with any HD 360 subscription,Available with any HD 360 subscription,-3.663781613304,0,0,0,0,26,5,0,0,0,0,0,0,0,0,182.3, 8.8, 1.3,Available with Enterprise subscription,,0,0,364,364,364,1684,-100,-100,-100,100,201.7,0,0,28,3.528,3.529,0,0,0,0,0,118.76,-3.663781613304,0,38,Tripod,"Setting new Return-To-Home altitude to 30m (98 ft). Data Recorder File Index is 37. Setting new Maximum Flight Altitude to 120m (394 ft). Flying over vegetation."
535900,2026-05-22 09:26:46,51.9888605854723,4.39000148344393,0,,,-3.663781613304,0,0,0.91926512128,0.061086944212,26,5,0,0,0,0,0.91926512128,0,0,0,182.8, 10.2, -2.3,,,0,0,364,364,364,1684,-100,-100,-100,100,201.2,0,-1.9,28,3.528,3.529,0,0,0,0,0,118.76,-3.663781613304,0,38,Tripod,
536000,2026-05-22 09:26:46,51.9888605943091,4.39000162490345,0,,,-3.663781613304,0,0,0.94497706436,0.09303313946,26,5,0,0,0,0,0.94497706436,0,0,0,181.7, 10.6, -4.5,,,0,0,364,364,364,1684,-100,-100,-100,100,201.9,0,-4.7,28,3.528,3.529,0,0,0,0,0,118.76,-3.663781613304,0,41,Motors_Started,
536100,2026-05-22 09:26:47,51.9888602409057,4.39000192408509,0,,,-3.663781613304,0.328084,0,1.0705544962,0.238442264848,25,5,0,0,0,0,1.0705544962,0,0,0,183.8, 12.2, -6.4,,,0,0,364,364,364,1684,-100,-100,-100,100,206.5,0,-3.4,28,3.528,3.529,0,0,0,0,0,118.76,-3.663781613304,0,41,Motors_Started,
536200,2026-05-22 09:26:47,51.9888602133887,4.39000144171625,0,,,-3.663781613304,0.328084,0,0.98900265632,0.34728347568,26,5,0,0,0,0,1.0705544962,0,0,0,187.3, 12.8, -5,,,0,0,364,364,364,1684,-100,-100,-100,100,206.5,0,-4.1,28,3.528,3.529,0,0,0,0,0,118.76,-3.663781613304,0,41,Motors_Started,
536300,2026-05-22 09:26:47,51.9888602141468,4.39000134746555,0,,,-3.663781613304,0.328084,0,0.97228021484,0.36846129788,26,5,0,0,0,0,1.0705544962,0,0,0,185.5, 9.3, -5,,,0,0,364,364,364,1684,-100,-100,-100,100,205.3,0,-5.4,28,3.528,3.529,0,0,0,0,0,118.76,-3.663781613304,0,41,Motors_Started,
536400,2026-05-22 09:26:47,51.9888602113069,4.39000123185367,0,,,-3.663781613304,0.328084,0,0.95289701212,0.39445867404,26,5,0,0,0,0,1.0705544962,0,0,0,184, 14.1, -9.6,,,0,0,364,364,364,1684,-100,-100,-100,100,204.2,0,-5.2,28,3.528,3.529,0,0,0,0,0,118.76,-3.663781613304,0,41,Motors_Started,
536500,2026-05-22 09:26:47,51.9888604672443,4.39000078671908,0,,,-3.663781613304,0.328084,0.223694,0.8162893962,0.53128938708,26,5,0,0,0,0.223694,1.0705544962,0,-0.223694,0,184.5, 9.1, -2.5,,,0,0,364,364,364,1684,-100,-100,-100,100,202.9,0,2.6,28,3.528,3.529,0,0,0,0,0,118.76,-3.663781613304,0,41,Motors_Started,
536600,2026-05-22 09:26:47,51.9888605090381,4.39000069881204,0,,,-3.663781613304,0.328084,0,0.79135173136,0.55624017528,26,5,7.1,0,0,0.223694,1.0705544962,0,0,0,185.5, 4.9, 0.3,,,0,0,1024,1024,1024,1024,0,0,0,0,204.7,0,1.8,28,3.528,3.529,0,0,0,0,0.608,118.76,-3.663781613304,0,41,Motors_Started,
536700,2026-05-22 09:26:47,51.9888600289167,4.39000066707285,0,,,-3.663781613304,0.328084,0,0.90823165636,0.73155842236,25,5,7.1,0,0,0.223694,1.0705544962,0,0,0,186.3, 4.8, 2,,,0,0,1024,1024,1024,1024,0,0,0,0,205.8,0,3,28,3.528,3.529,0,0,0,0,0.608,118.76,-3.663781613304,0,41,Motors_Started,
536800,2026-05-22 09:26:47,51.9888596655456,4.39000061504368,0,,,-3.663781613304,0.328084,0,1.0042979324,0.86464569696,24,5,7.1,0,0,0.223694,1.0705544962,0,0,0,187.4, 5.1, 2.5,,,0,0,1024,1024,1024,1024,0,0,0,0,206.5,0,4.2,28,3.528,3.529,0,0,0,0,0.608,118.76,-3.663781613304,0,41,Motors_Started,
536900,2026-05-22 09:26:47,51.9888596715039,4.3900007025612,0,,,-3.663781613304,0.328084,0,1.01426184348,0.88442916216,24,5,7.1,0,0,0.223694,1.0705544962,0,0,0,189, 5, 2.4,,,0,0,1024,1024,1024,1024,0,0,0,0,208,0,3.4,28,3.528,3.529,0,0,0,0,0.608,118.76,-3.663781613304,0,41,Motors_Started,
537000,2026-05-22 09:26:47,51.9888596867745,4.39000077821217,0,,,-3.663781613304,0.328084,0,1.02019032136,0.90231630184,24,5,7.1,0,0,0.223694,1.0705544962,0,0,0,190.4, 5, 1.8,,,0,0,1024,1024,1024,1024,0,0,0,0,209.8,0,2.5,28,3.528,3.529,0,0,0,0,0.608,118.76,-3.663781613304,0,41,Motors_Started,
537100,2026-05-22 09:26:48,51.9888595232487,4.3900002908317,0,,,-3.663781613304,0.328084,0,1.00736879864,1.02702103024,24,5,7.1,0,0,0.223694,1.0705544962,0,0,0,192.1, 4, 1.5,,,0,0,1024,1024,1024,1024,0,0,0,0,211.1,0,1.3,28,3.528,3.529,0,0,0,0,0.608,118.76,-3.663781613304,0,41,Motors_Started,
537200,2026-05-22 09:26:48,51.988859528813,4.3900003427774,0,,,-3.663781613304,0.328084,0,1.01169294576,1.03886814348,24,5,7.1,0,0,0.223694,1.0705544962,0,0,0,193.1, 4.3, 0.1,,,0,0,1024,1024,1024,1024,0,0,0,0,212.2,0,1.1,28,3.528,3.529,0,0,0,0,0.608,118.76,-3.663781613304,0,41,Motors_Started,
537300,2026-05-22 09:26:48,51.9888595220237,4.38999941778847,0,,,-3.663781613304,0.328084,0,0.92232942584,1.24670935748,23,5,7.1,0,0,0.223694,1.0705544962,0,0,0,194.1, 4.2, -0.1,,,0,0,1024,1024,1024,1024,0,0,0,0,213.2,0,1,28,3.528,3.529,0,0,0,0,0.608,118.76,-3.663781613304,0,41,Motors_Started,
537400,2026-05-22 09:26:48,51.9888595491123,4.3899994951297,0,,,-3.663781613304,0.328084,0,0.91935042312,1.2666995156,23,5,7.1,0,0,0.223694,1.0705544962,0,0,0,195, 3.8, -0.4,,,0,0,1024,1024,1024,1024,0,0,0,0,214.2,0,1.3,28,3.528,3.529,0,0,0,0,0.608,118.76,-3.663781613304,0,41,Motors_Started,
537500,2026-05-22 09:26:48,51.9888593658055,4.38999911798081,0,,,-3.663781613304,0.328084,0,0.95581695972,1.37464899412,23,5,7.1,0,0,0.223694,1.0705544962,0,0,0,196, 2.7, 0,,,0,0,1024,1024,1024,1024,0,0,0,0,214.9,0,1.4,28,3.528,3.529,0,0,0,0,0.608,118.76,-3.663781613304,0,41,Motors_Started,
537600,2026-05-22 09:26:48,51.9888594085974,4.38999925577464,0,,,-3.663781613304,0.328084,0,0.94963257632,1.40932419208,23,5,7.049,0,0,0.223694,1.0705544962,0,0,0,196.6, 2.2, 0.2,,,0,0,1024,1024,1024,1024,0,0,0,0,215.6,0,1.7,28,3.54,3.541,0,0,0,0,2.531,118.76,-3.663781613304,0,41,Motors_Started,
537700,2026-05-22 09:26:48,51.9888593122021,4.38999883286374,0,,,-3.663781613304,0.328084,0,0.95992785224,1.51064309296,21,5,7.049,0,0,0.223694,1.0705544962,0,0,0,197.2, 2.5, 0.1,,,0,0,1024,1024,1024,1024,0,0,0,0,216.3,0,1.9,28,3.54,3.541,0,0,0,0,2.531,118.76,-3.663781613304,0,41,Motors_Started,
537800,2026-05-22 09:26:48,51.9888593675917,4.38999894753659,0,,,-3.663781613304,0.328084,0,0.94569228748,1.54338587616,21,5,7.049,0,0,0.223694,1.0705544962,0,0,0,197.8, 2.2, 0.4,,,0,0,1024,1024,1024,1024,0,0,0,0,217.1,0,1.8,28,3.54,3.541,0,0,0,0,2.531,118.76,-3.663781613304,0,41,Motors_Started,
537900,2026-05-22 09:26:48,51.9888590535747,4.38999826363818,0,,,-3.663781613304,0.328084,0,1.03704727728,1.7350558298,22,5,7.049,0,0,0.223694,1.0705544962,0,0,0,198.3, 1.6, 0.5,,,0,0,1024,1024,1024,1024,0,0,0,0,217.6,0,1.6,28,3.54,3.541,0,0,0,0,2.531,118.76,-3.663781613304,0,41,Motors_Started,
538000,2026-05-22 09:26:48,51.9888591293579,4.3899983433235,0,,,-3.663781613304,0.328084,0.223694,1.01072509796,1.7679954634,22,5,7.049,0,0,0.223694,1.0705544962,0.223694,0,0,198.6, 1.3, 0.5,,,0,0,1024,1024,1024,1024,0,0,0,0,217.8,0,1.1,28,3.54,3.541,0,0,0,0,2.531,118.76,-3.663781613304,0,10,Assisted_Takeoff,
538100,2026-05-22 09:26:49,51.9888590839231,4.3899978937233,0,,,-3.663781613304,0.328084,0,1.02426840548,1.87036095224,22,5,7.049,0,0,0.223694,1.0705544962,0,0,0,198.6, 1.3, 0.3,,,0,0,1024,1024,1024,1024,0,0,0,0,218.3,0,1.3,28,3.54,3.541,0,0,0,0,2.531,118.76,-3.663781613304,0,10,Assisted_Takeoff,
538200,2026-05-22 09:26:49,51.9888591207267,4.38999794397179,0,,,-3.663781613304,0.328084,0,1.0106791662,1.88790688456,22,5,7.049,0,0,0.223694,1.0705544962,0,0,0,198.9, 0.6, 0.3,,,0,0,1024,1024,1024,1024,0,0,0,0,218.6,0,1.4,28,3.54,3.541,0,0,0,0,2.531,118.76,-3.663781613304,0,10,Assisted_Takeoff,
538300,2026-05-22 09:26:49,51.9888589091061,4.38999774780512,0,,,-3.663781613304,0.328084,0,1.08914373564,1.97680780604,23,5,7.049,0,0,0.223694,1.08914373564,0,0,0,198.9, 0.9, 0.1,,,0,0,1024,1024,1024,1024,0,0,0,0,219,0,1.4,28,3.54,3.541,0,0,0,0,2.531,118.76,-3.663781613304,0,10,Assisted_Takeoff,
538400,2026-05-22 09:26:49,51.9888589200761,4.3899977765255,0,,,-3.663781613304,0.328084,0,1.08484911608,1.98440295064,23,5,7.049,0,0,0.223694,1.08914373564,0,0,0,199.2, 0.6, 0.4,,,0,0,1024,1024,1024,1024,0,0,0,0,219.7,0,1.3,28,3.54,3.541,0,0,0,0,2.531,118.76,-3.663781613304,0,10,Assisted_Takeoff,
538500,2026-05-22 09:26:49,51.98885871629,4.38999755631273,0,,,-3.663781613304,0.328084,0,1.16217523404,2.07371069628,23,5,7.049,0,0,0.223694,1.16217523404,0,0,0,199.8, 0.6, 0.6,,,0,0,1024,1024,1024,1024,0,0,0,0,220.3,0,1.5,28,3.54,3.541,0,0,0,0,2.531,118.76,-3.663781613304,0,10,Assisted_Takeoff,
538600,2026-05-22 09:26:49,51.9888587193741,4.38999755243837,0,,,-3.663781613304,0.328084,0,1.16112536524,2.07513458084,23,5,7.06,0,0,0.223694,1.16217523404,0,0,0,200.1, 0.8, 0.6,,,0,0,1024,1024,1024,1024,0,0,0,0,220.6,0,1.3,27,3.539,3.541,0,0,0,0,1.292,118.76,-3.663781613304,0,10,Assisted_Takeoff,
538700,2026-05-22 09:26:49,51.9888587001327,4.38999727035401,0,,,-3.663781613304,0.328084,0,1.17507877776,2.13890098708,23,5,7.06,0,0,0.223694,1.17507877776,0,0,0,200.5, 0.6, 0.6,,,0,0,1024,1024,1024,1024,0,0,0,0,221.1,0,1.4,27,3.539,3.541,0,0,0,0,1.292,118.76,-3.663781613304,0,10,Assisted_Takeoff,
538800,2026-05-22 09:26:49,51.9888587125291,4.38999726965844,0,,,-3.663781613304,0.328084,0,1.1706201162,2.14342526544,23,5,7.06,0,0,0.223694,1.17507877776,0,0,0,200.8, 0.3, 0.4,,,0,0,1024,1024,1036,1024,0,0,2,0,221.1,0,0.9,27,3.539,3.541,0,0,0,0,1.292,118.76,-3.663781613304,0,10,Assisted_Takeoff,
538900,2026-05-22 09:26:49,51.9888585417857,4.38999713178809,0,,,-3.663781613304,0.328084,0,1.23677169312,2.21299875848,24,5,7.06,0,0,0.223694,1.23677169312,0,0,0,200.8, 0.4, 0,,,0,0,1024,1024,1171,1024,0,0,22,0,221.2,0,0.7,27,3.539,3.541,0,0,0,0,1.292,118.76,-3.663781613304,0,10,Assisted_Takeoff,
539000,2026-05-22 09:26:50,51.9888585570991,4.38999715103471,0,,,-3.663781613304,0.328084,0,1.23058730972,2.220062407,24,5,7.06,0,0,0.223694,1.23677169312,0,0,0,200.8, 0, 0,,,0,0,1024,1024,1178,1024,0,0,23,0,221.4,0,0.4,27,3.539,3.541,0,0,0,0,1.292,118.76,-3.663781613304,0,10,Assisted_Takeoff,
539100,2026-05-22 09:26:50,51.9888584302227,4.38999705354609,0,,,-3.663781613304,0.328084,0,1.27975397796,2.2712763194,24,5,7.06,0,0,0.223694,1.27975397796,0,0,0,201, -0.2, -0.4,,,0,0,1024,1024,1279,1024,0,0,39,0,221.4,0,0.1,27,3.539,3.541,0,0,0,0,1.292,118.76,-3.663781613304,0,10,Assisted_Takeoff,
539200,2026-05-22 09:26:50,51.988858429593,4.3899970416239,0,,,-3.663781613304,0.328084,0,1.28042326932,2.27396332736,24,5,7.06,0,0,0.223694,1.28042326932,0,0,0,201.1, 0.1, -0.6,,,0,0,1024,1024,1303,1024,0,0,42,0,221.9,0,0.3,27,3.539,3.541,0,0,0,0,1.292,118.76,-3.663781613304,0,10,Assisted_Takeoff,
539300,2026-05-22 09:26:50,51.9888583800461,4.38999694869479,0,,,-3.663781613304,0.328084,0,1.3018209078,2.30158143848,24,5,7.06,0,0,0.223694,1.3018209078,0,0,0,201.5, -0.1, -0.2,,,0,0,1024,1024,1303,1024,0,0,42,0,222.2,0,0.4,27,3.539,3.541,0,0,0,0,1.292,118.76,-3.663781613304,0,10,Assisted_Takeoff,
539400,2026-05-22 09:26:50,51.9888583627537,4.38999690666802,0,,,-3.663781613304,0.328084,0,1.30974085556,2.31293642572,24,5,7.06,0,0,0.223694,1.30974085556,0,0,0,201.9, -0.6, -0.3,,,0,0,1024,1024,1024,1024,0,0,0,0,222.6,0,0.4,27,3.539,3.541,0,0,0,0,1.292,118.76,-3.663781613304,0,10,Assisted_Takeoff,
539500,2026-05-22 09:26:50,51.9888582380533,4.38999679827972,0,,,-3.663781613304,0.328084,0,1.35904203824,2.36454075808,24,5,7.06,0,0,0.223694,1.35904203824,0,0,0,202, -1.1, -0.2,,,0,0,1024,1024,1024,1024,0,0,0,0,222.7,0,0.8,27,3.539,3.541,0,0,0,0,1.292,118.76,-3.663781613304,0,10,Assisted_Takeoff,
539600,2026-05-22 09:26:50,51.988858194242,4.38999676882202,0,,,-3.663781613304,0.328084,0,1.37602038524,2.3818406274,24,5,7.081,0,0,0.223694,1.37602038524,0,0,0,202.5, -1, 0.1,,,0,0,1024,1024,1024,1024,0,0,0,0,223.4,0,1.3,27,3.526,3.528,0,0,0,0,1.099,118.76,-3.663781613304,0,10,Assisted_Takeoff,
539700,2026-05-22 09:26:50,51.9888581897872,4.38999671675807,0,,,-3.663781613304,0.328084,0,1.37997707828,2.3936516514,24,5,7.081,0,0,0.223694,1.37997707828,0,0,0,203.1, -0.8, 0.5,,,0,0,1024,1024,1118,1024,0,0,14,0,224,0,1.4,27,3.526,3.528,0,0,0,0,1.099,118.76,-3.663781613304,0,10,Assisted_Takeoff,
539800,2026-05-22 09:26:50,51.9888582495759,4.38999659651365,0.328084,,,-3.335697613304,0.328084,0,1.36455713028,2.42837606196,24,5,7.081,0,0.328084,0.223694,1.37997707828,0,0,0,203.6, -0.5, 0.4,,,0,0,1024,1024,1352,1024,0,0,50,0,224.3,0,1.4,27,3.526,3.528,0,0,0,0,1.099,118.76,-3.335697613304,0.328084,10,Assisted_Takeoff,
539900,2026-05-22 09:26:50,51.988858249683,4.38999662084494,0.328084,,,-3.335697613304,0.328084,0,1.36328088352,2.4338419414,24,5,7.081,0,0.328084,0.223694,1.37997707828,0,0,0,203.8, -0.4, 0.5,,,0,0,1024,1024,1354,1024,0,0,50,0,224.2,0,1.1,27,3.526,3.528,0,0,0,0,1.099,118.76,-3.335697613304,0.328084,10,Assisted_Takeoff,
540000,2026-05-22 09:26:51,51.988858275221,4.38999670778513,0.328084,,,-3.335697613304,0.328084,0,1.34992130304,2.45548564288,24,5,7.081,0,0.328084,0.223694,1.37997707828,0,0,0,203.8, -0.3, 0.2,,,0,0,1024,1024,1344,1024,0,0,48,0,224.1,0,1,27,3.526,3.528,0,0,0,0,1.099,118.76,-3.335697613304,0.328084,10,Assisted_Takeoff,
540100,2026-05-22 09:26:51,51.9888581500837,4.38999657331615,0.328084,,,-3.335697613304,0.328084,0,1.40109256452,2.51023301996,25,5,7.081,0,0.328084,0.223694,1.40109256452,0,0,0,203.9, -0.6, 0.2,,,0,0,1024,1024,1345,1024,0,0,49,0,224.3,0,1.6,27,3.526,3.528,0,0,0,0,1.099,118.76,-3.335697613304,0.328084,10,Assisted_Takeoff,
540200,2026-05-22 09:26:51,51.9888581677487,4.38999658965526,0.328084,,,-3.335697613304,0.328084,0,1.39398298424,2.5176509992,25,5,7.081,0,0.328084,0.223694,1.40109256452,0,0,0,204, -1.2, 0.9,,,0,0,1024,1024,1345,1024,0,0,49,0,224.6,0,2.3,27,3.526,3.528,0,0,0,0,1.099,118.76,-3.335697613304,0.328084,10,Assisted_Takeoff,
540300,2026-05-22 09:26:51,51.9888578281595,4.38999650521915,0.328084,,,-3.335697613304,0.328084,0,1.51900595412,2.64299221056,25,5,7.081,0,0.328084,0.223694,1.51900595412,0,0,0,204.1, -1.5, 1.6,,,0,0,1024,1024,1344,1024,0,0,48,0,225.2,0,3,27,3.526,3.528,0,0,0,0,1.099,118.76,-3.335697613304,0.328084,10,Assisted_Takeoff,
540400,2026-05-22 09:26:51,51.9888578153176,4.38999640923646,0.328084,,,-3.335697613304,0.328084,0,1.52842524576,2.66506242124,25,5,7.081,0,0.328084,0.223694,1.52842524576,0,0,0,204.6, -1.6, 2.8,,,0,0,1024,1024,1339,1024,0,0,48,0,225.6,0,4.2,27,3.526,3.528,0,0,0,0,1.099,118.76,-3.335697613304,0.328084,10,Assisted_Takeoff,
540500,2026-05-22 09:26:51,51.98885767718,4.38999647628314,0.328084,,,-3.335697613304,0.328084,0,1.57418968292,2.71766412896,25,5,7.081,0,0.328084,0.223694,1.57418968292,0,0,0,205.2, -1.5, 3.9,,,0,0,1024,1024,1338,1024,0,0,48,0,225.5,0,6.6,27,3.526,3.528,0,0,0,0,1.099,118.76,-3.335697613304,0.328084,10,Assisted_Takeoff,
540600,2026-05-22 09:26:51,51.9888577084065,4.38999627210343,0.328084,,,-3.335697613304,0.328084,0.223694,1.57364506348,2.76493119084,25,5,7.059,0,0.328084,0.223694,1.57418968292,0,-0.223694,0,203.1, -1.3, 7.5,,,0,0,1024,1024,1344,1018,0,0,48,-1,221,0.2,9.8,27,3.507,3.509,0,0,0,0,1.777,118.76,-3.335697613304,0.328084,10,Assisted_Takeoff,
540700,2026-05-22 09:26:51,51.9888577703369,4.38999606507184,0.328084,,,-3.335697613304,0.328084,0.447388,1.56392065372,2.81664707176,25,5,7.059,0,0.328084,0.447388,1.57418968292,0,-0.447388,0,199.9, -0.7, 8.7,,,0,0,1024,1024,1360,797,0,0,51,-34,219.5,0,8.9,27,3.507,3.509,0,0,0,0,1.777,118.76,-3.335697613304,0.328084,10,Assisted_Takeoff,
540800,2026-05-22 09:26:51,51.9888579071767,4.38999561693931,0.328084,,,-3.335697613304,0.328084,0.9171454,1.5476378448,2.92902896512,25,5,7.059,0,0.328084,0.9171454,1.57418968292,0.223694,-0.894776,-0.223694,199, -0.1, 7.7,,,0,0,1024,1024,1345,709,0,0,49,-48,218.1,0,8,27,3.507,3.509,0,0,0,0,1.777,118.76,-3.335697613304,0.328084,10,Assisted_Takeoff,
540900,2026-05-22 09:26:51,51.9888579835252,4.38999483599746,0.328084,,,-3.335697613304,0.328084,1.4092722,1.59134847612,3.10668973196,24,5,7.059,0,0.328084,1.4092722,1.59134847612,0.447388,-1.342164,0,198.3, 1, 6,,,0,0,1024,1024,1371,533,0,0,53,-74,216.7,0,5.1,27,3.507,3.509,0,0,0,0,1.777,118.76,-3.335697613304,0.328084,10,Assisted_Takeoff,
541000,2026-05-22 09:26:52,51.9888581755875,4.3899936697476,0.656168,,,-3.007613613304,0.328084,1.7000744,1.66638128692,3.3779200556,24,5,7.059,0,0.656168,1.7000744,1.66638128692,0.671082,-1.565858,0,197.5, 0.8, 2.9,,,0,0,1024,1024,1360,607,0,0,51,-63,215.4,0,2.6,27,3.507,3.509,0,0,0,0,1.777,118.76,-3.007613613304,0.656168,10,Assisted_Takeoff,
541100,2026-05-22 09:26:52,51.9888584262562,4.38999288428797,0.656168,,,-3.007613613304,0.328084,1.901399,1.70602367664,3.5767061512,24,5,7.059,0,0.656168,1.901399,1.70602367664,0.671082,-1.789552,-0.223694,197.4, 0.6, 1.1,,,0,0,1024,1024,1360,607,0,0,51,-63,214.2,0,2.1,27,3.507,3.509,0,0,0,0,1.777,118.76,-3.007613613304,0.656168,10,Assisted_Takeoff,
541200,2026-05-22 09:26:52,51.9888586006877,4.38999248458848,0.656168,,,-3.007613613304,0.656168,1.9908766,1.72265097376,3.6867783332,24,5,7.059,0,0.656168,1.9908766,1.72265097376,0.894776,-1.789552,-0.447388,198.1, 0.7, 0.6,,,0,0,1024,1024,1347,552,0,0,49,-72,211.5,0,1.8,27,3.507,3.509,0,0,0,0,1.777,118.76,-3.007613613304,0.656168,10,Assisted_Takeoff,
541300,2026-05-22 09:26:52,51.9888586596068,4.38999214214194,0.656168,,,-3.007613613304,0.656168,1.8119214,1.76420937404,3.7666667872,24,5,7.059,0,0.656168,1.9908766,1.76420937404,0.894776,-1.565858,-0.894776,196.5, 0.5, 0,,,0,0,1024,1024,1337,604,0,0,47,-64,208.6,0,2,27,3.507,3.509,0,0,0,0,1.777,118.76,-3.007613613304,0.656168,10,Assisted_Takeoff,
541400,2026-05-22 09:26:52,51.9888586221778,4.38999237694791,0.984252,,,-2.679529613304,0.984252,1.4987498,1.73468181404,3.8211615396,24,5,7.059,0,0.984252,1.9908766,1.76420937404,0.671082,-1.342164,-1.11847,195, -0.5, -0.6,,,0,0,1024,1024,1262,364,0,0,36,-100,205.8,0,0.2,27,3.507,3.509,0,0,0,0,1.777,118.76,-2.679529613304,0.984252,38,Tripod,
541500,2026-05-22 09:26:52,51.9888590627885,4.38999087863648,0.984252,,,-2.679529613304,4.92126,1.2974252,1.90079730492,4.1941930476,24,5,7.059,0,0.984252,1.9908766,1.90079730492,0.671082,-1.11847,-1.11847,193.4, -1.4, -2.6,,,0,0,1024,1024,1091,364,0,0,10,-100,203.1,0,-0.5,27,3.507,3.509,0,0,0,0,1.777,118.76,-2.679529613304,0.984252,38,Tripod,
541600,2026-05-22 09:26:52,51.9888591809095,4.3899908442541,1.312336,,,-2.351445613304,4.92126,1.11847,1.88432748812,4.2379922616,24,5,6.96,0,1.312336,1.9908766,1.90079730492,0.671082,-0.894776,-1.11847,187.9, -1.7, -2.9,,,0,0,1024,1024,1061,364,0,0,6,-100,200.1,0,-1.2,27,3.47,3.473,0,0,0,0,5.496,118.76,-2.351445613304,1.312336,38,Tripod,
541700,2026-05-22 09:26:52,51.9888608464985,4.38998711165149,1.312336,,,-2.351445613304,5.249344,1.006623,2.47229010536,5.2736550244,24,5,6.96,0,1.312336,1.9908766,2.47229010536,0.447388,-0.894776,-0.894776,183.8, -2.6, -3.8,,,0,0,1024,1024,1142,486,0,0,18,-82,196.6,0,-2.4,27,3.47,3.473,0,0,0,0,5.496,118.76,-2.351445613304,1.312336,38,Tripod,
541800,2026-05-22 09:26:52,51.9888630753382,4.38998456806846,1.64042,,,-2.023361613304,5.577428,1.006623,3.04507555676,6.2675855024,25,5,6.96,0,1.64042,1.9908766,3.04507555676,0.447388,-0.671082,-0.671082,179.4, -3.5, -4.6,,,0,0,1024,1024,1194,651,0,0,26,-57,193,0,-2.6,27,3.47,3.473,0,0,0,0,5.496,118.76,-2.023361613304,1.64042,38,Tripod,
541900,2026-05-22 09:26:52,51.9888633522174,4.3899841534697,1.64042,,,-2.023361613304,5.577428,0.8052984,3.15281506152,6.4049870816,25,5,6.96,0,1.64042,1.9908766,3.15281506152,0.447388,-0.671082,-0.447388,176.2, -4.5, -4.3,,,0,0,1024,1024,1199,645,0,0,27,-57,191.8,0,-2.5,27,3.47,3.473,0,0,0,0,5.496,118.76,-2.023361613304,1.64042,38,Tripod,
542000,2026-05-22 09:26:52,51.9888636275761,4.389983767327,1.64042,,,-2.023361613304,5.577428,0.6263432,3.25640758452,6.537729868,25,5,6.96,0,1.64042,1.9908766,3.25640758452,0.447388,-0.447388,-0.223694,175, -5, -4.2,,,0,0,1024,1024,1199,645,0,0,27,-57,190.9,0,-2.2,27,3.47,3.473,0,0,0,0,5.496,118.76,-2.023361613304,1.64042,38,Tripod,
542100,2026-05-22 09:26:53,51.9888660331218,4.38998207686238,1.64042,,,-2.023361613304,5.577428,0.4921268,3.8803807016,7.4940291112,24,5,6.96,0,1.64042,1.9908766,3.8803807016,0.223694,-0.447388,0,173.8, -5.1, -4,,,0,0,1024,1024,1175,627,0,0,23,-60,189.2,0,-2.5,27,3.47,3.473,0,0,0,0,5.496,118.76,-2.023361613304,1.64042,38,Tripod,
542200,2026-05-22 09:26:53,51.9888661976499,4.38998171849408,1.64042,,,-2.023361613304,5.905512,0.3131716,3.9779856916,7.594488432,24,5,6.96,0,1.64042,1.9908766,3.9779856916,0.223694,-0.223694,0,172.1, -4.7, -4.1,,,0,0,1024,1024,1120,865,0,0,15,-24,187.9,0,-2.4,27,3.47,3.473,0,0,0,0,5.496,118.76,-2.023361613304,1.64042,38,Tripod,
542300,2026-05-22 09:26:53,51.9888679911476,4.38997900379907,1.64042,,,-2.023361613304,5.905512,0.223694,4.8103347996,8.489009458,22,5,6.96,0,1.64042,1.9908766,4.8103347996,0,-0.223694,0,171.3, -4.3, -3.9,,,0,0,1024,1024,1063,1024,0,0,6,0,187.9,0,-2.2,27,3.47,3.473,0,0,0,0,5.496,118.76,-2.023361613304,1.64042,38,Tripod,
542400,2026-05-22 09:26:53,51.9888680662111,4.38997868701237,1.64042,,,-2.023361613304,5.905512,0,4.8860893952,8.565288988,22,5,6.96,0,1.64042,1.9908766,4.8860893952,0,0,0,171.3, -3.9, -3.7,,,0,0,1024,1024,1080,1024,0,0,8,0,188,0,-1.8,27,3.47,3.473,0,0,0,0,5.496,118.76,-2.023361613304,1.64042,38,Tripod,
542500,2026-05-22 09:26:53,51.9888696691544,4.38997543082098,1.64042,,,-2.023361613304,5.905512,0,5.8078085848,9.5019031912,22,5,6.96,0,1.64042,1.9908766,5.8078085848,0,0,0,171.3, -3.4, -3.2,,,0,0,1024,1024,1185,1024,0,0,24,0,188.2,0,-2.1,27,3.47,3.473,0,0,0,0,5.496,118.76,-2.023361613304,1.64042,38,Tripod,"Home Point updated (Code: 30800)"
542600,2026-05-22 09:26:53,51.9888697676828,4.38997497185831,1.64042,,,-2.023361613304,6.233596,0,5.91535452,9.6111223548,22,5,6.959,0,1.64042,1.9908766,5.91535452,0,0,0,171.2, -3.6, -3.7,,,0,0,1024,1024,1381,895,0,0,54,-20,188.2,0,-2.7,27,3.468,3.471,0,0,0,0,4.927,118.76,-2.023361613304,1.64042,38,Tripod,
542700,2026-05-22 09:26:53,51.9888712332465,4.38997201789867,1.64042,,,-2.023361613304,6.233596,0,6.7567915548,10.46341897,25,5,6.959,0,1.64042,1.9908766,6.7567915548,0,0,0,171, -3.9, -4.1,,,0,0,1024,1024,1378,1024,0,0,54,0,188.4,0,-3.4,27,3.468,3.471,0,0,0,0,4.927,118.76,-2.023361613304,1.64042,38,Tripod,
542800,2026-05-22 09:26:53,51.9888716183391,4.38997099129636,1.64042,,,-2.023361613304,6.233596,0,7.0268374952,10.7334977188,25,5,6.959,0,1.64042,1.9908766,7.0268374952,0,0,0,171.1, -4.9, -4.9,,,0,0,1024,1024,1378,1024,0,0,54,0,188.4,0,-5.7,27,3.468,3.471,0,0,0,0,4.927,118.76,-2.023361613304,1.64042,38,Tripod,
542900,2026-05-22 09:26:53,51.9888731805894,4.38996792766507,1.64042,,,-2.023361613304,6.56168,0,7.91010524,11.6271657264,25,5,6.959,0,1.64042,1.9908766,7.91010524,0,0,0,171.3, -7.4, -7.4,,,0,0,1024,1024,1190,1024,0,0,25,0,188.3,0,-8.2,27,3.468,3.471,0,0,0,0,4.927,118.76,-2.023361613304,1.64042,38,Tripod,
543000,2026-05-22 09:26:53,51.9888736517883,4.38996672661897,1.64042,,,-2.023361613304,6.56168,0,8.2300199484,11.9471460516,25,5,6.959,0,1.64042,1.9908766,8.2300199484,0,0,-0.223694,171.4, -9.3, -9.2,,,0,0,1024,1024,1024,1024,0,0,0,0,188.4,0,-9.7,27,3.468,3.471,0,0,0,0,4.927,118.76,-2.023361613304,1.64042,38,Tripod,
543100,2026-05-22 09:26:54,51.9888738476971,4.3899658548417,1.64042,,,-2.023361613304,6.56168,0,8.4345147056,12.1556434336,26,5,6.959,0,1.64042,1.9908766,8.4345147056,0,0,-0.223694,171.6, -10.1, -10.1,,,0,0,1024,1024,1024,1024,0,0,0,0,188.7,0,-10.1,27,3.468,3.471,0,0,0,0,4.927,118.76,-2.023361613304,1.64042,38,Tripod,
543200,2026-05-22 09:26:54,51.9888741108393,4.38996532126447,1.64042,,,-2.023361613304,6.889764,0.223694,8.5868112984,12.309219554,26,5,6.959,0,1.64042,1.9908766,8.5868112984,0,0.223694,-0.223694,171.8, -10.5, -10.1,,,0,0,1024,1024,1024,1024,0,0,0,0,189,0,-8.9,27,3.468,3.471,0,0,0,0,4.927,118.76,-2.023361613304,1.64042,38,Tripod,
543300,2026-05-22 09:26:54,51.9888732286756,4.38996712780352,1.64042,,,-2.023361613304,6.889764,0.4921268,8.0730645628,12.82726419,28,5,6.959,0,1.64042,1.9908766,8.5868112984,-0.223694,0.447388,-0.223694,171.7, -9.1, -8.1,,,0,0,1024,1024,1024,1024,0,0,0,0,189.4,0,-7,27,3.468,3.471,0,0,0,0,4.927,118.76,-2.023361613304,1.64042,38,Tripod,
543400,2026-05-22 09:26:54,51.9888731881968,4.38996718956382,1.968504,,,-1.695277613304,6.889764,0.7158208,8.0535763732,12.8475069728,28,5,6.959,0,1.968504,1.9908766,8.5868112984,-0.223694,0.671082,-0.223694,171.5, -7.3, -6.4,,,0,0,1024,1024,1024,1024,0,0,0,0,189.6,0,-6.2,27,3.468,3.471,0,0,0,0,4.927,118.76,-1.695277613304,1.968504,38,Tripod,
543500,2026-05-22 09:26:54,51.9888724470408,4.38996805120653,1.968504,,,-1.695277613304,7.217848,0.7158208,7.750000248,13.1800857236,28,5,6.959,0,1.968504,1.9908766,8.5868112984,-0.223694,0.671082,0,171.2, -6.2, -5.7,,,0,0,1024,1024,1024,1024,0,0,0,0,189.9,0,-6.3,27,3.468,3.471,0,0,0,0,4.927,118.76,-1.695277613304,1.968504,38,Tripod,
543600,2026-05-22 09:26:54,51.9888725647591,4.38996757694116,1.968504,,,-1.695277613304,7.217848,0.7158208,7.863845396,13.2949807404,28,5,6.93,0,1.968504,1.9908766,8.5868112984,-0.223694,0.671082,0,171.4, -7, -6.4,,,0,0,1024,1024,1024,1024,0,0,0,0,189.9,0,-7.8,27,3.469,3.47,0,0,0,0,5.601,118.76,-1.695277613304,1.968504,38,Tripod,
543700,2026-05-22 09:26:54,51.9888728591321,4.38996713638694,1.968504,,,-1.695277613304,7.217848,0.4921268,8.0031498624,13.4410437372,27,5,6.93,0,1.968504,1.9908766,8.5868112984,-0.223694,0.447388,0,171.6, -8.5, -7.7,,,0,0,1024,1024,1024,1024,0,0,0,0,189.8,0,-9.4,27,3.469,3.47,0,0,0,0,5.601,118.76,-1.695277613304,1.968504,38,Tripod,
543800,2026-05-22 09:26:54,51.9888733268014,4.38996747414529,1.968504,,,-1.695277613304,7.217848,0.4921268,8.0249018316,13.6277563416,28,5,6.93,0,1.968504,1.9908766,8.5868112984,-0.223694,0.447388,0,171.8, -9.5, -9.1,,,0,0,1024,1024,1024,1024,0,0,0,0,189.8,0,-10.7,27,3.469,3.47,0,0,0,0,5.601,118.76,-1.695277613304,1.968504,38,Tripod,
543900,2026-05-22 09:26:54,51.9888734708288,4.38996706871424,1.968504,,,-1.695277613304,7.217848,0.4921268,8.1300199452,13.732940072,28,5,6.93,0,1.968504,1.9908766,8.5868112984,-0.223694,0.447388,0,171.9, -10.1, -10.1,,,0,0,1024,1024,1024,1024,0,0,0,0,189.8,0,-11.6,27,3.469,3.47,0,0,0,0,5.601,118.76,-1.695277613304,1.968504,38,Tripod,
544000,2026-05-22 09:26:54,51.988873572921,4.38996680310811,1.968504,,,-1.695277613304,7.217848,0.4921268,8.2003611548,13.8032812816,28,5,6.93,0,1.968504,1.9908766,8.5868112984,-0.223694,0.447388,0,172.1, -10.9, -10.6,,,0,0,1024,1024,1024,1024,0,0,0,0,189.9,0,-12.1,27,3.469,3.47,0,0,0,0,5.601,118.76,-1.695277613304,1.968504,38,Tripod,
544100,2026-05-22 09:26:55,51.9888733828977,4.38996801509912,1.968504,,,-1.695277613304,7.217848,0.7158208,7.9321196764,14.0842852276,28,5,6.93,0,1.968504,1.9908766,8.5868112984,-0.223694,0.671082,0,172.1, -10.6, -11,,,0,0,1024,1024,1024,1024,0,0,0,0,190,0,-12.1,27,3.469,3.47,0,0,0,0,5.601,118.76,-1.695277613304,1.968504,38,Tripod,
544200,2026-05-22 09:26:55,51.9888733268271,4.3899682072384,1.968504,,,-1.695277613304,7.217848,0.8052984,7.88467873,14.132054258,28,5,6.93,0,1.968504,1.9908766,8.5868112984,-0.447388,0.671082,0,172.1, -10.2, -10.5,,,0,0,1024,1024,1024,1024,0,0,0,0,190.1,0,-11.8,27,3.469,3.47,0,0,0,0,5.601,118.76,-1.695277613304,1.968504,38,Tripod,
544300,2026-05-22 09:26:55,51.9888728245559,4.38996953801659,1.968504,,,-1.695277613304,7.217848,0.8052984,7.5339897424,14.4827432456,28,5,6.93,0,1.968504,1.9908766,8.5868112984,-0.447388,0.671082,0,172.1, -10.1, -10.8,,,0,0,1024,1024,1024,1024,0,0,0,0,189.9,0,-12.2,27,3.469,3.47,0,0,0,0,5.601,118.76,-1.695277613304,1.968504,38,Tripod,
544400,2026-05-22 09:26:55,51.9888726657334,4.38996992591215,1.968504,,,-1.695277613304,7.217848,0.8052984,7.4293637548,14.5874020416,28,5,6.93,0,1.968504,1.9908766,8.5868112984,-0.447388,0.671082,0,172, -9.4, -10.9,,,0,0,1024,1024,1024,1024,0,0,0,0,190,0,-11.9,27,3.469,3.47,0,0,0,0,5.601,118.76,-1.695277613304,1.968504,38,Tripod,
544500,2026-05-22 09:26:55,51.9888724958038,4.38997107277975,1.968504,,,-1.695277613304,7.217848,0.8052984,7.1784123032,14.8524282968,28,5,6.93,0,1.968504,1.9908766,8.5868112984,-0.447388,0.671082,0,171.8, -8.4, -10.4,,,0,0,1024,1024,1024,1024,0,0,0,0,190.2,0,-11.6,27,3.469,3.47,0,0,0,0,5.601,118.76,-1.695277613304,1.968504,38,Tripod,
544600,2026-05-22 09:26:55,51.9888722152707,4.38997224100852,1.968504,,,-1.695277613304,7.217848,0.8052984,6.902395234,15.1341540276,29,5,6.921,0,1.968504,1.9908766,8.5868112984,-0.447388,0.671082,0,171.6, -7.7, -10.1,,,0,0,1024,1024,1024,1024,0,0,0,0,190.4,0,-11.2,27,3.452,3.454,0,0,0,0,5.506,118.76,-1.695277613304,1.968504,38,Tripod,
544700,2026-05-22 09:26:55,51.9888720177256,4.38997272604142,1.968504,,,-1.695277613304,7.545932,0.8052984,6.7717193768,15.2647970764,29,5,6.921,0,1.968504,1.9908766,8.5868112984,-0.447388,0.671082,0,171.5, -7.1, -9.8,,,0,0,1024,1024,1024,1024,0,0,0,0,190.8,0,-10.8,27,3.452,3.454,0,0,0,0,5.506,118.76,-1.695277613304,1.968504,38,Tripod,
544800,2026-05-22 09:26:55,51.9888718445107,4.3899732276221,1.968504,,,-1.695277613304,7.217848,0.7158208,6.6428151732,15.394029364,29,5,6.921,0,1.968504,1.9908766,8.5868112984,-0.223694,0.671082,0,171.4, -6.2, -9.3,,,0,0,1024,1024,1024,1024,0,0,0,0,191.1,0,-10.6,27,3.452,3.454,0,0,0,0,5.506,118.76,-1.695277613304,1.968504,38,Tripod,
544900,2026-05-22 09:26:55,51.9888718791168,4.38997412134831,1.968504,,,-1.695277613304,7.217848,0.4921268,6.4826773728,15.5952104728,29,5,6.921,0,1.968504,1.9908766,8.5868112984,-0.223694,0.447388,0,171.5, -5.8, -9.1,,,0,0,1024,1024,1024,1024,0,0,0,0,191.3,0,-10.5,27,3.452,3.454,0,0,0,0,5.506,118.76,-1.695277613304,1.968504,38,Tripod,
545000,2026-05-22 09:26:55,51.988871738559,4.38997458922132,1.968504,,,-1.695277613304,7.217848,0.4921268,6.366962146,15.7121724188,29,5,6.921,0,1.968504,1.9908766,8.5868112984,-0.223694,0.447388,0,171.5, -6.1, -9.1,,,0,0,1024,1024,1024,1024,0,0,0,0,191.3,0,-10,27,3.452,3.454,0,0,0,0,5.506,118.76,-1.695277613304,1.968504,38,Tripod,
545100,2026-05-22 09:26:56,51.9888717536454,4.3899750112558,1.968504,,,-1.695277613304,7.217848,0.4921268,6.2920277604,15.8071527368,27,5,6.921,0,1.968504,1.9908766,8.5868112984,-0.223694,0.447388,0,171.5, -6.1, -8.2,,,0,0,1024,1024,1024,1024,0,0,0,0,191.4,0,-8.4,27,3.452,3.454,0,0,0,0,5.506,118.76,-1.695277613304,1.968504,38,Tripod,
545200,2026-05-22 09:26:56,51.9888716332713,4.38997555162187,1.968504,,,-1.695277613304,7.217848,0.4921268,6.1674214572,15.9362537908,27,5,6.921,0,1.968504,1.9908766,8.5868112984,-0.223694,0.447388,0,171.4, -5.9, -6.8,,,0,0,1024,1024,1024,1024,0,0,0,0,191.3,0,-7.4,27,3.452,3.454,0,0,0,0,5.506,118.76,-1.695277613304,1.968504,38,Tripod,
545300,2026-05-22 09:26:56,51.988871163139,4.38997657699301,1.968504,,,-1.695277613304,7.217848,0.4921268,5.8802823404,16.2234913328,27,5,6.921,0,1.968504,1.9908766,8.5868112984,-0.223694,0.447388,0,171.3, -5.6, -5.7,,,0,0,1024,1024,1024,1024,0,0,0,0,191.3,0,-5.7,27,3.452,3.454,0,0,0,0,5.506,118.76,-1.695277613304,1.968504,38,Tripod,
545400,2026-05-22 09:26:56,51.9888709847239,4.38997715393251,1.968504,,,-1.695277613304,7.217848,0.3131716,5.7368440156,16.3685372692,27,5,6.921,0,1.968504,1.9908766,8.5868112984,-0.223694,0.223694,0,171.2, -5.5, -4,,,0,0,1024,1024,1213,1024,0,0,29,0,191.4,0,-4.2,27,3.452,3.454,0,0,0,0,5.506,118.76,-1.695277613304,1.968504,38,Tripod,
545500,2026-05-22 09:26:56,51.9888704287508,4.38997781508903,1.968504,,,-1.695277613304,7.217848,0.3131716,5.4989503072,16.6199480384,27,5,6.921,0,1.968504,1.9908766,8.5868112984,-0.223694,0.223694,0,171.1, -4.5, -3,,,0,0,1024,1024,1480,1024,0,0,69,0,191.4,0,-4,27,3.452,3.454,0,0,0,0,5.506,118.76,-1.695277613304,1.968504,38,Tripod,
545600,2026-05-22 09:26:56,51.9888702440047,4.38997821009338,1.968504,,,-1.695277613304,7.217848,0,5.387631406,16.7313981732,27,5,6.909,0,1.968504,1.9908766,8.5868112984,0,0,0,171, -3.2, -3.5,,,0,0,1024,1024,1527,1024,0,0,76,0,191.4,0,-4.8,27,3.452,3.453,0,0,0,0,5.499,119.12,-1.695277613304,1.968504,38,Tripod,
545700,2026-05-22 09:26:56,51.9888697600625,4.38997866100822,1.968504,,,-1.695277613304,7.217848,0,5.2049542348,16.9349742952,26,5,6.909,0,1.968504,1.9908766,8.5868112984,0,0,0,171.1, -3, -4.3,,,0,0,1024,1024,1559,1024,0,0,81,0,191.4,0,-5.2,27,3.452,3.453,0,0,0,0,5.499,119.12,-1.695277613304,1.968504,38,Tripod,
545800,2026-05-22 09:26:56,51.988869647827,4.38997891436524,1.968504,,,-1.695277613304,7.217848,0,5.1348754924,17.005085846,26,5,6.909,0,1.968504,1.9908766,8.5868112984,0,0,0,171.2, -3.6, -4.6,,,0,0,1024,1024,1559,1024,0,0,81,0,191.3,0,-5.5,27,3.452,3.453,0,0,0,0,5.499,119.12,-1.695277613304,1.968504,38,Tripod,
545900,2026-05-22 09:26:56,51.9888692233907,4.38997977739563,1.968504,,,-1.695277613304,7.217848,0,4.887795432,17.2532485836,24,5,6.909,0,1.968504,1.9908766,8.5868112984,0,0,0,171.2, -4.4, -5,,,0,0,1024,1024,1430,1024,0,0,62,0,191.2,0,-5.7,27,3.452,3.453,0,0,0,0,5.499,119.12,-1.695277613304,1.968504,38,Tripod,
546000,2026-05-22 09:26:57,51.988868871675,4.38998061103441,1.968504,,,-1.695277613304,7.217848,0,4.6607941124,17.4802827116,25,5,6.909,0,1.968504,1.9908766,8.5868112984,0,0,0,171.2, -4.5, -4.9,,,0,0,1024,1024,1522,1024,0,0,75,0,191.2,0,-4.8,27,3.452,3.453,0,0,0,0,5.499,119.12,-1.695277613304,1.968504,38,Tripod,
546100,2026-05-22 09:26:57,51.988868745364,4.38998118983806,1.968504,,,-1.695277613304,6.889764,0,4.5268046068,17.618274842,25,5,6.909,0,1.968504,1.9908766,8.5868112984,0,0,0,171.1, -4.7, -3.9,,,0,0,1024,1024,1364,1024,0,0,52,0,191.3,0,-3.3,27,3.452,3.453,0,0,0,0,5.499,119.12,-1.695277613304,1.968504,38,Tripod,
546200,2026-05-22 09:26:57,51.9888685664006,4.38998190723546,1.968504,,,-1.695277613304,6.889764,0,4.3565290108,17.792159362,25,5,6.909,0,1.968504,1.9908766,8.5868112984,0,0,0,171.1, -4.1, -2.3,,,0,0,1024,1024,1212,660,0,0,28,-55,191.4,0,-0.6,27,3.452,3.453,0,0,0,0,5.499,119.12,-1.695277613304,1.968504,38,Tripod,
546300,2026-05-22 09:26:57,51.9888683665809,4.38998229589267,1.968504,,,-1.695277613304,6.889764,0,4.2433728392,17.9059388932,26,5,6.909,0,1.968504,1.9908766,8.5868112984,0,0,0,170.9, -3.1, 0.3,,,0,0,1024,1024,1165,424,0,0,21,-91,190.1,0,1.5,27,3.452,3.453,0,0,0,0,5.499,119.12,-1.695277613304,1.968504,38,Tripod,
546400,2026-05-22 09:26:57,51.9888682266228,4.38998275941137,1.968504,,,-1.695277613304,6.889764,0,4.1284778224,18.0219165872,26,5,6.909,0,1.968504,1.9908766,8.5868112984,0,0,0,168.5, -2.1, 1.5,,,0,0,1024,1024,1143,364,0,0,18,-100,186.6,0,1.3,27,3.452,3.453,0,0,0,0,5.499,119.12,-1.695277613304,1.968504,38,Tripod,
546500,2026-05-22 09:26:57,51.9888680841203,4.38998230600636,1.968504,,,-1.695277613304,6.889764,0.223694,4.1849738872,18.1362866696,26,5,6.909,0,1.968504,1.9908766,8.5868112984,0,-0.223694,0,164.7, -2.2, 0.3,,,0,0,1024,1024,1194,364,0,0,26,-100,182.3,0,-0.6,27,3.452,3.453,0,0,0,0,5.499,119.12,-1.695277613304,1.968504,38,Tripod,
546600,2026-05-22 09:26:57,51.9888681438962,4.38998156892413,1.968504,,,-1.695277613304,6.889764,0.447388,4.3367127372,18.303314234,25,5,6.895,0,1.968504,1.9908766,8.5868112984,0,-0.447388,0,160.6, -3.7, -1.6,,,0,0,1024,1024,1094,364,0,0,11,-100,177.9,0,-2,26,3.446,3.447,0,0,0,0,5.543,119.12,-1.695277613304,1.968504,38,Tripod,
546700,2026-05-22 09:26:57,51.9888681473829,4.38998146702903,1.968504,,,-1.695277613304,6.889764,0.447388,4.3568570948,18.3262473056,25,5,6.895,0,1.968504,1.9908766,8.5868112984,0,-0.447388,0,156.6, -4.3, -2.4,,,0,0,1024,1024,1094,364,0,0,11,-100,173.9,0,-2,26,3.446,3.447,0,0,0,0,5.543,119.12,-1.695277613304,1.968504,38,Tripod,
546800,2026-05-22 09:26:57,51.9888681568322,4.3899813725627,1.968504,,,-1.695277613304,6.889764,0.447388,4.3767717936,18.347769616,25,5,6.895,0,1.968504,1.9908766,8.5868112984,0,-0.447388,0,153.5, -4.8, -2.2,,,0,0,1024,1024,1024,1024,0,0,0,0,173.4,0,-2.4,26,3.446,3.447,0,0,0,0,5.543,119.12,-1.695277613304,1.968504,38,Tripod,
546900,2026-05-22 09:26:57,51.9888682195337,4.38998089189802,1.968504,,,-1.695277613304,6.889764,0.4921268,4.4809384636,18.4581370736,26,5,6.895,0,1.968504,1.9908766,8.5868112984,0.223694,-0.447388,0,153.8, -5.1, -2.9,,,0,0,1024,1024,1024,1219,0,0,0,30,173.8,0,-1.8,26,3.446,3.447,0,0,0,0,5.543,119.12,-1.695277613304,1.968504,38,Tripod,
547000,2026-05-22 09:26:58,51.9888682413879,4.38998087503723,1.968504,,,-1.695277613304,6.889764,0.4921268,4.4883203536,18.4669625332,26,5,6.895,0,1.968504,1.9908766,8.5868112984,0.223694,-0.447388,0,154.4, -5.8, -1.7,,,0,0,1024,972,1024,1684,0,-8,0,100,175.9,0,-1.1,26,3.446,3.447,0,0,0,0,5.543,119.12,-1.695277613304,1.968504,38,Tripod,
547100,2026-05-22 09:26:58,51.988868247222,4.38998085778692,1.968504,,,-1.695277613304,6.889764,0.4921268,4.4927166792,18.4713916672,26,5,6.895,0,1.968504,1.9908766,8.5868112984,0.223694,-0.447388,0,157.7, -6.7, -2.3,,,0,0,1024,967,1024,1684,0,-9,0,100,179.9,0,-2.3,26,3.446,3.447,0,0,0,0,5.543,119.12,-1.695277613304,1.968504,38,Tripod,
547200,2026-05-22 09:26:58,51.988868263028,4.38998082653464,1.968504,,,-1.695277613304,6.889764,0.4921268,4.5017061808,18.480479594,26,5,6.895,0,1.968504,1.9908766,8.5868112984,0.223694,-0.447388,0,161.9, -6.8, -3.1,,,0,0,1024,1024,1024,1684,0,0,0,100,184.1,0,-2.5,26,3.446,3.447,0,0,0,0,5.543,119.12,-1.695277613304,1.968504,38,Tripod,
547300,2026-05-22 09:26:58,51.9888682273553,4.38998058665443,1.968504,,,-1.695277613304,6.889764,0.447388,4.5413059196,18.53592579,25,5,6.895,0,1.968504,1.9908766,8.5868112984,0,-0.447388,0,166, -6.1, -3.5,,,0,0,1024,1024,1024,1684,0,0,0,100,188,0,-3.4,26,3.446,3.447,0,0,0,0,5.543,119.12,-1.695277613304,1.968504,38,Tripod,
547400,2026-05-22 09:26:58,51.9888682320157,4.38998044107013,1.968504,,,-1.695277613304,6.889764,0.447388,4.570374162,18.5686685732,25,5,6.895,0,1.968504,1.9908766,8.5868112984,0,-0.447388,0,169.9, -5.9, -4.6,,,0,0,1024,1024,1024,1684,0,0,0,100,191.9,0,-4.3,26,3.446,3.447,0,0,0,0,5.543,119.12,-1.695277613304,1.968504,38,Tripod,
547500,2026-05-22 09:26:58,51.9888682056981,4.38997972846525,1.968504,,,-1.695277613304,6.889764,0.447388,4.7044292844,18.7290688408,25,5,6.895,0,1.968504,1.9908766,8.5868112984,0,-0.447388,0,173.9, -5.6, -5.7,,,0,0,1024,1024,1024,1024,0,0,0,0,195.8,0.1,-4.9,26,3.446,3.447,0,0,0,0,5.543,119.12,-1.695277613304,1.968504,38,Tripod,
547600,2026-05-22 09:26:58,51.9888682121747,4.38997954234272,1.968504,,,-1.695277613304,6.889764,0.223694,4.7420933276,18.7709651676,25,5,6.892,0,1.968504,1.9908766,8.5868112984,0,-0.223694,0,176.8, -5.4, -5.5,,,0,0,1024,1024,1024,1024,0,0,0,0,196.3,0,-4,26,3.442,3.441,0,0,0,0,5.313,119.12,-1.695277613304,1.968504,38,Tripod,
547700,2026-05-22 09:26:58,51.9888683281582,4.3899788266947,1.968504,,,-1.695277613304,6.889764,0.223694,4.9033138052,18.9372381388,26,5,6.892,0,1.968504,1.9908766,8.5868112984,0,-0.223694,0,176.6, -5.6, -4.7,,,0,0,1024,1024,1024,1024,0,0,0,0,196,0,-4.5,26,3.442,3.441,0,0,0,0,5.313,119.12,-1.695277613304,1.968504,38,Tripod,
547800,2026-05-22 09:26:58,51.9888683615693,4.38997860678798,1.968504,,,-1.695277613304,6.889764,0.223694,4.9525592136,18.9881239672,26,5,6.892,0,1.968504,1.9908766,8.5868112984,0,-0.223694,0,176.5, -5.9, -6.1,,,0,0,1024,1024,1024,1024,0,0,0,0,195.9,0,-5.6,26,3.442,3.441,0,0,0,0,5.313,119.12,-1.695277613304,1.968504,38,Tripod,
547900,2026-05-22 09:26:58,51.9888685718406,4.38997797015056,1.968504,,,-1.695277613304,6.889764,0.223694,5.1148623684,19.150427122,26,5,6.892,0,1.968504,1.9908766,8.5868112984,0,-0.223694,0,176.6, -5.8, -6.5,,,0,0,1024,1024,1024,1024,0,0,0,0,196.1,0,-4.9,26,3.442,3.441,0,0,0,0,5.313,119.12,-1.695277613304,1.968504,38,Tripod,
548000,2026-05-22 09:26:59,51.9888685935149,4.3899777719389,1.968504,,,-1.695277613304,6.889764,0.223694,5.157808564,19.1956699056,26,5,6.892,0,1.968504,1.9908766,8.5868112984,0,-0.223694,0,176.6, -5.6, -5.7,,,0,0,1024,1024,1024,1024,0,0,0,0,196.1,0,-5.2,26,3.442,3.441,0,0,0,0,5.313,119.12,-1.695277613304,1.968504,38,Tripod,
548100,2026-05-22 09:26:59,51.9888688532175,4.38997720694593,1.968504,,,-1.695277613304,6.889764,0.223694,5.3145342908,19.3540688608,25,5,6.892,0,1.968504,1.9908766,8.5868112984,0,-0.223694,0,176.5, -5.4, -6.2,,,0,0,1024,1024,1024,1024,0,0,0,0,196.1,0,-5.3,26,3.442,3.441,0,0,0,0,5.313,119.12,-1.695277613304,1.968504,38,Tripod,
548200,2026-05-22 09:26:59,51.9888689100506,4.38997682802332,1.968504,,,-1.695277613304,6.889764,0.223694,5.399278388,19.4417000972,24,5,6.892,0,1.968504,1.9908766,8.5868112984,0,-0.223694,0,176.4, -4.6, -6.3,,,0,0,1024,1024,1024,1024,0,0,0,0,196.2,0,-5.5,26,3.442,3.441,0,0,0,0,5.313,119.12,-1.695277613304,1.968504,38,Tripod,
548300,2026-05-22 09:26:59,51.9888689047562,4.3899766608344,1.968504,,,-1.695277613304,6.889764,0,5.4314634284,19.4792985236,24,5,6.892,0,1.968504,1.9908766,8.5868112984,0,0,0,176.3, -3.2, -6.3,,,0,0,1024,1024,1024,1024,0,0,0,0,196.3,0,-5.3,26,3.442,3.441,0,0,0,0,5.313,119.12,-1.695277613304,1.968504,38,Tripod,
548400,2026-05-22 09:26:59,51.9888688957352,4.38997650664581,1.968504,,,-1.695277613304,6.889764,0,5.4605316708,19.514108236,24,5,6.892,0,1.968504,1.9908766,8.5868112984,0,0,0,176.2, -2.6, -6.3,,,0,0,1024,1024,1024,1024,0,0,0,0,196.4,0,-5.9,26,3.442,3.441,0,0,0,0,5.313,119.12,-1.695277613304,1.968504,38,Tripod,
548500,2026-05-22 09:26:59,51.9888689067694,4.38997642590322,1.968504,,,-1.695277613304,6.889764,0,5.4784450572,19.5326777904,24,5,6.892,0,1.968504,1.9908766,8.5868112984,0,0,0,176.4, -3.3, -6.3,,,0,0,1024,1024,1024,1024,0,0,0,0,196.5,0,-4.9,26,3.442,3.441,0,0,0,0,5.313,119.12,-1.695277613304,1.968504,38,Tripod,
548600,2026-05-22 09:26:59,51.9888689576057,4.38997629917601,1.968504,,,-1.695277613304,6.889764,0,5.5122705176,19.5666672928,24,5,6.879,0,1.968504,1.9908766,8.5868112984,0,0,0,176.4, -4.3, -5.8,,,0,0,1024,1024,1024,1024,0,0,0,0,196.4,0,-5.7,26,3.44,3.44,0,0,0,0,5.532,119.3,-1.695277613304,1.968504,38,Tripod,
548700,2026-05-22 09:26:59,51.9888690292338,4.38997609410596,1.968504,,,-1.695277613304,6.889764,0,5.5652232752,19.6196528588,25,5,6.879,0,1.968504,1.9908766,8.5868112984,0,0,0,176.4, -4.3, -6.6,,,0,0,1024,1024,1024,1024,0,0,0,0,196.5,0,-5,26,3.44,3.44,0,0,0,0,5.532,119.3,-1.695277613304,1.968504,38,Tripod,
548800,2026-05-22 09:26:59,51.9888691093862,4.38997600105165,1.968504,,,-1.695277613304,6.889764,0,5.5974083156,19.6555780568,25,5,6.879,0,1.968504,1.9908766,8.5868112984,0,0,0,176.4, -4.9, -5.9,,,0,0,1024,1024,1024,1024,0,0,0,0,196.5,0,-5.7,26,3.44,3.44,0,0,0,0,5.532,119.3,-1.695277613304,1.968504,38,Tripod,
548900,2026-05-22 09:26:59,51.9888691975357,4.38997568274511,1.968504,,,-1.695277613304,6.889764,0,5.6756563496,19.7339901328,25,5,6.879,0,1.968504,1.9908766,8.5868112984,0,0,0,176.5, -5, -6.3,,,0,0,1024,1024,1024,1024,0,0,0,0,196.7,0,-4.6,26,3.44,3.44,0,0,0,0,5.532,119.3,-1.695277613304,1.968504,38,Tripod,
549000,2026-05-22 09:27:00,51.9888692177708,4.38997554478434,1.968504,,,-1.695277613304,6.889764,0,5.7064962456,19.7658798976,25,5,6.879,0,1.968504,1.9908766,8.5868112984,0,0,0,176.6, -5.2, -4.9,,,0,0,1024,1024,1024,1024,0,0,0,0,196.7,0,-3.8,26,3.44,3.44,0,0,0,0,5.532,119.3,-1.695277613304,1.968504,38,Tripod,
549100,2026-05-22 09:27:00,51.9888692814232,4.38997553421157,1.968504,,,-1.695277613304,6.889764,0,5.719488372,19.78920667,25,5,6.879,0,1.968504,1.9908766,8.5868112984,0,0,0,176.4, -5.1, -4.5,,,0,0,1024,1024,1024,1024,0,0,0,0,196.7,0,-3.1,26,3.44,3.44,0,0,0,0,5.532,119.3,-1.695277613304,1.968504,38,Tripod,
549200,2026-05-22 09:27:00,51.9888693276504,4.38997554234982,1.968504,,,-1.695277613304,6.889764,0,5.7258532016,19.8061686128,25,5,6.879,0,1.968504,1.9908766,8.5868112984,0,0,0,176.4, -5.1, -3.3,,,0,0,1024,1024,1024,1024,0,0,0,0,196.9,0,-1.9,26,3.44,3.44,0,0,0,0,5.532,119.3,-1.695277613304,1.968504,38,Tripod,
549300,2026-05-22 09:27:00,51.9888692056143,4.3899756998111,1.968504,,,-1.695277613304,6.889764,0,5.6736550372,19.8630583784,24,5,6.879,0,1.968504,1.9908766,8.5868112984,0,0,0,176.4, -5, -2.5,,,0,0,1024,1024,1024,1024,0,0,0,0,197,0,-1.9,26,3.44,3.44,0,0,0,0,5.532,119.3,-1.695277613304,1.968504,38,Tripod,
549400,2026-05-22 09:27:00,51.9888692319191,4.38997593999389,1.968504,,,-1.695277613304,6.889764,0,5.6306432248,19.9178484064,24,5,6.879,0,1.968504,1.9908766,8.5868112984,0,0,0,176.5, -4.9, -3,,,0,0,1024,1024,1024,1024,0,0,0,0,196.8,0,-3.1,26,3.44,3.44,0,0,0,0,5.532,119.3,-1.695277613304,1.968504,38,Tripod,
549500,2026-05-22 09:27:00,51.9888692532594,4.3899758408811,1.968504,,,-1.695277613304,6.889764,0,5.6539371888,19.941437646,24,5,6.879,0,1.968504,1.9908766,8.5868112984,0,0,0,176.4, -4.8, -4.3,,,0,0,1024,1024,1024,1024,0,0,0,0,196.6,0,-4.7,26,3.44,3.44,0,0,0,0,5.532,119.3,-1.695277613304,1.968504,38,Tripod,
549600,2026-05-22 09:27:00,51.9888692695623,4.38997572334247,1.968504,,,-1.695277613304,6.889764,0,5.6800198668,19.968504576,24,5,6.871,0,1.968504,1.9908766,8.5868112984,0,0,0,176.3, -4.8, -5.9,,,0,0,1024,1024,1024,1024,0,0,0,0,196.6,0,-5.1,26,3.435,3.436,0,0,0,0,5.477,119.48,-1.695277613304,1.968504,38,Tripod,
549700,2026-05-22 09:27:00,51.9888693425697,4.38997585063657,1.968504,,,-1.695277613304,6.889764,0,5.6675526748,20.0076121888,24,5,6.871,0,1.968504,1.9908766,8.5868112984,0,0,0,176.4, -4.8, -5.4,,,0,0,1024,1024,1024,1024,0,0,0,0,196.7,0,-4.1,26,3.435,3.436,0,0,0,0,5.477,119.48,-1.695277613304,1.968504,38,Tripod,
549800,2026-05-22 09:27:00,51.9888693613656,4.38997581548906,1.968504,,,-1.695277613304,6.889764,0,5.6777888956,20.01804526,24,5,6.871,0,1.968504,1.9908766,8.5868112984,0,0,0,176.4, -5, -4.7,,,0,0,1024,1024,1024,1024,0,0,0,0,196.7,0,-4,26,3.435,3.436,0,0,0,0,5.477,119.48,-1.695277613304,1.968504,38,Tripod,
549900,2026-05-22 09:27:00,51.9888693429809,4.38997610040789,1.968504,,,-1.695277613304,6.889764,0,5.6184713084,20.0824153408,24,5,6.871,0,1.968504,1.9908766,8.5868112984,0,0,0,176.5, -5.1, -5,,,0,0,1024,1024,1024,1024,0,0,0,0,196.7,0,-4.7,26,3.435,3.436,0,0,0,0,5.477,119.48,-1.695277613304,1.968504,38,Tripod,
550000,2026-05-22 09:27:00,51.988869351625,4.3899760724596,1.968504,,,-1.695277613304,6.889764,0,5.625492306,20.0894691468,24,5,6.871,0,1.968504,1.9908766,8.5868112984,0,0,0,176.5, -4.9, -5.5,,,0,0,1024,1024,1024,1024,0,0,0,0,196.7,0,-4.6,26,3.435,3.436,0,0,0,0,5.477,119.48,-1.695277613304,1.968504,38,Tripod,
550100,2026-05-22 09:27:01,51.9888693281773,4.38997625200545,1.968504,,,-1.695277613304,6.889764,0,5.5860566092,20.1306764972,24,5,6.871,0,1.968504,1.9908766,8.5868112984,0,0,0,176.5, -5.3, -5.2,,,0,0,1148,1024,1024,1024,19,0,0,0,196.7,0,-4.3,26,3.435,3.436,0,0,0,0,5.477,119.48,-1.695277613304,1.968504,38,Tripod,
550200,2026-05-22 09:27:01,51.9888693422956,4.38997628198483,1.968504,,,-1.695277613304,6.889764,0,5.582677344,20.1391738728,24,5,6.871,0,1.968504,1.9908766,8.5868112984,0,0,0,176.5, -5.5, -4.9,,,0,0,1024,1024,1024,1024,0,0,0,0,196.8,0,-3.8,26,3.435,3.436,0,0,0,0,5.477,119.48,-1.695277613304,1.968504,38,Tripod,
550300,2026-05-22 09:27:01,51.9888693338486,4.38997636258135,1.968504,,,-1.695277613304,6.889764,0,5.5653545088,20.1575465768,25,5,6.871,0,1.968504,1.9908766,8.5868112984,0,0,0,176.5, -5.5, -4.5,,,0,0,1024,1024,1024,1024,0,0,0,0,196.7,0,-4,26,3.435,3.436,0,0,0,0,5.477,119.48,-1.695277613304,1.968504,38,Tripod,
550400,2026-05-22 09:27:01,51.988869342921,4.38997637257679,1.968504,,,-1.695277613304,6.889764,0,5.5650264248,20.1615492016,25,5,6.871,0,1.968504,1.9908766,8.5868112984,0,0,0,176.5, -5.3, -4.9,,,0,0,1024,1024,1024,1024,0,0,0,0,196.7,0,-4.3,26,3.435,3.436,0,0,0,0,5.477,119.48,-1.695277613304,1.968504,38,Tripod,
550500,2026-05-22 09:27:01,51.9888692294433,4.38997641210992,1.968504,,,-1.695277613304,6.889764,0,5.5371392848,20.2038720376,25,5,6.871,0,1.968504,1.9908766,8.5868112984,0,0,0,176.5, -5.2, -5.1,,,0,0,1024,1024,1024,1024,0,0,0,0,196.7,0,-4.2,26,3.435,3.436,0,0,0,0,5.477,119.48,-1.695277613304,1.968504,38,Tripod,
550600,2026-05-22 09:27:01,51.9888692428334,4.38997639301633,1.968504,,,-1.695277613304,6.889764,0,5.5432416472,20.2104009092,25,5,6.87,0,1.968504,1.9908766,8.5868112984,0,0,0,176.5, -5, -5,,,0,0,1024,1024,1024,1024,0,0,0,0,196.6,0,-4.4,26,3.43,3.431,0,0,0,0,5.186,119.48,-1.695277613304,1.968504,38,Tripod,
550700,2026-05-22 09:27:01,51.9888690341384,4.38997644591149,1.968504,,,-1.695277613304,6.889764,0,5.4963584436,20.2874350324,25,5,6.87,0,1.968504,1.9908766,8.5868112984,0,0,0,176.4, -5.1, -5.3,,,0,0,1024,1024,1024,1024,0,0,0,0,196.6,0,-4.5,26,3.43,3.431,0,0,0,0,5.186,119.48,-1.695277613304,1.968504,38,Tripod,
550800,2026-05-22 09:27:01,51.9888690605075,4.38997642041859,1.968504,,,-1.695277613304,6.889764,0,5.5059384964,20.2986555052,25,5,6.87,0,1.968504,1.9908766,8.5868112984,0,0,0,176.5, -5.6, -5.1,,,0,0,1024,1024,1024,1024,0,0,0,0,196.7,0,-4.2,26,3.43,3.431,0,0,0,0,5.186,119.48,-1.695277613304,1.968504,38,Tripod,
550900,2026-05-22 09:27:01,51.9888689656929,4.38997642688746,1.968504,,,-1.695277613304,6.889764,0,5.4883203856,20.3332683672,24,5,6.87,0,1.968504,1.9908766,8.5868112984,0,0,0,176.6, -5.9, -5,,,0,0,1024,1024,1024,1024,0,0,0,0,196.7,0,-4.4,26,3.43,3.431,0,0,0,0,5.186,119.48,-1.695277613304,1.968504,38,Tripod,
551000,2026-05-22 09:27:01,51.9888687372339,4.38997643061575,1.968504,,,-1.695277613304,6.889764,0,5.4488518804,20.4166345116,24,5,6.87,0,1.968504,1.9908766,8.5868112984,0,0,0,176.6, -5.8, -5.3,,,0,0,1024,1024,1024,1024,0,0,0,0,196.6,0,-4.7,26,3.43,3.431,0,0,0,0,5.186,119.48,-1.695277613304,1.968504,38,Tripod,
551100,2026-05-22 09:27:02,51.9888687578374,4.38997637684764,1.968504,,,-1.695277613304,6.889764,0,5.4630579176,20.4308405488,24,5,6.87,0,1.968504,1.9908766,8.5868112984,0,0,0,176.6, -5.7, -5.5,,,0,0,1024,1024,1024,1024,0,0,0,0,196.7,0,-5,26,3.43,3.431,0,0,0,0,5.186,119.48,-1.695277613304,1.968504,38,Tripod,
551200,2026-05-22 09:27:02,51.9888687691458,4.3899763228152,1.968504,,,-1.695277613304,6.889764,0,5.47572196,20.4436686332,24,5,6.87,0,1.968504,1.9908766,8.5868112984,0,0,0,176.6, -5.4, -5.8,,,0,0,1024,1024,1024,1024,0,0,0,0,196.6,0,-5.2,26,3.43,3.431,0,0,0,0,5.186,119.48,-1.695277613304,1.968504,38,Tripod,
551300,2026-05-22 09:27:02,51.9888686314579,4.38997646785347,1.968504,,,-1.695277613304,6.889764,0,5.4238190712,20.5035439632,24,5,6.87,0,1.968504,1.9908766,8.5868112984,0,0,0,176.5, -5.6, -6.1,,,0,0,1024,1024,1024,1024,0,0,0,0,196.5,0,-5.4,26,3.43,3.431,0,0,0,0,5.186,119.48,-1.695277613304,1.968504,38,Tripod,
551400,2026-05-22 09:27:02,51.9888686349018,4.38997643399973,1.968504,,,-1.695277613304,6.889764,0,5.4311681528,20.5112539372,24,5,6.87,0,1.968504,1.9908766,8.5868112984,0,0,0,176.5, -5.7, -6.1,,,0,0,1024,1024,1024,1024,0,0,0,0,196.5,0,-5.2,26,3.43,3.431,0,0,0,0,5.186,119.48,-1.695277613304,1.968504,38,Tripod,
551500,2026-05-22 09:27:02,51.9888683179207,4.38997652971115,1.968504,,,-1.695277613304,6.889764,0,5.3604332424,20.6289048596,24,5,6.87,0,1.968504,1.9908766,8.5868112984,0,0,0,176.5, -6, -5.9,,,0,0,1024,1024,1024,1024,0,0,0,0,196.5,0,-4.9,26,3.43,3.431,0,0,0,0,5.186,119.48,-1.695277613304,1.968504,38,Tripod,
551600,2026-05-22 09:27:02,51.9888683318763,4.38997653515056,1.968504,,,-1.695277613304,6.889764,0,5.361548728,20.6341213952,24,5,6.854,0,1.968504,1.9908766,8.5868112984,0,0,0,176.5, -6.1, -5.4,,,0,0,790,1024,1024,1024,-35,0,0,0,196.5,0,-4.6,26,3.423,3.424,0,0,0,0,5.51,119.66,-1.695277613304,1.968504,38,Tripod,
551700,2026-05-22 09:27:02,51.988868234543,4.3899766192041,1.968504,,,-1.695277613304,6.889764,0,5.329068412,20.6743444936,24,5,6.854,0,1.968504,1.9908766,8.5868112984,0,0,0,176.5, -6.4, -5.4,,,0,0,364,1024,1024,1024,-100,0,0,0,196.5,0,-4.5,26,3.423,3.424,0,0,0,0,5.51,119.66,-1.695277613304,1.968504,38,Tripod,
551800,2026-05-22 09:27:02,51.988868119309,4.38997673686446,1.968504,,,-1.695277613304,6.889764,0,5.2870408516,20.7240164112,24,5,6.854,0,1.968504,1.9908766,8.5868112984,0,0,0,176.5, -5.4, -5.2,,,0,0,1024,1024,1024,1024,0,0,0,0,196.7,0,-4.3,26,3.423,3.424,0,0,0,0,5.51,119.66,-1.695277613304,1.968504,38,Tripod,
551900,2026-05-22 09:27:02,51.9888681421999,4.38997675884469,1.968504,,,-1.695277613304,6.889764,0,5.2861878332,20.7337276976,24,5,6.854,0,1.968504,1.9908766,8.5868112984,0,0,0,176.3, -1.6, -5,,,0,0,1024,1024,1024,1024,0,0,0,0,196.6,0,-4.2,26,3.423,3.424,0,0,0,0,5.51,119.66,-1.695277613304,1.968504,38,Tripod,
552000,2026-05-22 09:27:02,51.9888682178888,4.3899767643328,1.968504,,,-1.695277613304,6.889764,0.223694,5.2970474136,20.7613523704,24,5,6.854,0,1.968504,1.9908766,8.5868112984,0.223694,0,0,176.5, -5.1, -5.1,,,0,0,1024,1024,1024,1024,0,0,0,0,196.5,0,-4.4,26,3.423,3.424,0,0,0,0,5.51,119.66,-1.695277613304,1.968504,38,Tripod,
552100,2026-05-22 09:27:03,51.988867982178,4.38997680344162,1.968504,,,-1.695277613304,6.889764,0.223694,5.2521983308,20.8478025044,24,5,6.854,0,1.968504,1.9908766,8.5868112984,0.223694,0,0,176.5, -6.1, -5.2,,,0,0,926,1024,1024,1024,-15,0,0,0,196.5,0,-4.4,26,3.423,3.424,0,0,0,0,5.51,119.66,-1.695277613304,1.968504,38,Tripod,
552200,2026-05-22 09:27:03,51.9888680685242,4.38997678121098,1.968504,,,-1.695277613304,6.889764,0,5.2701117172,20.8797250776,24,5,6.854,0,1.968504,1.9908766,8.5868112984,0,0,0,176.5, -5.8, -5.2,,,0,0,364,1024,1024,1024,-100,0,0,0,196.5,0,-4.5,26,3.423,3.424,0,0,0,0,5.51,119.66,-1.695277613304,1.968504,38,Tripod,
552300,2026-05-22 09:27:03,51.9888680167628,4.38997663610315,1.968504,,,-1.695277613304,6.889764,0,5.2916012192,20.9173891208,24,5,6.854,0,1.968504,1.9908766,8.5868112984,0,0,0,176.5, -3.9, -5.4,,,0,0,920,1024,1024,1024,-16,0,0,0,196.7,0,-4.7,26,3.423,3.424,0,0,0,0,5.51,119.66,-1.695277613304,1.968504,38,Tripod,
552400,2026-05-22 09:27:03,51.9888681201657,4.38997659128016,1.968504,,,-1.695277613304,6.889764,0.223694,5.3167324536,20.9564311168,24,5,6.854,0,1.968504,1.9908766,8.5868112984,0.223694,0,0,176.3, -1.9, -5.6,,,0,0,1024,1024,1024,1024,0,0,0,0,196.5,0,-4.8,26,3.423,3.424,0,0,0,0,5.51,119.66,-1.695277613304,1.968504,38,Tripod,
552500,2026-05-22 09:27:03,51.988868186521,4.38997677802524,1.968504,,,-1.695277613304,6.889764,0.223694,5.2893046312,21.0048891236,24,5,6.854,0,1.968504,1.9908766,8.5868112984,0.223694,0,0,176.5, -5.1, -5.7,,,0,0,364,1024,1024,1024,-100,0,0,0,196.4,0,-5.2,26,3.423,3.424,0,0,0,0,5.51,119.66,-1.695277613304,1.968504,38,Tripod,
552600,2026-05-22 09:27:03,51.9888683357143,4.38997671225842,1.968504,,,-1.695277613304,6.889764,0.223694,5.32644374,21.0612867632,24,5,6.844,0,1.968504,1.9908766,8.5868112984,0.223694,0,0,176.6, -5.5, -6,,,0,0,918,1024,1024,1024,-16,0,0,0,196.6,0,-5.3,26,3.42,3.421,0,0,0,0,5.579,119.66,-1.695277613304,1.968504,38,Tripod,
552700,2026-05-22 09:27:03,51.9888683734773,4.3899768381544,1.968504,,,-1.695277613304,6.889764,0.223694,5.3071852092,21.0927500188,24,5,6.844,0,1.968504,1.9908766,8.5868112984,0.223694,0,0,176.4, -1.4, -6.2,,,0,0,918,1024,1024,1024,-16,0,0,0,196.6,0,-5.3,26,3.42,3.421,0,0,0,0,5.579,119.66,-1.695277613304,1.968504,38,Tripod,
552800,2026-05-22 09:27:03,51.9888685835302,4.38997691916132,1.968504,,,-1.695277613304,6.889764,0.447388,5.3255907216,21.1715229872,24,5,6.844,0,1.968504,1.9908766,8.5868112984,0.447388,0,0,176.4, -2.6, -5.8,,,0,0,984,1024,1024,1024,-6,0,0,0,196.5,0,-4.8,26,3.42,3.421,0,0,0,0,5.579,119.66,-1.695277613304,1.968504,38,Tripod,
552900,2026-05-22 09:27:03,51.9888688164053,4.38997686636701,1.968504,,,-1.695277613304,6.889764,0.447388,5.3755579148,21.2572841448,24,5,6.844,0,1.968504,1.9908766,8.5868112984,0.447388,0,0,176.5, -5.4, -5.8,,,0,0,364,1024,1024,1024,-100,0,0,0,196.5,0,-5.2,26,3.42,3.421,0,0,0,0,5.579,119.66,-1.695277613304,1.968504,38,Tripod,
553000,2026-05-22 09:27:04,51.9888690432022,4.38997682647914,1.968504,,,-1.695277613304,6.889764,0.447388,5.4228020108,21.3405190556,24,5,6.844,0,1.968504,1.9908766,8.5868112984,0.447388,0,0,176.3, -1.4, -6.1,,,0,0,1024,1024,1024,1024,0,0,0,0,196.5,0,-5.4,26,3.42,3.421,0,0,0,0,5.579,119.66,-1.695277613304,1.968504,38,Tripod,
553100,2026-05-22 09:27:04,51.9888693143202,4.38997680036022,1.968504,,,-1.695277613304,6.889764,0.671082,5.4761812776,21.439633232,24,5,6.844,0,1.968504,1.9908766,8.5868112984,0.671082,0,0,176.2, -1.9, -5.9,,,0,0,1024,1024,1024,1024,0,0,0,0,196.4,0,-4.9,26,3.42,3.421,0,0,0,0,5.579,119.66,-1.695277613304,1.968504,38,Tripod,
553200,2026-05-22 09:27:04,51.9888696146858,4.38997678398633,1.968504,,,-1.695277613304,6.889764,0.671082,5.5343833792,21.5492789048,24,5,6.844,0,1.968504,1.9908766,8.5868112984,0.671082,0,0,176.5, -5.2, -5.6,,,0,0,1024,1024,1069,1024,0,0,7,0,196.5,0,-4.6,26,3.42,3.421,0,0,0,0,5.579,119.66,-1.695277613304,1.968504,38,Tripod,
553300,2026-05-22 09:27:04,51.988869818716,4.38997685950514,1.968504,,,-1.695277613304,6.889764,0.671082,5.5581694692,21.6256240516,26,5,6.844,0,1.968504,1.9908766,8.5868112984,0.671082,0,0,176.5, -5.3, -5.2,,,0,0,1024,1024,1684,1024,0,0,100,0,196.4,0,-4.5,26,3.42,3.421,0,0,0,0,5.579,119.66,-1.695277613304,1.968504,38,Tripod,
553400,2026-05-22 09:27:04,51.9888700692477,4.38997684774989,1.968504,,,-1.695277613304,6.889764,0.447388,5.6084975548,21.7170610624,26,5,6.844,0,1.968504,1.9908766,8.5868112984,0.447388,0,0,176.5, -5.9, -5.2,,,0,0,1024,1024,1684,1024,0,0,100,0,196.4,0,-4.2,26,3.42,3.421,0,0,0,0,5.579,119.66,-1.695277613304,1.968504,38,Tripod,
553500,2026-05-22 09:27:04,51.988870287846,4.38997707448717,1.968504,,,-1.695277613304,6.889764,0.447388,5.60859598,21.8117132964,26,5,6.844,0,1.968504,1.9908766,8.5868112984,0.447388,0,-0.223694,176.5, -6.4, -4.8,,,0,0,1024,1024,1684,1024,0,0,100,0,196.4,0,-4,26,3.42,3.421,0,0,0,0,5.579,119.66,-1.695277613304,1.968504,38,Tripod,
553600,2026-05-22 09:27:04,51.9888704459918,4.38997719515242,1.968504,,,-1.695277613304,6.889764,0.223694,5.6177495236,21.8754600176,26,5,6.839,0,1.968504,1.9908766,8.5868112984,0.223694,0,-0.447388,176.5, -6.5, -4.7,,,0,0,1024,1024,1684,1024,0,0,100,0,196.4,0,-3.6,26,3.397,3.399,0,0,0,0,5.525,119.84,-1.695277613304,1.968504,38,Tripod,
553700,2026-05-22 09:27:04,51.9888705574562,4.38997719906852,2.296588,,,-1.367193613304,6.889764,0.223694,5.6397311516,21.9161424336,26,5,6.839,0,2.296588,1.9908766,8.5868112984,0.223694,0,-0.671082,176.5, -6.5, -4.2,,,0,0,1024,1024,1684,1024,0,0,100,0,196.4,0,-3.3,26,3.397,3.399,0,0,0,0,5.525,119.84,-1.367193613304,2.296588,38,Tripod,
553800,2026-05-22 09:27:04,51.9888706342546,4.38997749430971,2.296588,,,-1.367193613304,7.217848,0.223694,5.6008531976,21.9881240632,26,5,6.839,0,2.296588,1.9908766,8.5868112984,0.223694,0,-0.894776,176.4, -6.3, -4.1,,,0,0,1024,1024,1684,1024,0,0,100,0,196.4,0,-3.5,26,3.397,3.399,0,0,0,0,5.525,119.84,-1.367193613304,2.296588,38,Tripod,
553900,2026-05-22 09:27:04,51.9888706946515,4.38997747389452,2.624672,,,-1.039109613304,7.217848,0,5.6171917808,22.010663434,26,5,6.839,0,2.624672,1.9908766,8.5868112984,0,0,-0.894776,176.5, -6, -4.4,,,0,0,1024,1024,1684,1024,0,0,100,0,196.4,0,-3.5,26,3.397,3.399,0,0,0,0,5.525,119.84,-1.039109613304,2.624672,38,Tripod,
554000,2026-05-22 09:27:05,51.988870878044,4.38997795899698,2.624672,,,-1.039109613304,7.545932,0,5.567257396,22.1385505772,26,5,6.839,0,2.624672,1.9908766,8.5868112984,0,0,-1.11847,176.5, -6.7, -4.4,,,0,0,1024,1024,1659,1024,0,0,96,0,196.4,0,-3.8,26,3.397,3.399,0,0,0,0,5.525,119.84,-1.039109613304,2.624672,38,Tripod,
554100,2026-05-22 09:27:05,51.9888709321186,4.38997791084913,2.952756,,,-0.711025613304,7.545932,0,5.5876314124,22.1610243312,26,5,6.839,0,2.952756,1.9908766,8.5868112984,0,0,-1.11847,176.5, -6.5, -4.6,,,0,0,1024,1024,1130,1024,0,0,16,0,196.3,0,-4.1,26,3.397,3.399,0,0,0,0,5.525,119.84,-0.711025613304,2.952756,38,Tripod,
554200,2026-05-22 09:27:05,51.9888709832118,4.38997785327621,2.952756,,,-0.711025613304,7.874016,0,5.609088106,22.183727744,26,5,6.839,0,2.952756,1.9908766,8.5868112984,0,0,-0.894776,176.6, -6.6, -4.9,,,0,0,1024,1024,1024,1024,0,0,0,0,196.3,0,-4.2,26,3.397,3.399,0,0,0,0,5.525,119.84,-0.711025613304,2.952756,38,Tripod,
554300,2026-05-22 09:27:05,51.9888711307045,4.38997825816471,3.28084,,,-0.382941613304,7.874016,0,5.56840569,22.2894364088,27,5,6.839,0,3.28084,1.9908766,8.5868112984,0,0,-0.671082,176.6, -6.6, -5.1,,,0,0,1024,1024,1024,1024,0,0,0,0,196.2,0,-4.5,26,3.397,3.399,0,0,0,0,5.525,119.84,-0.382941613304,3.28084,38,Tripod,
554400,2026-05-22 09:27:05,51.9888711808726,4.38997820218466,3.28084,,,-0.382941613304,7.874016,0,5.5895014912,22.3116476956,27,5,6.839,0,3.28084,1.9908766,8.5868112984,0,0,-0.223694,176.6, -6.5, -5.4,,,0,0,1024,1024,1024,1024,0,0,0,0,196.2,0,-4.7,26,3.397,3.399,0,0,0,0,5.525,119.84,-0.382941613304,3.28084,38,Tripod,
554500,2026-05-22 09:27:05,51.9888713184619,4.38997817051852,3.28084,,,-0.382941613304,7.874016,0,5.6257219648,22.3623366736,27,5,6.839,0,3.28084,1.9908766,8.5868112984,0,0,-0.223694,176.5, -6.5, -5.6,,,0,0,1457,872,1024,1024,66,-23,0,0,196.2,0,-4.6,26,3.397,3.399,0,0,0,0,5.525,119.84,-0.382941613304,3.28084,38,Tripod,
554600,2026-05-22 09:27:05,51.9888713571331,4.38997814437873,3.28084,,,-0.382941613304,7.874016,0,5.6390093668,22.377625388,27,5,6.822,0,3.28084,1.9908766,8.5868112984,0,0,0,176.5, -6.3, -5.3,,,0,0,1457,872,1024,1024,66,-23,0,0,196.2,0,-4.5,26,3.418,3.419,0,0,0,0,5.86,119.84,-0.382941613304,3.28084,38,Tripod,
554700,2026-05-22 09:27:05,51.9888712904052,4.38997793660635,3.28084,,,-0.382941613304,7.874016,0,5.6611878452,22.43028287,27,5,6.822,0,3.28084,1.9908766,8.5868112984,0,0,0,176.6, -7.2, -5.3,,,0,0,1684,1024,1024,1024,100,0,0,0,196.1,0,-4.4,26,3.418,3.419,0,0,0,0,5.86,119.84,-0.382941613304,3.28084,38,Tripod,
554800,2026-05-22 09:27:05,51.9888712143393,4.38997797971127,3.28084,,,-0.382941613304,7.874016,0,5.6366799704,22.459646388,28,5,6.822,0,3.28084,1.9908766,8.5868112984,0,0,0,176.8, -10.9, -5.2,,,0,0,1684,1024,1024,1024,100,0,0,0,196,0,-4.8,26,3.418,3.419,0,0,0,0,5.86,119.84,-0.382941613304,3.28084,38,Tripod,
554900,2026-05-22 09:27:05,51.9888711345811,4.38997795381493,3.28084,,,-0.382941613304,7.874016,0.223694,5.6238190776,22.48933799,28,5,6.822,0,3.28084,1.9908766,8.5868112984,-0.223694,0,0,176.8, -11.5, -5.8,,,0,0,1684,1024,1024,1024,100,0,0,0,195.9,0,-5,26,3.418,3.419,0,0,0,0,5.86,119.84,-0.382941613304,3.28084,38,Tripod,
555000,2026-05-22 09:27:06,51.9888708889198,4.38997824719198,3.28084,,,-0.382941613304,7.874016,0.447388,5.5174214364,22.6005912744,28,5,6.822,0,3.28084,1.9908766,8.5868112984,-0.447388,0,0,176.8, -11.2, -5.9,,,0,0,1684,1024,1024,1024,100,0,0,0,195.9,0,-5.1,26,3.418,3.419,0,0,0,0,5.86,119.84,-0.382941613304,3.28084,38,Tripod,
555100,2026-05-22 09:27:06,51.9888706399302,4.38997822389711,3.28084,,,-0.382941613304,7.874016,0.671082,5.4681104112,22.691601776,28,5,6.822,0,3.28084,1.9908766,8.5868112984,-0.671082,0,0,176.9, -11.2, -6,,,0,0,1684,1024,1024,1024,100,0,0,0,196,0,-5.1,26,3.418,3.419,0,0,0,0,5.86,119.84,-0.382941613304,3.28084,38,Tripod,
555200,2026-05-22 09:27:06,51.9888703038576,4.38997821767169,3.28084,,,-0.382941613304,7.874016,0.894776,5.3985894116,22.8142067668,28,5,6.822,0,3.28084,1.9908766,8.5868112984,-0.894776,0,0,176.9, -11.3, -5.8,,,0,0,1684,1024,1024,1024,100,0,0,0,195.9,0,-5,26,3.418,3.419,0,0,0,0,5.86,119.84,-0.382941613304,3.28084,38,Tripod,
555300,2026-05-22 09:27:06,51.9888697236958,4.38997849402449,3.28084,,,-0.382941613304,7.874016,1.11847,5.229002792,23.0348104484,26,5,6.822,0,3.28084,1.9908766,8.5868112984,-1.11847,0,0,176.8, -11.4, -5.9,,,0,0,1684,1024,1024,1024,100,0,0,0,195.8,0,-5.1,26,3.418,3.419,0,0,0,0,5.86,119.84,-0.382941613304,3.28084,38,Tripod,
555400,2026-05-22 09:27:06,51.9888692606184,4.38997853007625,3.28084,,,-0.382941613304,7.874016,1.11847,5.131725886,23.2039377504,26,5,6.822,0,3.28084,1.9908766,8.5868112984,-1.11847,0,0,176.8, -11.4, -5.8,,,0,0,1684,1024,1024,1024,100,0,0,0,195.7,0,-4.9,26,3.418,3.419,0,0,0,0,5.86,119.84,-0.382941613304,3.28084,38,Tripod,
555500,2026-05-22 09:27:06,51.9888687171959,4.38997850144978,3.28084,,,-0.382941613304,7.874016,1.342164,5.036253442,23.4023301452,26,5,6.822,0,3.28084,1.9908766,8.5868112984,-1.342164,0,0,176.8, -11.8, -5.6,,,0,0,1684,1024,1024,1024,100,0,0,0,195.8,0,-4.6,26,3.418,3.419,0,0,0,0,5.86,119.84,-0.382941613304,3.28084,38,Tripod,
555600,2026-05-22 09:27:06,51.9888681423198,4.38997859622912,3.28084,,,-0.382941613304,7.874016,1.565858,4.9170277164,23.6131569236,26,5,6.818,0,3.28084,1.9908766,8.5868112984,-1.565858,0,0,176.8, -11.9, -5.1,,,0,0,1684,1024,1024,1024,100,0,0,0,195.8,0,-4.1,25,3.407,3.409,0,0,0,0,5.674,120.02,-0.382941613304,3.28084,38,Tripod,
555700,2026-05-22 09:27:06,51.988867332851,4.38997874000839,3.28084,,,-0.382941613304,8.2021,1.565858,4.7578085512,23.9102369856,25,5,6.818,0,3.28084,1.9908766,8.5868112984,-1.565858,0,0,176.7, -11.5, -4.8,,,0,0,1684,1024,1024,1024,100,0,0,0,195.9,0,-3.6,25,3.407,3.409,0,0,0,0,5.674,120.02,-0.382941613304,3.28084,38,Tripod,
555800,2026-05-22 09:27:06,51.9888666703094,4.38997885859038,3.28084,,,-0.382941613304,8.2021,1.789552,4.6374017232,24.1534456548,25,5,6.818,0,3.28084,1.9908766,8.5868112984,-1.789552,0,0,176.7, -11.3, -4.3,,,0,0,1684,1024,1024,1024,100,0,0,0,195.9,0,-3.3,25,3.407,3.409,0,0,0,0,5.674,120.02,-0.382941613304,3.28084,38,Tripod,
555900,2026-05-22 09:27:06,51.9888657155153,4.38997907441058,3.28084,,,-0.382941613304,8.2021,2.013246,4.4718505368,24.5051517028,26,5,6.818,0,3.28084,2.013246,8.5868112984,-2.013246,0,0,176.6, -11.5, -4,,,0,0,1684,1024,1024,1024,100,0,0,0,195.9,0,-3.2,25,3.407,3.409,0,0,0,0,5.674,120.02,-0.382941613304,3.28084,38,Tripod,
556000,2026-05-22 09:27:07,51.9888649553534,4.38997914270235,3.28084,,,-0.382941613304,8.2021,2.013246,4.3783794052,24.7829076172,26,5,6.818,0,3.28084,2.013246,8.5868112984,-2.013246,0,0,176.6, -11.6, -4,,,0,0,1684,1024,1024,1024,100,0,0,0,195.9,0,-3.3,25,3.407,3.409,0,0,0,0,5.674,120.02,-0.382941613304,3.28084,38,Tripod,
556100,2026-05-22 09:27:07,51.9888638605626,4.38997949231333,3.28084,,,-0.382941613304,8.2021,2.23694,4.216371526,25.1899942444,26,5,6.818,0,3.28084,2.23694,8.5868112984,-2.23694,0,0,176.6, -11.3, -4.1,,,0,0,1684,1024,1024,1024,100,0,0,0,195.9,0,-3.3,25,3.407,3.409,0,0,0,0,5.674,120.02,-0.382941613304,3.28084,38,Tripod,
556200,2026-05-22 09:27:07,51.9888629822626,4.38997958227928,3.28084,,,-0.382941613304,8.2021,2.23694,4.1535762484,25.5110900552,26,5,6.818,0,3.28084,2.23694,8.5868112984,-2.23694,0,0,176.7, -11.5, -4,,,0,0,1684,1024,1024,1024,100,0,0,0,195.9,0,-3.5,25,3.407,3.409,0,0,0,0,5.674,120.02,-0.382941613304,3.28084,38,Tripod,
556300,2026-05-22 09:27:07,51.9888616755128,4.38997992640912,3.28084,,,-0.382941613304,8.2021,2.23694,4.057906954,25.99409532,27,5,6.818,0,3.28084,2.23694,8.5868112984,-2.23694,0,0,176.7, -11.8, -4.2,,,0,0,1684,1024,1024,1024,100,0,0,0,195.8,0,-3.8,25,3.407,3.409,0,0,0,0,5.674,120.02,-0.382941613304,3.28084,38,Tripod,
556400,2026-05-22 09:27:07,51.9888606786421,4.38998003217858,3.28084,,,-0.382941613304,8.2021,2.23694,4.0575460616,26.3585638356,27,5,6.818,0,3.28084,2.23694,8.5868112984,-2.460634,0,0,176.6, -11.6, -4.4,,,0,0,1684,1024,1024,1024,100,0,0,0,195.9,0,-3.5,25,3.407,3.409,0,0,0,0,5.674,120.02,-0.382941613304,3.28084,38,Tripod,
556500,2026-05-22 09:27:07,51.9888592836271,4.38998037783521,3.28084,,,-0.382941613304,8.2021,2.460634,4.0684712588,26.8734260568,27,5,6.818,0,3.28084,2.460634,8.5868112984,-2.460634,0,0,176.7, -11.7, -4.2,,,0,0,1684,1024,1024,1024,100,0,0,0,195.9,0,-3.4,25,3.407,3.409,0,0,0,0,5.674,120.02,-0.382941613304,3.28084,38,Tripod,
556600,2026-05-22 09:27:07,51.9888581761358,4.38998051281196,3.28084,,,-0.382941613304,8.2021,2.460634,4.1527560384,27.2786426052,27,5,6.809,0,3.28084,2.460634,8.5868112984,-2.684328,0,0,176.7, -11.4, -4.1,,,0,0,1684,1024,1024,1024,100,0,0,0,196,0,-3.6,25,3.404,3.407,0,0,0,0,5.812,120.02,-0.382941613304,3.28084,38,Tripod,
556700,2026-05-22 09:27:07,51.9888568072671,4.38998112477725,3.28084,,,-0.382941613304,8.2021,2.684328,4.2175854368,27.7966544328,27,5,6.809,0,3.28084,2.684328,8.5868112984,-2.684328,0,0,176.7, -10.9, -4.4,,,0,0,1684,1024,1024,1024,100,0,0,0,195.9,0,-3.6,25,3.404,3.407,0,0,0,0,5.812,120.02,-0.382941613304,3.28084,38,Tripod,
556800,2026-05-22 09:27:07,51.9888556110008,4.38998125941317,3.28084,,,-0.382941613304,8.530184,2.908022,4.4010500096,28.2341544468,27,5,6.809,0,3.28084,2.908022,8.5868112984,-2.908022,0,0,176.7, -10.6, -4.3,,,0,0,1684,1024,1024,1024,100,0,0,0,195.9,0,-3.5,25,3.404,3.407,0,0,0,0,5.812,120.02,-0.382941613304,3.28084,38,Tripod,
556900,2026-05-22 09:27:07,51.9888539768482,4.38998174009523,3.28084,,,-0.382941613304,8.2021,2.908022,4.6536746896,28.840059978,26,5,6.809,0,3.28084,2.908022,8.5868112984,-2.908022,0,0,176.6, -9.7, -4.2,,,0,0,1684,1024,1024,1024,100,0,0,0,195.9,0,-3.4,25,3.404,3.407,0,0,0,0,5.812,120.02,-0.382941613304,3.28084,38,Tripod,
557000,2026-05-22 09:27:07,51.9888527020959,4.38998190356977,3.28084,,,-0.382941613304,8.2021,2.908022,4.9287075068,29.306595426,26,5,6.809,0,3.28084,2.908022,8.5868112984,-2.908022,0.223694,0,176.6, -9.3, -3.9,,,0,0,1684,1024,1024,1024,100,0,0,0,195.9,0,-2.9,25,3.404,3.407,0,0,0,0,5.812,120.02,-0.382941613304,3.28084,38,Tripod,
557100,2026-05-22 09:27:08,51.9888511178714,4.3899824140921,3.28084,,,-0.382941613304,8.2021,3.131716,5.2617455752,29.8958670984,26,5,6.809,0,3.28084,3.131716,8.5868112984,-3.131716,0.223694,0,176.5, -8.7, -3.7,,,0,0,1684,1024,1024,1024,100,0,0,0,195.8,0,-3.1,25,3.404,3.407,0,0,0,0,5.812,120.02,-0.382941613304,3.28084,38,Tripod,
557200,2026-05-22 09:27:08,51.9888498148011,4.38998259551253,3.28084,,,-0.382941613304,8.2021,3.131716,5.6005251136,30.3730652764,26,5,6.809,0,3.28084,3.131716,8.5868112984,-3.131716,0.223694,0,176.5, -9.1, -3.6,,,0,0,1684,1024,1024,1024,100,0,0,0,195.9,0,-2.6,25,3.404,3.407,0,0,0,0,5.812,120.02,-0.382941613304,3.28084,38,Tripod,
557300,2026-05-22 09:27:08,51.9888482153574,4.38998324649623,3.28084,,,-0.382941613304,8.2021,3.131716,5.988189168,30.9746729072,27,5,6.809,0,3.28084,3.131716,8.5868112984,-3.131716,0.223694,0,176.6, -9.2, -3.4,,,0,0,1684,1024,1024,1024,100,0,0,0,195.9,0,-2.6,25,3.404,3.407,0,0,0,0,5.812,120.02,-0.382941613304,3.28084,38,Tripod,
557400,2026-05-22 09:27:08,51.9888468330601,4.38998340362015,3.28084,,,-0.382941613304,8.2021,3.131716,6.396325664,31.4802175428,27,5,6.809,0,3.28084,3.131716,8.5868112984,-3.131716,0.223694,0,176.6, -9.3, -3.6,,,0,0,1684,1024,1024,1024,100,0,0,0,195.8,0,-2.8,25,3.404,3.407,0,0,0,0,5.812,120.02,-0.382941613304,3.28084,38,Tripod,
557500,2026-05-22 09:27:08,51.9888452389343,4.38998409725663,3.28084,,,-0.382941613304,8.2021,3.35541,6.829724628,32.082350108,27,5,6.809,0,3.28084,3.35541,8.5868112984,-3.35541,0.223694,0,176.5, -9.2, -3.6,,,0,0,1684,1024,1024,1024,100,0,0,0,195.8,0,-2.7,25,3.404,3.407,0,0,0,0,5.812,120.02,-0.382941613304,3.28084,38,Tripod,
557600,2026-05-22 09:27:08,51.988843825222,4.3899842632909,3.28084,,,-0.382941613304,8.2021,3.35541,7.2764766108,32.5995089172,26,5,6.804,0,3.28084,3.35541,8.5868112984,-3.35541,0.223694,0,176.5, -9, -3.3,,,0,0,1684,1024,1024,1024,100,0,0,0,195.8,0,-2.6,25,3.4,3.402,0,0,0,0,5.71,120.2,-0.382941613304,3.28084,38,Tripod,
557700,2026-05-22 09:27:08,51.9888422705491,4.38998471090523,3.28084,,,-0.382941613304,8.2021,3.35541,7.754757466,33.175525996,26,5,6.804,0,3.28084,3.35541,8.5868112984,-3.35541,0.223694,0,176.5, -8.8, -3.3,,,0,0,1684,1024,1024,1024,100,0,0,0,195.8,0,-2.6,25,3.4,3.402,0,0,0,0,5.71,120.2,-0.382941613304,3.28084,38,Tripod,
557800,2026-05-22 09:27:08,51.988840648553,4.38998492998421,3.28084,,,-0.382941613304,8.2021,3.35541,8.2866144384,33.769358036,25,5,6.804,0,3.28084,3.35541,8.5868112984,-3.35541,0,0,176.5, -8.7, -3.5,,,0,0,1684,1024,1024,1024,100,0,0,0,195.8,0,-2.9,25,3.4,3.402,0,0,0,0,5.71,120.2,-0.382941613304,3.28084,38,Tripod,
557900,2026-05-22 09:27:08,51.9888391698347,4.38998505880509,3.28084,,,-0.382941613304,8.2021,3.579104,8.7836616984,34.309712384,25,5,6.804,0,3.28084,3.579104,8.7836616984,-3.579104,0,0,176.5, -8.3, -3.8,,,0,0,1684,1024,1024,1024,100,0,0,0,195.8,0,-3.3,25,3.4,3.402,0,0,0,0,5.71,120.2,-0.382941613304,3.28084,38,Tripod,
558000,2026-05-22 09:27:08,51.9888376571271,4.38998517418047,3.28084,,,-0.382941613304,8.2021,3.579104,9.2982614524,34.86220584,26,5,6.804,0,3.28084,3.579104,9.2982614524,-3.579104,0,0,176.5, -7.8, -4.2,,,0,0,1684,1024,1024,1024,100,0,0,0,195.8,0,-3.4,25,3.4,3.402,0,0,0,0,5.71,120.2,-0.382941613304,3.28084,38,Tripod,
558100,2026-05-22 09:27:09,51.9888358027634,4.38998549045245,3.28084,,,-0.382941613304,8.2021,3.579104,9.9234583228,35.542323972,26,5,6.804,0,3.28084,3.579104,9.9234583228,-3.579104,0,0,176.5, -7.5, -4.4,,,0,0,1684,1024,1024,1024,100,0,0,0,195.7,0,-3.6,25,3.4,3.402,0,0,0,0,5.71,120.2,-0.382941613304,3.28084,38,Tripod,
558200,2026-05-22 09:27:09,51.9888342488487,4.38998560481924,3.28084,,,-0.382941613304,8.2021,3.579104,10.461614508,36.109909292,26,5,6.804,0,3.28084,3.579104,10.461614508,-3.579104,0,0,176.5, -7.2, -4.4,,,0,0,1684,1024,1024,1024,100,0,0,0,195.8,0,-3.5,25,3.4,3.402,0,0,0,0,5.71,120.2,-0.382941613304,3.28084,38,Tripod,
558300,2026-05-22 09:27:09,51.9888324044227,4.38998609722874,3.28084,,,-0.382941613304,8.530184,3.579104,11.0846132156,36.791995928,22,5,6.804,0,3.28084,3.579104,11.0846132156,-3.579104,0,0,176.5, -7.3, -4.4,,,0,0,1684,1024,1024,1024,100,0,0,0,195.8,0,-3.6,25,3.4,3.402,0,0,0,0,5.71,120.2,-0.382941613304,3.28084,38,Tripod,
558400,2026-05-22 09:27:09,51.988830840519,4.38998623304018,3.28084,,,-0.382941613304,8.2021,3.579104,11.6322510284,37.363518256,22,5,6.804,0,3.28084,3.579104,11.6322510284,-3.579104,0,0,176.5, -7.5, -4.2,,,0,0,1684,1024,1024,1024,100,0,0,0,195.7,0,-3.4,25,3.4,3.402,0,0,0,0,5.71,120.2,-0.382941613304,3.28084,38,Tripod,
558500,2026-05-22 09:27:09,51.9888288024222,4.38998644794917,3.28084,,,-0.382941613304,8.2021,3.802798,12.3473429148,38.10859702,22,5,6.804,0,3.28084,3.802798,12.3473429148,-3.802798,0.223694,0,176.5, -7.4, -4.1,,,0,0,1684,1024,1024,1024,100,0,0,0,195.8,0,-3.1,25,3.4,3.402,0,0,0,0,5.71,120.2,-0.382941613304,3.28084,38,Tripod,
558600,2026-05-22 09:27:09,51.9888272375548,4.38998661433818,3.28084,,,-0.382941613304,8.2021,3.802798,12.8986880768,38.680775516,22,5,6.804,0,3.28084,3.802798,12.8986880768,-3.802798,0.223694,0,176.5, -7.4, -3.7,,,0,0,1684,1024,1024,1024,100,0,0,0,195.8,0,-3.1,25,3.398,3.401,0,0,0,0,5.586,120.2,-0.382941613304,3.28084,38,Tripod,
558700,2026-05-22 09:27:09,51.9888252909594,4.38998691185739,3.28084,,,-0.382941613304,8.2021,3.802798,13.5831369176,39.394030132,23,5,6.804,0,3.28084,3.802798,13.5831369176,-3.802798,0.223694,0,176.5, -7.4, -4,,,0,0,1684,1024,1024,1024,100,0,0,0,195.8,0,-3.1,25,3.398,3.401,0,0,0,0,5.586,120.2,-0.382941613304,3.28084,38,Tripod,
558800,2026-05-22 09:27:09,51.9888237022886,4.38998707887938,3.28084,,,-0.382941613304,8.2021,3.802798,14.146818038,39.975066896,23,5,6.804,0,3.28084,3.802798,14.146818038,-3.802798,0.223694,0,176.5, -7.7, -3.9,,,0,0,1684,1024,1024,1024,100,0,0,0,195.8,0,-3.3,25,3.398,3.401,0,0,0,0,5.586,120.2,-0.382941613304,3.28084,38,Tripod,
558900,2026-05-22 09:27:09,51.9888218369593,4.38998760454789,3.28084,,,-0.382941613304,8.530184,3.802798,14.7984912872,40.665683716,23,5,6.804,0,3.28084,3.802798,14.7984912872,-3.802798,0.223694,0,176.6, -7.7, -4.1,,,0,0,1684,1024,1024,1024,100,0,0,0,195.8,0,-3.4,25,3.398,3.401,0,0,0,0,5.586,120.2,-0.382941613304,3.28084,38,Tripod,
559000,2026-05-22 09:27:09,51.988820229604,4.389987749061,3.28084,,,-0.382941613304,8.530184,3.802798,15.3729991796,41.252954076,23,5,6.804,0,3.28084,3.802798,15.3729991796,-3.802798,0,0,176.5, -7.6, -4.2,,,0,0,1684,1024,1024,1024,100,0,0,0,195.8,0,-3.4,25,3.398,3.401,0,0,0,0,5.586,120.2,-0.382941613304,3.28084,38,Tripod,
559100,2026-05-22 09:27:10,51.9888182724328,4.38998816817753,3.28084,,,-0.382941613304,8.530184,3.802798,16.0662078632,41.973098456,23,5,6.804,0,3.28084,3.802798,16.0662078632,-3.802798,0,0,176.6, -7.7, -4.2,,,0,0,1684,1024,1024,1024,100,0,0,0,195.8,0,-3.5,25,3.398,3.401,0,0,0,0,5.586,120.2,-0.382941613304,3.28084,38,Tripod,
559200,2026-05-22 09:27:10,51.9888166385329,4.38998829221981,3.28084,,,-0.382941613304,8.530184,3.802798,16.653215756,42.569883252,23,5,6.804,0,3.28084,3.802798,16.653215756,-3.802798,0,0,176.6, -7.8, -4.3,,,0,0,1684,1024,1024,1024,100,0,0,0,195.8,0,-3.8,25,3.398,3.401,0,0,0,0,5.586,120.2,-0.382941613304,3.28084,38,Tripod,
559300,2026-05-22 09:27:10,51.9888148244488,4.38998869680225,3.28084,,,-0.382941613304,8.530184,3.802798,17.2984257504,43.23819036,27,5,6.804,0,3.28084,3.802798,17.2984257504,-3.802798,0,0,176.6, -7.9, -4.8,,,0,0,1684,1024,1024,1024,100,0,0,0,195.7,0,-4,25,3.398,3.401,0,0,0,0,5.586,120.2,-0.382941613304,3.28084,38,Tripod,
559400,2026-05-22 09:27:10,51.9888131902662,4.38998879667322,3.28084,,,-0.382941613304,8.530184,3.802798,17.8878286564,43.834647072,27,5,6.804,0,3.28084,3.802798,17.8878286564,-3.802798,0,0,176.6, -7.9, -4.8,,,0,0,1684,1024,1024,1024,100,0,0,0,195.7,0,-4,25,3.398,3.401,0,0,0,0,5.586,120.2,-0.382941613304,3.28084,38,Tripod,
559500,2026-05-22 09:27:10,51.988811325076,4.38998915110456,3.28084,,,-0.382941613304,8.530184,4.026492,18.555282746,44.520014548,27,5,6.804,0,3.28084,4.026492,18.555282746,-4.026492,0,0,176.6, -7.8, -4.7,,,0,0,1684,1024,1024,1024,100,0,0,0,195.8,0,-4,25,3.398,3.401,0,0,0,0,5.586,120.2,-0.382941613304,3.28084,38,Tripod,
559600,2026-05-22 09:27:10,51.9888096744642,4.38998927392261,3.28084,,,-0.382941613304,8.530184,4.026492,19.1513129488,45.122704856,27,5,6.801,0,3.28084,4.026492,19.1513129488,-4.026492,0,0,176.6, -7.9, -4.7,,,0,0,1684,1024,1024,1024,100,0,0,0,195.7,0,-4.1,25,3.397,3.4,0,0,0,0,5.43,120.38,-0.382941613304,3.28084,38,Tripod,
559700,2026-05-22 09:27:10,51.9888077812815,4.38998981053256,3.28084,,,-0.382941613304,8.530184,4.026492,19.8270347552,45.823820364,27,5,6.801,0,3.28084,4.026492,19.8270347552,-4.026492,0,0,176.6, -7.9, -4.9,,,0,0,1684,1024,1024,1024,100,0,0,0,195.7,0,-4,25,3.397,3.4,0,0,0,0,5.43,120.38,-0.382941613304,3.28084,38,Tripod,
559800,2026-05-22 09:27:10,51.9888061066223,4.38998994621879,3.28084,,,-0.382941613304,8.530184,4.026492,20.4327762444,46.435697024,27,5,6.801,0,3.28084,4.026492,20.4327762444,-4.026492,0,0,176.6, -7.9, -4.9,,,0,0,1684,1024,1024,1024,100,0,0,0,195.7,0,-4.1,25,3.397,3.4,0,0,0,0,5.43,120.38,-0.382941613304,3.28084,38,Tripod,
559900,2026-05-22 09:27:10,51.9888042258831,4.38999043763362,3.608924,,,-0.054857613304,8.530184,4.026492,21.1071857148,47.130578936,28,5,6.801,0,3.608924,4.026492,21.1071857148,-4.026492,0,0,176.6, -7.8, -5,,,0,0,1684,1024,1024,1024,100,0,0,0,195.7,0,-4.2,25,3.397,3.4,0,0,0,0,5.43,120.38,-0.054857613304,3.608924,38,Tripod,
560000,2026-05-22 09:27:10,51.9888025314513,4.38999057526747,3.608924,,,-0.054857613304,8.530184,4.026492,21.7210636872,47.749673444,28,5,6.801,0,3.608924,4.026492,21.7210636872,-4.026492,0,0,176.5, -7.6, -5,,,0,0,1580,1024,1024,1024,84,0,0,0,195.6,0,-4.3,25,3.397,3.4,0,0,0,0,5.43,120.38,-0.054857613304,3.608924,38,Tripod,
560100,2026-05-22 09:27:11,51.9888004891557,4.38999105415146,3.608924,,,-0.054857613304,8.530184,4.026492,22.456365548,48.502626224,28,5,6.801,0,3.608924,4.026492,22.456365548,-4.026492,0.223694,0,176.6, -7.9, -4.9,,,0,0,1580,1024,1024,1024,84,0,0,0,195.7,0,-4,25,3.397,3.4,0,0,0,0,5.43,120.38,-0.054857613304,3.608924,38,Tripod,
560200,2026-05-22 09:27:11,51.9887987996125,4.38999121087195,3.608924,,,-0.054857613304,8.530184,4.026492,23.0689968012,49.120080312,28,5,6.801,0,3.608924,4.026492,23.0689968012,-4.026492,0.223694,0,176.6, -7.3, -4.8,,,0,0,799,1024,1024,1024,-34,0,0,0,195.9,0,-4.1,25,3.397,3.4,0,0,0,0,5.43,120.38,-0.054857613304,3.608924,38,Tripod,
560300,2026-05-22 09:27:11,51.988796708057,4.38999189341746,3.608924,,,-0.054857613304,8.530184,4.026492,23.821194988,49.89829556,28,5,6.801,0,3.608924,4.026492,23.821194988,-4.026492,0.223694,0,176.4, -2.7, -4.8,,,0,0,1024,1024,1024,1024,0,0,0,0,195.9,0,-3.9,25,3.397,3.4,0,0,0,0,5.43,120.38,-0.054857613304,3.608924,38,Tripod,
560400,2026-05-22 09:27:11,51.98879511157,4.38999204463593,3.608924,,,-0.054857613304,8.530184,3.802798,24.4008537992,50.481956996,28,5,6.801,0,3.608924,4.026492,24.4008537992,-3.802798,0,0,176.3, -1.4, -4.7,,,0,0,1024,1024,1024,1024,0,0,0,0,195.9,0,-4,25,3.397,3.4,0,0,0,0,5.43,120.38,-0.054857613304,3.608924,38,Tripod,
560500,2026-05-22 09:27:11,51.9887932930718,4.38999256900372,3.608924,,,-0.054857613304,8.530184,3.35541,25.0573826916,51.155513448,28,5,6.801,0,3.608924,4.026492,25.0573826916,-3.35541,0,0,176.3, -2.3, -4.8,,,0,0,1024,1024,1024,1024,0,0,0,0,195.9,0,-4.2,25,3.397,3.4,0,0,0,0,5.43,120.38,-0.054857613304,3.608924,38,Tripod,
560600,2026-05-22 09:27:11,51.9887918922548,4.38999269909056,3.608924,,,-0.054857613304,8.530184,3.131716,25.5665034428,51.667652572,28,5,6.796,0,3.608924,4.026492,25.5665034428,-3.131716,0,0,176.4, -1.8, -4.9,,,0,0,1024,1024,1024,1547,0,0,0,79,196.1,0,-4.1,25,3.395,3.398,0,0,0,0,5.437,120.38,-0.054857613304,3.608924,38,Tripod,
560700,2026-05-22 09:27:11,51.9887903893756,4.3899933133443,3.608924,,,-0.054857613304,8.530184,2.908022,26.1083341688,52.232941304,28,5,6.796,0,3.608924,4.026492,26.1083341688,-2.908022,0,0,176.3, 4.7, -4.9,,,0,0,1024,1024,1024,1684,0,0,0,100,197.9,0,-3.7,25,3.395,3.398,0,0,0,0,5.437,120.38,-0.054857613304,3.608924,38,Tripod,
560800,2026-05-22 09:27:11,51.9887892852275,4.38999340550132,3.608924,,,-0.054857613304,8.2021,2.460634,26.5100402184,52.636484624,28,5,6.796,0,3.608924,4.026492,26.5100402184,-2.460634,0,0,179.2, 7.7, -4.5,,,0,0,1024,1024,1024,1684,0,0,0,100,201.8,0,-3,25,3.395,3.398,0,0,0,0,5.437,120.38,-0.054857613304,3.608924,38,Tripod,
560900,2026-05-22 09:27:11,51.9887882718054,4.38999392587997,3.608924,,,-0.054857613304,8.2021,1.789552,26.8752961356,53.024279912,28,5,6.796,0,3.608924,4.026492,26.8752961356,-1.789552,0,0,183.4, 7.7, -2.9,,,0,0,1024,1024,1024,1684,0,0,0,100,205.7,0,-0.6,25,3.395,3.398,0,0,0,0,5.437,120.38,-0.054857613304,3.608924,38,Tripod,
561000,2026-05-22 09:27:12,51.9887875433199,4.3899939674894,3.608924,,,-0.054857613304,8.2021,1.342164,27.1406176664,53.290027952,28,5,6.796,0,3.608924,4.026492,27.1406176664,-1.342164,0,0,187.7, 6.7, -0.8,,,0,0,1024,1024,1024,1684,0,0,0,100,209.8,0,0.5,25,3.395,3.398,0,0,0,0,5.437,120.38,-0.054857613304,3.608924,38,Tripod,
561100,2026-05-22 09:27:12,51.988786910572,4.38999413619816,3.608924,,,-0.054857613304,8.2021,0.894776,27.3701124244,53.523951844,28,5,6.796,0,3.608924,4.026492,27.3701124244,-0.894776,0,0,191.8, 5.8, -0.2,,,0,0,1024,1024,1024,1684,0,0,0,100,213.8,0,0.3,25,3.395,3.398,0,0,0,0,5.437,120.38,-0.054857613304,3.608924,38,Tripod,
561200,2026-05-22 09:27:12,51.988786539058,4.38999401331054,3.608924,,,-0.054857613304,8.2021,0.447388,27.5064969432,53.662403292,28,5,6.796,0,3.608924,4.026492,27.5064969432,-0.447388,0,0,195.7, 4.7, -1,,,0,0,1024,1024,1024,1684,0,0,0,100,217.8,0,-0.8,25,3.395,3.398,0,0,0,0,5.437,120.38,-0.054857613304,3.608924,38,Tripod,
561300,2026-05-22 09:27:12,51.9887861368723,4.38999397038648,3.608924,,,-0.054857613304,8.2021,0.3131716,27.6534785752,53.809384924,30,5,6.796,0,3.608924,4.026492,27.6534785752,-0.223694,-0.223694,0,199.7, 3.7, -2.1,,,0,0,1024,1024,1024,1684,0,0,0,100,221.8,0,-1.8,25,3.395,3.398,0,0,0,0,5.437,120.38,-0.054857613304,3.608924,38,Tripod,
561400,2026-05-22 09:27:12,51.9887859637986,4.38999377191745,3.608924,,,-0.054857613304,8.2021,0.223694,27.7180783148,53.886812748,30,5,6.796,0,3.608924,4.026492,27.7180783148,0,-0.223694,0,203.6, 2.8, -3,,,0,0,1024,1024,1024,1684,0,0,0,100,225.7,0,-2.6,25,3.395,3.398,0,0,0,0,5.437,120.38,-0.054857613304,3.608924,38,Tripod,
561500,2026-05-22 09:27:12,51.988785911641,4.3899935060157,3.608924,,,-0.054857613304,8.2021,0.223694,27.739174116,53.949476792,30,5,6.796,0,3.608924,4.026492,27.739174116,0,-0.223694,0,207.5, 1.7, -3.8,,,0,0,1024,1024,1024,1684,0,0,0,100,229.7,0,-3.3,25,3.395,3.398,0,0,0,0,5.437,120.38,-0.054857613304,3.608924,38,Tripod,
561600,2026-05-22 09:27:12,51.9887858619591,4.38999331060025,3.608924,,,-0.054857613304,8.530184,0.223694,27.7589247728,53.997048972,30,5,6.79,0,3.608924,4.026492,27.7589247728,0,-0.223694,0,211.5, 0.1, -4.5,,,0,0,1024,1024,1024,1684,0,0,0,100,233.6,0,-4,24,3.391,3.394,0,0,0,0,5.503,120.56,-0.054857613304,3.608924,38,Tripod,
561700,2026-05-22 09:27:12,51.9887858884096,4.3899927155653,3.608924,,,-0.054857613304,8.530184,0.3131716,27.7546596808,54.130907244,30,5,6.79,0,3.608924,4.026492,27.7589247728,0.223694,-0.223694,0,215.6, -0.9, -5.1,,,0,0,1024,1024,1024,1684,0,0,0,100,237.6,0,-4.4,24,3.391,3.394,0,0,0,0,5.503,120.56,-0.054857613304,3.608924,38,Tripod,
561800,2026-05-22 09:27:12,51.98878591619,4.38999252707781,3.608924,,,-0.054857613304,8.2021,0.3131716,27.7463591556,54.174542416,30,5,6.79,0,3.608924,4.026492,27.7589247728,0.223694,-0.223694,0,219.4, 0.4, -5.5,,,0,0,1024,1024,1024,1684,0,0,0,100,241.5,0.1,-5.1,24,3.391,3.394,0,0,0,0,5.503,120.56,-0.054857613304,3.608924,38,Tripod,
561900,2026-05-22 09:27:12,51.9887861869139,4.38999214794305,3.608924,,,-0.054857613304,8.2021,0.3131716,27.6516084964,54.305119848,30,5,6.79,0,3.608924,4.026492,27.7589247728,0.223694,-0.223694,0,223.2, 0.8, -6.3,,,0,0,1024,1024,1024,1684,0,0,0,100,245.4,0.1,-5.8,24,3.391,3.394,0,0,0,0,5.503,120.56,-0.054857613304,3.608924,38,Tripod,
562000,2026-05-22 09:27:13,51.9887862760422,4.38999201464265,3.608924,,,-0.054857613304,8.2021,0.223694,27.62057175,54.349083104,30,5,6.79,0,3.608924,4.026492,27.7589247728,0.223694,0,0,227.2, 0.6, -6.8,,,0,0,1024,1024,1024,1684,0,0,0,100,249.5,0.1,-6.1,24,3.391,3.394,0,0,0,0,5.503,120.56,-0.054857613304,3.608924,38,Tripod,
562100,2026-05-22 09:27:13,51.9887866153317,4.3899916856277,3.608924,,,-0.054857613304,8.530184,0.223694,27.5006242396,54.493440064,28,5,6.79,0,3.608924,4.026492,27.7589247728,0.223694,0,0,231.3, 0.6, -7.1,,,0,0,1024,1024,1024,1684,0,0,0,100,253.6,0.1,-6.6,24,3.391,3.394,0,0,0,0,5.503,120.56,-0.054857613304,3.608924,38,Tripod,
562200,2026-05-22 09:27:13,51.9887867007334,4.38999161237647,3.608924,,,-0.054857613304,8.530184,0,27.4703420864,54.528545052,27,5,6.79,0,3.608924,4.026492,27.7589247728,0,0,0,235.4, 0.7, -7.7,,,0,0,1024,1024,1024,1684,0,0,0,100,257.6,0.1,-6.8,24,3.391,3.394,0,0,0,0,5.503,120.56,-0.054857613304,3.608924,38,Tripod,
562300,2026-05-22 09:27:13,51.9887868977023,4.38999123662917,3.608924,,,-0.054857613304,8.530184,0,27.4031176748,54.639437444,27,5,6.79,0,3.608924,4.026492,27.7589247728,0,0,0,239.4, 0.9, -7.5,,,0,0,1024,1024,1024,1684,0,0,0,100,261.6,0.1,-6.5,24,3.391,3.394,0,0,0,0,5.503,120.56,-0.054857613304,3.608924,38,Tripod,
562400,2026-05-22 09:27:13,51.9887869531133,4.3899912176747,3.608924,,,-0.054857613304,8.2021,0,27.3831701676,54.660106736,27,5,6.79,0,3.608924,4.026492,27.7589247728,0,0,0,243.3, 1, -7.2,,,0,0,1024,1024,1024,1684,0,0,0,100,265.4,0.1,-6.3,24,3.391,3.394,0,0,0,0,5.503,120.56,-0.054857613304,3.608924,38,Tripod,
562500,2026-05-22 09:27:13,51.98878702762,4.38999095001661,3.608924,,,-0.054857613304,8.2021,0,27.3594496944,54.72605162,27,5,6.79,0,3.608924,4.026492,27.7589247728,0,0,0,247, 1.1, -7,,,0,0,1024,1024,1024,1684,0,0,0,100,269.1,0.1,-6.2,24,3.391,3.394,0,0,0,0,5.503,120.56,-0.054857613304,3.608924,38,Tripod,
562600,2026-05-22 09:27:13,51.9887870496435,4.3899909344009,3.608924,,,-0.054857613304,8.530184,0,27.3516412952,54.734909888,27,5,6.783,0,3.608924,4.026492,27.7589247728,0,0,0,250.7, 1.8, -6.9,,,0,0,1024,1024,1024,1684,0,0,0,100,272.9,0.1,-5.8,24,3.39,3.393,0,0,0,0,5.586,120.56,-0.054857613304,3.608924,38,Tripod,
562700,2026-05-22 09:27:13,51.9887869517212,4.38999077146891,3.608924,,,-0.054857613304,8.530184,0,27.389436572,54.786090992,27,5,6.783,0,3.608924,4.026492,27.7589247728,0,0,0,254.4, 2.2, -6.5,,,0,0,1024,1024,1024,1684,0,0,0,100,276.7,0.1,-5.4,24,3.39,3.393,0,0,0,0,5.586,120.56,-0.054857613304,3.608924,38,Tripod,
562800,2026-05-22 09:27:13,51.9887869535438,4.38999077473812,3.608924,,,-0.054857613304,8.530184,0,27.3887475956,54.787075244,27,5,6.783,0,3.608924,4.026492,27.7589247728,0,0,0,258.4, 2.5, -6.1,,,0,0,1024,1024,1024,1684,0,0,0,100,280.8,0.1,-5.3,24,3.39,3.393,0,0,0,0,5.586,120.56,-0.054857613304,3.608924,38,Tripod,
562900,2026-05-22 09:27:13,51.9887869061408,4.38999062800265,3.608924,,,-0.054857613304,8.530184,0,27.407973318,54.824148736,26,5,6.783,0,3.608924,4.026492,27.7589247728,0,0,0,262.5, 2.3, -6,,,0,0,1024,1024,1024,1684,0,0,0,100,284.9,0.1,-5.1,24,3.39,3.393,0,0,0,0,5.586,120.56,-0.054857613304,3.608924,38,Tripod,
563000,2026-05-22 09:27:14,51.9887868940378,4.38999015529885,3.608924,,,-0.054857613304,8.530184,0,27.418964132,54.930447952,26,5,6.783,0,3.608924,4.026492,27.7589247728,0,0,0,266.6, 2.1, -5.8,,,0,0,1024,1024,1024,1684,0,0,0,100,289,0.1,-4.9,24,3.39,3.393,0,0,0,0,5.586,120.56,-0.054857613304,3.608924,38,Tripod,
563100,2026-05-22 09:27:14,51.9887868871607,4.3899901844644,3.608924,,,-0.054857613304,8.530184,0,27.4210638696,54.9376658,26,5,6.783,0,3.608924,4.026492,27.7589247728,0,0,0,270.7, 2.3, -5.5,,,0,0,1024,1024,1024,1684,0,0,0,100,293.1,0.1,-4.7,24,3.39,3.393,0,0,0,0,5.586,120.56,-0.054857613304,3.608924,38,Tripod,
563200,2026-05-22 09:27:14,51.9887868761029,4.38999020245898,3.608924,,,-0.054857613304,8.530184,0,27.4248368356,54.943243228,26,5,6.783,0,3.608924,4.026492,27.7589247728,0,0,0,274.7, 2.6, -5.4,,,0,0,1024,1024,1024,1684,0,0,0,100,297.2,0.1,-4.6,24,3.39,3.393,0,0,0,0,5.586,120.56,-0.054857613304,3.608924,38,Tripod,
563300,2026-05-22 09:27:14,51.9887869854685,4.38998984060932,3.608924,,,-0.054857613304,8.530184,0,27.3903223988,55.033794412,26,5,6.783,0,3.608924,4.026492,27.7589247728,0,0,0,278.8, 2.8, -5,,,0,0,1024,1024,1024,1684,0,0,0,100,301.1,0.1,-4.1,24,3.39,3.393,0,0,0,0,5.586,120.56,-0.054857613304,3.608924,38,Tripod,
563400,2026-05-22 09:27:14,51.9887869746956,4.38998983739575,3.608924,,,-0.054857613304,8.530184,0,27.3942922152,55.03773142,26,5,6.783,0,3.608924,4.026492,27.7589247728,0,0,0,282.7, 3, -4.3,,,0,0,1024,1024,1024,1684,0,0,0,100,305.1,0,-3.4,24,3.39,3.393,0,0,0,0,5.586,120.56,-0.054857613304,3.608924,38,Tripod,
563500,2026-05-22 09:27:14,51.9887870866269,4.38998959269519,3.608924,,,-0.054857613304,8.530184,0,27.35728434,55.106300976,27,5,6.783,0,3.608924,4.026492,27.7589247728,0,0,0,286.6, 3.4, -3.8,,,0,0,1024,1024,1024,1684,0,0,0,100,309,0,-3.3,24,3.39,3.393,0,0,0,0,5.586,120.56,-0.054857613304,3.608924,38,Tripod,
563600,2026-05-22 09:27:14,51.9887870993574,4.38998959133881,3.608924,,,-0.054857613304,8.530184,0,27.3526583556,55.110894152,27,5,6.78,0,3.608924,4.026492,27.7589247728,0,0,0,290.5, 3.6, -4.1,,,0,0,1024,1024,1024,1684,0,0,0,100,312.9,0,-3.8,24,3.388,3.391,0,0,0,0,5.489,120.74,-0.054857613304,3.608924,38,Tripod,
563700,2026-05-22 09:27:14,51.988787132882,4.38998950037471,3.608924,,,-0.054857613304,8.2021,0,27.3418972004,55.134844284,26,5,6.78,0,3.608924,4.026492,27.7589247728,0,0,0,294.5, 4.1, -4.6,,,0,0,1024,1024,1024,1684,0,0,0,100,316.9,0,-3.9,24,3.388,3.391,0,0,0,0,5.489,120.74,-0.054857613304,3.608924,38,Tripod,
563800,2026-05-22 09:27:14,51.9887871398791,4.38998950886075,3.608924,,,-0.054857613304,8.530184,0,27.3392069116,55.138125124,26,5,6.78,0,3.608924,4.026492,27.7589247728,0,0,0,299, 4.3, -4.3,,,0,0,1024,1024,1024,1684,0,0,0,100,323.8,0.1,-3.2,24,3.388,3.391,0,0,0,0,5.489,120.74,-0.054857613304,3.608924,38,Tripod,
563900,2026-05-22 09:27:14,51.9887871079736,4.38998941791056,3.608924,,,-0.054857613304,8.2021,0,27.3522318464,55.161419088,25,5,6.78,0,3.608924,4.026492,27.7589247728,0,0,0,307.1, 4.2, -3.4,,,0,0,1024,1024,1024,1684,0,0,0,100,332.3,0.1,-2.3,24,3.388,3.391,0,0,0,0,5.489,120.74,-0.054857613304,3.608924,31,Sport,
564000,2026-05-22 09:27:14,51.9887870868625,4.38998940891675,3.608924,,,-0.054857613304,8.2021,0,27.360073054,55.169621188,25,5,6.78,0,3.608924,4.026492,27.7589247728,0,0,0,315.8, 4, -2.2,,,0,0,1024,1024,1024,1617,0,0,0,90,341,0,-0.5,24,3.388,3.391,0,0,0,0,5.489,120.74,-0.054857613304,3.608924,31,Sport,
564100,2026-05-22 09:27:15,51.9887871428518,4.38998937255198,3.608924,,,-0.054857613304,8.2021,0,27.3402567804,55.191602816,25,5,6.78,0,3.608924,4.026492,27.7589247728,0,0,0,324.5, 3.7, -0.1,,,0,0,1024,1024,1024,1273,0,0,0,38,349.6,0,1.1,24,3.388,3.391,0,0,0,0,5.489,120.74,-0.054857613304,3.608924,31,Sport,
564200,2026-05-22 09:27:15,51.9887871163007,4.38998936261913,3.608924,,,-0.054857613304,8.530184,0,27.3500993004,55.201445336,25,5,6.78,0,3.608924,4.026492,27.7589247728,0,0,0,332.7, 3.4, 0.8,,,0,0,1024,1024,1024,1273,0,0,0,38,355.5,0,0.9,24,3.388,3.391,0,0,0,0,5.489,120.74,-0.054857613304,3.608924,31,Sport,
564300,2026-05-22 09:27:15,51.9887869384467,4.38998939168035,3.608924,,,-0.054857613304,8.2021,0,27.414370956,55.266734052,27,5,6.78,0,3.608924,4.026492,27.7589247728,0,0,0,336.7, 3.6, 0.3,,,0,0,1024,1024,1024,1062,0,0,0,6,357.3,0,0.5,24,3.388,3.391,0,0,0,0,5.489,120.74,-0.054857613304,3.608924,31,Sport,
564400,2026-05-22 09:27:15,51.9887869178325,4.38998939999945,3.608924,,,-0.054857613304,8.530184,0,27.4217200376,55.274279984,27,5,6.78,0,3.608924,4.026492,27.7589247728,0,0,0,337.5, 3.9, 0.2,,,0,0,1024,1024,1024,1024,0,0,0,0,357,0,1,24,3.388,3.391,0,0,0,0,5.489,120.74,-0.054857613304,3.608924,31,Sport,
564500,2026-05-22 09:27:15,51.9887868435378,4.38998943280287,3.608924,,,-0.054857613304,8.530184,0,27.4482620332,55.302495208,27,5,6.78,0,3.608924,4.026492,27.7589247728,0,0,0,337.2, 4, 0.8,,,0,0,1024,1024,1024,1024,0,0,0,0,356.9,0,1.4,24,3.388,3.391,0,0,0,0,5.489,120.74,-0.054857613304,3.608924,31,Sport,
564600,2026-05-22 09:27:15,51.9887868076317,4.38998946595408,3.608924,,,-0.054857613304,8.530184,0,27.460794842,55.317587072,27,5,6.778,0,3.608924,4.026492,27.7589247728,0,0,0,337.2, 3.7, 1,,,0,0,1024,1024,1024,1024,0,0,0,0,357,0,1.1,24,3.387,3.39,0,0,0,0,5.368,120.74,-0.054857613304,3.608924,31,Sport,
564700,2026-05-22 09:27:15,51.9887866070667,4.3899896911124,3.608924,,,-0.054857613304,8.530184,0,27.5303158416,55.406497836,27,5,6.778,0,3.608924,4.026492,27.7589247728,0,0,0,337.2, 3.2, 0.6,,,0,0,1024,1024,1024,1024,0,0,0,0,357,0,1,24,3.387,3.39,0,0,0,0,5.368,120.74,-0.054857613304,3.608924,31,Sport,
564800,2026-05-22 09:27:15,51.9887865629148,4.38998972902831,3.608924,,,-0.054857613304,8.530184,0,27.5458342148,55.42487054,27,5,6.778,0,3.608924,4.026492,27.7589247728,0,0,0,337.2, 3, 0.6,,,0,0,1069,1024,1024,1024,7,0,0,0,357,0,0.8,24,3.387,3.39,0,0,0,0,5.368,120.74,-0.054857613304,3.608924,31,Sport,
564900,2026-05-22 09:27:15,51.9887863925484,4.38998978854537,3.608924,,,-0.054857613304,8.530184,0,27.606956264,55.488190752,27,5,6.778,0,3.608924,4.026492,27.7589247728,0,0,0,337.2, 2.8, 0.3,,,0,0,1684,1024,1024,1024,100,0,0,0,357,0,1,24,3.387,3.39,0,0,0,0,5.368,120.74,-0.054857613304,3.608924,31,Sport,
565000,2026-05-22 09:27:15,51.9887863494524,4.38998980062059,3.608924,,,-0.054857613304,8.530184,0,27.6224418288,55.504266868,27,5,6.778,0,3.608924,4.026492,27.7589247728,0,0,0,337.1, 0, 0.7,,,0,0,1684,1024,1024,1024,100,0,0,0,357,0,1.1,24,3.387,3.39,0,0,0,0,5.368,120.74,-0.054857613304,3.608924,31,Sport,
565100,2026-05-22 09:27:16,51.988786332629,4.38998950444384,3.608924,,,-0.054857613304,8.530184,0,27.6331045588,55.571196004,27,5,6.778,0,3.608924,4.026492,27.7589247728,0,0,0,337, -10.6, 0.7,,,0,0,1684,1024,1024,1024,100,0,0,0,357.3,0,1.1,24,3.387,3.39,0,0,0,0,5.368,120.74,-0.054857613304,3.608924,31,Sport,
565200,2026-05-22 09:27:16,51.9887864905392,4.38998936398594,3.608924,,,-0.054857613304,8.2021,0.4921268,27.5778224048,55.636812804,27,5,6.778,0,3.608924,4.026492,27.7589247728,0.447388,-0.223694,0,337, -21, 1.3,,,0,0,1684,1024,1024,1024,100,0,0,0,357.9,0,1.8,24,3.387,3.39,0,0,0,0,5.368,120.74,-0.054857613304,3.608924,31,Sport,
565300,2026-05-22 09:27:16,51.9887870259152,4.38998889309065,3.608924,,,-0.054857613304,8.2021,1.4987498,27.3906504828,55.858925672,24,5,6.778,0,3.608924,4.026492,27.7589247728,1.342164,-0.671082,0,337.1, -23.5, 2,,,0,0,1684,1024,1024,1024,100,0,0,0,358,0,1.9,24,3.387,3.39,0,0,0,0,5.368,120.74,-0.054857613304,3.608924,31,Sport,
565400,2026-05-22 09:27:16,51.9887878381297,4.389988318217,3.608924,,,-0.054857613304,8.2021,2.4158952,27.1051845944,56.182088412,24,5,6.778,0,3.608924,4.026492,27.7589247728,2.23694,-0.894776,0,337.2, -21.7, 1.6,,,0,0,1684,1024,1024,1024,100,0,0,0,357.8,0,1.7,24,3.387,3.39,0,0,0,0,5.368,120.74,-0.054857613304,3.608924,31,Sport,
565500,2026-05-22 09:27:16,51.9887890201449,4.38998713609755,3.608924,,,-0.054857613304,8.2021,3.1093466,26.6982948176,56.688650108,24,5,6.778,0,3.608924,4.026492,27.7589247728,2.908022,-1.11847,0,337.1, -20.6, 1.6,,,0,0,1684,1024,1024,1024,100,0,0,0,357.7,0,1.8,24,3.387,3.39,0,0,0,0,5.368,120.74,-0.054857613304,3.608924,31,Sport,
565600,2026-05-22 09:27:16,51.9887904562727,4.38998616298512,3.608924,,,-0.054857613304,8.2021,3.914645,26.1978026756,57.256563512,24,5,6.775,0,3.608924,4.026492,27.7589247728,3.579104,-1.565858,0,337.1, -19.2, 1.7,,,0,0,1684,1024,1024,1024,100,0,0,0,357.6,0,1.6,24,3.378,3.381,0,0,0,0,5.459,120.74,-0.054857613304,3.608924,31,Sport,
565700,2026-05-22 09:27:16,51.9887921313024,4.38998490231415,3.608924,,,-0.054857613304,8.2021,4.6080964,25.6208341532,57.930119964,24,5,6.775,0,3.608924,4.6080964,27.7589247728,4.250186,-1.789552,0,337, -18.3, 1.2,,,0,0,1684,1024,1024,1024,100,0,0,0,357.2,0,1,24,3.378,3.381,0,0,0,0,5.459,120.74,-0.054857613304,3.608924,31,Sport,
565800,2026-05-22 09:27:16,51.9887944699832,4.38998347861728,3.608924,,,-0.054857613304,8.530184,5.3239172,24.8133866208,58.841209232,25,5,6.775,0,3.608924,5.3239172,27.7589247728,4.921268,-2.013246,0,336.9, -17.8, 0.7,,,0,0,1684,1024,1024,1024,100,0,0,0,357.1,0,0.8,24,3.378,3.381,0,0,0,0,5.459,120.74,-0.054857613304,3.608924,31,Sport,
565900,2026-05-22 09:27:16,51.9887965789403,4.3899820777249,3.608924,,,-0.054857613304,8.530184,5.816044,24.095473212,59.672574088,25,5,6.775,0,3.608924,5.816044,27.7589247728,5.368656,-2.23694,0,337, -17.3, 0.7,,,0,0,1684,1024,1024,1024,100,0,0,0,357.4,0,1.5,24,3.378,3.381,0,0,0,0,5.459,120.74,-0.054857613304,3.608924,31,Sport,
566000,2026-05-22 09:27:16,51.9887988787442,4.38998053853092,3.608924,,,-0.054857613304,8.530184,6.3081708,23.3216214812,60.580054432,25,5,6.775,0,3.608924,6.3081708,27.7589247728,5.816044,-2.460634,0,337.1, -16.8, 1.4,,,0,0,1684,1024,1024,1024,100,0,0,0,357.5,0,1.6,24,3.378,3.381,0,0,0,0,5.459,120.74,-0.054857613304,3.608924,31,Sport,
566100,2026-05-22 09:27:17,51.988801428312,4.38997818424225,3.608924,,,-0.054857613304,8.530184,6.7331894,22.503773686,61.65026444,25,5,6.775,0,3.608924,6.7331894,27.7589247728,6.263432,-2.460634,0,337.2, -16.6, 1.3,,,0,0,1684,1024,1024,1024,100,0,0,0,357.6,0,1.6,24,3.378,3.381,0,0,0,0,5.459,120.74,-0.054857613304,3.608924,31,Sport,
566200,2026-05-22 09:27:17,51.9888040466391,4.38997637968559,3.608924,,,-0.054857613304,8.530184,7.0239916,21.6554140788,62.687994132,25,5,6.775,0,3.608924,7.0239916,27.7589247728,6.487126,-2.684328,0,337.2, -16.4, 1.7,,,0,0,1684,1024,1024,1024,100,0,0,0,357.8,0,2.1,24,3.378,3.381,0,0,0,0,5.459,120.74,-0.054857613304,3.608924,31,Sport,
566300,2026-05-22 09:27:17,51.9888066064219,4.38997367335142,3.608924,,,-0.054857613304,8.530184,7.5161184,20.8969166792,63.80249548,26,5,6.775,0,3.608924,7.5161184,27.7589247728,6.934514,-2.908022,0,337.2, -16.5, 1.8,,,0,0,1684,1024,1024,1024,100,0,0,0,357.6,0,1.6,24,3.378,3.381,0,0,0,0,5.459,120.74,-0.054857613304,3.608924,31,Sport,
566400,2026-05-22 09:27:17,51.9888094992959,4.38997173107048,3.608924,,,-0.054857613304,8.530184,7.717443,20.0043641572,64.944555884,26,5,6.775,0,3.608924,7.717443,27.7589247728,7.158208,-2.908022,0,337.2, -17.1, 1.2,,,0,0,1684,1024,1024,1024,100,0,0,0,357.5,0,1.4,24,3.378,3.381,0,0,0,0,5.459,120.74,-0.054857613304,3.608924,31,Sport,
566500,2026-05-22 09:27:17,51.9888121852697,4.38996881524586,3.608924,,,-0.054857613304,8.530184,8.2319392,19.2828418244,66.123361696,26,5,6.775,0,3.608924,8.2319392,27.7589247728,7.605596,-3.131716,0,337.2, -17.3, 1.2,,,0,0,1684,1024,1024,1024,100,0,0,0,357.5,0,1.2,24,3.378,3.381,0,0,0,0,5.459,120.74,-0.054857613304,3.608924,31,Sport,
566600,2026-05-22 09:27:17,51.988815346651,4.38996673615185,3.608924,,,-0.054857613304,8.530184,8.4332638,18.375656756,67.367784308,26,5,6.775,0,3.608924,8.4332638,27.7589247728,7.82929,-3.131716,0,337.3, -17.3, 0.8,,,0,0,1684,1024,1024,1024,100,0,0,0,357.2,0,0.5,24,3.378,3.381,0,0,0,0,5.459,120.74,-0.054857613304,3.608924,31,Sport,
566700,2026-05-22 09:27:17,51.9888184496035,4.38996367570979,3.608924,,,-0.054857613304,8.530184,8.9253906,17.6245412464,68.692259416,26,5,6.775,0,3.608924,8.9253906,27.7589247728,8.276678,-3.35541,0,337.1, -17.1, 0.1,,,0,0,1684,1024,1024,1024,100,0,0,0,357.1,0,0.6,24,3.378,3.381,0,0,0,0,5.459,120.74,-0.054857613304,3.608924,31,Sport,
566800,2026-05-22 09:27:17,51.9888218491222,4.3899614151397,3.608924,,,-0.054857613304,8.858268,9.1490846,16.7610897752,70.03281064,26,5,6.775,0,3.608924,9.1490846,27.7589247728,8.500372,-3.35541,0,337, -17.3, 0.4,,,0,0,1684,1024,1024,1024,100,0,0,0,357.2,0,0.8,24,3.378,3.381,0,0,0,0,5.459,120.74,-0.054857613304,3.608924,31,Sport,
566900,2026-05-22 09:27:17,51.988825528979,4.3899584018369,3.608924,,,-0.054857613304,8.858268,9.4398868,15.9715884376,71.536419612,26,5,6.775,0,3.608924,9.4398868,27.7589247728,8.724066,-3.579104,0,337.1, -17.3, 0.7,,,0,0,1684,1024,1024,1024,100,0,0,0,357.4,0,1.1,24,3.378,3.381,0,0,0,0,5.459,120.74,-0.054857613304,3.608924,31,Sport,
567000,2026-05-22 09:27:18,51.9888291442582,4.38995593661411,3.608924,,,-0.054857613304,8.530184,9.730689,15.2312997,72.966865852,26,5,6.775,0,3.608924,9.730689,27.7589247728,8.94776,-3.802798,0,337.2, -16.8, 1.1,,,0,0,1684,1024,1024,1024,100,0,0,0,357.5,0,1.4,24,3.378,3.381,0,0,0,0,5.459,120.74,-0.054857613304,3.608924,31,Sport,
567100,2026-05-22 09:27:18,51.9888330699219,4.38995272363893,3.608924,,,-0.054857613304,8.858268,9.9320136,14.6280516492,74.570868528,26,5,6.775,0,3.608924,9.9320136,27.7589247728,9.171454,-3.802798,0,337.1, -17.1, 1.3,,,0,0,1684,1024,1024,1024,100,0,0,0,357.5,0,1.6,24,3.378,3.381,0,0,0,0,5.459,120.74,-0.054857613304,3.608924,31,Sport,
567200,2026-05-22 09:27:18,51.9888368993832,4.38995012231256,3.608924,,,-0.054857613304,8.858268,10.4241404,14.0988521572,76.085304272,26,5,6.775,0,3.608924,10.4241404,27.7589247728,9.618842,-4.026492,0,337.2, -16.7, 1.3,,,0,0,1684,1024,1024,1024,100,0,0,0,357.5,0,1.5,24,3.378,3.381,0,0,0,0,5.459,120.74,-0.054857613304,3.608924,31,Sport,
567300,2026-05-22 09:27:18,51.9888408842232,4.38994679710601,3.608924,,,-0.054857613304,8.858268,10.625465,13.8204400748,77.71981876,28,5,6.775,0,3.608924,10.625465,27.7589247728,9.842536,-4.026492,0,337.2, -16.6, 1.4,,,0,0,1684,1024,1024,1024,100,0,0,0,357.5,0,1.4,24,3.378,3.381,0,0,0,0,5.459,120.74,-0.054857613304,3.608924,31,Sport,
567400,2026-05-22 09:27:18,51.9888448863769,4.38994411722811,3.608924,,,-0.054857613304,8.858268,10.849159,13.600230094,79.29954322,28,5,6.775,0,3.608924,10.849159,27.7589247728,10.06623,-4.026492,0,337.2, -17.2, 0.9,,,0,0,1684,1024,1024,1024,100,0,0,0,357.3,0,0.9,24,3.378,3.381,0,0,0,0,5.459,120.74,-0.054857613304,3.608924,31,Sport,
567500,2026-05-22 09:27:18,51.9888488259383,4.38994079158334,3.608924,,,-0.054857613304,8.858268,11.0504836,13.705545058,80.919293928,28,5,6.775,0,3.608924,11.0504836,27.7589247728,10.289924,-4.026492,0,337.2, -17, 0.5,,,0,0,1684,1024,1024,1024,100,0,0,0,357.3,0,0.9,24,3.378,3.381,0,0,0,0,5.459,120.74,-0.054857613304,3.608924,31,Sport,
567600,2026-05-22 09:27:18,51.9888529998185,4.38993800869742,3.608924,,,-0.054857613304,8.530184,11.1399612,13.8601382388,82.56561944,28,5,6.755,0,3.608924,11.1399612,27.7589247728,10.289924,-4.250186,0,337.2, -16.8, 0.7,,,0,0,1684,1024,1024,1024,100,0,0,0,357.4,0,0.9,24,3.376,3.379,0,0,0,0,5.846,120.92,-0.054857613304,3.608924,31,Sport,
567700,2026-05-22 09:27:18,51.9888569422478,4.38993434404922,3.608924,,,-0.054857613304,8.858268,11.3412858,14.4121067604,84.222771724,28,5,6.755,0,3.608924,11.3412858,27.7589247728,10.513618,-4.250186,0,337.2, -17.2, 0.6,,,0,0,1684,1024,1024,1024,100,0,0,0,357.3,0,0.8,24,3.376,3.379,0,0,0,0,5.846,120.92,-0.054857613304,3.608924,31,Sport,
567800,2026-05-22 09:27:18,51.9888612571334,4.38993146881153,3.608924,,,-0.054857613304,8.858268,11.5426104,14.946358746,85.924543432,28,5,6.755,0,3.608924,11.5426104,27.7589247728,10.737312,-4.250186,0,337.2, -17.4, 0.5,,,0,0,1684,1024,1024,1024,100,0,0,0,357.3,0,0.8,24,3.376,3.379,0,0,0,0,5.846,120.92,-0.054857613304,3.608924,31,Sport,
567900,2026-05-22 09:27:18,51.9888654797016,4.38992761892418,3.608924,,,-0.054857613304,8.858268,11.8334126,15.86368161,87.691275772,28,5,6.755,0,3.608924,11.8334126,27.7589247728,10.961006,-4.47388,0,337.2, -17.5, 0.5,,,0,0,1684,1024,1024,1024,100,0,0,0,357.3,0,0.7,24,3.376,3.379,0,0,0,0,5.846,120.92,-0.054857613304,3.608924,31,Sport,
568000,2026-05-22 09:27:19,51.9888697825978,4.38992372045076,3.608924,,,-0.054857613304,8.858268,11.8334126,16.932087156,89.489176092,28,5,6.755,0,3.608924,11.8334126,27.7589247728,10.961006,-4.47388,0,337.2, -17.3, 0.3,,,0,0,1684,1024,1024,1024,100,0,0,0,357.2,0,0.6,24,3.376,3.379,0,0,0,0,5.846,120.92,-0.054857613304,3.608924,31,Sport,
568100,2026-05-22 09:27:19,51.9888742910278,4.38992071948054,3.608924,,,-0.054857613304,8.858268,12.0571066,17.9395675032,91.266735204,28,5,6.755,0,3.608924,12.0571066,27.7589247728,11.1847,-4.47388,0,337.2, -17.3, 0.2,,,0,0,1684,1024,1024,1024,100,0,0,0,357.2,0,0.5,24,3.376,3.379,0,0,0,0,5.846,120.92,-0.054857613304,3.608924,31,Sport,
568200,2026-05-22 09:27:19,51.9888788521016,4.3899176571465,3.608924,,,-0.054857613304,8.858268,12.3479088,19.079232894,93.06758828,28,5,6.755,0,3.608924,12.3479088,27.7589247728,11.408394,-4.697574,0,337.2, -17.7, 0.2,,,0,0,1684,1024,1024,1024,100,0,0,0,357.3,0,0.8,24,3.376,3.379,0,0,0,0,5.846,120.92,-0.054857613304,3.608924,31,Sport,
568300,2026-05-22 09:27:19,51.9888834826275,4.38991354365628,3.608924,,,-0.054857613304,8.858268,12.3479088,20.5425203424,94.99344136,25,5,6.755,0,3.608924,12.3479088,27.7589247728,11.408394,-4.697574,0,337.2, -18.5, 0.7,,,0,0,1684,1024,1024,1024,100,0,0,0,357.4,0,1,24,3.376,3.379,0,0,0,0,5.846,120.92,-0.054857613304,3.608924,31,Sport,
568400,2026-05-22 09:27:19,51.9888881422169,4.38991040729892,3.608924,,,-0.054857613304,8.858268,12.5492334,21.8839245848,96.833664516,25,5,6.755,0,3.608924,12.5492334,27.7589247728,11.632088,-4.697574,0,337.2, -19.1, 0.7,,,0,0,1684,1024,1024,1024,100,0,0,0,357.4,0,0.9,24,3.376,3.379,0,0,0,0,5.846,120.92,-0.054857613304,3.608924,31,Sport,
568500,2026-05-22 09:27:19,51.9888929167617,4.38990627993889,3.608924,,,-0.054857613304,9.186352,12.5492334,23.5087934032,98.807089776,25,5,6.755,0,3.608924,12.5492334,27.7589247728,11.632088,-4.697574,0,337.3, -20.3, 0.5,,,0,0,1684,1024,1024,1024,100,0,0,0,357.3,0,0.7,24,3.376,3.379,0,0,0,0,5.846,120.92,-0.054857613304,3.608924,31,Sport,
568600,2026-05-22 09:27:19,51.9888976472811,4.38990310724459,3.608924,,,-0.054857613304,9.186352,12.750558,24.991962742,100.674543904,25,5,6.751,0,3.608924,12.750558,27.7589247728,11.855782,-4.697574,0,337.3, -20.9, 0.2,,,0,0,1684,1024,1024,1024,100,0,0,0,357.1,0,0.3,24,3.379,3.38,0,0,0,0,5.812,120.92,-0.054857613304,3.608924,31,Sport,
568700,2026-05-22 09:27:19,51.988902743566,4.38989906059933,3.608924,,,-0.054857613304,9.186352,13.0413602,26.761155712,102.744097776,25,5,6.751,0,3.608924,13.0413602,27.7589247728,12.079476,-4.921268,0,337.2, -20.7, 0.1,,,0,0,1684,1024,1024,1024,100,0,0,0,357.1,0,0.2,24,3.379,3.38,0,0,0,0,5.812,120.92,-0.054857613304,3.608924,31,Sport,
568800,2026-05-22 09:27:19,51.9889076381936,4.38989575319955,3.608924,,,-0.054857613304,9.186352,13.0413602,28.3930783364,104.67848104,25,5,6.751,0,3.608924,13.0413602,28.3930783364,12.079476,-4.921268,0,337.2, -20.3, 0,,,0,0,1684,1024,1024,1024,100,0,0,0,357.3,0,0.7,24,3.379,3.38,0,0,0,0,5.812,120.92,-0.054857613304,3.608924,31,Sport,"Max Height Above Ground Level (AGL): 1m."
568900,2026-05-22 09:27:19,51.9889126356074,4.38989151801115,3.608924,,,-0.054857613304,9.186352,13.3321624,30.2485573984,106.735239636,25,5,6.751,0,3.608924,13.3321624,30.2485573984,12.30317,-5.144962,0,337.3, -19.3, 0.4,,,0,0,1684,1024,1024,1024,100,0,0,0,357.3,0,0.6,24,3.379,3.38,0,0,0,0,5.812,120.92,-0.054857613304,3.608924,31,Sport,
569000,2026-05-22 09:27:20,51.9889176757017,4.38988807431999,3.608924,,,-0.054857613304,9.186352,13.533487,32.000985276,108.729990356,25,5,6.751,0,3.608924,13.533487,32.000985276,12.526864,-5.144962,0,337.3, -18.6, 0.3,,,0,0,1024,1024,1024,1024,0,0,0,0,357.4,0,0.8,24,3.379,3.38,0,0,0,0,5.812,120.92,-0.054857613304,3.608924,31,Sport,
569100,2026-05-22 09:27:20,51.9889228483695,4.38988353163084,3.608924,,,-0.054857613304,9.186352,13.533487,33.998360668,110.875659716,25,5,6.751,0,3.608924,13.533487,33.998360668,12.526864,-5.144962,0,337.3, -16.4, 0.4,,,0,0,1024,1024,1024,1024,0,0,0,0,357.3,0,0.7,24,3.379,3.38,0,0,0,0,5.812,120.92,-0.054857613304,3.608924,31,Sport,
569200,2026-05-22 09:27:20,51.9889279186708,4.38988008074741,3.608924,,,-0.054857613304,9.514436,13.533487,35.806103508,112.881565292,25,5,6.751,0,3.608924,13.533487,35.806103508,12.526864,-5.144962,0,337.4, -4.5, 0.1,,,0,0,1024,1024,1024,1024,0,0,0,0,357.1,0,0.3,24,3.379,3.38,0,0,0,0,5.812,120.92,-0.054857613304,3.608924,31,Sport,
569300,2026-05-22 09:27:20,51.9889329813391,4.3898757646773,3.608924,,,-0.054857613304,9.514436,12.8400356,37.772967088,114.967523364,26,5,6.751,0,3.608924,13.533487,37.772967088,11.855782,-4.921268,0,337.4, 7.3, 0.1,,,0,0,1024,1024,1024,1024,0,0,0,0,357,0,1,24,3.379,3.38,0,0,0,0,5.812,120.92,-0.054857613304,3.608924,31,Sport,
569400,2026-05-22 09:27:20,51.9889376187614,4.38987253989817,3.608924,,,-0.054857613304,9.514436,12.1242148,39.4685052,116.808402688,26,5,6.751,0,3.608924,13.533487,39.4685052,11.1847,-4.697574,0,337.5, 16, 0.7,,,0,0,1024,1024,1024,1024,0,0,0,0,356.8,0,0.9,24,3.379,3.38,0,0,0,0,5.812,120.92,-0.054857613304,3.608924,31,Sport,
569500,2026-05-22 09:27:20,51.9889413108561,4.38986837635422,3.608924,,,-0.054857613304,9.514436,10.7149426,41.080709976,118.44816652,26,5,6.751,0,3.608924,13.533487,41.080709976,9.842536,-4.250186,0,337.6, 27.1, 0.4,,,0,0,1024,1024,1024,1024,0,0,0,0,356.5,0,1.6,24,3.379,3.38,0,0,0,0,5.812,120.92,-0.054857613304,3.608924,31,Sport,
569600,2026-05-22 09:27:20,51.9889449677235,4.38986578443901,3.608924,,,-0.054857613304,9.84252,9.2161928,42.4376654,119.903875228,26,5,6.751,0,3.608924,13.533487,42.4376654,8.500372,-3.579104,0,337.7, 27.3, 1.7,,,0,0,1024,1024,1024,1024,0,0,0,0,356.4,0,2.1,23,3.365,3.364,0,0,0,0,5.703,120.92,-0.054857613304,3.608924,31,Sport,
569700,2026-05-22 09:27:20,51.9889479337528,4.38986253570421,3.608924,,,-0.054857613304,9.84252,7.717443,43.72211426,121.209321464,27,5,6.751,0,3.608924,13.533487,43.72211426,7.158208,-2.908022,0,337.7, 26.4, 1.1,,,0,0,1024,1024,1024,1024,0,0,0,0,356.7,0,1.2,23,3.365,3.364,0,0,0,0,5.703,120.92,-0.054857613304,3.608924,31,Sport,
569800,2026-05-22 09:27:20,51.9889504747247,4.38986077685392,3.608924,,,-0.054857613304,9.84252,6.3081708,44.664371508,122.217195512,27,5,6.751,0,3.608924,13.533487,44.664371508,5.816044,-2.460634,0,337.6, 26.2, 0.6,,,0,0,1024,1024,1024,1024,0,0,0,0,356.7,0,1.2,23,3.365,3.364,0,0,0,0,5.703,120.92,-0.054857613304,3.608924,31,Sport,
569900,2026-05-22 09:27:20,51.9889529345334,4.38985863162444,3.608924,,,-0.054857613304,9.84252,4.809421,45.647311172,123.235896332,27,5,6.751,0,3.608924,13.533487,45.647311172,4.47388,-1.789552,0,337.5, 26.4, 0.8,,,0,0,1024,1024,671,1024,0,0,-53,0,356.4,0,1.5,23,3.365,3.364,0,0,0,0,5.703,120.92,-0.054857613304,3.608924,31,Sport,
570000,2026-05-22 09:27:21,51.9889545195204,4.38985756764181,3.608924,,,-0.054857613304,9.84252,3.6238428,46.232613028,123.86155252,26,5,6.751,0,3.608924,13.533487,46.232613028,3.35541,-1.342164,0,337.4, 24.9, 1.1,,,0,0,1024,1024,364,1024,0,0,-100,0,356.3,0,1.9,23,3.365,3.364,0,0,0,0,5.703,120.92,-0.054857613304,3.608924,31,Sport,
570100,2026-05-22 09:27:21,51.9889563551503,4.38985589134262,3.608924,,,-0.054857613304,9.514436,3.6238428,46.979660296,124.629925248,26,5,6.751,0,3.608924,13.533487,46.979660296,2.460634,-1.11847,0.447388,337.4, 22.7, 1.5,,,0,0,1024,1024,420,1024,0,0,-92,0,356.4,0,2.1,23,3.365,3.364,0,0,0,0,5.703,120.92,-0.054857613304,3.608924,31,Sport,
570200,2026-05-22 09:27:21,51.9889574542889,4.38985518271645,3.608924,,,-0.054857613304,9.514436,2.1922012,47.382219364,125.061355708,26,5,6.751,0,3.608924,13.533487,47.382219364,2.013246,-0.894776,1.342164,337.5, 22.6, 1.6,,,0,0,1024,1024,1024,1024,0,0,0,0,356.4,0,1.8,23,3.365,3.364,0,0,0,0,5.703,120.92,-0.054857613304,3.608924,31,Sport,
570300,2026-05-22 09:27:21,51.9889591596756,4.38985337767984,3.28084,,,-0.382941613304,9.186352,1.7000744,48.114830936,125.804137884,25,5,6.751,0,3.608924,13.533487,48.114830936,1.565858,-0.671082,2.013246,337.4, 22.5, 1.2,,,0,0,975,1024,1024,1024,-7,0,0,0,356.5,0,1.5,23,3.365,3.364,0,0,0,0,5.703,120.92,-0.382941613304,3.28084,31,Sport,
570400,2026-05-22 09:27:21,51.988959809855,4.38985294094086,2.952756,,,-0.711025613304,8.858268,1.7000744,48.355972676,126.060699572,25,5,6.751,0,3.608924,13.533487,48.355972676,0.671082,-0.223694,1.565858,337.4, 19.7, 1.1,,,0,0,364,1024,1024,1024,-100,0,0,0,356.7,0,1.5,23,3.365,3.364,0,0,0,0,5.703,120.92,-0.711025613304,2.952756,31,Sport,
570500,2026-05-22 09:27:21,51.9889601340452,4.38985152884969,2.624672,,,-1.039109613304,8.530184,0,48.657481872,126.39928226,26,5,6.751,0,3.608924,13.533487,48.657481872,0,0,1.11847,337.5, 15, 1.1,,,0,0,364,1024,1024,1024,-100,0,0,0,356.9,0,1.5,23,3.365,3.364,0,0,0,0,5.703,120.92,-1.039109613304,2.624672,31,Sport,
570600,2026-05-22 09:27:21,51.9889602291897,4.38985142742063,2.624672,,,-1.039109613304,8.530184,0.447388,48.698492372,126.440948928,26,5,6.724,0,3.608924,13.533487,48.698492372,-0.447388,0,0.671082,337.8, 21.2, 0.9,,,0,0,704,1024,1024,1024,-48,0,0,0,356.9,0,1.4,23,3.356,3.356,0,0,0,0,6.654,121.28,-1.039109613304,2.624672,31,Sport,
570700,2026-05-22 09:27:21,51.9889592985286,4.38985119628035,2.624672,,,-1.039109613304,8.2021,1.2079476,48.48425352,126.784452876,26,5,6.724,0,3.608924,13.533487,48.698492372,-1.11847,0.447388,0.447388,337.6, 18.3, 0.9,,,0,0,1024,1024,1024,1024,0,0,0,0,356.9,0,1.5,23,3.356,3.356,0,0,0,0,6.654,121.28,-1.039109613304,2.624672,31,Sport,
570800,2026-05-22 09:27:21,51.9889581045711,4.38985206099404,2.624672,,,-1.039109613304,8.2021,1.6329662,48.03313802,127.261487012,26,5,6.724,0,3.608924,13.533487,48.698492372,-1.565858,0.447388,0,337.4, 6.4, 1.5,,,0,0,1024,1024,1024,1024,0,0,0,0,357.1,0,2.7,23,3.356,3.356,0,0,0,0,6.654,121.28,-1.039109613304,2.624672,31,Sport,
570900,2026-05-22 09:27:21,51.9889574765458,4.38985241700433,2.624672,,,-1.039109613304,8.2021,1.6329662,47.811025152,127.504269172,26,5,6.724,0,3.608924,13.533487,48.698492372,-1.565858,0.447388,0,337.2, -4.6, 2.3,,,0,0,1024,730,1024,1024,0,-45,0,0,357.3,0,2.2,23,3.356,3.356,0,0,0,0,6.654,121.28,-1.039109613304,2.624672,31,Sport,
571000,2026-05-22 09:27:21,51.9889569211338,4.38985276114808,2.624672,,,-1.039109613304,8.530184,1.2079476,47.610565828,127.721132696,26,5,6.724,0,3.608924,13.533487,48.698492372,-1.11847,0.447388,0,337.2, -10.5, 1.3,,,0,0,1024,588,1024,1024,0,-66,0,0,357,0,-2,23,3.356,3.356,0,0,0,0,6.654,121.28,-1.039109613304,2.624672,31,Sport,
571100,2026-05-22 09:27:22,51.9889563665957,4.38985333698858,2.624672,,,-1.039109613304,8.2021,0.7158208,47.374345348,127.961290184,24,5,6.724,0,3.608924,13.533487,48.698492372,-0.671082,0.223694,0,337.7, -7.2, -6.2,,,0,0,1024,1000,1024,1024,0,-4,0,0,356.4,0,-9.1,23,3.356,3.356,0,0,0,0,6.654,121.28,-1.039109613304,2.624672,31,Sport,
571200,2026-05-22 09:27:22,51.9889563216878,4.38985340124599,2.624672,,,-1.039109613304,8.2021,0.447388,47.352691804,127.982943728,25,5,6.724,0,3.608924,13.533487,48.698492372,-0.447388,0,0,337.6, -4.7, -9.9,,,0,0,1024,963,1024,1024,0,-9,0,0,356.8,0,-4.4,23,3.356,3.356,0,0,0,0,6.654,121.28,-1.039109613304,2.624672,31,Sport,
571300,2026-05-22 09:27:22,51.9889561548038,4.38985303363347,2.624672,,,-1.039109613304,8.2021,0.4921268,47.365158996,128.08563402,25,5,6.724,0,3.608924,13.533487,48.698492372,-0.223694,-0.447388,0,337.4, -2.6, -1.4,,,0,0,1024,403,1024,1024,0,-94,0,0,357.1,0,1.2,23,3.356,3.356,0,0,0,0,6.654,121.28,-1.039109613304,2.624672,31,Sport,
571400,2026-05-22 09:27:22,51.9889560415831,4.38985256225475,2.624672,,,-1.039109613304,8.2021,0.7158208,47.408138,128.199151084,25,5,6.724,0,3.608924,13.533487,48.698492372,-0.223694,-0.671082,0,337.3, 0.1, 0.1,,,0,0,1024,403,1024,1024,0,-94,0,0,357,0,-4.5,23,3.356,3.356,0,0,0,0,6.654,121.28,-1.039109613304,2.624672,31,Sport,
571500,2026-05-22 09:27:22,51.9889562183362,4.38985211367705,2.624672,,,-1.039109613304,8.2021,0.7158208,47.524279736,128.318901744,25,5,6.724,0,3.608924,13.533487,48.698492372,-0.223694,-0.671082,0,336.9, 2.5, -9.3,,,0,0,1024,364,1024,1024,0,-100,0,0,357,0,-15.1,23,3.356,3.356,0,0,0,0,6.654,121.28,-1.039109613304,2.624672,31,Sport,
571600,2026-05-22 09:27:22,51.9889560584771,4.38985140808359,2.624672,,,-1.039109613304,8.2021,1.2079476,47.591536956,128.487865004,25,5,6.732,0,3.608924,13.533487,48.698492372,-0.447388,-1.11847,0,336.7, 3, -19.5,,,0,0,1024,588,1024,1024,0,-66,0,0,357.2,0,-21.3,23,3.372,3.372,0,0,0,0,6.566,121.28,-1.039109613304,2.624672,31,Sport,
571700,2026-05-22 09:27:22,51.9889558041589,4.38985053104428,2.624672,,,-1.039109613304,8.2021,1.901399,47.661418848,128.70571278,25,5,6.732,0,3.608924,13.533487,48.698492372,-0.671082,-1.789552,0,336.8, 2.7, -19.4,,,0,0,1024,916,1024,1024,0,-16,0,0,357.2,0,-11.6,23,3.372,3.372,0,0,0,0,6.566,121.28,-1.039109613304,2.624672,31,Sport,
571800,2026-05-22 09:27:22,51.9889554033289,4.38984901485303,2.624672,,,-1.039109613304,8.2021,2.6172198,47.794292868,129.0764477,25,5,6.732,0,3.608924,13.533487,48.698492372,-0.894776,-2.460634,0,337.3, 2.7, -7.2,,,0,0,1024,1024,1024,895,0,0,0,-20,357.2,0,-0.1,23,3.372,3.372,0,0,0,0,6.566,121.28,-1.039109613304,2.624672,31,Sport,
571900,2026-05-22 09:27:22,51.9889550974462,4.38984761351549,2.624672,,,-1.039109613304,8.2021,2.6172198,47.936025156,129.410437212,24,5,6.732,0,3.608924,13.533487,48.698492372,-0.894776,-2.460634,0,337.4, 2.9, 1.1,,,0,0,1024,1024,1024,364,0,0,0,-100,355.1,0,2.4,23,3.372,3.372,0,0,0,0,6.566,121.28,-1.039109613304,2.624672,31,Sport,
572000,2026-05-22 09:27:22,51.9889546664605,4.38984599611777,2.624672,,,-1.039109613304,8.2021,2.4158952,48.082022536,129.8064346,24,5,6.732,0,3.608924,13.533487,48.698492372,-0.894776,-2.23694,0,332.5, 3.2, 2.2,,,0,0,1024,1024,1024,364,0,0,0,-100,346.9,0.2,4.8,23,3.372,3.372,0,0,0,0,6.566,121.28,-1.039109613304,2.624672,31,Sport,
572100,2026-05-22 09:27:23,51.9889543460398,4.38984465714567,2.624672,,,-1.039109613304,8.2021,2.1922012,48.214240388,130.129269256,26,5,6.732,0,3.608924,13.533487,48.698492372,-0.894776,-2.013246,0,324, 3.8, 5.2,,,0,0,1024,1024,1024,364,0,0,0,-100,337.9,0.3,6.8,23,3.372,3.372,0,0,0,0,6.566,121.28,-1.039109613304,2.624672,31,Sport,
572200,2026-05-22 09:27:23,51.9889540017173,4.38984332742475,2.624672,,,-1.039109613304,8.2021,1.901399,48.340880812,130.453088164,26,5,6.732,0,3.608924,13.533487,48.698492372,-0.671082,-1.789552,0,315.4, 5.5, 6,,,0,0,1024,1024,1024,364,0,0,0,-100,329,0.3,6.8,23,3.372,3.372,0,0,0,0,6.566,121.28,-1.039109613304,2.624672,31,Sport,
572300,2026-05-22 09:27:23,51.9889536920309,4.3898421250501,2.624672,,,-1.039109613304,8.530184,1.6329662,48.457350632,130.746067176,28,5,6.732,0,3.608924,13.533487,48.698492372,-0.447388,-1.565858,0,306.8, 7, 5.8,,,0,0,1024,1024,1024,364,0,0,0,-100,320.4,0.3,6.3,23,3.372,3.372,0,0,0,0,6.566,121.28,-1.039109613304,2.624672,31,Sport,
572400,2026-05-22 09:27:23,51.9889534886689,4.38984121470655,2.624672,,,-1.039109613304,8.530184,1.2079476,48.554135412,130.963586868,28,5,6.732,0,3.608924,13.533487,48.698492372,-0.447388,-1.11847,0,298.3, 7.7, 5.1,,,0,0,1024,1024,1024,364,0,0,0,-100,311.9,0.2,5.4,23,3.372,3.372,0,0,0,0,6.566,121.28,-1.039109613304,2.624672,31,Sport,
572500,2026-05-22 09:27:23,51.9889533365286,4.38984075035316,2.624672,,,-1.039109613304,8.2021,0.9171454,48.591865072,131.081697108,28,5,6.732,0,3.608924,13.533487,48.698492372,-0.223694,-0.894776,0,289.8, 8.5, 4.1,,,0,0,1024,1024,1024,543,0,0,0,-73,303.6,0.2,4,23,3.372,3.372,0,0,0,0,6.566,121.28,-1.039109613304,2.624672,31,Sport,
572600,2026-05-22 09:27:23,51.9889532549028,4.38984021506481,2.624672,,,-1.039109613304,8.2021,0.671082,48.658794208,131.20571286,28,5,6.736,0,3.608924,13.533487,48.698492372,0,-0.671082,0,282.5, 8.6, 2.4,,,0,0,1024,1024,1024,1017,0,0,0,-1,300.3,0,2.4,23,3.371,3.37,0,0,0,0,5.812,121.28,-1.039109613304,2.624672,31,Sport,
572700,2026-05-22 09:27:23,51.9889528267956,4.38983976943635,2.624672,,,-1.039109613304,8.2021,0.447388,48.625001556,131.391408404,28,5,6.736,0,3.608924,13.533487,48.698492372,0,-0.447388,0,281.2, 8.2, 0.9,,,0,0,1024,1024,1024,1024,0,0,0,0,300.9,0,0.5,23,3.371,3.37,0,0,0,0,5.812,121.28,-1.039109613304,2.624672,31,Sport,
572800,2026-05-22 09:27:23,51.9889528287317,4.38983953111771,2.624672,,,-1.039109613304,8.2021,0.223694,48.66469972,131.444886096,28,5,6.736,0,3.608924,13.533487,48.698492372,0,-0.223694,0,281.6, 7.6, -1.1,,,0,0,1024,1024,1024,1007,0,0,0,-3,301.2,0,-0.5,23,3.371,3.37,0,0,0,0,5.812,121.28,-1.039109613304,2.624672,31,Sport,
572900,2026-05-22 09:27:23,51.9889524973453,4.38983925255298,2.624672,,,-1.039109613304,8.2021,0,48.628282396,131.581040956,28,5,6.736,0,3.608924,13.533487,48.698492372,0,0,0,281.7, 7, -1.3,,,0,0,1024,1024,1024,1024,0,0,0,0,301.1,0,-0.2,23,3.371,3.37,0,0,0,0,5.812,121.28,-1.039109613304,2.624672,31,Sport,
573000,2026-05-22 09:27:23,51.9889525008235,4.3898391715878,2.624672,,,-1.039109613304,8.2021,0,48.642390008,131.599085576,28,5,6.736,0,3.608924,13.533487,48.698492372,0,0,0,281.6, 6.5, -1.1,,,0,0,1024,1024,1024,1024,0,0,0,0,301,0,-0.1,23,3.371,3.37,0,0,0,0,5.812,121.28,-1.039109613304,2.624672,31,Sport,
573100,2026-05-22 09:27:24,51.9889523173024,4.389839236193,2.624672,,,-1.039109613304,8.2021,0,48.586287644,131.667655132,30,5,6.736,0,3.608924,13.533487,48.698492372,0,0,0,281.6, 6, -1,,,0,0,1024,1024,1024,1024,0,0,0,0,301,0,-0.1,23,3.371,3.37,0,0,0,0,5.812,121.28,-1.039109613304,2.624672,31,Sport,
573200,2026-05-22 09:27:24,51.988952240457,4.38983913067395,2.624672,,,-1.039109613304,8.530184,0,48.584647224,131.70440054,30,5,6.736,0,3.608924,13.533487,48.698492372,0,0,0,281.5, 5.4, -0.8,,,0,0,1024,1024,1024,1024,0,0,0,0,300.9,0,-0.2,23,3.371,3.37,0,0,0,0,5.812,121.28,-1.039109613304,2.624672,31,Sport,
573300,2026-05-22 09:27:24,51.9889523003228,4.38983921344763,2.624672,,,-1.039109613304,8.2021,0,48.58595956,131.733271932,30,5,6.736,0,3.608924,13.533487,48.698492372,0,0,0,280.3, 4.2, -1.5,,,0,0,1024,1024,1024,365,0,0,0,-100,295.4,0,-1.2,23,3.371,3.37,0,0,0,0,5.812,121.28,-1.039109613304,2.624672,31,Sport,
573400,2026-05-22 09:27:24,51.9889523717196,4.38983930202242,2.624672,,,-1.039109613304,8.2021,0,48.588912316,131.765752248,30,5,6.736,0,3.608924,13.533487,48.698492372,0,0,0,273.2, 2.4, -2.3,,,0,0,1024,1024,1024,1024,0,0,0,0,291.4,0,-1.7,23,3.371,3.37,0,0,0,0,5.812,121.28,-1.039109613304,2.624672,31,Sport,
573500,2026-05-22 09:27:24,51.9889523736044,4.38983898077707,2.624672,,,-1.039109613304,8.2021,0,48.642390008,131.837930728,30,5,6.736,0,3.608924,13.533487,48.698492372,0,0,0,272.1, 1.4, -2.6,,,0,0,1024,1024,1024,1024,0,0,0,0,291.8,0,-1.5,23,3.371,3.37,0,0,0,0,5.812,121.28,-1.039109613304,2.624672,31,Sport,
573600,2026-05-22 09:27:24,51.9889523055829,4.38983848179785,2.624672,,,-1.039109613304,8.530184,0,48.708006808,131.952760128,30,5,6.738,0,3.608924,13.533487,48.708006808,0,0,0,272.4, 2.1, -2.1,,,0,0,1024,1024,1024,1024,0,0,0,0,292.1,0,-1.5,23,3.37,3.369,0,0,0,0,5.445,121.28,-1.039109613304,2.624672,31,Sport,
573700,2026-05-22 09:27:24,51.9889523840732,4.3898383817043,2.624672,,,-1.039109613304,8.530184,0,48.744096048,131.989177452,30,5,6.738,0,3.608924,13.533487,48.744096048,0,0,0,272.6, 3.5, -2.7,,,0,0,1024,1024,1024,466,0,0,0,-85,292.1,0,-2.5,23,3.37,3.369,0,0,0,0,5.445,121.28,-1.039109613304,2.624672,31,Sport,
573800,2026-05-22 09:27:24,51.9889524702566,4.38983825700123,2.624672,,,-1.039109613304,8.2021,0,48.785762716,132.031500288,30,5,6.738,0,3.608924,13.533487,48.785762716,0,0,0,271.8, 4.2, -3.6,,,0,0,1024,1024,1024,688,0,0,0,-51,287.3,-0.1,-3.2,23,3.37,3.369,0,0,0,0,5.445,121.28,-1.039109613304,2.624672,31,Sport,
573900,2026-05-22 09:27:24,51.9889525029995,4.38983800248955,2.624672,,,-1.039109613304,8.530184,0,48.835959568,132.08989924,29,5,6.738,0,3.608924,13.533487,48.835959568,0,0,0,264.4, 4.1, -4.2,,,0,0,1024,1024,1024,1024,0,0,0,0,280.7,0,-3.7,23,3.37,3.369,0,0,0,0,5.445,121.28,-1.039109613304,2.624672,31,Sport,
574000,2026-05-22 09:27:24,51.9889525565942,4.38983790343936,2.624672,,,-1.039109613304,8.530184,0,48.865815212,132.1194268,29,5,6.738,0,3.608924,13.533487,48.865815212,0,0,0,260.9, 4.5, -4.5,,,0,0,1024,1024,1024,1024,0,0,0,0,280.9,0,-3.7,23,3.37,3.369,0,0,0,0,5.445,121.28,-1.039109613304,2.624672,31,Sport,
574100,2026-05-22 09:27:25,51.9889526319148,4.38983777422895,2.624672,,,-1.039109613304,8.2021,0,48.905513376,132.159453048,28,5,6.738,0,3.608924,13.533487,48.905513376,0,0,0,261.3, 4.4, -4.6,,,0,0,1024,1024,1024,1024,0,0,0,0,281.2,0,-4.1,23,3.37,3.369,0,0,0,0,5.445,121.28,-1.039109613304,2.624672,31,Sport,
574200,2026-05-22 09:27:25,51.9889526650175,4.38983773868496,2.624672,,,-1.039109613304,8.2021,0,48.919620988,132.173888744,28,5,6.738,0,3.608924,13.533487,48.919620988,0,0,0,261.5, 3.8, -5,,,0,0,1024,1024,1024,1024,0,0,0,0,281.3,0,-4.2,23,3.37,3.369,0,0,0,0,5.445,121.28,-1.039109613304,2.624672,31,Sport,
574300,2026-05-22 09:27:25,51.9889526685213,4.38983762323307,2.624672,,,-1.039109613304,8.2021,0,48.939634112,132.19980738,27,5,6.738,0,3.608924,13.533487,48.939634112,0,0,0,261.6, 3.5, -5,,,0,0,1024,1024,1024,1024,0,0,0,0,281.2,0,-4.2,23,3.37,3.369,0,0,0,0,5.445,121.28,-1.039109613304,2.624672,31,Sport,
574400,2026-05-22 09:27:25,51.9889526680416,4.38983762975758,2.624672,,,-1.039109613304,8.2021,0,48.938321776,132.2014478,27,5,6.738,0,3.608924,13.533487,48.939634112,0,0,0,261.5, 3.5, -4.9,,,0,0,1024,1024,1024,1024,0,0,0,0,281.2,0,-4,23,3.37,3.369,0,0,0,0,5.445,121.28,-1.039109613304,2.624672,31,Sport,
574500,2026-05-22 09:27:25,51.9889527992614,4.38983742399195,2.624672,,,-1.039109613304,8.2021,0,49.004922828,132.268048852,27,5,6.738,0,3.608924,13.533487,49.004922828,0,0,0,261.6, 3.3, -4.8,,,0,0,1024,1024,1024,1024,0,0,0,0,281.2,0,-4,23,3.37,3.369,0,0,0,0,5.445,121.28,-1.039109613304,2.624672,31,Sport,
574600,2026-05-22 09:27:25,51.9889527987303,4.38983744876841,2.624672,,,-1.039109613304,8.2021,0,49.000657736,132.27362628,27,5,6.73,0,3.608924,13.533487,49.004922828,0,0,0,261.6, 3, -5.1,,,0,0,1024,1024,1024,1024,0,0,0,0,281.2,0,-4.4,23,3.364,3.364,0,0,0,0,5.452,121.28,-1.039109613304,2.624672,31,Sport,
574700,2026-05-22 09:27:25,51.9889527952178,4.38983695255758,2.624672,,,-1.039109613304,8.2021,0,49.082022568,132.384846756,27,5,6.73,0,3.608924,13.533487,49.082022568,0,0,0,261.6, 3.2, -5.2,,,0,0,1024,1024,1024,1024,0,0,0,0,281.2,0,-4.3,23,3.364,3.364,0,0,0,0,5.452,121.28,-1.039109613304,2.624672,31,Sport,
574800,2026-05-22 09:27:25,51.988952787439,4.38983696500841,2.624672,,,-1.039109613304,8.2021,0,49.07808556,132.389111848,27,5,6.73,0,3.608924,13.533487,49.082022568,0,0,0,261.5, 3.4, -5,,,0,0,1024,1024,1024,1024,0,0,0,0,281.2,0,-4.3,23,3.364,3.364,0,0,0,0,5.452,121.28,-1.039109613304,2.624672,31,Sport,
574900,2026-05-22 09:27:25,51.9889527795403,4.38983663536049,2.624672,,,-1.039109613304,8.2021,0,49.130579,132.462930748,27,5,6.73,0,3.608924,13.533487,49.130579,0,0,0,261.6, 3.2, -5.2,,,0,0,1024,1024,1024,1024,0,0,0,0,281.2,0,-4.4,23,3.364,3.364,0,0,0,0,5.452,121.28,-1.039109613304,2.624672,31,Sport,
575000,2026-05-22 09:27:26,51.9889527639142,4.38983665120574,2.624672,,,-1.039109613304,8.2021,0,49.12401732,132.469820512,27,5,6.73,0,3.608924,13.533487,49.130579,0,0,0,261.5, 3.1, -5.1,,,0,0,1024,1024,1024,1024,0,0,0,0,281.1,0,-3.7,23,3.364,3.364,0,0,0,0,5.452,121.28,-1.039109613304,2.624672,31,Sport,
575100,2026-05-22 09:27:26,51.9889529548542,4.38983623586271,2.624672,,,-1.039109613304,8.2021,0,49.240159056,132.586290332,26,5,6.73,0,3.608924,13.533487,49.240159056,0,0,0,261.6, 3.2, -4.5,,,0,0,1024,1024,1024,1024,0,0,0,0,281.3,0,-4.1,23,3.364,3.364,0,0,0,0,5.452,121.28,-1.039109613304,2.624672,31,Sport,
575200,2026-05-22 09:27:26,51.988952932049,4.3898362448913,2.624672,,,-1.039109613304,8.2021,0,49.232941208,132.594820516,26,5,6.73,0,3.608924,13.533487,49.240159056,0,0,0,261.6, 3.4, -5.2,,,0,0,1024,1024,1024,1024,0,0,0,0,281.1,0,-4.3,23,3.364,3.364,0,0,0,0,5.452,121.28,-1.039109613304,2.624672,31,Sport,
575300,2026-05-22 09:27:26,51.9889528251936,4.38983592467541,2.624672,,,-1.039109613304,8.2021,0,49.259844096,132.676513432,25,5,6.73,0,3.608924,13.533487,49.259844096,0,0,0,261.5, 3.3, -4.6,,,0,0,1024,1024,1024,1024,0,0,0,0,281,0,-3.4,23,3.364,3.364,0,0,0,0,5.452,121.28,-1.039109613304,2.624672,31,Sport,
575400,2026-05-22 09:27:26,51.9889527743231,4.38983593860086,2.624672,,,-1.039109613304,8.2021,0,49.245080316,132.695542304,25,5,6.73,0,3.608924,13.533487,49.259844096,0,0,0,261.4, 3.5, -4,,,0,0,1282,1014,1024,1024,39,-2,0,0,280.8,0,-2.5,23,3.364,3.364,0,0,0,0,5.452,121.28,-1.039109613304,2.624672,31,Sport,
575500,2026-05-22 09:27:26,51.9889524811966,4.38983564449693,2.624672,,,-1.039109613304,8.2021,0,49.222114436,132.821198476,25,5,6.73,0,3.608924,13.533487,49.259844096,0,0,0,261.4, 1.6, -3.1,,,0,0,1676,1024,1024,1024,99,0,0,0,280.8,0,-2.8,23,3.364,3.364,0,0,0,0,5.452,121.28,-1.039109613304,2.624672,31,Sport,
575600,2026-05-22 09:27:26,51.9889524659474,4.38983561574177,2.624672,,,-1.039109613304,8.2021,0,49.223098688,132.82972866,25,5,6.724,0,3.608924,13.533487,49.259844096,0,0,0,261.9, -8.6, -4.2,,,0,0,1524,1024,1024,1024,76,0,0,0,280.5,0,-4.2,23,3.362,3.362,0,0,0,0,5.659,121.46,-1.039109613304,2.624672,31,Sport,
575700,2026-05-22 09:27:26,51.9889522517311,4.38983499297764,2.624672,,,-1.039109613304,8.2021,0.671082,49.274607876,132.990161736,25,5,6.724,0,3.608924,13.533487,49.274607876,0,-0.671082,0,262.7, -19.1, -5.7,,,0,0,1157,1024,1024,1024,20,0,0,0,280.4,0,-5.1,23,3.362,3.362,0,0,0,0,5.659,121.46,-1.039109613304,2.624672,31,Sport,
575800,2026-05-22 09:27:26,51.9889518299206,4.38983392859158,2.624672,,,-1.039109613304,8.2021,1.342164,49.350067196,133.27428248,26,5,6.724,0,3.608924,13.533487,49.350067196,0,-1.342164,0,262.7, -14.4, -6,,,0,0,1209,1024,1024,1024,28,0,0,0,281,0,-5,23,3.362,3.362,0,0,0,0,5.659,121.46,-1.039109613304,2.624672,31,Sport,
575900,2026-05-22 09:27:26,51.9889517211204,4.38983273036256,2.624672,,,-1.039109613304,8.2021,1.8119214,49.525264052,133.5465922,26,5,6.724,0,3.608924,13.533487,49.525264052,-0.223694,-1.789552,0,262, -2.1, -5.8,,,0,1,1244,1024,1024,1024,33,0,0,0,281.2,0,-4.6,23,3.362,3.362,0,0,0,0,5.659,121.46,-1.039109613304,2.624672,31,Sport,
576000,2026-05-22 09:27:27,51.9889515871335,4.38983141568002,2.624672,,,-1.039109613304,8.2021,2.0356154,49.714896604,133.845804808,26,5,6.724,0,3.608924,13.533487,49.714896604,-0.223694,-2.013246,0,261.7, 1.2, -5.1,,,0,1,1093,1024,1024,1024,10,0,0,0,281.1,0,-4.1,23,3.362,3.362,0,0,0,0,5.659,121.46,-1.039109613304,2.624672,31,Sport,
576100,2026-05-22 09:27:27,51.9889512674666,4.38982963608762,2.624672,,,-1.039109613304,8.2021,1.8119214,49.940290312,134.262471488,27,5,6.724,0,3.608924,13.533487,49.940290312,-0.223694,-1.789552,0,261.9, 0.2, -4.9,,,0,1,1093,1024,1024,1024,10,0,0,0,281.2,0,-4,23,3.362,3.362,0,0,0,0,5.659,121.46,-1.039109613304,2.624672,31,Sport,
576200,2026-05-22 09:27:27,51.9889510846138,4.38982802958264,2.624672,,,-1.039109613304,8.2021,1.8119214,50.170933364,134.629597484,27,5,6.724,0,3.608924,13.533487,50.170933364,-0.223694,-1.789552,0,261.7, 2.6, -4.8,,,0,1,1431,1024,1024,1024,62,0,0,0,280.9,0,-3.9,23,3.362,3.362,0,0,0,0,5.659,121.46,-1.039109613304,2.624672,31,Sport,
576300,2026-05-22 09:27:27,51.9889509342297,4.38982676813957,2.624672,,,-1.039109613304,8.2021,1.8119214,50.351379564,134.918311404,28,5,6.724,0,3.608924,13.533487,50.351379564,-0.223694,-1.789552,0,261.7, -3, -4.6,,,0,1,1528,1024,1024,1024,76,0,0,0,280.6,0,-3.6,23,3.362,3.362,0,0,0,0,5.659,121.46,-1.039109613304,2.624672,31,Sport,
576400,2026-05-22 09:27:27,51.9889507680482,4.38982543533029,2.624672,,,-1.039109613304,8.2021,2.0579848,50.541668284,135.223757608,28,5,6.724,0,3.608924,13.533487,50.541668284,-0.447388,-2.013246,0,261.9, -9.7, -4.2,,,0,1,1502,1024,1024,1024,72,0,0,0,280.5,0,-3.1,23,3.362,3.362,0,0,0,0,5.659,121.46,-1.039109613304,2.624672,31,Sport,
576500,2026-05-22 09:27:27,51.9889502642864,4.38982379155629,2.624672,,,-1.039109613304,8.2021,2.5053728,50.708334956,135.636159196,28,5,6.724,0,3.608924,13.533487,50.708334956,-0.447388,-2.460634,0,261.9, -11.1, -3.7,,,0,1,1483,1024,1024,1024,70,0,0,0,280.6,0,-2.5,23,3.362,3.362,0,0,0,0,5.659,121.46,-1.039109613304,2.624672,31,Sport,
576600,2026-05-22 09:27:27,51.9889500488621,4.38982195652639,2.624672,,,-1.039109613304,8.2021,2.9527608,50.97769192,136.055778632,28,5,6.72,0,3.608924,13.533487,50.97769192,-0.447388,-2.908022,0,261.8, -9.7, -3.1,,,0,1,1471,1024,1024,1024,68,0,0,0,280.6,0,-2.1,23,3.359,3.361,0,0,0,0,5.9,121.46,-1.039109613304,2.624672,31,Sport,
576700,2026-05-22 09:27:27,51.9889494538023,4.38981948354096,2.624672,,,-1.039109613304,8.2021,3.1540854,51.27460794,136.652563428,28,5,6.72,0,3.608924,13.533487,51.27460794,-0.447388,-3.131716,0,261.8, -8.4, -2.8,,,0,1,1462,1024,1024,1024,66,0,0,0,280.7,0,-1.8,23,3.359,3.361,0,0,0,0,5.9,121.46,-1.039109613304,2.624672,31,Sport,
576800,2026-05-22 09:27:27,51.9889492042645,4.38981717423874,2.624672,,,-1.039109613304,8.2021,3.6014734,51.625001652,137.179138248,28,5,6.72,0,3.608924,13.533487,51.625001652,-0.447388,-3.579104,0,261.8, -7.4, -2.5,,,0,1,1441,1024,1024,1024,63,0,0,0,280.7,0,-1.8,23,3.359,3.361,0,0,0,0,5.9,121.46,-1.039109613304,2.624672,31,Sport,
576900,2026-05-22 09:27:27,51.9889487744439,4.38981455182943,2.624672,,,-1.039109613304,8.530184,3.8251674,51.994096152,137.789046404,27,5,6.72,0,3.608924,13.533487,51.994096152,-0.447388,-3.802798,0,261.7, -6.8, -2.6,,,0,1,1441,1024,1024,1024,63,0,0,0,280.7,0,-1.9,23,3.359,3.361,0,0,0,0,5.9,121.46,-1.039109613304,2.624672,31,Sport,
577000,2026-05-22 09:27:28,51.9889485030774,4.3898119242172,2.624672,,,-1.039109613304,8.2021,4.0712308,52.403544984,138.38747162,27,5,6.72,0,3.608924,13.533487,52.403544984,-0.671082,-4.026492,0,261.8, -6.5, -2.6,,,0,1,1429,1024,1024,1024,61,0,0,0,280.9,0,-1.4,23,3.359,3.361,0,0,0,0,5.9,121.46,-1.039109613304,2.624672,31,Sport,
577100,2026-05-22 09:27:28,51.9889481210004,4.38980927442997,2.624672,,,-1.039109613304,8.2021,4.2949248,52.796589616,138.999020196,26,5,6.72,0,3.608924,13.533487,52.796589616,-0.671082,-4.250186,0,261.9, -5.8, -2.3,,,0,1,1341,1024,1024,1024,48,0,0,0,281,0,-1.7,23,3.359,3.361,0,0,0,0,5.9,121.46,-1.039109613304,2.624672,31,Sport,
577200,2026-05-22 09:27:28,51.9889478387883,4.38980639593697,2.624672,,,-1.039109613304,8.2021,4.2949248,53.256563384,139.65387586,26,5,6.72,0,3.608924,13.533487,53.256563384,-0.671082,-4.250186,0,262, -4, -2.7,,,0,1,1279,1024,1024,1024,39,0,0,0,281.1,0,-1.9,23,3.359,3.361,0,0,0,0,5.9,121.46,-1.039109613304,2.624672,31,Sport,
577300,2026-05-22 09:27:28,51.9889475027328,4.38980353223194,2.624672,,,-1.039109613304,8.2021,4.5186188,53.706694632,140.309059608,26,5,6.72,0,3.608924,13.533487,53.706694632,-0.671082,-4.47388,0,261.9, 0, -2.6,,,0,1,1288,1024,1024,1024,40,0,0,0,281.1,0,-1.8,23,3.359,3.361,0,0,0,0,5.9,121.46,-1.039109613304,2.624672,31,Sport,
577400,2026-05-22 09:27:28,51.9889472394193,4.38980066592546,2.624672,,,-1.039109613304,8.530184,4.4962494,54.17651092,140.959978264,26,5,6.72,0,3.608924,13.533487,54.17651092,-0.447388,-4.47388,0,261.7, 0.6, -2.8,,,0,1,1302,1024,1024,1024,42,0,0,0,281,0,-2.3,23,3.359,3.361,0,0,0,0,5.9,121.46,-1.039109613304,2.624672,31,Sport,
577500,2026-05-22 09:27:28,51.9889468406025,4.38979795924002,2.624672,,,-1.039109613304,8.2021,4.2725554,54.592521432,141.585306368,26,5,6.72,0,3.608924,13.533487,54.592521432,-0.447388,-4.250186,0,261.7, 0.1, -3.1,,,0,1,1309,1024,1024,1024,43,0,0,0,280.9,0,-2.3,23,3.359,3.361,0,0,0,0,5.9,121.46,-1.039109613304,2.624672,31,Sport,
577600,2026-05-22 09:27:28,51.9889465722859,4.38979511357826,2.624672,,,-1.039109613304,8.2021,4.2725554,55.065290476,142.232288016,26,5,6.719,0,3.608924,13.533487,55.065290476,-0.447388,-4.250186,0,261.6, -0.5, -3,,,0,1,1311,1024,1024,1024,43,0,0,0,280.8,0,-1.6,23,3.354,3.357,0,0,0,0,5.573,121.46,-1.039109613304,2.624672,31,Sport,
577700,2026-05-22 09:27:28,51.9889460404331,4.38979232133683,2.624672,,,-1.039109613304,8.2021,4.2725554,55.478020148,142.8887841,26,5,6.719,0,3.608924,13.533487,55.478020148,-0.447388,-4.250186,0,261.6, -0.9, -2.4,,,0,1,1311,1024,1024,1024,43,0,0,0,280.9,0,-2.1,23,3.354,3.357,0,0,0,0,5.573,121.46,-1.039109613304,2.624672,31,Sport,
577800,2026-05-22 09:27:28,51.9889458019637,4.38978948911362,2.624672,,,-1.039109613304,8.530184,4.2725554,55.96128788,143.531172572,26,5,6.719,0,3.608924,13.533487,55.96128788,-0.447388,-4.250186,0,261.7, -1.1, -3.2,,,0,1,1309,1024,1024,1024,43,0,0,0,281,0,-2.6,23,3.354,3.357,0,0,0,0,5.573,121.46,-1.039109613304,2.624672,31,Sport,
577900,2026-05-22 09:27:28,51.9889453116948,4.38978655500228,2.624672,,,-1.039109613304,8.530184,4.2725554,56.417652724,144.21424346,26,5,6.719,0,3.608924,13.533487,56.417652724,-0.447388,-4.250186,0,261.8, -1.4, -3.6,,,0,1,1191,1024,1024,1024,25,0,0,0,280.9,0,-3.3,23,3.354,3.357,0,0,0,0,5.573,121.46,-1.039109613304,2.624672,31,Sport,
578000,2026-05-22 09:27:28,51.9889450880805,4.38978374303428,2.624672,,,-1.039109613304,8.530184,4.2725554,56.907154052,144.851054504,26,5,6.719,0,3.608924,13.533487,56.907154052,-0.447388,-4.250186,0,261.7, 0, -4.4,,,0,1,1024,1024,1024,1024,0,0,0,0,281.1,0,-3.1,23,3.354,3.357,0,0,0,0,5.573,121.46,-1.039109613304,2.624672,31,Sport,
578100,2026-05-22 09:27:29,51.9889447255361,4.38978074595929,2.624672,,,-1.039109613304,8.530184,4.0488614,57.40813832,145.537406232,27,5,6.719,0,3.608924,13.533487,57.40813832,-0.447388,-4.026492,0,261.7, 3.2, -3.3,,,0,1,1024,1024,1024,1024,0,0,0,0,281.2,0,-1.7,23,3.354,3.357,0,0,0,0,5.573,121.46,-1.039109613304,2.624672,31,Sport,
578200,2026-05-22 09:27:29,51.9889444768721,4.38977807419182,2.624672,,,-1.039109613304,8.530184,4.0488614,57.872049096,146.144689716,27,5,6.719,0,3.608924,13.533487,57.872049096,-0.447388,-4.026492,0,261.7, 4.4, -2.4,,,0,1,1024,1024,1024,1024,0,0,0,0,281.2,0,-1.7,23,3.354,3.357,0,0,0,0,5.573,121.46,-1.039109613304,2.624672,31,Sport,
578300,2026-05-22 09:27:29,51.9889440972795,4.38977554062162,2.624672,,,-1.039109613304,8.530184,3.8251674,58.28740344,146.730319656,26,5,6.719,0,3.608924,13.533487,58.28740344,-0.447388,-3.802798,0,261.7, 8.4, -2.8,,,0,1,1024,1024,1024,1024,0,0,0,0,281.4,0,-1.9,23,3.354,3.357,0,0,0,0,5.573,121.46,-1.039109613304,2.624672,31,Sport,
578400,2026-05-22 09:27:29,51.9889438854533,4.3897732031207,2.624672,,,-1.039109613304,8.530184,3.3777794,58.698820776,147.261159568,26,5,6.719,0,3.608924,13.533487,58.698820776,-0.447388,-3.35541,0,261.6, 12.8, -2.9,,,0,1,857,1024,1024,1024,-25,0,0,0,281.4,0,-1.9,23,3.354,3.357,0,0,0,0,5.573,121.46,-1.039109613304,2.624672,31,Sport,
578500,2026-05-22 09:27:29,51.988943496557,4.3897714112305,2.624672,,,-1.039109613304,8.530184,2.908022,58.973755168,147.687996852,26,5,6.719,0,3.608924,13.533487,58.973755168,-0.223694,-2.908022,0,261.4, 14.7, -3,,,0,1,962,1024,1024,1024,-9,0,0,0,281.3,0,-2.3,23,3.354,3.357,0,0,0,0,5.573,121.46,-1.039109613304,2.624672,31,Sport,
578600,2026-05-22 09:27:29,51.9889433643348,4.38976974866201,2.624672,,,-1.039109613304,8.530184,2.23694,59.272311608,148.064637284,26,5,6.715,0,3.608924,13.533487,59.272311608,-0.223694,-2.23694,0,261.3, 14.4, -3.5,,,0,1,1024,1024,1024,1024,0,0,0,0,281.2,0,-2.7,23,3.349,3.351,0,0,0,0,5.682,121.64,-1.039109613304,2.624672,31,Sport,
578700,2026-05-22 09:27:29,51.9889432919698,4.3897686702392,2.624672,,,-1.039109613304,8.530184,1.789552,59.469162008,148.308403696,26,5,6.715,0,3.608924,13.533487,59.469162008,0,-1.789552,0,261.3, 11.4, -3.7,,,0,1,1024,1024,1024,1024,0,0,0,0,281.1,0,-2.8,23,3.349,3.351,0,0,0,0,5.682,121.64,-1.039109613304,2.624672,31,Sport,
578800,2026-05-22 09:27:29,51.9889432226119,4.38976762359035,2.624672,,,-1.039109613304,8.530184,1.342164,59.660106896,148.54495226,26,5,6.715,0,3.608924,13.533487,59.660106896,0,-1.342164,0,261.3, 8.7, -3.7,,,0,1,1024,1024,1024,1024,0,0,0,0,281.1,0,-2.8,23,3.349,3.351,0,0,0,0,5.682,121.64,-1.039109613304,2.624672,31,Sport,
578900,2026-05-22 09:27:29,51.9889432377068,4.38976690280549,2.624672,,,-1.039109613304,8.530184,1.11847,59.803479604,148.707025756,26,5,6.715,0,3.608924,13.533487,59.803479604,0,-1.11847,0,261.4, 8.5, -3.9,,,0,1,1024,1024,1024,1024,0,0,0,0,281.2,0,-3.1,23,3.349,3.351,0,0,0,0,5.682,121.64,-1.039109613304,2.624672,31,Sport,
579000,2026-05-22 09:27:29,51.9889431940668,4.38976619885359,2.624672,,,-1.039109613304,8.530184,0.894776,59.933072784,148.866146496,26,5,6.715,0,3.608924,13.533487,59.933072784,0,-0.894776,0,261.4, 9.1, -4,,,0,1,1024,1024,1024,1024,0,0,0,0,281.2,0,-2.9,23,3.349,3.351,0,0,0,0,5.682,121.64,-1.039109613304,2.624672,31,Sport,
579100,2026-05-22 09:27:30,51.9889429890599,4.38976579605878,2.624672,,,-1.039109613304,8.530184,0.671082,59.974739452,148.983272484,26,5,6.715,0,3.608924,13.533487,59.974739452,0,-0.671082,0,261.3, 9.2, -3.8,,,0,1,1024,1024,1024,1024,0,0,0,0,281.1,0,-2.7,23,3.349,3.351,0,0,0,0,5.682,121.64,-1.039109613304,2.624672,31,Sport,
579200,2026-05-22 09:27:30,51.9889429500461,4.38976527671306,2.624672,,,-1.039109613304,8.530184,0.447388,60.069227644,149.10105464,26,5,6.715,0,3.608924,13.533487,60.069227644,0,-0.447388,0,261.2, 8.9, -3.7,,,0,1,1024,1024,1024,1024,0,0,0,0,281,0,-2.7,23,3.349,3.351,0,0,0,0,5.682,121.64,-1.039109613304,2.624672,31,Sport,
579300,2026-05-22 09:27:30,51.9889429066203,4.38976498596181,2.624672,,,-1.039109613304,8.530184,0.223694,60.118440244,149.16831186,26,5,6.715,0,3.608924,13.533487,60.118440244,0,-0.223694,0,261.3, 8.5, -3.5,,,0,1,1024,1024,1024,1024,0,0,0,0,281,0,-2.3,23,3.349,3.351,0,0,0,0,5.682,121.64,-1.039109613304,2.624672,31,Sport,
579400,2026-05-22 09:27:30,51.9889428987558,4.38976475405639,2.624672,,,-1.039109613304,8.530184,0,60.1624035,149.220477216,26,5,6.715,0,3.608924,13.533487,60.1624035,0,0,0,261.3, 7.9, -3.2,,,0,1,1024,1024,1024,1024,0,0,0,0,281.1,0,-2.6,23,3.349,3.351,0,0,0,0,5.682,121.64,-1.039109613304,2.624672,31,Sport,
579500,2026-05-22 09:27:30,51.9889429003921,4.38976491312097,2.624672,,,-1.039109613304,8.530184,0,60.131563604,149.256238372,26,5,6.715,0,3.608924,13.533487,60.1624035,0,0,0,261.4, 6.4, -4,,,0,1,1024,1024,1024,1024,0,0,0,0,281.1,0,-3.5,23,3.349,3.351,0,0,0,0,5.682,121.64,-1.039109613304,2.624672,31,Sport,
579600,2026-05-22 09:27:30,51.9889430560277,4.38976512012473,2.624672,,,-1.039109613304,8.530184,0,60.118768328,149.329401104,26,5,6.706,0,3.608924,13.533487,60.1624035,0,0,0,261.4, 4.4, -4.5,,,0,1,878,1024,1024,1024,-22,0,0,0,281,0,-3.5,22,3.352,3.355,0,0,0,0,5.722,121.64,-1.039109613304,2.624672,31,Sport,
579700,2026-05-22 09:27:30,51.9889430975603,4.38976520932554,2.624672,,,-1.039109613304,8.530184,0,60.108925808,149.354663572,26,5,6.706,0,3.608924,13.533487,60.1624035,0,0,0,261.6, 3.1, -4.3,,,0,1,878,1024,1024,1024,-22,0,0,0,281.1,0,-3.3,22,3.352,3.355,0,0,0,0,5.722,121.64,-1.039109613304,2.624672,31,Sport,
579800,2026-05-22 09:27:30,51.9889432605549,4.38976523909624,2.624672,,,-1.039109613304,8.530184,0,60.132547856,149.41437486,26,5,6.706,0,3.608924,13.533487,60.1624035,0,0,0,261.6, 3.9, -4.3,,,0,1,960,1024,1024,1024,-10,0,0,0,281.2,0,-3.6,22,3.352,3.355,0,0,0,0,5.722,121.64,-1.039109613304,2.624672,31,Sport,
579900,2026-05-22 09:27:30,51.9889432981295,4.38976534209731,2.624672,,,-1.039109613304,8.530184,0,60.119096412,149.441277748,27,5,6.706,0,3.608924,13.533487,60.1624035,0,0,0,261.6, 3.3, -4.5,,,0,1,1024,1024,1016,1024,0,0,-1,0,281.1,0,-3.4,22,3.352,3.355,0,0,0,0,5.722,121.64,-1.039109613304,2.624672,31,Sport,
580000,2026-05-22 09:27:30,51.9889433274627,4.38976544117532,2.624672,,,-1.039109613304,8.530184,0,60.1049888,149.466212132,27,5,6.706,0,3.608924,13.533487,60.1624035,0,0,0,261.6, 1.9, -4.1,,,0,1,1024,1024,586,1024,0,0,-66,0,281,0,-3.1,22,3.352,3.355,0,0,0,0,5.722,121.64,-1.039109613304,2.624672,31,Sport,
580100,2026-05-22 09:27:31,51.9889433711541,4.38976531293871,2.624672,,,-1.039109613304,8.530184,0,60.138125284,149.499020532,25,5,6.706,0,3.608924,13.533487,60.1624035,0,0,0,261.7, 2.1, -4,,,0,1,1024,1024,1024,1024,0,0,0,0,281.2,0,-3.4,22,3.352,3.355,0,0,0,0,5.722,121.64,-1.039109613304,2.624672,31,Sport,
580200,2026-05-22 09:27:31,51.9889433904811,4.38976533728391,2.624672,,,-1.039109613304,8.530184,0,60.136812948,149.5078788,25,5,6.706,0,3.608924,13.533487,60.1624035,0,0,0.447388,261.7, 2.4, -4.4,,,0,1,1024,1024,1018,1024,0,0,-1,0,281.2,0,-3.4,22,3.352,3.355,0,0,0,0,5.722,121.64,-1.039109613304,2.624672,31,Sport,
580300,2026-05-22 09:27:31,51.988943425083,4.38976493780005,2.296588,,,-1.367193613304,8.530184,0,60.221130536,149.598429984,25,5,6.706,0,3.608924,13.533487,60.221130536,0,0,0.447388,261.7, 2.5, -4,,,0,1,1024,1024,548,1024,0,0,-72,0,281.1,0,-2.7,22,3.352,3.355,0,0,0,0,5.722,121.64,-1.367193613304,2.296588,31,Sport,
580400,2026-05-22 09:27:31,51.9889433927513,4.38976489247624,2.296588,,,-1.367193613304,8.530184,0,60.224083292,149.614178016,25,5,6.706,0,3.608924,13.533487,60.224083292,0,0,0.223694,261.6, 3.2, -3.1,,,0,1,1024,1024,697,1024,0,0,-50,0,281,0,-1.5,22,3.352,3.355,0,0,0,0,5.722,121.64,-1.367193613304,2.296588,31,Sport,
580500,2026-05-22 09:27:31,51.9889433163171,4.3897647691365,2.296588,,,-1.367193613304,8.2021,0,60.234253896,149.653548096,25,5,6.706,0,3.608924,13.533487,60.234253896,0,0,0.671082,261.6, 4.1, -2.2,,,0,1,1024,1024,1024,1024,0,0,0,0,281,0,-1.1,22,3.352,3.355,0,0,0,0,5.722,121.64,-1.367193613304,2.296588,31,Sport,
580600,2026-05-22 09:27:31,51.9889433473466,4.3897647705833,1.968504,,,-1.695277613304,8.2021,0,60.23950324,149.664702952,25,5,6.703,0,3.608924,13.533487,60.23950324,0,0,1.11847,261.6, 4, -1.7,,,0,1,1024,1024,1024,1024,0,0,0,0,281,0,-1,22,3.379,3.38,0,0,0,0,5.718,121.64,-1.695277613304,1.968504,31,Sport,
580700,2026-05-22 09:27:31,51.9889433346675,4.38976467829413,1.968504,,,-1.695277613304,7.874016,0,60.255251272,149.686028412,25,5,6.703,0,3.608924,13.533487,60.255251272,0,0,0.894776,261.6, 4.1, -2.1,,,0,1,1024,1024,429,1024,0,0,-90,0,281,0,-1.7,22,3.379,3.38,0,0,0,0,5.718,121.64,-1.695277613304,1.968504,31,Sport,
580800,2026-05-22 09:27:31,51.9889433360896,4.38976459816364,1.64042,,,-2.023361613304,7.874016,0,60.271327388,149.704073032,25,5,6.703,0,3.608924,13.533487,60.271327388,0,0,0.671082,261.5, 4.5, -2.7,,,0,1,1024,1024,1024,1024,0,0,0,0,280.9,0,-2,22,3.379,3.38,0,0,0,0,5.718,121.64,-2.023361613304,1.64042,31,Sport,
580900,2026-05-22 09:27:31,51.988943607319,4.38976470531034,1.64042,,,-2.023361613304,7.545932,0,60.299214528,149.805779072,23,5,6.703,0,3.608924,13.533487,60.299214528,0,0,1.11847,261.5, 4.3, -3,,,0,1,1024,1024,773,1024,0,0,-38,0,281,0,-2.4,22,3.379,3.38,0,0,0,0,5.718,121.64,-2.023361613304,1.64042,31,Sport,
581000,2026-05-22 09:27:31,51.9889436278625,4.38976464510118,1.64042,,,-2.023361613304,7.545932,0,60.314634476,149.821527104,23,5,6.703,0,3.608924,13.533487,60.314634476,0,0,0.671082,261.7, 4.1, -3.7,,,0,1,1024,1024,514,1024,0,0,-77,0,281.3,0,-3.3,22,3.379,3.38,0,0,0,0,5.718,121.64,-2.023361613304,1.64042,31,Sport,
581100,2026-05-22 09:27:32,51.9889440469144,4.38976426128171,1.312336,,,-2.351445613304,7.217848,0,60.465225032,149.997052044,25,5,6.703,0,3.608924,13.533487,60.465225032,0,0,0.894776,261.7, 4.2, -4.4,,,0,1,1024,1024,1024,1024,0,0,0,0,281.2,0,-3,22,3.379,3.38,0,0,0,0,5.718,121.64,-2.351445613304,1.312336,31,Sport,
581200,2026-05-22 09:27:32,51.9889440447384,4.38976422678109,1.312336,,,-2.351445613304,7.217848,0,60.471786712,150.004597976,25,5,6.703,0,3.608924,13.533487,60.471786712,0,0,1.11847,261.6, 4.1, -3.5,,,0,1,1024,1024,364,1024,0,0,-100,0,281,0,-2,22,3.379,3.38,0,0,0,0,5.718,121.64,-2.351445613304,1.312336,31,Sport,
581300,2026-05-22 09:27:32,51.9889445844386,4.38976402102937,0.984252,,,-2.679529613304,6.889764,0,60.609581992,150.207025804,27,5,6.703,0,3.608924,13.533487,60.609581992,0,0,0.671082,261.5, 4.4, -2.7,,,0,1,1024,1024,1024,1024,0,0,0,0,281,0,-1.8,22,3.379,3.38,0,0,0,0,5.718,121.64,-2.679529613304,0.984252,31,Sport,
581400,2026-05-22 09:27:32,51.9889445685212,4.38976401424053,0.984252,,,-2.679529613304,6.889764,0,60.607941572,150.212931316,27,5,6.703,0,3.608924,13.533487,60.609581992,0,0,0.894776,261.5, 4.5, -2.8,,,0,1,1024,1024,1024,1024,0,0,0,0,280.8,0,-1.9,22,3.379,3.38,0,0,0,0,5.718,121.64,-2.679529613304,0.984252,31,Sport,
581500,2026-05-22 09:27:32,51.9889448648431,4.38976420808397,0.656168,,,-3.007613613304,6.56168,0,60.624017688,150.329401136,27,5,6.703,0,3.608924,13.533487,60.624017688,0,0,0.894776,261.3, 3.8, -2.8,,,0,1,1024,1024,1024,1024,0,0,0,0,280.7,0,-1.6,22,3.379,3.38,0,0,0,0,5.718,121.64,-3.007613613304,0.656168,31,Sport,
581600,2026-05-22 09:27:32,51.988944994658,4.38976437841691,0.656168,,,-3.007613613304,6.56168,0,60.614831336,150.39042476,27,5,6.708,0,3.608924,13.533487,60.624017688,0,0,0.447388,261.4, 3.5, -2.4,,,0,1,1024,1024,364,1024,0,0,-100,0,280.9,0,-1.4,22,3.339,3.345,0,0,0,0,4.596,121.82,-3.007613613304,0.656168,31,Sport,
581700,2026-05-22 09:27:32,51.9889450103184,4.38976445437393,0.656168,,,-3.007613613304,6.56168,0,60.602692228,150.40846938,27,5,6.708,0,3.608924,13.533487,60.624017688,0,0,0.671082,261.6, 2.8, -2.6,,,0,1,1024,1024,1024,1024,0,0,0,0,281,0,-2,22,3.339,3.345,0,0,0,0,4.596,121.82,-3.007613613304,0.656168,31,Sport,
581800,2026-05-22 09:27:32,51.9889450377497,4.38976452112151,0.328084,,,-3.335697613304,6.233596,0,60.594818212,150.426514,27,5,6.708,0,3.608924,13.533487,60.624017688,0,0,0.894776,261.7, 1.5, -3.2,,,0,1,1024,1024,1024,1024,0,0,0,0,281,0,-2.6,22,3.339,3.345,0,0,0,0,4.596,121.82,-3.335697613304,0.328084,31,Sport,
581900,2026-05-22 09:27:32,51.9889449676978,4.38976474673892,0.328084,,,-3.335697613304,6.233596,0,60.53805968,150.483272532,26,5,6.708,0,3.608924,13.533487,60.624017688,0,0,0.671082,261.8, 1, -3.9,,,0,1,1024,1024,1014,1024,0,0,-2,0,281.1,0,-3.2,22,3.339,3.345,0,0,0,0,4.596,121.82,-3.335697613304,0.328084,31,Sport,
582000,2026-05-22 09:27:33,51.9889449851744,4.38976476134604,0.328084,,,-3.335697613304,6.233596,0,60.538387764,150.49049038,26,5,6.708,0,3.608924,13.533487,60.624017688,0,0,0.223694,261.8, 1.5, -4.1,,,0,1,1024,1024,992,1024,0,0,-5,0,281.1,0,-3,22,3.339,3.345,0,0,0,0,4.596,121.82,-3.335697613304,0.328084,31,Sport,
582100,2026-05-22 09:27:33,51.9889451236761,4.38976532765713,0,,,-3.663781613304,6.233596,0,60.453742092,150.627301408,27,5,6.708,0,3.608924,13.533487,60.624017688,0,0,0.223694,261.8, 2, -3.6,,,0,1,1024,1024,1024,1024,0,0,0,0,281,0,-2,22,3.339,3.345,0,0,0,0,4.596,121.82,-3.663781613304,0,31,Sport,
582200,2026-05-22 09:27:33,51.9889450987121,4.38976531839204,0,,,-3.663781613304,6.233596,0,60.45111742,150.63648776,27,5,6.708,0,3.608924,13.533487,60.624017688,0,0,0,261.7, 2.3, -2.7,,,0,1,1024,1024,1024,1024,0,0,0,0,281,0,-1.3,22,3.339,3.345,0,0,0,0,4.596,121.82,-3.663781613304,0,31,Sport,
582300,2026-05-22 09:27:33,51.9889454337566,4.38976588375714,0,,,-3.663781613304,6.233596,0,60.402889072,150.812996952,27,5,6.708,0,3.608924,13.533487,60.624017688,0,0,0,261.7, 2.5, -1.7,,,0,1,1024,1024,1024,1024,0,0,0,0,280.9,0,-0.3,22,3.339,3.345,0,0,0,0,4.596,121.82,-3.663781613304,0,31,Sport,
582400,2026-05-22 09:27:33,51.9889454072676,4.38976588525959,0,,,-3.663781613304,6.233596,0,60.397639728,150.822511388,27,5,6.708,0,3.608924,13.533487,60.624017688,0,0,0,261.7, 2.7, -1.2,,,0,1,1024,1024,925,1024,0,0,-15,0,280.9,0,-0.6,22,3.339,3.345,0,0,0,0,4.596,121.82,-3.663781613304,0,31,Sport,
582500,2026-05-22 09:27:33,51.9889457481719,4.38976631114757,0,,,-3.663781613304,6.233596,0,60.377954688,150.979663624,27,5,6.708,0,3.608924,13.533487,60.624017688,0,0,0,261.7, 2.6, -1.7,,,0,1,1024,1024,1024,1024,0,0,0,0,281,0,-1,22,3.339,3.345,0,0,0,0,4.596,121.82,-3.663781613304,0,31,Sport,
582600,2026-05-22 09:27:33,51.9889459040131,4.38976671580653,0,,,-3.663781613304,6.233596,0,60.328414004,151.086619008,27,5,6.693,0,3.608924,13.533487,60.624017688,0,0,0,261.7, 2.3, -2.3,,,0,1,1024,1024,1024,1024,0,0,0,0,281,0,-1.9,22,3.354,3.356,0,0,0,0,5.397,121.82,-3.663781613304,0,31,Sport,
582700,2026-05-22 09:27:33,51.9889459191423,4.38976671744809,0,,,-3.663781613304,6.233596,0,60.331038676,151.092196436,27,5,6.693,0,3.608924,13.533487,60.624017688,0,0,0,261.7, 2.4, -3,,,0,1,1024,522,1024,1024,0,-76,0,0,280.9,0,-2,22,3.354,3.356,0,0,0,0,5.397,121.82,-3.663781613304,0,31,Sport,
582800,2026-05-22 09:27:33,51.9889459320613,4.38976671021409,0,,,-3.663781613304,6.233596,0,60.3346476,151.097117696,27,5,6.693,0,3.608924,13.533487,60.624017688,0,0,0,261.6, 2.7, -4.3,,,0,1,1024,812,1024,1024,0,-32,0,0,281.1,0,-9,22,3.354,3.356,0,0,0,0,5.397,121.82,-3.663781613304,0,31,Sport,
582900,2026-05-22 09:27:33,51.988946007536,4.38976718751913,0,,,-3.663781613304,6.233596,0,60.256235524,151.208010088,28,5,6.693,0,3.608924,13.533487,60.624017688,0,0,0,261.3, 2.8, -14.2,,,0,1,1024,1024,1024,1024,0,0,0,0,281.2,0,-14.6,22,3.354,3.356,0,0,0,0,5.397,121.82,-3.663781613304,0,31,Sport,
583000,2026-05-22 09:27:34,51.9889458510523,4.38976721915398,0,,,-3.663781613304,6.233596,0.447388,60.221130536,151.265424788,28,5,6.693,0,3.608924,13.533487,60.624017688,-0.447388,0,0,261.4, 2.9, -11.6,,,0,1,1024,1024,1024,1024,0,0,0,0,281,0,-4.1,22,3.354,3.356,0,0,0,0,5.397,121.82,-3.663781613304,0,31,Sport,
583100,2026-05-22 09:27:34,51.9889455629118,4.38976779834715,0,,,-3.663781613304,5.905512,0.671082,60.0557762,151.432747628,29,5,6.693,0,3.608924,13.533487,60.624017688,-0.671082,0,0,261.7, 2.9, -3.3,,,0,1,1024,473,1024,1024,0,-83,0,0,280.9,0,-1.8,22,3.354,3.356,0,0,0,0,5.397,121.82,-3.663781613304,0,31,Sport,
583200,2026-05-22 09:27:34,51.9889452951435,4.38976787057589,0,,,-3.663781613304,6.233596,0.447388,59.992127904,151.531828996,29,5,6.693,0,3.608924,13.533487,60.624017688,-0.447388,0,0,261.7, 2.7, -2.8,,,0,1,1024,473,1024,1024,0,-83,0,0,281,0,-4.1,22,3.354,3.356,0,0,0,0,5.397,121.82,-3.663781613304,0,31,Sport,
583300,2026-05-22 09:27:34,51.98894484358,4.3897681817771,0,,,-3.663781613304,6.233596,0.447388,59.848427112,151.71096286,29,5,6.693,0,3.608924,13.533487,60.624017688,-0.447388,0,0,261.4, 2.8, -9.4,,,0,1,1024,534,1024,1024,0,-74,0,0,281.1,0,-15,22,3.354,3.356,0,0,0,0,5.397,121.82,-3.663781613304,0,31,Sport,
583400,2026-05-22 09:27:34,51.9889445138213,4.3897682751792,0,,,-3.663781613304,5.905512,0.894776,59.769358868,151.833010108,29,5,6.693,0,3.608924,13.533487,60.624017688,-0.894776,0,0,261.1, 2.8, -18.9,,,0,1,1024,1024,1024,1024,0,0,0,0,281.1,0,-12.2,22,3.354,3.356,0,0,0,0,5.397,121.82,-3.663781613304,0,31,Sport,
583500,2026-05-22 09:27:34,51.9889437393355,4.3897685808158,0,,,-3.663781613304,5.905512,1.3645334,59.567915292,152.123692532,29,5,6.693,0,3.608924,13.533487,60.624017688,-1.342164,0.223694,0,261.4, 2.8, -8.5,,,0,1,1024,525,1024,1024,0,-76,0,0,280.9,0,-2.1,22,3.354,3.356,0,0,0,0,5.397,121.82,-3.663781613304,0,31,Sport,
583600,2026-05-22 09:27:34,51.988943173232,4.38976875317982,0,,,-3.663781613304,5.905512,1.3645334,59.431104264,152.333994376,29,5,6.7,0,3.608924,13.533487,60.624017688,-1.342164,0.223694,0,261.7, 2.2, -4.3,,,0,1,1024,533,1024,1024,0,-74,0,0,281,0,-9.2,22,3.35,3.35,0,0,0,0,5.332,122,-3.663781613304,0,31,Sport,
583700,2026-05-22 09:27:34,51.9889423902222,4.38976902829449,0,,,-3.663781613304,6.233596,1.3645334,59.2355662,152.62631722,29,5,6.7,0,3.608924,13.533487,60.624017688,-1.342164,0.223694,0,261.4, 1.9, -14.5,,,0,1,1024,1024,1024,1024,0,0,0,0,281.1,0,-15.6,22,3.35,3.35,0,0,0,0,5.332,122,-3.663781613304,0,31,Sport,
583800,2026-05-22 09:27:34,51.9889416901146,4.38976922241616,0,,,-3.663781613304,6.233596,1.8119214,59.071196116,152.885175496,29,5,6.7,0,3.608924,13.533487,60.624017688,-1.789552,0.223694,0,261.4, 2.4, -12.6,,,0,1,1024,1024,1024,1024,0,0,0,0,281,0,-5,22,3.35,3.35,0,0,0,0,5.332,122,-3.663781613304,0,31,Sport,
583900,2026-05-22 09:27:34,51.9889410257312,4.38976915717102,0,,,-3.663781613304,6.233596,1.8119214,58.9648969,153.12828574,29,5,6.7,0,3.608924,13.533487,60.624017688,-1.789552,0.223694,0,261.8, 2.3, -3.8,,,0,1,1024,1024,1024,1024,0,0,0,0,281,0,-2.2,22,3.35,3.35,0,0,0,0,5.332,122,-3.663781613304,0,31,Sport,
584000,2026-05-22 09:27:35,51.9889402655008,4.38976929061054,0,,,-3.663781613304,6.233596,1.8119214,58.803479572,153.40715714,29,5,6.7,0,3.608924,13.533487,60.624017688,-1.789552,0.223694,0,261.8, 2.5, -3.2,,,0,1,1024,1024,1024,1024,0,0,0,0,281,0,-0.5,22,3.35,3.35,0,0,0,0,5.332,122,-3.663781613304,0,31,Sport,
584100,2026-05-22 09:27:35,51.9889396397029,4.38976921070264,0,,,-3.663781613304,5.905512,1.565858,58.708663296,153.636159772,29,5,6.7,0,3.608924,13.533487,60.624017688,-1.565858,0,0,261.7, 3.2, 0.1,,,0,1,1024,1024,1024,1024,0,0,0,0,280.6,0,4,22,3.35,3.35,0,0,0,0,5.332,122,-3.663781613304,0,31,Sport,
584200,2026-05-22 09:27:35,51.9889390292398,4.38976928276443,0,,,-3.663781613304,5.905512,1.342164,58.586944132,153.859584976,29,5,6.7,0,3.608924,13.533487,60.624017688,-1.342164,0,0,261.7, 3.5, 3.7,,,0,1,1024,1024,1024,1024,0,0,0,0,280.6,0,4.5,22,3.35,3.35,0,0,0,0,5.332,122,-3.663781613304,0,31,Sport,
584300,2026-05-22 09:27:35,51.988938574121,4.38976947644093,0,,,-3.663781613304,5.905512,0.894776,58.469161976,154.031172908,29,5,6.7,0,3.608924,13.533487,60.624017688,-0.894776,0,0,261.8, 3.5, 3,,,0,1,1024,1024,1024,1024,0,0,0,0,280.7,0,3.4,22,3.35,3.35,0,0,0,0,5.332,122,-3.663781613304,0,31,Sport,
584400,2026-05-22 09:27:35,51.9889382286163,4.38976952808058,0,,,-3.663781613304,5.905512,0.671082,58.398952,154.157813332,29,5,6.7,0,3.608924,13.533487,60.624017688,-0.671082,0,0,261.8, 3.2, 2,,,0,1,1024,1024,1024,1024,0,0,0,0,280.8,0,2.6,22,3.35,3.35,0,0,0,0,5.332,122,-3.663781613304,0,31,Sport,
584500,2026-05-22 09:27:35,51.9889380061157,4.38976942430047,0,,,-3.663781613304,5.905512,0.447388,58.380579296,154.24213092,29,5,6.7,0,3.608924,13.533487,60.624017688,-0.447388,0,0,261.7, 2.7, 1.4,,,0,1,1024,1024,1024,1024,0,0,0,0,280.8,0,2.4,22,3.35,3.35,0,0,0,0,5.332,122,-3.663781613304,0,31,Sport,
584600,2026-05-22 09:27:35,51.9889378594668,4.38976946717585,0,,,-3.663781613304,5.905512,0.223694,58.346786644,154.296592864,29,5,6.687,0,3.608924,13.533487,60.624017688,-0.223694,0,0,261.7, 2.5, 1,,,0,1,1024,1024,1024,1024,0,0,0,0,280.8,0,1.5,22,3.344,3.346,0,0,0,0,5.751,122,-3.663781613304,0,31,Sport,
584700,2026-05-22 09:27:35,51.9889378723686,4.38976939294385,0,,,-3.663781613304,5.905512,0,58.363518928,154.313981316,29,5,6.687,0,3.608924,13.533487,60.624017688,0,0,0,261.7, 2.7, 0.1,,,0,1,1024,1024,1024,1024,0,0,0,0,280.7,0,0.9,22,3.344,3.346,0,0,0,0,5.751,122,-3.663781613304,0,31,Sport,
584800,2026-05-22 09:27:35,51.9889378662518,4.38976940501907,0,,,-3.663781613304,6.233596,0,58.360238088,154.317262156,29,5,6.687,0,3.608924,13.533487,60.624017688,0,0,0,261.6, 3.1, 0,,,0,1,1024,1024,1024,1024,0,0,0,0,280.9,0,0.3,22,3.344,3.346,0,0,0,0,5.751,122,-3.663781613304,0,31,Sport,
584900,2026-05-22 09:27:35,51.9889379253551,4.38976954201995,0,,,-3.663781613304,5.905512,0,58.343505804,154.354991816,29,5,6.687,0,3.608924,13.533487,60.624017688,0,0,0,261.7, 2.8, -1.3,,,0,1,1024,1024,1024,1024,0,0,0,0,280.9,0,-1.1,22,3.344,3.346,0,0,0,0,5.751,122,-3.663781613304,0,31,Sport,
585000,2026-05-22 09:27:36,51.9889380179809,4.38976957115072,0,,,-3.663781613304,5.905512,0,58.353676408,154.389440636,29,5,6.687,0,3.608924,13.533487,60.624017688,0,0,0,261.7, 2.5, -1.8,,,0,1,1024,1024,1024,1024,0,0,0,0,280.8,0,-0.6,22,3.344,3.346,0,0,0,0,5.751,122,-3.663781613304,0,31,Sport,
585100,2026-05-22 09:27:36,51.9889380290494,4.38976946439354,0,,,-3.663781613304,5.905512,0,58.376642288,154.413718852,29,5,6.687,0,3.608924,13.533487,60.624017688,0,0,0,261.6, 2.1, -1.7,,,0,1,1024,1024,1024,1024,0,0,0,0,280.8,0,-1.1,22,3.344,3.346,0,0,0,0,5.751,122,-3.663781613304,0,31,Sport,
585200,2026-05-22 09:27:36,51.9889381414819,4.38976946884523,0,,,-3.663781613304,5.905512,0.223694,58.395343076,154.454729352,29,5,6.687,0,3.608924,13.533487,60.624017688,0.223694,0,0,261.6, 2, -2.4,,,0,1,1024,1024,1024,1024,0,0,0,0,280.9,0,-2,22,3.344,3.346,0,0,0,0,5.751,122,-3.663781613304,0,31,Sport,
585300,2026-05-22 09:27:36,51.9889381796219,4.38976930315876,0,,,-3.663781613304,5.905512,0.223694,58.434713156,154.494427516,28,5,6.687,0,3.608924,13.533487,60.624017688,0.223694,0,0,261.7, 2.1, -3.3,,,0,1,1024,1024,1024,1024,0,0,0,0,281,0,-2.9,22,3.344,3.346,0,0,0,0,5.751,122,-3.663781613304,0,31,Sport,
585400,2026-05-22 09:27:36,51.9889382865716,4.38976927937002,0,,,-3.663781613304,5.905512,0.223694,58.45800712,154.533797596,28,5,6.687,0,3.608924,13.533487,60.624017688,0.223694,0,0,261.7, 2.1, -4.1,,,0,1,1024,1024,1024,1024,0,0,0,0,281,0,-3.4,22,3.344,3.346,0,0,0,0,5.751,122,-3.663781613304,0,31,Sport,
585500,2026-05-22 09:27:36,51.9889383483222,4.38976913638718,0,,,-3.663781613304,5.905512,0,58.497049116,154.573167676,28,5,6.687,0,3.608924,13.533487,60.624017688,0,0,0,261.7, 2.2, -4.3,,,0,1,1024,1024,1024,1024,0,0,0,0,281,0,-3.3,22,3.344,3.346,0,0,0,0,5.751,122,-3.663781613304,0,31,Sport,
585600,2026-05-22 09:27:36,51.9889384081708,4.38976910069016,0,,,-3.663781613304,5.905512,0,58.514437568,154.59646164,28,5,6.689,0,3.608924,13.533487,60.624017688,0,0,0,261.7, 2.3, -4.3,,,0,1,1024,1024,1024,1024,0,0,0,0,281,0,-3.4,22,3.342,3.345,0,0,0,0,5.514,122,-3.663781613304,0,31,Sport,
585700,2026-05-22 09:27:36,51.9889384347883,4.38976902097702,0,,,-3.663781613304,5.905512,0,58.534778776,154.616802848,28,5,6.689,0,3.608924,13.533487,60.624017688,0,0,0,261.7, 2.3, -4.3,,,0,1,1024,1024,1024,1024,0,0,0,0,281,0,-3.2,22,3.342,3.345,0,0,0,0,5.514,122,-3.663781613304,0,31,Sport,
585800,2026-05-22 09:27:36,51.9889384504144,4.38976900141739,0,,,-3.663781613304,5.905512,0,58.541340456,154.624020696,28,5,6.689,0,3.608924,13.533487,60.624017688,0,0,0,261.7, 2.4, -4.1,,,0,1,1024,1024,1024,1024,0,0,0,0,281,0,-3.2,22,3.342,3.345,0,0,0,0,5.514,122,-3.663781613304,0,31,Sport,
585900,2026-05-22 09:27:36,51.9889383279243,4.38976895434073,0,,,-3.663781613304,5.905512,0,58.529529432,154.669952456,27,5,6.689,0,3.608924,13.533487,60.624017688,0,0,0,261.7, 2.3, -4.2,,,0,1,1024,1024,1024,1024,0,0,0,0,281,0,-2.9,22,3.342,3.345,0,0,0,0,5.514,122,-3.663781613304,0,31,Sport,
586000,2026-05-22 09:27:36,51.9889383021549,4.38976894426877,0,,,-3.663781613304,5.905512,0,58.52690476,154.679466892,27,5,6.689,0,3.608924,13.533487,60.624017688,0,0,0,261.7, 2.1, -3.5,,,0,1,1024,1024,1024,1024,0,0,0,0,281,0,-1.9,22,3.342,3.345,0,0,0,0,5.514,122,-3.663781613304,0,31,Sport,
586100,2026-05-22 09:27:37,51.9889381248364,4.3897689773226,0,,,-3.663781613304,5.905512,0,58.489503184,154.744755608,27,5,6.689,0,3.608924,13.533487,60.624017688,0,0,0,261.7, 2.3, -2.6,,,0,1,1024,1024,1024,1024,0,0,0,0,280.9,0,-1.5,22,3.342,3.345,0,0,0,0,5.514,122,-3.663781613304,0,31,Sport,
586200,2026-05-22 09:27:37,51.9889380712758,4.3897689776843,0,,,-3.663781613304,5.905512,0,58.480316832,154.764112564,27,5,6.689,0,3.608924,13.533487,60.624017688,0,0,0,261.6, 2.3, -2.4,,,0,1,1024,1024,1024,1024,0,0,0,0,280.8,0,-1.4,22,3.342,3.345,0,0,0,0,5.514,122,-3.663781613304,0,31,Sport,
586300,2026-05-22 09:27:37,51.9889380621606,4.38976900431099,0,,,-3.663781613304,5.905512,0,58.473427068,154.771002328,26,5,6.689,0,3.608924,13.533487,60.624017688,0,0,0,261.5, 2.3, -2.2,,,0,1,1024,1024,1024,1024,0,0,0,0,280.7,0,-0.8,22,3.342,3.345,0,0,0,0,5.514,122,-3.663781613304,0,31,Sport,
586400,2026-05-22 09:27:37,51.988937998611,4.3897690157741,0,,,-3.663781613304,5.905512,0,58.459975624,154.794296292,26,5,6.689,0,3.608924,13.533487,60.624017688,0,0,0,261.4, 2.3, -1.3,,,0,1,1024,1024,1024,1024,0,0,0,0,280.6,0,0,22,3.342,3.345,0,0,0,0,5.514,122,-3.663781613304,0,31,Sport,
586500,2026-05-22 09:27:37,51.9889378572222,4.38976923240465,0,,,-3.663781613304,5.905512,0,58.392718404,154.865162436,26,5,6.689,0,3.608924,13.533487,60.624017688,0,0,0,261.5, 2.5, -0.8,,,0,1,1024,1024,1024,1024,0,0,0,0,280.7,0,-0.3,22,3.342,3.345,0,0,0,0,5.514,122,-3.663781613304,0,31,Sport,
586600,2026-05-22 09:27:37,51.9889378248906,4.38976924517544,0,,,-3.663781613304,5.905512,0,58.384516304,154.877301544,26,5,6.686,0,3.608924,13.533487,60.624017688,0,0,0,261.5, 2.2, -1.5,,,0,1,1024,1024,1024,1024,0,0,0,0,280.7,0,-0.6,22,3.339,3.343,0,0,0,0,5.517,122,-3.663781613304,0,31,Sport,
586700,2026-05-22 09:27:37,51.9889375253132,4.38976943620875,0,,,-3.663781613304,5.905512,0,58.294949372,154.994755616,26,5,6.686,0,3.608924,13.533487,60.624017688,0,0,0,261.5, 2.1, -1.5,,,0,1,1024,1024,1024,1024,0,0,0,0,280.7,0,-0.5,22,3.339,3.343,0,0,0,0,5.517,122,-3.663781613304,0,31,Sport,
586800,2026-05-22 09:27:37,51.988937520036,4.38976945067676,0,,,-3.663781613304,5.905512,0,58.291340448,154.998692624,26,5,6.686,0,3.608924,13.533487,60.624017688,0,0,0,261.5, 2, -1.7,,,0,1,1024,1024,1024,1024,0,0,0,0,280.9,0,-1.3,22,3.339,3.343,0,0,0,0,5.517,122,-3.663781613304,0,31,Sport,
586900,2026-05-22 09:27:37,51.9889374000817,4.38976962838281,0,,,-3.663781613304,5.905512,0,58.235238084,155.057747744,27,5,6.686,0,3.608924,13.533487,60.624017688,0,0,0,261.6, 2.1, -2.7,,,0,1,1024,1024,1024,1024,0,0,0,0,281,0,-2.3,22,3.339,3.343,0,0,0,0,5.517,122,-3.663781613304,0,31,Sport,
587000,2026-05-22 09:27:37,51.9889374142343,4.38976962395894,0,,,-3.663781613304,5.905512,0,58.238847008,155.062997088,27,5,6.686,0,3.608924,13.533487,60.624017688,0,0,0,261.7, 2.3, -3.5,,,0,1,1024,1024,1024,1024,0,0,0,0,281.1,0,-2.6,22,3.339,3.343,0,0,0,0,5.517,122,-3.663781613304,0,31,Sport,
587100,2026-05-22 09:27:38,51.9889372226004,4.38976968475238,0,,,-3.663781613304,5.905512,0,58.193571416,155.1345194,27,5,6.686,0,3.608924,13.533487,60.624017688,0,0,0,261.7, 2.5, -3.4,,,0,1,1024,1024,1024,1024,0,0,0,0,281,0,-2.1,22,3.339,3.343,0,0,0,0,5.517,122,-3.663781613304,0,31,Sport,
587200,2026-05-22 09:27:38,51.9889372080194,4.38976967632198,0,,,-3.663781613304,5.905512,0,58.192915248,155.140096828,27,5,6.686,0,3.608924,13.533487,60.624017688,0,0,0,261.7, 2.5, -2.7,,,0,1,1024,1024,1024,1024,0,0,0,0,281,0,-1.4,22,3.339,3.343,0,0,0,0,5.517,122,-3.663781613304,0,31,Sport,
587300,2026-05-22 09:27:38,51.988937264724,4.3897697810759,0,,,-3.663781613304,5.905512,0,58.181760392,155.171264808,29,5,6.686,0,3.608924,13.533487,60.624017688,0,0,0,261.7, 2.5, -2.2,,,0,1,1024,1024,1024,1024,0,0,0,0,281,0,-1.3,22,3.339,3.343,0,0,0,0,5.517,122,-3.663781613304,0,31,Sport,
587400,2026-05-22 09:27:38,51.9889372468876,4.38976977809883,0,,,-3.663781613304,5.905512,0,58.179463804,155.177826488,29,5,6.686,0,3.608924,13.533487,60.624017688,0,0,0,261.7, 2.5, -2.3,,,0,1,1024,1024,1024,1024,0,0,0,0,281,0,-1.5,22,3.339,3.343,0,0,0,0,5.517,122,-3.663781613304,0,31,Sport,
587500,2026-05-22 09:27:38,51.9889372575621,4.38976970319908,0,,,-3.663781613304,5.905512,0,58.195868004,155.19521494,29,5,6.686,0,3.608924,13.533487,60.624017688,0,0,0,261.7, 2.4, -2.5,,,0,1,1024,1024,1024,1024,0,0,0,0,281.1,0,-1.5,22,3.339,3.343,0,0,0,0,5.517,122,-3.663781613304,0,31,Sport,
587600,2026-05-22 09:27:38,51.9889372426556,4.38976972306477,0,,,-3.663781613304,5.905512,0,58.189634408,155.202104704,29,5,6.684,0,3.608924,13.533487,60.624017688,0,0,0,261.8, 2.2, -2.5,,,0,1,1024,1024,1024,1024,0,0,0,0,281.1,0,-1.5,21,3.342,3.345,0,0,0,0,5.466,122.18,-3.663781613304,0,31,Sport,
587700,2026-05-22 09:27:38,51.9889372552832,4.38976976162756,0,,,-3.663781613304,5.905512,0,58.18405698,155.211947224,29,5,6.684,0,3.608924,13.533487,60.624017688,0,0,0,261.8, 2, -2.4,,,0,1,1024,1024,1024,1024,0,0,0,0,281.1,0,-1.1,21,3.342,3.345,0,0,0,0,5.466,122.18,-3.663781613304,0,31,Sport,
587800,2026-05-22 09:27:38,51.9889372193364,4.38976980199886,0,,,-3.663781613304,5.905512,0,58.169949368,155.22802334,29,5,6.684,0,3.608924,13.533487,60.624017688,0,0,0,261.8, 2.1, -1.8,,,0,1,1024,1024,1024,1024,0,0,0,0,281,0,-0.1,21,3.342,3.345,0,0,0,0,5.466,122.18,-3.663781613304,0,31,Sport,
587900,2026-05-22 09:27:38,51.9889371071694,4.38976999506326,0,,,-3.663781613304,5.905512,0,58.112206584,155.287734628,28,5,6.684,0,3.608924,13.533487,60.624017688,0,0,0,261.7, 2, -0.6,,,0,1,1024,1024,1024,1024,0,0,0,0,281,0,0.5,21,3.342,3.345,0,0,0,0,5.466,122.18,-3.663781613304,0,31,Sport,
588000,2026-05-22 09:27:38,51.9889370656711,4.3897700136769,0,,,-3.663781613304,5.905512,0,58.101379812,155.30348266,28,5,6.684,0,3.608924,13.533487,60.624017688,0,0,0,261.7, 2.1, -0.3,,,0,1,1024,1024,1024,1024,0,0,0,0,281,0,0.4,21,3.342,3.345,0,0,0,0,5.466,122.18,-3.663781613304,0,31,Sport,
588100,2026-05-22 09:27:39,51.9889370021644,4.38977033333633,0,,,-3.663781613304,5.905512,0,58.027232828,155.37894198,28,5,6.684,0,3.608924,13.533487,60.624017688,0,0,0,261.8, 2.4, -0.5,,,0,1,1024,1024,1024,1024,0,0,0,0,281.1,0,0.3,21,3.342,3.345,0,0,0,0,5.466,122.18,-3.663781613304,0,31,Sport,
588200,2026-05-22 09:27:39,51.9889369773031,4.38977031761629,0,,,-3.663781613304,5.905512,0,58.025920492,155.388456416,28,5,6.684,0,3.608924,13.533487,60.624017688,0,0,0,261.8, 2.6, -0.6,,,0,1,1024,1024,1024,1024,0,0,0,0,281,0,0.1,21,3.342,3.345,0,0,0,0,5.466,122.18,-3.663781613304,0,31,Sport,
588300,2026-05-22 09:27:39,51.9889368420911,4.38977036586152,0,,,-3.663781613304,5.905512,0,57.993112092,155.438981352,26,5,6.684,0,3.608924,13.533487,60.624017688,0,0,0,261.8, 2.4, -0.8,,,0,1,1024,1024,1024,1024,0,0,0,0,281,0,0,21,3.342,3.345,0,0,0,0,5.466,122.18,-3.663781613304,0,31,Sport,
588400,2026-05-22 09:27:39,51.988936824546,4.38977036160459,0,,,-3.663781613304,5.905512,0,57.991143588,155.445543032,26,5,6.684,0,3.608924,13.533487,60.624017688,0,0,0,261.7, 2.2, -1,,,0,1,1024,1024,1024,1024,0,0,0,0,281,0,0.1,21,3.342,3.345,0,0,0,0,5.466,122.18,-3.663781613304,0,31,Sport,
588500,2026-05-22 09:27:39,51.9889369551919,4.38977039629998,0,,,-3.663781613304,5.905512,0,58.006563536,155.49377138,26,5,6.684,0,3.608924,13.533487,60.624017688,0,0,0,261.7, 2, -0.6,,,0,1,1024,1024,1024,1024,0,0,0,0,280.9,0,0.5,21,3.342,3.345,0,0,0,0,5.466,122.18,-3.663781613304,0,31,Sport,
588600,2026-05-22 09:27:39,51.9889369336032,4.38977040228194,0,,,-3.663781613304,5.905512,0,58.001642276,155.501645396,26,5,6.685,0,3.608924,13.533487,60.624017688,0,0,0,261.7, 2, -0.3,,,0,1,1024,1024,1024,1024,0,0,0,0,281,0,0.6,21,3.338,3.343,0,0,0,0,5.281,122.18,-3.663781613304,0,31,Sport,
588700,2026-05-22 09:27:39,51.9889371440244,4.38977031105004,0,,,-3.663781613304,5.905512,0,58.05610422,155.581369808,26,5,6.685,0,3.608924,13.533487,60.624017688,0,0,0,261.7, 2.1, -0.2,,,0,1,1024,1024,1024,1024,0,0,0,0,281,0,1,21,3.338,3.343,0,0,0,0,5.281,122.18,-3.663781613304,0,31,Sport,
588800,2026-05-22 09:27:39,51.988937120945,4.38977031333153,0,,,-3.663781613304,5.905512,0,58.051511044,155.589571908,26,5,6.685,0,3.608924,13.533487,60.624017688,0,0,0,261.7, 2.2, 0.2,,,0,1,1024,1024,1024,1024,0,0,0,0,280.9,0,1.2,21,3.338,3.343,0,0,0,0,5.281,122.18,-3.663781613304,0,31,Sport,
588900,2026-05-22 09:27:39,51.9889370478091,4.38977030175713,0,,,-3.663781613304,5.905512,0,58.04134044,155.616474796,26,5,6.685,0,3.608924,13.533487,60.624017688,0,0,0,261.7, 2.1, 0.1,,,0,1,1024,1024,1024,1024,0,0,0,0,280.9,0,0.8,21,3.338,3.343,0,0,0,0,5.281,122.18,-3.663781613304,0,31,Sport,
589000,2026-05-22 09:27:40,51.9889370382484,4.38977029797319,0,,,-3.663781613304,5.905512,0,58.040356188,155.62008372,26,5,6.685,0,3.608924,13.533487,60.624017688,0,0,0,261.6, 2.3, 0,,,0,1,1024,1024,1024,1024,0,0,0,0,280.9,0,1,21,3.338,3.343,0,0,0,0,5.281,122.18,-3.663781613304,0,31,Sport,
589100,2026-05-22 09:27:40,51.9889370765254,4.38977049148275,0,,,-3.663781613304,5.905512,0,58.008860124,155.665687396,24,5,6.685,0,3.608924,13.533487,60.624017688,0,0,0,261.6, 2.2, 0.2,,,0,1,1024,1024,1024,1024,0,0,0,0,280.9,0,1.1,21,3.338,3.343,0,0,0,0,5.281,122.18,-3.663781613304,0,31,Sport,
589200,2026-05-22 09:27:40,51.9889370766797,4.3897704781555,0,,,-3.663781613304,5.905512,0,58.011484796,155.668640152,24,5,6.685,0,3.608924,13.533487,60.624017688,0,0,0,261.6, 2.2, 0,,,0,1,1024,1024,1024,1024,0,0,0,0,280.8,0,0.8,21,3.338,3.343,0,0,0,0,5.281,122.18,-3.663781613304,0,31,Sport,
589300,2026-05-22 09:27:40,51.988937000768,4.38977057205841,0,,,-3.663781613304,5.905512,0,57.979660648,155.703417056,28,5,6.685,0,3.608924,13.533487,60.624017688,0,0,0,261.6, 2.3, 0,,,0,1,1024,1024,1024,1024,0,0,0,0,280.9,0,0.8,21,3.338,3.343,0,0,0,0,5.281,122.18,-3.663781613304,0,31,Sport,
589400,2026-05-22 09:27:40,51.9889370120935,4.38977055945455,0,,,-3.663781613304,5.905512,0,57.984253824,155.7086664,28,5,6.685,0,3.608924,13.533487,60.624017688,0,0,0,261.7, 2.5, -0.3,,,0,1,1024,1024,1024,1024,0,0,0,0,281,0,0.3,21,3.338,3.343,0,0,0,0,5.281,122.18,-3.663781613304,0,31,Sport,
589500,2026-05-22 09:27:40,51.9889370294672,4.389770667742,0,,,-3.663781613304,5.905512,0,57.965553036,155.733600784,28,5,6.685,0,3.608924,13.533487,60.624017688,0,0,0,261.7, 2.5, -0.6,,,0,1,1024,1024,1024,1024,0,0,0,0,281.1,0,0.2,21,3.338,3.343,0,0,0,0,5.281,122.18,-3.663781613304,0,31,Sport,
589600,2026-05-22 09:27:40,51.988937043003,4.38977066081405,0,,,-3.663781613304,5.905512,0,57.969490044,155.738850128,28,5,6.68,0,3.608924,13.533487,60.624017688,0,0,0,261.8, 2.3, -0.7,,,0,1,1024,1024,1024,1024,0,0,0,0,281.1,0,0,21,3.336,3.341,0,0,0,0,5.416,122.36,-3.663781613304,0,31,Sport,
589700,2026-05-22 09:27:40,51.9889369219693,4.38977078025856,0,,,-3.663781613304,5.905512,0,57.92487062,155.7906874,28,5,6.68,0,3.608924,13.533487,60.624017688,0,0,0,261.8, 2.6, -0.7,,,0,1,1024,1024,1024,1024,0,0,0,0,281,0,0.6,21,3.336,3.341,0,0,0,0,5.416,122.36,-3.663781613304,0,31,Sport,
589800,2026-05-22 09:27:40,51.9889369115176,4.38977078785426,0,,,-3.663781613304,5.905512,0,57.92158978,155.794624408,28,5,6.68,0,3.608924,13.533487,60.624017688,0,0,0,261.7, 2.4, -0.3,,,0,1,1024,1024,1024,1024,0,0,0,0,280.9,0,0.3,21,3.336,3.341,0,0,0,0,5.416,122.36,-3.663781613304,0,31,Sport,
589900,2026-05-22 09:27:40,51.9889368717156,4.38977091712032,0,,,-3.663781613304,5.905512,0,57.889109464,155.827104724,28,5,6.68,0,3.608924,13.533487,60.624017688,0,0,0,261.6, 2.6, -0.4,,,0,1,1024,1024,1024,1024,0,0,0,0,280.8,0,1.1,21,3.336,3.341,0,0,0,0,5.416,122.36,-3.663781613304,0,31,Sport,
590000,2026-05-22 09:27:41,51.9889368586424,4.38977094001872,0,,,-3.663781613304,5.905512,0,57.8822197,155.834322572,28,5,6.68,0,3.608924,13.533487,60.624017688,0,0,0,261.6, 2.4, 0.6,,,0,1,1024,1024,1024,1024,0,0,0,0,280.9,0,1.6,21,3.336,3.341,0,0,0,0,5.416,122.36,-3.663781613304,0,31,Sport,
590100,2026-05-22 09:27:41,51.9889369912587,4.38977115019431,0,,,-3.663781613304,5.905512,0,57.863518912,155.901907876,28,5,6.68,0,3.608924,13.533487,60.624017688,0,0,0,261.6, 2.1, 0.2,,,0,1,1024,1024,1024,1024,0,0,0,0,280.9,0,0.3,21,3.336,3.341,0,0,0,0,5.416,122.36,-3.663781613304,0,31,Sport,
590200,2026-05-22 09:27:41,51.9889370317118,4.38977115653798,0,,,-3.663781613304,5.905512,0,57.869424424,155.916671656,28,5,6.68,0,3.608924,13.533487,60.624017688,0,0,0,261.6, 2.3, -1.1,,,0,1,1024,1024,1024,1024,0,0,0,0,281.1,0,-0.9,21,3.336,3.341,0,0,0,0,5.416,122.36,-3.663781613304,0,31,Sport,
590300,2026-05-22 09:27:41,51.9889370028241,4.38977110818145,0,,,-3.663781613304,5.905512,0,57.8740176,155.93176352,29,5,6.68,0,3.608924,13.533487,60.624017688,0,0,0,261.7, 2.5, -2.1,,,0,1,1024,1024,1024,1024,0,0,0,0,281.1,0,-1.3,21,3.336,3.341,0,0,0,0,5.416,122.36,-3.663781613304,0,31,Sport,
590400,2026-05-22 09:27:41,51.9889370472522,4.38977109223882,0,,,-3.663781613304,5.905512,0,57.884844372,155.948495804,29,5,6.68,0,3.608924,13.533487,60.624017688,0,0,0,261.6, 2.6, -2.2,,,0,1,1024,1024,1024,1024,0,0,0,0,281,0,-1.2,21,3.336,3.341,0,0,0,0,5.416,122.36,-3.663781613304,0,31,Sport,
590500,2026-05-22 09:27:41,51.9889370100717,4.38977095270605,0,,,-3.663781613304,5.905512,0,57.905841748,155.98261654,29,5,6.68,0,3.608924,13.533487,60.624017688,0,0,0,261.6, 2.9, -2.1,,,0,1,1024,1024,1024,1024,0,0,0,0,281,0,-1.2,21,3.336,3.341,0,0,0,0,5.416,122.36,-3.663781613304,0,31,Sport,
590600,2026-05-22 09:27:41,51.9889370483831,4.38977092977983,0,,,-3.663781613304,5.905512,0,57.916996604,155.99738032,29,5,6.68,0,3.608924,13.533487,60.624017688,0,0,0,261.5, 2.9, -2.1,,,0,1,1024,1024,1024,1024,0,0,0,0,281,0,-1.2,21,3.333,3.338,0,0,0,0,5.273,122.36,-3.663781613304,0,31,Sport,
590700,2026-05-22 09:27:41,51.9889370964607,4.3897709522887,0,,,-3.663781613304,5.905512,0,57.920933612,156.015753024,28,5,6.68,0,3.608924,13.533487,60.624017688,0,0,0,261.6, 2.7, -2.2,,,0,1,1024,1024,1024,1024,0,0,0,0,281.1,0,-1.5,21,3.333,3.338,0,0,0,0,5.273,122.36,-3.663781613304,0,31,Sport,
590800,2026-05-22 09:27:41,51.988937137325,4.38977095334598,0,,,-3.663781613304,5.905512,0,57.927823376,156.030516804,28,5,6.68,0,3.608924,13.533487,60.624017688,0,0,0,261.7, 2.7, -2.6,,,0,1,1024,1024,1024,1024,0,0,0,0,281.1,0,-1.7,21,3.333,3.338,0,0,0,0,5.273,122.36,-3.663781613304,0,31,Sport,
590900,2026-05-22 09:27:41,51.9889369888771,4.38977090401565,0,,,-3.663781613304,5.905512,0,57.912075344,156.085963,29,5,6.68,0,3.608924,13.533487,60.624017688,0,0,0,261.7, 2.5, -2.6,,,0,1,1024,1024,1024,1024,0,0,0,0,281.1,0,-1.7,21,3.333,3.338,0,0,0,0,5.273,122.36,-3.663781613304,0,31,Sport,
591000,2026-05-22 09:27:42,51.9889370075873,4.38977091222346,0,,,-3.663781613304,5.905512,0,57.91338768,156.092852764,29,5,6.68,0,3.608924,13.533487,60.624017688,0,0,0,261.7, 2.5, -2.7,,,0,1,1024,1024,1024,1024,0,0,0,0,281.2,0,-1.8,21,3.333,3.338,0,0,0,0,5.273,122.36,-3.663781613304,0,31,Sport,
591100,2026-05-22 09:27:42,51.988936742646,4.38977081921088,0,,,-3.663781613304,5.905512,0,57.886156708,156.191934132,29,5,6.68,0,3.608924,13.533487,60.624017688,0,0,0,261.7, 2.5, -2.8,,,0,1,1024,1024,1024,1024,0,0,0,0,281.1,0,-1.9,21,3.333,3.338,0,0,0,0,5.273,122.36,-3.663781613304,0,31,Sport,
591200,2026-05-22 09:27:42,51.9889367483174,4.3897708159834,0,,,-3.663781613304,5.905512,0,57.887797128,156.19423072,29,5,6.68,0,3.608924,13.533487,60.624017688,0,0,0,261.7, 2.5, -2.8,,,0,1,1024,1024,1024,1024,0,0,0,0,281.1,0,-1.8,21,3.333,3.338,0,0,0,0,5.273,122.36,-3.663781613304,0,31,Sport,
591300,2026-05-22 09:27:42,51.9889366100555,4.38977058741675,0,,,-3.663781613304,5.905512,0,57.909450672,156.266081116,28,5,6.68,0,3.608924,13.533487,60.624017688,0,0,0,261.6, 2.7, -2.7,,,0,1,1024,1024,1024,1024,0,0,0,0,281.1,0,-1.8,21,3.333,3.338,0,0,0,0,5.273,122.36,-3.663781613304,0,31,Sport,
591400,2026-05-22 09:27:42,51.9889366052923,4.38977057331045,0,,,-3.663781613304,5.905512,0,57.911419176,156.26969004,28,5,6.68,0,3.608924,13.533487,60.624017688,0,0,0,261.7, 2.8, -2.7,,,0,1,1024,1024,1024,1024,0,0,0,0,281.2,0,-1.7,21,3.333,3.338,0,0,0,0,5.273,122.36,-3.663781613304,0,31,Sport,
591500,2026-05-22 09:27:42,51.9889365881413,4.38977037128702,0,,,-3.663781613304,5.905512,0,57.948492668,156.3156218,28,5,6.68,0,3.608924,13.533487,60.624017688,0,0,0,261.7, 2.7, -2.6,,,0,1,1024,1024,1024,1024,0,0,0,0,281.2,0,-1.6,21,3.333,3.338,0,0,0,0,5.273,122.36,-3.663781613304,0,31,Sport,
591600,2026-05-22 09:27:42,51.9889365754793,4.38977036997934,0,,,-3.663781613304,5.905512,0,57.946524164,156.320214976,28,5,6.668,0,3.608924,13.533487,60.624017688,0,0,0,261.7, 2.6, -2.4,,,0,1,1024,1024,1024,1024,0,0,0,0,281.2,0,-1.5,21,3.331,3.335,0,0,0,0,5.641,122.36,-3.663781613304,0,31,Sport,
591700,2026-05-22 09:27:42,51.9889363640729,4.38977019658587,0,,,-3.663781613304,5.905512,0,57.944883744,156.406501068,28,5,6.668,0,3.608924,13.533487,60.624017688,0,0,0,261.7, 2.5, -2.5,,,0,1,1024,1024,1024,1024,0,0,0,0,281.2,0,-1.4,21,3.331,3.335,0,0,0,0,5.641,122.36,-3.663781613304,0,31,Sport,
591800,2026-05-22 09:27:42,51.988936338869,4.38977020362511,0,,,-3.663781613304,5.905512,0,57.938978232,156.416015504,28,5,6.668,0,3.608924,13.533487,60.624017688,0,0,0,261.7, 2.4, -2.2,,,0,1,1024,1024,1024,1024,0,0,0,0,281.2,0,-1.3,21,3.331,3.335,0,0,0,0,5.641,122.36,-3.663781613304,0,31,Sport,
591900,2026-05-22 09:27:42,51.9889362356973,4.38977010919355,0,,,-3.663781613304,5.905512,0,57.940290568,156.458994508,28,5,6.668,0,3.608924,13.533487,60.624017688,0,0,0,261.7, 2.4, -2.3,,,0,1,1024,1024,1024,1024,0,0,0,0,281.2,0,-1.4,21,3.331,3.335,0,0,0,0,5.641,122.36,-3.663781613304,0,31,Sport,
592000,2026-05-22 09:27:43,51.9889362046336,4.38977011089076,0,,,-3.663781613304,5.905512,0,57.934385056,156.470477448,28,5,6.668,0,3.608924,13.533487,60.624017688,0,0,0,261.7, 2.3, -2.4,,,0,1,1024,1024,1024,1024,0,0,0,0,281.1,0,-1.4,21,3.331,3.335,0,0,0,0,5.641,122.36,-3.663781613304,0,31,Sport,
592100,2026-05-22 09:27:43,51.9889359173498,4.38976989387069,0,,,-3.663781613304,5.905512,0,57.928807628,156.585963016,28,5,6.668,0,3.608924,13.533487,60.624017688,0,0,0,261.6, 2.4, -2.2,,,0,1,1024,1024,1024,1024,0,0,0,0,281.1,0,-1,21,3.331,3.335,0,0,0,0,5.641,122.36,-3.663781613304,0,31,Sport,
592200,2026-05-22 09:27:43,51.9889358731272,4.3897698791801,0,,,-3.663781613304,5.905512,0,57.924214452,156.602367216,28,5,6.668,0,3.608924,13.533487,60.624017688,0,0,0,261.6, 2.6, -1.7,,,0,1,1024,1024,1024,1024,0,0,0,0,281,0,-0.3,21,3.331,3.335,0,0,0,0,5.641,122.36,-3.663781613304,0,31,Sport,
592300,2026-05-22 09:27:43,51.9889356909769,4.38976966444153,0,,,-3.663781613304,5.905512,0,57.935697392,156.6847163,29,5,6.668,0,3.608924,13.533487,60.624017688,0,0,0,261.6, 2.6, -0.9,,,0,1,1024,1024,1024,1024,0,0,0,0,281,0,0.3,21,3.331,3.335,0,0,0,0,5.641,122.36,-3.663781613304,0,31,Sport,
592400,2026-05-22 09:27:43,51.9889356575487,4.38976965258889,0,,,-3.663781613304,5.905512,0,57.932416552,156.697183492,29,5,6.668,0,3.608924,13.533487,60.624017688,0,0,0,261.7, 2.8, -0.7,,,0,1,1024,1024,1024,1024,0,0,0,0,281.1,0,0,21,3.331,3.335,0,0,0,0,5.641,122.36,-3.663781613304,0,31,Sport,
592500,2026-05-22 09:27:43,51.9889354252989,4.38976946372578,0,,,-3.663781613304,5.905512,0,57.930776132,156.791999768,29,5,6.668,0,3.608924,13.533487,60.624017688,0,0,0,261.7, 2.8, -1,,,0,1,1024,1024,1024,1024,0,0,0,0,281.1,0,-0.2,21,3.331,3.335,0,0,0,0,5.641,122.36,-3.663781613304,0,31,Sport,
592600,2026-05-22 09:27:43,51.9889354193363,4.38976944004834,0,,,-3.663781613304,5.905512,0,57.934385056,156.797577196,29,5,6.663,0,3.608924,13.533487,60.624017688,0,0,0,261.6, 2.8, -1.2,,,0,1,1024,1024,1024,1024,0,0,0,0,281.1,0,-0.4,21,3.33,3.333,0,0,0,0,5.641,122.72,-3.663781613304,0,31,Sport,
592700,2026-05-22 09:27:43,51.9889352943789,4.38976934617325,0,,,-3.663781613304,5.905512,0,57.932088468,156.847774048,29,5,6.663,0,3.608924,13.533487,60.624017688,0,0,0,261.6, 3, -1.5,,,0,1,1024,1024,1024,1024,0,0,0,0,281.1,0,-0.7,21,3.33,3.333,0,0,0,0,5.641,122.72,-3.663781613304,0,31,Sport,
592800,2026-05-22 09:27:43,51.9889353106732,4.38976932255145,0,,,-3.663781613304,5.905512,0,57.9396344,156.855976148,29,5,6.663,0,3.608924,13.533487,60.624017688,0,0,0,261.6, 3.1, -1.8,,,0,1,609,1024,1024,1024,-63,0,0,0,281.2,0,-1,21,3.33,3.333,0,0,0,0,5.641,122.72,-3.663781613304,0,31,Sport,
592900,2026-05-22 09:27:43,51.9889352448877,4.38976914712689,0,,,-3.663781613304,5.905512,0,57.963584532,156.901907908,29,5,6.663,0,3.608924,13.533487,60.624017688,0,0,0,261.7, 3.1, -2.2,,,0,1,609,1024,1024,1024,-63,0,0,0,281.2,0,-1.3,21,3.33,3.333,0,0,0,0,5.641,122.72,-3.663781613304,0,31,Sport,
593000,2026-05-22 09:27:43,51.9889352646602,4.38976913007134,0,,,-3.663781613304,5.905512,0,57.970146212,156.910110008,29,5,6.663,0,3.608924,13.533487,60.624017688,0,0,0,261.7, 7.2, -2.2,,,0,1,364,1024,1024,1024,-100,0,0,0,281.5,0,-1,21,3.33,3.333,0,0,0,0,5.641,122.72,-3.663781613304,0,31,Sport,
593100,2026-05-22 09:27:44,51.9889351570937,4.38976916579618,0,,,-3.663781613304,5.905512,0.223694,57.944883744,156.950136256,29,5,6.663,0,3.608924,13.533487,60.624017688,0,0.223694,0,261.6, 17.8, -2.2,,,0,1,364,1024,1024,1024,-100,0,0,0,281.6,0,-1.2,21,3.33,3.333,0,0,0,0,5.641,122.72,-3.663781613304,0,31,Sport,
593200,2026-05-22 09:27:44,51.9889352055312,4.38976960300815,0,,,-3.663781613304,6.233596,0.894776,57.8658155,157.049873792,29,5,6.663,0,3.608924,13.533487,60.624017688,0,0.894776,0,261.3, 26.8, -2.5,,,0,1,364,1024,1024,1024,-100,0,0,0,281.4,0,-1,21,3.33,3.333,0,0,0,0,5.641,122.72,-3.663781613304,0,31,Sport,
593300,2026-05-22 09:27:44,51.9889352511073,4.38977061368175,0,,,-3.663781613304,6.233596,1.8119214,57.672574024,157.277564088,29,5,6.663,0,3.608924,13.533487,60.624017688,0.223694,1.789552,0,261.2, 26.7, -2.4,,,0,1,364,1024,1024,1024,-100,0,0,0,281.3,0,-1,21,3.33,3.333,0,0,0,0,5.641,122.72,-3.663781613304,0,31,Sport,
593400,2026-05-22 09:27:44,51.9889353873559,4.38977221587415,0,,,-3.663781613304,6.233596,2.684328,57.37697034,157.64108116,29,5,6.663,0,3.608924,13.533487,60.624017688,0.223694,2.684328,0,261.2, 25.2, -2.2,,,0,1,603,1024,1024,1024,-64,0,0,0,281.1,0,-0.6,21,3.33,3.333,0,0,0,0,5.641,122.72,-3.663781613304,0,31,Sport,
593500,2026-05-22 09:27:44,51.988935566782,4.38977460520947,0,,,-3.663781613304,6.233596,3.3777794,56.933728856,158.181763592,29,5,6.663,0,3.608924,13.533487,60.624017688,0.447388,3.35541,0,261.2, 24, -1.7,,,0,1,684,1024,1024,1024,-52,0,0,0,281,0,-0.6,21,3.33,3.333,0,0,0,0,5.641,122.72,-3.663781613304,0,31,Sport,
593600,2026-05-22 09:27:44,51.9889357889399,4.38977719011327,0,,,-3.663781613304,6.233596,4.0488614,56.461287896,158.768377784,29,5,6.661,0,3.608924,13.533487,60.624017688,0.447388,4.026492,0,261.2, 14.1, -1.8,,,0,1,1024,1024,1024,1024,0,0,0,0,281,0,-0.6,21,3.315,3.32,0,0,0,0,5.525,122.72,-3.663781613304,0,31,Sport,
593700,2026-05-22 09:27:44,51.9889360625423,4.38978025388019,0,,,-3.663781613304,6.233596,4.0488614,55.9055136,159.463915864,28,5,6.661,0,3.608924,13.533487,60.624017688,0.447388,4.026492,0,261.5, 4.1, -1.6,,,0,1,1024,1024,1024,1024,0,0,0,0,281,0,-0.9,21,3.315,3.32,0,0,0,0,5.525,122.72,-3.663781613304,0,31,Sport,
593800,2026-05-22 09:27:44,51.9889363147359,4.38978292097338,0,,,-3.663781613304,6.233596,3.8251674,55.427167128,160.070215096,28,5,6.661,0,3.608924,13.533487,60.624017688,0.447388,3.802798,0,261.7, -2.6, -2,,,0,1,1024,1024,1024,1024,0,0,0,0,281.1,0,-1.2,21,3.315,3.32,0,0,0,0,5.525,122.72,-3.663781613304,0,31,Sport,
593900,2026-05-22 09:27:44,51.9889367155659,4.38978521949416,0,,,-3.663781613304,6.233596,3.6014734,55.049870528,160.60696052,30,5,6.661,0,3.608924,13.533487,60.624017688,0.447388,3.579104,0,261.7, -1.9, -2.2,,,0,1,1024,1024,1024,1024,0,0,0,0,281,0,-1.6,21,3.315,3.32,0,0,0,0,5.525,122.72,-3.663781613304,0,31,Sport,
594000,2026-05-22 09:27:44,51.9889369369528,4.38978738822023,0,,,-3.663781613304,5.905512,3.1540854,54.667652668,161.10072694,30,5,6.661,0,3.608924,13.533487,60.624017688,0.447388,3.131716,0,261.8, -5.2, -2.6,,,0,1,1024,1024,1024,1024,0,0,0,0,281,0,-1.6,21,3.315,3.32,0,0,0,0,5.525,122.72,-3.663781613304,0,31,Sport,
594100,2026-05-22 09:27:45,51.9889373285649,4.38978889759482,0,,,-3.663781613304,5.905512,2.7290668,54.446524052,161.468837188,30,5,6.661,0,3.608924,13.533487,60.624017688,0.447388,2.684328,0,261.8, -7.5, -2.4,,,0,1,1024,1024,1024,1024,0,0,0,0,281,0,-1.5,21,3.315,3.32,0,0,0,0,5.525,122.72,-3.663781613304,0,31,Sport,
594200,2026-05-22 09:27:45,51.9889374910797,4.38979045028995,0,,,-3.663781613304,5.905512,2.0356154,54.175854752,161.82251174,30,5,6.661,0,3.608924,13.533487,60.624017688,0.223694,2.013246,0,261.9, -8.1, -2.5,,,0,1,1024,1024,1024,1024,0,0,0,0,281,0,-1.7,21,3.315,3.32,0,0,0,0,5.525,122.72,-3.663781613304,0,31,Sport,
594300,2026-05-22 09:27:45,51.9889377954118,4.38979144744152,0,,,-3.663781613304,5.905512,1.5882274,54.040027976,162.072839832,27,5,6.661,0,3.608924,13.533487,60.624017688,0.223694,1.565858,0,261.9, -7.7, -2.8,,,0,1,1024,1024,1024,1024,0,0,0,0,281.1,0,-2,21,3.315,3.32,0,0,0,0,5.525,122.72,-3.663781613304,0,31,Sport,
594400,2026-05-22 09:27:45,51.988937914972,4.38979232640063,0,,,-3.663781613304,5.905512,1.1408394,53.893046344,162.274939576,27,5,6.661,0,3.608924,13.533487,60.624017688,0.223694,1.11847,0,261.9, -6.8, -2.9,,,0,1,1024,1024,1024,1024,0,0,0,0,281.1,0,-1.9,21,3.315,3.32,0,0,0,0,5.525,122.72,-3.663781613304,0,31,Sport,
594500,2026-05-22 09:27:45,51.9889380814277,4.38979232267234,0,,,-3.663781613304,5.905512,0.671082,53.924870492,162.335635116,27,5,6.661,0,3.608924,13.533487,60.624017688,0,0.671082,0,261.9, -5.4, -2.8,,,0,1,1024,1024,977,1024,0,0,-7,0,281.1,0,-1.9,21,3.315,3.32,0,0,0,0,5.525,122.72,-3.663781613304,0,31,Sport,
594600,2026-05-22 09:27:45,51.9889381557202,4.38979270078807,0,,,-3.663781613304,5.905512,0.447388,53.866143456,162.424873964,27,5,6.663,0,3.608924,13.533487,60.624017688,0,0.447388,0,261.9, -3.9, -2.8,,,0,1,1024,1024,654,1024,0,0,-56,0,281.1,0,-2,21,3.324,3.328,0,0,0,0,5.259,122.72,-3.663781613304,0,31,Sport,
594700,2026-05-22 09:27:45,51.9889383769443,4.38979255798609,0,,,-3.663781613304,5.905512,0.223694,53.93536918,162.511816224,27,5,6.663,0,3.608924,13.533487,60.624017688,0,0.223694,0,261.8, -2.7, -3,,,0,1,1024,1024,521,1024,0,0,-76,0,281.2,0,-2.3,21,3.324,3.328,0,0,0,0,5.259,122.72,-3.663781613304,0,31,Sport,
594800,2026-05-22 09:27:45,51.988938580512,4.38979260984832,0,,,-3.663781613304,5.905512,0,53.963912488,162.58694746,26,5,6.663,0,3.608924,13.533487,60.624017688,0,0,0.223694,261.8, -1.2, -3.3,,,0,1,1024,1024,521,1024,0,0,-76,0,281.2,0,-2.3,21,3.324,3.328,0,0,0,0,5.259,122.72,-3.663781613304,0,31,Sport,
594900,2026-05-22 09:27:45,51.9889386260367,4.38979264368119,0,,,-3.663781613304,5.905512,0,53.965880992,162.60499208,26,5,6.663,0,3.608924,13.533487,60.624017688,0,0,0.671082,261.8, 0.3, -3.3,,,0,1,1024,1024,799,1024,0,0,-34,0,281.2,0,-2.5,21,3.324,3.328,0,0,0,0,5.259,122.72,-3.663781613304,0,31,Sport,
595000,2026-05-22 09:27:45,51.9889386616066,4.38979262918536,0,,,-3.663781613304,5.577428,0,53.975395428,162.618443524,26,5,6.663,0,3.608924,13.533487,60.624017688,0,0,0.894776,261.8, 1.2, -3.5,,,0,1,364,1024,1024,1024,-100,0,0,0,281.4,0,-2.6,21,3.324,3.328,0,0,0,0,5.259,122.72,-3.663781613304,0,31,Sport,
595100,2026-05-22 09:27:46,51.9889387780828,4.38979265066479,0,,,-3.663781613304,5.577428,0,53.993440048,162.661422528,23,5,6.663,0,3.608924,13.533487,60.624017688,0,0,0.671082,261.9, 5.5, -3.6,,,0,1,364,1024,1024,1024,-100,0,0,0,282,0,-2.9,21,3.324,3.328,0,0,0,0,5.259,122.72,-3.663781613304,0,31,Sport,
595200,2026-05-22 09:27:46,51.9889387845765,4.38979269306717,0,,,-3.663781613304,5.577428,0,53.986550284,162.671265048,23,5,6.663,0,3.608924,13.533487,60.624017688,0,0,0.447388,261.7, 15.7, -4.1,,,0,1,399,1024,1024,1024,-95,0,0,0,282,0,-2.5,21,3.324,3.328,0,0,0,0,5.259,122.72,-3.663781613304,0,31,Sport,
595300,2026-05-22 09:27:46,51.9889389096453,4.38979359331093,0,,,-3.663781613304,5.577428,0.671082,53.837600148,162.878614136,24,5,6.663,0,3.608924,13.533487,60.624017688,0,0.671082,0.223694,261.3, 24.9, -2.9,,,0,1,965,1024,1024,1024,-9,0,0,0,281.1,0,-0.4,21,3.324,3.328,0,0,0,0,5.259,122.72,-3.663781613304,0,31,Sport,
595400,2026-05-22 09:27:46,51.9889389340439,4.38979453979667,0,,,-3.663781613304,5.577428,1.565858,53.661090956,163.091212568,24,5,6.663,0,3.608924,13.533487,60.624017688,0,1.565858,0.223694,261.3, 21.2, -0.9,,,0,1,1024,1024,1024,1024,0,0,0,0,280.7,0,0.5,21,3.324,3.328,0,0,0,0,5.259,122.72,-3.663781613304,0,31,Sport,
595500,2026-05-22 09:27:46,51.9889390997029,4.38979659892761,0,,,-3.663781613304,5.577428,2.23694,53.299214304,163.557748016,24,5,6.663,0,3.608924,13.533487,60.624017688,0.223694,2.23694,0,261.3, 9.1, -0.2,,,0,1,1024,1024,364,1024,0,0,-100,0,280.8,0,0.6,21,3.324,3.328,0,0,0,0,5.259,122.72,-3.663781613304,0,31,Sport,
595600,2026-05-22 09:27:46,51.9889392120669,4.38979815902368,0,,,-3.663781613304,5.249344,2.23694,53.023951828,163.9107664,24,5,6.693,0,3.608924,13.533487,60.624017688,0.223694,2.23694,0,261.4, -0.2, -0.4,,,0,1,1024,1024,364,1024,0,0,-100,0,280.9,0,0.1,20,3.309,3.312,0,0,0,0,3.911,122.72,-3.663781613304,0,31,Sport,
595700,2026-05-22 09:27:46,51.9889394767939,4.38979986115661,-0.328084,,,-3.991865613304,5.249344,2.0356154,52.752298276,164.305123368,24,5,6.693,0,3.608924,13.533487,60.624017688,0.223694,2.013246,0.223694,261.6, -2.4, -0.9,,,0,1,1024,1024,364,1024,0,0,-100,0,281,0,-0.1,20,3.309,3.312,0,0,0,0,3.911,122.72,-3.991865613304,-0.328084,31,Sport,
595800,2026-05-22 09:27:46,51.9889395957716,4.38980115543092,-0.328084,,,-3.991865613304,5.249344,1.8119214,52.530513492,164.599086632,24,5,6.693,0,3.608924,13.533487,60.624017688,0.223694,1.789552,0.447388,261.6, -4.6, -1.2,,,0,1,1024,1024,364,1024,0,0,-100,0,281,0,-0.3,20,3.309,3.312,0,0,0,0,3.911,122.72,-3.991865613304,-0.328084,31,Sport,
595900,2026-05-22 09:27:46,51.9889398833638,4.38980215708983,-0.328084,,,-3.991865613304,4.92126,1.3645334,52.397967556,164.84744622,25,5,6.693,0,3.608924,13.533487,60.624017688,0.223694,1.342164,0.671082,261.7, -5.1, -1.4,,,0,1,1024,1024,364,1024,0,0,-100,0,281,0,-0.5,20,3.309,3.312,0,0,0,0,3.911,122.72,-3.991865613304,-0.328084,31,Sport,
596000,2026-05-22 09:27:46,51.9889399666859,4.38980298115399,-0.656168,,,-4.319949613304,4.92126,1.11847,52.259188024,165.035110268,25,5,6.693,0,3.608924,13.533487,60.624017688,0,1.11847,0.894776,261.7, -4.8, -1.5,,,0,1,1024,1024,364,1024,0,0,-100,0,281.1,0,-0.4,20,3.309,3.312,0,0,0,0,3.911,122.72,-4.319949613304,-0.656168,31,Sport,
596100,2026-05-22 09:27:47,51.9889402916899,4.38980341946498,-0.656168,,,-4.319949613304,4.593176,0.671082,52.241471488,165.189309748,28,5,6.693,0,3.608924,13.533487,60.624017688,0,0.671082,0.894776,261.7, -4, -1.2,,,0,0,1024,1024,364,1024,0,0,-100,0,281.1,0,-0.3,20,3.309,3.312,0,0,0,0,3.911,122.72,-4.319949613304,-0.656168,31,Sport,
596200,2026-05-22 09:27:47,51.9889403423206,4.38980382843651,-0.656168,,,-4.319949613304,4.593176,0.447388,52.174870436,165.283141772,28,5,6.693,0,3.608924,13.533487,60.624017688,0,0.447388,0.894776,261.7, -3, -1.4,,,0,0,1024,1024,1024,1024,0,0,0,0,281.1,0,-0.5,20,3.309,3.312,0,0,0,0,3.911,122.72,-4.319949613304,-0.656168,31,Sport,
596300,2026-05-22 09:27:47,51.9889404218218,4.38980391304652,-0.984252,,,-4.648033613304,4.265092,0.223694,52.174870436,165.317590592,29,5,6.693,0,3.608924,13.533487,60.624017688,0,0.223694,0.894776,261.7, -1.8, -1.4,,,0,0,1024,393,1024,1024,0,-96,0,0,281.1,0,-0.8,20,3.309,3.312,0,0,0,0,3.911,122.72,-4.648033613304,-0.984252,31,Sport,
596400,2026-05-22 09:27:47,51.9889404614182,4.38980399106245,-0.984252,,,-4.648033613304,4.265092,0,52.168308756,165.340556472,29,5,6.693,0,3.608924,13.533487,60.624017688,0,0,0.671082,261.7, -0.4, -4.1,,,0,0,1024,364,1024,1024,0,-100,0,0,281.1,0,-9.2,20,3.309,3.312,0,0,0,0,3.911,122.72,-4.648033613304,-0.984252,31,Sport,
596500,2026-05-22 09:27:47,51.9889404536822,4.38980432976679,-1.312336,,,-4.976117613304,4.265092,0,52.10302004,165.41667196,29,5,6.693,0,3.608924,13.533487,60.624017688,0,0,0.223694,261.5, 1.3, -14.1,,,0,0,1024,364,1024,1024,0,-100,0,0,281.5,0,-19,20,3.309,3.312,0,0,0,0,3.911,122.72,-4.976117613304,-1.312336,31,Sport,
596600,2026-05-22 09:27:47,51.988940265141,4.38980426315832,-1.312336,,,-4.976117613304,4.265092,0.671082,52.077757572,165.486881936,29,5,6.67,0,3.608924,13.533487,60.624017688,-0.671082,0,0.223694,261, 2.9, -22,,,0,0,1024,364,1024,1024,0,-100,0,0,281.8,0,-21.3,20,3.32,3.319,0,0,0,0,4.578,122.72,-4.976117613304,-1.312336,31,Sport,
596700,2026-05-22 09:27:47,51.9889398184864,4.38980479048927,-1.312336,,,-4.976117613304,4.265092,1.342164,51.889437356,165.688325512,29,5,6.67,0,3.608924,13.533487,60.624017688,-1.342164,0,0,261.2, 3.2, -22.1,,,0,0,1024,364,1024,1024,0,-100,0,0,282,0,-20.9,20,3.32,3.319,0,0,0,0,4.578,122.72,-4.976117613304,-1.312336,31,Sport,
596800,2026-05-22 09:27:47,51.9889390460053,4.38980486460997,-1.312336,,,-4.976117613304,4.265092,2.0356154,51.721458348,165.970805836,29,5,6.67,0,3.608924,13.533487,60.624017688,-2.013246,0.223694,0,261.2, 3.2, -21.9,,,0,0,1024,364,1024,1024,0,-100,0,0,282,0,-20.9,20,3.32,3.319,0,0,0,0,4.578,122.72,-4.976117613304,-1.312336,31,Sport,
596900,2026-05-22 09:27:47,51.9889383152195,4.38980584899075,-1.312336,,,-4.976117613304,4.265092,2.684328,51.390749676,166.31726254,28,5,6.67,0,3.608924,13.533487,60.624017688,-2.684328,0.223694,0,261.1, 3.5, -22.2,,,0,0,1024,364,1024,1024,0,-100,0,0,281.8,0,-21.3,20,3.32,3.319,0,0,0,0,4.578,122.72,-4.976117613304,-1.312336,31,Sport,
597000,2026-05-22 09:27:48,51.9889370256207,4.38980613317575,-1.312336,,,-4.976117613304,4.265092,3.3777794,51.083334968,166.792000088,28,5,6.67,0,3.608924,13.533487,60.624017688,-3.35541,0.447388,0,260.9, 3.4, -22.3,,,0,0,1024,364,1024,1024,0,-100,0,0,281.7,0,-21.2,20,3.32,3.319,0,0,0,0,4.578,122.72,-4.976117613304,-1.312336,31,Sport,
597100,2026-05-22 09:27:48,51.9889358564217,4.3898073726664,-1.312336,,,-4.976117613304,4.265092,3.8251674,50.619752276,167.30151454,28,5,6.67,0,3.608924,13.533487,60.624017688,-3.802798,0.447388,0,260.9, 3.3, -22.2,,,0,0,1024,458,1024,1024,0,-86,0,0,281.7,0,-21.5,20,3.32,3.319,0,0,0,0,4.578,122.72,-4.976117613304,-1.312336,31,Sport,
597200,2026-05-22 09:27:48,51.9889341529197,4.38980785646813,-1.312336,,,-4.976117613304,4.265092,4.2949248,50.198820504,167.932420072,28,5,6.67,0,3.608924,13.533487,60.624017688,-4.250186,0.671082,0,261.1, 2.6, -22.6,,,0,0,1024,1024,1024,1024,0,0,0,0,281.6,0,-19,20,3.32,3.319,0,0,0,0,4.578,122.72,-4.976117613304,-1.312336,31,Sport,
597300,2026-05-22 09:27:48,51.9889324481498,4.38980844448123,-1.312336,,,-4.976117613304,4.265092,4.7423128,49.761812616,168.568246864,28,5,6.67,0,3.608924,13.533487,60.624017688,-4.697574,0.671082,0,261.6, 2, -15.6,,,0,0,1024,1024,1024,1024,0,0,0,0,281.4,0,-7.7,20,3.32,3.319,0,0,0,0,4.578,122.72,-4.976117613304,-1.312336,31,Sport,
597400,2026-05-22 09:27:48,51.9889304914604,4.38980902424478,-0.984252,,,-4.648033613304,4.265092,4.9660068,49.283794228,169.293968672,28,5,6.67,0,3.608924,13.533487,60.624017688,-4.921268,0.671082,0,261.9, 1.5, -5.4,,,0,0,1024,1024,1024,364,0,0,0,-100,280.9,0,-3.1,20,3.32,3.319,0,0,0,0,4.578,122.72,-4.648033613304,-0.984252,31,Sport,
597500,2026-05-22 09:27:48,51.9889286246639,4.3898095021341,-0.984252,,,-4.648033613304,4.265092,4.7423128,48.84842676,169.98360124,28,5,6.67,0,3.608924,13.533487,60.624017688,-4.697574,0.671082,0,259.2, 1.7, -1.5,,,0,0,1024,1024,1024,364,0,0,0,-100,273.6,0.1,4.9,20,3.32,3.319,0,0,0,0,4.578,122.72,-4.648033613304,-0.984252,31,Sport,
597600,2026-05-22 09:27:48,51.988926885155,4.3898099679482,-0.984252,,,-4.648033613304,4.265092,4.2949248,48.443899188,170.62664588,28,5,6.633,0,3.608924,13.533487,60.624017688,-4.250186,0.671082,0,251.2, 3.4, 7.8,,,0,0,1024,1024,1024,364,0,0,0,-100,264.4,0.5,10.5,20,3.319,3.322,0,0,0,0,6.035,122.72,-4.648033613304,-0.984252,31,Sport,
597700,2026-05-22 09:27:48,51.9889253608906,4.38981050718743,-0.984252,,,-4.648033613304,4.265092,3.6014734,48.067914924,171.19587162,28,5,6.633,0,3.608924,13.533487,60.624017688,-3.579104,0.447388,0,242.8, 6.8, 9.8,,,0,0,1024,1024,1024,364,0,0,0,-100,255.6,0.5,9.4,20,3.319,3.322,0,0,0,0,6.035,122.72,-4.648033613304,-0.984252,31,Sport,
597800,2026-05-22 09:27:48,51.988924144779,4.38981083718314,-0.984252,,,-4.648033613304,4.265092,2.7290668,47.79035586,171.645674784,28,5,6.633,0,3.608924,13.533487,60.624017688,-2.684328,0.447388,0,234.1, 8.1, 8.3,,,0,0,1024,1024,1024,364,0,0,0,-100,247,0.4,7.7,20,3.319,3.322,0,0,0,0,6.035,122.72,-4.648033613304,-0.984252,31,Sport,
597900,2026-05-22 09:27:48,51.988923138883,4.38981118365012,-0.984252,,,-4.648033613304,4.265092,2.0356154,47.548557952,172.02100288,29,5,6.633,0,3.608924,13.533487,60.624017688,-2.013246,0.223694,0,225.3, 8.8, 6.5,,,0,0,1024,1024,1024,364,0,0,0,-100,238.4,0.3,5.7,20,3.319,3.322,0,0,0,0,6.035,122.72,-4.648033613304,-0.984252,31,Sport,
598000,2026-05-22 09:27:49,51.9889224434444,4.38981138604916,-1.312336,,,-4.976117613304,4.265092,1.3645334,47.389437212,172.27854882,29,5,6.633,0,3.608924,13.533487,60.624017688,-1.342164,0.223694,0,216.5, 9.6, 4.3,,,0,0,1024,1024,1024,364,0,0,0,-100,229.9,0.1,3.3,20,3.319,3.322,0,0,0,0,6.035,122.72,-4.976117613304,-1.312336,31,Sport,
598100,2026-05-22 09:27:49,51.9889219060659,4.3898117832098,-1.312336,,,-4.976117613304,4.265092,0.894776,47.219161616,172.494100008,29,5,6.633,0,3.608924,13.533487,60.624017688,-0.894776,0,0,207.7, 9, 2.1,,,0,0,1024,1024,1024,364,0,0,0,-100,221.6,0,1.1,20,3.319,3.322,0,0,0,0,6.035,122.72,-4.976117613304,-1.312336,31,Sport,
598200,2026-05-22 09:27:49,51.9889216241193,4.38981261730418,-1.312336,,,-4.976117613304,4.265092,0.447388,47.005578932,172.708010776,29,5,6.633,0,3.608924,13.533487,60.624017688,-0.447388,0,0,199.1, 7.7, -0.4,,,0,0,1024,1024,1024,364,0,0,0,-100,213.4,0,-1.3,20,3.319,3.322,0,0,0,0,6.035,122.72,-4.976117613304,-1.312336,31,Sport,
598300,2026-05-22 09:27:49,51.9889214982538,4.38981278162732,-1.312336,,,-4.976117613304,4.265092,0,46.951445072,172.766737812,29,5,6.633,0,3.608924,13.533487,60.624017688,0,0,0,190.5, 5.8, -2.3,,,0,0,1024,1024,1024,364,0,0,0,-100,204.9,-0.1,-1.6,20,3.319,3.322,0,0,0,0,6.035,122.72,-4.976117613304,-1.312336,31,Sport,
598400,2026-05-22 09:27:49,51.9889214700686,4.38981296329816,-1.312336,,,-4.976117613304,4.265092,0,46.910762656,172.808732564,29,5,6.633,0,3.608924,13.533487,60.624017688,0,0,0,182.2, 3.8, -1.9,,,0,0,1024,1024,1024,364,0,0,0,-100,196.6,0,-1,20,3.319,3.322,0,0,0,0,6.035,122.72,-4.976117613304,-1.312336,31,Sport,
598500,2026-05-22 09:27:49,51.9889217181672,4.38981343925378,-1.312336,,,-4.976117613304,4.265092,0,46.857941132,172.949152516,29,5,6.633,0,3.608924,13.533487,60.624017688,0,0,0,174, 1.2, -1.5,,,0,0,1024,1024,1024,364,0,0,0,-100,188.7,0,-0.8,20,3.319,3.322,0,0,0,0,6.035,122.72,-4.976117613304,-1.312336,31,Sport,
598600,2026-05-22 09:27:49,51.9889217029437,4.38981357800751,-1.312336,,,-4.976117613304,4.265092,0.223694,46.827757404,172.98064858,29,5,6.629,0,3.608924,13.533487,60.624017688,0.223694,0,0,166.2, -1.3, -1,,,0,0,1024,1024,1024,364,0,0,0,-100,180.7,0,-0.3,20,3.317,3.32,0,0,0,0,5.972,122.9,-4.976117613304,-1.312336,31,Sport,
598700,2026-05-22 09:27:49,51.9889217548937,4.38981360327087,-1.312336,,,-4.976117613304,4.265092,0,46.831694412,173.00033362,29,5,6.629,0,3.608924,13.533487,60.624017688,0,0,0,157.9, -1.4, -0.7,,,0,0,1024,1024,1024,364,0,0,0,-100,172,0,0.2,20,3.317,3.32,0,0,0,0,5.972,122.9,-4.976117613304,-1.312336,31,Sport,
598800,2026-05-22 09:27:49,51.9889217451873,4.38981361014318,-1.312336,,,-4.976117613304,4.265092,0,46.828741656,173.004270628,29,5,6.629,0,3.608924,13.533487,60.624017688,0,0,0,149.3, -0.5, -0.4,,,0,0,1024,1024,1024,364,0,0,0,-100,163.2,0,-0.4,20,3.317,3.32,0,0,0,0,5.972,122.9,-4.976117613304,-1.312336,31,Sport,
598900,2026-05-22 09:27:49,51.9889216903503,4.38981378121342,-1.312336,,,-4.976117613304,4.265092,0,46.785434568,173.047577716,28,5,6.629,0,3.608924,13.533487,60.624017688,0,0,0,140.4, -1.1, -0.9,,,0,0,1024,1024,1024,422,0,0,0,-91,154.3,0,-0.7,20,3.317,3.32,0,0,0,0,5.972,122.9,-4.976117613304,-1.312336,31,Sport,
599000,2026-05-22 09:27:50,51.9889217204888,4.38981369583828,-1.312336,,,-4.976117613304,4.265092,0,46.807416196,173.069887428,28,5,6.629,0,3.608924,13.533487,60.624017688,0,0,0,131.9, -1.8, -1,,,0,0,1024,1024,1024,747,0,0,0,-42,148.1,0,-0.6,20,3.317,3.32,0,0,0,0,5.972,122.9,-4.976117613304,-1.312336,31,Sport,
599100,2026-05-22 09:27:50,51.9889218790458,4.38981368539071,-1.312336,,,-4.976117613304,4.265092,0,46.836615672,173.127630212,28,5,6.629,0,3.608924,13.533487,60.624017688,0,0,0,127.4, -2.3, -1,,,0,0,1024,1024,1024,963,0,0,0,-9,145.1,0,-0.4,20,3.317,3.32,0,0,0,0,5.972,122.9,-4.976117613304,-1.312336,31,Sport,
599200,2026-05-22 09:27:50,51.9889219230713,4.38981359300415,-1.312336,,,-4.976117613304,4.265092,0,46.862206224,173.153876932,28,5,6.629,0,3.608924,13.533487,60.624017688,0,0,0,125.2, -2.7, -0.5,,,0,0,1024,1024,1024,1024,0,0,0,0,144.6,0,0,20,3.317,3.32,0,0,0,0,5.972,122.9,-4.976117613304,-1.312336,31,Sport,
599300,2026-05-22 09:27:50,51.9889218064581,4.38981337999061,-1.312336,,,-4.976117613304,4.265092,0,46.88484402,173.217853312,26,5,6.629,0,3.608924,13.533487,60.624017688,0,0,0,125.4, -2.8, -0.4,,,0,0,1024,1024,1024,1024,0,0,0,0,144.8,0,0.1,20,3.317,3.32,0,0,0,0,5.972,122.9,-4.976117613304,-1.312336,31,Sport,
599400,2026-05-22 09:27:50,51.9889218475451,4.38981330271199,-1.312336,,,-4.976117613304,4.265092,0,46.907153732,173.240819192,26,5,6.629,0,3.608924,13.533487,60.624017688,0,0,0,125.5, -3.1, 0,,,0,0,1024,1024,1024,1408,0,0,0,58,144.9,0,0,20,3.317,3.32,0,0,0,0,5.972,122.9,-4.976117613304,-1.312336,31,Sport,
599500,2026-05-22 09:27:50,51.9889216893994,4.38981330051396,-1.312336,,,-4.976117613304,4.265092,0,46.880578928,173.298561976,26,5,6.629,0,3.608924,13.533487,60.624017688,0,0,0,126, -3.5, -0.7,,,0,0,1024,1024,1024,1557,0,0,0,81,147.8,0,-0.7,20,3.317,3.32,0,0,0,0,5.972,122.9,-4.976117613304,-1.312336,31,Sport,
599600,2026-05-22 09:27:50,51.9889217264771,4.38981318880427,-1.312336,,,-4.976117613304,4.265092,0,46.909122236,173.327105284,26,5,6.636,0,3.608924,13.533487,60.624017688,0,0,0,131.1, -3.4, -1.3,,,0,0,1024,1024,1024,1103,0,0,0,12,154.6,0,-1,20,3.316,3.319,0,0,0,0,5.517,122.9,-4.976117613304,-1.312336,31,Sport,
599700,2026-05-22 09:27:50,51.9889217258089,4.38981312540937,-1.312336,,,-4.976117613304,4.265092,0,46.921589428,173.341212896,26,5,6.636,0,3.608924,13.533487,60.624017688,0,0,0,137.6, -3.3, -1.7,,,0,0,1024,1024,1024,1103,0,0,0,12,158.8,0,-1.1,20,3.316,3.319,0,0,0,0,5.517,122.9,-4.976117613304,-1.312336,31,Sport,
599800,2026-05-22 09:27:50,51.9889217188183,4.38981308530239,-1.312336,,,-4.976117613304,4.265092,0,46.928479192,173.350727332,26,5,6.636,0,3.608924,13.533487,60.624017688,0,0,0,139.5, -3.1, -1.6,,,0,0,1024,1024,1024,1024,0,0,0,0,158.7,0,-0.5,20,3.316,3.319,0,0,0,0,5.517,122.9,-4.976117613304,-1.312336,31,Sport,
599900,2026-05-22 09:27:50,51.9889217826763,4.38981312831689,-1.312336,,,-4.976117613304,4.265092,0,46.93077578,173.3759898,26,5,6.636,0,3.608924,13.533487,60.624017688,0,0,0,139.1, -2.9, -0.9,,,0,0,1024,1024,1024,1024,0,0,0,0,158.5,0,0.1,20,3.316,3.319,0,0,0,0,5.517,122.9,-4.976117613304,-1.312336,31,Sport,
600000,2026-05-22 09:27:51,51.988921583195,4.38981342375632,-1.312336,,,-4.976117613304,4.265092,0,46.838256092,173.474415,22,5,6.636,0,3.608924,13.533487,60.624017688,0,0,0,139, -2.8, -0.3,,,0,0,1024,1024,1024,1024,0,0,0,0,158.4,0,0.2,20,3.316,3.319,0,0,0,0,5.517,122.9,-4.976117613304,-1.312336,31,Sport,
600100,2026-05-22 09:27:51,51.9889215614264,4.38981343737572,-1.312336,,,-4.976117613304,4.265092,0,46.831694412,173.482945184,22,5,6.636,0,3.608924,13.533487,60.624017688,0,0,0,138.9, -2.7, -0.4,,,0,0,1024,1024,1024,1024,0,0,0,0,158.3,0,0,20,3.316,3.319,0,0,0,0,5.517,122.9,-4.976117613304,-1.312336,31,Sport,
600200,2026-05-22 09:27:51,51.988921536291,4.38981345004914,-1.312336,,,-4.976117613304,4.265092,0,46.825132732,173.49245962,22,5,6.636,0,3.608924,13.533487,60.624017688,0,0,0,138.9, -2.8, -0.7,,,0,0,1024,1024,1024,1024,0,0,0,0,158.4,0,-0.1,20,3.316,3.319,0,0,0,0,5.517,122.9,-4.976117613304,-1.312336,31,Sport,
600300,2026-05-22 09:27:51,51.9889212355486,4.38981373654345,-1.312336,,,-4.976117613304,4.265092,0,46.717193096,173.619756212,26,5,6.636,0,3.608924,13.533487,60.624017688,0,0,0,138.9, -2.9, -0.8,,,0,0,1024,1024,1062,1024,0,0,6,0,158.4,0,-0.3,20,3.316,3.319,0,0,0,0,5.517,122.9,-4.976117613304,-1.312336,31,Sport,
600400,2026-05-22 09:27:51,51.9889212073033,4.38981377613571,-1.312336,,,-4.976117613304,4.265092,0,46.70439782,173.63353574,26,5,6.636,0,3.608924,13.533487,60.624017688,0,0,0,139, -2.7, -0.9,,,0,0,1024,1024,1337,1024,0,0,47,0,158.5,0,0,20,3.316,3.319,0,0,0,0,5.517,122.9,-4.976117613304,-1.312336,31,Sport,
600500,2026-05-22 09:27:51,51.9889211307663,4.38981421128877,-1.312336,,,-4.976117613304,4.265092,0,46.604660284,173.734913696,26,5,6.636,0,3.608924,13.533487,60.624017688,0,0,0,139, -2.4, -0.4,,,0,0,1024,1024,1498,1024,0,0,72,0,158.5,0,0.2,20,3.316,3.319,0,0,0,0,5.517,122.9,-4.976117613304,-1.312336,31,Sport,
600600,2026-05-22 09:27:51,51.9889211074042,4.38981427956662,-1.312336,,,-4.976117613304,4.265092,0,46.587271832,173.752630232,26,5,6.633,0,3.608924,13.533487,60.624017688,0,0,-0.223694,139, -2.1, -0.3,,,0,0,1024,1024,1547,1024,0,0,79,0,158.5,0,0.4,20,3.314,3.316,0,0,0,0,5.521,123.26,-4.976117613304,-1.312336,31,Sport,
600700,2026-05-22 09:27:51,51.9889210426296,4.38981455904952,-0.984252,,,-4.648033613304,4.265092,0,46.52067078,173.819559368,25,5,6.633,0,3.608924,13.533487,60.624017688,0,0,-0.894776,139, -1.9, -0.1,,,0,0,1024,1024,1547,1024,0,0,79,0,158.5,0,0.2,20,3.314,3.316,0,0,0,0,5.521,123.26,-4.648033613304,-0.984252,31,Sport,
600800,2026-05-22 09:27:51,51.9889210194817,4.38981460111803,-0.656168,,,-4.319949613304,4.593176,0,46.508531672,173.832354644,25,5,6.633,0,3.608924,13.533487,60.624017688,0,0,-2.013246,139.1, -2.2, -0.6,,,0,0,1024,1024,1543,1024,0,0,79,0,158.5,0,-0.3,20,3.314,3.316,0,0,0,0,5.521,123.26,-4.319949613304,-0.656168,31,Sport,
600900,2026-05-22 09:27:51,51.9889208432769,4.38981511602596,-0.328084,,,-3.991865613304,4.92126,0,46.375985736,173.964572496,24,5,6.633,0,3.608924,13.533487,60.624017688,0,0,-2.908022,139, -2.1, -0.8,,,0,0,1024,1024,1529,1024,0,0,77,0,158.3,0,0.4,20,3.314,3.316,0,0,0,0,5.521,123.26,-3.991865613304,-0.328084,31,Sport,
601000,2026-05-22 09:27:51,51.9889208316601,4.38981519345761,0,,,-3.663781613304,5.577428,0,46.358597284,173.982617116,24,5,6.633,0,3.608924,13.533487,60.624017688,0,0,-3.579104,138.8, -1.8, 0.1,,,0,0,1024,1024,1374,1024,0,0,53,0,158.3,0,1.1,20,3.314,3.316,0,0,0,0,5.521,123.26,-3.663781613304,0,31,Sport,
601100,2026-05-22 09:27:52,51.9889204699724,4.38981587701519,0.328084,,,-3.335697613304,6.233596,0,46.1614188,174.185044944,24,5,6.633,0,3.608924,13.533487,60.624017688,0,0,-3.802798,138.9, -1.3, 0.4,,,0,0,1024,1024,1024,1024,0,0,0,0,158.4,0,1.1,20,3.314,3.316,0,0,0,0,5.521,123.26,-3.335697613304,0.328084,31,Sport,
601200,2026-05-22 09:27:52,51.9889204750783,4.38981593117282,0.984252,,,-2.679529613304,6.889764,0,46.15157628,174.197512136,24,5,6.633,0,3.608924,13.533487,60.624017688,0,0,-3.579104,138.9, -1.3, 0.4,,,0,0,1024,1024,1024,1024,0,0,0,0,158.4,0,1.1,20,3.314,3.316,0,0,0,0,5.521,123.26,-2.679529613304,0.984252,31,Sport,
601300,2026-05-22 09:27:52,51.988920329012,4.3898169301329,1.312336,,,-2.351445613304,7.217848,0,45.927822992,174.428155188,24,5,6.633,0,3.608924,13.533487,60.624017688,0,0,-2.908022,139, -1.3, 0.6,,,0,0,1024,938,1024,1024,0,-13,0,0,158.4,0,1.4,20,3.314,3.316,0,0,0,0,5.521,123.26,-2.351445613304,1.312336,31,Sport,
601400,2026-05-22 09:27:52,51.9889203646847,4.38981696197642,1.968504,,,-1.695277613304,7.545932,0,45.927822992,174.442918968,24,5,6.633,0,3.608924,13.533487,60.624017688,0,0,-2.013246,139, -1.6, 0.9,,,0,0,1024,364,1024,1024,0,-100,0,0,158.4,0,1.3,20,3.314,3.316,0,0,0,0,5.521,123.26,-1.695277613304,1.968504,31,Sport,
601500,2026-05-22 09:27:52,51.9889203793427,4.38981737254779,1.968504,,,-1.695277613304,7.874016,0,45.848426664,174.535438656,24,5,6.633,0,3.608924,13.533487,60.624017688,0,0,-1.11847,139, -1.4, -2.1,,,0,0,1024,790,1024,1024,0,-35,0,0,158.3,0,-8,20,3.314,3.316,0,0,0,0,5.521,123.26,-1.695277613304,1.968504,31,Sport,
601600,2026-05-22 09:27:52,51.9889204346252,4.38981743922581,2.296588,,,-1.367193613304,7.874016,0,45.844489656,174.56037304,24,5,6.531,0,3.608924,13.533487,60.624017688,0,0,-0.447388,139, -1.3, -13.1,,,0,0,1024,790,1024,1024,0,-35,0,0,158.1,0,-17.9,20,3.333,3.335,0,0,0,0,9.582,123.26,-1.367193613304,2.296588,31,Sport,
601700,2026-05-22 09:27:52,51.9889205347642,4.3898178368038,2.296588,,,-1.367193613304,7.874016,0.6263432,45.782809864,174.65715782,24,5,6.531,0,3.608924,13.533487,60.624017688,0.447388,0.447388,-0.223694,139.1, -1.8, -15.3,,,0,0,1024,1024,1024,1024,0,0,0,0,158.3,0,-7.4,20,3.333,3.335,0,0,0,0,9.582,123.26,-1.367193613304,2.296588,31,Sport,
601800,2026-05-22 09:27:52,51.9889208129242,4.38981833163738,2.296588,,,-1.367193613304,7.874016,0.9395148,45.731956844,174.807420292,24,5,6.531,0,3.608924,13.533487,60.624017688,0.671082,0.671082,0,139.2, -1.8, -3.4,,,0,0,1024,1024,1024,1024,0,0,0,0,158.6,0,0.1,20,3.333,3.335,0,0,0,0,9.582,123.26,-1.367193613304,2.296588,31,Sport,
601900,2026-05-22 09:27:52,51.988920986242,4.38981940794564,2.296588,,,-1.367193613304,7.874016,0.9395148,45.548557888,175.0574203,25,5,6.531,0,3.608924,13.533487,60.624017688,0.671082,0.671082,0,139.2, -1.9, -0.2,,,0,0,1024,955,1024,1024,0,-10,0,0,158.5,0,0.7,20,3.333,3.335,0,0,0,0,9.582,123.26,-1.367193613304,2.296588,31,Sport,
602000,2026-05-22 09:27:52,51.9889212709557,4.38981993721029,2.296588,,,-1.367193613304,7.874016,0.9395148,45.493439776,175.215228704,25,5,6.531,0,3.608924,13.533487,60.624017688,0.671082,0.671082,0,139.1, -1.9, 0,,,0,0,1024,825,1024,1024,0,-30,0,0,158.5,0,-0.1,20,3.333,3.335,0,0,0,0,9.582,123.26,-1.367193613304,2.296588,31,Sport,
602100,2026-05-22 09:27:53,51.9889212960826,4.38982110036831,2.296588,,,-1.367193613304,7.545932,0.8052984,45.268046068,175.477039736,25,5,6.531,0,3.608924,13.533487,60.624017688,0.447388,0.671082,0,139.1, -1.6, -2.1,,,0,0,1024,1024,1024,1024,0,0,0,0,158.3,0,-2.1,20,3.333,3.335,0,0,0,0,9.582,123.26,-1.367193613304,2.296588,31,Sport,
602200,2026-05-22 09:27:53,51.9889215581282,4.38982160005702,2.296588,,,-1.367193613304,7.545932,0.8052984,45.215552628,175.624349452,25,5,6.531,0,3.608924,13.533487,60.624017688,0.447388,0.671082,0,138.9, -1.3, -1.6,,,0,0,1024,1024,1024,364,0,0,0,-100,158.3,0,0.1,20,3.333,3.335,0,0,0,0,9.582,123.26,-1.367193613304,2.296588,31,Sport,
602300,2026-05-22 09:27:53,51.9889215297202,4.38982273857769,1.968504,,,-1.695277613304,7.874016,0.8052984,44.986549996,175.880254972,26,5,6.531,0,3.608924,13.533487,60.624017688,0.447388,0.671082,0,137.9, -1.4, -0.3,,,0,0,1024,1024,1024,364,0,0,0,-100,152.9,0,0.4,20,3.333,3.335,0,0,0,0,9.582,123.26,-1.695277613304,1.968504,31,Sport,
602400,2026-05-22 09:27:53,51.9889217430113,4.38982320077479,1.968504,,,-1.695277613304,7.874016,0.8052984,44.933400388,176.010176236,26,5,6.531,0,3.608924,13.533487,60.624017688,0.447388,0.671082,0,130.1, -1.3, 0.1,,,0,0,1024,1024,1024,364,0,0,0,-100,144.1,0,0.9,20,3.333,3.335,0,0,0,0,9.582,123.26,-1.695277613304,1.968504,31,Sport,
602500,2026-05-22 09:27:53,51.9889219179054,4.38982393267498,1.968504,,,-1.695277613304,7.874016,0.6263432,44.820867576,176.186357344,26,5,6.531,0,3.608924,13.533487,60.624017688,0.447388,0.447388,0,121.6, -0.6, 0.6,,,0,0,1024,1024,1024,1024,0,0,0,0,138.8,0,1.2,20,3.333,3.335,0,0,0,0,9.582,123.26,-1.695277613304,1.968504,31,Sport,
602600,2026-05-22 09:27:53,51.9889220842155,4.3898243008857,1.968504,,,-1.695277613304,7.874016,0.4921268,44.778216656,176.289047636,26,5,6.629,0,3.608924,13.533487,60.624017688,0.223694,0.447388,0,119.5, 0.5, 0.9,,,0,0,1024,1024,1024,1024,0,0,0,0,139.3,0,1.4,20,3.303,3.304,0,0,0,0,5.113,123.44,-1.695277613304,1.968504,31,Sport,
602700,2026-05-22 09:27:53,51.9889224114126,4.38982506417033,1.968504,,,-1.695277613304,7.874016,0.3131716,44.687993556,176.498037144,27,5,6.629,0,3.608924,13.533487,60.624017688,0.223694,0.223694,0,120.1, 0.4, 1.1,,,0,0,1024,1024,1024,1024,0,0,0,0,139.7,0,1.9,20,3.303,3.304,0,0,0,0,5.113,123.44,-1.695277613304,1.968504,31,Sport,
602800,2026-05-22 09:27:53,51.9889225546348,4.38982528834093,1.968504,,,-1.695277613304,7.874016,0.3131716,44.669948936,176.570543708,27,5,6.629,0,3.608924,13.533487,60.624017688,0.223694,0.223694,0,120.3, 0.3, 1.6,,,0,0,1024,1024,958,1024,0,0,-10,0,139.7,0,2,20,3.303,3.304,0,0,0,0,5.113,123.44,-1.695277613304,1.968504,31,Sport,
602900,2026-05-22 09:27:53,51.9889225454767,4.38982562120242,1.968504,,,-1.695277613304,7.874016,0.3131716,44.603347884,176.64534686,27,5,6.629,0,3.608924,13.533487,60.624017688,0.223694,0.223694,0,120.2, 0.1, 1.5,,,0,0,1024,1024,364,1024,0,0,-100,0,139.7,0,1.9,20,3.303,3.304,0,0,0,0,5.113,123.44,-1.695277613304,1.968504,31,Sport,
603000,2026-05-22 09:27:53,51.9889226521351,4.38982572299318,1.968504,,,-1.695277613304,7.874016,0.223694,44.602691716,176.690622452,27,5,6.629,0,3.608924,13.533487,60.624017688,0.223694,0,0,120.3, -0.1, 1.4,,,0,0,1024,1024,1024,1024,0,0,0,0,139.7,0,1.9,20,3.303,3.304,0,0,0,0,5.113,123.44,-1.695277613304,1.968504,31,Sport,
603100,2026-05-22 09:27:54,51.9889224562606,4.38982532492829,1.968504,,,-1.695277613304,7.874016,0,44.645014552,176.805123768,27,5,6.629,0,3.608924,13.533487,60.624017688,0,0,0.671082,120.3, -0.4, 1.6,,,0,0,1024,1024,1024,1024,0,0,0,0,139.8,0,2.5,20,3.303,3.304,0,0,0,0,5.113,123.44,-1.695277613304,1.968504,31,Sport,
603200,2026-05-22 09:27:54,51.9889225300134,4.38982534889788,1.968504,,,-1.695277613304,7.545932,0,44.653544736,176.832682824,27,5,6.629,0,3.608924,13.533487,60.624017688,0,0,0.894776,120.4, -0.5, 2.3,,,0,0,584,1024,1024,1024,-67,0,0,0,139.9,0,2.5,20,3.303,3.304,0,0,0,0,5.113,123.44,-1.695277613304,1.968504,31,Sport,
603300,2026-05-22 09:27:54,51.9889225564938,4.38982533198144,1.64042,,,-2.023361613304,7.545932,0,44.661746836,176.842853428,27,5,6.629,0,3.608924,13.533487,60.624017688,0,0,0.447388,120.4, -1, 1.8,,,0,0,584,1024,1024,1024,-67,0,0,0,139.8,0,1.7,20,3.303,3.304,0,0,0,0,5.113,123.44,-2.023361613304,1.64042,31,Sport,
603400,2026-05-22 09:27:54,51.9889225688045,4.3898252977034,1.64042,,,-2.023361613304,7.545932,0,44.670605104,176.851711696,27,5,6.629,0,3.608924,13.533487,60.624017688,0,0,0.223694,120.5, 3.8, 1.1,,,0,0,531,1024,1024,1024,-75,0,0,0,139.7,0,1.3,20,3.303,3.304,0,0,0,0,5.113,123.44,-2.023361613304,1.64042,31,Sport,
603500,2026-05-22 09:27:54,51.9889225692928,4.38982530159863,1.64042,,,-2.023361613304,7.217848,0.223694,44.669948936,176.852695948,27,5,6.629,0,3.608924,13.533487,60.624017688,0,-0.223694,0.223694,120.6, 12.7, 0.9,,,0,0,1024,1024,1024,1024,0,0,0,0,139.6,0,1.3,20,3.303,3.304,0,0,0,0,5.113,123.44,-2.023361613304,1.64042,31,Sport,
603600,2026-05-22 09:27:54,51.9889227044363,4.38982489924898,1.64042,,,-2.023361613304,7.217848,0.7158208,44.772967312,176.955714324,27,5,6.619,0,3.608924,13.533487,60.624017688,0.223694,-0.671082,0,120.2, 2.6, 0.9,,,0,0,1024,1024,1024,1024,0,0,0,0,139.6,0,1.4,20,3.302,3.305,0,0,0,0,5.405,123.44,-2.023361613304,1.64042,31,Sport,
603700,2026-05-22 09:27:54,51.9889227343349,4.38982441221978,1.64042,,,-2.023361613304,7.217848,0.8052984,44.873361016,177.065622464,27,5,6.619,0,3.608924,13.533487,60.624017688,0.447388,-0.671082,0,120.2, -1.8, 1.1,,,0,0,1024,1024,1024,1024,0,0,0,0,139.7,0,1.6,20,3.302,3.305,0,0,0,0,5.405,123.44,-2.023361613304,1.64042,31,Sport,
603800,2026-05-22 09:27:54,51.9889228979121,4.38982393613895,1.64042,,,-2.023361613304,7.217848,0.7158208,44.996064432,177.18832588,27,5,6.619,0,3.608924,13.533487,60.624017688,0.223694,-0.671082,0,120.2, -2, 1.1,,,0,0,1024,1024,1024,1024,0,0,0,0,139.7,0,1.2,20,3.302,3.305,0,0,0,0,5.405,123.44,-2.023361613304,1.64042,31,Sport,
603900,2026-05-22 09:27:54,51.9889230984471,4.38982354470987,1.64042,,,-2.023361613304,7.217848,0.4921268,45.108597244,177.302499112,28,5,6.619,0,3.608924,13.533487,60.624017688,0.223694,-0.447388,0,120.2, -2.9, 0.7,,,0,0,1024,1024,1024,1024,0,0,0,0,139.7,0,1.1,20,3.302,3.305,0,0,0,0,5.405,123.44,-2.023361613304,1.64042,31,Sport,
604000,2026-05-22 09:27:55,51.9889232268826,4.38982317473239,1.64042,,,-2.023361613304,7.545932,0.4921268,45.204069688,177.397971556,28,5,6.619,0,3.608924,13.533487,60.624017688,0.223694,-0.447388,0,120.2, -3.2, 0.8,,,0,0,1024,1024,1024,1024,0,0,0,0,139.7,0,1.1,20,3.302,3.305,0,0,0,0,5.405,123.44,-2.023361613304,1.64042,31,Sport,
604100,2026-05-22 09:27:55,51.988923394512,4.38982321618878,1.64042,,,-2.023361613304,7.217848,0.3131716,45.226051316,177.459979432,28,5,6.619,0,3.608924,13.533487,60.624017688,0.223694,-0.223694,0,120.2, -3.2, 0.8,,,0,0,1614,1024,1024,1024,89,0,0,0,139.8,0,1.4,20,3.302,3.305,0,0,0,0,5.405,123.44,-2.023361613304,1.64042,31,Sport,
604200,2026-05-22 09:27:55,51.9889234642897,4.38982299272767,1.64042,,,-2.023361613304,7.217848,0.223694,45.282481764,177.516081796,28,5,6.619,0,3.608924,13.533487,60.624017688,0,-0.223694,0,120.3, -3.2, 1.1,,,0,0,1684,1024,1024,1024,100,0,0,0,139.9,0,1.5,20,3.302,3.305,0,0,0,0,5.405,123.44,-2.023361613304,1.64042,31,Sport,
604300,2026-05-22 09:27:55,51.9889234603318,4.38982287781832,1.64042,,,-2.023361613304,7.217848,0,45.304135308,177.542000432,27,5,6.619,0,3.608924,13.533487,60.624017688,0,0,0,120.2, -11.2, 1.2,,,0,0,1684,1024,1024,1024,100,0,0,0,140.1,0,1.5,20,3.302,3.305,0,0,0,0,5.405,123.44,-2.023361613304,1.64042,31,Sport,
604400,2026-05-22 09:27:55,51.9889234345196,4.38982291633939,1.64042,,,-2.023361613304,7.217848,0.223694,45.2919962,177.554795708,27,5,6.619,0,3.608924,13.533487,60.624017688,0,0.223694,0,120, -21.6, 1.3,,,0,0,1684,1024,1024,1024,100,0,0,0,140.1,0,1.1,20,3.302,3.305,0,0,0,0,5.405,123.44,-2.023361613304,1.64042,31,Sport,
604500,2026-05-22 09:27:55,51.9889232215883,4.38982311073929,1.64042,,,-2.023361613304,7.217848,1.006623,45.215552628,177.644034556,27,5,6.619,0,3.608924,13.533487,60.624017688,-0.447388,0.894776,0,120, -25, 0.9,,,0,0,1684,1024,1024,1024,100,0,0,0,140,0,1,20,3.302,3.305,0,0,0,0,5.405,123.44,-2.023361613304,1.64042,31,Sport,
604600,2026-05-22 09:27:55,51.9889228742245,4.38982405704417,1.64042,,,-2.023361613304,7.217848,1.8119214,44.968177292,177.891409892,27,5,6.613,0,3.608924,13.533487,60.624017688,-0.894776,1.565858,0,120, -23.6, 0.9,,,0,0,1684,1024,1024,1024,100,0,0,0,140.1,0,1.1,20,3.306,3.305,0,0,0,0,5.499,123.44,-2.023361613304,1.64042,31,Sport,
604700,2026-05-22 09:27:55,51.9889224342692,4.38982546261083,1.64042,,,-2.023361613304,7.217848,2.6172198,44.614174656,178.245740612,27,5,6.613,0,3.608924,13.533487,60.624017688,-1.342164,2.23694,0,120, -23, 1,,,0,0,1684,1024,1024,1024,100,0,0,0,140.2,0,1.3,20,3.306,3.305,0,0,0,0,5.499,123.44,-2.023361613304,1.64042,31,Sport,
604800,2026-05-22 09:27:55,51.9889217674357,4.38982735338427,1.64042,,,-2.023361613304,7.217848,3.3106712,44.124673328,178.73524194,27,5,6.613,0,3.608924,13.533487,60.624017688,-1.565858,2.908022,0,120.1, -22.7, 1.4,,,0,0,1684,1024,1024,1024,100,0,0,0,140.4,0,1.6,20,3.306,3.305,0,0,0,0,5.499,123.44,-2.023361613304,1.64042,31,Sport,
604900,2026-05-22 09:27:55,51.988921042364,4.38982973800359,1.64042,,,-2.023361613304,7.545932,4.1159696,43.528216616,179.332682904,26,5,6.613,0,3.608924,13.533487,60.624017688,-2.013246,3.579104,0,120.1, -21.9, 1.4,,,0,0,1684,1024,1024,1024,100,0,0,0,140.3,0,1.3,20,3.306,3.305,0,0,0,0,5.499,123.44,-2.023361613304,1.64042,31,Sport,
605000,2026-05-22 09:27:56,51.9889202277593,4.38983237250203,1.64042,,,-2.023361613304,7.217848,4.6080964,42.866799272,179.9950845,26,5,6.613,0,3.608924,13.533487,60.624017688,-2.23694,4.026492,0,120.2, -21.4, 1,,,0,0,1684,1024,1024,1024,100,0,0,0,140.2,0,1.1,20,3.306,3.305,0,0,0,0,5.499,123.44,-2.023361613304,1.64042,31,Sport,
605100,2026-05-22 09:27:56,51.9889191744453,4.38983525516849,1.64042,,,-2.023361613304,7.217848,5.2120702,42.113846492,180.748365364,26,5,6.613,0,3.608924,13.533487,60.624017688,-2.684328,4.47388,0,120.2, -20.5, 0.8,,,0,0,1684,1024,1024,1024,100,0,0,0,140.1,0,1,20,3.306,3.305,0,0,0,0,5.499,123.44,-2.023361613304,1.64042,31,Sport,
605200,2026-05-22 09:27:56,51.9889181491709,4.38983834833051,1.64042,,,-2.023361613304,7.545932,5.5252418,41.324804472,181.537407384,26,5,6.613,0,3.608924,13.533487,60.624017688,-2.908022,4.697574,0,120.1, -21, 0.8,,,0,0,1684,1024,1024,1024,100,0,0,0,140.1,0,0.8,20,3.306,3.305,0,0,0,0,5.499,123.44,-2.023361613304,1.64042,31,Sport,
605300,2026-05-22 09:27:56,51.9889169623754,4.38984167157553,1.64042,,,-2.023361613304,7.217848,5.9055216,40.461615468,182.400596388,26,5,6.613,0,3.608924,13.533487,60.624017688,-2.908022,5.144962,0,120.1, -21.6, 0.7,,,0,0,1677,1024,1024,1024,99,0,0,0,140.2,0,1,20,3.306,3.305,0,0,0,0,5.499,123.44,-2.023361613304,1.64042,31,Sport,
605400,2026-05-22 09:27:56,51.9889157094431,4.38984521140937,1.64042,,,-2.023361613304,7.217848,6.4200178,39.544292604,183.317919252,26,5,6.613,0,3.608924,13.533487,60.624017688,-3.131716,5.59235,0,120.2, -21.8, 0.9,,,0,0,1677,1024,1024,1024,99,0,0,0,140.2,0,0.9,20,3.306,3.305,0,0,0,0,5.499,123.44,-2.023361613304,1.64042,31,Sport,
605500,2026-05-22 09:27:56,51.9889142040088,4.38984896059802,1.64042,,,-2.023361613304,7.217848,6.71082,38.540355564,184.323496712,27,5,6.613,0,3.608924,13.533487,60.624017688,-3.35541,5.816044,0,120.1, -21.7, 0.6,,,0,0,1678,1024,1024,1024,99,0,0,0,140.2,0,0.9,20,3.306,3.305,0,0,0,0,5.499,123.44,-2.023361613304,1.64042,31,Sport,
605600,2026-05-22 09:27:56,51.9889127663304,4.38985296112651,1.64042,,,-2.023361613304,7.217848,7.2029468,37.499673116,185.36417916,27,5,6.599,0,3.608924,13.533487,60.624017688,-3.579104,6.263432,0,120.1, -22, 0.8,,,0,0,1684,1024,1024,1024,100,0,0,0,140.3,0,1.1,19,3.299,3.299,0,0,0,0,5.849,123.44,-2.023361613304,1.64042,31,Sport,
605700,2026-05-22 09:27:56,51.9889111814034,4.38985715535933,1.64042,,,-2.023361613304,7.217848,7.5161184,36.394686204,186.46982224,27,5,6.599,0,3.608924,13.533487,60.624017688,-3.802798,6.487126,0,120.2, -22.4, 1,,,0,0,1684,1024,1024,1024,100,0,0,0,140.4,0,1.2,19,3.299,3.299,0,0,0,0,5.849,123.44,-2.023361613304,1.64042,31,Sport,
605800,2026-05-22 09:27:56,51.9889096094811,4.38986147425348,1.64042,,,-2.023361613304,7.217848,8.0082452,35.267717664,187.597118864,27,5,6.599,0,3.608924,13.533487,60.624017688,-4.026492,6.934514,0,120.2, -22.6, 0.7,,,0,0,1684,1024,1024,1024,100,0,0,0,140.2,0,0.7,19,3.299,3.299,0,0,0,0,5.849,123.44,-2.023361613304,1.64042,31,Sport,
605900,2026-05-22 09:27:56,51.9889080450548,4.38986628258354,1.64042,,,-2.023361613304,7.217848,8.3214168,34.046589016,188.81890368,27,5,6.599,0,3.608924,13.533487,60.624017688,-4.250186,7.158208,0,120.2, -23.4, 0.4,,,0,0,1684,1024,1024,1024,100,0,0,0,140.2,0,0.8,19,3.299,3.299,0,0,0,0,5.849,123.44,-2.023361613304,1.64042,31,Sport,
606000,2026-05-22 09:27:57,51.9889063310411,4.38987098798209,1.64042,,,-2.023361613304,7.217848,8.5227414,32.81824252,190.047250176,27,5,6.599,0,3.608924,13.533487,60.624017688,-4.250186,7.381902,0,120.2, -23.8, 0.6,,,0,0,1683,1024,1024,1024,100,0,0,0,140.1,0,0.6,19,3.299,3.299,0,0,0,0,5.849,123.44,-2.023361613304,1.64042,31,Sport,
606100,2026-05-22 09:27:57,51.9889048062969,4.38987569645509,1.64042,,,-2.023361613304,7.217848,8.8135436,31.6238199096,191.242460188,27,5,6.599,0,3.608924,13.533487,60.624017688,-4.47388,7.605596,0,120.1, -24, 0.2,,,0,0,1519,1024,1024,1024,75,0,0,0,140.2,0,0.7,19,3.299,3.299,0,0,0,0,5.849,123.44,-2.023361613304,1.64042,31,Sport,
606200,2026-05-22 09:27:57,51.9889029885548,4.38988078207002,1.64042,,,-2.023361613304,7.217848,9.0148682,30.3026912584,192.563654456,27,5,6.599,0,3.608924,13.533487,60.624017688,-4.47388,7.82929,0,120.2, -24.5, 0.8,,,0,0,1024,1024,1024,1024,0,0,0,0,140.5,0,1.3,19,3.299,3.299,0,0,0,0,5.849,123.44,-2.023361613304,1.64042,31,Sport,
606300,2026-05-22 09:27:57,51.9889015333056,4.38988579684738,1.64042,,,-2.023361613304,7.217848,9.3280398,29.061024552,193.80906132,28,5,6.599,0,3.608924,13.533487,60.624017688,-4.697574,8.052984,0,120.3, -18.5, 0.8,,,0,0,1024,1024,1024,1024,0,0,0,0,140.2,0,1.1,19,3.299,3.299,0,0,0,0,5.849,123.44,-2.023361613304,1.64042,31,Sport,
606400,2026-05-22 09:27:57,51.9888996328153,4.38989100210158,1.64042,,,-2.023361613304,7.217848,9.3280398,27.7015428812,195.1689695,28,5,6.599,0,3.608924,13.533487,60.624017688,-4.697574,8.052984,0,120.4, -6.3, 0.6,,,0,0,1024,1024,1024,1024,0,0,0,0,140,0,0.6,19,3.299,3.299,0,0,0,0,5.849,123.44,-2.023361613304,1.64042,31,Sport,
606500,2026-05-22 09:27:57,51.9888980265653,4.38989683049552,1.64042,,,-2.023361613304,7.217848,8.8135436,26.2743446728,196.603352748,27,5,6.599,0,3.608924,13.533487,60.624017688,-4.47388,7.605596,0,120.4, -1.6, -0.1,,,0,0,1024,1024,1024,1024,0,0,0,0,140,0,0,19,3.299,3.299,0,0,0,0,5.849,123.44,-2.023361613304,1.64042,31,Sport,
606600,2026-05-22 09:27:57,51.9888963474362,4.38990250750406,1.64042,,,-2.023361613304,7.217848,8.1424616,24.8638787484,198.01837904,28,5,6.593,0,3.608924,13.533487,60.624017688,-4.250186,6.934514,0,120.4, 6.7, -0.5,,,0,0,1024,1024,1024,1040,0,0,0,2,140,0,0,19,3.295,3.298,0,0,0,0,5.816,123.44,-2.023361613304,1.64042,31,Sport,
606700,2026-05-22 09:27:57,51.9888947507811,4.38990680984347,1.64042,,,-2.023361613304,6.889764,7.3371632,23.7353682136,199.146988,28,5,6.593,0,3.608924,13.533487,60.624017688,-3.802798,6.263432,0,120.3, 18, -0.4,,,0,0,1024,1024,1024,1426,0,0,0,61,141,0,0.6,19,3.295,3.298,0,0,0,0,5.816,123.44,-2.023361613304,1.64042,31,Sport,
606800,2026-05-22 09:27:57,51.9888933971787,4.38991047585501,1.64042,,,-2.023361613304,6.889764,6.0173686,22.7750335372,200.107617952,28,5,6.593,0,3.608924,13.533487,60.624017688,-3.131716,5.144962,0,123.4, 21.1, 0.4,,,0,0,1024,1024,1024,1145,0,0,0,18,145.4,0,3.1,19,3.295,3.298,0,0,0,0,5.816,123.44,-2.023361613304,1.64042,31,Sport,
606900,2026-05-22 09:27:57,51.9888923098368,4.38991453666222,1.64042,,,-2.023361613304,6.889764,6.0173686,21.7874678888,201.10236864,28,5,6.593,0,3.608924,13.533487,60.624017688,-2.23694,4.026492,0,128.8, 19.5, 4.4,,,0,0,1024,1024,1024,1024,0,0,0,0,147,0,6.1,19,3.295,3.298,0,0,0,0,5.816,123.44,-2.023361613304,1.64042,31,Sport,
607000,2026-05-22 09:27:57,51.988891467972,4.38991671226059,1.64042,,,-2.023361613304,6.889764,3.4225182,21.2104009412,201.67979648,28,5,6.593,0,3.608924,13.533487,60.624017688,-1.789552,2.908022,0,129.2, 16.7, 5.7,,,0,0,1024,1024,1024,1024,0,0,0,0,147.1,0,4.8,19,3.295,3.298,0,0,0,0,5.816,123.44,-2.023361613304,1.64042,31,Sport,
607100,2026-05-22 09:27:58,51.988891019921,4.38991902415036,1.64042,,,-2.023361613304,6.56168,2.23694,20.6804140476,202.224087836,28,5,6.593,0,3.608924,13.533487,60.624017688,-1.342164,1.789552,0,128.6, 14.1, 3.4,,,0,0,1024,1024,1024,1024,0,0,0,0,147.3,0,2.6,19,3.295,3.298,0,0,0,0,5.816,123.44,-2.023361613304,1.64042,31,Sport,
607200,2026-05-22 09:27:58,51.9888905578973,4.38992000739039,1.64042,,,-2.023361613304,6.56168,1.4316416,20.4042985532,202.501974984,28,5,6.593,0,3.608924,13.533487,60.624017688,-0.894776,1.11847,0,128.3, 11, 1.8,,,0,0,1024,1024,1024,1052,0,0,0,4,147.5,0,2.1,19,3.295,3.298,0,0,0,0,5.816,123.44,-2.023361613304,1.64042,31,Sport,
607300,2026-05-22 09:27:58,51.9888902292095,4.38992165062184,1.64042,,,-2.023361613304,6.56168,0.6263432,20.0259848928,202.89042644,27,5,6.593,0,3.608924,13.533487,60.624017688,-0.447388,0.447388,0,128.2, 8.2, 1.5,,,0,0,1024,1024,1024,1052,0,0,0,4,147.6,0,1.4,19,3.295,3.298,0,0,0,0,5.816,123.44,-2.023361613304,1.64042,31,Sport,
607400,2026-05-22 09:27:58,51.9888900078911,4.38992199934249,1.64042,,,-2.023361613304,6.56168,0.223694,19.9172250468,203.002959252,27,5,6.593,0,3.608924,13.533487,60.624017688,-0.223694,0,0,128.3, 4.9, 0.4,,,0,0,1024,1024,1024,1041,0,0,0,3,148,0,0.5,19,3.295,3.298,0,0,0,0,5.816,123.44,-2.023361613304,1.64042,31,Sport,
607500,2026-05-22 09:27:58,51.9888896377564,4.38992373314504,1.64042,,,-2.023361613304,6.56168,0,19.513944194,203.415032756,27,5,6.593,0,3.608924,13.533487,60.624017688,0,0,0,128.4, 0, -0.1,,,0,0,1024,1024,1024,1024,0,0,0,0,148,0,0.3,19,3.295,3.298,0,0,0,0,5.816,123.44,-2.023361613304,1.64042,31,Sport,
607600,2026-05-22 09:27:58,51.9888894021569,4.38992418218183,1.64042,,,-2.023361613304,6.56168,0,19.3831042948,203.547578692,27,5,6.583,0,3.608924,13.533487,60.624017688,0,0,0,128.4, -4, -0.4,,,0,0,1024,1024,1024,1024,0,0,0,0,148.1,0,-0.2,19,3.293,3.294,0,0,0,0,6.104,123.8,-2.023361613304,1.64042,31,Sport,
607700,2026-05-22 09:27:58,51.9888889430032,4.38992601102109,1.64042,,,-2.023361613304,6.56168,0,18.9449809212,203.991476344,27,5,6.583,0,3.608924,13.533487,60.624017688,0,0,0,128.5, -2.9, -0.5,,,0,0,1024,1024,1024,1024,0,0,0,0,148,0,0.4,19,3.293,3.294,0,0,0,0,6.104,123.8,-2.023361613304,1.64042,31,Sport,
607800,2026-05-22 09:27:58,51.9888886332654,4.38992670517926,1.64042,,,-2.023361613304,6.56168,0,18.7529861644,204.184061652,27,5,6.583,0,3.608924,13.533487,60.624017688,0,0,0,128.4, -1.6, 0,,,0,0,1024,1024,1024,1024,0,0,0,0,148,0,0.5,19,3.293,3.294,0,0,0,0,6.104,123.8,-2.023361613304,1.64042,31,Sport,
607900,2026-05-22 09:27:58,51.9888885640188,4.38992742507378,1.64042,,,-2.023361613304,6.56168,0,18.6018050572,204.347775568,28,5,6.583,0,3.608924,13.533487,60.624017688,0,0,0,128.4, 0.3, -0.3,,,0,0,1024,1024,1024,1024,0,0,0,0,147.9,0,0.2,19,3.293,3.294,0,0,0,0,6.104,123.8,-2.023361613304,1.64042,31,Sport,
608000,2026-05-22 09:27:58,51.9888883951644,4.38992779076651,1.64042,,,-2.023361613304,6.56168,0,18.4995740828,204.45046586,28,5,6.583,0,3.608924,13.533487,60.624017688,0,0,0,128.3, 1.3, -0.4,,,0,0,1024,1024,1024,1024,0,0,0,0,147.9,0,0.2,19,3.293,3.294,0,0,0,0,6.104,123.8,-2.023361613304,1.64042,31,Sport,
608100,2026-05-22 09:27:59,51.9888888470706,4.38992687367586,1.64042,,,-2.023361613304,6.56168,0,18.7614507316,204.714245396,28,5,6.583,0,3.608924,13.533487,60.624017688,0,0,0,128.4, 0, -0.1,,,0,0,1024,1024,1024,1024,0,0,0,0,148,0,0.9,19,3.293,3.294,0,0,0,0,6.104,123.8,-2.023361613304,1.64042,31,Sport,
608200,2026-05-22 09:27:59,51.9888888726257,4.38992684688223,1.64042,,,-2.023361613304,6.56168,0.223694,18.7714572936,204.725400252,28,5,6.583,0,3.608924,13.533487,60.624017688,0,-0.223694,0,128.4, -1.5, 0.5,,,0,0,1024,1024,1024,1024,0,0,0,0,148,0,1,19,3.293,3.294,0,0,0,0,6.104,123.8,-2.023361613304,1.64042,31,Sport,
608300,2026-05-22 09:27:59,51.9888892809947,4.38992556995562,1.64042,,,-2.023361613304,6.56168,0.223694,19.0938982488,205.048562992,25,5,6.583,0,3.608924,13.533487,60.624017688,0,-0.223694,0,128.4, -3, 0.1,,,0,0,1024,1024,1024,1024,0,0,0,0,148,0,0.5,19,3.293,3.294,0,0,0,0,6.104,123.8,-2.023361613304,1.64042,31,Sport,
608400,2026-05-22 09:27:59,51.9888893793774,4.38992536414825,1.64042,,,-2.023361613304,6.56168,0.3131716,19.152067542,205.107290028,25,5,6.583,0,3.608924,13.533487,60.624017688,0.223694,-0.223694,0,128.4, -4.3, -0.1,,,0,0,1024,1024,1024,1024,0,0,0,0,148,0,0.5,19,3.293,3.294,0,0,0,0,6.104,123.8,-2.023361613304,1.64042,31,Sport,
608500,2026-05-22 09:27:59,51.9888896475398,4.38992459732314,1.64042,,,-2.023361613304,6.56168,0.3131716,19.3500990444,205.305452764,25,5,6.583,0,3.608924,13.533487,60.624017688,0.223694,-0.223694,0,128.4, -5.1, 0,,,0,0,1024,1024,1024,1024,0,0,0,0,148,0,0.9,19,3.293,3.294,0,0,0,0,6.104,123.8,-2.023361613304,1.64042,31,Sport,
608600,2026-05-22 09:27:59,51.988889744432,4.38992440448133,1.64042,,,-2.023361613304,6.56168,0.223694,19.405512432,205.361227044,25,5,6.591,0,3.608924,13.533487,60.624017688,0,-0.223694,0,128.4, -5.7, 0.3,,,0,0,1024,1024,1024,1024,0,0,0,0,148,0,0.9,19,3.294,3.295,0,0,0,0,5.536,123.8,-2.023361613304,1.64042,31,Sport,
608700,2026-05-22 09:27:59,51.988889725816,4.3899241449128,1.64042,,,-2.023361613304,6.56168,0.223694,19.4516738508,205.41995408,24,5,6.591,0,3.608924,13.533487,60.624017688,0,-0.223694,0,128.4, -5.9, 0.2,,,0,0,1024,1024,1024,1024,0,0,0,0,148,0,0.8,19,3.294,3.295,0,0,0,0,5.536,123.8,-2.023361613304,1.64042,31,Sport,
608800,2026-05-22 09:27:59,51.9888897842597,4.38992401837341,1.64042,,,-2.023361613304,6.56168,0,19.487041306,205.455387152,24,5,6.591,0,3.608924,13.533487,60.624017688,0,0,0,128.4, -5.9, 0.1,,,0,0,1024,1024,1024,1024,0,0,0,0,148,0,0.7,19,3.294,3.295,0,0,0,0,5.536,123.8,-2.023361613304,1.64042,31,Sport,
608900,2026-05-22 09:27:59,51.9888897406454,4.38992360543708,1.64042,,,-2.023361613304,6.56168,0,19.5579730668,205.54954726,24,5,6.591,0,3.608924,13.533487,60.624017688,0,0,0,128.3, -5.8, 0.1,,,0,0,1024,1024,1024,1024,0,0,0,0,148,0,0.9,19,3.294,3.295,0,0,0,0,5.536,123.8,-2.023361613304,1.64042,31,Sport,
609000,2026-05-22 09:27:59,51.988889787121,4.38992353779916,1.64042,,,-2.023361613304,6.56168,0,19.5797578444,205.57251314,24,5,6.591,0,3.608924,13.533487,60.624017688,0,0,0,128.3, -5.7, 0.5,,,0,0,1024,1024,1024,1024,0,0,0,0,148.1,0,1.4,19,3.294,3.295,0,0,0,0,5.536,123.8,-2.023361613304,1.64042,31,Sport,
609100,2026-05-22 09:28:00,51.9888898121965,4.38992324171283,1.64042,,,-2.023361613304,6.56168,0,19.6413720196,205.639442276,24,5,6.591,0,3.608924,13.533487,60.624017688,0,0,0,128.4, -5.5, 0.8,,,0,0,1024,1024,1024,1024,0,0,0,0,148.1,0,1.5,19,3.294,3.295,0,0,0,0,5.536,123.8,-2.023361613304,1.64042,31,Sport,
609200,2026-05-22 09:28:00,51.988889845222,4.38992320273269,1.64042,,,-2.023361613304,6.56168,0,19.6550859308,205.65453414,24,5,6.591,0,3.608924,13.533487,60.624017688,0,0,0,128.4, -5.4, 0.8,,,0,0,1024,1024,1024,1024,0,0,0,0,148.1,0,1.3,19,3.294,3.295,0,0,0,0,5.536,123.8,-2.023361613304,1.64042,31,Sport,
609300,2026-05-22 09:28:00,51.9888897767979,4.38992310782119,1.64042,,,-2.023361613304,6.56168,0,19.6604008916,205.68734254,24,5,6.591,0,3.608924,13.533487,60.624017688,0,0,0,128.4, -5.2, 0.6,,,0,0,1024,1024,1024,1024,0,0,0,0,148.1,0,1.2,19,3.294,3.295,0,0,0,0,5.536,123.8,-2.023361613304,1.64042,31,Sport,
609400,2026-05-22 09:28:00,51.9888897922783,4.38992308572966,1.64042,,,-2.023361613304,6.56168,0,19.6675859312,205.694888472,24,5,6.591,0,3.608924,13.533487,60.624017688,0,0,0,128.5, -5.2, 0.6,,,0,0,1024,1024,1024,1024,0,0,0,0,148.2,0,1.4,19,3.294,3.295,0,0,0,0,5.536,123.8,-2.023361613304,1.64042,31,Sport,
609500,2026-05-22 09:28:00,51.9888898350274,4.38992324928071,1.64042,,,-2.023361613304,6.56168,0,19.6442263504,205.734586636,24,5,6.591,0,3.608924,13.533487,60.624017688,0,0,0,128.5, -5, 0.7,,,0,0,1024,1024,1024,1024,0,0,0,0,148.1,0,1.3,19,3.294,3.295,0,0,0,0,5.536,123.8,-2.023361613304,1.64042,31,Sport,
609600,2026-05-22 09:28:00,51.9888898363467,4.38992324430038,1.64042,,,-2.023361613304,6.56168,0,19.6454402612,205.735898972,24,5,6.584,0,3.608924,13.533487,60.624017688,0,0,0,128.4, -4.8, 0.6,,,0,0,1024,1024,1024,1024,0,0,0,0,148.1,0,1.1,19,3.292,3.292,0,0,0,0,5.722,123.98,-2.023361613304,1.64042,31,Sport,
609700,2026-05-22 09:28:00,51.9888897995002,4.38992318932892,1.64042,,,-2.023361613304,6.56168,0,19.6490163768,205.754271676,24,5,6.584,0,3.608924,13.533487,60.624017688,0,0,0,128.4, -4.5, 0.4,,,0,0,1024,1024,1024,1024,0,0,0,0,148.1,0,1.2,19,3.292,3.292,0,0,0,0,5.722,123.98,-2.023361613304,1.64042,31,Sport,
609800,2026-05-22 09:28:00,51.9888898887164,4.38992330573375,1.64042,,,-2.023361613304,6.56168,0,19.6435701824,205.795938344,24,5,6.584,0,3.608924,13.533487,60.624017688,0,0,0,128.4, -4.5, 0.6,,,0,0,1024,1024,1024,1024,0,0,0,0,148.1,0,1.3,19,3.292,3.292,0,0,0,0,5.722,123.98,-2.023361613304,1.64042,31,Sport,
609900,2026-05-22 09:28:00,51.9888898764828,4.38992331632044,1.64042,,,-2.023361613304,6.56168,0,19.6392066652,205.800859604,24,5,6.584,0,3.608924,13.533487,60.624017688,0,0,0,128.4, -4.3, 0.6,,,0,0,1024,1024,1024,1024,0,0,0,0,148.1,0,1.2,19,3.292,3.292,0,0,0,0,5.722,123.98,-2.023361613304,1.64042,31,Sport,
610000,2026-05-22 09:28:00,51.9888898579353,4.38992332465345,1.64042,,,-2.023361613304,6.56168,0,19.6340885548,205.808077452,24,5,6.584,0,3.608924,13.533487,60.624017688,0,0,0,128.5, -4.3, 0.3,,,0,0,1024,1024,1024,1024,0,0,0,0,148.1,0,0.8,19,3.292,3.292,0,0,0,0,5.722,123.98,-2.023361613304,1.64042,31,Sport,
610100,2026-05-22 09:28:01,51.9888898512446,4.38992351204889,1.64042,,,-2.023361613304,6.56168,0,19.5968838292,205.850072204,24,5,6.584,0,3.608924,13.533487,60.624017688,0,0,0,128.5, -4.3, 0,,,0,0,1024,1024,1024,1024,0,0,0,0,148.1,0,0.4,19,3.292,3.292,0,0,0,0,5.722,123.98,-2.023361613304,1.64042,31,Sport,
610200,2026-05-22 09:28:01,51.9888898338109,4.38992350754155,1.64042,,,-2.023361613304,6.56168,0,19.5944231992,205.856633884,24,5,6.584,0,3.608924,13.533487,60.624017688,0,0,0,128.4, -4.6, -0.3,,,0,0,1024,1024,1024,1024,0,0,0,0,148.1,0,0.9,19,3.292,3.292,0,0,0,0,5.722,123.98,-2.023361613304,1.64042,31,Sport,
610300,2026-05-22 09:28:01,51.9888897724116,4.389923610167,1.64042,,,-2.023361613304,6.56168,0,19.5630911772,205.888786116,26,5,6.584,0,3.608924,13.533487,60.624017688,0,0,0,128.4, -4.8, 0.8,,,0,0,1024,1024,1024,1024,0,0,0,0,148.1,0,1.8,19,3.292,3.292,0,0,0,0,5.722,123.98,-2.023361613304,1.64042,31,Sport,
610400,2026-05-22 09:28:01,51.9888897717948,4.38992363747536,1.64042,,,-2.023361613304,6.56168,0,19.5577105996,205.895019712,26,5,6.584,0,3.608924,13.533487,60.624017688,0,0,0,128.3, -4.8, 0.9,,,0,0,1024,1024,1024,1024,0,0,0,0,148.1,0,1.4,19,3.292,3.292,0,0,0,0,5.722,123.98,-2.023361613304,1.64042,31,Sport,
610500,2026-05-22 09:28:01,51.988889691968,4.38992377235473,1.64042,,,-2.023361613304,6.56168,0,19.5167000996,205.937014464,26,5,6.584,0,3.608924,13.533487,60.624017688,0,0,0,128.4, -4.5, 0.6,,,0,0,1024,1024,1024,1024,0,0,0,0,148.1,0,1.2,19,3.292,3.292,0,0,0,0,5.722,123.98,-2.023361613304,1.64042,31,Sport,
610600,2026-05-22 09:28:01,51.9888896834182,4.38992376926636,1.64042,,,-2.023361613304,6.56168,0,19.5156502308,205.940295304,26,5,6.581,0,3.608924,13.533487,60.624017688,0,0,0,128.4, -4.1, 0.7,,,0,0,1024,1024,1024,1024,0,0,0,0,148.1,0,1.5,19,3.289,3.29,0,0,0,0,5.638,123.98,-2.023361613304,1.64042,31,Sport,
610700,2026-05-22 09:28:01,51.9888896731207,4.38992382886342,1.64042,,,-2.023361613304,6.56168,0,19.5022644036,205.954074832,26,5,6.581,0,3.608924,13.533487,60.624017688,0,0,0,128.4, -3.4, 0.8,,,0,0,1024,1024,1024,1024,0,0,0,0,148.1,0,1.8,19,3.289,3.29,0,0,0,0,5.638,123.98,-2.023361613304,1.64042,31,Sport,
610800,2026-05-22 09:28:01,51.9888896672866,4.38992387696953,1.64042,,,-2.023361613304,6.56168,0,19.4919297576,205.965229688,26,5,6.581,0,3.608924,13.533487,60.624017688,0,0,0,128.4, -3.1, 1.3,,,0,0,1024,1024,1024,1024,0,0,0,0,148.2,0,2.2,19,3.289,3.29,0,0,0,0,5.638,123.98,-2.023361613304,1.64042,31,Sport,
610900,2026-05-22 09:28:01,51.9888894818466,4.38992389587532,1.64042,,,-2.023361613304,6.56168,0,19.4532158456,206.032814992,26,5,6.581,0,3.608924,13.533487,60.624017688,0,0,0,128.5, -3.5, 1.4,,,0,0,1024,1024,1024,1024,0,0,0,0,148.2,0,1.6,19,3.289,3.29,0,0,0,0,5.638,123.98,-2.023361613304,1.64042,31,Sport,
611000,2026-05-22 09:28:02,51.9888894613288,4.38992387385334,1.64042,,,-2.023361613304,6.56168,0,19.453576738,206.042001344,26,5,6.581,0,3.608924,13.533487,60.624017688,0,0,0,128.5, -3.8, 0.5,,,0,0,1024,1024,1024,1024,0,0,0,0,148.1,0,0.5,19,3.289,3.29,0,0,0,0,5.638,123.98,-2.023361613304,1.64042,31,Sport,
611100,2026-05-22 09:28:02,51.9888893393613,4.3899237380906,1.64042,,,-2.023361613304,6.56168,0,19.4567263444,206.09580712,25,5,6.581,0,3.608924,13.533487,60.624017688,0,0,0,128.5, -3.8, -0.5,,,0,0,1024,1024,1024,1024,0,0,0,0,148,0,0,19,3.289,3.29,0,0,0,0,5.638,123.98,-2.023361613304,1.64042,31,Sport,
611200,2026-05-22 09:28:02,51.988889347457,4.38992353213716,1.64042,,,-2.023361613304,6.56168,0,19.4979336948,206.142066964,24,5,6.581,0,3.608924,13.533487,60.624017688,0,0,0,128.4, -3.8, -0.7,,,0,0,1024,1024,1024,1024,0,0,0,0,148,0,-0.1,19,3.289,3.29,0,0,0,0,5.638,123.98,-2.023361613304,1.64042,31,Sport,
611300,2026-05-22 09:28:02,51.9888893154338,4.38992348088704,1.64042,,,-2.023361613304,6.56168,0,19.5018378944,206.158471164,24,5,6.581,0,3.608924,13.533487,60.624017688,0,0,0,128.4, -4.1, -1,,,0,0,1024,1024,1024,1024,0,0,0,0,148,0,-0.6,19,3.289,3.29,0,0,0,0,5.638,123.98,-2.023361613304,1.64042,31,Sport,
611400,2026-05-22 09:28:02,51.9888892913007,4.38992343016555,1.64042,,,-2.023361613304,6.56168,0,19.5070872384,206.17290686,24,5,6.581,0,3.608924,13.533487,60.624017688,0,0,0,128.4, -4.1, -1.3,,,0,0,1024,1024,1024,1024,0,0,0,0,148,0,-0.4,19,3.289,3.29,0,0,0,0,5.638,123.98,-2.023361613304,1.64042,31,Sport,
611500,2026-05-22 09:28:02,51.9888891545723,4.38992318203231,1.64042,,,-2.023361613304,6.56168,0,19.529528184,206.247710012,24,5,6.581,0,3.608924,13.533487,60.624017688,0,0,0,128.4, -4.5, -1.1,,,0,0,1024,1024,1024,1024,0,0,0,0,148,0,-0.3,19,3.289,3.29,0,0,0,0,5.638,123.98,-2.023361613304,1.64042,31,Sport,
611600,2026-05-22 09:28:02,51.9888891033335,4.38992326262188,1.64042,,,-2.023361613304,6.56168,0,19.504429758,206.273956732,24,5,6.578,0,3.608924,13.533487,60.624017688,0,0,0,128.4, -5, -1,,,0,0,1024,1024,1024,1024,0,0,0,0,147.9,0,0,19,3.287,3.289,0,0,0,0,5.561,123.98,-2.023361613304,1.64042,31,Sport,
611700,2026-05-22 09:28:02,51.9888891254619,4.38992328641062,1.64042,,,-2.023361613304,6.56168,0,19.503937632,206.283471168,24,5,6.578,0,3.608924,13.533487,60.624017688,0,0,0,128.3, -4.5, 0,,,0,0,1024,1024,1024,1024,0,0,0,0,148,0,1.5,19,3.287,3.289,0,0,0,0,5.561,123.98,-2.023361613304,1.64042,31,Sport,
611800,2026-05-22 09:28:02,51.9888891702841,4.38992334308625,1.64042,,,-2.023361613304,6.56168,0,19.5013457684,206.30414046,24,5,6.578,0,3.608924,13.533487,60.624017688,0,0,0,128.3, -4.6, 1.3,,,0,0,1024,1024,1024,1024,0,0,0,0,148,0,2.6,19,3.287,3.289,0,0,0,0,5.561,123.98,-2.023361613304,1.64042,31,Sport,
611900,2026-05-22 09:28:02,51.988889117546,4.3899231580349,1.64042,,,-2.023361613304,6.56168,0,19.5272972128,206.35007222,24,5,6.578,0,3.608924,13.533487,60.624017688,0,0,0,128.3, -4.5, 2.4,,,0,0,1024,1024,1024,1024,0,0,0,0,148.2,0,3.8,19,3.287,3.289,0,0,0,0,5.561,123.98,-2.023361613304,1.64042,31,Sport,
612000,2026-05-22 09:28:03,51.9888891864499,4.38992322910898,1.64042,,,-2.023361613304,6.56168,0,19.5263785776,206.379927864,24,5,6.578,0,3.608924,13.533487,60.624017688,0,0,0,128.3, -4.7, 3.3,,,0,0,1024,1024,1024,1024,0,0,0,0,148.2,0,4.1,19,3.287,3.289,0,0,0,0,5.561,123.98,-2.023361613304,1.64042,31,Sport,
612100,2026-05-22 09:28:03,51.9888891624454,4.3899231588696,1.64042,,,-2.023361613304,6.56168,0,19.5354665044,206.397972484,24,5,6.578,0,3.608924,13.533487,60.624017688,0,0,0,128.3, -5.2, 3.2,,,0,0,1024,1024,1024,1024,0,0,0,0,148.2,0,3.4,19,3.287,3.289,0,0,0,0,5.561,123.98,-2.023361613304,1.64042,31,Sport,
612200,2026-05-22 09:28:03,51.9888892102746,4.38992318627534,1.64042,,,-2.023361613304,6.56168,0,19.5390754284,206.416345188,24,5,6.578,0,3.608924,13.533487,60.624017688,0,0,0,128.3, -5.1, 2.4,,,0,0,1024,1024,1024,1024,0,0,0,0,148.1,0,3.1,19,3.287,3.289,0,0,0,0,5.561,123.98,-2.023361613304,1.64042,31,Sport,
612300,2026-05-22 09:28:03,51.9888891207672,4.38992306531447,1.64042,,,-2.023361613304,6.56168,0,19.5458339588,206.458996108,24,5,6.578,0,3.608924,13.533487,60.624017688,0,0,0,128.3, -5.7, 2.8,,,0,0,1024,1024,1024,1024,0,0,0,0,148.2,0,4,19,3.287,3.289,0,0,0,0,5.561,123.98,-2.023361613304,1.64042,31,Sport,
612400,2026-05-22 09:28:03,51.9888891644672,4.38992309120385,1.64042,,,-2.023361613304,6.56168,0,19.5489507568,206.475728392,24,5,6.578,0,3.608924,13.533487,60.624017688,0,0,0,128.3, -5.8, 3.4,,,0,0,1024,1024,1024,1024,0,0,0,0,148.2,0,4.2,19,3.287,3.289,0,0,0,0,5.561,123.98,-2.023361613304,1.64042,31,Sport,
612500,2026-05-22 09:28:03,51.9888891999857,4.38992286146167,1.64042,,,-2.023361613304,6.56168,0,19.5999678188,206.529206084,24,5,6.578,0,3.608924,13.533487,60.624017688,0,0,0,128.2, -5.7, 3.6,,,0,0,1024,1024,1024,1024,0,0,0,0,148.2,0,4.4,19,3.287,3.289,0,0,0,0,5.561,123.98,-2.023361613304,1.64042,31,Sport,
612600,2026-05-22 09:28:03,51.9888892237847,4.38992288154994,1.64042,,,-2.023361613304,6.56168,0,19.6004927532,206.53872052,24,5,6.57,0,3.608924,13.533487,60.624017688,0,0,0,128.2, -5.6, 3.7,,,0,0,1024,1024,1024,1024,0,0,0,0,148.2,0,4.1,18,3.284,3.286,0,0,0,0,5.765,124.16,-2.023361613304,1.64042,31,Sport,
612700,2026-05-22 09:28:03,51.9888892510104,4.38992284838482,1.64042,,,-2.023361613304,6.56168,0,19.6119756932,206.551187712,24,5,6.57,0,3.608924,13.533487,60.624017688,0,0,0,128.2, -5.5, 3.5,,,0,0,1024,1024,1024,1024,0,0,0,0,148.2,0,4.5,18,3.284,3.286,0,0,0,0,5.765,124.16,-2.023361613304,1.64042,31,Sport,
612800,2026-05-22 09:28:03,51.9888892527238,4.38992286594119,1.64042,,,-2.023361613304,6.56168,0,19.6088917036,206.55512472,24,5,6.57,0,3.608924,13.533487,60.624017688,0,0,0,128.3, -5.6, 3.8,,,0,0,1024,1024,1024,1024,0,0,0,0,148.3,0,4.3,18,3.284,3.286,0,0,0,0,5.765,124.16,-2.023361613304,1.64042,31,Sport,
612900,2026-05-22 09:28:03,51.9888892937252,4.38992274450038,1.64042,,,-2.023361613304,6.56168,0,19.6399940668,206.5862927,24,5,6.57,0,3.608924,13.533487,60.624017688,0,0,0,128.3, -5.2, 3.5,,,0,0,1024,1024,1024,1024,0,0,0,0,148.2,0,4.1,18,3.284,3.286,0,0,0,0,5.765,124.16,-2.023361613304,1.64042,31,Sport,
613000,2026-05-22 09:28:04,51.9888892679901,4.38992277920968,1.64042,,,-2.023361613304,6.56168,0,19.6285111268,206.598431808,24,5,6.57,0,3.608924,13.533487,60.624017688,0,0,0,128.3, -4.5, 3.4,,,0,0,1024,1024,1024,1024,0,0,0,0,148.1,0,3.8,18,3.284,3.286,0,0,0,0,5.765,124.16,-2.023361613304,1.64042,31,Sport,
613100,2026-05-22 09:28:04,51.9888893299976,4.38992287623573,1.64042,,,-2.023361613304,6.56168,0,19.6212604704,206.629927872,25,5,6.57,0,3.608924,13.533487,60.624017688,0,0,0,128.3, -3.7, 3,,,0,0,1024,1024,1024,1024,0,0,0,0,148.1,0,3.9,18,3.284,3.286,0,0,0,0,5.765,124.16,-2.023361613304,1.64042,31,Sport,
613200,2026-05-22 09:28:04,51.9888892921403,4.38992289322173,1.64042,,,-2.023361613304,6.56168,0,19.6109586328,206.644363568,28,5,6.57,0,3.608924,13.533487,60.624017688,0,0,0,128.3, -3, 3.1,,,0,0,1024,1024,1024,1024,0,0,0,0,148.1,0,3.6,18,3.284,3.286,0,0,0,0,5.765,124.16,-2.023361613304,1.64042,31,Sport,
613300,2026-05-22 09:28:04,51.9888892077473,4.38992292207427,1.64042,,,-2.023361613304,6.56168,0,19.5896987896,206.675859632,28,5,6.57,0,3.608924,13.533487,60.624017688,0,0,0,128.3, -3, 2.6,,,0,0,1024,1024,1024,1024,0,0,0,0,148,0,3.1,18,3.284,3.286,0,0,0,0,5.765,124.16,-2.023361613304,1.64042,31,Sport,
613400,2026-05-22 09:28:04,51.9888891811641,4.38992289722825,1.64042,,,-2.023361613304,6.56168,0,19.589567556,206.687014488,28,5,6.57,0,3.608924,13.533487,60.624017688,0,0,0,128.3, -3.5, 2.4,,,0,0,1024,1024,1024,1024,0,0,0,0,148.1,0,3.4,18,3.284,3.286,0,0,0,0,5.765,124.16,-2.023361613304,1.64042,31,Sport,
613500,2026-05-22 09:28:04,51.988889146845,4.38992285442243,1.64042,,,-2.023361613304,6.56168,0,19.5914704432,206.70276252,28,5,6.57,0,3.608924,13.533487,60.624017688,0,0,0,128.4, -3.6, 2.9,,,0,0,1024,1024,1024,1024,0,0,0,0,148.2,0,3.8,18,3.284,3.286,0,0,0,0,5.765,124.16,-2.023361613304,1.64042,31,Sport,
613600,2026-05-22 09:28:04,51.988889144292,4.389922833889,1.64042,,,-2.023361613304,6.56168,0,19.594980942,206.707355696,28,5,6.562,0,3.608924,13.533487,60.624017688,0,0,0,128.4, -3.7, 3.1,,,0,0,1024,1024,1024,1024,0,0,0,0,148.2,0,3.8,18,3.28,3.281,0,0,0,0,5.888,124.16,-2.023361613304,1.64042,31,Sport,
613700,2026-05-22 09:28:04,51.9888891924982,4.38992284807877,1.64042,,,-2.023361613304,6.56168,0,19.6011817296,206.725400316,28,5,6.562,0,3.608924,13.533487,60.624017688,0,0,0,128.4, -4, 3,,,0,0,1024,1024,1024,1024,0,0,0,0,148.2,0,3.8,18,3.28,3.281,0,0,0,0,5.888,124.16,-2.023361613304,1.64042,31,Sport,
613800,2026-05-22 09:28:04,51.9888891917529,4.38992282202245,1.64042,,,-2.023361613304,6.56168,0,19.6060701812,206.731305828,28,5,6.562,0,3.608924,13.533487,60.624017688,0,0,0,128.4, -4.3, 3.2,,,0,0,1024,1024,1024,1024,0,0,0,0,148.3,0,3.7,18,3.28,3.281,0,0,0,0,5.888,124.16,-2.023361613304,1.64042,31,Sport,
613900,2026-05-22 09:28:04,51.9888892978459,4.38992283260913,1.64042,,,-2.023361613304,6.56168,0,19.6237211004,206.77001974,28,5,6.562,0,3.608924,13.533487,60.624017688,0,0,0,128.4, -4.4, 3.1,,,0,0,1024,1024,1024,1024,0,0,0,0,148.2,0,4.2,18,3.28,3.281,0,0,0,0,5.888,124.16,-2.023361613304,1.64042,31,Sport,
614000,2026-05-22 09:28:04,51.9888892893646,4.3899227991797,1.64042,,,-2.023361613304,6.56168,0,19.628609552,206.77822184,28,5,6.562,0,3.608924,13.533487,60.624017688,0,0,0,128.4, -4.5, 3.5,,,0,0,1024,1024,1024,1024,0,0,0,0,148.3,0,3.8,18,3.28,3.281,0,0,0,0,5.888,124.16,-2.023361613304,1.64042,31,Sport,
614100,2026-05-22 09:28:05,51.9888892633639,4.38992270882423,1.64042,,,-2.023361613304,6.56168,0,19.6412735944,206.800531552,28,5,6.562,0,3.608924,13.533487,60.624017688,0,0,0,128.4, -4.4, 2.7,,,0,0,1024,1024,1024,1024,0,0,0,0,148.1,0,2.6,18,3.28,3.281,0,0,0,0,5.888,124.16,-2.023361613304,1.64042,31,Sport,
614200,2026-05-22 09:28:05,51.9888891456713,4.38992252348769,1.64042,,,-2.023361613304,6.56168,0,19.6553812064,206.86024284,27,5,6.562,0,3.608924,13.533487,60.624017688,0,0,0,128.3, -4.3, 1.3,,,0,0,1024,1024,1024,1024,0,0,0,0,148,0,1.4,18,3.28,3.281,0,0,0,0,5.888,124.16,-2.023361613304,1.64042,31,Sport,
614300,2026-05-22 09:28:05,51.988889116004,4.38992249950419,1.64042,,,-2.023361613304,6.56168,0,19.6545609964,206.872381948,27,5,6.562,0,3.608924,13.533487,60.624017688,0,0,0,128.3, -4.3, 0.8,,,0,0,1024,1024,1024,1024,0,0,0,0,148,0,1.9,18,3.28,3.281,0,0,0,0,5.888,124.16,-2.023361613304,1.64042,31,Sport,
614400,2026-05-22 09:28:05,51.9888890994098,4.38992251955073,1.64042,,,-2.023361613304,6.56168,0,19.6476056156,206.87992788,27,5,6.562,0,3.608924,13.533487,60.624017688,0,0,0,128.3, -4, 1.6,,,0,0,1024,1024,1024,1024,0,0,0,0,148,0,2.6,18,3.28,3.281,0,0,0,0,5.888,124.16,-2.023361613304,1.64042,31,Sport,
614500,2026-05-22 09:28:05,51.988889061681,4.38992267110308,1.64042,,,-2.023361613304,6.56168,0,19.6112539084,206.916673288,27,5,6.562,0,3.608924,13.533487,60.624017688,0,0,0,128.3, -3.2, 2.2,,,0,0,1024,1024,1024,1024,0,0,0,0,148.1,0,3.3,18,3.28,3.281,0,0,0,0,5.888,124.16,-2.023361613304,1.64042,31,Sport,
614600,2026-05-22 09:28:05,51.9888890626833,4.38992271893096,1.64042,,,-2.023361613304,6.56168,0,19.6021659816,206.92750006,27,5,6.567,0,3.608924,13.533487,60.624017688,0,0,0,128.4, -3.2, 2.7,,,0,0,1024,1024,1024,1024,0,0,0,0,148.1,0,3.2,18,3.281,3.282,0,0,0,0,5.408,124.34,-2.023361613304,1.64042,31,Sport,
614700,2026-05-22 09:28:05,51.9888890013783,4.38992269446056,1.64042,,,-2.023361613304,6.56168,0,19.5956043016,206.95046594,27,5,6.567,0,3.608924,13.533487,60.624017688,0,0,0,128.3, -3.5, 2.3,,,0,0,1024,1024,1024,1024,0,0,0,0,148,0,2.5,18,3.281,3.282,0,0,0,0,5.408,124.34,-2.023361613304,1.64042,31,Sport,
614800,2026-05-22 09:28:05,51.988889004094,4.38992270522809,1.64042,,,-2.023361613304,6.56168,0,19.5940294984,206.953090612,27,5,6.567,0,3.608924,13.533487,60.624017688,0,0,0,128.3, -3.7, 1.8,,,0,0,1024,1024,1024,1024,0,0,0,0,148.1,0,3,18,3.281,3.282,0,0,0,0,5.408,124.34,-2.023361613304,1.64042,31,Sport,
614900,2026-05-22 09:28:05,51.9888890111275,4.38992265560562,1.64042,,,-2.023361613304,6.56168,0,19.6049546956,206.964573552,27,5,6.567,0,3.608924,13.533487,60.624017688,0,0,0,128.4, -3.1, 2.7,,,0,0,1024,1024,1024,1024,0,0,0,0,148.2,0,4,18,3.281,3.282,0,0,0,0,5.408,124.34,-2.023361613304,1.64042,31,Sport,
615000,2026-05-22 09:28:05,51.9888890209024,4.38992277361724,1.64042,,,-2.023361613304,6.56168,0,19.5838588944,206.991148356,26,5,6.567,0,3.608924,13.533487,60.624017688,0,0,0,128.4, -3.4, 3.7,,,0,0,1024,1024,1024,1024,0,0,0,0,148.2,0,4.4,18,3.281,3.282,0,0,0,0,5.408,124.34,-2.023361613304,1.64042,31,Sport,
615100,2026-05-22 09:28:06,51.9888890301718,4.38992281668737,1.64042,,,-2.023361613304,6.56168,0,19.5772315976,207.001647044,26,5,6.567,0,3.608924,13.533487,60.624017688,0,0,0,128.4, -2.9, 3.4,,,0,0,1024,1024,1024,1024,0,0,0,0,148.1,0,4,18,3.281,3.282,0,0,0,0,5.408,124.34,-2.023361613304,1.64042,31,Sport,
615200,2026-05-22 09:28:06,51.9888890289638,4.38992284900389,1.64042,,,-2.023361613304,6.56168,0,19.5707355344,207.008864892,26,5,6.567,0,3.608924,13.533487,60.624017688,0,0,0,128.4, -2.6, 3.3,,,0,0,1024,1024,1024,1024,0,0,0,0,148.1,0,4.1,18,3.281,3.282,0,0,0,0,5.408,124.34,-2.023361613304,1.64042,31,Sport,
615300,2026-05-22 09:28:06,51.9888890000761,4.38992296724505,1.64042,,,-2.023361613304,6.56168,0,19.542487502,207.0374082,25,5,6.567,0,3.608924,13.533487,60.624017688,0,0,0,128.4, -3, 3.3,,,0,0,1024,1024,1024,1024,0,0,0,0,148.1,0,3.8,18,3.281,3.282,0,0,0,0,5.408,124.34,-2.023361613304,1.64042,31,Sport,
615400,2026-05-22 09:28:06,51.9888889930598,4.38992297045861,1.64042,,,-2.023361613304,6.56168,0,19.5405846148,207.040032872,25,5,6.567,0,3.608924,13.533487,60.624017688,0,0,0,128.4, -3, 2.9,,,0,0,1024,1024,1024,1024,0,0,0,0,148.1,0,3.5,18,3.281,3.282,0,0,0,0,5.408,124.34,-2.023361613304,1.64042,31,Sport,
615500,2026-05-22 09:28:06,51.9888889832335,4.38992271112659,1.64042,,,-2.023361613304,6.56168,0,19.5890426216,207.098431824,25,5,6.567,0,3.608924,13.533487,60.624017688,0,0,0,128.4, -2.9, 2.8,,,0,0,1024,1024,1024,1024,0,0,0,0,148.1,0,3.6,18,3.281,3.282,0,0,0,0,5.408,124.34,-2.023361613304,1.64042,31,Sport,
615600,2026-05-22 09:28:06,51.9888889745381,4.38992271079271,1.64042,,,-2.023361613304,6.56168,0,19.5875006268,207.101712664,25,5,6.558,0,3.608924,13.533487,60.624017688,0,0,0,128.4, -2.9, 2.9,,,0,0,1024,1024,1024,1024,0,0,0,0,148.1,0,3.6,18,3.278,3.279,0,0,0,0,5.641,124.34,-2.023361613304,1.64042,31,Sport,
615700,2026-05-22 09:28:06,51.9888889743753,4.38992258956752,1.64042,,,-2.023361613304,6.56168,0,19.6109914412,207.128943636,25,5,6.558,0,3.608924,13.533487,60.624017688,0,0,0,128.4, -2.9, 2.7,,,0,0,1024,1024,1024,1024,0,0,0,0,148.1,0,3.2,18,3.278,3.279,0,0,0,0,5.641,124.34,-2.023361613304,1.64042,31,Sport,
615800,2026-05-22 09:28:06,51.9888889552025,4.38992257546122,1.64042,,,-2.023361613304,6.56168,0,19.6102040396,207.136489568,25,5,6.558,0,3.608924,13.533487,60.624017688,0,0,0,128.3, -2.9, 2.4,,,0,0,1024,1024,1024,1024,0,0,0,0,148.1,0,3,18,3.278,3.279,0,0,0,0,5.641,124.34,-2.023361613304,1.64042,31,Sport,
615900,2026-05-22 09:28:06,51.9888888472248,4.3899224765571,1.64042,,,-2.023361613304,6.56168,0,19.6096134884,207.18176516,25,5,6.558,0,3.608924,13.533487,60.624017688,0,0,0,128.4, -2.6, 2.2,,,0,0,1024,1024,1024,1024,0,0,0,0,148.1,0,2.9,18,3.278,3.279,0,0,0,0,5.641,124.34,-2.023361613304,1.64042,31,Sport,
616000,2026-05-22 09:28:06,51.9888886503907,4.38992250513141,1.64042,,,-2.023361613304,6.56168,0,19.5681436708,207.25394364,26,5,6.558,0,3.608924,13.533487,60.624017688,0,0,0,128.4, -2.1, 2.1,,,0,0,1024,1024,1024,1024,0,0,0,0,148,0,2.5,18,3.278,3.279,0,0,0,0,5.641,124.34,-2.023361613304,1.64042,31,Sport,
616100,2026-05-22 09:28:07,51.988888607496,4.38992252144965,1.64042,,,-2.023361613304,6.56168,0,19.5571528568,207.270019756,26,5,6.558,0,3.608924,13.533487,60.624017688,0,0,0,128.4, -1.4, 1.5,,,0,0,1024,1024,1024,1024,0,0,0,0,148,0,2,18,3.278,3.279,0,0,0,0,5.641,124.34,-2.023361613304,1.64042,31,Sport,
616200,2026-05-22 09:28:07,51.98888856993,4.38992253590375,1.64042,,,-2.023361613304,6.56168,0,19.5475071872,207.284127368,26,5,6.558,0,3.608924,13.533487,60.624017688,0,0,0,128.3, -1.2, 1.2,,,0,0,1024,1024,1024,1024,0,0,0,0,148,0,2.2,18,3.278,3.279,0,0,0,0,5.641,124.34,-2.023361613304,1.64042,31,Sport,
616300,2026-05-22 09:28:07,51.9888884191861,4.38992262845029,1.64042,,,-2.023361613304,6.56168,0,19.50213317,207.342854404,29,5,6.558,0,3.608924,13.533487,60.624017688,0,0,0,128.4, -1.8, 1.4,,,0,0,1024,1024,1024,1024,0,0,0,0,148.1,0,1.9,18,3.278,3.279,0,0,0,0,5.641,124.34,-2.023361613304,1.64042,31,Sport,
616400,2026-05-22 09:28:07,51.9888884105164,4.38992263525303,1.64042,,,-2.023361613304,6.56168,0,19.4992460308,207.346463328,29,5,6.558,0,3.608924,13.533487,60.624017688,0,0,0,128.5, -1.7, 1.3,,,0,0,1024,1024,1024,1024,0,0,0,0,148.2,0,2.6,18,3.278,3.279,0,0,0,0,5.641,124.34,-2.023361613304,1.64042,31,Sport,
616500,2026-05-22 09:28:07,51.9888883909837,4.38992271880576,1.64042,,,-2.023361613304,6.56168,0,19.4793969488,207.366476452,29,5,6.558,0,3.608924,13.533487,60.624017688,0,0,0,128.5, -1.5, 2.2,,,0,0,1024,1024,1024,1024,0,0,0,0,148.2,0,3.3,18,3.278,3.279,0,0,0,0,5.641,124.34,-2.023361613304,1.64042,31,Sport,
616600,2026-05-22 09:28:07,51.9888884107134,4.38992271635733,1.64042,,,-2.023361613304,6.56168,0,19.4834651904,207.3736943,29,5,6.551,0,3.608924,13.533487,60.624017688,0,0,0,128.4, -1.8, 2.5,,,0,0,1024,1024,1024,1024,0,0,0,0,148,0,2.8,18,3.274,3.276,0,0,0,0,5.693,124.34,-2.023361613304,1.64042,31,Sport,
616700,2026-05-22 09:28:07,51.9888884511151,4.38992257975989,1.64042,,,-2.023361613304,6.56168,0,19.5174218844,207.407815036,29,5,6.551,0,3.608924,13.533487,60.624017688,0,0,0,128.3, -2.3, 2,,,0,0,1024,1024,1024,1024,0,0,0,0,148,0,3,18,3.274,3.276,0,0,0,0,5.693,124.34,-2.023361613304,1.64042,31,Sport,
616800,2026-05-22 09:28:07,51.9888885549978,4.38992236075742,1.64042,,,-2.023361613304,6.56168,0,19.5789376344,207.469822912,29,5,6.551,0,3.608924,13.533487,60.624017688,0,0,0,128.3, -3, 2.6,,,0,0,1024,1024,1024,1024,0,0,0,0,148,0,3.6,18,3.274,3.276,0,0,0,0,5.693,124.34,-2.023361613304,1.64042,31,Sport,
616900,2026-05-22 09:28:07,51.9888886022274,4.38992234695717,1.64042,,,-2.023361613304,6.56168,0,19.5901909156,207.487211364,29,5,6.551,0,3.608924,13.533487,60.624017688,0,0,0,128.2, -3.5, 3.1,,,0,0,1024,1024,1024,1024,0,0,0,0,148,0,4.3,18,3.274,3.276,0,0,0,0,5.693,124.34,-2.023361613304,1.64042,31,Sport,
617000,2026-05-22 09:28:07,51.9888886409928,4.38992233879109,1.64042,,,-2.023361613304,6.56168,0,19.5988195248,207.50164706,29,5,6.551,0,3.608924,13.533487,60.624017688,0,0,0,128.2, -3.3, 3.6,,,0,0,1024,1024,1024,1024,0,0,0,0,148.1,0,3.9,18,3.274,3.276,0,0,0,0,5.693,124.34,-2.023361613304,1.64042,31,Sport,
617100,2026-05-22 09:28:08,51.988888589634,4.38992237521151,1.64042,,,-2.023361613304,6.56168,0,19.5824153248,207.521988268,29,5,6.551,0,3.608924,13.533487,60.624017688,0,0,0,128.3, -3.1, 2.8,,,0,0,1024,1024,1024,1024,0,0,0,0,148.1,0,3.9,18,3.274,3.276,0,0,0,0,5.693,124.34,-2.023361613304,1.64042,31,Sport,
617200,2026-05-22 09:28:08,51.9888886124734,4.38992236696197,1.64042,,,-2.023361613304,6.56168,0,19.5881567948,207.530518452,29,5,6.551,0,3.608924,13.533487,60.624017688,0,0,0,128.4, -3, 3.3,,,0,0,1024,1024,1024,1024,0,0,0,0,148.2,0,4.2,18,3.274,3.276,0,0,0,0,5.693,124.34,-2.023361613304,1.64042,31,Sport,
617300,2026-05-22 09:28:08,51.9888887481481,4.3899224804106,1.64042,,,-2.023361613304,6.56168,0,19.5907814668,207.586292732,28,5,6.551,0,3.608924,13.533487,60.624017688,0,0,0,128.4, -2.7, 3.6,,,0,0,1024,1024,1024,1024,0,0,0,0,148.2,0,4.4,18,3.274,3.276,0,0,0,0,5.693,124.34,-2.023361613304,1.64042,31,Sport,
617400,2026-05-22 09:28:08,51.9888887394869,4.38992246026669,1.64042,,,-2.023361613304,6.56168,0,19.5931108632,207.59187016,28,5,6.551,0,3.608924,13.533487,60.624017688,0,0,0,128.5, -2.5, 3.3,,,0,0,1024,1024,1024,1024,0,0,0,0,148.2,0,3,18,3.274,3.276,0,0,0,0,5.693,124.34,-2.023361613304,1.64042,31,Sport,
617500,2026-05-22 09:28:08,51.9888886651087,4.38992273245994,1.64042,,,-2.023361613304,6.56168,0,19.526575428,207.658799296,28,5,6.551,0,3.608924,13.533487,60.624017688,0,0,0,128.5, -2.4, 1.6,,,0,0,1024,1024,1024,1024,0,0,0,0,148,0,1.5,18,3.274,3.276,0,0,0,0,5.693,124.34,-2.023361613304,1.64042,31,Sport,
617600,2026-05-22 09:28:08,51.9888886467498,4.38992292356976,1.64042,,,-2.023361613304,6.56168,0,19.486057054,207.702106384,28,5,6.548,0,3.608924,13.533487,60.624017688,0,0,0,128.4, -2.6, 0.1,,,0,0,1024,1024,1024,1024,0,0,0,0,147.9,0,0.2,18,3.271,3.273,0,0,0,0,5.55,124.52,-2.023361613304,1.64042,31,Sport,
617700,2026-05-22 09:28:08,51.9888886280567,4.38992288673199,1.64042,,,-2.023361613304,6.56168,0,19.4897972116,207.712933156,28,5,6.548,0,3.608924,13.533487,60.624017688,0,0,0,128.4, -3, -0.3,,,0,0,1024,1024,1024,1024,0,0,0,0,148.1,0,1,18,3.271,3.273,0,0,0,0,5.55,124.52,-2.023361613304,1.64042,31,Sport,
617800,2026-05-22 09:28:08,51.9888886362895,4.38992288008227,1.64042,,,-2.023361613304,6.56168,0,19.492618734,207.716213996,28,5,6.548,0,3.608924,13.533487,60.624017688,0,0,0,128.5, -2.9, 1,,,0,0,1024,1024,1024,1024,0,0,0,0,148.2,0,2.3,18,3.271,3.273,0,0,0,0,5.55,124.52,-2.023361613304,1.64042,31,Sport,
617900,2026-05-22 09:28:08,51.9888888233144,4.38992306988441,1.64042,,,-2.023361613304,6.56168,0,19.4900268704,207.796594576,28,5,6.548,0,3.608924,13.533487,60.624017688,0,0,0,128.4, -3.3, 1.3,,,0,0,1024,1024,364,1024,0,0,-100,0,148.1,0,1.9,18,3.271,3.273,0,0,0,0,5.55,124.52,-2.023361613304,1.64042,31,Sport,
618000,2026-05-22 09:28:09,51.9888888496578,4.38992304804329,1.64042,,,-2.023361613304,6.56168,0,19.4990819888,207.807421348,28,5,6.548,0,3.608924,13.533487,60.624017688,0,0,0,128.4, -3.9, 1.5,,,0,0,1024,1024,364,1024,0,0,-100,0,148.2,0,2.6,18,3.271,3.273,0,0,0,0,5.55,124.52,-2.023361613304,1.64042,31,Sport,
618100,2026-05-22 09:28:09,51.9888890661958,4.38992314606402,1.64042,,,-2.023361613304,6.56168,0,19.5200793648,207.889442348,27,5,6.548,0,3.608924,13.533487,60.624017688,0,0,0.223694,128.4, -4.1, 1.9,,,0,0,1024,1024,364,1024,0,0,-100,0,148.2,0,2.7,18,3.271,3.273,0,0,0,0,5.55,124.52,-2.023361613304,1.64042,31,Sport,
618200,2026-05-22 09:28:09,51.9888890972167,4.38992312284566,1.64042,,,-2.023361613304,6.56168,0,19.530348394,207.90190954,27,5,6.548,0,3.608924,13.533487,60.624017688,0,0,0.671082,128.4, -4, 2,,,0,0,1024,1024,683,1024,0,0,-52,0,148.2,0,2.8,18,3.271,3.273,0,0,0,0,5.55,124.52,-2.023361613304,1.64042,31,Sport,
618300,2026-05-22 09:28:09,51.9888892724106,4.38992323425625,1.312336,,,-2.351445613304,6.233596,0,19.5413720164,207.970479096,26,5,6.548,0,3.608924,13.533487,60.624017688,0,0,1.11847,128.4, -4, 2.1,,,0,0,1024,1024,1024,1024,0,0,0,0,148.1,0,2.4,18,3.271,3.273,0,0,0,0,5.55,124.52,-2.351445613304,1.312336,31,Sport,
618400,2026-05-22 09:28:09,51.9888892944791,4.38992319058791,1.312336,,,-2.351445613304,6.233596,0,19.5539376336,207.983274372,26,5,6.548,0,3.608924,13.533487,60.624017688,0,0,1.11847,128.3, -4.4, 1.4,,,0,0,1024,1024,1024,1024,0,0,0,0,148,0,2,18,3.271,3.273,0,0,0,0,5.55,124.52,-2.351445613304,1.312336,31,Sport,
618500,2026-05-22 09:28:09,51.9888895520784,4.38992250170222,0.984252,,,-2.679529613304,5.905512,0,19.7350071932,208.16437674,26,5,6.548,0,3.608924,13.533487,60.624017688,0,0,0.671082,128.2, -5, 1.5,,,0,0,1024,1024,534,1024,0,0,-74,0,148,0,2.7,18,3.271,3.273,0,0,0,0,5.55,124.52,-2.679529613304,0.984252,31,Sport,
618600,2026-05-22 09:28:09,51.9888900231917,4.38992167427842,0.984252,,,-2.679529613304,5.905512,0,19.9827434216,208.417657588,26,5,6.579,0,3.608924,13.533487,60.624017688,0,0,0.447388,128.2, -5.1, 2.2,,,0,0,1024,1024,1024,1024,0,0,0,0,148.1,0,2.8,18,3.251,3.254,0,0,0,0,5.645,124.52,-2.679529613304,0.984252,31,Sport,
618700,2026-05-22 09:28:09,51.9888900251706,4.38992166486031,0.984252,,,-2.679529613304,5.905512,0,19.984908776,208.419626092,26,5,6.579,0,3.608924,13.533487,60.624017688,0,0,0.671082,128.3, -5, 1.6,,,0,0,1024,1024,1024,1024,0,0,0,0,148,0,2.2,18,3.251,3.254,0,0,0,0,5.645,124.52,-2.679529613304,0.984252,31,Sport,
618800,2026-05-22 09:28:09,51.9888900306278,4.38992166993802,0.656168,,,-3.007613613304,5.577428,0,19.9849743928,208.42192268,26,5,6.579,0,3.608924,13.533487,60.624017688,0,0,0.447388,128.2, -4.8, 1.8,,,0,0,1024,1024,1024,1024,0,0,0,0,148.1,0,3,18,3.251,3.254,0,0,0,0,5.645,124.52,-3.007613613304,0.656168,31,Sport,
618900,2026-05-22 09:28:09,51.9888906176089,4.3899213146233,0.656168,,,-3.007613613304,5.577428,0,20.1639770232,208.650597228,26,5,6.579,0,3.608924,13.533487,60.624017688,0,0,0.223694,128.3, -4.8, 2.5,,,0,0,1455,1024,1024,1024,65,0,0,0,148.2,0,3.5,18,3.251,3.254,0,0,0,0,5.645,124.52,-3.007613613304,0.656168,31,Sport,
619000,2026-05-22 09:28:10,51.9888908153424,4.38992102530494,0.656168,,,-3.007613613304,5.577428,0,20.2570216456,208.747710092,27,5,6.579,0,3.608924,13.533487,60.624017688,0,0,0,128.4, -4.9, 2.7,,,0,0,1455,1024,1024,1024,65,0,0,0,148.3,0,3.7,18,3.251,3.254,0,0,0,0,5.645,124.52,-3.007613613304,0.656168,31,Sport,
619100,2026-05-22 09:28:10,51.9888908242521,4.38992102789249,0.656168,,,-3.007613613304,5.577428,0,20.2582355564,208.750990932,27,5,6.579,0,3.608924,13.533487,60.624017688,0,0,0,128.3, -8.2, 3.1,,,0,0,1684,1024,1024,1024,100,0,0,0,148.5,0,3.1,18,3.251,3.254,0,0,0,0,5.645,124.52,-3.007613613304,0.656168,31,Sport,
619200,2026-05-22 09:28:10,51.9888907940707,4.38992106276873,0.656168,,,-3.007613613304,5.577428,0,20.2458011728,208.764442376,27,5,6.579,0,3.608924,13.533487,60.624017688,0,0,0,128, -19.2, 1.9,,,0,0,1684,1024,1024,1024,100,0,0,0,148.3,0,2.1,18,3.251,3.254,0,0,0,0,5.645,124.52,-3.007613613304,0.656168,31,Sport,
619300,2026-05-22 09:28:10,51.9888906267841,4.38992092571221,0.656168,,,-3.007613613304,5.577428,0.8052984,20.2404205952,208.833011932,29,5,6.579,0,3.608924,13.533487,60.624017688,-0.447388,0.671082,0,127.7, -27.7, 1.6,,,0,0,1684,1024,1024,1024,100,0,0,0,148.2,0,1.9,18,3.251,3.254,0,0,0,0,5.645,124.52,-3.007613613304,0.656168,31,Sport,
619400,2026-05-22 09:28:10,51.9888902922193,4.38992169017932,0.656168,,,-3.007613613304,5.577428,1.6105968,20.0302827932,209.04364186,29,5,6.579,0,3.608924,13.533487,60.624017688,-0.894776,1.342164,0,127.7, -27.5, 1.9,,,0,0,1623,1024,1024,1024,91,0,0,0,148.9,0,3.1,18,3.251,3.254,0,0,0,0,5.645,124.52,-3.007613613304,0.656168,31,Sport,
619500,2026-05-22 09:28:10,51.9888898386083,4.38992261936605,0.656168,,,-3.007613613304,5.577428,2.4158952,19.7660111312,209.310046068,28,5,6.579,0,3.608924,13.533487,60.624017688,-1.342164,2.013246,0,127.6, -27.1, 3.6,,,0,0,1556,1024,1024,1024,81,0,0,0,149.3,0,4.4,18,3.251,3.254,0,0,0,0,5.645,124.52,-3.007613613304,0.656168,31,Sport,
619600,2026-05-22 09:28:10,51.9888890919223,4.38992429215953,0.656168,,,-3.007613613304,5.577428,3.35541,19.3035439248,209.774284928,28,5,6.53,0,3.608924,13.533487,60.624017688,-2.013246,2.684328,0,127.9, -22.5, 4,,,0,0,1407,1024,1024,1024,58,0,0,0,148.9,0,4,18,3.257,3.258,0,0,0,0,5.907,124.7,-3.007613613304,0.656168,31,Sport,
619700,2026-05-22 09:28:10,51.9888883496482,4.38992552296938,0.656168,,,-3.007613613304,5.577428,3.6685816,18.927330002,210.161424048,29,5,6.53,0,3.608924,13.533487,60.624017688,-2.23694,2.908022,0,127.9, -19.2, 3.5,,,0,0,1024,1024,1024,1024,0,0,0,0,148.5,0,3.6,18,3.257,3.258,0,0,0,0,5.907,124.7,-3.007613613304,0.656168,31,Sport,
619800,2026-05-22 09:28:10,51.9888873524306,4.38992766495747,0.656168,,,-3.007613613304,5.577428,3.9817532,18.327920534,210.764770524,29,5,6.53,0,3.608924,13.533487,60.624017688,-2.460634,3.131716,0,128.1, -11.6, 3.1,,,0,0,1024,1024,1024,1024,0,0,0,0,148.2,0,4,18,3.257,3.258,0,0,0,0,5.907,124.7,-3.007613613304,0.656168,31,Sport,
619900,2026-05-22 09:28:10,51.9888867486326,4.38992891754584,0.656168,,,-3.007613613304,5.577428,3.8475368,17.973753856,211.122054,29,5,6.53,0,3.608924,13.533487,60.624017688,-2.23694,3.131716,0,128.6, -0.3, 3.5,,,0,0,1024,1024,1024,1024,0,0,0,0,148,0,4.5,18,3.257,3.258,0,0,0,0,5.907,124.7,-3.007613613304,0.656168,31,Sport,
620000,2026-05-22 09:28:11,51.9888858543039,4.38993092333993,0.656168,,,-3.007613613304,5.577428,3.5343652,17.4200792976,211.678484464,29,5,6.53,0,3.608924,13.533487,60.624017688,-2.013246,2.908022,0,128.6, 2, 3.8,,,0,0,1040,1024,1024,1024,2,0,0,0,148,0,4.6,18,3.257,3.258,0,0,0,0,5.907,124.7,-3.007613613304,0.656168,31,Sport,
620100,2026-05-22 09:28:11,51.9888856558592,4.38993163401805,0.656168,,,-3.007613613304,5.577428,3.0422384,17.2456698432,211.85368132,29,5,6.53,0,3.608924,13.533487,60.624017688,-1.789552,2.460634,0,128.4, -1.3, 4,,,0,0,1024,1024,1024,1024,0,0,0,0,148,0,5.1,18,3.257,3.258,0,0,0,0,5.907,124.7,-3.007613613304,0.656168,31,Sport,
620200,2026-05-22 09:28:11,51.9888849757469,4.38993321544748,0.656168,,,-3.007613613304,5.249344,2.7290668,16.813812874,212.287080284,29,5,6.53,0,3.608924,13.533487,60.624017688,-1.565858,2.23694,0,128.3, -2.6, 4.4,,,0,0,1024,1024,1024,1024,0,0,0,0,148.1,0,5.3,18,3.257,3.258,0,0,0,0,5.907,124.7,-3.007613613304,0.656168,31,Sport,
620300,2026-05-22 09:28:11,51.988884947099,4.38993394000932,0.656168,,,-3.007613613304,5.249344,2.4158952,16.667815494,212.450138032,28,5,6.53,0,3.608924,13.533487,60.624017688,-1.342164,2.013246,0,128.4, -1.4, 4.5,,,0,0,1385,993,1024,1024,55,-5,0,0,148,0,5.2,18,3.257,3.258,0,0,0,0,5.907,124.7,-3.007613613304,0.656168,31,Sport,
620400,2026-05-22 09:28:11,51.9888844061053,4.38993516996362,0.656168,,,-3.007613613304,5.249344,1.9237684,16.3296593152,212.789704972,28,5,6.53,0,3.608924,13.533487,60.624017688,-1.11847,1.565858,0,128.5, -0.2, 4.2,,,0,0,1024,1024,1024,1024,0,0,0,0,148.1,0,4.7,18,3.257,3.258,0,0,0,0,5.907,124.7,-3.007613613304,0.656168,31,Sport,
620500,2026-05-22 09:28:11,51.9888841891989,4.38993607079862,0.656168,,,-3.007613613304,5.249344,1.9237684,16.1149611456,213.007224664,28,5,6.53,0,3.608924,13.533487,60.624017688,-1.11847,1.565858,0,128, -7.1, 3.8,,,0,0,1024,1024,1024,1024,0,0,0,0,148.1,0,5.1,18,3.257,3.258,0,0,0,0,5.907,124.7,-3.007613613304,0.656168,31,Sport,
620600,2026-05-22 09:28:11,51.9888837389976,4.38993709219106,0.656168,,,-3.007613613304,5.249344,1.6105968,15.8339571996,213.289376904,28,5,6.54,0,3.608924,13.533487,60.624017688,-0.894776,1.342164,0,128.2, -3.6, 4.5,,,0,0,1024,1024,1024,1024,0,0,0,0,148.1,0,5.3,18,3.266,3.268,0,0,0,0,5.325,124.7,-3.007613613304,0.656168,31,Sport,
620700,2026-05-22 09:28:11,51.9888834233829,4.38993804576473,0.656168,,,-3.007613613304,5.249344,1.6105968,15.590879764,213.532487148,28,5,6.54,0,3.608924,13.533487,60.624017688,-0.894776,1.342164,0,128.2, -3, 4.6,,,0,0,1477,1024,1024,1024,69,0,0,0,148,0,5.4,18,3.266,3.268,0,0,0,0,5.325,124.7,-3.007613613304,0.656168,31,Sport,
620800,2026-05-22 09:28:11,51.988883085537,4.38993885589648,0.656168,,,-3.007613613304,4.92126,1.2974252,15.37155561,213.752303428,28,5,6.54,0,3.608924,13.533487,60.624017688,-0.671082,1.11847,0,128.3, -1.4, 4.4,,,0,0,1477,1024,1024,1024,69,0,0,0,148.2,0,5.6,18,3.266,3.268,0,0,0,0,5.325,124.7,-3.007613613304,0.656168,31,Sport,
620900,2026-05-22 09:28:11,51.9888830935942,4.38993915250448,0.656168,,,-3.007613613304,4.92126,1.11847,15.3154860544,213.819232564,28,5,6.54,0,3.608924,13.533487,60.624017688,-0.671082,0.894776,0,127.9, -9.4, 5,,,0,0,1024,1024,1024,1024,0,0,0,0,148.5,0,5.7,18,3.266,3.268,0,0,0,0,5.325,124.7,-3.007613613304,0.656168,31,Sport,
621000,2026-05-22 09:28:12,51.9888828051196,4.38993988024512,0.656168,,,-3.007613613304,4.92126,1.2974252,15.1211947096,214.013458292,28,5,6.54,0,3.608924,13.533487,60.624017688,-0.671082,1.11847,0,128, -8.3, 5.2,,,0,0,1024,1024,1024,1024,0,0,0,0,148.3,0,6,18,3.266,3.268,0,0,0,0,5.325,124.7,-3.007613613304,0.656168,31,Sport,
621100,2026-05-22 09:28:12,51.9888825666545,4.38994042048598,0.656168,,,-3.007613613304,4.92126,1.2974252,14.9725070408,214.163064596,29,5,6.54,0,3.608924,13.533487,60.624017688,-0.671082,1.11847,0,128.4, -3.5, 5,,,0,0,1627,980,1024,1024,91,-7,0,0,148.3,0,5.8,18,3.266,3.268,0,0,0,0,5.325,124.7,-3.007613613304,0.656168,31,Sport,
621200,2026-05-22 09:28:12,51.9888822715662,4.38994112268502,0.656168,,,-3.007613613304,4.92126,1.11847,14.781988662,214.354009484,29,5,6.54,0,3.608924,13.533487,60.624017688,-0.671082,0.894776,0,128, -10, 5,,,0,0,1024,1024,1024,1024,0,0,0,0,148.8,0,5.8,18,3.266,3.268,0,0,0,0,5.325,124.7,-3.007613613304,0.656168,31,Sport,
621300,2026-05-22 09:28:12,51.9888821138702,4.38994182153833,0.656168,,,-3.007613613304,4.92126,1.4316416,14.6173889192,214.52100424,28,5,6.54,0,3.608924,13.533487,60.624017688,-0.894776,1.11847,0,127.7, -14.6, 5.1,,,0,0,1024,1024,1024,1024,0,0,0,0,148.5,0,5.6,18,3.266,3.268,0,0,0,0,5.325,124.7,-3.007613613304,0.656168,31,Sport,
621400,2026-05-22 09:28:12,51.9888817066664,4.38994264848218,0.656168,,,-3.007613613304,4.92126,1.4316416,14.3820214576,214.75886514,28,5,6.54,0,3.608924,13.533487,60.624017688,-0.894776,1.11847,0,128.3, -5.7, 4.5,,,0,0,1684,1024,1024,1024,100,0,0,0,148.3,0,4.8,18,3.266,3.268,0,0,0,0,5.325,124.7,-3.007613613304,0.656168,31,Sport,
621500,2026-05-22 09:28:12,51.9888812977705,4.38994310294447,0.656168,,,-3.007613613304,4.92126,1.4316416,14.218996518,214.939967508,28,5,6.54,0,3.608924,13.533487,60.624017688,-0.894776,1.11847,0,128.2, -9.4, 3.9,,,0,0,1024,1024,1024,1024,0,0,0,0,148.7,0,4.2,18,3.266,3.268,0,0,0,0,5.325,124.7,-3.007613613304,0.656168,31,Sport,
621600,2026-05-22 09:28:12,51.9888808510131,4.3899439143213,0.656168,,,-3.007613613304,4.92126,1.5882274,13.979823282,215.184390088,28,5,6.525,0,3.608924,13.533487,60.624017688,-1.11847,1.11847,0,127.7, -19.7, 3.1,,,0,0,1024,1024,1024,1024,0,0,0,0,148.3,0,3.4,18,3.261,3.26,0,0,0,0,5.707,124.88,-3.007613613304,0.656168,31,Sport,
621700,2026-05-22 09:28:12,51.9888800171199,4.38994460322786,0.656168,,,-3.007613613304,4.92126,2.0579848,13.6960634304,215.525597448,27,5,6.525,0,3.608924,13.533487,60.624017688,-1.342164,1.565858,0,128.2, -10.3, 2.7,,,0,0,1024,1024,1024,1024,0,0,0,0,148.2,0,3.6,18,3.261,3.26,0,0,0,0,5.707,124.88,-3.007613613304,0.656168,31,Sport,
621800,2026-05-22 09:28:12,51.9888794584011,4.38994569468578,0.656168,,,-3.007613613304,4.92126,1.9237684,13.3830056776,215.844495096,27,5,6.525,0,3.608924,13.533487,60.624017688,-1.11847,1.565858,0,128.3, -5.8, 3.2,,,0,0,1507,1024,1024,1024,73,0,0,0,148.4,0,3.9,18,3.261,3.26,0,0,0,0,5.707,124.88,-3.007613613304,0.656168,31,Sport,
621900,2026-05-22 09:28:12,51.9888786244822,4.38994655697886,0.656168,,,-3.007613613304,4.92126,1.9237684,13.0683731216,216.205387496,27,5,6.525,0,3.608924,13.533487,60.624017688,-1.11847,1.565858,0,128, -14.1, 3,,,0,0,1024,1024,1024,1024,0,0,0,0,148.3,0,3.5,18,3.261,3.26,0,0,0,0,5.707,124.88,-3.007613613304,0.656168,31,Sport,
622000,2026-05-22 09:28:12,51.9888780424699,4.38994766408727,0.656168,,,-3.007613613304,4.92126,2.0579848,12.7494426652,216.532487244,27,5,6.525,0,3.608924,13.533487,60.624017688,-1.342164,1.565858,0,128.3, -8.6, 2.9,,,0,0,1519,1000,1024,1024,75,-4,0,0,148.3,0,3.5,18,3.261,3.26,0,0,0,0,5.707,124.88,-3.007613613304,0.656168,31,Sport,
622100,2026-05-22 09:28:13,51.9888774497104,4.38994894473523,0.656168,,,-3.007613613304,4.92126,2.0579848,12.3944557772,216.892395392,25,5,6.525,0,3.608924,13.533487,60.624017688,-1.342164,1.565858,0,128.4, -7.7, 2.5,,,0,0,1024,1024,1024,1024,0,0,0,0,148.3,0,2.6,18,3.261,3.26,0,0,0,0,5.707,124.88,-3.007613613304,0.656168,31,Sport,
622200,2026-05-22 09:28:13,51.9888768538625,4.38995009050381,0.656168,,,-3.007613613304,4.92126,2.23694,12.0663061604,217.22933766,25,5,6.525,0,3.608924,13.533487,60.624017688,-1.342164,1.789552,0,128.1, -13.2, 1.8,,,0,0,1287,1024,1024,1024,40,0,0,0,148.2,0,3,18,3.261,3.26,0,0,0,0,5.707,124.88,-3.007613613304,0.656168,31,Sport,
622300,2026-05-22 09:28:13,51.9888763102944,4.38995153100931,0.656168,,,-3.007613613304,4.92126,2.23694,11.6879596916,217.608930848,28,5,6.525,0,3.608924,13.533487,60.624017688,-1.342164,1.789552,0,128.4, -6.2, 2.8,,,0,0,1024,1024,1024,1024,0,0,0,0,148.4,0,4.2,18,3.261,3.26,0,0,0,0,5.707,124.88,-3.007613613304,0.656168,31,Sport,
622400,2026-05-22 09:28:13,51.9888757289674,4.38995275462689,0.656168,,,-3.007613613304,4.92126,2.23694,11.3472116492,217.95604372,28,5,6.525,0,3.608924,13.533487,60.624017688,-1.342164,1.789552,0,128.3, -8.8, 3.5,,,0,0,1024,1024,1024,1024,0,0,0,0,148.4,0,3.9,18,3.261,3.26,0,0,0,0,5.707,124.88,-3.007613613304,0.656168,31,Sport,
622500,2026-05-22 09:28:13,51.9888751323699,4.38995381511772,0.656168,,,-3.007613613304,4.92126,2.0579848,11.0373035028,218.278878376,28,5,6.525,0,3.608924,13.533487,60.624017688,-1.342164,1.565858,0,128.4, -6.6, 3,,,0,0,1684,991,1024,1024,100,-5,0,0,148.3,0,3.2,18,3.261,3.26,0,0,0,0,5.707,124.88,-3.007613613304,0.656168,31,Sport,
622600,2026-05-22 09:28:13,51.9888745267043,4.38995492373553,0.656168,,,-3.007613613304,4.92126,2.0579848,10.717027902,218.611883636,28,5,6.524,0,3.608924,13.533487,60.624017688,-1.342164,1.565858,0,128.5, -5.8, 1.6,,,0,0,1684,991,1024,1024,100,-5,0,0,148.2,0,1.6,18,3.257,3.26,0,0,0,0,5.605,124.88,-3.007613613304,0.656168,31,Sport,
622700,2026-05-22 09:28:13,51.9888742123918,4.38995603292372,0.656168,,,-3.007613613304,4.593176,2.0579848,10.4427168696,218.88616186,27,5,6.524,0,3.608924,13.533487,60.624017688,-1.342164,1.565858,0,128.3, -14.1, 0.7,,,0,0,1024,1024,1024,1024,0,0,0,0,148,0,0.3,18,3.257,3.26,0,0,0,0,5.605,124.88,-3.007613613304,0.656168,31,Sport,
622800,2026-05-22 09:28:13,51.9888735991188,4.38995717760721,0.656168,,,-3.007613613304,4.593176,2.23694,10.114665678,219.227041136,27,5,6.524,0,3.608924,13.533487,60.624017688,-1.342164,1.789552,0,128.4, -12, -0.1,,,0,0,1024,1024,1024,1024,0,0,0,0,148.1,0,1,18,3.257,3.26,0,0,0,0,5.605,124.88,-3.007613613304,0.656168,31,Sport,
622900,2026-05-22 09:28:13,51.9888731750851,4.38995839614012,0.656168,,,-3.007613613304,4.593176,2.23694,9.801181416,219.541345608,27,5,6.524,0,3.608924,13.533487,60.624017688,-1.342164,1.789552,0,128.5, -5.2, 0.5,,,0,0,1024,1024,1024,1024,0,0,0,0,148,0,1.3,18,3.257,3.26,0,0,0,0,5.605,124.88,-3.007613613304,0.656168,31,Sport,
623000,2026-05-22 09:28:13,51.9888726218021,4.38995960236132,0.656168,,,-3.007613613304,4.593176,2.0579848,9.4707024028,219.879272128,27,5,6.524,0,3.608924,13.533487,60.624017688,-1.342164,1.565858,0,128.4, -4.6, 0.6,,,0,0,1024,1024,1024,1024,0,0,0,0,148,0,1.5,18,3.257,3.26,0,0,0,0,5.605,124.88,-3.007613613304,0.656168,31,Sport,
623100,2026-05-22 09:28:14,51.9888721008464,4.38996074029771,0.656168,,,-3.007613613304,4.593176,1.9237684,9.1595803456,220.197841692,27,5,6.524,0,3.608924,13.533487,60.624017688,-1.11847,1.565858,0,128.4, 0.5, 0.8,,,0,0,1024,1024,1024,1024,0,0,0,0,147.9,0,2.3,18,3.257,3.26,0,0,0,0,5.605,124.88,-3.007613613304,0.656168,31,Sport,
623200,2026-05-22 09:28:14,51.9888717308787,4.38996162118357,0.656168,,,-3.007613613304,4.593176,1.4316416,8.9239832252,220.437671096,27,5,6.524,0,3.608924,13.533487,60.624017688,-0.894776,1.11847,0,128.6, 4.5, 1.7,,,0,0,1024,1024,1024,1024,0,0,0,0,147.9,0,2.1,18,3.257,3.26,0,0,0,0,5.605,124.88,-3.007613613304,0.656168,31,Sport,
623300,2026-05-22 09:28:14,51.9888714410163,4.38996234107114,0.984252,,,-2.679529613304,4.593176,1.006623,8.7333992296,220.630912572,27,5,6.524,0,3.608924,13.533487,60.624017688,-0.447388,0.894776,0,128.4, 2.6, 1.4,,,0,0,1024,1024,1024,1024,0,0,0,0,147.8,0,3.1,18,3.257,3.26,0,0,0,0,5.605,124.88,-2.679529613304,0.984252,31,Sport,
623400,2026-05-22 09:28:14,51.9888712872911,4.38996283801927,0.984252,,,-2.679529613304,4.593176,0.7158208,8.6086616928,220.755584492,27,5,6.524,0,3.608924,13.533487,60.624017688,-0.223694,0.671082,0,128.4, 1.3, 2.7,,,0,0,1024,1024,1024,1024,0,0,0,0,147.9,0,3.8,18,3.257,3.26,0,0,0,0,5.605,124.88,-2.679529613304,0.984252,31,Sport,
623500,2026-05-22 09:28:14,51.9888715627697,4.38996314693204,0.984252,,,-2.679529613304,4.593176,0.223694,8.5858598548,220.877959824,27,5,6.524,0,3.608924,13.533487,60.624017688,0,0.223694,0,128.4, -0.1, 2.8,,,0,0,1024,1024,1024,1024,0,0,0,0,147.9,0,3.4,18,3.257,3.26,0,0,0,0,5.605,124.88,-2.679529613304,0.984252,31,Sport,
623600,2026-05-22 09:28:14,51.9888715725017,4.3899633319973,0.984252,,,-2.679529613304,4.593176,0,8.5494097224,220.919626492,27,5,6.514,0,3.608924,13.533487,60.624017688,0,0,0,128.3, -2.2, 2.7,,,0,0,1684,1024,1024,1024,100,0,0,0,148.3,0,3.3,17,3.259,3.259,0,0,0,0,5.892,125.06,-2.679529613304,0.984252,31,Sport,
623700,2026-05-22 09:28:14,51.9888717150599,4.38996345331986,0.984252,,,-2.679529613304,4.593176,0,8.5462929244,220.978353528,28,5,6.514,0,3.608924,13.533487,60.624017688,0,0,0,128.1, -13.1, 2.3,,,0,0,1684,1024,1024,1024,100,0,0,0,148.5,0,2.9,17,3.259,3.259,0,0,0,0,5.892,125.06,-2.679529613304,0.984252,31,Sport,
623800,2026-05-22 09:28:14,51.9888716765258,4.38996368537135,0.984252,,,-2.679529613304,4.593176,0.223694,8.4930776996,221.032487388,28,5,6.514,0,3.608924,13.533487,60.624017688,0,0.223694,0,127.8, -24.1, 2.4,,,0,0,1461,1024,1024,1024,66,0,0,0,148.7,0,2.8,17,3.259,3.259,0,0,0,0,5.892,125.06,-2.679529613304,0.984252,31,Sport,
623900,2026-05-22 09:28:14,51.9888715760356,4.38996431776923,0.984252,,,-2.679529613304,4.593176,1.006623,8.3487863564,221.179140936,28,5,6.514,0,3.608924,13.533487,60.624017688,-0.447388,0.894776,0,127.8, -26.1, 2.8,,,0,0,1024,1024,1024,1024,0,0,0,0,148.7,0,3.3,17,3.259,3.259,0,0,0,0,5.892,125.06,-2.679529613304,0.984252,31,Sport,
624000,2026-05-22 09:28:14,51.9888711876704,4.3899651914489,0.984252,,,-2.679529613304,4.593176,1.6105968,8.1110894984,221.421266928,28,5,6.514,0,3.608924,13.533487,60.624017688,-0.894776,1.342164,0,128.2, -14.5, 2.8,,,0,0,1024,1024,1024,1024,0,0,0,0,148.4,0,3.1,17,3.259,3.259,0,0,0,0,5.892,125.06,-2.679529613304,0.984252,31,Sport,
624100,2026-05-22 09:28:15,51.9888707131133,4.38996648484679,0.984252,,,-2.679529613304,4.593176,1.7448132,7.7748033984,221.759521532,28,5,6.514,0,3.608924,13.533487,60.624017688,-1.11847,1.342164,0,128.5, -5.2, 2.1,,,0,0,1530,1010,1024,1024,77,-2,0,0,148.1,0,2.5,17,3.259,3.259,0,0,0,0,5.892,125.06,-2.679529613304,0.984252,31,Sport,
624200,2026-05-22 09:28:15,51.9888702571978,4.38996744029155,0.984252,,,-2.679529613304,4.593176,1.6105968,7.5107613952,222.031175084,28,5,6.514,0,3.608924,13.533487,60.624017688,-0.894776,1.342164,0,128.3, -4.6, 1.7,,,0,0,1671,1012,1024,1024,98,-2,0,0,148.2,0,2.7,17,3.259,3.259,0,0,0,0,5.892,125.06,-2.679529613304,0.984252,31,Sport,
624300,2026-05-22 09:28:15,51.9888697952855,4.38996803311805,0.984252,,,-2.679529613304,4.593176,1.4316416,7.3212600768,222.24574202,27,5,6.514,0,3.608924,13.533487,60.624017688,-0.894776,1.11847,0,128.2, -13.4, 2.1,,,0,0,1024,1024,1024,1024,0,0,0,0,148.5,0,2.9,17,3.259,3.259,0,0,0,0,5.892,125.06,-2.679529613304,0.984252,31,Sport,
624400,2026-05-22 09:28:15,51.9888693584486,4.38996898649,0.984252,,,-2.679529613304,4.593176,1.7448132,7.0618768664,222.512802396,27,5,6.514,0,3.608924,13.533487,60.624017688,-1.11847,1.342164,0,127.8, -22.2, 2.5,,,0,0,1024,1024,1024,1024,0,0,0,0,148.4,0,3.1,17,3.259,3.259,0,0,0,0,5.892,125.06,-2.679529613304,0.984252,31,Sport,
624500,2026-05-22 09:28:15,51.9888690328148,4.38996994733592,0.984252,,,-2.679529613304,4.593176,2.23694,6.816929352,222.75919348,27,5,6.514,0,3.608924,13.533487,60.624017688,-1.342164,1.789552,0,128.1, -11.8, 2.3,,,0,0,1024,1024,1024,1024,0,0,0,0,148.2,0,3,17,3.259,3.259,0,0,0,0,5.892,125.06,-2.679529613304,0.984252,31,Sport,
624600,2026-05-22 09:28:15,51.9888684803585,4.38997118055943,0.984252,,,-2.679529613304,4.593176,2.23694,6.4843177928,223.101713176,27,5,6.513,0,3.608924,13.533487,60.624017688,-1.342164,1.789552,0,128.4, -4.4, 2.4,,,0,0,1143,1024,1024,1024,18,0,0,0,148.2,0,3.6,17,3.252,3.251,0,0,0,0,6.232,125.06,-2.679529613304,0.984252,31,Sport,
624700,2026-05-22 09:28:15,51.9888681720643,4.38997238029784,0.984252,,,-2.679529613304,4.593176,1.9237684,6.1922902244,223.39403602,27,5,6.513,0,3.608924,13.533487,60.624017688,-1.11847,1.565858,0,128.4, -3.8, 3.2,,,0,0,1233,1024,1024,1024,32,0,0,0,148.2,0,3.7,17,3.252,3.251,0,0,0,0,6.232,125.06,-2.679529613304,0.984252,31,Sport,
624800,2026-05-22 09:28:15,51.9888677068879,4.3899733976142,0.984252,,,-2.679529613304,4.593176,1.7448132,5.9175854912,223.678812932,27,5,6.513,0,3.608924,13.533487,60.624017688,-1.11847,1.342164,0,128.2, -7.1, 2.5,,,0,0,1024,1024,1024,1024,0,0,0,0,148.1,0,3.1,17,3.252,3.251,0,0,0,0,6.232,125.06,-2.679529613304,0.984252,31,Sport,
624900,2026-05-22 09:28:15,51.9888676605022,4.3899743014541,0.984252,,,-2.679529613304,4.593176,1.6105968,5.7222114692,223.882553096,27,5,6.513,0,3.608924,13.533487,60.624017688,-0.894776,1.342164,0,128.2, -7.7, 2.6,,,0,0,1024,1024,1024,1024,0,0,0,0,148.3,0,3.8,17,3.252,3.251,0,0,0,0,6.232,125.06,-2.679529613304,0.984252,31,Sport,
625000,2026-05-22 09:28:16,51.9888672372439,4.38997521256278,0.984252,,,-2.679529613304,4.593176,1.6105968,5.4754923012,224.1387867,27,5,6.513,0,3.608924,13.533487,60.624017688,-0.894776,1.342164,0,128.4, -5.5, 3.2,,,0,0,1182,1024,1024,1024,24,0,0,0,148.3,0,3.7,17,3.252,3.251,0,0,0,0,6.232,125.06,-2.679529613304,0.984252,31,Sport,
625100,2026-05-22 09:28:16,51.9888668424536,4.38997598693491,0.984252,,,-2.679529613304,4.593176,1.4316416,5.2621064676,224.364836576,26,5,6.513,0,3.608924,13.533487,60.624017688,-0.894776,1.11847,0,128.5, -4.3, 2.7,,,0,0,1619,1024,1024,1024,90,0,0,0,148.2,0,2.5,17,3.252,3.251,0,0,0,0,6.232,125.06,-2.679529613304,0.984252,31,Sport,
625200,2026-05-22 09:28:16,51.9888664112537,4.38997669813472,0.984252,,,-2.679529613304,4.593176,1.2750558,5.0588584296,224.588917948,26,5,6.513,0,3.608924,13.533487,60.624017688,-0.894776,0.894776,0,128.4, -6.8, 1.1,,,0,0,1024,1024,1024,1024,0,0,0,0,148.2,0,0.9,17,3.252,3.251,0,0,0,0,6.232,125.06,-2.679529613304,0.984252,31,Sport,
625300,2026-05-22 09:28:16,51.9888660115545,4.38997747939654,0.984252,,,-2.679529613304,4.593176,1.4316416,4.8460631472,224.817264412,27,5,6.513,0,3.608924,13.533487,60.624017688,-1.11847,0.894776,0,128.5, -15.3, -0.9,,,0,0,1024,1024,1024,1024,0,0,0,0,147.9,0,-0.7,17,3.252,3.251,0,0,0,0,6.232,125.06,-2.679529613304,0.984252,31,Sport,
625400,2026-05-22 09:28:16,51.9888655271539,4.38997830001064,0.984252,,,-2.679529613304,4.593176,1.5882274,4.6172573656,225.072513764,27,5,6.513,0,3.608924,13.533487,60.624017688,-1.11847,1.11847,0,128.4, -5.5, -1.2,,,0,0,1024,1024,1024,1024,0,0,0,0,148.1,0,0.9,17,3.252,3.251,0,0,0,0,6.232,125.06,-2.679529613304,0.984252,31,Sport,
625500,2026-05-22 09:28:16,51.9888649351269,4.38997951395274,0.984252,,,-2.679529613304,4.593176,1.4316416,4.2958990876,225.420610888,27,5,6.513,0,3.608924,13.533487,60.624017688,-0.894776,1.11847,0,128.5, -3.1, 0.5,,,0,0,1675,1024,1024,1024,99,0,0,0,148.1,0,1.3,17,3.252,3.251,0,0,0,0,6.232,125.06,-2.679529613304,0.984252,31,Sport,
625600,2026-05-22 09:28:16,51.9888645184137,4.38998032007101,0.984252,,,-2.679529613304,4.593176,1.4316416,4.082841338,225.656831368,27,5,6.507,0,3.608924,13.533487,60.624017688,-0.894776,1.11847,0,128.3, -10.7, 0.5,,,0,0,1024,1024,1024,1024,0,0,0,0,147.9,0,0.8,17,3.255,3.254,0,0,0,0,5.539,125.24,-2.679529613304,0.984252,31,Sport,
625700,2026-05-22 09:28:16,51.9888639250031,4.38998162502243,0.984252,,,-2.679529613304,4.593176,1.6105968,3.749672036,226.021332692,26,5,6.507,0,3.608924,13.533487,60.624017688,-0.894776,1.342164,0,128.1, -17.2, 0.2,,,0,0,1024,1024,1024,1024,0,0,0,0,148,0,1.1,17,3.255,3.254,0,0,0,0,5.539,125.24,-2.679529613304,0.984252,31,Sport,
625800,2026-05-22 09:28:16,51.9888634261159,4.38998273462796,0.984252,,,-2.679529613304,4.593176,1.9237684,3.4716864628,226.330059736,26,5,6.507,0,3.608924,13.533487,60.624017688,-1.11847,1.565858,0,128.3, -6.1, 0.9,,,0,0,1466,992,1024,1024,67,-5,0,0,148.1,0,2.3,17,3.255,3.254,0,0,0,0,5.539,125.24,-2.679529613304,0.984252,31,Sport,
625900,2026-05-22 09:28:16,51.9888630051449,4.38998441984445,0.984252,,,-2.679529613304,4.593176,1.8119214,3.07455390416,226.7388524,26,5,6.507,0,3.608924,13.533487,60.624017688,-0.894776,1.565858,0,128.4, -3.2, 1.7,,,0,0,1024,1024,1024,1024,0,0,0,0,148.4,0,2.9,17,3.255,3.254,0,0,0,0,5.539,125.24,-2.679529613304,0.984252,31,Sport,
626000,2026-05-22 09:28:17,51.9888625807215,4.38998550561951,0.984252,,,-2.679529613304,4.593176,1.8119214,2.814878699,227.02756632,26,5,6.507,0,3.608924,13.533487,60.624017688,-0.894776,1.565858,0,128.3, -12.4, 2.6,,,0,0,1024,1024,1024,1024,0,0,0,0,148.6,0,3,17,3.255,3.254,0,0,0,0,5.539,125.24,-2.679529613304,0.984252,31,Sport,
626100,2026-05-22 09:28:17,51.9888620815944,4.38998655005294,0.984252,,,-2.679529613304,4.593176,1.9237684,2.56987869116,227.324810424,26,5,6.507,0,3.608924,13.533487,60.624017688,-1.11847,1.565858,0,128.5, -6.8, 1.9,,,0,0,1024,1024,1024,1024,0,0,0,0,148.2,0,2.5,17,3.255,3.254,0,0,0,0,5.539,125.24,-2.679529613304,0.984252,31,Sport,
626200,2026-05-22 09:28:17,51.9888616047242,4.38998765288355,0.984252,,,-2.679529613304,4.593176,1.9237684,2.32349744968,227.627631956,26,5,6.507,0,3.608924,13.533487,60.624017688,-1.11847,1.565858,0,128.4, -4.6, 1.5,,,0,0,1024,1024,1024,1024,0,0,0,0,148,0,1.7,17,3.255,3.254,0,0,0,0,5.539,125.24,-2.679529613304,0.984252,31,Sport,
626300,2026-05-22 09:28:17,51.9888611497382,4.38998891641683,0.984252,,,-2.679529613304,4.593176,1.8119214,2.05512473768,227.956372124,27,5,6.507,0,3.608924,13.533487,60.624017688,-0.894776,1.565858,0,128.3, -2.1, 1.1,,,0,0,1024,1024,1024,1024,0,0,0,0,148,0,2.9,17,3.255,3.254,0,0,0,0,5.539,125.24,-2.679529613304,0.984252,31,Sport,
626400,2026-05-22 09:28:17,51.9888607748617,4.38998990743689,0.984252,,,-2.679529613304,4.593176,1.6105968,1.8597113456,228.217526988,27,5,6.507,0,3.608924,13.533487,60.624017688,-0.894776,1.342164,0,128.5, 2.5, 2.3,,,0,0,1024,1024,1624,1024,0,0,91,0,147.8,0,3.1,17,3.255,3.254,0,0,0,0,5.539,125.24,-2.679529613304,0.984252,31,Sport,
626500,2026-05-22 09:28:17,51.9888606318495,4.38999081252883,0.984252,,,-2.679529613304,4.593176,1.006623,1.67543312448,228.427500748,27,5,6.507,0,3.608924,13.533487,60.624017688,-0.447388,0.894776,0,128.4, 3.5, 2.1,,,0,0,1024,1024,1024,1024,0,0,0,0,147.8,0,3.3,17,3.255,3.254,0,0,0,0,5.539,125.24,-2.679529613304,0.984252,31,Sport,
626600,2026-05-22 09:28:17,51.988860468388,4.38999139034129,0.984252,,,-2.679529613304,4.92126,0.7158208,1.56968837044,228.570545372,27,5,6.501,0,3.608924,13.533487,60.624017688,-0.223694,0.671082,-0.671082,128.4, 1.5, 3.6,,,0,0,1024,1024,1024,1024,0,0,0,0,148.2,0,5.5,17,3.251,3.25,0,0,0,0,5.714,125.24,-2.679529613304,0.984252,31,Sport,
626700,2026-05-22 09:28:17,51.9888606250045,4.38999172009702,0.984252,,,-2.679529613304,4.92126,0.447388,1.48116474556,228.664049312,28,5,6.501,0,3.608924,13.533487,60.624017688,0,0.447388,-0.447388,128.8, 0.4, 4.4,,,0,0,1024,1024,1028,1024,0,0,1,0,148.2,0,3.9,17,3.251,3.25,0,0,0,0,5.714,125.24,-2.679529613304,0.984252,31,Sport,
626800,2026-05-22 09:28:17,51.9888605703046,4.38999191509512,1.312336,,,-2.351445613304,4.92126,0.223694,1.4461286552,228.71227766,28,5,6.501,0,3.608924,13.533487,60.624017688,0,0.223694,-0.223694,128.5, 0, 2.4,,,0,0,1024,1024,1654,1024,0,0,95,0,147.9,0,3,17,3.251,3.25,0,0,0,0,5.714,125.24,-2.351445613304,1.312336,31,Sport,
626900,2026-05-22 09:28:17,51.9888607049255,4.3899925424918,1.312336,,,-2.351445613304,4.92126,0,1.29685371604,228.86155588,29,5,6.501,0,3.608924,13.533487,60.624017688,0,0,-0.223694,128.3, -1.1, 2,,,0,0,1024,1024,1024,1024,0,0,0,0,147.9,0,3,17,3.251,3.25,0,0,0,0,5.714,125.24,-2.351445613304,1.312336,31,Sport,
627000,2026-05-22 09:28:18,51.9888607504802,4.38999256475027,1.312336,,,-2.351445613304,5.249344,0,1.28666998868,228.878944332,29,5,6.501,0,3.608924,13.533487,60.624017688,0,0,-0.671082,128.2, -2, 2.5,,,0,0,1024,1024,1383,1024,0,0,54,0,147.9,0,4.1,17,3.251,3.25,0,0,0,0,5.714,125.24,-2.351445613304,1.312336,31,Sport,
627100,2026-05-22 09:28:18,51.9888608370406,4.38999282533781,1.312336,,,-2.351445613304,5.249344,0.223694,1.22110568212,228.9452173,29,5,6.501,0,3.608924,13.533487,60.624017688,0.223694,0,-0.671082,128.1, -3.4, 3.5,,,0,0,1024,1024,1024,1024,0,0,0,0,148,0,4.1,17,3.251,3.25,0,0,0,0,5.714,125.24,-2.351445613304,1.312336,31,Sport,
627200,2026-05-22 09:28:18,51.9888609361173,4.38999277177837,1.64042,,,-2.023361613304,5.249344,0.223694,1.22173888424,228.983275044,29,5,6.501,0,3.608924,13.533487,60.624017688,0.223694,0,-0.447388,128.2, -3, 3.2,,,0,0,1024,1024,1024,1024,0,0,0,0,147.9,0,4,17,3.251,3.25,0,0,0,0,5.714,125.24,-2.023361613304,1.64042,31,Sport,
627300,2026-05-22 09:28:18,51.9888609430393,4.38999295183547,1.64042,,,-2.023361613304,5.249344,0.223694,1.18228022156,229.02395746,29,5,6.501,0,3.608924,13.533487,60.624017688,0.223694,0,-0.671082,128.2, -3.1, 3.4,,,0,0,1024,1024,1024,1024,0,0,0,0,148.2,0,4.7,17,3.251,3.25,0,0,0,0,5.714,125.24,-2.023361613304,1.64042,31,Sport,
627400,2026-05-22 09:28:18,51.98886104538,4.38999284080049,1.64042,,,-2.023361613304,5.577428,0.223694,1.19598757108,229.068904968,29,5,6.501,0,3.608924,13.533487,60.624017688,0.223694,0,-0.447388,128.3, -4, 4,,,0,0,1024,1024,1024,1024,0,0,0,0,148.2,0,4.5,17,3.251,3.25,0,0,0,0,5.714,125.24,-2.023361613304,1.64042,31,Sport,
627500,2026-05-22 09:28:18,51.9888609513022,4.38999280936736,1.64042,,,-2.023361613304,5.577428,0.223694,1.21207024876,229.104009956,29,5,6.501,0,3.608924,13.533487,60.624017688,0.223694,0,-0.223694,128.3, -4.5, 3.6,,,0,0,1024,1024,1024,1024,0,0,0,0,148.2,0,4.2,17,3.251,3.25,0,0,0,0,5.714,125.24,-2.023361613304,1.64042,31,Sport,
627600,2026-05-22 09:28:18,51.9888610469435,4.38999265591609,1.968504,,,-1.695277613304,5.577428,0.223694,1.23602694244,229.152894472,29,5,6.506,0,3.608924,13.533487,60.624017688,0.223694,0,-0.223694,128.2, -5.9, 3.5,,,0,0,1024,1024,998,1024,0,0,-4,0,148.2,0,4.3,17,3.253,3.252,0,0,0,0,5,125.24,-1.695277613304,1.968504,31,Sport,
627700,2026-05-22 09:28:18,51.988861130424,4.38999224614463,1.968504,,,-1.695277613304,5.577428,0.223694,1.31864833616,229.250007336,29,5,6.506,0,3.608924,13.533487,60.624017688,0.223694,0,0,128.2, -6.6, 3.6,,,0,0,1024,1024,1024,1024,0,0,0,0,148.3,0,4.6,17,3.253,3.252,0,0,0,0,5,125.24,-1.695277613304,1.968504,31,Sport,
627800,2026-05-22 09:28:18,51.9888612090943,4.38999205328196,1.968504,,,-1.695277613304,5.577428,0,1.35548232684,229.301844608,29,5,6.506,0,3.608924,13.533487,60.624017688,0,0,0,128.2, -6.6, 4.2,,,0,0,1024,1024,1024,1024,0,0,0,0,148.3,0,4.9,17,3.253,3.252,0,0,0,0,5,125.24,-1.695277613304,1.968504,31,Sport,
627900,2026-05-22 09:28:18,51.9888612631131,4.38999198553274,1.968504,,,-1.695277613304,5.577428,0,1.3670111986,229.326778992,29,5,6.506,0,3.608924,13.533487,60.624017688,0,0,0,128.2, -6.6, 4.2,,,0,0,1024,1024,1024,1024,0,0,0,0,148.3,0,4.9,17,3.253,3.252,0,0,0,0,5,125.24,-1.695277613304,1.968504,31,Sport,
628000,2026-05-22 09:28:18,51.9888613154614,4.38999193641108,1.968504,,,-1.695277613304,5.577428,0,1.37484912536,229.34876062,29,5,6.506,0,3.608924,13.533487,60.624017688,0,0,0,128.1, -7.4, 4.3,,,0,0,1684,1024,1024,1024,100,0,0,0,148.3,0,5.2,17,3.253,3.252,0,0,0,0,5,125.24,-1.695277613304,1.968504,31,Sport,
628100,2026-05-22 09:28:19,51.9888613292713,4.38999187914074,1.968504,,,-1.695277613304,5.577428,0,1.386811068,229.362540148,29,5,6.506,0,3.608924,13.533487,60.624017688,0,0,0,128.1, -7.6, 4.3,,,0,0,1684,1024,1024,1024,100,0,0,0,148.5,0,5,17,3.253,3.252,0,0,0,0,5,125.24,-1.695277613304,1.968504,31,Sport,
628200,2026-05-22 09:28:19,51.9888613946842,4.38999183659229,1.968504,,,-1.695277613304,5.577428,0,1.39296592384,229.388458784,29,5,6.506,0,3.608924,13.533487,60.624017688,0,0,0,127.8, -15.5, 4.4,,,0,0,1684,1024,1024,1024,100,0,0,0,149.1,0,4.9,17,3.253,3.252,0,0,0,0,5,125.24,-1.695277613304,1.968504,31,Sport,
628300,2026-05-22 09:28:19,51.9888614024887,4.38999193982289,1.968504,,,-1.695277613304,5.577428,0.223694,1.36959978136,229.411752748,27,5,6.506,0,3.608924,13.533487,60.624017688,0,0.223694,0,127.2, -26.4, 4.5,,,0,0,1007,1024,1024,1024,-3,0,0,0,149,0,4.5,17,3.253,3.252,0,0,0,0,5,125.24,-1.695277613304,1.968504,31,Sport,
628400,2026-05-22 09:28:19,51.988861270425,4.38999238911704,1.968504,,,-1.695277613304,5.249344,1.006623,1.277231012,229.523629392,27,5,6.506,0,3.608924,13.533487,60.624017688,-0.447388,0.894776,0,127, -24.8, 5.5,,,0,0,1024,1024,1024,1024,0,0,0,0,149.1,0,6.6,17,3.253,3.252,0,0,0,0,5,125.24,-1.695277613304,1.968504,31,Sport,
628500,2026-05-22 09:28:19,51.9888608747994,4.38999301327232,1.968504,,,-1.695277613304,5.249344,1.2974252,1.1766896702,229.724744884,28,5,6.506,0,3.608924,13.533487,60.624017688,-0.671082,1.11847,0,127.9, -12.5, 6.3,,,0,0,1024,1024,1024,1024,0,0,0,0,148.7,0,6.9,17,3.253,3.252,0,0,0,0,5,125.24,-1.695277613304,1.968504,31,Sport,
628600,2026-05-22 09:28:19,51.9888605403546,4.38999387421946,1.968504,,,-1.695277613304,5.249344,1.2974252,1.0465715558,229.953419432,28,5,6.488,0,3.608924,13.533487,60.624017688,-0.671082,1.11847,0,128.1, -7.4, 6.2,,,0,0,1024,1024,1024,1024,0,0,0,0,148.3,0,6.8,17,3.233,3.233,0,0,0,0,5.729,125.6,-1.695277613304,1.968504,31,Sport,
628700,2026-05-22 09:28:19,51.9888603011741,4.38999398641605,1.968504,,,-1.695277613304,5.577428,1.2974252,1.0691109266,230.0442987,28,5,6.488,0,3.608924,13.533487,60.624017688,-0.671082,1.11847,0,128, -6.3, 6.1,,,0,0,1024,1024,1024,1024,0,0,0,0,148.2,0,7.1,17,3.233,3.233,0,0,0,0,5.729,125.6,-1.695277613304,1.968504,31,Sport,
628800,2026-05-22 09:28:19,51.9888600403879,4.38999469445446,1.968504,,,-1.695277613304,5.577428,1.006623,1.000984284,230.22966616,28,5,6.488,0,3.608924,13.533487,60.624017688,-0.447388,0.894776,0,128.3, -3.1, 6.6,,,0,0,1024,1024,1024,364,0,0,0,-100,147.7,0,7.5,17,3.233,3.233,0,0,0,0,5.729,125.6,-1.695277613304,1.968504,31,Sport,
628900,2026-05-22 09:28:19,51.9888597979134,4.3899946365894,1.968504,,,-1.695277613304,5.577428,0.7158208,1.07173887944,230.319233092,28,5,6.488,0,3.608924,13.533487,60.624017688,-0.223694,0.671082,0,125.9, -0.8, 6.4,,,0,0,1024,1024,1024,1024,0,0,0,0,140.5,0.3,6.6,17,3.233,3.233,0,0,0,0,5.729,125.6,-1.695277613304,1.968504,31,Sport,
629000,2026-05-22 09:28:19,51.9888596933368,4.38999500846929,1.968504,,,-1.695277613304,5.577428,0.447388,1.04386814364,230.411096612,28,5,6.488,0,3.608924,13.533487,60.624017688,0,0.447388,0,118.5, -1, 5.7,,,0,0,1024,1024,1024,1024,0,0,0,0,137.6,0,6.5,17,3.233,3.233,0,0,0,0,5.729,125.6,-1.695277613304,1.968504,31,Sport,
629100,2026-05-22 09:28:20,51.9888598992432,4.38999514648919,1.968504,,,-1.695277613304,5.577428,0.223694,0.96661420416,230.492461444,28,5,6.488,0,3.608924,13.533487,60.624017688,0,0.223694,0,118.1, -2.2, 6,,,0,0,1024,1024,1024,1024,0,0,0,0,138.1,0,7.7,17,3.233,3.233,0,0,0,0,5.729,125.6,-1.695277613304,1.968504,31,Sport,
629200,2026-05-22 09:28:20,51.9888599603384,4.38999526623279,1.968504,,,-1.695277613304,5.577428,0,0.93213257576,230.527238348,28,5,6.488,0,3.608924,13.533487,60.624017688,0,0,0,118.4, -3.4, 7.4,,,0,0,1024,500,1024,1024,0,-79,0,0,138.6,0,7.7,17,3.233,3.233,0,0,0,0,5.729,125.6,-1.695277613304,1.968504,31,Sport,
629300,2026-05-22 09:28:20,51.9888601686135,4.38999542824662,1.968504,,,-1.695277613304,5.577428,0.223694,0.85116144456,230.611555936,28,5,6.488,0,3.608924,13.533487,60.624017688,0.223694,0,0,118.7, -4.7, 3.4,,,0,0,1024,732,1024,1024,0,-44,0,0,138.2,0,-2.6,17,3.233,3.233,0,0,0,0,5.729,125.6,-1.695277613304,1.968504,31,Sport,
629400,2026-05-22 09:28:20,51.9888603427409,4.38999542775276,1.968504,,,-1.695277613304,5.577428,0.447388,0.80548559008,230.674876148,28,5,6.488,0,3.608924,13.533487,60.624017688,0.447388,0,0,118.8, -5.6, -7,,,0,0,1024,1024,1024,1024,0,0,0,0,138,0,-1.1,17,3.233,3.233,0,0,0,0,5.729,125.6,-1.695277613304,1.968504,31,Sport,
629500,2026-05-22 09:28:20,51.9888606587925,4.38999563625201,1.968504,,,-1.695277613304,5.577428,0.7158208,0.69299214816,230.799548068,28,5,6.488,0,3.608924,13.533487,60.624017688,0.671082,0.223694,0,118.5, -6.4, 2.7,,,0,0,1024,1024,1024,1024,0,0,0,0,139,0,8,17,3.233,3.233,0,0,0,0,5.729,125.6,-1.695277613304,1.968504,31,Sport,
629600,2026-05-22 09:28:20,51.988861036479,4.38999584089428,1.968504,,,-1.695277613304,5.577428,0.9171454,0.57354988712,230.94488928,28,5,6.486,0,3.608924,13.533487,60.624017688,0.894776,0.223694,0,118.5, -6.6, 8,,,0,0,1024,1024,1024,1594,0,0,0,86,139.2,0,9.1,17,3.241,3.24,0,0,0,0,5.678,125.6,-1.695277613304,1.968504,31,Sport,
629700,2026-05-22 09:28:20,51.9888615025249,4.3899961959812,1.968504,,,-1.695277613304,5.577428,0.7158208,0.425935053,231.132553328,28,5,6.486,0,3.608924,13.533487,60.624017688,0.671082,0.223694,0,120, -6.5, 8.5,,,0,0,1024,1024,1024,1024,0,0,0,0,144.5,-0.3,9.1,17,3.241,3.24,0,0,0,0,5.678,125.6,-1.695277613304,1.968504,31,Sport,
629800,2026-05-22 09:28:20,51.9888618010099,4.38999635360594,1.968504,,,-1.695277613304,5.577428,0.671082,0.36773951308,231.247054644,28,5,6.486,0,3.608924,13.533487,60.624017688,0.671082,0,0,125.7, -6.7, 8.2,,,0,0,1024,1024,1024,1024,0,0,0,0,146.7,0,9,17,3.241,3.24,0,0,0,0,5.678,125.6,-1.695277613304,1.968504,31,Sport,
629900,2026-05-22 09:28:20,51.9888621971196,4.38999664856717,1.968504,,,-1.695277613304,5.577428,0.447388,0.320153225468,231.406175384,28,5,6.486,0,3.608924,13.533487,60.624017688,0.447388,0,0,126, -6.5, 8.3,,,0,0,1024,1024,1024,1024,0,0,0,0,146.3,0,8.4,17,3.241,3.24,0,0,0,0,5.678,125.6,-1.695277613304,1.968504,31,Sport,
630000,2026-05-22 09:28:20,51.9888623579468,4.38999669297977,1.968504,,,-1.695277613304,5.577428,0.223694,0.33641077192,231.465558588,28,5,6.486,0,3.608924,13.533487,60.624017688,0.223694,0,0,125.6, -6.8, 7.2,,,0,0,1024,1024,1024,1482,0,0,0,69,147.1,-0.1,7.7,17,3.241,3.24,0,0,0,0,5.678,125.6,-1.695277613304,1.968504,31,Sport,
630100,2026-05-22 09:28:21,51.9888625819209,4.38999681766719,1.968504,,,-1.695277613304,5.577428,0.223694,0.36365158644,231.55184468,28,5,6.486,0,3.608924,13.533487,60.624017688,0.223694,0,0,129.2, -6.8, 6.9,,,0,0,1024,1024,1024,1316,0,0,0,44,154.8,-0.3,7.2,17,3.241,3.24,0,0,0,0,5.678,125.6,-1.695277613304,1.968504,31,Sport,
630200,2026-05-22 09:28:21,51.9888626552882,4.38999681675598,1.968504,,,-1.695277613304,5.577428,0,0.3828412196,231.578747568,28,5,6.486,0,3.608924,13.533487,60.624017688,0,0,0,136.2, -6.3, 6.4,,,0,0,1024,1024,1024,1024,0,0,0,0,157,0,7.3,17,3.241,3.24,0,0,0,0,5.678,125.6,-1.695277613304,1.968504,31,Sport,
630300,2026-05-22 09:28:21,51.9888626594817,4.3899966791743,1.968504,,,-1.695277613304,5.577428,0,0.40569555104,231.609587464,28,5,6.486,0,3.608924,13.533487,60.624017688,0,0,0,136.4, -6.4, 7,,,0,0,1024,1024,1024,1573,0,0,0,83,157,0,7.6,17,3.241,3.24,0,0,0,0,5.678,125.6,-1.695277613304,1.968504,31,Sport,
630400,2026-05-22 09:28:21,51.9888626432131,4.38999657701836,1.968504,,,-1.695277613304,5.577428,0.223694,0.41866143072,231.633537596,28,5,6.486,0,3.608924,13.533487,60.624017688,0,-0.223694,0,137.9, -6.7, 6,,,0,0,1024,1024,1024,1047,0,0,0,3,162.3,-0.1,3.5,17,3.241,3.24,0,0,0,0,5.678,125.6,-1.695277613304,1.968504,31,Sport,
630500,2026-05-22 09:28:21,51.9888626232821,4.38999630030386,1.968504,,,-1.695277613304,5.577428,0.223694,0.46314962112,231.695873556,28,5,6.486,0,3.608924,13.533487,60.624017688,0,-0.223694,0,145.2, -6.4, 1.2,,,0,0,1024,1024,1024,1024,0,0,0,0,166,0,-0.7,17,3.241,3.24,0,0,0,0,5.678,125.6,-1.695277613304,1.968504,31,Sport,
630600,2026-05-22 09:28:21,51.9888625406197,4.38999613630416,1.968504,,,-1.695277613304,5.577428,0,0.47804463472,231.74377382,28,5,6.473,0,3.608924,13.533487,60.624017688,0,0,0,146.4, -5.3, -2.5,,,0,0,1024,1024,1024,1024,0,0,0,0,165.6,0,-2.1,17,3.239,3.235,0,0,0,0,6.009,125.6,-1.695277613304,1.968504,31,Sport,
630700,2026-05-22 09:28:21,51.9888625457684,4.38999628795041,1.968504,,,-1.695277613304,5.577428,0,0.44977363644,231.777894556,27,5,6.473,0,3.608924,13.533487,60.624017688,0,0,0,146.1, -5.2, -1.7,,,0,0,1024,1024,1024,1024,0,0,0,0,165.7,0,0.5,17,3.239,3.235,0,0,0,0,6.009,125.6,-1.695277613304,1.968504,31,Sport,
630800,2026-05-22 09:28:21,51.9888625649498,4.38999631258428,1.968504,,,-1.695277613304,5.577428,0,0.44889109048,231.786752824,27,5,6.473,0,3.608924,13.533487,60.624017688,0,0,0,146, -5.5, 0.6,,,0,0,1024,1024,1024,1024,0,0,0,0,165.7,0,2.1,17,3.239,3.235,0,0,0,0,6.009,125.6,-1.695277613304,1.968504,31,Sport,
630900,2026-05-22 09:28:21,51.9888628749703,4.38999684037083,1.968504,,,-1.695277613304,5.577428,0,0.44153216636,231.95046674,26,5,6.473,0,3.608924,13.533487,60.624017688,0,0,0,145.8, -6.4, 1.3,,,0,0,1024,1024,1024,1024,0,0,0,0,165.6,0,2,17,3.239,3.235,0,0,0,0,6.009,125.6,-1.695277613304,1.968504,31,Sport,
631000,2026-05-22 09:28:21,51.988862967596,4.38999687665213,1.968504,,,-1.695277613304,5.577428,0,0.46501969992,231.985243644,26,5,6.473,0,3.608924,13.533487,60.624017688,0,0,0,145.5, -7.1, 2.1,,,0,0,1024,1024,1024,654,0,0,0,-56,162.7,0,3.5,17,3.239,3.235,0,0,0,0,6.009,125.6,-1.695277613304,1.968504,31,Sport,
631100,2026-05-22 09:28:22,51.9888632113812,4.38999709395913,1.968504,,,-1.695277613304,5.577428,0,0.52166668336,232.086949684,27,5,6.473,0,3.608924,13.533487,60.624017688,0,0,0,141.2, -6.4, 3.4,,,0,0,1024,1024,1024,1024,0,0,0,0,161,0,3.5,17,3.239,3.235,0,0,0,0,6.009,125.6,-1.695277613304,1.968504,31,Sport,
631200,2026-05-22 09:28:22,51.9888632873357,4.38999714808894,1.968504,,,-1.695277613304,5.577428,0,0.54304135596,232.117133412,27,5,6.473,0,3.608924,13.533487,60.624017688,0,0,0,141, -6.6, 2.6,,,0,0,1024,1024,1024,1024,0,0,0,0,161.1,0,3.5,17,3.239,3.235,0,0,0,0,6.009,125.6,-1.695277613304,1.968504,31,Sport,
631300,2026-05-22 09:28:22,51.9888634067717,4.38999714507709,1.968504,,,-1.695277613304,5.577428,0.223694,0.58434056988,232.160768584,27,5,6.473,0,3.608924,13.533487,60.624017688,0.223694,0,0,141, -7.7, 3,,,0,0,1024,1024,1024,1024,0,0,0,0,161.4,0,4.5,17,3.239,3.235,0,0,0,0,6.009,125.6,-1.695277613304,1.968504,31,Sport,
631400,2026-05-22 09:28:22,51.9888635060626,4.3899972236321,1.968504,,,-1.695277613304,5.577428,0,0.613599101,232.200794832,27,5,6.473,0,3.608924,13.533487,60.624017688,0,0,0,141.1, -8.3, 4.4,,,0,0,1024,1024,1024,1024,0,0,0,0,161.6,0,5.5,17,3.239,3.235,0,0,0,0,6.009,125.6,-1.695277613304,1.968504,31,Sport,
631500,2026-05-22 09:28:22,51.9888635213974,4.38999728634533,1.968504,,,-1.695277613304,5.577428,0,0.61523295932,232.21621478,27,5,6.473,0,3.608924,13.533487,60.624017688,0,0,0,141.1, -7.8, 4.3,,,0,0,1024,1024,1024,1341,0,0,0,48,161.3,0,4.2,17,3.239,3.235,0,0,0,0,6.009,125.6,-1.695277613304,1.968504,31,Sport,
631600,2026-05-22 09:28:22,51.9888635632469,4.38999737873189,1.968504,,,-1.695277613304,5.577428,0,0.62517062368,232.241805332,25,5,6.476,0,3.608924,13.533487,60.624017688,0,0,0,142, -7.6, 3.6,,,0,0,1024,1024,1024,1024,0,0,0,0,164.6,-0.1,5.4,16,3.236,3.235,0,0,0,0,5.732,125.6,-1.695277613304,1.968504,31,Sport,
631700,2026-05-22 09:28:22,51.9888636033616,4.38999737554615,1.968504,,,-1.695277613304,5.577428,0,0.6396161622,232.256569112,25,5,6.476,0,3.608924,13.533487,60.624017688,0,0,0,144.9, -6.8, 5.7,,,0,0,1024,1024,1024,1024,0,0,0,0,165.3,0,6.8,16,3.236,3.235,0,0,0,0,5.732,125.6,-1.695277613304,1.968504,31,Sport,
631800,2026-05-22 09:28:22,51.9888638214674,4.38999740991809,1.968504,,,-1.695277613304,5.577428,0,0.716125351,232.336621608,26,5,6.476,0,3.608924,13.533487,60.624017688,0,0,0,144.8, -6.1, 6,,,0,0,1024,1024,1024,1024,0,0,0,0,165,0,6.1,16,3.236,3.235,0,0,0,0,5.732,125.6,-1.695277613304,1.968504,31,Sport,
631900,2026-05-22 09:28:22,51.9888638086683,4.38999751138193,1.968504,,,-1.695277613304,5.577428,0,0.70775592816,232.359587488,26,5,6.476,0,3.608924,13.533487,60.624017688,0,0,0,144.7, -5.4, 4.9,,,0,0,1024,1024,1024,1024,0,0,0,0,164.8,0,5.5,16,3.236,3.235,0,0,0,0,5.732,125.6,-1.695277613304,1.968504,31,Sport,
632000,2026-05-22 09:28:22,51.9888638683285,4.3899974262259,1.968504,,,-1.695277613304,5.577428,0,0.7323162964,232.388786964,26,5,6.476,0,3.608924,13.533487,60.624017688,0,0,0,144.7, -4, 4.9,,,0,0,1024,1024,1024,1024,0,0,0,0,164.7,0,5.7,16,3.236,3.235,0,0,0,0,5.732,125.6,-1.695277613304,1.968504,31,Sport,
632100,2026-05-22 09:28:23,51.9888638585794,4.38999746485477,1.968504,,,-1.695277613304,5.577428,0,0.72736878968,232.397973316,26,5,6.476,0,3.608924,13.533487,60.624017688,0,0,0,144.6, -3.7, 5.1,,,0,0,1024,1024,1024,1024,0,0,0,0,164.8,0,5.9,16,3.236,3.235,0,0,0,0,5.732,125.6,-1.695277613304,1.968504,31,Sport,
632200,2026-05-22 09:28:23,51.9888638699048,4.38999745053284,1.968504,,,-1.695277613304,5.577428,0,0.73196852736,232.40322266,26,5,6.476,0,3.608924,13.533487,60.624017688,0,0,0,144.7, -4.7, 5.1,,,0,0,1024,1024,1024,1024,0,0,0,0,164.8,0,5.6,16,3.236,3.235,0,0,0,0,5.732,125.6,-1.695277613304,1.968504,31,Sport,
632300,2026-05-22 09:28:23,51.9888640225121,4.3899971499357,1.968504,,,-1.695277613304,5.577428,0,0.80001971064,232.490821088,26,5,6.476,0,3.608924,13.533487,60.624017688,0,0,0,144.6, -5.4, 4.4,,,0,0,1024,1024,1024,1024,0,0,0,0,164.8,0,4.3,16,3.236,3.235,0,0,0,0,5.732,125.6,-1.695277613304,1.968504,31,Sport,
632400,2026-05-22 09:28:23,51.9888640213469,4.38999709481469,1.968504,,,-1.695277613304,5.577428,0,0.80259845088,232.50328828,26,5,6.476,0,3.608924,13.533487,60.624017688,0,0,0,144.8, -5.4, 3.3,,,0,0,1024,1024,1024,1024,0,0,0,0,164.9,0,4.5,16,3.236,3.235,0,0,0,0,5.732,125.6,-1.695277613304,1.968504,31,Sport,
632500,2026-05-22 09:28:23,51.988864297044,4.38999707152676,1.968504,,,-1.695277613304,5.577428,0,0.90154530444,232.604010068,26,5,6.476,0,3.608924,13.533487,60.624017688,0,0,0,144.8, -4.8, 3.9,,,0,0,1024,1024,1024,1024,0,0,0,0,164.7,0,4.3,16,3.236,3.235,0,0,0,0,5.732,125.6,-1.695277613304,1.968504,31,Sport,
632600,2026-05-22 09:28:23,51.9888643939275,4.38999691264303,1.968504,,,-1.695277613304,5.577428,0,0.94446197248,232.65420692,27,5,6.472,0,3.608924,13.533487,60.624017688,0,0,0,144.6, -5.3, 3.5,,,0,0,1024,1024,1024,1024,0,0,0,0,164.7,0,4.5,16,3.234,3.233,0,0,0,0,5.579,125.78,-1.695277613304,1.968504,31,Sport,
632700,2026-05-22 09:28:23,51.9888644077117,4.38999685141138,1.968504,,,-1.695277613304,5.577428,0,0.95290685464,232.6689707,27,5,6.472,0,3.608924,13.533487,60.624017688,0,0,0,144.6, -5.9, 4,,,0,0,1024,1024,1024,1024,0,0,0,0,164.8,0,4.7,16,3.234,3.233,0,0,0,0,5.579,125.78,-1.695277613304,1.968504,31,Sport,
632800,2026-05-22 09:28:23,51.9888644346119,4.38999677884181,1.968504,,,-1.695277613304,5.577428,0,0.96680777372,232.687999572,27,5,6.472,0,3.608924,13.533487,60.624017688,0,0,0,144.6, -6.7, 3.7,,,0,0,1024,1024,1024,1024,0,0,0,0,164.8,0,4.8,16,3.234,3.233,0,0,0,0,5.579,125.78,-1.695277613304,1.968504,31,Sport,
632900,2026-05-22 09:28:23,51.9888644778236,4.38999664259738,1.968504,,,-1.695277613304,5.577428,0,0.9908300842,232.722448392,26,5,6.472,0,3.608924,13.533487,60.624017688,0,0,0,144.5, -7.2, 4.4,,,0,0,1024,1024,1024,1024,0,0,0,0,164.9,0,5.6,16,3.234,3.233,0,0,0,0,5.579,125.78,-1.695277613304,1.968504,31,Sport,
633000,2026-05-22 09:28:24,51.9888645365928,4.3899966093314,1.968504,,,-1.695277613304,5.577428,0,1.01353021616,232.745086188,26,5,6.472,0,3.608924,13.533487,60.624017688,0,0,0,144.5, -7.9, 5.5,,,0,0,1024,1024,1024,1024,0,0,0,0,165.2,0,7.1,16,3.234,3.233,0,0,0,0,5.579,125.78,-1.695277613304,1.968504,31,Sport,
633100,2026-05-22 09:28:24,51.98886453924,4.38999672154538,1.968504,,,-1.695277613304,5.577428,0,1.00706039968,232.770348656,26,5,6.472,0,3.608924,13.533487,60.624017688,0,0,0,144.5, -8, 6.7,,,0,0,1024,1024,1024,1024,0,0,0,0,165.1,0,6.7,16,3.234,3.233,0,0,0,0,5.579,125.78,-1.695277613304,1.968504,31,Sport,
633200,2026-05-22 09:28:24,51.9888646708068,4.38999672895676,1.968504,,,-1.695277613304,5.577428,0,1.05275922004,232.81824892,26,5,6.472,0,3.608924,13.533487,60.624017688,0,0,0,144.5, -8.6, 5.6,,,0,0,1024,1024,1024,1024,0,0,0,0,164.9,0,5.4,16,3.234,3.233,0,0,0,0,5.579,125.78,-1.695277613304,1.968504,31,Sport,
633300,2026-05-22 09:28:24,51.9888646996174,4.38999666252218,1.968504,,,-1.695277613304,5.577428,0,1.0669455722,232.836621624,26,5,6.472,0,3.608924,13.533487,60.624017688,0,0,0,144.4, -8.8, 4.5,,,0,0,1024,1024,1024,1024,0,0,0,0,165,0,5.6,16,3.234,3.233,0,0,0,0,5.579,125.78,-1.695277613304,1.968504,31,Sport,
633400,2026-05-22 09:28:24,51.9888647238704,4.38999662509318,1.968504,,,-1.695277613304,5.577428,0,1.07780187176,232.848760732,26,5,6.472,0,3.608924,13.533487,60.624017688,0,0,0,144.5, -8.6, 5.4,,,0,0,1024,1024,1024,1024,0,0,0,0,165.1,0,6.1,16,3.234,3.233,0,0,0,0,5.579,125.78,-1.695277613304,1.968504,31,Sport,
633500,2026-05-22 09:28:24,51.9888648543749,4.38999660856626,1.968504,,,-1.695277613304,5.577428,0,1.12456040344,232.896660996,26,5,6.472,0,3.608924,13.533487,60.624017688,0,0,0,144.4, -9, 5.1,,,0,0,1024,1024,1024,1024,0,0,0,0,165,0,5.9,16,3.234,3.233,0,0,0,0,5.579,125.78,-1.695277613304,1.968504,31,Sport,
633600,2026-05-22 09:28:24,51.9888650204151,4.38999650911264,1.968504,,,-1.695277613304,5.577428,0,1.1889600118,232.96096546,26,5,6.471,0,3.608924,13.533487,60.624017688,0,0,0,144.5, -8.3, 5.7,,,0,0,1024,1024,1024,1024,0,0,0,0,165.1,0,7,16,3.231,3.231,0,0,0,0,5.543,125.78,-1.695277613304,1.968504,31,Sport,
633700,2026-05-22 09:28:24,51.988865040376,4.38999655444341,1.968504,,,-1.695277613304,5.577428,0,1.19317261036,232.973760736,26,5,6.471,0,3.608924,13.533487,60.624017688,0,0,0,144.4, -8.4, 6.7,,,0,0,1024,1024,1024,1024,0,0,0,0,165.1,0,7.6,16,3.231,3.231,0,0,0,0,5.543,125.78,-1.695277613304,1.968504,31,Sport,
633800,2026-05-22 09:28:24,51.988865066094,4.3899966127919,1.968504,,,-1.695277613304,5.577428,0,1.19877628508,232.989836852,26,5,6.471,0,3.608924,13.533487,60.624017688,0,0,0,144.3, -8.7, 7.1,,,0,0,1024,1024,1024,1024,0,0,0,0,165.2,0,8.5,16,3.231,3.231,0,0,0,0,5.543,125.78,-1.695277613304,1.968504,31,Sport,
633900,2026-05-22 09:28:24,51.9888650538176,4.38999677044098,1.968504,,,-1.695277613304,5.577428,0,1.18580712456,233.025598008,26,5,6.471,0,3.608924,13.533487,60.624017688,0,0,0,144.3, -8.4, 8.2,,,0,0,1024,1024,1024,1024,0,0,0,0,165.3,0,8.6,16,3.231,3.231,0,0,0,0,5.543,125.78,-1.695277613304,1.968504,31,Sport,
634000,2026-05-22 09:28:25,51.9888650952559,4.38999689528664,1.968504,,,-1.695277613304,5.577428,0,1.19446854216,233.057422156,26,5,6.471,0,3.608924,13.533487,60.624017688,0,0,0,144.4, -8, 7.5,,,0,0,1024,1024,1024,1024,0,0,0,0,165.1,0,7.2,16,3.231,3.231,0,0,0,0,5.543,125.78,-1.695277613304,1.968504,31,Sport,
634100,2026-05-22 09:28:25,51.9888650562335,4.38999690708363,1.968504,,,-1.695277613304,5.577428,0,1.17999019524,233.071857852,26,5,6.471,0,3.608924,13.533487,60.624017688,0,0,0,144.4, -8.1, 6.1,,,0,0,1024,1024,1024,1024,0,0,0,0,165.1,0,7,16,3.231,3.231,0,0,0,0,5.543,125.78,-1.695277613304,1.968504,31,Sport,
634200,2026-05-22 09:28:25,51.9888650061254,4.38999692175335,1.968504,,,-1.695277613304,5.577428,0,1.16142064084,233.090230556,26,5,6.471,0,3.608924,13.533487,60.624017688,0,0,0,144.5, -7.9, 6.3,,,0,0,1024,1024,1024,1024,0,0,0,0,165,0,6.7,16,3.231,3.231,0,0,0,0,5.543,125.78,-1.695277613304,1.968504,31,Sport,
634300,2026-05-22 09:28:25,51.9888651777598,4.38999693848546,1.968504,,,-1.695277613304,5.577428,0,1.2220472832,233.153222684,26,5,6.471,0,3.608924,13.533487,60.624017688,0,0,0,144.4, -7.6, 5.9,,,0,0,1024,1024,1024,1024,0,0,0,0,164.9,0,6.8,16,3.231,3.231,0,0,0,0,5.543,125.78,-1.695277613304,1.968504,31,Sport,
634400,2026-05-22 09:28:25,51.9888654351578,4.3899969343746,1.968504,,,-1.695277613304,5.577428,0,1.31449479272,233.247054708,26,5,6.471,0,3.608924,13.533487,60.624017688,0,0,0,144.4, -7.6, 6.5,,,0,0,1024,1024,1024,1024,0,0,0,0,165,0,7.3,16,3.231,3.231,0,0,0,0,5.543,125.78,-1.695277613304,1.968504,31,Sport,
634500,2026-05-22 09:28:25,51.988865408883,4.38999695373947,1.968504,,,-1.695277613304,5.577428,0,1.30428809948,233.257553396,26,5,6.471,0,3.608924,13.533487,60.624017688,0,0,0,144.4, -8.2, 6.8,,,0,0,1024,1024,1024,1024,0,0,0,0,165.1,0,7.9,16,3.231,3.231,0,0,0,0,5.543,125.78,-1.695277613304,1.968504,31,Sport,
634600,2026-05-22 09:28:25,51.9888653711971,4.38999697413727,1.968504,,,-1.695277613304,5.577428,0,1.289944267,233.271989092,26,5,6.458,0,3.608924,13.533487,60.624017688,0,0,0,144.5, -7.5, 7.2,,,0,0,1024,1024,1024,1024,0,0,0,0,165.2,0,7.8,16,3.23,3.229,0,0,0,0,5.842,126.14,-1.695277613304,1.968504,31,Sport,
634700,2026-05-22 09:28:25,51.9888654116416,4.38999701077506,1.968504,,,-1.695277613304,5.577428,0,1.303067627,233.28904946,26,5,6.458,0,3.608924,13.533487,60.624017688,0,0,0,144.6, -6.7, 6.5,,,0,0,1024,1024,1024,1024,0,0,0,0,165,0,6.3,16,3.23,3.229,0,0,0,0,5.842,126.14,-1.695277613304,1.968504,31,Sport,
634800,2026-05-22 09:28:25,51.9888653575927,4.38999693744036,1.968504,,,-1.695277613304,5.577428,0,1.28653875508,233.314640012,26,5,6.458,0,3.608924,13.533487,60.624017688,0,0,0,144.6, -7.1, 5.2,,,0,0,1024,1024,1024,1024,0,0,0,0,164.8,0,4.8,16,3.23,3.229,0,0,0,0,5.842,126.14,-1.695277613304,1.968504,31,Sport,
634900,2026-05-22 09:28:25,51.988865368053,4.38999681603084,1.968504,,,-1.695277613304,5.577428,0,1.29554138004,233.342199068,26,5,6.458,0,3.608924,13.533487,60.624017688,0,0,0,144.6, -7.2, 3.4,,,0,0,1024,1024,1024,1024,0,0,0,0,164.7,0,3.7,16,3.23,3.229,0,0,0,0,5.842,126.14,-1.695277613304,1.968504,31,Sport,
635000,2026-05-22 09:28:26,51.9888653433973,4.38999677023231,1.968504,,,-1.695277613304,5.577428,0,1.28886815148,233.355978596,26,5,6.458,0,3.608924,13.533487,60.624017688,0,0,0,144.7, -7.9, 2.8,,,0,0,1024,1024,1024,1024,0,0,0,0,164.8,0,3.3,16,3.23,3.229,0,0,0,0,5.842,126.14,-1.695277613304,1.968504,31,Sport,
635100,2026-05-22 09:28:26,51.9888653521699,4.38999670053547,1.968504,,,-1.695277613304,5.577428,0,1.29539374224,233.371726628,26,5,6.458,0,3.608924,13.533487,60.624017688,0,0,0,144.7, -8.8, 2.6,,,0,0,1024,1024,1024,1024,0,0,0,0,164.8,0,3.4,16,3.23,3.229,0,0,0,0,5.842,126.14,-1.695277613304,1.968504,31,Sport,
635200,2026-05-22 09:28:26,51.9888653607111,4.38999665300669,1.968504,,,-1.695277613304,5.577428,0,1.30084321748,233.382881484,26,5,6.458,0,3.608924,13.533487,60.624017688,0,0,0,144.7, -9, 2.7,,,0,0,1024,1024,1024,1024,0,0,0,0,164.9,0,3.8,16,3.23,3.229,0,0,0,0,5.842,126.14,-1.695277613304,1.968504,31,Sport,
635300,2026-05-22 09:28:26,51.9888653229352,4.38999657604108,1.968504,,,-1.695277613304,5.577428,0,1.29156172112,233.405191196,26,5,6.458,0,3.608924,13.533487,60.624017688,0,0,0,144.7, -8.8, 3.3,,,0,0,1024,1024,1024,1024,0,0,0,0,164.8,0,3.8,16,3.23,3.229,0,0,0,0,5.842,126.14,-1.695277613304,1.968504,31,Sport,
635400,2026-05-22 09:28:26,51.9888653456119,4.38999654852404,1.968504,,,-1.695277613304,5.577428,0,1.30110240384,233.4153618,26,5,6.458,0,3.608924,13.533487,60.624017688,0,0,0,144.5, -9.4, 3.1,,,0,0,1024,1024,1024,1024,0,0,0,0,164.9,0,4.6,16,3.23,3.229,0,0,0,0,5.842,126.14,-1.695277613304,1.968504,31,Sport,
635500,2026-05-22 09:28:26,51.9888654682948,4.38999656797238,1.968504,,,-1.695277613304,5.577428,0,1.3434711716,233.460309308,26,5,6.458,0,3.608924,13.533487,60.624017688,0,0,0,144.5, -10, 4.3,,,0,0,1024,1024,1024,1024,0,0,0,0,165.2,0,5.7,16,3.23,3.229,0,0,0,0,5.842,126.14,-1.695277613304,1.968504,31,Sport,
635600,2026-05-22 09:28:26,51.988865506469,4.38999661869387,1.968504,,,-1.695277613304,5.577428,0,1.3543799646,233.478353928,26,5,6.45,0,3.608924,13.533487,60.624017688,0,0,0,144.5, -10.2, 5.5,,,0,0,1024,1024,1024,1024,0,0,0,0,165.2,0,6.1,16,3.225,3.224,0,0,0,0,5.707,126.14,-1.695277613304,1.968504,31,Sport,
635700,2026-05-22 09:28:26,51.9888654943468,4.38999681307638,1.968504,,,-1.695277613304,5.577428,0,1.34082681456,233.522317184,26,5,6.45,0,3.608924,13.533487,60.624017688,0,0,0,144.4, -10.4, 5.5,,,0,0,1024,1024,1024,1024,0,0,0,0,165.1,0,6.1,16,3.225,3.224,0,0,0,0,5.707,126.14,-1.695277613304,1.968504,31,Sport,
635800,2026-05-22 09:28:26,51.9888655048756,4.38999686143638,1.968504,,,-1.695277613304,5.577428,0,1.34250988548,233.533800124,26,5,6.45,0,3.608924,13.533487,60.624017688,0,0,0,144.4, -9.9, 5.4,,,0,0,1024,1024,1024,1024,0,0,0,0,165,0,5.6,16,3.225,3.224,0,0,0,0,5.707,126.14,-1.695277613304,1.968504,31,Sport,
635900,2026-05-22 09:28:26,51.9888655140851,4.389996817775,1.968504,,,-1.695277613304,5.577428,0,1.34768377016,233.543970728,26,5,6.45,0,3.608924,13.533487,60.624017688,0,0,0,144.4, -9.9, 4.9,,,0,0,1024,1024,1024,1024,0,0,0,0,164.9,0,5.5,16,3.225,3.224,0,0,0,0,5.707,126.14,-1.695277613304,1.968504,31,Sport,
636000,2026-05-22 09:28:26,51.9888654963344,4.38999687070147,1.968504,,,-1.695277613304,5.577428,0,1.3390584418,233.557750256,26,5,6.45,0,3.608924,13.533487,60.624017688,0,0,0,144.5, -9.3, 5.2,,,0,0,1024,1024,1024,1024,0,0,0,0,165.1,0,6.1,16,3.225,3.224,0,0,0,0,5.707,126.14,-1.695277613304,1.968504,31,Sport,
636100,2026-05-22 09:28:27,51.9888653602057,4.3899967135532,1.968504,,,-1.695277613304,5.577428,0,1.2976050284,233.61877388,26,5,6.45,0,3.608924,13.533487,60.624017688,0,0,0,144.4, -9.5, 5.3,,,0,0,1024,1024,1024,1024,0,0,0,0,165,0,5.5,16,3.225,3.224,0,0,0,0,5.707,126.14,-1.695277613304,1.968504,31,Sport,
636200,2026-05-22 09:28:27,51.988865339388,4.38999675052313,1.968504,,,-1.695277613304,5.577428,0,1.288385868,233.629928736,26,5,6.45,0,3.608924,13.533487,60.624017688,0,0,0,144.5, -9.1, 5.3,,,0,0,1024,1024,1024,1024,0,0,0,0,165.1,0,5.8,16,3.225,3.224,0,0,0,0,5.707,126.14,-1.695277613304,1.968504,31,Sport,
636300,2026-05-22 09:28:27,51.9888653388483,4.3899965586586,1.968504,,,-1.695277613304,5.577428,0,1.29814964784,233.67290774,26,5,6.45,0,3.608924,13.533487,60.624017688,0,0,0,144.5, -8.8, 4.8,,,0,0,1024,1024,1024,1024,0,0,0,0,164.9,0,5.1,16,3.225,3.224,0,0,0,0,5.707,126.14,-1.695277613304,1.968504,31,Sport,
636400,2026-05-22 09:28:27,51.9888653037238,4.38999657373176,1.968504,,,-1.695277613304,5.577428,0,1.28489505424,233.686359184,26,5,6.45,0,3.608924,13.533487,60.624017688,0,0,0,144.5, -8.1, 4.6,,,0,0,1024,1024,1024,1024,0,0,0,0,164.9,0,5.4,16,3.225,3.224,0,0,0,0,5.707,126.14,-1.695277613304,1.968504,31,Sport,
636500,2026-05-22 09:28:27,51.9888654242007,4.38999663920296,1.968504,,,-1.695277613304,5.577428,0,1.32410437308,233.732619028,26,5,6.45,0,3.608924,13.533487,60.624017688,0,0,0,144.6, -7.9, 4.8,,,0,0,1024,1024,1024,1024,0,0,0,0,164.9,0,5.4,16,3.225,3.224,0,0,0,0,5.707,126.14,-1.695277613304,1.968504,31,Sport,
636600,2026-05-22 09:28:27,51.9888654060731,4.38999664420068,1.968504,,,-1.695277613304,5.577428,0,1.31740817864,233.739180708,26,5,6.448,0,3.608924,13.533487,60.624017688,0,0,0,144.6, -8.1, 4.6,,,0,0,1024,1024,1024,1024,0,0,0,0,164.9,0,5,16,3.224,3.224,0,0,0,0,5.71,126.14,-1.695277613304,1.968504,31,Sport,
636700,2026-05-22 09:28:27,51.9888654743687,4.38999672384427,1.968504,,,-1.695277613304,5.577428,0,1.3377789142,233.770020604,26,5,6.448,0,3.608924,13.533487,60.624017688,0,0,0,144.5, -8.4, 4.5,,,0,0,1024,1024,1024,1024,0,0,0,0,165,0,5.6,16,3.224,3.224,0,0,0,0,5.71,126.14,-1.695277613304,1.968504,31,Sport,
636800,2026-05-22 09:28:27,51.9888653983028,4.38999662117012,1.968504,,,-1.695277613304,5.577428,0,1.31584321796,233.806109844,26,5,6.448,0,3.608924,13.533487,60.624017688,0,0,0,144.5, -8.5, 5,,,0,0,1024,1024,1024,1024,0,0,0,0,165,0,5.7,16,3.224,3.224,0,0,0,0,5.71,126.14,-1.695277613304,1.968504,31,Sport,
636900,2026-05-22 09:28:27,51.9888653774167,4.3899966223839,1.968504,,,-1.695277613304,5.577428,0,1.30836946444,233.813655776,26,5,6.448,0,3.608924,13.533487,60.624017688,0,0,0,144.6, -8.6, 4.8,,,0,0,1024,1024,1024,1024,0,0,0,0,164.9,0,5,16,3.224,3.224,0,0,0,0,5.71,126.14,-1.695277613304,1.968504,31,Sport,
637000,2026-05-22 09:28:27,51.9888653483833,4.38999661787309,1.968504,,,-1.695277613304,5.577428,0,1.298310409,233.824482548,26,5,6.448,0,3.608924,13.533487,60.624017688,0,0,0,144.5, -8.4, 4.2,,,0,0,1024,1024,1024,1024,0,0,0,0,164.9,0,5,16,3.224,3.224,0,0,0,0,5.71,126.14,-1.695277613304,1.968504,31,Sport,
637100,2026-05-22 09:28:28,51.9888653441084,4.38999639030981,1.968504,,,-1.695277613304,5.577428,0,1.30983928076,233.875335568,26,5,6.448,0,3.608924,13.533487,60.624017688,0,0,0,144.6, -8.5, 4.8,,,0,0,1024,1024,1024,1024,0,0,0,0,165.1,0,5.6,16,3.224,3.224,0,0,0,0,5.71,126.14,-1.695277613304,1.968504,31,Sport,
637200,2026-05-22 09:28:28,51.9888653773395,4.38999639981835,1.968504,,,-1.695277613304,5.577428,0,1.32092851996,233.88780276,26,5,6.448,0,3.608924,13.533487,60.624017688,0,0,0,144.7, -8.7, 5.6,,,0,0,1024,1024,1024,1024,0,0,0,0,165.4,0,6.4,16,3.224,3.224,0,0,0,0,5.71,126.14,-1.695277613304,1.968504,31,Sport,
637300,2026-05-22 09:28:28,51.9888653497626,4.38999634291318,1.968504,,,-1.695277613304,5.577428,0,1.31477038328,233.90420696,26,5,6.448,0,3.608924,13.533487,60.624017688,0,0,0,144.8, -7.9, 4.2,,,0,0,1024,1024,1024,1024,0,0,0,0,164.6,0,2.7,16,3.224,3.224,0,0,0,0,5.71,126.14,-1.695277613304,1.968504,31,Sport,
637400,2026-05-22 09:28:28,51.9888653341365,4.38999625794843,1.968504,,,-1.695277613304,5.577428,0,1.31479991084,233.923892,26,5,6.448,0,3.608924,13.533487,60.624017688,0,0,0,144.5, -9, 1.4,,,0,0,1024,1024,1024,1024,0,0,0,0,164.5,0,2.5,16,3.224,3.224,0,0,0,0,5.71,126.14,-1.695277613304,1.968504,31,Sport,
637500,2026-05-22 09:28:28,51.988865305253,4.38999625458879,1.968504,,,-1.695277613304,5.577428,0,1.30496067168,233.934718772,26,5,6.448,0,3.608924,13.533487,60.624017688,0,0,0,144.4, -9.7, 2.8,,,0,0,1024,1024,1024,1024,0,0,0,0,164.9,0,5,16,3.224,3.224,0,0,0,0,5.71,126.14,-1.695277613304,1.968504,31,Sport,
637600,2026-05-22 09:28:28,51.988865372058,4.38999630282707,1.968504,,,-1.695277613304,5.577428,0,1.32511815264,233.961293576,26,5,6.441,0,3.608924,13.533487,60.624017688,0,0,0,144.4, -10.3, 5,,,0,0,1024,1024,1024,1024,0,0,0,0,165.1,0,6.4,16,3.219,3.219,0,0,0,0,5.762,126.32,-1.695277613304,1.968504,31,Sport,
637700,2026-05-22 09:28:28,51.9888655652126,4.38999663017785,1.968504,,,-1.695277613304,5.577428,0,1.37469164504,234.062999616,26,5,6.441,0,3.608924,13.533487,60.624017688,0,0,0,144.3, -10.6, 6.1,,,0,0,1024,1024,1024,1024,0,0,0,0,165.2,0,7.3,16,3.219,3.219,0,0,0,0,5.762,126.32,-1.695277613304,1.968504,31,Sport,
637800,2026-05-22 09:28:28,51.9888656308525,4.38999671485045,1.968504,,,-1.695277613304,5.577428,0,1.39404203936,234.093839512,26,5,6.441,0,3.608924,13.533487,60.624017688,0,0,0,144.2, -10.4, 6.9,,,0,0,1024,1024,1024,1024,0,0,0,0,165.3,0,7.6,16,3.219,3.219,0,0,0,0,5.762,126.32,-1.695277613304,1.968504,31,Sport,
637900,2026-05-22 09:28:28,51.9888657668912,4.38999698682807,1.968504,,,-1.695277613304,5.577428,0,1.431840597,234.172251588,26,5,6.441,0,3.608924,13.533487,60.624017688,0,0,0,144.3, -10.9, 7.1,,,0,0,1024,1024,1024,1024,0,0,0,0,165.6,0,7.8,16,3.219,3.219,0,0,0,0,5.762,126.32,-1.695277613304,1.968504,31,Sport,
638000,2026-05-22 09:28:28,51.9888657867151,4.38999699290394,1.968504,,,-1.695277613304,5.577428,0,1.43877301192,234.17979752,26,5,6.441,0,3.608924,13.533487,60.624017688,0,0,0,144.5, -10.6, 6.5,,,0,0,1024,1024,1024,1024,0,0,0,0,165.1,0,5.4,16,3.219,3.219,0,0,0,0,5.762,126.32,-1.695277613304,1.968504,31,Sport,
638100,2026-05-22 09:28:29,51.9888658282005,4.38999687705209,1.968504,,,-1.695277613304,5.577428,0,1.4579396792,234.209981248,26,5,6.441,0,3.608924,13.533487,60.624017688,0,0,0,144.5, -10.6, 4.2,,,0,0,1024,1024,1024,1024,0,0,0,0,165,0,3.7,16,3.219,3.219,0,0,0,0,5.762,126.32,-1.695277613304,1.968504,31,Sport,
638200,2026-05-22 09:28:29,51.9888657124954,4.38999679754762,1.968504,,,-1.695277613304,5.577428,0.223694,1.41960634464,234.255584924,26,5,6.441,0,3.608924,13.533487,60.624017688,-0.223694,0,0,145, -9.3, 2.1,,,0,1,1024,1024,1024,1024,0,0,0,0,165,0,2,16,3.219,3.219,0,0,0,0,5.762,126.32,-1.695277613304,1.968504,31,Sport,
638300,2026-05-22 09:28:29,51.9888656164257,4.38999670809988,1.968504,,,-1.695277613304,5.577428,0.223694,1.38920280036,234.29626734,26,5,6.441,0,3.608924,13.533487,60.624017688,-0.223694,0,0,145.2, -8, 0.4,,,0,1,1024,1024,1024,1024,0,0,0,0,164.7,0,-0.1,16,3.219,3.219,0,0,0,0,5.762,126.32,-1.695277613304,1.968504,31,Sport,
638400,2026-05-22 09:28:29,51.988865516381,4.38999663738055,1.968504,,,-1.695277613304,5.577428,0.223694,1.35696198568,234.335965504,26,5,6.441,0,3.608924,13.533487,60.624017688,-0.223694,0,0,145.1, -7.6, -1.2,,,0,1,1024,1024,1024,1024,0,0,0,0,164.6,0,-0.1,16,3.219,3.219,0,0,0,0,5.762,126.32,-1.695277613304,1.968504,31,Sport,
638500,2026-05-22 09:28:29,51.9888652955938,4.38999674463159,1.968504,,,-1.695277613304,5.577428,0,1.27307418772,234.419955008,26,5,6.441,0,3.608924,13.533487,60.624017688,0,0,0,144.9, -7.1, -1,,,0,1,1024,1024,1024,1024,0,0,0,0,164.3,0,-0.2,16,3.219,3.219,0,0,0,0,5.762,126.32,-1.695277613304,1.968504,31,Sport,
638600,2026-05-22 09:28:29,51.9888652889373,4.38999675379929,1.968504,,,-1.695277613304,5.577428,0,1.27025594616,234.423235848,26,5,6.429,0,3.608924,13.533487,60.624017688,0,0,0,144.6, -7.9, -0.6,,,0,1,1024,1024,1024,1024,0,0,0,0,164.2,0,1.4,15,3.217,3.218,0,0,0,0,6.024,126.32,-1.695277613304,1.968504,31,Sport,
638700,2026-05-22 09:28:29,51.9888651028719,4.38999688328794,1.968504,,,-1.695277613304,5.577428,0,1.19774282048,234.497054748,26,5,6.429,0,3.608924,13.533487,60.624017688,0,0,0,144.5, -8.3, 2.4,,,0,1,1024,1024,1024,1024,0,0,0,0,164.9,0,4.4,15,3.217,3.218,0,0,0,0,6.024,126.32,-1.695277613304,1.968504,31,Sport,
638800,2026-05-22 09:28:29,51.9888651261654,4.38999698980862,1.968504,,,-1.695277613304,5.577428,0,1.20138127204,234.522317216,26,5,6.429,0,3.608924,13.533487,60.624017688,0,0,0,144.7, -7.9, 4,,,0,1,1024,1024,1024,1024,0,0,0,0,164.9,0,4.6,15,3.217,3.218,0,0,0,0,6.024,126.32,-1.695277613304,1.968504,31,Sport,
638900,2026-05-22 09:28:29,51.9888650317663,4.38999724075373,1.968504,,,-1.695277613304,5.577428,0,1.15809714992,234.588590184,26,5,6.429,0,3.608924,13.533487,60.624017688,0,0,0,144.8, -6.8, 3.5,,,0,1,1024,1024,1024,1024,0,0,0,0,164.7,0,2.9,15,3.217,3.218,0,0,0,0,6.024,126.32,-1.695277613304,1.968504,31,Sport,
639000,2026-05-22 09:28:29,51.9888649947656,4.38999728183799,1.968504,,,-1.695277613304,5.577428,0,1.14342851428,234.604994384,26,5,6.429,0,3.608924,13.533487,60.624017688,0,0,0,144.7, -6.3, 1.5,,,0,1,1024,1024,1024,1024,0,0,0,0,164.5,0,2.4,15,3.217,3.218,0,0,0,0,6.024,126.32,-1.695277613304,1.968504,31,Sport,
639100,2026-05-22 09:28:30,51.9888650474866,4.3899974370143,1.968504,,,-1.695277613304,5.577428,0,1.1582677536,234.644692548,26,5,6.429,0,3.608924,13.533487,60.624017688,0,0,0,144.6, -5.7, 2.3,,,0,1,1024,1024,1024,1024,0,0,0,0,164.6,0,3.8,15,3.217,3.218,0,0,0,0,6.024,126.32,-1.695277613304,1.968504,31,Sport,
639200,2026-05-22 09:28:30,51.9888650781905,4.38999751713087,1.968504,,,-1.695277613304,5.577428,0,1.16765423684,234.666018008,26,5,6.429,0,3.608924,13.533487,60.624017688,0,0,0,144.7, -5.8, 3.6,,,0,1,1024,1024,1024,1024,0,0,0,0,164.8,0,5,15,3.217,3.218,0,0,0,0,6.024,126.32,-1.695277613304,1.968504,31,Sport,
639300,2026-05-22 09:28:30,51.9888650018248,4.38999769554815,1.968504,,,-1.695277613304,5.577428,0,1.13691932772,234.71457444,26,5,6.429,0,3.608924,13.533487,60.624017688,0,0,0,144.7, -6.6, 5,,,0,1,1024,1024,1024,1024,0,0,0,0,164.9,0,5.6,15,3.217,3.218,0,0,0,0,6.024,126.32,-1.695277613304,1.968504,31,Sport,
639400,2026-05-22 09:28:30,51.9888650657256,4.38999770591921,1.968504,,,-1.695277613304,5.577428,0,1.16006893476,234.738196488,26,5,6.429,0,3.608924,13.533487,60.624017688,0,0,0,144.6, -7.7, 4.2,,,0,1,1024,1024,1024,1024,0,0,0,0,164.7,0,4.4,15,3.217,3.218,0,0,0,0,6.024,126.32,-1.695277613304,1.968504,31,Sport,
639500,2026-05-22 09:28:30,51.9888650333854,4.38999770881976,1.968504,,,-1.695277613304,5.577428,0,1.14825134908,234.750007512,26,5,6.429,0,3.608924,13.533487,60.624017688,0,0,0,144.6, -8, 3.6,,,0,1,1024,1024,1024,1024,0,0,0,0,164.8,0,4.3,15,3.217,3.218,0,0,0,0,6.024,126.32,-1.695277613304,1.968504,31,Sport,
639600,2026-05-22 09:28:30,51.9888650514445,4.38999767697972,1.968504,,,-1.695277613304,5.577428,0,1.15523625744,234.759521948,26,5,6.431,0,3.608924,13.533487,60.624017688,0,0,0,144.7, -7.7, 3.5,,,0,1,1024,1024,1024,1024,0,0,0,0,164.8,0,4.5,15,3.214,3.213,0,0,0,0,5.725,126.5,-1.695277613304,1.968504,31,Sport,
639700,2026-05-22 09:28:30,51.988864949892,4.38999763893513,1.968504,,,-1.695277613304,5.577428,0,1.11881237176,234.797579692,26,5,6.431,0,3.608924,13.533487,60.624017688,0,0,0,144.6, -8.1, 3.6,,,0,1,1024,1024,1024,1024,0,0,0,0,164.8,0,4,15,3.214,3.213,0,0,0,0,5.725,126.5,-1.695277613304,1.968504,31,Sport,
639800,2026-05-22 09:28:30,51.9888648965114,4.3899974960288,1.968504,,,-1.695277613304,5.577428,0,1.10211289616,234.835309352,26,5,6.431,0,3.608924,13.533487,60.624017688,0,0,0,144.6, -7.8, 3.6,,,0,1,1024,1024,1024,1024,0,0,0,0,164.7,0,4,15,3.214,3.213,0,0,0,0,5.725,126.5,-1.695277613304,1.968504,31,Sport,
639900,2026-05-22 09:28:30,51.9888648561697,4.38999748349798,1.968504,,,-1.695277613304,5.577428,0,1.08775594032,234.850401216,26,5,6.431,0,3.608924,13.533487,60.624017688,0,0,0,144.6, -6.7, 2.8,,,0,1,1024,1024,1024,1024,0,0,0,0,164.7,0,3.7,15,3.214,3.213,0,0,0,0,5.725,126.5,-1.695277613304,1.968504,31,Sport,
640000,2026-05-22 09:28:31,51.9888648040056,4.38999748556037,1.968504,,,-1.695277613304,5.577428,0,1.06877956176,234.869430088,26,5,6.431,0,3.608924,13.533487,60.624017688,0,0,0,144.7, -5.6, 3.9,,,0,1,1024,1024,1024,1024,0,0,0,0,164.8,0,4.5,15,3.214,3.213,0,0,0,0,5.725,126.5,-1.695277613304,1.968504,31,Sport,
640100,2026-05-22 09:28:31,51.9888647740727,4.38999749122932,1.968504,,,-1.695277613304,5.577428,0,1.05778546692,234.88025686,26,5,6.431,0,3.608924,13.533487,60.624017688,0,0,0,144.8, -5.7, 3.1,,,0,1,1024,1024,1024,1024,0,0,0,0,164.9,0,3.7,15,3.214,3.213,0,0,0,0,5.725,126.5,-1.695277613304,1.968504,31,Sport,
640200,2026-05-22 09:28:31,51.9888647171282,4.38999745636352,1.968504,,,-1.695277613304,5.577428,0,1.03798887836,234.902566572,26,5,6.431,0,3.608924,13.533487,60.624017688,0,0,0,145, -4.8, 2,,,0,1,1024,1024,1024,1024,0,0,0,0,164.7,0,1.2,15,3.214,3.213,0,0,0,0,5.725,126.5,-1.695277613304,1.968504,31,Sport,
640300,2026-05-22 09:28:31,51.9888646724302,4.38999732411865,1.968504,,,-1.695277613304,5.577428,0,1.02566276248,234.936359224,26,5,6.431,0,3.608924,13.533487,60.624017688,0,0,0,145.1, -4.5, 0.3,,,0,1,1024,1024,1024,1024,0,0,0,0,164.6,0,1.3,15,3.214,3.213,0,0,0,0,5.725,126.5,-1.695277613304,1.968504,31,Sport,
640400,2026-05-22 09:28:31,51.9888646616273,4.38999730279573,1.968504,,,-1.695277613304,5.577428,0,1.02246722432,234.94259282,26,5,6.431,0,3.608924,13.533487,60.624017688,0,0,0,144.9, -5.1, 1.5,,,0,1,1024,1024,1024,1024,0,0,0,0,164.9,0,3.1,15,3.214,3.213,0,0,0,0,5.725,126.5,-1.695277613304,1.968504,31,Sport,
640500,2026-05-22 09:28:31,51.9888646947642,4.38999705349045,1.968504,,,-1.695277613304,5.577428,0,1.04417982344,235.00000752,26,5,6.431,0,3.608924,13.533487,60.624017688,0,0,0,145, -5.8, 2.6,,,0,1,1024,1024,1024,1024,0,0,0,0,164.9,0,4.1,15,3.214,3.213,0,0,0,0,5.725,126.5,-1.695277613304,1.968504,31,Sport,
640600,2026-05-22 09:28:31,51.9888647208506,4.38999703934241,1.968504,,,-1.695277613304,5.577428,0,1.05414045368,235.00985004,26,5,6.423,0,3.608924,13.533487,60.624017688,0,0,0,144.8, -6, 4.1,,,0,1,1024,1024,1024,1024,0,0,0,0,164.9,0,4,15,3.216,3.214,0,0,0,0,5.762,126.5,-1.695277613304,1.968504,31,Sport,
640700,2026-05-22 09:28:31,51.9888646490639,4.38999679274118,1.968504,,,-1.695277613304,5.577428,0,1.04134517768,235.071201748,26,5,6.423,0,3.608924,13.533487,60.624017688,0,0,0,144.8, -6.1, 1.7,,,0,1,1024,1024,1024,1024,0,0,0,0,164.5,0,1.6,15,3.216,3.214,0,0,0,0,5.762,126.5,-1.695277613304,1.968504,31,Sport,
640800,2026-05-22 09:28:31,51.9888646449432,4.38999671356711,1.968504,,,-1.695277613304,5.577428,0,1.04460961348,235.088918284,26,5,6.423,0,3.608924,13.533487,60.624017688,0,0,0,144.7, -6.2, 0.9,,,0,1,1024,1024,1024,1024,0,0,0,0,164.6,0,1.5,15,3.216,3.214,0,0,0,0,5.762,126.5,-1.695277613304,1.968504,31,Sport,
640900,2026-05-22 09:28:31,51.988864589438,4.38999651586322,1.968504,,,-1.695277613304,5.577428,0,1.03838914084,235.1378028,26,5,6.423,0,3.608924,13.533487,60.624017688,0,0,0,144.8, -6.2, 1.1,,,0,1,1024,1024,1024,1024,0,0,0,0,164.6,0,2.3,15,3.216,3.214,0,0,0,0,5.762,126.5,-1.695277613304,1.968504,31,Sport,
641000,2026-05-22 09:28:32,51.9888645216392,4.38999644859048,1.968504,,,-1.695277613304,5.577428,0,1.01997378592,235.167002276,26,5,6.423,0,3.608924,13.533487,60.624017688,0,0,0,144.6, -7.2, 2.2,,,0,1,1024,1024,1024,1024,0,0,0,0,164.6,0,2.8,15,3.216,3.214,0,0,0,0,5.762,126.5,-1.695277613304,1.968504,31,Sport,
641100,2026-05-22 09:28:32,51.9888645815649,4.38999644727931,1.968504,,,-1.695277613304,5.577428,0,1.04067588632,235.18865582,26,5,6.423,0,3.608924,13.533487,60.624017688,0,0,0,144.6, -7.8, 2.2,,,0,1,1024,1024,1024,1024,0,0,0,0,164.7,0,3.6,15,3.216,3.214,0,0,0,0,5.762,126.5,-1.695277613304,1.968504,31,Sport,
641200,2026-05-22 09:28:32,51.9888646257618,4.38999649977104,1.968504,,,-1.695277613304,5.577428,0,1.05210305204,235.208668944,26,5,6.423,0,3.608924,13.533487,60.624017688,0,0,0,144.7, -6.8, 3.3,,,0,1,1024,1024,1024,1024,0,0,0,0,165.1,0,4.4,15,3.216,3.214,0,0,0,0,5.762,126.5,-1.695277613304,1.968504,31,Sport,
641300,2026-05-22 09:28:32,51.9888643588802,4.38999632183371,1.968504,,,-1.695277613304,5.577428,0,0.97484911256,235.313983908,27,5,6.423,0,3.608924,13.533487,60.624017688,0,0,0,145.1, -5.5, 4.7,,,0,1,1024,1024,1024,1024,0,0,0,0,165.2,0,5,15,3.216,3.214,0,0,0,0,5.762,126.5,-1.695277613304,1.968504,31,Sport,
641400,2026-05-22 09:28:32,51.9888643255719,4.38999632039039,1.968504,,,-1.695277613304,5.577428,0,0.9637631542,235.326123016,27,5,6.423,0,3.608924,13.533487,60.624017688,0,0,0,145, -5.2, 3.3,,,0,1,1024,1024,1024,1024,0,0,0,0,164.8,0,2.2,15,3.216,3.214,0,0,0,0,5.762,126.5,-1.695277613304,1.968504,31,Sport,
641500,2026-05-22 09:28:32,51.9888643480173,4.38999598626991,1.968504,,,-1.695277613304,5.577428,0,1.00259845728,235.401582336,26,5,6.423,0,3.608924,13.533487,60.624017688,0,0,0,144.8, -5.3, 1.9,,,0,1,1024,1024,1024,1024,0,0,0,0,164.7,0,2.8,15,3.216,3.214,0,0,0,0,5.762,126.5,-1.695277613304,1.968504,31,Sport,
641600,2026-05-22 09:28:32,51.9888643447618,4.38999592581034,1.968504,,,-1.695277613304,5.577428,0,1.00769688264,235.415361864,26,5,6.414,0,3.608924,13.533487,60.624017688,0,0,0,144.7, -6.1, 1.3,,,0,1,1024,1024,1024,1024,0,0,0,0,164.5,0,2,15,3.213,3.212,0,0,0,0,5.951,126.68,-1.695277613304,1.968504,31,Sport,
641700,2026-05-22 09:28:32,51.988864298132,4.3899957451707,1.968504,,,-1.695277613304,5.577428,0,1.0121555442,235.45932512,25,5,6.414,0,3.608924,13.533487,60.624017688,0,0,0,144.7, -5.9, 0.5,,,0,1,1024,1024,1024,1024,0,0,0,0,164.5,0,0.9,15,3.213,3.212,0,0,0,0,5.951,126.68,-1.695277613304,1.968504,31,Sport,
641800,2026-05-22 09:28:32,51.9888641970892,4.38999558232739,1.968504,,,-1.695277613304,5.577428,0,0.99959976952,235.511162392,25,5,6.414,0,3.608924,13.533487,60.624017688,0,0,0,144.7, -6.2, -0.8,,,0,1,1024,1024,1024,1024,0,0,0,0,164.4,0,0.9,15,3.213,3.212,0,0,0,0,5.951,126.68,-1.695277613304,1.968504,31,Sport,
641900,2026-05-22 09:28:32,51.9888642518662,4.38999553859646,1.968504,,,-1.695277613304,5.577428,0,1.02173231616,235.533472104,25,5,6.414,0,3.608924,13.533487,60.624017688,0,0,0,144.7, -8.1, 1.2,,,0,1,1024,1024,1024,1024,0,0,0,0,164.8,0,3,15,3.213,3.212,0,0,0,0,5.951,126.68,-1.695277613304,1.968504,31,Sport,
642000,2026-05-22 09:28:33,51.9888643556975,4.38999552214606,1.968504,,,-1.695277613304,5.577428,0.223694,1.05580055872,235.571529848,25,5,6.414,0,3.608924,13.533487,60.624017688,0.223694,0,0,144.5, -9.6, 2.6,,,0,1,1024,1024,1024,1024,0,0,0,0,165,0,4.4,15,3.213,3.212,0,0,0,0,5.951,126.68,-1.695277613304,1.968504,31,Sport,
642100,2026-05-22 09:28:33,51.988864458398,4.3899954576278,1.968504,,,-1.695277613304,5.577428,0.223694,1.09533468072,235.61188418,25,5,6.414,0,3.608924,13.533487,60.624017688,0.223694,0,0,144.6, -10.8, 4.7,,,0,1,1024,1024,1024,1024,0,0,0,0,165.1,0,4.6,15,3.213,3.212,0,0,0,0,5.951,126.68,-1.695277613304,1.968504,31,Sport,
642200,2026-05-22 09:28:33,51.988864535886,4.38999542074134,1.968504,,,-1.695277613304,5.577428,0,1.1238353378,235.641083656,25,5,6.414,0,3.608924,13.533487,60.624017688,0,0,0,144.7, -10.1, 3.5,,,0,1,1024,1024,1024,1024,0,0,0,0,164.7,0,2.7,15,3.213,3.212,0,0,0,0,5.951,126.68,-1.695277613304,1.968504,31,Sport,
642300,2026-05-22 09:28:33,51.9888643562629,4.38999511787314,1.968504,,,-1.695277613304,5.577428,0,1.10625987792,235.735571848,23,5,6.414,0,3.608924,13.533487,60.624017688,0,0,0,144.6, -9.8, 2.2,,,0,0,1024,1024,1024,1024,0,0,0,0,165,0,3.8,15,3.213,3.212,0,0,0,0,5.951,126.68,-1.695277613304,1.968504,31,Sport,
642400,2026-05-22 09:28:33,51.9888643677427,4.38999509864043,1.968504,,,-1.695277613304,5.577428,0,1.11218179412,235.741805444,23,5,6.414,0,3.608924,13.533487,60.624017688,0,0,0,144.7, -9.8, 3.3,,,0,0,1024,1024,1024,1024,0,0,0,0,164.4,0,1.9,15,3.213,3.212,0,0,0,0,5.951,126.68,-1.695277613304,1.968504,31,Sport,
642500,2026-05-22 09:28:33,51.9888644315278,4.38999506077669,1.968504,,,-1.695277613304,5.577428,0,1.13606959016,235.766411744,23,5,6.414,0,3.608924,13.533487,60.624017688,0,0,0,144.5, -9.3, 1.8,,,0,0,1024,1024,1024,1024,0,0,0,0,164.8,0,4.3,15,3.213,3.212,0,0,0,0,5.951,126.68,-1.695277613304,1.968504,31,Sport,
642600,2026-05-22 09:28:33,51.9888644632169,4.38999512246395,1.968504,,,-1.695277613304,5.577428,0,1.13763455084,235.784456364,23,5,6.408,0,3.608924,13.533487,60.624017688,0,0,0,144.2, -9.6, 3.9,,,0,0,1024,1024,1024,1024,0,0,0,0,165.2,0,6,15,3.207,3.206,0,0,0,0,5.929,126.68,-1.695277613304,1.968504,31,Sport,
642700,2026-05-22 09:28:33,51.9888644531251,4.38999503191024,1.968504,,,-1.695277613304,5.577428,0,1.14624675584,235.805125656,24,5,6.408,0,3.608924,13.533487,60.624017688,0,0,0,144.9, -8.5, 6,,,0,0,1024,1024,1024,1024,0,0,0,0,165.5,0,5.4,15,3.207,3.206,0,0,0,0,5.929,126.68,-1.695277613304,1.968504,31,Sport,
642800,2026-05-22 09:28:33,51.9888644271758,4.38999503819826,1.968504,,,-1.695277613304,5.577428,0,1.13771657184,235.814640092,24,5,6.408,0,3.608924,13.533487,60.624017688,0,0,0,144.9, -8.6, 3.6,,,0,0,1024,1024,1024,1024,0,0,0,0,165,0,3.7,15,3.207,3.206,0,0,0,0,5.929,126.68,-1.695277613304,1.968504,31,Sport,
642900,2026-05-22 09:28:33,51.9888643024326,4.38999482238154,1.968504,,,-1.695277613304,5.577428,0,1.13082680784,235.881241144,24,5,6.408,0,3.608924,13.533487,60.624017688,0,0,0,144.8, -7.7, 3.1,,,0,0,1024,1024,1024,1024,0,0,0,0,164.5,0,2.1,15,3.207,3.206,0,0,0,0,5.929,126.68,-1.695277613304,1.968504,31,Sport,
643000,2026-05-22 09:28:33,51.9888642345139,4.38999481112362,1.968504,,,-1.695277613304,5.577428,0,1.11327431384,235.906175528,24,5,6.408,0,3.608924,13.533487,60.624017688,0,0,0,144.6, -7.3, 1.8,,,0,0,1024,1024,1024,1024,0,0,0,0,165,0,4.5,15,3.207,3.206,0,0,0,0,5.929,126.68,-1.695277613304,1.968504,31,Sport,
643100,2026-05-22 09:28:34,51.9888644631698,4.38999486592814,1.968504,,,-1.695277613304,5.577428,0,1.17115817396,235.990493116,24,5,6.408,0,3.608924,13.533487,60.624017688,0,0,0,145, -7.3, 4.4,,,0,0,1024,1024,1024,1024,0,0,0,0,164.8,0,3.3,15,3.207,3.206,0,0,0,0,5.929,126.68,-1.695277613304,1.968504,31,Sport,
643200,2026-05-22 09:28:34,51.9888644214402,4.38999481042109,1.968504,,,-1.695277613304,5.577428,0,1.16657155964,236.010178156,24,5,6.408,0,3.608924,13.533487,60.624017688,0,0,0,144.7, -8.8, 0.9,,,0,0,1024,1024,1024,1024,0,0,0,0,164.1,0,-0.1,15,3.207,3.206,0,0,0,0,5.929,126.68,-1.695277613304,1.968504,31,Sport,
643300,2026-05-22 09:28:34,51.9888644106373,4.38999494067139,1.968504,,,-1.695277613304,5.577428,0,1.14575462984,236.039705716,25,5,6.408,0,3.608924,13.533487,60.624017688,0,0,0,144.6, -7.9, -0.7,,,0,0,1024,1024,1024,1024,0,0,0,0,164.5,0,2.6,15,3.207,3.206,0,0,0,0,5.929,126.68,-1.695277613304,1.968504,31,Sport,
643400,2026-05-22 09:28:34,51.9888643644701,4.38999505524685,1.968504,,,-1.695277613304,5.577428,0,1.11692588876,236.070545612,25,5,6.408,0,3.608924,13.533487,60.624017688,0,0,0,144.7, -4.9, 2.5,,,0,0,1024,1024,1024,1024,0,0,0,0,164.5,0,4.4,15,3.207,3.206,0,0,0,0,5.929,126.68,-1.695277613304,1.968504,31,Sport,
643500,2026-05-22 09:28:34,51.9888642967527,4.38999516228574,1.968504,,,-1.695277613304,5.577428,0,1.08280515276,236.104994432,25,5,6.408,0,3.608924,13.533487,60.624017688,0,0,0,144.7, -4, 4.5,,,0,0,1024,1024,1024,1024,0,0,0,0,164.7,0,5.3,15,3.207,3.206,0,0,0,0,5.929,126.68,-1.695277613304,1.968504,31,Sport,
643600,2026-05-22 09:28:34,51.9888642631788,4.38999523669511,1.968504,,,-1.695277613304,5.577428,0,1.0631069894,236.125663724,25,5,6.417,0,3.608924,13.533487,60.624017688,0,0,0,144.6, -3.7, 4.6,,,0,0,1024,1024,1024,1024,0,0,0,0,164.4,0,3.9,15,3.205,3.205,0,0,0,0,5.583,126.86,-1.695277613304,1.968504,31,Sport,
643700,2026-05-22 09:28:34,51.9888643213484,4.3899953265602,1.968504,,,-1.695277613304,5.577428,0,1.06905187148,236.1548632,25,5,6.417,0,3.608924,13.533487,60.624017688,0,0,0,144.7, -3.5, 3,,,0,0,1024,1024,1024,1024,0,0,0,0,164.6,0,3.7,15,3.205,3.205,0,0,0,0,5.583,126.86,-1.695277613304,1.968504,31,Sport,
643800,2026-05-22 09:28:34,51.9888643188126,4.38999527310509,1.968504,,,-1.695277613304,5.577428,0,1.07504268532,236.167002308,25,5,6.417,0,3.608924,13.533487,60.624017688,0,0,0,144.9, -4.1, 2.4,,,0,0,1024,1024,1024,1024,0,0,0,0,164.7,0,2.7,15,3.205,3.205,0,0,0,0,5.583,126.86,-1.695277613304,1.968504,31,Sport,
643900,2026-05-22 09:28:34,51.9888644227638,4.38999543166538,1.968504,,,-1.695277613304,5.577428,0,1.08729990356,236.219167664,25,5,6.417,0,3.608924,13.533487,60.624017688,0,0,0,144.8, -5.6, 2.2,,,0,0,1024,1024,1024,1024,0,0,0,0,164.9,0,3.7,15,3.205,3.205,0,0,0,0,5.583,126.86,-1.695277613304,1.968504,31,Sport,"Low battery Low battery. Return to home promptly (Code: 30183)"
644000,2026-05-22 09:28:34,51.9888644679887,4.38999531480147,1.968504,,,-1.695277613304,5.577428,0,1.11524937952,236.25000756,25,5,6.417,0,3.608924,13.533487,60.624017688,0,0,0,144.9, -6.8, 1.9,,,0,0,1024,1024,1024,1024,0,0,0,0,164.6,0,1.9,15,3.205,3.205,0,0,0,0,5.583,126.86,-1.695277613304,1.968504,31,Sport,
644100,2026-05-22 09:28:35,51.9888645289682,4.38999524169631,1.968504,,,-1.695277613304,5.577428,0,1.14284124392,236.277566616,26,5,6.417,0,3.608924,13.533487,60.624017688,0,0,0,144.8, -8.7, 1.6,,,0,0,1024,1024,1024,1024,0,0,0,0,164.9,0,3.9,15,3.205,3.205,0,0,0,0,5.583,126.86,-1.695277613304,1.968504,31,Sport,
644200,2026-05-22 09:28:35,51.9888645704922,4.38999518935413,1.968504,,,-1.695277613304,5.577428,0,1.1619422944,236.296923572,26,5,6.417,0,3.608924,13.533487,60.624017688,0,0,0,144.6, -8.2, 2.4,,,0,0,1024,1024,1024,1024,0,0,0,0,164.2,0,2.3,15,3.205,3.205,0,0,0,0,5.583,126.86,-1.695277613304,1.968504,31,Sport,
644300,2026-05-22 09:28:35,51.9888645913484,4.38999530834303,1.968504,,,-1.695277613304,5.577428,0,1.15420607368,236.324810712,27,5,6.417,0,3.608924,13.533487,60.624017688,0,0,0,144.3, -7, 2.2,,,0,0,1024,1024,1024,1024,0,0,0,0,164.7,0,4.4,15,3.205,3.205,0,0,0,0,5.583,126.86,-1.695277613304,1.968504,31,Sport,
644400,2026-05-22 09:28:35,51.9888645927534,4.38999532795135,1.968504,,,-1.695277613304,5.577428,0,1.15235567992,236.329075804,27,5,6.417,0,3.608924,13.533487,60.624017688,0,0,0,144.6, -6.4, 2.9,,,0,0,1024,1024,1024,1024,0,0,0,0,164.4,0,2.5,15,3.205,3.205,0,0,0,0,5.583,126.86,-1.695277613304,1.968504,31,Sport,
644500,2026-05-22 09:28:35,51.9888646356909,4.38999532009481,1.968504,,,-1.695277613304,5.577428,0,1.16669295072,236.344823836,27,5,6.417,0,3.608924,13.533487,60.624017688,0,0,0,144.5, -7.8, 2.8,,,0,0,1024,1024,1024,1024,0,0,0,0,164.9,0,5.3,15,3.205,3.205,0,0,0,0,5.583,126.86,-1.695277613304,1.968504,31,Sport,
644600,2026-05-22 09:28:35,51.9888646736938,4.38999533262911,1.968504,,,-1.695277613304,5.577428,0,1.17718835788,236.358931448,27,5,6.404,0,3.608924,13.533487,60.624017688,0,0,0,144.7, -8.2, 5.5,,,0,0,1024,1024,1024,1024,0,0,0,0,165.1,0,5.3,15,3.2,3.199,0,0,0,0,5.849,126.86,-1.695277613304,1.968504,31,Sport,
644700,2026-05-22 09:28:35,51.9888646734111,4.38999526757873,1.968504,,,-1.695277613304,5.577428,0,1.18456040536,236.373695228,26,5,6.404,0,3.608924,13.533487,60.624017688,0,0,0,144.9, -8.2, 4,,,0,0,1024,1024,1024,1024,0,0,0,0,165,0,3.9,15,3.2,3.199,0,0,0,0,5.849,126.86,-1.695277613304,1.968504,31,Sport,
644800,2026-05-22 09:28:35,51.9888646844025,4.38999518455812,1.968504,,,-1.695277613304,5.577428,0,1.19769032704,236.3927241,26,5,6.404,0,3.608924,13.533487,60.624017688,0,0,0,144.9, -8.8, 2.7,,,0,0,1024,1024,1024,1024,0,0,0,0,164.9,0,2.8,15,3.2,3.199,0,0,0,0,5.849,126.86,-1.695277613304,1.968504,31,Sport,
644900,2026-05-22 09:28:35,51.9888646051669,4.38999493863682,1.968504,,,-1.695277613304,5.577428,0,1.20371066844,236.45506006,27,5,6.404,0,3.608924,13.533487,60.624017688,0,0,0,145.1, -9.9, 1.4,,,0,0,1024,1024,1024,1024,0,0,0,0,164.7,0,0,15,3.2,3.199,0,0,0,0,5.849,126.86,-1.695277613304,1.968504,31,Sport,
645000,2026-05-22 09:28:35,51.9888645851888,4.38999476393219,1.968504,,,-1.695277613304,5.577428,0.223694,1.22056762436,236.495086308,27,5,6.404,0,3.608924,13.533487,60.624017688,0,-0.223694,0,145.3, -10.1, -2,,,0,0,1024,1024,1024,1024,0,0,0,0,164.5,0,-1.8,15,3.2,3.199,0,0,0,0,5.849,126.86,-1.695277613304,1.968504,31,Sport,
645100,2026-05-22 09:28:36,51.9888645708477,4.38999469882269,1.968504,,,-1.695277613304,5.577428,0,1.2251148686,236.510506256,27,5,6.404,0,3.608924,13.533487,60.624017688,0,0,0,145.4, -10.1, -2,,,0,0,1024,1024,1024,1024,0,0,0,0,164.4,0,-1.1,15,3.2,3.199,0,0,0,0,5.849,126.86,-1.695277613304,1.968504,31,Sport,
645200,2026-05-22 09:28:36,51.9888645698197,4.3899946278147,1.968504,,,-1.695277613304,5.577428,0,1.23449479016,236.526582372,27,5,6.404,0,3.608924,13.533487,60.624017688,0,0,0,145.2, -10, -1.7,,,0,0,1024,1024,1024,1024,0,0,0,0,164.4,0,-1.3,15,3.2,3.199,0,0,0,0,5.849,126.86,-1.695277613304,1.968504,31,Sport,
645300,2026-05-22 09:28:36,51.9888646721132,4.38999463632508,1.968504,,,-1.695277613304,5.577428,0,1.26311355748,236.563983948,27,5,6.404,0,3.608924,13.533487,60.624017688,0,0,0,145.3, -10.1, -1.6,,,0,0,1024,1024,1024,1024,0,0,0,0,164.7,0,-0.8,15,3.2,3.199,0,0,0,0,5.849,126.86,-1.695277613304,1.968504,31,Sport,
645400,2026-05-22 09:28:36,51.9888646082295,4.38999461902608,1.968504,,,-1.695277613304,5.577428,0,1.2468176252,236.587605996,27,5,6.404,0,3.608924,13.533487,60.624017688,0,0,0,145.3, -9.2, -1.9,,,0,0,1024,1024,1024,1024,0,0,0,0,164.1,0,-2.4,15,3.2,3.199,0,0,0,0,5.849,126.86,-1.695277613304,1.968504,31,Sport,
645500,2026-05-22 09:28:36,51.9888645538894,4.38999455845174,1.968504,,,-1.695277613304,5.577428,0,1.23951447536,236.611556128,27,5,6.404,0,3.608924,13.533487,60.624017688,0,0,0,144.9, -8.3, -3.1,,,0,0,1024,1024,1024,1024,0,0,0,0,163.9,0,-1.9,15,3.2,3.199,0,0,0,0,5.849,126.86,-1.695277613304,1.968504,31,Sport,
645600,2026-05-22 09:28:36,51.9888645292381,4.38999452298079,1.968504,,,-1.695277613304,5.577428,0,1.23747051204,236.623695236,27,5,6.395,0,3.608924,13.533487,60.624017688,0,0,0,144.8, -8.6, -2.2,,,0,0,1024,1024,1024,1024,0,0,0,0,164.1,0,-0.9,15,3.199,3.199,0,0,0,0,5.867,126.86,-1.695277613304,1.968504,31,Sport,
645700,2026-05-22 09:28:36,51.9888644971634,4.38999460238787,1.968504,,,-1.695277613304,5.577428,0,1.21717195496,236.645020696,27,5,6.395,0,3.608924,13.533487,60.624017688,0,0,0,144.9, -8.5, -1.1,,,0,0,1024,1024,1024,1024,0,0,0,0,164.4,0,0,15,3.199,3.199,0,0,0,0,5.867,126.86,-1.695277613304,1.968504,31,Sport,
645800,2026-05-22 09:28:36,51.9888644806721,4.38999470553153,1.968504,,,-1.695277613304,5.577428,0,1.19809387036,236.668970828,27,5,6.395,0,3.608924,13.533487,60.624017688,0,0,0,144.9, -7.9, -0.3,,,0,0,1024,1024,1024,1024,0,0,0,0,164.4,0,0.4,15,3.199,3.199,0,0,0,0,5.867,126.86,-1.695277613304,1.968504,31,Sport,
645900,2026-05-22 09:28:36,51.9888644580896,4.38999493345825,1.968504,,,-1.695277613304,5.577428,0,1.16064964344,236.7208081,25,5,6.395,0,3.608924,13.533487,60.624017688,0,0,0,144.9, -7.4, 0,,,0,0,1024,1024,1024,1024,0,0,0,0,164.5,0,1.1,15,3.199,3.199,0,0,0,0,5.867,126.86,-1.695277613304,1.968504,31,Sport,
646000,2026-05-22 09:28:36,51.9888644517672,4.38999503685579,1.968504,,,-1.695277613304,5.577428,0,1.14520016788,236.744102064,25,5,6.395,0,3.608924,13.533487,60.624017688,0,0,0,144.9, -7.5, 1.1,,,0,0,1024,1024,1024,1024,0,0,0,0,164.6,0,1.7,15,3.199,3.199,0,0,0,0,5.867,126.86,-1.695277613304,1.968504,31,Sport,
646100,2026-05-22 09:28:37,51.9888644719938,4.38999512907541,1.968504,,,-1.695277613304,5.577428,0,1.13943901284,236.766083692,25,5,6.395,0,3.608924,13.533487,60.624017688,0,0,0,145, -7.3, 0.3,,,0,0,1024,1024,1024,1024,0,0,0,0,164.4,0,0.2,15,3.199,3.199,0,0,0,0,5.867,126.86,-1.695277613304,1.968504,31,Sport,
646200,2026-05-22 09:28:37,51.9888644501566,4.38999519229642,1.968504,,,-1.695277613304,5.577428,0,1.12488192576,236.782487892,25,5,6.395,0,3.608924,13.533487,60.624017688,0,0,0,145, -8, -0.8,,,0,0,1024,1024,1024,1024,0,0,0,0,164.6,0,1.2,15,3.199,3.199,0,0,0,0,5.867,126.86,-1.695277613304,1.968504,31,Sport,
646300,2026-05-22 09:28:37,51.9888644087098,4.38999513431659,1.968504,,,-1.695277613304,5.577428,0,1.11975725368,236.802172932,24,5,6.395,0,3.608924,13.533487,60.624017688,0,0,0,145, -6.9, 1,,,0,0,1024,1024,1024,467,0,0,0,-84,163.1,0,-0.5,15,3.199,3.199,0,0,0,0,5.867,126.86,-1.695277613304,1.968504,31,Sport,
646400,2026-05-22 09:28:37,51.9888643563829,4.3899952753379,1.968504,,,-1.695277613304,5.577428,0.223694,1.08608271192,236.839246424,24,5,6.395,0,3.608924,13.533487,60.624017688,-0.223694,0,0,141.1, -5.8, -3.5,,,0,0,1024,1024,1024,364,0,0,0,-100,154.9,-0.2,-3.9,15,3.199,3.199,0,0,0,0,5.867,126.86,-1.695277613304,1.968504,31,Sport,
646500,2026-05-22 09:28:37,51.9888643175918,4.38999531326772,1.968504,,,-1.695277613304,5.577428,0,1.0695866484,236.855978708,24,5,6.395,0,3.608924,13.533487,60.624017688,0,0,0,132.5, -5.4, -2.7,,,0,0,1024,1024,1024,790,0,0,0,-35,146.8,0,1,15,3.199,3.199,0,0,0,0,5.867,126.86,-1.695277613304,1.968504,31,Sport,
646600,2026-05-22 09:28:37,51.9888643271696,4.38999541215792,1.968504,,,-1.695277613304,5.577428,0,1.06021000768,236.87828842,24,5,6.39,0,3.608924,13.533487,60.624017688,0,0,0,124.4, -4.6, 1,,,0,0,1024,1024,1024,1024,0,0,0,0,142.9,0,1.8,14,3.196,3.194,0,0,0,0,5.966,127.04,-1.695277613304,1.968504,31,Sport,
646700,2026-05-22 09:28:37,51.9888644043021,4.38999572921937,1.968504,,,-1.695277613304,5.577428,0,1.04767391804,236.955060076,24,5,6.39,0,3.608924,13.533487,60.624017688,0,0,0,123.4, -4.7, -0.4,,,0,0,1024,1024,1024,1024,0,0,0,0,143.1,0,-0.3,14,3.196,3.194,0,0,0,0,5.966,127.04,-1.695277613304,1.968504,31,Sport,
646800,2026-05-22 09:28:37,51.98886432367,4.38999604615736,1.968504,,,-1.695277613304,5.577428,0,0.9886647298,237.031831732,24,5,6.39,0,3.608924,13.533487,60.624017688,0,0,0,123.8, -4.6, -0.1,,,0,0,1675,1024,1024,1024,99,0,0,0,143.5,0,2.2,14,3.196,3.194,0,0,0,0,5.966,127.04,-1.695277613304,1.968504,31,Sport,
646900,2026-05-22 09:28:37,51.988864389961,4.3899961655184,1.968504,,,-1.695277613304,5.577428,0.223694,0.99917326032,237.067920972,24,5,6.39,0,3.608924,13.533487,60.624017688,0.223694,0,0,123.9, -4.8, 2.7,,,0,0,1684,654,1024,1024,100,-56,0,0,144,0,4.6,14,3.196,3.194,0,0,0,0,5.966,127.04,-1.695277613304,1.968504,31,Sport,
647000,2026-05-22 09:28:38,51.9888644827324,4.38999630543722,1.968504,,,-1.695277613304,5.577428,0.223694,1.01809714544,237.114180816,24,5,6.39,0,3.608924,13.533487,60.624017688,0.223694,0,0,123.8, -13.6, 4.2,,,0,0,1684,654,1024,1024,100,-56,0,0,144.7,0,3.1,14,3.196,3.194,0,0,0,0,5.966,127.04,-1.695277613304,1.968504,31,Sport,
647100,2026-05-22 09:28:38,51.9888645572134,4.3899966991078,1.968504,,,-1.695277613304,5.577428,0.447388,1.01477693536,237.206700504,23,5,6.39,0,3.608924,13.533487,60.624017688,0,0.447388,0,124.4, -23.9, 0.4,,,0,0,1684,747,1024,1024,100,-42,0,0,142.7,0,-2.7,14,3.196,3.194,0,0,0,0,5.966,127.04,-1.695277613304,1.968504,31,Sport,
647200,2026-05-22 09:28:38,51.9888644669178,4.38999736653146,1.968504,,,-1.695277613304,5.577428,1.1408394,0.95009189392,237.360243816,23,5,6.39,0,3.608924,13.533487,60.624017688,-0.223694,1.11847,0,124.7, -27.4, -4,,,0,0,1684,912,1024,1024,100,-17,0,0,143.3,0,-1.8,14,3.196,3.194,0,0,0,0,5.966,127.04,-1.695277613304,1.968504,31,Sport,
647300,2026-05-22 09:28:38,51.9888641770597,4.38999855170972,1.968504,,,-1.695277613304,5.249344,2.0579848,0.84386157556,237.646989232,25,5,6.39,0,3.608924,13.533487,60.624017688,-0.447388,2.013246,0,124.7, -27, -1.8,,,0,0,1024,1024,1024,1024,0,0,0,0,144,0,0.5,14,3.196,3.194,0,0,0,0,5.966,127.04,-1.695277613304,1.968504,31,Sport,
647400,2026-05-22 09:28:38,51.9888638059655,4.39000024148571,1.968504,,,-1.695277613304,5.577428,2.8185444,0.8634678754,238.049876384,25,5,6.39,0,3.608924,13.533487,60.624017688,-0.894776,2.684328,0,124.2, -16.6, 1.3,,,0,0,1024,1024,1024,1024,0,0,0,0,144.2,0,3.9,14,3.196,3.194,0,0,0,0,5.966,127.04,-1.695277613304,1.968504,31,Sport,
647500,2026-05-22 09:28:38,51.9888634354239,4.39000212115079,1.968504,,,-1.695277613304,5.577428,2.908022,1.08707024476,238.493445952,26,5,6.39,0,3.608924,13.533487,60.624017688,-1.11847,2.684328,0,124, -5, 3.8,,,0,0,1024,1024,1024,1024,0,0,0,0,143.4,0,3.5,14,3.196,3.194,0,0,0,0,5.966,127.04,-1.695277613304,1.968504,31,Sport,
647600,2026-05-22 09:28:38,51.9888629496954,4.39000387390087,1.968504,,,-1.695277613304,5.577428,2.7066974,1.3786253722,238.925204496,26,5,6.383,0,3.608924,13.533487,60.624017688,-1.11847,2.460634,0,124, 4.2, 1.8,,,0,0,364,909,1024,1024,-100,-17,0,0,142.8,0,3.1,14,3.192,3.191,0,0,0,0,6.009,127.04,-1.695277613304,1.968504,31,Sport,
647700,2026-05-22 09:28:38,51.9888626732531,4.39000540164043,1.968504,,,-1.695277613304,5.577428,2.125093,1.69090884676,239.282816056,26,5,6.383,0,3.608924,13.533487,60.624017688,-0.671082,2.013246,0,123.5, 7.3, 2.9,,,0,0,364,1024,1024,1024,-100,0,0,0,142.3,0,2.8,14,3.192,3.191,0,0,0,0,6.009,127.04,-1.695277613304,1.968504,31,Sport,
647800,2026-05-22 09:28:38,51.9888623899143,4.39000655546033,1.968504,,,-1.695277613304,5.249344,1.4092722,1.93446200416,239.56201554,26,5,6.383,0,3.608924,13.533487,60.624017688,-0.447388,1.342164,0,123.8, 16.2, 1.5,,,0,0,364,1024,1024,1024,-100,0,0,0,142.8,0,2.3,14,3.192,3.191,0,0,0,0,6.009,127.04,-1.695277613304,1.968504,31,Sport,
647900,2026-05-22 09:28:38,51.9888624541321,4.39000745742912,1.968504,,,-1.695277613304,5.249344,0.671082,2.13842526528,239.766083788,27,5,6.383,0,3.608924,13.533487,60.624017688,0,0.671082,0,124.5, 24.1, 1.7,,,0,0,364,1024,1024,1024,-100,0,0,0,142.7,0,3.3,14,3.192,3.191,0,0,0,0,6.009,127.04,-1.695277613304,1.968504,31,Sport,
648000,2026-05-22 09:28:39,51.9888626760073,4.39000761065781,2.296588,,,-1.367193613304,5.249344,0.671082,2.18184390184,239.8540103,27,5,6.383,0,3.608924,13.533487,60.624017688,0.671082,0,0,124.6, 21.7, 3.7,,,0,0,364,1024,1024,1024,-100,0,0,0,142.3,0,5,14,3.192,3.191,0,0,0,0,6.009,127.04,-1.367193613304,2.296588,31,Sport,
648100,2026-05-22 09:28:39,51.9888632137971,4.39000681364639,2.296588,,,-1.367193613304,5.249344,1.6105968,2.04176187636,240.11975834,28,5,6.383,0,3.608924,13.533487,60.624017688,1.342164,-0.894776,0,124.5, 17.4, 4.5,,,0,0,364,1024,1024,1024,-100,0,0,0,142.5,0,4.9,14,3.192,3.191,0,0,0,0,6.009,127.04,-1.367193613304,2.296588,31,Sport,
648200,2026-05-22 09:28:39,51.9888639219576,4.39000590787278,2.296588,,,-1.367193613304,4.265092,2.3711564,1.92845150528,240.448498508,28,5,6.383,0,3.608924,13.533487,60.624017688,1.789552,-1.565858,0,124.7, 15.5, 5.4,,,0,0,639,1024,1024,1024,-58,0,0,0,142.5,0,7.4,14,3.192,3.191,0,0,0,0,6.009,127.04,-1.367193613304,2.296588,31,Sport,
648300,2026-05-22 09:28:39,51.9888652342117,4.39000430489438,2.296588,,,-1.367193613304,4.92126,2.8409138,1.87218181844,241.047579892,26,5,6.383,0,3.608924,13.533487,60.624017688,2.013246,-2.013246,0,124.5, 8.8, 6.6,,,0,0,1024,1024,1024,1024,0,0,0,0,143.3,0,6.8,14,3.192,3.191,0,0,0,0,6.009,127.04,-1.367193613304,2.296588,31,Sport,
648400,2026-05-22 09:28:39,51.9888661558261,4.39000267266,2.296588,,,-1.367193613304,5.249344,3.1764548,1.87917985016,241.54528332,26,5,6.383,0,3.608924,13.533487,60.624017688,2.013246,-2.460634,0,124, -2.7, 5.8,,,0,0,1024,1024,1024,1024,0,0,0,0,144,0,5.6,14,3.192,3.191,0,0,0,0,6.009,127.04,-1.367193613304,2.296588,31,Sport,
648500,2026-05-22 09:28:39,51.9888671221256,4.39000089432138,2.296588,,,-1.367193613304,5.577428,3.1764548,2.01757880472,242.078091736,26,5,6.383,0,3.608924,13.533487,60.624017688,2.013246,-2.460634,0,123.9, -8.7, 4.6,,,0,0,450,1000,1024,1024,-87,-4,0,0,144.1,0,4.6,14,3.192,3.191,0,0,0,0,6.009,127.04,-1.367193613304,2.296588,31,Sport,
648600,2026-05-22 09:28:39,51.9888674812518,4.38999919332051,1.968504,,,-1.695277613304,5.577428,2.8632832,2.05771332044,242.48196314,27,5,6.368,0,3.608924,13.533487,60.624017688,1.789552,-2.23694,0,124, -9.6, 3.9,,,0,0,364,1024,1024,1024,-100,0,0,0,143.9,0,4.2,14,3.192,3.189,0,0,0,0,6.614,127.22,-1.695277613304,1.968504,31,Sport,
648700,2026-05-22 09:28:39,51.98886813114,4.38999769916863,1.968504,,,-1.695277613304,5.577428,2.5501116,2.27770020412,242.893052392,27,5,6.368,0,3.608924,13.533487,60.624017688,1.565858,-2.013246,0,124, -2.5, 3.4,,,0,0,364,1024,1024,1024,-100,0,0,0,143,0,2.8,14,3.192,3.189,0,0,0,0,6.614,127.22,-1.695277613304,1.968504,31,Sport,
648800,2026-05-22 09:28:39,51.9888686005484,4.3899960153972,1.968504,,,-1.695277613304,5.577428,2.6172198,2.48769693,243.308406736,27,5,6.368,0,3.608924,13.533487,60.624017688,1.342164,-2.23694,0,123.8, 8.6, 1.1,,,0,0,1024,1024,1024,1024,0,0,0,0,142.8,0,0.6,14,3.192,3.189,0,0,0,0,6.614,127.22,-1.695277613304,1.968504,31,Sport,
648900,2026-05-22 09:28:39,51.9888692706631,4.38999429004939,1.968504,,,-1.695277613304,5.577428,2.908022,2.81755586444,243.766740084,27,5,6.368,0,3.608924,13.533487,60.624017688,1.565858,-2.460634,0,123.4, 7, -0.5,,,0,0,1024,1024,1024,1024,0,0,0,0,142.8,0,0,14,3.192,3.189,0,0,0,0,6.614,127.22,-1.695277613304,1.968504,31,Sport,
649000,2026-05-22 09:28:40,51.9888698851398,4.38999227618661,1.968504,,,-1.695277613304,5.577428,3.2211936,3.18621401272,244.27166136,27,5,6.368,0,3.608924,13.533487,60.624017688,1.789552,-2.684328,0,123.5, -4.4, -0.1,,,0,0,1024,1024,1024,1024,0,0,0,0,143.2,0,0.5,14,3.192,3.189,0,0,0,0,6.614,127.22,-1.695277613304,1.968504,31,Sport,
649100,2026-05-22 09:28:40,51.9888706240728,4.38999049617687,1.968504,,,-1.695277613304,5.577428,3.0422384,3.60318253,244.75394484,27,5,6.368,0,3.608924,13.533487,60.624017688,1.789552,-2.460634,0,124, -8.1, 0.1,,,0,0,1024,1024,1024,1024,0,0,0,0,143.6,0,0.4,14,3.192,3.189,0,0,0,0,6.614,127.22,-1.695277613304,1.968504,31,Sport,
649200,2026-05-22 09:28:40,51.9888711579817,4.38998891107132,1.968504,,,-1.695277613304,5.577428,2.7290668,3.9480972392,245.159784748,27,5,6.368,0,3.608924,13.533487,60.624017688,1.565858,-2.23694,0,124.2, -11.8, -0.1,,,0,0,1024,1024,1024,1024,0,0,0,0,143.6,0,0.1,14,3.192,3.189,0,0,0,0,6.614,127.22,-1.695277613304,1.968504,31,Sport,
649300,2026-05-22 09:28:40,51.9888717870522,4.38998752373574,1.968504,,,-1.695277613304,5.577428,2.23694,4.3081366208,245.546923868,27,5,6.368,0,3.608924,13.533487,60.624017688,1.342164,-1.789552,0,124.2, -13.4, 0,,,0,0,1024,1024,1024,1024,0,0,0,0,143.7,0,0.9,14,3.192,3.189,0,0,0,0,6.614,127.22,-1.695277613304,1.968504,31,Sport,
649400,2026-05-22 09:28:40,51.9888723208754,4.38998644927077,1.968504,,,-1.695277613304,5.577428,1.7448132,4.6040683888,245.857291332,27,5,6.368,0,3.608924,13.533487,60.624017688,1.11847,-1.342164,0,124, -13.4, 1.4,,,0,0,1024,1024,1024,1024,0,0,0,0,144.2,0,3.9,14,3.192,3.189,0,0,0,0,6.614,127.22,-1.695277613304,1.968504,31,Sport,
649500,2026-05-22 09:28:40,51.9888726672411,4.38998569137686,1.968504,,,-1.695277613304,5.577428,1.2750558,4.8048886052,246.069233596,27,5,6.368,0,3.608924,13.533487,60.624017688,0.894776,-0.894776,0,123.9, -12.2, 3.5,,,0,0,1024,1024,1024,364,0,0,0,-100,143.9,0,2.7,14,3.192,3.189,0,0,0,0,6.614,127.22,-1.695277613304,1.968504,31,Sport,
649600,2026-05-22 09:28:40,51.9888730055754,4.3899851099161,1.968504,,,-1.695277613304,5.577428,0.9395148,4.9811025216,246.249023628,27,5,6.365,0,3.608924,13.533487,60.624017688,0.671082,-0.671082,0,123.8, -11.5, 2.2,,,0,0,1024,1024,1024,364,0,0,0,-100,140.6,0,3.2,14,3.186,3.184,0,0,0,0,6.828,127.22,-1.695277613304,1.968504,31,Sport,
649700,2026-05-22 09:28:40,51.9888731064768,4.38998498688937,1.968504,,,-1.695277613304,5.577428,0.6263432,5.0271327068,246.294955388,27,5,6.365,0,3.608924,13.533487,60.624017688,0.447388,-0.447388,0,117.5, -10.2, 3.5,,,0,0,1024,1024,1024,364,0,0,0,-100,132.6,0.2,4.9,14,3.186,3.184,0,0,0,0,6.828,127.22,-1.695277613304,1.968504,31,Sport,
649800,2026-05-22 09:28:40,51.9888733117664,4.38998481339156,1.968504,,,-1.695277613304,5.577428,0.3131716,5.1107613184,246.37960106,27,5,6.365,0,3.608924,13.533487,60.624017688,0.223694,-0.223694,0,108.9, -9.2, 4.3,,,0,0,1024,1024,1024,364,0,0,0,-100,123.3,0.2,3.9,14,3.186,3.184,0,0,0,0,6.828,127.22,-1.695277613304,1.968504,31,Sport,
649900,2026-05-22 09:28:40,51.9888732731852,4.38998504796105,1.968504,,,-1.695277613304,5.577428,0.223694,5.0688978,246.434063004,28,5,6.365,0,3.608924,13.533487,60.624017688,0.223694,0,0,99.7, -8.1, 3,,,0,0,1024,1024,1024,364,0,0,0,-100,114.1,0.1,3.4,14,3.186,3.184,0,0,0,0,6.828,127.22,-1.695277613304,1.968504,31,Sport,
650000,2026-05-22 09:28:40,51.9888734065982,4.38998511461125,2.296588,,,-1.367193613304,5.577428,0.223694,5.1003282472,246.484916024,28,5,6.365,0,3.608924,13.533487,60.624017688,0.223694,0,0,91.5, -6.4, 3.4,,,0,0,1024,1024,1024,1122,0,0,0,15,110.3,0,3.7,14,3.186,3.184,0,0,0,0,6.828,127.22,-1.367193613304,2.296588,31,Sport,
650100,2026-05-22 09:28:41,51.9888734432004,4.38998537723336,2.296588,,,-1.367193613304,5.577428,0.223694,5.0782153856,246.54528348,28,5,6.365,0,3.608924,13.533487,60.624017688,0.223694,0,0,91.1, -5.1, 3.4,,,0,0,1024,1024,1024,1684,0,0,0,100,114.8,-0.2,5.6,14,3.186,3.184,0,0,0,0,6.828,127.22,-1.367193613304,2.296588,31,Sport,
650200,2026-05-22 09:28:41,51.9888736117893,4.38998551205707,2.296588,,,-1.367193613304,5.577428,0.223694,5.112697014,246.613853036,28,5,6.365,0,3.608924,13.533487,60.624017688,0.223694,0,0,98.4, -3, 5.7,,,0,0,1024,1024,1026,1684,0,0,0,100,123.8,-0.3,6,14,3.186,3.184,0,0,0,0,6.828,127.22,-1.367193613304,2.296588,31,Sport,
650300,2026-05-22 09:28:41,51.9888738976509,4.38998547951102,2.296588,,,-1.367193613304,5.577428,0.223694,5.2041996416,246.718511832,30,5,6.365,0,3.608924,13.533487,60.624017688,0.223694,0,0,107.6, -3.6, 5.2,,,0,0,1024,1024,1038,1684,0,0,2,100,132.8,-0.2,5.7,14,3.186,3.184,0,0,0,0,6.828,127.22,-1.367193613304,2.296588,31,Sport,
650400,2026-05-22 09:28:41,51.9888740423466,4.38998550131736,2.296588,,,-1.367193613304,5.577428,0.223694,5.2460959684,246.77166144,30,5,6.365,0,3.608924,13.533487,60.624017688,0.223694,0,0,116.1, -4.9, 5.7,,,0,0,1024,1024,1039,1684,0,0,2,100,141.5,-0.3,6.5,14,3.186,3.184,0,0,0,0,6.828,127.22,-1.367193613304,2.296588,31,Sport,
650500,2026-05-22 09:28:41,51.9888741293567,4.3899852262166,2.296588,,,-1.367193613304,5.577428,0,5.306102532,246.840887164,30,5,6.365,0,3.608924,13.533487,60.624017688,0,0,0,124.5, -5.9, 5.4,,,0,0,1024,1024,1038,1684,0,0,2,100,149.9,-0.2,5.3,14,3.186,3.184,0,0,0,0,6.828,127.22,-1.367193613304,2.296588,31,Sport,"Aircraft battery level low. Return to home promptly (Code: 1B030014). Low battery. Return to home promptly (Code: 30183)"
650600,2026-05-22 09:28:41,51.9888741897965,4.38998515562943,2.296588,,,-1.367193613304,5.577428,0,5.3332022704,246.868118136,30,5,6.367,0,3.608924,13.533487,60.624017688,0,0,0,133, -6.4, 4,,,0,0,1024,1024,1038,1684,0,0,2,100,158.3,-0.2,4,14,3.186,3.182,0,0,0,0,5.693,127.4,-1.367193613304,2.296588,31,Sport,
650700,2026-05-22 09:28:41,51.9888743333956,4.38998500100959,2.296588,,,-1.367193613304,5.577428,0,5.3960631648,246.931110264,30,5,6.367,0,3.608924,13.533487,60.624017688,0,0,0,141.5, -6.8, 2.6,,,0,0,1024,1024,1038,1684,0,0,2,100,166.8,-0.1,2.8,14,3.186,3.182,0,0,0,0,5.693,127.4,-1.367193613304,2.296588,31,Sport,
650800,2026-05-22 09:28:41,51.9888743327702,4.38998484300228,2.296588,,,-1.367193613304,5.577428,0,5.4151576536,246.966543336,30,5,6.367,0,3.608924,13.533487,60.624017688,0,0,0,150.2, -6.5, 1.4,,,0,0,1024,1024,1038,1684,0,0,2,100,175.1,0,0.2,14,3.186,3.182,0,0,0,0,5.693,127.4,-1.367193613304,2.296588,31,Sport,
650900,2026-05-22 09:28:41,51.988874496523,4.38998466557099,2.296588,,,-1.367193613304,5.577428,0.223694,5.4869752412,247.038393732,29,5,6.367,0,3.608924,13.533487,60.624017688,0,-0.223694,0,158.7, -6.7, -1.8,,,0,0,1024,1024,1041,1684,0,0,3,100,183.5,0,-2.4,14,3.186,3.182,0,0,0,0,5.693,127.4,-1.367193613304,2.296588,31,Sport,
651000,2026-05-22 09:28:41,51.9888744973797,4.38998445982622,2.296588,,,-1.367193613304,5.577428,0.223694,5.5125657932,247.084653576,29,5,6.367,0,3.608924,13.533487,60.624017688,0,-0.223694,0,167.3, -7, -3.3,,,0,0,1024,1024,1059,1684,0,0,5,100,192.1,0.1,-2.9,14,3.186,3.182,0,0,0,0,5.693,127.4,-1.367193613304,2.296588,31,Sport,"Aircraft battery level low. Return to home promptly"
651100,2026-05-22 09:28:42,51.9888747058348,4.38998420209054,2.296588,,,-1.367193613304,5.577428,0,5.6079726204,247.18012602,29,5,6.367,0,3.608924,13.533487,60.624017688,0,0,0,175.9, -7.4, -3.8,,,0,0,1024,1024,1067,1684,0,0,7,100,200.4,0.1,-3.9,14,3.186,3.182,0,0,0,0,5.693,127.4,-1.367193613304,2.296588,31,Sport,
651200,2026-05-22 09:28:42,51.9888747067086,4.3899840308951,2.296588,,,-1.367193613304,5.577428,0,5.6295605476,247.218511848,29,5,6.367,0,3.608924,13.533487,60.624017688,0,0,0,184.4, -6.5, -5.2,,,0,0,1024,1024,1069,1684,0,0,7,100,209,0.2,-4.5,14,3.186,3.182,0,0,0,0,5.693,127.4,-1.367193613304,2.296588,31,Sport,
651300,2026-05-22 09:28:42,51.9888748012919,4.38998398819014,2.296588,,,-1.367193613304,5.577428,0,5.6635828584,247.254601088,27,5,6.367,0,3.608924,13.533487,60.624017688,0,0,0,193.1, -5.9, -5,,,0,0,1024,1024,1069,1684,0,0,7,100,217.6,0.2,-5.3,14,3.186,3.182,0,0,0,0,5.693,127.4,-1.367193613304,2.296588,31,Sport,
651400,2026-05-22 09:28:42,51.9888748078371,4.38998382561985,2.296588,,,-1.367193613304,5.577428,0,5.6858925704,247.291018412,27,5,6.367,0,3.608924,13.533487,60.624017688,0,0,0,201.6, -5.1, -6.5,,,0,0,1024,1024,1069,1684,0,0,7,100,226.1,0.3,-5.9,14,3.186,3.182,0,0,0,0,5.693,127.4,-1.367193613304,2.296588,31,Sport,
651500,2026-05-22 09:28:42,51.9888751269685,4.38998370354258,2.296588,,,-1.367193613304,5.577428,0,5.797900448,247.410769072,27,5,6.367,0,3.608924,13.533487,60.624017688,0,0,0,210.2, -4.9, -6.8,,,0,0,1024,1024,1070,1684,0,0,7,100,234.6,0.3,-7.3,14,3.186,3.182,0,0,0,0,5.693,127.4,-1.367193613304,2.296588,31,Sport,
651600,2026-05-22 09:28:42,51.9888751645517,4.38998351967372,2.296588,,,-1.367193613304,5.905512,0.223694,5.8322508428,247.45407616,27,5,6.367,0,3.608924,13.533487,60.624017688,0,-0.223694,0,218.6, -3.4, -8.4,,,0,0,1024,1024,1070,1684,0,0,7,100,243.1,0.4,-8.7,14,3.185,3.182,0,0,0,0,5.736,127.4,-1.367193613304,2.296588,31,Sport,
651700,2026-05-22 09:28:42,51.988875319262,4.38998304204523,2.296588,,,-1.367193613304,5.905512,0.223694,5.9392062268,247.57546724,27,5,6.367,0,3.608924,13.533487,60.624017688,0,-0.223694,0,226.9, -1.4, -9.6,,,0,0,1024,1024,1068,1684,0,0,7,100,251.7,0.5,-10,14,3.185,3.182,0,0,0,0,5.736,127.4,-1.367193613304,2.296588,31,Sport,
651800,2026-05-22 09:28:42,51.9888754452603,4.38998262537366,2.296588,,,-1.367193613304,5.905512,0.3131716,6.0302495368,247.679797952,28,5,6.367,0,3.608924,13.533487,60.624017688,0.223694,-0.223694,0,235.2, 0.3, -11.1,,,0,0,1024,1024,1027,1558,0,0,0,81,260.3,0.5,-11.2,14,3.185,3.182,0,0,0,0,5.736,127.4,-1.367193613304,2.296588,31,Sport,
651900,2026-05-22 09:28:42,51.9888755590464,4.38998248038756,2.296588,,,-1.367193613304,5.905512,0.223694,6.0829398272,247.732619476,28,5,6.367,0,3.608924,13.533487,60.624017688,0.223694,0,0,242.9, 2.6, -12.4,,,0,0,1024,1024,1024,1024,0,0,0,0,265.4,0.2,-12.1,14,3.185,3.182,0,0,0,0,5.736,127.4,-1.367193613304,2.296588,31,Sport,
652000,2026-05-22 09:28:42,51.9888756699883,4.38998240688592,2.296588,,,-1.367193613304,5.905512,0,6.1255907472,247.776254648,28,5,6.367,0,3.608924,13.533487,60.624017688,0,0,0,245.1, 1.2, -13.1,,,0,0,1024,1024,1024,1024,0,0,0,0,264.6,0,-12.4,14,3.185,3.182,0,0,0,0,5.736,127.4,-1.367193613304,2.296588,31,Sport,
652100,2026-05-22 09:28:43,51.9888758299288,4.38998282580769,2.296588,,,-1.367193613304,5.905512,0,6.1207022956,247.88714704,28,5,6.367,0,3.608924,13.533487,60.624017688,0,0,0,244.2, 2.3, -12.1,,,0,0,1323,1024,1024,1024,45,0,0,0,264.5,0,-11.2,14,3.185,3.182,0,0,0,0,5.736,127.4,-1.367193613304,2.296588,31,Sport,
652200,2026-05-22 09:28:43,51.9888758822729,4.38998281928318,2.296588,,,-1.367193613304,5.905512,0,6.1374017712,247.906175912,28,5,6.367,0,3.608924,13.533487,60.624017688,0,0,0,244.1, 3, -11.7,,,0,0,1684,1024,1024,1024,100,0,0,0,264.2,0,-11.2,14,3.185,3.182,0,0,0,0,5.736,127.4,-1.367193613304,2.296588,31,Sport,
652300,2026-05-22 09:28:43,51.9888756254788,4.38998301098424,2.296588,,,-1.367193613304,5.905512,0,6.035597306,248.009194288,27,5,6.367,0,3.608924,13.533487,60.624017688,0,0,0,244.4, -3.6, -11.7,,,0,0,1684,1024,1024,1024,100,0,0,0,262.7,-0.1,-10.8,14,3.185,3.182,0,0,0,0,5.736,127.4,-1.367193613304,2.296588,31,Sport,
652400,2026-05-22 09:28:43,51.9888756193449,4.38998296763587,2.296588,,,-1.367193613304,5.577428,0,6.0391734216,248.019364892,27,5,6.367,0,3.608924,13.533487,60.624017688,0,0,0,245.1, -13.7, -11.4,,,0,0,1684,1024,1024,1024,100,0,0,0,262,0,-9.9,14,3.185,3.182,0,0,0,0,5.736,127.4,-1.367193613304,2.296588,31,Sport,
652500,2026-05-22 09:28:43,51.9888753092516,4.3899823591102,2.296588,,,-1.367193613304,5.577428,0.7158208,6.0243112164,248.196858336,28,5,6.367,0,3.608924,13.533487,60.624017688,-0.223694,-0.671082,0,246.3, -23.5, -10.4,,,0,0,1684,1024,1024,1024,100,0,0,0,262.7,0,-8.4,14,3.185,3.182,0,0,0,0,5.736,127.4,-1.367193613304,2.296588,31,Sport,
652600,2026-05-22 09:28:43,51.9888750547106,4.38998152381943,2.296588,,,-1.367193613304,5.577428,1.4987498,6.0617127924,248.406175928,28,5,6.354,0,3.608924,13.533487,60.624017688,-0.671082,-1.342164,0,246.7, -24.5, -10,,,0,0,1684,1024,1024,1024,100,0,0,0,262.5,0,-10.1,14,3.176,3.172,0,0,0,0,6.337,127.58,-1.367193613304,2.296588,31,Sport,
652700,2026-05-22 09:28:43,51.9888743489446,4.38997974896739,2.296588,,,-1.367193613304,5.905512,2.5053728,6.1192915344,248.880913476,28,5,6.354,0,3.608924,13.533487,60.624017688,-1.11847,-2.23694,0,246.9, -22.5, -12.5,,,0,0,1684,1024,1024,1024,100,0,0,0,262.1,0,-11.2,14,3.176,3.172,0,0,0,0,6.337,127.58,-1.367193613304,2.296588,31,Sport,
652800,2026-05-22 09:28:43,51.9888737350461,4.38997785742881,2.296588,,,-1.367193613304,5.905512,3.3106712,6.2548230348,249.361228452,28,5,6.354,0,3.608924,13.533487,60.624017688,-1.565858,-2.908022,0,246.7, -21.4, -12,,,0,0,1024,1024,1289,1002,0,0,40,-3,263.3,0,-10,14,3.176,3.172,0,0,0,0,6.337,127.58,-1.367193613304,2.296588,31,Sport,
652900,2026-05-22 09:28:43,51.9888725139786,4.38997544552896,2.296588,,,-1.367193613304,5.905512,4.0041226,6.3769358996,250.062672044,28,5,6.354,0,3.608924,13.533487,60.624017688,-1.789552,-3.579104,0,246.7, -14.2, -10.8,,,0,0,1024,1024,1684,848,0,0,100,-27,264.2,0,-10.4,14,3.176,3.172,0,0,0,0,6.337,127.58,-1.367193613304,2.296588,31,Sport,
653000,2026-05-22 09:28:43,51.9888717259485,4.38997287011284,2.296588,,,-1.367193613304,5.905512,4.2054472,6.6869096628,250.708997524,28,5,6.354,0,3.608924,13.533487,60.624017688,-1.789552,-3.802798,-0.223694,244.3, -3, -11.3,,,0,0,1024,1024,1497,1024,0,0,72,0,262.6,-0.1,-11.5,14,3.176,3.172,0,0,0,0,6.337,127.58,-1.367193613304,2.296588,31,Sport,
653100,2026-05-22 09:28:44,51.9888705468418,4.38997030979074,2.624672,,,-1.039109613304,5.905512,4.0041226,6.9738847376,251.4271734,27,5,6.354,0,3.608924,13.533487,60.624017688,-1.789552,-3.579104,-0.894776,241, 6.8, -12.9,,,0,0,1024,1024,1024,1024,0,0,0,0,262.6,0,-12.5,14,3.176,3.172,0,0,0,0,6.337,127.58,-1.039109613304,2.624672,31,Sport,
653200,2026-05-22 09:28:44,51.9888697916659,4.38996812722963,2.624672,,,-1.039109613304,6.233596,3.3106712,7.3013125696,251.98983746,27,5,6.354,0,3.608924,13.533487,60.624017688,-1.565858,-2.908022,-1.565858,240.5, 10.1, -12.6,,,0,0,1024,1024,1024,1024,0,0,0,0,262.8,0,-10.8,14,3.176,3.172,0,0,0,0,6.337,127.58,-1.039109613304,2.624672,31,Sport,
653300,2026-05-22 09:28:44,51.9888685954682,4.38996608807567,2.952756,,,-0.711025613304,6.56168,2.796175,7.572342762,252.622383412,27,5,6.354,0,3.608924,13.533487,60.624017688,-1.342164,-2.460634,-1.342164,240.9, 10.6, -11.4,,,0,0,1024,1024,1024,1024,0,0,0,0,262.9,0,-10.4,14,3.176,3.172,0,0,0,0,6.337,127.58,-0.711025613304,2.952756,31,Sport,
653400,2026-05-22 09:28:44,51.9888678310315,4.38996403240175,3.28084,,,-0.382941613304,6.889764,2.3040482,7.930118364,253.162081592,27,5,6.354,0,3.608924,13.533487,60.624017688,-1.11847,-2.013246,-1.11847,240.7, 11.8, -11.1,,,0,0,1024,1024,1024,1024,0,0,0,0,262.8,0,-9.8,14,3.176,3.172,0,0,0,0,6.337,127.58,-0.382941613304,3.28084,31,Sport,
653500,2026-05-22 09:28:44,51.9888673819181,4.38996281663723,3.28084,,,-0.382941613304,6.889764,1.8119214,8.1513782136,253.480651156,27,5,6.354,0,3.608924,13.533487,60.624017688,-0.894776,-1.565858,-0.671082,240.6, 11.9, -10.9,,,0,0,1024,364,1024,1024,0,-100,0,0,262.9,0,-14.1,14,3.176,3.172,0,0,0,0,6.337,127.58,-0.382941613304,3.28084,31,Sport,"Battery level low. Return to home"
653600,2026-05-22 09:28:44,51.9888670430613,4.38996190332357,3.28084,,,-0.382941613304,6.889764,1.2974252,8.3216538096,253.720152476,27,5,6.355,0,3.608924,13.533487,60.624017688,-0.671082,-1.11847,-0.447388,240.1, 9.7, -19.2,,,0,0,1024,364,1024,1024,0,-100,0,0,263.2,0,-21.2,14,3.183,3.181,0,0,0,0,7.575,127.58,-0.382941613304,3.28084,31,Sport,
653700,2026-05-22 09:28:44,51.9888666389202,4.38996135631474,3.28084,,,-0.382941613304,7.217848,0.9395148,8.4098099804,253.912081616,27,5,6.355,0,3.608924,13.533487,60.624017688,-0.671082,-0.671082,0,240.4, 6.9, -22.1,,,0,0,1024,364,1024,1024,0,-100,0,0,262.6,0,-21,14,3.183,3.181,0,0,0,0,7.575,127.58,-0.382941613304,3.28084,31,Sport,
653800,2026-05-22 09:28:44,51.9888662754249,4.3899611134192,3.28084,,,-0.382941613304,7.217848,0.9171454,8.4370737608,254.055454324,27,5,6.355,0,3.608924,13.533487,60.624017688,-0.894776,-0.223694,0,241, 3.8, -22,,,0,0,1024,1024,1024,935,0,0,0,-13,261.9,-0.1,-22,14,3.183,3.181,0,0,0,0,7.575,127.58,-0.382941613304,3.28084,31,Sport,
653900,2026-05-22 09:28:44,51.9888658264614,4.38996164194654,3.28084,,,-0.382941613304,6.889764,1.11847,8.2905842548,254.257882152,27,5,6.355,0,3.608924,13.533487,60.624017688,-1.11847,0,0,241.7, -0.2, -21.2,,,0,0,1024,1024,1024,364,0,0,0,-100,258.9,-0.4,-15.1,14,3.183,3.181,0,0,0,0,7.575,127.58,-0.382941613304,3.28084,31,Sport,
654000,2026-05-22 09:28:45,51.988865274562,4.38996180233272,3.28084,,,-0.382941613304,6.889764,1.3645334,8.222441208,254.462278484,27,5,6.355,0,3.608924,13.533487,60.624017688,-1.342164,0.223694,0,236.9, -3.5, -13.6,,,0,0,1024,1024,1024,364,0,0,0,-100,250.8,-0.6,-12.4,14,3.183,3.181,0,0,0,0,7.575,127.58,-0.382941613304,3.28084,31,Sport,
654100,2026-05-22 09:28:45,51.9888643167993,4.38996248024917,3.28084,,,-0.382941613304,6.889764,1.342164,8.0258860836,254.843512092,28,5,6.355,0,3.608924,13.533487,60.624017688,-1.342164,0,0,228.1, -2.5, -13.4,,,0,0,1024,1024,1024,364,0,0,0,-100,241.7,-0.6,-12.2,14,3.183,3.181,0,0,0,0,7.575,127.58,-0.382941613304,3.28084,31,Sport,
654200,2026-05-22 09:28:45,51.988863217211,4.38996271328838,3.28084,,,-0.382941613304,6.889764,1.3645334,7.9393375244,255.248039664,29,5,6.355,0,3.608924,13.533487,60.624017688,-1.342164,0.223694,0,218.6, -0.1, -12.3,,,0,0,1024,1024,1024,559,0,0,0,-70,233.2,-0.5,-10,14,3.183,3.181,0,0,0,0,7.575,127.58,-0.382941613304,3.28084,31,Sport,
654300,2026-05-22 09:28:45,51.9888626725249,4.38996301363163,3.28084,,,-0.382941613304,6.889764,1.1408394,7.8622705928,255.458013424,29,5,6.355,0,3.608924,13.533487,60.624017688,-1.11847,0.223694,0,210.1, 0.8, -9.7,,,0,0,1024,942,1024,1024,0,-12,0,0,225.8,-0.3,-7.4,14,3.183,3.181,0,0,0,0,7.575,127.58,-0.382941613304,3.28084,31,Sport,
654400,2026-05-22 09:28:45,51.9888622244481,4.38996333738106,3.28084,,,-0.382941613304,7.217848,1.006623,7.7853020864,255.636819204,29,5,6.355,0,3.608924,13.533487,60.624017688,-0.894776,0.447388,0,205.2, 1.1, -7.4,,,0,0,1024,942,1024,1024,0,-12,0,0,225.2,0,-5.7,14,3.183,3.181,0,0,0,0,7.575,127.58,-0.382941613304,3.28084,31,Sport,
654500,2026-05-22 09:28:45,51.9888614783232,4.3899633608081,3.608924,,,-0.054857613304,7.217848,0.4921268,7.7805448684,255.909128924,29,5,6.355,0,3.608924,13.533487,60.624017688,-0.447388,0.223694,0,205.7, 0.3, -7.7,,,0,0,1535,364,1024,1024,77,-100,0,0,225.3,0,-12.6,14,3.183,3.181,0,0,0,0,7.575,127.58,-0.054857613304,3.608924,31,Sport,
654600,2026-05-22 09:28:45,51.9888610709695,4.38996351289604,3.608924,,,-0.054857613304,7.217848,0.4921268,7.7506892244,256.061687984,28,5,6.346,0,3.608924,13.533487,60.624017688,-0.223694,0.447388,0,206.6, -5.1, -17,,,0,0,1684,364,1024,1024,100,-100,0,0,223.3,-0.2,-18.9,13,3.174,3.173,0,0,0,0,6.246,127.94,-0.054857613304,3.608924,31,Sport,
654700,2026-05-22 09:28:45,51.9888608800209,4.38996391329807,3.28084,,,-0.382941613304,7.217848,0.6263432,7.6638453896,256.175533132,28,5,6.346,0,3.608924,13.533487,60.624017688,-0.447388,0.447388,0,208.6, -15.5, -19.7,,,0,0,1684,364,1024,1024,100,-100,0,0,223,0,-16.9,13,3.174,3.173,0,0,0,0,6.246,127.94,-0.382941613304,3.28084,31,Sport,
654800,2026-05-22 09:28:45,51.9888602493013,4.38996437712978,3.28084,,,-0.382941613304,6.889764,1.11847,7.5744424996,256.428157812,28,5,6.346,0,3.608924,13.533487,60.624017688,-0.894776,0.671082,0,208.9, -17, -18.5,,,0,0,1684,364,1024,1024,100,-100,0,0,222.8,0,-17.2,13,3.174,3.173,0,0,0,0,6.246,127.94,-0.382941613304,3.28084,31,Sport,
654900,2026-05-22 09:28:45,51.9888596931269,4.38996487616465,3.28084,,,-0.382941613304,6.889764,1.4987498,7.4816931528,256.659785116,28,5,6.346,0,3.608924,13.533487,60.624017688,-1.342164,0.671082,0,208.5, -15.5, -18.9,,,0,0,1684,364,1024,1024,100,-100,0,0,222.9,0,-17.5,13,3.174,3.173,0,0,0,0,6.246,127.94,-0.382941613304,3.28084,31,Sport,
655000,2026-05-22 09:28:46,51.9888585798614,4.38996531203416,3.28084,,,-0.382941613304,6.889764,1.901399,7.4394031252,257.077764132,28,5,6.346,0,3.608924,13.533487,60.624017688,-1.789552,0.671082,0,208.6, -15.5, -19.2,,,0,0,1684,398,1024,1024,100,-95,0,0,222.9,0,-17.8,13,3.174,3.173,0,0,0,0,6.246,127.94,-0.382941613304,3.28084,31,Sport,
655100,2026-05-22 09:28:46,51.98885769072,4.3899659014245,3.28084,,,-0.382941613304,6.889764,2.3264176,7.3693571912,257.428157844,28,5,6.346,0,3.608924,13.533487,60.624017688,-2.23694,0.671082,0,208.6, -15.4, -19.3,,,0,0,1024,1024,1024,1024,0,0,0,0,222.6,-0.1,-17.3,13,3.174,3.173,0,0,0,0,6.246,127.94,-0.382941613304,3.28084,31,Sport,
655200,2026-05-22 09:28:46,51.9888563017447,4.38996670051744,3.28084,,,-0.382941613304,6.889764,2.8185444,7.3185369796,257.96588752,28,5,6.346,0,3.608924,13.533487,60.624017688,-2.684328,0.894776,0,208.8, -18.8, -17.4,,,0,0,1024,1024,1024,1024,0,0,0,0,224.2,0.1,-13.9,13,3.174,3.173,0,0,0,0,6.246,127.94,-0.382941613304,3.28084,31,Sport,
655300,2026-05-22 09:28:46,51.9888551119036,4.38996726193166,3.28084,,,-0.382941613304,6.889764,2.9751302,7.3323165076,258.417987272,28,5,6.346,0,3.608924,13.533487,60.624017688,-2.908022,0.671082,0,207.5, -9.6, -13.9,,,0,0,1024,976,1024,1024,0,-7,0,0,225.2,0,-11.7,13,3.174,3.173,0,0,0,0,6.246,127.94,-0.382941613304,3.28084,31,Sport,
655400,2026-05-22 09:28:46,51.9888539166997,4.38996779357519,3.608924,,,-0.054857613304,6.889764,2.9751302,7.3807088976,258.870087024,28,5,6.346,0,3.608924,13.533487,60.624017688,-2.908022,0.671082,0,206, -2, -12.1,,,0,0,1024,976,1024,1024,0,-7,0,0,225.2,0,-10.5,13,3.174,3.173,0,0,0,0,6.246,127.94,-0.054857613304,3.608924,31,Sport,
655500,2026-05-22 09:28:46,51.988852730174,4.38996875497062,3.608924,,,-0.054857613304,6.889764,2.5501116,7.3687010232,259.35368284,28,5,6.346,0,3.608924,13.533487,60.624017688,-2.460634,0.671082,0,206.1, -2.7, -11,,,0,0,1684,943,1024,1024,100,-12,0,0,224.5,0,-10.8,13,3.174,3.173,0,0,0,0,6.246,127.94,-0.054857613304,3.608924,31,Sport,
655600,2026-05-22 09:28:46,51.9888517429454,4.38996932187295,3.608924,,,-0.054857613304,7.217848,2.3264176,7.4282154608,259.7359007,28,5,6.326,0,3.608924,13.533487,60.624017688,-2.23694,0.671082,0,206.7, -12.3, -12,,,0,0,1684,940,1024,1024,100,-13,0,0,223,0,-10.7,13,3.17,3.169,0,0,0,0,6.555,127.94,-0.054857613304,3.608924,31,Sport,
655700,2026-05-22 09:28:46,51.9888505820949,4.3899699537874,3.608924,,,-0.054857613304,6.889764,2.5501116,7.5289700572,260.182423024,28,5,6.326,0,3.608924,13.533487,60.624017688,-2.460634,0.671082,0,208, -23.7, -11.3,,,0,0,1684,1024,1024,1024,100,0,0,0,223.7,0,-8.5,13,3.17,3.169,0,0,0,0,6.555,127.94,-0.054857613304,3.608924,31,Sport,
655800,2026-05-22 09:28:46,51.9888494049929,4.38997027126272,3.608924,,,-0.054857613304,6.889764,2.908022,7.7149608768,260.617790492,28,5,6.326,0,3.608924,13.533487,60.624017688,-2.908022,0.223694,0,208.2, -25.6, -10,,,0,0,1024,1024,1024,1024,0,0,0,0,223.6,0,-8.4,13,3.17,3.169,0,0,0,0,6.555,127.94,-0.054857613304,3.608924,31,Sport,
655900,2026-05-22 09:28:46,51.9888477191474,4.38997040937304,3.608924,,,-0.054857613304,6.889764,3.579104,8.0695212556,261.23360416,28,5,6.326,0,3.608924,13.533487,60.624017688,-3.579104,0,0,208.5, -24.1, -11.1,,,0,0,1024,1024,1024,1024,0,0,0,0,224.1,0,-11.7,13,3.17,3.169,0,0,0,0,6.555,127.94,-0.054857613304,3.608924,31,Sport,
656000,2026-05-22 09:28:47,51.9888461285019,4.38997024690013,3.608924,,,-0.054857613304,6.889764,4.026492,8.4799215312,261.815297092,28,5,6.326,0,3.608924,13.533487,60.624017688,-4.026492,-0.223694,0,207.7, -12.9, -13.4,,,0,0,1024,1024,1024,1024,0,0,0,0,224.8,0,-11.9,13,3.17,3.169,0,0,0,0,6.555,127.94,-0.054857613304,3.608924,31,Sport,
656100,2026-05-22 09:28:47,51.9888442279967,4.38997032163294,3.608924,,,-0.054857613304,6.889764,4.026492,8.9529858508,262.508866668,28,5,6.326,0,3.608924,13.533487,60.624017688,-4.026492,-0.223694,0,206.2, -4, -12.2,,,0,0,1024,1024,1024,1024,0,0,0,0,225.4,0,-10,13,3.17,3.169,0,0,0,0,6.555,127.94,-0.054857613304,3.608924,31,Sport,
656200,2026-05-22 09:28:47,51.9888426369958,4.38997013888396,3.608924,,,-0.054857613304,6.889764,3.579104,9.4067260228,263.090887684,28,5,6.326,0,3.608924,13.533487,60.624017688,-3.579104,-0.223694,0,205.8, 1.2, -9.9,,,0,0,1024,1024,1024,1024,0,0,0,0,226,0,-7.5,13,3.17,3.169,0,0,0,0,6.555,127.94,-0.054857613304,3.608924,31,Sport,
656300,2026-05-22 09:28:47,51.9888411406895,4.38997040267116,3.608924,,,-0.054857613304,7.217848,3.131716,9.7834976884,263.639772216,27,5,6.326,0,3.608924,13.533487,60.624017688,-3.131716,0,0,205.4, 6.7, -7.2,,,0,0,1024,1024,1024,1024,0,0,0,0,226,0,-4.3,13,3.17,3.169,0,0,0,0,6.555,127.94,-0.054857613304,3.608924,31,Sport,
656400,2026-05-22 09:28:47,51.9888400269529,4.38997033899803,3.608924,,,-0.054857613304,7.217848,2.460634,10.1099740768,264.046596376,27,5,6.326,0,3.608924,13.533487,60.624017688,-2.460634,0,0,205.7, 6.4, -4.3,,,0,0,1024,1024,1024,1024,0,0,0,0,225.9,0,-2.9,13,3.17,3.169,0,0,0,0,6.555,127.94,-0.054857613304,3.608924,31,Sport,
656500,2026-05-22 09:28:47,51.9888390852662,4.3899705233364,3.608924,,,-0.054857613304,7.217848,1.789552,10.3584977068,264.392396912,27,5,6.326,0,3.608924,13.533487,60.624017688,-1.789552,0,0,205.7, 5.8, -3.7,,,0,0,1024,1024,1024,1024,0,0,0,0,225.9,0,-3.1,13,3.17,3.169,0,0,0,0,6.555,127.94,-0.054857613304,3.608924,31,Sport,"Low battery"
656600,2026-05-22 09:28:47,51.9888384644113,4.38997041151542,3.608924,,,-0.054857613304,7.217848,1.1408394,10.5560370832,264.620415292,27,5,6.335,0,3.608924,13.533487,60.624017688,-1.11847,-0.223694,0,205.7, 4.7, -4.3,,,0,0,1561,1024,1024,1024,81,0,0,0,225.8,0,-4.4,13,3.166,3.165,0,0,0,0,6.774,127.94,-0.054857613304,3.608924,31,Sport,
656700,2026-05-22 09:28:47,51.988838193137,4.38997037833639,3.608924,,,-0.054857613304,7.217848,1.1408394,10.6406827552,264.719824744,27,5,6.335,0,3.608924,13.533487,60.624017688,-0.671082,-0.223694,0,205.7, 1.1, -6.1,,,0,0,1650,604,1024,1024,95,-64,0,0,225,0,-6,13,3.166,3.165,0,0,0,0,6.774,127.94,-0.054857613304,3.608924,31,Sport,
656800,2026-05-22 09:28:47,51.9888379399796,4.38997013189341,3.608924,,,-0.054857613304,7.217848,0.4921268,10.7479990316,264.827436296,27,5,6.335,0,3.608924,13.533487,60.624017688,-0.447388,-0.223694,0,206.2, -10.2, -7.6,,,0,0,1653,364,1024,1024,95,-100,0,0,224.1,0,-9.8,13,3.166,3.165,0,0,0,0,6.774,127.94,-0.054857613304,3.608924,31,Sport,
656900,2026-05-22 09:28:47,51.988837528488,4.38996997611195,3.608924,,,-0.054857613304,7.217848,0.8052984,10.8906171464,264.981635776,27,5,6.335,0,3.608924,13.533487,60.624017688,-0.671082,-0.447388,0,208.3, -19.3, -14.8,,,0,0,1664,364,1024,1024,97,-100,0,0,222.6,0,-17.3,13,3.166,3.165,0,0,0,0,6.774,127.94,-0.054857613304,3.608924,31,Sport,
657000,2026-05-22 09:28:47,51.9888369768541,4.38996950034414,3.28084,,,-0.382941613304,7.217848,1.2974252,11.1166670224,265.209326072,27,5,6.335,0,3.608924,13.533487,60.624017688,-1.11847,-0.671082,0,208.5, -16.2, -19.3,,,0,0,1583,364,1024,1024,85,-100,0,0,223.2,0,-17.7,13,3.166,3.165,0,0,0,0,6.774,127.94,-0.382941613304,3.28084,31,Sport,
657100,2026-05-22 09:28:48,51.9888361217791,4.38996928293802,3.28084,,,-0.382941613304,7.217848,1.8342908,11.400754958,265.525270964,27,5,6.335,0,3.608924,13.533487,60.624017688,-1.789552,-0.447388,0,208.3, -14.7, -19,,,0,0,1314,641,1024,1024,44,-58,0,0,223.2,0,-18.2,13,3.166,3.165,0,0,0,0,6.774,127.94,-0.382941613304,3.28084,31,Sport,
657200,2026-05-22 09:28:48,51.9888352253429,4.38996892296989,3.28084,,,-0.382941613304,6.889764,2.0579848,11.7167982752,265.862213232,27,5,6.335,0,3.608924,13.533487,60.624017688,-2.013246,-0.447388,0,208.3, -13.4, -20.2,,,0,0,1314,641,1024,1024,44,-58,0,0,223.4,0,-19.7,13,3.166,3.165,0,0,0,0,6.774,127.94,-0.382941613304,3.28084,31,Sport,
657300,2026-05-22 09:28:48,51.9888343960416,4.38996878677936,3.608924,,,-0.054857613304,7.217848,2.460634,11.9859583888,266.1663471,29,5,6.335,0,3.608924,13.533487,60.624017688,-2.460634,-0.223694,0,207.9, -11.1, -21.2,,,0,0,1024,940,1024,1024,0,-13,0,0,223.9,0,-20.8,13,3.166,3.165,0,0,0,0,6.774,127.94,-0.054857613304,3.608924,31,Sport,
657400,2026-05-22 09:28:48,51.9888332869911,4.38996872028219,3.608924,,,-0.054857613304,7.217848,2.684328,12.3345476388,266.571202756,29,5,6.335,0,3.608924,13.533487,60.624017688,-2.684328,0,0,206.9, -6.4, -21.1,,,0,0,1024,1024,1024,1024,0,0,0,0,224.8,0,-15.9,13,3.166,3.165,0,0,0,0,6.774,127.94,-0.054857613304,3.608924,31,Sport,
657500,2026-05-22 09:28:48,51.9888322463455,4.38996922898558,3.608924,,,-0.054857613304,7.217848,2.684328,12.5984256,266.967528228,29,5,6.335,0,3.608924,13.533487,60.624017688,-2.684328,0.223694,0,206.2, -4.1, -14.6,,,0,0,1024,1024,1024,1024,0,0,0,0,225.1,0,-12.3,13,3.166,3.165,0,0,0,0,6.774,127.94,-0.054857613304,3.608924,31,Sport,
657600,2026-05-22 09:28:48,51.9888311742356,4.3899696079221,3.608924,,,-0.054857613304,7.217848,2.5053728,12.8934715412,267.368118792,29,5,6.315,0,3.608924,13.533487,60.624017688,-2.460634,0.447388,0,206.5, -5.4, -12.7,,,0,0,1024,1024,1024,1024,0,0,0,0,225.4,0,-10.1,13,3.158,3.159,0,0,0,0,6.858,127.94,-0.054857613304,3.608924,31,Sport,
657700,2026-05-22 09:28:48,51.9888301547417,4.38997069360325,3.608924,,,-0.054857613304,7.217848,2.5501116,13.1021329652,267.812672612,29,5,6.315,0,3.608924,13.533487,60.624017688,-2.460634,0.671082,0,206.2, -3.1, -9.3,,,0,0,1024,993,1024,1024,0,-5,0,0,225.8,0,-5,13,3.158,3.159,0,0,0,0,6.858,127.94,-0.054857613304,3.608924,31,Sport,
657800,2026-05-22 09:28:48,51.9888292237208,4.38997122729873,3.608924,,,-0.054857613304,7.217848,2.125093,13.3488521332,268.172908844,29,5,6.315,0,3.608924,13.533487,60.624017688,-2.013246,0.671082,0,206, 0, -3.7,,,0,0,1024,898,1024,364,0,-19,0,-100,226,0,-0.7,13,3.158,3.159,0,0,0,0,6.858,127.94,-0.054857613304,3.608924,31,Sport,
657900,2026-05-22 09:28:48,51.9888284197948,4.38997225593561,3.608924,,,-0.054857613304,7.217848,1.6329662,13.5108928208,268.54659652,28,5,6.315,0,3.608924,13.533487,60.624017688,-1.565858,0.447388,0,205.7, 0.9, -1,,,0,0,1024,1012,896,364,0,-2,-19,-100,221.7,0,-1.2,13,3.158,3.159,0,0,0,0,6.858,127.94,-0.054857613304,3.608924,31,Sport,
658000,2026-05-22 09:28:48,51.9888278596025,4.38997263170029,3.608924,,,-0.054857613304,7.217848,1.2079476,13.6604663164,268.767725136,28,5,6.315,0,3.608924,13.533487,60.624017688,-1.11847,0.447388,0,198.4, -1.6, -3.7,,,0,0,1024,1012,896,364,0,-2,-19,-100,212.7,-0.2,-4.1,13,3.158,3.159,0,0,0,0,6.858,127.94,-0.054857613304,3.608924,31,Sport,
658100,2026-05-22 09:28:49,51.988827572625,4.38997324330737,3.608924,,,-0.054857613304,7.217848,1.006623,13.6993770788,268.94029732,28,5,6.315,0,3.608924,13.533487,60.624017688,-0.894776,0.447388,0,189.5, -3.2, -5.1,,,0,0,1024,1013,761,364,0,-2,-40,-100,203.5,-0.2,-4.7,13,3.158,3.159,0,0,0,0,6.858,127.94,-0.054857613304,3.608924,31,Sport,
658200,2026-05-22 09:28:49,51.9888272474795,4.38997357117461,3.608924,,,-0.054857613304,7.217848,0.8052984,13.7784125144,269.080061104,28,5,6.315,0,3.608924,13.533487,60.624017688,-0.671082,0.447388,0,180.8, -4.4, -6.2,,,0,0,1024,1008,757,364,0,-2,-40,-100,194.9,-0.2,-5.6,13,3.158,3.159,0,0,0,0,6.858,127.94,-0.054857613304,3.608924,31,Sport,
658300,2026-05-22 09:28:49,51.9888273327613,4.38997394008438,3.608924,,,-0.054857613304,7.217848,0.6263432,13.717027998,269.168643784,28,5,6.315,0,3.608924,13.533487,60.624017688,-0.447388,0.447388,0.223694,172.3, -4.5, -6.1,,,0,0,1024,998,758,364,0,-4,-40,-100,186.6,-0.2,-4.5,13,3.158,3.159,0,0,0,0,6.858,127.94,-0.054857613304,3.608924,31,Sport,
658400,2026-05-22 09:28:49,51.9888274058416,4.38997423276934,3.28084,,,-0.382941613304,7.217848,0.4921268,13.6666999124,269.239509928,28,5,6.315,0,3.608924,13.533487,60.624017688,-0.223694,0.447388,0.447388,163.9, -3.8, -5.1,,,0,0,1024,1024,881,364,0,0,-22,-100,177.9,-0.2,-4.2,13,3.158,3.159,0,0,0,0,6.858,127.94,-0.382941613304,3.28084,31,Sport,
658500,2026-05-22 09:28:49,51.9888273026956,4.38997461721483,3.28084,,,-0.382941613304,6.889764,0.447388,13.6679466316,269.333670036,28,5,6.315,0,3.608924,13.533487,60.624017688,0,0.447388,0.671082,155.4, -4.8, -4.9,,,0,0,1024,1024,1024,1024,0,0,0,0,170.1,-0.1,-3.7,13,3.158,3.159,0,0,0,0,6.858,127.94,-0.382941613304,3.28084,31,Sport,
658600,2026-05-22 09:28:49,51.9888272784469,4.3899750399101,3.28084,,,-0.382941613304,6.889764,0.447388,13.639928258,269.42914248,28,5,6.344,0,3.608924,13.533487,60.624017688,0,0.447388,0.671082,150.2, -5.9, -4.1,,,0,0,1024,1024,1024,1024,0,0,0,0,169.7,0,-2.4,13,3.17,3.168,0,0,0,0,6.341,128.12,-0.382941613304,3.28084,31,Sport,
658700,2026-05-22 09:28:49,51.988827472698,4.38997567950025,2.952756,,,-0.711025613304,6.56168,0.671082,13.5204400652,269.589247472,29,5,6.344,0,3.608924,13.533487,60.624017688,0,0.671082,0.447388,150.8, -6.4, -1.6,,,0,0,1024,1024,1024,1024,0,0,0,0,170.6,0,1.4,13,3.17,3.168,0,0,0,0,6.341,128.12,-0.711025613304,2.952756,31,Sport,
658800,2026-05-22 09:28:49,51.9888275382951,4.38997611326216,2.952756,,,-0.711025613304,6.56168,0.447388,13.4623363888,269.689641176,29,5,6.344,0,3.608924,13.533487,60.624017688,0,0.447388,0.223694,150.9, -5.5, 1.7,,,0,0,1024,1024,1024,1024,0,0,0,0,170.7,0,3.1,13,3.17,3.168,0,0,0,0,6.341,128.12,-0.711025613304,2.952756,31,Sport,
658900,2026-05-22 09:28:49,51.9888277613311,4.38997588687962,2.952756,,,-0.711025613304,6.56168,0.223694,13.405348198,269.785769788,30,5,6.344,0,3.608924,13.533487,60.624017688,0,0.223694,0.223694,150.9, -5.3, 1.9,,,0,0,1024,1024,1024,1024,0,0,0,0,170.4,0,1.5,13,3.17,3.168,0,0,0,0,6.341,128.12,-0.711025613304,2.952756,31,Sport,
659000,2026-05-22 09:28:49,51.9888278542781,4.38997610420574,2.952756,,,-0.711025613304,6.56168,0.223694,13.355807514,269.845152992,30,5,6.344,0,3.608924,13.533487,60.624017688,0,0.223694,0,150.7, -5.5, 0.5,,,0,0,1024,1024,1024,1024,0,0,0,0,170.4,0,1.7,13,3.17,3.168,0,0,0,0,6.341,128.12,-0.711025613304,2.952756,31,Sport,
659100,2026-05-22 09:28:50,51.988827839286,4.38997551547272,2.952756,,,-0.711025613304,6.56168,0.223694,13.4101382244,269.977370844,30,5,6.344,0,3.608924,13.533487,60.624017688,0.223694,0,0,150.7, -6.2, 1.1,,,0,0,1024,1024,1024,1024,0,0,0,0,170.4,0,2,13,3.17,3.168,0,0,0,0,6.341,128.12,-0.711025613304,2.952756,31,Sport,
659200,2026-05-22 09:28:50,51.9888279489643,4.38997560429097,2.952756,,,-0.711025613304,6.56168,0.223694,13.3655516088,270.022318352,30,5,6.344,0,3.608924,13.533487,60.624017688,0.223694,0,0,150.7, -6.8, 1.2,,,0,0,364,1024,1024,1024,-100,0,0,0,170.5,0,1.9,13,3.17,3.168,0,0,0,0,6.341,128.12,-0.711025613304,2.952756,31,Sport,
659300,2026-05-22 09:28:50,51.9888280631552,4.38997567871424,2.952756,,,-0.711025613304,6.56168,0.223694,13.3206369092,270.066937776,29,5,6.344,0,3.608924,13.533487,60.624017688,0.223694,0,0,150.8, -3.2, 0.9,,,0,0,364,1024,1024,1024,-100,0,0,0,170.4,0,1.4,13,3.17,3.168,0,0,0,0,6.341,128.12,-0.711025613304,2.952756,31,Sport,
659400,2026-05-22 09:28:50,51.9888281959813,4.38997558938823,2.952756,,,-0.711025613304,6.56168,0.223694,13.2833337584,270.119431216,29,5,6.344,0,3.608924,13.533487,60.624017688,0.223694,0,0,150.9, 7.3, 0.3,,,0,0,364,1024,1024,1024,-100,0,0,0,170.3,0,0.6,13,3.17,3.168,0,0,0,0,6.341,128.12,-0.711025613304,2.952756,31,Sport,
659500,2026-05-22 09:28:50,51.9888284714599,4.38997543580827,2.952756,,,-0.711025613304,6.889764,1.006623,13.203576538,270.225730432,29,5,6.344,0,3.608924,13.533487,60.624017688,0.894776,-0.447388,0,150.9, 17.2, -0.4,,,0,0,364,1024,1024,1024,-100,0,0,0,170.2,0,0.6,13,3.17,3.168,0,0,0,0,6.341,128.12,-0.711025613304,2.952756,31,Sport,"Battery level low. Return to home"
659600,2026-05-22 09:28:50,51.9888290560637,4.38997487348284,2.952756,,,-0.711025613304,6.56168,1.8119214,13.056594906,270.473761936,29,5,6.321,0,3.608924,13.533487,60.624017688,1.565858,-0.894776,0,150.8, 18.3, -0.2,,,0,0,1024,1024,1024,1024,0,0,0,0,170.2,0,0.1,13,3.16,3.159,0,0,0,0,6.068,128.12,-0.711025613304,2.952756,31,Sport,
659700,2026-05-22 09:28:50,51.9888300532792,4.38997391338118,2.952756,,,-0.711025613304,6.56168,2.796175,12.813156578,270.896662212,28,5,6.321,0,3.608924,13.533487,60.624017688,2.460634,-1.342164,0,150.7, 15.5, -0.8,,,0,0,1024,1024,1024,1024,0,0,0,0,170.2,0,0,13,3.16,3.159,0,0,0,0,6.068,128.12,-0.711025613304,2.952756,31,Sport,
659800,2026-05-22 09:28:50,51.9888312172995,4.38997282302922,2.952756,,,-0.711025613304,6.56168,3.3106712,12.5379597188,271.386819708,28,5,6.321,0,3.608924,13.533487,60.624017688,2.908022,-1.565858,0,150.7, 3.9, -0.8,,,0,0,1024,1024,1024,1024,0,0,0,0,170.2,0,0,13,3.16,3.159,0,0,0,0,6.068,128.12,-0.711025613304,2.952756,31,Sport,
659900,2026-05-22 09:28:50,51.9888326290243,4.38997146037968,2.952756,,,-0.711025613304,6.56168,3.5119958,12.226706428,271.986229176,27,5,6.321,0,3.608924,13.533487,60.624017688,3.131716,-1.565858,0,150.8, -7.5, -0.4,,,0,0,1024,1024,1024,1024,0,0,0,0,170.4,0,0.2,13,3.16,3.159,0,0,0,0,6.068,128.12,-0.711025613304,2.952756,31,Sport,
660000,2026-05-22 09:28:50,51.9888338723231,4.38997026929424,2.952756,,,-0.711025613304,6.56168,3.3106712,11.9697182308,272.512803996,27,5,6.321,0,3.608924,13.533487,60.624017688,2.908022,-1.565858,0,151, -12, -0.5,,,0,0,1024,1024,1024,1024,0,0,0,0,170.4,0,0.1,13,3.16,3.159,0,0,0,0,6.068,128.12,-0.711025613304,2.952756,31,Sport,
660100,2026-05-22 09:28:51,51.988834781509,4.38996920240062,2.952756,,,-0.711025613304,6.56168,2.796175,11.8171263624,272.921924744,26,5,6.321,0,3.608924,13.533487,60.624017688,2.460634,-1.342164,0,150.9, -14.6, -0.3,,,0,0,1024,1024,1024,1024,0,0,0,0,170.4,0,0.4,13,3.16,3.159,0,0,0,0,6.068,128.12,-0.711025613304,2.952756,31,Sport,
660200,2026-05-22 09:28:51,51.9888357133652,4.38996824535602,2.952756,,,-0.711025613304,6.56168,2.3040482,11.6559715016,273.324483812,26,5,6.321,0,3.608924,13.533487,60.624017688,2.013246,-1.11847,0,150.8, -16, -0.3,,,0,0,1024,1024,1024,1024,0,0,0,0,170.1,0,-0.4,13,3.16,3.159,0,0,0,0,6.068,128.12,-0.711025613304,2.952756,31,Sport,
660300,2026-05-22 09:28:51,51.9888362040517,4.38996791020261,2.952756,,,-0.711025613304,6.56168,1.8119214,11.553642102,273.51870954,25,5,6.321,0,3.608924,13.533487,60.624017688,1.565858,-0.894776,0,150.8, -16, -1.6,,,0,0,1024,1024,1024,1024,0,0,0,0,170,0,-1.3,13,3.16,3.159,0,0,0,0,6.068,128.12,-0.711025613304,2.952756,31,Sport,
660400,2026-05-22 09:28:51,51.9888367941384,4.38996724819402,2.952756,,,-0.711025613304,6.56168,1.6105968,11.4686355376,273.780192488,25,5,6.321,0,3.608924,13.533487,60.624017688,1.342164,-0.894776,0,151, -15.4, -2,,,0,0,969,1024,1024,1024,-8,0,0,0,169.9,0,-1.5,13,3.16,3.159,0,0,0,0,6.068,128.12,-0.711025613304,2.952756,31,Sport,
660500,2026-05-22 09:28:51,51.9888369929128,4.38996713956225,2.952756,,,-0.711025613304,6.56168,1.11847,11.4255909168,273.85663606,24,5,6.321,0,3.608924,13.533487,60.624017688,0.894776,-0.671082,0,151, -14.8, -1.9,,,0,0,965,1024,1024,1024,-9,0,0,0,170.6,0,0,13,3.16,3.159,0,0,0,0,6.068,128.12,-0.711025613304,2.952756,31,Sport,
660600,2026-05-22 09:28:51,51.988837332849,4.38996674857834,2.952756,,,-0.711025613304,6.56168,0.8052984,11.3812011516,274.008867036,24,5,6.321,0,3.608924,13.533487,60.624017688,0.671082,-0.447388,0,151.1, -13, -0.3,,,0,0,1024,1024,1024,1024,0,0,0,0,170.4,0,-0.5,13,3.16,3.159,0,0,0,0,6.068,128.12,-0.711025613304,2.952756,31,Sport,
660700,2026-05-22 09:28:51,51.9888375680694,4.3899666542233,2.952756,,,-0.711025613304,6.56168,0.4921268,11.326936058,274.097121632,23,5,6.321,0,3.608924,13.533487,60.624017688,0.447388,-0.223694,0,151, -11.4, -1.8,,,0,0,1024,1024,1024,1024,0,0,0,0,170.1,0,-1.5,13,3.16,3.159,0,0,0,0,6.068,128.12,-0.711025613304,2.952756,31,Sport,
660800,2026-05-22 09:28:51,51.9888376940763,4.3899664082707,2.952756,,,-0.711025613304,6.56168,0.3131716,11.32545968,274.168972028,23,5,6.321,0,3.608924,13.533487,60.624017688,0.223694,-0.223694,0,151, -10.7, -2.1,,,0,0,1024,1024,565,1024,0,0,-70,0,170.1,0,-1.5,13,3.16,3.159,0,0,0,0,6.068,128.12,-0.711025613304,2.952756,31,Sport,
660900,2026-05-22 09:28:51,51.9888376773386,4.38996633694622,2.952756,,,-0.711025613304,6.56168,0.3131716,11.3402890768,274.186032396,23,5,6.321,0,3.608924,13.533487,60.624017688,0.223694,-0.223694,0,150.9, -10.4, -2.1,,,0,0,1024,1024,364,1024,0,0,-100,0,170.1,0,-1.5,13,3.16,3.159,0,0,0,0,6.068,128.12,-0.711025613304,2.952756,31,Sport,
661000,2026-05-22 09:28:52,51.9888377162625,4.3899661936295,2.952756,,,-0.711025613304,6.56168,0.223694,11.3494426204,274.221465468,23,5,6.321,0,3.608924,13.533487,60.624017688,0,-0.223694,0.447388,150.9, -10.3, -2.5,,,0,0,1024,900,1024,1024,0,-19,0,0,170,0,-1.9,13,3.16,3.159,0,0,0,0,6.068,128.12,-0.711025613304,2.952756,31,Sport,
661100,2026-05-22 09:28:52,51.988837889032,4.38996596943803,2.952756,,,-0.711025613304,6.56168,0,11.3324478692,274.302174132,23,5,6.321,0,3.608924,13.533487,60.624017688,0,0,0.894776,150.9, -9.4, -2.5,,,0,0,1024,364,1024,1024,0,-100,0,0,169.9,0,-5.2,13,3.16,3.159,0,0,0,0,6.068,128.12,-0.711025613304,2.952756,31,Sport,
661200,2026-05-22 09:28:52,51.9888378967765,4.38996592839202,2.624672,,,-1.039109613304,6.233596,0,11.33612241,274.311688568,23,5,6.321,0,3.608924,13.533487,60.624017688,0,0,0.671082,151.7, -8.4, -10.1,,,0,0,1024,364,1024,1024,0,-100,0,0,169.2,0,-15.5,13,3.16,3.159,0,0,0,0,6.068,128.12,-1.039109613304,2.624672,31,Sport,
661300,2026-05-22 09:28:52,51.9888381714134,4.38996556103687,2.624672,,,-1.039109613304,6.233596,0.3131716,11.3119098108,274.441609832,24,5,6.321,0,3.608924,13.533487,60.624017688,0.223694,0.223694,0.447388,152.1, -7.4, -19.4,,,0,0,1024,364,1024,1024,0,-100,0,0,169,0,-20,13,3.16,3.159,0,0,0,0,6.068,128.12,-1.039109613304,2.624672,31,Sport,
661400,2026-05-22 09:28:52,51.9888383572089,4.38996607172265,2.624672,,,-1.039109613304,6.233596,1.006623,11.1862208304,274.574811936,24,5,6.321,0,3.608924,13.533487,60.624017688,0.447388,0.894776,0.223694,152, -6.1, -21,,,0,0,1024,364,1024,1024,0,-100,0,0,169.3,0,-19.9,13,3.16,3.159,0,0,0,0,6.068,128.12,-1.039109613304,2.624672,31,Sport,
661500,2026-05-22 09:28:52,51.988838863603,4.38996632936443,2.296588,,,-1.367193613304,6.233596,1.8119214,11.007546284,274.768381496,24,5,6.321,0,3.608924,13.533487,60.624017688,0.894776,1.565858,0.223694,152, -5.6, -20.3,,,0,0,1024,364,1024,1024,0,-100,0,0,169.3,0,-19.6,13,3.16,3.159,0,0,0,0,6.068,128.12,-1.367193613304,2.296588,31,Sport,
661600,2026-05-22 09:28:52,51.9888393813375,4.38996707630995,2.296588,,,-1.367193613304,6.233596,2.4158952,10.7549544124,275.021006176,24,5,6.306,0,3.608924,13.533487,60.624017688,1.342164,2.013246,0,151.8, -5.1, -20.4,,,0,0,1024,364,1024,1024,0,-100,0,0,169.5,0,-19.4,12,3.149,3.15,0,0,0,0,4.072,128.48,-1.367193613304,2.296588,31,Sport,
661700,2026-05-22 09:28:52,51.9888400289726,4.38996868542334,2.296588,,,-1.367193613304,6.233596,2.908022,10.3418310396,275.453092804,24,5,6.306,0,3.608924,13.533487,60.624017688,1.565858,2.460634,0,152.1, -5.7, -20.5,,,0,0,1024,364,1024,1024,0,-100,0,0,169.2,0,-20,12,3.149,3.15,0,0,0,0,4.072,128.48,-1.367193613304,2.296588,31,Sport,
661800,2026-05-22 09:28:52,51.9888408148866,4.3899705825335,2.296588,,,-1.367193613304,6.233596,3.5343652,9.8504596328,275.966544264,24,5,6.306,0,3.608924,13.533487,60.624017688,2.013246,2.908022,0,152.2, -6.6, -20.7,,,0,0,1024,364,1024,1024,0,-100,0,0,169.1,0,-20,12,3.149,3.15,0,0,0,0,4.072,128.48,-1.367193613304,2.296588,31,Sport,
661900,2026-05-22 09:28:52,51.98884170711,4.38997157308752,2.296588,,,-1.367193613304,6.233596,4.026492,9.4572837672,276.360901232,26,5,6.306,0,3.608924,13.533487,60.624017688,2.23694,3.35541,0,152.3, -7, -21.3,,,0,0,1024,364,1024,1024,0,-100,0,0,168.9,0,-20.9,12,3.149,3.15,0,0,0,0,4.072,128.48,-1.367193613304,2.296588,31,Sport,
662000,2026-05-22 09:28:53,51.9888426813083,4.38997398802008,2.296588,,,-1.367193613304,6.233596,4.3396636,8.8423231176,277.0095233,26,5,6.306,0,3.608924,13.533487,60.624017688,2.460634,3.579104,0,152.4, -8.1, -21.7,,,0,0,1024,479,1024,1024,0,-83,0,0,168.7,0,-20.4,12,3.149,3.15,0,0,0,0,4.072,128.48,-1.367193613304,2.296588,31,Sport,
662100,2026-05-22 09:28:53,51.9888440737725,4.3899752763646,2.296588,,,-1.367193613304,6.233596,4.8317904,8.2635501332,277.594497072,27,5,6.306,0,3.608924,13.533487,60.624017688,2.684328,4.026492,0,152.1, -7.5, -19.6,,,0,0,1024,1024,1024,1024,0,0,0,0,169,0,-14.2,12,3.149,3.15,0,0,0,0,4.072,128.48,-1.367193613304,2.296588,31,Sport,
662200,2026-05-22 09:28:53,51.9888452042232,4.38997813779509,2.296588,,,-1.367193613304,5.905512,5.144962,7.5463257008,278.358276624,27,5,6.306,0,3.608924,13.533487,60.624017688,2.908022,4.250186,0,151.3, -7.2, -9.9,,,0,0,1024,1024,1024,1024,0,0,0,0,170.2,0,-2,12,3.149,3.15,0,0,0,0,4.072,128.48,-1.367193613304,2.296588,31,Sport,
662300,2026-05-22 09:28:53,51.9888463904148,4.38997876920872,2.296588,,,-1.367193613304,5.905512,4.8317904,7.1147640072,278.813657216,27,5,6.306,0,3.608924,13.533487,60.624017688,2.684328,4.026492,0,151.2, -8.5, -1,,,0,0,1024,1024,1024,1024,0,0,0,0,170.2,0,-1,12,3.149,3.15,0,0,0,0,4.072,128.48,-1.367193613304,2.296588,31,Sport,
662400,2026-05-22 09:28:53,51.9888474712201,4.38998130814878,2.296588,,,-1.367193613304,5.905512,4.6528352,6.4587272408,279.507226792,27,5,6.306,0,3.608924,13.533487,60.624017688,2.684328,3.802798,0,150.9, -9.7, -1.1,,,0,0,1024,1024,1024,1024,0,0,0,0,170.5,0,3.5,12,3.149,3.15,0,0,0,0,4.072,128.48,-1.367193613304,2.296588,31,Sport,
662500,2026-05-22 09:28:53,51.9888484413812,4.38998121122706,2.296588,,,-1.367193613304,5.905512,4.026492,6.1870736888,279.861885596,27,5,6.306,0,3.608924,13.533487,60.624017688,2.23694,3.35541,0,150.4, -9.4, 5.6,,,0,0,1024,1024,1024,1024,0,0,0,0,171,0,8.7,12,3.149,3.15,0,0,0,0,4.072,128.48,-1.367193613304,2.296588,31,Sport,"Low battery"
662600,2026-05-22 09:28:53,51.9888493317798,4.38998324805432,2.296588,,,-1.367193613304,5.905512,3.5343652,5.6530841704,280.422909236,27,5,6.305,0,3.608924,13.533487,60.624017688,2.013246,2.908022,0,150.1, -9.5, 9.1,,,0,0,1024,1024,1024,1024,0,0,0,0,171.1,0,9.9,12,3.154,3.153,0,0,0,0,6.494,128.48,-1.367193613304,2.296588,31,Sport,
662700,2026-05-22 09:28:53,51.9888501059229,4.38998340957081,2.296588,,,-1.367193613304,5.905512,2.7290668,5.4046261572,280.707686148,28,5,6.305,0,3.608924,13.533487,60.624017688,1.565858,2.23694,0,150, -9.4, 9.3,,,0,0,1024,1024,1024,1024,0,0,0,0,170.9,0,9.3,12,3.154,3.153,0,0,0,0,6.494,128.48,-1.367193613304,2.296588,31,Sport,
662800,2026-05-22 09:28:53,51.9888506938635,4.38998471071742,2.296588,,,-1.367193613304,5.905512,2.23694,5.0578741776,281.070218968,28,5,6.305,0,3.608924,13.533487,60.624017688,1.342164,1.789552,0,149.8, -9.9, 8.8,,,0,0,1024,1024,1024,1024,0,0,0,0,170.6,0,8.4,12,3.154,3.153,0,0,0,0,6.494,128.48,-1.367193613304,2.296588,31,Sport,
662900,2026-05-22 09:28:53,51.9888512924785,4.38998516621612,2.296588,,,-1.367193613304,5.905512,1.6105968,4.821358422,281.311688792,26,5,6.305,0,3.608924,13.533487,60.624017688,0.894776,1.342164,0,149.7, -10.4, 7.7,,,0,0,636,1024,1024,1024,-59,0,0,0,170.7,0,8.2,12,3.154,3.153,0,0,0,0,6.494,128.48,-1.367193613304,2.296588,31,Sport,
663000,2026-05-22 09:28:54,51.9888516498271,4.38998594395831,2.296588,,,-1.367193613304,5.905512,1.11847,4.6128282316,281.529536568,26,5,6.305,0,3.608924,13.533487,60.624017688,0.671082,0.894776,0,150.2, -7.1, 7.3,,,0,0,364,1024,1024,1024,-100,0,0,0,170.1,0,6.7,12,3.154,3.153,0,0,0,0,6.494,128.48,-1.367193613304,2.296588,31,Sport,
663100,2026-05-22 09:28:54,51.988852179354,4.38998660756674,2.296588,,,-1.367193613304,5.905512,0.8052984,4.368930586,281.773631064,26,5,6.305,0,3.608924,13.533487,60.624017688,0.671082,0.447388,0,150.9, 4.2, 5.6,,,0,0,1024,1024,1024,1024,0,0,0,0,169.8,0,3.8,12,3.154,3.153,0,0,0,0,6.494,128.48,-1.367193613304,2.296588,31,Sport,
663200,2026-05-22 09:28:54,51.9888525912354,4.38998687197995,2.296588,,,-1.367193613304,6.233596,1.11847,4.2124673264,281.935048392,26,5,6.305,0,3.608924,13.533487,60.624017688,1.11847,0,0,151.2, 11.3, 1.5,,,0,0,1024,1024,1024,1024,0,0,0,0,170.2,0,1.3,12,3.154,3.153,0,0,0,0,6.494,128.48,-1.367193613304,2.296588,31,Sport,
663300,2026-05-22 09:28:54,51.9888531654775,4.38998724637435,2.624672,,,-1.039109613304,6.233596,1.3645334,3.994258658,282.161098268,27,5,6.305,0,3.608924,13.533487,60.624017688,1.342164,-0.223694,0,150.9, -0.4, 0.2,,,0,0,1024,1024,1024,1024,0,0,0,0,170.2,0,-0.4,12,3.154,3.153,0,0,0,0,6.494,128.48,-1.039109613304,2.624672,31,Sport,
663400,2026-05-22 09:28:54,51.988853844112,4.38998701418722,2.624672,,,-1.039109613304,5.905512,1.6329662,3.8332022224,282.414051032,27,5,6.305,0,3.608924,13.533487,60.624017688,1.565858,-0.447388,0,151, -9.9, -2.6,,,0,0,1024,853,1024,1024,0,-26,0,0,169.8,0,-2.7,12,3.154,3.153,0,0,0,0,6.494,128.48,-1.039109613304,2.624672,31,Sport,
663500,2026-05-22 09:28:54,51.9888544595782,4.38998754896085,2.624672,,,-1.039109613304,5.905512,1.5882274,3.5843505084,282.668644216,27,5,6.305,0,3.608924,13.533487,60.624017688,1.565858,-0.223694,0,151, -11, -2.4,,,0,0,1024,864,1024,1024,0,-24,0,0,170.1,0,-1.2,12,3.154,3.153,0,0,0,0,6.494,128.48,-1.039109613304,2.624672,31,Sport,
663600,2026-05-22 09:28:54,51.988855077486,4.38998732741257,2.624672,,,-1.039109613304,5.905512,1.3645334,3.4513452548,282.899615352,27,5,6.301,0,3.608924,13.533487,60.624017688,1.342164,-0.223694,0,150.8, -11, -3.4,,,0,0,1024,864,1024,1024,0,-24,0,0,169.1,0,-6.4,12,3.153,3.152,0,0,0,0,6.1,128.66,-1.039109613304,2.624672,31,Sport,
663700,2026-05-22 09:28:54,51.9888555771314,4.38998854222067,2.624672,,,-1.039109613304,5.905512,1.11847,3.1314961632,283.227699352,27,5,6.301,0,3.608924,13.533487,60.624017688,1.11847,0,0,151, -10.5, -6.4,,,0,0,1024,1024,1024,1021,0,0,0,-0,170.1,0,-2.8,12,3.153,3.152,0,0,0,0,6.1,128.66,-1.039109613304,2.624672,31,Sport,
663800,2026-05-22 09:28:54,51.9888558322292,4.38998985190201,2.624672,,,-1.039109613304,5.905512,0.894776,2.86780192904,283.536426396,26,5,6.301,0,3.608924,13.533487,60.624017688,0.894776,0,0,151.3, -9.7, -2.7,,,0,0,1024,1024,1024,719,0,0,0,-46,169.6,0,-3.1,12,3.153,3.152,0,0,0,0,6.1,128.66,-1.039109613304,2.624672,31,Sport,
663900,2026-05-22 09:28:54,51.9888562390347,4.38998987055739,2.624672,,,-1.039109613304,5.905512,0.894776,2.7522474634,283.685048448,26,5,6.301,0,3.608924,13.533487,60.624017688,0.894776,0,0,149, -9.5, -3.8,,,0,0,1024,1024,1024,364,0,0,0,-100,163.5,-0.1,-1.2,12,3.153,3.152,0,0,0,0,6.1,128.66,-1.039109613304,2.624672,31,Sport,
664000,2026-05-22 09:28:55,51.9888566257036,4.38998994359299,2.624672,,,-1.039109613304,5.905512,0.894776,2.63692921824,283.826780736,27,5,6.301,0,3.608924,13.533487,60.624017688,0.894776,0,0,140.8, -10.3, -0.1,,,0,0,1024,1024,1024,364,0,0,0,-100,155.2,0,2.3,12,3.153,3.152,0,0,0,0,6.1,128.66,-1.039109613304,2.624672,31,Sport,
664100,2026-05-22 09:28:55,51.9888566399333,4.38999047264897,2.624672,,,-1.039109613304,5.905512,0.671082,2.553067667,283.945875228,27,5,6.301,0,3.608924,13.533487,60.624017688,0.671082,0,0,131.8, -10.3, 2.3,,,0,0,1024,1024,1024,364,0,0,0,-100,146.2,0.1,2.6,12,3.153,3.152,0,0,0,0,6.1,128.66,-1.039109613304,2.624672,31,Sport,
664200,2026-05-22 09:28:55,51.9888569621402,4.38999054101725,2.296588,,,-1.367193613304,5.905512,0.671082,2.4555939106,284.064313552,27,5,6.301,0,3.608924,13.533487,60.624017688,0.671082,0,0,122.8, -10, 2.4,,,0,0,1024,1024,1024,1024,0,0,0,0,138,0.1,3.5,12,3.153,3.152,0,0,0,0,6.1,128.66,-1.367193613304,2.296588,31,Sport,
664300,2026-05-22 09:28:55,51.9888572106972,4.38999100474462,2.296588,,,-1.367193613304,5.905512,0.671082,2.31827763324,284.202436916,26,5,6.301,0,3.608924,13.533487,60.624017688,0.671082,0,0,116.7, -9, 4,,,0,0,1024,1024,1024,1591,0,0,0,86,137.1,0,5.3,12,3.153,3.152,0,0,0,0,6.1,128.66,-1.367193613304,2.296588,31,Sport,
664400,2026-05-22 09:28:55,51.9888575143995,4.38999111513271,2.296588,,,-1.367193613304,5.905512,0.671082,2.22061030728,284.316282064,26,5,6.301,0,3.608924,13.533487,60.624017688,0.671082,0,0,117.1, -9.9, 5.1,,,0,0,1024,1024,1024,1591,0,0,0,86,140.6,-0.1,6,12,3.153,3.152,0,0,0,0,6.1,128.66,-1.367193613304,2.296588,31,Sport,
664500,2026-05-22 09:28:55,51.9888577232016,4.38999159836059,2.296588,,,-1.367193613304,5.905512,0.447388,2.09053156296,284.448828,26,5,6.301,0,3.608924,13.533487,60.624017688,0.447388,0,0,123.6, -9.3, 5.6,,,0,0,1024,1024,1024,1684,0,0,0,100,149.5,-0.3,5.6,12,3.153,3.152,0,0,0,0,6.1,128.66,-1.367193613304,2.296588,31,Sport,
664600,2026-05-22 09:28:55,51.9888579225843,4.38999171953013,2.296588,,,-1.367193613304,5.905512,0.223694,2.01916345044,284.526583908,26,5,6.303,0,3.608924,13.533487,60.624017688,0.223694,0,0,132.6, -9.2, 4.8,,,0,0,1024,1024,1024,1684,0,0,0,100,158.4,-0.2,5.5,12,3.144,3.143,0,0,0,0,5.972,128.66,-1.367193613304,2.296588,31,Sport,
664700,2026-05-22 09:28:55,51.9888579521274,4.38999198756383,2.296588,,,-1.367193613304,5.905512,0.223694,1.96978024676,284.587607532,25,5,6.303,0,3.608924,13.533487,60.624017688,0.223694,0,0,141.3, -10, 4.5,,,0,0,1024,1024,1024,1684,0,0,0,100,166.8,-0.1,4,12,3.144,3.143,0,0,0,0,5.972,128.66,-1.367193613304,2.296588,31,Sport,
664800,2026-05-22 09:28:55,51.9888580030793,4.38999199878697,2.296588,,,-1.367193613304,5.905512,0,1.95452434076,284.60630832,25,5,6.303,0,3.608924,13.533487,60.624017688,0,0,0,149.9, -9.6, 2.6,,,0,0,1024,1024,1024,1684,0,0,0,100,175.1,-0.1,2,12,3.144,3.143,0,0,0,0,5.972,128.66,-1.367193613304,2.296588,31,Sport,
664900,2026-05-22 09:28:55,51.9888577968473,4.38999165340857,2.296588,,,-1.367193613304,5.905512,0.223694,2.06252303188,284.71457604,25,5,6.303,0,3.608924,13.533487,60.624017688,0,-0.223694,0,158.6, -8.8, 0.4,,,0,0,1024,1024,1024,1681,0,0,0,100,183.5,0,-0.4,12,3.144,3.143,0,0,0,0,5.972,128.66,-1.367193613304,2.296588,31,Sport,
665000,2026-05-22 09:28:55,51.9888577511769,4.38999121346298,2.296588,,,-1.367193613304,5.905512,0.223694,2.14359586912,284.81464166,25,5,6.303,0,3.608924,13.533487,60.624017688,0,-0.223694,0,167.2, -8.9, -2.5,,,0,0,1024,1024,1024,1616,0,0,0,90,191.3,0.1,-3.4,12,3.144,3.143,0,0,0,0,5.972,128.66,-1.367193613304,2.296588,31,Sport,
665100,2026-05-22 09:28:56,51.9888577091989,4.38999089801874,2.296588,,,-1.367193613304,5.905512,0.447388,2.20502631728,284.887148224,25,5,6.303,0,3.608924,13.533487,60.624017688,0,-0.447388,0,175.1, -8.5, -4.8,,,0,0,1024,1024,1024,1024,0,0,0,0,198.7,0.1,-4.6,12,3.144,3.143,0,0,0,0,5.972,128.66,-1.367193613304,2.296588,31,Sport,
665200,2026-05-22 09:28:56,51.9888576741601,4.38999056243059,2.296588,,,-1.367193613304,5.905512,0.447388,2.2687172642,284.963591796,25,5,6.303,0,3.608924,13.533487,60.624017688,0,-0.447388,0,181.4, -8.7, -5.8,,,0,0,1024,1024,1024,1024,0,0,0,0,200.6,0,-5.6,12,3.144,3.143,0,0,0,0,5.972,128.66,-1.367193613304,2.296588,31,Sport,
665300,2026-05-22 09:28:56,51.988857815883,4.38999003772892,2.296588,,,-1.367193613304,5.905512,0.447388,2.32329731844,285.092528808,25,5,6.303,0,3.608924,13.533487,60.624017688,0,-0.447388,0,181.5, -8.8, -6.8,,,0,0,1024,1024,1024,1024,0,0,0,0,199.9,0,-7.4,12,3.144,3.143,0,0,0,0,5.972,128.66,-1.367193613304,2.296588,31,Sport,
665400,2026-05-22 09:28:56,51.9888577764794,4.38998965077588,2.296588,,,-1.367193613304,5.905512,0.447388,2.39971792456,285.18045532,25,5,6.303,0,3.608924,13.533487,60.624017688,0,-0.447388,0,181.1, -7.3, -8.9,,,0,0,1024,1024,1024,1024,0,0,0,0,199.7,0,-9.1,12,3.144,3.143,0,0,0,0,5.972,128.66,-1.367193613304,2.296588,31,Sport,
665500,2026-05-22 09:28:56,51.9888579101537,4.3899891032732,2.296588,,,-1.367193613304,5.905512,0.223694,2.46786753304,285.313001256,25,5,6.303,0,3.608924,13.533487,60.624017688,0,-0.223694,0,180.9, -5.4, -9.8,,,0,0,1024,1024,1024,1024,0,0,0,0,199.8,0,-8.8,12,3.144,3.143,0,0,0,0,5.972,128.66,-1.367193613304,2.296588,31,Sport,"Battery level low. Return to home"
665600,2026-05-22 09:28:56,51.9888579025205,4.38998888998837,2.296588,,,-1.367193613304,5.905512,0,2.50838590704,285.36090152,25,5,6.293,0,3.608924,13.533487,60.624017688,0,0,0,180.9, -5.6, -9.2,,,0,0,1024,1024,1024,1024,0,0,0,0,199.9,0,-7.8,12,3.146,3.145,0,0,0,0,6.122,128.66,-1.367193613304,2.296588,31,Sport,
665700,2026-05-22 09:28:56,51.9888580932078,4.38998852345052,2.296588,,,-1.367193613304,5.905512,0,2.53725729904,285.468513072,25,5,6.293,0,3.608924,13.533487,60.624017688,0,0,0,181, -6.2, -8.6,,,0,0,1024,1024,1024,1024,0,0,0,0,199.9,0,-8,12,3.146,3.145,0,0,0,0,6.122,128.66,-1.367193613304,2.296588,31,Sport,
665800,2026-05-22 09:28:56,51.9888581104145,4.38998849453538,2.296588,,,-1.367193613304,5.905512,0,2.539288139,285.477699424,25,5,6.293,0,3.608924,13.533487,60.624017688,0,0,0,181, -6.4, -8.4,,,0,0,1024,1024,1024,1024,0,0,0,0,199.9,0,-7.2,12,3.146,3.145,0,0,0,0,6.122,128.66,-1.367193613304,2.296588,31,Sport,
665900,2026-05-22 09:28:56,51.9888582336328,4.38998828015154,2.296588,,,-1.367193613304,5.905512,0,2.55610900568,285.543644308,26,5,6.293,0,3.608924,13.533487,60.624017688,0,0,0,181, -6.1, -7.6,,,0,0,1024,1024,1024,1024,0,0,0,0,199.9,0,-6.8,12,3.146,3.145,0,0,0,0,6.122,128.66,-1.367193613304,2.296588,31,Sport,
666000,2026-05-22 09:28:56,51.9888582384132,4.3899884139006,2.624672,,,-1.039109613304,5.905512,0,2.529609661,285.573828036,26,5,6.293,0,3.608924,13.533487,60.624017688,0,0,0,180.8, -5.7, -6.8,,,0,0,621,1024,1024,1024,-61,0,0,0,199.9,0,-5.3,12,3.146,3.145,0,0,0,0,6.122,128.66,-1.039109613304,2.624672,31,Sport,
666100,2026-05-22 09:28:57,51.9888582170772,4.3899884737724,2.624672,,,-1.039109613304,5.905512,0.223694,2.52231307284,285.589247984,25,5,6.293,0,3.608924,13.533487,60.624017688,0,0.223694,0,180.7, -5.8, -5,,,0,0,364,1024,1024,1024,-100,0,0,0,200.4,0,-3.2,12,3.146,3.145,0,0,0,0,6.122,128.66,-1.039109613304,2.624672,31,Sport,
666200,2026-05-22 09:28:57,51.988858254322,4.38998870264858,2.624672,,,-1.039109613304,5.905512,0.223694,2.47157816308,285.642397592,25,5,6.293,0,3.608924,13.533487,60.624017688,0,0.223694,0,180.6, 2.7, -4.1,,,0,0,1024,1024,1024,1024,0,0,0,0,200.8,0,-3.6,12,3.146,3.145,0,0,0,0,6.122,128.66,-1.039109613304,2.624672,31,Sport,
666300,2026-05-22 09:28:57,51.9888584180448,4.38998885694846,2.624672,,,-1.039109613304,5.905512,0.4921268,2.41047251808,285.711623316,24,5,6.293,0,3.608924,13.533487,60.624017688,0.447388,0.223694,0,180.2, 13.8, -4.4,,,0,0,1024,1024,1024,1095,0,0,0,11,200.4,0,-3.1,12,3.146,3.145,0,0,0,0,6.122,128.66,-1.039109613304,2.624672,31,Sport,
666400,2026-05-22 09:28:57,51.9888588763033,4.38998907788811,2.624672,,,-1.039109613304,5.905512,1.1408394,2.2833170022,285.88583592,24,5,6.293,0,3.608924,13.533487,60.624017688,1.11847,0.223694,0,180.2, 7.1, -3.7,,,0,0,1024,1024,1024,1095,0,0,0,11,200.3,0,-1.8,12,3.146,3.145,0,0,0,0,6.122,128.66,-1.039109613304,2.624672,31,Sport,
666500,2026-05-22 09:28:57,51.9888596225096,4.38998903452931,2.624672,,,-1.039109613304,5.905512,1.5882274,2.17437014832,286.158473724,24,5,6.293,0,3.608924,13.533487,60.624017688,1.565858,0.223694,0,182.1, -4.5, -2.3,,,0,0,1024,1024,991,1684,0,0,-5,100,206.3,0,-2.9,12,3.146,3.145,0,0,0,0,6.122,128.66,-1.039109613304,2.624672,31,Sport,
666600,2026-05-22 09:28:57,51.9888603254528,4.38998917968582,2.624672,,,-1.039109613304,5.905512,1.565858,2.05890098452,286.417003916,24,5,6.303,0,3.608924,13.533487,60.624017688,1.565858,0,0,190.5, -7.5, -4.7,,,0,0,1024,1024,1024,1024,0,0,0,0,213.5,0.1,-5.6,12,3.151,3.149,0,0,0,0,5.565,128.66,-1.039109613304,2.624672,31,Sport,
666700,2026-05-22 09:28:57,51.9888608172381,4.38998912729843,2.624672,,,-1.039109613304,5.905512,1.565858,2.02806108852,286.596793948,25,5,6.303,0,3.608924,13.533487,60.624017688,1.565858,0,0,195.1, -9.2, -6.7,,,0,0,1024,1024,1024,1024,0,0,0,0,213.5,0,-6,12,3.151,3.149,0,0,0,0,5.565,128.66,-1.039109613304,2.624672,31,Sport,
666800,2026-05-22 09:28:57,51.9888614288963,4.38998891108523,2.624672,,,-1.039109613304,5.905512,1.342164,2.04541345128,286.825140412,25,5,6.303,0,3.608924,13.533487,60.624017688,1.342164,0,0,194.6, -9.8, -6.5,,,0,0,1024,1024,1024,1024,0,0,0,0,213.1,0,-5.8,12,3.151,3.149,0,0,0,0,5.565,128.66,-1.039109613304,2.624672,31,Sport,
666900,2026-05-22 09:28:57,51.9888619317329,4.38998897155871,2.624672,,,-1.039109613304,5.905512,1.11847,2.02492788632,287.009195536,25,5,6.303,0,3.608924,13.533487,60.624017688,1.11847,0,0,194.4, -10.3, -6.9,,,0,0,1024,1024,1024,1024,0,0,0,0,212.9,0,-6.5,12,3.151,3.149,0,0,0,0,5.565,128.66,-1.039109613304,2.624672,31,Sport,
667000,2026-05-22 09:28:57,51.9888623531407,4.3899890056246,2.624672,,,-1.039109613304,5.905512,0.894776,2.0242618758,287.163066932,25,5,6.303,0,3.608924,13.533487,60.624017688,0.894776,0,0,194.5, -10.3, -7,,,0,0,1024,1024,496,1024,0,0,-80,0,213.2,0,-5.7,12,3.151,3.149,0,0,0,0,5.565,128.66,-1.039109613304,2.624672,31,Sport,
667100,2026-05-22 09:28:58,51.9888624997639,4.38998854820263,2.624672,,,-1.039109613304,5.905512,0.671082,2.13160439892,287.278880584,24,5,6.303,0,3.608924,13.533487,60.624017688,0.671082,0,0,194.5, -10.3, -6.6,,,0,0,1024,1024,1024,1024,0,0,0,0,212.8,0,-6.7,12,3.151,3.149,0,0,0,0,5.565,128.66,-1.039109613304,2.624672,31,Sport,
667200,2026-05-22 09:28:58,51.9888627795945,4.38998851914142,2.296588,,,-1.367193613304,5.905512,0.447388,2.15110899272,287.381242792,24,5,6.303,0,3.608924,13.533487,60.624017688,0.447388,0,0.223694,194.2, -9.6, -7.5,,,0,0,1024,1024,1024,1024,0,0,0,0,212.9,0,-6.2,12,3.151,3.149,0,0,0,0,5.565,128.66,-1.367193613304,2.296588,31,Sport,
667300,2026-05-22 09:28:58,51.9888628850536,4.3899883585883,2.296588,,,-1.367193613304,5.905512,0.447388,2.19281174996,287.433736232,26,5,6.303,0,3.608924,13.533487,60.624017688,0.447388,0,0.447388,194.2, -9.3, -6.6,,,0,0,1024,1024,1024,1024,0,0,0,0,213,0,-5.5,12,3.151,3.149,0,0,0,0,5.565,128.66,-1.367193613304,2.296588,31,Sport,
667400,2026-05-22 09:28:58,51.988863086805,4.38998839666767,2.296588,,,-1.367193613304,5.905512,0.223694,2.19779862676,287.507883216,26,5,6.303,0,3.608924,13.533487,60.624017688,0.223694,0,0.447388,194.2, -9.2, -5.9,,,0,0,1024,1024,1024,1024,0,0,0,0,213.2,0,-4.5,12,3.151,3.149,0,0,0,0,5.565,128.66,-1.367193613304,2.296588,31,Sport,
667500,2026-05-22 09:28:58,51.9888631761582,4.38998849129399,2.296588,,,-1.367193613304,5.905512,0.223694,2.18373366568,287.546925212,26,5,6.303,0,3.608924,13.533487,60.624017688,0.223694,0,0.223694,194.3, -9.5, -5.2,,,0,0,1024,1024,1024,1024,0,0,0,0,213.1,0,-4.7,12,3.151,3.149,0,0,0,0,5.565,128.66,-1.367193613304,2.296588,31,Sport,
667600,2026-05-22 09:28:58,51.988863277805,4.3899885243026,2.296588,,,-1.367193613304,5.577428,0,2.18478025364,287.584654872,26,5,6.295,0,3.608924,13.533487,60.624017688,0,0,0.223694,194.1, -8.9, -5.2,,,0,0,1024,1024,1681,988,0,0,100,-5,213.3,0,-5,12,3.144,3.143,0,0,0,0,5.722,128.84,-1.367193613304,2.296588,31,Sport,
667700,2026-05-22 09:28:58,51.9888633201085,4.38998857135492,2.296588,,,-1.367193613304,5.577428,0,2.17814311432,287.60335566,26,5,6.295,0,3.608924,13.533487,60.624017688,0,0,0,194.3, -8, -5.7,,,0,0,1024,1024,1684,1024,0,0,100,0,213.2,0,-4.8,12,3.144,3.143,0,0,0,0,5.722,128.84,-1.367193613304,2.296588,31,Sport,
667800,2026-05-22 09:28:58,51.9888632981258,4.38998857440154,2.296588,,,-1.367193613304,5.905512,0,2.17557093576,287.61155776,26,5,6.295,0,3.608924,13.533487,60.624017688,0,0,-0.447388,194.2, -7.6, -5,,,0,0,1024,1024,1024,1024,0,0,0,0,213.4,0,-3.9,12,3.144,3.143,0,0,0,0,5.722,128.84,-1.367193613304,2.296588,31,Sport,
667900,2026-05-22 09:28:58,51.9888632007882,4.38998867221013,2.296588,,,-1.367193613304,5.905512,0.223694,2.14603353324,287.653224428,26,5,6.295,0,3.608924,13.533487,60.624017688,-0.223694,0,-1.11847,194, -4.4, -4.7,,,0,0,1024,1024,1024,1024,0,0,0,0,213.3,0,-4.6,12,3.144,3.143,0,0,0,0,5.722,128.84,-1.367193613304,2.296588,31,Sport,
668000,2026-05-22 09:28:58,51.9888631018314,4.38998861243918,2.624672,,,-1.039109613304,6.233596,0,2.15142395336,287.69193834,26,5,6.295,0,3.608924,13.533487,60.624017688,0,0,-1.11847,193.7, -0.6, -6.2,,,0,0,1024,1024,1024,1024,0,0,0,0,213.3,0,-6.2,12,3.144,3.143,0,0,0,0,5.722,128.84,-1.039109613304,2.624672,31,Sport,
668100,2026-05-22 09:28:59,51.9888628950769,4.38998877460256,2.624672,,,-1.039109613304,6.233596,0,2.10132224572,287.77559976,26,5,6.295,0,3.608924,13.533487,60.624017688,0,0,-0.894776,193.4, 0.7, -6.3,,,0,0,1684,1024,1024,1024,100,0,0,0,213.2,0,-4.4,12,3.144,3.143,0,0,0,0,5.722,128.84,-1.039109613304,2.624672,31,Sport,
668200,2026-05-22 09:28:59,51.9888629141812,4.38998876842583,2.952756,,,-0.711025613304,6.233596,0,2.10391410932,287.782489524,26,5,6.295,0,3.608924,13.533487,60.624017688,0,0,-0.671082,193.7, -1.5, -4.4,,,0,0,1684,1024,1024,1024,100,0,0,0,213.2,0,-3.9,12,3.144,3.143,0,0,0,0,5.722,128.84,-0.711025613304,2.952756,31,Sport,
668300,2026-05-22 09:28:59,51.988862972492,4.38998913624355,2.952756,,,-0.711025613304,6.56168,0,2.0266732932,287.868119448,28,5,6.295,0,3.608924,13.533487,60.624017688,0,0,-0.447388,194.3, -12, -5.3,,,0,0,1684,1024,1024,1024,100,0,0,0,212.5,0,-6.2,12,3.144,3.143,0,0,0,0,5.722,128.84,-0.711025613304,2.952756,31,Sport,
668400,2026-05-22 09:28:59,51.9888629663153,4.38998902362961,2.952756,,,-0.711025613304,6.56168,0,2.05106305776,287.893381916,28,5,6.295,0,3.608924,13.533487,60.624017688,0,0,-0.223694,195.1, -20.9, -7.6,,,0,0,1656,1024,1024,1024,96,0,0,0,212.1,0,-6.7,12,3.144,3.143,0,0,0,0,5.722,128.84,-0.711025613304,2.952756,31,Sport,
668500,2026-05-22 09:28:59,51.9888629207092,4.38998909740948,2.952756,,,-0.711025613304,6.56168,0.7158208,2.03165360832,287.917003964,28,5,6.295,0,3.608924,13.533487,60.624017688,-0.671082,-0.223694,0,195, -21.3, -7.6,,,0,0,1024,1024,1024,1024,0,0,0,0,212.6,0,-6.3,12,3.144,3.143,0,0,0,0,5.722,128.84,-0.711025613304,2.952756,31,Sport,"Low battery"
668600,2026-05-22 09:28:59,51.9888625064633,4.38998888998837,2.952756,,,-0.711025613304,6.56168,1.1408394,2.0555118768,288.075140452,28,5,6.297,0,3.608924,13.533487,60.624017688,-1.11847,-0.223694,0,194.4, -10.9, -7.1,,,0,0,1024,1024,1024,1024,0,0,0,0,213,0,-5.7,12,3.144,3.142,0,0,0,0,5.117,128.84,-0.711025613304,2.952756,31,Sport,
668700,2026-05-22 09:28:59,51.9888620614878,4.38998889673547,2.952756,,,-0.711025613304,6.56168,1.1408394,2.0426345798,288.237542032,28,5,6.297,0,3.608924,13.533487,60.624017688,-1.11847,-0.223694,0,193.7, -4.8, -6,,,0,0,1024,1024,1024,1024,0,0,0,0,213,0,-5.5,12,3.144,3.142,0,0,0,0,5.117,128.84,-0.711025613304,2.952756,31,Sport,
668800,2026-05-22 09:28:59,51.9888615839751,4.38998870696116,2.952756,,,-0.711025613304,6.56168,1.1408394,2.08732618228,288.416675896,28,5,6.297,0,3.608924,13.533487,60.624017688,-1.11847,-0.223694,0,193.8, -4.6, -5.9,,,0,0,1062,1024,1024,1024,6,0,0,0,213.2,0,-4.9,12,3.144,3.142,0,0,0,0,5.117,128.84,-0.711025613304,2.952756,31,Sport,
668900,2026-05-22 09:28:59,51.9888611405073,4.38998864635204,2.952756,,,-0.711025613304,6.56168,0.9171454,2.11572185248,288.579077476,28,5,6.297,0,3.608924,13.533487,60.624017688,-0.894776,-0.223694,0,193.8, -2.4, -5.3,,,0,0,1493,1024,1024,1024,71,0,0,0,213.3,0,-4.9,12,3.144,3.142,0,0,0,0,5.117,128.84,-0.711025613304,2.952756,31,Sport,
669000,2026-05-22 09:29:00,51.9888607638875,4.38998849994697,2.952756,,,-0.711025613304,6.56168,0.894776,2.17013458388,288.72048168,28,5,6.297,0,3.608924,13.533487,60.624017688,-0.894776,0,0,193.7, -3, -5.7,,,0,0,1083,1024,1024,1024,9,0,0,0,213,0,-4.5,12,3.144,3.142,0,0,0,0,5.117,128.84,-0.711025613304,2.952756,31,Sport,
669100,2026-05-22 09:29:00,51.9888605880596,4.38998835365666,2.952756,,,-0.711025613304,6.56168,0.671082,2.2152887848,288.792332076,29,5,6.297,0,3.608924,13.533487,60.624017688,-0.671082,0,0,194.3, -11.5, -5.4,,,0,0,1083,1024,1024,1024,9,0,0,0,213,0,-4.9,12,3.144,3.142,0,0,0,0,5.117,128.84,-0.711025613304,2.952756,31,Sport,
669200,2026-05-22 09:29:00,51.9888602160744,4.3899881948564,2.952756,,,-0.711025613304,6.56168,0.9171454,2.2826772384,288.932752028,29,5,6.297,0,3.608924,13.533487,60.624017688,-0.894776,-0.223694,0,194.2, -9.2, -5.8,,,0,0,1024,1024,1024,1024,0,0,0,0,213.2,0,-5.3,12,3.144,3.142,0,0,0,0,5.117,128.84,-0.711025613304,2.952756,31,Sport,
669300,2026-05-22 09:29:00,51.9888599467812,4.38998778189572,2.952756,,,-0.711025613304,6.56168,0.9171454,2.39938984056,289.067922636,28,5,6.297,0,3.608924,13.533487,60.624017688,-0.894776,-0.223694,0,193.9, -4.1, -6.2,,,0,0,1024,1024,1024,1024,0,0,0,0,213.3,0,-6.1,12,3.144,3.142,0,0,0,0,5.117,128.84,-0.711025613304,2.952756,31,Sport,
669400,2026-05-22 09:29:00,51.9888595389262,4.38998755013289,2.952756,,,-0.711025613304,6.56168,0.9171454,2.4963419434,289.22573104,28,5,6.297,0,3.608924,13.533487,60.624017688,-0.894776,-0.223694,0,194.1, -3.3, -7.4,,,0,0,1024,1024,1024,1024,0,0,0,0,213.5,0,-5.9,12,3.144,3.142,0,0,0,0,5.117,128.84,-0.711025613304,2.952756,31,Sport,
669500,2026-05-22 09:29:00,51.9888592017014,4.38998742833734,2.952756,,,-0.711025613304,6.56168,0.7158208,2.56652567268,289.351715296,28,5,6.297,0,3.608924,13.533487,60.624017688,-0.671082,-0.223694,0,194.2, -2.6, -6.5,,,0,0,1024,1024,1024,1024,0,0,0,0,213.5,0,-6.7,12,3.144,3.142,0,0,0,0,5.117,128.84,-0.711025613304,2.952756,31,Sport,
669600,2026-05-22 09:29:00,51.9888588599919,4.38998715851253,2.952756,,,-0.711025613304,6.56168,0.7158208,2.67178814324,289.490166744,28,5,6.29,0,3.608924,13.533487,60.624017688,-0.671082,-0.223694,0,193.6, 0.4, -7.9,,,0,0,1286,1024,1024,1024,40,0,0,0,213.4,0,-7.3,12,3.146,3.142,0,0,0,0,5.699,129.2,-0.711025613304,2.952756,31,Sport,
669700,2026-05-22 09:29:00,51.9888587252681,4.38998726524884,2.952756,,,-0.711025613304,6.233596,0.4921268,2.67085966552,289.544956772,28,5,6.29,0,3.608924,13.533487,60.624017688,-0.447388,-0.223694,0,193.4, 0.3, -8.1,,,0,0,1429,1024,1024,1024,61,0,0,0,212.9,0,-7.3,12,3.146,3.142,0,0,0,0,5.699,129.2,-0.711025613304,2.952756,31,Sport,
669800,2026-05-22 09:29:00,51.9888586028208,4.3899870433493,2.952756,,,-0.711025613304,5.905512,0.3131716,2.73519693792,289.611885908,28,5,6.29,0,3.608924,13.533487,60.624017688,-0.223694,-0.223694,0,194.1, -8.1, -8.4,,,0,0,1196,1024,1024,1024,26,0,0,0,212.4,0,-8.4,12,3.146,3.142,0,0,0,0,5.699,129.2,-0.711025613304,2.952756,31,Sport,
669900,2026-05-22 09:29:00,51.988858392858,4.38998712143131,2.952756,,,-0.711025613304,5.905512,0.3131716,2.75409129548,289.690626068,28,5,6.29,0,3.608924,13.533487,60.624017688,-0.223694,-0.223694,0,194.8, -12.7, -9.4,,,0,0,1471,978,1024,1024,68,-7,0,0,212.6,0,-8.4,12,3.146,3.142,0,0,0,0,5.699,129.2,-0.711025613304,2.952756,31,Sport,
670000,2026-05-22 09:29:01,51.9888582999152,4.38998688396823,2.952756,,,-0.711025613304,5.905512,0.3131716,2.81708998516,289.753618196,28,5,6.29,0,3.608924,13.533487,60.624017688,-0.223694,-0.223694,0,194.2, -9.4, -9.2,,,0,0,1471,978,1024,1024,68,-7,0,0,212.2,0,-8.3,12,3.146,3.142,0,0,0,0,5.699,129.2,-0.711025613304,2.952756,31,Sport,
670100,2026-05-22 09:29:01,51.9888582752938,4.38998693833801,2.952756,,,-0.711025613304,5.905512,0.3131716,2.81048565424,289.769038144,28,5,6.29,0,3.608924,13.533487,60.624017688,-0.223694,-0.223694,0,194.9, -16.9, -9.7,,,0,0,1024,1024,1024,1024,0,0,0,0,212.3,0,-8.9,12,3.146,3.142,0,0,0,0,5.699,129.2,-0.711025613304,2.952756,31,Sport,
670200,2026-05-22 09:29:01,51.9888581102346,4.38998671533946,2.952756,,,-0.711025613304,5.905512,0.4921268,2.88314641772,289.847122136,28,5,6.29,0,3.608924,13.533487,60.624017688,-0.447388,-0.223694,0,195, -13.5, -9.3,,,0,0,1024,1024,1024,1024,0,0,0,0,212.8,0,-8.3,12,3.146,3.142,0,0,0,0,5.699,129.2,-0.711025613304,2.952756,31,Sport,
670300,2026-05-22 09:29:01,51.9888578677559,4.38998680437681,2.952756,,,-0.711025613304,5.905512,0.4921268,2.90921269152,289.938001404,28,5,6.29,0,3.608924,13.533487,60.624017688,-0.447388,-0.223694,0,194.6, -9.9, -8.9,,,0,0,1024,1024,1024,1024,0,0,0,0,212.8,0,-8.6,12,3.146,3.142,0,0,0,0,5.699,129.2,-0.711025613304,2.952756,31,Sport,
670400,2026-05-22 09:29:01,51.9888576495644,4.38998648839698,2.952756,,,-0.711025613304,5.905512,0.6263432,3.01085311472,290.044628704,28,5,6.29,0,3.608924,13.533487,60.624017688,-0.447388,-0.447388,0,194.5, -8.9, -10,,,0,0,1024,1024,1024,1024,0,0,0,0,212.6,0,-10.4,12,3.146,3.142,0,0,0,0,5.699,129.2,-0.711025613304,2.952756,31,Sport,
670500,2026-05-22 09:29:01,51.9888572790271,4.38998611232276,2.952756,,,-0.711025613304,5.905512,0.6263432,3.15364839488,290.204077528,28,5,6.29,0,3.608924,13.533487,60.624017688,-0.447388,-0.447388,0,194.3, -7.5, -11.4,,,0,0,1024,1024,1024,1024,0,0,0,0,212.6,0,-10.9,12,3.146,3.142,0,0,0,0,5.699,129.2,-0.711025613304,2.952756,31,Sport,
670600,2026-05-22 09:29:01,51.9888571300608,4.38998582529981,2.952756,,,-0.711025613304,0,0.3131716,3.23721138968,290.288395116,28,5,6.283,0,3.608924,13.533487,60.624017688,-0.223694,-0.223694,0,194.4, -7.2, -11.2,,,0,0,1024,1024,946,1024,0,0,-12,0,212.8,0,-10.3,11,3.144,3.141,0,0,0,0,6.151,129.2,-0.711025613304,2.952756,31,Sport,
670700,2026-05-22 09:29:01,51.9888569522668,4.38998560532701,2.952756,,,-0.711025613304,0,0.3131716,3.3138452504,290.369759948,28,5,6.283,0,3.608924,13.533487,60.624017688,-0.223694,-0.223694,0,194.3, -7.1, -11.2,,,0,0,1024,1024,364,1024,0,0,-100,0,212.7,0,-10.9,11,3.144,3.141,0,0,0,0,6.151,129.2,-0.711025613304,2.952756,31,Sport,
670800,2026-05-22 09:29:01,51.9888567692812,4.38998558809757,2.952756,,,-0.711025613304,0.328084,0.223694,3.35383869,290.436689084,28,5,6.283,0,3.608924,13.533487,60.624017688,0,-0.223694,-0.223694,194.3, -7.1, -11.5,,,0,0,1024,1024,1024,1024,0,0,0,0,212.7,0,-10.7,11,3.144,3.141,0,0,0,0,6.151,129.2,-0.711025613304,2.952756,31,Sport,
670900,2026-05-22 09:29:01,51.9888567062757,4.38998545630657,3.28084,,,-0.382941613304,0.328084,0,3.3912074576,290.474418744,28,5,6.283,0,3.608924,13.533487,60.624017688,0,0,-0.223694,194.2, -6.4, -10.9,,,0,0,1024,1024,1024,1024,0,0,0,0,212.8,0,-9.7,11,3.144,3.141,0,0,0,0,6.151,129.2,-0.382941613304,3.28084,31,Sport,
671000,2026-05-22 09:29:02,51.9888565574379,4.3899857161568,3.28084,,,-0.382941613304,0.328084,0,3.3739502392,290.554143156,28,5,6.283,0,3.608924,13.533487,60.624017688,0,0,-0.447388,194.3, -7.3, -10.1,,,0,0,1024,1024,1024,1024,0,0,0,0,212.9,0,-9.2,11,3.144,3.141,0,0,0,0,6.151,129.2,-0.382941613304,3.28084,31,Sport,
671100,2026-05-22 09:29:02,51.9888565614044,4.38998574584055,3.28084,,,-0.382941613304,0.328084,0,3.3676510264,290.560704836,28,5,6.283,0,3.608924,13.533487,60.624017688,0,0,-0.447388,194.2, -6.7, -9.4,,,0,0,1024,1024,1024,1024,0,0,0,0,212.9,0,-7.5,11,3.144,3.141,0,0,0,0,6.151,129.2,-0.382941613304,3.28084,31,Sport,
671200,2026-05-22 09:29:02,51.9888566125533,4.3899858466262,3.28084,,,-0.382941613304,0.328084,0,3.3383859336,290.590232396,28,5,6.283,0,3.608924,13.533487,60.624017688,0,0,-0.447388,194.2, -8.4, -7.4,,,0,0,1024,1024,1001,1024,0,0,-3,0,213,0,-5.6,11,3.144,3.141,0,0,0,0,6.151,129.2,-0.382941613304,3.28084,31,Sport,
671300,2026-05-22 09:29:02,51.9888566518842,4.38998622974314,3.608924,,,-0.054857613304,0.328084,0,3.26003291272,290.67750274,28,5,6.283,0,3.608924,13.533487,60.624017688,0,0,-0.223694,194.1, -9.2, -5.7,,,0,0,1024,1024,755,1024,0,0,-41,0,212.8,0,-5.1,11,3.144,3.141,0,0,0,0,6.151,129.2,-0.054857613304,3.608924,31,Sport,
671400,2026-05-22 09:29:02,51.9888566344547,4.38998672281691,3.608924,,,-0.054857613304,0.656168,0,3.17479012784,290.788395132,28,5,6.283,0,3.608924,13.533487,60.624017688,0,0,-0.447388,193.9, -9.1, -5.7,,,0,0,1024,1024,1024,1024,0,0,0,0,213,0,-4.3,11,3.144,3.141,0,0,0,0,6.151,129.2,-0.054857613304,3.608924,31,Sport,
671500,2026-05-22 09:29:02,51.9888567356646,4.38998681513043,3.608924,,,-0.054857613304,0.656168,0,3.13600075652,290.830717968,28,5,6.283,0,3.608924,13.533487,60.624017688,0,0,-0.447388,194, -9.7, -4.6,,,0,0,1024,1024,1024,1024,0,0,0,0,213.2,0,-3.3,11,3.144,3.141,0,0,0,0,6.151,129.2,-0.054857613304,3.608924,31,Sport,"Battery level low. Return to home"
671600,2026-05-22 09:29:02,51.9888565459154,4.38998699169921,3.608924,,,-0.054857613304,0.984252,0,3.14677503508,290.91044238,28,5,6.275,0,3.608924,13.533487,60.624017688,0,0,-0.223694,194.1, -11.1, -4,,,0,0,1024,1024,905,1024,0,0,-18,0,213,0,-3.8,11,3.143,3.14,0,0,0,0,6.049,129.2,-0.054857613304,3.608924,31,Sport,
671700,2026-05-22 09:29:02,51.9888565784912,4.38998715424864,3.608924,,,-0.054857613304,1.312336,0,3.11077437776,290.948828208,28,5,6.275,0,3.608924,13.533487,60.624017688,0,0,0,194, -10.3, -4.5,,,0,0,364,1024,1024,1024,-100,0,0,0,213.1,0,-3.5,11,3.143,3.14,0,0,0,0,6.049,129.2,-0.054857613304,3.608924,31,Sport,
671800,2026-05-22 09:29:02,51.988856321907,4.38998701489323,3.608924,,,-0.054857613304,1.312336,0,3.19404209696,291.047581492,28,5,6.275,0,3.608924,13.533487,60.624017688,0,0,0,194, -9.2, -4.7,,,0,0,364,1024,1024,1024,-100,0,0,0,213.3,0,-4.9,11,3.143,3.14,0,0,0,0,6.049,129.2,-0.054857613304,3.608924,31,Sport,
671900,2026-05-22 09:29:02,51.9888561059301,4.3899866846506,3.608924,,,-0.054857613304,1.312336,0,3.3014436752,291.155849212,28,5,6.275,0,3.608924,13.533487,60.624017688,0,0,0,193.8, -1.2, -5.7,,,0,0,364,1024,1024,1024,-100,0,0,0,213.5,0,-5.3,11,3.143,3.14,0,0,0,0,6.049,129.2,-0.054857613304,3.608924,31,Sport,
672000,2026-05-22 09:29:02,51.9888561191532,4.38998671026175,3.937008,,,0.273226386696,1.312336,0.223694,3.2939305516,291.163395144,27,5,6.275,0.273226386696,3.937008,13.533487,60.624017688,0.223694,0,0,193.4, 3.4, -5.9,,,0,0,967,1024,1024,1024,-9,0,0,0,213.4,0,-5.7,11,3.143,3.14,0,0,0,0,6.049,129.2,0.273226386696,3.937008,31,Sport,
672100,2026-05-22 09:29:03,51.988856245824,4.38998673320884,3.937008,,,0.273226386696,1.968504,0.447388,3.26058737468,291.209983072,27,5,6.275,0.273226386696,3.937008,13.533487,60.624017688,0.447388,0,0,193.3, 3.3, -5.8,,,0,0,1024,1024,1024,1024,0,0,0,0,213.3,0,-3.9,11,3.143,3.14,0,0,0,0,6.049,129.2,0.273226386696,3.937008,31,Sport,
672200,2026-05-22 09:29:03,51.9888567651134,4.38998741776804,3.937008,,,0.273226386696,2.296588,0.671082,3.02208343004,291.454077568,27,5,6.275,0.273226386696,3.937008,13.533487,60.624017688,0.671082,0,0,193.9, -4.2, -4.7,,,0,0,1024,1024,1024,1008,0,0,0,-2,213.1,0,-5.4,11,3.143,3.14,0,0,0,0,6.049,129.2,0.273226386696,3.937008,31,Sport,
672300,2026-05-22 09:29:03,51.988857199346,4.38998780883195,3.608924,,,-0.054857613304,2.296588,0.894776,2.85588591816,291.635179936,27,5,6.275,0.273226386696,3.937008,13.533487,60.624017688,0.894776,0,0.223694,193.8, -5.5, -6.1,,,0,0,1024,1022,1024,451,0,-0,0,-87,210.5,-0.1,-4.6,11,3.143,3.14,0,0,0,0,6.049,129.2,-0.054857613304,3.608924,31,Sport,
672400,2026-05-22 09:29:03,51.9888576137632,4.38998806229678,3.608924,,,-0.054857613304,2.296588,0.894776,2.72106636004,291.796597264,27,5,6.275,0.273226386696,3.937008,13.533487,60.624017688,0.894776,0,0.223694,188.5, -7.8, -4.6,,,0,0,1355,585,1024,1024,50,-67,0,0,205.3,0,-4.7,11,3.143,3.14,0,0,0,0,6.049,129.2,-0.054857613304,3.608924,31,Sport,
672500,2026-05-22 09:29:03,51.9888580178273,4.38998837775493,3.608924,,,-0.054857613304,2.296588,0.671082,2.57970480696,291.96031118,27,5,6.275,0.273226386696,3.937008,13.533487,60.624017688,0.671082,0,0.223694,186.4, -8.1, -9.2,,,0,0,1684,666,1024,1024,100,-54,0,0,204,-0.1,-13.4,11,3.143,3.14,0,0,0,0,6.049,129.2,-0.054857613304,3.608924,31,Sport,
672600,2026-05-22 09:29:03,51.9888583691318,4.38998859624962,3.608924,,,-0.054857613304,2.296588,0.447388,2.46973105016,292.097450292,27,5,6.289,0.273226386696,3.937008,13.533487,60.624017688,0.447388,0,0.223694,187.2, -14.2, -15.2,,,0,0,1684,627,1024,1024,100,-60,0,0,203.2,0,-12.6,11,3.14,3.137,0,0,0,0,5.408,129.38,-0.054857613304,3.608924,31,Sport,
672700,2026-05-22 09:29:03,51.9888584525952,4.38998846100508,3.608924,,,-0.054857613304,2.296588,0.4921268,2.48019364892,292.140429296,27,5,6.289,0.273226386696,3.937008,13.533487,60.624017688,0.223694,0.447388,0.223694,188.4, -20.7, -12.9,,,0,0,1024,1024,1024,1024,0,0,0,0,203.5,0,-10.6,11,3.14,3.137,0,0,0,0,5.408,129.38,-0.054857613304,3.608924,31,Sport,
672800,2026-05-22 09:29:03,51.9888584488515,4.38998890699176,3.608924,,,-0.054857613304,6.889764,0.7158208,2.39500335748,292.240823,27,5,6.289,0.273226386696,3.937008,13.533487,60.624017688,-0.223694,0.671082,0.223694,188.4, -24.1, -11.1,,,0,0,1024,1024,1024,1024,0,0,0,0,204.2,0,-7.5,11,3.14,3.137,0,0,0,0,5.408,129.38,-0.054857613304,3.608924,31,Sport,
672900,2026-05-22 09:29:03,51.988857887991,4.38998910815962,3.608924,,,-0.054857613304,6.889764,1.11847,2.47174876676,292.450468676,27,5,6.289,0.273226386696,3.937008,13.533487,60.624017688,-0.894776,0.671082,0,187.8, -20.9, -7.6,,,0,0,1024,1024,1024,1024,0,0,0,0,205.2,0,-6,11,3.14,3.137,0,0,0,0,5.408,129.38,-0.054857613304,3.608924,31,Sport,
673000,2026-05-22 09:29:03,51.9888574051839,4.38998957987222,3.608924,,,-0.054857613304,6.889764,1.2974252,2.4987205524,292.65584926,27,5,6.289,0.273226386696,3.937008,13.533487,60.624017688,-1.11847,0.671082,0,186.4, -8, -6.4,,,0,0,1024,1024,1024,1024,0,0,0,0,205.3,0,-4.9,11,3.14,3.137,0,0,0,0,5.408,129.38,-0.054857613304,3.608924,31,Sport,
673100,2026-05-22 09:29:04,51.9888568618942,4.38998996632445,3.608924,,,-0.054857613304,6.889764,1.2974252,2.57125008228,292.8723847,27,5,6.289,0.273226386696,3.937008,13.533487,60.624017688,-1.11847,0.671082,0,186.2, -6.7, -5.3,,,0,0,1024,1024,1024,1024,0,0,0,0,205.6,0,-3.2,11,3.14,3.137,0,0,0,0,5.408,129.38,-0.054857613304,3.608924,31,Sport,
673200,2026-05-22 09:29:04,51.9888564334143,4.38999038306907,3.608924,,,-0.054857613304,6.889764,1.006623,2.62313984772,293.05447132,27,5,6.289,0.273226386696,3.937008,13.533487,60.624017688,-0.894776,0.447388,0,186.4, -6.6, -2.4,,,0,0,1024,1024,1024,1024,0,0,0,0,205.9,0,-0.9,11,3.14,3.137,0,0,0,0,5.408,129.38,-0.054857613304,3.608924,31,Sport,
673300,2026-05-22 09:29:04,51.9888562874722,4.38999083890859,3.608924,,,-0.054857613304,6.889764,0.7158208,2.5993111068,293.169956888,28,5,6.289,0.273226386696,3.937008,13.533487,60.624017688,-0.671082,0.223694,0,186.1, -3.4, -1.2,,,0,0,1024,1024,1024,1024,0,0,0,0,205.7,0,-0.7,11,3.14,3.137,0,0,0,0,5.408,129.38,-0.054857613304,3.608924,31,Sport,
673400,2026-05-22 09:29:04,51.9888562358906,4.38999102584495,3.608924,,,-0.054857613304,6.889764,0.4921268,2.58855979412,293.215888648,28,5,6.289,0.273226386696,3.937008,13.533487,60.624017688,-0.447388,0.223694,0,186, -2.6, -2,,,0,0,1024,1024,1024,1024,0,0,0,0,205.6,0,-2.4,11,3.14,3.137,0,0,0,0,5.408,129.38,-0.054857613304,3.608924,31,Sport,
673500,2026-05-22 09:29:04,51.9888561631359,4.38999111986959,3.608924,,,-0.054857613304,6.889764,0,2.59716543744,293.250009384,28,5,6.289,0.273226386696,3.937008,13.533487,60.624017688,0,0,0,186.2, -5.3, -3.4,,,0,0,1024,1024,1024,1024,0,0,0,0,205.5,0,-3.1,11,3.14,3.137,0,0,0,0,5.408,129.38,-0.054857613304,3.608924,31,Sport,
673600,2026-05-22 09:29:04,51.9888561592979,4.3899911383789,3.608924,,,-0.054857613304,6.56168,0,2.59582685472,293.254274476,28,5,6.27,0.273226386696,3.937008,13.533487,60.624017688,0,0,0,186.1, -6, -3.9,,,0,0,1024,1024,1024,1024,0,0,0,0,205.4,0,-3.5,11,3.143,3.139,0,0,0,0,6.217,129.38,-0.054857613304,3.608924,31,Sport,
673700,2026-05-22 09:29:04,51.9888562308833,4.38999121505237,3.608924,,,-0.054857613304,6.56168,0,2.56458013456,293.285442456,28,5,6.27,0.273226386696,3.937008,13.533487,60.624017688,0,0,0,186.2, -7, -4.4,,,0,0,1024,1024,1024,1024,0,0,0,0,205.4,0,-4.1,11,3.143,3.139,0,0,0,0,6.217,129.38,-0.054857613304,3.608924,31,Sport,
673800,2026-05-22 09:29:04,51.9888563450292,4.38999111800545,3.608924,,,-0.054857613304,6.233596,0.223694,2.54432750924,293.332686552,28,5,6.27,0.273226386696,3.937008,13.533487,60.624017688,0.223694,0,0,186.5, -8.4, -5.1,,,0,0,1024,1024,1024,1024,0,0,0,0,205.4,0,-4.9,11,3.143,3.139,0,0,0,0,6.217,129.38,-0.054857613304,3.608924,31,Sport,
673900,2026-05-22 09:29:04,51.9888564859554,4.38999113995438,3.608924,,,-0.054857613304,5.905512,0.3131716,2.50059719288,293.38419574,28,5,6.27,0.273226386696,3.937008,13.533487,60.624017688,0.223694,-0.223694,0,186.4, -8.2, -6.2,,,0,0,1024,1024,1024,1024,0,0,0,0,205.3,0,-5.1,11,3.143,3.139,0,0,0,0,6.217,129.38,-0.054857613304,3.608924,31,Sport,
674000,2026-05-22 09:29:04,51.9888566401046,4.3899909491367,3.608924,,,-0.054857613304,5.905512,0.3131716,2.48355322908,293.455061884,28,5,6.27,0.273226386696,3.937008,13.533487,60.624017688,0.223694,-0.223694,0,186.4, -8.1, -5.9,,,0,0,1024,1024,1024,1024,0,0,0,0,205.2,0,-5.8,11,3.143,3.139,0,0,0,0,6.217,129.38,-0.054857613304,3.608924,31,Sport,
674100,2026-05-22 09:29:05,51.9888569126961,4.38999056508422,3.608924,,,-0.054857613304,5.905512,0.4921268,2.4651739634,293.586623568,28,5,6.27,0.273226386696,3.937008,13.533487,60.624017688,0.447388,-0.223694,0,186.6, -10, -6.8,,,0,0,1024,1024,1024,1024,0,0,0,0,204.9,0,-6.8,11,3.143,3.139,0,0,0,0,6.217,129.38,-0.054857613304,3.608924,31,Sport,
674200,2026-05-22 09:29:05,51.988857115904,4.389990430024,3.608924,,,-0.054857613304,5.905512,0.447388,2.43214902796,293.666676064,28,5,6.27,0.273226386696,3.937008,13.533487,60.624017688,0.447388,0,0,186.7, -11.5, -7.8,,,0,0,1024,1024,1024,1024,0,0,0,0,204.9,0,-6.7,11,3.143,3.139,0,0,0,0,6.217,129.38,-0.054857613304,3.608924,33,Confirm_Landing,
674300,2026-05-22 09:29:05,51.9888575210989,4.3899899742436,3.608924,,,-0.054857613304,5.905512,0.447388,2.40420611368,293.846466096,27,5,6.27,0.273226386696,3.937008,13.533487,60.624017688,0.447388,0,0,186.8, -12.6, -7.2,,,0,0,1024,1024,1024,1024,0,0,0,0,205,0,-6.3,11,3.143,3.139,0,0,0,0,6.217,129.38,-0.054857613304,3.608924,33,Confirm_Landing,
674400,2026-05-22 09:29:05,51.9888577003493,4.3899898833421,3.608924,,,-0.054857613304,5.905512,0.223694,2.37694889496,293.915035652,27,5,6.27,0.273226386696,3.937008,13.533487,60.624017688,0.223694,0,0,186.8, -13.4, -7,,,0,0,1024,1024,1024,1024,0,0,0,0,204.9,0,-6.6,11,3.143,3.139,0,0,0,0,6.217,129.38,-0.054857613304,3.608924,33,Confirm_Landing,
674500,2026-05-22 09:29:05,51.9888579240107,4.38998955604175,3.608924,,,-0.054857613304,0.656168,0.223694,2.38329732036,294.024943792,25,5,6.27,0.273226386696,3.937008,13.533487,60.624017688,0.223694,0,0,186.9, -13.5, -7.8,,,0,0,1024,1024,903,1024,0,0,-18,0,204.6,0,-8,11,3.143,3.139,0,0,0,0,6.217,129.38,-0.054857613304,3.608924,33,Confirm_Landing,"Low battery"
674600,2026-05-22 09:29:05,51.9888581499166,4.38998925428299,3.608924,,,-0.054857613304,0.656168,0,2.38949482712,294.131571092,25,5,6.277,0.273226386696,3.937008,13.533487,60.624017688,0,0,0,186.9, -13.1, -9,,,0,0,1024,1024,364,1024,0,0,-100,0,204.5,0,-8.5,11,3.146,3.143,0,0,0,0,5.699,129.38,-0.054857613304,3.608924,33,Confirm_Landing,"Low battery. Return to home promptly (Code: 30183)"
674700,2026-05-22 09:29:05,51.9888582020979,4.38998921686094,3.608924,,,-0.054857613304,0.656168,0,2.38561031256,294.152568468,25,5,6.277,0.273226386696,3.937008,13.533487,60.624017688,0,0,0.223694,186.9, -13.2, -9,,,0,0,1024,1024,364,1024,0,0,-100,0,204.9,0,-6.6,11,3.146,3.143,0,0,0,0,5.699,129.38,-0.054857613304,3.608924,33,Confirm_Landing,
674800,2026-05-22 09:29:05,51.9888582203283,4.38998925384478,3.28084,,,-0.382941613304,0.328084,0,2.37499679516,294.163067156,25,5,6.277,0.273226386696,3.937008,13.533487,60.624017688,0,0,0.447388,187, -12.8, -6.3,,,0,0,1024,1024,364,1024,0,0,-100,0,205.4,0,-5.7,11,3.146,3.143,0,0,0,0,5.699,129.38,-0.382941613304,3.28084,33,Confirm_Landing,
674900,2026-05-22 09:29:05,51.9888583406253,4.389988973715,3.28084,,,-0.382941613304,0.328084,0,2.40330060184,294.239838812,26,5,6.277,0.273226386696,3.937008,13.533487,60.624017688,0,0,0.447388,187.1, -12, -6.8,,,0,0,1024,1024,1024,1024,0,0,0,0,205.4,0,-7.2,11,3.146,3.143,0,0,0,0,5.699,129.38,-0.382941613304,3.28084,33,Confirm_Landing,
675000,2026-05-22 09:29:05,51.988858282927,4.38998887889392,3.28084,,,-0.382941613304,0.328084,0.223694,2.43259850304,294.269694456,26,5,6.277,0.273226386696,3.937008,13.533487,60.624017688,-0.223694,0,0.447388,187.3, -11, -8.1,,,0,0,1024,1024,1024,1024,0,0,0,0,205,0,-8.9,11,3.146,3.143,0,0,0,0,5.699,129.38,-0.382941613304,3.28084,33,Confirm_Landing,
675100,2026-05-22 09:29:06,51.9888583797762,4.38998869933068,3.28084,,,-0.382941613304,0.328084,0.223694,2.4479495534,294.323500232,26,5,6.277,0.273226386696,3.937008,13.533487,60.624017688,-0.223694,0,0.447388,186.4, -7.6, -10.5,,,0,0,1024,1024,1021,1024,0,0,-0,0,204.6,0,-9.5,11,3.146,3.143,0,0,0,0,5.699,129.38,-0.382941613304,3.28084,33,Confirm_Landing,
675200,2026-05-22 09:29:06,51.9888585957617,4.38998887509607,2.952756,,,-0.711025613304,0.328084,0.223694,2.37351385548,294.411426744,27,5,6.277,0.273226386696,3.937008,13.533487,60.624017688,-0.223694,0,0.447388,186.1, -6.5, -9.3,,,0,0,1024,1024,368,1024,0,0,-99,0,205,0,-7.4,11,3.146,3.143,0,0,0,0,5.699,129.38,-0.711025613304,2.952756,33,Confirm_Landing,
675300,2026-05-22 09:29:06,51.9888585927804,4.38998900566285,2.952756,,,-0.711025613304,0.328084,0,2.34882553448,294.440954304,27,5,6.277,0.273226386696,3.937008,13.533487,60.624017688,0,0,0.447388,186.3, -6.5, -7.2,,,0,0,1024,1024,990,1024,0,0,-5,0,205.3,0,-5.7,11,3.146,3.143,0,0,0,0,5.699,129.38,-0.711025613304,2.952756,33,Confirm_Landing,
675400,2026-05-22 09:29:06,51.9888585869078,4.38998912488478,2.952756,,,-0.711025613304,0,0,2.3269685784,294.467857192,27,5,6.277,0.273226386696,3.937008,13.533487,60.624017688,0,0,0.447388,186.6, -7.8, -6.1,,,0,0,1024,1024,1024,1024,0,0,0,0,205.3,0,-6.3,11,3.146,3.143,0,0,0,0,5.699,129.38,-0.711025613304,2.952756,33,Confirm_Landing,
675500,2026-05-22 09:29:06,51.9888585059416,4.38998921175193,2.952756,,,-0.711025613304,0,0,2.32584653112,294.503290264,27,5,6.277,0.273226386696,3.937008,13.533487,60.624017688,0,0,0.223694,186.7, -8.5, -8,,,0,0,1024,1024,1024,1024,0,0,0,0,204.9,0,-9,11,3.146,3.143,0,0,0,0,5.699,129.38,-0.711025613304,2.952756,33,Confirm_Landing,
675600,2026-05-22 09:29:06,51.9888585602474,4.38998913923106,2.952756,,,-0.711025613304,0,0,2.32927172808,294.528880816,27,5,6.269,0.273226386696,3.937008,13.533487,60.624017688,0,0,0.223694,187, -9.7, -9.8,,,0,0,1024,1024,1024,1024,0,0,0,0,205.3,0,-8.5,11,3.139,3.138,0,0,0,0,5.888,129.38,-0.711025613304,2.952756,33,Confirm_Landing,
675700,2026-05-22 09:29:06,51.9888579863866,4.3899894600208,2.952756,,,-0.711025613304,0,0,2.38682094252,294.750337516,27,5,6.269,0.273226386696,3.937008,13.533487,60.624017688,0,0,0.223694,187.1, -9.5, -9.1,,,0,0,1024,1024,1024,1024,0,0,0,0,204.9,0,-9.4,11,3.139,3.138,0,0,0,0,5.888,129.38,-0.711025613304,2.952756,33,Confirm_Landing,
675800,2026-05-22 09:29:06,51.9888577827547,4.38998944649183,2.952756,,,-0.711025613304,0,0.223694,2.43428813564,294.8244845,27,5,6.269,0.273226386696,3.937008,13.533487,60.624017688,-0.223694,0,0.223694,186.3, -5.8, -10.2,,,0,0,1024,1024,1024,1024,0,0,0,0,205,0,-8.6,11,3.139,3.138,0,0,0,0,5.888,129.38,-0.711025613304,2.952756,33,Confirm_Landing,
675900,2026-05-22 09:29:06,51.9888576179139,4.38998997801015,2.624672,,,-1.039109613304,0,0,2.38028879008,294.958342772,28,5,6.269,0.273226386696,3.937008,13.533487,60.624017688,0,0,0.223694,186.3, -4.6, -8.1,,,0,0,1024,1024,1024,1024,0,0,0,0,205.3,0,-6.7,11,3.139,3.138,0,0,0,0,5.888,129.38,-1.039109613304,2.624672,33,Confirm_Landing,
676000,2026-05-22 09:29:07,51.9888575909323,4.38999018514259,2.624672,,,-1.039109613304,0,0,2.35187343484,295.005914952,28,5,6.269,0.273226386696,3.937008,13.533487,60.624017688,0,0,0.223694,186.7, -6.4, -7.1,,,0,0,1024,1024,1024,1024,0,0,0,0,207.5,0.1,-3.7,11,3.139,3.138,0,0,0,0,5.888,129.38,-1.039109613304,2.624672,33,Confirm_Landing,"Critical low battery Critical low battery. Aircraft landing automatically (Code: 30033). Critically low battery. Aircraft landing automatically. Use control sticks to help aircraft avoid obstacles or adjust landing position (Code: 30033)"
676100,2026-05-22 09:29:07,51.9888573529941,4.38999017845461,2.624672,,,-1.039109613304,0,0,2.41174220316,295.092857212,28,5,6.269,0.273226386696,3.937008,13.533487,60.624017688,0,0,0.223694,190.2, -7.3, -3.1,,,0,0,1024,1024,1024,1024,0,0,0,0,209.3,0,-2,11,3.139,3.138,0,0,0,0,5.888,129.38,-1.039109613304,2.624672,33,Confirm_Landing,
676200,2026-05-22 09:29:07,51.9888571959406,4.38999013798594,0,,,-3.663781613304,0,0,2.45794299204,295.15092808,28,5,6.269,0.273226386696,3.937008,13.533487,60.624017688,0,0,0,190.1, -6.5, -4.5,,,0,0,1024,1024,1024,1024,0,0,0,0,209.3,0,-2,11,3.139,3.138,0,0,0,0,5.888,129.38,-3.663781613304,0,33,Confirm_Landing,
