time(millisecond),datetime(utc),latitude,longitude,height_above_takeoff(feet),height_above_ground_at_drone_location(feet),ground_elevation_at_drone_location(feet),altitude_above_seaLevel(feet),height_sonar(feet),speed(mph),distance(feet),mileage(feet),satellites,gpslevel,voltage(v),max_altitude(feet),max_ascent(feet),max_speed(mph),max_distance(feet), xSpeed(mph), ySpeed(mph), zSpeed(mph), compass_heading(degrees), pitch(degrees), roll(degrees),wind_speed(mph),wind_direction(degrees),isPhoto,isVideo,rc_elevator,rc_aileron,rc_throttle,rc_rudder,rc_elevator(percent),rc_aileron(percent),rc_throttle(percent),rc_rudder(percent),gimbal_heading(degrees),gimbal_pitch(degrees),gimbal_roll(degrees),battery_percent,voltageCell1,voltageCell2,voltageCell3,voltageCell4,voltageCell5,voltageCell6,current(A),battery_temperature(f),altitude(feet),ascent(feet),flycStateRaw,flycState,message
88600,2026-05-22 08:54:17,51.9888060635166,4.38997033872238,0,Available with any HD 360 subscription,Available with any HD 360 subscription,-3.784140212956,0,0,0,0,25,5,0,0,0,0,0,0,0,0,23.1, 4.6, -1.1,Available with Enterprise subscription,,0,0,1024,1024,1024,1024,0,0,0,0,17.6,0,0,91,4.03,4.023,4.024,0,0,0,0,86,-3.784140212956,0,41,Motors_Started,"Flying over vegetation."
88700,2026-05-22 08:54:17,51.9888060504221,4.38997034601904,0,,,-3.784140212956,0,0,0.0050509844136,0.0050509844136,25,5,0,0,0,0,0.0050509844136,0,0,0,23.1, 4.6, -1.1,,,0,0,364,364,364,1684,-100,-100,-100,100,17.6,0,0,91,4.03,4.023,4.024,0,0,0,0,86,-3.784140212956,0,41,Motors_Started,
88800,2026-05-22 08:54:17,51.9888060747086,4.3899703270905,0,,,-3.784140212956,0,0,0.004848097268,0.0148796592688,25,5,0,0,0,0,0.0050509844136,0,0,0,23.1, 4.6, -1.1,,,0,0,432,722,364,1684,-90,-46,-100,100,17.6,0,0,91,4.03,4.023,4.024,0,0,0,0,86,-3.784140212956,0,41,Motors_Started,
88900,2026-05-22 08:54:17,51.9888060647651,4.38997033149875,0,,,-3.784140212956,0,0,0.00168571527704,0.0186403221188,25,5,0,0,0,0,0.0050509844136,0,0,0,23.1, 4.6, -1.1,,,0,0,1024,1024,1024,1024,0,0,0,0,17.6,0,0,91,4.03,4.023,4.024,0,0,0,0,86,-3.784140212956,0,41,Motors_Started,
89000,2026-05-22 08:54:17,51.988806084355,4.38997047331237,0,,,-3.784140212956,0,0,0.031180775276,0.051294949148,25,5,0,0,0,0,0.031180775276,0,0,0,23.1, 4.5, -1.1,,,0,0,1024,1024,1024,1024,0,0,0,0,17.6,0,0,91,4.03,4.023,4.024,0,0,0,0,86,-3.784140212956,0,41,Motors_Started,
89100,2026-05-22 08:54:17,51.9888060776677,4.38997049004113,0,,,-3.784140212956,0,0,0.03438812446,0.05577592042,25,5,0,0,0,0,0.03438812446,0,0,0,23.1, 4.5, -1.1,,,0,0,1024,1024,1024,1024,0,0,0,0,17.6,0,0,91,4.03,4.023,4.024,0,0,0,0,86,-3.784140212956,0,41,Motors_Started,"Setting new Return-To-Home altitude to 97m (318 ft). Data Recorder File Index is 25. Setting new Maximum Flight Altitude to 285m (935 ft)"
89200,2026-05-22 08:54:17,51.9888060941834,4.38997045817823,0,,,-3.784140212956,0,0,10.9765751544,0.065133204184,25,5,0,0,0,0,10.9765751544,0,0,0,23.1, 4.6, -1.1,,,0,0,1024,1024,1024,1024,0,0,0,0,17.6,0,0,91,4.03,4.023,4.024,0,0,0,0,86,-3.784140212956,0,41,Motors_Started,
89300,2026-05-22 08:54:18,51.9888060899203,4.38997047016834,0,,,-3.784140212956,0,0,10.973753632,0.068244096672,25,5,0,0,0,0,10.9765751544,0,0,0,23.1, 4.5, -1.1,,,0,0,1024,1024,1024,1024,0,0,0,0,17.6,0,0,91,4.03,4.023,4.024,0,0,0,0,86,-3.784140212956,0,41,Motors_Started,
89400,2026-05-22 08:54:18,51.9888061018494,4.38997044299714,0,,,-3.784140212956,0,0,10.9802496952,0.07574147224,25,5,12.152,0,0,0,10.9802496952,0,0,0,23.1, 4.5, -1.1,,,0,0,1024,1024,1024,1024,0,0,0,0,17.6,0,0,91,4.03,4.023,4.024,0,0,0,1.83,86,-3.784140212956,0,41,Motors_Started,
89500,2026-05-22 08:54:18,51.9888060995656,4.38997045067116,0,,,-3.784140212956,0,0,10.9784780416,0.077656498548,25,5,12.152,0,0,0,10.9802496952,0,0,0,23.1, 4.5, -1.1,,,0,0,1024,1024,1024,1024,0,0,0,0,17.6,0,0,91,4.03,4.023,4.024,0,0,0,1.83,86,-3.784140212956,0,41,Motors_Started,
89600,2026-05-22 08:54:18,51.9888061078106,4.38997042893246,0,,,-3.784140212956,0,0,10.9836289604,0.083392719204,25,5,12.152,0,0,0,10.9836289604,0,0,0,23.1, 4.6, -1,,,0,0,1024,1024,1024,1024,0,0,0,0,17.6,0,0,91,4.03,4.023,4.024,0,0,0,1.83,86,-3.784140212956,0,41,Motors_Started,
89700,2026-05-22 08:54:18,51.9888061076212,4.38997043394587,0,,,-3.784140212956,0,0,10.9825134748,0.084521328164,25,5,12.152,0,0,0,10.9836289604,0,0,0,23.1, 4.5, -1.1,,,0,0,1024,1024,1024,1024,0,0,0,0,17.6,0,0,91,4.03,4.023,4.024,0,0,0,1.83,86,-3.784140212956,0,41,Motors_Started,
89800,2026-05-22 08:54:18,51.9888061137656,4.38997057278936,0,,,-3.784140212956,0,0,10.9517063872,0.115796919716,25,5,12.152,0,0,0,10.9836289604,0,0,0,23.1, 4.5, -1.1,,,0,0,1024,1024,1024,1024,0,0,0,0,17.6,0,0,91,4.03,4.023,4.024,0,0,0,1.83,86,-3.784140212956,0,41,Motors_Started,
89900,2026-05-22 08:54:18,51.9888061157363,4.3899705870401,0,,,-3.784140212956,0,0,10.9485895892,0.119078415884,25,5,12.152,0,0,0,10.9836289604,0,0,0,23.2, 4.5, -1,,,0,0,1024,1024,1024,1024,0,0,0,0,17.6,0,0,91,4.03,4.023,4.024,0,0,0,1.83,86,-3.784140212956,0,41,Motors_Started,
90000,2026-05-22 08:54:18,51.9888061199194,4.38997039925196,0,,,-3.784140212956,0,0,10.9907155748,0.161298561592,25,5,12.152,0,0,0,10.9907155748,0,0,0,23.2, 4.5, -1,,,0,0,1024,1024,1024,1024,0,0,0,0,17.6,0,0,91,4.03,4.023,4.024,0,0,0,1.83,86,-3.784140212956,0,41,Motors_Started,
90100,2026-05-22 08:54:18,51.98880612333,4.38997039553755,0,,,-3.784140212956,0,0,10.9916670184,0.162796593136,25,5,12.152,0,0,0,10.9916670184,0,0,0,23.2, 4.5, -1,,,0,0,1024,1024,1024,1024,0,0,0,0,17.6,0,0,91,4.03,4.023,4.024,0,0,0,1.83,86,-3.784140212956,0,10,Assisted_Takeoff,
90200,2026-05-22 08:54:18,51.9888059692925,4.38997054513474,0,,,-3.784140212956,0,0,10.9526250224,0.228281175284,25,5,12.152,0,0,0,10.9916670184,0,0,0,23.2, 4.5, -1,,,0,0,1024,1024,1024,1024,0,0,0,0,17.6,0,0,91,4.03,4.023,4.024,0,0,0,1.83,86,-3.784140212956,0,10,Assisted_Takeoff,
90300,2026-05-22 08:54:19,51.9888059584669,4.38997055555283,0,,,-3.784140212956,0,0,10.9499347336,0.23287238278,25,5,12.152,0,0,0,10.9916670184,0,0,0,23.2, 4.5, -1,,,0,0,1024,1024,1024,1024,0,0,0,0,17.6,0,0,91,4.03,4.023,4.024,0,0,0,1.83,86,-3.784140212956,0,10,Assisted_Takeoff,
90400,2026-05-22 08:54:19,51.9888059780662,4.38997053885711,0,,,-3.784140212956,0,0,10.9543638676,0.240947514272,25,5,12.076,0,0,0,10.9916670184,0,0,0,23.2, 4.5, -1,,,0,0,1024,1024,1024,1024,0,0,0,0,17.6,0,0,91,4.045,4.041,4.044,0,0,0,4.054,86,-3.784140212956,0,10,Assisted_Takeoff,
90500,2026-05-22 08:54:19,51.9888059696445,4.38997054637288,0,,,-3.784140212956,0,0,10.9523625552,0.244453419896,25,5,12.076,0,0,0,10.9916670184,0,0,0,23.2, 4.5, -1,,,0,0,1024,1024,1024,1024,0,0,0,0,17.6,0,0,91,4.045,4.041,4.044,0,0,0,4.054,86,-3.784140212956,0,10,Assisted_Takeoff,
90600,2026-05-22 08:54:19,51.9888059855151,4.38997053021972,0,,,-3.784140212956,0,0,10.956529222,0.251287409616,25,5,12.076,0,0,0,10.9916670184,0,0,0,23.2, 4.5, -1,,,0,0,1024,1024,1024,1024,0,0,0,0,17.6,0,0,91,4.045,4.041,4.044,0,0,0,4.054,86,-3.784140212956,0,10,Assisted_Takeoff,
90700,2026-05-22 08:54:19,51.988805978885,4.38997053347504,0,,,-3.784140212956,0,0,10.9555777784,0.253814312584,25,5,12.076,0,0,0,10.9916670184,0,0,0,23.2, 4.5, -1,,,0,0,1024,1024,1024,1024,0,0,0,0,17.6,0,0,91,4.045,4.041,4.044,0,0,0,4.054,86,-3.784140212956,0,10,Assisted_Takeoff,
90800,2026-05-22 08:54:19,51.9888059915393,4.38997051631328,0,,,-3.784140212956,0,0,10.9598756788,0.259829732724,25,5,12.076,0,0,0,10.9916670184,0,0,0,23.2, 4.5, -1,,,0,0,1024,1024,1024,1024,0,0,0,0,17.6,0,0,91,4.045,4.041,4.044,0,0,0,4.054,86,-3.784140212956,0,10,Assisted_Takeoff,
90900,2026-05-22 08:54:19,51.9888059853275,4.38997051559335,0,,,-3.784140212956,0,0,10.959810062,0.262101714424,25,5,12.076,0,0,0,10.9916670184,0,0,0,23.2, 4.5, -1,,,0,0,1024,1024,1024,1024,0,0,0,0,17.6,0,0,91,4.045,4.041,4.044,0,0,0,4.054,86,-3.784140212956,0,10,Assisted_Takeoff,
91000,2026-05-22 08:54:19,51.988805993275,4.38997050469183,0,,,-3.784140212956,0,0,10.9625331592,0.265897646304,25,5,12.076,0,0,0,10.9916670184,0,0,0,23.2, 4.5, -1,,,0,0,1024,1024,1024,1024,0,0,0,0,17.6,0,0,91,4.045,4.041,4.044,0,0,0,4.054,86,-3.784140212956,0,10,Assisted_Takeoff,
91100,2026-05-22 08:54:19,51.9888059878002,4.38997050185038,0,,,-3.784140212956,0,0,10.9629596684,0.267994431148,25,5,12.076,0,0,0,10.9916670184,0,0,0,23.2, 4.5, -1,,,0,0,1024,1024,1024,1024,0,0,0,0,17.6,0,0,91,4.045,4.041,4.044,0,0,0,4.054,86,-3.784140212956,0,10,Assisted_Takeoff,
91200,2026-05-22 08:54:20,51.9888059956451,4.38997049844029,0,,,-3.784140212956,0,0,10.9640095372,0.270957685836,25,5,12.076,0,0,0,10.9916670184,0,0,0,23.1, 4.5, -1,,,0,0,1024,1024,1024,1024,0,0,0,0,17.7,0,0,91,4.045,4.041,4.044,0,0,0,4.054,86,-3.784140212956,0,10,Assisted_Takeoff,
91300,2026-05-22 08:54:20,51.9888059915224,4.38997049419898,0,,,-3.784140212956,0,0,10.9647969388,0.272738197704,25,5,12.076,0,0,0,10.9916670184,0,0,0,23.2, 4.5, -1,,,0,0,1024,1024,1024,1024,0,0,0,0,17.7,0,0,91,4.045,4.041,4.044,0,0,0,4.054,86,-3.784140212956,0,10,Assisted_Takeoff,
91400,2026-05-22 08:54:20,51.9888060001531,4.38997064926518,0,,,-3.784140212956,0,0,10.930446544,0.307720482288,25,5,12.134,0,0,0,10.9916670184,0,0,0,23.2, 4.5, -1,,,0,0,1024,1024,1024,1024,0,0,0,0,17.7,0,0,91,4.048,4.043,4.044,0,0,0,1.888,86.18,-3.784140212956,0,10,Assisted_Takeoff,
91500,2026-05-22 08:54:20,51.9888059975474,4.38997065975804,0,,,-3.784140212956,0,0,10.9280187224,0.31026247712,25,5,12.134,0,0,0,10.9916670184,0,0,0,23.2, 4.5, -1,,,0,0,1024,1024,1024,1024,0,0,0,0,17.7,0,0,91,4.048,4.043,4.044,0,0,0,1.888,86.18,-3.784140212956,0,10,Assisted_Takeoff,
91600,2026-05-22 08:54:20,51.9888058527472,4.38997064132337,0,,,-3.784140212956,0,0,10.9270672788,0.3632546048,25,5,12.134,0,0,0,10.9916670184,0,0,0,23.2, 4.5, -1,,,0,0,1024,1024,1024,1024,0,0,0,0,17.7,0,0,91,4.048,4.043,4.044,0,0,0,1.888,86.18,-3.784140212956,0,10,Assisted_Takeoff,
91700,2026-05-22 08:54:20,51.9888058366343,4.38997064984078,0,,,-3.784140212956,0,0,10.9246066488,0.36943570736,25,5,12.134,0,0,0,10.9916670184,0,0,0,23.2, 4.5, -1,,,0,0,1024,1024,1024,1024,0,0,0,0,17.7,0,0,91,4.048,4.043,4.044,0,0,0,1.888,86.18,-3.784140212956,0,10,Assisted_Takeoff,
91800,2026-05-22 08:54:20,51.9888058631634,4.38997063677948,0,,,-3.784140212956,0,0,10.9284452316,0.37955053708,25,5,12.134,0,0,0,10.9916670184,0,0,0,23.2, 4.5, -1,,,0,0,1024,1024,1024,1024,0,0,0,0,17.7,0,0,91,4.048,4.043,4.044,0,0,0,1.888,86.18,-3.784140212956,0,10,Assisted_Takeoff,
91900,2026-05-22 08:54:20,51.988805850533,4.38997064547948,0,,,-3.784140212956,0,0,10.9260502184,0.38455709892,25,5,12.134,0,0,0,10.9916670184,0,0,0,23.1, 4.5, -1,,,0,0,1024,1024,1024,1024,0,0,0,0,17.7,0,0,91,4.048,4.043,4.044,0,0,0,1.888,86.18,-3.784140212956,0,10,Assisted_Takeoff,
92000,2026-05-22 08:54:20,51.9888058730043,4.38997063701598,0,,,-3.784140212956,0,0,10.9287405072,0.39297245352,25,5,12.134,0,0,0,10.9916670184,0,0,0,23.2, 4.5, -1,,,0,0,1024,1024,1024,1024,0,0,0,0,17.7,0,0,91,4.048,4.043,4.044,0,0,0,1.888,86.18,-3.784140212956,0,10,Assisted_Takeoff,
92100,2026-05-22 08:54:20,51.9888058633378,4.38997064690021,0,,,-3.784140212956,0,0,10.926181452,0.39714240116,25,5,12.134,0,0,0,10.9916670184,0,0,0,23.2, 4.5, -1,,,0,0,1024,1024,1024,1024,0,0,0,0,17.7,0,0,91,4.048,4.043,4.044,0,0,0,1.888,86.18,-3.784140212956,0,10,Assisted_Takeoff,
92200,2026-05-22 08:54:20,51.9888058841158,4.38997063928358,0,,,-3.784140212956,0,0,10.9286092736,0.40491143028,25,5,12.134,0,0,0,10.9916670184,0,0,0,23.2, 4.5, -1,,,0,0,1024,1024,1024,1024,0,0,0,0,17.7,0,0,91,4.048,4.043,4.044,0,0,0,1.888,86.18,-3.784140212956,0,10,Assisted_Takeoff,
92300,2026-05-22 08:54:21,51.9888058771845,4.38997064862004,0,,,-3.784140212956,0,0,10.9262798772,0.40819883196,25,5,12.134,0,0,0,10.9916670184,0,0,0,23.2, 4.5, -1,,,0,0,1024,1024,1024,1024,0,0,0,0,17.7,0,0,91,4.048,4.043,4.044,0,0,0,1.888,86.18,-3.784140212956,0,10,Assisted_Takeoff,
92400,2026-05-22 08:54:21,51.9888058924989,4.3899707908284,0,,,-3.784140212956,0,0,10.8949806636,0.4406332162,25,5,12.133,0,0,0,10.9916670184,0,0,0,23.2, 4.5, -1,,,0,0,1024,1024,1024,1024,0,0,0,0,17.7,0,0,91,4.049,4.042,4.045,0,0,0,1.831,86.18,-3.784140212956,0,10,Assisted_Takeoff,
92500,2026-05-22 08:54:21,51.9888058875304,4.38997081410085,0,,,-3.784140212956,0,0,10.8896328944,0.44616799328,25,5,12.133,0,0,0,10.9916670184,0,0,0,23.2, 4.5, -1,,,0,0,1024,1024,1024,1024,0,0,0,0,17.7,0,0,91,4.049,4.042,4.045,0,0,0,1.831,86.18,-3.784140212956,0,10,Assisted_Takeoff,
92600,2026-05-22 08:54:21,51.988805898642,4.38997077730106,0,,,-3.784140212956,0,0,10.8982286952,0.45537731116,25,5,12.133,0,0,0,10.9916670184,0,0,0,23.1, 4.5, -1,,,0,0,1024,1024,1024,1024,0,0,0,0,17.7,0,0,91,4.049,4.042,4.045,0,0,0,1.831,86.18,-3.784140212956,0,10,Assisted_Takeoff,
92700,2026-05-22 08:54:21,51.9888058951298,4.38997079750426,0,,,-3.784140212956,0,0,10.8936027108,0.46009515908,25,5,12.133,0,0,0,10.9916670184,0,0,0,23.2, 4.5, -1,,,0,0,1024,1024,1024,1024,0,0,0,0,17.7,0,0,91,4.049,4.042,4.045,0,0,0,1.831,86.18,-3.784140212956,0,10,Assisted_Takeoff,
92800,2026-05-22 08:54:21,51.9888059028866,4.38997076795765,0,,,-3.784140212956,0,0,10.9004596664,0.46730972624,25,5,12.133,0,0,0,10.9916670184,0,0,0,23.2, 4.5, -1,,,0,0,1024,1024,1024,1024,0,0,0,0,17.7,0,0,91,4.049,4.042,4.045,0,0,0,1.831,86.18,-3.784140212956,0,10,Assisted_Takeoff,
92900,2026-05-22 08:54:21,51.9888059007892,4.3899707844673,0,,,-3.784140212956,0,0,10.8967195088,0.47109909644,25,5,12.133,0,0,0,10.9916670184,0,0,0,23.2, 4.5, -1,,,0,0,1024,1024,1024,1024,0,0,0,0,17.7,0,0,91,4.049,4.042,4.045,0,0,0,1.831,86.18,-3.784140212956,0,10,Assisted_Takeoff,
93000,2026-05-22 08:54:21,51.9888059068268,4.38997075508068,0,,,-3.784140212956,0,0,10.9034780392,0.47805775808,25,5,12.133,0,0,0,10.9916670184,0,0,0,23.2, 4.5, -1,,,0,0,1024,1024,1024,1024,0,0,0,0,17.7,0,0,91,4.049,4.042,4.045,0,0,0,1.831,86.18,-3.784140212956,0,10,Assisted_Takeoff,
93100,2026-05-22 08:54:21,51.988805905924,4.38997076750726,0,,,-3.784140212956,0,0,10.9006893252,0.48086943796,25,5,12.133,0,0,0,10.9916670184,0,0,0,23.2, 4.5, -1,,,0,0,1024,1024,1024,1024,0,0,0,0,17.7,0,0,91,4.049,4.042,4.045,0,0,0,1.831,86.18,-3.784140212956,0,10,Assisted_Takeoff,
93200,2026-05-22 08:54:21,51.9888057570578,4.38997074156203,0,,,-3.784140212956,0,0,10.9014439184,0.53549542396,25,5,12.133,0,0,0,10.9916670184,0,0,0,23.2, 4.5, -1,,,0,0,1024,1024,1024,1024,0,0,0,0,17.7,0,0,91,4.049,4.042,4.045,0,0,0,1.831,86.18,-3.784140212956,0,10,Assisted_Takeoff,
93300,2026-05-22 08:54:22,51.9888057421977,4.38997075022551,0,,,-3.784140212956,0,0,10.8990160968,0.541256579,25,5,12.133,0,0,0,10.9916670184,0,0,0,23.2, 4.5, -1,,,0,0,1024,1024,1024,1024,0,0,0,0,17.7,0,0,91,4.049,4.042,4.045,0,0,0,1.831,86.18,-3.784140212956,0,10,Assisted_Takeoff,
93400,2026-05-22 08:54:22,51.9888057667968,4.38997088268702,0,,,-3.784140212956,0,0,10.8701775132,0.572342538,25,5,12.135,0,0,0,10.9916670184,0,0,0,23.2, 4.5, -1,,,0,0,1024,1024,1024,1024,0,0,0,0,17.7,0,0,91,4.048,4.042,4.044,0,0,0,1.815,86.18,-3.784140212956,0,10,Assisted_Takeoff,
93500,2026-05-22 08:54:22,51.9888057546694,4.38997090289891,0,,,-3.784140212956,0,0,10.8652562532,0.57868112088,25,5,12.135,0,0,0,10.9916670184,0,0,0,23.2, 4.5, -1,,,0,0,1024,1024,1024,1024,0,0,0,0,17.7,0,0,91,4.048,4.042,4.044,0,0,0,1.815,86.18,-3.784140212956,0,10,Assisted_Takeoff,
93600,2026-05-22 08:54:22,51.988805776669,4.38997086435321,0,,,-3.784140212956,0,0,10.8746066472,0.59048886404,25,5,12.135,0,0,0,10.9916670184,0,0,0,23.2, 4.5, -1,,,0,0,1024,1024,1024,1024,0,0,0,0,17.7,0,0,91,4.048,4.042,4.044,0,0,0,1.815,86.18,-3.784140212956,0,10,Assisted_Takeoff,
93700,2026-05-22 08:54:22,51.9888057675833,4.38997087991338,0,,,-3.784140212956,0,0,10.8708336812,0.595308418,25,5,12.135,0,0,0,10.9916670184,0,0,0,23.2, 4.5, -1,,,0,0,1024,1024,1077,1024,0,0,8,0,17.7,0,0,91,4.048,4.042,4.044,0,0,0,1.815,86.18,-3.784140212956,0,10,Assisted_Takeoff,
93800,2026-05-22 08:54:22,51.9888057852884,4.38997085164491,0,,,-3.784140212956,0,0,10.8777562536,0.60436681724,25,5,12.135,0,0,0,10.9916670184,0,0,0,23.2, 4.5, -1,,,0,0,1024,1024,1061,1024,0,0,6,0,17.7,0,0,91,4.048,4.042,4.044,0,0,0,1.815,86.18,-3.784140212956,0,10,Assisted_Takeoff,
93900,2026-05-22 08:54:22,51.9888057788338,4.38997086332896,0,,,-3.784140212956,0,0,10.8749019228,0.60789372024,25,5,12.135,0,0,0,10.9916670184,0,0,0,23.1, 4.5, -1,,,0,0,1024,1024,1061,1024,0,0,6,0,17.7,0,0,91,4.048,4.042,4.044,0,0,0,1.815,86.18,-3.784140212956,0,10,Assisted_Takeoff,
94000,2026-05-22 08:54:22,51.9888057937799,4.38997083935223,0,,,-3.784140212956,0,0,10.8807746264,0.61555776248,25,5,12.135,0,0,0,10.9916670184,0,0,0,23.1, 4.5, -1,,,0,0,1024,1024,1080,1024,0,0,8,0,17.7,0,0,91,4.048,4.042,4.044,0,0,0,1.815,86.18,-3.784140212956,0,10,Assisted_Takeoff,
94100,2026-05-22 08:54:22,51.9888057893375,4.38997084764531,0,,,-3.784140212956,0,0,10.878773314,0.618028235,25,5,12.135,0,0,0,10.9916670184,0,0,0,23.2, 4.5, -1,,,0,0,1024,1024,1079,1024,0,0,8,0,17.7,0,0,91,4.048,4.042,4.044,0,0,0,1.815,86.18,-3.784140212956,0,10,Assisted_Takeoff,
94200,2026-05-22 08:54:22,51.9888057997854,4.38997082922107,0,,,-3.784140212956,0,0,10.8832352564,0.6236548756,25,5,12.135,0,0,0,10.9916670184,0,0,0,23.2, 4.4, -1,,,0,0,1024,1024,1077,1024,0,0,8,0,17.7,0,0,91,4.048,4.042,4.044,0,0,0,1.815,86.18,-3.784140212956,0,10,Assisted_Takeoff,
94300,2026-05-22 08:54:23,51.9888057973427,4.38997083598909,0,,,-3.784140212956,0,0,10.8816604532,0.62541668668,25,5,12.135,0,0,0,10.9916670184,0,0,0,23.2, 4.4, -1,,,0,0,1024,1024,1076,1024,0,0,8,0,17.7,0,0,91,4.048,4.042,4.044,0,0,0,1.815,86.18,-3.784140212956,0,10,Assisted_Takeoff,
94400,2026-05-22 08:54:23,51.9888058061296,4.3899708232408,0,,,-3.784140212956,0,0,10.8848100596,0.62971786792,25,5,12.134,0,0,0,10.9916670184,0,0,0,23.2, 4.4, -1,,,0,0,1024,1024,1077,1024,0,0,8,0,17.7,0,0,91,4.043,4.035,4.035,0,0,0,1.833,86.36,-3.784140212956,0,10,Assisted_Takeoff,
94500,2026-05-22 08:54:23,51.988805806666,4.38997082809944,0,,,-3.784140212956,0,0,10.8837273824,0.63082679184,25,5,12.134,0,0,0,10.9916670184,0,0,0,23.2, 3.9, -1,,,0,0,1024,1024,1086,1024,0,0,9,0,17.7,0,0,91,4.043,4.035,4.035,0,0,0,1.833,86.36,-3.784140212956,0,10,Assisted_Takeoff,
94600,2026-05-22 08:54:23,51.9888058221775,4.38997082058368,0,,,-3.784140212956,0,0,10.8859255452,0.63673230384,25,5,12.134,0,0,0,10.9916670184,0,0,0,23.3, 0.8, -1,,,0,0,1024,1024,1024,1024,0,0,0,0,17.7,0,0,91,4.043,4.035,4.035,0,0,0,1.833,86.36,-3.784140212956,0,10,Assisted_Takeoff,
94700,2026-05-22 08:54:23,51.9888058605057,4.3899708225539,0,,,-3.784140212956,0,0,10.886811372,0.6507218056,25,5,12.134,0,0,0,10.9916670184,0,0,-0.223694,23.3, -4, -1.2,,,0,0,1024,1024,1024,1024,0,0,0,0,17.7,0,0,91,4.043,4.035,4.035,0,0,0,1.833,86.36,-3.784140212956,0,10,Assisted_Takeoff,
94800,2026-05-22 08:54:23,51.988805959429,4.38997081571635,0,,,-3.784140212956,0,0.223694,10.8917654404,0.68684713484,25,5,12.134,0,0,0.223694,10.9916670184,0.223694,0,-0.223694,23, -5.1, -0.3,,,0,0,1024,1024,1024,1024,0,0,0,0,17.7,0,0,91,4.043,4.035,4.035,0,0,0,1.833,86.36,-3.784140212956,0,10,Assisted_Takeoff,
94900,2026-05-22 08:54:23,51.988806135867,4.38997084407353,0,,,-3.784140212956,0,0.447388,10.891896674,0.75153545712,25,5,12.134,0,0,0.447388,10.9916670184,0.447388,0,-0.223694,22.4, -3.9, 0.1,,,0,0,1024,1024,1024,1024,0,0,0,0,17.6,0,0,91,4.043,4.035,4.035,0,0,0,1.833,86.36,-3.784140212956,0,10,Assisted_Takeoff,
95000,2026-05-22 08:54:23,51.9888063229948,4.38997086801724,0,,,-3.784140212956,0,0.447388,10.8937995612,0.82001971128,25,5,12.134,0,0,0.447388,10.9916670184,0.447388,0,0.223694,21.7, -2.7, 0.2,,,0,0,1024,1024,1139,1024,0,0,17,0,17.6,0,0,91,4.043,4.035,4.035,0,0,0,1.833,86.36,-3.784140212956,0,10,Assisted_Takeoff,
95100,2026-05-22 08:54:23,51.9888065719135,4.38997092466547,0,,,-3.784140212956,0,0.447388,10.8914701648,0.91172575096,25,5,12.134,0,0,0.447388,10.9916670184,0.447388,0,0.671082,21.4, 4.4, 0.3,,,0,0,1024,1024,1216,1024,0,0,29,0,17.6,0,0,91,4.043,4.035,4.035,0,0,0,1.833,86.36,-3.784140212956,0,38,Tripod,
95200,2026-05-22 08:54:23,51.9888064615215,4.38997083473014,0,,,-3.784140212956,0,0,10.9068901128,0.95678808836,25,5,12.134,0,0,0.447388,10.9916670184,0,0,0,20.9, -0.9, 0.2,,,0,0,1024,1024,1044,1024,0,0,3,0,17.6,0,0,91,4.043,4.035,4.035,0,0,0,1.833,86.36,-3.784140212956,0,38,Tripod,"Home Point updated. RTH altitude adjusted to 97m (Code: 30213)"
95300,2026-05-22 08:54:24,51.988806472858,4.38997084660886,0,,,-3.784140212956,0,0,10.90469195,0.96170934836,25,5,12.134,0,0,0.447388,10.9916670184,0,0,0,20.7, 1.8, 0.1,,,0,0,1024,1024,1024,1024,0,0,0,0,17.6,0,0,91,4.043,4.035,4.035,0,0,0,1.833,86.36,-3.784140212956,0,38,Tripod,
95400,2026-05-22 08:54:24,51.9888062718436,4.38997074927254,0,,,-3.784140212956,0,0,10.918307436,1.03824150304,25,5,12.029,0,0,0.447388,10.9916670184,0,0,0,20.8, 3, 0.1,,,0,0,1024,1024,1113,1024,0,0,13,0,17.6,0,0,91,4.02,4.007,3.925,0,0,0,4.081,86.18,-3.784140212956,0,38,Tripod,
95500,2026-05-22 08:54:24,51.9888062434753,4.38997072572882,0,,,-3.784140212956,0,0,10.9224412944,1.04986551916,25,5,12.029,0,0,0.447388,10.9916670184,0,0,0,20.8, 2.2, 0.1,,,0,0,1024,1024,1113,1024,0,0,13,0,17.6,0,0,91,4.02,4.007,3.925,0,0,0,4.081,86.18,-3.784140212956,0,38,Tripod,
95600,2026-05-22 08:54:24,51.9888064470312,4.38997087584942,0,,,-3.784140212956,0,0,10.8970804012,1.1314304824,25,5,12.029,0,0,0.447388,10.9916670184,0,0,0,21, 1.7, 0.1,,,0,0,1024,1024,1443,1024,0,0,63,0,17.6,0,0,91,4.02,4.007,3.925,0,0,0,4.081,86.18,-3.784140212956,0,38,Tripod,
95700,2026-05-22 08:54:24,51.9888064385296,4.38997086033272,0,,,-3.784140212956,0,0,10.9001971992,1.13609911772,25,5,12.029,0,0,0.447388,10.9916670184,0,0,0,21.3, 1.2, 0.1,,,0,0,1024,1024,1305,1024,0,0,43,0,17.6,0,0,91,4.02,4.007,3.925,0,0,0,4.081,86.18,-3.784140212956,0,38,Tripod,
95800,2026-05-22 08:54:24,51.9888064974813,4.38997074521904,0,,,-3.784140212956,0,0,10.9283468064,1.16973757024,25,5,12.029,0,0,0.447388,10.9916670184,0,0,0,21.5, 1.1, 0.1,,,0,0,1024,1024,1684,1024,0,0,100,0,17.6,0,0,91,4.02,4.007,3.925,0,0,0,4.081,86.18,-3.784140212956,0,38,Tripod,
95900,2026-05-22 08:54:24,51.9888064974302,4.38997072401073,0,,,-3.784140212956,0,0,10.933071216,1.17450134992,25,5,12.029,0,0,0.447388,10.9916670184,0,0,0,21.9, -0.5, 0.2,,,0,0,1024,1024,1684,1024,0,0,100,0,17.6,0,0,91,4.02,4.007,3.925,0,0,0,4.081,86.18,-3.784140212956,0,38,Tripod,
96000,2026-05-22 08:54:24,51.9888065224188,4.38997090573168,0,,,-3.784140212956,0,0,10.8935699024,1.21633534076,25,5,12.029,0,0,0.447388,10.9916670184,0,0,0,22.9, -2.3, 0.3,,,0,0,1024,1024,1684,1024,0,0,100,0,17.6,0,0,91,4.02,4.007,3.925,0,0,0,4.081,86.18,-3.784140212956,0,38,Tripod,
96100,2026-05-22 08:54:24,51.9888065736359,4.38997093065095,0,,,-3.784140212956,0,0,10.8902234456,1.2358432154,25,5,12.029,0,0,0.447388,10.9916670184,0,0,-0.223694,23.6, -0.5, 1.4,,,0,0,1024,1024,1684,1024,0,0,100,0,17.6,0,0,91,4.02,4.007,3.925,0,0,0,4.081,86.18,-3.784140212956,0,38,Tripod,
96200,2026-05-22 08:54:24,51.9888066350397,4.38997085219104,0,,,-3.784140212956,0,0,10.9103678032,1.26435043416,25,5,12.029,0,0,0.447388,10.9916670184,0,0,-0.671082,23.7, -0.2, -0.2,,,0,0,1024,1024,1024,1024,0,0,0,0,17.6,0,0,91,4.02,4.007,3.925,0,0,0,4.081,86.18,-3.784140212956,0,38,Tripod,
96300,2026-05-22 08:54:25,51.9888067004475,4.38997091672193,0.328084,,,-3.456056212956,0,0.223694,10.8988520548,1.2922736634,24,5,12.029,0,0.328084,0.447388,10.9916670184,0.223694,0,-1.11847,23.5, 1, -2.4,,,0,0,1024,1024,1024,1024,0,0,0,0,17.6,0,0,91,4.02,4.007,3.925,0,0,0,4.081,86.18,-3.456056212956,0.328084,38,Tripod,
96400,2026-05-22 08:54:25,51.9888067306018,4.38997090948431,0.328084,,,-3.456056212956,0,0.223694,10.9018376192,1.303395711,24,5,12.037,0,0.328084,0.447388,10.9916670184,0.223694,0,-1.11847,23.4, 2, 0,,,0,0,1024,1024,1024,1024,0,0,0,0,17.6,0,0,91,3.995,3.982,3.982,0,0,0,4.603,86.36,-3.456056212956,0.328084,38,Tripod,
96500,2026-05-22 08:54:25,51.9888068395846,4.38997087179764,0.328084,,,-3.456056212956,0,0.223694,10.915190638,1.34404859944,24,5,12.037,0,0.328084,0.447388,10.9916670184,0.223694,0,-0.671082,23.3, 3, 1.4,,,0,0,1024,1024,1223,1024,0,0,30,0,17.6,0,0,91,3.995,3.982,3.982,0,0,0,4.603,86.36,-3.456056212956,0.328084,38,Tripod,
96600,2026-05-22 08:54:25,51.9888069493261,4.38997086307505,0.656168,,,-3.127972212956,0,0.223694,10.9222772524,1.3841371834,24,5,12.037,0,0.656168,0.447388,10.9916670184,0.223694,0,-0.447388,23.6, 4, 2,,,0,0,1024,1024,1223,1024,0,0,30,0,17.6,0,0,91,3.995,3.982,3.982,0,0,0,4.603,86.36,-3.127972212956,0.656168,38,Tripod,
96700,2026-05-22 08:54:25,51.9888070418827,4.38997084372916,0.656168,,,-3.127972212956,0.656168,0,10.9310042868,1.41818574092,24,5,12.037,0,0.656168,0.447388,10.9916670184,0,0,-0.223694,23.7, 3.5, 1.9,,,0,0,1024,1024,1684,1024,0,0,100,0,17.6,0,0,91,3.995,3.982,3.982,0,0,0,4.603,86.36,-3.127972212956,0.656168,38,Tripod,
96800,2026-05-22 08:54:25,51.9888070274459,4.38997093739631,0.656168,,,-3.127972212956,0.656168,0,10.909449168,1.439878655,24,5,12.037,0,0.656168,0.447388,10.9916670184,0,0,-0.223694,23.7, 2.4, 1,,,0,0,1024,1024,1684,1024,0,0,100,0,17.6,0,0,91,3.995,3.982,3.982,0,0,0,4.603,86.36,-3.127972212956,0.656168,38,Tripod,
96900,2026-05-22 08:54:25,51.9888070866182,4.38997091980328,0.656168,,,-3.127972212956,0.656168,0,10.9162733152,1.4618274746,24,5,12.037,0,0.656168,0.447388,10.9916670184,0,0,-0.671082,23.6, 2, 1.4,,,0,0,1024,1024,1024,1024,0,0,0,0,17.6,0,0,91,3.995,3.982,3.982,0,0,0,4.603,86.36,-3.127972212956,0.656168,38,Tripod,
97000,2026-05-22 08:54:25,51.9888073157753,4.3899709607905,0.984252,,,-2.799888212956,0.984252,0,10.9187339452,1.54593836968,24,5,12.037,0,0.984252,0.447388,10.9916670184,0,0,-0.894776,23.6, 3.4, 1.5,,,0,0,1024,1024,1024,991,0,0,0,-5,17.6,0,0,91,3.995,3.982,3.982,0,0,0,4.603,86.36,-2.799888212956,0.984252,38,Tripod,
97100,2026-05-22 08:54:25,51.9888073872533,4.38997096010535,0.984252,,,-2.799888212956,0.984252,0,10.9226381448,1.57201776684,25,5,12.037,0,0.984252,0.447388,10.9916670184,0,0,-0.894776,23.6, 4, 1.5,,,0,0,1024,1024,1024,364,0,0,0,-100,17.6,0,0,91,3.995,3.982,3.982,0,0,0,4.603,86.36,-2.799888212956,0.984252,38,Tripod,
97200,2026-05-22 08:54:25,51.9888074803796,4.38997096481269,1.312336,,,-2.471804212956,1.312336,0,10.9265423444,1.60601383092,25,5,12.037,0,1.312336,0.447388,10.9916670184,0,0,-0.671082,23.1, 3.5, 1.5,,,0,0,1024,1024,1024,364,0,0,0,-100,17.1,0,0,91,3.995,3.982,3.982,0,0,0,4.603,86.36,-2.471804212956,1.312336,38,Tripod,
97300,2026-05-22 08:54:26,51.9888075391606,4.38997094537637,1.312336,,,-2.471804212956,1.312336,0,10.934055468,1.62790031456,25,5,12.037,0,1.312336,0.447388,10.9916670184,0,0,-0.447388,22.1, 4.1, 1.2,,,0,0,1024,1024,1024,364,0,0,0,-100,15.4,0,0,91,3.995,3.982,3.982,0,0,0,4.603,86.36,-2.471804212956,1.312336,38,Tripod,
97400,2026-05-22 08:54:26,51.9888076704845,4.389971093405,1.312336,,,-2.471804212956,1.312336,0,10.908464916,1.68622380724,25,5,12.002,0,1.312336,0.447388,10.9916670184,0,0,-0.223694,20.2, 4.5, 1.3,,,0,0,1024,1024,1024,364,0,0,0,-100,13.2,0,0,91,3.998,3.988,3.989,0,0,0,6.801,86.36,-2.471804212956,1.312336,38,Tripod,
97500,2026-05-22 08:54:26,51.9888077315226,4.38997105554094,1.312336,,,-2.471804212956,1.312336,0,10.9203415568,1.71006239068,25,5,12.002,0,1.312336,0.447388,10.9916670184,0,0,-0.223694,17.9, 4.5, 2.1,,,0,0,1024,1024,1024,364,0,0,0,-100,10.8,0,0,91,3.998,3.988,3.989,0,0,0,6.801,86.36,-2.471804212956,1.312336,38,Tripod,
97600,2026-05-22 08:54:26,51.9888077074656,4.38997069636302,1.64042,,,-2.143720212956,1.312336,0,10.998688016,1.7912402148,25,5,12.002,0,1.64042,0.447388,10.998688016,0,0,-0.223694,15.6, 3.6, 3.1,,,0,0,1024,1024,1024,364,0,0,0,-100,8.4,0,0,91,3.998,3.988,3.989,0,0,0,6.801,86.36,-2.143720212956,1.64042,38,Tripod,
97700,2026-05-22 08:54:26,51.9888077499633,4.38997064728099,1.64042,,,-2.143720212956,1.64042,0,11.011975418,1.81026580596,25,5,12.002,0,1.64042,0.447388,11.011975418,0,0,0,13.4, 4.5, 1.3,,,0,0,1024,1024,1024,364,0,0,0,-100,6,0,0,91,3.998,3.988,3.989,0,0,0,6.801,86.36,-2.143720212956,1.64042,38,Tripod,
97800,2026-05-22 08:54:26,51.9888079137886,4.38997044914429,1.64042,,,-2.143720212956,1.64042,0,11.0653874932,1.8847933674,25,5,12.002,0,1.64042,0.447388,11.0653874932,0,0,0,10.9, 4.8, 1.6,,,0,0,1024,1024,1024,364,0,0,0,-100,3.6,0,0,91,3.998,3.988,3.989,0,0,0,6.801,86.36,-2.143720212956,1.64042,38,Tripod,
97900,2026-05-22 08:54:26,51.9888079599953,4.38997035210357,1.64042,,,-2.143720212956,1.64042,0,11.0896000924,1.91235570424,25,5,12.002,0,1.64042,0.447388,11.0896000924,0,0,0,8.7, 4.5, 2.5,,,0,0,1024,1024,1024,364,0,0,0,-100,1.2,0,0,91,3.998,3.988,3.989,0,0,0,6.801,86.36,-2.143720212956,1.64042,38,Tripod,
98000,2026-05-22 08:54:26,51.9888079613128,4.3899704065503,1.64042,,,-2.143720212956,1.64042,0,11.0776250264,1.92459651828,25,5,12.002,0,1.64042,0.447388,11.0896000924,0,0,0,6.4, 4.9, 1.7,,,0,0,1024,1024,1024,364,0,0,0,-100,358.9,0,0,91,3.998,3.988,3.989,0,0,0,6.801,86.36,-2.143720212956,1.64042,38,Tripod,
98100,2026-05-22 08:54:26,51.9888079866529,4.38997033249685,1.64042,,,-2.143720212956,1.64042,0,11.0955384128,1.94363195196,26,5,12.002,0,1.64042,0.447388,11.0955384128,0,0,0,4.1, 5.4, 2.6,,,0,0,1024,1024,1024,364,0,0,0,-100,356.5,0,0,91,3.998,3.988,3.989,0,0,0,6.801,86.36,-2.143720212956,1.64042,38,Tripod,
98200,2026-05-22 08:54:26,51.988807973094,4.38997040687377,1.64042,,,-2.143720212956,1.64042,0,11.078248386,1.96105977404,26,5,12.002,0,1.64042,0.447388,11.0955384128,0,0,0,1.8, 4.7, 2.2,,,0,0,1024,1024,1024,364,0,0,0,-100,354.1,0,0,91,3.998,3.988,3.989,0,0,0,6.801,86.36,-2.143720212956,1.64042,38,Tripod,
98300,2026-05-22 08:54:27,51.9888079516149,4.38997038481862,1.64042,,,-2.143720212956,1.64042,0,11.08185731,1.97033142788,26,5,12.002,0,1.64042,0.447388,11.0955384128,0,0,0,359.5, 3.9, 2.2,,,0,0,1024,1024,1024,364,0,0,0,-100,351.7,0,0,91,3.998,3.988,3.989,0,0,0,6.801,86.36,-2.143720212956,1.64042,38,Tripod,
98400,2026-05-22 08:54:27,51.9888079602656,4.38997036521365,1.64042,,,-2.143720212956,1.64042,0,11.0867129532,1.97575137556,26,5,11.979,0,1.64042,0.447388,11.0955384128,0,0,0,357, 3.4, 1.3,,,0,0,1024,1024,1024,364,0,0,0,-100,349.3,0,0,90,3.994,3.982,3.984,0,0,0,6.573,86.36,-2.143720212956,1.64042,38,Tripod,
98500,2026-05-22 08:54:27,51.9888079260078,4.38997038572812,1.64042,,,-2.143720212956,1.64042,0,11.0801512732,1.98907158596,26,5,11.979,0,1.64042,0.447388,11.0955384128,0,0,0,354.4, 3.8, 0.4,,,0,0,1024,1024,1024,364,0,0,0,-100,346.9,0,0,90,3.994,3.982,3.984,0,0,0,6.573,86.36,-2.143720212956,1.64042,38,Tripod,
98600,2026-05-22 08:54:27,51.9888080185015,4.3899704712743,1.64042,,,-2.143720212956,1.64042,0,11.0666670208,2.02791016988,26,5,11.979,0,1.64042,0.447388,11.0955384128,0,0,0,351.8, 3.8, 0.3,,,0,0,1024,1024,1024,364,0,0,0,-100,344.5,0,0,90,3.994,3.982,3.984,0,0,0,6.573,86.36,-2.143720212956,1.64042,38,Tripod,
98700,2026-05-22 08:54:27,51.9888080015664,4.38997045390211,1.64042,,,-2.143720212956,1.64042,0,11.0694885432,2.03521660056,26,5,11.979,0,1.64042,0.447388,11.0955384128,0,0,0,349.4, 3.8, 0.8,,,0,0,1024,1024,1024,364,0,0,0,-100,342.1,0,0,90,3.994,3.982,3.984,0,0,0,6.573,86.36,-2.143720212956,1.64042,38,Tripod,
98800,2026-05-22 08:54:27,51.9888080372914,4.38997035981241,1.64042,,,-2.143720212956,1.64042,0,11.0924872316,2.06005255936,26,5,11.979,0,1.64042,0.447388,11.0955384128,0,0,0,346.8, 3.9, 0.3,,,0,0,1024,1024,1024,364,0,0,0,-100,339.7,0,0,90,3.994,3.982,3.984,0,0,0,6.573,86.36,-2.143720212956,1.64042,38,Tripod,
98900,2026-05-22 08:54:27,51.9888080335642,4.38997033152826,1.64042,,,-2.143720212956,1.64042,0,11.0985239772,2.0665519034,26,5,11.979,0,1.64042,0.447388,11.0985239772,0,0,0,344.2, 4.4, 0.2,,,0,0,1024,1024,1024,364,0,0,0,-100,337.3,0,0,90,3.994,3.982,3.984,0,0,0,6.573,86.36,-2.143720212956,1.64042,38,Tripod,
99000,2026-05-22 08:54:27,51.9888079377526,4.38997035545977,1.64042,,,-2.143720212956,1.64042,0,11.0875659716,2.1019193586,26,5,11.979,0,1.64042,0.447388,11.0985239772,0,0,0,342, 4.3, 1.1,,,0,0,1074,1024,1024,364,8,0,0,-100,334.9,0,0,90,3.994,3.982,3.984,0,0,0,6.573,86.36,-2.143720212956,1.64042,38,Tripod,
99100,2026-05-22 08:54:27,51.9888079312133,4.38997033145873,1.64042,,,-2.143720212956,1.64042,0,11.0924872316,2.10781502808,26,5,11.979,0,1.64042,0.447388,11.0985239772,0,0,0,339.8, 4.1, 0.4,,,0,0,1145,1024,1024,364,18,0,0,-100,332.5,0,0,90,3.994,3.982,3.984,0,0,0,6.573,86.36,-2.143720212956,1.64042,38,Tripod,
99200,2026-05-22 08:54:27,51.9888079925882,4.38997045197536,1.64042,,,-2.143720212956,1.64042,0,11.069390118,2.14295282448,26,5,11.979,0,1.64042,0.447388,11.0985239772,0,0,0,337.3, 3.8, 0.5,,,0,0,1155,1024,1024,364,20,0,0,-100,330.1,0,0,90,3.994,3.982,3.984,0,0,0,6.573,86.36,-2.143720212956,1.64042,38,Tripod,
99300,2026-05-22 08:54:28,51.9888080175163,4.38997044369095,1.64042,,,-2.143720212956,1.64042,0,11.0727037664,2.15223760168,26,5,11.979,0,1.64042,0.447388,11.0985239772,0,0,0,334.7, 3.7, 0,,,0,0,1184,1024,1024,364,24,0,0,-100,327.7,0,0,90,3.994,3.982,3.984,0,0,0,6.573,86.36,-2.143720212956,1.64042,38,Tripod,
99400,2026-05-22 08:54:28,51.9888079403073,4.38997055561188,1.64042,,,-2.143720212956,1.64042,0,11.04330744,2.18999678924,26,5,11.959,0,1.64042,0.447388,11.0985239772,0,0,0,332.3, 3.8, 0,,,0,0,1204,1024,1024,364,27,0,0,-100,325.3,0,0,90,3.995,3.983,3.987,0,0,0,6.704,86.36,-2.143720212956,1.64042,38,Tripod,
99500,2026-05-22 08:54:28,51.9888079996215,4.38997051071897,1.64042,,,-2.143720212956,1.64042,0,11.0567916924,2.21387474276,26,5,11.959,0,1.64042,0.447388,11.0985239772,0,0,0,329.7, 3.7, -0.1,,,0,0,1204,1024,1024,364,27,0,0,-100,322.9,0,0,90,3.995,3.983,3.987,0,0,0,6.704,86.36,-2.143720212956,1.64042,38,Tripod,
99600,2026-05-22 08:54:28,51.9888081095443,4.38997035477109,1.64042,,,-2.143720212956,1.64042,0,11.097933426,2.26712933764,26,5,11.959,0,1.64042,0.447388,11.0985239772,0,0,0,327.3, 3.7, -0.1,,,0,0,1207,1024,1024,364,28,0,0,-100,320.5,0,0,90,3.995,3.983,3.987,0,0,0,6.704,86.36,-2.143720212956,1.64042,38,Tripod,
99700,2026-05-22 08:54:28,51.988808205891,4.38997025748864,1.64042,,,-2.143720212956,1.64042,0,11.1253940568,2.30852041508,26,5,11.959,0,1.64042,0.447388,11.1253940568,0,0,0,325.1, 3.5, -1,,,0,0,1209,1024,1024,364,28,0,0,-100,318.1,0,0,90,3.995,3.983,3.987,0,0,0,6.704,86.36,-2.143720212956,1.64042,38,Tripod,
99800,2026-05-22 08:54:28,51.9888082285658,4.38997011760695,1.64042,,,-2.143720212956,1.64042,0.223694,11.1577759476,2.34102041612,26,5,11.959,0,1.64042,0.447388,11.1577759476,0,-0.223694,0,322.6, 3.6, -0.6,,,0,0,1209,1024,1024,364,28,0,0,-100,315.7,0,0,90,3.995,3.983,3.987,0,0,0,6.704,86.36,-2.143720212956,1.64042,38,Tripod,
99900,2026-05-22 08:54:28,51.9888083412254,4.38996994258619,1.64042,,,-2.143720212956,1.64042,0.3131716,11.2035108572,2.39790690088,26,5,11.959,0,1.64042,0.447388,11.2035108572,0.223694,-0.223694,0,320.2, 3.8, -0.8,,,0,0,1217,1024,1024,364,29,0,0,-100,313.3,0,0,90,3.995,3.983,3.987,0,0,0,6.704,86.36,-2.143720212956,1.64042,38,Tripod,
100000,2026-05-22 08:54:28,51.9888084369758,4.38996986564055,1.64042,,,-2.143720212956,1.64042,0.3131716,11.2266079708,2.43688328008,26,5,11.959,0,1.64042,0.447388,11.2266079708,0.223694,-0.223694,0,317.6, 3.9, -0.6,,,0,0,1196,925,1024,364,26,-15,0,-100,310.9,0,0,90,3.995,3.983,3.987,0,0,0,6.704,86.36,-2.143720212956,1.64042,38,Tripod,
100100,2026-05-22 08:54:28,51.9888085925537,4.38996964537419,1.64042,,,-2.143720212956,1.64042,0.3131716,11.2853678152,2.51219168144,26,5,11.959,0,1.64042,0.447388,11.2853678152,0.223694,-0.223694,0,315.2, 4.3, -0.2,,,0,0,1184,732,1024,364,24,-44,0,-100,308.5,0,0,90,3.995,3.983,3.987,0,0,0,6.704,86.36,-2.143720212956,1.64042,38,Tripod,
100200,2026-05-22 08:54:28,51.9888088213277,4.38996939447757,1.64042,,,-2.143720212956,1.64042,0.3131716,11.3560043004,2.61291346944,26,5,11.959,0,1.64042,0.447388,11.3560043004,0.223694,-0.223694,0,312.7, 4.1, -2.5,,,0,0,1187,730,1024,364,25,-45,0,-100,306.1,0,0,90,3.995,3.983,3.987,0,0,0,6.704,86.36,-2.143720212956,1.64042,38,Tripod,
100300,2026-05-22 08:54:29,51.9888090016798,4.38996913372103,1.64042,,,-2.143720212956,1.64042,0.4921268,11.4258861924,2.70101386596,25,5,11.959,0,1.64042,0.4921268,11.4258861924,0.223694,-0.447388,0,310.1, 3.9, -4.5,,,0,0,1188,730,1024,364,25,-45,0,-100,303.7,0,0,90,3.995,3.983,3.987,0,0,0,6.704,86.36,-2.143720212956,1.64042,38,Tripod,
100400,2026-05-22 08:54:29,51.9888090884374,4.38996884204194,1.64042,,,-2.143720212956,1.64042,0.4921268,11.4962602104,2.77379273968,25,5,11.961,0,1.64042,0.4921268,11.4962602104,0.223694,-0.447388,0,307.1, 4.3, -4.5,,,0,0,1188,730,1024,364,25,-45,0,-100,301.3,0,0,90,3.991,3.98,3.98,0,0,0,6.597,86.36,-2.143720212956,1.64042,38,Tripod,
100500,2026-05-22 08:54:29,51.9888091804796,4.38996844141458,1.64042,,,-2.143720212956,1.64042,0.671082,11.591043678,2.8698655774,26,5,11.961,0,1.64042,0.671082,11.591043678,0,-0.671082,0,304.2, 4.4, -3.7,,,0,0,1189,738,1024,364,25,-43,0,-100,298.9,0,0,90,3.991,3.98,3.98,0,0,0,6.597,86.36,-2.143720212956,1.64042,38,Tripod,
100600,2026-05-22 08:54:29,51.9888091940095,4.38996784888087,1.64042,,,-2.143720212956,1.64042,0.671082,11.7226381704,3.00308736644,26,5,11.961,0,1.64042,0.671082,11.7226381704,0,-0.671082,0,301.8, 4.7, -3.2,,,0,0,1191,715,1024,364,25,-47,0,-100,296.5,0,0,90,3.991,3.98,3.98,0,0,0,6.597,86.36,-2.143720212956,1.64042,38,Tripod,
100700,2026-05-22 08:54:29,51.9888092142571,4.38996737148868,1.64042,,,-2.143720212956,1.64042,0.671082,11.8293310872,3.11060377408,26,5,11.961,0,1.64042,0.671082,11.8293310872,0,-0.671082,0,299.5, 4.7, -3.6,,,0,0,1192,718,1024,364,25,-46,0,-100,294.1,0,0,90,3.991,3.98,3.98,0,0,0,6.597,86.36,-2.143720212956,1.64042,38,Tripod,
100800,2026-05-22 08:54:29,51.9888092853392,4.38996703582142,1.64042,,,-2.143720212956,1.64042,0.671082,11.9083337144,3.1903544328,26,5,11.961,0,1.64042,0.671082,11.9083337144,0,-0.671082,0,297.2, 4.8, -4,,,0,0,1189,769,1024,364,25,-39,0,-100,291.7,0,0,90,3.991,3.98,3.98,0,0,0,6.597,86.36,-2.143720212956,1.64042,38,Tripod,
100900,2026-05-22 08:54:29,51.9888092600654,4.38996654014759,1.64042,,,-2.143720212956,1.64042,0.671082,12.015912458,3.3020998432,26,5,11.961,0,1.64042,0.671082,12.015912458,0,-0.671082,0,294.9, 4.6, -5.2,,,0,0,1226,840,1024,364,31,-28,0,-100,289.3,0,0,90,3.991,3.98,3.98,0,0,0,6.597,86.36,-2.143720212956,1.64042,38,Tripod,
101000,2026-05-22 08:54:29,51.9888093654299,4.38996598903755,1.64042,,,-2.143720212956,1.64042,0.671082,12.1447838532,3.43175864,26,5,11.961,0,1.64042,0.671082,12.1447838532,0,-0.671082,0,292.2, 4.2, -5.4,,,0,0,1296,860,1024,364,41,-25,0,-100,286.9,0,0,90,3.991,3.98,3.98,0,0,0,6.597,86.36,-2.143720212956,1.64042,38,Tripod,
101100,2026-05-22 08:54:29,51.9888092769166,4.38996543854658,1.64042,,,-2.143720212956,1.64042,0.7158208,12.2602366128,3.5595801664,26,5,11.961,0,1.64042,0.7158208,12.2602366128,-0.223694,-0.671082,0,289.6, 4, -5.2,,,0,0,1373,877,1017,364,53,-22,-1,-100,284.5,0,0,90,3.991,3.98,3.98,0,0,0,6.597,86.36,-2.143720212956,1.64042,38,Tripod,
101200,2026-05-22 08:54:29,51.9888091270046,4.38996483363671,1.64042,,,-2.143720212956,1.64042,0.9171454,12.3838914724,3.7061024808,26,5,11.961,0,1.64042,0.9171454,12.3838914724,-0.223694,-0.894776,0,287, 3.4, -3.7,,,0,0,1431,964,1008,364,62,-9,-2,-100,282.1,0,0,90,3.991,3.98,3.98,0,0,0,6.597,86.36,-2.143720212956,1.64042,38,Tripod,
101300,2026-05-22 08:54:30,51.9888089592283,4.38996422358302,1.64042,,,-2.143720212956,1.64042,1.006623,12.5081040748,3.8562009108,26,5,11.961,0,1.64042,1.006623,12.5081040748,-0.447388,-0.894776,0,284.9, 2.7, -3.8,,,0,0,1431,964,1008,364,62,-9,-2,-100,279.7,0,0,90,3.991,3.98,3.98,0,0,0,6.597,86.36,-2.143720212956,1.64042,38,Tripod,
101400,2026-05-22 08:54:30,51.9888087893434,4.38996382737919,1.64042,,,-2.143720212956,1.64042,1.006623,12.5853350484,3.9646654812,26,5,11.947,0,1.64042,1.006623,12.5853350484,-0.447388,-0.894776,0,282.9, 1.3, -2.5,,,0,0,1435,970,1008,364,62,-8,-2,-100,277.3,0,0,90,3.99,3.978,3.979,0,0,0,6.87,86.54,-2.143720212956,1.64042,38,Tripod,
101500,2026-05-22 08:54:30,51.9888085883801,4.38996315279279,1.64042,,,-2.143720212956,1.64042,1.006623,12.7229990948,4.13303819,25,5,11.947,0,1.64042,1.006623,12.7229990948,-0.447388,-0.894776,0,281, 0.3, -2.5,,,0,0,1436,968,991,364,62,-8,-5,-100,274.9,0,0,90,3.99,3.978,3.979,0,0,0,6.87,86.54,-2.143720212956,1.64042,38,Tripod,
101600,2026-05-22 08:54:30,51.988808514567,4.38996249912253,1.64042,,,-2.143720212956,1.64042,1.2079476,12.8638127476,4.2823492184,25,5,11.947,0,1.64042,1.2079476,12.8638127476,-0.447388,-1.11847,0,278.9, -0.2, -2.9,,,0,0,1436,978,963,364,62,-7,-9,-100,272.5,0,0,90,3.99,3.978,3.979,0,0,0,6.87,86.54,-2.143720212956,1.64042,38,Tripod,
101700,2026-05-22 08:54:30,51.9888083165186,4.38996166499034,1.64042,,,-2.143720212956,1.64042,1.4092722,13.0381893936,4.4832350516,25,5,11.947,0,1.64042,1.4092722,13.0381893936,-0.447388,-1.342164,0,276.8, -0.3, -3,,,0,0,1403,861,912,364,57,-25,-17,-100,270.1,0,0,90,3.99,3.978,3.979,0,0,0,6.87,86.54,-2.143720212956,1.64042,38,Tripod,
101800,2026-05-22 08:54:30,51.9888082048517,4.38996075674733,1.64042,,,-2.143720212956,1.64042,1.4092722,13.2341867752,4.6913059244,25,5,11.947,0,1.64042,1.4092722,13.2341867752,-0.447388,-1.342164,0,274.5, -0.7, -2.9,,,0,0,1359,726,912,364,51,-45,-17,-100,267.7,0,0,90,3.99,3.978,3.979,0,0,0,6.87,86.54,-2.143720212956,1.64042,38,Tripod,
101900,2026-05-22 08:54:30,51.9888079941565,4.38995975287563,1.64042,,,-2.143720212956,1.64042,1.6329662,13.4469820576,4.9295933336,25,5,11.947,0,1.64042,1.6329662,13.4469820576,-0.447388,-1.565858,0,272.2, -0.4, -3.8,,,0,0,1322,564,912,364,45,-70,-17,-100,265.3,0,0,90,3.99,3.978,3.979,0,0,0,6.87,86.54,-2.143720212956,1.64042,38,Tripod,
102000,2026-05-22 08:54:30,51.9888076037878,4.38995892426638,1.64042,,,-2.143720212956,1.64042,1.7000744,13.6134190708,5.1640093516,25,5,11.947,0,1.64042,1.7000744,13.6134190708,-0.671082,-1.565858,0,269.5, 0.4, -5.8,,,0,0,1321,592,912,364,45,-65,-17,-100,262.9,0,0,90,3.99,3.978,3.979,0,0,0,6.87,86.54,-2.143720212956,1.64042,38,Tripod,
102100,2026-05-22 08:54:30,51.9888073135635,4.38995779967291,1.64042,,,-2.143720212956,1.64042,1.901399,13.8519689472,5.4379594916,25,5,11.947,0,1.64042,1.901399,13.8519689472,-0.671082,-1.789552,0,266.3, 1.4, -7.8,,,0,0,1321,592,912,364,45,-65,-17,-100,260.5,0,0,90,3.99,3.978,3.979,0,0,0,6.87,86.54,-2.143720212956,1.64042,38,Tripod,
102200,2026-05-22 08:54:30,51.9888068748136,4.38995676251769,1.64042,,,-2.143720212956,1.64042,1.9908766,14.0667983504,5.7206694744,25,5,11.947,0,1.64042,1.9908766,14.0667983504,-0.894776,-1.789552,0,263.2, 2.1, -8.7,,,0,0,1321,604,911,364,45,-64,-17,-100,258.1,0,0,90,3.99,3.978,3.979,0,0,0,6.87,86.54,-2.143720212956,1.64042,38,Tripod,
102300,2026-05-22 08:54:31,51.9888064187507,4.38995566549372,1.64042,,,-2.143720212956,1.64042,1.9237684,14.2968180428,6.0180776204,25,5,11.947,0,1.64042,1.9908766,14.2968180428,-1.11847,-1.565858,0,260.2, 2.3, -9.9,,,0,0,1322,592,911,364,45,-65,-17,-100,255.7,0,0,90,3.99,3.978,3.979,0,0,0,6.87,86.54,-2.143720212956,1.64042,38,Tripod,
102400,2026-05-22 08:54:31,51.9888057468122,4.38995463975305,1.64042,,,-2.143720212956,1.968504,2.2145706,14.5078088632,6.3545605708,25,5,11.936,0,1.64042,2.2145706,14.5078088632,-1.565858,-1.565858,0,257.3, 2.2, -10.2,,,0,0,1321,595,911,364,45,-65,-17,-100,253.3,0,0,90,3.987,3.976,3.978,0,0,0,6.83,86.54,-2.143720212956,1.64042,38,Tripod,
102500,2026-05-22 08:54:31,51.988805071851,4.38995365390058,1.64042,,,-2.143720212956,1.968504,2.23694,14.7144361664,6.6857613688,25,5,11.936,0,1.64042,2.23694,14.7144361664,-1.789552,-1.342164,0,254.6, 2, -10.1,,,0,0,1321,597,909,364,45,-65,-17,-100,250.9,0,0,90,3.987,3.976,3.978,0,0,0,6.83,86.54,-2.143720212956,1.64042,38,Tripod,
102600,2026-05-22 08:54:31,51.9888042965007,4.38995301187453,1.64042,,,-2.143720212956,1.968504,2.4158952,14.8471789528,7.0033138724,25,5,11.936,0,1.64042,2.4158952,14.8471789528,-2.013246,-1.342164,0,252.2, 2.3, -10,,,0,0,1322,597,911,364,45,-65,-17,-100,248.5,0,0,90,3.987,3.976,3.978,0,0,0,6.83,86.54,-2.143720212956,1.64042,38,Tripod,
102700,2026-05-22 08:54:31,51.9888034306282,4.38995220503373,1.64042,,,-2.143720212956,1.968504,2.5053728,15.0221789584,7.3675527292,25,5,11.936,0,1.64042,2.5053728,15.0221789584,-2.23694,-1.11847,0,249.5, 3.3, -10.3,,,0,0,1323,604,911,364,45,-64,-17,-100,246.1,0,0,90,3.987,3.976,3.978,0,0,0,6.83,86.54,-2.143720212956,1.64042,38,Tripod,
102800,2026-05-22 08:54:31,51.9888027455992,4.38995137238338,1.64042,,,-2.143720212956,1.968504,2.4158952,15.2090556048,7.6797246552,25,5,11.936,0,1.64042,2.5053728,15.2090556048,-2.23694,-0.894776,0,247.1, 2.9, -10.2,,,0,0,1328,598,911,364,46,-65,-17,-100,243.7,0,0,90,3.987,3.976,3.978,0,0,0,6.83,86.54,-2.143720212956,1.64042,38,Tripod,
102900,2026-05-22 08:54:31,51.9888017575336,4.38995082713032,1.64042,,,-2.143720212956,1.968504,2.5501116,15.3384847428,8.0604661372,25,5,11.936,0,1.64042,2.5501116,15.3384847428,-2.460634,-0.671082,0,244.9, 2, -9.8,,,0,0,1328,598,911,364,46,-65,-17,-100,241.3,0,0,90,3.987,3.976,3.978,0,0,0,6.83,86.54,-2.143720212956,1.64042,38,Tripod,
103000,2026-05-22 08:54:31,51.9888006683943,4.38995020819071,1.64042,,,-2.143720212956,1.968504,2.7738056,15.4947183436,8.481463526,25,5,11.936,0,1.64042,2.7738056,15.4947183436,-2.684328,-0.671082,0,242.5, 1.8, -9.7,,,0,0,1331,591,909,364,47,-66,-17,-100,238.9,0,0,90,3.987,3.976,3.978,0,0,0,6.83,86.54,-2.143720212956,1.64042,38,Tripod,
103100,2026-05-22 08:54:31,51.9887995833085,4.38994989003836,1.64042,,,-2.143720212956,1.968504,2.7290668,15.5932419688,8.8837601268,25,5,11.936,0,1.64042,2.7738056,15.5932419688,-2.684328,-0.447388,0,240.1, 1.6, -10.4,,,0,0,1342,597,908,364,48,-65,-18,-100,236.5,0,0,90,3.987,3.976,3.978,0,0,0,6.83,86.54,-2.143720212956,1.64042,38,Tripod,
103200,2026-05-22 08:54:31,51.9887986880116,4.3899492962858,1.312336,,,-2.471804212956,1.968504,2.684328,15.755906016,9.2366144688,25,5,11.936,0,1.64042,2.7738056,15.755906016,-2.684328,-0.223694,0,237.8, 0.5, -10.3,,,0,0,1354,632,1023,364,50,-59,-0,-100,234.1,0,0,90,3.987,3.976,3.978,0,0,0,6.83,86.54,-2.471804212956,1.312336,38,Tripod,
103300,2026-05-22 08:54:32,51.988797537902,4.38994919245632,1.312336,,,-2.471804212956,1.968504,2.908022,15.8270018188,9.6568900728,25,5,11.936,0,1.64042,2.908022,15.8270018188,-2.908022,0,0,235.3, 0.9, -10.4,,,0,0,1390,671,1024,364,55,-53,0,-100,231.7,0,0,90,3.987,3.976,3.978,0,0,0,6.83,86.54,-2.471804212956,1.312336,38,Tripod,
103400,2026-05-22 08:54:32,51.9887962906343,4.38994931488941,1.312336,,,-2.471804212956,1.968504,2.908022,15.8641081192,10.1127627908,25,5,11.933,0,1.64042,2.908022,15.8641081192,-2.908022,0,0,233, 0.4, -10,,,0,0,1461,746,1024,364,66,-42,0,-100,229.3,0,0,90,3.985,3.973,3.976,0,0,0,6.737,86.54,-2.471804212956,1.312336,38,Tripod,
103500,2026-05-22 08:54:32,51.9887950783142,4.38994947475874,1.312336,,,-2.471804212956,1.968504,3.131716,15.9036094328,10.5565292092,25,5,11.933,0,1.64042,3.131716,15.9036094328,-3.131716,0.223694,0,230.9, -1.3, -8.6,,,0,0,1459,720,1024,364,66,-46,0,-100,226.9,0,0,90,3.985,3.973,3.976,0,0,0,6.737,86.54,-2.471804212956,1.312336,38,Tripod,
103600,2026-05-22 08:54:32,51.9887939882956,4.38994950842151,1.312336,,,-2.471804212956,1.968504,3.131716,15.973753792,10.9542982508,25,5,11.933,0,1.64042,3.131716,15.973753792,-3.131716,0.223694,0,229.3, -2.7, -7.5,,,0,0,1478,665,1024,364,69,-54,0,-100,224.5,0,0,90,3.985,3.973,3.976,0,0,0,6.737,86.54,-2.471804212956,1.312336,38,Tripod,
103700,2026-05-22 08:54:32,51.9887927513747,4.38994976006588,1.312336,,,-2.471804212956,1.968504,3.131716,16.0183404076,11.4091211,25,5,11.933,0,1.64042,3.131716,16.0183404076,-3.131716,0.223694,0,227.5, -3.5, -7.4,,,0,0,1477,664,1024,364,69,-55,0,-100,222.1,0,0,90,3.985,3.973,3.976,0,0,0,6.737,86.54,-2.471804212956,1.312336,38,Tripod,
103800,2026-05-22 08:54:32,51.9887913521807,4.38995000166952,1.312336,,,-2.471804212956,1.64042,3.131716,16.0934060268,11.9225069432,25,5,11.933,0,1.64042,3.131716,16.0934060268,-3.131716,0.223694,0,225.4, -3.5, -8,,,0,0,1477,664,1024,364,69,-55,0,-100,219.7,0,0,90,3.985,3.973,3.976,0,0,0,6.737,86.54,-2.471804212956,1.312336,38,Tripod,
103900,2026-05-22 08:54:32,51.9887900425559,4.38995029133446,1.312336,,,-2.471804212956,1.64042,3.35541,16.1645018296,12.4047248064,26,5,11.933,0,1.64042,3.35541,16.1645018296,-3.35541,0.223694,0,223.3, -3.4, -8.4,,,0,0,1477,706,1024,364,69,-48,0,-100,217.3,0,0,90,3.985,3.973,3.976,0,0,0,6.737,86.54,-2.471804212956,1.312336,38,Tripod,
104000,2026-05-22 08:54:32,51.9887887967553,4.38995074994248,1.312336,,,-2.471804212956,1.968504,3.3777794,16.206201306,12.8708009368,26,5,11.933,0,1.64042,3.3777794,16.206201306,-3.35541,0.447388,0,221, -3.2, -8,,,0,0,1514,798,1024,364,74,-34,0,-100,214.9,0,0,90,3.985,3.973,3.976,0,0,0,6.737,86.54,-2.471804212956,1.312336,38,Tripod,
104100,2026-05-22 08:54:32,51.9887874013105,4.38995113804624,1.312336,,,-2.471804212956,1.968504,3.6014734,16.2950136448,13.3873363864,26,5,11.933,0,1.64042,3.6014734,16.2950136448,-3.579104,0.447388,0,219, -4.8, -6.7,,,0,0,1520,799,1024,364,75,-34,0,-100,212.5,0,0,90,3.985,3.973,3.976,0,0,0,6.737,86.54,-2.471804212956,1.312336,38,Tripod,
104200,2026-05-22 08:54:32,51.9887860238895,4.38995172243291,1.312336,,,-2.471804212956,1.968504,3.6014734,16.3563653528,13.9067589752,26,5,11.933,0,1.64042,3.6014734,16.3563653528,-3.579104,0.447388,0,216.9, -5.8, -6.8,,,0,0,1555,820,1024,364,80,-31,0,-100,210.1,0,0,90,3.985,3.973,3.976,0,0,0,6.737,86.54,-2.471804212956,1.312336,38,Tripod,
104300,2026-05-22 08:54:33,51.9887845483753,4.38995212735582,1.312336,,,-2.471804212956,1.64042,3.8251674,16.4853351732,14.4527235596,26,5,11.933,0,1.64042,3.8251674,16.4853351732,-3.802798,0.447388,0,214.6, -5.2, -6.6,,,0,0,1554,819,1024,364,80,-31,0,-100,207.7,0,0,90,3.985,3.973,3.976,0,0,0,6.737,86.54,-2.471804212956,1.312336,38,Tripod,
104400,2026-05-22 08:54:33,51.9887830105007,4.3899524608737,1.312336,,,-2.471804212956,1.64042,3.8251674,16.6556435776,15.0187996932,26,5,11.94,0,1.64042,3.8251674,16.6556435776,-3.802798,0.447388,0,212.3, -6.2, -6.7,,,0,0,1553,792,1024,364,80,-35,0,-100,205.3,0,0,90,3.986,3.977,3.98,0,0,0,6.666,86.54,-2.471804212956,1.312336,38,Tripod,
104500,2026-05-22 08:54:33,51.9887814478246,4.3899528485566,1.312336,,,-2.471804212956,1.64042,4.0488614,16.8367131372,15.5955385568,26,5,11.94,0,1.64042,4.0488614,16.8367131372,-4.026492,0.447388,0,210.1, -6.3, -6.9,,,0,0,1553,824,1024,364,80,-30,0,-100,202.9,0,0,90,3.986,3.977,3.98,0,0,0,6.666,86.54,-2.471804212956,1.312336,38,Tripod,
104600,2026-05-22 08:54:33,51.9887797958011,4.38995348882986,1.312336,,,-2.471804212956,1.64042,4.0488614,17.0024283656,16.215223616,26,5,11.94,0,1.64042,4.0488614,17.0024283656,-4.026492,0.447388,0,207.9, -6.6, -7.1,,,0,0,1555,825,1060,364,80,-30,5,-100,200.5,0,0,90,3.986,3.977,3.98,0,0,0,6.666,86.54,-2.471804212956,1.312336,38,Tripod,
104700,2026-05-22 08:54:33,51.9887781322356,4.38995391749997,1.312336,,,-2.471804212956,1.64042,4.2725554,17.231463806,16.8297577564,26,5,11.94,0,1.64042,4.2725554,17.231463806,-4.250186,0.447388,0,205.4, -6.4, -7.2,,,0,0,1555,825,1060,364,80,-30,5,-100,198.1,0,0,90,3.986,3.977,3.98,0,0,0,6.666,86.54,-2.471804212956,1.312336,38,Tripod,
104800,2026-05-22 08:54:33,51.9887766041895,4.38995468043228,1.312336,,,-2.471804212956,1.64042,4.2725554,17.3892065932,17.4130254916,26,5,11.94,0,1.64042,4.2725554,17.3892065932,-4.250186,0.447388,0,203.1, -6.4, -7.3,,,0,0,1555,825,1082,364,80,-30,9,-100,195.7,0,0,90,3.986,3.977,3.98,0,0,0,6.666,86.54,-2.471804212956,1.312336,38,Tripod,
104900,2026-05-22 08:54:33,51.9887748586571,4.38995520965583,1.312336,,,-2.471804212956,1.64042,4.5186188,17.6538063392,18.0608929664,26,5,11.94,0,1.64042,4.5186188,17.6538063392,-4.47388,0.671082,0,200.7, -6.8, -7.4,,,0,0,1555,826,1119,364,80,-30,14,-100,193.3,0,0,90,3.986,3.977,3.98,0,0,0,6.666,86.54,-2.471804212956,1.312336,38,Tripod,
105000,2026-05-22 08:54:33,51.9887729395399,4.38995577682341,1.312336,,,-2.471804212956,1.64042,4.5186188,17.9697840396,18.7725727792,26,5,11.94,0,1.64042,4.5186188,17.9697840396,-4.47388,0.671082,0,198.3, -6.5, -7.6,,,0,0,1558,824,1024,549,81,-30,0,-72,190.9,0,0,90,3.986,3.977,3.98,0,0,0,6.666,86.54,-2.471804212956,1.312336,38,Tripod,
105100,2026-05-22 08:54:33,51.9887710984981,4.38995641888785,1.312336,,,-2.471804212956,1.64042,4.7423128,18.2768706636,19.4596134836,26,5,11.94,0,1.64042,4.7423128,18.2768706636,-4.697574,0.671082,0,195.9, -7.1, -6.2,,,0,0,1580,839,1024,1024,84,-28,0,0,188.7,0,0,90,3.986,3.977,3.98,0,0,0,6.666,86.54,-2.471804212956,1.312336,38,Tripod,
105200,2026-05-22 08:54:33,51.9887692394742,4.38995725765604,1.312336,,,-2.471804212956,1.64042,4.7870516,18.5755583372,20.163550514,26,5,11.94,0,1.64042,4.7870516,18.5755583372,-4.697574,0.894776,0,193.9, -8.9, -2.9,,,0,0,1594,877,1024,1024,86,-22,0,0,186.9,0,0,90,3.986,3.977,3.98,0,0,0,6.666,86.54,-2.471804212956,1.312336,38,Tripod,
105300,2026-05-22 08:54:34,51.9887673165233,4.38995796029516,1.312336,,,-2.471804212956,1.64042,4.9660068,18.9339901072,20.8826778336,26,5,11.94,0,1.64042,4.9660068,18.9339901072,-4.921268,0.671082,0,192.4, -10, -1.3,,,0,0,1593,883,1024,1024,86,-21,0,0,186.1,0,0,90,3.986,3.977,3.98,0,0,0,6.666,86.54,-2.471804212956,1.312336,38,Tripod,
105400,2026-05-22 08:54:34,51.9887653224469,4.38995871366656,1.312336,,,-2.471804212956,1.64042,5.1897008,19.3230321144,21.6296594848,26,5,11.929,0,1.64042,5.1897008,19.3230321144,-5.144962,0.671082,0,191.6, -10.5, -1.4,,,0,0,1593,878,1024,1024,86,-22,0,0,185.8,0,0,90,3.983,3.973,3.975,0,0,0,6.557,86.54,-2.471804212956,1.312336,38,Tripod,
105500,2026-05-22 08:54:34,51.9887632786797,4.38995929304845,1.312336,,,-2.471804212956,1.64042,5.1673314,19.7725400028,22.3866148896,26,5,11.929,0,1.64042,5.1897008,19.7725400028,-5.144962,0.447388,0,191.1, -10.5, -0.4,,,0,0,1593,878,1024,1024,86,-22,0,0,185.8,0,0,90,3.983,3.973,3.975,0,0,0,6.557,86.54,-2.471804212956,1.312336,38,Tripod,
105600,2026-05-22 08:54:34,51.9887610859108,4.38995972631626,1.312336,,,-2.471804212956,1.968504,5.3910254,20.3029534056,23.1925532356,26,5,11.929,0,1.64042,5.3910254,20.3029534056,-5.368656,0.447388,0,190.9, -10.7, -0.6,,,0,0,1593,888,1024,1024,86,-21,0,0,185.8,0,0,90,3.983,3.973,3.975,0,0,0,6.557,86.54,-2.471804212956,1.312336,38,Tripod,
105700,2026-05-22 08:54:34,51.9887589026855,4.38996013406314,1.312336,,,-2.471804212956,1.968504,5.59235,20.8519691712,23.9943249148,26,5,11.929,0,1.64042,5.59235,20.8519691712,-5.59235,0.223694,0,190.9, -10.4, -0.8,,,0,0,1593,894,1024,1024,86,-20,0,0,185.8,0,0,90,3.983,3.973,3.975,0,0,0,6.557,86.54,-2.471804212956,1.312336,38,Tripod,
105800,2026-05-22 08:54:34,51.9887567530858,4.38996072791662,1.312336,,,-2.471804212956,1.968504,5.816044,21.3815951724,24.7898958064,26,5,11.929,0,1.64042,5.816044,21.3815951724,-5.816044,0.223694,0,190.9, -10.2, -0.8,,,0,0,1588,896,1024,1024,85,-19,0,0,185.8,0,0,90,3.983,3.973,3.975,0,0,0,6.557,86.54,-2.471804212956,1.312336,38,Tripod,
105900,2026-05-22 08:54:34,51.9887544606568,4.38996100390629,1.312336,,,-2.471804212956,1.64042,5.816044,22.0115492608,25.6285769356,26,5,11.929,0,1.64042,5.816044,22.0115492608,-5.816044,0,0,191, -10, -1,,,0,0,1500,977,1024,1024,72,-7,0,0,185.8,0,0,90,3.983,3.973,3.975,0,0,0,6.557,86.54,-2.471804212956,1.312336,38,Tripod,
106000,2026-05-22 08:54:34,51.9887520969547,4.38996141017509,1.312336,,,-2.471804212956,1.64042,6.039738,22.6596463944,26.4958013728,26,5,11.929,0,1.64042,6.039738,22.6596463944,-6.039738,0,0,191, -9.4, -0.9,,,0,0,1545,973,1024,1024,79,-8,0,0,185.8,0,0,90,3.983,3.973,3.975,0,0,0,6.557,86.54,-2.471804212956,1.312336,38,Tripod,
106100,2026-05-22 08:54:34,51.9887496994729,4.38996157357082,1.312336,,,-2.471804212956,1.64042,6.039738,23.3624023224,27.3712607184,26,5,11.929,0,1.64042,6.039738,23.3624023224,-6.039738,0,0,190.8, -7.9, -0.8,,,0,0,1552,1024,1024,1024,80,0,0,0,185.8,0,0,90,3.983,3.973,3.975,0,0,0,6.557,86.54,-2.471804212956,1.312336,38,Tripod,
106200,2026-05-22 08:54:35,51.9887471942609,4.38996187618392,1.312336,,,-2.471804212956,1.64042,6.039738,24.0929797736,28.2878289892,26,5,11.929,0,1.64042,6.039738,24.0929797736,-6.039738,0,0,190.7, -7.4, -1.1,,,0,0,1550,1024,1024,1249,80,0,0,34,185.8,0,0,90,3.983,3.973,3.975,0,0,0,6.557,86.54,-2.471804212956,1.312336,38,Tripod,
106300,2026-05-22 08:54:35,51.9887447449701,4.3899619346893,1.312336,,,-2.471804212956,1.64042,6.263432,24.8466871468,29.1815298052,26,5,11.929,0,1.64042,6.263432,24.8466871468,-6.263432,-0.223694,0,190.7, -7.3, -1.3,,,0,0,1550,1024,1024,1249,80,0,0,34,185.8,0,0,90,3.983,3.973,3.975,0,0,0,6.557,86.54,-2.471804212956,1.312336,38,Tripod,
106400,2026-05-22 08:54:35,51.988742266363,4.38996207109993,1.312336,,,-2.471804212956,1.64042,6.263432,25.609908956,30.0863854772,26,5,11.933,0,1.64042,6.263432,25.609908956,-6.263432,-0.223694,0,190.7, -7.6, 0.6,,,0,0,1553,1024,1024,1024,80,0,0,0,185.9,0,0,90,3.983,3.974,3.975,0,0,0,6.542,86.72,-2.471804212956,1.312336,38,Tripod,
106500,2026-05-22 08:54:35,51.9887397991757,4.38996202969531,1.312336,,,-2.471804212956,1.64042,6.2858014,26.3978354904,30.9865823564,26,5,11.933,0,1.64042,6.2858014,26.3978354904,-6.263432,-0.447388,0,191.1, -7.4, -1.1,,,0,0,1555,1024,1024,1024,80,0,0,0,186.2,0,0,90,3.983,3.974,3.975,0,0,0,6.542,86.72,-2.471804212956,1.312336,38,Tripod,
106600,2026-05-22 08:54:35,51.9887370974965,4.38996196012657,1.312336,,,-2.471804212956,1.64042,6.2858014,27.27116229,31.9724091596,26,5,11.933,0,1.64042,6.2858014,27.27116229,-6.263432,-0.447388,0,191.2, -7.3, -1.1,,,0,0,1475,1024,1024,1024,68,0,0,0,186.4,0,0,90,3.983,3.974,3.975,0,0,0,6.542,86.72,-2.471804212956,1.312336,38,Tripod,
106700,2026-05-22 08:54:35,51.9887345822054,4.38996182209861,1.312336,,,-2.471804212956,1.64042,6.2858014,28.0984589044,32.890749084,26,5,11.933,0,1.64042,6.2858014,28.0984589044,-6.263432,-0.447388,0,191.4, -6.7, -1,,,0,0,1509,1024,1024,1024,73,0,0,0,186.5,0,0,90,3.983,3.974,3.975,0,0,0,6.542,86.72,-2.471804212956,1.312336,38,Tripod,
106800,2026-05-22 08:54:35,51.9887321715733,4.38996154312127,1.312336,,,-2.471804212956,1.64042,6.3081708,28.9112213976,33.772310792,26,5,11.933,0,1.64042,6.3081708,28.9112213976,-6.263432,-0.671082,0,191.4, -5.5, -1.1,,,0,0,1516,1024,1024,1116,75,0,0,14,186.5,0,0,90,3.983,3.974,3.975,0,0,0,6.542,86.72,-2.471804212956,1.312336,38,Tripod,
106900,2026-05-22 08:54:35,51.988729653665,4.3899613022897,1.64042,,,-2.143720212956,1.312336,6.3081708,29.7593841544,34.692586412,26,5,11.933,0,1.64042,6.3081708,29.7593841544,-6.263432,-0.671082,0,191.3, -5, -1.8,,,0,0,1489,1024,1024,1024,70,0,0,0,186.5,0,0,90,3.983,3.974,3.975,0,0,0,6.542,86.72,-2.143720212956,1.64042,38,Tripod,
107000,2026-05-22 08:54:35,51.9887266103806,4.38996099018876,1.64042,,,-2.143720212956,1.312336,6.3081708,30.7920285444,35.805119256,26,5,11.933,0,1.64042,6.3081708,30.7920285444,-6.263432,-0.671082,0,191.4, -5.1, -1.8,,,0,0,1024,1024,1024,1024,0,0,0,0,186.5,0,0,90,3.983,3.974,3.975,0,0,0,6.542,86.72,-2.143720212956,1.64042,38,Tripod,
107100,2026-05-22 08:54:35,51.9887240668785,4.38996069242379,1.64042,,,-2.143720212956,1.312336,6.3305402,31.6626978636,36.73556548,26,5,11.933,0,1.64042,6.3305402,31.6626978636,-6.263432,-0.894776,0,191.4, -4.3, -2.1,,,0,0,1024,1024,1024,1024,0,0,0,0,186.5,0,0,90,3.983,3.974,3.975,0,0,0,6.542,86.72,-2.143720212956,1.64042,38,Tripod,
107200,2026-05-22 08:54:35,51.9887215616794,4.38996019297468,1.64042,,,-2.143720212956,1.312336,6.1068462,32.5422910676,37.656497268,26,5,11.933,0,1.64042,6.3305402,32.5422910676,-6.039738,-0.894776,0,191.2, 3.4, -1.6,,,0,0,1024,1024,1024,517,0,0,0,-77,186.5,0,0,90,3.983,3.974,3.975,0,0,0,6.542,86.72,-2.143720212956,1.64042,38,Tripod,
107300,2026-05-22 08:54:36,51.9887191545813,4.38995988453255,1.64042,,,-2.143720212956,1.64042,5.6594582,33.374016816,38.537402808,25,5,11.933,0,1.64042,6.3305402,33.374016816,-5.59235,-0.894776,0,190.3, 16.2, -1,,,0,0,823,1024,1024,1024,-30,0,0,0,185.9,0,0,90,3.983,3.974,3.975,0,0,0,6.542,86.72,-2.143720212956,1.64042,38,Tripod,
107400,2026-05-22 08:54:36,51.9887167497108,4.38995955506299,1.64042,,,-2.143720212956,1.312336,4.9660068,34.209646764,39.417980264,25,5,11.934,0,1.64042,6.3305402,34.209646764,-4.921268,-0.671082,0,189.4, 17.9, -1.6,,,0,0,364,978,1024,1024,-100,-7,0,0,184.6,0,0,90,3.983,3.973,3.975,0,0,0,6.408,86.54,-2.143720212956,1.64042,38,Tripod,
107500,2026-05-22 08:54:36,51.9887149436657,4.38995932520085,1.64042,,,-2.143720212956,1.312336,4.0712308,34.836943372,40.079069524,25,5,11.934,0,1.64042,6.3305402,34.836943372,-4.026492,-0.671082,0,188.5, 17.6, -2.7,,,0,0,364,1024,1024,1024,-100,0,0,0,184,0,0,90,3.983,3.973,3.975,0,0,0,6.408,86.54,-2.143720212956,1.64042,38,Tripod,
107600,2026-05-22 08:54:36,51.9887132543889,4.38995875708739,1.64042,,,-2.143720212956,1.312336,3.1988242,35.455053628,40.708334636,25,5,11.934,0,1.64042,6.3305402,35.455053628,-3.131716,-0.671082,0,187.7, 17.6, -3.7,,,0,0,364,1024,1024,1024,-100,0,0,0,183.9,0,0,90,3.983,3.973,3.975,0,0,0,6.408,86.54,-2.143720212956,1.64042,38,Tripod,
107700,2026-05-22 08:54:36,51.988712069075,4.38995864676462,1.64042,,,-2.143720212956,1.64042,2.5053728,35.86450246,41.141405516,25,5,11.934,0,1.64042,6.3305402,35.86450246,-2.460634,-0.447388,0,187.3, 17.4, -3.6,,,0,0,364,1024,1024,1024,-100,0,0,0,183.9,0,0,90,3.983,3.973,3.975,0,0,0,6.408,86.54,-2.143720212956,1.64042,38,Tripod,
107800,2026-05-22 08:54:36,51.988710397035,4.38995802182209,1.64042,,,-2.143720212956,1.64042,1.5882274,36.482284632,41.767389788,25,5,11.934,0,1.64042,6.3305402,36.482284632,-1.565858,-0.223694,0,187.2, 17.6, -3.4,,,0,0,364,1024,1024,1024,-100,0,0,0,183.9,0,0,90,3.983,3.973,3.975,0,0,0,6.408,86.54,-2.143720212956,1.64042,38,Tripod,
107900,2026-05-22 08:54:36,51.9887097410251,4.38995803958387,1.64042,,,-2.143720212956,1.64042,0.9171454,36.70275708,42.006891108,26,5,11.934,0,1.64042,6.3305402,36.70275708,-0.894776,-0.223694,0,187.3, 17.7, -3.2,,,0,0,364,1024,1024,1024,-100,0,0,0,183.9,0,0,90,3.983,3.973,3.975,0,0,0,6.408,86.54,-2.143720212956,1.64042,38,Tripod,
108000,2026-05-22 08:54:36,51.9887087130443,4.38995751892653,1.64042,,,-2.143720212956,1.64042,0.223694,37.094489376,42.399607656,26,5,11.934,0,1.64042,6.3305402,37.094489376,-0.223694,0,0,187.2, 17.4, -3,,,0,0,826,1024,1024,824,-30,0,0,-30,183.9,0,0,90,3.983,3.973,3.975,0,0,0,6.408,86.54,-2.143720212956,1.64042,38,Tripod,
108100,2026-05-22 08:54:36,51.9887085669599,4.38995762882167,1.64042,,,-2.143720212956,1.312336,0.223694,37.134843708,42.458334692,26,5,11.934,0,1.64042,6.3305402,37.134843708,0.223694,0,0,187.3, 16.9, -3.2,,,0,0,826,1024,1024,824,-30,0,0,-30,183.9,0,0,90,3.983,3.973,3.975,0,0,0,6.408,86.54,-2.143720212956,1.64042,38,Tripod,
108200,2026-05-22 08:54:36,51.9887082842661,4.38995700619541,1.64042,,,-2.143720212956,1.312336,0.894776,37.282481508,42.632219212,26,5,11.934,0,1.64042,6.3305402,37.282481508,0.894776,0,0,187, 12.9, -2.4,,,0,0,1024,1024,1024,364,0,0,0,-100,183.7,0,0,90,3.983,3.973,3.975,0,0,0,6.408,86.54,-2.143720212956,1.64042,38,Tripod,
108300,2026-05-22 08:54:37,51.9887085886006,4.38995716264932,1.64042,,,-2.143720212956,1.312336,1.11847,37.166339772,42.748689032,26,5,11.934,0,1.64042,6.3305402,37.282481508,1.11847,0,0,186.6, 0, -2.9,,,0,0,1024,1024,1024,364,0,0,0,-100,182.3,0,0,90,3.983,3.973,3.975,0,0,0,6.408,86.54,-2.143720212956,1.64042,38,Tripod,
108400,2026-05-22 08:54:37,51.9887086756414,4.38995670309884,1.64042,,,-2.143720212956,1.312336,1.11847,37.175854208,42.856628668,26,5,11.917,0,1.64042,6.3305402,37.282481508,1.11847,0,0,185.6, -4.6, -2.7,,,0,0,1024,1024,1024,364,0,0,0,-100,180.2,0,0,90,3.977,3.967,3.968,0,0,0,6.636,86.54,-2.143720212956,1.64042,38,Tripod,
108500,2026-05-22 08:54:37,51.988708918122,4.3899568148546,1.64042,,,-2.143720212956,1.64042,0.894776,37.084318772,42.948820272,26,5,11.917,0,1.64042,6.3305402,37.282481508,0.894776,0,0,184.2, -5.4, -1.6,,,0,0,1024,1024,1024,364,0,0,0,-100,177.7,0,0,90,3.977,3.967,3.968,0,0,0,6.636,86.54,-2.143720212956,1.64042,38,Tripod,
108600,2026-05-22 08:54:37,51.9887090502337,4.3899563190851,1.968504,,,-1.815636212956,1.64042,0.671082,37.082022184,43.070211352,26,5,11.917,0,1.968504,6.3305402,37.282481508,0.671082,0,0,182.1, -5.1, -1.5,,,0,0,1024,1024,1206,1024,0,0,28,0,175.3,0,0,90,3.977,3.967,3.968,0,0,0,6.636,86.54,-1.815636212956,1.968504,38,Tripod,
108700,2026-05-22 08:54:37,51.9887091158912,4.38995632210043,1.968504,,,-1.815636212956,1.968504,0.447388,37.059384388,43.094161484,26,5,11.917,0,1.968504,6.3305402,37.282481508,0.447388,0,0,179.9, -4.2, -1.3,,,0,0,1024,1024,1684,1024,0,0,100,0,173.1,0,0,90,3.977,3.967,3.968,0,0,0,6.636,86.54,-1.815636212956,1.968504,38,Tripod,
108800,2026-05-22 08:54:37,51.9887096465488,4.38995593585042,1.968504,,,-1.815636212956,1.968504,0.447388,36.913715092,43.306103748,26,5,11.917,0,1.968504,6.3305402,37.282481508,0.447388,0,0,178.5, -4, -1.4,,,0,0,1089,1024,1024,1024,10,0,0,0,171.9,0,0,90,3.977,3.967,3.968,0,0,0,6.636,86.54,-1.815636212956,1.968504,38,Tripod,
108900,2026-05-22 08:54:37,51.9887096101304,4.38995585740958,1.968504,,,-1.815636212956,1.968504,0.223694,36.932743964,43.32841346,26,5,11.917,0,1.968504,6.3305402,37.282481508,0.223694,0,-0.671082,177.6, -3.7, -1.3,,,0,0,1024,1024,1024,1024,0,0,0,0,171.6,0,0,90,3.977,3.967,3.968,0,0,0,6.636,86.54,-1.815636212956,1.968504,38,Tripod,
109000,2026-05-22 08:54:37,51.9887104044377,4.3899553748214,1.968504,,,-1.815636212956,2.296588,0.223694,36.70767834,43.637796672,26,5,11.917,0,1.968504,6.3305402,37.282481508,0.223694,0,-1.11847,177.2, -2.4, -1.6,,,0,0,1024,1024,1024,1024,0,0,0,0,171.6,0,0,90,3.977,3.967,3.968,0,0,0,6.636,86.54,-1.815636212956,1.968504,38,Tripod,
109100,2026-05-22 08:54:37,51.9887103380263,4.38995522874907,2.296588,,,-1.487552212956,2.296588,0.223694,36.742783328,43.678479088,26,5,11.917,0,2.296588,6.3305402,37.282481508,0.223694,0,-0.671082,176.7, -2.1, -1.7,,,0,0,1024,1024,1024,1024,0,0,0,0,171.6,0,0,90,3.977,3.967,3.968,0,0,0,6.636,86.54,-1.487552212956,2.296588,38,Tripod,
109200,2026-05-22 08:54:37,51.9887109386935,4.38995511389797,2.296588,,,-1.487552212956,2.296588,0,36.551182272,43.89927962,26,5,11.917,0,2.296588,6.3305402,37.282481508,0,0,-0.447388,176.6, -2.1, -1.4,,,0,0,1024,1024,1666,1024,0,0,97,0,171.6,0,0,90,3.977,3.967,3.968,0,0,0,6.636,86.54,-1.487552212956,2.296588,38,Tripod,
109300,2026-05-22 08:54:38,51.9887108917292,4.38995493990148,2.296588,,,-1.487552212956,2.624672,0,36.582350252,43.94193054,26,5,11.917,0,2.296588,6.3305402,37.282481508,0,0,-0.447388,176.5, -2.3, -1.2,,,0,0,1024,1024,1684,1024,0,0,100,0,171.6,0,0,90,3.977,3.967,3.968,0,0,0,6.636,86.54,-1.487552212956,2.296588,38,Tripod,
109400,2026-05-22 08:54:38,51.9887114452179,4.38995494748332,2.624672,,,-1.159468212956,2.624672,0,36.39599854,44.1437022,26,5,11.913,0,2.624672,6.3305402,37.282481508,0,0,-1.11847,176.4, -2.1, -1.2,,,0,0,1024,1024,1604,1024,0,0,88,0,171.6,0,0,90,3.949,3.94,3.947,0,0,0,7.319,86.54,-1.159468212956,2.624672,38,Tripod,
109500,2026-05-22 08:54:38,51.9887113969085,4.38995474431062,2.624672,,,-1.159468212956,2.952756,0,36.43044736,44.1929148,26,5,11.913,0,2.624672,6.3305402,37.282481508,0,0,-1.342164,176.5, -1.8, -1.6,,,0,0,1024,1024,1024,1024,0,0,0,0,171.6,0,0,90,3.949,3.94,3.947,0,0,0,7.319,86.54,-1.159468212956,2.624672,38,Tripod,
109600,2026-05-22 08:54:38,51.9887117039587,4.38995480583837,2.952756,,,-0.831384212956,2.952756,0,36.32217964,44.305775696,26,5,11.913,0,2.952756,6.3305402,37.282481508,0,0,-1.342164,176.6, -1.6, -1.8,,,0,0,1024,1024,1544,1024,0,0,79,0,171.6,0,0,90,3.949,3.94,3.947,0,0,0,7.319,86.54,-0.831384212956,2.952756,38,Tripod,
109700,2026-05-22 08:54:38,51.9887116683028,4.38995460367775,3.28084,,,-0.503300212956,3.28084,0,36.352035284,44.353019792,26,5,11.913,0,3.28084,6.3305402,37.282481508,0,0,-0.894776,176.6, -1.2, -2.2,,,0,0,1024,1024,1372,1024,0,0,53,0,171.6,0,0,90,3.949,3.94,3.947,0,0,0,7.319,86.54,-0.503300212956,3.28084,38,Tripod,
109800,2026-05-22 08:54:38,51.9887120451484,4.38995470602229,3.28084,,,-0.503300212956,3.28084,0,36.216864676,44.492455492,26,5,11.913,0,3.28084,6.3305402,37.282481508,0,0,-0.894776,176.5, -1.4, -2.1,,,0,0,1024,1024,1024,1024,0,0,0,0,171.6,0,0,90,3.949,3.94,3.947,0,0,0,7.319,86.54,-0.503300212956,3.28084,38,Tripod,
109900,2026-05-22 08:54:38,51.9887120358532,4.38995453531245,3.608924,,,-0.175216212956,3.608924,0,36.23523738,44.53084132,26,5,11.913,0,3.608924,6.3305402,37.282481508,0,0,-1.11847,176.5, -1, -1.8,,,0,0,1024,1024,1024,1024,0,0,0,0,171.6,0,0,90,3.949,3.94,3.947,0,0,0,7.319,86.54,-0.175216212956,3.608924,38,Tripod,
110000,2026-05-22 08:54:38,51.988711997036,4.38995456110812,3.608924,,,-0.175216212956,3.608924,0,36.246064152,44.546261268,26,5,11.913,0,3.608924,6.3305402,37.282481508,0,0,-0.671082,176.5, -1, -2.2,,,0,0,1024,1024,1654,1024,0,0,95,0,171.6,0,0,90,3.949,3.94,3.947,0,0,0,7.319,86.54,-0.175216212956,3.608924,38,Tripod,
110100,2026-05-22 08:54:38,51.9887119846139,4.38995439561861,3.608924,,,-0.175216212956,3.608924,0,36.265093024,44.583662844,26,5,11.913,0,3.608924,6.3305402,37.282481508,0,0,-0.447388,176.5, -0.9, -2.3,,,0,0,1024,1024,1684,1024,0,0,100,0,171.6,0,0,90,3.949,3.94,3.947,0,0,0,7.319,86.54,-0.175216212956,3.608924,38,Tripod,
110200,2026-05-22 08:54:38,51.988712137021,4.38995440759308,3.937008,,,0.152867787044,3.937008,0,36.212927668,44.63910904,26,5,11.913,0.152867787044,3.937008,6.3305402,37.282481508,0,0,-0.894776,176.4, -0.7, -2,,,0,0,1024,1024,1024,1024,0,0,0,0,171.6,0,0,90,3.949,3.94,3.947,0,0,0,7.319,86.54,0.152867787044,3.937008,38,Tripod,
110300,2026-05-22 08:54:39,51.9887121435662,4.38995426702283,3.937008,,,0.152867787044,4.265092,0,36.223426356,44.670933188,26,5,11.913,0.152867787044,3.937008,6.3305402,37.282481508,0,0,-1.342164,176.4, -0.1, -1.7,,,0,0,1024,1024,1024,1024,0,0,0,0,171.6,0,0,90,3.949,3.94,3.947,0,0,0,7.319,86.54,0.152867787044,3.937008,38,Tripod,
110400,2026-05-22 08:54:39,51.9887121585327,4.38995427003469,4.265092,,,0.480951787044,4.265092,0,36.218177012,44.676510616,26,5,11.95,0.480951787044,4.265092,6.3305402,37.282481508,0,0,-1.11847,176.4, -0.5, -1.9,,,0,0,1024,1024,1480,1024,0,0,69,0,171.6,0,0,90,3.989,3.994,3.993,0,0,0,7.455,86.72,0.480951787044,4.265092,38,Tripod,
110500,2026-05-22 08:54:39,51.9887121908047,4.38995412069312,4.265092,,,0.480951787044,4.593176,0,36.220801684,44.711943688,26,5,11.95,0.480951787044,4.265092,6.3305402,37.282481508,0,0,-0.671082,176.4, -0.7, -2.1,,,0,0,1024,1024,1684,1024,0,0,100,0,171.6,0,0,90,3.989,3.994,3.993,0,0,0,7.455,86.72,0.480951787044,4.265092,38,Tripod,
110600,2026-05-22 08:54:39,51.988712216797,4.38995408350032,4.593176,,,0.809035787044,4.593176,0,36.21555234,44.724738964,26,5,11.95,0.809035787044,4.593176,6.3305402,37.282481508,0,0,-0.447388,176.3, -1, -2.3,,,0,0,1024,1024,1684,1024,0,0,100,0,171.5,0,0,90,3.989,3.994,3.993,0,0,0,7.455,86.72,0.809035787044,4.593176,38,Tripod,
110700,2026-05-22 08:54:39,51.9887122587325,4.38995394401866,4.593176,,,0.809035787044,4.593176,0,36.214240004,44.759515868,26,5,11.95,0.809035787044,4.593176,6.3305402,37.282481508,0,0,-1.11847,176.2, -1, -2.2,,,0,0,1024,1024,1684,1024,0,0,100,0,171.5,0,0,90,3.989,3.994,3.993,0,0,0,7.455,86.72,0.809035787044,4.593176,38,Tripod,
110800,2026-05-22 08:54:39,51.9887122494116,4.38995404324698,4.92126,,,1.137119787044,4.92126,0,36.208334492,44.782153664,26,5,11.95,1.137119787044,4.92126,6.3305402,37.282481508,0,0,-1.565858,176.3, -1, -2,,,0,0,1024,1024,1024,1024,0,0,0,0,171.5,0,0,90,3.989,3.994,3.993,0,0,0,7.455,86.72,1.137119787044,4.92126,38,Tripod,
110900,2026-05-22 08:54:39,51.9887122917412,4.38995393214507,5.249344,,,1.465203787044,5.249344,0,36.204397484,44.81135314,26,5,11.95,1.465203787044,5.249344,6.3305402,37.282481508,0,0,-1.789552,176.4, -0.9, -2.4,,,0,0,1024,1024,1024,1024,0,0,0,0,171.5,0,0,90,3.989,3.994,3.993,0,0,0,7.455,86.72,1.465203787044,5.249344,38,Tripod,
111000,2026-05-22 08:54:39,51.9887120907849,4.38995388795819,5.249344,,,1.465203787044,5.249344,0,36.275263628,44.885500124,26,5,11.95,1.465203787044,5.249344,6.3305402,37.282481508,0,0,-1.11847,176.3, -0.8, -2.4,,,0,0,1092,1024,1024,1024,10,0,0,0,171.5,0,0,90,3.989,3.994,3.993,0,0,0,7.455,86.72,1.465203787044,5.249344,38,Tripod,
111100,2026-05-22 08:54:39,51.9887121250529,4.38995378759956,5.577428,,,1.793287787044,5.577428,0,36.27296704,44.911090676,26,5,11.95,1.793287787044,5.577428,6.3305402,37.282481508,0,0,-0.671082,176.2, -0.9, -2.2,,,0,0,1212,804,1024,1024,28,-33,0,0,171.5,0,0,90,3.989,3.994,3.993,0,0,0,7.455,86.72,1.793287787044,5.577428,38,Tripod,
111200,2026-05-22 08:54:39,51.9887122549973,4.38995402699123,5.577428,,,1.793287787044,5.577428,0,36.208006408,44.982941072,26,5,11.95,1.793287787044,5.577428,6.3305402,37.282481508,0,0,-0.223694,176.3, -1.1, -2.2,,,0,0,1118,1024,1024,1024,14,0,0,0,171.5,0,0,90,3.989,3.994,3.993,0,0,0,7.455,86.72,1.793287787044,5.577428,38,Tripod,
111300,2026-05-22 08:54:40,51.9887123016532,4.38995396296634,5.577428,,,1.793287787044,5.577428,0,36.198163888,45.005250784,26,5,11.95,1.793287787044,5.577428,6.3305402,37.282481508,0,0,0,176.3, -1.5, -2.5,,,0,0,1161,985,1024,1024,21,-6,0,0,171.5,0,0,90,3.989,3.994,3.993,0,0,0,7.455,86.72,1.793287787044,5.577428,38,Tripod,
111400,2026-05-22 08:54:40,51.9887122386,4.38995413846877,5.577428,,,1.793287787044,5.577428,0,36.203413232,45.05085446,26,5,11.837,1.793287787044,5.577428,6.3305402,37.282481508,0,0,0,176.2, -1.6, -2.3,,,0,0,1161,985,1024,1024,21,-6,0,0,171.5,0,0,90,3.979,3.981,3.986,0,0,0,7.337,86.72,1.793287787044,5.577428,38,Tripod,
111500,2026-05-22 08:54:40,51.9887122669311,4.38995410729624,5.577428,,,1.793287787044,5.577428,0,36.196851552,45.063321652,26,5,11.837,1.793287787044,5.577428,6.3305402,37.282481508,0,0,0,176.1, -1.5, -2.6,,,0,0,1081,939,1024,1024,9,-13,0,0,171.5,0,0,90,3.979,3.981,3.986,0,0,0,7.337,86.72,1.793287787044,5.577428,38,Tripod,
111600,2026-05-22 08:54:40,51.9887121781083,4.38995393160604,5.577428,,,1.793287787044,5.577428,0,36.242127144,45.114502756,26,5,11.837,1.793287787044,5.577428,6.3305402,37.282481508,0,0,0,176.2, -1.5, -4.6,,,0,0,1024,1024,1024,1024,0,0,0,0,171.5,0,0,90,3.979,3.981,3.986,0,0,0,7.337,86.72,1.793287787044,5.577428,38,Tripod,
111700,2026-05-22 08:54:40,51.9887121871551,4.38995394958343,5.577428,,,1.793287787044,5.577428,0,36.237533968,45.119424016,26,5,11.837,1.793287787044,5.577428,6.3305402,37.282481508,0,0,0,176, -1.1, -5.4,,,0,0,1084,742,1024,1024,9,-43,0,0,171.5,0,0,90,3.979,3.981,3.986,0,0,0,7.337,86.72,1.793287787044,5.577428,38,Tripod,
111800,2026-05-22 08:54:40,51.9887121187989,4.38995419223744,5.577428,,,1.793287787044,5.577428,0.223694,36.23851822,45.179463388,26,5,11.837,1.793287787044,5.577428,6.3305402,37.282481508,0,0.223694,0,175.9, -1.2, -3.5,,,0,0,1297,1020,1024,1024,41,-1,0,0,171.5,0,0,90,3.979,3.981,3.986,0,0,0,7.337,86.72,1.793287787044,5.577428,38,Tripod,
111900,2026-05-22 08:54:40,51.9887121246588,4.38995432267657,5.577428,,,1.793287787044,5.577428,0.223694,36.224738692,45.208990948,26,5,11.837,1.793287787044,5.577428,6.3305402,37.282481508,0,0.223694,0,175.9, -1.5, -4,,,0,0,1187,1024,1024,1024,25,0,0,0,171.5,0,0,90,3.979,3.981,3.986,0,0,0,7.337,86.72,1.793287787044,5.577428,38,Tripod,
112000,2026-05-22 08:54:40,51.9887121046462,4.38995438014563,5.577428,,,1.793287787044,5.577428,0.223694,36.226379112,45.223754728,26,5,11.837,1.793287787044,5.577428,6.3305402,37.282481508,0,0.223694,0,176, -2.1, -3.7,,,0,0,1432,1024,1024,1024,62,0,0,0,171.5,0,0,90,3.979,3.981,3.986,0,0,0,7.337,86.72,1.793287787044,5.577428,38,Tripod,
112100,2026-05-22 08:54:40,51.9887120982381,4.38995456795989,5.577428,,,1.793287787044,5.577428,0.223694,36.211615332,45.266077564,26,5,11.837,1.793287787044,5.577428,6.3305402,37.282481508,0,0.223694,0,176, -1.8, -2.8,,,0,0,1274,1024,1024,1024,38,0,0,0,171.5,0,0,90,3.979,3.981,3.986,0,0,0,7.337,86.72,1.793287787044,5.577428,38,Tripod,
112200,2026-05-22 08:54:40,51.98871207515,4.3899548521123,5.577428,,,1.793287787044,5.577428,0.223694,36.193570712,45.330382028,26,5,11.837,1.793287787044,5.577428,6.3305402,37.282481508,0,0.223694,0,176.1, -3.3, -2.1,,,0,0,1274,1024,1024,1024,38,0,0,0,171.5,0,0,90,3.979,3.981,3.986,0,0,0,7.337,86.72,1.793287787044,5.577428,38,Tripod,
112300,2026-05-22 08:54:41,51.9887120336771,4.38995506709598,5.577428,,,1.793287787044,5.577428,0.3131716,36.188321368,45.380906964,26,5,11.837,1.793287787044,5.577428,6.3305402,37.282481508,-0.223694,0.223694,0,176.2, -3.3, -1.9,,,0,0,1024,1024,1024,1024,0,0,0,0,171.5,0,0,90,3.979,3.981,3.986,0,0,0,7.337,86.72,1.793287787044,5.577428,38,Tripod,
112400,2026-05-22 08:54:41,51.9887119595553,4.38995526736112,5.577428,,,1.793287787044,5.577428,0.3131716,36.195211132,45.433400404,26,5,11.903,1.793287787044,5.577428,6.3305402,37.282481508,-0.223694,0.223694,0,176.3, -1.1, -0.9,,,0,0,1024,1024,1442,897,0,0,63,-19,171.5,0,0,90,3.974,3.964,3.966,0,0,0,6.083,86.72,1.793287787044,5.577428,38,Tripod,
112500,2026-05-22 08:54:41,51.9887118795994,4.3899554513844,5.577428,,,1.793287787044,5.577428,0.3131716,36.20570982,45.484253424,26,5,11.903,1.793287787044,5.577428,6.3305402,37.282481508,-0.223694,0.223694,0,176.3, -0.4, -0.1,,,0,0,1024,1024,1024,1024,0,0,0,0,171.5,0,0,90,3.974,3.964,3.966,0,0,0,6.083,86.72,1.793287787044,5.577428,38,Tripod,
112600,2026-05-22 08:54:41,51.988711859981,4.38995572846615,5.577428,,,1.793287787044,5.577428,0.3131716,36.187993284,45.546917468,26,5,11.903,1.793287787044,5.577428,6.3305402,37.282481508,-0.223694,0.223694,-0.223694,176.3, 0, -0.2,,,0,0,1024,1024,1024,1024,0,0,0,0,171.4,0,0,90,3.974,3.964,3.966,0,0,0,6.083,86.72,1.793287787044,5.577428,38,Tripod,
112700,2026-05-22 08:54:41,51.9887118049893,4.3899558215107,5.577428,,,1.793287787044,5.577428,0,36.198163888,45.57578886,26,5,11.903,1.793287787044,5.577428,6.3305402,37.282481508,0,0,-0.223694,176.3, 0, -0.8,,,0,0,1024,1024,1044,364,0,0,3,-100,171.3,0,0,90,3.974,3.964,3.966,0,0,0,6.083,86.72,1.793287787044,5.577428,38,Tripod,
112800,2026-05-22 08:54:41,51.9887117859877,4.38995598114338,5.577428,,,1.793287787044,5.577428,0,36.190289872,45.612206184,26,5,11.903,1.793287787044,5.577428,6.3305402,37.282481508,0,0,0,175.8, -0.1, -0.7,,,0,0,1024,1024,1024,364,0,0,0,-100,171.1,0,0,90,3.974,3.964,3.966,0,0,0,6.083,86.72,1.793287787044,5.577428,38,Tripod,
112900,2026-05-22 08:54:41,51.9887117594214,4.38995601415917,5.577428,,,1.793287787044,5.577428,0,36.196523468,45.624345292,26,5,11.903,1.793287787044,5.577428,6.3305402,37.282481508,0,0,0,175, 0.4, -0.4,,,0,0,1024,1024,1024,364,0,0,0,-100,169.7,0,0,90,3.974,3.964,3.966,0,0,0,6.083,86.72,1.793287787044,5.577428,38,Tripod,
113000,2026-05-22 08:54:41,51.9887116472108,4.38995612112581,5.577428,,,1.793287787044,5.577428,0,36.224738692,45.671917472,26,5,11.903,1.793287787044,5.577428,6.3305402,37.282481508,0,0,0,173.4, 0.4, -0.9,,,0,0,1024,1024,1024,364,0,0,0,-100,167.6,0,0,90,3.974,3.964,3.966,0,0,0,6.083,86.72,1.793287787044,5.577428,38,Tripod,
113100,2026-05-22 08:54:41,51.9887116503463,4.38995609154266,5.577428,,,1.793287787044,5.577428,0,36.226379112,45.678807236,26,5,11.903,1.793287787044,5.577428,6.3305402,37.282481508,0,0,0,171.5, 0, -1.3,,,0,0,1024,1024,1024,364,0,0,0,-100,165.2,0,0,90,3.974,3.964,3.966,0,0,0,6.083,86.72,1.793287787044,5.577428,38,Tripod,
113200,2026-05-22 08:54:41,51.9887116701447,4.38995608099762,5.577428,,,1.793287787044,5.577428,0,36.2204736,45.686353168,26,5,11.903,1.793287787044,5.577428,6.3305402,37.282481508,0,0,0,169.3, -0.4, -1.3,,,0,0,1024,1024,1024,364,0,0,0,-100,162.8,0,0,90,3.974,3.964,3.966,0,0,0,6.083,86.72,1.793287787044,5.577428,38,Tripod,
113300,2026-05-22 08:54:42,51.9887116933784,4.38995602346946,5.577428,,,1.793287787044,5.577428,0,36.217848928,45.701773116,26,5,11.903,1.793287787044,5.577428,6.3305402,37.282481508,0,0,0,167, -0.5, -1.6,,,0,0,1024,1024,1024,364,0,0,0,-100,160.4,0,0,90,3.974,3.964,3.966,0,0,0,6.083,86.72,1.793287787044,5.577428,38,Tripod,
113400,2026-05-22 08:54:42,51.9887116248167,4.38995602251651,5.577428,,,1.793287787044,5.577428,0,36.240814808,45.7267075,26,5,11.928,1.793287787044,5.577428,6.3305402,37.282481508,0,0,0,164.6, -0.6, -1.7,,,0,0,1024,1024,1024,364,0,0,0,-100,158,0,0,90,3.976,3.967,3.968,0,0,0,6.754,86.72,1.793287787044,5.577428,38,Tripod,
113500,2026-05-22 08:54:42,51.9887116518798,4.38995595977149,5.577428,,,1.793287787044,5.577428,0,36.237205884,45.744095952,26,5,11.928,1.793287787044,5.577428,6.3305402,37.282481508,0,0,0,162.2, -0.8, -1.6,,,0,0,1024,1024,1024,364,0,0,0,-100,155.6,0,0,90,3.976,3.967,3.968,0,0,0,6.754,86.72,1.793287787044,5.577428,38,Tripod,
113600,2026-05-22 08:54:42,51.9887116612779,4.38995593228207,5.577428,,,1.793287787044,5.577428,0,36.236549716,45.750985716,26,5,11.928,1.793287787044,5.577428,6.3305402,37.282481508,0,0,0,159.8, -0.9, -1.6,,,0,0,1024,1024,1024,364,0,0,0,-100,153.2,0,0,90,3.976,3.967,3.968,0,0,0,6.754,86.72,1.793287787044,5.577428,38,Tripod,
113700,2026-05-22 08:54:42,51.9887116930615,4.38995587818315,5.577428,,,1.793287787044,5.577428,0,36.230644204,45.767718,26,5,11.928,1.793287787044,5.577428,6.3305402,37.282481508,0,0,0,157.5, -1.1, -1.6,,,0,0,1024,1024,1024,364,0,0,0,-100,150.8,0,0,90,3.976,3.967,3.968,0,0,0,6.754,86.72,1.793287787044,5.577428,38,Tripod,
113800,2026-05-22 08:54:42,51.9887116592646,4.38995591273621,5.577428,,,1.793287787044,5.577428,0,36.238846304,45.78248178,26,5,11.928,1.793287787044,5.577428,6.3305402,37.282481508,0,0,0,155.2, -1.3, -1.3,,,0,0,1024,1024,1024,364,0,0,0,-100,148.4,0,0,90,3.976,3.967,3.968,0,0,0,6.754,86.72,1.793287787044,5.577428,38,Tripod,
113900,2026-05-22 08:54:42,51.9887116835949,4.38995587600598,5.577428,,,1.793287787044,5.577428,0,36.233925044,45.794620888,26,5,11.928,1.793287787044,5.577428,6.3305402,37.282481508,0,0,0,152.8, -1.4, -1.3,,,0,0,1024,1024,1024,364,0,0,0,-100,146,0,0,90,3.976,3.967,3.968,0,0,0,6.754,86.72,1.793287787044,5.577428,38,Tripod,
114000,2026-05-22 08:54:42,51.9887116173719,4.38995576667085,5.577428,,,1.793287787044,5.577428,0,36.265749192,45.829069708,26,5,11.928,1.793287787044,5.577428,6.3305402,37.282481508,0,0,0,150.3, -1.3, -1.4,,,0,0,1024,1024,1024,364,0,0,0,-100,143.6,0,0,90,3.976,3.967,3.968,0,0,0,6.754,86.72,1.793287787044,5.577428,38,Tripod,
114100,2026-05-22 08:54:42,51.9887116252621,4.38995573717816,5.577428,,,1.793287787044,5.577428,0,36.265749192,45.836287556,26,5,11.928,1.793287787044,5.577428,6.3305402,37.282481508,0,0,0,148, -1.3, -1.2,,,0,0,1024,1024,1024,364,0,0,0,-100,141.2,0,0,90,3.976,3.967,3.968,0,0,0,6.754,86.72,1.793287787044,5.577428,38,Tripod,
114200,2026-05-22 08:54:42,51.9887117038045,4.38995548050475,5.577428,,,1.793287787044,5.577428,0,36.262140268,45.90059202,26,5,11.928,1.793287787044,5.577428,6.3305402,37.282481508,0,0,0,145.7, -1.4, -1.1,,,0,0,1024,1024,1024,364,0,0,0,-100,138.8,0,0,90,3.976,3.967,3.968,0,0,0,6.754,86.72,1.793287787044,5.577428,38,Tripod,
114300,2026-05-22 08:54:43,51.9887117106752,4.38995543918715,5.577428,,,1.793287787044,5.577428,0,36.263452604,45.910106456,26,5,11.928,1.793287787044,5.577428,6.3305402,37.282481508,0,0,0,143.1, -1.2, -1.2,,,0,0,1024,1024,1024,364,0,0,0,-100,136.4,0,0,90,3.976,3.967,3.968,0,0,0,6.754,86.72,1.793287787044,5.577428,38,Tripod,
114400,2026-05-22 08:54:43,51.9887116341975,4.38995535400612,5.577428,,,1.793287787044,5.577428,0,36.296589088,45.944227192,26,5,11.902,1.793287787044,5.577428,6.3305402,37.282481508,0,0,0,140.9, -1.1, -1.1,,,0,0,1024,1024,1024,364,0,0,0,-100,134,0,0,90,3.974,3.965,3.965,0,0,0,6.537,86.9,1.793287787044,5.577428,38,Tripod,
114500,2026-05-22 08:54:43,51.9887116349086,4.38995532186674,5.577428,,,1.793287787044,5.577428,0,36.29921376,45.95144504,26,5,11.902,1.793287787044,5.577428,6.3305402,37.282481508,0,0,0,138.3, -1, -0.9,,,0,0,1024,1024,1024,364,0,0,0,-100,131.6,0,0,90,3.974,3.965,3.965,0,0,0,6.537,86.9,1.793287787044,5.577428,38,Tripod,
114600,2026-05-22 08:54:43,51.988711749321,4.38995522123682,5.577428,,,1.793287787044,5.577428,0,36.270014284,45.998689136,26,5,11.902,1.793287787044,5.577428,6.3305402,37.282481508,0,0,0,136, -1.1, -0.7,,,0,0,1024,1024,1024,364,0,0,0,-100,129.2,0,0,90,3.974,3.965,3.965,0,0,0,6.537,86.9,1.793287787044,5.577428,38,Tripod,
114700,2026-05-22 08:54:43,51.9887117644332,4.38995519360481,5.577428,,,1.793287787044,5.577428,0,36.267389612,46.00721932,26,5,11.902,1.793287787044,5.577428,6.3305402,37.282481508,0,0,0,133.5, -1, -0.5,,,0,0,1024,1024,1024,364,0,0,0,-100,126.8,0,0,90,3.974,3.965,3.965,0,0,0,6.537,86.9,1.793287787044,5.577428,38,Tripod,
114800,2026-05-22 08:54:43,51.9887117219494,4.38995494143877,5.577428,,,1.793287787044,5.577428,0,36.303806936,46.065946356,26,5,11.902,1.793287787044,5.577428,6.3305402,37.282481508,0,0,0,131.2, -1.1, -0.4,,,0,0,1024,1024,1024,364,0,0,0,-100,124.4,0,0,90,3.974,3.965,3.965,0,0,0,6.537,86.9,1.793287787044,5.577428,38,Tripod,
114900,2026-05-22 08:54:43,51.9887117330009,4.38995489392353,5.577428,,,1.793287787044,5.577428,0,36.304463104,46.077101212,26,5,11.902,1.793287787044,5.577428,6.3305402,37.282481508,0,0,0,128.8, -1.2, -0.3,,,0,0,1024,1024,1024,364,0,0,0,-100,122,0,0,90,3.974,3.965,3.965,0,0,0,6.537,86.9,1.793287787044,5.577428,38,Tripod,
115000,2026-05-22 08:54:43,51.9887116847343,4.38995494060755,5.577428,,,1.793287787044,5.577428,0,36.316602212,46.097770504,26,5,11.902,1.793287787044,5.577428,6.3305402,37.282481508,0,0,0,126.4, -1, -0.3,,,0,0,1024,1024,1024,364,0,0,0,-100,119.6,0,0,90,3.974,3.965,3.965,0,0,0,6.537,86.9,1.793287787044,5.577428,38,Tripod,
115100,2026-05-22 08:54:43,51.9887116862849,4.38995490404773,5.577428,,,1.793287787044,5.577428,0,36.319226884,46.105972604,26,5,11.902,1.793287787044,5.577428,6.3305402,37.282481508,0,0,0,124, -1.1, -0.3,,,0,0,1024,1024,1024,364,0,0,0,-100,117.2,0,0,90,3.974,3.965,3.965,0,0,0,6.537,86.9,1.793287787044,5.577428,38,Tripod,
115200,2026-05-22 08:54:43,51.988711783649,4.38995477852987,5.577428,,,1.793287787044,5.577428,0,36.297901424,46.151248196,26,5,11.902,1.793287787044,5.577428,6.3305402,37.282481508,0,0,0,121.6, -1.1, -0.3,,,0,0,1024,1024,1024,364,0,0,0,-100,114.8,0,0,90,3.974,3.965,3.965,0,0,0,6.537,86.9,1.793287787044,5.577428,38,Tripod,
115300,2026-05-22 08:54:44,51.9887117957199,4.38995473371001,5.577428,,,1.793287787044,5.577428,0,36.297901424,46.162403052,26,5,11.902,1.793287787044,5.577428,6.3305402,37.282481508,0,0,0,119.2, -1, -0.3,,,0,0,1024,1024,1024,364,0,0,0,-100,112.4,0,0,90,3.974,3.965,3.965,0,0,0,6.537,86.9,1.793287787044,5.577428,38,Tripod,
115400,2026-05-22 08:54:44,51.9887117342259,4.38995462096652,5.577428,,,1.793287787044,5.577428,0,36.328413236,46.196195704,26,5,11.901,1.793287787044,5.577428,6.3305402,37.282481508,0,0,0,116.7, -1.1, 0,,,0,0,1024,1024,1024,364,0,0,0,-100,110,0,0,90,3.972,3.963,3.964,0,0,0,6.533,86.9,1.793287787044,5.577428,38,Tripod,
115500,2026-05-22 08:54:44,51.9887117440694,4.38995457289482,5.577428,,,1.793287787044,5.577428,0,36.329397488,46.207678644,26,5,11.901,1.793287787044,5.577428,6.3305402,37.282481508,0,0,0,114.4, -1.2, 0,,,0,0,1024,1024,1024,364,0,0,0,-100,107.6,0,0,90,3.972,3.963,3.964,0,0,0,6.533,86.9,1.793287787044,5.577428,38,Tripod,
115600,2026-05-22 08:54:44,51.9887118502147,4.38995448908757,5.577428,,,1.793287787044,5.577428,0,36.301510348,46.250657648,26,5,11.901,1.793287787044,5.577428,6.3305402,37.282481508,0,0,0,111.9, -1.2, 0,,,0,0,1024,1024,1024,364,0,0,0,-100,105.2,0,0,90,3.972,3.963,3.964,0,0,0,6.533,86.9,1.793287787044,5.577428,38,Tripod,
115700,2026-05-22 08:54:44,51.9887118740909,4.38995444661878,5.577428,,,1.793287787044,5.577428,0,36.297245256,46.263452924,26,5,11.901,1.793287787044,5.577428,6.3305402,37.282481508,0,0,0,109.5, -1.1, 0,,,0,0,1024,1024,1024,364,0,0,0,-100,102.8,0,0,90,3.972,3.963,3.964,0,0,0,6.533,86.9,1.793287787044,5.577428,38,Tripod,
115800,2026-05-22 08:54:44,51.9887118189537,4.38995437766569,5.577428,,,1.793287787044,5.577428,0,36.321851556,46.289043476,26,5,11.901,1.793287787044,5.577428,6.3305402,37.282481508,0,0,0,107.2, -1.2, 0.5,,,0,0,1024,1024,1024,364,0,0,0,-100,100.4,0,0,90,3.972,3.963,3.964,0,0,0,6.533,86.9,1.793287787044,5.577428,38,Tripod,
115900,2026-05-22 08:54:44,51.9887118489982,4.38995434434034,5.577428,,,1.793287787044,5.577428,0,36.314961792,46.302166836,26,5,11.901,1.793287787044,5.577428,6.3305402,37.282481508,0,0,0,104.9, -1.1, 0.8,,,0,0,1024,1024,1024,1024,0,0,0,0,98,0,0,90,3.972,3.963,3.964,0,0,0,6.533,86.9,1.793287787044,5.577428,38,Tripod,
116000,2026-05-22 08:54:44,51.9887119427984,4.38995412682126,5.577428,,,1.793287787044,5.577428,0,36.303150768,46.361878124,26,5,11.901,1.793287787044,5.577428,6.3305402,37.282481508,0,0,0,103, -1.1, 1,,,0,0,1024,1024,1024,1024,0,0,0,0,96,0,0,90,3.972,3.963,3.964,0,0,0,6.533,86.9,1.793287787044,5.577428,38,Tripod,
116100,2026-05-22 08:54:44,51.9887119704784,4.38995407511165,5.577428,,,1.793287787044,5.577428,0,36.298557592,46.377298072,26,5,11.901,1.793287787044,5.577428,6.3305402,37.282481508,0,0,0,101.5, -1, 1.1,,,0,0,1024,1024,1024,1024,0,0,0,0,95.1,0,0,90,3.972,3.963,3.964,0,0,0,6.533,86.9,1.793287787044,5.577428,38,Tripod,
116200,2026-05-22 08:54:44,51.988712009938,4.3899541578164,5.577428,,,1.793287787044,5.577428,0,36.2778883,46.40092012,26,5,11.901,1.793287787044,5.577428,6.3305402,37.282481508,0,0,0,100.7, -1.1, 0.7,,,0,0,1024,1024,1024,1024,0,0,0,0,94.9,0,0,90,3.972,3.963,3.964,0,0,0,6.533,86.9,1.793287787044,5.577428,38,Tripod,
116300,2026-05-22 08:54:45,51.9887120285198,4.38995411071851,5.577428,,,1.793287787044,5.577428,0,36.275919796,46.413387312,26,5,11.901,1.793287787044,5.577428,6.3305402,37.282481508,0,0,0,100.3, -1.2, 0.5,,,0,0,1024,1024,1024,1024,0,0,0,0,94.9,0,0,90,3.972,3.963,3.964,0,0,0,6.533,86.9,1.793287787044,5.577428,38,Tripod,
116400,2026-05-22 08:54:45,51.9887120557544,4.38995401329523,5.577428,,,1.793287787044,5.577428,0,36.275591712,46.437337444,26,5,11.897,1.793287787044,5.577428,6.3305402,37.282481508,0,0,0,100.1, -1.1, 0.7,,,0,0,1024,1024,1024,1024,0,0,0,0,94.9,0,0,90,3.971,3.962,3.963,0,0,0,6.586,86.9,1.793287787044,5.577428,38,Tripod,
116500,2026-05-22 08:54:45,51.9887120921299,4.38995396755025,5.577428,,,1.793287787044,5.577428,0,36.267717696,46.454069728,26,5,11.897,1.793287787044,5.577428,6.3305402,37.282481508,0,0,0,100.1, -1.2, 1,,,0,0,1024,1024,1024,1024,0,0,0,0,94.9,0,0,90,3.971,3.962,3.963,0,0,0,6.586,86.9,1.793287787044,5.577428,38,Tripod,
116600,2026-05-22 08:54:45,51.9887121923211,4.38995391357305,5.577428,,,1.793287787044,5.577428,0,36.239174388,46.49278364,26,5,11.897,1.793287787044,5.577428,6.3305402,37.282481508,0,0,0,100.2, -1.3, 1.1,,,0,0,1024,1024,1024,1024,0,0,0,0,94.9,0,0,90,3.971,3.962,3.963,0,0,0,6.586,86.9,1.793287787044,5.577428,38,Tripod,
116700,2026-05-22 08:54:45,51.9887122436889,4.38995387778185,5.577428,,,1.793287787044,5.577428,0,36.22539486,46.513124848,26,5,11.897,1.793287787044,5.577428,6.3305402,37.282481508,0,0,0,100.2, -1.2, 1.2,,,0,0,1024,1024,1024,1024,0,0,0,0,94.9,0,0,90,3.971,3.962,3.963,0,0,0,6.586,86.9,1.793287787044,5.577428,38,Tripod,
116800,2026-05-22 08:54:45,51.9887121960563,4.38995384860565,5.577428,,,1.793287787044,5.577428,0,36.243767564,46.531497552,26,5,11.897,1.793287787044,5.577428,6.3305402,37.282481508,0,0,0,100.2, -1.2, 1.2,,,0,0,1024,1024,1024,883,0,0,0,-21,94.9,0,0,90,3.971,3.962,3.963,0,0,0,6.586,86.9,1.793287787044,5.577428,38,Tripod,
116900,2026-05-22 08:54:45,51.9887122389427,4.38995381827825,5.577428,,,1.793287787044,5.577428,0,36.232284624,46.54855792,26,5,11.897,1.793287787044,5.577428,6.3305402,37.282481508,0,0,0,100.1, -1.2, 1.3,,,0,0,1024,1024,1024,364,0,0,0,-100,94.9,0,0,90,3.971,3.962,3.963,0,0,0,6.586,86.9,1.793287787044,5.577428,38,Tripod,
117000,2026-05-22 08:54:45,51.9887121682992,4.38995376151872,5.577428,,,1.793287787044,5.577428,0,36.261156016,46.577429312,26,5,11.897,1.793287787044,5.577428,6.3305402,37.282481508,0,0,0,99.3, -1.2, 1.3,,,0,0,1024,1024,1024,364,0,0,0,-100,94.1,0,0,90,3.971,3.962,3.963,0,0,0,6.586,86.9,1.793287787044,5.577428,38,Tripod,
117100,2026-05-22 08:54:45,51.988712195765,4.38995372906283,5.577428,,,1.793287787044,5.577428,0,36.25492242,46.589896504,26,5,11.897,1.793287787044,5.577428,6.3305402,37.282481508,0,0,0,98.1, -1.3, 1.1,,,0,0,1024,1024,1024,364,0,0,0,-100,92.2,0,0,90,3.971,3.962,3.963,0,0,0,6.586,86.9,1.793287787044,5.577428,38,Tripod,
117200,2026-05-22 08:54:45,51.988712116246,4.3899538082236,5.577428,,,1.793287787044,5.577428,0,36.274279376,46.62401724,26,5,11.897,1.793287787044,5.577428,6.3305402,37.282481508,0,0,0,96.4, -1.2, 1.1,,,0,0,1024,1024,1024,1024,0,0,0,0,89.9,0,0,90,3.971,3.962,3.963,0,0,0,6.586,86.9,1.793287787044,5.577428,38,Tripod,
117300,2026-05-22 08:54:46,51.9887121286082,4.38995379042017,5.577428,,,1.793287787044,5.577428,0,36.271654704,46.629922752,26,5,11.897,1.793287787044,5.577428,6.3305402,37.282481508,0,0,0,94.6, -1.1, 1,,,0,0,1024,1024,1024,1024,0,0,0,0,87.7,0,0,90,3.971,3.962,3.963,0,0,0,6.586,86.9,1.793287787044,5.577428,38,Tripod,
117400,2026-05-22 08:54:46,51.9887120567224,4.38995384002563,5.577428,,,1.793287787044,5.577428,0,36.29101166,46.65846606,26,5,11.897,1.793287787044,5.577428,6.3305402,37.282481508,0,0,0,93.3, -1.1, 0.9,,,0,0,1024,1024,1024,1024,0,0,0,0,86.7,0,0,90,3.972,3.962,3.963,0,0,0,6.478,86.9,1.793287787044,5.577428,38,Tripod,
117500,2026-05-22 08:54:46,51.9887120582902,4.38995382447936,5.577428,,,1.793287787044,5.577428,0,36.291995912,46.662074984,26,5,11.897,1.793287787044,5.577428,6.3305402,37.282481508,0,0,0,92.3, -1, 0.8,,,0,0,1024,1024,1024,1024,0,0,0,0,86.4,0,0,90,3.972,3.962,3.963,0,0,0,6.478,86.9,1.793287787044,5.577428,38,Tripod,
117600,2026-05-22 08:54:46,51.9887121485008,4.38995369265604,5.577428,,,1.793287787044,5.577428,0,36.273951292,46.706366324,26,5,11.897,1.793287787044,5.577428,6.3305402,37.282481508,0,0,0,91.8, -1.2, 0.8,,,0,0,1024,1024,1024,1024,0,0,0,0,86.4,0,0,90,3.972,3.962,3.963,0,0,0,6.478,86.9,1.793287787044,5.577428,38,Tripod,
117700,2026-05-22 08:54:46,51.9887121563139,4.38995366303814,5.577428,,,1.793287787044,5.577428,0,36.273951292,46.713584172,26,5,11.897,1.793287787044,5.577428,6.3305402,37.282481508,0,0,0,91.7, -1.3, 1.1,,,0,0,1024,1024,1024,669,0,0,0,-54,86.4,0,0,90,3.972,3.962,3.963,0,0,0,6.478,86.9,1.793287787044,5.577428,38,Tripod,
117800,2026-05-22 08:54:46,51.9887120933807,4.38995369722254,5.577428,,,1.793287787044,5.577428,0,36.291995912,46.737534304,26,5,11.897,1.793287787044,5.577428,6.3305402,37.282481508,0,0,0,91.5, -1.1, 1,,,0,0,1024,1024,1024,364,0,0,0,-100,86.3,0,0,90,3.972,3.962,3.963,0,0,0,6.478,86.9,1.793287787044,5.577428,38,Tripod,
117900,2026-05-22 08:54:46,51.988712085559,4.38995367885917,5.577428,,,1.793287787044,5.577428,0,36.296261004,46.742783648,26,5,11.897,1.793287787044,5.577428,6.3305402,37.282481508,0,0,0,90.5, -1, 0.8,,,0,0,1024,1024,1024,364,0,0,0,-100,85,0,0,90,3.972,3.962,3.963,0,0,0,6.478,86.9,1.793287787044,5.577428,38,Tripod,
118000,2026-05-22 08:54:46,51.9887120502201,4.38995372993231,5.577428,,,1.793287787044,5.577428,0,36.303150768,46.759844016,26,5,11.897,1.793287787044,5.577428,6.3305402,37.282481508,0,0,0,88.9, -1, 0.3,,,0,0,1024,1024,1024,740,0,0,0,-43,82.9,0,0,90,3.972,3.962,3.963,0,0,0,6.478,86.9,1.793287787044,5.577428,38,Tripod,
118100,2026-05-22 08:54:46,51.9887120436492,4.38995371912296,5.577428,,,1.793287787044,5.577428,0,36.306431608,46.76345294,26,5,11.897,1.793287787044,5.577428,6.3305402,37.282481508,0,0,0,87.3, -1, 0.2,,,0,0,1024,1024,1024,1024,0,0,0,0,80.7,0,0,90,3.972,3.962,3.963,0,0,0,6.478,86.9,1.793287787044,5.577428,38,Tripod,
118200,2026-05-22 08:54:46,51.9887119070739,4.38995376242297,5.577428,,,1.793287787044,5.577428,0,36.348098276,46.813977876,26,5,11.897,1.793287787044,5.577428,6.3305402,37.282481508,0,0,0,85.7, -1.1, 0.4,,,0,0,1024,1024,1024,572,0,0,0,-68,79.3,0,0,90,3.972,3.962,3.963,0,0,0,6.478,86.9,1.793287787044,5.577428,38,Tripod,
118300,2026-05-22 08:54:47,51.9887119131822,4.38995376056576,5.577428,,,1.793287787044,5.577428,0,36.346129772,46.816274464,26,5,11.897,1.793287787044,5.577428,6.3305402,37.282481508,0,0,0,84.6, -1.1, 0.9,,,0,0,1024,1024,1024,364,0,0,0,-100,78.7,0,0,90,3.972,3.962,3.963,0,0,0,6.478,86.9,1.793287787044,5.577428,38,Tripod,
118400,2026-05-22 08:54:47,51.9887119658351,4.38995378667445,5.577428,,,1.793287787044,5.577428,0,36.326116648,46.836615672,26,5,11.891,1.793287787044,5.577428,6.3305402,37.282481508,0,0,0,83.3, -1, 1.3,,,0,0,1024,1024,1024,364,0,0,0,-100,77.8,0,0,89,3.969,3.96,3.961,0,0,0,6.656,86.9,1.793287787044,5.577428,38,Tripod,
118500,2026-05-22 08:54:47,51.9887119806303,4.38995379451019,5.577428,,,1.793287787044,5.577428,0,36.32053922,46.8421931,26,5,11.891,1.793287787044,5.577428,6.3305402,37.282481508,0,0,0,81.9, -0.7, 1.5,,,0,0,1024,1024,1024,1024,0,0,0,0,76,0,0,89,3.969,3.96,3.961,0,0,0,6.656,86.9,1.793287787044,5.577428,38,Tripod,
118600,2026-05-22 08:54:47,51.9887119752673,4.38995365667008,5.577428,,,1.793287787044,5.577428,0,36.334974916,46.873032996,26,5,11.891,1.793287787044,5.577428,6.3305402,37.282481508,0,0,0,80.8, -0.7, 1.5,,,0,0,1024,1024,1024,1024,0,0,0,0,74.5,0,0,89,3.969,3.96,3.961,0,0,0,6.656,86.9,1.793287787044,5.577428,38,Tripod,
118700,2026-05-22 08:54:47,51.9887119869185,4.38995364095338,5.577428,,,1.793287787044,5.577428,0,36.332350244,46.878610424,26,5,11.891,1.793287787044,5.577428,6.3305402,37.282481508,0,0,0,79.5, -0.8, 1.4,,,0,0,1024,1024,1024,1024,0,0,0,0,73.9,0,0,89,3.969,3.96,3.961,0,0,0,6.656,86.9,1.793287787044,5.577428,38,Tripod,
118800,2026-05-22 08:54:47,51.9887120961136,4.38995364758228,5.577428,,,1.793287787044,5.577428,0,36.295276752,46.918636672,26,5,11.891,1.793287787044,5.577428,6.3305402,37.282481508,0,0,0,79.2, -0.9, 1.9,,,0,0,1024,1024,1024,1024,0,0,0,0,73.9,0,0,89,3.969,3.96,3.961,0,0,0,6.656,86.9,1.793287787044,5.577428,38,Tripod,
118900,2026-05-22 08:54:47,51.9887121206923,4.38995362626616,5.577428,,,1.793287787044,5.577428,0,36.289043156,46.928807276,26,5,11.891,1.793287787044,5.577428,6.3305402,37.282481508,0,0,0,79.2, -1.1, 1.9,,,0,0,1024,1024,1024,1024,0,0,0,0,73.9,0,0,89,3.969,3.96,3.961,0,0,0,6.656,86.9,1.793287787044,5.577428,38,Tripod,
119000,2026-05-22 08:54:47,51.9887120577419,4.38995363006404,5.577428,,,1.793287787044,5.577428,0,36.309712448,46.951773156,26,5,11.891,1.793287787044,5.577428,6.3305402,37.282481508,0,0,0,79.2, -1, 2.3,,,0,0,1024,1024,1024,1024,0,0,0,0,73.9,0,0,89,3.969,3.96,3.961,0,0,0,6.656,86.9,1.793287787044,5.577428,38,Tripod,
119100,2026-05-22 08:54:47,51.9887120556858,4.38995361530378,5.577428,,,1.793287787044,5.577428,0,36.312009036,46.955053996,26,5,11.891,1.793287787044,5.577428,6.3305402,37.282481508,0,0,0,79.2, -0.9, 1.9,,,0,0,1024,1024,1024,1024,0,0,0,0,73.9,0,0,89,3.969,3.96,3.961,0,0,0,6.656,86.9,1.793287787044,5.577428,38,Tripod,
119200,2026-05-22 08:54:47,51.9887121330545,4.38995365304608,5.577428,,,1.793287787044,5.577428,0,36.282481476,46.984581556,26,5,11.891,1.793287787044,5.577428,6.3305402,37.282481508,0,0,0,79.2, -0.6, 1.8,,,0,0,1024,1024,1024,1024,0,0,0,0,73.9,0,0,89,3.969,3.96,3.961,0,0,0,6.656,86.9,1.793287787044,5.577428,38,Tripod,
119300,2026-05-22 08:54:48,51.9887121297648,4.38995363922833,5.577428,,,1.793287787044,5.577428,0,36.285106148,46.987862396,26,5,11.891,1.793287787044,5.577428,6.3305402,37.282481508,0,0,0,79.2, -0.8, 1.9,,,0,0,1024,1024,1024,1024,0,0,0,0,73.9,0,0,89,3.969,3.96,3.961,0,0,0,6.656,86.9,1.793287787044,5.577428,38,Tripod,
119400,2026-05-22 08:54:48,51.9887120662661,4.38995366308334,5.577428,,,1.793287787044,5.577428,0,36.30413502,47.011812528,26,5,11.889,1.793287787044,5.577428,6.3305402,37.282481508,0,0,0,79.2, -0.9, 1.8,,,0,0,1024,1024,1024,1024,0,0,0,0,73.9,0,0,89,3.969,3.958,3.96,0,0,0,6.663,86.9,1.793287787044,5.577428,38,Tripod,
119500,2026-05-22 08:54:48,51.9887120512481,4.38995365391208,5.577428,,,1.793287787044,5.577428,0,36.309712448,47.01771804,26,5,11.889,1.793287787044,5.577428,6.3305402,37.282481508,0,0,0,79.1, -0.8, 1.8,,,0,0,1024,1024,1024,1024,0,0,0,0,73.9,0,0,89,3.969,3.958,3.96,0,0,0,6.663,86.9,1.793287787044,5.577428,38,Tripod,
119600,2026-05-22 08:54:48,51.9887120467247,4.38995366682904,5.577428,,,1.793287787044,5.577428,0,36.310040532,47.02099888,26,5,11.889,1.793287787044,5.577428,6.3305402,37.282481508,0,0,0,79, -0.7, 1.6,,,0,0,1024,1024,1024,1024,0,0,0,0,73.9,0,0,89,3.969,3.958,3.96,0,0,0,6.663,86.9,1.793287787044,5.577428,38,Tripod,
119700,2026-05-22 08:54:48,51.9887120306787,4.38995364734229,5.577428,,,1.793287787044,5.577428,0,36.31725838,47.028216728,26,5,11.889,1.793287787044,5.577428,6.3305402,37.282481508,0,0,0,79, -1.1, 1.7,,,0,0,1024,1024,1024,1024,0,0,0,0,73.9,0,0,89,3.969,3.958,3.96,0,0,0,6.663,86.9,1.793287787044,5.577428,38,Tripod,
119800,2026-05-22 08:54:48,51.9887120439747,4.38995365264611,5.577428,,,1.793287787044,5.577428,0,36.31233712,47.033137988,26,5,11.889,1.793287787044,5.577428,6.3305402,37.282481508,0,0,0,78.9, -1.3, 1.6,,,0,0,1024,1024,1024,1024,0,0,0,0,73.9,0,0,89,3.969,3.958,3.96,0,0,0,6.663,86.9,1.793287787044,5.577428,38,Tripod,
119900,2026-05-22 08:54:48,51.9887120239108,4.38995363492267,5.577428,,,1.793287787044,5.249344,0,36.32053922,47.041668172,26,5,11.889,1.793287787044,5.577428,6.3305402,37.282481508,0,0,0,78.7, -1.7, 1.3,,,0,0,1024,1024,1024,1024,0,0,0,0,73.9,0,0,89,3.969,3.958,3.96,0,0,0,6.663,86.9,1.793287787044,5.577428,38,Tripod,
120000,2026-05-22 08:54:48,51.9887120414046,4.38995364904996,5.577428,,,1.793287787044,5.249344,0,36.313649456,47.048557936,26,5,11.889,1.793287787044,5.577428,6.3305402,37.282481508,0,0,0,78.7, -1.7, 1.2,,,0,0,1076,1024,1024,1024,8,0,0,0,73.9,0,0,89,3.969,3.958,3.96,0,0,0,6.663,86.9,1.793287787044,5.577428,38,Tripod,
120100,2026-05-22 08:54:48,51.988712030773,4.38995365358169,5.577428,,,1.793287787044,5.249344,0,36.316602212,47.052823028,26,5,11.889,1.793287787044,5.577428,6.3305402,37.282481508,0,0,0,78.6, -1.4, 1.1,,,0,0,1212,1024,1024,1024,28,0,0,0,73.9,0,0,89,3.969,3.958,3.96,0,0,0,6.663,86.9,1.793287787044,5.577428,38,Tripod,
120200,2026-05-22 08:54:48,51.988712066129,4.3899535603319,5.577428,,,1.793287787044,5.249344,0,36.313321372,47.077429328,26,5,11.889,1.793287787044,5.577428,6.3305402,37.282481508,0,0,0,78.7, -1.5, 0.8,,,0,0,1254,1024,1024,1024,35,0,0,0,73.9,0,0,89,3.969,3.958,3.96,0,0,0,6.663,86.9,1.793287787044,5.577428,38,Tripod,
120300,2026-05-22 08:54:49,51.9887120830403,4.38995356615046,5.577428,,,1.793287787044,5.249344,0,36.307087776,47.083662924,26,5,11.889,1.793287787044,5.577428,6.3305402,37.282481508,0,0,0,79, -1.9, 1.3,,,0,0,1254,1024,1024,1024,35,0,0,0,73.9,0,0,89,3.969,3.958,3.96,0,0,0,6.663,86.9,1.793287787044,5.577428,38,Tripod,
120400,2026-05-22 08:54:49,51.9887121520819,4.38995363658168,5.577428,,,1.793287787044,5.249344,0,36.2778883,47.113190484,26,5,11.891,1.793287787044,5.577428,6.3305402,37.282481508,0,0,0,78.8, -2.2, 1.7,,,0,0,1255,1024,1024,1024,35,0,0,0,73.9,0,0,89,3.968,3.958,3.959,0,0,0,6.541,87.08,1.793287787044,5.577428,38,Tripod,
120500,2026-05-22 08:54:49,51.9887121991919,4.38995368281011,5.577428,,,1.793287787044,5.249344,0,36.257875176,47.133531692,26,5,11.891,1.793287787044,5.577428,6.3305402,37.282481508,0,0,0,79.1, -2.4, 2,,,0,0,1255,1024,1024,1024,35,0,0,0,73.9,0,0,89,3.968,3.958,3.959,0,0,0,6.541,87.08,1.793287787044,5.577428,38,Tripod,
120600,2026-05-22 08:54:49,51.9887120897312,4.3899537441779,5.577428,,,1.793287787044,5.249344,0,36.288715072,47.175526444,26,5,11.891,1.793287787044,5.577428,6.3305402,37.282481508,0,0,0,79.2, -2.5, 2,,,0,0,1297,1024,1024,1024,41,0,0,0,73.9,0,0,89,3.968,3.958,3.959,0,0,0,6.541,87.08,1.793287787044,5.577428,38,Tripod,
120700,2026-05-22 08:54:49,51.9887121353162,4.38995383799461,5.577428,,,1.793287787044,5.249344,0,36.265093024,47.202429332,26,5,11.891,1.793287787044,5.577428,6.3305402,37.282481508,0,0,0,79.2, -2.7, 2.5,,,0,0,1326,1024,1024,1024,46,0,0,0,73.9,0,0,89,3.968,3.958,3.959,0,0,0,6.541,87.08,1.793287787044,5.577428,38,Tripod,
120800,2026-05-22 08:54:49,51.988712275601,4.38995403851716,5.577428,,,1.793287787044,5.249344,0,36.200132392,47.270670804,26,5,11.891,1.793287787044,5.577428,6.3305402,37.282481508,0,0,0,79.1, -3.1, 2.9,,,0,0,1332,1024,1024,1024,47,0,0,0,73.9,0,0,89,3.968,3.958,3.959,0,0,0,6.541,87.08,1.793287787044,5.577428,38,Tripod,
120900,2026-05-22 08:54:49,51.9887123175793,4.38995420624996,5.577428,,,1.793287787044,5.249344,0,36.170932916,47.31135322,26,5,11.891,1.793287787044,5.577428,6.3305402,37.282481508,0,0.223694,0,79, -3.8, 2.5,,,0,0,1333,1024,1024,1024,47,0,0,0,73.9,0,0,89,3.968,3.958,3.959,0,0,0,6.541,87.08,1.793287787044,5.577428,38,Tripod,
121000,2026-05-22 08:54:49,51.9887122192558,4.38995435943467,5.577428,,,1.793287787044,5.249344,0.223694,36.189961788,47.361221988,26,5,11.891,1.793287787044,5.577428,6.3305402,37.282481508,0,0.223694,0,79, -4.1, 1.9,,,0,0,1334,1024,1024,1024,47,0,0,0,73.9,0,0,89,3.968,3.958,3.959,0,0,0,6.541,87.08,1.793287787044,5.577428,38,Tripod,
121100,2026-05-22 08:54:49,51.9887122402621,4.38995463088231,5.577428,,,1.793287787044,5.577428,0.223694,36.158465724,47.422573696,26,5,11.891,1.793287787044,5.577428,6.3305402,37.282481508,0,0.223694,0,79, -4.2, 1.9,,,0,0,1335,1024,1024,1024,47,0,0,0,73.9,0,0,89,3.968,3.958,3.959,0,0,0,6.541,87.08,1.793287787044,5.577428,38,Tripod,
121200,2026-05-22 08:54:49,51.9887122923152,4.38995488939559,5.577428,,,1.793287787044,5.249344,0.447388,36.117783308,47.48359732,26,5,11.891,1.793287787044,5.577428,6.3305402,37.282481508,0,0.447388,0,79, -4.6, 2,,,0,0,1343,1024,1024,1024,48,0,0,0,73.9,0,0,89,3.968,3.958,3.959,0,0,0,6.541,87.08,1.793287787044,5.577428,38,Tripod,
121300,2026-05-22 08:54:50,51.9887123210233,4.38995525879864,5.577428,,,1.793287787044,5.249344,0.447388,36.075132388,47.56725874,26,5,11.891,1.793287787044,5.577428,6.3305402,37.282481508,0,0.447388,0,78.9, -5.2, 1.2,,,0,0,1343,1024,1024,1024,48,0,0,0,73.9,0,0,89,3.968,3.958,3.959,0,0,0,6.541,87.08,1.793287787044,5.577428,38,Tripod,
121400,2026-05-22 08:54:50,51.9887124335424,4.38995553950797,5.577428,,,1.793287787044,5.249344,0.671082,36.012468344,47.64271806,26,5,11.883,1.793287787044,5.577428,6.3305402,37.282481508,0,0.671082,0,78.9, -5.2, 1.3,,,0,0,1350,1024,1024,1024,49,0,0,0,73.9,0,0,89,3.968,3.957,3.958,0,0,0,6.787,87.08,1.793287787044,5.577428,38,Tripod,
121500,2026-05-22 08:54:50,51.9887125052312,4.38995601674022,5.577428,,,1.793287787044,5.249344,0.671082,35.945867292,47.752954284,26,5,11.883,1.793287787044,5.577428,6.3305402,37.282481508,0,0.671082,0,78.8, -5.4, 1.5,,,0,0,1360,1024,1024,1024,51,0,0,0,73.9,0,0,89,3.968,3.957,3.958,0,0,0,6.787,87.08,1.793287787044,5.577428,38,Tripod,
121600,2026-05-22 08:54:50,51.9887125006735,4.38995656912668,5.577428,,,1.793287787044,5.249344,0.7158208,35.898623196,47.876970036,26,5,11.883,1.793287787044,5.577428,6.3305402,37.282481508,0.223694,0.671082,0,78.8, -5.3, 1.8,,,0,0,1363,1024,1024,1024,51,0,0,0,73.9,0,0,89,3.968,3.957,3.958,0,0,0,6.787,87.08,1.793287787044,5.577428,38,Tripod,
121700,2026-05-22 08:54:50,51.9887126002565,4.38995717254455,5.577428,,,1.793287787044,5.249344,0.9171454,35.812337104,48.017389988,26,5,11.883,1.793287787044,5.577428,6.3305402,37.282481508,0.223694,0.894776,0,78.8, -5.2, 2.3,,,0,0,1369,1024,1024,1024,52,0,0,0,73.9,0,0,89,3.968,3.957,3.958,0,0,0,6.787,87.08,1.793287787044,5.577428,38,Tripod,
121800,2026-05-22 08:54:50,51.9887125874317,4.38995766999391,5.577428,,,1.793287787044,5.249344,0.9171454,35.773623192,48.129266632,26,5,11.883,1.793287787044,5.577428,6.3305402,37.282481508,0.223694,0.894776,0,78.8, -5.5, 2.5,,,0,0,1419,1024,1024,1024,60,0,0,0,73.9,0,0,89,3.968,3.957,3.958,0,0,0,6.787,87.08,1.793287787044,5.577428,38,Tripod,
121900,2026-05-22 08:54:50,51.9887126963098,4.3899583829695,5.577428,,,1.793287787044,5.249344,1.1408394,35.675197992,48.294292884,26,5,11.883,1.793287787044,5.577428,6.3305402,37.282481508,0.223694,1.11847,0,78.9, -5.5, 2.7,,,0,0,1546,1024,1024,1024,79,0,0,0,73.9,0,0,89,3.968,3.957,3.958,0,0,0,6.787,87.08,1.793287787044,5.577428,38,Tripod,
122000,2026-05-22 08:54:50,51.9887129052506,4.38995910887945,5.577428,,,1.793287787044,5.249344,1.1408394,35.542652056,48.474411,26,5,11.883,1.793287787044,5.577428,6.3305402,37.282481508,0.223694,1.11847,0,78.9, -6.7, 2.5,,,0,0,1549,1024,1024,1024,80,0,0,0,73.9,0,0,89,3.968,3.957,3.958,0,0,0,6.787,87.08,1.793287787044,5.577428,38,Tripod,
122100,2026-05-22 08:54:50,51.9887130209052,4.38995995678417,5.577428,,,1.793287787044,5.249344,1.3645334,35.431759664,48.66962098,26,5,11.883,1.793287787044,5.577428,6.3305402,37.282481508,0.223694,1.342164,0,79, -9.1, 2.3,,,0,0,1549,1024,1024,1024,80,0,0,0,73.9,0,0,89,3.968,3.957,3.958,0,0,0,6.787,87.08,1.793287787044,5.577428,38,Tripod,
122200,2026-05-22 08:54:50,51.9887131204795,4.38996097878281,5.577428,,,1.793287787044,5.249344,1.5882274,35.312665172,48.901904452,26,5,11.883,1.793287787044,5.577428,6.3305402,37.282481508,0.223694,1.565858,0,78.8, -10.3, 2.2,,,0,0,1549,1024,1024,1024,80,0,0,0,73.9,0,0,89,3.968,3.957,3.958,0,0,0,6.787,87.08,1.793287787044,5.577428,38,Tripod,
122300,2026-05-22 08:54:51,51.988713248325,4.389962142256,5.577428,,,1.793287787044,5.249344,1.8119214,35.173557556,49.167652492,26,5,11.883,1.793287787044,5.577428,6.3305402,37.282481508,0.223694,1.789552,0,78.8, -10.5, 2.2,,,0,0,1290,1024,1024,1024,40,0,0,0,73.9,0,0,89,3.968,3.957,3.958,0,0,0,6.787,87.08,1.793287787044,5.577428,38,Tripod,
122400,2026-05-22 08:54:51,51.9887136435554,4.38996346046847,5.577428,,,1.793287787044,5.249344,2.0356154,34.932087732,49.497048828,26,5,11.884,1.793287787044,5.577428,6.3305402,37.282481508,0.223694,2.013246,0,78.8, -8.8, 1.7,,,0,0,1024,1024,1024,1024,0,0,0,0,73.9,0,0,89,3.966,3.954,3.955,0,0,0,6.607,87.08,1.793287787044,5.577428,38,Tripod,
122500,2026-05-22 08:54:51,51.988713807528,4.38996495639523,5.577428,,,1.793287787044,5.249344,2.23694,34.75721896,49.838256188,26,5,11.884,1.793287787044,5.577428,6.3305402,37.282481508,0.223694,2.23694,0,78.8, -0.7, 1.8,,,0,0,364,1024,1024,1024,-100,0,0,0,73.9,0,0,89,3.966,3.954,3.955,0,0,0,6.607,87.08,1.793287787044,5.577428,38,Tripod,
122600,2026-05-22 08:54:51,51.9887139854648,4.38996624652328,5.577428,,,1.793287787044,5.249344,2.0356154,34.596129716,50.135500292,26,5,11.884,1.793287787044,5.577428,6.3305402,37.282481508,0.223694,2.013246,0,79.1, 6.3, 1.6,,,0,0,364,1024,1024,1024,-100,0,0,0,73.9,0,0,89,3.966,3.954,3.955,0,0,0,6.607,87.08,1.793287787044,5.577428,38,Tripod,
122700,2026-05-22 08:54:51,51.98871410823,4.38996751519245,5.577428,,,1.793287787044,5.249344,1.8119214,34.4570221,50.423886128,26,5,11.884,1.793287787044,5.577428,6.3305402,37.282481508,0.223694,1.789552,0,79.4, 12, 0.6,,,0,0,1024,1024,1024,1024,0,0,0,0,73.9,0,0,89,3.966,3.954,3.955,0,0,0,6.607,87.08,1.793287787044,5.577428,38,Tripod,
122800,2026-05-22 08:54:51,51.9887141608057,4.38996806655946,5.577428,,,1.793287787044,5.249344,1.11847,34.397638896,50.549214216,26,5,11.884,1.793287787044,5.577428,6.3305402,37.282481508,0,1.11847,0,79.5, 14.1, 1.2,,,0,0,1024,1024,1024,1024,0,0,0,0,73.9,0,0,89,3.966,3.954,3.955,0,0,0,6.607,87.08,1.793287787044,5.577428,38,Tripod,
122900,2026-05-22 08:54:51,51.9887142176392,4.38996857794094,5.577428,,,1.793287787044,5.249344,0.671082,34.339896112,50.66601212,26,5,11.884,1.793287787044,5.577428,6.3305402,37.282481508,0,0.671082,0,79.5, 6.1, 1.7,,,0,0,1024,1024,1024,1024,0,0,0,0,73.9,0,0,89,3.966,3.954,3.955,0,0,0,6.607,87.08,1.793287787044,5.577428,38,Tripod,
123000,2026-05-22 08:54:51,51.9887144255176,4.38996926878636,5.577428,,,1.793287787044,5.249344,0.223694,34.217192696,50.838912388,26,5,11.884,1.793287787044,5.577428,6.3305402,37.282481508,0,0.223694,0,79.5, 1.7, 1.2,,,0,0,1024,1024,1024,1024,0,0,0,0,73.9,0,0,89,3.966,3.954,3.955,0,0,0,6.607,87.08,1.793287787044,5.577428,38,Tripod,
123100,2026-05-22 08:54:51,51.9887144654056,4.38996946531095,5.577428,,,1.793287787044,5.249344,0.223694,34.188977472,50.885172232,26,5,11.884,1.793287787044,5.577428,6.3305402,37.282481508,0,0.223694,0,79.3, 0.1, 1.2,,,0,0,1024,1024,1024,1024,0,0,0,0,73.9,0,0,89,3.966,3.954,3.955,0,0,0,6.607,87.08,1.793287787044,5.577428,38,Tripod,
123200,2026-05-22 08:54:51,51.9887146368657,4.38997044507538,5.577428,,,1.793287787044,5.249344,0.223694,34.058728124,51.114174864,26,5,11.884,1.793287787044,5.577428,6.3305402,37.282481508,0,0.223694,0,79.1, 0, 1,,,0,0,780,1024,1024,1024,-37,0,0,0,73.9,0,0,89,3.966,3.954,3.955,0,0,0,6.607,87.08,1.793287787044,5.577428,38,Tripod,
123300,2026-05-22 08:54:52,51.9887146955926,4.38997061856929,5.577428,,,1.793287787044,5.249344,0.223694,34.025919724,51.158466204,26,5,11.884,1.793287787044,5.577428,6.3305402,37.282481508,0,0.223694,0,79, 0.6, 1.3,,,0,0,364,1024,1024,1024,-100,0,0,0,73.9,0,0,89,3.966,3.954,3.955,0,0,0,6.607,87.08,1.793287787044,5.577428,38,Tripod,
123400,2026-05-22 08:54:52,51.9887148549561,4.38997145607314,5.577428,,,1.793287787044,5.249344,0,33.911090324,51.355644688,26,5,11.882,1.793287787044,5.577428,6.3305402,37.282481508,0,0,0,79.1, 6.5, 1.4,,,0,0,364,1024,1024,1024,-100,0,0,0,73.9,0,0,89,3.967,3.958,3.958,0,0,0,6.816,87.08,1.793287787044,5.577428,38,Tripod,
123500,2026-05-22 08:54:52,51.9887149059383,4.38997146865948,5.577428,,,1.793287787044,5.249344,0,33.892389536,51.374345476,26,5,11.882,1.793287787044,5.577428,6.3305402,37.282481508,0,0,0,79.3, 11.2, 1.4,,,0,0,364,1024,1024,1024,-100,0,0,0,73.9,0,0,89,3.967,3.958,3.958,0,0,0,6.816,87.08,1.793287787044,5.577428,38,Tripod,
123600,2026-05-22 08:54:52,51.9887147313084,4.38997123897087,5.577428,,,1.793287787044,5.249344,0.671082,33.969161192,51.456366476,26,5,11.882,1.793287787044,5.577428,6.3305402,37.282481508,0,-0.671082,0,79.4, 13.1, 1.4,,,0,0,364,1024,1024,1024,-100,0,0,0,73.9,0,0,89,3.967,3.958,3.958,0,0,0,6.816,87.08,1.793287787044,5.577428,38,Tripod,
123700,2026-05-22 08:54:52,51.9887147038425,4.38997062655884,5.577428,,,1.793287787044,5.249344,1.11847,34.022638884,51.59448984,26,5,11.882,1.793287787044,5.577428,6.3305402,37.282481508,0,-1.11847,0,79.6, 13.6, 1.4,,,0,0,1024,1024,1024,1024,0,0,0,0,73.9,0,0,89,3.967,3.958,3.958,0,0,0,6.816,87.08,1.793287787044,5.577428,38,Tripod,
123800,2026-05-22 08:54:52,51.9887144982257,4.38996974537371,5.577428,,,1.793287787044,4.92126,1.8119214,34.157153324,51.80610402,26,5,11.882,1.793287787044,5.577428,6.3305402,37.282481508,-0.223694,-1.789552,0,79.7, 10.5, 1.5,,,0,0,1024,1024,1024,1024,0,0,0,0,73.9,0,0,89,3.967,3.958,3.958,0,0,0,6.816,87.08,1.793287787044,5.577428,38,Tripod,
123900,2026-05-22 08:54:52,51.9887144007588,4.38996850584903,5.577428,,,1.793287787044,5.249344,2.0356154,34.282153328,52.086943924,26,5,11.882,1.793287787044,5.577428,6.3305402,37.282481508,-0.223694,-2.013246,0,79.6, -3.3, 1.8,,,0,0,1024,1024,1024,1024,0,0,0,0,73.9,0,0,89,3.967,3.958,3.958,0,0,0,6.816,87.08,1.793287787044,5.577428,38,Tripod,
124000,2026-05-22 08:54:52,51.9887143199976,4.38996765236245,5.577428,,,1.793287787044,4.92126,1.8119214,34.374016848,52.280841568,26,5,11.882,1.793287787044,5.577428,6.3305402,37.282481508,-0.223694,-1.789552,0,79.3, -8.2, 1.9,,,0,0,1469,1024,1024,1024,67,0,0,0,73.9,0,0,89,3.967,3.958,3.958,0,0,0,6.816,87.08,1.793287787044,5.577428,38,Tripod,
124100,2026-05-22 08:54:52,51.9887142388081,4.38996661437967,5.577428,,,1.793287787044,5.249344,1.5882274,34.480972232,52.516077796,26,5,11.882,1.793287787044,5.577428,6.3305402,37.282481508,-0.223694,-1.565858,0,79, -8.7, 2.2,,,0,0,1469,1024,1024,1024,67,0,0,0,73.9,0,0,89,3.967,3.958,3.958,0,0,0,6.816,87.08,1.793287787044,5.577428,38,Tripod,
124200,2026-05-22 08:54:52,51.9887140600832,4.38996637544728,5.577428,,,1.793287787044,5.249344,1.1408394,34.56036856,52.600395384,26,5,11.882,1.793287787044,5.577428,6.3305402,37.282481508,-0.223694,-1.11847,0,78.8, -8.5, 2.2,,,0,0,1684,1024,1024,1024,100,0,0,0,73.9,0,0,89,3.967,3.958,3.958,0,0,0,6.816,87.08,1.793287787044,5.577428,38,Tripod,
124300,2026-05-22 08:54:53,51.9887140002855,4.3899658054594,5.577428,,,1.793287787044,5.249344,0.894776,34.625001108,52.730316648,26,5,11.882,1.793287787044,5.577428,6.3305402,37.282481508,0,-0.894776,0,78.7, -12.8, 1.5,,,0,0,1024,1024,1024,1024,0,0,0,0,73.9,0,0,89,3.967,3.958,3.958,0,0,0,6.816,87.08,1.793287787044,5.577428,38,Tripod,
124400,2026-05-22 08:54:53,51.9887136655981,4.38996522637679,5.577428,,,1.793287787044,5.249344,0.447388,34.784778016,52.908794344,26,5,11.869,1.793287787044,5.577428,6.3305402,37.282481508,0,-0.447388,0,78.7, -8.4, 1.2,,,0,0,1024,1024,1024,1024,0,0,0,0,73.9,0,0,89,3.966,3.953,3.953,0,0,0,6.795,87.08,1.793287787044,5.577428,38,Tripod,
124500,2026-05-22 08:54:53,51.9887136408138,4.38996513204552,5.577428,,,1.793287787044,5.249344,0.223694,34.800526048,52.931760224,26,5,11.869,1.793287787044,5.577428,6.3305402,37.282481508,0,-0.223694,0,78.7, -4.2, 1,,,0,0,1024,1024,1024,1024,0,0,0,0,73.9,0,0,89,3.966,3.953,3.953,0,0,0,6.795,87.08,1.793287787044,5.577428,38,Tripod,
124600,2026-05-22 08:54:53,51.988713496691,4.38996407194655,5.577428,,,1.793287787044,5.249344,0.223694,34.933400068,53.175526636,26,5,11.869,1.793287787044,5.577428,6.3305402,37.282481508,0,-0.223694,0,78.9, -3, 1.3,,,0,0,1024,1024,1024,1024,0,0,0,0,73.9,0,0,89,3.966,3.953,3.953,0,0,0,6.795,87.08,1.793287787044,5.577428,38,Tripod,
124700,2026-05-22 08:54:53,51.9887135038788,4.38996404760119,5.577428,,,1.793287787044,5.249344,0,34.9327439,53.181760232,26,5,11.869,1.793287787044,5.577428,6.3305402,37.282481508,0,0,0,79, -2.6, 1.9,,,0,0,1024,1024,1024,1024,0,0,0,0,73.9,0,0,89,3.966,3.953,3.953,0,0,0,6.795,87.08,1.793287787044,5.577428,38,Tripod,
124800,2026-05-22 08:54:53,51.988713289378,4.38996322016064,5.577428,,,1.793287787044,5.249344,0,35.0721796,53.383531892,26,5,11.869,1.793287787044,5.577428,6.3305402,37.282481508,0,0,0,79, -2.3, 2.4,,,0,0,1024,1024,1024,1024,0,0,0,0,73.9,0,0,89,3.966,3.953,3.953,0,0,0,6.795,87.08,1.793287787044,5.577428,38,Tripod,
124900,2026-05-22 08:54:53,51.9887132867736,4.38996320199552,5.577428,,,1.793287787044,5.249344,0,35.074476188,53.387796984,26,5,11.869,1.793287787044,5.577428,6.3305402,37.282481508,0,0,0,79.1, -1.9, 2.3,,,0,0,1024,1024,1024,1024,0,0,0,0,73.9,0,0,89,3.966,3.953,3.953,0,0,0,6.795,87.08,1.793287787044,5.577428,38,Tripod,
125000,2026-05-22 08:54:53,51.988713240726,4.38996281326231,5.577428,,,1.793287787044,5.249344,0,35.1213922,53.476707748,26,5,11.869,1.793287787044,5.577428,6.3305402,37.282481508,0,0,0,79, -1.8, 2.4,,,0,0,1024,1024,1024,1024,0,0,0,0,73.9,0,0,89,3.966,3.953,3.953,0,0,0,6.795,87.08,1.793287787044,5.577428,38,Tripod,
125100,2026-05-22 08:54:53,51.9887132315079,4.38996280586134,5.577428,,,1.793287787044,5.249344,0,35.125329208,53.480316672,26,5,11.869,1.793287787044,5.577428,6.3305402,37.282481508,0,0,0,79.1, -1.6, 2.5,,,0,0,1024,1024,1024,1024,0,0,0,0,73.9,0,0,89,3.966,3.953,3.953,0,0,0,6.795,87.08,1.793287787044,5.577428,38,Tripod,
125200,2026-05-22 08:54:53,51.9887132531053,4.38996263806251,5.577428,,,1.793287787044,5.249344,0,35.131562804,53.5187025,26,5,11.869,1.793287787044,5.577428,6.3305402,37.282481508,0,0,0,79.1, -1.1, 2.4,,,0,0,1024,1024,1024,1024,0,0,0,0,73.9,0,0,89,3.966,3.953,3.953,0,0,0,6.795,87.08,1.793287787044,5.577428,38,Tripod,
125300,2026-05-22 08:54:54,51.9887132360227,4.38996262984768,5.577428,,,1.793287787044,5.249344,0,35.138124484,53.52526418,26,5,11.869,1.793287787044,5.577428,6.3305402,37.282481508,0,0,0,79.1, -1, 2.3,,,0,0,1024,1024,1024,1024,0,0,0,0,73.9,0,0,89,3.966,3.953,3.953,0,0,0,6.795,87.08,1.793287787044,5.577428,38,Tripod,
125400,2026-05-22 08:54:54,51.988713225905,4.38996246137413,5.577428,,,1.793287787044,5.249344,0,35.155184852,53.563321924,26,5,11.873,1.793287787044,5.577428,6.3305402,37.282481508,0,0,0,79, -1, 2.2,,,0,0,1024,1024,1024,1024,0,0,0,0,73.9,0,0,89,3.965,3.955,3.957,0,0,0,6.866,87.26,1.793287787044,5.577428,38,Tripod,
125500,2026-05-22 08:54:54,51.9887131983878,4.38996243224314,5.577428,,,1.793287787044,5.249344,0,35.166667792,53.575461032,26,5,11.873,1.793287787044,5.577428,6.3305402,37.282481508,0,0,0,79, -0.8, 2.3,,,0,0,1024,1024,1024,1024,0,0,0,0,73.9,0,0,89,3.965,3.955,3.957,0,0,0,6.866,87.26,1.793287787044,5.577428,38,Tripod,
125600,2026-05-22 08:54:54,51.9887133493385,4.38996233310872,5.577428,,,1.793287787044,5.249344,0,35.123688788,53.634844236,26,5,11.873,1.793287787044,5.577428,6.3305402,37.282481508,0,0,0,79.1, -0.9, 2.4,,,0,0,1024,1024,1024,1024,0,0,0,0,73.9,0,0,89,3.965,3.955,3.957,0,0,0,6.866,87.26,1.793287787044,5.577428,38,Tripod,
125700,2026-05-22 08:54:54,51.9887133240058,4.38996228497441,5.577428,,,1.793287787044,5.249344,0,35.13615598,53.648951848,26,5,11.873,1.793287787044,5.577428,6.3305402,37.282481508,0,0,0,79, -0.9, 2.1,,,0,0,1024,1024,1024,1024,0,0,0,0,73.9,0,0,89,3.965,3.955,3.957,0,0,0,6.866,87.26,1.793287787044,5.577428,38,Tripod,
125800,2026-05-22 08:54:54,51.988713311695,4.38996231859886,5.577428,,,1.793287787044,5.249344,0,35.137468316,53.657810116,26,5,11.873,1.793287787044,5.577428,6.3305402,37.282481508,0,0,0,79, -1.1, 2.1,,,0,0,1024,1024,1024,1024,0,0,0,0,73.9,0,0,89,3.965,3.955,3.957,0,0,0,6.866,87.26,1.793287787044,5.577428,38,Tripod,
125900,2026-05-22 08:54:54,51.9887132782152,4.3899622668197,5.577428,,,1.793287787044,5.249344,0,35.153216348,53.6745424,26,5,11.873,1.793287787044,5.577428,6.3305402,37.282481508,0,0,0,79, -1, 2.2,,,0,0,1024,1024,1024,1024,0,0,0,0,73.9,0,0,89,3.965,3.955,3.957,0,0,0,6.866,87.26,1.793287787044,5.577428,38,Tripod,
126000,2026-05-22 08:54:54,51.9887132852401,4.38996231999698,5.577428,,,1.793287787044,5.249344,0,35.146326584,53.687009592,26,5,11.873,1.793287787044,5.577428,6.3305402,37.282481508,0,0,0,78.9, -0.8, 1.7,,,0,0,1024,1024,1024,1024,0,0,0,0,73.9,0,0,89,3.965,3.955,3.957,0,0,0,6.866,87.26,1.793287787044,5.577428,38,Tripod,
126100,2026-05-22 08:54:54,51.9887132420281,4.3899622712123,5.577428,,,1.793287787044,5.249344,0,35.165027372,53.706038464,26,5,11.873,1.793287787044,5.577428,6.3305402,37.282481508,0,0,0,78.9, -1, 1.6,,,0,0,1024,1024,1024,1024,0,0,0,0,73.9,0,0,89,3.965,3.955,3.957,0,0,0,6.866,87.26,1.793287787044,5.577428,38,Tripod,
126200,2026-05-22 08:54:54,51.9887134223465,4.38996233062199,5.577428,,,1.793287787044,5.249344,0,35.099082488,53.773295684,26,5,11.873,1.793287787044,5.577428,6.3305402,37.282481508,0,0,0,79, -1.4, 2,,,0,0,1024,1024,1024,1024,0,0,0,0,73.9,0,0,89,3.965,3.955,3.957,0,0,0,6.866,87.26,1.793287787044,5.577428,38,Tripod,
126300,2026-05-22 08:54:55,51.9887133912311,4.38996228002185,5.577428,,,1.793287787044,5.249344,0,35.113518184,53.7893718,26,5,11.873,1.793287787044,5.577428,6.3305402,37.282481508,0,0,0,78.8, -1.6, 1,,,0,0,1024,1024,1024,1024,0,0,0,0,73.9,0,0,89,3.965,3.955,3.957,0,0,0,6.866,87.26,1.793287787044,5.577428,38,Tripod,
126400,2026-05-22 08:54:55,51.9887132654503,4.38996219258366,5.577428,,,1.793287787044,5.249344,0,35.163386952,53.839240568,26,5,11.875,1.793287787044,5.577428,6.3305402,37.282481508,0,0,0,78.9, -1.6, 0.7,,,0,0,1024,1024,1024,1024,0,0,0,0,73.9,0,0,89,3.965,3.954,3.957,0,0,0,6.622,87.26,1.793287787044,5.577428,38,Tripod,
126500,2026-05-22 08:54:55,51.9887132530624,4.38996215081045,5.577428,,,1.793287787044,5.249344,0,35.171260968,53.849739256,26,5,11.875,1.793287787044,5.577428,6.3305402,37.282481508,0,0,0,79, -1.4, 1.7,,,0,0,1024,1024,1024,1024,0,0,0,0,73.9,0,0,89,3.965,3.954,3.957,0,0,0,6.622,87.26,1.793287787044,5.577428,38,Tripod,
126600,2026-05-22 08:54:55,51.9887133594133,4.38996226587371,5.577428,,,1.793287787044,5.249344,0,35.125657292,53.896327184,26,5,11.875,1.793287787044,5.577428,6.3305402,37.282481508,0,0,0,79.1, -1.4, 2.2,,,0,0,1024,1024,1024,1024,0,0,0,0,73.9,0,0,89,3.965,3.954,3.957,0,0,0,6.622,87.26,1.793287787044,5.577428,38,Tripod,
126700,2026-05-22 08:54:55,51.9887133725894,4.38996224413328,5.577428,,,1.793287787044,5.249344,0,35.12303262,53.903216948,26,5,11.875,1.793287787044,5.577428,6.3305402,37.282481508,0,0,0,79.1, -1.3, 2.1,,,0,0,1024,1024,1024,1024,0,0,0,0,73.9,0,0,89,3.965,3.954,3.957,0,0,0,6.622,87.26,1.793287787044,5.577428,38,Tripod,
126800,2026-05-22 08:54:55,51.9887133094848,4.38996218023707,5.577428,,,1.793287787044,5.249344,0,35.149607424,53.930119836,26,5,11.875,1.793287787044,5.577428,6.3305402,37.282481508,0,0,0,79.1, -1.5, 1.9,,,0,0,1024,1024,1024,1024,0,0,0,0,73.9,0,0,89,3.965,3.954,3.957,0,0,0,6.622,87.26,1.793287787044,5.577428,38,Tripod,
126900,2026-05-22 08:54:55,51.9887133249996,4.389962149148,5.577428,,,1.793287787044,5.249344,0,35.146982752,53.939306188,26,5,11.875,1.793287787044,5.577428,6.3305402,37.282481508,0,0,0,79.1, -1.5, 2,,,0,0,1024,1024,1024,1024,0,0,0,0,73.9,0,0,89,3.965,3.954,3.957,0,0,0,6.622,87.26,1.793287787044,5.577428,38,Tripod,
127000,2026-05-22 08:54:55,51.9887133496041,4.38996220170969,5.577428,,,1.793287787044,5.249344,0,35.134187476,53.954069968,26,5,11.875,1.793287787044,5.577428,6.3305402,37.282481508,0,0,0,79, -1.6, 2.3,,,0,0,1024,1024,1024,1024,0,0,0,0,73.9,0,0,89,3.965,3.954,3.957,0,0,0,6.622,87.26,1.793287787044,5.577428,38,Tripod,
127100,2026-05-22 08:54:55,51.9887133744998,4.3899621689408,5.577428,,,1.793287787044,5.249344,0,35.128281964,53.965880992,26,5,11.875,1.793287787044,5.577428,6.3305402,37.282481508,0,0,0,79, -2, 2.3,,,0,0,1024,1024,1024,1024,0,0,0,0,73.9,0,0,89,3.965,3.954,3.957,0,0,0,6.622,87.26,1.793287787044,5.577428,38,Tripod,
127200,2026-05-22 08:54:55,51.9887133737545,4.38996204365596,5.577428,,,1.793287787044,5.249344,0,35.138780652,53.993768132,26,5,11.875,1.793287787044,5.577428,6.3305402,37.282481508,0,0,0,79, -1.9, 2.5,,,0,0,1024,1024,1024,1024,0,0,0,0,73.9,0,0,89,3.965,3.954,3.957,0,0,0,6.622,87.26,1.793287787044,5.577428,38,Tripod,
127300,2026-05-22 08:54:56,51.9887134003122,4.389962012946,5.577428,,,1.793287787044,5.249344,0,35.132547056,54.00590724,26,5,11.875,1.793287787044,5.577428,6.3305402,37.282481508,0,0,0,79.2, -1.7, 2.8,,,0,0,1024,1024,1024,1024,0,0,0,0,73.9,0,0,89,3.965,3.954,3.957,0,0,0,6.622,87.26,1.793287787044,5.577428,38,Tripod,
127400,2026-05-22 08:54:56,51.9887133664211,4.38996209397093,5.577428,,,1.793287787044,5.249344,0,35.137140232,54.027888868,26,5,11.879,1.793287787044,5.577428,6.3305402,37.282481508,0,0,0,79.2, -1.8, 2.7,,,0,0,1024,1024,1024,1024,0,0,0,0,73.9,0,0,89,3.965,3.954,3.956,0,0,0,6.503,87.26,1.793287787044,5.577428,38,Tripod,
127500,2026-05-22 08:54:56,51.9887133765045,4.38996208762376,5.577428,,,1.793287787044,5.249344,0,35.13451556,54.031825876,26,5,11.879,1.793287787044,5.577428,6.3305402,37.282481508,0,0,0,79.1, -1.8, 2.3,,,0,0,1024,1024,1024,1024,0,0,0,0,73.9,0,0,89,3.965,3.954,3.956,0,0,0,6.503,87.26,1.793287787044,5.577428,38,Tripod,
127600,2026-05-22 08:54:56,51.9887134787946,4.38996202848882,5.577428,,,1.793287787044,5.249344,0,35.104331832,54.07152404,26,5,11.879,1.793287787044,5.577428,6.3305402,37.282481508,0,0,0,79.1, -1.6, 2.5,,,0,0,1024,1024,1024,1024,0,0,0,0,73.9,0,0,89,3.965,3.954,3.956,0,0,0,6.503,87.26,1.793287787044,5.577428,38,Tripod,
127700,2026-05-22 08:54:56,51.9887134939239,4.38996203159807,5.577428,,,1.793287787044,5.249344,0,35.099082488,54.076773384,26,5,11.879,1.793287787044,5.577428,6.3305402,37.282481508,0,0,0,79, -1.7, 2.4,,,0,0,1024,1024,1024,1024,0,0,0,0,73.9,0,0,89,3.965,3.954,3.956,0,0,0,6.503,87.26,1.793287787044,5.577428,38,Tripod,
127800,2026-05-22 08:54:56,51.9887134295343,4.38996195589089,5.577428,,,1.793287787044,5.249344,0,35.127297712,54.10597286,26,5,11.879,1.793287787044,5.577428,6.3305402,37.282481508,0,0,0,79, -1.7, 2.3,,,0,0,1024,1024,1024,1024,0,0,0,0,73.9,0,0,89,3.965,3.954,3.956,0,0,0,6.503,87.26,1.793287787044,5.577428,38,Tripod,
127900,2026-05-22 08:54:56,51.9887134262788,4.38996196620986,5.577428,,,1.793287787044,5.249344,0,35.127297712,54.108597532,26,5,11.879,1.793287787044,5.577428,6.3305402,37.282481508,0,0,0,79, -1.4, 1.9,,,0,0,1024,1024,1024,1024,0,0,0,0,73.9,0,0,89,3.965,3.954,3.956,0,0,0,6.503,87.26,1.793287787044,5.577428,38,Tripod,
128000,2026-05-22 08:54:56,51.9887133841291,4.38996201697347,5.577428,,,1.793287787044,5.249344,0,35.137468316,54.127626404,26,5,11.879,1.793287787044,5.577428,6.3305402,37.282481508,0,0,0,78.9, -1.2, 1.7,,,0,0,1024,1024,1024,1024,0,0,0,0,73.9,0,0,89,3.965,3.954,3.956,0,0,0,6.503,87.26,1.793287787044,5.577428,38,Tripod,
128100,2026-05-22 08:54:56,51.9887133739258,4.38996203213021,5.577428,,,1.793287787044,5.249344,0,35.139764904,54.132875748,26,5,11.879,1.793287787044,5.577428,6.3305402,37.282481508,0,0,0,79, -1.2, 1.7,,,0,0,1024,1024,1024,1024,0,0,0,0,73.9,0,0,89,3.965,3.954,3.956,0,0,0,6.503,87.26,1.793287787044,5.577428,38,Tripod,
128200,2026-05-22 08:54:56,51.9887135084278,4.38996202840536,5.577428,,,1.793287787044,5.249344,0,35.094489312,54.181760264,26,5,11.879,1.793287787044,5.577428,6.3305402,37.282481508,0,0,0,78.7, -1.1, 1.2,,,0,0,1024,1024,1024,1024,0,0,0,0,73.9,0,0,89,3.965,3.954,3.956,0,0,0,6.503,87.26,1.793287787044,5.577428,38,Tripod,
128300,2026-05-22 08:54:57,51.9887135159839,4.38996202260419,5.577428,,,1.793287787044,5.249344,0,35.092192724,54.18471302,26,5,11.879,1.793287787044,5.577428,6.3305402,37.282481508,0,0,0,78.8, -1.3, 1.2,,,0,0,1024,1024,1024,1024,0,0,0,0,73.9,0,0,89,3.965,3.954,3.956,0,0,0,6.503,87.26,1.793287787044,5.577428,38,Tripod,
128400,2026-05-22 08:54:57,51.9887135271039,4.38996212597818,5.577428,,,1.793287787044,5.249344,0,35.080053616,54.208335068,26,5,11.874,1.793287787044,5.577428,6.3305402,37.282481508,0,0,0,78.8, -1.6, 1.2,,,0,0,1024,1024,1024,1024,0,0,0,0,73.9,0,0,89,3.962,3.951,3.953,0,0,0,6.628,87.26,1.793287787044,5.577428,38,Tripod,
128500,2026-05-22 08:54:57,51.9887135623829,4.38996213672842,5.577428,,,1.793287787044,5.249344,0,35.06725834,54.221458428,26,5,11.874,1.793287787044,5.577428,6.3305402,37.282481508,0,0,0,79.1, -1.1, 1.7,,,0,0,1024,1024,1024,1024,0,0,0,0,73.9,0,0,89,3.962,3.951,3.953,0,0,0,6.628,87.26,1.793287787044,5.577428,38,Tripod,
128600,2026-05-22 08:54:57,51.9887134406714,4.38996210327091,5.577428,,,1.793287787044,5.249344,0,35.111221596,54.26673402,26,5,11.874,1.793287787044,5.577428,6.3305402,37.282481508,0,0,0,79.2, -0.9, 2.5,,,0,0,1024,1024,1024,1024,0,0,0,0,73.9,0,0,89,3.962,3.951,3.953,0,0,0,6.628,87.26,1.793287787044,5.577428,38,Tripod,
128700,2026-05-22 08:54:57,51.988713450789,4.38996212110217,5.577428,,,1.793287787044,5.249344,0,35.106300336,54.271983364,26,5,11.874,1.793287787044,5.577428,6.3305402,37.282481508,0,0,0,79.2, -0.6, 2.6,,,0,0,1024,1024,1024,1024,0,0,0,0,73.9,0,0,89,3.962,3.951,3.953,0,0,0,6.628,87.26,1.793287787044,5.577428,38,Tripod,
128800,2026-05-22 08:54:57,51.9887134221409,4.38996214230004,5.577428,,,1.793287787044,5.249344,0,35.114502436,54.283466304,26,5,11.874,1.793287787044,5.577428,6.3305402,37.282481508,0,0,0,79.1, -0.2, 2.2,,,0,0,1024,1024,1024,1024,0,0,0,0,73.9,0,0,89,3.962,3.951,3.953,0,0,0,6.628,87.26,1.793287787044,5.577428,38,Tripod,
128900,2026-05-22 08:54:57,51.9887133882841,4.38996214657786,5.577428,,,1.793287787044,5.249344,0,35.125657292,54.295933496,26,5,11.874,1.793287787044,5.577428,6.3305402,37.282481508,0,0,0,78.9, -0.4, 1.5,,,0,0,1024,1024,1024,1024,0,0,0,0,73.9,0,0,89,3.962,3.951,3.953,0,0,0,6.628,87.26,1.793287787044,5.577428,38,Tripod,
129000,2026-05-22 08:54:57,51.9887134407741,4.38996224905454,5.577428,,,1.793287787044,5.249344,0,35.099410572,54.32578914,26,5,11.874,1.793287787044,5.577428,6.3305402,37.282481508,0,0,0,78.9, -0.7, 0.7,,,0,0,1024,1024,1024,1024,0,0,0,0,73.9,0,0,89,3.962,3.951,3.953,0,0,0,6.628,87.26,1.793287787044,5.577428,38,Tripod,
129100,2026-05-22 08:54:57,51.9887134076541,4.38996223746613,5.577428,,,1.793287787044,5.249344,0,35.11154968,54.338256332,26,5,11.874,1.793287787044,5.577428,6.3305402,37.282481508,0,0,0,78.9, -1.1, 0.3,,,0,0,1024,1024,1024,1024,0,0,0,0,73.9,0,0,89,3.962,3.951,3.953,0,0,0,6.628,87.26,1.793287787044,5.577428,38,Tripod,
129200,2026-05-22 08:54:57,51.9887133885497,4.38996215322413,5.577428,,,1.793287787044,5.249344,0,35.125001124,54.358269456,26,5,11.874,1.793287787044,5.577428,6.3305402,37.282481508,0,0,0,79, -1.1, 0.7,,,0,0,1024,1024,1024,1024,0,0,0,0,73.9,0,0,89,3.962,3.951,3.953,0,0,0,6.628,87.26,1.793287787044,5.577428,38,Tripod,
129300,2026-05-22 08:54:58,51.9887133829983,4.38996213483293,5.577428,,,1.793287787044,5.249344,0,35.128281964,54.362862632,26,5,11.874,1.793287787044,5.577428,6.3305402,37.282481508,0,0,0,79, -1, 1.4,,,0,0,1024,1024,1024,1024,0,0,0,0,73.9,0,0,89,3.962,3.951,3.953,0,0,0,6.628,87.26,1.793287787044,5.577428,38,Tripod,
129400,2026-05-22 08:54:58,51.9887134724121,4.38996213413041,5.577428,,,1.793287787044,5.249344,0,35.098098236,54.395671032,26,5,11.859,1.793287787044,5.577428,6.3305402,37.282481508,0,0,0,78.9, -0.8, 1.2,,,0,0,1024,1024,1024,1024,0,0,0,0,73.9,0,0,89,3.963,3.951,3.953,0,0,0,6.854,87.26,1.793287787044,5.577428,38,Tripod,
129500,2026-05-22 08:54:58,51.9887134746053,4.3899621305586,5.577428,,,1.793287787044,5.249344,0,35.097442068,54.396655284,26,5,11.859,1.793287787044,5.577428,6.3305402,37.282481508,0,0,0,79.1, -0.7, 1.1,,,0,0,1024,1024,1024,1024,0,0,0,0,73.9,0,0,89,3.963,3.951,3.953,0,0,0,6.854,87.26,1.793287787044,5.577428,38,Tripod,
129600,2026-05-22 08:54:58,51.9887133722124,4.38996218834412,5.577428,,,1.793287787044,5.249344,0,35.127625796,54.436353448,26,5,11.859,1.793287787044,5.577428,6.3305402,37.282481508,0,0,0,79.2, -0.6, 1.2,,,0,0,1024,1024,1024,1024,0,0,0,0,73.9,0,0,89,3.963,3.951,3.953,0,0,0,6.854,87.26,1.793287787044,5.577428,38,Tripod,
129700,2026-05-22 08:54:58,51.9887133594475,4.38996219664937,5.577428,,,1.793287787044,5.249344,0,35.13123472,54.441274708,26,5,11.859,1.793287787044,5.577428,6.3305402,37.282481508,0,0,0,79.1, -0.4, 1.1,,,0,0,1024,1024,1024,1024,0,0,0,0,73.9,0,0,89,3.963,3.951,3.953,0,0,0,6.854,87.26,1.793287787044,5.577428,38,Tripod,
129800,2026-05-22 08:54:58,51.9887133549241,4.38996222726195,5.577428,,,1.793287787044,5.249344,0,35.130250468,54.448492556,26,5,11.859,1.793287787044,5.577428,6.3305402,37.282481508,0,0,0,78.9, -0.1, 1.1,,,0,0,1024,1024,1024,1024,0,0,0,0,73.9,0,0,89,3.963,3.951,3.953,0,0,0,6.854,87.26,1.793287787044,5.577428,38,Tripod,
129900,2026-05-22 08:54:58,51.9887133286834,4.38996222080693,5.577428,,,1.793287787044,5.249344,0,35.139764904,54.458006992,26,5,11.859,1.793287787044,5.577428,6.3305402,37.282481508,0,0,0,78.9, -0.2, 0.6,,,0,0,1024,1024,1024,1024,0,0,0,0,73.9,0,0,89,3.963,3.951,3.953,0,0,0,6.854,87.26,1.793287787044,5.577428,38,Tripod,
130000,2026-05-22 08:54:58,51.988713325111,4.38996217605661,5.577428,,,1.793287787044,5.249344,0,35.144686164,54.468177596,26,5,11.859,1.793287787044,5.577428,6.3305402,37.282481508,0,0,0,78.8, -0.4, 0.2,,,0,0,1024,1024,1024,1024,0,0,0,0,73.9,0,0,89,3.963,3.951,3.953,0,0,0,6.854,87.26,1.793287787044,5.577428,38,Tripod,
130100,2026-05-22 08:54:58,51.9887133153703,4.38996214046365,5.577428,,,1.793287787044,5.249344,0,35.15091976,54.477035864,26,5,11.859,1.793287787044,5.577428,6.3305402,37.282481508,0,0,0,78.7, -0.9, 0.5,,,0,0,1024,1024,1024,1024,0,0,0,0,73.9,0,0,89,3.963,3.951,3.953,0,0,0,6.854,87.26,1.793287787044,5.577428,38,Tripod,
130200,2026-05-22 08:54:58,51.9887133631742,4.3899620954873,5.577428,,,1.793287787044,5.249344,0,35.138124484,54.497048988,26,5,11.859,1.793287787044,5.577428,6.3305402,37.282481508,0,0,0,78.8, -1.1, 0.8,,,0,0,1024,1024,1024,1024,0,0,0,0,73.9,0,0,89,3.963,3.951,3.953,0,0,0,6.854,87.26,1.793287787044,5.577428,38,Tripod,
130300,2026-05-22 08:54:59,51.9887133731976,4.38996207251917,5.577428,,,1.793287787044,5.249344,0,35.136812148,54.503282584,26,5,11.859,1.793287787044,5.577428,6.3305402,37.282481508,0,0,0,78.7, -0.8, 0.9,,,0,0,1024,1024,1024,1024,0,0,0,0,73.9,0,0,89,3.963,3.951,3.953,0,0,0,6.854,87.26,1.793287787044,5.577428,38,Tripod,
130400,2026-05-22 08:54:59,51.9887132870563,4.38996212062218,5.577428,,,1.793287787044,5.249344,0,35.162074616,54.536747152,26,5,11.867,1.793287787044,5.577428,6.3305402,37.282481508,0,0,0,78.9, -0.7, 1.2,,,0,0,1024,1024,1024,1024,0,0,0,0,73.9,0,0,89,3.964,3.952,3.954,0,0,0,6.663,87.26,1.793287787044,5.577428,38,Tripod,
130500,2026-05-22 08:54:59,51.9887133004808,4.38996211121443,5.577428,,,1.793287787044,5.249344,0,35.158137608,54.541996496,26,5,11.867,1.793287787044,5.577428,6.3305402,37.282481508,0,0,0,78.8, -0.7, 1.1,,,0,0,1024,1024,1024,1024,0,0,0,0,73.9,0,0,89,3.964,3.952,3.954,0,0,0,6.663,87.26,1.793287787044,5.577428,38,Tripod,
130600,2026-05-22 08:54:59,51.9887133413455,4.38996218964832,5.577428,,,1.793287787044,5.249344,0,35.138124484,54.564962376,26,5,11.867,1.793287787044,5.577428,6.3305402,37.282481508,0,0,0,79, -0.6, 1.2,,,0,0,1164,1024,1024,1024,21,0,0,0,73.9,0,0,89,3.964,3.952,3.954,0,0,0,6.663,87.26,1.793287787044,5.577428,38,Tripod,
130700,2026-05-22 08:54:59,51.9887133630628,4.3899621938392,5.577428,,,1.793287787044,5.249344,0,35.130250468,54.573164476,26,5,11.867,1.793287787044,5.577428,6.3305402,37.282481508,0,0,0,78.9, -0.5, 1.5,,,0,0,1684,1024,1024,1024,100,0,0,0,73.9,0,0,89,3.964,3.952,3.954,0,0,0,6.663,87.26,1.793287787044,5.577428,38,Tripod,
130800,2026-05-22 08:54:59,51.9887133565262,4.38996221827501,5.577428,,,1.793287787044,5.249344,0,35.130578552,54.579069988,26,5,11.867,1.793287787044,5.577428,6.3305402,37.282481508,0,0,0,78.9, -1.3, 1.6,,,0,0,1684,1024,1024,1024,100,0,0,0,73.9,0,0,89,3.964,3.952,3.954,0,0,0,6.663,87.26,1.793287787044,5.577428,38,Tripod,
130900,2026-05-22 08:54:59,51.9887133771385,4.38996224459939,5.577428,,,1.793287787044,5.249344,0,35.1213922,54.588584424,26,5,11.867,1.793287787044,5.577428,6.3305402,37.282481508,0,0,0,78.9, -7.6, 1.4,,,0,0,1684,1024,1024,1024,100,0,0,0,73.9,0,0,89,3.964,3.952,3.954,0,0,0,6.663,87.26,1.793287787044,5.577428,38,Tripod,
131000,2026-05-22 08:54:59,51.9887133732919,4.38996239761729,5.577428,,,1.793287787044,5.249344,0.223694,35.110237344,54.623033244,26,5,11.867,1.793287787044,5.577428,6.3305402,37.282481508,0,0.223694,0,78.8, -12.1, 1.5,,,0,0,1684,1024,1024,1024,100,0,0,0,73.9,0,0,89,3.964,3.952,3.954,0,0,0,6.663,87.26,1.793287787044,5.577428,38,Tripod,
131100,2026-05-22 08:54:59,51.988713442599,4.38996281218125,5.577428,,,1.793287787044,5.249344,0.671082,35.052822644,54.71948994,26,5,11.867,1.793287787044,5.577428,6.3305402,37.282481508,0,0.671082,0,78.6, -14, 1.5,,,0,0,1684,1024,1024,1024,100,0,0,0,73.9,0,0,89,3.964,3.952,3.954,0,0,0,6.663,87.26,1.793287787044,5.577428,38,Tripod,
131200,2026-05-22 08:54:59,51.9887135074171,4.38996351628146,5.577428,,,1.793287787044,5.249344,1.3645334,34.974082484,54.879594932,26,5,11.867,1.793287787044,5.577428,6.3305402,37.282481508,0.223694,1.342164,0,78.6, -15, 1.7,,,0,0,1684,1024,1024,1024,100,0,0,0,73.9,0,0,89,3.964,3.952,3.954,0,0,0,6.663,87.26,1.793287787044,5.577428,38,Tripod,
131300,2026-05-22 08:55:00,51.9887136573483,4.38996456865983,5.577428,,,1.793287787044,5.249344,1.8119214,34.83923996,55.122049008,26,5,11.867,1.793287787044,5.577428,6.3305402,37.282481508,0.223694,1.789552,0,78.5, -15.6, 1.9,,,0,0,1615,1024,1024,1024,90,0,0,0,73.9,0,0,89,3.964,3.952,3.954,0,0,0,6.663,87.26,1.793287787044,5.577428,38,Tripod,
131400,2026-05-22 08:55:00,51.9887139031102,4.38996563738439,5.577428,,,1.793287787044,5.249344,2.2816788,34.671260952,55.378610696,26,5,11.865,1.793287787044,5.577428,6.3305402,37.282481508,0.447388,2.23694,0,78.6, -14.8, 1.8,,,0,0,1435,1024,1024,1024,62,0,0,0,73.9,0,0,89,3.961,3.947,3.949,0,0,0,6.582,87.44,1.793287787044,5.577428,38,Tripod,
131500,2026-05-22 08:55:00,51.9887141359958,4.38996732088908,5.577428,,,1.793287787044,5.249344,2.7290668,34.462271444,55.7660779,26,5,11.865,1.793287787044,5.577428,6.3305402,37.282481508,0.447388,2.684328,0,78.7, -14.3, 1.8,,,0,0,1024,1024,1024,1024,0,0,0,0,73.9,0,0,89,3.961,3.947,3.949,0,0,0,6.582,87.44,1.793287787044,5.577428,38,Tripod,
131600,2026-05-22 08:55:00,51.9887142276714,4.38996865557997,5.577428,,,1.793287787044,5.249344,3.1540854,34.33070976,56.06791518,26,5,11.865,1.793287787044,5.577428,6.3305402,37.282481508,0.447388,3.131716,0,78.7, -10.4, 2.1,,,0,0,1024,1024,1024,1024,0,0,0,0,73.9,0,0,89,3.961,3.947,3.949,0,0,0,6.582,87.44,1.793287787044,5.577428,38,Tripod,
131700,2026-05-22 08:55:00,51.9887144914582,4.38997077772575,5.577428,,,1.793287787044,5.249344,3.3777794,34.084974844,56.554463752,26,5,11.865,1.793287787044,5.577428,6.3305402,37.282481508,0.447388,3.35541,0,78.9, 1.4, 2.1,,,0,0,1185,1024,1024,1024,24,0,0,0,73.9,0,0,89,3.961,3.947,3.949,0,0,0,6.582,87.44,1.793287787044,5.577428,38,Tripod,
131800,2026-05-22 08:55:00,51.9887148302062,4.38997219764944,5.577428,,,1.793287787044,5.249344,3.1540854,33.867455152,56.89632728,26,5,11.865,1.793287787044,5.577428,6.3305402,37.282481508,0.447388,3.131716,0,79.4, 9.4, 1.7,,,0,0,1375,1024,1024,1024,53,0,0,0,73.9,0,0,89,3.961,3.947,3.949,0,0,0,6.582,87.44,1.793287787044,5.577428,38,Tripod,
131900,2026-05-22 08:55:00,51.9887150562467,4.38997396900389,5.577428,,,1.793287787044,5.249344,2.7290668,33.666995828,57.302823356,26,5,11.865,1.793287787044,5.577428,6.3305402,37.282481508,0.447388,2.684328,0,79.8, 7.2, 1.7,,,0,0,1375,1024,1024,1024,53,0,0,0,73.9,0,0,89,3.961,3.947,3.949,0,0,0,6.582,87.44,1.793287787044,5.577428,38,Tripod,
132000,2026-05-22 08:55:00,51.9887152671494,4.38997503873305,5.577428,,,1.793287787044,5.249344,2.2816788,33.5219827,57.555119952,26,5,11.865,1.793287787044,5.577428,6.3305402,37.282481508,0.447388,2.23694,0,79.9, 2.5, 1.6,,,0,0,1477,1024,1024,1024,69,0,0,0,73.9,0,0,89,3.961,3.947,3.949,0,0,0,6.582,87.44,1.793287787044,5.577428,38,Tripod,
132100,2026-05-22 08:55:00,51.9887154664437,4.38997637771361,5.577428,,,1.793287787044,5.249344,2.2816788,33.364830464,57.864831248,26,5,11.865,1.793287787044,5.577428,6.3305402,37.282481508,0.447388,2.23694,0,79.6, -1.6, 1.7,,,0,0,1488,1024,1024,1024,70,0,0,0,73.9,0,0,89,3.961,3.947,3.949,0,0,0,6.582,87.44,1.793287787044,5.577428,38,Tripod,
132200,2026-05-22 08:55:00,51.9887158229427,4.38997830925925,5.577428,,,1.793287787044,5.249344,2.2816788,33.117783212,58.317915252,26,5,11.865,1.793287787044,5.577428,6.3305402,37.282481508,0.447388,2.23694,0,79.2, -4, 1.8,,,0,0,1488,1024,1024,1024,70,0,0,0,73.9,0,0,89,3.961,3.947,3.949,0,0,0,6.582,87.44,1.793287787044,5.577428,38,Tripod,
132300,2026-05-22 08:55:01,51.9887160625448,4.38997968715433,5.577428,,,1.793287787044,5.249344,2.2816788,32.949148036,58.639437572,26,5,11.865,1.793287787044,5.577428,6.3305402,37.282481508,0.447388,2.23694,0,78.9, -4.9, 2.1,,,0,0,1483,1024,1024,1024,70,0,0,0,73.9,0,0,89,3.961,3.947,3.949,0,0,0,6.582,87.44,1.793287787044,5.577428,38,Tripod,
132400,2026-05-22 08:55:01,51.9887165509072,4.3899820025329,5.577428,,,1.793287787044,5.249344,2.5053728,32.64107716,59.189306356,26,5,11.855,1.793287787044,5.577428,6.3305402,37.282481508,0.447388,2.460634,0,78.7, -5.2, 2.1,,,0,0,1377,1024,1024,1024,53,0,0,0,73.9,0,0,89,3.964,3.953,3.954,0,0,0,6.9,87.44,1.793287787044,5.577428,38,Tripod,
132500,2026-05-22 08:55:01,51.9887168378591,4.38998358681862,5.577428,,,1.793287787044,5.249344,2.5053728,32.4505915896,59.56036936,26,5,11.855,1.793287787044,5.577428,6.3305402,37.282481508,0.447388,2.460634,0,78.7, -5.1, 2.2,,,0,0,1485,1024,1024,1024,70,0,0,0,73.9,0,0,89,3.964,3.953,3.954,0,0,0,6.9,87.44,1.793287787044,5.577428,38,Tripod,
132600,2026-05-22 08:55:01,51.9887169860513,4.38998560338015,5.577428,,,1.793287787044,5.249344,2.7290668,32.289699196,60.016734204,26,5,11.855,1.793287787044,5.577428,6.3305402,37.282481508,0.447388,2.684328,0,78.6, -4.2, 2.4,,,0,0,1324,1024,1024,1024,45,0,0,0,73.9,0,0,89,3.964,3.953,3.954,0,0,0,6.9,87.44,1.793287787044,5.577428,38,Tripod,
132700,2026-05-22 08:55:01,51.988717278212,4.38998734764807,5.577428,,,1.793287787044,5.249344,2.7290668,32.096785804,60.422902196,26,5,11.855,1.793287787044,5.577428,6.3305402,37.282481508,0.447388,2.684328,0,78.7, -4.6, 2.2,,,0,0,1324,1024,1024,1024,45,0,0,0,73.9,0,0,89,3.964,3.953,3.954,0,0,0,6.9,87.44,1.793287787044,5.577428,38,Tripod,
132800,2026-05-22 08:55:01,51.9887176957423,4.38998919681504,5.577428,,,1.793287787044,5.249344,2.9527608,31.8581703108,60.865487512,26,5,11.855,1.793287787044,5.577428,6.3305402,37.282481508,0.447388,2.908022,0,78.7, -2.4, 2.2,,,0,0,1024,1024,1024,1024,0,0,0,0,73.9,0,0,89,3.964,3.953,3.954,0,0,0,6.9,87.44,1.793287787044,5.577428,38,Tripod,
132900,2026-05-22 08:55:01,51.9887180152575,4.38999099599429,5.577428,,,1.793287787044,5.249344,2.7290668,31.6612214856,61.2860912,26,5,11.855,1.793287787044,5.577428,6.3305402,37.282481508,0.447388,2.684328,0,79.1, 6.1, 2.4,,,0,0,1024,1024,1024,1024,0,0,0,0,73.9,0,0,89,3.964,3.953,3.954,0,0,0,6.9,87.44,1.793287787044,5.577428,38,Tripod,
133000,2026-05-22 08:55:01,51.988718368244,4.38999266837001,5.577428,,,1.793287787044,5.249344,2.2816788,31.4620416892,61.683400924,26,5,11.855,1.793287787044,5.577428,6.3305402,37.282481508,0.447388,2.23694,0,79.6, 8.9, 2.3,,,0,0,364,1024,1024,1024,-100,0,0,0,73.9,0,0,89,3.964,3.953,3.954,0,0,0,6.9,87.44,1.793287787044,5.577428,38,Tripod,
133100,2026-05-22 08:55:01,51.9887186553929,4.3899940331528,5.577428,,,1.793287787044,5.249344,1.8342908,31.3026256736,62.007219832,26,5,11.855,1.793287787044,5.577428,6.3305402,37.282481508,0.447388,1.789552,0,80.2, 12.2, 2.4,,,0,0,364,1024,1024,1024,-100,0,0,0,73.9,0,0,89,3.964,3.953,3.954,0,0,0,6.9,87.44,1.793287787044,5.577428,38,Tripod,
133200,2026-05-22 08:55:01,51.9887188702449,4.38999509775057,5.577428,,,1.793287787044,5.249344,1.3645334,31.1833343312,62.259188344,26,5,11.855,1.793287787044,5.577428,6.3305402,37.282481508,0.223694,1.342164,0,80.6, 15, 2.7,,,0,0,1024,1024,1024,1024,0,0,0,0,73.9,0,0,89,3.964,3.953,3.954,0,0,0,6.9,87.44,1.793287787044,5.577428,38,Tripod,
133300,2026-05-22 08:55:02,51.9887190815245,4.38999574304948,5.577428,,,1.793287787044,5.249344,0.7158208,31.0826453516,62.423230344,26,5,11.855,1.793287787044,5.577428,6.3305402,37.282481508,0.223694,0.671082,0,80.4, 8, 2.9,,,0,0,1024,1024,1024,1024,0,0,0,0,73.9,0,0,89,3.964,3.953,3.954,0,0,0,6.9,87.44,1.793287787044,5.577428,38,Tripod,
133400,2026-05-22 08:55:02,51.9887190964053,4.38999677561473,5.577428,,,1.793287787044,5.249344,0.447388,31.0390101796,62.655513816,26,5,11.863,1.793287787044,5.577428,6.3305402,37.282481508,0,0.447388,0,80.4, 3.2, 3,,,0,0,1024,1024,1024,1024,0,0,0,0,73.9,0,0,89,3.963,3.952,3.953,0,0,0,6.509,87.44,1.793287787044,5.577428,38,Tripod,
133500,2026-05-22 08:55:02,51.9887192335203,4.38999709081505,5.577428,,,1.793287787044,5.249344,0.223694,30.9782818312,62.742127992,26,5,11.863,1.793287787044,5.577428,6.3305402,37.282481508,0,0.223694,0,80.1, 2.1, 2.7,,,0,0,364,1024,1024,1024,-100,0,0,0,73.9,0,0,89,3.963,3.952,3.953,0,0,0,6.509,87.44,1.793287787044,5.577428,38,Tripod,
133600,2026-05-22 08:55:02,51.9887193813954,4.38999814317815,5.577428,,,1.793287787044,5.249344,0.223694,30.8881571564,62.984582068,26,5,11.863,1.793287787044,5.577428,6.3305402,37.282481508,0,0.223694,0,79.8, 1.5, 2.4,,,0,0,1024,1024,1024,1024,0,0,0,0,73.9,0,0,89,3.963,3.952,3.953,0,0,0,6.509,87.44,1.793287787044,5.577428,38,Tripod,
133700,2026-05-22 08:55:02,51.9887194880375,4.3899983907979,5.577428,,,1.793287787044,5.249344,0.223694,30.8412739528,63.052495456,26,5,11.863,1.793287787044,5.577428,6.3305402,37.282481508,0,0.223694,0,79.6, 6.7, 2.2,,,0,0,1024,1024,1024,1024,0,0,0,0,73.9,0,0,89,3.963,3.952,3.953,0,0,0,6.509,87.44,1.793287787044,5.577428,38,Tripod,
133800,2026-05-22 08:55:02,51.9887194961076,4.38999894862599,5.577428,,,1.793287787044,5.249344,0,30.8197516424,63.177823544,26,5,11.863,1.793287787044,5.577428,6.3305402,37.282481508,0,0,0,79.8, 6.2, 1.9,,,0,0,1024,1024,1024,1024,0,0,0,0,73.9,0,0,89,3.963,3.952,3.953,0,0,0,6.509,87.44,1.793287787044,5.577428,38,Tripod,
133900,2026-05-22 08:55:02,51.9887195677792,4.38999892948443,5.577428,,,1.793287787044,5.249344,0,30.7945219828,63.204398348,26,5,11.863,1.793287787044,5.577428,6.3305402,37.282481508,0,0,0,79.7, 0.1, 2.2,,,0,0,1024,1024,1024,1024,0,0,0,0,73.9,0,0,89,3.963,3.952,3.953,0,0,0,6.509,87.44,1.793287787044,5.577428,38,Tripod,
134000,2026-05-22 08:55:02,51.9887195715144,4.38999882625351,5.577428,,,1.793287787044,5.249344,0.223694,30.796588912,63.227692312,26,5,11.863,1.793287787044,5.577428,6.3305402,37.282481508,0,-0.223694,0,79.4, -1.5, 2,,,0,0,1024,1024,1024,1024,0,0,0,0,73.9,0,0,89,3.963,3.952,3.953,0,0,0,6.509,87.44,1.793287787044,5.577428,38,Tripod,
134100,2026-05-22 08:55:02,51.9887196319804,4.38999879181926,5.577428,,,1.793287787044,5.249344,0,30.7758868116,63.250986276,26,5,11.863,1.793287787044,5.577428,6.3305402,37.282481508,0,0,0,79.2, -1.7, 2,,,0,0,1024,1024,1024,1024,0,0,0,0,73.9,0,0,89,3.963,3.952,3.953,0,0,0,6.509,87.44,1.793287787044,5.577428,38,Tripod,
134200,2026-05-22 08:55:02,51.9887194464104,4.38999892392792,5.577428,,,1.793287787044,5.249344,0,30.8384852388,63.324805176,26,5,11.863,1.793287787044,5.577428,6.3305402,37.282481508,0,0,0,79.1, -1.7, 1.8,,,0,0,1024,1024,1024,1024,0,0,0,0,73.9,0,0,89,3.963,3.952,3.953,0,0,0,6.509,87.44,1.793287787044,5.577428,38,Tripod,
134300,2026-05-22 08:55:03,51.9887194928864,4.38999897474731,5.577428,,,1.793287787044,5.249344,0,30.820046918,63.345474468,26,5,11.863,1.793287787044,5.577428,6.3305402,37.282481508,0,0,0,79.1, -2, 1.8,,,0,0,1024,1024,1024,1024,0,0,0,0,73.9,0,0,89,3.963,3.952,3.953,0,0,0,6.509,87.44,1.793287787044,5.577428,38,Tripod,
134400,2026-05-22 08:55:03,51.988719410052,4.38999882278879,5.577428,,,1.793287787044,5.249344,0,30.8549550556,63.391078144,26,5,11.861,1.793287787044,5.577428,6.3305402,37.282481508,0,0,0,79.1, -1.8, 1.8,,,0,0,1024,1024,1024,1024,0,0,0,0,73.9,0,0,89,3.959,3.948,3.95,0,0,0,6.648,87.44,1.793287787044,5.577428,38,Tripod,
134500,2026-05-22 08:55:03,51.9887194628762,4.38999893677298,5.577428,,,1.793287787044,5.249344,0,30.8321204092,63.422902292,26,5,11.861,1.793287787044,5.577428,6.3305402,37.282481508,0,0,0,79, -1.3, 2,,,0,0,1024,1024,1024,1024,0,0,0,0,73.9,0,0,89,3.959,3.948,3.95,0,0,0,6.648,87.44,1.793287787044,5.577428,38,Tripod,
134600,2026-05-22 08:55:03,51.9887192757213,4.38999850390534,5.577428,,,1.793287787044,5.249344,0,30.914042984,63.5416687,26,5,11.861,1.793287787044,5.577428,6.3305402,37.282481508,0,0,0,79, -0.8, 2.4,,,0,0,1024,1024,1024,1024,0,0,0,0,73.9,0,0,89,3.959,3.948,3.95,0,0,0,6.648,87.44,1.793287787044,5.577428,38,Tripod,
134700,2026-05-22 08:55:03,51.9887193145898,4.38999859887116,5.577428,,,1.793287787044,5.249344,0,30.8968513824,63.567259252,26,5,11.861,1.793287787044,5.577428,6.3305402,37.282481508,0,0,0,79.1, -0.8, 2.4,,,0,0,1024,1024,1024,1024,0,0,0,0,73.9,0,0,89,3.959,3.948,3.95,0,0,0,6.648,87.44,1.793287787044,5.577428,38,Tripod,
134800,2026-05-22 08:55:03,51.9887192875352,4.38999832176155,5.577428,,,1.793287787044,5.249344,0,30.9159458712,63.630579464,26,5,11.861,1.793287787044,5.577428,6.3305402,37.282481508,0,0,0,79.2, -1.1, 2.4,,,0,0,1024,1024,1024,1024,0,0,0,0,73.9,0,0,89,3.959,3.948,3.95,0,0,0,6.648,87.44,1.793287787044,5.577428,38,Tripod,
134900,2026-05-22 08:55:03,51.9887193191475,4.38999838698855,5.577428,,,1.793287787044,5.249344,0,30.9023303852,63.648952168,26,5,11.861,1.793287787044,5.577428,6.3305402,37.282481508,0,0,0,79.1, -1.3, 2.4,,,0,0,1024,1024,1024,1024,0,0,0,0,73.9,0,0,89,3.959,3.948,3.95,0,0,0,6.648,87.44,1.793287787044,5.577428,38,Tripod,
135000,2026-05-22 08:55:03,51.988719261937,4.38999815503565,5.577428,,,1.793287787044,5.249344,0,30.9308408848,63.705382616,26,5,11.861,1.793287787044,5.577428,6.3305402,37.282481508,0,0,0,79.2, -1.1, 2.3,,,0,0,1024,1024,1024,1024,0,0,0,0,73.9,0,0,89,3.959,3.948,3.95,0,0,0,6.648,87.44,1.793287787044,5.577428,38,Tripod,
135100,2026-05-22 08:55:03,51.9887192885975,4.38999820942577,5.577428,,,1.793287787044,5.249344,0,30.9193579448,63.720802564,26,5,11.861,1.793287787044,5.577428,6.3305402,37.282481508,0,0,0,79.2, -1, 2.6,,,0,0,1024,1024,1024,1024,0,0,0,0,73.9,0,0,89,3.959,3.948,3.95,0,0,0,6.648,87.44,1.793287787044,5.577428,38,Tripod,
135200,2026-05-22 08:55:04,51.9887192434751,4.38999799876688,5.577428,,,1.793287787044,5.249344,0,30.9428487592,63.770999416,26,5,11.861,1.793287787044,5.577428,6.3305402,37.282481508,0,0,0,79.2, -1.1, 3,,,0,0,1024,1024,1024,1024,0,0,0,0,73.9,0,0,89,3.959,3.948,3.95,0,0,0,6.648,87.44,1.793287787044,5.577428,38,Tripod,
135300,2026-05-22 08:55:04,51.988719257268,4.3899980380618,5.577428,,,1.793287787044,5.249344,0,30.936516738,63.78117002,26,5,11.861,1.793287787044,5.577428,6.3305402,37.282481508,0,0,0,79.3, -0.9, 2.8,,,0,0,1024,1024,1024,1024,0,0,0,0,73.9,0,0,89,3.959,3.948,3.95,0,0,0,6.648,87.44,1.793287787044,5.577428,38,Tripod,
135400,2026-05-22 08:55:04,51.9887192036728,4.38999784759156,5.577428,,,1.793287787044,5.249344,0,30.9624025656,63.828086032,26,5,11.857,1.793287787044,5.577428,6.3305402,37.282481508,0,0,0,79.3, -0.9, 2.8,,,0,0,1024,1024,1024,1024,0,0,0,0,73.9,0,0,89,3.959,3.949,3.951,0,0,0,6.772,87.44,1.793287787044,5.577428,38,Tripod,
135500,2026-05-22 08:55:04,51.9887191993978,4.38999786063044,5.577428,,,1.793287787044,5.249344,0,30.9634852428,63.831366872,26,5,11.857,1.793287787044,5.577428,6.3305402,37.282481508,0,0,0,79.3, -1.2, 2.5,,,0,0,1024,1024,1024,1024,0,0,0,0,73.9,0,0,89,3.959,3.949,3.951,0,0,0,6.772,87.44,1.793287787044,5.577428,38,Tripod,
135600,2026-05-22 08:55:04,51.9887193075906,4.38999782537691,5.577428,,,1.793287787044,5.249344,0,30.9257227744,63.871721204,26,5,11.857,1.793287787044,5.577428,6.3305402,37.282481508,0,0,0,79.3, -1.4, 2.5,,,0,0,1024,1024,1024,1024,0,0,0,0,73.9,0,0,89,3.959,3.949,3.951,0,0,0,6.772,87.44,1.793287787044,5.577428,38,Tripod,
135700,2026-05-22 08:55:04,51.9887193118141,4.38999784434605,5.577428,,,1.793287787044,5.249344,0,30.9235246116,63.87631438,26,5,11.857,1.793287787044,5.577428,6.3305402,37.282481508,0,0,0,79.1, -1.3, 2.7,,,0,0,1024,1024,1024,1024,0,0,0,0,73.9,0,0,89,3.959,3.949,3.951,0,0,0,6.772,87.44,1.793287787044,5.577428,38,Tripod,
135800,2026-05-22 08:55:04,51.9887192820095,4.38999767858658,5.577428,,,1.793287787044,5.249344,0,30.9400272368,63.915028292,26,5,11.857,1.793287787044,5.577428,6.3305402,37.282481508,0,0,0,79, -1.2, 3,,,0,0,1024,1024,1024,1024,0,0,0,0,73.9,0,0,89,3.959,3.949,3.951,0,0,0,6.772,87.44,1.793287787044,5.577428,38,Tripod,
135900,2026-05-22 08:55:04,51.9887192772719,4.38999769594246,5.577428,,,1.793287787044,5.249344,0,30.9411427224,63.919293384,26,5,11.857,1.793287787044,5.577428,6.3305402,37.282481508,0,0,0,79, -1.3, 2.7,,,0,0,1024,1024,1024,1024,0,0,0,0,73.9,0,0,89,3.959,3.949,3.951,0,0,0,6.772,87.44,1.793287787044,5.577428,38,Tripod,
136000,2026-05-22 08:55:04,51.9887194170341,4.38999773801043,5.577428,,,1.793287787044,5.249344,0,30.8893054504,63.971130656,26,5,11.857,1.793287787044,5.577428,6.3305402,37.282481508,0,0,0,79.2, -1, 2.5,,,0,0,1024,1024,1024,1024,0,0,0,0,73.9,0,0,89,3.959,3.949,3.951,0,0,0,6.772,87.44,1.793287787044,5.577428,38,Tripod,
136100,2026-05-22 08:55:04,51.9887194228083,4.38999777103652,5.577428,,,1.793287787044,5.249344,0,30.8860574188,63.979004672,26,5,11.857,1.793287787044,5.577428,6.3305402,37.282481508,0,0,0,79, -0.8, 2.4,,,0,0,1024,1024,1024,1024,0,0,0,0,73.9,0,0,89,3.959,3.949,3.951,0,0,0,6.772,87.44,1.793287787044,5.577428,38,Tripod,
136200,2026-05-22 08:55:04,51.9887193946742,4.38999761714296,5.577428,,,1.793287787044,5.249344,0,30.901575792,64.015093912,26,5,11.857,1.793287787044,5.577428,6.3305402,37.282481508,0,0,0,79, -0.7, 2.8,,,0,0,1024,1024,1024,1024,0,0,0,0,73.9,0,0,89,3.959,3.949,3.951,0,0,0,6.772,87.44,1.793287787044,5.577428,38,Tripod,
136300,2026-05-22 08:55:05,51.9887193992919,4.38999761777059,5.577428,,,1.793287787044,5.249344,0,30.8999025636,64.016734332,26,5,11.857,1.793287787044,5.577428,6.3305402,37.282481508,0,0,0,79.1, -0.9, 3,,,0,0,1024,1024,1024,1024,0,0,0,0,73.9,0,0,89,3.959,3.949,3.951,0,0,0,6.772,87.44,1.793287787044,5.577428,38,Tripod,
136400,2026-05-22 08:55:05,51.9887193944601,4.38999773731301,5.577428,,,1.793287787044,5.249344,0,30.897474742,64.04363722,26,5,11.858,1.793287787044,5.577428,6.3305402,37.282481508,0,0,0,79.1, -0.9, 3,,,0,0,1024,1024,1024,1024,0,0,0,0,73.9,0,0,89,3.958,3.947,3.949,0,0,0,6.65,87.44,1.793287787044,5.577428,38,Tripod,
136500,2026-05-22 08:55:05,51.9887193947599,4.38999774679897,5.577428,,,1.793287787044,5.249344,0,30.8970154244,64.045605724,26,5,11.858,1.793287787044,5.577428,6.3305402,37.282481508,0,0,0,79.1, -0.8, 3.2,,,0,0,1024,1024,1024,1024,0,0,0,0,73.9,0,0,89,3.958,3.947,3.949,0,0,0,6.65,87.44,1.793287787044,5.577428,38,Tripod,
136600,2026-05-22 08:55:05,51.9887195350361,4.38999769250231,5.577428,,,1.793287787044,5.249344,0,30.8483605672,64.098427248,26,5,11.858,1.793287787044,5.577428,6.3305402,37.282481508,0,0,0,79.3, -0.8, 3,,,0,0,1024,1024,1024,1024,0,0,0,0,73.9,0,0,89,3.958,3.947,3.949,0,0,0,6.65,87.44,1.793287787044,5.577428,38,Tripod,
136700,2026-05-22 08:55:05,51.9887195430034,4.38999769000099,5.577428,,,1.793287787044,5.249344,0,30.8455718532,64.101380004,26,5,11.858,1.793287787044,5.577428,6.3305402,37.282481508,0,0,0,79.3, -0.8, 3,,,0,0,1024,1024,1024,1024,0,0,0,0,73.9,0,0,89,3.958,3.947,3.949,0,0,0,6.65,87.44,1.793287787044,5.577428,38,Tripod,
136800,2026-05-22 08:55:05,51.9887195116653,4.38999767048517,5.577428,,,1.793287787044,5.249344,0,30.8575469192,64.113519112,26,5,11.858,1.793287787044,5.577428,6.3305402,37.282481508,0,0,0,79.3, -0.8, 3.2,,,0,0,1024,1024,1024,1024,0,0,0,0,73.9,0,0,89,3.958,3.947,3.949,0,0,0,6.65,87.44,1.793287787044,5.577428,38,Tripod,
136900,2026-05-22 08:55:05,51.9887195120508,4.38999766249488,5.577428,,,1.793287787044,5.249344,0,30.8576781528,64.115487616,26,5,11.858,1.793287787044,5.577428,6.3305402,37.282481508,0,0,0,79.2, -0.7, 3.2,,,0,0,1024,1024,1024,1024,0,0,0,0,73.9,0,0,89,3.958,3.947,3.949,0,0,0,6.65,87.44,1.793287787044,5.577428,38,Tripod,
137000,2026-05-22 08:55:05,51.9887196393566,4.38999764799402,5.577428,,,1.793287787044,5.249344,0,30.8123041356,64.162075544,26,5,11.858,1.793287787044,5.577428,6.3305402,37.282481508,0,0,0,79.3, -0.6, 3.1,,,0,0,1024,1024,1024,1024,0,0,0,0,73.9,0,0,89,3.958,3.947,3.949,0,0,0,6.65,87.44,1.793287787044,5.577428,38,Tripod,
137100,2026-05-22 08:55:05,51.9887196429033,4.38999762804827,5.577428,,,1.793287787044,5.249344,0,30.8117463928,64.16666872,26,5,11.858,1.793287787044,5.577428,6.3305402,37.282481508,0,0,0,79.3, -0.8, 3.1,,,0,0,1024,1024,1024,1024,0,0,0,0,73.9,0,0,89,3.958,3.947,3.949,0,0,0,6.65,87.44,1.793287787044,5.577428,38,Tripod,
137200,2026-05-22 08:55:05,51.9887196062194,4.38999762041072,5.577428,,,1.793287787044,5.249344,0,30.8252306452,64.180120164,26,5,11.858,1.793287787044,5.577428,6.3305402,37.282481508,0,0,0,79.2, -0.9, 3.2,,,0,0,1024,1024,1024,1024,0,0,0,0,73.9,0,0,89,3.958,3.947,3.949,0,0,0,6.65,87.44,1.793287787044,5.577428,38,Tripod,
137300,2026-05-22 08:55:06,51.9887196081984,4.38999759103819,5.577428,,,1.793287787044,5.249344,0,30.8255587292,64.186681844,26,5,11.858,1.793287787044,5.577428,6.3305402,37.282481508,0,0,0,79.3, -0.9, 3.4,,,0,0,1024,1024,1024,1024,0,0,0,0,73.9,0,0,89,3.958,3.947,3.949,0,0,0,6.65,87.44,1.793287787044,5.577428,38,Tripod,
137400,2026-05-22 08:55:06,51.9887195952793,4.38999759710169,5.577428,,,1.793287787044,5.249344,0,30.8299878632,64.191603104,26,5,11.855,1.793287787044,5.577428,6.3305402,37.282481508,0,0,0,79.3, -1, 3.3,,,0,0,1024,1024,1024,1024,0,0,0,0,73.9,0,0,88,3.958,3.946,3.948,0,0,0,6.722,87.44,1.793287787044,5.577428,38,Tripod,
137500,2026-05-22 08:55:06,51.9887195913642,4.38999757231532,5.577428,,,1.793287787044,4.92126,0,30.8322844512,64.197508616,26,5,11.855,1.793287787044,5.577428,6.3305402,37.282481508,0,0,0,79.2, -0.9, 3.2,,,0,0,1024,1024,1024,1024,0,0,0,0,73.9,0,0,88,3.958,3.946,3.948,0,0,0,6.722,87.44,1.793287787044,5.577428,38,Tripod,
137600,2026-05-22 08:55:06,51.9887195872777,4.3899976133592,5.577428,,,1.793287787044,5.249344,0,30.8323172596,64.206694968,26,5,11.855,1.793287787044,5.577428,6.3305402,37.282481508,0,0,0,79.3, -0.8, 3.3,,,0,0,1024,1024,1024,1024,0,0,0,0,73.9,0,0,88,3.958,3.946,3.948,0,0,0,6.722,87.44,1.793287787044,5.577428,38,Tripod,
137700,2026-05-22 08:55:06,51.988719578805,4.38999759771322,5.577428,,,1.793287787044,5.249344,0,30.8358933752,64.211288144,26,5,11.855,1.793287787044,5.577428,6.3305402,37.282481508,0,0,0,79.3, -0.8, 2.9,,,0,0,1024,1024,1024,1024,0,0,0,0,73.9,0,0,88,3.958,3.946,3.948,0,0,0,6.722,87.44,1.793287787044,5.577428,38,Tripod,
137800,2026-05-22 08:55:06,51.9887195730308,4.38999764884454,5.577428,,,1.793287787044,5.249344,0,30.8361886508,64.223099168,26,5,11.855,1.793287787044,5.577428,6.3305402,37.282481508,0,0,0,79.2, -0.7, 2.9,,,0,0,1024,1024,1024,1024,0,0,0,0,73.9,0,0,88,3.958,3.946,3.948,0,0,0,6.722,87.44,1.793287787044,5.577428,38,Tripod,
137900,2026-05-22 08:55:06,51.9887195656289,4.38999764478462,5.577428,,,1.793287787044,4.92126,0,30.8390101732,64.226051924,26,5,11.855,1.793287787044,5.577428,6.3305402,37.282481508,0,0,0,79.3, -0.7, 3.2,,,0,0,1024,1024,1024,1024,0,0,0,0,73.9,0,0,88,3.958,3.946,3.948,0,0,0,6.722,87.44,1.793287787044,5.577428,38,Tripod,
138000,2026-05-22 08:55:06,51.9887195712403,4.38999783051237,5.577428,,,1.793287787044,5.249344,0,30.8304799892,64.267718592,26,5,11.855,1.793287787044,5.577428,6.3305402,37.282481508,0,0,0,79.2, -0.5, 2.8,,,0,0,1024,1024,1024,1024,0,0,0,0,73.9,0,0,88,3.958,3.946,3.948,0,0,0,6.722,87.44,1.793287787044,5.577428,38,Tripod,
138100,2026-05-22 08:55:06,51.9887195599061,4.38999783346155,5.577428,,,1.793287787044,5.249344,0,30.834482614,64.271983684,26,5,11.855,1.793287787044,5.577428,6.3305402,37.282481508,0,0,0,79.3, -0.5, 2.9,,,0,0,1024,1024,1024,1024,0,0,0,0,73.9,0,0,88,3.958,3.946,3.948,0,0,0,6.722,87.44,1.793287787044,5.577428,38,Tripod,
138200,2026-05-22 08:55:06,51.9887194145668,4.38999780999532,5.577428,,,1.793287787044,4.92126,0,30.8876978388,64.325133292,26,5,11.855,1.793287787044,5.577428,6.3305402,37.282481508,0,0,0,79.3, -0.9, 2.8,,,0,0,1024,1024,1024,1024,0,0,0,0,73.9,0,0,88,3.958,3.946,3.948,0,0,0,6.722,87.44,1.793287787044,5.577428,38,Tripod,
138300,2026-05-22 08:55:07,51.9887193825347,4.38999780682332,5.577428,,,1.793287787044,5.249344,0,30.8993448208,64.336944316,26,5,11.855,1.793287787044,5.577428,6.3305402,37.282481508,0,0,0,79.1, -0.6, 2.3,,,0,0,1024,1024,1024,1024,0,0,0,0,73.9,0,0,88,3.958,3.946,3.948,0,0,0,6.722,87.44,1.793287787044,5.577428,38,Tripod,
138400,2026-05-22 08:55:07,51.9887194066166,4.38999777504498,5.577428,,,1.793287787044,4.92126,0,30.8917660804,64.348099172,26,5,11.85,1.793287787044,5.577428,6.3305402,37.282481508,0,0,0,79.2, -0.9, 1.9,,,0,0,1024,1024,1024,1024,0,0,0,0,73.9,0,0,88,3.957,3.946,3.948,0,0,0,6.794,87.44,1.793287787044,5.577428,38,Tripod,
138500,2026-05-22 08:55:07,51.9887193863899,4.38999776619663,5.577428,,,1.793287787044,5.249344,0,30.8993776292,64.355973188,26,5,11.85,1.793287787044,5.577428,6.3305402,37.282481508,0,0,0,78.9, -0.9, 1.9,,,0,0,1024,1024,1024,1024,0,0,0,0,73.9,0,0,88,3.957,3.946,3.948,0,0,0,6.794,87.44,1.793287787044,5.577428,38,Tripod,
138600,2026-05-22 08:55:07,51.9887194462819,4.38999792014816,5.577428,,,1.793287787044,5.249344,0,30.8724419328,64.396655604,26,5,11.85,1.793287787044,5.577428,6.3305402,37.282481508,0,0,0,79.1, -0.8, 2.2,,,0,0,1024,1024,1024,1024,0,0,0,0,73.9,0,0,88,3.957,3.946,3.948,0,0,0,6.794,87.44,1.793287787044,5.577428,38,Tripod,
138700,2026-05-22 08:55:07,51.9887194582329,4.38999792632268,5.577428,,,1.793287787044,5.249344,0,30.8679143736,64.40124878,26,5,11.85,1.793287787044,5.577428,6.3305402,37.282481508,0,0,0,79.1, -0.7, 2.4,,,0,0,1024,1024,1024,1024,0,0,0,0,73.9,0,0,88,3.957,3.946,3.948,0,0,0,6.794,87.44,1.793287787044,5.577428,38,Tripod,
138800,2026-05-22 08:55:07,51.9887193830916,4.38999790912715,5.577428,,,1.793287787044,5.249344,0,30.8956046632,64.42913592,26,5,11.85,1.793287787044,5.577428,6.3305402,37.282481508,0,0,0,79, -0.9, 2.5,,,0,0,1024,1024,1024,1024,0,0,0,0,73.9,0,0,88,3.957,3.946,3.948,0,0,0,6.794,87.44,1.793287787044,5.577428,38,Tripod,
138900,2026-05-22 08:55:07,51.9887193956766,4.3899978904754,5.577428,,,1.793287787044,5.249344,0,30.8917004636,64.435369516,26,5,11.85,1.793287787044,5.577428,6.3305402,37.282481508,0,0,0,79, -1.1, 2.7,,,0,0,1024,1024,1024,1024,0,0,0,0,73.9,0,0,88,3.957,3.946,3.948,0,0,0,6.794,87.44,1.793287787044,5.577428,38,Tripod,
139000,2026-05-22 08:55:07,51.9887192875523,4.38999785001057,5.577428,,,1.793287787044,5.249344,0,30.932087604,64.475723848,26,5,11.85,1.793287787044,5.577428,6.3305402,37.282481508,0,0,0,79.2, -1.2, 2.5,,,0,0,1024,1024,1024,1024,0,0,0,0,73.9,0,0,88,3.957,3.946,3.948,0,0,0,6.794,87.44,1.793287787044,5.577428,38,Tripod,
139100,2026-05-22 08:55:07,51.9887192904908,4.38999782892149,5.577428,,,1.793287787044,5.249344,0,30.93175952,64.480645108,26,5,11.85,1.793287787044,5.577428,6.3305402,37.282481508,0,0,0,79.2, -1.2, 2.8,,,0,0,1024,1024,1024,1024,0,0,0,0,73.9,0,0,88,3.957,3.946,3.948,0,0,0,6.794,87.44,1.793287787044,5.577428,38,Tripod,
139200,2026-05-22 08:55:07,51.988719300043,4.38999783258132,5.577428,,,1.793287787044,5.249344,0,30.9281834044,64.484254032,26,5,11.85,1.793287787044,5.577428,6.3305402,37.282481508,0,0,0,79.2, -1.5, 2.6,,,0,0,1024,1024,1024,1024,0,0,0,0,73.9,0,0,88,3.957,3.946,3.948,0,0,0,6.794,87.44,1.793287787044,5.577428,38,Tripod,
139300,2026-05-22 08:55:08,51.9887192979784,4.38999783085403,5.577428,,,1.793287787044,5.249344,0,30.9290036144,64.4849102,26,5,11.85,1.793287787044,5.577428,6.3305402,37.282481508,0,0,0,79.1, -1.3, 2,,,0,0,1024,1024,1024,1024,0,0,0,0,73.9,0,0,88,3.957,3.946,3.948,0,0,0,6.794,87.44,1.793287787044,5.577428,38,Tripod,
139400,2026-05-22 08:55:08,51.9887191412193,4.38999790227513,5.577428,,,1.793287787044,5.249344,0,30.9830390492,64.544293404,26,5,11.849,1.793287787044,5.577428,6.3305402,37.282481508,0,0,0,79, -1.4, 2.2,,,0,0,1024,1024,1024,1024,0,0,0,0,73.9,0,0,88,3.958,3.946,3.948,0,0,0,6.804,87.62,1.793287787044,5.577428,38,Tripod,
139500,2026-05-22 08:55:08,51.9887191284458,4.38999793337651,5.577428,,,1.793287787044,5.249344,0,30.9865823564,64.552823588,26,5,11.849,1.793287787044,5.577428,6.3305402,37.282481508,0,0,0,79, -0.9, 2.5,,,0,0,1024,1024,1024,1024,0,0,0,0,73.9,0,0,88,3.958,3.946,3.948,0,0,0,6.804,87.62,1.793287787044,5.577428,38,Tripod,
139600,2026-05-22 08:55:08,51.98871929205,4.38999784525713,5.577428,,,1.793287787044,5.249344,0,30.930611226,64.615815716,26,5,11.849,1.793287787044,5.577428,6.3305402,37.282481508,0,0,0,79, -0.8, 2.2,,,0,0,1035,1024,1024,1024,2,0,0,0,73.9,0,0,88,3.958,3.946,3.948,0,0,0,6.804,87.62,1.793287787044,5.577428,38,Tripod,
139700,2026-05-22 08:55:08,51.9887192821979,4.38999786772922,5.577428,,,1.793287787044,5.249344,0,30.93339994,64.622049312,26,5,11.849,1.793287787044,5.577428,6.3305402,37.282481508,0,0,0,78.9, -0.9, 1.7,,,0,0,1140,1024,1024,1024,18,0,0,0,73.9,0,0,88,3.958,3.946,3.948,0,0,0,6.804,87.62,1.793287787044,5.577428,38,Tripod,
139800,2026-05-22 08:55:08,51.9887192693731,4.3899978719681,5.577428,,,1.793287787044,5.249344,0,30.9378618824,64.626642488,26,5,11.849,1.793287787044,5.577428,6.3305402,37.282481508,0,0,0,78.9, -1, 1.6,,,0,0,1684,1024,1024,1024,100,0,0,0,73.9,0,0,88,3.958,3.946,3.948,0,0,0,6.804,87.62,1.793287787044,5.577428,38,Tripod,
139900,2026-05-22 08:55:08,51.9887192668973,4.38999788965643,5.577428,,,1.793287787044,5.249344,0,30.938157158,64.63090758,26,5,11.849,1.793287787044,5.577428,6.3305402,37.282481508,0,0,0,78.9, -5.5, 1.6,,,0,0,1684,1024,1024,1024,100,0,0,0,73.9,0,0,88,3.958,3.946,3.948,0,0,0,6.804,87.62,1.793287787044,5.577428,38,Tripod,
140000,2026-05-22 08:55:08,51.9887192899768,4.38999792478463,5.577428,,,1.793287787044,5.249344,0.223694,30.9286099136,64.64239052,26,5,11.849,1.793287787044,5.577428,6.3305402,37.282481508,0,0.223694,0,78.7, -10.6, 1.8,,,0,0,1684,1024,1024,1024,100,0,0,0,73.9,0,0,88,3.958,3.946,3.948,0,0,0,6.804,87.62,1.793287787044,5.577428,38,Tripod,
140100,2026-05-22 08:55:08,51.9887193414903,4.3899982298237,5.577428,,,1.793287787044,5.249344,0.447388,30.899607288,64.713256664,26,5,11.849,1.793287787044,5.577428,6.3305402,37.282481508,0,0.447388,0,78.6, -12.6, 2.2,,,0,0,1684,1024,1024,1024,100,0,0,0,73.9,0,0,88,3.958,3.946,3.948,0,0,0,6.804,87.62,1.793287787044,5.577428,38,Tripod,
140200,2026-05-22 08:55:08,51.9887194548918,4.38999877493878,5.577428,,,1.793287787044,5.249344,0.9171454,30.8403553176,64.84252176,26,5,11.849,1.793287787044,5.577428,6.3305402,37.282481508,0.223694,0.894776,0,78.6, -12.9, 2.4,,,0,0,1684,1024,1024,1024,100,0,0,0,73.9,0,0,88,3.958,3.946,3.948,0,0,0,6.804,87.62,1.793287787044,5.577428,38,Tripod,
140300,2026-05-22 08:55:09,51.9887195834656,4.38999963921047,5.577428,,,1.793287787044,5.249344,1.3645334,30.7658146328,65.042324916,26,5,11.849,1.793287787044,5.577428,6.3305402,37.282481508,0.223694,1.342164,0,78.6, -12.9, 2.7,,,0,0,1684,1024,1024,1024,100,0,0,0,73.9,0,0,88,3.958,3.946,3.948,0,0,0,6.804,87.62,1.793287787044,5.577428,38,Tripod,
140400,2026-05-22 08:55:09,51.9887196900906,4.39000063616021,5.577428,,,1.793287787044,5.249344,1.8342908,30.6962936332,65.269687128,26,5,11.848,1.793287787044,5.577428,6.3305402,37.282481508,0.447388,1.789552,0,78.5, -12.8, 2.7,,,0,0,1684,1024,1024,1024,100,0,0,0,73.9,0,0,88,3.955,3.942,3.943,0,0,0,6.736,87.62,1.793287787044,5.577428,38,Tripod,
140500,2026-05-22 08:55:09,51.9887198772626,4.39000205100961,5.577428,,,1.793287787044,5.249344,2.2816788,30.5873041284,65.594818372,26,5,11.848,1.793287787044,5.577428,6.3305402,37.282481508,0.447388,2.23694,0,78.5, -12.6, 2.8,,,0,0,1024,1024,1024,1024,0,0,0,0,73.9,0,0,88,3.955,3.942,3.943,0,0,0,6.736,87.62,1.793287787044,5.577428,38,Tripod,
140600,2026-05-22 08:55:09,51.9887201467551,4.3900030347752,5.577428,,,1.793287787044,5.249344,2.7290668,30.4628290588,65.836944364,26,5,11.848,1.793287787044,5.577428,6.3305402,37.282481508,0.447388,2.684328,0,78.8, -4.6, 3,,,0,0,1024,1024,1024,1024,0,0,0,0,73.9,0,0,88,3.955,3.942,3.943,0,0,0,6.736,87.62,1.793287787044,5.577428,38,Tripod,
140700,2026-05-22 08:55:09,51.9887203667301,4.3900047691636,5.577428,,,1.793287787044,5.249344,2.7290668,30.339403858,66.234582172,26,5,11.848,1.793287787044,5.577428,6.3305402,37.282481508,0.447388,2.684328,0,79.2, 6.4, 3,,,0,0,1024,1024,1024,1024,0,0,0,0,73.9,0,0,88,3.955,3.942,3.943,0,0,0,6.736,87.62,1.793287787044,5.577428,38,Tripod,
140800,2026-05-22 08:55:09,51.9887205534738,4.39000588671058,5.577428,,,1.793287787044,5.249344,2.2816788,30.24606396,66.494752784,26,5,11.848,1.793287787044,5.577428,6.3305402,37.282481508,0.447388,2.23694,0,79.9, 9.3, 2.6,,,0,0,1296,1024,1024,1024,41,0,0,0,73.9,0,0,88,3.955,3.942,3.943,0,0,0,6.736,87.62,1.793287787044,5.577428,38,Tripod,
140900,2026-05-22 08:55:09,51.9887207101386,4.39000718730004,5.577428,,,1.793287787044,5.249344,1.8119214,30.161910414,66.792653056,26,5,11.848,1.793287787044,5.577428,6.3305402,37.282481508,0.223694,1.789552,0,80.2, 8.5, 2.6,,,0,0,1562,1024,1024,1024,82,0,0,0,73.9,0,0,88,3.955,3.942,3.943,0,0,0,6.736,87.62,1.793287787044,5.577428,38,Tripod,
141000,2026-05-22 08:55:09,51.9887209532104,4.39000776900331,5.577428,,,1.793287787044,5.249344,1.5882274,30.0622713032,66.95046146,26,5,11.848,1.793287787044,5.577428,6.3305402,37.282481508,0.223694,1.565858,0,80, 2.6, 2.2,,,0,0,1549,1024,1024,1024,80,0,0,0,73.9,0,0,88,3.955,3.942,3.943,0,0,0,6.736,87.62,1.793287787044,5.577428,38,Tripod,
141100,2026-05-22 08:55:09,51.9887210621227,4.3900086683123,5.577428,,,1.793287787044,4.92126,1.5882274,30.0062673644,67.156498212,26,5,11.848,1.793287787044,5.577428,6.3305402,37.282481508,0.223694,1.565858,0,79.7, -3, 2,,,0,0,1539,1024,1024,1024,78,0,0,0,73.9,0,0,88,3.955,3.942,3.943,0,0,0,6.736,87.62,1.793287787044,5.577428,38,Tripod,
141200,2026-05-22 08:55:09,51.9887214779568,4.39001033889198,5.577428,,,1.793287787044,4.92126,1.5882274,29.8279865188,67.561353868,26,5,11.848,1.793287787044,5.577428,6.3305402,37.282481508,0.223694,1.565858,0,79.4, -5.7, 2.2,,,0,0,1562,1024,1024,1024,82,0,0,0,73.9,0,0,88,3.955,3.942,3.943,0,0,0,6.736,87.62,1.793287787044,5.577428,38,Tripod,
141300,2026-05-22 08:55:10,51.9887216165282,4.39001141157855,5.577428,,,1.793287787044,4.92126,1.8119214,29.7626649944,67.807744952,26,5,11.848,1.793287787044,5.577428,6.3305402,37.282481508,0.223694,1.789552,0,79.1, -6.3, 2,,,0,0,1562,1024,1024,1024,82,0,0,0,73.9,0,0,88,3.955,3.942,3.943,0,0,0,6.736,87.62,1.793287787044,5.577428,38,Tripod,
141400,2026-05-22 08:55:10,51.9887218753718,4.3900137234784,5.577428,,,1.793287787044,5.249344,2.0356154,29.6428159092,68.335632108,26,5,11.846,1.793287787044,5.577428,6.3305402,37.282481508,0.223694,2.013246,0,78.9, -6.8, 1.4,,,0,0,1540,1024,1024,1024,78,0,0,0,73.9,0,0,88,3.959,3.947,3.948,0,0,0,6.895,87.62,1.793287787044,5.577428,38,Tripod,
141500,2026-05-22 08:55:10,51.9887220479628,4.39001513718821,5.577428,,,1.793287787044,5.249344,2.23694,29.5687017336,68.659451016,26,5,11.846,1.793287787044,5.577428,6.3305402,37.282481508,0.223694,2.23694,0,78.9, -7, 1.5,,,0,0,1529,1024,1024,1024,77,0,0,0,73.9,0,0,88,3.959,3.947,3.948,0,0,0,6.895,87.62,1.793287787044,5.577428,38,Tripod,
141600,2026-05-22 08:55:10,51.9887222206651,4.39001655898655,5.577428,,,1.793287787044,5.249344,2.460634,29.4979012064,68.984910344,26,5,11.846,1.793287787044,5.577428,6.3305402,37.282481508,0.223694,2.460634,0,78.9, -7.4, 1.2,,,0,0,1024,1024,1024,1024,0,0,0,0,73.9,0,0,88,3.959,3.947,3.948,0,0,0,6.895,87.62,1.793287787044,5.577428,38,Tripod,
141700,2026-05-22 08:55:10,51.9887224367251,4.39001822080954,5.577428,,,1.793287787044,5.249344,2.684328,29.4143382116,69.366472036,26,5,11.846,1.793287787044,5.577428,6.3305402,37.282481508,0.223694,2.684328,0,78.8, -6, 1,,,0,0,829,1024,1024,1024,-30,0,0,0,73.9,0,0,88,3.959,3.947,3.948,0,0,0,6.895,87.62,1.793287787044,5.577428,38,Tripod,
141800,2026-05-22 08:55:10,51.9887226755905,4.39002004708895,5.577428,,,1.793287787044,4.92126,2.7290668,29.3273959516,69.786091472,26,5,11.846,1.793287787044,5.577428,6.3305402,37.282481508,0.447388,2.684328,0,78.9, 4.2, 1.1,,,0,0,364,1024,1024,1024,-100,0,0,0,73.9,0,0,88,3.959,3.947,3.948,0,0,0,6.895,87.62,1.793287787044,5.577428,38,Tripod,
141900,2026-05-22 08:55:10,51.9887229226373,4.39002169674409,5.577428,,,1.793287787044,4.92126,2.460634,29.2424221956,70.167653164,26,5,11.846,1.793287787044,5.577428,6.3305402,37.282481508,0.223694,2.460634,0,79.2, 8.6, 1.6,,,0,0,364,1294,1024,1024,-100,41,0,0,73.9,0,0,88,3.959,3.947,3.948,0,0,0,6.895,87.62,1.793287787044,5.577428,38,Tripod,
142000,2026-05-22 08:55:10,51.9887230366471,4.39002291381547,5.577428,,,1.793287787044,5.249344,2.0356154,29.2076452916,70.444227976,26,5,11.846,1.793287787044,5.577428,6.3305402,37.282481508,0.223694,2.013246,0,79.6, 13.2, 2.1,,,0,0,364,1024,1024,1024,-100,0,0,0,73.9,0,0,88,3.959,3.947,3.948,0,0,0,6.895,87.62,1.793287787044,5.577428,38,Tripod,
142100,2026-05-22 08:55:10,51.9887232158518,4.39002396829517,5.577428,,,1.793287787044,4.92126,1.3645334,29.1502962084,70.689962892,26,5,11.846,1.793287787044,5.577428,6.3305402,37.282481508,0.223694,1.342164,0,80, 15.2, 2.9,,,0,0,364,1024,1024,1024,-100,0,0,0,73.9,0,0,88,3.959,3.947,3.948,0,0,0,6.895,87.62,1.793287787044,5.577428,38,Tripod,
142200,2026-05-22 08:55:10,51.9887232750754,4.39002466965577,5.577428,,,1.793287787044,4.92126,0.671082,29.1351059192,70.849083632,26,5,11.846,1.793287787044,5.577428,6.3305402,37.282481508,0,0.671082,0,80.2, 14.6, 3,,,0,0,1024,1024,1024,1024,0,0,0,0,73.9,0,0,88,3.959,3.947,3.948,0,0,0,6.895,87.62,1.793287787044,5.577428,38,Tripod,
142300,2026-05-22 08:55:11,51.9887233340163,4.39002495521489,5.577428,,,1.793287787044,4.92126,0.223694,29.116470748,70.916668936,26,5,11.846,1.793287787044,5.577428,6.3305402,37.282481508,0,0.223694,0,80.1, 4.4, 2.3,,,0,0,1024,1024,1024,1024,0,0,0,0,73.9,0,0,88,3.959,3.947,3.948,0,0,0,6.895,87.62,1.793287787044,5.577428,38,Tripod,
142400,2026-05-22 08:55:11,51.9887234885309,4.3900257712311,5.577428,,,1.793287787044,4.92126,0,29.06906261,71.108269992,26,5,11.853,1.793287787044,5.577428,6.3305402,37.282481508,0,0,0,79.9, 1, 2,,,0,0,1024,1024,1024,1024,0,0,0,0,73.9,0,0,88,3.954,3.944,3.945,0,0,0,6.515,87.62,1.793287787044,5.577428,38,Tripod,
142500,2026-05-22 08:55:11,51.9887235162537,4.39002587486765,5.577428,,,1.793287787044,5.249344,0,29.060204342,71.133860544,26,5,11.853,1.793287787044,5.577428,6.3305402,37.282481508,0,0,0,79.6, 0, 1.4,,,0,0,1024,1024,1024,1024,0,0,0,0,73.9,0,0,88,3.954,3.944,3.945,0,0,0,6.515,87.62,1.793287787044,5.577428,38,Tripod,
142600,2026-05-22 08:55:11,51.9887235694377,4.39002684972955,5.577428,,,1.793287787044,4.92126,0,29.0531833444,71.353676824,26,5,11.853,1.793287787044,5.577428,6.3305402,37.282481508,0,0,0,79.1, 0, 1.2,,,0,0,1024,1024,1024,1024,0,0,0,0,73.9,0,0,88,3.954,3.944,3.945,0,0,0,6.515,87.62,1.793287787044,5.577428,38,Tripod,
142700,2026-05-22 08:55:11,51.9887236020009,4.39002699867202,5.577428,,,1.793287787044,4.92126,0,29.0433736328,71.389109896,26,5,11.853,1.793287787044,5.577428,6.3305402,37.282481508,0,0,0,79.1, 0.1, 1.3,,,0,0,1024,1024,1024,1024,0,0,0,0,73.9,0,0,88,3.954,3.944,3.945,0,0,0,6.515,87.62,1.793287787044,5.577428,38,Tripod,
142800,2026-05-22 08:55:11,51.9887236235384,4.39002756855796,5.577428,,,1.793287787044,4.92126,0,29.0436689084,71.51739074,26,5,11.853,1.793287787044,5.577428,6.3305402,37.282481508,0,0,0,79.1, -0.3, 1.1,,,0,0,1024,1024,1024,1024,0,0,0,0,73.9,0,0,88,3.954,3.944,3.945,0,0,0,6.515,87.62,1.793287787044,5.577428,38,Tripod,
142900,2026-05-22 08:55:11,51.9887236683781,4.39002774107632,5.577428,,,1.793287787044,4.92126,0,29.0299221888,71.559713576,26,5,11.853,1.793287787044,5.577428,6.3305402,37.282481508,0,0,0,79, -0.3, 1.3,,,0,0,1024,1024,1024,1024,0,0,0,0,73.9,0,0,88,3.954,3.944,3.945,0,0,0,6.515,87.62,1.793287787044,5.577428,38,Tripod,
143000,2026-05-22 08:55:11,51.9887234750636,4.39002747304664,5.577428,,,1.793287787044,4.92126,0,29.0963263904,71.652233264,26,5,11.853,1.793287787044,5.577428,6.3305402,37.282481508,0,0,0,79.2, -0.6, 1.4,,,0,0,1024,1024,1024,1024,0,0,0,0,73.9,0,0,88,3.954,3.944,3.945,0,0,0,6.515,87.62,1.793287787044,5.577428,38,Tripod,
143100,2026-05-22 08:55:11,51.9887235039772,4.39002762027189,5.577428,,,1.793287787044,4.92126,0,29.0879602484,71.687010168,26,5,11.853,1.793287787044,5.577428,6.3305402,37.282481508,0,0,0,79.1, -0.7, 1.3,,,0,0,1024,1024,1024,1024,0,0,0,0,73.9,0,0,88,3.954,3.944,3.945,0,0,0,6.515,87.62,1.793287787044,5.577428,38,Tripod,
143200,2026-05-22 08:55:11,51.9887233273255,4.39002764662664,5.577428,,,1.793287787044,4.92126,0,29.1526584132,71.751642716,26,5,11.853,1.793287787044,5.577428,6.3305402,37.282481508,0,0,0,79.1, -0.7, 1,,,0,0,1024,1024,1024,1024,0,0,0,0,73.9,0,0,88,3.954,3.944,3.945,0,0,0,6.515,87.62,1.793287787044,5.577428,38,Tripod,
143300,2026-05-22 08:55:12,51.9887233439027,4.3900278132143,5.577428,,,1.793287787044,4.92126,0,29.149115106,71.78970046,26,5,11.853,1.793287787044,5.577428,6.3305402,37.282481508,0,0,0,79.1, -0.5, 1,,,0,0,1024,1024,1024,1024,0,0,0,0,73.9,0,0,88,3.954,3.944,3.945,0,0,0,6.515,87.62,1.793287787044,5.577428,38,Tripod,
143400,2026-05-22 08:55:12,51.988723337683,4.39002759729593,5.577428,,,1.793287787044,4.92126,0,29.1481636624,71.838256892,26,5,11.841,1.793287787044,5.577428,6.3305402,37.282481508,0,0,0,79, -0.2, 1.1,,,0,0,1024,1024,1024,1024,0,0,0,0,73.9,0,0,88,3.954,3.942,3.944,0,0,0,6.797,87.62,1.793287787044,5.577428,38,Tripod,
143500,2026-05-22 08:55:12,51.9887233670251,4.39002774273005,5.577428,,,1.793287787044,4.92126,0,29.1396334784,71.872705712,26,5,11.841,1.793287787044,5.577428,6.3305402,37.282481508,0,0,0,79.1, -0.1, 1.4,,,0,0,1024,1024,1024,1024,0,0,0,0,73.9,0,0,88,3.954,3.942,3.944,0,0,0,6.797,87.62,1.793287787044,5.577428,38,Tripod,
143600,2026-05-22 08:55:12,51.9887232196468,4.39002751851337,5.577428,,,1.793287787044,4.92126,0,29.189961564,71.946196528,26,5,11.841,1.793287787044,5.577428,6.3305402,37.282481508,0,0,0,78.9, 0, 1.6,,,0,0,1024,1024,1024,1024,0,0,0,0,73.9,0,0,88,3.954,3.942,3.944,0,0,0,6.797,87.62,1.793287787044,5.577428,38,Tripod,
143700,2026-05-22 08:55:12,51.9887232344763,4.39002762593825,5.577428,,,1.793287787044,5.249344,0,29.1861557896,71.971130912,26,5,11.841,1.793287787044,5.577428,6.3305402,37.282481508,0,0,0,79.1, 0, 1.6,,,0,0,1024,1024,1024,1024,0,0,0,0,73.9,0,0,88,3.954,3.942,3.944,0,0,0,6.797,87.62,1.793287787044,5.577428,38,Tripod,
143800,2026-05-22 08:55:12,51.9887232292932,4.39002739940702,5.577428,,,1.793287787044,5.249344,0,29.18471222,72.021983932,26,5,11.841,1.793287787044,5.577428,6.3305402,37.282481508,0,0,0,79.2, 0, 1.6,,,0,0,1024,1024,1024,1024,0,0,0,0,73.9,0,0,88,3.954,3.942,3.944,0,0,0,6.797,87.62,1.793287787044,5.577428,38,Tripod,
143900,2026-05-22 08:55:12,51.9887232398821,4.39002745356766,5.577428,,,1.793287787044,4.92126,0,29.1816610388,72.034779208,26,5,11.841,1.793287787044,5.577428,6.3305402,37.282481508,0,0,0,79, 0, 1.7,,,0,0,1024,1024,1024,1024,0,0,0,0,73.9,0,0,88,3.954,3.942,3.944,0,0,0,6.797,87.62,1.793287787044,5.577428,38,Tripod,
144000,2026-05-22 08:55:12,51.9887230535068,4.39002738153399,5.577428,,,1.793287787044,4.92126,0,29.2484589412,72.1046611,26,5,11.841,1.793287787044,5.577428,6.3305402,37.282481508,0,0,0,79, -0.5, 1.7,,,0,0,1024,1024,1024,1024,0,0,0,0,73.9,0,0,88,3.954,3.942,3.944,0,0,0,6.797,87.62,1.793287787044,5.577428,38,Tripod,
144100,2026-05-22 08:55:12,51.9887230419842,4.39002739427358,5.577428,,,1.793287787044,4.92126,0,29.2528552668,72.10958236,26,5,11.841,1.793287787044,5.577428,6.3305402,37.282481508,0,0,0,79, -1, 1.6,,,0,0,1024,1024,1024,1024,0,0,0,0,73.9,0,0,88,3.954,3.942,3.944,0,0,0,6.797,87.62,1.793287787044,5.577428,38,Tripod,
144200,2026-05-22 08:55:12,51.9887230479468,4.39002720937602,5.577428,,,1.793287787044,5.249344,0,29.2480652404,72.151249028,26,5,11.841,1.793287787044,5.577428,6.3305402,37.282481508,0,0,0,78.9, -1.3, 1.9,,,0,0,1024,1024,1024,1024,0,0,0,0,73.9,0,0,88,3.954,3.942,3.944,0,0,0,6.797,87.62,1.793287787044,5.577428,38,Tripod,
144300,2026-05-22 08:55:13,51.9887230442973,4.39002721671225,5.577428,,,1.793287787044,5.249344,0,29.2494760016,72.153545616,26,5,11.841,1.793287787044,5.577428,6.3305402,37.282481508,0,0,0,79, -1.2, 2.1,,,0,0,1024,1024,1024,1024,0,0,0,0,73.9,0,0,88,3.954,3.942,3.944,0,0,0,6.797,87.62,1.793287787044,5.577428,38,Tripod,
144400,2026-05-22 08:55:13,51.9887230675224,4.39002703603123,5.577428,,,1.793287787044,4.92126,0,29.238517996,72.1948842,26,5,11.842,1.793287787044,5.577428,6.3305402,37.282481508,0,0,0,78.9, -1.4, 2.3,,,0,0,1024,1024,1024,1024,0,0,0,0,73.9,0,0,88,3.956,3.944,3.946,0,0,0,6.82,87.62,1.793287787044,5.577428,38,Tripod,
144500,2026-05-22 08:55:13,51.9887230678822,4.39002704954381,5.577428,,,1.793287787044,4.92126,0,29.2385508044,72.197836956,26,5,11.842,1.793287787044,5.577428,6.3305402,37.282481508,0,0,0,78.9, -1.1, 2.3,,,0,0,1024,1024,1024,1024,0,0,0,0,73.9,0,0,88,3.956,3.944,3.946,0,0,0,6.82,87.62,1.793287787044,5.577428,38,Tripod,
144600,2026-05-22 08:55:13,51.9887230882803,4.39002697673807,5.577428,,,1.793287787044,5.249344,0,29.230151854,72.215881576,26,5,11.842,1.793287787044,5.577428,6.3305402,37.282481508,0,0,0,79.1, -0.8, 2,,,0,0,1024,1024,1024,1024,0,0,0,0,73.9,0,0,88,3.956,3.944,3.946,0,0,0,6.82,87.62,1.793287787044,5.577428,38,Tripod,
144700,2026-05-22 08:55:13,51.9887230837312,4.39002699504015,5.577428,,,1.793287787044,4.92126,0,29.2320547412,72.220474752,26,5,11.842,1.793287787044,5.577428,6.3305402,37.282481508,0,0,0,79.1, -0.7, 1.9,,,0,0,1024,1024,1024,1024,0,0,0,0,73.9,0,0,88,3.956,3.944,3.946,0,0,0,6.82,87.62,1.793287787044,5.577428,38,Tripod,
144800,2026-05-22 08:55:13,51.9887229203926,4.3900268901537,5.577428,,,1.793287787044,4.92126,0,29.2900928008,72.284451132,26,5,11.842,1.793287787044,5.577428,6.3305402,37.282481508,0,0,0,79, -0.7, 1.9,,,0,0,1024,1024,1024,1024,0,0,0,0,73.9,0,0,88,3.956,3.944,3.946,0,0,0,6.82,87.62,1.793287787044,5.577428,38,Tripod,
144900,2026-05-22 08:55:13,51.9887228985296,4.39002689933756,5.577428,,,1.793287787044,4.92126,0,29.2981964756,72.292653232,26,5,11.842,1.793287787044,5.577428,6.3305402,37.282481508,0,0,0,79, -1, 1.8,,,0,0,1024,1024,1024,1024,0,0,0,0,73.9,0,0,88,3.956,3.944,3.946,0,0,0,6.82,87.62,1.793287787044,5.577428,38,Tripod,
145000,2026-05-22 08:55:13,51.9887229198015,4.3900269105847,5.577428,,,1.793287787044,4.92126,0,29.2905849268,72.300855332,26,5,11.842,1.793287787044,5.577428,6.3305402,37.282481508,0,0,0,79, -1, 2,,,0,0,1024,1024,1024,1024,0,0,0,0,73.9,0,0,88,3.956,3.944,3.946,0,0,0,6.82,87.62,1.793287787044,5.577428,38,Tripod,
145100,2026-05-22 08:55:13,51.9887229047835,4.39002693080834,5.577428,,,1.793287787044,4.92126,0,29.2963263968,72.30807318,26,5,11.842,1.793287787044,5.577428,6.3305402,37.282481508,0,0,0,78.9, -0.8, 1.8,,,0,0,1024,1024,1024,1024,0,0,0,0,73.9,0,0,88,3.956,3.944,3.946,0,0,0,6.82,87.62,1.793287787044,5.577428,38,Tripod,
145200,2026-05-22 08:55:13,51.9887229427439,4.39002692958759,5.577428,,,1.793287787044,5.249344,0,29.282481252,72.321852708,26,5,11.842,1.793287787044,5.577428,6.3305402,37.282481508,0,0,0,78.9, -0.7, 2,,,0,0,1024,1024,1024,1024,0,0,0,0,73.9,0,0,88,3.956,3.944,3.946,0,0,0,6.82,87.62,1.793287787044,5.577428,38,Tripod,
145300,2026-05-22 08:55:14,51.988722931504,4.39002695284179,5.577428,,,1.793287787044,5.249344,0,29.286910386,72.328414388,26,5,11.842,1.793287787044,5.577428,6.3305402,37.282481508,0,0,0,79, -0.8, 1.9,,,0,0,1024,1024,1024,1024,0,0,0,0,73.9,0,0,88,3.956,3.944,3.946,0,0,0,6.82,87.62,1.793287787044,5.577428,38,Tripod,
145400,2026-05-22 08:55:14,51.9887228017053,4.39002694716019,5.577428,,,1.793287787044,5.249344,0,29.3340888652,72.375986568,26,5,11.845,1.793287787044,5.577428,6.3305402,37.282481508,0,0,0,78.9, -0.8, 1.7,,,0,0,1024,1024,1024,1024,0,0,0,0,73.9,0,0,88,3.955,3.943,3.945,0,0,0,6.667,87.8,1.793287787044,5.577428,38,Tripod,
145500,2026-05-22 08:55:14,51.9887227758586,4.39002697157253,5.577428,,,1.793287787044,4.92126,0,29.34383296,72.38681334,26,5,11.845,1.793287787044,5.577428,6.3305402,37.282481508,0,0,0,79, -0.7, 1.7,,,0,0,1024,1024,1024,1024,0,0,0,0,73.9,0,0,88,3.955,3.943,3.945,0,0,0,6.667,87.8,1.793287787044,5.577428,38,Tripod,
145600,2026-05-22 08:55:14,51.9887228138533,4.39002694287844,5.577428,,,1.793287787044,5.249344,0,29.3296269228,72.401905204,26,5,11.845,1.793287787044,5.577428,6.3305402,37.282481508,0,0,0,78.9, -0.6, 1.7,,,0,0,1024,1024,1024,1024,0,0,0,0,73.9,0,0,88,3.955,3.943,3.945,0,0,0,6.667,87.8,1.793287787044,5.577428,38,Tripod,
145700,2026-05-22 08:55:14,51.9887227972932,4.39002695753567,5.577428,,,1.793287787044,5.249344,0,29.3358605188,72.408794968,26,5,11.845,1.793287787044,5.577428,6.3305402,37.282481508,0,0,0,78.8, -0.5, 1.8,,,0,0,1024,1024,1024,1024,0,0,0,0,73.9,0,0,88,3.955,3.943,3.945,0,0,0,6.667,87.8,1.793287787044,5.577428,38,Tripod,
145800,2026-05-22 08:55:14,51.9887228398285,4.39002691346921,5.577428,,,1.793287787044,5.249344,0,29.3197515944,72.427167672,26,5,11.845,1.793287787044,5.577428,6.3305402,37.282481508,0,0,0,78.9, -0.4, 1.9,,,0,0,1024,1024,1024,1024,0,0,0,0,73.9,0,0,88,3.955,3.943,3.945,0,0,0,6.667,87.8,1.793287787044,5.577428,38,Tripod,
145900,2026-05-22 08:55:14,51.9887228315699,4.39002691294143,5.577428,,,1.793287787044,4.92126,0,29.3227699672,72.430448512,26,5,11.845,1.793287787044,5.577428,6.3305402,37.282481508,0,0,0,78.9, -0.5, 2,,,0,0,1024,1024,1024,1024,0,0,0,0,73.9,0,0,88,3.955,3.943,3.945,0,0,0,6.667,87.8,1.793287787044,5.577428,38,Tripod,
146000,2026-05-22 08:55:14,51.9887227139877,4.39002702363904,5.577428,,,1.793287787044,5.249344,0,29.3670941156,72.479989196,26,5,11.845,1.793287787044,5.577428,6.3305402,37.282481508,0,0,0,78.9, -0.6, 1.8,,,0,0,1024,1024,1024,1024,0,0,0,0,73.9,0,0,88,3.955,3.943,3.945,0,0,0,6.667,87.8,1.793287787044,5.577428,38,Tripod,
146100,2026-05-22 08:55:14,51.9887226932298,4.39002703659731,5.577428,,,1.793287787044,5.249344,0,29.374836898,72.488191296,26,5,11.845,1.793287787044,5.577428,6.3305402,37.282481508,0,0,0,78.9, -0.4, 1.9,,,0,0,1024,1024,1024,1024,0,0,0,0,73.9,0,0,88,3.955,3.943,3.945,0,0,0,6.667,87.8,1.793287787044,5.577428,38,Tripod,
146200,2026-05-22 08:55:14,51.9887227257159,4.39002716217865,5.577428,,,1.793287787044,5.249344,0,29.3647319108,72.518703108,26,5,11.845,1.793287787044,5.577428,6.3305402,37.282481508,0,0,0,78.9, -0.4, 1.8,,,0,0,1024,1024,1024,1024,0,0,0,0,73.9,0,0,88,3.955,3.943,3.945,0,0,0,6.667,87.8,1.793287787044,5.577428,38,Tripod,
146300,2026-05-22 08:55:15,51.9887227037758,4.39002718852949,5.577428,,,1.793287787044,5.249344,0,29.3730980528,72.528545628,26,5,11.845,1.793287787044,5.577428,6.3305402,37.282481508,0,0,0,79, -0.2, 1.6,,,0,0,1024,1024,1024,1024,0,0,0,0,73.9,0,0,88,3.955,3.943,3.945,0,0,0,6.667,87.8,1.793287787044,5.577428,38,Tripod,
146400,2026-05-22 08:55:15,51.9887227270009,4.39002715916591,5.577428,,,1.793287787044,5.249344,0,29.3642069764,72.5393724,26,5,11.837,1.793287787044,5.577428,6.3305402,37.282481508,0,0,0,79, -0.3, 1.3,,,0,0,1024,1024,1024,1024,0,0,0,0,73.9,0,0,88,3.953,3.941,3.943,0,0,0,6.795,87.8,1.793287787044,5.577428,38,Tripod,
146500,2026-05-22 08:55:15,51.9887227160694,4.3900271774632,5.577428,,,1.793287787044,5.249344,0,29.36843926,72.544949828,26,5,11.837,1.793287787044,5.577428,6.3305402,37.282481508,0,0,0,79.1, -0.4, 1.6,,,0,0,1024,1024,1024,1024,0,0,0,0,73.9,0,0,88,3.953,3.941,3.943,0,0,0,6.795,87.8,1.793287787044,5.577428,38,Tripod,
146600,2026-05-22 08:55:15,51.9887227577222,4.39002728668356,5.577428,,,1.793287787044,5.249344,0,29.354823774,72.57382122,26,5,11.837,1.793287787044,5.577428,6.3305402,37.282481508,0,0,0,79.1, -0.4, 1.6,,,0,0,1024,1024,1024,1024,0,0,0,0,73.9,0,0,88,3.953,3.941,3.943,0,0,0,6.795,87.8,1.793287787044,5.577428,38,Tripod,
146700,2026-05-22 08:55:15,51.9887227664178,4.39002730066519,5.577428,,,1.793287787044,5.249344,0,29.3518382096,72.578414396,26,5,11.837,1.793287787044,5.577428,6.3305402,37.282481508,0,0,0,79, -0.3, 1.8,,,0,0,1024,1024,1024,1024,0,0,0,0,73.9,0,0,88,3.953,3.941,3.943,0,0,0,6.795,87.8,1.793287787044,5.577428,38,Tripod,
146800,2026-05-22 08:55:15,51.9887228261384,4.39002721423906,5.577428,,,1.793287787044,5.249344,0,29.3288723296,72.607613872,26,5,11.837,1.793287787044,5.577428,6.3305402,37.282481508,0,0,0,78.9, -0.3, 2.3,,,0,0,1024,1024,1024,1024,0,0,0,0,73.9,0,0,88,3.953,3.941,3.943,0,0,0,6.795,87.8,1.793287787044,5.577428,38,Tripod,
146900,2026-05-22 08:55:15,51.9887228509913,4.39002720008177,5.577428,,,1.793287787044,5.249344,0,29.3196531692,72.617128308,26,5,11.837,1.793287787044,5.577428,6.3305402,37.282481508,0,0,0,79, -0.3, 2.5,,,0,0,1024,1024,1024,1024,0,0,0,0,73.9,0,0,88,3.953,3.941,3.943,0,0,0,6.795,87.8,1.793287787044,5.577428,38,Tripod,
147000,2026-05-22 08:55:15,51.9887228708325,4.39002728869507,5.577428,,,1.793287787044,4.92126,0,29.313649232,72.638453768,26,5,11.837,1.793287787044,5.577428,6.3305402,37.282481508,0,0,0,79, -0.6, 2.6,,,0,0,1024,1024,1024,1024,0,0,0,0,73.9,0,0,88,3.953,3.941,3.943,0,0,0,6.795,87.8,1.793287787044,5.577428,38,Tripod,
147100,2026-05-22 08:55:15,51.9887228943061,4.39002727983813,5.577428,,,1.793287787044,5.249344,0,29.3049878144,72.647312036,26,5,11.837,1.793287787044,5.577428,6.3305402,37.282481508,0,0,0,79.1, -0.5, 2.6,,,0,0,1024,1024,1024,1024,0,0,0,0,73.9,0,0,88,3.953,3.941,3.943,0,0,0,6.795,87.8,1.793287787044,5.577428,38,Tripod,
147200,2026-05-22 08:55:15,51.9887228617429,4.39002725022849,5.577428,,,1.793287787044,5.249344,0,29.316437946,72.66076348,26,5,11.837,1.793287787044,5.577428,6.3305402,37.282481508,0,0,0,79, -0.4, 2.9,,,0,0,1024,1024,1024,1024,0,0,0,0,73.9,0,0,88,3.953,3.941,3.943,0,0,0,6.795,87.8,1.793287787044,5.577428,38,Tripod,
147300,2026-05-22 08:55:16,51.9887228764953,4.39002723501088,5.577428,,,1.793287787044,4.92126,0,29.3108277096,72.666997076,26,5,11.837,1.793287787044,5.577428,6.3305402,37.282481508,0,0,0,79.1, -0.4, 3,,,0,0,1024,1024,1024,1024,0,0,0,0,73.9,0,0,88,3.953,3.941,3.943,0,0,0,6.795,87.8,1.793287787044,5.577428,38,Tripod,
147400,2026-05-22 08:55:16,51.988722981107,4.39002724356523,5.577428,,,1.793287787044,4.92126,0,29.2728683908,72.705382904,26,5,11.838,1.793287787044,5.577428,6.3305402,37.282481508,0,0,0,79.1, -0.6, 3,,,0,0,1024,1024,1024,1024,0,0,0,0,73.9,0,0,88,3.952,3.94,3.942,0,0,0,6.801,87.8,1.793287787044,5.577428,38,Tripod,
147500,2026-05-22 08:55:16,51.9887229938205,4.39002722264907,5.577428,,,1.793287787044,5.249344,0,29.2679471308,72.711944584,26,5,11.838,1.793287787044,5.577428,6.3305402,37.282481508,0,0,0,79.2, -0.8, 2.9,,,0,0,1024,1024,1024,1024,0,0,0,0,73.9,0,0,88,3.952,3.94,3.942,0,0,0,6.801,87.8,1.793287787044,5.577428,38,Tripod,
147600,2026-05-22 08:55:16,51.988723078137,4.39002723697372,5.577428,,,1.793287787044,5.249344,0,29.2374353188,72.74278448,26,5,11.838,1.793287787044,5.577428,6.3305402,37.282481508,0,0,0,79.2, -1, 2.7,,,0,0,1024,1024,1024,1024,0,0,0,0,73.9,0,0,88,3.952,3.94,3.942,0,0,0,6.801,87.8,1.793287787044,5.577428,38,Tripod,
147700,2026-05-22 08:55:16,51.9887230936261,4.39002723126256,5.577428,,,1.793287787044,5.249344,0,29.2317266572,72.748689992,26,5,11.838,1.793287787044,5.577428,6.3305402,37.282481508,0,0,0,79.2, -0.9, 2.8,,,0,0,1067,1024,1024,1024,7,0,0,0,73.9,0,0,88,3.952,3.94,3.942,0,0,0,6.801,87.8,1.793287787044,5.577428,38,Tripod,
147800,2026-05-22 08:55:16,51.9887230395512,4.39002727329705,5.577428,,,1.793287787044,5.249344,0,29.2520022484,72.77067162,26,5,11.838,1.793287787044,5.577428,6.3305402,37.282481508,0,0,0,79.2, -0.7, 3.1,,,0,0,1078,1024,1024,1024,8,0,0,0,73.9,0,0,88,3.952,3.94,3.942,0,0,0,6.801,87.8,1.793287787044,5.577428,38,Tripod,
147900,2026-05-22 08:55:16,51.9887230529928,4.39002727474559,5.577428,,,1.793287787044,4.92126,0,29.2471466052,72.77559288,26,5,11.838,1.793287787044,5.577428,6.3305402,37.282481508,0,0,0,79, -0.5, 3,,,0,0,1029,1024,1024,1024,1,0,0,0,73.9,0,0,88,3.952,3.94,3.942,0,0,0,6.801,87.8,1.793287787044,5.577428,38,Tripod,
148000,2026-05-22 08:55:16,51.9887231865182,4.39002715033762,5.577428,,,1.793287787044,5.249344,0,29.1967529028,72.831695244,26,5,11.838,1.793287787044,5.577428,6.3305402,37.282481508,0,0,0,79.2, -0.8, 3.1,,,0,0,1066,1024,1024,1024,6,0,0,0,73.9,0,0,88,3.952,3.94,3.942,0,0,0,6.801,87.8,1.793287787044,5.577428,38,Tripod,
148100,2026-05-22 08:55:16,51.9887232127761,4.39002713610948,5.577428,,,1.793287787044,5.249344,0,29.187008808,72.841865848,26,5,11.838,1.793287787044,5.577428,6.3305402,37.282481508,0,0,0,79.1, -0.8, 3.1,,,0,0,1101,1024,1024,1024,12,0,0,0,73.9,0,0,88,3.952,3.94,3.942,0,0,0,6.801,87.8,1.793287787044,5.577428,38,Tripod,
148200,2026-05-22 08:55:16,51.9887233306667,4.39002714888603,5.577428,,,1.793287787044,5.249344,0,29.1442594628,72.884844852,26,5,11.838,1.793287787044,5.577428,6.3305402,37.282481508,0,0,0,79.3, -0.7, 3.2,,,0,0,1109,1024,1024,1024,13,0,0,0,73.9,0,0,88,3.952,3.94,3.942,0,0,0,6.801,87.8,1.793287787044,5.577428,38,Tripod,
148300,2026-05-22 08:55:17,51.9887233674792,4.39002713772845,5.577428,,,1.793287787044,5.249344,0,29.1306767852,72.89862438,26,5,11.838,1.793287787044,5.577428,6.3305402,37.282481508,0,0,0,79.3, -0.8, 3.2,,,0,0,1132,1024,1024,1024,16,0,0,0,73.9,0,0,88,3.952,3.94,3.942,0,0,0,6.801,87.8,1.793287787044,5.577428,38,Tripod,
148400,2026-05-22 08:55:17,51.9887233057453,4.39002715899327,5.577428,,,1.793287787044,5.249344,0,29.1534786232,72.92159026,26,5,11.835,1.793287787044,5.577428,6.3305402,37.282481508,0,0,0,79.4, -0.6, 3.1,,,0,0,1132,1024,1024,1024,16,0,0,0,73.9,0,0,88,3.952,3.94,3.943,0,0,0,6.84,87.8,1.793287787044,5.577428,38,Tripod,
148500,2026-05-22 08:55:17,51.9887233329284,4.39002713966389,5.577428,,,1.793287787044,5.249344,0,29.1433080192,72.932417032,26,5,11.835,1.793287787044,5.577428,6.3305402,37.282481508,0,0,0,79.4, -1, 3,,,0,0,1143,1024,1024,1024,18,0,0,0,73.9,0,0,88,3.952,3.94,3.943,0,0,0,6.84,87.8,1.793287787044,5.577428,38,Tripod,
148600,2026-05-22 08:55:17,51.9887234357497,4.3900271386879,5.577428,,,1.793287787044,5.249344,0,29.1058408264,72.969818608,26,5,11.835,1.793287787044,5.577428,6.3305402,37.282481508,0,0,0,79.2, -1.2, 3.1,,,0,0,1114,1024,1024,1024,14,0,0,0,73.9,0,0,88,3.952,3.94,3.943,0,0,0,6.84,87.8,1.793287787044,5.577428,38,Tripod,
148700,2026-05-22 08:55:17,51.988723483802,4.39002711934463,5.577428,,,1.793287787044,5.249344,0,29.0880586736,72.987863228,26,5,11.835,1.793287787044,5.577428,6.3305402,37.282481508,0,0,0,79.3, -1.6, 3.3,,,0,0,1168,1024,1024,1024,22,0,0,0,73.9,0,0,88,3.952,3.94,3.943,0,0,0,6.84,87.8,1.793287787044,5.577428,38,Tripod,
148800,2026-05-22 08:55:17,51.988723592723,4.39002714681842,5.577428,,,1.793287787044,4.92126,0,29.0487870188,73.02821756,26,5,11.835,1.793287787044,5.577428,6.3305402,37.282481508,0,0,0,79.3, -1.6, 3.4,,,0,0,1201,1024,1024,1024,27,0,0,0,73.9,0,0,88,3.952,3.94,3.943,0,0,0,6.84,87.8,1.793287787044,5.577428,38,Tripod,
148900,2026-05-22 08:55:17,51.9887236614475,4.3900271691536,5.577428,,,1.793287787044,4.92126,0,29.0240822936,73.053808112,26,5,11.835,1.793287787044,5.577428,6.3305402,37.282481508,0,0,0,79.5, -1.3, 3.5,,,0,0,1284,1024,1024,1024,39,0,0,0,73.9,0,0,88,3.952,3.94,3.943,0,0,0,6.84,87.8,1.793287787044,5.577428,38,Tripod,
149000,2026-05-22 08:55:17,51.9887237597711,4.39002709726732,5.577428,,,1.793287787044,5.249344,0.223694,28.9872712688,73.093178192,26,5,11.835,1.793287787044,5.577428,6.3305402,37.282481508,0.223694,0,0,79.5, -1.5, 4.1,,,0,0,1437,1024,1024,1024,63,0,0,0,73.9,0,0,88,3.952,3.94,3.943,0,0,0,6.84,87.8,1.793287787044,5.577428,38,Tripod,
149100,2026-05-22 08:55:17,51.98872383385,4.39002711736923,5.577428,,,1.793287787044,5.249344,0,28.9605652312,73.120409164,26,5,11.835,1.793287787044,5.577428,6.3305402,37.282481508,0,0,0,79.4, -2.1, 4,,,0,0,1492,1024,1024,1024,71,0,0,0,73.9,0,0,88,3.952,3.94,3.943,0,0,0,6.84,87.8,1.793287787044,5.577428,38,Tripod,
149200,2026-05-22 08:55:17,51.9887238777902,4.39002718379043,5.577428,,,1.793287787044,5.249344,0,28.9455061756,73.142390792,26,5,11.835,1.793287787044,5.577428,6.3305402,37.282481508,0,0,0,79.2, -4.2, 3.9,,,0,0,1492,1024,1024,1024,71,0,0,0,73.9,0,0,88,3.952,3.94,3.943,0,0,0,6.84,87.8,1.793287787044,5.577428,38,Tripod,
149300,2026-05-22 08:55:18,51.988723947757,4.39002728235586,5.577428,,,1.793287787044,5.249344,0.223694,28.9214576184,73.176183444,26,5,11.835,1.793287787044,5.577428,6.3305402,37.282481508,0,0.223694,0,78.9, -6.3, 3.8,,,0,0,1611,1024,1024,1024,89,0,0,0,73.9,0,0,88,3.952,3.94,3.943,0,0,0,6.84,87.8,1.793287787044,5.577428,38,Tripod,
149400,2026-05-22 08:55:18,51.9887241049531,4.39002743072504,5.577428,,,1.793287787044,5.249344,0.447388,28.8663723148,73.242456412,26,5,11.832,1.793287787044,5.577428,6.3305402,37.282481508,0,0.447388,0,78.7, -8.9, 3.6,,,0,0,1684,1024,1024,1024,100,0,0,0,73.9,0,0,88,3.951,3.94,3.942,0,0,0,6.837,87.8,1.793287787044,5.577428,38,Tripod,
149500,2026-05-22 08:55:18,51.9887242081084,4.39002781514064,5.577428,,,1.793287787044,4.92126,0.7158208,28.8345809752,73.33661652,26,5,11.832,1.793287787044,5.577428,6.3305402,37.282481508,0.223694,0.671082,0,78.7, -10.8, 3.4,,,0,0,1684,1024,1024,1024,100,0,0,0,73.9,0,0,88,3.951,3.94,3.942,0,0,0,6.837,87.8,1.793287787044,5.577428,38,Tripod,
149600,2026-05-22 08:55:18,51.9887242475938,4.39002845437944,5.577428,,,1.793287787044,4.92126,1.1408394,28.8303486916,73.48097348,26,5,11.832,1.793287787044,5.577428,6.3305402,37.282481508,0.223694,1.11847,0,78.5, -11.7, 3.5,,,0,0,1684,1024,1024,1024,100,0,0,0,73.9,0,0,88,3.951,3.94,3.942,0,0,0,6.837,87.8,1.793287787044,5.577428,38,Tripod,
149700,2026-05-22 08:55:18,51.9887243969254,4.39002930467015,5.577428,,,1.793287787044,4.92126,1.3645334,28.7906505276,73.679792384,26,5,11.832,1.793287787044,5.577428,6.3305402,37.282481508,0.223694,1.342164,0,78.2, -11.9, 3.4,,,0,0,1684,1024,1024,1024,100,0,0,0,73.9,0,0,88,3.951,3.94,3.942,0,0,0,6.837,87.8,1.793287787044,5.577428,38,Tripod,
149800,2026-05-22 08:55:18,51.9887246486327,4.39002995406184,5.577428,,,1.793287787044,5.249344,1.8342908,28.7111885828,73.852036484,26,5,11.832,1.793287787044,5.577428,6.3305402,37.282481508,0.447388,1.789552,0,78.1, -12.5, 3.6,,,0,0,1684,1024,1024,1024,100,0,0,0,73.9,0,0,88,3.951,3.94,3.942,0,0,0,6.837,87.8,1.793287787044,5.577428,38,Tripod,
149900,2026-05-22 08:55:18,51.988724882949,4.39003124719688,5.577428,,,1.793287787044,4.92126,2.0579848,28.6522975048,74.154858016,26,5,11.832,1.793287787044,5.577428,6.3305402,37.282481508,0.447388,2.013246,0,78, -12.7, 4.1,,,0,0,1684,1024,1024,1024,100,0,0,0,73.9,0,0,88,3.951,3.94,3.942,0,0,0,6.837,87.8,1.793287787044,5.577428,38,Tripod,
150000,2026-05-22 08:55:18,51.9887250724256,4.39003232282849,5.577428,,,1.793287787044,5.249344,2.5501116,28.6076452724,74.406498444,26,5,11.832,1.793287787044,5.577428,6.3305402,37.282481508,0.671082,2.460634,0,78, -12.6, 4.2,,,0,0,1382,1024,1024,1024,54,0,0,0,73.9,0,0,88,3.951,3.94,3.942,0,0,0,6.837,87.8,1.793287787044,5.577428,38,Tripod,
150100,2026-05-22 08:55:18,51.988725368827,4.39003406851559,5.577428,,,1.793287787044,5.249344,2.9751302,28.5437673176,74.813322604,26,5,11.832,1.793287787044,5.577428,6.3305402,37.282481508,0.671082,2.908022,0,78.2, -11.9, 4.4,,,0,0,1382,1024,1024,1024,54,0,0,0,73.9,0,0,88,3.951,3.94,3.942,0,0,0,6.837,87.8,1.793287787044,5.577428,38,Tripod,
150200,2026-05-22 08:55:19,51.9887257655567,4.39003574410272,5.577428,,,1.793287787044,5.249344,3.1988242,28.447179388,75.21653784,26,5,11.832,1.793287787044,5.577428,6.3305402,37.282481508,0.671082,3.131716,0,78.4, -8.4, 4.3,,,0,0,1606,1024,1024,1024,88,0,0,0,73.9,0,0,88,3.951,3.94,3.942,0,0,0,6.837,87.8,1.793287787044,5.577428,38,Tripod,
150300,2026-05-22 08:55:19,51.9887260983421,4.39003785369326,5.577428,,,1.793287787044,5.249344,3.4225182,28.3934392288,75.705711084,26,5,11.832,1.793287787044,5.577428,6.3305402,37.282481508,0.671082,3.35541,0,78.4, -8.4, 4.3,,,0,0,1491,1024,1024,1024,71,0,0,0,73.9,0,0,88,3.951,3.94,3.942,0,0,0,6.837,87.8,1.793287787044,5.577428,38,Tripod,
150400,2026-05-22 08:55:19,51.9887265497978,4.39003986894021,5.577428,,,1.793287787044,5.249344,3.6462122,28.3018053676,76.18766648,26,5,11.83,1.793287787044,5.577428,6.3305402,37.282481508,0.671082,3.579104,0,78.4, -9.1, 4.1,,,0,0,1024,1024,1024,1024,0,0,0,0,73.9,0,0,88,3.948,3.936,3.939,0,0,0,6.842,87.98,1.793287787044,5.577428,38,Tripod,
150500,2026-05-22 08:55:19,51.9887269148638,4.39004222456174,5.577428,,,1.793287787044,5.249344,3.6462122,28.2630914556,76.733270172,26,5,11.83,1.793287787044,5.577428,6.3305402,37.282481508,0.671082,3.802798,0,78.7, -0.5, 3.9,,,0,0,1024,1024,1024,1024,0,0,0,0,73.9,0,0,88,3.948,3.936,3.939,0,0,0,6.842,87.98,1.793287787044,5.577428,38,Tripod,
150600,2026-05-22 08:55:19,51.9887273191752,4.39004417852237,5.577428,,,1.793287787044,5.249344,3.6462122,28.2026911912,77.19652478,26,5,11.83,1.793287787044,5.577428,6.3305402,37.282481508,0.671082,3.579104,0,79.5, 10.8, 4.2,,,0,0,859,1024,1024,1024,-25,0,0,0,73.9,0,0,88,3.948,3.936,3.939,0,0,0,6.842,87.98,1.793287787044,5.577428,38,Tripod,
150700,2026-05-22 08:55:19,51.9887276395128,4.39004619380538,5.577428,,,1.793287787044,5.249344,3.1988242,28.1826452588,77.66404448,26,5,11.83,1.793287787044,5.577428,6.3305402,37.282481508,0.671082,3.131716,0,80.4, 9.9, 3.8,,,0,0,1024,1024,1024,1024,0,0,0,0,73.9,0,0,88,3.948,3.936,3.939,0,0,0,6.842,87.98,1.793287787044,5.577428,38,Tripod,
150800,2026-05-22 08:55:19,51.9887280592448,4.39004782877003,5.577428,,,1.793287787044,5.249344,2.7290668,28.115322422,78.062338456,26,5,11.83,1.793287787044,5.577428,6.3305402,37.282481508,0.447388,2.684328,0,80.5, 7.6, 3.5,,,0,0,1024,1024,1024,1024,0,0,0,0,73.9,0,0,88,3.948,3.936,3.939,0,0,0,6.842,87.98,1.793287787044,5.577428,38,Tripod,
150900,2026-05-22 08:55:19,51.9887283230058,4.39004926402252,5.905512,,,2.121371787044,5.249344,2.2816788,28.0978027364,78.398624556,26,5,11.83,2.121371787044,5.905512,6.3305402,37.282481508,0.447388,2.23694,0,80.7, 9.4, 3.5,,,0,0,1082,1024,1024,1024,9,0,0,0,73.9,0,0,88,3.948,3.936,3.939,0,0,0,6.842,87.98,2.121371787044,5.905512,38,Tripod,
151000,2026-05-22 08:55:19,51.9887288473753,4.39005139805543,5.905512,,,2.121371787044,4.92126,1.8342908,28.0326124456,78.915028772,26,5,11.83,2.121371787044,5.905512,6.3305402,37.282481508,0.447388,1.789552,0,80.6, 8.7, 3.2,,,0,0,1082,1024,1024,1024,9,0,0,0,73.9,0,0,88,3.948,3.936,3.939,0,0,0,6.842,87.98,2.121371787044,5.905512,38,Tripod,
151100,2026-05-22 08:55:19,51.9887290865148,4.39005237296971,5.905512,,,2.121371787044,4.92126,1.5882274,28.00607045,79.150593084,26,5,11.83,2.121371787044,5.905512,6.3305402,37.282481508,0.223694,1.565858,0,80.5, 6.4, 3.5,,,0,0,1548,994,1024,1024,79,-5,0,0,73.9,0,0,88,3.948,3.936,3.939,0,0,0,6.842,87.98,2.121371787044,5.905512,38,Tripod,
151200,2026-05-22 08:55:19,51.988729546349,4.39005420145771,5.905512,,,2.121371787044,4.92126,1.3645334,27.95767806,79.594490736,26,5,11.83,2.121371787044,5.905512,6.3305402,37.282481508,0.223694,1.342164,0,80.3, 0.1, 3.6,,,0,0,1550,1024,1024,1024,80,0,0,0,73.9,0,0,88,3.948,3.936,3.939,0,0,0,6.842,87.98,2.121371787044,5.905512,38,Tripod,
151300,2026-05-22 08:55:20,51.9887297930189,4.39005499489127,5.577428,,,1.793287787044,4.92126,1.3645334,27.9223762216,79.794293892,26,5,11.83,2.121371787044,5.905512,6.3305402,37.282481508,0.223694,1.342164,0,79.7, -3.8, 3.9,,,0,0,1549,1024,1024,1024,80,0,0,0,73.9,0,0,88,3.948,3.936,3.939,0,0,0,6.842,87.98,1.793287787044,5.577428,38,Tripod,
151400,2026-05-22 08:55:20,51.9887299381697,4.39005680583689,5.577428,,,1.793287787044,4.92126,1.3645334,27.9922253052,80.204398892,26,5,11.832,2.121371787044,5.905512,6.3305402,37.282481508,0.223694,1.342164,0,79.2, -5.9, 3.6,,,0,0,1558,1024,1024,1024,81,0,0,0,73.9,0,0,88,3.952,3.938,3.94,0,0,0,6.87,87.8,1.793287787044,5.577428,38,Tripod,
151500,2026-05-22 08:55:20,51.9887302023078,4.39005782567571,5.577428,,,1.793287787044,4.92126,1.5882274,27.9708998452,80.453086564,26,5,11.832,2.121371787044,5.905512,6.3305402,37.282481508,0.223694,1.565858,0,79.1, -6.7, 3.7,,,0,0,1558,1024,1024,1024,81,0,0,0,73.9,0,0,88,3.952,3.938,3.94,0,0,0,6.87,87.8,1.793287787044,5.577428,38,Tripod,
151600,2026-05-22 08:55:20,51.9887303335544,4.39005947297169,5.577428,,,1.793287787044,4.92126,1.8342908,28.0430455168,80.826118072,26,5,11.832,2.121371787044,5.905512,6.3305402,37.282481508,0.447388,1.789552,0,79, -7.7, 3.5,,,0,0,1554,1024,1024,1024,80,0,0,0,73.9,0,0,88,3.952,3.938,3.94,0,0,0,6.87,87.8,1.793287787044,5.577428,38,Tripod,
151700,2026-05-22 08:55:20,51.9887306302128,4.39006082073247,5.577428,,,1.793287787044,4.92126,2.0579848,28.04051927,81.147968476,26,5,11.832,2.121371787044,5.905512,6.3305402,37.282481508,0.447388,2.013246,0,78.9, -7.9, 3.6,,,0,0,1304,1024,1024,1024,42,0,0,0,73.9,0,0,88,3.952,3.938,3.94,0,0,0,6.87,87.8,1.793287787044,5.577428,38,Tripod,
151800,2026-05-22 08:55:20,51.9887308766557,4.3900622913992,5.577428,,,1.793287787044,4.92126,2.2816788,28.0684392184,81.490160088,26,5,11.832,2.121371787044,5.905512,6.3305402,37.282481508,0.447388,2.23694,0,78.7, -7.2, 3.8,,,0,0,1024,1024,1024,1024,0,0,0,0,73.9,0,0,88,3.952,3.938,3.94,0,0,0,6.87,87.8,1.793287787044,5.577428,38,Tripod,
151900,2026-05-22 08:55:20,51.988731209137,4.39006394809596,5.577428,,,1.793287787044,4.92126,2.5053728,28.0861557544,81.881892384,26,5,11.832,2.121371787044,5.905512,6.3305402,37.282481508,0.447388,2.460634,0,79, -3.1, 4.4,,,0,0,554,1024,1024,1024,-71,0,0,0,73.9,0,0,88,3.952,3.938,3.94,0,0,0,6.87,87.8,1.793287787044,5.577428,38,Tripod,
152000,2026-05-22 08:55:20,51.9887313215619,4.39006507291542,5.577428,,,1.793287787044,4.92126,2.5053728,28.1397318716,82.137797904,26,5,11.832,2.121371787044,5.905512,6.3305402,37.282481508,0.447388,2.460634,0,79.4, 5.3, 4.1,,,0,0,554,1024,1024,1024,-71,0,0,0,73.9,0,0,88,3.952,3.938,3.94,0,0,0,6.87,87.8,1.793287787044,5.577428,38,Tripod,
152100,2026-05-22 08:55:20,51.9887315993,4.39006662818206,5.577428,,,1.793287787044,4.92126,2.0356154,28.176182004,82.50164306,26,5,11.832,2.121371787044,5.905512,6.3305402,37.282481508,0.223694,2.013246,0,80, 6.4, 3.3,,,0,0,364,1024,1024,1024,-100,0,0,0,73.9,0,0,88,3.952,3.938,3.94,0,0,0,6.87,87.8,1.793287787044,5.577428,38,Tripod,
152200,2026-05-22 08:55:20,51.9887317173448,4.39006729821557,5.577428,,,1.793287787044,4.92126,1.8119214,28.1938657316,82.658139128,26,5,11.832,2.121371787044,5.905512,6.3305402,37.282481508,0.223694,1.789552,0,80.4, 12, 2.9,,,0,0,1024,1024,1024,1024,0,0,0,0,73.9,0,0,88,3.952,3.938,3.94,0,0,0,6.87,87.8,1.793287787044,5.577428,38,Tripod,
152300,2026-05-22 08:55:21,51.9887319287528,4.3900682961535,5.577428,,,1.793287787044,4.92126,1.1408394,28.2098434224,82.89534386,26,5,11.832,2.121371787044,5.905512,6.3305402,37.282481508,0.223694,1.11847,0,80.6, 12.9, 2.9,,,0,0,1024,1024,1024,1024,0,0,0,0,73.9,0,0,88,3.952,3.938,3.94,0,0,0,6.87,87.8,1.793287787044,5.577428,38,Tripod,
152400,2026-05-22 08:55:21,51.9887319912448,4.39006891601808,5.577428,,,1.793287787044,4.92126,0.7158208,28.2438001164,83.03641998,26,5,11.822,2.121371787044,5.905512,6.3305402,37.282481508,0.223694,0.671082,0,80.3, 4.9, 3.3,,,0,0,1024,1024,1024,1024,0,0,0,0,73.9,0,0,88,3.951,3.94,3.942,0,0,0,6.971,87.98,1.793287787044,5.577428,38,Tripod,
152500,2026-05-22 08:55:21,51.9887321618611,4.39006937671962,5.577428,,,1.793287787044,4.92126,0.4921268,28.2279536592,83.157154892,26,5,11.822,2.121371787044,5.905512,6.3305402,37.282481508,0.223694,0.447388,0,80.2, 2.6, 3.2,,,0,0,1024,1024,1024,1024,0,0,0,0,73.9,0,0,88,3.951,3.94,3.942,0,0,0,6.971,87.98,1.793287787044,5.577428,38,Tripod,
152600,2026-05-22 08:55:21,51.9887323772314,4.39007022294781,5.577428,,,1.793287787044,4.92126,0.4921268,28.2328421108,83.36286356,26,5,11.822,2.121371787044,5.905512,6.3305402,37.282481508,0.223694,0.447388,0,80.1, 2.2, 3.2,,,0,0,1024,1024,1024,1024,0,0,0,0,73.9,0,0,88,3.951,3.94,3.942,0,0,0,6.971,87.98,1.793287787044,5.577428,38,Tripod,
152700,2026-05-22 08:55:21,51.9887325675561,4.39007053485388,5.577428,,,1.793287787044,4.92126,0.3131716,28.1980980152,83.461616844,26,5,11.822,2.121371787044,5.905512,6.3305402,37.282481508,0.223694,0.223694,0,79.8, 1.6, 3.8,,,0,0,1024,1024,1024,1024,0,0,0,0,73.9,0,0,88,3.951,3.94,3.942,0,0,0,6.971,87.98,1.793287787044,5.577428,38,Tripod,
152800,2026-05-22 08:55:21,51.9887326613863,4.39007143568185,5.577428,,,1.793287787044,4.92126,0.3131716,28.2505914552,83.666997428,26,5,11.822,2.121371787044,5.905512,6.3305402,37.282481508,0.223694,0.223694,0,79.9, 2.2, 4.2,,,0,0,1024,1024,1024,1024,0,0,0,0,73.9,0,0,88,3.951,3.94,3.942,0,0,0,6.971,87.98,1.793287787044,5.577428,38,Tripod,
152900,2026-05-22 08:55:21,51.9887328735398,4.39007167124774,5.577428,,,1.793287787044,4.92126,0.223694,28.2023959156,83.760829452,26,5,11.822,2.121371787044,5.905512,6.3305402,37.282481508,0.223694,0,0,80, 1.9, 5,,,0,0,1024,1024,1024,1024,0,0,0,0,73.9,0,0,88,3.951,3.94,3.942,0,0,0,6.971,87.98,1.793287787044,5.577428,38,Tripod,
153000,2026-05-22 08:55:21,51.9887328992408,4.39007193886955,5.577428,,,1.793287787044,4.92126,0.223694,28.2191281996,83.821524992,26,5,11.822,2.121371787044,5.905512,6.3305402,37.282481508,0.223694,0,0,80.3, 1.4, 5.7,,,0,0,1024,1024,1024,1024,0,0,0,0,73.9,0,0,88,3.951,3.94,3.942,0,0,0,6.971,87.98,1.793287787044,5.577428,38,Tripod,
153100,2026-05-22 08:55:21,51.9887330997987,4.39007203528415,5.577428,,,1.793287787044,4.92126,0.223694,28.16191035,83.897968564,26,5,11.822,2.121371787044,5.905512,6.3305402,37.282481508,0.223694,0,0,80.3, 0.1, 5.8,,,0,0,1024,1024,1024,1024,0,0,0,0,73.9,0,0,88,3.951,3.94,3.942,0,0,0,6.971,87.98,1.793287787044,5.577428,38,Tripod,
153200,2026-05-22 08:55:21,51.9887332046332,4.39007184658995,5.577428,,,1.793287787044,4.92126,0.223694,28.1093512932,83.95505518,26,5,11.822,2.121371787044,5.905512,6.3305402,37.282481508,0.223694,0,0,80.2, -0.8, 6.9,,,0,0,1177,1024,1024,1024,23,0,0,0,73.9,0,0,88,3.951,3.94,3.942,0,0,0,6.971,87.98,1.793287787044,5.577428,38,Tripod,
153300,2026-05-22 08:55:22,51.9887333680917,4.39007183351645,5.577428,,,1.793287787044,4.92126,0.223694,28.0540363308,84.014766468,26,5,11.822,2.121371787044,5.905512,6.3305402,37.282481508,0.223694,0,0,80, -1.5, 6.3,,,0,0,1238,1024,1024,1024,32,0,0,0,73.9,0,0,88,3.951,3.94,3.942,0,0,0,6.971,87.98,1.793287787044,5.577428,38,Tripod,
153400,2026-05-22 08:55:22,51.9887332385842,4.39007174698598,5.577428,,,1.793287787044,4.92126,0,28.0886820012,84.065619488,26,5,11.82,2.121371787044,5.905512,6.3305402,37.282481508,0,0,0,79.8, -2.1, 5.6,,,0,0,1369,1024,1024,1024,52,0,0,0,73.9,0,0,88,3.948,3.934,3.935,0,0,0,6.881,87.98,1.793287787044,5.577428,38,Tripod,
153500,2026-05-22 08:55:22,51.9887333535321,4.39007172295012,5.577428,,,1.793287787044,4.92126,0.223694,28.048393286,84.107942324,26,5,11.82,2.121371787044,5.905512,6.3305402,37.282481508,0.223694,0,0,79.6, -2.9, 5.7,,,0,0,1391,1024,1024,1024,56,0,0,0,73.9,0,0,88,3.948,3.934,3.935,0,0,0,6.881,87.98,1.793287787044,5.577428,38,Tripod,
153600,2026-05-22 08:55:22,51.9887334278209,4.39007131078622,5.577428,,,1.793287787044,4.92126,0.223694,27.9848434152,84.20439902,26,5,11.82,2.121371787044,5.905512,6.3305402,37.282481508,0.223694,0,0,79.4, -4.3, 5.7,,,0,0,1389,1024,1024,1024,55,0,0,0,73.9,0,0,88,3.948,3.934,3.935,0,0,0,6.881,87.98,1.793287787044,5.577428,38,Tripod,
153700,2026-05-22 08:55:22,51.9887335431586,4.39007132064964,5.577428,,,1.793287787044,4.92126,0.223694,27.9475730728,84.246721856,26,5,11.82,2.121371787044,5.905512,6.3305402,37.282481508,0.223694,0,0,79.1, -5.8, 5.8,,,0,0,1329,1024,1024,1024,46,0,0,0,73.9,0,0,88,3.948,3.934,3.935,0,0,0,6.881,87.98,1.793287787044,5.577428,38,Tripod,
153800,2026-05-22 08:55:22,51.9887335893519,4.39007112766384,5.577428,,,1.793287787044,4.92126,0.223694,27.9140756964,84.293309784,26,5,11.82,2.121371787044,5.905512,6.3305402,37.282481508,0.223694,0,0,78.9, -6.5, 5.6,,,0,0,1329,1024,1024,1024,46,0,0,0,73.9,0,0,88,3.948,3.934,3.935,0,0,0,6.881,87.98,1.793287787044,5.577428,38,Tripod,
153900,2026-05-22 08:55:22,51.9887337112005,4.39007129948672,5.577428,,,1.793287787044,4.92126,0.223694,27.889928714,84.35203682,26,5,11.82,2.121371787044,5.905512,6.3305402,37.282481508,0.223694,0,0,78.8, -6.2, 5.7,,,0,0,1283,1024,1024,1024,39,0,0,0,73.9,0,0,88,3.948,3.934,3.935,0,0,0,6.881,87.98,1.793287787044,5.577428,38,Tripod,
154000,2026-05-22 08:55:22,51.9887336651485,4.39007129753918,5.577428,,,1.793287787044,4.92126,0.3131716,27.9049877696,84.368769104,26,5,11.82,2.121371787044,5.905512,6.3305402,37.282481508,0.223694,0.223694,0,78.7, -5.4, 5.7,,,0,0,1236,1024,1024,1024,32,0,0,0,73.9,0,0,88,3.948,3.934,3.935,0,0,0,6.881,87.98,1.793287787044,5.577428,38,Tripod,
154100,2026-05-22 08:55:22,51.9887337811844,4.39007162747141,5.577428,,,1.793287787044,4.92126,0.3131716,27.8979011552,84.454399028,26,5,11.82,2.121371787044,5.905512,6.3305402,37.282481508,0.223694,0.223694,0,78.7, -4.5, 5.8,,,0,0,1024,1024,1024,1024,0,0,0,0,73.9,0,0,88,3.948,3.934,3.935,0,0,0,6.881,87.98,1.793287787044,5.577428,38,Tripod,
154200,2026-05-22 08:55:22,51.9887338967276,4.39007161038795,5.577428,,,1.793287787044,4.92126,0.4921268,27.858104566,84.496721864,26,5,11.82,2.121371787044,5.905512,6.3305402,37.282481508,0.223694,0.447388,0,78.8, -3, 5.4,,,0,0,1024,1024,1024,1024,0,0,0,0,73.9,0,0,88,3.948,3.934,3.935,0,0,0,6.881,87.98,1.793287787044,5.577428,38,Tripod,
154300,2026-05-22 08:55:23,51.9887340147039,4.39007198137338,5.577428,,,1.793287787044,4.92126,0.4921268,27.8545940672,84.590553888,26,5,11.82,2.121371787044,5.905512,6.3305402,37.282481508,0.223694,0.447388,0,79.1, -0.4, 5.6,,,0,0,1024,1024,1024,1024,0,0,0,0,73.9,0,0,88,3.948,3.934,3.935,0,0,0,6.881,87.98,1.793287787044,5.577428,38,Tripod,
154400,2026-05-22 08:55:23,51.9887341019075,4.39007190074488,5.577428,,,1.793287787044,4.92126,0.3131716,27.818078318,84.626971212,26,5,11.824,2.121371787044,5.905512,6.3305402,37.282481508,0.223694,0.223694,0,79.5, 0.4, 5.4,,,0,0,1024,1024,1024,1024,0,0,0,0,73.9,0,0,88,3.949,3.937,3.938,0,0,0,6.971,87.98,1.793287787044,5.577428,38,Tripod,
154500,2026-05-22 08:55:23,51.988734203842,4.39007213857491,5.577428,,,1.793287787044,4.92126,0.3131716,27.8073171628,84.692259928,26,5,11.824,2.121371787044,5.905512,6.3305402,37.282481508,0.223694,0.223694,0,79.8, 0.3, 5.7,,,0,0,741,1024,1024,1024,-43,0,0,0,73.9,0,0,88,3.949,3.937,3.938,0,0,0,6.971,87.98,1.793287787044,5.577428,38,Tripod,
154600,2026-05-22 08:55:23,51.9887343930016,4.39007196365324,5.577428,,,1.793287787044,4.92126,0.223694,27.7281176852,84.771656256,26,5,11.824,2.121371787044,5.905512,6.3305402,37.282481508,0.223694,0,0,80, 0.4, 5.7,,,0,0,1024,1024,1024,1024,0,0,0,0,73.9,0,0,88,3.949,3.937,3.938,0,0,0,6.971,87.98,1.793287787044,5.577428,38,Tripod,
154700,2026-05-22 08:55:23,51.9887344869731,4.39007204084196,5.577428,,,1.793287787044,4.92126,0.223694,27.7045940624,84.810042084,26,5,11.824,2.121371787044,5.905512,6.3305402,37.282481508,0.223694,0,0,80.1, 0.4, 5.7,,,0,0,1024,1024,1024,1024,0,0,0,0,73.9,0,0,88,3.949,3.937,3.938,0,0,0,6.971,87.98,1.793287787044,5.577428,38,Tripod,
154800,2026-05-22 08:55:23,51.9887345253276,4.39007214374985,5.577428,,,1.793287787044,4.92126,0.223694,27.7019037736,84.836944972,26,5,11.824,2.121371787044,5.905512,6.3305402,37.282481508,0.223694,0,0,80.1, -0.5, 5.7,,,0,0,1024,1024,1024,1024,0,0,0,0,73.9,0,0,88,3.949,3.937,3.938,0,0,0,6.971,87.98,1.793287787044,5.577428,38,Tripod,
154900,2026-05-22 08:55:23,51.9887345871943,4.39007210641443,5.577428,,,1.793287787044,4.92126,0,27.6779208332,84.861223188,26,5,11.824,2.121371787044,5.905512,6.3305402,37.282481508,0,0,0,80, -1, 5.5,,,0,0,1024,1024,1024,1024,0,0,0,0,73.9,0,0,88,3.949,3.937,3.938,0,0,0,6.971,87.98,1.793287787044,5.577428,38,Tripod,
155000,2026-05-22 08:55:23,51.9887348027531,4.39007215984905,5.577428,,,1.793287787044,4.92126,0,27.6121399912,84.940619516,26,5,11.824,2.121371787044,5.905512,6.3305402,37.282481508,0,0,0,79.8, -1.3, 5.3,,,0,0,1024,1024,1024,1024,0,0,0,0,73.9,0,0,88,3.949,3.937,3.938,0,0,0,6.971,87.98,1.793287787044,5.577428,38,Tripod,
155100,2026-05-22 08:55:23,51.9887348681365,4.39007207351333,5.577428,,,1.793287787044,4.92126,0,27.5822515388,84.971459412,26,5,11.824,2.121371787044,5.905512,6.3305402,37.282481508,0,0,0,79.7, -1.4, 5.5,,,0,0,1024,1024,1024,1024,0,0,0,0,73.9,0,0,88,3.949,3.937,3.938,0,0,0,6.971,87.98,1.793287787044,5.577428,38,Tripod,
155200,2026-05-22 08:55:23,51.9887349573704,4.39007214706422,5.577428,,,1.793287787044,4.92126,0,27.560040252,85.007876736,26,5,11.824,2.121371787044,5.905512,6.3305402,37.282481508,0,0,0,79.6, -1.5, 5.5,,,0,0,1024,1024,1024,1024,0,0,0,0,73.9,0,0,88,3.949,3.937,3.938,0,0,0,6.971,87.98,1.793287787044,5.577428,38,Tripod,
155300,2026-05-22 08:55:24,51.9887350175065,4.39007204406235,5.577428,,,1.793287787044,4.92126,0,27.5302502248,85.039700884,26,5,11.824,2.121371787044,5.905512,6.3305402,37.282481508,0,0,0,79.5, -1.9, 6,,,0,0,1079,1024,1024,1024,8,0,0,0,73.9,0,0,88,3.949,3.937,3.938,0,0,0,6.971,87.98,1.793287787044,5.577428,38,Tripod,
155400,2026-05-22 08:55:24,51.9887349962646,4.39007205791488,5.577428,,,1.793287787044,4.92126,0,27.5385835584,85.048231068,26,5,11.828,2.121371787044,5.905512,6.3305402,37.282481508,0,0,0,79.4, -2.2, 6.3,,,0,0,1090,1024,1024,1024,10,0,0,0,73.9,0,0,88,3.948,3.936,3.937,0,0,0,6.835,87.98,1.793287787044,5.577428,38,Tripod,
155500,2026-05-22 08:55:24,51.988735023996,4.39007196824387,5.577428,,,1.793287787044,4.92126,0,27.5207357888,85.07054078,26,5,11.828,2.121371787044,5.905512,6.3305402,37.282481508,0,0,0,79.4, -2.1, 5.8,,,0,0,1083,1024,1024,1024,9,0,0,0,73.9,0,0,88,3.948,3.936,3.937,0,0,0,6.835,87.98,1.793287787044,5.577428,38,Tripod,
155600,2026-05-22 08:55:24,51.9887351602029,4.39007196717615,5.577428,,,1.793287787044,4.92126,0,27.4758210892,85.120409548,26,5,11.828,2.121371787044,5.905512,6.3305402,37.282481508,0,0,0,79.3, -1.9, 5.3,,,0,0,1024,1024,1024,1024,0,0,0,0,73.9,0,0,88,3.948,3.936,3.937,0,0,0,6.835,87.98,1.793287787044,5.577428,38,Tripod,
155700,2026-05-22 08:55:24,51.9887351864608,4.39007188698592,5.577428,,,1.793287787044,4.92126,0,27.4594168892,85.140750756,26,5,11.828,2.121371787044,5.905512,6.3305402,37.282481508,0,0,0,79.4, -1.9, 5.4,,,0,0,1024,1024,1024,1024,0,0,0,0,73.9,0,0,88,3.948,3.936,3.937,0,0,0,6.835,87.98,1.793287787044,5.577428,38,Tripod,
155800,2026-05-22 08:55:24,51.9887352013417,4.39007175551735,5.577428,,,1.793287787044,4.92126,0,27.44176597,85.170934484,26,5,11.828,2.121371787044,5.905512,6.3305402,37.282481508,0,0,0,79.3, -1.9, 5.1,,,0,0,1024,1024,1024,1024,0,0,0,0,73.9,0,0,88,3.948,3.936,3.937,0,0,0,6.835,87.98,1.793287787044,5.577428,38,Tripod,
155900,2026-05-22 08:55:24,51.9887352200649,4.39007166669494,5.577428,,,1.793287787044,4.92126,0,27.42700219,85.19193186,26,5,11.828,2.121371787044,5.905512,6.3305402,37.282481508,0,0,0,79.3, -1.9, 5,,,0,0,1024,1024,1024,1024,0,0,0,0,73.9,0,0,88,3.948,3.936,3.937,0,0,0,6.835,87.98,1.793287787044,5.577428,38,Tripod,
156000,2026-05-22 08:55:24,51.9887352972836,4.3900715355359,5.577428,,,1.793287787044,4.92126,0,27.3888788292,85.232614276,26,5,11.828,2.121371787044,5.905512,6.3305402,37.282481508,0,0,0,79.3, -2, 5.1,,,0,0,1024,1024,1024,1024,0,0,0,0,73.9,0,0,88,3.948,3.936,3.937,0,0,0,6.835,87.98,1.793287787044,5.577428,38,Tripod,
156100,2026-05-22 08:55:24,51.9887353273281,4.39007144896023,5.577428,,,1.793287787044,4.92126,0,27.3706045504,85.254923988,26,5,11.828,2.121371787044,5.905512,6.3305402,37.282481508,0,0,0,79.3, -1.8, 5.1,,,0,0,1024,1024,1024,1024,0,0,0,0,73.9,0,0,88,3.948,3.936,3.937,0,0,0,6.835,87.98,1.793287787044,5.577428,38,Tripod,
156200,2026-05-22 08:55:24,51.9887354302993,4.39007148721379,5.577428,,,1.793287787044,4.92126,0,27.340388014,85.2936379,26,5,11.828,2.121371787044,5.905512,6.3305402,37.282481508,0,0,0,79.3, -1.7, 5.2,,,0,0,1024,1024,1024,1024,0,0,0,0,73.9,0,0,88,3.948,3.936,3.937,0,0,0,6.835,87.98,1.793287787044,5.577428,38,Tripod,
156300,2026-05-22 08:55:25,51.9887354706285,4.39007141373246,5.577428,,,1.793287787044,4.92126,0,27.3200139976,85.315619528,26,5,11.828,2.121371787044,5.905512,6.3305402,37.282481508,0,0,0,79.4, -1.8, 5.4,,,0,0,1024,1024,1024,1024,0,0,0,0,73.9,0,0,88,3.948,3.936,3.937,0,0,0,6.835,87.98,1.793287787044,5.577428,38,Tripod,
156400,2026-05-22 08:55:25,51.9887355664676,4.39007128894844,5.577428,,,1.793287787044,4.92126,0,27.2763788256,85.360567036,26,5,11.82,2.121371787044,5.905512,6.3305402,37.282481508,0,0,0,79.4, -2, 5.7,,,0,0,1024,1024,1024,1024,0,0,0,0,73.9,0,0,88,3.948,3.937,3.938,0,0,0,6.954,88.16,1.793287787044,5.577428,38,Tripod,
156500,2026-05-22 08:55:25,51.9887356035328,4.39007121759907,5.577428,,,1.793287787044,4.92126,0,27.2572843368,85.381564412,26,5,11.82,2.121371787044,5.905512,6.3305402,37.282481508,0,0,0,79.4, -2.1, 5.7,,,0,0,1024,1024,1024,1024,0,0,0,0,73.9,0,0,88,3.948,3.937,3.938,0,0,0,6.954,88.16,1.793287787044,5.577428,38,Tripod,
156600,2026-05-22 08:55:25,51.9887354995036,4.39007109264463,5.577428,,,1.793287787044,4.92126,0,27.2794956236,85.428808508,26,5,11.82,2.121371787044,5.905512,6.3305402,37.282481508,0,0,0,79.3, -2.3, 5.7,,,0,0,1024,1024,1024,1024,0,0,0,0,73.9,0,0,88,3.948,3.937,3.938,0,0,0,6.954,88.16,1.793287787044,5.577428,38,Tripod,
156700,2026-05-22 08:55:25,51.9887355093256,4.39007102612957,5.577428,,,1.793287787044,4.92126,0,27.269849954,85.443900372,26,5,11.82,2.121371787044,5.905512,6.3305402,37.282481508,0,0,0,79.3, -2.5, 5.6,,,0,0,1024,1024,1024,1024,0,0,0,0,73.9,0,0,88,3.948,3.937,3.938,0,0,0,6.954,88.16,1.793287787044,5.577428,38,Tripod,
156800,2026-05-22 08:55:25,51.9887355687764,4.39007106008096,5.577428,,,1.793287787044,4.92126,0,27.2535441792,85.466866252,26,5,11.82,2.121371787044,5.905512,6.3305402,37.282481508,0,0,0,79.3, -2.6, 5.3,,,0,0,1024,1024,1024,1024,0,0,0,0,73.9,0,0,88,3.948,3.937,3.938,0,0,0,6.954,88.16,1.793287787044,5.577428,38,Tripod,
156900,2026-05-22 08:55:25,51.9887355729614,4.39007102483233,5.577428,,,1.793287787044,4.92126,0,27.2487541528,85.475068352,26,5,11.82,2.121371787044,5.905512,6.3305402,37.282481508,0,0,0,79.3, -2.4, 5.3,,,0,0,1024,1024,1024,1024,0,0,0,0,73.9,0,0,88,3.948,3.937,3.938,0,0,0,6.954,88.16,1.793287787044,5.577428,38,Tripod,
157000,2026-05-22 08:55:25,51.9887355054748,4.39007088507243,5.577428,,,1.793287787044,4.92126,0,27.2575796124,85.5150946,26,5,11.82,2.121371787044,5.905512,6.3305402,37.282481508,0,0,0,79.3, -2.3, 5.1,,,0,0,1024,1024,1024,1024,0,0,0,0,73.9,0,0,88,3.948,3.937,3.938,0,0,0,6.954,88.16,1.793287787044,5.577428,38,Tripod,
157100,2026-05-22 08:55:25,51.9887354968478,4.39007085968368,5.577428,,,1.793287787044,5.249344,0,27.2579733132,85.521328196,26,5,11.82,2.121371787044,5.905512,6.3305402,37.282481508,0,0,0,79.3, -2.2, 5,,,0,0,1024,1024,1024,1024,0,0,0,0,73.9,0,0,88,3.948,3.937,3.938,0,0,0,6.954,88.16,1.793287787044,5.577428,38,Tripod,
157200,2026-05-22 08:55:26,51.9887354743594,4.39007087636375,5.577428,,,1.793287787044,5.249344,0,27.2669956232,85.530514548,26,5,11.82,2.121371787044,5.905512,6.3305402,37.282481508,0,0,0,79.3, -2, 5.1,,,0,0,1032,1024,1024,1024,1,0,0,0,73.9,0,0,88,3.948,3.937,3.938,0,0,0,6.954,88.16,1.793287787044,5.577428,38,Tripod,
157300,2026-05-22 08:55:26,51.9887354628539,4.39007086136351,5.577428,,,1.793287787044,5.249344,0,27.269357828,85.535763892,26,5,11.82,2.121371787044,5.905512,6.3305402,37.282481508,0,0,0,79.3, -2, 5.1,,,0,0,1049,1024,1024,1024,4,0,0,0,73.9,0,0,88,3.948,3.937,3.938,0,0,0,6.954,88.16,1.793287787044,5.577428,38,Tripod,
157400,2026-05-22 08:55:26,51.988735466225,4.39007094896865,5.577428,,,1.793287787044,5.249344,0,27.2766741012,85.555777016,26,5,11.82,2.121371787044,5.905512,6.3305402,37.282481508,0,0,0,79.4, -2.2, 5.1,,,0,0,1173,1024,1024,1024,23,0,0,0,73.9,0,0,87,3.947,3.935,3.936,0,0,0,6.884,88.16,1.793287787044,5.577428,38,Tripod,
157500,2026-05-22 08:55:26,51.9887354546595,4.39007093922354,5.577428,,,1.793287787044,4.92126,0,27.279528432,85.560370192,26,5,11.82,2.121371787044,5.905512,6.3305402,37.282481508,0,0,0,79.2, -1.8, 4.6,,,0,0,1274,1024,1024,1024,38,0,0,0,73.9,0,0,87,3.947,3.935,3.936,0,0,0,6.884,88.16,1.793287787044,5.577428,38,Tripod,
157600,2026-05-22 08:55:26,51.9887354765483,4.3900708050735,5.577428,,,1.793287787044,4.92126,0,27.2594496912,85.591538172,26,5,11.82,2.121371787044,5.905512,6.3305402,37.282481508,0,0,0,79.2, -2.2, 4.6,,,0,0,1361,1024,1024,1024,51,0,0,0,73.9,0,0,87,3.947,3.935,3.936,0,0,0,6.884,88.16,1.793287787044,5.577428,38,Tripod,
157700,2026-05-22 08:55:26,51.9887354740424,4.39007079020891,5.577428,,,1.793287787044,4.92126,0,27.25885914,85.595147096,26,5,11.82,2.121371787044,5.905512,6.3305402,37.282481508,0,0,0,79.2, -3, 4.7,,,0,0,1361,1024,1024,1024,51,0,0,0,73.9,0,0,87,3.947,3.935,3.936,0,0,0,6.884,88.16,1.793287787044,5.577428,38,Tripod,
157800,2026-05-22 08:55:26,51.9887355001975,4.39007085054376,5.905512,,,2.121371787044,4.92126,0,27.2560048092,85.611551296,26,5,11.82,2.121371787044,5.905512,6.3305402,37.282481508,0,0,0,79.3, -3.9, 5.1,,,0,0,1409,1024,1024,1024,58,0,0,0,73.9,0,0,87,3.947,3.935,3.936,0,0,0,6.884,88.16,2.121371787044,5.905512,38,Tripod,
157900,2026-05-22 08:55:26,51.9887355087816,4.39007089473068,5.905512,,,2.121371787044,4.92126,0,27.2574155704,85.622049984,26,5,11.82,2.121371787044,5.905512,6.3305402,37.282481508,0,0,0,79, -5.3, 4.8,,,0,0,1455,1024,1024,1024,65,0,0,0,73.9,0,0,87,3.947,3.935,3.936,0,0,0,6.884,88.16,2.121371787044,5.905512,38,Tripod,
158000,2026-05-22 08:55:26,51.988735535198,4.39007120197997,5.905512,,,2.121371787044,4.92126,0,27.2782817128,85.691603792,26,5,11.82,2.121371787044,5.905512,6.3305402,37.282481508,0,0,0,78.8, -7, 4.6,,,0,0,1454,1024,1024,1024,65,0,0,0,73.9,0,0,87,3.947,3.935,3.936,0,0,0,6.884,88.16,2.121371787044,5.905512,38,Tripod,
158100,2026-05-22 08:55:26,51.9887355648185,4.39007142147114,5.905512,,,2.121371787044,4.92126,0.223694,27.2897318444,85.742128728,26,5,11.82,2.121371787044,5.905512,6.3305402,37.282481508,0,0.223694,0,78.7, -8.4, 4.4,,,0,0,1497,1024,1024,1024,72,0,0,0,73.9,0,0,87,3.947,3.935,3.936,0,0,0,6.884,88.16,2.121371787044,5.905512,38,Tripod,
158200,2026-05-22 08:55:26,51.9887356044024,4.39007169973907,5.577428,,,1.793287787044,4.92126,0.447388,27.3037410312,85.806433192,26,5,11.82,2.121371787044,5.905512,6.3305402,37.282481508,0,0.447388,0,78.5, -8.5, 4.9,,,0,0,1501,1024,1024,1024,72,0,0,0,73.9,0,0,87,3.947,3.935,3.936,0,0,0,6.884,88.16,1.793287787044,5.577428,38,Tripod,
158300,2026-05-22 08:55:27,51.9887356705268,4.3900722093786,5.905512,,,2.121371787044,4.92126,0.671082,27.3318250216,85.923231096,26,5,11.82,2.121371787044,5.905512,6.3305402,37.282481508,0,0.671082,0,78.4, -8.9, 4.8,,,0,0,1501,1024,1024,1024,72,0,0,0,73.9,0,0,87,3.947,3.935,3.936,0,0,0,6.884,88.16,2.121371787044,5.905512,38,Tripod,
158400,2026-05-22 08:55:27,51.9887357028116,4.39007270176421,5.905512,,,2.121371787044,4.92126,0.9171454,27.369751532,86.034779656,26,5,11.819,2.121371787044,5.905512,6.3305402,37.282481508,0.223694,0.894776,0,78.4, -9.1, 5,,,0,0,1505,1024,1024,1024,73,0,0,0,73.9,0,0,87,3.945,3.932,3.934,0,0,0,6.933,88.16,2.121371787044,5.905512,38,Tripod,
158500,2026-05-22 08:55:27,51.9887357987921,4.3900735182391,5.905512,,,2.121371787044,4.92126,1.1408394,27.4196859168,86.221459452,26,5,11.819,2.121371787044,5.905512,6.3305402,37.282481508,0.223694,1.11847,0,78.3, -9, 4.9,,,0,0,1505,1024,1024,1024,73,0,0,0,73.9,0,0,87,3.945,3.932,3.934,0,0,0,6.933,88.16,2.121371787044,5.905512,38,Tripod,
158600,2026-05-22 08:55:27,51.9887359408974,4.39007399135358,5.905512,,,2.121371787044,4.92126,1.3645334,27.4209654444,86.339569692,26,5,11.819,2.121371787044,5.905512,6.3305402,37.282481508,0.223694,1.342164,0,78.3, -9.1, 4.8,,,0,0,1509,1024,1024,1024,73,0,0,0,73.9,0,0,87,3.945,3.932,3.934,0,0,0,6.933,88.16,2.121371787044,5.905512,38,Tripod,
158700,2026-05-22 08:55:27,51.9887360755794,4.39007506222383,5.905512,,,2.121371787044,5.249344,1.5882274,27.486385394,86.585304608,26,5,11.819,2.121371787044,5.905512,6.3305402,37.282481508,0.223694,1.565858,0,78.3, -8.9, 4.9,,,0,0,1511,1024,1024,1024,74,0,0,0,73.9,0,0,87,3.945,3.932,3.934,0,0,0,6.933,88.16,2.121371787044,5.905512,38,Tripod,
158800,2026-05-22 08:55:27,51.9887361321302,4.39007596506221,5.905512,,,2.121371787044,5.249344,1.8119214,27.5615822468,86.789044772,26,5,11.819,2.121371787044,5.905512,6.3305402,37.282481508,0.223694,1.789552,0,78.4, -8.8, 5,,,0,0,1515,1024,1024,1024,74,0,0,0,73.9,0,0,87,3.945,3.932,3.934,0,0,0,6.933,88.16,2.121371787044,5.905512,38,Tripod,
158900,2026-05-22 08:55:27,51.9887362831666,4.39007728419629,5.905512,,,2.121371787044,5.249344,2.0356154,27.65173973,87.090553968,26,5,11.819,2.121371787044,5.905512,6.3305402,37.282481508,0.223694,2.013246,0,78.4, -9.1, 4.9,,,0,0,1518,1024,1024,1024,75,0,0,0,73.9,0,0,87,3.945,3.932,3.934,0,0,0,6.933,88.16,2.121371787044,5.905512,38,Tripod,
159000,2026-05-22 08:55:27,51.9887365815084,4.39007857961796,5.905512,,,2.121371787044,5.249344,2.23694,27.6952436684,87.401249516,26,5,11.819,2.121371787044,5.905512,6.3305402,37.282481508,0.223694,2.23694,0,78.3, -9.5, 4.7,,,0,0,1520,1024,1024,1024,75,0,0,0,73.9,0,0,87,3.945,3.932,3.934,0,0,0,6.933,88.16,2.121371787044,5.905512,38,Tripod,
159100,2026-05-22 08:55:27,51.9887367548105,4.39008016955969,5.905512,,,2.121371787044,4.92126,2.460634,27.814469394,87.76411042,26,5,11.819,2.121371787044,5.905512,6.3305402,37.282481508,0.223694,2.460634,0,78.3, -9.6, 4.6,,,0,0,1522,1024,1024,1024,75,0,0,0,73.9,0,0,87,3.945,3.932,3.934,0,0,0,6.933,88.16,2.121371787044,5.905512,38,Tripod,
159200,2026-05-22 08:55:27,51.9887370860496,4.39008178399289,5.905512,,,2.121371787044,4.92126,2.7290668,27.8909457744,88.14632828,26,5,11.819,2.121371787044,5.905512,6.3305402,37.282481508,0.447388,2.684328,0,78.4, -9.6, 4.1,,,0,0,1527,1024,1024,1024,76,0,0,0,73.9,0,0,87,3.945,3.932,3.934,0,0,0,6.933,88.16,2.121371787044,5.905512,38,Tripod,
159300,2026-05-22 08:55:28,51.9887372930971,4.39008365085297,5.905512,,,2.121371787044,4.92126,2.9527608,28.04051927,88.572509396,26,5,11.819,2.121371787044,5.905512,6.3305402,37.282481508,0.447388,2.908022,0,78.4, -9.3, 4.1,,,0,0,1534,1024,1024,1024,77,0,0,0,73.9,0,0,87,3.945,3.932,3.934,0,0,0,6.933,88.16,2.121371787044,5.905512,38,Tripod,
159400,2026-05-22 08:55:28,51.9887375765794,4.39008547334183,5.905512,,,2.121371787044,4.92126,3.1540854,28.16683161,88.995081588,26,5,11.818,2.121371787044,5.905512,6.3305402,37.282481508,0.447388,3.131716,0,78.4, -9.2, 3.9,,,0,0,1534,1024,1024,1024,77,0,0,0,73.9,0,0,87,3.947,3.935,3.937,0,0,0,6.973,88.16,2.121371787044,5.905512,38,Tripod,
159500,2026-05-22 08:55:28,51.988737823562,4.3900875785015,5.905512,,,2.121371787044,4.92126,3.3777794,28.3445219044,89.476380816,26,5,11.818,2.121371787044,5.905512,6.3305402,37.282481508,0.447388,3.35541,0,78.4, -8.9, 4,,,0,0,1537,1024,1024,1024,78,0,0,0,73.9,0,0,87,3.947,3.935,3.937,0,0,0,6.973,88.16,2.121371787044,5.905512,38,Tripod,
159600,2026-05-22 08:55:28,51.9887382614348,4.3900898484516,5.905512,,,2.121371787044,4.92126,3.6014734,28.4920284708,90.010829652,26,5,11.818,2.121371787044,5.905512,6.3305402,37.282481508,0.447388,3.579104,0,78.5, -8.5, 4,,,0,0,1537,1024,1024,1024,78,0,0,0,73.9,0,0,87,3.947,3.935,3.937,0,0,0,6.973,88.16,2.121371787044,5.905512,38,Tripod,
159700,2026-05-22 08:55:28,51.9887385558786,4.39009218072589,5.905512,,,2.121371787044,4.92126,3.8699062,28.6996728344,90.545934656,26,5,11.818,2.121371787044,5.905512,6.3305402,37.282481508,0.671082,3.802798,0,78.5, -8.1, 4.1,,,0,0,1536,1024,1024,1024,78,0,0,0,73.9,0,0,87,3.947,3.935,3.937,0,0,0,6.973,88.16,2.121371787044,5.905512,38,Tripod,
159800,2026-05-22 08:55:28,51.9887390315575,4.39009428914781,5.905512,,,2.121371787044,4.92126,3.8699062,28.8326452796,91.050199764,26,5,11.818,2.121371787044,5.905512,6.3305402,37.282481508,0.671082,3.802798,0,78.5, -7.7, 4.1,,,0,0,1539,1024,1024,1024,78,0,0,0,73.9,0,0,87,3.947,3.935,3.937,0,0,0,6.973,88.16,2.121371787044,5.905512,38,Tripod,
159900,2026-05-22 08:55:28,51.9887393693847,4.39009677041585,5.905512,,,2.121371787044,4.92126,4.0712308,29.064305392,91.621394008,26,5,11.818,2.121371787044,5.905512,6.3305402,37.282481508,0.671082,4.026492,0,78.5, -7.3, 4.1,,,0,0,1539,1024,1024,1024,78,0,0,0,73.9,0,0,87,3.947,3.935,3.937,0,0,0,6.973,88.16,2.121371787044,5.905512,38,Tripod,
160000,2026-05-22 08:55:28,51.9887397550457,4.39009956141286,5.577428,,,1.793287787044,4.92126,4.0712308,29.3343841408,92.264110564,26,5,11.818,2.121371787044,5.905512,6.3305402,37.282481508,0.671082,4.026492,0,78.5, -6.7, 4,,,0,0,1547,1024,1024,1024,79,0,0,0,73.9,0,0,87,3.947,3.935,3.937,0,0,0,6.973,88.16,1.793287787044,5.577428,38,Tripod,
160100,2026-05-22 08:55:28,51.9887401191051,4.3901022106084,5.905512,,,2.121371787044,4.92126,4.2949248,29.6019038344,92.873690636,26,5,11.818,2.121371787044,5.905512,6.3305402,37.282481508,0.671082,4.250186,0,78.6, -5.9, 4.2,,,0,0,1549,1024,1024,1024,80,0,0,0,73.9,0,0,87,3.947,3.935,3.937,0,0,0,6.973,88.16,2.121371787044,5.905512,38,Tripod,
160200,2026-05-22 08:55:28,51.9887405711048,4.39010507946889,5.577428,,,1.793287787044,4.92126,4.2949248,29.8868775968,93.539044988,26,5,11.818,2.121371787044,5.905512,6.3305402,37.282481508,0.671082,4.250186,0,78.7, -5.4, 4.1,,,0,0,1549,1024,1024,1024,80,0,0,0,73.9,0,0,87,3.947,3.935,3.937,0,0,0,6.973,88.16,1.793287787044,5.577428,38,Tripod,
160300,2026-05-22 08:55:29,51.9887409532791,4.39010783813518,5.905512,,,2.121371787044,4.92126,4.2949248,30.1865823308,94.174543696,26,5,11.818,2.121371787044,5.905512,6.3305402,37.282481508,0.671082,4.250186,0,78.7, -4.9, 4,,,0,0,1551,1024,1024,1024,80,0,0,0,73.9,0,0,87,3.947,3.935,3.937,0,0,0,6.973,88.16,2.121371787044,5.905512,38,Tripod,
160400,2026-05-22 08:55:29,51.9887414677065,4.39011070135446,5.905512,,,2.121371787044,4.92126,4.5186188,30.4768054372,94.844491224,26,5,11.815,2.121371787044,5.905512,6.3305402,37.282481508,0.671082,4.47388,0,78.8, -4.1, 3.9,,,0,0,1498,1024,1024,1024,72,0,0,0,73.9,0,0,87,3.946,3.934,3.936,0,0,0,6.822,88.16,2.121371787044,5.905512,38,Tripod,
160500,2026-05-22 08:55:29,51.9887418704545,4.39011350461451,5.905512,,,2.121371787044,4.92126,4.5186188,30.7991479672,95.491472872,26,5,11.815,2.121371787044,5.905512,6.3305402,37.282481508,0.671082,4.47388,0,78.9, -2.4, 4,,,0,0,1024,1024,1024,1024,0,0,0,0,73.9,0,0,87,3.946,3.934,3.936,0,0,0,6.822,88.16,2.121371787044,5.905512,38,Tripod,
160600,2026-05-22 08:55:29,51.9887422846266,4.39011635248221,5.905512,,,2.121371787044,4.92126,4.2949248,31.1356309176,96.148953208,26,5,11.815,2.121371787044,5.905512,6.3305402,37.282481508,0.671082,4.250186,0,79.2, 4.1, 3.8,,,0,0,1024,1024,1024,1024,0,0,0,0,73.9,0,0,87,3.946,3.934,3.936,0,0,0,6.822,88.16,2.121371787044,5.905512,38,Tripod,
160700,2026-05-22 08:55:29,51.98874267398,4.39011898074041,5.905512,,,2.121371787044,4.92126,4.0712308,31.4533474632,96.756236692,26,5,11.815,2.121371787044,5.905512,6.3305402,37.282481508,0.671082,4.026492,0,79.9, 12.4, 3.8,,,0,0,1024,1024,1024,1024,0,0,0,0,73.9,0,0,87,3.946,3.934,3.936,0,0,0,6.822,88.16,2.121371787044,5.905512,38,Tripod,
160800,2026-05-22 08:55:29,51.9887432181521,4.39012165094209,5.905512,,,2.121371787044,4.92126,3.3777794,31.7474747692,97.388126476,26,5,11.815,2.121371787044,5.905512,6.3305402,37.282481508,0.447388,3.35541,0,80.5, 14.1, 3.8,,,0,0,1024,1024,1024,1024,0,0,0,0,73.9,0,0,87,3.946,3.934,3.936,0,0,0,6.822,88.16,2.121371787044,5.905512,38,Tripod,
160900,2026-05-22 08:55:29,51.9887435502307,4.39012355028533,5.905512,,,2.121371787044,4.92126,2.7290668,31.9762477424,97.831696044,26,5,11.815,2.121371787044,5.905512,6.3305402,37.282481508,0.447388,2.684328,0,80.7, 12.8, 3.7,,,0,0,1024,1024,1024,1024,0,0,0,0,73.9,0,0,87,3.946,3.934,3.936,0,0,0,6.822,88.16,2.121371787044,5.905512,38,Tripod,
161000,2026-05-22 08:55:29,51.9887439511024,4.3901255388301,5.905512,,,2.121371787044,4.92126,2.0356154,32.2075797708,98.301840416,26,5,11.815,2.121371787044,5.905512,6.3305402,37.282481508,0.223694,2.013246,0,80.8, 10.7, 3.9,,,0,0,1024,1024,1024,1024,0,0,0,0,73.9,0,0,87,3.946,3.934,3.936,0,0,0,6.822,88.16,2.121371787044,5.905512,38,Tripod,
161100,2026-05-22 08:55:29,51.9887442278939,4.39012675773378,5.905512,,,2.121371787044,4.92126,1.5882274,32.3444236072,98.593835176,26,5,11.815,2.121371787044,5.905512,6.3305402,37.282481508,0.223694,1.565858,0,80.7, 8.5, 4.2,,,0,0,1024,1024,1024,1024,0,0,0,0,73.9,0,0,87,3.946,3.934,3.936,0,0,0,6.822,88.16,2.121371787044,5.905512,38,Tripod,
161200,2026-05-22 08:55:29,51.9887443864521,4.39012880524322,5.905512,,,2.121371787044,4.92126,1.3645334,32.6520351656,99.057417868,26,5,11.815,2.121371787044,5.905512,6.3305402,37.282481508,0.223694,1.342164,0,80.6, 6.9, 3.8,,,0,0,1394,1024,1024,1024,56,0,0,0,73.9,0,0,87,3.946,3.934,3.936,0,0,0,6.822,88.16,2.121371787044,5.905512,38,Tripod,
161300,2026-05-22 08:55:30,51.9887446018695,4.39012964120799,5.905512,,,2.121371787044,4.92126,1.11847,32.7428488168,99.261158032,26,5,11.815,2.121371787044,5.905512,6.3305402,37.282481508,0,1.11847,0,80.9, 5.7, 3.7,,,0,0,1394,1024,1024,1024,56,0,0,0,73.9,0,0,87,3.946,3.934,3.936,0,0,0,6.822,88.16,2.121371787044,5.905512,38,Tripod,
161400,2026-05-22 08:55:30,51.9887447745804,4.39013110827478,5.905512,,,2.121371787044,4.92126,0.671082,32.953085044,99.59645988,26,5,11.817,2.121371787044,5.905512,6.3305402,37.282481508,0,0.671082,0,80.9, 3.5, 4.6,,,0,0,1424,1024,1024,1024,61,0,0,0,73.9,0,0,87,3.945,3.933,3.934,0,0,0,6.81,88.16,2.121371787044,5.905512,38,Tripod,
161500,2026-05-22 08:55:30,51.9887449417398,4.39013170392283,5.905512,,,2.121371787044,4.92126,0.671082,33.016077172,99.743769596,26,5,11.817,2.121371787044,5.905512,6.3305402,37.282481508,0,0.671082,0,80.6, 0.3, 4.9,,,0,0,1380,1024,1024,1024,54,0,0,0,73.9,0,0,87,3.945,3.933,3.934,0,0,0,6.81,88.16,2.121371787044,5.905512,38,Tripod,
161600,2026-05-22 08:55:30,51.9887447622481,4.3901326778774,5.577428,,,1.793287787044,4.92126,0.447388,33.226050932,99.97211606,26,5,11.817,2.121371787044,5.905512,6.3305402,37.282481508,0,0.447388,0,80.2, -1.9, 3.4,,,0,0,1325,1024,1024,1024,46,0,0,0,73.9,0,0,87,3.945,3.933,3.934,0,0,0,6.81,88.16,1.793287787044,5.577428,38,Tripod,
161700,2026-05-22 08:55:30,51.9887448487278,4.39013325482831,5.577428,,,1.793287787044,4.92126,0.671082,33.305775344,100.105646248,26,5,11.817,2.121371787044,5.905512,6.3305402,37.282481508,0,0.671082,0,79.5, -3.2, 2.1,,,0,0,1295,1024,1024,1024,41,0,0,0,73.9,0,0,87,3.945,3.933,3.934,0,0,0,6.81,88.16,1.793287787044,5.577428,38,Tripod,
161800,2026-05-22 08:55:30,51.9887448916742,4.39013406685134,5.577428,,,1.793287787044,4.92126,0.671082,33.436352776,100.28871712,26,5,11.817,2.121371787044,5.905512,6.3305402,37.282481508,0,0.671082,0,79.3, -2.8, 2.7,,,0,0,1085,1024,1024,1024,9,0,0,0,73.9,0,0,87,3.945,3.933,3.934,0,0,0,6.81,88.16,1.793287787044,5.577428,38,Tripod,
161900,2026-05-22 08:55:30,51.988744986134,4.39013474548947,5.577428,,,1.793287787044,4.92126,0.671082,33.532481388,100.444885104,26,5,11.817,2.121371787044,5.905512,6.3305402,37.282481508,0,0.671082,0,79.1, -3, 2.5,,,0,0,1024,1024,1024,1024,0,0,0,0,73.9,0,0,87,3.945,3.933,3.934,0,0,0,6.81,88.16,1.793287787044,5.577428,38,Tripod,
162000,2026-05-22 08:55:30,51.988744732195,4.39013510582209,5.577428,,,1.793287787044,4.92126,0.671082,33.653872468,100.567916604,26,5,11.817,2.121371787044,5.905512,6.3305402,37.282481508,0,0.671082,0,79.3, -1, 2.7,,,0,0,1024,1024,1024,1024,0,0,0,0,73.9,0,0,87,3.945,3.933,3.934,0,0,0,6.81,88.16,1.793287787044,5.577428,38,Tripod,
162100,2026-05-22 08:55:30,51.9887447940274,4.39013579557556,5.577428,,,1.793287787044,4.92126,0.671082,33.7598436,100.724740756,26,5,11.817,2.121371787044,5.905512,6.3305402,37.282481508,0,0.671082,0,79.2, 0.8, 2.5,,,0,0,1024,1024,1024,1024,0,0,0,0,73.9,0,0,87,3.945,3.933,3.934,0,0,0,6.81,88.16,1.793287787044,5.577428,38,Tripod,
162200,2026-05-22 08:55:30,51.9887446641001,4.39013602746878,5.577428,,,1.793287787044,4.92126,0.447388,33.83038166,100.794950732,26,5,11.817,2.121371787044,5.905512,6.3305402,37.282481508,0,0.447388,0,79.3, 1.2, 2.2,,,0,0,1024,1024,1024,1024,0,0,0,0,73.9,0,0,87,3.945,3.933,3.934,0,0,0,6.81,88.16,1.793287787044,5.577428,38,Tripod,
162300,2026-05-22 08:55:31,51.9887447104691,4.39013657542077,5.577428,,,1.793287787044,4.92126,0.447388,33.915355416,100.919294568,26,5,11.817,2.121371787044,5.905512,6.3305402,37.282481508,0,0.447388,0,79.4, 1.2, 2.4,,,0,0,1024,1024,1024,1024,0,0,0,0,73.9,0,0,87,3.945,3.933,3.934,0,0,0,6.81,88.16,1.793287787044,5.577428,38,Tripod,
162400,2026-05-22 08:55:31,51.9887444535787,4.39013643062826,5.577428,,,1.793287787044,4.92126,0.223694,33.948819984,101.018375936,26,5,11.803,2.121371787044,5.905512,6.3305402,37.282481508,0,0.223694,0,79.5, 0.4, 2.6,,,0,0,1024,1024,1024,1024,0,0,0,0,73.9,0,0,87,3.946,3.934,3.935,0,0,0,7.102,88.34,1.793287787044,5.577428,38,Tripod,
162500,2026-05-22 08:55:31,51.9887444681769,4.39013681978575,5.577428,,,1.793287787044,4.92126,0.223694,34.013452532,101.105974364,26,5,11.803,2.121371787044,5.905512,6.3305402,37.282481508,0,0.223694,0,79.4, 0.5, 2.8,,,0,0,1024,1024,1024,1024,0,0,0,0,73.9,0,0,87,3.946,3.934,3.935,0,0,0,7.102,88.34,1.793287787044,5.577428,38,Tripod,
162600,2026-05-22 08:55:31,51.9887442650788,4.39013693635142,5.577428,,,1.793287787044,4.92126,0.223694,34.080381668,101.184714524,26,5,11.803,2.121371787044,5.905512,6.3305402,37.282481508,0,0.223694,0,79.2, 0.7, 2.4,,,0,0,1024,1024,1024,1024,0,0,0,0,73.9,0,0,87,3.946,3.934,3.935,0,0,0,7.102,88.34,1.793287787044,5.577428,38,Tripod,
162700,2026-05-22 08:55:31,51.988744250305,4.39013722700748,5.577428,,,1.793287787044,4.92126,0.223694,34.134843612,101.250331324,26,5,11.803,2.121371787044,5.905512,6.3305402,37.282481508,0,0.223694,0,79.4, 0.3, 2.4,,,0,0,1024,1024,1024,1024,0,0,0,0,73.9,0,0,87,3.946,3.934,3.935,0,0,0,7.102,88.34,1.793287787044,5.577428,38,Tripod,
162800,2026-05-22 08:55:31,51.9887442311963,4.39013740314286,5.577428,,,1.793287787044,4.92126,0,34.1699486,101.290357572,26,5,11.803,2.121371787044,5.905512,6.3305402,37.282481508,0,0,0,79.5, 0.6, 2.3,,,0,0,1024,1024,1024,1024,0,0,0,0,73.9,0,0,87,3.946,3.934,3.935,0,0,0,7.102,88.34,1.793287787044,5.577428,38,Tripod,
162900,2026-05-22 08:55:31,51.9887442091577,4.39013762504755,5.577428,,,1.793287787044,4.92126,0,34.213583772,101.340882508,26,5,11.803,2.121371787044,5.905512,6.3305402,37.282481508,0,0,0,79.3, 0.8, 2,,,0,0,1024,1024,1024,1024,0,0,0,0,73.9,0,0,87,3.946,3.934,3.935,0,0,0,7.102,88.34,1.793287787044,5.577428,38,Tripod,
163000,2026-05-22 08:55:31,51.9887440607771,4.3901375946923,5.577428,,,1.793287787044,4.92126,0,34.242455164,101.395344452,26,5,11.803,2.121371787044,5.905512,6.3305402,37.282481508,0,0,0,79.3, 0.6, 2,,,0,0,1024,1024,1024,1024,0,0,0,0,73.9,0,0,87,3.946,3.934,3.935,0,0,0,7.102,88.34,1.793287787044,5.577428,38,Tripod,
163100,2026-05-22 08:55:31,51.9887440260378,4.39013774157148,5.577428,,,1.793287787044,4.92126,0,34.275919732,101.430777524,26,5,11.803,2.121371787044,5.905512,6.3305402,37.282481508,0,0,0,79.2, 0, 2.1,,,0,0,1024,1024,1024,1024,0,0,0,0,73.9,0,0,87,3.946,3.934,3.935,0,0,0,7.102,88.34,1.793287787044,5.577428,38,Tripod,
163200,2026-05-22 08:55:31,51.9887439155234,4.39013760603027,5.577428,,,1.793287787044,4.92126,0,34.277888236,101.48130246,26,5,11.803,2.121371787044,5.905512,6.3305402,37.282481508,0,0,0,79.3, -0.1, 1.9,,,0,0,1024,1024,1024,1024,0,0,0,0,73.9,0,0,87,3.946,3.934,3.935,0,0,0,7.102,88.34,1.793287787044,5.577428,38,Tripod,
163300,2026-05-22 08:55:32,51.9887438614356,4.39013772507226,5.577428,,,1.793287787044,4.92126,0,34.31102472,101.514438944,26,5,11.803,2.121371787044,5.905512,6.3305402,37.282481508,0,0,0,79.1, -0.2, 1.4,,,0,0,1024,1024,1024,1024,0,0,0,0,73.9,0,0,87,3.946,3.934,3.935,0,0,0,7.102,88.34,1.793287787044,5.577428,38,Tripod,
163400,2026-05-22 08:55:32,51.9887437743091,4.39013767578328,5.577428,,,1.793287787044,4.92126,0,34.32250766,101.548231596,26,5,11.814,2.121371787044,5.905512,6.3305402,37.282481508,0,0,0,79.1, -0.2, 1.4,,,0,0,1024,1024,1024,1024,0,0,0,0,73.9,0,0,87,3.946,3.934,3.935,0,0,0,6.819,88.34,1.793287787044,5.577428,38,Tripod,
163500,2026-05-22 08:55:32,51.9887437169916,4.3901377700486,5.577428,,,1.793287787044,4.92126,0,34.35203522,101.57808724,26,5,11.814,2.121371787044,5.905512,6.3305402,37.282481508,0,0,0,78.9, 0.1, 1.2,,,0,0,1024,1024,1024,1024,0,0,0,0,73.9,0,0,87,3.946,3.934,3.935,0,0,0,6.819,88.34,1.793287787044,5.577428,38,Tripod,
163600,2026-05-22 08:55:32,51.988743510381,4.39013766977341,5.577428,,,1.793287787044,4.92126,0,34.382218948,101.6568274,26,5,11.814,2.121371787044,5.905512,6.3305402,37.282481508,0,0,0,79, -0.2, 0.8,,,0,0,1024,1024,1024,1024,0,0,0,0,73.9,0,0,87,3.946,3.934,3.935,0,0,0,6.819,88.34,1.793287787044,5.577428,38,Tripod,
163700,2026-05-22 08:55:32,51.9887434499108,4.39013771771295,5.577428,,,1.793287787044,4.92126,0,34.404200576,101.681105616,26,5,11.814,2.121371787044,5.905512,6.3305402,37.282481508,0,0,0,79, -0.5, 1,,,0,0,1024,1024,1024,1024,0,0,0,0,73.9,0,0,87,3.946,3.934,3.935,0,0,0,6.819,88.34,1.793287787044,5.577428,38,Tripod,
163800,2026-05-22 08:55:32,51.9887434523567,4.39013765671037,5.577428,,,1.793287787044,4.92126,0,34.39304572,101.694885144,26,5,11.814,2.121371787044,5.905512,6.3305402,37.282481508,0,0,0,79, -0.7, 1.4,,,0,0,1024,1024,1024,1024,0,0,0,0,73.9,0,0,87,3.946,3.934,3.935,0,0,0,6.819,88.34,1.793287787044,5.577428,38,Tripod,
163900,2026-05-22 08:55:32,51.9887434061934,4.39013770714011,5.577428,,,1.793287787044,4.92126,0,34.41273076,101.715226352,26,5,11.814,2.121371787044,5.905512,6.3305402,37.282481508,0,0,0,79, -0.5, 1.7,,,0,0,1024,1024,1024,1024,0,0,0,0,73.9,0,0,87,3.946,3.934,3.935,0,0,0,6.819,88.34,1.793287787044,5.577428,38,Tripod,
164000,2026-05-22 08:55:32,51.9887433990956,4.39013759638948,5.577428,,,1.793287787044,4.92126,0,34.395014224,101.740160736,26,5,11.814,2.121371787044,5.905512,6.3305402,37.282481508,0,0,0,78.9, -0.1, 1.7,,,0,0,1024,1024,1024,1024,0,0,0,0,73.9,0,0,87,3.946,3.934,3.935,0,0,0,6.819,88.34,1.793287787044,5.577428,38,Tripod,
164100,2026-05-22 08:55:32,51.9887433516858,4.39013763684455,5.577428,,,1.793287787044,4.92126,0,34.413058844,101.759845776,26,5,11.814,2.121371787044,5.905512,6.3305402,37.282481508,0,0,0,78.9, 0, 1.4,,,0,0,1024,1024,1024,1024,0,0,0,0,73.9,0,0,87,3.946,3.934,3.935,0,0,0,6.819,88.34,1.793287787044,5.577428,38,Tripod,
164200,2026-05-22 08:55:32,51.9887432981848,4.39013758308992,5.577428,,,1.793287787044,4.92126,0,34.4160116,101.782811656,26,5,11.814,2.121371787044,5.905512,6.3305402,37.282481508,0,0,0,79.1, -0.1, 1.1,,,0,0,1024,1024,1024,1024,0,0,0,0,73.9,0,0,87,3.946,3.934,3.935,0,0,0,6.819,88.34,1.793287787044,5.577428,38,Tripod,
164300,2026-05-22 08:55:33,51.9887432500725,4.39013759466441,5.577428,,,1.793287787044,4.92126,0,34.42913496,101.800528192,26,5,11.814,2.121371787044,5.905512,6.3305402,37.282481508,0,0,0,78.9, -0.5, 1,,,0,0,1024,1024,1024,1024,0,0,0,0,73.9,0,0,87,3.946,3.934,3.935,0,0,0,6.819,88.34,1.793287787044,5.577428,38,Tripod,
164400,2026-05-22 08:55:33,51.9887431971155,4.390137497102,5.577428,,,1.793287787044,4.92126,0,34.424541784,101.829727668,26,5,11.813,2.121371787044,5.905512,6.3305402,37.282481508,0,0,0,78.9, -0.5, 1.3,,,0,0,1024,1024,1024,1024,0,0,0,0,73.9,0,0,87,3.945,3.932,3.933,0,0,0,6.78,88.34,1.793287787044,5.577428,38,Tripod,
164500,2026-05-22 08:55:33,51.9887431599219,4.39013748398331,5.577428,,,1.793287787044,4.92126,0,34.43077538,101.843507196,26,5,11.813,2.121371787044,5.905512,6.3305402,37.282481508,0,0,0,78.8, -0.5, 1.4,,,0,0,1024,1024,1024,1024,0,0,0,0,73.9,0,0,87,3.945,3.932,3.933,0,0,0,6.78,88.34,1.793287787044,5.577428,38,Tripod,
164600,2026-05-22 08:55:33,51.9887432872705,4.39013741877941,5.577428,,,1.793287787044,4.92126,0,34.390092964,101.892391712,26,5,11.813,2.121371787044,5.905512,6.3305402,37.282481508,0,0,0,79, -0.6, 1.5,,,0,0,1024,1024,1024,1024,0,0,0,0,73.9,0,0,87,3.945,3.932,3.933,0,0,0,6.78,88.34,1.793287787044,5.577428,38,Tripod,
164700,2026-05-22 08:55:33,51.9887432850473,4.39013739266724,5.577428,,,1.793287787044,4.92126,0,34.385827872,101.898297224,26,5,11.813,2.121371787044,5.905512,6.3305402,37.282481508,0,0,0,78.9, -0.9, 1.9,,,0,0,1024,1024,1024,1024,0,0,0,0,73.9,0,0,87,3.945,3.932,3.933,0,0,0,6.78,88.34,1.793287787044,5.577428,38,Tripod,
164800,2026-05-22 08:55:33,51.9887432286079,4.39013724136414,5.577428,,,1.793287787044,4.92126,0,34.372704512,101.937995388,26,5,11.813,2.121371787044,5.905512,6.3305402,37.282481508,0,0,0,79, -0.7, 2.3,,,0,0,1024,1024,1024,1024,0,0,0,0,73.9,0,0,87,3.945,3.932,3.933,0,0,0,6.78,88.34,1.793287787044,5.577428,38,Tripod,
164900,2026-05-22 08:55:33,51.9887432255366,4.39013720349662,5.577428,,,1.793287787044,4.92126,0,34.366799,101.946525572,26,5,11.813,2.121371787044,5.905512,6.3305402,37.282481508,0,0,0,79.1, -0.6, 2.3,,,0,0,1024,1024,1024,1024,0,0,0,0,73.9,0,0,87,3.945,3.932,3.933,0,0,0,6.78,88.34,1.793287787044,5.577428,38,Tripod,
165000,2026-05-22 08:55:33,51.9887432831883,4.39013709721161,5.577428,,,1.793287787044,4.92126,0,34.334974852,101.97834972,26,5,11.813,2.121371787044,5.905512,6.3305402,37.282481508,0,0,0,79.3, -0.8, 2.4,,,0,0,1024,1024,1024,1024,0,0,0,0,73.9,0,0,87,3.945,3.932,3.933,0,0,0,6.78,88.34,1.793287787044,5.577428,38,Tripod,
165100,2026-05-22 08:55:33,51.9887432725823,4.39013702588656,5.577428,,,1.793287787044,4.92126,0,34.325132332,101.995082004,26,5,11.813,2.121371787044,5.905512,6.3305402,37.282481508,0,0,0,79.1, -0.9, 2,,,0,0,1024,1024,1024,1024,0,0,0,0,73.9,0,0,87,3.945,3.932,3.933,0,0,0,6.78,88.34,1.793287787044,5.577428,38,Tripod,
165200,2026-05-22 08:55:33,51.9887432602244,4.39013691085112,5.577428,,,1.793287787044,4.593176,0,34.308071964,102.02100064,26,5,11.813,2.121371787044,5.905512,6.3305402,37.282481508,0,0,0,79, -1.9, 2,,,0,0,1024,1024,1024,1024,0,0,0,0,73.9,0,0,87,3.945,3.932,3.933,0,0,0,6.78,88.34,1.793287787044,5.577428,38,Tripod,
165300,2026-05-22 08:55:34,51.9887432563393,4.39013681900641,5.577428,,,1.793287787044,4.593176,0,34.2929801,102.041998016,26,5,11.813,2.121371787044,5.905512,6.3305402,37.282481508,0,0,0,79, -1.7, 2.3,,,0,0,1024,1024,1024,1024,0,0,0,0,73.9,0,0,87,3.945,3.932,3.933,0,0,0,6.78,88.34,1.793287787044,5.577428,38,Tripod,
165400,2026-05-22 08:55:34,51.9887432663755,4.39013673961958,5.577428,,,1.793287787044,4.593176,0,34.276903984,102.060042636,26,5,11.813,2.121371787044,5.905512,6.3305402,37.282481508,0,0,0,79.1, -1.8, 2.1,,,0,0,1024,1024,1024,1024,0,0,0,0,73.9,0,0,87,3.944,3.931,3.933,0,0,0,6.801,88.34,1.793287787044,5.577428,38,Tripod,
165500,2026-05-22 08:55:34,51.9887432657716,4.39013664424826,5.577428,,,1.793287787044,4.593176,0,34.260499784,102.081368096,26,5,11.813,2.121371787044,5.905512,6.3305402,37.282481508,0,0,0,78.9, -2.1, 2.5,,,0,0,1024,1024,1024,1024,0,0,0,0,73.9,0,0,87,3.944,3.931,3.933,0,0,0,6.801,88.34,1.793287787044,5.577428,38,Tripod,
165600,2026-05-22 08:55:34,51.9887434403543,4.39013665244918,5.577428,,,1.793287787044,4.593176,0,34.221457788,102.145344476,26,5,11.813,2.121371787044,5.905512,6.3305402,37.282481508,0,0,0,78.9, -2.3, 2.5,,,0,0,1024,1024,1024,1024,0,0,0,0,73.9,0,0,87,3.944,3.931,3.933,0,0,0,6.801,88.34,1.793287787044,5.577428,38,Tripod,
165700,2026-05-22 08:55:34,51.9887434489085,4.39013657484306,5.577428,,,1.793287787044,4.593176,0,34.20603784,102.163061012,26,5,11.813,2.121371787044,5.905512,6.3305402,37.282481508,0,0,0,79, -2.4, 2.3,,,0,0,1024,1024,1024,1024,0,0,0,0,73.9,0,0,87,3.944,3.931,3.933,0,0,0,6.801,88.34,1.793287787044,5.577428,38,Tripod,
165800,2026-05-22 08:55:34,51.9887434220852,4.3901364628056,5.577428,,,1.793287787044,4.593176,0,34.19291448,102.1899639,26,5,11.813,2.121371787044,5.905512,6.3305402,37.282481508,0,0,0,79, -2.4, 2.7,,,0,0,1024,1024,1024,1024,0,0,0,0,73.9,0,0,87,3.944,3.931,3.933,0,0,0,6.801,88.34,1.793287787044,5.577428,38,Tripod,
165900,2026-05-22 08:55:34,51.9887434245953,4.39013640854322,5.577428,,,1.793287787044,4.593176,0,34.182743876,102.202103008,26,5,11.813,2.121371787044,5.905512,6.3305402,37.282481508,0,0,0,79, -2.2, 2.6,,,0,0,1024,1024,1024,1024,0,0,0,0,73.9,0,0,87,3.944,3.931,3.933,0,0,0,6.801,88.34,1.793287787044,5.577428,38,Tripod,
166000,2026-05-22 08:55:34,51.9887433896805,4.39013632806433,5.577428,,,1.793287787044,4.593176,0,34.176838364,102.22441272,26,5,11.813,2.121371787044,5.905512,6.3305402,37.282481508,0,0,0,79, -2.3, 2.3,,,0,0,1024,1024,1024,1024,0,0,0,0,73.9,0,0,87,3.944,3.931,3.933,0,0,0,6.801,88.34,1.793287787044,5.577428,38,Tripod,
166100,2026-05-22 08:55:34,51.9887433834908,4.3901362843122,5.577428,,,1.793287787044,4.593176,0,34.170932852,102.23425524,26,5,11.813,2.121371787044,5.905512,6.3305402,37.282481508,0,0,0,79, -2.5, 2.3,,,0,0,1024,1024,1024,1024,0,0,0,0,73.9,0,0,87,3.944,3.931,3.933,0,0,0,6.801,88.34,1.793287787044,5.577428,38,Tripod,
166200,2026-05-22 08:55:34,51.9887435292242,4.39013632642279,5.577428,,,1.793287787044,4.593176,0,34.144358048,102.2883891,26,5,11.813,2.121371787044,5.905512,6.3305402,37.282481508,0,0,0,79, -2.3, 2.3,,,0,0,1024,1024,1024,1024,0,0,0,0,73.9,0,0,87,3.944,3.931,3.933,0,0,0,6.801,88.34,1.793287787044,5.577428,38,Tripod,
166300,2026-05-22 08:55:35,51.988743546491,4.39013632121984,5.577428,,,1.793287787044,4.593176,0,34.139436788,102.294622696,26,5,11.813,2.121371787044,5.905512,6.3305402,37.282481508,0,0,0,79.1, -1.9, 2.4,,,0,0,1024,1024,1024,1024,0,0,0,0,73.9,0,0,87,3.944,3.931,3.933,0,0,0,6.801,88.34,1.793287787044,5.577428,38,Tripod,
166400,2026-05-22 08:55:35,51.9887435427944,4.39013631888965,5.577428,,,1.793287787044,4.593176,0,34.139764872,102.296263116,26,5,11.804,2.121371787044,5.905512,6.3305402,37.282481508,0,0,0,79.1, -1.8, 2.4,,,0,0,1024,1024,1024,1024,0,0,0,0,73.9,0,0,87,3.945,3.932,3.933,0,0,0,6.917,88.34,1.793287787044,5.577428,38,Tripod,
166500,2026-05-22 08:55:35,51.9887435561246,4.3901363240926,5.577428,,,1.793287787044,4.593176,0,34.137796368,102.301184376,26,5,11.804,2.121371787044,5.905512,6.3305402,37.282481508,0,0,0,79.1, -1.6, 2.5,,,0,0,1024,1024,1024,1024,0,0,0,0,73.9,0,0,87,3.945,3.932,3.933,0,0,0,6.917,88.34,1.793287787044,5.577428,38,Tripod,
166600,2026-05-22 08:55:35,51.9887436840429,4.3901362554873,5.577428,,,1.793287787044,4.593176,0,34.0961297,102.350396976,26,5,11.804,2.121371787044,5.905512,6.3305402,37.282481508,0,0,0,79, -1.7, 2,,,0,0,1024,1024,1024,1024,0,0,0,0,73.9,0,0,87,3.945,3.932,3.933,0,0,0,6.917,88.34,1.793287787044,5.577428,38,Tripod,
166700,2026-05-22 08:55:35,51.9887437012198,4.39013625564034,5.577428,,,1.793287787044,4.593176,0,34.092192692,102.356630572,26,5,11.804,2.121371787044,5.905512,6.3305402,37.282481508,0,0,0,78.9, -1.8, 1.9,,,0,0,1024,1024,1024,1024,0,0,0,0,73.9,0,0,87,3.945,3.932,3.933,0,0,0,6.917,88.34,1.793287787044,5.577428,38,Tripod,
166800,2026-05-22 08:55:35,51.9887436459925,4.39013643229048,5.577428,,,1.793287787044,4.593176,0,34.13549978,102.401249996,26,5,11.804,2.121371787044,5.905512,6.3305402,37.282481508,0,0,0,79, -1.6, 2,,,0,0,1024,1024,1024,1024,0,0,0,0,73.9,0,0,87,3.945,3.932,3.933,0,0,0,6.917,88.34,1.793287787044,5.577428,38,Tripod,
166900,2026-05-22 08:55:35,51.9887436646258,4.39013646307001,5.577428,,,1.793287787044,4.593176,0,34.136484032,102.410764432,26,5,11.804,2.121371787044,5.905512,6.3305402,37.282481508,0,0,0,79, -1.3, 2.1,,,0,0,1024,1024,1024,1024,0,0,0,0,73.9,0,0,87,3.945,3.932,3.933,0,0,0,6.917,88.34,1.793287787044,5.577428,38,Tripod,
167000,2026-05-22 08:55:35,51.9887437932123,4.39013646476028,5.577428,,,1.793287787044,4.593176,0,34.107284556,102.457680444,26,5,11.804,2.121371787044,5.905512,6.3305402,37.282481508,0,0,0,79, -0.9, 2.1,,,0,0,1024,1024,1024,1024,0,0,0,0,73.9,0,0,87,3.945,3.932,3.933,0,0,0,6.917,88.34,1.793287787044,5.577428,38,Tripod,
167100,2026-05-22 08:55:35,51.9887438205882,4.39013649512245,5.577428,,,1.793287787044,4.593176,0,34.10597222,102.469819552,26,5,11.804,2.121371787044,5.905512,6.3305402,37.282481508,0,0,0,79, -1, 2.2,,,0,0,1024,1024,1024,1024,0,0,0,0,73.9,0,0,87,3.945,3.932,3.933,0,0,0,6.917,88.34,1.793287787044,5.577428,38,Tripod,
167200,2026-05-22 08:55:35,51.9887439294406,4.39013662809696,5.577428,,,1.793287787044,4.593176,0,34.104003716,102.51968832,26,5,11.804,2.121371787044,5.905512,6.3305402,37.282481508,0,0,0,79, -0.9, 2,,,0,0,1024,1024,1024,1024,0,0,0,0,73.9,0,0,87,3.945,3.932,3.933,0,0,0,6.917,88.34,1.793287787044,5.577428,38,Tripod,
167300,2026-05-22 08:55:36,51.9887439610614,4.39013667445059,5.577428,,,1.793287787044,4.593176,0,34.104987968,102.535108268,26,5,11.804,2.121371787044,5.905512,6.3305402,37.282481508,0,0,0,79.1, -0.8, 2.2,,,0,0,1024,1024,1024,1024,0,0,0,0,73.9,0,0,87,3.945,3.932,3.933,0,0,0,6.917,88.34,1.793287787044,5.577428,38,Tripod,
167400,2026-05-22 08:55:36,51.9887438831616,4.39013676850726,5.577428,,,1.793287787044,4.593176,0,34.139108704,102.57054134,26,5,11.806,2.121371787044,5.905512,6.3305402,37.282481508,0,0,0,79, -0.5, 1.8,,,0,0,1024,1024,1024,1024,0,0,0,0,73.9,0,0,87,3.943,3.93,3.933,0,0,0,6.869,88.34,1.793287787044,5.577428,38,Tripod,
167500,2026-05-22 08:55:36,51.9887438961021,4.39013682279051,5.577428,,,1.793287787044,4.593176,0,34.145670384,102.5836647,26,5,11.806,2.121371787044,5.905512,6.3305402,37.282481508,0,0,0,79.1, -0.1, 1.6,,,0,0,1024,1024,1024,1005,0,0,0,-3,73.9,0,0,87,3.943,3.93,3.933,0,0,0,6.869,88.34,1.793287787044,5.577428,38,Tripod,
167600,2026-05-22 08:55:36,51.9887438312712,4.39013687975871,5.577428,,,1.793287787044,4.593176,0,34.170604768,102.610567588,26,5,11.806,2.121371787044,5.905512,6.3305402,37.282481508,0,0,0,79.1, -0.1, 1.4,,,0,0,1024,1024,1024,658,0,0,0,-55,73.9,0,0,87,3.943,3.93,3.933,0,0,0,6.869,88.34,1.793287787044,5.577428,38,Tripod,
167700,2026-05-22 08:55:36,51.9887438375937,4.39013691288234,5.577428,,,1.793287787044,4.593176,0,34.17486986,102.618441604,26,5,11.806,2.121371787044,5.905512,6.3305402,37.282481508,0,0,0,78.9, -0.4, 1.5,,,0,0,1024,1024,1024,542,0,0,0,-73,73.7,0,0,87,3.943,3.93,3.933,0,0,0,6.869,88.34,1.793287787044,5.577428,38,Tripod,
167800,2026-05-22 08:55:36,51.9887439597849,4.39013692911722,5.577428,,,1.793287787044,4.593176,0,34.149607392,102.663061028,26,5,11.806,2.121371787044,5.905512,6.3305402,37.282481508,0,0,0,78.3, -0.4, 1.5,,,0,0,1024,1024,1024,533,0,0,0,-74,72.9,0,0,87,3.943,3.93,3.933,0,0,0,6.869,88.34,1.793287787044,5.577428,38,Tripod,
167900,2026-05-22 08:55:36,51.9887439704123,4.39013694684066,5.577428,,,1.793287787044,4.593176,0,34.15026356,102.668638456,26,5,11.806,2.121371787044,5.905512,6.3305402,37.282481508,0,0,0,77.2, -0.3, 1.4,,,0,0,1024,1024,1024,533,0,0,0,-74,71.5,0,0,87,3.943,3.93,3.933,0,0,0,6.869,88.34,1.793287787044,5.577428,38,Tripod,
168000,2026-05-22 08:55:36,51.9887437776332,4.39013712561927,5.577428,,,1.793287787044,4.593176,0,34.22572288,102.749675204,26,5,11.806,2.121371787044,5.905512,6.3305402,37.282481508,0,0,0,75.8, -0.4, 0.8,,,0,0,1024,1024,1024,515,0,0,0,-77,69.8,0,0,87,3.943,3.93,3.933,0,0,0,6.869,88.34,1.793287787044,5.577428,38,Tripod,
168100,2026-05-22 08:55:36,51.9887437723002,4.39013714387135,5.577428,,,1.793287787044,4.593176,0,34.229987972,102.75426838,26,5,11.806,2.121371787044,5.905512,6.3305402,37.282481508,0,0,0,74.2, -0.5, 0.8,,,0,0,1024,1024,1024,528,0,0,0,-75,68,0,0,87,3.943,3.93,3.933,0,0,0,6.869,88.34,1.793287787044,5.577428,38,Tripod,
168200,2026-05-22 08:55:36,51.9887437710666,4.39013718582888,5.577428,,,1.793287787044,4.593176,0,34.237533904,102.763454732,26,5,11.806,2.121371787044,5.905512,6.3305402,37.282481508,0,0,0,72.4, -0.5, 0.9,,,0,0,1024,1024,1024,407,0,0,0,-93,66.2,0,0,87,3.943,3.93,3.933,0,0,0,6.869,88.34,1.793287787044,5.577428,38,Tripod,
168300,2026-05-22 08:55:37,51.9887437825378,4.39013719336899,5.577428,,,1.793287787044,4.593176,0,34.236221568,102.768047908,26,5,11.806,2.121371787044,5.905512,6.3305402,37.282481508,0,0,0,70.4, -0.6, 0.8,,,0,0,1024,1024,1024,364,0,0,0,-100,64.4,0,0,87,3.943,3.93,3.933,0,0,0,6.869,88.34,1.793287787044,5.577428,38,Tripod,
168400,2026-05-22 08:55:37,51.9887438014409,4.39013727181678,5.577428,,,1.793287787044,4.593176,0,34.245736004,102.78707678,26,5,11.808,2.121371787044,5.905512,6.3305402,37.282481508,0,0,0,68.5, -0.7, 0.7,,,0,0,1024,1024,1024,364,0,0,0,-100,62.3,0,0,87,3.945,3.932,3.933,0,0,0,6.825,88.52,1.793287787044,5.577428,38,Tripod,
168500,2026-05-22 08:55:37,51.9887438352249,4.39013728430944,5.577428,,,1.793287787044,4.593176,0,34.240158576,102.799543972,26,5,11.808,2.121371787044,5.905512,6.3305402,37.282481508,0,0,0,66.6, -0.5, 1.2,,,0,0,1024,1024,1024,364,0,0,0,-100,60,0,0,87,3.945,3.932,3.933,0,0,0,6.825,88.52,1.793287787044,5.577428,38,Tripod,
168600,2026-05-22 08:55:37,51.9887438397441,4.39013725417681,5.577428,,,1.793287787044,4.593176,0,34.23392498,102.806433736,26,5,11.808,2.121371787044,5.905512,6.3305402,37.282481508,0,0,0,64.1, -0.1, 1.9,,,0,0,1024,1024,1024,364,0,0,0,-100,57.6,0,0,87,3.945,3.932,3.933,0,0,0,6.825,88.52,1.793287787044,5.577428,38,Tripod,
168700,2026-05-22 08:55:37,51.9887438909748,4.39013727237326,5.577428,,,1.793287787044,4.593176,0,34.225066712,102.825790692,26,5,11.808,2.121371787044,5.905512,6.3305402,37.282481508,0,0,0,61.8, 0.3, 1.6,,,0,0,1024,1024,1024,364,0,0,0,-100,55.2,0,0,87,3.945,3.932,3.933,0,0,0,6.825,88.52,1.793287787044,5.577428,38,Tripod,
168800,2026-05-22 08:55:37,51.9887440130718,4.39013728730046,5.577428,,,1.793287787044,4.593176,0,34.199804244,102.870410116,26,5,11.808,2.121371787044,5.905512,6.3305402,37.282481508,0,0,0,59.5, 0.2, 2.1,,,0,0,1024,1024,1024,364,0,0,0,-100,52.8,0,0,87,3.945,3.932,3.933,0,0,0,6.825,88.52,1.793287787044,5.577428,38,Tripod,
168900,2026-05-22 08:55:37,51.9887440684018,4.3901373130231,5.577428,,,1.793287787044,4.593176,0,34.191602144,102.891407492,26,5,11.808,2.121371787044,5.905512,6.3305402,37.282481508,0,0,0,57.2, 0.4, 2.5,,,0,0,1024,1024,1024,364,0,0,0,-100,50.4,0,0,87,3.945,3.932,3.933,0,0,0,6.825,88.52,1.793287787044,5.577428,38,Tripod,
169000,2026-05-22 08:55:37,51.9887440822161,4.3901373428775,5.577428,,,1.793287787044,4.593176,0,34.193570648,102.899937676,26,5,11.808,2.121371787044,5.905512,6.3305402,37.282481508,0,0,0,55.1, 0.6, 2,,,0,0,1024,1024,1024,364,0,0,0,-100,48,0,0,87,3.945,3.932,3.933,0,0,0,6.825,88.52,1.793287787044,5.577428,38,Tripod,
169100,2026-05-22 08:55:37,51.9887441061609,4.39013737338575,5.577428,,,1.793287787044,4.593176,0,34.193242564,102.910764448,26,5,11.808,2.121371787044,5.905512,6.3305402,37.282481508,0,0,0,52.7, 0.4, 1.7,,,0,0,1024,1024,1024,364,0,0,0,-100,45.6,0,0,87,3.945,3.932,3.933,0,0,0,6.825,88.52,1.793287787044,5.577428,38,Tripod,
169200,2026-05-22 08:55:37,51.9887440542791,4.39013737897823,5.577428,,,1.793287787044,4.593176,0,34.206365924,102.92979332,26,5,11.808,2.121371787044,5.905512,6.3305402,37.282481508,0,0,0,50.2, 0.2, 1.6,,,0,0,1024,1024,1024,364,0,0,0,-100,43.2,0,0,87,3.945,3.932,3.933,0,0,0,6.825,88.52,1.793287787044,5.577428,38,Tripod,
169300,2026-05-22 08:55:38,51.9887440560439,4.39013740179333,5.577428,,,1.793287787044,4.593176,0,34.209646764,102.935042664,26,5,11.808,2.121371787044,5.905512,6.3305402,37.282481508,0,0,0,47.7, 0, 1.4,,,0,0,1024,1024,1024,364,0,0,0,-100,40.8,0,0,87,3.945,3.932,3.933,0,0,0,6.825,88.52,1.793287787044,5.577428,38,Tripod,
169400,2026-05-22 08:55:38,51.9887440600961,4.39013738871639,5.577428,,,1.793287787044,4.593176,0,34.206694008,102.938323504,26,5,11.81,2.121371787044,5.905512,6.3305402,37.282481508,0,0,0,45.2, -0.2, 1.5,,,0,0,1024,1024,1024,364,0,0,0,-100,38.4,0,0,87,3.946,3.931,3.932,0,0,0,6.713,88.52,1.793287787044,5.577428,38,Tripod,
169500,2026-05-22 08:55:38,51.9887440606401,4.3901374253736,5.577428,,,1.793287787044,4.593176,0,34.212927604,102.946525604,26,5,11.81,2.121371787044,5.905512,6.3305402,37.282481508,0,0,0,42.7, -0.2, 1.2,,,0,0,1024,1024,1024,364,0,0,0,-100,36,0,0,87,3.946,3.931,3.932,0,0,0,6.713,88.52,1.793287787044,5.577428,38,Tripod,
169600,2026-05-22 08:55:38,51.9887441400048,4.39013745469936,5.577428,,,1.793287787044,4.593176,0,34.199804244,102.976381248,26,5,11.81,2.121371787044,5.905512,6.3305402,37.282481508,0,0,0,40.2, 0, 0.8,,,0,0,1024,1024,1024,364,0,0,0,-100,33.6,0,0,87,3.946,3.931,3.932,0,0,0,6.713,88.52,1.793287787044,5.577428,38,Tripod,
169700,2026-05-22 08:55:38,51.9887441592978,4.390137506089,5.577428,,,1.793287787044,4.593176,0,34.20439742,102.989832692,26,5,11.81,2.121371787044,5.905512,6.3305402,37.282481508,0,0,0,37.7, 0.6, 0.3,,,0,0,1024,1024,1024,364,0,0,0,-100,31.2,0,0,87,3.946,3.931,3.932,0,0,0,6.713,88.52,1.793287787044,5.577428,38,Tripod,
169800,2026-05-22 08:55:38,51.9887442787476,4.39013753691719,5.577428,,,1.793287787044,4.593176,0,34.182415792,103.033795948,26,5,11.81,2.121371787044,5.905512,6.3305402,37.282481508,0,0,0,35.4, 1.3, 0.7,,,0,0,1024,1024,1024,364,0,0,0,-100,28.8,0,0,87,3.946,3.931,3.932,0,0,0,6.713,88.52,1.793287787044,5.577428,38,Tripod,
169900,2026-05-22 08:55:38,51.9887443182372,4.39013755279036,5.577428,,,1.793287787044,4.593176,0,34.176182196,103.048887812,26,5,11.81,2.121371787044,5.905512,6.3305402,37.282481508,0,0,0,33, 1.4, 0.9,,,0,0,1024,1024,1024,364,0,0,0,-100,26.4,0,0,87,3.946,3.931,3.932,0,0,0,6.713,88.52,1.793287787044,5.577428,38,Tripod,
170000,2026-05-22 08:55:38,51.9887442635454,4.39013748850461,5.577428,,,1.793287787044,4.593176,0,34.177494532,103.073494112,26,5,11.81,2.121371787044,5.905512,6.3305402,37.282481508,0,0,0,30.7, 1, 1.3,,,0,0,1024,1024,1024,364,0,0,0,-100,24,0,0,87,3.946,3.931,3.932,0,0,0,6.713,88.52,1.793287787044,5.577428,38,Tripod,
170100,2026-05-22 08:55:38,51.9887442880471,4.39013747388346,5.577428,,,1.793287787044,4.593176,0,34.169292432,103.083008548,26,5,11.81,2.121371787044,5.905512,6.3305402,37.282481508,0,0,0,28.2, 0.8, 1.8,,,0,0,1024,1024,1024,364,0,0,0,-100,21.6,0,0,87,3.946,3.931,3.932,0,0,0,6.713,88.52,1.793287787044,5.577428,38,Tripod,
170200,2026-05-22 08:55:38,51.9887443519955,4.39013743017307,5.577428,,,1.793287787044,4.593176,0,34.14698272,103.108271016,26,5,11.81,2.121371787044,5.905512,6.3305402,37.282481508,0,0,0,26, 0.6, 1.6,,,0,0,1024,1024,1024,364,0,0,0,-100,19.2,0,0,87,3.946,3.931,3.932,0,0,0,6.713,88.52,1.793287787044,5.577428,38,Tripod,
170300,2026-05-22 08:55:39,51.9887443827939,4.39013743672548,5.577428,,,1.793287787044,4.593176,0,34.141077208,103.119425872,26,5,11.81,2.121371787044,5.905512,6.3305402,37.282481508,0,0,0,23.6, 0.8, 1.6,,,0,0,1024,1024,1024,364,0,0,0,-100,16.8,0,0,87,3.946,3.931,3.932,0,0,0,6.713,88.52,1.793287787044,5.577428,38,Tripod,
170400,2026-05-22 08:55:39,51.988744448006,4.39013754634929,5.577428,,,1.793287787044,4.593176,0,34.1453423,103.153874692,26,5,11.803,2.121371787044,5.905512,6.3305402,37.282481508,0,0,0,21.3, 0.9, 1.2,,,0,0,1100,1024,1024,364,12,0,0,-100,14.4,0,0,87,3.945,3.93,3.931,0,0,0,6.815,88.52,1.793287787044,5.577428,38,Tripod,
170500,2026-05-22 08:55:39,51.9887444979645,4.3901375876808,5.577428,,,1.793287787044,4.593176,0,34.141077208,103.1742159,26,5,11.803,2.121371787044,5.905512,6.3305402,37.282481508,0,0,0,19, 1.1, 0.5,,,0,0,1139,1024,1024,364,17,0,0,-100,12,0,0,87,3.945,3.93,3.931,0,0,0,6.815,88.52,1.793287787044,5.577428,38,Tripod,
170600,2026-05-22 08:55:39,51.9887444435469,4.39013755907844,5.577428,,,1.793287787044,4.593176,0,34.14862314,103.195213276,26,5,11.803,2.121371787044,5.905512,6.3305402,37.282481508,0,0,0,16.5, 1.2, 0.5,,,0,0,1191,1024,1024,364,25,0,0,-100,9.6,0,0,87,3.945,3.93,3.931,0,0,0,6.815,88.52,1.793287787044,5.577428,38,Tripod,
170700,2026-05-22 08:55:39,51.9887445139763,4.3901375769549,5.577428,,,1.793287787044,4.593176,0,34.13549978,103.221131912,26,5,11.803,2.121371787044,5.905512,6.3305402,37.282481508,0,0,0,14.1, 1.6, 1,,,0,0,1234,1024,1024,364,32,0,0,-100,7.2,0,0,87,3.945,3.93,3.931,0,0,0,6.815,88.52,1.793287787044,5.577428,38,Tripod,
170800,2026-05-22 08:55:39,51.9887446386991,4.390137438214,5.577428,,,1.793287787044,4.593176,0,34.082678256,103.276250024,26,5,11.803,2.121371787044,5.905512,6.3305402,37.282481508,0,0,0,11.6, 1.9, 1.2,,,0,0,1246,1024,1024,364,34,0,0,-100,4.8,0,0,87,3.945,3.93,3.931,0,0,0,6.815,88.52,1.793287787044,5.577428,38,Tripod,
170900,2026-05-22 08:55:39,51.9887447368042,4.39013742371806,5.577428,,,1.793287787044,4.593176,0.223694,34.058071956,103.312339264,26,5,11.803,2.121371787044,5.905512,6.3305402,37.282481508,0.223694,0,0,9.2, 1.7, 1.3,,,0,0,1246,1024,1024,364,34,0,0,-100,2.4,0,0,87,3.945,3.93,3.931,0,0,0,6.815,88.52,1.793287787044,5.577428,38,Tripod,
171000,2026-05-22 08:55:39,51.9887448186663,4.3901374341518,5.577428,,,1.793287787044,4.593176,0.223694,34.041011588,103.342194908,26,5,11.803,2.121371787044,5.905512,6.3305402,37.282481508,0.223694,0,0,6.8, 1.4, 1.4,,,0,0,1296,1024,1024,364,41,0,0,-100,0,0,0,87,3.945,3.93,3.931,0,0,0,6.815,88.52,1.793287787044,5.577428,38,Tripod,
171100,2026-05-22 08:55:39,51.9887449424125,4.39013743536213,5.577428,,,1.793287787044,4.593176,0.223694,34.013124448,103.3874705,26,5,11.803,2.121371787044,5.905512,6.3305402,37.282481508,0.223694,0,0,4.6, 1, 1.1,,,0,0,1319,1024,1024,364,45,0,0,-100,357.7,0,0,87,3.945,3.93,3.931,0,0,0,6.815,88.52,1.793287787044,5.577428,38,Tripod,
171200,2026-05-22 08:55:39,51.9887451354058,4.39013738512717,5.577428,,,1.793287787044,4.593176,0.223694,33.960302924,103.458664728,26,5,11.803,2.121371787044,5.905512,6.3305402,37.282481508,0.223694,0,0,2.3, 0.6, 0.5,,,0,0,1321,1024,1024,364,45,0,0,-100,355.3,0,0,87,3.945,3.93,3.931,0,0,0,6.815,88.52,1.793287787044,5.577428,38,Tripod,
171300,2026-05-22 08:55:40,51.9887453067289,4.39013739302897,5.577428,,,1.793287787044,4.593176,0.223694,33.922901348,103.521328772,26,5,11.803,2.121371787044,5.905512,6.3305402,37.282481508,0.223694,0,0,359.9, 0.4, 0,,,0,0,1323,1024,1024,364,45,0,0,-100,352.9,0,0,87,3.945,3.93,3.931,0,0,0,6.815,88.52,1.793287787044,5.577428,38,Tripod,
171400,2026-05-22 08:55:40,51.9887454639935,4.39013735019497,5.577428,,,1.793287787044,4.593176,0.447388,33.879922344,103.57939964,26,5,11.806,2.121371787044,5.905512,6.3305402,37.282481508,0.447388,0,0,357.6, 0.5, 0,,,0,0,1323,1024,1024,364,45,0,0,-100,350.5,0,0,87,3.945,3.929,3.931,0,0,0,6.779,88.52,1.793287787044,5.577428,38,Tripod,
171500,2026-05-22 08:55:40,51.9887456803533,4.39013729383884,5.577428,,,1.793287787044,4.593176,0.447388,33.820867224,103.659452136,26,5,11.806,2.121371787044,5.905512,6.3305402,37.282481508,0.447388,0,0,355.2, 0.2, 0,,,0,0,1322,1024,1024,364,45,0,0,-100,348.1,0,0,87,3.945,3.929,3.931,0,0,0,6.779,88.52,1.793287787044,5.577428,38,Tripod,
171600,2026-05-22 08:55:40,51.9887457851621,4.39013712328198,5.577428,,,1.793287787044,4.593176,0.447388,33.767061448,103.713585996,26,5,11.806,2.121371787044,5.905512,6.3305402,37.282481508,0.447388,0,0,352.8, 0.1, 0.2,,,0,0,1322,1024,1024,364,45,0,0,-100,345.7,0,0,87,3.945,3.929,3.931,0,0,0,6.779,88.52,1.793287787044,5.577428,38,Tripod,
171700,2026-05-22 08:55:40,51.988746033524,4.39013700048382,5.577428,,,1.793287787044,4.593176,0.447388,33.689633624,103.808074188,26,5,11.806,2.121371787044,5.905512,6.3305402,37.282481508,0.447388,0,0,350.3, 0.1, -0.2,,,0,0,1331,1024,1024,364,47,0,0,-100,343.3,0,0,87,3.945,3.929,3.931,0,0,0,6.779,88.52,1.793287787044,5.577428,38,Tripod,
171800,2026-05-22 08:55:40,51.9887462177447,4.3901368549262,5.577428,,,1.793287787044,4.593176,0.7158208,33.622376404,103.88287734,26,5,11.806,2.121371787044,5.905512,6.3305402,37.282481508,0.671082,-0.223694,0,347.7, -0.1, 0.1,,,0,0,1331,1024,1024,364,47,0,0,-100,340.9,0,0,87,3.945,3.929,3.931,0,0,0,6.779,88.52,1.793287787044,5.577428,38,Tripod,
171900,2026-05-22 08:55:40,51.9887465040628,4.39013668172614,5.577428,,,1.793287787044,4.593176,0.7158208,33.527232044,103.9944259,26,5,11.806,2.121371787044,5.905512,6.3305402,37.282481508,0.671082,-0.223694,0,345.3, -0.3, -0.1,,,0,0,1339,1024,1024,364,48,0,0,-100,338.5,0,0,87,3.945,3.929,3.931,0,0,0,6.779,88.52,1.793287787044,5.577428,38,Tripod,
172000,2026-05-22 08:55:40,51.9887467786226,4.39013653692671,5.577428,,,1.793287787044,4.593176,0.7158208,33.4399617,104.099740864,26,5,11.806,2.121371787044,5.905512,6.3305402,37.282481508,0.671082,-0.223694,0,342.9, -0.3, -0.6,,,0,0,1342,1024,1024,364,48,0,0,-100,336.1,0,0,87,3.945,3.929,3.931,0,0,0,6.779,88.52,1.793287787044,5.577428,38,Tripod,
172100,2026-05-22 08:55:40,51.9887471196153,4.39013631437505,5.577428,,,1.793287787044,4.593176,0.9171454,33.324148048,104.23392722,26,5,11.806,2.121371787044,5.905512,6.3305402,37.282481508,0.894776,-0.223694,0,340.6, -0.3, -0.9,,,0,0,1350,1024,1024,364,49,0,0,-100,333.7,0,0,87,3.945,3.929,3.931,0,0,0,6.779,88.52,1.793287787044,5.577428,38,Tripod,
172200,2026-05-22 08:55:41,51.988747636433,4.39013595649781,5.577428,,,1.793287787044,4.593176,0.9171454,33.145342268,104.438651636,26,5,11.806,2.121371787044,5.905512,6.3305402,37.282481508,0.894776,-0.223694,0,338.1, -0.4, -1.2,,,0,0,1351,1024,1024,364,50,0,0,-100,331.3,0,0,87,3.945,3.929,3.931,0,0,0,6.779,88.52,1.793287787044,5.577428,38,Tripod,
172300,2026-05-22 08:55:41,51.9887480443855,4.39013562425278,5.577428,,,1.793287787044,4.593176,1.006623,32.99540788,104.605318308,26,5,11.806,2.121371787044,5.905512,6.3305402,37.282481508,0.894776,-0.447388,0,335.7, -0.2, -1.3,,,0,0,1371,1024,1024,364,53,0,0,-100,328.9,0,0,87,3.945,3.929,3.931,0,0,0,6.779,88.52,1.793287787044,5.577428,38,Tripod,
172400,2026-05-22 08:55:41,51.9887482801324,4.39013530678888,5.577428,,,1.793287787044,4.593176,1.006623,32.886483992,104.717194952,26,5,11.801,2.121371787044,5.905512,6.3305402,37.282481508,0.894776,-0.447388,0,333.4, 0, -1.6,,,0,0,1350,1024,1024,416,49,0,0,-92,326.5,0,0,87,3.942,3.929,3.932,0,0,0,6.862,88.52,1.793287787044,5.577428,38,Tripod,
172500,2026-05-22 08:55:41,51.9887487084829,4.39013487380959,5.577428,,,1.793287787044,4.593176,1.2974252,32.714403934,104.901250076,26,5,11.801,2.121371787044,5.905512,6.3305402,37.282481508,1.11847,-0.671082,0,330.9, -0.3, -1.7,,,0,0,1351,1024,1024,470,50,0,0,-84,324.1,0,0,87,3.942,3.929,3.932,0,0,0,6.862,88.52,1.793287787044,5.577428,38,Tripod,
172600,2026-05-22 08:55:41,51.9887492901276,4.3901343535829,5.577428,,,1.793287787044,4.593176,1.2974252,32.4929800424,105.143376068,26,5,11.801,2.121371787044,5.905512,6.3305402,37.282481508,1.11847,-0.671082,0,328.7, -0.1, -1.5,,,0,0,1363,1024,1024,532,51,0,0,-75,321.8,0,0,87,3.942,3.929,3.932,0,0,0,6.862,88.52,1.793287787044,5.577428,38,Tripod,
172700,2026-05-22 08:55:41,51.9887497515805,4.3901338033915,5.577428,,,1.793287787044,4.593176,1.2974252,32.292815994,105.352365576,26,5,11.801,2.121371787044,5.905512,6.3305402,37.282481508,1.11847,-0.671082,0,326.5, 0, -1.6,,,0,0,1363,1024,1024,532,51,0,0,-75,319.6,0,0,87,3.942,3.929,3.932,0,0,0,6.862,88.52,1.793287787044,5.577428,38,Tripod,
172800,2026-05-22 08:55:41,51.9887499997368,4.39013338335701,5.577428,,,1.793287787044,4.593176,1.4316416,32.1629603468,105.482943008,26,5,11.801,2.121371787044,5.905512,6.3305402,37.282481508,1.11847,-0.894776,0,324.4, -0.2, -1.8,,,0,0,1374,1024,1024,626,53,0,0,-60,317.7,0,0,87,3.942,3.929,3.932,0,0,0,6.862,88.52,1.793287787044,5.577428,38,Tripod,
172900,2026-05-22 08:55:41,51.9887504532871,4.3901327492431,5.577428,,,1.793287787044,4.593176,1.4316416,31.94964013,105.701446952,26,5,11.801,2.121371787044,5.905512,6.3305402,37.282481508,1.11847,-0.894776,0,322.4, -0.6, -1.5,,,0,0,1373,1024,1024,1024,53,0,0,0,316,0,0,87,3.942,3.929,3.932,0,0,0,6.862,88.52,1.793287787044,5.577428,38,Tripod,
173000,2026-05-22 08:55:41,51.9887510265486,4.39013215781013,5.577428,,,1.793287787044,4.593176,1.4316416,31.7178815924,105.949150372,26,5,11.801,2.121371787044,5.905512,6.3305402,37.282481508,1.11847,-0.894776,0,321.2, -0.8, -0.1,,,0,0,1376,1024,1024,1024,53,0,0,0,314.9,0,0,87,3.942,3.929,3.932,0,0,0,6.862,88.52,1.793287787044,5.577428,38,Tripod,
173100,2026-05-22 08:55:41,51.9887515176567,4.390131453665,5.577428,,,1.793287787044,4.593176,1.4316416,31.483924892,106.188323608,26,5,11.801,2.121371787044,5.905512,6.3305402,37.282481508,1.11847,-0.894776,0,320.2, -0.8, -0.2,,,0,0,1380,1024,1024,1008,54,0,0,-2,314.5,0,0,87,3.942,3.929,3.932,0,0,0,6.862,88.52,1.793287787044,5.577428,38,Tripod,
173200,2026-05-22 08:55:41,51.9887520375028,4.39013068606883,5.577428,,,1.793287787044,4.593176,1.4316416,31.2323500808,106.444557212,26,5,11.801,2.121371787044,5.905512,6.3305402,37.282481508,1.342164,-0.894776,0,319.8, -0.9, -0.5,,,0,0,1382,1024,1024,641,54,0,0,-58,314.4,0,0,87,3.942,3.929,3.932,0,0,0,6.862,88.52,1.793287787044,5.577428,38,Tripod,
173300,2026-05-22 08:55:42,51.9887525721956,4.39012992545629,5.577428,,,1.793287787044,4.593176,1.7448132,30.9789379992,106.704071656,26,5,11.801,2.121371787044,5.905512,6.3305402,37.282481508,1.342164,-1.11847,0,319.3, -1, -2.2,,,0,0,1385,1024,1024,607,55,0,0,-63,314.2,0,0,87,3.942,3.929,3.932,0,0,0,6.862,88.52,1.793287787044,5.577428,38,Tripod,
173400,2026-05-22 08:55:42,51.9887532172785,4.3901290475407,5.577428,,,1.793287787044,4.593176,1.7448132,30.6804799844,107.01115828,26,5,11.803,2.121371787044,5.905512,6.3305402,37.282481508,1.342164,-1.11847,0,318.7, -1, -2.4,,,0,0,1387,1024,1024,608,55,0,0,-63,313.3,0,0,87,3.942,3.93,3.932,0,0,0,6.793,88.7,1.793287787044,5.577428,38,Tripod,
173500,2026-05-22 08:55:42,51.9887537683985,4.39012816237019,5.577428,,,1.793287787044,4.593176,1.901399,30.4011492668,107.293966688,26,5,11.803,2.121371787044,5.905512,6.3305402,37.282481508,1.342164,-1.342164,0,317.6, -1.2, -2.2,,,0,0,1398,1024,1024,615,57,0,0,-62,312,0,0,87,3.942,3.93,3.932,0,0,0,6.793,88.7,1.793287787044,5.577428,38,Tripod,
173600,2026-05-22 08:55:42,51.9887542802474,4.39012718710783,5.577428,,,1.793287787044,4.593176,1.901399,30.11401015,107.581696356,26,5,11.803,2.121371787044,5.905512,6.3305402,37.282481508,1.342164,-1.342164,0,316.1, -1.3, -1.9,,,0,0,1398,1024,1024,615,57,0,0,-62,310.5,0,0,87,3.942,3.93,3.932,0,0,0,6.793,88.7,1.793287787044,5.577428,38,Tripod,
173700,2026-05-22 08:55:42,51.9887548358864,4.39012618425868,5.577428,,,1.793287787044,4.593176,1.901399,29.8124681456,107.884845972,26,5,11.803,2.121371787044,5.905512,6.3305402,37.282481508,1.342164,-1.342164,0,314.7, -1.5, -2.1,,,0,0,1397,1024,1024,572,57,0,0,-68,309.1,0,0,87,3.942,3.93,3.932,0,0,0,6.793,88.7,1.793287787044,5.577428,38,Tripod,
173800,2026-05-22 08:55:42,51.9887554221569,4.39012518915135,5.577428,,,1.793287787044,4.92126,2.0579848,29.5057752224,108.194229184,26,5,11.803,2.121371787044,5.905512,6.3305402,37.282481508,1.342164,-1.565858,0,313.3, -1.4, -2.7,,,0,0,1394,1024,1024,530,56,0,0,-75,307.6,0,0,87,3.942,3.93,3.932,0,0,0,6.793,88.7,1.793287787044,5.577428,38,Tripod,
173900,2026-05-22 08:55:42,51.9887559812956,4.3901240685192,5.577428,,,1.793287787044,4.92126,2.0579848,29.1821203564,108.518376176,26,5,11.803,2.121371787044,5.905512,6.3305402,37.282481508,1.342164,-1.565858,0,311.7, -1.3, -3,,,0,0,1395,1024,1024,581,56,0,0,-67,306,0,0,87,3.942,3.93,3.932,0,0,0,6.793,88.7,1.793287787044,5.577428,38,Tripod,
174000,2026-05-22 08:55:42,51.9887563897577,4.39012284687455,5.577428,,,1.793287787044,4.92126,2.23694,28.872540294,108.830712144,26,5,11.803,2.121371787044,5.905512,6.3305402,37.282481508,1.342164,-1.789552,0,310.1, -1.3, -3,,,0,0,1397,1024,1024,1024,57,0,0,0,304.3,0,0,87,3.942,3.93,3.932,0,0,0,6.793,88.7,1.793287787044,5.577428,38,Tripod,
174100,2026-05-22 08:55:42,51.9887569160676,4.39012158803712,5.577428,,,1.793287787044,4.593176,2.23694,28.5308736164,109.172575672,26,5,11.803,2.121371787044,5.905512,6.3305402,37.282481508,1.342164,-1.789552,0,308.7, -1.3, -1.2,,,0,0,1396,1024,1024,1024,56,0,0,0,302.8,0,0,87,3.942,3.93,3.932,0,0,0,6.793,88.7,1.793287787044,5.577428,38,Tripod,
174200,2026-05-22 08:55:42,51.9887576249277,4.39012031623406,5.577428,,,1.793287787044,4.593176,2.23694,28.1476058876,109.558074372,26,5,11.803,2.121371787044,5.905512,6.3305402,37.282481508,1.342164,-1.789552,0,307.9, -1.4, -0.7,,,0,0,1394,1024,1024,1024,56,0,0,0,302.1,0,0,87,3.942,3.93,3.932,0,0,0,6.793,88.7,1.793287787044,5.577428,38,Tripod,
174300,2026-05-22 08:55:43,51.9887581823958,4.39011898502826,5.577428,,,1.793287787044,4.593176,2.23694,27.786090128,109.91962294,26,5,11.803,2.121371787044,5.905512,6.3305402,37.282481508,1.342164,-1.789552,0,307.4, -1.1, -0.5,,,0,0,1394,1024,1024,1024,56,0,0,0,302,0,0,87,3.942,3.93,3.932,0,0,0,6.793,88.7,1.793287787044,5.577428,38,Tripod,
174400,2026-05-22 08:55:43,51.9887587679681,4.39011758988451,5.577428,,,1.793287787044,4.92126,2.4158952,27.4069562576,110.298888044,26,5,11.799,2.121371787044,5.905512,6.3305402,37.282481508,1.342164,-2.013246,0,307.2, -1.1, -0.8,,,0,0,1394,1024,1024,1024,56,0,0,0,302,0,0,87,3.94,3.927,3.93,0,0,0,6.807,88.52,1.793287787044,5.577428,38,Tripod,
174500,2026-05-22 08:55:43,51.9887593521824,4.39011619522767,5.577428,,,1.793287787044,4.593176,2.4158952,27.0281832796,110.677825064,26,5,11.799,2.121371787044,5.905512,6.3305402,37.282481508,1.342164,-2.013246,0,307.2, -1, -1,,,0,0,1394,1024,1024,1024,56,0,0,0,302,0,0,87,3.94,3.927,3.93,0,0,0,6.807,88.52,1.793287787044,5.577428,38,Tripod,
174600,2026-05-22 08:55:43,51.9887598211105,4.39011476337803,5.577428,,,1.793287787044,4.593176,2.4158952,26.6675533468,111.042326388,26,5,11.799,2.121371787044,5.905512,6.3305402,37.282481508,1.342164,-2.013246,0,307.2, -1, -0.9,,,0,0,1394,1024,1024,1024,56,0,0,0,302,0,0,87,3.94,3.927,3.93,0,0,0,6.807,88.52,1.793287787044,5.577428,38,Tripod,
174700,2026-05-22 08:55:43,51.9887604114074,4.39011330296082,5.577428,,,1.793287787044,4.593176,2.4158952,26.275591392,111.434714852,26,5,11.799,2.121371787044,5.905512,6.3305402,37.282481508,1.342164,-2.013246,0,307.2, -1, -0.7,,,0,0,1396,1024,1024,1684,56,0,0,100,302,0,0,87,3.94,3.927,3.93,0,0,0,6.807,88.52,1.793287787044,5.577428,38,Tripod,
174800,2026-05-22 08:55:43,51.9887609489445,4.39011195181964,5.577428,,,1.793287787044,4.593176,2.5501116,25.9148302256,111.79626342,26,5,11.799,2.121371787044,5.905512,6.3305402,37.282481508,1.565858,-2.013246,0,308, -1.1, 3.3,,,0,0,1391,1024,1024,1114,56,0,0,14,302.6,0,0,87,3.94,3.927,3.93,0,0,0,6.807,88.52,1.793287787044,5.577428,38,Tripod,
174900,2026-05-22 08:55:43,51.9887615912518,4.39011048731246,5.577428,,,1.793287787044,4.593176,2.5501116,25.5109260132,112.200134824,26,5,11.799,2.121371787044,5.905512,6.3305402,37.282481508,1.565858,-2.013246,0,309, -0.8, 0.8,,,0,0,1392,1024,1024,1024,56,0,0,0,304.3,0,0,87,3.94,3.927,3.93,0,0,0,6.807,88.52,1.793287787044,5.577428,38,Tripod,
175000,2026-05-22 08:55:43,51.9887623876838,4.39010879927981,5.577428,,,1.793287787044,4.92126,2.684328,25.0332357092,112.677825128,26,5,11.799,2.121371787044,5.905512,6.3305402,37.282481508,1.789552,-2.013246,0,309.9, -0.5, -0.7,,,0,0,1399,1024,1024,1024,57,0,0,0,305.3,0,0,87,3.94,3.927,3.93,0,0,0,6.807,88.52,1.793287787044,5.577428,38,Tripod,
175100,2026-05-22 08:55:43,51.9887630817829,4.39010729057527,5.577428,,,1.793287787044,4.92126,2.8632832,24.6101057744,113.101053488,26,5,11.799,2.121371787044,5.905512,6.3305402,37.282481508,1.789552,-2.23694,0,310.5, -0.3, -0.5,,,0,0,1399,1024,1024,1024,57,0,0,0,305.6,0,0,87,3.94,3.927,3.93,0,0,0,6.807,88.52,1.793287787044,5.577428,38,Tripod,
175200,2026-05-22 08:55:43,51.9887636333184,4.39010557127617,5.577428,,,1.793287787044,4.92126,2.8632832,24.1797908,113.53674904,26,5,11.799,2.121371787044,5.905512,6.3305402,37.282481508,1.789552,-2.23694,0,310.7, -0.2, -0.3,,,0,0,1384,1024,1024,1024,55,0,0,0,305.6,0,0,87,3.94,3.927,3.93,0,0,0,6.807,88.52,1.793287787044,5.577428,38,Tripod,
175300,2026-05-22 08:55:44,51.9887643214291,4.39010400109606,5.577428,,,1.793287787044,4.92126,2.8632832,23.746883962,113.969491836,26,5,11.799,2.121371787044,5.905512,6.3305402,37.282481508,1.789552,-2.23694,0,310.8, -0.5, -0.1,,,0,0,1384,1024,1024,1024,55,0,0,0,305.6,0,0,87,3.94,3.927,3.93,0,0,0,6.807,88.52,1.793287787044,5.577428,38,Tripod,
175400,2026-05-22 08:55:44,51.988765066095,4.39010236719364,5.577428,,,1.793287787044,4.92126,2.8632832,23.2901582256,114.426512848,26,5,11.804,2.121371787044,5.905512,6.3305402,37.282481508,1.789552,-2.23694,0,310.9, -0.4, 0,,,0,0,1377,1024,1024,1024,53,0,0,0,305.6,0,0,87,3.941,3.928,3.93,0,0,0,6.813,88.7,1.793287787044,5.577428,38,Tripod,
175500,2026-05-22 08:55:44,51.9887657730275,4.39010076254742,5.577428,,,1.793287787044,4.92126,2.8632832,22.84694955,114.869754332,26,5,11.804,2.121371787044,5.905512,6.3305402,37.282481508,1.789552,-2.23694,0,311, 0, 0.2,,,0,0,1265,1024,1024,1024,37,0,0,0,305.6,0,0,87,3.941,3.928,3.93,0,0,0,6.813,88.7,1.793287787044,5.577428,38,Tripod,
175600,2026-05-22 08:55:44,51.9887663138328,4.39009925817638,5.577428,,,1.793287787044,4.92126,2.8632832,22.4579403512,115.261158544,26,5,11.804,2.121371787044,5.905512,6.3305402,37.282481508,1.789552,-2.23694,0,311, 0.4, 0.1,,,0,0,1024,1024,1024,1024,0,0,0,0,305.6,0,0,87,3.941,3.928,3.93,0,0,0,6.813,88.7,1.793287787044,5.577428,38,Tripod,
175700,2026-05-22 08:55:44,51.9887670179617,4.39009766670453,5.577428,,,1.793287787044,4.92126,2.8632832,22.01771724,115.701447272,26,5,11.804,2.121371787044,5.905512,6.3305402,37.282481508,1.789552,-2.23694,0,310.9, 5.2, 0.1,,,0,0,1024,1024,1024,1024,0,0,0,0,305.6,0,0,87,3.941,3.928,3.93,0,0,0,6.813,88.7,1.793287787044,5.577428,38,Tripod,
175800,2026-05-22 08:55:44,51.9887677907872,4.3900959694486,5.577428,,,1.793287787044,5.249344,2.5501116,21.5434390096,116.175528652,26,5,11.804,2.121371787044,5.905512,6.3305402,37.282481508,1.565858,-2.013246,0,310.9, 10.9, -0.1,,,0,0,1024,1024,1024,1024,0,0,0,0,305.6,0,0,87,3.941,3.928,3.93,0,0,0,6.813,88.7,1.793287787044,5.577428,38,Tripod,
175900,2026-05-22 08:55:44,51.9887683776165,4.39009461264559,5.577428,,,1.793287787044,4.92126,2.23694,21.1710636696,116.548232076,26,5,11.804,2.121371787044,5.905512,6.3305402,37.282481508,1.342164,-1.789552,0,310.7, 12, -0.1,,,0,0,1024,1024,1024,1024,0,0,0,0,305.6,0,0,87,3.941,3.928,3.93,0,0,0,6.813,88.7,1.793287787044,5.577428,38,Tripod,
176000,2026-05-22 08:55:44,51.9887688347735,4.39009334537102,5.577428,,,1.793287787044,4.92126,1.7448132,20.8431437116,116.877956496,26,5,11.804,2.121371787044,5.905512,6.3305402,37.282481508,1.11847,-1.342164,0,310.7, 11, 0.3,,,0,0,1024,1024,1024,1024,0,0,0,0,305.6,0,0,87,3.941,3.928,3.93,0,0,0,6.813,88.7,1.793287787044,5.577428,38,Tripod,
176100,2026-05-22 08:55:44,51.9887692094387,4.39009239080945,5.577428,,,1.793287787044,4.92126,1.4316416,20.5895347796,117.13254968,26,5,11.804,2.121371787044,5.905512,6.3305402,37.282481508,0.894776,-1.11847,0,310.9, 9.8, 0.5,,,0,0,1024,1024,1024,1024,0,0,0,0,305.6,0,0,87,3.941,3.928,3.93,0,0,0,6.813,88.7,1.793287787044,5.577428,38,Tripod,
176200,2026-05-22 08:55:44,51.9887697549282,4.39009156600818,5.577428,,,1.793287787044,4.92126,1.11847,20.3219166608,117.404531316,26,5,11.804,2.121371787044,5.905512,6.3305402,37.282481508,0.671082,-0.894776,0,311, 8.6, 0,,,0,0,1024,1024,1024,1024,0,0,0,0,305.6,0,0,87,3.941,3.928,3.93,0,0,0,6.813,88.7,1.793287787044,5.577428,38,Tripod,
176300,2026-05-22 08:55:45,51.9887700043992,4.39009094358083,5.577428,,,1.793287787044,4.92126,0.8052984,20.1554140308,117.571197988,26,5,11.804,2.121371787044,5.905512,6.3305402,37.282481508,0.447388,-0.671082,0,311.1, 7.9, -0.8,,,0,0,1024,1024,1024,1024,0,0,0,0,305.6,0,0,87,3.941,3.928,3.93,0,0,0,6.813,88.7,1.793287787044,5.577428,38,Tripod,
176400,2026-05-22 08:55:45,51.9887704440237,4.39008984885929,5.577428,,,1.793287787044,4.92126,0.6263432,19.862369402,117.864833168,26,5,11.794,2.121371787044,5.905512,6.3305402,37.282481508,0.447388,-0.447388,0,310.8, 6.6, -0.8,,,0,0,678,1024,1024,1024,-52,0,0,0,305.6,0,0,86,3.938,3.926,3.927,0,0,0,6.962,88.7,1.793287787044,5.577428,38,Tripod,
176500,2026-05-22 08:55:45,51.9887706009863,4.39008937913251,5.577428,,,1.793287787044,4.92126,0.3131716,19.7435701856,117.984911912,26,5,11.794,2.121371787044,5.905512,6.3305402,37.282481508,0.223694,-0.223694,0,310.7, 6.6, -0.5,,,0,0,364,1024,1024,1024,-100,0,0,0,305.6,0,0,86,3.938,3.926,3.927,0,0,0,6.962,88.7,1.793287787044,5.577428,38,Tripod,
176600,2026-05-22 08:55:45,51.9887709704278,4.39008879036378,5.577428,,,1.793287787044,4.92126,0.3131716,19.5568903896,118.173888296,26,5,11.794,2.121371787044,5.905512,6.3305402,37.282481508,0.223694,-0.223694,0,310.7, 11.3, -1.1,,,0,0,364,1024,1024,1024,-100,0,0,0,305.6,0,0,86,3.938,3.926,3.927,0,0,0,6.962,88.7,1.793287787044,5.577428,38,Tripod,
176700,2026-05-22 08:55:45,51.9887710132906,4.39008852364978,5.577428,,,1.793287787044,5.249344,0,19.4995413064,118.235568088,26,5,11.794,2.121371787044,5.905512,6.3305402,37.282481508,0,0,0,310.5, 13.9, -1,,,0,0,364,1024,1024,1024,-100,0,0,0,305.6,0,0,86,3.938,3.926,3.927,0,0,0,6.962,88.7,1.793287787044,5.577428,38,Tripod,
176800,2026-05-22 08:55:45,51.9887711223699,4.39008839510635,5.577428,,,1.793287787044,5.249344,0.3131716,19.452592486,118.284780688,26,5,11.794,2.121371787044,5.905512,6.3305402,37.282481508,-0.223694,0.223694,0,310.4, 15, -0.3,,,0,0,364,1024,1024,1024,-100,0,0,0,305.6,0,0,86,3.938,3.926,3.927,0,0,0,6.962,88.7,1.793287787044,5.577428,38,Tripod,
176900,2026-05-22 08:55:45,51.9887709373845,4.39008852243296,5.577428,,,1.793287787044,5.249344,0.6263432,19.5159455064,118.358271504,26,5,11.794,2.121371787044,5.905512,6.3305402,37.282481508,-0.447388,0.447388,0,310.6, 15.2, -0.1,,,0,0,364,1024,1024,1024,-100,0,0,0,305.6,0,0,86,3.938,3.926,3.927,0,0,0,6.962,88.7,1.793287787044,5.577428,38,Tripod,
177000,2026-05-22 08:55:45,51.9887708002736,4.39008920692116,5.905512,,,2.121371787044,5.249344,1.2750558,19.6690295008,118.520016916,26,5,11.794,2.121371787044,5.905512,6.3305402,37.282481508,-0.894776,0.894776,0,310.6, 15.2, -0.2,,,0,0,364,1024,1024,1024,-100,0,0,0,305.6,0,0,86,3.938,3.926,3.927,0,0,0,6.962,88.7,2.121371787044,5.905512,38,Tripod,
177100,2026-05-22 08:55:45,51.9887704011644,4.3900898222754,5.905512,,,2.121371787044,5.249344,1.7448132,19.866962578,118.720804324,26,5,11.794,2.121371787044,5.905512,6.3305402,37.282481508,-1.11847,1.342164,0,310.7, 15.2, 0,,,0,0,364,1024,1024,1024,-100,0,0,0,305.6,0,0,86,3.938,3.926,3.927,0,0,0,6.962,88.7,2.121371787044,5.905512,38,Tripod,
177200,2026-05-22 08:55:45,51.9887701415347,4.39009062842095,5.905512,,,2.121371787044,5.249344,2.0579848,20.068734238,118.925200656,26,5,11.794,2.121371787044,5.905512,6.3305402,37.282481508,-1.342164,1.565858,0,310.8, 15.7, -0.6,,,0,0,364,1024,1024,1024,-100,0,0,0,305.6,0,0,86,3.938,3.926,3.927,0,0,0,6.962,88.7,2.121371787044,5.905512,38,Tripod,
177300,2026-05-22 08:55:46,51.9887695634392,4.39009167060544,5.905512,,,2.121371787044,5.249344,2.3711564,20.3825793924,119.240161296,26,5,11.794,2.121371787044,5.905512,6.3305402,37.282481508,-1.565858,1.789552,0,310.7, 15.8, -1.2,,,0,0,364,1024,1024,1024,-100,0,0,0,305.6,0,0,86,3.938,3.926,3.927,0,0,0,6.962,88.7,2.121371787044,5.905512,38,Tripod,
177400,2026-05-22 08:55:46,51.9887690063093,4.39009293086892,5.905512,,,2.121371787044,5.249344,2.8632832,20.7310702172,119.588914588,26,5,11.791,2.121371787044,5.905512,6.3305402,37.282481508,-1.789552,2.23694,0,310.5, 15.5, -0.9,,,0,0,364,1024,1024,1024,-100,0,0,0,305.6,0,0,86,3.937,3.924,3.924,0,0,0,6.984,88.7,2.121371787044,5.905512,38,Tripod,
177500,2026-05-22 08:55:46,51.9887682229419,4.39009432568588,5.905512,,,2.121371787044,5.249344,3.3330406,21.1532815168,120.0131272,26,5,11.791,2.121371787044,5.905512,6.3305402,37.282481508,-2.23694,2.460634,0,310.5, 15.1, -0.6,,,0,0,364,1024,1024,1024,-100,0,0,0,305.6,0,0,86,3.937,3.924,3.924,0,0,0,6.984,88.7,2.121371787044,5.905512,38,Tripod,
177600,2026-05-22 08:55:46,51.9887675253024,4.39009583139261,5.905512,,,2.121371787044,5.249344,3.6462122,21.5766411104,120.43635556,26,5,11.791,2.121371787044,5.905512,6.3305402,37.282481508,-2.460634,2.684328,0,310.6, 14.8, -0.4,,,0,0,364,1024,1024,1024,-100,0,0,0,305.6,0,0,86,3.937,3.924,3.924,0,0,0,6.984,88.7,2.121371787044,5.905512,38,Tripod,
177700,2026-05-22 08:55:46,51.9887665735954,4.3900975532794,5.905512,,,2.121371787044,5.249344,3.9593838,22.0945545128,120.956040616,26,5,11.791,2.121371787044,5.905512,6.3305402,37.282481508,-2.684328,2.908022,0,310.7, 14.5, -0.3,,,0,0,364,1024,1024,1024,-100,0,0,0,305.6,0,0,86,3.937,3.924,3.924,0,0,0,6.984,88.7,2.121371787044,5.905512,38,Tripod,
177800,2026-05-22 08:55:46,51.9887655695889,4.39009997347537,5.905512,,,2.121371787044,5.249344,4.2725554,22.7492789432,121.611880532,26,5,11.791,2.121371787044,5.905512,6.3305402,37.282481508,-2.908022,3.131716,0,310.7, 14, -0.2,,,0,0,364,1024,1024,1024,-100,0,0,0,305.6,0,0,86,3.937,3.924,3.924,0,0,0,6.984,88.7,2.121371787044,5.905512,38,Tripod,
177900,2026-05-22 08:55:46,51.9887644690409,4.39010205125693,5.905512,,,2.121371787044,5.249344,4.4291412,23.3637802752,122.2276942,26,5,11.791,2.121371787044,5.905512,6.3305402,37.282481508,-2.908022,3.35541,0,310.8, 13.5, -0.1,,,0,0,364,1024,1024,1024,-100,0,0,0,305.6,0,0,86,3.937,3.924,3.924,0,0,0,6.984,88.7,2.121371787044,5.905512,38,Tripod,
178000,2026-05-22 08:55:46,51.9887636338174,4.39010441524285,5.905512,,,2.121371787044,5.249344,4.7646822,23.9713918432,122.839898944,26,5,11.791,2.121371787044,5.905512,6.3305402,37.282481508,-3.131716,3.579104,0,310.9, 13.3, -0.4,,,0,0,364,1024,1024,1024,-100,0,0,0,305.6,0,0,86,3.937,3.924,3.924,0,0,0,6.984,88.7,2.121371787044,5.905512,38,Tripod,
178100,2026-05-22 08:55:46,51.988762445269,4.39010676904543,5.905512,,,2.121371787044,5.249344,5.0778538,24.65469239,123.523954084,26,5,11.791,2.121371787044,5.905512,6.3305402,37.282481508,-3.35541,3.802798,0,310.8, 12.8, -0.4,,,0,0,364,1024,1024,1024,-100,0,0,0,305.6,0,0,86,3.937,3.924,3.924,0,0,0,6.984,88.7,2.121371787044,5.905512,38,Tripod,
178200,2026-05-22 08:55:46,51.988761148605,4.39010951954564,5.905512,,,2.121371787044,5.249344,5.2120702,25.4329404464,124.302169332,26,5,11.791,2.121371787044,5.905512,6.3305402,37.282481508,-3.579104,3.802798,0,310.7, 12.5, -0.5,,,0,0,1024,1024,1024,1024,0,0,0,0,305.6,0,0,86,3.937,3.924,3.924,0,0,0,6.984,88.7,2.121371787044,5.905512,38,Tripod,
178300,2026-05-22 08:55:47,51.9887598462696,4.39011210110972,5.905512,,,2.121371787044,4.92126,5.3910254,26.1821202604,125.051841272,26,5,11.791,2.121371787044,5.905512,6.3305402,37.282481508,-3.579104,4.026492,0,310.5, 11.3, -0.1,,,0,0,1024,1024,1024,1024,0,0,0,0,305.6,0,0,86,3.937,3.924,3.924,0,0,0,6.984,88.7,2.121371787044,5.905512,38,Tripod,
178400,2026-05-22 08:55:47,51.988758424296,4.39011513532402,5.905512,,,2.121371787044,4.92126,5.3910254,27.0387803928,125.908468596,26,5,11.785,2.121371787044,5.905512,6.3305402,37.282481508,-3.579104,4.026492,0,310.6, -3.5, -0.2,,,0,0,1024,1024,1024,1024,0,0,0,0,305.6,0,0,86,3.936,3.925,3.926,0,0,0,7.173,88.7,2.121371787044,5.905512,38,Tripod,
178500,2026-05-22 08:55:47,51.9887571674859,4.390117655906,5.905512,,,2.121371787044,4.92126,4.8988986,27.767061256,126.637471244,26,5,11.785,2.121371787044,5.905512,6.3305402,37.282481508,-3.35541,3.579104,0,310.8, -15.1, -0.2,,,0,0,1024,1024,1024,1024,0,0,0,0,305.6,0,0,86,3.936,3.925,3.926,0,0,0,7.173,88.7,2.121371787044,5.905512,38,Tripod,
178600,2026-05-22 08:55:47,51.9887560938557,4.39012010763213,5.905512,,,2.121371787044,4.92126,3.9593838,28.4427174456,127.313324284,26,5,11.785,2.121371787044,5.905512,6.3305402,37.282481508,-2.684328,2.908022,0,310.7, -16, 0.1,,,0,0,1024,1024,1024,1024,0,0,0,0,305.6,0,0,86,3.936,3.925,3.926,0,0,0,7.173,88.7,2.121371787044,5.905512,38,Tripod,
178700,2026-05-22 08:55:47,51.9887552644923,4.39012184738092,5.905512,,,2.121371787044,4.92126,3.1540854,28.9370088,127.807418788,26,5,11.785,2.121371787044,5.905512,6.3305402,37.282481508,-2.23694,2.23694,0,310.8, -14.2, 0.2,,,0,0,419,1024,1024,1024,-92,0,0,0,305.6,0,0,86,3.936,3.925,3.926,0,0,0,7.173,88.7,2.121371787044,5.905512,38,Tripod,
178800,2026-05-22 08:55:47,51.9887544633958,4.39012379303609,5.905512,,,2.121371787044,4.92126,2.5277422,29.4620088168,128.33333744,26,5,11.785,2.121371787044,5.905512,6.3305402,37.282481508,-1.789552,1.789552,0,310.8, -7.1, 0,,,0,0,364,1024,1024,1024,-100,0,0,0,305.6,0,0,86,3.936,3.925,3.926,0,0,0,7.173,88.7,2.121371787044,5.905512,38,Tripod,
178900,2026-05-22 08:55:47,51.9887539515042,4.39012495108338,5.905512,,,2.121371787044,4.92126,2.2145706,29.7822188008,128.653547424,26,5,11.785,2.121371787044,5.905512,6.3305402,37.282481508,-1.565858,1.565858,0,310.8, 1.3, 0.9,,,0,0,364,1024,1024,1024,-100,0,0,0,305.6,0,0,86,3.936,3.925,3.926,0,0,0,7.173,88.7,2.121371787044,5.905512,38,Tripod,
179000,2026-05-22 08:55:47,51.9887526398394,4.39012737997397,5.905512,,,2.121371787044,4.92126,2.2145706,30.50607053,129.379597316,26,5,11.785,2.121371787044,5.905512,6.3305402,37.282481508,-1.565858,1.565858,0,310.9, 5.5, 1.3,,,0,0,364,1024,1024,1024,-100,0,0,0,305.6,0,0,86,3.936,3.925,3.926,0,0,0,7.173,88.7,2.121371787044,5.905512,38,Tripod,
179100,2026-05-22 08:55:47,51.9887521146261,4.39012862967842,5.905512,,,2.121371787044,4.92126,2.2145706,30.84563747,129.71949234,26,5,11.785,2.121371787044,5.905512,6.3305402,37.282481508,-1.565858,1.565858,0,311.3, 7.9, 0.7,,,0,0,364,1024,1024,1024,-100,0,0,0,305.6,0,0,86,3.936,3.925,3.926,0,0,0,7.173,88.7,2.121371787044,5.905512,38,Tripod,
179200,2026-05-22 08:55:47,51.9887509882357,4.39013113841502,5.905512,,,2.121371787044,4.92126,2.3711564,31.5431112456,130.416998924,26,5,11.785,2.121371787044,5.905512,6.3305402,37.282481508,-1.565858,1.789552,0,311.2, 9, 0,,,0,0,408,1024,1024,1024,-93,0,0,0,305.6,0,0,86,3.936,3.925,3.926,0,0,0,7.173,88.7,2.121371787044,5.905512,38,Tripod,
179300,2026-05-22 08:55:48,51.9887503404198,4.39013268669828,5.905512,,,2.121371787044,4.92126,2.684328,31.9631571908,130.837602612,26,5,11.785,2.121371787044,5.905512,6.3305402,37.282481508,-1.789552,2.013246,0,311.1, 9.8, 0.2,,,0,0,1024,1024,1024,1024,0,0,0,0,305.6,0,0,86,3.936,3.925,3.926,0,0,0,7.173,88.7,2.121371787044,5.905512,38,Tripod,
179400,2026-05-22 08:55:48,51.9887493334577,4.39013424622216,5.905512,,,2.121371787044,4.92126,2.8409138,32.4642070756,131.34514856,26,5,11.791,2.121371787044,5.905512,6.3305402,37.282481508,-2.013246,2.013246,0,311, 6.4, 0.3,,,0,0,1024,1024,1024,1024,0,0,0,0,305.6,0,0,86,3.94,3.928,3.929,0,0,0,6.934,88.7,2.121371787044,5.905512,38,Tripod,
179500,2026-05-22 08:55:48,51.9887485802806,4.39013599517391,5.905512,,,2.121371787044,4.92126,2.684328,32.943242524,131.824807368,26,5,11.791,2.121371787044,5.905512,6.3305402,37.282481508,-1.789552,2.013246,0,311.1, -4.4, 0.5,,,0,0,1024,1024,1024,1684,0,0,0,100,305.6,0,0,86,3.94,3.928,3.929,0,0,0,6.934,88.7,2.121371787044,5.905512,38,Tripod,
179600,2026-05-22 08:55:48,51.9887480198691,4.39013699839975,5.905512,,,2.121371787044,4.92126,2.3711564,33.24639214,132.12926932,26,5,11.791,2.121371787044,5.905512,6.3305402,37.282481508,-1.565858,1.789552,0,311.2, -7.5, -0.6,,,0,0,1024,1024,1024,1684,0,0,0,100,305.7,0,0,86,3.94,3.928,3.929,0,0,0,6.934,88.7,2.121371787044,5.905512,38,Tripod,
179700,2026-05-22 08:55:48,51.9887474582253,4.39013844173191,5.905512,,,2.121371787044,4.92126,2.0579848,33.62861,132.512799516,26,5,11.791,2.121371787044,5.905512,6.3305402,37.282481508,-1.342164,1.565858,0,311.9, -7.6, -1.3,,,0,0,1024,1024,1024,1239,0,0,0,33,306.4,0,0,86,3.94,3.928,3.929,0,0,0,6.934,88.7,2.121371787044,5.905512,38,Tripod,
179800,2026-05-22 08:55:48,51.9887467976962,4.39013922345513,5.905512,,,2.121371787044,4.92126,1.5882274,33.914371164,132.811027872,26,5,11.791,2.121371787044,5.905512,6.3305402,37.282481508,-1.11847,1.11847,0,312.7, -6.3, -0.3,,,0,0,1024,1024,1024,1077,0,0,0,8,308.1,0,0,86,3.94,3.928,3.929,0,0,0,6.934,88.7,2.121371787044,5.905512,38,Tripod,
179900,2026-05-22 08:55:48,51.9887463797329,4.39014022048967,5.905512,,,2.121371787044,4.92126,1.2750558,34.185040464,133.082025256,26,5,11.791,2.121371787044,5.905512,6.3305402,37.282481508,-0.894776,0.894776,0,313.7, -5.1, -0.3,,,0,0,1024,1024,1024,1024,0,0,0,0,309.1,0,0,86,3.94,3.928,3.929,0,0,0,6.934,88.7,2.121371787044,5.905512,38,Tripod,
180000,2026-05-22 08:55:48,51.9887459978932,4.39014074203662,5.905512,,,2.121371787044,4.92126,0.9395148,34.362533908,133.264111876,26,5,11.791,2.121371787044,5.905512,6.3305402,37.282481508,-0.671082,0.671082,0,314.5, -4.1, -0.8,,,0,0,1024,1024,1024,364,0,0,0,-100,309.7,0,0,86,3.94,3.928,3.929,0,0,0,6.934,88.7,2.121371787044,5.905512,38,Tripod,
180100,2026-05-22 08:55:48,51.988745708701,4.3901414722451,5.905512,,,2.121371787044,4.92126,0.9395148,34.55708772,133.458993772,26,5,11.791,2.121371787044,5.905512,6.3305402,37.282481508,-0.671082,0.671082,0,314.3, -3.2, 0,,,0,0,1024,1024,1024,364,0,0,0,-100,309.6,0,0,86,3.94,3.928,3.929,0,0,0,6.934,88.7,2.121371787044,5.905512,38,Tripod,
180200,2026-05-22 08:55:48,51.9887452038772,4.39014223787267,5.905512,,,2.121371787044,4.92126,0.6263432,34.805447308,133.710962284,26,5,11.791,2.121371787044,5.905512,6.3305402,37.282481508,-0.447388,0.447388,0,313.5, -2.6, -0.8,,,0,0,1024,1024,1024,364,0,0,0,-100,307.9,0,0,86,3.94,3.928,3.929,0,0,0,6.934,88.7,2.121371787044,5.905512,38,Tripod,
180300,2026-05-22 08:55:49,51.9887449793488,4.39014279885986,5.905512,,,2.121371787044,4.92126,0.4921268,34.955381696,133.86155284,26,5,11.791,2.121371787044,5.905512,6.3305402,37.282481508,-0.447388,0.223694,0,311.7, -1.9, 0,,,0,0,1024,1024,1024,364,0,0,0,-100,305.7,0,0,86,3.94,3.928,3.929,0,0,0,6.934,88.7,2.121371787044,5.905512,38,Tripod,
180400,2026-05-22 08:55:49,51.988744552262,4.39014321573629,5.905512,,,2.121371787044,4.92126,0.3131716,35.124344956,134.043311376,26,5,11.798,2.121371787044,5.905512,6.3305402,37.282481508,-0.223694,0.223694,0,309.5, -1.3, 0.7,,,0,0,1024,1024,1024,364,0,0,0,-100,303.4,0,0,86,3.939,3.926,3.927,0,0,0,6.74,88.7,2.121371787044,5.905512,38,Tripod,
180500,2026-05-22 08:55:49,51.9887443821384,4.39014362678375,5.905512,,,2.121371787044,4.92126,0.3131716,35.235237348,134.154531852,26,5,11.798,2.121371787044,5.905512,6.3305402,37.282481508,-0.223694,0,0,307.3, -0.5, 0.7,,,0,0,1024,1024,1024,364,0,0,0,-100,301,0,0,86,3.939,3.926,3.927,0,0,0,6.74,88.7,2.121371787044,5.905512,38,Tripod,
180600,2026-05-22 08:55:49,51.988744292626,4.39014355211988,5.905512,,,2.121371787044,4.92126,0.223694,35.241799028,134.19127726,26,5,11.798,2.121371787044,5.905512,6.3305402,37.282481508,-0.223694,0,0,305.2, -0.3, 0.3,,,0,0,1024,1024,1024,364,0,0,0,-100,298.6,0,0,86,3.939,3.926,3.927,0,0,0,6.74,88.7,2.121371787044,5.905512,38,Tripod,
180700,2026-05-22 08:55:49,51.9887441970482,4.39014383529145,5.905512,,,2.121371787044,4.92126,0,35.313649424,134.263783824,26,5,11.798,2.121371787044,5.905512,6.3305402,37.282481508,0,0,0,302.8, 0.3, 0.6,,,0,0,1024,1024,1024,364,0,0,0,-100,296.2,0,0,86,3.939,3.926,3.927,0,0,0,6.74,88.7,2.121371787044,5.905512,38,Tripod,
180800,2026-05-22 08:55:49,51.9887440526127,4.39014379309737,5.905512,,,2.121371787044,4.92126,0,35.338255724,134.317261516,26,5,11.798,2.121371787044,5.905512,6.3305402,37.282481508,0,0,0,300.5, 1.2, 0.7,,,0,0,1024,1024,1024,364,0,0,0,-100,293.8,0,0,86,3.939,3.926,3.927,0,0,0,6.74,88.7,2.121371787044,5.905512,38,Tripod,
180900,2026-05-22 08:55:49,51.9887440199082,4.39014396816153,5.905512,,,2.121371787044,4.92126,0,35.376641552,134.358272016,26,5,11.798,2.121371787044,5.905512,6.3305402,37.282481508,0,0,0,298.2, 2.4, 0,,,0,0,1024,1024,1024,364,0,0,0,-100,291.4,0,0,86,3.939,3.926,3.927,0,0,0,6.74,88.7,2.121371787044,5.905512,38,Tripod,
181000,2026-05-22 08:55:49,51.9887438628235,4.39014367276152,5.905512,,,2.121371787044,4.92126,0,35.358925016,134.446198528,26,5,11.798,2.121371787044,5.905512,6.3305402,37.282481508,0,0,0,295.7, 3.1, -0.2,,,0,0,1024,1024,1024,364,0,0,0,-100,289,0,0,86,3.939,3.926,3.927,0,0,0,6.74,88.7,2.121371787044,5.905512,38,Tripod,
181100,2026-05-22 08:55:49,51.9887438514037,4.39014374293185,5.905512,,,2.121371787044,4.92126,0,35.37401688,134.462274644,26,5,11.798,2.121371787044,5.905512,6.3305402,37.282481508,0,0,0,293.3, 4.1, -0.3,,,0,0,1024,1024,1024,364,0,0,0,-100,286.6,0,0,86,3.939,3.926,3.927,0,0,0,6.74,88.7,2.121371787044,5.905512,38,Tripod,
181200,2026-05-22 08:55:49,51.9887438555202,4.3901434050735,5.905512,,,2.121371787044,4.92126,0.223694,35.312993256,134.538390132,26,5,11.798,2.121371787044,5.905512,6.3305402,37.282481508,0,-0.223694,0,290.8, 4.8, -0.6,,,0,0,1024,1024,1024,364,0,0,0,-100,284.2,0,0,86,3.939,3.926,3.927,0,0,0,6.74,88.7,2.121371787044,5.905512,38,Tripod,
181300,2026-05-22 08:55:50,51.9887438462078,4.39014341279447,5.905512,,,2.121371787044,4.92126,0.223694,35.31660218,134.541999056,26,5,11.798,2.121371787044,5.905512,6.3305402,37.282481508,0,-0.223694,0,288.3, 5.4, -0.2,,,0,0,1024,1024,1024,364,0,0,0,-100,281.8,0,0,86,3.939,3.926,3.927,0,0,0,6.74,88.7,2.121371787044,5.905512,38,Tripod,
181400,2026-05-22 08:55:50,51.9887439760966,4.3901430699836,5.905512,,,2.121371787044,4.92126,0,35.226707164,134.63255024,26,5,11.793,2.121371787044,5.905512,6.3305402,37.282481508,0,0,0,285.8, 5.7, -0.5,,,0,0,1024,1024,1024,364,0,0,0,-100,279.4,0,0,86,3.939,3.926,3.926,0,0,0,6.778,88.88,2.121371787044,5.905512,38,Tripod,
181500,2026-05-22 08:55:50,51.9887439800331,4.39014307289116,5.905512,,,2.121371787044,4.92126,0,35.226050996,134.63419066,26,5,11.793,2.121371787044,5.905512,6.3305402,37.282481508,0,0,0,283.5, 5.7, -0.6,,,0,0,1024,1024,1024,364,0,0,0,-100,277,0,0,86,3.939,3.926,3.926,0,0,0,6.778,88.88,2.121371787044,5.905512,38,Tripod,
181600,2026-05-22 08:55:50,51.9887441852558,4.39014253298004,5.905512,,,2.121371787044,4.92126,0,35.084318708,134.776579116,26,5,11.793,2.121371787044,5.905512,6.3305402,37.282481508,0,0,0,280.9, 5.8, -1.8,,,0,0,1024,1024,1024,364,0,0,0,-100,274.6,0,0,86,3.939,3.926,3.926,0,0,0,6.778,88.88,2.121371787044,5.905512,38,Tripod,
181700,2026-05-22 08:55:50,51.9887442069946,4.39014251542356,5.905512,,,2.121371787044,4.92126,0,35.076444692,134.785437384,26,5,11.793,2.121371787044,5.905512,6.3305402,37.282481508,0,0,0,278.2, 5.6, -2.3,,,0,0,1024,1024,1024,364,0,0,0,-100,272.2,0,0,86,3.939,3.926,3.926,0,0,0,6.778,88.88,2.121371787044,5.905512,38,Tripod,
181800,2026-05-22 08:55:50,51.9887442114494,4.39014226250979,5.905512,,,2.121371787044,4.92126,0,35.030512932,134.842524,26,5,11.793,2.121371787044,5.905512,6.3305402,37.282481508,0,0,0,275.6, 5.5, -2.3,,,0,0,1024,1024,1024,364,0,0,0,-100,269.8,0,0,86,3.939,3.926,3.926,0,0,0,6.778,88.88,2.121371787044,5.905512,38,Tripod,
181900,2026-05-22 08:55:50,51.9887441997555,4.39014226665549,5.905512,,,2.121371787044,4.92126,0,35.033793772,134.846789092,25,5,11.793,2.121371787044,5.905512,6.3305402,37.282481508,0,0,0,272.9, 4.9, -2.5,,,0,0,1024,1024,1024,364,0,0,0,-100,267.4,0,0,86,3.939,3.926,3.926,0,0,0,6.778,88.88,2.121371787044,5.905512,38,Tripod,
182000,2026-05-22 08:55:50,51.9887443057679,4.39014217667496,5.905512,,,2.121371787044,4.92126,0,34.994095608,134.890424264,25,5,11.793,2.121371787044,5.905512,6.3305402,37.282481508,0,0,0,270.6, 4.1, -1.8,,,0,0,1024,1024,1024,1024,0,0,0,0,265,0,0,86,3.939,3.926,3.926,0,0,0,6.778,88.88,2.121371787044,5.905512,38,Tripod,
182100,2026-05-22 08:55:50,51.9887442804524,4.3901422056112,5.905512,,,2.121371787044,4.92126,0,35.00492238,134.90157912,25,5,11.793,2.121371787044,5.905512,6.3305402,37.282481508,0,0,0,269.3, 3.9, -1.3,,,0,0,1024,1024,1024,1024,0,0,0,0,263.2,0,0,86,3.939,3.926,3.926,0,0,0,6.778,88.88,2.121371787044,5.905512,38,Tripod,
182200,2026-05-22 08:55:50,51.988744565721,4.39014203775323,5.905512,,,2.121371787044,4.92126,0,34.91141844,135.012471512,25,5,11.793,2.121371787044,5.905512,6.3305402,37.282481508,0,0,0,268.2, 3.7, -2.3,,,0,0,1024,1024,1024,1024,0,0,0,0,262.5,0,0,86,3.939,3.926,3.926,0,0,0,6.778,88.88,2.121371787044,5.905512,38,Tripod,
182300,2026-05-22 08:55:51,51.9887445706084,4.39014202958708,5.905512,,,2.121371787044,4.92126,0,34.909121852,135.015096184,25,5,11.793,2.121371787044,5.905512,6.3305402,37.282481508,0,0,0,267.6, 3.8, -2.9,,,0,0,1024,1024,1024,1024,0,0,0,0,262.5,0,0,86,3.939,3.926,3.926,0,0,0,6.778,88.88,2.121371787044,5.905512,38,Tripod,
182400,2026-05-22 08:55:51,51.9887447231226,4.39014188724309,5.905512,,,2.121371787044,4.92126,0,34.849738648,135.079072564,25,5,11.777,2.121371787044,5.905512,6.3305402,37.282481508,0,0,0,267.3, 4.2, -2.7,,,0,0,1024,1024,1024,1024,0,0,0,0,262.5,0,0,86,3.933,3.921,3.92,0,0,0,7.18,88.88,2.121371787044,5.905512,38,Tripod,
182500,2026-05-22 08:55:51,51.9887446944616,4.39014186449756,5.905512,,,2.121371787044,4.92126,0,34.852035236,135.090883588,25,5,11.777,2.121371787044,5.905512,6.3305402,37.282481508,0,0,0,267.3, 3.5, -2.5,,,0,0,1024,1024,1024,1024,0,0,0,0,262.5,0,0,86,3.933,3.921,3.92,0,0,0,7.18,88.88,2.121371787044,5.905512,38,Tripod,
182600,2026-05-22 08:55:51,51.9887447512009,4.39014201325483,5.905512,,,2.121371787044,4.92126,0,34.865814764,135.130253668,25,5,11.777,2.121371787044,5.905512,6.3305402,37.282481508,0,0,0,267.3, 3.5, -0.9,,,0,0,1024,1024,1024,1024,0,0,0,0,262.5,0,0,86,3.933,3.921,3.92,0,0,0,7.18,88.88,2.121371787044,5.905512,38,Tripod,
182700,2026-05-22 08:55:51,51.9887446802018,4.39014199855022,5.905512,,,2.121371787044,4.92126,0,34.878938124,135.156172304,25,5,11.777,2.121371787044,5.905512,6.3305402,37.282481508,0,0,0,267.7, 3.9, 0,,,0,0,1024,1024,1024,1024,0,0,0,0,262.5,0,0,86,3.933,3.921,3.92,0,0,0,7.18,88.88,2.121371787044,5.905512,38,Tripod,
182800,2026-05-22 08:55:51,51.9887447448785,4.3901421681054,5.905512,,,2.121371787044,4.92126,0,34.894686156,135.201119812,25,5,11.777,2.121371787044,5.905512,6.3305402,37.282481508,0,0,0,268, 3.6, 1.4,,,0,0,1024,1024,1024,1024,0,0,0,0,262.5,0,0,86,3.933,3.921,3.92,0,0,0,7.18,88.88,2.121371787044,5.905512,38,Tripod,
182900,2026-05-22 08:55:51,51.9887447236452,4.39014215050717,5.905512,,,2.121371787044,4.92126,0,34.896326576,135.209649996,25,5,11.777,2.121371787044,5.905512,6.3305402,37.282481508,0,0,0,268.1, 3.2, -0.4,,,0,0,1198,1024,1024,1024,26,0,0,0,262.5,0,0,86,3.933,3.921,3.92,0,0,0,7.18,88.88,2.121371787044,5.905512,38,Tripod,
183000,2026-05-22 08:55:51,51.9887448225899,4.39014212015196,5.905512,,,2.121371787044,4.92126,0,34.869095604,135.246395404,25,5,11.777,2.121371787044,5.905512,6.3305402,37.282481508,0,0,0,267.8, 3.3, -1.8,,,0,0,1344,1024,1024,1024,48,0,0,0,262.5,0,0,86,3.933,3.921,3.92,0,0,0,7.18,88.88,2.121371787044,5.905512,38,Tripod,
183100,2026-05-22 08:55:51,51.9887448445985,4.39014211276488,5.905512,,,2.121371787044,4.92126,0,34.862862008,135.254597504,25,5,11.777,2.121371787044,5.905512,6.3305402,37.282481508,0,0,0,267.5, 1.6, -1.7,,,0,0,1424,1024,1024,1024,61,0,0,0,262.5,0,0,86,3.933,3.921,3.92,0,0,0,7.18,88.88,2.121371787044,5.905512,38,Tripod,
183200,2026-05-22 08:55:51,51.9887449970699,4.39014226508351,5.905512,,,2.121371787044,4.92126,0,34.855972244,135.31988622,25,5,11.777,2.121371787044,5.905512,6.3305402,37.282481508,0,0,0,267.4, -0.1, -1.3,,,0,0,1434,1024,1024,1024,62,0,0,0,262.5,0,0,86,3.933,3.921,3.92,0,0,0,7.18,88.88,2.121371787044,5.905512,38,Tripod,
183300,2026-05-22 08:55:52,51.988745046313,4.39014221333212,5.905512,,,2.121371787044,4.92126,0,34.83595912,135.34121168,25,5,11.777,2.121371787044,5.905512,6.3305402,37.282481508,0,0,0,267.5, -1.9, -1.2,,,0,0,1461,1024,1024,1024,66,0,0,0,262.5,0,0,86,3.933,3.921,3.92,0,0,0,7.18,88.88,2.121371787044,5.905512,38,Tripod,
183400,2026-05-22 08:55:52,51.9887449109372,4.39014224968317,5.905512,,,2.121371787044,4.92126,0,34.872376444,135.391408532,25,5,11.792,2.121371787044,5.905512,6.3305402,37.282481508,0,0,0,267.7, -3.5, -1.8,,,0,0,1522,1024,1024,1024,75,0,0,0,262.5,0,0,86,3.941,3.931,3.93,0,0,0,7.081,88.88,2.121371787044,5.905512,38,Tripod,
183500,2026-05-22 08:55:52,51.9887449551129,4.39014200785682,5.905512,,,2.121371787044,4.92126,0.223694,34.81955492,135.448167064,25,5,11.792,2.121371787044,5.905512,6.3305402,37.282481508,0,-0.223694,0,267.6, -3.6, -1.8,,,0,0,1555,1024,1024,1024,80,0,0,0,262.5,0,0,86,3.941,3.931,3.93,0,0,0,7.081,88.88,2.121371787044,5.905512,38,Tripod,
183600,2026-05-22 08:55:52,51.9887450781052,4.39014177380708,5.905512,,,2.121371787044,4.92126,0.447388,34.750329196,135.517392788,25,5,11.792,2.121371787044,5.905512,6.3305402,37.282481508,0,-0.447388,0,267.7, -4.3, -1.5,,,0,0,1555,1024,1024,1024,80,0,0,0,262.5,0,0,86,3.941,3.931,3.93,0,0,0,7.081,88.88,2.121371787044,5.905512,38,Tripod,
183700,2026-05-22 08:55:52,51.9887451144122,4.39014125017244,5.905512,,,2.121371787044,4.92126,0.671082,34.649279324,135.635503028,26,5,11.792,2.121371787044,5.905512,6.3305402,37.282481508,0,-0.671082,0,267.7, -6, -2.2,,,0,0,1558,1024,1024,1024,81,0,0,0,262.5,0,0,86,3.941,3.931,3.93,0,0,0,7.081,88.88,2.121371787044,5.905512,38,Tripod,
183800,2026-05-22 08:55:52,51.9887451500895,4.39014084670661,5.905512,,,2.121371787044,4.92126,0.894776,34.569554912,135.727366548,26,5,11.792,2.121371787044,5.905512,6.3305402,37.282481508,0,-0.894776,0,267.8, -6.9, -1.6,,,0,0,1557,1024,1024,1024,81,0,0,0,262.5,0,0,86,3.941,3.931,3.93,0,0,0,7.081,88.88,2.121371787044,5.905512,38,Tripod,
183900,2026-05-22 08:55:52,51.9887451682601,4.39014002059094,5.905512,,,2.121371787044,4.92126,1.342164,34.418636272,135.913062092,26,5,11.792,2.121371787044,5.905512,6.3305402,37.282481508,0,-1.342164,0,267.9, -7.4, -1.8,,,0,0,1556,1024,1024,1024,81,0,0,0,262.5,0,0,86,3.941,3.931,3.93,0,0,0,7.081,88.88,2.121371787044,5.905512,38,Tripod,
184000,2026-05-22 08:55:52,51.9887451976706,4.3901394200944,5.905512,,,2.121371787044,4.92126,1.565858,34.305447292,136.0482327,26,5,11.792,2.121371787044,5.905512,6.3305402,37.282481508,0,-1.565858,0,268, -7.5, -1.9,,,0,0,1556,1024,1024,1024,81,0,0,0,262.5,0,0,86,3.941,3.931,3.93,0,0,0,7.081,88.88,2.121371787044,5.905512,38,Tripod,
184100,2026-05-22 08:55:52,51.9887452206516,4.39013827345431,5.905512,,,2.121371787044,4.92126,1.789552,34.09777012,136.306106724,26,5,11.792,2.121371787044,5.905512,6.3305402,37.282481508,0,-1.789552,0,267.8, -8.3, -2.1,,,0,0,1555,1024,1024,1024,80,0,0,0,262.5,0,0,86,3.941,3.931,3.93,0,0,0,7.081,88.88,2.121371787044,5.905512,38,Tripod,
184200,2026-05-22 08:55:52,51.9887451530579,4.39013723503292,5.905512,,,2.121371787044,4.92126,2.013246,33.930119196,136.540686784,26,5,11.792,2.121371787044,5.905512,6.3305402,37.282481508,0,-2.013246,0,267.9, -8.6, -2.1,,,0,0,1552,1024,1024,1024,80,0,0,0,262.5,0,0,86,3.941,3.931,3.93,0,0,0,7.081,88.88,2.121371787044,5.905512,38,Tripod,
184300,2026-05-22 08:55:53,51.9887451610467,4.39013572271814,5.905512,,,2.121371787044,4.92126,2.460634,33.66305882,136.880581808,26,5,11.792,2.121371787044,5.905512,6.3305402,37.282481508,0,-2.460634,0,268, -8.9, -1.9,,,0,0,1552,1024,1024,1024,80,0,0,0,262.5,0,0,86,3.941,3.931,3.93,0,0,0,7.081,88.88,2.121371787044,5.905512,38,Tripod,
184400,2026-05-22 08:55:53,51.9887451203662,4.39013433985126,5.905512,,,2.121371787044,4.92126,2.684328,33.431103432,137.19160544,26,5,11.786,2.121371787044,5.905512,6.3305402,37.282481508,0,-2.684328,0,268, -8.6, -2.2,,,0,0,1552,1024,1024,1024,80,0,0,0,262.5,0,0,86,3.936,3.924,3.926,0,0,0,6.78,88.88,2.121371787044,5.905512,38,Tripod,
184500,2026-05-22 08:55:53,51.988745116661,4.39013245731269,5.905512,,,2.121371787044,4.92126,3.131716,33.10531602,137.614505716,25,5,11.786,2.121371787044,5.905512,6.3305402,37.282481508,0,-3.131716,0,268, -8.5, -2,,,0,0,1551,1024,1024,1024,80,0,0,0,262.5,0,0,86,3.936,3.924,3.926,0,0,0,6.78,88.88,2.121371787044,5.905512,38,Tripod,
184600,2026-05-22 08:55:53,51.9887450779895,4.39013063027464,5.905512,,,2.121371787044,4.92126,3.35541,32.7995089236,138.025266884,25,5,11.786,2.121371787044,5.905512,6.3305402,37.282481508,0,-3.35541,0,267.9, -8, -1.7,,,0,0,1544,1024,1024,1024,79,0,0,0,262.5,0,0,86,3.936,3.924,3.926,0,0,0,6.78,88.88,2.121371787044,5.905512,38,Tripod,
184700,2026-05-22 08:55:53,51.9887450638025,4.39012837317883,5.905512,,,2.121371787044,4.92126,3.579104,32.4169629796,138.532484748,26,5,11.786,2.121371787044,5.905512,6.3305402,37.282481508,0,-3.579104,0,267.9, -7.3, -2.3,,,0,0,1536,1024,1024,1024,78,0,0,0,262.5,0,0,86,3.936,3.924,3.926,0,0,0,6.78,88.88,2.121371787044,5.905512,38,Tripod,
184800,2026-05-22 08:55:53,51.98874474185,4.39012605190859,5.905512,,,2.121371787044,4.92126,3.802798,32.10137898,139.066933584,26,5,11.786,2.121371787044,5.905512,6.3305402,37.282481508,0,-3.802798,0,267.9, -6.5, -2.1,,,0,0,1534,1024,1024,1024,77,0,0,0,262.5,0,0,86,3.936,3.924,3.926,0,0,0,6.78,88.88,2.121371787044,5.905512,38,Tripod,
184900,2026-05-22 08:55:53,51.9887446894799,4.39012346679002,5.905512,,,2.121371787044,4.92126,4.250186,31.6816283104,139.648298432,26,5,11.786,2.121371787044,5.905512,6.3305402,37.282481508,0,-4.250186,0,267.9, -5.1, -2.1,,,0,0,1534,1024,1024,1024,77,0,0,0,262.5,0,0,86,3.936,3.924,3.926,0,0,0,6.78,88.88,2.121371787044,5.905512,38,Tripod,
185000,2026-05-22 08:55:53,51.9887445865216,4.39012061289144,5.905512,,,2.121371787044,4.92126,4.250186,31.2354668788,140.29035882,26,5,11.786,2.121371787044,5.905512,6.3305402,37.282481508,0,-4.250186,0,267.8, -4.4, -2.1,,,0,0,1024,1024,1024,1024,0,0,0,0,262.5,0,0,86,3.936,3.924,3.926,0,0,0,6.78,88.88,2.121371787044,5.905512,38,Tripod,
185100,2026-05-22 08:55:53,51.9887445246164,4.39011777170814,5.905512,,,2.121371787044,4.92126,4.47388,30.7879274944,140.929138368,26,5,11.786,2.121371787044,5.905512,6.3305402,37.282481508,0,-4.47388,0,267.7, -1.6, -2.4,,,0,0,1024,1024,1024,1024,0,0,0,0,262.5,0,0,86,3.936,3.924,3.926,0,0,0,6.78,88.88,2.121371787044,5.905512,38,Tripod,
185200,2026-05-22 08:55:53,51.9887443095973,4.39011505497862,5.905512,,,2.121371787044,4.92126,4.47388,30.4064314192,141.544623952,26,5,11.786,2.121371787044,5.905512,6.3305402,37.282481508,0,-4.47388,0,267.3, 11.5, -2.4,,,0,0,1015,1024,1024,1024,-1,0,0,0,262.5,0,0,86,3.936,3.924,3.926,0,0,0,6.78,88.88,2.121371787044,5.905512,38,Tripod,
185300,2026-05-22 08:55:54,51.9887442354884,4.390112434831,5.905512,,,2.121371787044,4.92126,3.802798,30.0110573908,142.133862816,26,5,11.786,2.121371787044,5.905512,6.3305402,37.282481508,0,-3.802798,0,266.7, 16.8, -2.4,,,0,0,1015,1024,1024,1024,-1,0,0,0,262.5,0,0,86,3.936,3.924,3.926,0,0,0,6.78,88.88,2.121371787044,5.905512,38,Tripod,
185400,2026-05-22 08:55:54,51.9887439283569,4.39010997402055,5.905512,,,2.121371787044,4.92126,3.131716,29.7084655176,142.698167296,26,5,11.782,2.121371787044,5.905512,6.3305402,37.282481508,0,-3.131716,0,266.7, 15.9, -2.2,,,0,0,614,1024,1024,1024,-62,0,0,0,262.5,0,0,86,3.936,3.924,3.925,0,0,0,6.941,89.06,2.121371787044,5.905512,38,Tripod,
185500,2026-05-22 08:55:54,51.9887438574006,4.39010815246426,5.905512,,,2.121371787044,4.92126,2.684328,29.4475731208,143.108272296,25,5,11.782,2.121371787044,5.905512,6.3305402,37.282481508,0,-2.684328,0,266.8, 12.6, -2.6,,,0,0,575,1024,1024,1024,-68,0,0,0,262.5,0,0,86,3.936,3.924,3.925,0,0,0,6.941,89.06,2.121371787044,5.905512,38,Tripod,
185600,2026-05-22 08:55:54,51.9887434746695,4.39010607078092,5.905512,,,2.121371787044,4.92126,2.23694,29.2353355812,143.596133204,25,5,11.782,2.121371787044,5.905512,6.3305402,37.282481508,0,-2.23694,0,266.6, 12.2, -2.5,,,0,0,1024,1024,1024,1024,0,0,0,0,262.5,0,0,86,3.936,3.924,3.925,0,0,0,6.941,89.06,2.121371787044,5.905512,38,Tripod,
185700,2026-05-22 08:55:54,51.9887433768257,4.39010479366388,5.905512,,,2.121371787044,4.92126,1.789552,29.0709983056,143.885503292,25,5,11.782,2.121371787044,5.905512,6.3305402,37.282481508,0,-1.789552,0,266.5, 9.6, -2.4,,,0,0,1024,1024,1024,1024,0,0,0,0,262.5,0,0,86,3.936,3.924,3.925,0,0,0,6.941,89.06,2.121371787044,5.905512,38,Tripod,
185800,2026-05-22 08:55:54,51.9887433214914,4.39010241377727,5.905512,,,2.121371787044,4.92126,1.565858,28.7347778224,144.420608296,25,5,11.782,2.121371787044,5.905512,6.3305402,37.282481508,0,-1.565858,0,266.5, 9.8, -2.4,,,0,0,1024,1024,1024,1024,0,0,0,0,262.5,0,0,86,3.936,3.924,3.925,0,0,0,6.941,89.06,2.121371787044,5.905512,38,Tripod,
185900,2026-05-22 08:55:54,51.9887432349346,4.39010144186089,5.905512,,,2.121371787044,4.92126,1.342164,28.6170284748,144.641080744,25,5,11.782,2.121371787044,5.905512,6.3305402,37.282481508,0,-1.342164,0,266.6, 9.3, -2.6,,,0,0,1024,1024,1024,1024,0,0,0,0,262.5,0,0,86,3.936,3.924,3.925,0,0,0,6.941,89.06,2.121371787044,5.905512,38,Tripod,
186000,2026-05-22 08:55:54,51.9887431390998,4.39009989566466,5.905512,,,2.121371787044,4.92126,0.894776,28.4204733504,144.99016212,25,5,11.782,2.121371787044,5.905512,6.3305402,37.282481508,0,-0.894776,0,266.6, 8.5, -2.4,,,0,0,1024,1024,1024,1024,0,0,0,0,262.5,0,0,86,3.936,3.924,3.925,0,0,0,6.941,89.06,2.121371787044,5.905512,38,Tripod,
186100,2026-05-22 08:55:54,51.9887430598549,4.39009920798413,5.905512,,,2.121371787044,4.92126,0.671082,28.3442922456,145.14764244,25,5,11.782,2.121371787044,5.905512,6.3305402,37.282481508,0,-0.671082,0,266.6, 7.4, -2.5,,,0,0,1024,1024,1024,1024,0,0,0,0,262.5,0,0,86,3.936,3.924,3.925,0,0,0,6.941,89.06,2.121371787044,5.905512,38,Tripod,
186200,2026-05-22 08:55:54,51.9887431227882,4.3900980205832,5.905512,,,2.121371787044,4.92126,0.671082,28.1577108748,145.415358984,25,5,11.782,2.121371787044,5.905512,6.3305402,37.282481508,0,-0.671082,0,266.6, 6.2, -3,,,0,0,1024,1024,1024,1024,0,0,0,0,262.5,0,0,86,3.936,3.924,3.925,0,0,0,6.941,89.06,2.121371787044,5.905512,38,Tripod,
186300,2026-05-22 08:55:55,51.9887430584114,4.39009750738948,5.905512,,,2.121371787044,4.92126,0.447388,28.103511398,145.532813056,25,5,11.782,2.121371787044,5.905512,6.3305402,37.282481508,0,-0.447388,0,266.6, 5.6, -3.1,,,0,0,1024,1024,1024,1024,0,0,0,0,262.5,0,0,86,3.936,3.924,3.925,0,0,0,6.941,89.06,2.121371787044,5.905512,38,Tripod,
186400,2026-05-22 08:55:55,51.9887432162114,4.39009678273172,5.905512,,,2.121371787044,5.249344,0.223694,27.956693808,145.705713324,25,5,11.776,2.121371787044,5.905512,6.3305402,37.282481508,0,-0.223694,0,266.5, 5, -3,,,0,0,1024,1024,1024,1024,0,0,0,0,262.5,0,0,86,3.934,3.921,3.922,0,0,0,7.064,89.06,2.121371787044,5.905512,38,Tripod,
186500,2026-05-22 08:55:55,51.9887431604487,4.39009638245883,5.905512,,,2.121371787044,5.249344,0.223694,27.9165363264,145.797904928,25,5,11.776,2.121371787044,5.905512,6.3305402,37.282481508,0,-0.223694,0,266.5, 4.6, -3,,,0,0,1024,1024,1024,1024,0,0,0,0,262.5,0,0,86,3.934,3.921,3.922,0,0,0,7.064,89.06,2.121371787044,5.905512,38,Tripod,
186600,2026-05-22 08:55:55,51.9887432437929,4.39009616611883,5.905512,,,2.121371787044,5.249344,0.223694,27.8625008916,145.855319628,25,5,11.776,2.121371787044,5.905512,6.3305402,37.282481508,0,-0.223694,0,266.6, 4.3, -2.9,,,0,0,1024,1024,1024,1024,0,0,0,0,262.5,0,0,86,3.934,3.921,3.922,0,0,0,7.064,89.06,2.121371787044,5.905512,38,Tripod,
186700,2026-05-22 08:55:55,51.9887431879574,4.39009588405322,5.905512,,,2.121371787044,5.249344,0,27.8391085024,145.92192068,25,5,11.776,2.121371787044,5.905512,6.3305402,37.282481508,0,0,0,266.8, 3.6, -2.7,,,0,0,1024,1024,1024,1024,0,0,0,0,262.5,0,0,86,3.934,3.921,3.922,0,0,0,7.064,89.06,2.121371787044,5.905512,38,Tripod,
186800,2026-05-22 08:55:55,51.9887433955874,4.39009570672842,5.905512,,,2.121371787044,5.249344,0,27.7549877648,146.00722252,25,5,11.776,2.121371787044,5.905512,6.3305402,37.282481508,0,0,0,267, 3.4, -3,,,0,0,1024,1024,1024,1024,0,0,0,0,262.5,0,0,86,3.934,3.921,3.922,0,0,0,7.064,89.06,2.121371787044,5.905512,38,Tripod,
186900,2026-05-22 08:55:55,51.9887433446266,4.39009548811381,5.905512,,,2.121371787044,4.92126,0,27.7391413076,146.05971596,25,5,11.776,2.121371787044,5.905512,6.3305402,37.282481508,0,0,0,267.1, 3.2, -2.7,,,0,0,1024,1024,1024,1024,0,0,0,0,262.5,0,0,86,3.934,3.921,3.922,0,0,0,7.064,89.06,2.121371787044,5.905512,38,Tripod,
187000,2026-05-22 08:55:55,51.9887435192522,4.39009558596837,5.905512,,,2.121371787044,5.249344,0,27.702756792,146.127301264,25,5,11.776,2.121371787044,5.905512,6.3305402,37.282481508,0,0,0,267.1, 3.1, -2.5,,,0,0,1231,1024,1024,1024,31,0,0,0,262.5,0,0,86,3.934,3.921,3.922,0,0,0,7.064,89.06,2.121371787044,5.905512,38,Tripod,
187100,2026-05-22 08:55:55,51.9887434770939,4.39009540565254,5.905512,,,2.121371787044,5.249344,0,27.6897318572,146.170608352,25,5,11.776,2.121371787044,5.905512,6.3305402,37.282481508,0,0,0,267.1, 3.2, -2.3,,,0,0,1379,1024,1024,1024,54,0,0,0,262.5,0,0,86,3.934,3.921,3.922,0,0,0,7.064,89.06,2.121371787044,5.905512,38,Tripod,
187200,2026-05-22 08:55:56,51.9887436412849,4.3900954419063,5.905512,,,2.121371787044,5.249344,0,27.6477699136,146.230975808,25,5,11.776,2.121371787044,5.905512,6.3305402,37.282481508,0,0,0,267.2, 1.3, -2.3,,,0,0,1024,1024,1024,1024,0,0,0,0,262.5,0,0,86,3.934,3.921,3.922,0,0,0,7.064,89.06,2.121371787044,5.905512,38,Tripod,
187300,2026-05-22 08:55:56,51.9887436101396,4.39009525254782,5.905512,,,2.121371787044,5.249344,0,27.6303158448,146.274939064,25,5,11.776,2.121371787044,5.905512,6.3305402,37.282481508,0,0,0,267.4, -0.8, -2.2,,,0,0,1024,1024,1024,1024,0,0,0,0,262.5,0,0,86,3.934,3.921,3.922,0,0,0,7.064,89.06,2.121371787044,5.905512,38,Tripod,
187400,2026-05-22 08:55:56,51.988743632084,4.39009534335603,5.905512,,,2.121371787044,5.249344,0.223694,27.6366806744,146.296920692,25,5,11.774,2.121371787044,5.905512,6.3305402,37.282481508,0,-0.223694,0,267.4, 1.1, -1.8,,,0,0,1024,1024,1024,1024,0,0,0,0,262.5,0,0,86,3.934,3.921,3.922,0,0,0,7.097,89.06,2.121371787044,5.905512,38,Tripod,
187500,2026-05-22 08:55:56,51.9887436056933,4.39009503477474,5.905512,,,2.121371787044,5.249344,0.223694,27.6012804108,146.367130668,25,5,11.774,2.121371787044,5.905512,6.3305402,37.282481508,0,-0.223694,0,267.4, 3.1, -1.9,,,0,0,1024,1024,1024,1024,0,0,0,0,262.5,0,0,86,3.934,3.921,3.922,0,0,0,7.097,89.06,2.121371787044,5.905512,38,Tripod,
187600,2026-05-22 08:55:56,51.9887436481514,4.39009513326923,5.905512,,,2.121371787044,5.249344,0.223694,27.6028224056,146.394033556,25,5,11.774,2.121371787044,5.905512,6.3305402,37.282481508,0,-0.223694,0,267.3, 3.7, -2,,,0,0,1024,1024,1024,1024,0,0,0,0,262.5,0,0,86,3.934,3.921,3.922,0,0,0,7.097,89.06,2.121371787044,5.905512,38,Tripod,
187700,2026-05-22 08:55:56,51.9887436366245,4.39009486962262,5.905512,,,2.121371787044,5.249344,0.223694,27.5694890712,146.45341676,25,5,11.774,2.121371787044,5.905512,6.3305402,37.282481508,0,-0.223694,0,267.2, 3.9, -1.9,,,0,0,1024,1024,1024,1024,0,0,0,0,262.5,0,0,86,3.934,3.921,3.922,0,0,0,7.097,89.06,2.121371787044,5.905512,38,Tripod,
187800,2026-05-22 08:55:56,51.9887436945717,4.3900950690879,5.905512,,,2.121371787044,4.92126,0.223694,27.5805783104,146.502957444,25,5,11.774,2.121371787044,5.905512,6.3305402,37.282481508,0,0,0,267.2, 3.9, -1.9,,,0,0,1024,1024,1024,1024,0,0,0,0,262.5,0,0,86,3.934,3.921,3.922,0,0,0,7.097,89.06,2.121371787044,5.905512,38,Tripod,
187900,2026-05-22 08:55:56,51.9887436952614,4.39009490282981,5.905512,,,2.121371787044,4.92126,0,27.5572843464,146.54035902,25,5,11.774,2.121371787044,5.905512,6.3305402,37.282481508,0,0,0,267.2, 3.9, -1.8,,,0,0,1024,1024,1024,1024,0,0,0,0,262.5,0,0,86,3.934,3.921,3.922,0,0,0,7.097,89.06,2.121371787044,5.905512,38,Tripod,
188000,2026-05-22 08:55:56,51.9887437306174,4.39009487066612,5.905512,,,2.121371787044,4.92126,0,27.5426846084,146.5551228,25,5,11.774,2.121371787044,5.905512,6.3305402,37.282481508,0,0,0,267.1, 3.6, -1.6,,,0,0,1024,1024,1024,1024,0,0,0,0,262.5,0,0,86,3.934,3.921,3.922,0,0,0,7.097,89.06,2.121371787044,5.905512,38,Tripod,
188100,2026-05-22 08:55:56,51.9887437414376,4.39009478944993,5.905512,,,2.121371787044,4.92126,0,27.5282817208,146.573823588,25,5,11.774,2.121371787044,5.905512,6.3305402,37.282481508,0,0,0,267.2, 3, -1.7,,,0,0,1024,1024,1024,1024,0,0,0,0,262.5,0,0,86,3.934,3.921,3.922,0,0,0,7.097,89.06,2.121371787044,5.905512,38,Tripod,
188200,2026-05-22 08:55:56,51.9887437568582,4.39009488058516,5.905512,,,2.121371787044,4.92126,0,27.5365166292,146.595149048,25,5,11.774,2.121371787044,5.905512,6.3305402,37.282481508,0,0,0,267.3, 2.7, -1.8,,,0,0,1024,1024,1024,1024,0,0,0,0,262.5,0,0,86,3.934,3.921,3.922,0,0,0,7.097,89.06,2.121371787044,5.905512,38,Tripod,
188300,2026-05-22 08:55:57,51.9887437764424,4.3900948405683,5.905512,,,2.121371787044,5.249344,0,27.5253617732,146.606631988,25,5,11.774,2.121371787044,5.905512,6.3305402,37.282481508,0,0,0,267.4, 2.6, -1.6,,,0,0,1024,1024,1024,1024,0,0,0,0,262.5,0,0,86,3.934,3.921,3.922,0,0,0,7.097,89.06,2.121371787044,5.905512,38,Tripod,
188400,2026-05-22 08:55:57,51.9887437784385,4.39009485527987,5.905512,,,2.121371787044,5.249344,0,27.5268053428,146.609912828,25,5,11.777,2.121371787044,5.905512,6.3305402,37.282481508,0,0,0,267.3, 2.7, -1.6,,,0,0,1024,1024,1024,1024,0,0,0,0,262.5,0,0,86,3.933,3.921,3.923,0,0,0,7.007,89.06,2.121371787044,5.905512,38,Tripod,
188500,2026-05-22 08:55:57,51.9887438030001,4.3900948177671,5.905512,,,2.121371787044,5.249344,0,27.5145678096,146.622051936,25,5,11.777,2.121371787044,5.905512,6.3305402,37.282481508,0,0,0,267.3, 2.9, -1.5,,,0,0,1024,1024,1024,1024,0,0,0,0,262.5,0,0,86,3.933,3.921,3.923,0,0,0,7.007,89.06,2.121371787044,5.905512,38,Tripod,
188600,2026-05-22 08:55:57,51.9887436381708,4.39009493788725,5.905512,,,2.121371787044,5.249344,0,27.5785113812,146.68799682,25,5,11.777,2.121371787044,5.905512,6.3305402,37.282481508,0,0,0,267.3, 2.8, -1.7,,,0,0,1024,1024,1024,1024,0,0,0,0,262.5,0,0,86,3.933,3.921,3.923,0,0,0,7.007,89.06,2.121371787044,5.905512,38,Tripod,
188700,2026-05-22 08:55:57,51.9887436532316,4.39009492019163,5.905512,,,2.121371787044,4.92126,0,27.5717528508,146.694886584,25,5,11.777,2.121371787044,5.905512,6.3305402,37.282481508,0,0,0,267.4, 2.8, -1.8,,,0,0,1024,1024,1024,1024,0,0,0,0,262.5,0,0,86,3.933,3.921,3.923,0,0,0,7.007,89.06,2.121371787044,5.905512,38,Tripod,
188800,2026-05-22 08:55:57,51.9887438024861,4.3900949738906,5.905512,,,2.121371787044,4.92126,0,27.536418204,146.750660864,25,5,11.777,2.121371787044,5.905512,6.3305402,37.282481508,0,0,0,267.3, 2.8, -1.9,,,0,0,1024,1024,1024,1024,0,0,0,0,262.5,0,0,86,3.933,3.921,3.923,0,0,0,7.007,89.06,2.121371787044,5.905512,38,Tripod,
188900,2026-05-22 08:55:57,51.9887438260968,4.39009497275681,5.905512,,,2.121371787044,4.92126,0,27.5294956316,146.759191048,25,5,11.777,2.121371787044,5.905512,6.3305402,37.282481508,0,0,0,267.3, 2.6, -1.6,,,0,0,1024,1024,1024,1024,0,0,0,0,262.5,0,0,86,3.933,3.921,3.923,0,0,0,7.007,89.06,2.121371787044,5.905512,38,Tripod,
189000,2026-05-22 08:55:57,51.9887437814969,4.3900951724029,5.905512,,,2.121371787044,4.92126,0,27.5700796224,146.807091312,25,5,11.777,2.121371787044,5.905512,6.3305402,37.282481508,0,0,0,267.4, 2.4, -1.4,,,0,0,1024,1024,1024,1024,0,0,0,0,262.5,0,0,86,3.933,3.921,3.923,0,0,0,7.007,89.06,2.121371787044,5.905512,38,Tripod,
189100,2026-05-22 08:55:57,51.9887438000188,4.39009518963247,5.905512,,,2.121371787044,4.92126,0,27.5671924832,146.814637244,25,5,11.777,2.121371787044,5.905512,6.3305402,37.282481508,0,0,0,267.5, 2.5, -1.2,,,0,0,1024,1024,1024,1024,0,0,0,0,262.5,0,0,86,3.933,3.921,3.923,0,0,0,7.007,89.06,2.121371787044,5.905512,38,Tripod,
189200,2026-05-22 08:55:57,51.988743760255,4.39009518335831,5.905512,,,2.121371787044,4.92126,0,27.5776911712,146.829401024,25,5,11.777,2.121371787044,5.905512,6.3305402,37.282481508,0,0,0,267.5, 2.6, -1.3,,,0,0,1024,1024,1024,1024,0,0,0,0,262.5,0,0,86,3.933,3.921,3.923,0,0,0,7.007,89.06,2.121371787044,5.905512,38,Tripod,
189300,2026-05-22 08:55:58,51.9887437809143,4.39009519573968,5.905512,,,2.121371787044,4.92126,0,27.573491696,146.83727504,25,5,11.777,2.121371787044,5.905512,6.3305402,37.282481508,0,0,0,267.5, 2.6, -1.5,,,0,0,1025,1024,1024,1024,0,0,0,0,262.5,0,0,86,3.933,3.921,3.923,0,0,0,7.007,89.06,2.121371787044,5.905512,38,Tripod,
189400,2026-05-22 08:55:58,51.9887439139214,4.39009516048756,5.905512,,,2.121371787044,4.92126,0,27.5305455004,146.88648764,25,5,11.788,2.121371787044,5.905512,6.3305402,37.282481508,0,0,0,267.4, 2.6, -1.6,,,0,0,1032,1024,1024,1024,1,0,0,0,262.5,0,0,86,3.935,3.921,3.923,0,0,0,6.941,89.06,2.121371787044,5.905512,38,Tripod,
189500,2026-05-22 08:55:58,51.9887439441373,4.39009516949535,5.905512,,,2.121371787044,4.92126,0,27.5231636104,146.897642496,25,5,11.788,2.121371787044,5.905512,6.3305402,37.282481508,0,0,0,267.4, 2.6, -1.4,,,0,0,1032,1024,1024,1024,1,0,0,0,262.5,0,0,86,3.935,3.921,3.923,0,0,0,6.941,89.06,2.121371787044,5.905512,38,Tripod,
189600,2026-05-22 08:55:58,51.988743896342,4.39009514463523,5.905512,,,2.121371787044,4.92126,0,27.5333670228,146.9160152,25,5,11.788,2.121371787044,5.905512,6.3305402,37.282481508,0,0,0,267.5, 2.6, -1.2,,,0,0,1065,1024,1024,1024,6,0,0,0,262.5,0,0,86,3.935,3.921,3.923,0,0,0,6.941,89.06,2.121371787044,5.905512,38,Tripod,
189700,2026-05-22 08:55:58,51.9887439297619,4.39009515156323,5.905512,,,2.121371787044,4.92126,0,27.524771222,146.928482392,25,5,11.788,2.121371787044,5.905512,6.3305402,37.282481508,0,0,0,267.6, 2.5, -1.6,,,0,0,1361,1024,1024,1024,51,0,0,0,262.5,0,0,86,3.935,3.921,3.923,0,0,0,6.941,89.06,2.121371787044,5.905512,38,Tripod,
189800,2026-05-22 08:55:58,51.9887438923112,4.39009513729683,5.905512,,,2.121371787044,4.92126,0,27.5334982564,146.94226192,25,5,11.788,2.121371787044,5.905512,6.3305402,37.282481508,0,0,0,267.5, 1.7, -2,,,0,0,1635,1024,1024,1024,93,0,0,0,262.5,0,0,86,3.935,3.921,3.923,0,0,0,6.941,89.06,2.121371787044,5.905512,38,Tripod,
189900,2026-05-22 08:55:58,51.9887439143198,4.39009511594936,5.905512,,,2.121371787044,4.92126,0,27.5242134792,146.951776356,25,5,11.788,2.121371787044,5.905512,6.3305402,37.282481508,0,0,0,267.5, -1.4, -2,,,0,0,1684,1024,1024,1024,100,0,0,0,262.5,0,0,86,3.935,3.921,3.923,0,0,0,6.941,89.06,2.121371787044,5.905512,38,Tripod,
190000,2026-05-22 08:55:58,51.9887440131745,4.39009498248085,5.905512,,,2.121371787044,4.92126,0.223694,27.4773302756,146.998692368,25,5,11.788,2.121371787044,5.905512,6.3305402,37.282481508,0,-0.223694,0,267.6, -6.6, -1.8,,,0,0,1684,1024,1024,1024,100,0,0,0,262.5,0,0,86,3.935,3.921,3.923,0,0,0,6.941,89.06,2.121371787044,5.905512,38,Tripod,
190100,2026-05-22 08:55:58,51.9887440184732,4.39009466055111,5.905512,,,2.121371787044,4.92126,0.671082,27.4309720064,147.070870848,25,5,11.788,2.121371787044,5.905512,6.3305402,37.282481508,0,-0.671082,0,267.9, -9.9, -1.3,,,0,0,1684,1024,1024,1024,100,0,0,0,262.5,0,0,86,3.935,3.921,3.923,0,0,0,6.941,89.06,2.121371787044,5.905512,38,Tripod,
190200,2026-05-22 08:55:58,51.9887439084342,4.39009405551925,5.905512,,,2.121371787044,4.92126,1.11847,27.3786098,147.212603136,25,5,11.788,2.121371787044,5.905512,6.3305402,37.282481508,0,-1.11847,0,268, -11.3, -1.2,,,0,0,1684,1024,1024,1024,100,0,0,0,262.5,0,0,86,3.935,3.921,3.923,0,0,0,6.941,89.06,2.121371787044,5.905512,38,Tripod,
190300,2026-05-22 08:55:59,51.9887438873851,4.39009312646416,5.905512,,,2.121371787044,4.92126,1.565858,27.256726594,147.421592644,25,5,11.788,2.121371787044,5.905512,6.3305402,37.282481508,0,-1.565858,0,268.1, -12.1, -1.1,,,0,0,1684,1024,1024,1024,100,0,0,0,262.5,0,0,86,3.935,3.921,3.923,0,0,0,6.941,89.06,2.121371787044,5.905512,38,Tripod,
190400,2026-05-22 08:55:59,51.9887438209993,4.39009223197952,5.905512,,,2.121371787044,4.92126,2.013246,27.1537738348,147.624020472,25,5,11.771,2.121371787044,5.905512,6.3305402,37.282481508,0,-2.013246,0,268.2, -12.5, -1.2,,,0,0,1684,1024,1024,1024,100,0,0,0,262.5,0,0,86,3.935,3.923,3.924,0,0,0,7.065,89.24,2.121371787044,5.905512,38,Tripod,
190500,2026-05-22 08:55:59,51.9887437741421,4.39009065336863,5.905512,,,2.121371787044,4.92126,2.684328,26.954233146,147.97900736,25,5,11.771,2.121371787044,5.905512,6.3305402,37.282481508,0,-2.684328,0,268.1, -12.6, -1.1,,,0,0,1684,1024,1024,1024,100,0,0,0,262.5,0,0,86,3.935,3.923,3.924,0,0,0,7.065,89.24,2.121371787044,5.905512,38,Tripod,
190600,2026-05-22 08:55:59,51.9887435964537,4.39008932365802,5.905512,,,2.121371787044,4.92126,3.131716,26.8294299924,148.284781648,25,5,11.771,2.121371787044,5.905512,6.3305402,37.282481508,-0.223694,-3.131716,0,268.1, -12.5, -1.1,,,0,0,1684,1024,1024,1024,100,0,0,0,262.5,0,0,86,3.935,3.923,3.924,0,0,0,7.065,89.24,2.121371787044,5.905512,38,Tripod,
190700,2026-05-22 08:55:59,51.988743508312,4.39008711104457,5.905512,,,2.121371787044,4.92126,3.579104,26.5662410076,148.783141244,25,5,11.771,2.121371787044,5.905512,6.3305402,37.282481508,-0.223694,-3.579104,0,268.1, -12, -0.5,,,0,0,1684,1024,1024,1024,100,0,0,0,262.5,0,0,86,3.935,3.923,3.924,0,0,0,7.065,89.24,2.121371787044,5.905512,38,Tripod,
190800,2026-05-22 08:55:59,51.9887433837777,4.39008518633968,5.905512,,,2.121371787044,4.92126,4.026492,26.357284308,149.217852544,25,5,11.771,2.121371787044,5.905512,6.3305402,37.282481508,-0.223694,-4.026492,0,267.9, -12, 0.2,,,0,0,1684,1024,1024,1024,100,0,0,0,262.5,0,0,86,3.935,3.923,3.924,0,0,0,7.065,89.24,2.121371787044,5.905512,38,Tripod,
190900,2026-05-22 08:55:59,51.9887432975893,4.39008239470252,5.905512,,,2.121371787044,4.92126,4.47388,26.0352042452,149.84580532,25,5,11.771,2.121371787044,5.905512,6.3305402,37.282481508,-0.223694,-4.47388,0,267.9, -11.5, -0.3,,,0,0,1684,1024,1024,1024,100,0,0,0,262.5,0,0,86,3.935,3.923,3.924,0,0,0,7.065,89.24,2.121371787044,5.905512,38,Tripod,
191000,2026-05-22 08:55:59,51.98874298339,4.39007977639757,5.905512,,,2.121371787044,4.92126,4.921268,25.8156504324,150.445214788,25,5,11.771,2.121371787044,5.905512,6.3305402,37.282481508,-0.223694,-4.921268,0,268, -11, -1.5,,,0,0,1684,1024,1024,1024,100,0,0,0,262.5,0,0,86,3.935,3.923,3.924,0,0,0,7.065,89.24,2.121371787044,5.905512,38,Tripod,
191100,2026-05-22 08:55:59,51.9887428740406,4.39007645443792,5.905512,,,2.121371787044,4.92126,5.368656,25.4635506836,151.19259014,25,5,11.771,2.121371787044,5.905512,6.3305402,37.282481508,-0.223694,-5.368656,0,268, -10.3, -1.6,,,0,0,1319,1024,1024,1024,45,0,0,0,262.5,0,0,86,3.935,3.923,3.924,0,0,0,7.065,89.24,2.121371787044,5.905512,38,Tripod,
191200,2026-05-22 08:55:59,51.9887424797269,4.39007312222193,5.905512,,,2.121371787044,4.92126,5.816044,25.2187344028,151.955057356,25,5,11.771,2.121371787044,5.905512,6.3305402,37.282481508,-0.223694,-5.816044,0,268.1, -8.2, -1.1,,,0,0,1024,1024,1024,1024,0,0,0,0,262.5,0,0,86,3.935,3.923,3.924,0,0,0,7.065,89.24,2.121371787044,5.905512,38,Tripod,
191300,2026-05-22 08:56:00,51.9887423175405,4.39006938512486,5.905512,,,2.121371787044,5.249344,6.039738,24.8779207436,152.7969209,25,5,11.771,2.121371787044,5.905512,6.3305402,37.282481508,-0.223694,-6.039738,0,268, 0, -0.9,,,0,0,1024,1024,1024,1024,0,0,0,0,262.5,0,0,86,3.935,3.923,3.924,0,0,0,7.065,89.24,2.121371787044,5.905512,38,Tripod,
191400,2026-05-22 08:56:00,51.9887419282642,4.39006584345545,5.905512,,,2.121371787044,5.249344,5.816044,24.6549220488,153.604991792,25,5,11.767,2.121371787044,5.905512,6.3305402,37.282481508,-0.223694,-5.816044,0,267.6, 17.1, -0.8,,,0,0,1024,1024,1024,1024,0,0,0,0,262.5,0,0,86,3.932,3.917,3.918,0,0,0,7.141,89.24,2.121371787044,5.905512,38,Tripod,
191500,2026-05-22 08:56:00,51.9887417559046,4.39006249642428,5.905512,,,2.121371787044,5.249344,5.144962,24.4014443504,154.359584992,25,5,11.767,2.121371787044,5.905512,6.3305402,37.282481508,-0.223694,-5.144962,0,267.2, 22.5, -0.8,,,0,0,1024,1024,1024,1024,0,0,0,0,262.5,0,0,86,3.932,3.917,3.918,0,0,0,7.141,89.24,2.121371787044,5.905512,38,Tripod,
191600,2026-05-22 08:56:00,51.9887413599631,4.39005992337132,5.905512,,,2.121371787044,5.249344,4.250186,24.3097776808,154.95571362,25,5,11.767,2.121371787044,5.905512,6.3305402,37.282481508,0,-4.250186,0,267.3, 22, -1.2,,,0,0,1024,1024,1024,1024,0,0,0,0,262.5,0,0,86,3.932,3.917,3.918,0,0,0,7.141,89.24,2.121371787044,5.905512,38,Tripod,
191700,2026-05-22 08:56:00,51.9887411973442,4.39005775640981,5.905512,,,2.121371787044,4.92126,3.35541,24.1854666532,155.4461992,25,5,11.767,2.121371787044,5.905512,6.3305402,37.282481508,0,-3.35541,0,267.2, 19.3, -1.3,,,0,0,1024,1024,1024,1024,0,0,0,0,262.5,0,0,86,3.932,3.917,3.918,0,0,0,7.141,89.24,2.121371787044,5.905512,38,Tripod,
191800,2026-05-22 08:56:00,51.9887407208386,4.39005477934155,5.905512,,,2.121371787044,5.249344,2.684328,24.1170283308,156.137144104,25,5,11.767,2.121371787044,5.905512,6.3305402,37.282481508,0,-2.684328,0,267.1, 16.1, -1.6,,,0,0,1653,1024,1024,1024,95,0,0,0,262.5,0,0,86,3.932,3.917,3.918,0,0,0,7.141,89.24,2.121371787044,5.905512,38,Tripod,
191900,2026-05-22 08:56:00,51.9887405288733,4.39005341600019,5.905512,,,2.121371787044,5.249344,2.013246,24.083170062,156.451448576,25,5,11.767,2.121371787044,5.905512,6.3305402,37.282481508,0,-2.013246,0,267.1, 9.3, -1.3,,,0,0,1684,1024,1024,1024,100,0,0,0,262.5,0,0,86,3.932,3.917,3.918,0,0,0,7.141,89.24,2.121371787044,5.905512,38,Tripod,
192000,2026-05-22 08:56:00,51.9887403501398,4.39005049148632,5.905512,,,2.121371787044,5.249344,2.013246,23.9430125772,157.111881668,25,5,11.767,2.121371787044,5.905512,6.3305402,37.282481508,0,-2.013246,0,267.2, 0.7, -1.1,,,0,0,1682,1024,1024,1024,100,0,0,0,262.5,0,0,86,3.932,3.917,3.918,0,0,0,7.141,89.24,2.121371787044,5.905512,38,Tripod,
192100,2026-05-22 08:56:00,51.9887401453669,4.39004922641296,5.905512,,,2.121371787044,5.249344,2.013246,23.9323826556,157.405516848,25,5,11.767,2.121371787044,5.905512,6.3305402,37.282481508,0,-2.013246,0,267.4, -4.4, -0.8,,,0,0,1275,1024,1024,1024,38,0,0,0,262.5,0,0,86,3.932,3.917,3.918,0,0,0,7.141,89.24,2.121371787044,5.905512,38,Tripod,
192200,2026-05-22 08:56:00,51.9887399009801,4.39004614090971,5.905512,,,2.121371787044,5.249344,2.23694,23.8315624424,158.104663852,25,5,11.767,2.121371787044,5.905512,6.3305402,37.282481508,0,-2.23694,0,267.6, -5, -0.8,,,0,0,1098,1024,1024,1024,11,0,0,0,262.5,0,0,86,3.932,3.917,3.918,0,0,0,7.141,89.24,2.121371787044,5.905512,38,Tripod,
192300,2026-05-22 08:56:01,51.9887396783149,4.39004443512742,5.905512,,,2.121371787044,5.249344,2.460634,23.8154863264,158.496396148,25,5,11.767,2.121371787044,5.905512,6.3305402,37.282481508,0,-2.460634,0,267.6, -0.6, -0.8,,,0,0,1129,1024,1024,1024,16,0,0,0,262.5,0,0,86,3.932,3.917,3.918,0,0,0,7.141,89.24,2.121371787044,5.905512,38,Tripod,
192400,2026-05-22 08:56:01,51.9887396029852,4.39004227027818,5.905512,,,2.121371787044,5.249344,2.684328,23.7305781872,158.983600888,25,5,11.76,2.121371787044,5.905512,6.3305402,37.282481508,0,-2.684328,0,267.4, 2.3, -1.1,,,0,0,1129,1024,1024,1024,16,0,0,0,262.5,0,0,86,3.932,3.92,3.921,0,0,0,7.433,89.24,2.121371787044,5.905512,38,Tripod,
192500,2026-05-22 08:56:01,51.9887393831772,4.39004046066474,5.905512,,,2.121371787044,5.249344,2.460634,23.723097872,159.39797098,25,5,11.76,2.121371787044,5.905512,6.3305402,37.282481508,0,-2.460634,0,267.2, 3.6, -0.8,,,0,0,1024,1024,1024,1024,0,0,0,0,262.5,0,0,86,3.932,3.92,3.921,0,0,0,7.433,89.24,2.121371787044,5.905512,38,Tripod,
192600,2026-05-22 08:56:01,51.9887394884186,4.39003932175805,5.905512,,,2.121371787044,5.249344,2.460634,23.6348760844,159.656829256,25,5,11.76,2.121371787044,5.905512,6.3305402,37.282481508,0,-2.460634,0,267.2, 5.4, -1,,,0,0,1024,1024,1024,1024,0,0,0,0,262.5,0,0,86,3.932,3.92,3.921,0,0,0,7.433,89.24,2.121371787044,5.905512,38,Tripod,
192700,2026-05-22 08:56:01,51.9887393058728,4.39003772360875,5.905512,,,2.121371787044,5.249344,2.013246,23.6338918324,160.021986748,25,5,11.76,2.121371787044,5.905512,6.3305402,37.282481508,0,-2.013246,0,267.1, 9.8, -1.6,,,0,0,1024,1024,1024,1024,0,0,0,0,262.5,0,0,86,3.932,3.92,3.921,0,0,0,7.433,89.24,2.121371787044,5.905512,38,Tripod,
192800,2026-05-22 08:56:01,51.9887392247475,4.39003644929665,5.905512,,,2.121371787044,5.249344,1.789552,23.6139771336,160.309716416,25,5,11.76,2.121371787044,5.905512,6.3305402,37.282481508,0,-1.789552,0,267, 10.7, -1.2,,,0,0,1024,1024,1024,1024,0,0,0,0,262.5,0,0,86,3.932,3.92,3.921,0,0,0,7.433,89.24,2.121371787044,5.905512,38,Tripod,
192900,2026-05-22 08:56:01,51.9887390432083,4.39003529174676,5.905512,,,2.121371787044,5.249344,1.342164,23.637796032,160.578089128,25,5,11.76,2.121371787044,5.905512,6.3305402,37.282481508,0,-1.342164,0,267, 9.9, -0.7,,,0,0,1024,1024,1024,1024,0,0,0,0,262.5,0,0,86,3.932,3.92,3.921,0,0,0,7.433,89.24,2.121371787044,5.905512,38,Tripod,
193000,2026-05-22 08:56:01,51.988738965784,4.39003448911433,5.905512,,,2.121371787044,5.249344,1.11847,23.6385834336,160.760831916,25,5,11.76,2.121371787044,5.905512,6.3305402,37.282481508,0,-1.11847,0,267.1, 8.8, -0.1,,,0,0,1024,1024,1024,1024,0,0,0,0,262.5,0,0,86,3.932,3.92,3.921,0,0,0,7.433,89.24,2.121371787044,5.905512,38,Tripod,
193100,2026-05-22 08:56:01,51.9887388204018,4.39003375010159,5.905512,,,2.121371787044,5.249344,0.671082,23.667323592,160.93504452,25,5,11.76,2.121371787044,5.905512,6.3305402,37.282481508,0,-0.671082,0,267.4, 7.4, -1.3,,,0,0,1024,1024,1024,1024,0,0,0,0,262.5,0,0,86,3.932,3.92,3.921,0,0,0,7.433,89.24,2.121371787044,5.905512,38,Tripod,
193200,2026-05-22 08:56:01,51.9887390492267,4.39003287486331,5.905512,,,2.121371787044,5.249344,0.447388,23.5579731948,161.148627204,25,5,11.76,2.121371787044,5.905512,6.3305402,37.282481508,0,-0.447388,0,267.4, 6.3, -1.8,,,0,0,1024,1024,1024,1024,0,0,0,0,262.5,0,0,86,3.932,3.92,3.921,0,0,0,7.433,89.24,2.121371787044,5.905512,38,Tripod,
193300,2026-05-22 08:56:02,51.9887389389864,4.39003237532475,5.905512,,,2.121371787044,5.249344,0.447388,23.583334088,161.267721696,25,5,11.76,2.121371787044,5.905512,6.3305402,37.282481508,0,-0.447388,0,267.1, 5.6, -1.4,,,0,0,1024,1024,1024,1024,0,0,0,0,262.5,0,0,86,3.932,3.92,3.921,0,0,0,7.433,89.24,2.121371787044,5.905512,38,Tripod,
193400,2026-05-22 08:56:02,51.988738924778,4.39003160808257,5.905512,,,2.121371787044,5.249344,0.223694,23.5672251636,161.44029388,25,5,11.771,2.121371787044,5.905512,6.3305402,37.282481508,0,-0.223694,0,267, 4.8, -1.5,,,0,0,1024,1024,1024,1024,0,0,0,0,262.5,0,0,86,3.931,3.918,3.919,0,0,0,7.09,89.24,2.121371787044,5.905512,38,Tripod,
193500,2026-05-22 08:56:02,51.9887388209801,4.39003123757974,5.905512,,,2.121371787044,5.249344,0.223694,23.5950466868,161.531829316,25,5,11.771,2.121371787044,5.905512,6.3305402,37.282481508,0,-0.223694,0,267, 4.4, -1.3,,,0,0,1024,1024,1024,1024,0,0,0,0,262.5,0,0,86,3.931,3.918,3.919,0,0,0,7.09,89.24,2.121371787044,5.905512,38,Tripod,
193600,2026-05-22 08:56:02,51.9887388899831,4.39003112248784,5.905512,,,2.121371787044,5.249344,0,23.5670611216,161.567918556,25,5,11.771,2.121371787044,5.905512,6.3305402,37.282481508,0,0,0,267.2, 4.1, -0.9,,,0,0,1024,1024,1024,1024,0,0,0,0,262.5,0,0,86,3.931,3.918,3.919,0,0,0,7.09,89.24,2.121371787044,5.905512,38,Tripod,
193700,2026-05-22 08:56:02,51.9887388058422,4.39003085428605,5.905512,,,2.121371787044,5.249344,0,23.5906831696,161.63550386,25,5,11.771,2.121371787044,5.905512,6.3305402,37.282481508,0,0,0,267.3, 3.9, -1.2,,,0,0,1024,1024,1024,1024,0,0,0,0,262.5,0,0,86,3.931,3.918,3.919,0,0,0,7.09,89.24,2.121371787044,5.905512,38,Tripod,
193800,2026-05-22 08:56:02,51.9887388391636,4.39003072333226,5.905512,,,2.121371787044,5.249344,0,23.5753288384,161.667328008,25,5,11.771,2.121371787044,5.905512,6.3305402,37.282481508,0,0,0,267.4, 4.2, -1.3,,,0,0,1024,1024,1024,1024,0,0,0,0,262.5,0,0,86,3.931,3.918,3.919,0,0,0,7.09,89.24,2.121371787044,5.905512,38,Tripod,
193900,2026-05-22 08:56:02,51.9887387704605,4.39003053543286,5.905512,,,2.121371787044,5.249344,0,23.5956044296,161.716540608,25,5,11.771,2.121371787044,5.905512,6.3305402,37.282481508,0,0,0,267.3, 3.5, -1.3,,,0,0,1024,1024,1024,1024,0,0,0,0,262.5,0,0,86,3.931,3.918,3.919,0,0,0,7.09,89.24,2.121371787044,5.905512,38,Tripod,
194000,2026-05-22 08:56:02,51.9887389398902,4.3900307127334,5.905512,,,2.121371787044,5.249344,0,23.538550622,161.790031424,25,5,11.771,2.121371787044,5.905512,6.3305402,37.282481508,0,0,0,267.5, 2.8, -1.2,,,0,0,1024,1024,1024,1024,0,0,0,0,262.5,0,0,86,3.931,3.918,3.919,0,0,0,7.09,89.24,2.121371787044,5.905512,38,Tripod,
194100,2026-05-22 08:56:02,51.9887388945836,4.3900306033722,5.905512,,,2.121371787044,5.249344,0,23.5522645332,161.819558984,25,5,11.771,2.121371787044,5.905512,6.3305402,37.282481508,0,0,0,267.4, 2.1, -1.5,,,0,0,1024,1024,1024,1024,0,0,0,0,262.5,0,0,86,3.931,3.918,3.919,0,0,0,7.09,89.24,2.121371787044,5.905512,38,Tripod,
194200,2026-05-22 08:56:02,51.9887390035902,4.39003082210507,5.905512,,,2.121371787044,5.249344,0,23.5181766056,161.882879196,25,5,11.771,2.121371787044,5.905512,6.3305402,37.282481508,0,0,0,267.4, 1.8, -1.1,,,0,0,1024,1024,1024,1024,0,0,0,0,262.5,0,0,86,3.931,3.918,3.919,0,0,0,7.09,89.24,2.121371787044,5.905512,38,Tripod,
194300,2026-05-22 08:56:03,51.9887389697419,4.39003073830042,5.905512,,,2.121371787044,5.249344,0,23.5283472096,161.905188908,26,5,11.771,2.121371787044,5.905512,6.3305402,37.282481508,0,0,0,267.4, 1.9, -0.7,,,0,0,1024,1024,1024,1024,0,0,0,0,262.5,0,0,86,3.931,3.918,3.919,0,0,0,7.09,89.24,2.121371787044,5.905512,38,Tripod,
194400,2026-05-22 08:56:03,51.9887390454786,4.39003099005519,5.905512,,,2.121371787044,5.249344,0,23.5072842168,161.968181036,26,5,11.773,2.121371787044,5.905512,6.3305402,37.282481508,0,0,0,267.5, 2.1, -0.9,,,0,0,1024,1024,1024,1024,0,0,0,0,262.5,0,0,86,3.932,3.919,3.92,0,0,0,6.906,89.42,2.121371787044,5.905512,38,Tripod,
194500,2026-05-22 08:56:03,51.9887390406425,4.39003091636952,5.905512,,,2.121371787044,5.249344,0,23.5071529832,161.98491332,26,5,11.773,2.121371787044,5.905512,6.3305402,37.282481508,0,0,0,267.5, 2.1, -1.2,,,0,0,1024,1024,1024,1024,0,0,0,0,262.5,0,0,86,3.932,3.919,3.92,0,0,0,6.906,89.42,2.121371787044,5.905512,38,Tripod,
194600,2026-05-22 08:56:03,51.9887391151541,4.39003130243779,5.905512,,,2.121371787044,5.249344,0,23.4901254236,162.075792588,26,5,11.773,2.121371787044,5.905512,6.3305402,37.282481508,0,0,0,267.6, 2.4, -1.4,,,0,0,1024,1024,1024,1024,0,0,0,0,262.5,0,0,86,3.932,3.919,3.92,0,0,0,6.906,89.42,2.121371787044,5.905512,38,Tripod,
194700,2026-05-22 08:56:03,51.9887391170688,4.39003125230455,5.905512,,,2.121371787044,5.249344,0,23.4881241112,162.086947444,26,5,11.773,2.121371787044,5.905512,6.3305402,37.282481508,0,0,0,267.5, 2.6, -0.8,,,0,0,1024,1024,1024,1024,0,0,0,0,262.5,0,0,86,3.932,3.919,3.92,0,0,0,6.906,89.42,2.121371787044,5.905512,38,Tripod,
194800,2026-05-22 08:56:03,51.9887391529432,4.3900314318005,5.905512,,,2.121371787044,5.249344,0,23.4798563944,162.129598364,26,5,11.773,2.121371787044,5.905512,6.3305402,37.282481508,0,0,0,267.5, 2.5, -0.8,,,0,0,1024,1024,1024,1024,0,0,0,0,262.5,0,0,86,3.932,3.919,3.92,0,0,0,6.906,89.42,2.121371787044,5.905512,38,Tripod,
194900,2026-05-22 08:56:03,51.9887391721033,4.39003141926176,5.905512,,,2.121371787044,5.249344,0,23.472605738,162.137144296,26,5,11.773,2.121371787044,5.905512,6.3305402,37.282481508,0,0,0,267.6, 1.9, -1,,,0,0,1024,1024,1024,1024,0,0,0,0,262.5,0,0,86,3.932,3.919,3.92,0,0,0,6.906,89.42,2.121371787044,5.905512,38,Tripod,
195000,2026-05-22 08:56:03,51.9887390299894,4.39003162754785,5.905512,,,2.121371787044,5.249344,0,23.5296595456,162.207026188,26,5,11.773,2.121371787044,5.905512,6.3305402,37.282481508,0,0,0,267.6, 1.7, -1.6,,,0,0,1024,1024,1024,1024,0,0,0,0,262.5,0,0,86,3.932,3.919,3.92,0,0,0,6.906,89.42,2.121371787044,5.905512,38,Tripod,
195100,2026-05-22 08:56:03,51.9887390467979,4.39003162631231,5.905512,,,2.121371787044,5.249344,0,23.5235243748,162.2129317,26,5,11.773,2.121371787044,5.905512,6.3305402,37.282481508,0,0,0,267.5, 1.7, -1.8,,,0,0,1024,1024,1024,1407,0,0,0,58,262.5,0,0,86,3.932,3.919,3.92,0,0,0,6.906,89.42,2.121371787044,5.905512,38,Tripod,
195200,2026-05-22 08:56:03,51.9887390688965,4.39003179231306,5.905512,,,2.121371787044,5.249344,0,23.520013876,162.251317528,26,5,11.773,2.121371787044,5.905512,6.3305402,37.282481508,0,0,0,267.6, 1.9, -1.3,,,0,0,1024,1024,1024,1684,0,0,0,100,262.5,0,0,86,3.932,3.919,3.92,0,0,0,6.906,89.42,2.121371787044,5.905512,38,Tripod,
195300,2026-05-22 08:56:04,51.9887390781189,4.39003179021934,5.905512,,,2.121371787044,5.249344,0,23.5166346108,162.254598368,26,5,11.773,2.121371787044,5.905512,6.3305402,37.282481508,0,0,0,268.4, 1.9, -1.3,,,0,0,1024,1024,1024,1684,0,0,0,100,263.6,0,0,86,3.932,3.919,3.92,0,0,0,6.906,89.42,2.121371787044,5.905512,38,Tripod,
195400,2026-05-22 08:56:04,51.988739045153,4.39003187234502,5.905512,,,2.121371787044,5.249344,0,23.5308078396,162.276579996,26,5,11.775,2.121371787044,5.905512,6.3305402,37.282481508,0,0,0,269.9, 1.9, -0.7,,,0,0,1024,1024,1024,1684,0,0,0,100,265.6,0,0,85,3.933,3.92,3.922,0,0,0,6.827,89.42,2.121371787044,5.905512,38,Tripod,
195500,2026-05-22 08:56:04,51.9887390500876,4.39003185274783,5.905512,,,2.121371787044,5.249344,0,23.5284784432,162.281501256,26,5,11.775,2.121371787044,5.905512,6.3305402,37.282481508,0,0,0,271.9, 2.6, -0.7,,,0,0,1024,1024,1024,1684,0,0,0,100,268,0,0,85,3.933,3.92,3.922,0,0,0,6.827,89.42,2.121371787044,5.905512,38,Tripod,
195600,2026-05-22 08:56:04,51.9887391758342,4.39003207526814,5.905512,,,2.121371787044,5.249344,0,23.4891411716,162.34908656,26,5,11.775,2.121371787044,5.905512,6.3305402,37.282481508,0,0,0,274.2, 2.9, -0.6,,,0,0,1024,1024,1024,1684,0,0,0,100,270.3,0,0,85,3.933,3.92,3.922,0,0,0,6.827,89.42,2.121371787044,5.905512,38,Tripod,
195700,2026-05-22 08:56:04,51.9887391998347,4.39003207078077,5.905512,,,2.121371787044,5.249344,0,23.480315712,162.357944828,26,5,11.775,2.121371787044,5.905512,6.3305402,37.282481508,0,0,0,276.6, 2.7, -0.6,,,0,0,1024,1024,1024,1684,0,0,0,100,272.7,0,0,85,3.933,3.92,3.922,0,0,0,6.827,89.42,2.121371787044,5.905512,38,Tripod,
195800,2026-05-22 08:56:04,51.9887391637119,4.39003201535067,5.905512,,,2.121371787044,5.249344,0,23.4918642688,162.376317532,26,5,11.775,2.121371787044,5.905512,6.3305402,37.282481508,0,0,0,279.1, 2.9, -1.1,,,0,0,1024,1024,1024,1684,0,0,0,100,275.1,0,0,85,3.933,3.92,3.922,0,0,0,6.827,89.42,2.121371787044,5.905512,38,Tripod,
195900,2026-05-22 08:56:04,51.9887391910406,4.39003201000859,5.905512,,,2.121371787044,5.249344,0,23.48179209,162.386160052,26,5,11.775,2.121371787044,5.905512,6.3305402,37.282481508,0,0,0,281.6, 3.2, -1.6,,,0,0,1024,1024,1024,1684,0,0,0,100,277.5,0,0,85,3.933,3.92,3.922,0,0,0,6.827,89.42,2.121371787044,5.905512,38,Tripod,
196000,2026-05-22 08:56:04,51.9887391184395,4.39003201514894,5.905512,,,2.121371787044,5.249344,0,23.5082356604,162.412734856,26,5,11.775,2.121371787044,5.905512,6.3305402,37.282481508,0,0,0,284, 3.1, 0,,,0,0,1024,1024,1024,1684,0,0,0,100,279.9,0,0,85,3.933,3.92,3.922,0,0,0,6.827,89.42,2.121371787044,5.905512,38,Tripod,
196100,2026-05-22 08:56:04,51.9887391256015,4.39003200650632,5.905512,,,2.121371787044,5.249344,0,23.505414138,162.416015696,26,5,11.775,2.121371787044,5.905512,6.3305402,37.282481508,0,0,0,286.4, 3.2, 0.1,,,0,0,1024,1024,1024,1684,0,0,0,100,282.3,0,0,85,3.933,3.92,3.922,0,0,0,6.827,89.42,2.121371787044,5.905512,38,Tripod,
196200,2026-05-22 08:56:04,51.988739039366,4.3900319998722,5.905512,,,2.121371787044,5.249344,0,23.5364508844,162.44751176,26,5,11.775,2.121371787044,5.905512,6.3305402,37.282481508,0,0,0,288.8, 3.5, 0.2,,,0,0,1024,1024,1024,1684,0,0,0,100,284.7,0,0,85,3.933,3.92,3.922,0,0,0,6.827,89.42,2.121371787044,5.905512,38,Tripod,
196300,2026-05-22 08:56:05,51.9887390561916,4.39003198597793,5.905512,,,2.121371787044,5.249344,0,23.5299548212,162.454401524,26,5,11.775,2.121371787044,5.905512,6.3305402,37.282481508,0,0,0,291.1, 3.8, -0.1,,,0,0,1024,1024,1024,1684,0,0,0,100,287.1,0,0,85,3.933,3.92,3.922,0,0,0,6.827,89.42,2.121371787044,5.905512,38,Tripod,
196400,2026-05-22 08:56:05,51.9887391558645,4.3900319637045,5.905512,,,2.121371787044,5.249344,0,23.4932422216,162.491146932,26,5,11.779,2.121371787044,5.905512,6.3305402,37.282481508,0,0,0,293.5, 3.8, 0,,,0,0,1024,1024,1024,1684,0,0,0,100,289.5,0,0,85,3.93,3.917,3.918,0,0,0,6.793,89.42,2.121371787044,5.905512,38,Tripod,
196500,2026-05-22 08:56:05,51.9887391711566,4.39003194397344,5.905512,,,2.121371787044,5.249344,0,23.4871726676,162.498036696,26,5,11.779,2.121371787044,5.905512,6.3305402,37.282481508,0,0,0,295.9, 4, 0.5,,,0,0,1024,1024,1024,1684,0,0,0,100,291.9,0,0,85,3.93,3.917,3.918,0,0,0,6.793,89.42,2.121371787044,5.905512,38,Tripod,
196600,2026-05-22 08:56:05,51.9887390974289,4.39003178217574,5.905512,,,2.121371787044,5.249344,0,23.5094167628,162.543312288,26,5,11.779,2.121371787044,5.905512,6.3305402,37.282481508,0,0,0,298.3, 3.8, 0.7,,,0,0,1024,1024,1024,1684,0,0,0,100,294.3,0,0,85,3.93,3.917,3.918,0,0,0,6.793,89.42,2.121371787044,5.905512,38,Tripod,
196700,2026-05-22 08:56:05,51.9887391000761,4.3900317664495,5.905512,,,2.121371787044,5.249344,0,23.50803881,162.546921212,26,5,11.779,2.121371787044,5.905512,6.3305402,37.282481508,0,0,0,300.9, 4, 0.9,,,0,0,1024,1024,1024,1684,0,0,0,100,296.7,0,0,85,3.93,3.917,3.918,0,0,0,6.793,89.42,2.121371787044,5.905512,38,Tripod,
196800,2026-05-22 08:56:05,51.9887390050509,4.39003166839933,5.905512,,,2.121371787044,5.249344,0,23.5397973412,162.588259796,26,5,11.779,2.121371787044,5.905512,6.3305402,37.282481508,0,0,0,303.4, 3.4, 1.3,,,0,0,1024,1024,1024,1684,0,0,0,100,299.1,0,0,85,3.93,3.917,3.918,0,0,0,6.793,89.42,2.121371787044,5.905512,38,Tripod,
196900,2026-05-22 08:56:05,51.9887389933912,4.39003166765681,5.905512,,,2.121371787044,5.249344,0,23.5439968164,162.592524888,26,5,11.779,2.121371787044,5.905512,6.3305402,37.282481508,0,0,0,305.9, 3, 1.2,,,0,0,1024,1024,1024,1684,0,0,0,100,301.5,0,0,85,3.93,3.917,3.918,0,0,0,6.793,89.42,2.121371787044,5.905512,38,Tripod,
197000,2026-05-22 08:56:05,51.988738935294,4.3900315790535,5.905512,,,2.121371787044,5.249344,0,23.5626319876,162.62139628,26,5,11.779,2.121371787044,5.905512,6.3305402,37.282481508,0,0,0,308.2, 2.7, 1.6,,,0,0,1024,1024,1024,1684,0,0,0,100,303.9,0,0,85,3.93,3.917,3.918,0,0,0,6.793,89.42,2.121371787044,5.905512,38,Tripod,
197100,2026-05-22 08:56:05,51.9887389216296,4.39003156384111,5.905512,,,2.121371787044,5.249344,0,23.5671923552,162.627629876,26,5,11.779,2.121371787044,5.905512,6.3305402,37.282481508,0,0,0,310.7, 3.4, 2,,,0,0,1024,1024,1024,1684,0,0,0,100,306.3,0,0,85,3.93,3.917,3.918,0,0,0,6.793,89.42,2.121371787044,5.905512,38,Tripod,
197200,2026-05-22 08:56:05,51.9887389003277,4.39003156830848,5.905512,,,2.121371787044,5.249344,0,23.5750335628,162.635503892,26,5,11.779,2.121371787044,5.905512,6.3305402,37.282481508,0,0,0,313.1, 3.2, 1.8,,,0,0,1024,1024,1024,1684,0,0,0,100,308.7,0,0,85,3.93,3.917,3.918,0,0,0,6.793,89.42,2.121371787044,5.905512,38,Tripod,
197300,2026-05-22 08:56:06,51.9887388830181,4.39003155325434,5.905512,,,2.121371787044,5.249344,0,23.5809062664,162.642393656,26,5,11.779,2.121371787044,5.905512,6.3305402,37.282481508,0,0,0,315.6, 2.9, 2.2,,,0,0,1024,1024,1024,1684,0,0,0,100,311.1,0,0,85,3.93,3.917,3.918,0,0,0,6.793,89.42,2.121371787044,5.905512,38,Tripod,
197400,2026-05-22 08:56:06,51.9887387200821,4.3900313605719,5.905512,,,2.121371787044,5.249344,0,23.6348104676,162.716212556,26,5,11.768,2.121371787044,5.905512,6.3305402,37.282481508,0,0,0,318.1, 2.7, 2.7,,,0,0,1024,1024,1024,1209,0,0,0,28,313.5,0,0,85,3.93,3.916,3.918,0,0,0,6.914,89.42,2.121371787044,5.905512,38,Tripod,
197500,2026-05-22 08:56:06,51.9887386989816,4.39003133036884,5.905512,,,2.121371787044,5.249344,0,23.6416674232,162.72638316,26,5,11.768,2.121371787044,5.905512,6.3305402,37.282481508,0,0,0,320.4, 2.7, 2.8,,,0,0,1024,1024,1024,1024,0,0,0,0,315.8,0,0,85,3.93,3.916,3.918,0,0,0,6.914,89.42,2.121371787044,5.905512,38,Tripod,
197600,2026-05-22 08:56:06,51.9887387274541,4.39003132749001,5.905512,,,2.121371787044,5.249344,0,23.6312671604,162.736881848,26,5,11.768,2.121371787044,5.905512,6.3305402,37.282481508,0,0,0,322.2, 2.8, 2.9,,,0,0,1024,1024,1024,1024,0,0,0,0,317.1,0,0,85,3.93,3.916,3.918,0,0,0,6.914,89.42,2.121371787044,5.905512,38,Tripod,
197700,2026-05-22 08:56:06,51.9887387282637,4.39003131613203,5.905512,,,2.121371787044,5.249344,0,23.6306766092,162.739178436,26,5,11.768,2.121371787044,5.905512,6.3305402,37.282481508,0,0,0,323.3, 2.6, 2.8,,,0,0,1024,1024,1024,1684,0,0,0,100,317.5,0,0,85,3.93,3.916,3.918,0,0,0,6.914,89.42,2.121371787044,5.905512,38,Tripod,
197800,2026-05-22 08:56:06,51.9887386180148,4.39003134320933,5.905512,,,2.121371787044,5.249344,0,23.6713590252,162.779860852,26,5,11.768,2.121371787044,5.905512,6.3305402,37.282481508,0,0,0,323.8, 2.5, 2.8,,,0,0,1024,1024,1024,1624,0,0,0,91,317.6,0,0,85,3.93,3.916,3.918,0,0,0,6.914,89.42,2.121371787044,5.905512,38,Tripod,
197900,2026-05-22 08:56:06,51.988738620632,4.39003135004778,5.905512,,,2.121371787044,5.249344,0,23.6705716236,162.781829356,26,5,11.768,2.121371787044,5.905512,6.3305402,37.282481508,0,0,0,324.7, 2.3, 2.7,,,0,0,1024,1024,1024,1624,0,0,0,91,319,0,0,85,3.93,3.916,3.918,0,0,0,6.914,89.42,2.121371787044,5.905512,38,Tripod,
198000,2026-05-22 08:56:06,51.9887386619507,4.39003121505434,5.905512,,,2.121371787044,5.249344,0,23.6521004944,162.815622008,26,5,11.768,2.121371787044,5.905512,6.3305402,37.282481508,0,0,0,325.8, 2.4, 2.7,,,0,0,1024,1024,1024,1024,0,0,0,0,320.9,0,0,85,3.93,3.916,3.918,0,0,0,6.914,89.42,2.121371787044,5.905512,38,Tripod,
198100,2026-05-22 08:56:06,51.9887386825159,4.39003120894625,5.905512,,,2.121371787044,5.249344,0,23.6444889456,162.82316794,26,5,11.768,2.121371787044,5.905512,6.3305402,37.282481508,0,0,0,327.1, 2.6, 2.6,,,0,0,1024,1024,1024,1024,0,0,0,0,322,0,0,85,3.93,3.916,3.918,0,0,0,6.914,89.42,2.121371787044,5.905512,38,Tripod,
198200,2026-05-22 08:56:06,51.9887385476711,4.39003121866702,5.905512,,,2.121371787044,5.249344,0,23.6936031204,162.872708624,26,5,11.768,2.121371787044,5.905512,6.3305402,37.282481508,0,0,0,327.9, 2.6, 3,,,0,0,1024,1024,1024,1024,0,0,0,0,322.3,0,0,85,3.93,3.916,3.918,0,0,0,6.914,89.42,2.121371787044,5.905512,38,Tripod,
198300,2026-05-22 08:56:07,51.9887385572276,4.39003121296932,5.905512,,,2.121371787044,5.249344,0,23.6899941964,162.876317548,26,5,11.768,2.121371787044,5.905512,6.3305402,37.282481508,0,0,0,328.2, 2.5, 3.1,,,0,0,1024,1024,1024,1024,0,0,0,0,322.3,0,0,85,3.93,3.916,3.918,0,0,0,6.914,89.42,2.121371787044,5.905512,38,Tripod,
198400,2026-05-22 08:56:07,51.9887385653834,4.39003118078211,5.905512,,,2.121371787044,5.249344,0,23.686188422,162.884191564,26,5,11.763,2.121371787044,5.905512,6.3305402,37.282481508,0,0,0,328.5, 3.1, 2.5,,,0,0,1024,1024,1024,1684,0,0,0,100,322.3,0,0,85,3.93,3.918,3.919,0,0,0,7.074,89.42,2.121371787044,5.905512,38,Tripod,
198500,2026-05-22 08:56:07,51.9887385829158,4.39003116338384,5.905512,,,2.121371787044,5.249344,0,23.6793970832,162.891737496,26,5,11.763,2.121371787044,5.905512,6.3305402,37.282481508,0,0,0,329.3, 3.3, 2.7,,,0,0,1024,1024,1024,1684,0,0,0,100,323.1,0,0,85,3.93,3.918,3.919,0,0,0,7.074,89.42,2.121371787044,5.905512,38,Tripod,
198600,2026-05-22 08:56:07,51.9887387156445,4.39003113545012,5.905512,,,2.121371787044,5.249344,0,23.630578184,162.940293928,26,5,11.763,2.121371787044,5.905512,6.3305402,37.282481508,0,0,0,330.4, 3.3, 3.4,,,0,0,1024,1024,1024,1024,0,0,0,0,325,0,0,85,3.93,3.918,3.919,0,0,0,7.074,89.42,2.121371787044,5.905512,38,Tripod,
198700,2026-05-22 08:56:07,51.9887387348303,4.39003112405041,5.905512,,,2.121371787044,5.249344,0,23.6233275276,162.94783986,26,5,11.763,2.121371787044,5.905512,6.3305402,37.282481508,0,0,0,332.3, 2.9, 3.4,,,0,0,1024,1024,1024,1024,0,0,0,0,327.2,0,0,85,3.93,3.918,3.919,0,0,0,7.074,89.42,2.121371787044,5.905512,38,Tripod,
198800,2026-05-22 08:56:07,51.988738679466,4.39003099714313,5.905512,,,2.121371787044,5.249344,0,23.6401254284,162.982944848,26,5,11.763,2.121371787044,5.905512,6.3305402,37.282481508,0,0,0,333.8, 3, 3.2,,,0,0,1044,1024,1024,897,3,0,0,-19,328.3,0,0,85,3.93,3.918,3.919,0,0,0,7.074,89.42,2.121371787044,5.905512,38,Tripod,
198900,2026-05-22 08:56:07,51.9887386913998,4.39003099776482,5.905512,,,2.121371787044,5.249344,0,23.635827528,162.98720994,26,5,11.763,2.121371787044,5.905512,6.3305402,37.282481508,0,0,0,334.7, 2.6, 3.4,,,0,0,1044,1024,1024,897,3,0,0,-19,328.7,0,0,85,3.93,3.918,3.919,0,0,0,7.074,89.42,2.121371787044,5.905512,38,Tripod,
199000,2026-05-22 08:56:07,51.9887387919294,4.39003091763895,5.905512,,,2.121371787044,5.249344,0,23.5973432748,163.027892356,26,5,11.763,2.121371787044,5.905512,6.3305402,37.282481508,0,0,0,334.9, 2.6, 3.1,,,0,0,1550,1024,1024,562,80,0,0,-70,328.6,0,0,85,3.93,3.918,3.919,0,0,0,7.074,89.42,2.121371787044,5.905512,38,Tripod,
199100,2026-05-22 08:56:07,51.9887388165553,4.39003093870642,5.905512,,,2.121371787044,5.249344,0,23.5889443244,163.03806296,26,5,11.763,2.121371787044,5.905512,6.3305402,37.282481508,0,0,0,334.4, 0.6, 2.9,,,0,0,1684,1024,1024,1024,100,0,0,0,327.8,0,0,85,3.93,3.918,3.919,0,0,0,7.074,89.42,2.121371787044,5.905512,38,Tripod,
199200,2026-05-22 08:56:07,51.9887387993442,4.3900309646351,5.905512,,,2.121371787044,5.249344,0.223694,23.5958340884,163.046593144,26,5,11.763,2.121371787044,5.905512,6.3305402,37.282481508,0.223694,0,0,333.8, -5.9, 2.6,,,0,0,1684,1024,1024,1024,100,0,0,0,327.1,0,0,85,3.93,3.918,3.919,0,0,0,7.074,89.42,2.121371787044,5.905512,38,Tripod,
199300,2026-05-22 08:56:08,51.9887389522227,4.39003091061346,5.905512,,,2.121371787044,5.249344,0.447388,23.539042748,163.10367976,26,5,11.763,2.121371787044,5.905512,6.3305402,37.282481508,0.447388,0,0,332.8, -9.6, 2.4,,,0,0,1684,1024,1024,1024,100,0,0,0,326.8,0,0,85,3.93,3.918,3.919,0,0,0,7.074,89.42,2.121371787044,5.905512,38,Tripod,
199400,2026-05-22 08:56:08,51.9887393612119,4.39003070628684,5.905512,,,2.121371787044,5.249344,0.9171454,23.3856306696,163.259847744,26,5,11.765,2.121371787044,5.905512,6.3305402,37.282481508,0.894776,-0.223694,0,332.4, -11.7, 2.2,,,0,0,1684,1024,1024,1024,100,0,0,0,326.7,0,0,85,3.928,3.915,3.917,0,0,0,7.018,89.42,2.121371787044,5.905512,38,Tripod,
199500,2026-05-22 08:56:08,51.9887398581843,4.39003038089493,5.905512,,,2.121371787044,5.249344,1.4092722,23.1973104536,163.455385808,26,5,11.765,2.121371787044,5.905512,6.3305402,37.282481508,1.342164,-0.447388,0,332.4, -12, 2,,,0,0,1684,1024,1024,1024,100,0,0,0,326.7,0,0,85,3.928,3.915,3.917,0,0,0,7.018,89.42,2.121371787044,5.905512,38,Tripod,
199600,2026-05-22 08:56:08,51.9887403399202,4.39003006911904,5.905512,,,2.121371787044,5.249344,1.901399,23.0149941748,163.644690276,26,5,11.765,2.121371787044,5.905512,6.3305402,37.282481508,1.789552,-0.671082,0,332.4, -12.8, 1.6,,,0,0,1684,1024,1024,1024,100,0,0,0,326.7,0,0,85,3.928,3.915,3.917,0,0,0,7.018,89.42,2.121371787044,5.905512,38,Tripod,
199700,2026-05-22 08:56:08,51.9887411781252,4.39002943026287,5.905512,,,2.121371787044,5.249344,2.4158952,22.6958012512,163.982616796,26,5,11.765,2.121371787044,5.905512,6.3305402,37.282481508,2.23694,-0.894776,0,332.3, -12.2, 1.6,,,0,0,1684,1024,1024,1024,100,0,0,0,326.7,0,0,85,3.928,3.915,3.917,0,0,0,7.018,89.42,2.121371787044,5.905512,38,Tripod,
199800,2026-05-22 08:56:08,51.9887418109617,4.39002878534646,5.905512,,,2.121371787044,5.249344,2.908022,22.4515755216,164.254926516,26,5,11.765,2.121371787044,5.905512,6.3305402,37.282481508,2.684328,-1.11847,0,332.1, -11.9, 2.1,,,0,0,1684,1024,1024,1024,100,0,0,0,326.7,0,0,85,3.928,3.915,3.917,0,0,0,7.018,89.42,2.121371787044,5.905512,38,Tripod,
199900,2026-05-22 08:56:08,51.9887429454052,4.39002785016522,5.905512,,,2.121371787044,5.249344,3.1988242,22.019849786,164.719165376,26,5,11.765,2.121371787044,5.905512,6.3305402,37.282481508,2.908022,-1.342164,0,332.2, -12.3, 2.3,,,0,0,1684,1024,1024,1024,100,0,0,0,326.7,0,0,85,3.928,3.915,3.917,0,0,0,7.018,89.42,2.121371787044,5.905512,38,Tripod,
200000,2026-05-22 08:56:08,51.9887438029074,4.39002701657208,5.905512,,,2.121371787044,5.249344,3.7133204,21.6920282532,165.083994784,26,5,11.765,2.121371787044,5.905512,6.3305402,37.282481508,3.35541,-1.565858,0,332, -12.9, 2.6,,,0,0,1684,1024,1024,1684,100,0,0,100,326.7,0,0,85,3.928,3.915,3.917,0,0,0,7.018,89.42,2.121371787044,5.905512,38,Tripod,
200100,2026-05-22 08:56:08,51.9887452280938,4.39002584093062,5.905512,,,2.121371787044,5.249344,4.2054472,21.1531830916,165.667000052,26,5,11.765,2.121371787044,5.905512,6.3305402,37.282481508,3.802798,-1.789552,0,332.1, -12.4, 8.3,,,0,0,1684,1024,1024,1684,100,0,0,100,327.2,0,0,85,3.928,3.915,3.917,0,0,0,7.018,89.42,2.121371787044,5.905512,38,Tripod,
200200,2026-05-22 08:56:08,51.9887466789341,4.39002473423323,5.905512,,,2.121371787044,5.249344,4.6080964,20.6083996096,166.251973824,26,5,11.765,2.121371787044,5.905512,6.3305402,37.282481508,4.250186,-1.789552,0,332.9, -11.7, 7.3,,,0,0,1684,1024,1024,1024,100,0,0,0,328.9,0,0,85,3.928,3.915,3.917,0,0,0,7.018,89.42,2.121371787044,5.905512,38,Tripod,
200300,2026-05-22 08:56:09,51.9887484659139,4.3900235115739,5.905512,,,2.121371787044,5.249344,5.033115,19.9420610056,166.959322928,26,5,11.765,2.121371787044,5.905512,6.3305402,37.282481508,4.697574,-1.789552,0,334, -11.9, 0.6,,,0,0,1684,1024,1024,1024,100,0,0,0,330.2,0,0,85,3.928,3.915,3.917,0,0,0,7.018,89.42,2.121371787044,5.905512,38,Tripod,
200400,2026-05-22 08:56:09,51.988750060967,4.39002204083651,5.905512,,,2.121371787044,5.249344,5.6147194,19.346621354,167.628614288,26,5,11.756,2.121371787044,5.905512,6.3305402,37.282481508,5.144962,-2.23694,0,335.2, -11.8, 1.6,,,0,0,1684,1024,1024,1024,100,0,0,0,330.7,0,0,85,3.929,3.915,3.916,0,0,0,7.19,89.6,2.121371787044,5.905512,38,Tripod,
200500,2026-05-22 08:56:09,51.9887521101015,4.39002053080381,5.905512,,,2.121371787044,5.249344,6.0173686,18.5903221172,168.44980854,26,5,11.756,2.121371787044,5.905512,6.3305402,37.282481508,5.59235,-2.23694,0,335.8, -10.8, 2.6,,,0,0,1684,1024,1024,1024,100,0,0,0,330.7,0,0,85,3.929,3.915,3.916,0,0,0,7.19,89.6,2.121371787044,5.905512,38,Tripod,
200600,2026-05-22 08:56:09,51.9887541802466,4.39001844185347,5.905512,,,2.121371787044,5.249344,6.3081708,17.832677736,169.33891618,26,5,11.756,2.121371787044,5.905512,6.3305402,37.282481508,5.816044,-2.460634,0,335.8, -10, 2.7,,,0,0,1684,1024,1024,1024,100,0,0,0,330.7,0,0,85,3.929,3.915,3.916,0,0,0,7.19,89.6,2.121371787044,5.905512,38,Tripod,
200700,2026-05-22 08:56:09,51.9887564699427,4.39001672520178,5.905512,,,2.121371787044,5.577428,6.5318648,17.0048233788,170.2591918,26,5,11.756,2.121371787044,5.905512,6.5318648,37.282481508,6.039738,-2.460634,0,335.7, -9.2, 2.8,,,0,0,1684,1024,1024,1684,100,0,0,100,330.7,0,0,85,3.929,3.915,3.916,0,0,0,7.19,89.6,2.121371787044,5.905512,38,Tripod,
200800,2026-05-22 08:56:09,51.988758506111,4.39001470352883,5.905512,,,2.121371787044,5.577428,7.0239916,16.283301046,171.129926736,26,5,11.756,2.121371787044,5.905512,7.0239916,37.282481508,6.487126,-2.684328,0,335.7, -9.2, 10.3,,,0,0,1684,1024,1024,1024,100,0,0,0,331.1,0,0,85,3.929,3.915,3.916,0,0,0,7.19,89.6,2.121371787044,5.905512,38,Tripod,
200900,2026-05-22 08:56:09,51.9887609958382,4.39001296213124,5.905512,,,2.121371787044,5.577428,7.158208,15.4065293644,172.118771912,26,5,11.756,2.121371787044,5.905512,7.158208,37.282481508,6.71082,-2.460634,0,336.7, -9.4, 12.5,,,0,0,1684,1024,1024,1024,100,0,0,0,332.8,0,0,85,3.929,3.915,3.916,0,0,0,7.19,89.6,2.121371787044,5.905512,38,Tripod,
201000,2026-05-22 08:56:09,51.9887638957025,4.39001091115985,5.905512,,,2.121371787044,5.577428,7.493749,14.404363978,173.272971424,26,5,11.756,2.121371787044,5.905512,7.493749,37.282481508,7.158208,-2.23694,0,338.2, -9.6, 1.2,,,0,0,1684,1024,1024,1024,100,0,0,0,334.3,0,0,85,3.929,3.915,3.916,0,0,0,7.19,89.6,2.121371787044,5.905512,38,Tripod,
201100,2026-05-22 08:56:09,51.9887666748361,4.39000925658551,5.905512,,,2.121371787044,5.577428,7.7845512,13.4550857324,174.352695868,26,5,11.756,2.121371787044,5.905512,7.7845512,37.282481508,7.381902,-2.460634,0,339.1, -8.6, 0.3,,,0,0,1684,1024,1024,1024,100,0,0,0,335,0,0,85,3.929,3.915,3.916,0,0,0,7.19,89.6,2.121371787044,5.905512,38,Tripod,
201200,2026-05-22 08:56:09,51.9887698178555,4.39000688941123,5.905512,,,2.121371787044,5.577428,7.9858758,12.4313652272,175.61680352,26,5,11.756,2.121371787044,5.905512,7.9858758,37.282481508,7.605596,-2.460634,0,339.9, -8.6, 1.5,,,0,0,1684,1024,1024,1024,100,0,0,0,335.1,0,0,85,3.929,3.915,3.916,0,0,0,7.19,89.6,2.121371787044,5.905512,38,Tripod,
201300,2026-05-22 08:56:10,51.9887727699634,4.39000497876994,5.905512,,,2.121371787044,5.577428,8.276678,11.4938323888,176.776252376,26,5,11.756,2.121371787044,5.905512,8.276678,37.282481508,7.82929,-2.684328,0,340.2, -5.4, 2.2,,,0,0,1684,1024,1024,1024,100,0,0,0,335.1,0,0,85,3.929,3.915,3.916,0,0,0,7.19,89.6,2.121371787044,5.905512,38,Tripod,
201400,2026-05-22 08:56:10,51.9887757240267,4.39000220070909,5.905512,,,2.121371787044,5.577428,8.276678,10.667323176,178.021987324,26,5,11.752,2.121371787044,5.905512,8.276678,37.282481508,7.82929,-2.684328,0,340.5, 1.4, 2.5,,,0,0,1684,1024,1024,1024,100,0,0,0,335.1,0,0,85,3.914,3.908,3.912,0,0,0,7.387,89.6,2.121371787044,5.905512,38,Tripod,
201500,2026-05-22 08:56:10,51.9887786670791,4.39000018355988,5.905512,,,2.121371787044,5.577428,8.0753534,9.8574150136,179.187341692,26,5,11.752,2.121371787044,5.905512,8.276678,37.282481508,7.605596,-2.684328,0,340.9, 5.7, 2.8,,,0,0,1024,1024,1024,1024,0,0,0,0,335.1,0,0,85,3.914,3.908,3.912,0,0,0,7.387,89.6,2.121371787044,5.905512,38,Tripod,
201600,2026-05-22 08:56:10,51.9887817718274,4.38999805778433,5.905512,,,2.121371787044,5.577428,7.7845512,9.0869753564,180.41667244,26,5,11.752,2.121371787044,5.905512,8.276678,37.282481508,7.381902,-2.460634,0,341.4, 11.5, 2.5,,,0,0,1024,1024,1024,1024,0,0,0,0,335.1,0,0,85,3.914,3.908,3.912,0,0,0,7.387,89.6,2.121371787044,5.905512,38,Tripod,
201700,2026-05-22 08:56:10,51.9887844378397,4.3899961725573,5.905512,,,2.121371787044,5.577428,7.0687304,8.5199805876,181.477696096,26,5,11.752,2.121371787044,5.905512,8.276678,37.282481508,6.71082,-2.23694,0,341.7, 24.5, 2.3,,,0,0,1024,1024,1024,1024,0,0,0,0,335.1,0,0,85,3.914,3.908,3.912,0,0,0,7.387,89.6,2.121371787044,5.905512,38,Tripod,
201800,2026-05-22 08:56:10,51.9887870797817,4.38999421823162,5.905512,,,2.121371787044,5.577428,5.9502604,8.070538316,182.536751248,26,5,11.752,2.121371787044,5.905512,8.276678,37.282481508,5.59235,-2.013246,0,342, 27, 2.3,,,0,0,1024,1024,1024,1024,0,0,0,0,335.1,0,0,85,3.914,3.908,3.912,0,0,0,7.387,89.6,2.121371787044,5.905512,38,Tripod,
201900,2026-05-22 08:56:10,51.9887889688529,4.38999271355585,5.905512,,,2.121371787044,5.577428,4.7423128,7.8397968388,183.304467808,26,5,11.752,2.121371787044,5.905512,8.276678,37.282481508,4.47388,-1.565858,0,342, 24.7, 2.3,,,0,0,1127,1024,1024,1024,16,0,0,0,335.1,0,0,85,3.914,3.908,3.912,0,0,0,7.387,89.6,2.121371787044,5.905512,38,Tripod,
202000,2026-05-22 08:56:10,51.9887910946508,4.38999110565149,5.905512,,,2.121371787044,5.577428,3.8251674,7.6484910584,184.16011088,26,5,11.752,2.121371787044,5.905512,8.276678,37.282481508,3.579104,-1.342164,0,342, 21, 2.7,,,0,0,1127,1024,1024,1024,16,0,0,0,335.1,0,0,85,3.914,3.908,3.912,0,0,0,7.387,89.6,2.121371787044,5.905512,38,Tripod,
202100,2026-05-22 08:56:10,51.9887922873506,4.38998996377869,5.905512,,,2.121371787044,5.577428,3.0422384,7.6275592992,184.66536024,26,5,11.752,2.121371787044,5.905512,8.276678,37.282481508,2.908022,-0.894776,0,342.1, 16.2, 3.6,,,0,0,1684,1024,1024,1024,100,0,0,0,335.1,0,0,85,3.914,3.908,3.912,0,0,0,7.387,89.6,2.121371787044,5.905512,38,Tripod,
202200,2026-05-22 08:56:11,51.9887943991348,4.38998857897495,5.905512,,,2.121371787044,5.577428,2.5501116,7.5421918424,185.496068928,26,5,11.752,2.121371787044,5.905512,8.276678,37.282481508,2.460634,-0.671082,0,342, 9.4, 2.9,,,0,0,1684,1024,814,1024,100,0,-32,0,335.1,0,0,85,3.914,3.908,3.912,0,0,0,7.387,89.6,2.121371787044,5.905512,38,Tripod,
202300,2026-05-22 08:56:11,51.9887953063456,4.38998765498847,5.905512,,,2.121371787044,5.905512,2.3264176,7.6020015556,185.886816972,26,5,11.752,2.121371787044,5.905512,8.276678,37.282481508,2.23694,-0.671082,0,342, 5.2, 2.6,,,0,0,1306,1024,364,1024,43,0,-100,0,335.1,0,0,85,3.914,3.908,3.912,0,0,0,7.387,89.6,2.121371787044,5.905512,38,Tripod,
202400,2026-05-22 08:56:11,51.9887971213066,4.38998680621571,5.905512,,,2.121371787044,5.905512,2.125093,7.5638781948,186.576121456,26,5,11.766,2.121371787044,5.905512,8.276678,37.282481508,2.013246,-0.671082,0.223694,341.8, 3.9, 2.5,,,0,0,1258,1024,364,1024,35,0,-100,0,335.1,0,0,85,3.922,3.911,3.911,0,0,0,7.395,89.6,2.121371787044,5.905512,38,Tripod,
202500,2026-05-22 08:56:11,51.9887980131376,4.38998594860077,5.905512,,,2.121371787044,5.577428,2.0579848,7.6641406652,186.954074224,26,5,11.766,2.121371787044,5.905512,8.276678,37.282481508,2.013246,-0.447388,0.894776,341.7, 4.5, 2,,,0,0,1292,1024,364,1024,41,0,-100,0,335.1,0,0,85,3.922,3.911,3.911,0,0,0,7.395,89.6,2.121371787044,5.905512,38,Tripod,
202600,2026-05-22 08:56:11,51.98879937392,4.38998552677609,5.577428,,,1.793287787044,5.577428,1.8342908,7.6536419772,187.459651668,26,5,11.766,2.121371787044,5.905512,8.276678,37.282481508,1.789552,-0.447388,1.11847,341.5, 4.3, 1.7,,,0,0,1296,1024,364,1024,41,0,-100,0,335.1,0,0,85,3.922,3.911,3.911,0,0,0,7.395,89.6,1.793287787044,5.577428,38,Tripod,"Max Height Above Ground Level (AGL): 2m."
202700,2026-05-22 08:56:11,51.9888002385887,4.38998471567562,5.249344,,,1.465203787044,5.249344,1.8342908,7.7852364696,187.823824908,26,5,11.766,2.121371787044,5.905512,8.276678,37.282481508,1.789552,-0.447388,1.342164,341.2, 3.5, 1.8,,,0,0,1310,1024,364,1024,43,0,-100,0,335.1,0,0,85,3.922,3.911,3.911,0,0,0,7.395,89.6,1.465203787044,5.249344,38,Tripod,
202800,2026-05-22 08:56:11,51.988800961802,4.38998468083304,5.249344,,,1.465203787044,4.92126,1.6329662,7.7625986736,188.087932528,26,5,11.766,2.121371787044,5.905512,8.276678,37.282481508,1.565858,-0.447388,1.342164,341, 2.5, 1.7,,,0,0,1310,1024,364,1024,43,0,-100,0,335.1,0,0,85,3.922,3.911,3.911,0,0,0,7.395,89.6,1.465203787044,5.249344,38,Tripod,
202900,2026-05-22 08:56:11,51.9888017634367,4.38998392931441,4.92126,,,1.137119787044,4.92126,1.6329662,7.9078414604,188.425530964,26,5,11.766,2.121371787044,5.905512,8.276678,37.282481508,1.565858,-0.447388,1.342164,340.8, 1.6, 1.9,,,0,0,1315,1024,364,1024,44,0,-100,0,335.1,0,0,85,3.922,3.911,3.911,0,0,0,7.395,89.6,1.137119787044,4.92126,38,Tripod,
203000,2026-05-22 08:56:11,51.9888024808741,4.38998389131822,4.593176,,,0.809035787044,4.593176,1.6329662,7.9050855548,188.68767008,26,5,11.766,2.121371787044,5.905512,8.276678,37.282481508,1.565858,-0.447388,1.342164,340.9, 1.4, 1.6,,,0,0,1315,1024,364,1024,44,0,-100,0,335.1,0,0,85,3.922,3.911,3.911,0,0,0,7.395,89.6,0.809035787044,4.593176,38,Tripod,
203100,2026-05-22 08:56:11,51.9888032749797,4.38998317222589,4.593176,,,0.809035787044,4.593176,1.6329662,8.0642719116,189.019363004,26,5,11.766,2.121371787044,5.905512,8.276678,37.282481508,1.565858,-0.447388,1.342164,340.8, 1.1, 1.8,,,0,0,1315,1024,364,1024,44,0,-100,0,335.1,0,0,85,3.922,3.911,3.911,0,0,0,7.395,89.6,0.809035787044,4.593176,38,Tripod,
203200,2026-05-22 08:56:12,51.9888036745611,4.38998301478513,4.265092,,,0.480951787044,4.265092,1.6329662,8.1023952724,189.169297392,26,5,11.766,2.121371787044,5.905512,8.276678,37.282481508,1.565858,-0.447388,1.11847,340.9, 1, 2.8,,,0,0,1317,1024,364,1024,44,0,-100,0,335.1,0,0,85,3.922,3.911,3.911,0,0,0,7.395,89.6,0.480951787044,4.265092,38,Tripod,
203300,2026-05-22 08:56:12,51.9888044349086,4.38998232503944,4.265092,,,0.480951787044,4.265092,1.6329662,8.2695540704,189.486882704,26,5,11.766,2.121371787044,5.905512,8.276678,37.282481508,1.565858,-0.447388,1.11847,340.9, 0.7, 2.8,,,0,0,1319,1024,364,1024,45,0,-100,0,335.1,0,0,85,3.922,3.911,3.911,0,0,0,7.395,89.6,0.480951787044,4.265092,38,Tripod,
203400,2026-05-22 08:56:12,51.9888050094827,4.38998256409637,3.937008,,,0.152867787044,3.937008,1.6329662,8.2314307096,189.703418144,26,5,11.783,2.121371787044,5.905512,8.276678,37.282481508,1.565858,-0.447388,0.894776,340.9, 0.6, 2.9,,,0,0,1339,1024,364,1024,48,0,-100,0,335.1,0,0,85,3.926,3.912,3.913,0,0,0,6.864,89.6,0.152867787044,3.937008,38,Tripod,
203500,2026-05-22 08:56:12,51.988805781817,4.38998195885874,3.937008,,,0.152867787044,3.937008,1.6329662,8.3956039432,190.01641028,26,5,11.783,2.121371787044,5.905512,8.276678,37.282481508,1.565858,-0.447388,0.894776,341, 0.6, 2.7,,,0,0,1659,1024,364,1024,96,0,-100,0,335.1,0,0,85,3.926,3.912,3.913,0,0,0,6.864,89.6,0.152867787044,3.937008,38,Tripod,
203600,2026-05-22 08:56:12,51.9888059203263,4.38998187636875,3.608924,,,-0.175216212956,3.608924,1.6329662,8.4201446264,190.070216056,26,5,11.783,2.121371787044,5.905512,8.276678,37.282481508,1.565858,-0.447388,0.894776,340.9, 0.1, 2.7,,,0,0,1496,1024,364,1024,72,0,-100,0,335.1,0,0,85,3.926,3.912,3.913,0,0,0,6.864,89.6,-0.175216212956,3.608924,38,Tripod,
203700,2026-05-22 08:56:12,51.9888066752145,4.38998133338315,3.608924,,,-0.175216212956,3.608924,1.6329662,8.5792653664,190.371397168,26,5,11.783,2.121371787044,5.905512,8.276678,37.282481508,1.565858,-0.447388,0.894776,340.8, -0.5, 2.4,,,0,0,1496,1024,364,1024,72,0,-100,0,335.1,0,0,85,3.926,3.912,3.913,0,0,0,6.864,89.6,-0.175216212956,3.608924,38,Tripod,
203800,2026-05-22 08:56:12,51.9888074040721,4.38998106383361,3.28084,,,-0.503300212956,3.28084,1.6329662,8.6837601204,190.644034972,26,5,11.783,2.121371787044,5.905512,8.276678,37.282481508,1.565858,-0.447388,0.671082,340.6, -0.6, 2.2,,,0,0,1354,1024,364,1024,50,0,-100,0,335.1,0,0,85,3.926,3.912,3.913,0,0,0,6.864,89.6,-0.503300212956,3.28084,38,Tripod,
203900,2026-05-22 08:56:12,51.9888082010266,4.38998053613863,3.28084,,,-0.503300212956,3.28084,1.8342908,8.8573821732,190.95801136,26,5,11.783,2.121371787044,5.905512,8.276678,37.282481508,1.789552,-0.447388,0.671082,340.6, -0.7, 2.7,,,0,0,1394,1024,364,1024,56,0,-100,0,335.1,0,0,85,3.926,3.912,3.913,0,0,0,6.864,89.6,-0.503300212956,3.28084,38,Tripod,
204000,2026-05-22 08:56:12,51.9888087325465,4.38997999417031,3.28084,,,-0.503300212956,3.28084,1.8342908,9.0189635432,191.187013992,26,5,11.783,2.121371787044,5.905512,8.276678,37.282481508,1.789552,-0.447388,0.671082,340.6, -0.8, 3.4,,,0,0,1429,1024,364,1024,61,0,-100,0,335.1,0,0,85,3.926,3.912,3.913,0,0,0,6.864,89.6,-0.503300212956,3.28084,38,Tripod,
204100,2026-05-22 08:56:12,51.9888095606426,4.38997948427358,2.952756,,,-0.831384212956,2.952756,1.8342908,9.203740452,191.510176732,26,5,11.783,2.121371787044,5.905512,8.276678,37.282481508,1.789552,-0.447388,0.671082,340.7, -0.8, 3,,,0,0,1444,1024,364,1024,64,0,-100,0,335.1,0,0,85,3.926,3.912,3.913,0,0,0,6.864,89.6,-0.831384212956,2.952756,38,Tripod,
204200,2026-05-22 08:56:12,51.9888099660869,4.38997936646279,2.952756,,,-0.831384212956,2.952756,1.8342908,9.2684714252,191.660439204,26,5,11.783,2.121371787044,5.905512,8.276678,37.282481508,1.789552,-0.447388,0.447388,340.8, -1.6, 2.5,,,0,0,1447,1024,364,1024,64,0,-100,0,335.1,0,0,85,3.926,3.912,3.913,0,0,0,6.864,89.6,-0.831384212956,2.952756,38,Tripod,
204300,2026-05-22 08:56:13,51.988810810746,4.38997892135781,2.952756,,,-0.831384212956,2.952756,2.0579848,9.4523625072,191.984586196,25,5,11.783,2.121371787044,5.905512,8.276678,37.282481508,2.013246,-0.447388,0.447388,340.8, -1.2, 2.2,,,0,0,1420,1024,364,1024,60,0,-100,0,335.1,0,0,85,3.926,3.912,3.913,0,0,0,6.864,89.6,-0.831384212956,2.952756,38,Tripod,
204400,2026-05-22 08:56:13,51.9888115022639,4.38997829836716,2.624672,,,-1.159468212956,2.624672,2.0579848,9.6635173696,192.272972032,25,5,11.752,2.121371787044,5.905512,8.276678,37.282481508,2.013246,-0.447388,0.447388,340.7, -1.6, 1.7,,,0,0,1415,1024,364,1024,59,0,-100,0,335.1,0,0,85,3.928,3.915,3.916,0,0,0,7.286,89.78,-1.159468212956,2.624672,38,Tripod,
204500,2026-05-22 08:56:13,51.9888123708542,4.38997781553463,2.624672,,,-1.159468212956,2.624672,2.125093,9.8709648828,192.607945796,25,5,11.752,2.121371787044,5.905512,8.276678,37.282481508,2.013246,-0.671082,0.447388,340.5, -1.2, 1.9,,,0,0,1401,1024,364,1024,57,0,-100,0,335.1,0,0,85,3.928,3.915,3.916,0,0,0,7.286,89.78,-1.159468212956,2.624672,38,Tripod,
204600,2026-05-22 08:56:13,51.9888131058091,4.38997754305582,2.624672,,,-1.159468212956,2.624672,2.125093,10.0234255176,192.882880188,25,5,11.752,2.121371787044,5.905512,8.276678,37.282481508,2.013246,-0.671082,0.447388,340.6, -1.2, 1.8,,,0,0,1401,1024,364,1024,57,0,-100,0,335.1,0,0,85,3.928,3.915,3.916,0,0,0,7.286,89.78,-1.159468212956,2.624672,38,Tripod,
204700,2026-05-22 08:56:13,51.9888139814019,4.38997704551607,2.624672,,,-1.159468212956,2.624672,2.3264176,10.247539698,193.221462876,25,5,11.752,2.121371787044,5.905512,8.276678,37.282481508,2.23694,-0.671082,0.447388,340.6, -1.5, 2,,,0,0,1113,1024,364,1024,13,0,-100,0,335.1,0,0,85,3.928,3.915,3.916,0,0,0,7.286,89.78,-1.159468212956,2.624672,38,Tripod,
204800,2026-05-22 08:56:13,51.9888146120896,4.38997652687063,2.624672,,,-1.159468212956,2.296588,2.3264176,10.4457352424,193.4793369,25,5,11.752,2.121371787044,5.905512,8.276678,37.282481508,2.23694,-0.671082,0.447388,340.6, -0.4, 1.8,,,0,0,1056,1024,364,1024,5,0,-100,0,335.1,0,0,85,3.928,3.915,3.916,0,0,0,7.286,89.78,-1.159468212956,2.624672,38,Tripod,
204900,2026-05-22 08:56:13,51.9888154831301,4.38997602052309,2.296588,,,-1.487552212956,2.296588,2.3264176,10.6809058536,193.816935336,25,5,11.752,2.121371787044,5.905512,8.276678,37.282481508,2.23694,-0.671082,0.447388,340.7, 1.7, 2,,,0,0,1024,1024,364,1024,0,0,-100,0,335.1,0,0,85,3.928,3.915,3.916,0,0,0,7.286,89.78,-1.487552212956,2.296588,38,Tripod,
205000,2026-05-22 08:56:13,51.9888164162685,4.38997542627135,2.296588,,,-1.487552212956,2.296588,2.125093,10.9492129488,194.182748996,25,5,11.752,2.121371787044,5.905512,8.276678,37.282481508,2.013246,-0.671082,0.447388,340.9, 7.3, 2.2,,,0,0,1024,1024,364,1024,0,0,-100,0,335.1,0,0,85,3.928,3.915,3.916,0,0,0,7.286,89.78,-1.487552212956,2.296588,38,Tripod,
205100,2026-05-22 08:56:13,51.9888171785646,4.38997499039509,2.296588,,,-1.487552212956,2.296588,1.8342908,11.1625987824,194.477368428,25,5,11.752,2.121371787044,5.905512,8.276678,37.282481508,1.789552,-0.447388,0.223694,341.4, 9.5, 2.1,,,0,0,1024,1024,364,1024,0,0,-100,0,335.1,0,0,85,3.928,3.915,3.916,0,0,0,7.286,89.78,-1.487552212956,2.296588,38,Tripod,
205200,2026-05-22 08:56:13,51.988817832518,4.38997455239036,2.296588,,,-1.487552212956,1.968504,1.4092722,11.3612536444,194.735570536,25,5,11.752,2.121371787044,5.905512,8.276678,37.282481508,1.342164,-0.447388,0.223694,341.6, 8.8, 1.8,,,0,0,1024,1024,364,1024,0,0,-100,0,335.1,0,0,85,3.928,3.915,3.916,0,0,0,7.286,89.78,-1.487552212956,2.296588,38,Tripod,
205300,2026-05-22 08:56:14,51.9888183245566,4.38997425952237,2.296588,,,-1.487552212956,1.968504,1.1408394,11.50508567,194.926843508,25,5,11.752,2.121371787044,5.905512,8.276678,37.282481508,1.11847,-0.223694,0.223694,341.5, 8.1, 2.1,,,0,0,1024,1024,364,1024,0,0,-100,0,335.1,0,0,85,3.928,3.915,3.916,0,0,0,7.286,89.78,-1.487552212956,2.296588,38,Tripod,
205400,2026-05-22 08:56:14,51.9888187759768,4.38997382477469,2.296588,,,-1.487552212956,1.968504,0.9171454,11.6707024732,195.118444564,25,5,11.759,2.121371787044,5.905512,8.276678,37.282481508,0.894776,-0.223694,0.223694,341.5, 6.9, 2.5,,,0,0,1024,1024,364,1024,0,0,-100,0,335.1,0,0,85,3.928,3.914,3.915,0,0,0,6.945,89.6,-1.487552212956,2.296588,38,Tripod,
205500,2026-05-22 08:56:14,51.9888190603168,4.38997365131214,1.968504,,,-1.815636212956,1.968504,0.671082,11.7558402712,195.229008872,25,5,11.759,2.121371787044,5.905512,8.276678,37.282481508,0.671082,0,0.223694,341.5, 5.8, 2.1,,,0,0,1024,1024,364,1024,0,0,-100,0,335.1,0,0,85,3.928,3.914,3.915,0,0,0,6.945,89.6,-1.815636212956,1.968504,38,Tripod,
205600,2026-05-22 08:56:14,51.988819480233,4.38997339126171,1.968504,,,-1.815636212956,1.968504,0.447388,11.8831040548,195.393050872,25,5,11.759,2.121371787044,5.905512,8.276678,37.282481508,0.447388,0,0.223694,341.5, 4.9, 1.7,,,0,0,1024,1024,364,1024,0,0,-100,0,335.1,0,0,85,3.928,3.914,3.915,0,0,0,6.945,89.6,-1.815636212956,1.968504,38,Tripod,
205700,2026-05-22 08:56:14,51.9888196409082,4.38997329701205,1.968504,,,-1.815636212956,1.968504,0.223694,11.9310043188,195.455386832,25,5,11.759,2.121371787044,5.905512,8.276678,37.282481508,0.223694,0,0,341.4, 4.2, 1.6,,,0,0,1024,1024,364,1024,0,0,-100,0,335.1,0,0,85,3.928,3.914,3.915,0,0,0,6.945,89.6,-1.815636212956,1.968504,38,Tripod,
205800,2026-05-22 08:56:14,51.9888201513274,4.38997311283922,1.968504,,,-1.815636212956,1.968504,0.223694,12.0619426432,195.64633172,25,5,11.759,2.121371787044,5.905512,8.276678,37.282481508,0.223694,0,0,341.2, 3.9, 1.9,,,0,0,1024,1024,364,1024,0,0,-100,0,335.1,0,0,85,3.928,3.914,3.915,0,0,0,6.945,89.6,-1.815636212956,1.968504,38,Tripod,
205900,2026-05-22 08:56:14,51.9888202444786,4.38997306059057,1.968504,,,-1.815636212956,1.968504,0,12.089567316,195.682092876,25,5,11.759,2.121371787044,5.905512,8.276678,37.282481508,0,0,0,341.1, 3.6, 1.9,,,0,0,1024,1024,364,1024,0,0,-100,0,335.1,0,0,85,3.928,3.914,3.915,0,0,0,6.945,89.6,-1.815636212956,1.968504,38,Tripod,
206000,2026-05-22 08:56:14,51.9888203403841,4.38997291321406,1.968504,,,-1.815636212956,1.968504,0,12.1360568188,195.730321224,25,5,11.759,2.121371787044,5.905512,8.276678,37.282481508,0,0,0,341, 3.1, 1.8,,,0,0,1024,1024,364,1024,0,0,-100,0,335.2,0,0,85,3.928,3.914,3.915,0,0,0,6.945,89.6,-1.815636212956,1.968504,33,Confirm_Landing,
206100,2026-05-22 08:56:14,51.988820358742,4.38997289968674,1.968504,,,-1.815636212956,1.64042,0,12.1421263728,195.737539072,25,5,11.759,2.121371787044,5.905512,8.276678,37.282481508,0,0,0,340.9, 2.7, 2.1,,,0,0,1024,1024,364,1024,0,0,-100,0,335.5,0,0,85,3.928,3.914,3.915,0,0,0,6.945,89.6,-1.815636212956,1.968504,33,Confirm_Landing,
206200,2026-05-22 08:56:14,51.9888203304645,4.38997319208877,1.968504,,,-1.815636212956,1.64042,0,12.0806762396,195.804140124,25,5,11.759,2.121371787044,5.905512,8.276678,37.282481508,0,0,0.447388,340.8, 2, 2.1,,,0,0,1024,1024,364,1024,0,0,-100,0,335.5,0,0,85,3.928,3.914,3.915,0,0,0,6.945,89.6,-1.815636212956,1.968504,33,Confirm_Landing,
206300,2026-05-22 08:56:15,51.9888203064822,4.3899732337194,1.64042,,,-2.143720212956,1.64042,0,12.0681106224,195.8169354,25,5,11.759,2.121371787044,5.905512,8.276678,37.282481508,0,0,0.671082,340.8, 1.3, 2,,,0,0,1024,1024,364,1024,0,0,-100,0,335.5,0,0,85,3.928,3.914,3.915,0,0,0,6.945,89.6,-2.143720212956,1.64042,33,Confirm_Landing,
206400,2026-05-22 08:56:15,51.9888203897128,4.38997334419182,1.64042,,,-2.143720212956,1.64042,0,12.06282847,195.85630548,25,5,11.753,2.121371787044,5.905512,8.276678,37.282481508,0,0,0.671082,340.8, 1, 2.2,,,0,0,1024,1024,364,1229,0,0,-100,31,335.5,0,0,85,3.927,3.914,3.915,0,0,0,7.069,89.6,-2.143720212956,1.64042,33,Confirm_Landing,
206500,2026-05-22 08:56:15,51.9888203664234,4.3899734132197,1.64042,,,-2.143720212956,1.312336,0,12.0451775508,195.874022016,25,5,11.753,2.121371787044,5.905512,8.276678,37.282481508,0,0,0.671082,341, 0.7, 1.7,,,0,0,1024,1024,364,1174,0,0,-100,23,335.5,0,0,85,3.927,3.914,3.915,0,0,0,7.069,89.6,-2.143720212956,1.64042,33,Confirm_Landing,
206600,2026-05-22 08:56:15,51.9888203202408,4.38997369970056,1.312336,,,-2.471804212956,1.312336,0,11.9815620632,195.940294984,25,5,11.753,2.121371787044,5.905512,8.276678,37.282481508,0,0,0.671082,341.8, 0.4, 1.2,,,0,0,1024,1024,364,1180,0,0,-100,24,335.6,0,0,85,3.927,3.914,3.915,0,0,0,7.069,89.6,-2.471804212956,1.312336,33,Confirm_Landing,
206700,2026-05-22 08:56:15,51.9888203056255,4.38997377959167,1.312336,,,-2.471804212956,0.984252,0,11.9634846348,195.959323856,26,5,11.753,2.121371787044,5.905512,8.276678,37.282481508,0,0,0.671082,342.4, 0.2, 0.9,,,0,0,1024,1024,364,1180,0,0,-100,24,335.9,0,0,85,3.927,3.914,3.915,0,0,0,7.069,89.6,-2.471804212956,1.312336,33,Confirm_Landing,
206800,2026-05-22 08:56:15,51.9888202107234,4.38997393262153,1.312336,,,-2.471804212956,0.984252,0,11.9160436884,196.007880288,26,5,11.753,2.121371787044,5.905512,8.276678,37.282481508,0,0,0.671082,343.1, 0.6, 1.2,,,0,0,1024,1024,364,1175,0,0,-100,23,336.3,0,0,85,3.927,3.914,3.915,0,0,0,7.069,89.6,-2.471804212956,1.312336,33,Confirm_Landing,
206900,2026-05-22 08:56:15,51.988820199899,4.38997398566142,0.984252,,,-2.799888212956,0.656168,0,11.9038061552,196.020675564,26,5,11.753,2.121371787044,5.905512,8.276678,37.282481508,0,0,0.671082,343.9, 0.4, 1.7,,,0,0,1024,1024,364,1024,0,0,-100,0,336.9,0,0,85,3.927,3.914,3.915,0,0,0,7.069,89.6,-2.799888212956,0.984252,33,Confirm_Landing,
207000,2026-05-22 08:56:15,51.9888201267945,4.38997388219005,0.984252,,,-2.799888212956,0.656168,0,11.909613242,196.055780552,26,5,11.753,2.121371787044,5.905512,8.276678,37.282481508,0,0,0.671082,344.2, 0.8, 1.9,,,0,0,1024,1024,364,1024,0,0,-100,0,337.5,0,0,85,3.927,3.914,3.915,0,0,0,7.069,89.6,-2.799888212956,0.984252,33,Confirm_Landing,
207100,2026-05-22 08:56:15,51.9888201241805,4.3899739369898,0.984252,,,-2.799888212956,0.656168,0,11.898622428,196.068247744,26,5,11.753,2.121371787044,5.905512,8.276678,37.282481508,0,0,0.671082,344.2, 0.9, 1.5,,,0,0,1024,1024,364,1024,0,0,-100,0,337.9,0,0,85,3.927,3.914,3.915,0,0,0,7.069,89.6,-2.799888212956,0.984252,33,Confirm_Landing,
207200,2026-05-22 08:56:15,51.9888200317607,4.38997424833948,0.656168,,,-3.127972212956,0.656168,0,11.8213914544,196.146003652,26,5,11.753,2.121371787044,5.905512,8.276678,37.282481508,0,0,0.447388,344.1, 0.2, 0.8,,,0,0,1024,1024,364,1024,0,0,-100,0,338,0,0,85,3.927,3.914,3.915,0,0,0,7.069,89.6,-3.127972212956,0.656168,33,Confirm_Landing,
207300,2026-05-22 08:56:16,51.9888200241104,4.38997432384146,0.656168,,,-3.127972212956,0.656168,0,11.8054793804,196.16306402,26,5,11.753,2.121371787044,5.905512,8.276678,37.282481508,0,0,0.447388,344.3, 0, 0.6,,,0,0,1024,1024,364,1024,0,0,-100,0,338.1,0,0,85,3.927,3.914,3.915,0,0,0,7.069,89.6,-3.127972212956,0.656168,33,Confirm_Landing,
207400,2026-05-22 08:56:16,51.9888199233002,4.38997431460758,0.656168,,,-3.127972212956,0.328084,0,11.7879925032,196.199809428,26,5,11.763,2.121371787044,5.905512,8.276678,37.282481508,0,0,0.447388,344.2, 0.4, 1.1,,,0,0,1024,1024,364,1024,0,0,-100,0,338.2,0,0,85,3.927,3.913,3.913,0,0,0,6.594,89.78,-3.127972212956,0.656168,33,Confirm_Landing,
207500,2026-05-22 08:56:16,51.9888199228419,4.38997434889283,0.328084,,,-3.456056212956,0.328084,0,11.781332398,196.207683444,26,5,11.763,2.121371787044,5.905512,8.276678,37.282481508,0,0,0.447388,344.3, 1.1, 1.5,,,0,0,1024,1024,364,1024,0,0,-100,0,338.3,0,0,85,3.927,3.913,3.913,0,0,0,6.594,89.78,-3.456056212956,0.328084,33,Confirm_Landing,
207600,2026-05-22 08:56:16,51.9888198228628,4.38997431160962,0.328084,,,-3.456056212956,0.328084,0,11.7694885656,196.24508502,26,5,11.763,2.121371787044,5.905512,8.276678,37.282481508,0,0,0.447388,344.3, 1, 2.2,,,0,0,1024,1024,364,1024,0,0,-100,0,338.3,0,0,85,3.927,3.913,3.913,0,0,0,6.594,89.78,-3.456056212956,0.328084,33,Confirm_Landing,
207700,2026-05-22 08:56:16,51.9888198166474,4.38997436806485,0.328084,,,-3.456056212956,0,0,11.7574806912,196.257880296,26,5,11.763,2.121371787044,5.905512,8.276678,37.282481508,0,0,0.447388,344.3, 1.1, 1.3,,,0,0,1024,1024,364,1024,0,0,-100,0,338.3,0,0,85,3.927,3.913,3.913,0,0,0,6.594,89.78,-3.456056212956,0.328084,33,Confirm_Landing,
207800,2026-05-22 08:56:16,51.988819713023,4.38997429540258,0.328084,,,-3.456056212956,0,0,11.751804838,196.29921888,26,5,11.763,2.121371787044,5.905512,8.276678,37.282481508,0,0,0.223694,344.2, 1.1, 1.1,,,0,0,1024,1024,364,1024,0,0,-100,0,338.4,0,0,85,3.927,3.913,3.913,0,0,0,6.594,89.78,-3.456056212956,0.328084,33,Confirm_Landing,
207900,2026-05-22 08:56:16,51.9888196943405,4.3899743702177,0,,,-3.784140212956,0,0,11.7338914516,196.3172635,26,5,11.763,2.121371787044,5.905512,8.276678,37.282481508,0,0,0.223694,344.2, 0.6, 0.9,,,0,0,1024,1024,364,1024,0,0,-100,0,338.4,0,0,85,3.927,3.913,3.913,0,0,0,6.594,89.78,-3.784140212956,0,33,Confirm_Landing,
208000,2026-05-22 08:56:16,51.9888195757602,4.38997452360059,0,,,-3.784140212956,0,0,11.6820541796,196.372709696,26,5,11.763,2.121371787044,5.905512,8.276678,37.282481508,0,0,0.223694,344.2, 0.2, 1,,,0,0,1024,1024,364,1024,0,0,-100,0,338.4,0,0,85,3.927,3.913,3.913,0,0,0,6.594,89.78,-3.784140212956,0,33,Confirm_Landing,
208100,2026-05-22 08:56:16,51.9888195510305,4.38997460633839,0,,,-3.784140212956,0,0,11.6614833128,196.393378988,26,5,11.763,2.121371787044,5.905512,8.276678,37.282481508,0,0,0.223694,344.1, 0.3, 0.1,,,0,0,1024,1024,364,1024,0,0,-100,0,338.4,0,0,85,3.927,3.913,3.913,0,0,0,6.594,89.78,-3.784140212956,0,33,Confirm_Landing,
208200,2026-05-22 08:56:16,51.9888196008305,4.38997463350779,0,,,-3.784140212956,0,0,11.6656499796,196.41240786,26,5,11.763,2.121371787044,5.905512,8.276678,37.282481508,0,0,0.223694,344, -0.2, 0.7,,,0,0,1024,1024,364,1024,0,0,-100,0,338.4,0,0,85,3.927,3.913,3.913,0,0,0,6.594,89.78,-3.784140212956,0,33,Confirm_Landing,
208300,2026-05-22 08:56:17,51.9888195824864,4.38997464777413,0,,,-3.784140212956,0,0,11.6594163836,196.419953792,26,5,11.763,2.121371787044,5.905512,8.276678,37.282481508,0,0,0.223694,344.3, 1.8, -0.6,,,0,0,1024,1024,364,1024,0,0,-100,0,338.4,0,0,85,3.927,3.913,3.913,0,0,0,6.594,89.78,-3.784140212956,0,33,Confirm_Landing,
208400,2026-05-22 08:56:17,51.9888194627421,4.38997456111675,0,,,-3.784140212956,0,0,11.6536092968,196.467525972,26,5,11.756,2.121371787044,5.905512,8.276678,37.282481508,0,0,0,344.3, 1.7, -0.6,,,0,0,1024,1024,364,1024,0,0,-100,0,338.4,0,0,85,3.932,3.92,3.922,0,0,0,6.973,89.78,-3.784140212956,0,33,Confirm_Landing,
208500,2026-05-22 08:56:17,51.9888194316128,4.38997457580224,0,,,-3.784140212956,0,0,11.6449478792,196.479336996,26,5,11.756,2.121371787044,5.905512,8.276678,37.282481508,0,0,0,344.5, 1.7, -0.6,,,0,0,1024,1024,364,1024,0,0,-100,0,338.4,0,0,85,3.932,3.92,3.922,0,0,0,6.973,89.78,-3.784140212956,0,33,Confirm_Landing,
208600,2026-05-22 08:56:17,51.9888194728201,4.38997457162527,0,,,-3.784140212956,0,0,11.6534452548,196.49442886,26,5,11.756,2.121371787044,5.905512,8.276678,37.282481508,0,0,0,344.5, 1.7, -0.6,,,0,0,1024,1024,364,1024,0,0,-100,0,338.4,0,0,85,3.932,3.92,3.922,0,0,0,6.973,89.78,-3.784140212956,0,33,Confirm_Landing,
208700,2026-05-22 08:56:17,51.9888194459786,4.389974583871,0,,,-3.784140212956,0,0,11.6460633648,196.504599464,26,5,11.756,2.121371787044,5.905512,8.276678,37.282481508,0,0,0,344.5, 1.7, -0.6,,,0,0,1024,1024,1024,1024,0,0,0,0,338.4,0,0,85,3.932,3.92,3.922,0,0,0,6.973,89.78,-3.784140212956,0,33,Confirm_Landing,
208800,2026-05-22 08:56:17,51.9888193617981,4.38997460704607,0,,,-3.784140212956,0,0,11.6258533904,196.535767444,26,5,11.756,2.121371787044,5.905512,8.276678,37.282481508,0,0,0,344.5, 1.8, -0.7,,,0,0,1024,1024,1024,1024,0,0,0,0,338.4,0,0,85,3.932,3.92,3.922,0,0,0,6.973,89.78,-3.784140212956,0,33,Confirm_Landing,
208900,2026-05-22 08:56:17,51.9888193288548,4.38997462215064,0,,,-3.784140212956,0,0,11.616798272,196.548234636,25,5,11.756,2.121371787044,5.905512,8.276678,37.282481508,0,0,0,344.5, 1.8, -0.7,,,0,0,1024,1024,1024,1024,0,0,0,0,338.5,0,0,85,3.932,3.92,3.922,0,0,0,6.973,89.78,-3.784140212956,0,33,Confirm_Landing,
209000,2026-05-22 08:56:17,51.9888193867195,4.38997459130504,0,,,-3.784140212956,0,0,11.633530556,196.570544348,25,5,11.756,2.121371787044,5.905512,8.276678,37.282481508,0,0,0,344.4, 1.8, -0.9,,,0,0,1024,1024,1024,1024,0,0,0,0,338.5,0,0,85,3.932,3.92,3.922,0,0,0,6.973,89.78,-3.784140212956,0,33,Confirm_Landing,
209100,2026-05-22 08:56:17,51.9888193584291,4.3899745971827,0,,,-3.784140212956,0,0,11.627132918,196.581043036,25,5,11.756,2.121371787044,5.905512,8.276678,37.282481508,0,0,0,344.4, 1.9, -1.7,,,0,0,1024,1024,1024,1024,0,0,0,0,338.5,0,0,85,3.932,3.92,3.922,0,0,0,6.973,89.78,-3.784140212956,0,33,Confirm_Landing,
209200,2026-05-22 08:56:17,51.9888194063166,4.38997457249823,0,,,-3.784140212956,0,0,11.6408468292,196.59941574,25,5,11.756,2.121371787044,5.905512,8.276678,37.282481508,0,0,0,344.4, 2, -2,,,0,0,1024,1024,1024,1024,0,0,0,0,338.5,0,0,85,3.932,3.92,3.922,0,0,0,6.973,89.78,-3.784140212956,0,33,Confirm_Landing,
209300,2026-05-22 08:56:18,51.9888193852407,4.3899745812104,0,,,-3.784140212956,0,0,11.6352037844,196.607289756,25,5,11.756,2.121371787044,5.905512,8.276678,37.282481508,0,0,0,344.4, 2, -2,,,0,0,1024,1024,1024,1024,0,0,0,0,338.5,0,0,85,3.932,3.92,3.922,0,0,0,6.973,89.78,-3.784140212956,0,33,Confirm_Landing,
209400,2026-05-22 08:56:18,51.9888194226871,4.38997456397909,0,,,-3.784140212956,0,0,11.6455384304,196.621397368,25,5,11.865,2.121371787044,5.905512,8.276678,37.282481508,0,0,0,344.4, 2, -1.9,,,0,0,1024,1024,1024,1024,0,0,0,0,338.5,0,0,85,3.969,3.96,3.957,0,0,0,4.619,89.78,-3.784140212956,0,33,Confirm_Landing,
209500,2026-05-22 08:56:18,51.9888194076702,4.38997457349813,0,,,-3.784140212956,0,0,11.640912446,196.62730288,25,5,11.865,2.121371787044,5.905512,8.276678,37.282481508,0,0,0,344.4, 2, -2,,,0,0,1024,1024,1024,1024,0,0,0,0,338.5,0,0,85,3.969,3.96,3.957,0,0,0,4.619,89.78,-3.784140212956,0,33,Confirm_Landing,
209600,2026-05-22 08:56:18,51.9888192972736,4.38997458515262,0,,,-3.784140212956,0,0,11.6180449912,196.667657212,25,5,11.865,2.121371787044,5.905512,8.276678,37.282481508,0,0,0,344.4, 2, -2.1,,,0,0,1024,1024,1024,1024,0,0,0,0,338.5,0,0,85,3.969,3.96,3.957,0,0,0,4.619,89.78,-3.784140212956,0,33,Confirm_Landing,
209700,2026-05-22 08:56:18,51.9888192741244,4.38997459581764,0,,,-3.784140212956,0,0,11.6116801616,196.67651548,25,5,11.865,2.121371787044,5.905512,8.276678,37.282481508,0,0,0,344.4, 2, -2.1,,,0,0,1024,1024,1024,1024,0,0,0,0,338.5,0,0,85,3.969,3.96,3.957,0,0,0,4.619,89.78,-3.784140212956,0,33,Confirm_Landing,
209800,2026-05-22 08:56:18,51.9888193215353,4.38997458244681,0,,,-3.784140212956,0,0,11.6230974848,196.693903932,25,5,11.865,2.121371787044,5.905512,8.276678,37.282481508,0,0,0,344.4, 2.1, -2,,,0,0,1024,1024,1024,1024,0,0,0,0,338.5,0,0,85,3.969,3.96,3.957,0,0,0,4.619,89.78,-3.784140212956,0,33,Confirm_Landing,
209900,2026-05-22 08:56:18,51.9888193051895,4.38997459290315,0,,,-3.784140212956,0,0,11.6180449912,196.700465612,25,5,11.865,2.121371787044,5.905512,8.276678,37.282481508,0,0,0,344.4, 2, -2.1,,,0,0,1024,1024,1024,1024,0,0,0,0,338.5,0,0,85,3.969,3.96,3.957,0,0,0,4.619,89.78,-3.784140212956,0,33,Confirm_Landing,
210000,2026-05-22 08:56:18,51.9888191934553,4.38997458292328,0,,,-3.784140212956,0,0,11.5992129696,196.741148028,25,5,11.865,2.121371787044,5.905512,8.276678,37.282481508,0,0,0,344.4, 2, -2.1,,,0,0,1024,1024,1024,1024,0,0,0,0,338.5,0,0,85,3.969,3.96,3.957,0,0,0,4.619,89.78,-3.784140212956,0,33,Confirm_Landing,
