time(millisecond),datetime(utc),latitude,longitude,height_above_takeoff(feet),height_above_ground_at_drone_location(feet),ground_elevation_at_drone_location(feet),altitude_above_seaLevel(feet),height_sonar(feet),speed(mph),distance(feet),mileage(feet),satellites,gpslevel,voltage(v),max_altitude(feet),max_ascent(feet),max_speed(mph),max_distance(feet), xSpeed(mph), ySpeed(mph), zSpeed(mph), compass_heading(degrees), pitch(degrees), roll(degrees),wind_speed(mph),wind_direction(degrees),isPhoto,isVideo,rc_elevator,rc_aileron,rc_throttle,rc_rudder,rc_elevator(percent),rc_aileron(percent),rc_throttle(percent),rc_rudder(percent),gimbal_heading(degrees),gimbal_pitch(degrees),gimbal_roll(degrees),battery_percent,voltageCell1,voltageCell2,voltageCell3,voltageCell4,voltageCell5,voltageCell6,current(A),battery_temperature(f),altitude(feet),ascent(feet),flycStateRaw,flycState,message
237700,2026-05-22 09:06:29,51.9888036005483,4.39003050338065,0,Available with any HD 360 subscription,Available with any HD 360 subscription,-3.753055894376,0,0,0,0,23,5,0,0,0,0,0,0,0,0,99.7, -0.9, -0.5,Available with Enterprise subscription,,0,0,364,364,364,1684,-100,-100,-100,100,116.6,0,0.2,53,3.754,3.751,0,0,0,0,0,102.92,-3.753055894376,0,38,Tripod,"Flying over vegetation."
237800,2026-05-22 09:06:29,51.9888034997879,4.39003040411441,0,,,-3.753055894376,0,0,0.04299868904,0.04299868904,23,5,0,0,0,0,0.04299868904,0,0,0,99.7, -0.9, -0.5,,,0,0,364,364,364,1684,-100,-100,-100,100,116.6,0,0.2,53,3.754,3.751,0,0,0,0,0,102.92,-3.753055894376,0,41,Motors_Started,
237900,2026-05-22 09:06:29,51.9888035000057,4.39003040581683,0,,,-3.753055894376,0,0,0.042733597168,0.043389437084,23,5,0,0,0,0,0.04299868904,0,0,0,99.7, -0.9, -0.5,,,0,0,364,364,364,1684,-100,-100,-100,100,116.6,0,0.2,53,3.754,3.751,0,0,0,0,0,102.92,-3.753055894376,0,41,Motors_Started,
238000,2026-05-22 09:06:29,51.9888035005849,4.39003040221287,0,,,-3.753055894376,0.328084,0,0.042975066992,0.044226379368,23,5,0,0,0,0,0.04299868904,0,0,0,99.7, -0.9, -0.5,,,0,0,364,364,364,1684,-100,-100,-100,100,116.6,0,0.2,53,3.754,3.751,0,0,0,0,0,102.92,-3.753055894376,0,41,Motors_Started,
238100,2026-05-22 09:06:29,51.988803501515,4.39003040225634,0,,,-3.753055894376,0.328084,0,0.04268208798,0.044565946308,23,5,0,0,0,0,0.04299868904,0,0,0,99.7, -0.9, -0.5,,,0,0,364,364,364,1684,-100,-100,-100,100,116.7,0,0.1,53,3.754,3.751,0,0,0,0,0,102.92,-3.753055894376,0,41,Motors_Started,"Setting new Return-To-Home altitude to 30m (98 ft). Data Recorder File Index is 36. Setting new Maximum Flight Altitude to 120m (394 ft)"
238200,2026-05-22 09:06:30,51.9888035017472,4.39003050033402,0,,,-3.753055894376,0.328084,0,2.35277894668,0.066602036252,23,5,7.526,0,0,0,2.35277894668,0,0,0,99.7, -0.9, -0.5,,,0,0,364,364,364,1684,-100,-100,-100,100,116.6,0,0.1,53,3.754,3.751,0,0,0,0,0.787,102.92,-3.753055894376,0,41,Motors_Started,
238300,2026-05-22 09:06:30,51.9888035025074,4.39003050050096,0,,,-3.753055894376,0.328084,0,2.35256569208,0.066881891904,23,5,7.526,0,0,0,2.35277894668,0,0,0,99.8, -0.9, -0.5,,,0,0,364,364,364,1684,-100,-100,-100,100,116.6,0,0.1,53,3.754,3.751,0,0,0,0,0.787,102.92,-3.753055894376,0,41,Motors_Started,
238400,2026-05-22 09:06:30,51.9888033997276,4.39003070309474,0,,,-3.753055894376,0.328084,0,2.34457684668,0.125857615576,23,5,7.526,0,0,0,2.35277894668,0,0,0,99.7, -0.9, -0.5,,,0,0,364,364,364,1684,-100,-100,-100,100,116.6,0,0.1,53,3.754,3.751,0,0,0,0,0.787,102.92,-3.753055894376,0,41,Motors_Started,
238500,2026-05-22 09:06:30,51.9888033955056,4.39003070729776,0,,,-3.753055894376,0.328084,0,2.34495086244,0.127664702248,23,5,7.526,0,0,0,2.35277894668,0,0,0,99.7, -0.9, -0.5,,,0,0,364,364,364,1684,-100,-100,-100,100,116.6,0,0.1,53,3.754,3.751,0,0,0,0,0.787,102.92,-3.753055894376,0,41,Motors_Started,
238600,2026-05-22 09:06:30,51.9888034859328,4.39003100529689,0,,,-3.753055894376,0.328084,0,2.27377631948,0.20230643692,23,5,7.526,0,0,0,2.35277894668,0,0,0,99.7, -0.9, -0.4,,,0,0,364,364,364,1684,-100,-100,-100,100,116.7,0,0.1,53,3.754,3.751,0,0,0,0,0.787,102.92,-3.753055894376,0,41,Motors_Started,
238700,2026-05-22 09:06:30,51.9888034724362,4.39003099472934,0,,,-3.753055894376,0.328084,0,2.27890755324,0.207772972528,23,5,7.526,0,0,0,2.35277894668,0,0,0,99.7, -0.8, -0.4,,,0,0,364,364,364,1684,-100,-100,-100,100,116.6,0,0.1,53,3.754,3.751,0,0,0,0,0.787,102.92,-3.753055894376,0,41,Motors_Started,
238800,2026-05-22 09:06:30,51.988803481425,4.39003097827112,0,,,-3.753055894376,0.328084,0,2.27928813068,0.212715557988,23,5,7.526,0,0,0,2.35277894668,0,0,0,99.8, -0.8, -0.4,,,0,0,364,364,364,1684,-100,-100,-100,100,116.6,0,0.1,53,3.754,3.751,0,0,0,0,0.787,102.92,-3.753055894376,0,41,Motors_Started,
238900,2026-05-22 09:06:30,51.988803485454,4.39003097314037,0,,,-3.753055894376,0.328084,0,2.27909784196,0.214583668284,23,5,7.526,0,0,0,2.35277894668,0,0,0,99.7, -0.8, -0.5,,,0,0,364,364,364,1684,-100,-100,-100,100,116.6,0,0.1,53,3.754,3.751,0,0,0,0,0.787,102.92,-3.753055894376,0,41,Motors_Started,
239000,2026-05-22 09:06:30,51.9888033077357,4.39003089328073,0,,,-3.753055894376,0.328084,0,2.33725073096,0.281860901408,23,5,7.526,0,0,0,2.35277894668,0,0,0,99.7, -0.9, -0.5,,,0,0,364,364,364,1684,-100,-100,-100,100,116.6,0,0.1,53,3.754,3.751,0,0,0,0,0.787,102.92,-3.753055894376,0,41,Motors_Started,
239100,2026-05-22 09:06:30,51.9888033134713,4.39003089191218,0,,,-3.753055894376,0.328084,0,2.33599745008,0.283976058956,23,5,7.526,0,0,0,2.35277894668,0,0,0,99.8, -0.8, -0.5,,,0,0,364,364,364,1684,-100,-100,-100,100,116.7,0,0.1,53,3.754,3.751,0,0,0,0,0.787,102.92,-3.753055894376,0,41,Motors_Started,
239200,2026-05-22 09:06:31,51.9888033130458,4.3900308966308,0,,,-3.753055894376,0.328084,0,2.33535440544,0.2850475813,23,5,7.468,0,0,0,2.35277894668,0,0,0,99.8, -0.8, -0.5,,,0,0,455,419,1024,1024,-86,-92,0,0,116.7,0,0.1,53,3.741,3.757,0,0,0,0,2.38,102.92,-3.753055894376,0,41,Motors_Started,
239300,2026-05-22 09:06:31,51.9888033168205,4.39003089269383,0,,,-3.753055894376,0.328084,0,2.33501319808,0.286684392376,23,5,7.468,0,0,0,2.35277894668,0,0,0,99.7, -0.8, -0.5,,,0,0,800,872,1024,1024,-34,-23,0,0,116.6,0,0.1,53,3.741,3.757,0,0,0,0,2.38,102.92,-3.753055894376,0,41,Motors_Started,
239400,2026-05-22 09:06:31,51.9888034026465,4.39003079426576,0,,,-3.753055894376,0.328084,0,2.32900926088,0.32501969544,23,5,7.468,0,0,0,2.35277894668,0,0,0,99.7, -0.9, -0.5,,,0,0,1024,1024,1024,1024,0,0,0,0,116.7,0,0.1,53,3.741,3.757,0,0,0,0,2.38,102.92,-3.753055894376,0,41,Motors_Started,
239500,2026-05-22 09:06:31,51.9888033933937,4.39003079670376,0,,,-3.753055894376,0.328084,0,2.33095151816,0.32843833072,23,5,7.468,0,0,0,2.35277894668,0,0,0,99.6, -0.9, -0.4,,,0,0,1024,1024,1024,1024,0,0,0,0,116.6,0,0.1,53,3.741,3.757,0,0,0,0,2.38,102.92,-3.753055894376,0,41,Motors_Started,
239600,2026-05-22 09:06:31,51.9888031772615,4.39003080812166,0,,,-3.753055894376,0.328084,0,2.38444561436,0.40733597104,23,5,7.468,0,0,0,2.38444561436,0,0,0,99.5, -0.9, -0.4,,,0,0,1024,1024,1024,1024,0,0,0,0,116.7,0,0.1,53,3.741,3.757,0,0,0,0,2.38,102.92,-3.753055894376,0,41,Motors_Started,
239700,2026-05-22 09:06:31,51.9888031708882,4.39003081029012,0,,,-3.753055894376,0.328084,0,2.38575466952,0.40971458004,23,5,7.468,0,0,0,2.38575466952,0,0,0,99.6, -0.9, -0.4,,,0,0,1024,1024,1024,1024,0,0,0,0,116.7,0,0.1,53,3.741,3.757,0,0,0,0,2.38,102.92,-3.753055894376,0,41,Motors_Started,
239800,2026-05-22 09:06:31,51.988803090058,4.39003070302779,0,,,-3.753055894376,0.328084,0,2.4236713374,0.44779857076,23,5,7.468,0,0,0,2.4236713374,0,0,0,99.5, -0.9, -0.4,,,0,0,1024,1024,1024,1024,0,0,0,0,116.6,0,0.1,53,3.741,3.757,0,0,0,0,2.38,102.92,-3.753055894376,0,41,Motors_Started,
239900,2026-05-22 09:06:31,51.9888030888241,4.39003070259653,0,,,-3.753055894376,0.328084,0,2.42405847652,0.44825788836,23,5,7.468,0,0,0,2.42405847652,0,0,0,99.6, -0.9, -0.4,,,0,0,1024,1024,1024,1024,0,0,0,0,116.7,0,0.1,53,3.741,3.757,0,0,0,0,2.38,102.92,-3.753055894376,0,10,Assisted_Takeoff,
240000,2026-05-22 09:06:31,51.9888030980952,4.39003059554896,0,,,-3.753055894376,0.328084,0,2.43861884444,0.47254594688,23,5,7.468,0,0,0,2.43861884444,0,0,0,99.5, -0.8, -0.4,,,0,0,1024,1024,1024,1024,0,0,0,0,116.7,0,0.1,53,3.741,3.757,0,0,0,0,2.38,102.92,-3.753055894376,0,10,Assisted_Takeoff,
240100,2026-05-22 09:06:31,51.9888031005239,4.39003059319269,0,,,-3.753055894376,0.328084,0,2.4383695006,0.47357941148,23,5,7.468,0,0,0,2.43861884444,0,0,0,99.6, -0.8, -0.4,,,0,0,1024,1024,1024,1024,0,0,0,0,116.7,0,0.1,53,3.741,3.757,0,0,0,0,2.38,102.92,-3.753055894376,0,10,Assisted_Takeoff,
240200,2026-05-22 09:06:32,51.9888032027211,4.39003069277585,0,,,-3.753055894376,0.328084,0,2.39622054912,0.51706366484,23,5,7.513,0,0,0,2.43861884444,0,0,0,99.5, -0.8, -0.4,,,0,0,1024,1024,1024,1024,0,0,0,0,116.7,0,0.1,53,3.757,3.756,0,0,0,0,0.999,102.92,-3.753055894376,0,10,Assisted_Takeoff,
240300,2026-05-22 09:06:32,51.9888032024021,4.3900306875425,0,,,-3.753055894376,0.328084,0,2.39713918432,0.51824476724,23,5,7.513,0,0,0,2.43861884444,0,0,0,99.5, -0.8, -0.4,,,0,0,1024,1024,1024,1024,0,0,0,0,116.7,0,0.2,53,3.757,3.756,0,0,0,0,0.999,102.92,-3.753055894376,0,10,Assisted_Takeoff,
240400,2026-05-22 09:06:32,51.9888031968113,4.39003069057957,0,,,-3.753055894376,0.328084,0,2.39809062792,0.52039699828,23,5,7.513,0,0,0,2.43861884444,0,0,0,99.4, -0.8, -0.4,,,0,0,1024,1024,1024,1024,0,0,0,0,116.7,0,0.1,53,3.757,3.756,0,0,0,0,0.999,102.92,-3.753055894376,0,10,Assisted_Takeoff,
240500,2026-05-22 09:06:32,51.9888031938669,4.39003068771031,0,,,-3.753055894376,0.328084,0,2.39930125788,0.52165027916,23,5,7.513,0,0,0,2.43861884444,0,0,0,99.5, -0.8, -0.4,,,0,0,1024,1024,1024,1024,0,0,0,0,116.7,0,0.1,53,3.757,3.756,0,0,0,0,0.999,102.92,-3.753055894376,0,10,Assisted_Takeoff,
240600,2026-05-22 09:06:32,51.9888032934712,4.39003089413455,0,,,-3.753055894376,0.328084,0,2.34078419564,0.58057088472,23,5,7.513,0,0,0,2.43861884444,0,0,0,99.5, -0.8, -0.4,,,0,0,1024,1024,1024,1024,0,0,0,0,116.7,0,0.1,53,3.757,3.756,0,0,0,0,0.999,102.92,-3.753055894376,0,10,Assisted_Takeoff,
240700,2026-05-22 09:06:32,51.9888032905508,4.39003088936115,0,,,-3.753055894376,0.328084,0,2.34229666288,0.58208335196,23,5,7.513,0,0,0,2.43861884444,0,0,0,99.5, -0.8, -0.4,,,0,0,1024,1024,1024,1024,0,0,0,0,116.7,0,0.1,53,3.757,3.756,0,0,0,0,0.999,102.92,-3.753055894376,0,10,Assisted_Takeoff,
240800,2026-05-22 09:06:32,51.9888033943649,4.39003099312603,0,,,-3.753055894376,0.328084,0,2.29907487672,0.626558419,24,5,7.513,0,0,0,2.43861884444,0,0,0,99.4, -0.8, -0.4,,,0,0,1024,1024,1024,1024,0,0,0,0,116.7,0,0.1,53,3.757,3.756,0,0,0,0,0.999,102.92,-3.753055894376,0,10,Assisted_Takeoff,
240900,2026-05-22 09:06:32,51.9888033991199,4.39003099408593,0,,,-3.753055894376,0.328084,0,2.2977034856,0.62830710672,24,5,7.513,0,0,0,2.43861884444,0,0,0,99.4, -0.8, -0.4,,,0,0,1024,1024,1024,1024,0,0,0,0,116.7,0,0.1,53,3.757,3.756,0,0,0,0,0.999,102.92,-3.753055894376,0,10,Assisted_Takeoff,
241000,2026-05-22 09:06:32,51.988803421265,4.39003100477695,0,,,-3.753055894376,0.328084,0,2.29032815728,0.63673558468,24,5,7.513,0,0,0,2.43861884444,0,0,0,99.3, -0.8, -0.5,,,0,0,1024,1024,1024,1024,0,0,0,0,116.7,0,0.1,53,3.757,3.756,0,0,0,0,0.999,102.92,-3.753055894376,0,10,Assisted_Takeoff,
241100,2026-05-22 09:06:32,51.9888034345155,4.39003100726103,0,,,-3.753055894376,0.328084,0,2.28654534876,0.6416010704,24,5,7.513,0,0,0,2.43861884444,0,0,0,99.4, -0.8, -0.5,,,0,0,1024,1024,1024,1024,0,0,0,0,116.6,0,0.2,53,3.757,3.756,0,0,0,0,0.999,102.92,-3.753055894376,0,10,Assisted_Takeoff,
241200,2026-05-22 09:06:33,51.9888033273073,4.39003110680767,0,,,-3.753055894376,0.328084,0,2.29833996856,0.68666012696,24,5,7.513,0,0,0,2.43861884444,0,0,0,99.4, -0.8, -0.6,,,0,0,1024,1024,1024,1024,0,0,0,0,116.7,0,0.1,53,3.757,3.757,0,0,0,0,1.007,102.92,-3.753055894376,0,10,Assisted_Takeoff,
241300,2026-05-22 09:06:33,51.9888033379894,4.39003111110199,0,,,-3.753055894376,0.328084,0,2.29488524404,0.69067587512,24,5,7.513,0,0,0,2.43861884444,0,0,0,99.5, -0.8, -0.6,,,0,0,1024,1024,1024,1024,0,0,0,0,116.7,0,0.1,53,3.757,3.757,0,0,0,0,1.007,102.92,-3.753055894376,0,10,Assisted_Takeoff,
241400,2026-05-22 09:06:33,51.9888032175801,4.3900310056812,0,,,-3.753055894376,0.328084,0,2.34284456316,0.7405840132,24,5,7.513,0,0,0,2.43861884444,0,0,0,99.5, -0.8, -0.6,,,0,0,1024,1024,1024,1024,0,0,0,0,116.6,0,0.1,53,3.757,3.757,0,0,0,0,1.007,102.92,-3.753055894376,0,10,Assisted_Takeoff,
241500,2026-05-22 09:06:33,51.9888032194791,4.39003100343275,0,,,-3.753055894376,0.328084,0,2.3427002062,0.74144359328,24,5,7.513,0,0,0,2.43861884444,0,0,0,99.5, -0.8, -0.6,,,0,0,1024,1024,1024,1024,0,0,0,0,116.6,0,0.1,53,3.757,3.757,0,0,0,0,1.007,102.92,-3.753055894376,0,10,Assisted_Takeoff,
241600,2026-05-22 09:06:33,51.9888031032507,4.39003099461718,0,,,-3.753055894376,0.328084,0,2.37462606024,0.78389438204,24,5,7.513,0,0,0,2.43861884444,0,0,0,99.5, -0.8, -0.6,,,0,0,1024,1024,1024,1024,0,0,0,0,116.7,0,0.1,53,3.757,3.757,0,0,0,0,1.007,102.92,-3.753055894376,0,10,Assisted_Takeoff,
241700,2026-05-22 09:06:33,51.9888031070051,4.39003099590399,0,,,-3.753055894376,0.328084,0,2.37343183448,0.78529530072,24,5,7.513,0,0,0,2.43861884444,0,0,0,99.4, -0.8, -0.6,,,0,0,1024,1024,1024,1024,0,0,0,0,116.7,0,0.1,53,3.757,3.757,0,0,0,0,1.007,102.92,-3.753055894376,0,10,Assisted_Takeoff,
241800,2026-05-22 09:06:33,51.9888030085687,4.39003110370105,0,,,-3.753055894376,0.328084,0,2.38312343584,0.82861223124,23,5,7.513,0,0,0,2.43861884444,0,0,0,99.5, -0.8, -0.6,,,0,0,1024,1024,1024,1024,0,0,0,0,116.6,0,0.1,53,3.757,3.757,0,0,0,0,1.007,102.92,-3.753055894376,0,10,Assisted_Takeoff,
241900,2026-05-22 09:06:33,51.9888030100678,4.3900311020821,0,,,-3.753055894376,0.328084,0,2.38296595552,0.82926839924,23,5,7.513,0,0,0,2.43861884444,0,0,0,99.5, -0.8, -0.6,,,0,0,1024,1024,1024,1024,0,0,0,0,116.6,0,0.1,53,3.757,3.757,0,0,0,0,1.007,102.92,-3.753055894376,0,10,Assisted_Takeoff,
242000,2026-05-22 09:06:33,51.9888030000798,4.390030992187,0,,,-3.753055894376,0.328084,0,2.40240821336,0.85422902996,23,5,7.513,0,0,0,2.43861884444,0,0,0,99.5, -0.8, -0.6,,,0,0,1024,1024,1024,1024,0,0,0,0,116.7,0,0.1,53,3.757,3.757,0,0,0,0,1.007,102.92,-3.753055894376,0,10,Assisted_Takeoff,
242100,2026-05-22 09:06:33,51.9888030018537,4.39003099100452,0,,,-3.753055894376,0.328084,0,2.4021162186,0.85492784888,23,5,7.513,0,0,0,2.43861884444,0,0,0,99.4, -0.8, -0.6,,,0,0,1024,1024,1024,1024,0,0,0,0,116.7,0,0.1,53,3.757,3.757,0,0,0,0,1.007,102.92,-3.753055894376,0,10,Assisted_Takeoff,
242200,2026-05-22 09:06:34,51.9888030026078,4.3900307982349,0,,,-3.753055894376,0.328084,0,2.43165034028,0.89824149856,23,5,7.513,0,0,0,2.43861884444,0,0,0,99.5, -0.8, -0.6,,,0,0,1024,1024,1024,1024,0,0,0,0,116.6,0,0.1,53,3.756,3.755,0,0,0,0,1.014,102.92,-3.753055894376,0,10,Assisted_Takeoff,
242300,2026-05-22 09:06:34,51.9888030023763,4.39003079824707,0,,,-3.753055894376,0.328084,0,2.4317093954,0.89832351956,23,5,7.513,0,0,0,2.43861884444,0,0,0,99.4, -0.8, -0.6,,,0,0,1024,1024,1024,1024,0,0,0,0,116.6,0,0.1,53,3.756,3.755,0,0,0,0,1.014,102.92,-3.753055894376,0,10,Assisted_Takeoff,
242400,2026-05-22 09:06:34,51.9888029012183,4.39003080375691,0,,,-3.753055894376,0.328084,0,2.45766740148,0.9352526546,23,5,7.513,0,0,0,2.45766740148,0,0,0,99.4, -0.8, -0.6,,,0,0,1024,1024,1024,1024,0,0,0,0,116.7,0,0.1,53,3.756,3.755,0,0,0,0,1.014,102.92,-3.753055894376,0,10,Assisted_Takeoff,
242500,2026-05-22 09:06:34,51.9888029030618,4.39003081082224,0,,,-3.753055894376,0.328084,0,2.45608931744,0.93697837644,23,5,7.513,0,0,0,2.45766740148,0,0,0,99.5, -0.8, -0.6,,,0,0,1024,1024,1024,1024,0,0,0,0,116.6,0,0.1,53,3.756,3.755,0,0,0,0,1.014,102.92,-3.753055894376,0,10,Assisted_Takeoff,
242600,2026-05-22 09:06:34,51.9888031014471,4.39003051217535,0,,,-3.753055894376,0.328084,0,2.45105650888,1.03567588616,23,5,7.513,0,0,0,2.45766740148,0,0,0,99.4, -0.8, -0.6,,,0,0,1024,1024,1024,1024,0,0,0,0,116.6,0,0.1,53,3.756,3.755,0,0,0,0,1.014,102.92,-3.753055894376,0,10,Assisted_Takeoff,
242700,2026-05-22 09:06:34,51.9888030995236,4.39003051231012,0,,,-3.753055894376,0.328084,0,2.45152894984,1.03637798592,23,5,7.513,0,0,0,2.45766740148,0,0,0,99.4, -0.8, -0.6,,,0,0,1024,1024,1036,1024,0,0,2,0,116.6,0,0.1,53,3.756,3.755,0,0,0,0,1.014,102.92,-3.753055894376,0,10,Assisted_Takeoff,
242800,2026-05-22 09:06:34,51.9888031987916,4.39003010386639,0,,,-3.753055894376,0.328084,0,2.49305126088,1.13503612556,24,5,7.513,0,0,0,2.49305126088,0,0,0,99.4, -0.8, -0.6,,,0,0,1024,1024,1036,1024,0,0,2,0,116.6,0,0.1,53,3.756,3.755,0,0,0,0,1.014,102.92,-3.753055894376,0,10,Assisted_Takeoff,
242900,2026-05-22 09:06:34,51.9888031944939,4.39003010742165,0,,,-3.753055894376,0.328084,0,2.49352370184,1.1367946558,24,5,7.513,0,0,0,2.49352370184,0,0,0,99.5, -0.8, -0.5,,,0,0,1024,1024,1614,1024,0,0,89,0,116.6,0,0.1,53,3.756,3.755,0,0,0,0,1.014,102.92,-3.753055894376,0,10,Assisted_Takeoff,
243000,2026-05-22 09:06:34,51.9888034918303,4.39003000418671,0,,,-3.753055894376,0.328084,0,2.43907160036,1.24772969872,24,5,7.513,0,0,0,2.49352370184,0,0,0,99.4, -0.8, -0.6,,,0,0,1024,1024,1684,1024,0,0,100,0,116.6,0,0.1,53,3.756,3.755,0,0,0,0,1.014,102.92,-3.753055894376,0,10,Assisted_Takeoff,
243100,2026-05-22 09:06:35,51.9888034948993,4.39003000447016,0,,,-3.753055894376,0.328084,0,2.43830060296,1.248851746,24,5,7.513,0,0,0,2.49352370184,0,0,0,99.5, -0.9, -0.6,,,0,0,1024,1024,1684,1024,0,0,100,0,116.6,0,0.1,53,3.756,3.755,0,0,0,0,1.014,102.92,-3.753055894376,0,10,Assisted_Takeoff,
243200,2026-05-22 09:06:35,51.9888037121519,4.39002990591428,0,,,-3.753055894376,0.328084,0,2.40506241292,1.3311516174,24,5,7.512,0,0,0,2.49352370184,0,0,0,99.5, -1, -0.6,,,0,0,1024,1024,1684,1024,0,0,100,0,116.6,0,0,53,3.743,3.742,0,0,0,0,1.022,102.92,-3.753055894376,0,10,Assisted_Takeoff,
243300,2026-05-22 09:06:35,51.9888037210138,4.39002990975212,0,,,-3.753055894376,0.328084,0,2.40237540496,1.3344980742,24,5,7.512,0,0,0,2.49352370184,0,0,0,99.5, -1, -1.1,,,0,0,1024,1024,1684,1024,0,0,100,0,116.5,0,-0.9,53,3.743,3.742,0,0,0,0,1.022,102.92,-3.753055894376,0,10,Assisted_Takeoff,
243400,2026-05-22 09:06:35,51.9888038247475,4.39002971079839,0,,,-3.753055894376,0.328084,0,2.41449482792,1.39306762988,24,5,7.512,0,0,0,2.49352370184,0,0,0,99.3, -0.9, -1.6,,,0,0,1024,1024,1684,1024,0,0,100,0,116.2,0,-0.9,53,3.743,3.742,0,0,0,0,1.022,102.92,-3.753055894376,0,10,Assisted_Takeoff,
243500,2026-05-22 09:06:35,51.9888038525375,4.39002972429519,0,,,-3.753055894376,0.328084,0,2.40596792476,1.40365161972,24,5,7.512,0,0,0,2.49352370184,0,0,0,99.1, -0.4, -1.7,,,0,0,1024,1024,1684,1024,0,0,100,0,115.9,0,-1.3,53,3.743,3.742,0,0,0,0,1.022,102.92,-3.753055894376,0,10,Assisted_Takeoff,
243600,2026-05-22 09:06:35,51.9888039861098,4.39002954355384,0,,,-3.753055894376,0.328084,0.223694,2.40993117948,1.46708666112,24,5,7.512,0,0,0.223694,2.49352370184,0.223694,0,-0.223694,98.5, -0.1, -2.4,,,0,0,1024,1024,1684,1024,0,0,100,0,116.1,0,-1.9,53,3.743,3.742,0,0,0,0,1.022,102.92,-3.753055894376,0,10,Assisted_Takeoff,
243700,2026-05-22 09:06:35,51.9888041030794,4.39002959832183,0,,,-3.753055894376,0.328084,0.223694,2.37530847496,1.51150267304,24,5,7.512,0,0,0.223694,2.49352370184,0.223694,0,-0.223694,99.2, 0.2, -1.9,,,0,0,1024,1024,1684,1024,0,0,100,0,116.6,0,0,53,3.743,3.742,0,0,0,0,1.022,102.92,-3.753055894376,0,10,Assisted_Takeoff,
243800,2026-05-22 09:06:35,51.9888043900887,4.39002972997719,0,,,-3.753055894376,0,0.447388,2.29229666128,1.62031501248,24,5,7.512,0,0,0.447388,2.49352370184,0.447388,0,-0.447388,99.6, 0.4, 0.4,,,0,0,1024,1024,1684,1024,0,0,100,0,116.6,0,2.3,53,3.743,3.742,0,0,0,0,1.022,102.92,-3.753055894376,0,38,Tripod,
243900,2026-05-22 09:06:35,51.9888045866568,4.39002978996636,0,,,-3.753055894376,0,0.447388,2.24248366756,1.69328745576,24,5,7.512,0,0,0.447388,2.49352370184,0.447388,0,-0.447388,99.6, 0.7, 2.5,,,0,0,1024,1024,1561,1024,0,0,81,0,116.5,0,3.7,53,3.743,3.742,0,0,0,0,1.022,102.92,-3.753055894376,0,38,Tripod,
244000,2026-05-22 09:06:35,51.988804887771,4.39003008820895,0,,,-3.753055894376,0.328084,0.447388,2.12851384764,1.82197184308,24,5,7.512,0,0,0.447388,2.49352370184,0.447388,0,-0.447388,99.5, -0.2, 3.7,,,0,0,1024,1024,1215,1024,0,0,29,0,116.7,0,4.7,53,3.743,3.742,0,0,0,0,1.022,102.92,-3.753055894376,0,38,Tripod,
244100,2026-05-22 09:06:35,51.9888050879687,4.39003011834221,0.328084,,,-3.424971894376,0.328084,0.447388,2.08681765208,1.89532814464,24,5,7.512,0,0.328084,0.447388,2.49352370184,0.447388,0,-0.447388,99.6, -0.2, 4.5,,,0,0,1024,1024,1183,1024,0,0,24,0,116.6,0,5.2,53,3.743,3.742,0,0,0,0,1.022,102.92,-3.424971894376,0.328084,38,Tripod,
244200,2026-05-22 09:06:36,51.9888052742322,4.39003023865053,0.328084,,,-3.424971894376,0.328084,0.223694,2.03116148232,1.96846462992,25,5,7.351,0,0.328084,0.447388,2.49352370184,0.223694,0,-0.447388,99.6, -0.2, 4.6,,,0,0,1024,1024,1517,1024,0,0,75,0,116.7,0,4.8,53,3.674,3.675,0,0,0,0,4.656,102.92,-3.424971894376,0.328084,38,Tripod,
244300,2026-05-22 09:06:36,51.9888053939732,4.39003020307872,0.328084,,,-3.424971894376,0.656168,0.223694,2.01874678376,2.012877361,25,5,7.351,0,0.328084,0.447388,2.49352370184,0.223694,0,-0.447388,99.6, -0.9, 4.3,,,0,0,1024,1024,1684,1039,0,0,100,2,116.8,0,4.6,53,3.674,3.675,0,0,0,0,4.656,102.92,-3.424971894376,0.328084,38,Tripod,
244400,2026-05-22 09:06:36,51.9888058422232,4.39003044889088,0.328084,,,-3.424971894376,0.656168,0.223694,1.90140426032,2.18549547676,25,5,7.351,0,0.328084,0.447388,2.49352370184,0.223694,0,-0.447388,99.6, -1.5, 3.9,,,0,0,1024,1024,1684,1024,0,0,100,0,116.8,0,4.2,53,3.674,3.675,0,0,0,0,4.656,102.92,-3.424971894376,0.328084,38,Tripod,
244500,2026-05-22 09:06:36,51.9888059356607,4.39003041932189,0.656168,,,-3.096887894376,0.656168,0,1.89492788216,2.220226449,25,5,7.351,0,0.656168,0.447388,2.49352370184,0,0,-0.447388,99.6, -1.7, 3.7,,,0,0,1024,1024,1684,1024,0,0,100,0,116.9,0,4.5,53,3.674,3.675,0,0,0,0,4.656,102.92,-3.096887894376,0.656168,38,Tripod,
244600,2026-05-22 09:06:36,51.9888060130772,4.39003049964018,0.656168,,,-3.096887894376,0.656168,0,1.86797578156,2.25374351044,26,5,7.351,0,0.656168,0.447388,2.49352370184,0,0,-0.671082,99.8, -2.2, 4.2,,,0,0,1024,1024,1677,1024,0,0,99,0,117.1,0,4.5,53,3.674,3.675,0,0,0,0,4.656,102.92,-3.096887894376,0.656168,38,Tripod,
244700,2026-05-22 09:06:36,51.9888061078621,4.39003044617639,0.656168,,,-3.096887894376,0.984252,0,1.86737538784,2.290354404,26,5,7.351,0,0.656168,0.447388,2.49352370184,0,0,-0.894776,99.8, -2.7, 3.7,,,0,0,1024,1024,1677,1024,0,0,99,0,117,0,4.1,53,3.674,3.675,0,0,0,0,4.656,102.92,-3.096887894376,0.656168,38,Tripod,
244800,2026-05-22 09:06:36,51.9888057988464,4.39002981194573,0.984252,,,-2.768803894376,0.984252,0,2.0402067582,2.47206044656,26,5,7.351,0,0.984252,0.447388,2.49352370184,0,0,-0.894776,99.7, -2.6, 3.6,,,0,0,1024,1024,1684,1024,0,0,100,0,116.8,0,4.2,53,3.674,3.675,0,0,0,0,4.656,102.92,-2.768803894376,0.984252,38,Tripod,"Home Point updated (Code: 30800)"
244900,2026-05-22 09:06:36,51.9888058491038,4.39002981766685,0.984252,,,-2.768803894376,1.312336,0,2.03245413328,2.49043971224,26,5,7.351,0,0.984252,0.447388,2.49352370184,0,0,-1.11847,99.5, -1.9, 3.6,,,0,0,1024,1024,1332,1024,0,0,47,0,116.6,0,4.3,53,3.674,3.675,0,0,0,0,4.656,102.92,-2.768803894376,0.984252,38,Tripod,
245000,2026-05-22 09:06:36,51.9888055904081,4.39002902052247,1.312336,,,-2.440719894376,1.312336,0,2.23350072764,2.69289050612,26,5,7.351,0,1.312336,0.447388,2.49352370184,0,0,-1.11847,99.4, -1.6, 3.8,,,0,0,1024,1024,1307,1024,0,0,43,0,116.5,0,4.5,53,3.674,3.675,0,0,0,0,4.656,102.92,-2.440719894376,1.312336,38,Tripod,
245100,2026-05-22 09:06:36,51.9888056221216,4.39002903310199,1.312336,,,-2.440719894376,1.64042,0,2.22667658044,2.70480323616,26,5,7.351,0,1.312336,0.447388,2.49352370184,0,0,-0.894776,99.4, -1.6, 4.1,,,0,0,1024,1024,1471,1024,0,0,68,0,116.5,0,4.7,53,3.674,3.675,0,0,0,0,4.656,102.92,-2.440719894376,1.312336,38,Tripod,
245200,2026-05-22 09:06:37,51.9888050610953,4.39002851925051,1.64042,,,-2.112635894376,1.64042,0,2.4126969276,2.93980652452,26,5,7.334,0,1.64042,0.447388,2.49352370184,0,0,-0.671082,99.4, -1.6, 4.1,,,0,0,1024,1024,1684,1024,0,0,100,0,116.6,0,4.7,52,3.681,3.681,0,0,0,0,5.73,102.92,-2.112635894376,1.64042,38,Tripod,
245300,2026-05-22 09:06:37,51.988805090354,4.39002850453383,1.64042,,,-2.112635894376,1.968504,0,2.41127632388,2.95098106556,26,5,7.334,0,1.64042,0.447388,2.49352370184,0,0,-0.447388,99.4, -1.8, 4,,,0,0,1024,1024,1684,1024,0,0,100,0,116.6,0,4.5,52,3.681,3.681,0,0,0,0,5.73,102.92,-2.112635894376,1.64042,38,Tripod,
245400,2026-05-22 09:06:37,51.9888046433602,4.39002777011573,1.64042,,,-2.112635894376,1.968504,0,2.63012147524,3.18298566616,26,5,7.334,0,1.64042,0.447388,2.63012147524,0,0,-0.671082,99.4, -1.9, 3.8,,,0,0,1024,1024,1684,1024,0,0,100,0,116.6,0,4.5,52,3.681,3.681,0,0,0,0,5.73,102.92,-2.112635894376,1.64042,38,Tripod,
245500,2026-05-22 09:06:37,51.9888046397843,4.39002777526474,1.968504,,,-1.784551894376,1.968504,0,2.6296588768,3.1847277922,26,5,7.334,0,1.968504,0.447388,2.63012147524,0,0,-0.671082,99.5, -1.7, 4,,,0,0,1024,1024,1684,1024,0,0,100,0,116.6,0,4.6,52,3.681,3.681,0,0,0,0,5.73,102.92,-1.784551894376,1.968504,38,Tripod,
245600,2026-05-22 09:06:37,51.9888045802183,4.39002701685792,1.968504,,,-1.784551894376,2.296588,0,2.79272974816,3.3564961704,26,5,7.334,0,1.968504,0.447388,2.79272974816,0,0,-0.894776,99.5, -1.5, 3.8,,,0,0,1024,1024,1684,1024,0,0,100,0,116.6,0,4.2,52,3.681,3.681,0,0,0,0,5.73,102.92,-1.784551894376,1.968504,38,Tripod,
245700,2026-05-22 09:06:37,51.9888045422312,4.39002703687054,2.296588,,,-1.456467894376,2.296588,0,2.79455717604,3.3710631,26,5,7.334,0,2.296588,0.447388,2.79455717604,0,0,-0.894776,99.5, -1.2, 3.5,,,0,0,1024,1024,1684,1024,0,0,100,0,116.6,0,4.1,52,3.681,3.681,0,0,0,0,5.73,102.92,-1.456467894376,2.296588,38,Tripod,
245800,2026-05-22 09:06:37,51.9888041091744,4.39002704115269,2.296588,,,-1.456467894376,2.624672,0,2.86485573472,3.5290683544,25,5,7.334,0,2.296588,0.447388,2.86485573472,0,0,-0.894776,99.5, -1.1, 3.4,,,0,0,1024,1024,1684,1024,0,0,100,0,116.6,0,3.8,52,3.681,3.681,0,0,0,0,5.73,102.92,-1.456467894376,2.296588,38,Tripod,
245900,2026-05-22 09:06:37,51.9888040596815,4.39002706078188,2.296588,,,-1.456467894376,2.624672,0,2.86955717844,3.5476707172,25,5,7.334,0,2.296588,0.447388,2.86955717844,0,0,-0.894776,99.6, -1.1, 3,,,0,0,1024,1024,1684,1024,0,0,100,0,116.7,0,3.3,52,3.681,3.681,0,0,0,0,5.73,102.92,-1.456467894376,2.296588,38,Tripod,
246000,2026-05-22 09:06:37,51.9888035808473,4.39002754365322,2.624672,,,-1.128383894376,2.952756,0,2.8651247636,3.7533137684,25,5,7.334,0,2.624672,0.447388,2.86955717844,0,0,-0.894776,99.6, -0.8, 2.4,,,0,0,1024,1024,1684,1024,0,0,100,0,116.6,0,2.7,52,3.681,3.681,0,0,0,0,5.73,102.92,-1.128383894376,2.624672,38,Tripod,
246100,2026-05-22 09:06:37,51.9888035355889,4.39002755651183,2.624672,,,-1.128383894376,2.952756,0,2.87164379268,3.7700788608,25,5,7.334,0,2.624672,0.447388,2.87164379268,0,0,-0.894776,99.6, -0.9, 1.9,,,0,0,1024,1024,1684,1024,0,0,100,0,116.6,0,2.2,52,3.681,3.681,0,0,0,0,5.73,102.92,-1.128383894376,2.624672,38,Tripod,
246200,2026-05-22 09:06:38,51.9888032027141,4.39002800595288,2.952756,,,-0.800299894376,3.28084,0,2.85732292608,3.9280184984,27,5,7.324,0,2.952756,0.447388,2.87164379268,0,0,-0.894776,99.5, -1.5, 1.4,,,0,0,1024,1024,1684,1024,0,0,100,0,116.6,0,2,52,3.659,3.66,0,0,0,0,5.398,102.92,-0.800299894376,2.952756,38,Tripod,
246300,2026-05-22 09:06:38,51.9888031756913,4.39002799211003,2.952756,,,-0.800299894376,3.28084,0,2.86565625968,3.9383531444,27,5,7.324,0,2.952756,0.447388,2.87164379268,0,0,-0.894776,99.5, -2, 1.3,,,0,0,1024,1024,1662,1024,0,0,97,0,116.6,0,2.3,52,3.659,3.66,0,0,0,0,5.398,102.92,-0.800299894376,2.952756,38,Tripod,
246400,2026-05-22 09:06:38,51.988802958498,4.39002789701073,3.28084,,,-0.472215894376,3.608924,0,2.93018053996,4.0204397612,27,5,7.324,0,3.28084,0.447388,2.93018053996,0,0,-0.894776,99.6, -1.7, 1.9,,,0,0,1024,1024,1231,1024,0,0,31,0,116.7,0,3,52,3.659,3.66,0,0,0,0,5.398,102.92,-0.472215894376,3.28084,38,Tripod,
246500,2026-05-22 09:06:38,51.9888029606076,4.39002794566808,3.28084,,,-0.472215894376,3.608924,0,2.92101715384,4.0313977668,27,5,7.324,0,3.28084,0.447388,2.93018053996,0,0,-0.894776,99.6, -1.2, 2.4,,,0,0,1024,1024,1024,1024,0,0,0,0,116.7,0,3.2,52,3.659,3.66,0,0,0,0,5.398,102.92,-0.472215894376,3.28084,38,Tripod,
246600,2026-05-22 09:06:38,51.9888026960149,4.39002801529361,3.608924,,,-0.144131894376,3.937008,0,2.96841544932,4.1291996072,27,5,7.324,0,3.608924,0.447388,2.96841544932,0,0,-0.671082,99.6, -0.9, 2.5,,,0,0,1024,1024,1024,1024,0,0,0,0,116.7,0,3.2,52,3.659,3.66,0,0,0,0,5.398,102.92,-0.144131894376,3.608924,38,Tripod,
246700,2026-05-22 09:06:38,51.9888026862882,4.39002805744471,3.608924,,,-0.144131894376,3.937008,0,2.96330718144,4.1393045944,27,5,7.324,0,3.608924,0.447388,2.96841544932,0,0,-0.447388,99.6, -0.9, 2.5,,,0,0,1024,1024,1024,1024,0,0,0,0,116.7,0,3.2,52,3.659,3.66,0,0,0,0,5.398,102.92,-0.144131894376,3.608924,38,Tripod,
246800,2026-05-22 09:06:38,51.9888025714237,4.39002847861055,3.608924,,,-0.144131894376,3.937008,0,2.91790691752,4.2428150964,27,5,7.324,0,3.608924,0.447388,2.96841544932,0,0,-0.223694,99.5, -1.1, 2.6,,,0,0,1024,1024,1024,1024,0,0,0,0,116.7,0,3.3,52,3.659,3.66,0,0,0,0,5.398,102.92,-0.144131894376,3.608924,38,Tripod,
246900,2026-05-22 09:06:38,51.9888025500476,4.3900284967625,3.608924,,,-0.144131894376,3.937008,0,2.91996072336,4.2516077476,27,5,7.324,0,3.608924,0.447388,2.96841544932,0,0,0,99.5, -1.1, 2.5,,,0,0,1024,1024,1024,1024,0,0,0,0,116.7,0,3.1,52,3.659,3.66,0,0,0,0,5.398,102.92,-0.144131894376,3.608924,38,Tripod,
247000,2026-05-22 09:06:38,51.9888025466005,4.39002873316393,3.608924,,,-0.144131894376,3.937008,0,2.88103027592,4.3047245472,27,5,7.324,0,3.608924,0.447388,2.96841544932,0,0,0,99.6, -0.9, 2.2,,,0,0,1024,1024,364,1024,0,0,-100,0,116.7,0,2.7,52,3.659,3.66,0,0,0,0,5.398,102.92,-0.144131894376,3.608924,38,Tripod,
247100,2026-05-22 09:06:38,51.9888025249269,4.39002872570822,3.608924,,,-0.144131894376,3.937008,0,2.88756242836,4.312828222,27,5,7.324,0,3.608924,0.447388,2.96841544932,0,0,0,99.6, -0.9, 1.9,,,0,0,1024,1024,364,1024,0,0,-100,0,116.8,0,2.7,52,3.659,3.66,0,0,0,0,5.398,102.92,-0.144131894376,3.608924,38,Tripod,
247200,2026-05-22 09:06:39,51.9888025560948,4.3900286896069,3.608924,,,-0.144131894376,3.937008,0,2.88601715272,4.326771792,26,5,7.333,0,3.608924,0.447388,2.96841544932,0,0,0.223694,99.7, -1, 1.9,,,0,0,1024,1024,364,1024,0,0,-100,0,116.8,0,2.8,52,3.682,3.683,0,0,0,0,4.78,103.1,-0.144131894376,3.608924,38,Tripod,
247300,2026-05-22 09:06:39,51.9888025467921,4.39002869924325,3.608924,,,-0.144131894376,3.937008,0,2.8866634782,4.3308072252,26,5,7.333,0,3.608924,0.447388,2.96841544932,0,0,0.223694,99.7, -1, 2.2,,,0,0,1024,1024,944,1024,0,0,-12,0,116.7,0,3.1,52,3.682,3.683,0,0,0,0,4.78,103.1,-0.144131894376,3.608924,38,Tripod,
247400,2026-05-22 09:06:39,51.9888024856951,4.3900286186902,3.608924,,,-0.144131894376,3.937008,0,2.91501649748,4.3595145752,27,5,7.333,0,3.608924,0.447388,2.96841544932,0,0,0.447388,99.6, -0.8, 2.4,,,0,0,1024,1024,1024,1024,0,0,0,0,116.7,0,3.1,52,3.682,3.683,0,0,0,0,4.78,103.1,-0.144131894376,3.608924,38,Tripod,
247500,2026-05-22 09:06:39,51.988802486925,4.39002861546968,3.608924,,,-0.144131894376,3.608924,0,2.9152559988,4.3603675936,27,5,7.333,0,3.608924,0.447388,2.96841544932,0,0,0.447388,99.6, -0.8, 2.3,,,0,0,1491,1024,1024,1024,71,0,0,0,116.6,0,3.1,52,3.682,3.683,0,0,0,0,4.78,103.1,-0.144131894376,3.608924,38,Tripod,
247600,2026-05-22 09:06:39,51.9888024040698,4.39002818500398,3.608924,,,-0.144131894376,3.608924,0,3.00775600176,4.4617127412,27,5,7.333,0,3.608924,0.447388,3.00775600176,0,0,0.223694,99.5, -1, 2.4,,,0,0,1491,1024,1024,1024,71,0,0,0,116.6,0,3.1,52,3.682,3.683,0,0,0,0,4.78,103.1,-0.144131894376,3.608924,38,Tripod,
247700,2026-05-22 09:06:39,51.9888024040757,4.39002817310875,3.28084,,,-0.472215894376,3.608924,0,3.00977043752,4.4643702216,27,5,7.333,0,3.608924,0.447388,3.00977043752,0,0,0,99.5, -2.4, 2.3,,,0,0,1684,1024,1024,1024,100,0,0,0,116.7,0,2.9,52,3.682,3.683,0,0,0,0,4.78,103.1,-0.472215894376,3.28084,38,Tripod,
247800,2026-05-22 09:06:39,51.9888024855738,4.39002810906435,3.28084,,,-0.472215894376,3.608924,0,3.00127634276,4.4974082804,27,5,7.333,0,3.608924,0.447388,3.00977043752,0,0,0,99.4, -6, 2.2,,,0,0,1684,1024,1024,1024,100,0,0,0,116.7,0,2.9,52,3.682,3.683,0,0,0,0,4.78,103.1,-0.472215894376,3.28084,38,Tripod,
247900,2026-05-22 09:06:39,51.9888024574073,4.39002822277556,3.28084,,,-0.472215894376,3.608924,0.223694,2.98858605364,4.524934528,27,5,7.333,0,3.608924,0.447388,3.00977043752,0,0.223694,0,99.4, -6.9, 2.2,,,0,0,1684,1024,1024,1024,100,0,0,0,116.8,0,2.9,52,3.682,3.683,0,0,0,0,4.78,103.1,-0.472215894376,3.28084,38,Tripod,
248000,2026-05-22 09:06:39,51.9888024203243,4.39002891130122,3.28084,,,-0.472215894376,3.608924,0.447388,2.88264116836,4.6802494936,27,5,7.333,0,3.608924,0.447388,3.00977043752,0,0.447388,0,99.4, -6.9, 2.3,,,0,0,1024,1024,1024,1024,0,0,0,0,116.8,0,3,52,3.682,3.683,0,0,0,0,4.78,103.1,-0.472215894376,3.28084,38,Tripod,
248100,2026-05-22 09:06:39,51.9888023705527,4.39002928427052,3.28084,,,-0.472215894376,3.608924,0.671082,2.83473762352,4.7659778428,27,5,7.333,0,3.608924,0.671082,3.00977043752,0,0.671082,0,99.5, -5, 2.4,,,0,0,1024,1024,1027,1024,0,0,0,0,116.7,0,3.2,52,3.682,3.683,0,0,0,0,4.78,103.1,-0.472215894376,3.28084,38,Tripod,
248200,2026-05-22 09:06:40,51.9888023812229,4.390029854562,3.28084,,,-0.472215894376,3.608924,0.671082,2.74204077016,4.8941602616,27,5,7.309,0,3.608924,0.671082,3.00977043752,0,0.671082,0,99.6, -1.2, 2.5,,,0,0,1024,1024,1024,1024,0,0,0,0,116.6,0,3.2,52,3.654,3.656,0,0,0,0,5.255,103.28,-0.472215894376,3.28084,38,Tripod,
248300,2026-05-22 09:06:40,51.9888023285814,4.39003031373938,3.28084,,,-0.472215894376,3.608924,0.671082,2.6861549416,4.9991143332,27,5,7.309,0,3.608924,0.671082,3.00977043752,0,0.671082,0,99.6, -0.7, 2.4,,,0,0,1024,1024,364,1024,0,0,-100,0,116.6,0,3.2,52,3.654,3.656,0,0,0,0,5.255,103.28,-0.472215894376,3.28084,38,Tripod,
248400,2026-05-22 09:06:40,51.9888021848918,4.39003052954565,3.28084,,,-0.472215894376,3.608924,0.671082,2.6938813198,5.07053822,27,5,7.309,0,3.608924,0.671082,3.00977043752,0,0.671082,0,99.7, 0.5, 2.5,,,0,0,1024,1024,364,1024,0,0,-100,0,116.6,0,3.4,52,3.654,3.656,0,0,0,0,5.255,103.28,-0.472215894376,3.28084,38,Tripod,
248500,2026-05-22 09:06:40,51.9888021516441,4.39003092529857,3.28084,,,-0.472215894376,3.608924,0.447388,2.64674549152,5.160269194,27,5,7.309,0,3.608924,0.671082,3.00977043752,0,0.447388,0,99.7, 1.4, 2.7,,,0,0,1024,1024,364,1024,0,0,-100,0,116.6,0,3.3,52,3.654,3.656,0,0,0,0,5.255,103.28,-0.472215894376,3.28084,38,Tripod,
248600,2026-05-22 09:06:40,51.9888022409293,4.3900309777903,3.28084,,,-0.472215894376,3.608924,0.447388,2.6139600574,5.1949148644,27,5,7.309,0,3.608924,0.671082,3.00977043752,0,0.447388,0.223694,99.7, 1.6, 2.5,,,0,0,1024,1024,364,1024,0,0,-100,0,116.5,0,3.2,52,3.654,3.656,0,0,0,0,5.255,103.28,-0.472215894376,3.28084,38,Tripod,
248700,2026-05-22 09:06:40,51.9888022251005,4.39003119056646,3.28084,,,-0.472215894376,3.608924,0.223694,2.58877304872,5.2430775956,27,5,7.309,0,3.608924,0.671082,3.00977043752,0,0.223694,0.447388,99.6, 1.2, 2.3,,,0,0,1024,1024,364,1024,0,0,-100,0,116.4,0,3,52,3.654,3.656,0,0,0,0,5.255,103.28,-0.472215894376,3.28084,38,Tripod,
248800,2026-05-22 09:06:40,51.9888022704175,4.39003101252133,3.28084,,,-0.472215894376,3.28084,0.223694,2.60068577876,5.2863518752,27,5,7.309,0,3.608924,0.671082,3.00977043752,0,0.223694,0.447388,99.5, 0.9, 2.1,,,0,0,1024,1024,1024,1024,0,0,0,0,116.4,0,3,52,3.654,3.656,0,0,0,0,5.255,103.28,-0.472215894376,3.28084,38,Tripod,
248900,2026-05-22 09:06:40,51.9888022728893,4.39003112587692,2.952756,,,-0.800299894376,3.28084,0,2.58406504332,5.311844002,27,5,7.309,0,3.608924,0.671082,3.00977043752,0,0,0.447388,99.5, 0.5, 2.5,,,0,0,1024,1024,1024,1024,0,0,0,0,116.5,0,3.7,52,3.654,3.656,0,0,0,0,5.255,103.28,-0.800299894376,2.952756,38,Tripod,
249000,2026-05-22 09:06:40,51.9888020112479,4.39003100750535,2.952756,,,-0.800299894376,3.28084,0,2.67563328772,5.41092537,27,5,7.309,0,3.608924,0.671082,3.00977043752,0,0,0.223694,99.6, 0.7, 3,,,0,0,1616,1024,1024,1024,90,0,0,0,116.5,0,3.6,52,3.654,3.656,0,0,0,0,5.255,103.28,-0.800299894376,2.952756,38,Tripod,
249100,2026-05-22 09:06:40,51.9888020163405,4.39003103332169,2.952756,,,-0.800299894376,3.28084,0,2.67062344504,5.4170277324,27,5,7.309,0,3.608924,0.671082,3.00977043752,0,0,0,99.6, 0.2, 2.7,,,0,0,1684,1024,1024,1024,100,0,0,0,116.6,0,3.1,52,3.654,3.656,0,0,0,0,5.255,103.28,-0.800299894376,2.952756,38,Tripod,
249200,2026-05-22 09:06:41,51.9888016107054,4.39003070940797,2.952756,,,-0.800299894376,3.28084,0,2.83249352896,5.5819555592,25,5,7.317,0,3.608924,0.671082,3.00977043752,0,0,0,99.4, -4.1, 2.3,,,0,0,1684,1024,1024,1024,100,0,0,0,116.6,0,2.8,52,3.645,3.646,0,0,0,0,4.89,103.28,-0.800299894376,2.952756,38,Tripod,
249300,2026-05-22 09:06:41,51.9888016091981,4.39003073657112,2.952756,,,-0.800299894376,3.28084,0,2.82927174408,5.5880579216,25,5,7.317,0,3.608924,0.671082,3.00977043752,0,0,0,99.3, -6.7, 2,,,0,0,1525,1024,1024,1024,76,0,0,0,116.7,0,3,52,3.645,3.646,0,0,0,0,4.89,103.28,-0.800299894376,2.952756,38,Tripod,
249400,2026-05-22 09:06:41,51.9888012894988,4.39003058588739,2.952756,,,-0.800299894376,3.28084,0.223694,2.94326452988,5.7095146184,26,5,7.317,0,3.608924,0.671082,3.00977043752,0,0.223694,0,99.5, -6.7, 2.6,,,0,0,1024,1024,1330,1024,0,0,46,0,116.8,0,3.5,52,3.645,3.646,0,0,0,0,4.89,103.28,-0.800299894376,2.952756,38,Tripod,
249500,2026-05-22 09:06:41,51.9888012740417,4.3900308651129,2.952756,,,-0.800299894376,3.28084,0.447388,2.91148631364,5.7725067464,26,5,7.317,0,3.608924,0.671082,3.00977043752,0,0.447388,0,99.6, -3.5, 2.7,,,0,0,1024,1024,1330,1024,0,0,46,0,116.7,0,3.5,52,3.645,3.646,0,0,0,0,4.89,103.28,-0.800299894376,2.952756,38,Tripod,
249600,2026-05-22 09:06:41,51.9888010634156,4.39003107056985,2.952756,,,-0.800299894376,3.28084,0.447388,2.94923565868,5.8621721036,26,5,7.317,0,3.608924,0.671082,3.00977043752,0,0.447388,0,99.6, -1.2, 2.7,,,0,0,1024,1024,1684,1024,0,0,100,0,116.6,0,3.3,52,3.645,3.646,0,0,0,0,4.89,103.28,-0.800299894376,2.952756,38,Tripod,
249700,2026-05-22 09:06:41,51.9888010466006,4.39003139231163,2.952756,,,-0.800299894376,3.28084,0.447388,2.91536098568,5.934711476,26,5,7.317,0,3.608924,0.671082,3.00977043752,0,0.447388,-0.223694,99.5, -1, 2.5,,,0,0,1024,1024,1684,1127,0,0,100,16,116.6,0,3.3,52,3.645,3.646,0,0,0,0,4.89,103.28,-0.800299894376,2.952756,38,Tripod,
249800,2026-05-22 09:06:41,51.9888010661214,4.39003181853605,2.952756,,,-0.800299894376,3.28084,0.447388,2.85954077392,6.0307416628,26,5,7.317,0,3.608924,0.671082,3.00977043752,0,0.447388,-0.447388,99.6, 0, 2.6,,,0,0,1024,1024,1684,1184,0,0,100,24,116.7,0,3.5,52,3.645,3.646,0,0,0,0,4.89,103.28,-0.800299894376,2.952756,38,Tripod,
249900,2026-05-22 09:06:41,51.9888010612201,4.39003210537987,3.28084,,,-0.472215894376,3.28084,0.223694,2.82893053672,6.0952101688,26,5,7.317,0,3.608924,0.671082,3.00977043752,0,0.223694,-0.671082,99.8, 0.6, 3,,,0,0,1024,1024,1684,1350,0,0,100,49,117,0,4,52,3.645,3.646,0,0,0,0,4.89,103.28,-0.472215894376,3.28084,38,Tripod,
250000,2026-05-22 09:06:41,51.9888011955904,4.39003266479512,3.28084,,,-0.472215894376,3.608924,0.223694,2.72591216072,6.2301183096,26,5,7.317,0,3.608924,0.671082,3.00977043752,0,0.223694,-0.894776,100.2, 0.6, 3.2,,,0,0,1024,1024,1684,1509,0,0,100,73,117.8,0,3.9,52,3.645,3.646,0,0,0,0,4.89,103.28,-0.472215894376,3.28084,38,Tripod,
250100,2026-05-22 09:06:41,51.9888011961481,4.3900328237171,3.608924,,,-0.144131894376,3.608924,0.223694,2.70939313132,6.2658138488,26,5,7.317,0,3.608924,0.671082,3.00977043752,0,0.223694,-0.894776,101.3, 0.6, 2.9,,,0,0,1024,1024,1623,1659,0,0,91,96,119.6,0,3.7,52,3.645,3.646,0,0,0,0,4.89,103.28,-0.144131894376,3.608924,38,Tripod,
250200,2026-05-22 09:06:42,51.9888013054513,4.39003289665705,3.608924,,,-0.144131894376,3.937008,0,2.66641412732,6.3089568948,27,5,7.274,0,3.608924,0.671082,3.00977043752,0,0,-0.894776,103.6, 0.9, 3,,,0,0,1024,1024,1421,1684,0,0,60,100,122.7,0,4,52,3.639,3.64,0,0,0,0,5.763,103.28,-0.144131894376,3.608924,38,Tripod,
250300,2026-05-22 09:06:42,51.9888013161589,4.39003294429017,3.937008,,,0.183952105624,3.937008,0,2.65809063624,6.3203414096,27,5,7.274,0.183952105624,3.937008,0.671082,3.00977043752,0,0,-0.894776,107.2, 0.6, 3.2,,,0,0,1024,1024,1421,1684,0,0,60,100,126.8,0,4,52,3.639,3.64,0,0,0,0,5.763,103.28,0.183952105624,3.937008,38,Tripod,
250400,2026-05-22 09:06:42,51.9888014314418,4.39003326374959,3.937008,,,0.183952105624,4.265092,0,2.58857291748,6.403543512,27,5,7.274,0.183952105624,3.937008,0.671082,3.00977043752,0,0,-0.894776,111.3, 0, 3.3,,,0,0,1024,1024,1185,1411,0,0,24,59,130.1,0,4.2,52,3.639,3.64,0,0,0,0,5.763,103.28,0.183952105624,3.937008,38,Tripod,
250500,2026-05-22 09:06:42,51.9888014557808,4.39003323839059,3.937008,,,0.183952105624,4.265092,0,2.58307751048,6.4140750084,27,5,7.274,0.183952105624,3.937008,0.671082,3.00977043752,0,0,-0.447388,113.4, -0.6, 3.4,,,0,0,1024,1024,1091,1298,0,0,10,42,130.8,0,4.4,52,3.639,3.64,0,0,0,0,5.763,103.28,0.183952105624,3.937008,38,Tripod,
250600,2026-05-22 09:06:42,51.9888017588024,4.39003331952705,3.937008,,,0.183952105624,4.265092,0,2.47592855692,6.5261156944,27,5,7.274,0.183952105624,3.937008,0.671082,3.00977043752,0,0,-0.223694,113.9, -1.1, 3.6,,,0,0,1024,1024,1024,1684,0,0,0,100,132.1,0,4.2,52,3.639,3.64,0,0,0,0,5.763,103.28,0.183952105624,3.937008,38,Tripod,
250700,2026-05-22 09:06:42,51.9888017823366,4.39003325084403,4.265092,,,0.512036105624,4.265092,0,2.47526910808,6.543799422,27,5,7.274,0.512036105624,4.265092,0.671082,3.00977043752,0,0,0,116.4, -1.9, 3.2,,,0,0,1024,1024,1076,1684,0,0,8,100,136,0,3.6,52,3.639,3.64,0,0,0,0,5.763,103.28,0.512036105624,4.265092,38,Tripod,
250800,2026-05-22 09:06:42,51.9888020372379,4.39003293108811,4.265092,,,0.512036105624,4.265092,0,2.42764443464,6.6613191108,27,5,7.274,0.512036105624,4.265092,0.671082,3.00977043752,0,0,0,120.3, -2.3, 2.8,,,0,0,1024,1024,1280,1684,0,0,39,100,140,0,3.3,52,3.639,3.64,0,0,0,0,5.763,103.28,0.512036105624,4.265092,38,Tripod,
250900,2026-05-22 09:06:42,51.9888020337289,4.39003287118502,4.265092,,,0.512036105624,4.265092,0,2.43544299132,6.6748361716,27,5,7.274,0.512036105624,4.265092,0.671082,3.00977043752,0,0,0,124.3, -2.4, 2.3,,,0,0,1024,1024,1308,1684,0,0,43,100,144,0,2.5,52,3.639,3.64,0,0,0,0,5.763,103.28,0.512036105624,4.265092,38,Tripod,
251000,2026-05-22 09:06:42,51.9888020855809,4.39003257317023,4.265092,,,0.512036105624,4.265092,0,2.45338262444,6.744422788,27,5,7.274,0.512036105624,4.265092,0.671082,3.00977043752,0,0,0,128.4, -2.4, 1.3,,,0,0,1024,1024,1024,1024,0,0,0,0,148,0,1.6,52,3.639,3.64,0,0,0,0,5.763,103.28,0.512036105624,4.265092,38,Tripod,
251100,2026-05-22 09:06:42,51.9888020782877,4.39003252114107,4.265092,,,0.512036105624,4.265092,0,2.46177501316,6.756397854,27,5,7.274,0.512036105624,4.265092,0.671082,3.00977043752,0,0,0,131.9, -2.4, 0.6,,,0,0,1024,1024,1024,1024,0,0,0,0,148.8,0,1.5,52,3.639,3.64,0,0,0,0,5.763,103.28,0.512036105624,4.265092,38,Tripod,
251200,2026-05-22 09:06:43,51.9888019982056,4.39003238572177,4.265092,,,0.512036105624,4.265092,0,2.50264443704,6.7985894564,27,5,7.289,0.512036105624,4.265092,0.671082,3.00977043752,0,0,0,131.7, -2.8, 0.9,,,0,0,1024,1024,1024,1024,0,0,0,0,148.6,0,1.8,52,3.644,3.646,0,0,0,0,4.693,103.46,0.512036105624,4.265092,38,Tripod,
251300,2026-05-22 09:06:43,51.9888020175698,4.39003234101356,4.265092,,,0.512036105624,4.265092,0,2.50199483072,6.810859798,27,5,7.289,0.512036105624,4.265092,0.671082,3.00977043752,0,0,0,131.5, -3.1, 1.2,,,0,0,1024,1024,1024,1024,0,0,0,0,148.7,0,2.4,52,3.644,3.646,0,0,0,0,4.693,103.46,0.512036105624,4.265092,38,Tripod,
251400,2026-05-22 09:06:43,51.9888019533742,4.3900325042142,4.265092,,,0.512036105624,4.265092,0,2.50263459452,6.8543637364,27,5,7.289,0.512036105624,4.265092,0.671082,3.00977043752,0,0,0,131.5, -3.4, 1.6,,,0,0,1024,1024,1024,1684,0,0,0,100,149.5,0,2.3,52,3.644,3.646,0,0,0,0,4.693,103.46,0.512036105624,4.265092,38,Tripod,
251500,2026-05-22 09:06:43,51.9888019905357,4.39003245678628,4.265092,,,0.512036105624,4.265092,0,2.49661753396,6.8716209548,27,5,7.289,0.512036105624,4.265092,0.671082,3.00977043752,0,0,0,133.7, -3.9, 1.4,,,0,0,1024,1024,1024,1684,0,0,0,100,153.2,0,1.8,52,3.644,3.646,0,0,0,0,4.693,103.46,0.512036105624,4.265092,38,Tripod,
251600,2026-05-22 09:06:43,51.9888020967487,4.39003277628657,4.265092,,,0.512036105624,4.265092,0,2.42633866032,6.9531826372,27,5,7.289,0.512036105624,4.265092,0.671082,3.00977043752,0,0,0,137.6, -4.6, 1.1,,,0,0,1024,1024,1024,1684,0,0,0,100,157.3,0,1.7,52,3.644,3.646,0,0,0,0,4.693,103.46,0.512036105624,4.265092,38,Tripod,
251700,2026-05-22 09:06:43,51.9888021569473,4.39003270784178,4.265092,,,0.512036105624,4.265092,0,2.4154036206,6.9799871,27,5,7.289,0.512036105624,4.265092,0.671082,3.00977043752,0,0,0,141.7, -5.6, 1.1,,,0,0,1024,1024,1024,1652,0,0,0,95,161.5,0,1.5,52,3.644,3.646,0,0,0,0,4.693,103.46,0.512036105624,4.265092,38,Tripod,
251800,2026-05-22 09:06:43,51.9888022382805,4.39003302751249,4.265092,,,0.512036105624,4.265092,0,2.35325138764,7.0577101996,28,5,7.289,0.512036105624,4.265092,0.671082,3.00977043752,0,0,0,145.8, -6.4, 0.5,,,0,0,1024,1024,1024,1024,0,0,0,0,164,0,0.9,52,3.644,3.646,0,0,0,0,4.693,103.46,0.512036105624,4.265092,38,Tripod,
251900,2026-05-22 09:06:43,51.9888022867124,4.39003294268947,4.265092,,,0.512036105624,4.265092,0,2.34765755544,7.0836944524,28,5,7.289,0.512036105624,4.265092,0.671082,3.00977043752,0,0,0,146.9, -6.6, 0.3,,,0,0,1024,1024,1024,1024,0,0,0,0,163.8,0,0.9,52,3.644,3.646,0,0,0,0,4.693,103.46,0.512036105624,4.265092,38,Tripod,
252000,2026-05-22 09:06:43,51.9888020991207,4.39003341116498,4.265092,,,0.512036105624,4.265092,0,2.35608275256,7.2092521992,28,5,7.289,0.512036105624,4.265092,0.671082,3.00977043752,0,0,0,146.7, -6.7, 0.1,,,0,0,1024,1024,1024,1399,0,0,0,57,163.6,0,0.4,52,3.644,3.646,0,0,0,0,4.693,103.46,0.512036105624,4.265092,38,Tripod,
252100,2026-05-22 09:06:43,51.9888021262436,4.39003332303797,4.265092,,,0.512036105624,4.265092,0,2.35661424864,7.2313978692,28,5,7.289,0.512036105624,4.265092,0.671082,3.00977043752,0,0,0,146.6, -7.1, -0.4,,,0,0,1024,1024,1024,1399,0,0,0,57,163.7,0,-0.2,52,3.644,3.646,0,0,0,0,4.693,103.46,0.512036105624,4.265092,38,Tripod,
252200,2026-05-22 09:06:44,51.9888020495826,4.39003342638681,4.265092,,,0.512036105624,4.265092,0,2.37053157192,7.2677495764,28,5,7.272,0.512036105624,4.265092,0.671082,3.00977043752,0,0,0,147.8, -7.4, -1.1,,,0,0,1024,1024,1024,1684,0,0,0,100,167,0,-0.4,52,3.638,3.638,0,0,0,0,5.285,103.64,0.512036105624,4.265092,38,Tripod,
252300,2026-05-22 09:06:44,51.9888020618842,4.39003339852461,4.265092,,,0.512036105624,4.265092,0,2.36943577136,7.2754595504,28,5,7.272,0.512036105624,4.265092,0.671082,3.00977043752,0,0,0,151.6, -7.1, -0.9,,,0,0,1024,1024,1024,1367,0,0,0,52,171.2,0,0,52,3.638,3.638,0,0,0,0,5.285,103.64,0.512036105624,4.265092,38,Tripod,
252400,2026-05-22 09:06:44,51.9888021316571,4.39003345385342,4.265092,,,0.512036105624,4.265092,0,2.34111556048,7.3037731996,26,5,7.272,0.512036105624,4.265092,0.671082,3.00977043752,0,0,0,154.6, -7.2, -0.2,,,0,0,1024,1024,1024,1024,0,0,0,0,171.5,0,0.4,52,3.638,3.638,0,0,0,0,5.285,103.64,0.512036105624,4.265092,38,Tripod,
252500,2026-05-22 09:06:44,51.9888021422041,4.39003343913153,4.265092,,,0.512036105624,4.265092,0,2.33924220084,7.3088585016,26,5,7.272,0.512036105624,4.265092,0.671082,3.00977043752,0,0,0,154.4, -7.5, -0.5,,,0,0,1024,1024,1024,1024,0,0,0,0,171.1,0,-0.4,52,3.638,3.638,0,0,0,0,5.285,103.64,0.512036105624,4.265092,38,Tripod,
252600,2026-05-22 09:06:44,51.9888021095825,4.39003357412217,4.265092,,,0.512036105624,4.265092,0,2.33590558656,7.3414372428,23,5,7.272,0.512036105624,4.265092,0.671082,3.00977043752,0,0,0,154.2, -7.5, -1.3,,,0,0,1024,1024,1024,1024,0,0,0,0,171.1,0,-0.3,52,3.638,3.638,0,0,0,0,5.285,103.64,0.512036105624,4.265092,38,Tripod,
252700,2026-05-22 09:06:44,51.9888021037495,4.39003357481253,4.265092,,,0.512036105624,4.265092,0,2.33773301444,7.3435697888,23,5,7.272,0.512036105624,4.265092,0.671082,3.00977043752,0,0,0,154.2, -7.5, -0.9,,,0,0,1024,1024,1024,1024,0,0,0,0,171.1,0,-0.4,52,3.638,3.638,0,0,0,0,5.285,103.64,0.512036105624,4.265092,38,Tripod,
252800,2026-05-22 09:06:44,51.9888019877004,4.3900337874687,4.265092,,,0.512036105624,4.265092,0,2.35470479976,7.4074149352,23,5,7.272,0.512036105624,4.265092,0.671082,3.00977043752,0,0,0,154.3, -7.7, -1.2,,,0,0,1024,1024,1024,1024,0,0,0,0,171,0,-1.4,52,3.638,3.638,0,0,0,0,5.285,103.64,0.512036105624,4.265092,38,Tripod,
252900,2026-05-22 09:06:44,51.9888019707127,4.39003376867247,4.265092,,,0.512036105624,4.265092,0,2.36211293648,7.4148952504,23,5,7.272,0.512036105624,4.265092,0.671082,3.00977043752,0,0,0,154.2, -7.7, -2.3,,,0,0,1024,1024,1024,1024,0,0,0,0,171,0,-1.3,52,3.638,3.638,0,0,0,0,5.285,103.64,0.512036105624,4.265092,38,Tripod,
253000,2026-05-22 09:06:44,51.988801867292,4.39003407939892,4.265092,,,0.512036105624,4.265092,0,2.36757225424,7.49425877,22,5,7.272,0.512036105624,4.265092,0.671082,3.00977043752,0,0,0,154.3, -7.8, -1.6,,,0,0,1024,1024,1024,1024,0,0,0,0,171.2,0,-0.8,52,3.638,3.638,0,0,0,0,5.285,103.64,0.512036105624,4.265092,38,Tripod,
253100,2026-05-22 09:06:44,51.988801843304,4.39003408296202,4.265092,,,0.512036105624,4.265092,0,2.37528222824,7.5030514212,22,5,7.272,0.512036105624,4.265092,0.671082,3.00977043752,0,0,0,154.4, -7.9, -1.6,,,0,0,1024,1024,1024,1024,0,0,0,0,171.2,0,-1.5,52,3.638,3.638,0,0,0,0,5.285,103.64,0.512036105624,4.265092,38,Tripod,
253200,2026-05-22 09:06:45,51.9888017297227,4.39003440148154,4.265092,,,0.512036105624,4.265092,0,2.38632553568,7.5857613976,22,5,7.272,0.512036105624,4.265092,0.671082,3.00977043752,0,0,0,154.4, -7.6, -2.8,,,0,0,1024,1024,1024,1024,0,0,0,0,171,0,-2.1,52,3.636,3.637,0,0,0,0,5.343,103.82,0.512036105624,4.265092,38,Tripod,
253300,2026-05-22 09:06:45,51.98880167004,4.39003443443364,4.265092,,,0.512036105624,4.265092,0,2.40394036564,7.608760086,22,5,7.272,0.512036105624,4.265092,0.671082,3.00977043752,0,0,0,154.3, -6.9, -3,,,0,0,1024,1024,1024,1024,0,0,0,0,171,0,-1.5,52,3.636,3.637,0,0,0,0,5.343,103.82,0.512036105624,4.265092,38,Tripod,
253400,2026-05-22 09:06:45,51.9888013915563,4.39003452769661,4.265092,,,0.512036105624,4.265092,0,2.49185703512,7.7125002468,21,5,7.272,0.512036105624,4.265092,0.671082,3.00977043752,0,0,0,154.2, -6.5, -1.5,,,0,0,1024,1024,1024,1024,0,0,0,0,171.1,0,-0.1,52,3.636,3.637,0,0,0,0,5.343,103.82,0.512036105624,4.265092,38,Tripod,
253500,2026-05-22 09:06:45,51.9888013551318,4.39003464468746,4.265092,,,0.512036105624,4.265092,0,2.49564312448,7.74196219,21,5,7.272,0.512036105624,4.265092,0.671082,3.00977043752,0,0,0,154.2, -5.7, -0.6,,,0,0,1024,1024,1024,1024,0,0,0,0,171.2,0,0,52,3.636,3.637,0,0,0,0,5.343,103.82,0.512036105624,4.265092,38,Tripod,
253600,2026-05-22 09:06:45,51.9888014292982,4.39003483049957,4.265092,,,0.512036105624,4.265092,0,2.45660440932,7.7916997244,21,5,7.272,0.512036105624,4.265092,0.671082,3.00977043752,0,0,0,154.2, -5.4, -0.9,,,0,0,1024,1024,1024,1024,0,0,0,0,171.1,0,-0.1,52,3.636,3.637,0,0,0,0,5.343,103.82,0.512036105624,4.265092,38,Tripod,
253700,2026-05-22 09:06:45,51.988801415982,4.39003492348432,4.265092,,,0.512036105624,4.265092,0,2.45471792632,7.813156418,21,5,7.272,0.512036105624,4.265092,0.671082,3.00977043752,0,0,0,154.2, -6.1, -0.6,,,0,0,1024,1024,1024,1024,0,0,0,0,171.2,0,0.5,52,3.636,3.637,0,0,0,0,5.343,103.82,0.512036105624,4.265092,38,Tripod,
253800,2026-05-22 09:06:45,51.9888014779087,4.39003489788273,4.265092,,,0.512036105624,4.265092,0,2.43501320128,7.836450382,24,5,7.272,0.512036105624,4.265092,0.671082,3.00977043752,0,0,0,154.2, -6, 0,,,0,0,1024,1024,1024,1024,0,0,0,0,171.2,0,0.5,52,3.636,3.637,0,0,0,0,5.343,103.82,0.512036105624,4.265092,38,Tripod,
253900,2026-05-22 09:06:45,51.9888014673919,4.39003497109744,4.265092,,,0.512036105624,4.265092,0,2.43358603588,7.853346708,24,5,7.272,0.512036105624,4.265092,0.671082,3.00977043752,0,0,0,154.2, -6, -0.2,,,0,0,1024,1024,1024,1024,0,0,0,0,171.1,0,0,52,3.636,3.637,0,0,0,0,5.343,103.82,0.512036105624,4.265092,38,Tripod,
254000,2026-05-22 09:06:45,51.9888015787774,4.39003483231068,4.265092,,,0.512036105624,4.265092,0,2.40478026068,7.9045934288,24,5,7.272,0.512036105624,4.265092,0.671082,3.00977043752,0,0,0,154.2, -5.9, -0.7,,,0,0,1024,1024,1024,1024,0,0,0,0,171.2,0,0.1,52,3.636,3.637,0,0,0,0,5.343,103.82,0.512036105624,4.265092,38,Tripod,
254100,2026-05-22 09:06:45,51.988801572183,4.39003487684327,4.265092,,,0.512036105624,4.265092,0,2.40385834464,7.914862458,24,5,7.272,0.512036105624,4.265092,0.671082,3.00977043752,0,0,0,154.2, -6.2, -0.5,,,0,0,1024,1024,1024,1024,0,0,0,0,171.1,0,-0.1,52,3.636,3.637,0,0,0,0,5.343,103.82,0.512036105624,4.265092,38,Tripod,
254200,2026-05-22 09:06:46,51.9888015872127,4.39003468363108,4.265092,,,0.512036105624,4.265092,0,2.4128445654,7.9586288636,24,5,7.267,0.512036105624,4.265092,0.671082,3.00977043752,0,0,0,154.3, -6.5, -0.9,,,0,0,1024,1024,1024,1024,0,0,0,0,171.1,0,-0.3,51,3.634,3.635,0,0,0,0,5.197,104,0.512036105624,4.265092,38,Tripod,
254300,2026-05-22 09:06:46,51.9888015840343,4.3900347203732,4.265092,,,0.512036105624,4.265092,0,2.4111877412,7.9669621972,24,5,7.267,0.512036105624,4.265092,0.671082,3.00977043752,0,0,0,154.2, -6.4, -0.9,,,0,0,1024,1024,1024,1024,0,0,0,0,171.1,0,0.2,51,3.634,3.635,0,0,0,0,5.197,104,0.512036105624,4.265092,38,Tripod,
254400,2026-05-22 09:06:46,51.9888014993852,4.39003467633622,4.265092,,,0.512036105624,4.265092,0,2.44360572124,7.9993768964,24,5,7.267,0.512036105624,4.265092,0.671082,3.00977043752,0,0,0,154.2, -6.7, -0.2,,,0,0,1024,1024,1024,1024,0,0,0,0,171.1,0,0.3,51,3.634,3.635,0,0,0,0,5.197,104,0.512036105624,4.265092,38,Tripod,
254500,2026-05-22 09:06:46,51.9888015116886,4.39003470198562,4.265092,,,0.512036105624,4.265092,0,2.43746398876,8.0066931696,24,5,7.267,0.512036105624,4.265092,0.671082,3.00977043752,0,0,0,154.2, -7.2, -0.5,,,0,0,1024,1024,1024,1024,0,0,0,0,171.1,0,0,51,3.634,3.635,0,0,0,0,5.197,104,0.512036105624,4.265092,38,Tripod,
254600,2026-05-22 09:06:46,51.9888015251615,4.39003473912074,4.265092,,,0.512036105624,4.265092,0,2.43008209876,8.0163716476,24,5,7.267,0.512036105624,4.265092,0.671082,3.00977043752,0,0,0,154.2, -7.4, -0.6,,,0,0,1024,1024,1024,1024,0,0,0,0,171.1,0,0.1,51,3.634,3.635,0,0,0,0,5.197,104,0.512036105624,4.265092,38,Tripod,
254700,2026-05-22 09:06:46,51.9888015280783,4.39003476708642,4.265092,,,0.512036105624,4.265092,0,2.42702435588,8.0227364772,24,5,7.267,0.512036105624,4.265092,0.671082,3.00977043752,0,0,0,154.2, -6.8, -0.3,,,0,0,1024,1024,1024,1024,0,0,0,0,171.2,0,0.5,51,3.634,3.635,0,0,0,0,5.197,104,0.512036105624,4.265092,38,Tripod,
254800,2026-05-22 09:06:46,51.9888013935478,4.39003485275369,4.265092,,,0.512036105624,4.265092,0,2.46741805796,8.075459576,25,5,7.267,0.512036105624,4.265092,0.671082,3.00977043752,0,0,0,154.3, -6.5, -0.2,,,0,0,1024,1024,1024,1024,0,0,0,0,171.1,0,-0.2,51,3.634,3.635,0,0,0,0,5.197,104,0.512036105624,4.265092,38,Tripod,
254900,2026-05-22 09:06:46,51.9888013753168,4.39003486651395,4.265092,,,0.512036105624,4.265092,0,2.47277895052,8.0828086576,25,5,7.267,0.512036105624,4.265092,0.671082,3.00977043752,0,0,0,154.2, -6.5, -1,,,0,0,1024,1024,1024,1024,0,0,0,0,171.1,0,0,51,3.634,3.635,0,0,0,0,5.197,104,0.512036105624,4.265092,38,Tripod,
255000,2026-05-22 09:06:46,51.9888011636526,4.39003473483599,4.265092,,,0.512036105624,4.265092,0,2.55537737836,8.165518634,25,5,7.267,0.512036105624,4.265092,0.671082,3.00977043752,0,0,0,154.2, -6.2, -0.7,,,0,0,1024,1024,1024,1024,0,0,0,0,171.1,0,0,51,3.634,3.635,0,0,0,0,5.197,104,0.512036105624,4.265092,38,Tripod,
255100,2026-05-22 09:06:46,51.9888011390108,4.39003475979851,4.265092,,,0.512036105624,4.265092,0,2.56218512136,8.1761157472,25,5,7.267,0.512036105624,4.265092,0.671082,3.00977043752,0,0,0,154.2, -5.8, -0.5,,,0,0,1024,1024,1024,1024,0,0,0,0,171,0,-0.1,51,3.634,3.635,0,0,0,0,5.197,104,0.512036105624,4.265092,38,Tripod,
255200,2026-05-22 09:06:47,51.9888008459625,4.39003464714285,4.265092,,,0.512036105624,4.265092,0,2.67170940308,8.2859910788,24,5,7.268,0.512036105624,4.265092,0.671082,3.00977043752,0,0,0,154.1, -5.1, -1,,,0,0,1024,1024,1024,1024,0,0,0,0,171,0,0,51,3.629,3.63,0,0,0,0,5.047,104,0.512036105624,4.265092,38,Tripod,
255300,2026-05-22 09:06:47,51.9888008283773,4.39003467879856,4.265092,,,0.512036105624,4.265092,0,2.67565953444,8.2955711316,24,5,7.268,0.512036105624,4.265092,0.671082,3.00977043752,0,0,0,154.2, -4.9, -0.4,,,0,0,1024,1024,1024,1024,0,0,0,0,171.2,0,0.4,51,3.629,3.63,0,0,0,0,5.047,104,0.512036105624,4.265092,38,Tripod,
255400,2026-05-22 09:06:47,51.9888006691119,4.39003455646046,4.265092,,,0.512036105624,4.265092,0,2.73937344724,8.3598427872,24,5,7.268,0.512036105624,4.265092,0.671082,3.00977043752,0,0,0,154.3, -5.3, -0.2,,,0,0,1024,1024,1024,1024,0,0,0,0,171.2,0,0,51,3.629,3.63,0,0,0,0,5.047,104,0.512036105624,4.265092,38,Tripod,
255500,2026-05-22 09:06:47,51.9888006560733,4.39003456168946,4.265092,,,0.512036105624,4.265092,0,2.74354667572,8.3647312388,24,5,7.268,0.512036105624,4.265092,0.671082,3.00977043752,0,0,0,154.3, -5.4, -0.7,,,0,0,1024,1024,1024,1024,0,0,0,0,171.1,0,0,51,3.629,3.63,0,0,0,0,5.047,104,0.512036105624,4.265092,38,Tripod,
255600,2026-05-22 09:06:47,51.9888006700104,4.39003471136026,4.265092,,,0.512036105624,4.265092,0,2.72863525792,8.3987535496,24,5,7.268,0.512036105624,4.265092,0.671082,3.00977043752,0,0,0,154.2, -5.2, -0.7,,,0,0,1024,1024,1024,1024,0,0,0,0,171.1,0,-0.1,51,3.629,3.63,0,0,0,0,5.047,104,0.512036105624,4.265092,38,Tripod,
255700,2026-05-22 09:06:47,51.9888006480437,4.39003471976457,4.265092,,,0.512036105624,4.265092,0,2.7357448382,8.406988458,24,5,7.268,0.512036105624,4.265092,0.671082,3.00977043752,0,0,0,154.3, -5.2, -1,,,0,0,1024,1024,1024,1024,0,0,0,0,171.1,0,-0.5,51,3.629,3.63,0,0,0,0,5.047,104,0.512036105624,4.265092,38,Tripod,
255800,2026-05-22 09:06:47,51.9888006482651,4.39003481981116,4.265092,,,0.512036105624,4.265092,0,2.72917987736,8.429462212,24,5,7.268,0.512036105624,4.265092,0.671082,3.00977043752,0,0,0,154.3, -4.8, -1,,,0,0,1024,1024,1024,1024,0,0,0,0,171.1,0,-0.2,51,3.629,3.63,0,0,0,0,5.047,104,0.512036105624,4.265092,38,Tripod,
255900,2026-05-22 09:06:47,51.9888006258885,4.39003484120363,4.265092,,,0.512036105624,4.265092,0,2.735646413,8.4389438396,24,5,7.268,0.512036105624,4.265092,0.671082,3.00977043752,0,0,0,154.3, -4.1, -0.9,,,0,0,1024,1024,1024,1024,0,0,0,0,171.2,0,-0.2,51,3.629,3.63,0,0,0,0,5.047,104,0.512036105624,4.265092,38,Tripod,
256000,2026-05-22 09:06:47,51.9888004642418,4.39003473980415,4.265092,,,0.512036105624,4.265092,0,2.79865822604,8.5021656264,24,5,7.268,0.512036105624,4.265092,0.671082,3.00977043752,0,0,0,154.3, -3.8, -0.9,,,0,0,1024,1024,1024,1024,0,0,0,0,171,0,0,51,3.629,3.63,0,0,0,0,5.047,104,0.512036105624,4.265092,38,Tripod,
256100,2026-05-22 09:06:47,51.9888004743066,4.39003475055255,4.265092,,,0.512036105624,4.265092,0,2.79445218916,8.506561952,24,5,7.268,0.512036105624,4.265092,0.671082,3.00977043752,0,0,0,154.1, -4.4, -0.6,,,0,0,1024,1024,1024,1024,0,0,0,0,171,0,0.3,51,3.629,3.63,0,0,0,0,5.047,104,0.512036105624,4.265092,38,Tripod,
256200,2026-05-22 09:06:48,51.9888004337721,4.39003473946331,4.265092,,,0.512036105624,4.265092,0,2.80934064108,8.5215553908,24,5,7.258,0.512036105624,4.265092,0.671082,3.00977043752,0,0,0,154.1, -5, 0,,,0,0,1024,1024,1024,1024,0,0,0,0,171.1,0,0.9,51,3.628,3.629,0,0,0,0,5.076,104,0.512036105624,4.265092,38,Tripod,
256300,2026-05-22 09:06:48,51.9888004593225,4.39003478057018,4.265092,,,0.512036105624,4.265092,0,2.79779208428,8.5346787508,24,5,7.258,0.512036105624,4.265092,0.671082,3.00977043752,0,0,0,154.1, -5.1, 0.5,,,0,0,1024,1024,1024,1024,0,0,0,0,171.1,0,1.5,51,3.628,3.629,0,0,0,0,5.076,104,0.512036105624,4.265092,38,Tripod,
256400,2026-05-22 09:06:48,51.9888004421808,4.39003499366283,4.265092,,,0.512036105624,4.265092,0,2.79075140164,8.5829727156,25,5,7.258,0.512036105624,4.265092,0.671082,3.00977043752,0,0,0,154.2, -4.9, 0.8,,,0,0,1024,1024,1024,1024,0,0,0,0,171.2,0,1.8,51,3.628,3.629,0,0,0,0,5.076,104,0.512036105624,4.265092,38,Tripod,
256500,2026-05-22 09:06:48,51.9888004469039,4.3900350330238,4.265092,,,0.512036105624,4.265092,0,2.7867619002,8.5919622172,25,5,7.258,0.512036105624,4.265092,0.671082,3.00977043752,0,0,0,154.2, -4.3, 1,,,0,0,1024,1024,1024,1024,0,0,0,0,171.1,0,1.4,51,3.628,3.629,0,0,0,0,5.076,104,0.512036105624,4.265092,38,Tripod,
256600,2026-05-22 09:06:48,51.9888004034438,4.39003526110091,4.265092,,,0.512036105624,4.265092,0,2.78916675592,8.6456039512,25,5,7.258,0.512036105624,4.265092,0.671082,3.00977043752,0,0,0,154.1, -4.1, 0.4,,,0,0,1024,1024,1024,1024,0,0,0,0,171,0,0.5,51,3.628,3.629,0,0,0,0,5.076,104,0.512036105624,4.265092,38,Tripod,
256700,2026-05-22 09:06:48,51.9888004058661,4.39003525591712,4.265092,,,0.512036105624,4.265092,0,2.78859260892,8.6470803292,25,5,7.258,0.512036105624,4.265092,0.671082,3.00977043752,0,0,0,154.2, -4.5, -0.2,,,0,0,1024,1024,1024,1024,0,0,0,0,171.1,0,0.6,51,3.628,3.629,0,0,0,0,5.076,104,0.512036105624,4.265092,38,Tripod,
256800,2026-05-22 09:06:48,51.9888003109337,4.39003517598488,4.265092,,,0.512036105624,4.265092,0,2.8265748936,8.6860895168,26,5,7.258,0.512036105624,4.265092,0.671082,3.00977043752,0,0,0,154.2, -5, 0,,,0,0,1024,1024,1024,1024,0,0,0,0,171.1,0,0.5,51,3.628,3.629,0,0,0,0,5.076,104,0.512036105624,4.265092,38,Tripod,
256900,2026-05-22 09:06:48,51.9888003179275,4.3900351436249,4.265092,,,0.512036105624,4.265092,0,2.82590560224,8.6937994908,26,5,7.258,0.512036105624,4.265092,0.671082,3.00977043752,0,0,0,154.1, -5.3, -0.3,,,0,0,1024,1024,1024,1024,0,0,0,0,171,0,0.1,51,3.628,3.629,0,0,0,0,5.076,104,0.512036105624,4.265092,38,Tripod,
257000,2026-05-22 09:06:48,51.9888002076364,4.39003522671593,4.265092,,,0.512036105624,4.265092,0,2.86036098392,8.7381564476,26,5,7.258,0.512036105624,4.265092,0.671082,3.00977043752,0,0,0,154.1, -5.3, -0.6,,,0,0,1024,1024,1024,1024,0,0,0,0,171,0,0,51,3.628,3.629,0,0,0,0,5.076,104,0.512036105624,4.265092,38,Tripod,
257100,2026-05-22 09:06:48,51.9888002007435,4.39003518354494,4.265092,,,0.512036105624,4.265092,0,2.8651411678,8.7481630096,26,5,7.258,0.512036105624,4.265092,0.671082,3.00977043752,0,0,0,154.1, -5.1, -0.8,,,0,0,1024,1024,1024,1024,0,0,0,0,170.9,0,-0.1,51,3.628,3.629,0,0,0,0,5.076,104,0.512036105624,4.265092,38,Tripod,
257200,2026-05-22 09:06:49,51.9888001843788,4.39003520984645,4.265092,,,0.512036105624,4.265092,0,2.86950796584,8.75656196,26,5,7.251,0.512036105624,4.265092,0.671082,3.00977043752,0,0,0,154, -5, -0.9,,,0,0,1024,1024,1024,1024,0,0,0,0,170.7,0,-0.7,51,3.626,3.625,0,0,0,0,5.178,104.18,0.512036105624,4.265092,38,Tripod,
257300,2026-05-22 09:06:49,51.9888001795676,4.39003516858307,4.265092,,,0.512036105624,4.265092,0,2.87345153552,8.7660107792,26,5,7.251,0.512036105624,4.265092,0.671082,3.00977043752,0,0,0,154, -5.2, -1.3,,,0,0,1024,1024,1024,1024,0,0,0,0,170.9,0,-0.3,51,3.626,3.625,0,0,0,0,5.178,104.18,0.512036105624,4.265092,38,Tripod,
257400,2026-05-22 09:06:49,51.9888002983887,4.39003524178561,4.265092,,,0.512036105624,4.265092,0,2.82740822696,8.8123690484,26,5,7.251,0.512036105624,4.265092,0.671082,3.00977043752,0,0,0,154.1, -5.4, -0.9,,,0,0,1024,1024,1024,1024,0,0,0,0,171.1,0,0.5,51,3.626,3.625,0,0,0,0,5.178,104.18,0.512036105624,4.265092,38,Tripod,
257500,2026-05-22 09:06:49,51.9888003036951,4.39003524226555,4.265092,,,0.512036105624,4.265092,0,2.82550205892,8.814304744,26,5,7.251,0.512036105624,4.265092,0.671082,3.00977043752,0,0,0,154.3, -5.2, 0.3,,,0,0,1024,1024,1024,1024,0,0,0,0,171.3,0,0.8,51,3.626,3.625,0,0,0,0,5.178,104.18,0.512036105624,4.265092,38,Tripod,
257600,2026-05-22 09:06:49,51.9888004019467,4.3900353668521,4.265092,,,0.512036105624,4.265092,0,2.78401583712,8.8598099948,26,5,7.251,0.512036105624,4.265092,0.671082,3.00977043752,0,0,0,154.3, -5.4, -0.4,,,0,0,1024,1024,1024,1024,0,0,0,0,171,0,-0.7,51,3.626,3.625,0,0,0,0,5.178,104.18,0.512036105624,4.265092,38,Tripod,
257700,2026-05-22 09:06:49,51.988800392378,4.39003530019147,4.265092,,,0.512036105624,4.265092,0,2.79096465624,8.875164326,26,5,7.251,0.512036105624,4.265092,0.671082,3.00977043752,0,0,0,154.3, -5.6, -1.8,,,0,0,1024,1024,1024,1024,0,0,0,0,170.9,0,-1.4,51,3.626,3.625,0,0,0,0,5.178,104.18,0.512036105624,4.265092,38,Tripod,
257800,2026-05-22 09:06:49,51.9888003840346,4.39003536864582,4.265092,,,0.512036105624,4.265092,0,2.79027567984,8.8908467412,26,5,7.251,0.512036105624,4.265092,0.671082,3.00977043752,0,0,0,154.3, -5.5, -2.1,,,0,0,1024,1024,1024,1024,0,0,0,0,171,0,-1.2,51,3.626,3.625,0,0,0,0,5.178,104.18,0.512036105624,4.265092,38,Tripod,
257900,2026-05-22 09:06:49,51.988800383014,4.39003533856385,4.265092,,,0.512036105624,4.265092,0,2.79222777964,8.89763808,26,5,7.251,0.512036105624,4.265092,0.671082,3.00977043752,0,0,0,154.3, -5.7, -1.5,,,0,0,1024,1024,1024,1024,0,0,0,0,171.1,0,-0.3,51,3.626,3.625,0,0,0,0,5.178,104.18,0.512036105624,4.265092,38,Tripod,
258000,2026-05-22 09:06:49,51.9888004971605,4.39003544445329,4.265092,,,0.512036105624,4.265092,0,2.74616806688,8.9455711524,26,5,7.251,0.512036105624,4.265092,0.671082,3.00977043752,0,0,0,154.3, -5.8, -1.3,,,0,0,1024,1024,1024,1024,0,0,0,0,171,0,-0.9,51,3.626,3.625,0,0,0,0,5.178,104.18,0.512036105624,4.265092,38,Tripod,
258100,2026-05-22 09:06:50,51.9888004970783,4.39003540301603,4.265092,,,0.512036105624,4.265092,0,2.74837279136,8.954888738,26,5,7.251,0.512036105624,4.265092,0.671082,3.00977043752,0,0,0,154.3, -6.1, -1.8,,,0,0,1024,1024,1024,1024,0,0,0,0,170.9,0,-1.3,51,3.626,3.625,0,0,0,0,5.178,104.18,0.512036105624,4.265092,38,Tripod,
258200,2026-05-22 09:06:50,51.9888006075279,4.39003551675853,4.265092,,,0.512036105624,4.265092,0,2.70323827548,9.00262496,26,5,7.254,0.512036105624,4.265092,0.671082,3.00977043752,0,0,0,154.3, -6.6, -1.9,,,0,0,1024,1024,1024,1024,0,0,0,0,170.9,0,-1.1,51,3.627,3.625,0,0,0,0,4.984,104.36,0.512036105624,4.265092,38,Tripod,
258300,2026-05-22 09:06:50,51.9888006256818,4.39003548535496,4.265092,,,0.512036105624,4.265092,0,2.6984252832,9.012303438,26,5,7.254,0.512036105624,4.265092,0.671082,3.00977043752,0,0,0,154.3, -6.9, -1.7,,,0,0,1024,1024,1024,1024,0,0,0,0,170.9,0,-0.9,51,3.627,3.625,0,0,0,0,4.984,104.36,0.512036105624,4.265092,38,Tripod,
258400,2026-05-22 09:06:50,51.9888008387109,4.3900356441013,4.265092,,,0.512036105624,4.265092,0,2.61458997868,9.0978021284,26,5,7.254,0.512036105624,4.265092,0.671082,3.00977043752,0,0,0,154.3, -7.2, -1.7,,,0,0,1024,1024,1024,1024,0,0,0,0,170.9,0,-1,51,3.627,3.625,0,0,0,0,4.984,104.36,0.512036105624,4.265092,38,Tripod,
258500,2026-05-22 09:06:50,51.9888008552898,4.39003562019606,4.265092,,,0.512036105624,4.265092,0,2.60992134336,9.1059058032,26,5,7.254,0.512036105624,4.265092,0.671082,3.00977043752,0,0,0,154.3, -7.3, -2,,,0,0,1024,1024,1024,1024,0,0,0,0,170.8,0,-1.6,51,3.627,3.625,0,0,0,0,4.984,104.36,0.512036105624,4.265092,38,Tripod,
258600,2026-05-22 09:06:50,51.9888010341057,4.39003557521135,4.265092,,,0.512036105624,4.265092,0,2.54884850676,9.171916304,26,5,7.254,0.512036105624,4.265092,0.671082,3.00977043752,0,0,0,154.2, -7.4, -2,,,0,0,1024,1024,1024,1024,0,0,0,0,170.9,0,-0.7,51,3.627,3.625,0,0,0,0,4.984,104.36,0.512036105624,4.265092,38,Tripod,
258700,2026-05-22 09:06:50,51.9888010507708,4.39003561973698,4.265092,,,0.512036105624,4.265092,0,2.54057094744,9.1836289028,26,5,7.254,0.512036105624,4.265092,0.671082,3.00977043752,0,0,0,154.2, -7.3, -1.1,,,0,0,1024,1024,1024,1024,0,0,0,0,171,0,0,51,3.627,3.625,0,0,0,0,4.984,104.36,0.512036105624,4.265092,38,Tripod,
258800,2026-05-22 09:06:50,51.9888013233915,4.39003581645835,4.265092,,,0.512036105624,4.265092,0,2.4335794742,9.2924543656,26,5,7.254,0.512036105624,4.265092,0.671082,3.00977043752,0,0,0,154.3, -6.7, -0.6,,,0,0,1024,1024,1024,1024,0,0,0,0,171.1,0,0.1,51,3.627,3.625,0,0,0,0,4.984,104.36,0.512036105624,4.265092,38,Tripod,
258900,2026-05-22 09:06:50,51.9888013126306,4.39003589635929,4.265092,,,0.512036105624,4.265092,0,2.43338918548,9.3108270696,26,5,7.254,0.512036105624,4.265092,0.671082,3.00977043752,0,0,0,154.3, -6.2, -0.3,,,0,0,1024,1024,1024,1024,0,0,0,0,171.1,0,0.4,51,3.627,3.625,0,0,0,0,4.984,104.36,0.512036105624,4.265092,38,Tripod,
259000,2026-05-22 09:06:50,51.9888013711228,4.3900360578888,4.265092,,,0.512036105624,4.265092,0,2.40478354152,9.3529530552,26,5,7.254,0.512036105624,4.265092,0.671082,3.00977043752,0,0,0,154.2, -5.7, -0.2,,,0,0,1024,1024,1024,1024,0,0,0,0,171,0,0.4,51,3.627,3.625,0,0,0,0,4.984,104.36,0.512036105624,4.265092,38,Tripod,
259100,2026-05-22 09:06:50,51.9888013518316,4.39003613040271,4.265092,,,0.512036105624,4.265092,0,2.4083498146,9.3707023996,26,5,7.254,0.512036105624,4.265092,0.671082,3.00977043752,0,0,0,154.1, -5.2, -0.2,,,0,0,1024,1024,1024,1024,0,0,0,0,171,0,0.6,51,3.627,3.625,0,0,0,0,4.984,104.36,0.512036105624,4.265092,38,Tripod,
259200,2026-05-22 09:06:51,51.988801463683,4.3900364453461,4.265092,,,0.512036105624,4.265092,0,2.35497710948,9.4523625072,26,5,7.243,0.512036105624,4.265092,0.671082,3.00977043752,0,0,0,154.1, -4.7, 0,,,0,0,1024,1024,1024,1024,0,0,0,0,171,0,0.5,51,3.619,3.619,0,0,0,0,5.193,104.36,0.512036105624,4.265092,38,Tripod,
259300,2026-05-22 09:06:51,51.9888014492691,4.39003650350156,4.265092,,,0.512036105624,4.265092,0,2.3579068996,9.4664701192,26,5,7.243,0.512036105624,4.265092,0.671082,3.00977043752,0,0,0,154.2, -4.3, -0.1,,,0,0,1024,1024,1024,1024,0,0,0,0,171,0,0.5,51,3.619,3.619,0,0,0,0,5.193,104.36,0.512036105624,4.265092,38,Tripod,
259400,2026-05-22 09:06:51,51.9888015823316,4.39003660702169,4.265092,,,0.512036105624,4.265092,0,2.30617133364,9.5203087036,26,5,7.243,0.512036105624,4.265092,0.671082,3.00977043752,0,0,0,154.2, -4.2, 0,,,0,0,1024,1024,1024,1024,0,0,0,0,171,0,0.9,51,3.619,3.619,0,0,0,0,5.193,104.36,0.512036105624,4.265092,38,Tripod,
259500,2026-05-22 09:06:51,51.9888015903741,4.39003664179011,4.265092,,,0.512036105624,4.265092,0,2.30201450936,9.5286420372,26,5,7.243,0.512036105624,4.265092,0.671082,3.00977043752,0,0,0,154.2, -4.5, 0.4,,,0,0,1024,1024,1024,1024,0,0,0,0,171.1,0,1,51,3.619,3.619,0,0,0,0,5.193,104.36,0.512036105624,4.265092,38,Tripod,
259600,2026-05-22 09:06:51,51.9888018218872,4.39003664960666,4.265092,,,0.512036105624,4.265092,0,2.21838261692,9.6131236672,26,5,7.243,0.512036105624,4.265092,0.671082,3.00977043752,0,0,0,154.2, -5, 0.2,,,0,0,1024,1024,1024,1024,0,0,0,0,171,0,0.6,51,3.619,3.619,0,0,0,0,5.193,104.36,0.512036105624,4.265092,38,Tripod,
259700,2026-05-22 09:06:51,51.9888018355164,4.39003664336386,4.265092,,,0.512036105624,4.265092,0,2.21371070076,9.6183073944,26,5,7.243,0.512036105624,4.265092,0.671082,3.00977043752,0,0,0,154.2, -5.3, 0,,,0,0,1024,1024,1024,1024,0,0,0,0,171.1,0,0.4,51,3.619,3.619,0,0,0,0,5.193,104.36,0.512036105624,4.265092,38,Tripod,
259800,2026-05-22 09:06:51,51.9888021269999,4.39003657069866,4.265092,,,0.512036105624,4.265092,0,2.11182093372,9.725886138,26,5,7.243,0.512036105624,4.265092,0.671082,3.00977043752,0,0,0,154.3, -5.7, -0.1,,,0,0,1024,1024,1024,1024,0,0,0,0,171.1,0,0.4,51,3.619,3.619,0,0,0,0,5.193,104.36,0.512036105624,4.265092,38,Tripod,
259900,2026-05-22 09:06:51,51.9888021283074,4.39003654281819,4.265092,,,0.512036105624,4.265092,0,2.1125000676,9.7321525424,26,5,7.243,0.512036105624,4.265092,0.671082,3.00977043752,0,0,0,154.3, -5.7, -0.3,,,0,0,1024,1024,1024,1024,0,0,0,0,171,0,-0.1,51,3.619,3.619,0,0,0,0,5.193,104.36,0.512036105624,4.265092,38,Tripod,
260000,2026-05-22 09:06:51,51.9888023902005,4.39003664359948,4.265092,,,0.512036105624,4.265092,0,2.01441607496,9.830380892,26,5,7.243,0.512036105624,4.265092,0.671082,3.00977043752,0,0,0,154.2, -5.3, -0.9,,,0,0,1024,1024,1024,1024,0,0,0,0,171,0,-0.2,51,3.619,3.619,0,0,0,0,5.193,104.36,0.512036105624,4.265092,38,Tripod,
260100,2026-05-22 09:06:51,51.9888023720056,4.39003662640134,4.265092,,,0.512036105624,4.265092,0,2.02165032716,9.8380580576,26,5,7.243,0.512036105624,4.265092,0.671082,3.00977043752,0,0,0,154.2, -5.1, -0.8,,,0,0,1024,1024,1024,1024,0,0,0,0,170.9,0,-0.1,51,3.619,3.619,0,0,0,0,5.193,104.36,0.512036105624,4.265092,38,Tripod,
260200,2026-05-22 09:06:52,51.9888024604973,4.39003667180861,4.265092,,,0.512036105624,4.265092,0,1.9880414022,9.8719163264,27,5,7.235,0.512036105624,4.265092,0.671082,3.00977043752,0,0,0,154.1, -4.7, -0.8,,,0,0,1024,1024,1024,1024,0,0,0,0,170.8,0,-0.2,51,3.615,3.615,0,0,0,0,5.233,104.54,0.512036105624,4.265092,38,Tripod,
260300,2026-05-22 09:06:52,51.9888024455882,4.39003667737149,4.265092,,,0.512036105624,4.265092,0,1.99316607428,9.8774937544,27,5,7.235,0.512036105624,4.265092,0.671082,3.00977043752,0,0,0,154.1, -4.8, -0.7,,,0,0,1024,1024,1024,1024,0,0,0,0,171,0,0.4,51,3.615,3.615,0,0,0,0,5.233,104.54,0.512036105624,4.265092,38,Tripod,
260400,2026-05-22 09:06:52,51.98880257631,4.3900367475813,4.265092,,,0.512036105624,4.265092,0,1.94341869736,9.9277234148,27,5,7.235,0.512036105624,4.265092,0.671082,3.00977043752,0,0,0,154.1, -4.7, 0.3,,,0,0,1024,1024,1024,1024,0,0,0,0,171.1,0,1.3,51,3.615,3.615,0,0,0,0,5.233,104.54,0.512036105624,4.265092,38,Tripod,
260500,2026-05-22 09:06:52,51.9888025732558,4.39003679058361,4.265092,,,0.512036105624,4.265092,0,1.942831427,9.9374347012,27,5,7.235,0.512036105624,4.265092,0.671082,3.00977043752,0,0,0,154.2, -4.6, 0.5,,,0,0,1024,1024,1024,1024,0,0,0,0,171.1,0,0.9,51,3.615,3.615,0,0,0,0,5.233,104.54,0.512036105624,4.265092,38,Tripod,
260600,2026-05-22 09:06:52,51.988802797578,4.39003707740047,4.265092,,,0.512036105624,4.265092,0,1.8517717128,10.0416341796,27,5,7.235,0.512036105624,4.265092,0.671082,3.00977043752,0,0,0,154.2, -4.9, 0.4,,,0,0,1024,1024,1024,1024,0,0,0,0,171.1,0,1.2,51,3.615,3.615,0,0,0,0,5.233,104.54,0.512036105624,4.265092,38,Tripod,
260700,2026-05-22 09:06:52,51.9888027992413,4.390037110816,4.265092,,,0.512036105624,4.265092,0,1.85009192272,10.0491473032,27,5,7.235,0.512036105624,4.265092,0.671082,3.00977043752,0,0,0,154.2, -4.7, 0.7,,,0,0,1024,1024,1024,1024,0,0,0,0,171.1,0,1.4,51,3.615,3.615,0,0,0,0,5.233,104.54,0.512036105624,4.265092,38,Tripod,
260800,2026-05-22 09:06:52,51.9888029074516,4.39003726893023,4.265092,,,0.512036105624,4.265092,0,1.80621068772,10.1022641028,27,5,7.235,0.512036105624,4.265092,0.671082,3.00977043752,0,0,0,154.2, -4.8, 0.8,,,0,0,1024,1024,1024,1024,0,0,0,0,171.2,0,1.3,51,3.615,3.615,0,0,0,0,5.233,104.54,0.512036105624,4.265092,38,Tripod,
260900,2026-05-22 09:06:52,51.9888029127128,4.39003728698393,4.265092,,,0.512036105624,4.265092,0,1.80379927032,10.1067588536,27,5,7.235,0.512036105624,4.265092,0.671082,3.00977043752,0,0,0,154.2, -5, 0.7,,,0,0,1024,1024,1024,1024,0,0,0,0,171.1,0,1.2,51,3.615,3.615,0,0,0,0,5.233,104.54,0.512036105624,4.265092,38,Tripod,
261000,2026-05-22 09:06:52,51.9888031070279,4.39003742644453,4.265092,,,0.512036105624,4.265092,0,1.72972118396,10.1842522944,26,5,7.235,0.512036105624,4.265092,0.671082,3.00977043752,0,0,0,154.1, -4.9, 0.5,,,0,0,1024,1024,1024,1024,0,0,0,0,171.1,0,1,51,3.615,3.615,0,0,0,0,5.233,104.54,0.512036105624,4.265092,38,Tripod,
261100,2026-05-22 09:06:52,51.9888031055996,4.39003742173721,4.265092,,,0.512036105624,4.265092,0,1.73035438608,10.1854333968,26,5,7.235,0.512036105624,4.265092,0.671082,3.00977043752,0,0,0,154.1, -4.7, 0.2,,,0,0,1024,1024,1024,1024,0,0,0,0,171,0,0.5,51,3.615,3.615,0,0,0,0,5.233,104.54,0.512036105624,4.265092,38,Tripod,
261200,2026-05-22 09:06:53,51.9888031911087,4.3900376799676,4.265092,,,0.512036105624,4.265092,0,1.69375661588,10.251312664,27,5,7.228,0.512036105624,4.265092,0.671082,3.00977043752,0,0,0,154.2, -4.8, -0.1,,,0,0,1024,1024,1024,1024,0,0,0,0,170.9,0,0.1,51,3.614,3.614,0,0,0,0,5.31,104.54,0.512036105624,4.265092,38,Tripod,
261300,2026-05-22 09:06:53,51.9888031781217,4.39003765813865,4.265092,,,0.512036105624,4.265092,0,1.69887800712,10.2581368112,27,5,7.228,0.512036105624,4.265092,0.671082,3.00977043752,0,0,0,154.1, -4.4, -0.6,,,0,0,1024,1024,1024,1024,0,0,0,0,171,0,0.5,51,3.614,3.614,0,0,0,0,5.31,104.54,0.512036105624,4.265092,38,Tripod,
261400,2026-05-22 09:06:53,51.9888032792793,4.39003787300502,4.265092,,,0.512036105624,4.265092,0,1.65874021056,10.318897968,27,5,7.228,0.512036105624,4.265092,0.671082,3.00977043752,0,0,0,154.2, -4.2, 0.2,,,0,0,1024,1024,1024,1024,0,0,0,0,171.1,0,0.8,51,3.614,3.614,0,0,0,0,5.31,104.54,0.512036105624,4.265092,38,Tripod,
261500,2026-05-22 09:06:53,51.9888032691451,4.39003785462961,4.265092,,,0.512036105624,4.265092,0,1.6626640952,10.3244425876,27,5,7.228,0.512036105624,4.265092,0.671082,3.00977043752,0,0,0,154.2, -4.4, 0,,,0,0,1024,1024,1024,1024,0,0,0,0,171.1,0,0.3,51,3.614,3.614,0,0,0,0,5.31,104.54,0.512036105624,4.265092,38,Tripod,
261600,2026-05-22 09:06:53,51.9888033770432,4.39003805046064,4.265092,,,0.512036105624,4.265092,0,1.62137144296,10.3834977076,27,5,7.228,0.512036105624,4.265092,0.671082,3.00977043752,0,0,0,154.3, -4.4, -0.3,,,0,0,1024,1024,1024,1024,0,0,0,0,171.1,0,0.2,51,3.614,3.614,0,0,0,0,5.31,104.54,0.512036105624,4.265092,38,Tripod,
261700,2026-05-22 09:06:53,51.9888033662673,4.39003800093207,4.265092,,,0.512036105624,4.265092,0,1.62569230924,10.3952759232,27,5,7.228,0.512036105624,4.265092,0.671082,3.00977043752,0,0,0,154.3, -4.6, -0.5,,,0,0,1024,1024,1024,1024,0,0,0,0,171,0,-0.4,51,3.614,3.614,0,0,0,0,5.31,104.54,0.512036105624,4.265092,38,Tripod,
261800,2026-05-22 09:06:53,51.9888034730497,4.39003818072919,4.265092,,,0.512036105624,4.265092,0,1.58568246544,10.4514110956,27,5,7.228,0.512036105624,4.265092,0.671082,3.00977043752,0,0,0,154.2, -4.8, -1.4,,,0,0,1024,1024,1024,1024,0,0,0,0,171,0,-1,51,3.614,3.614,0,0,0,0,5.31,104.54,0.512036105624,4.265092,38,Tripod,
261900,2026-05-22 09:06:53,51.988803460407,4.39003811133146,4.265092,,,0.512036105624,4.265092,0,1.59059060208,10.467684062,27,5,7.228,0.512036105624,4.265092,0.671082,3.00977043752,0,0,0,154.3, -4.9, -1.8,,,0,0,1024,1024,1024,1024,0,0,0,0,171,0,-1.1,51,3.614,3.614,0,0,0,0,5.31,104.54,0.512036105624,4.265092,38,Tripod,
262000,2026-05-22 09:06:53,51.9888036773911,4.39003816335193,4.265092,,,0.512036105624,4.265092,0,1.51120083576,10.5477037496,27,5,7.228,0.512036105624,4.265092,0.671082,3.00977043752,0,0,0,154.3, -5, -1.9,,,0,0,1024,1024,1024,1024,0,0,0,0,171,0,-1.2,51,3.614,3.614,0,0,0,0,5.31,104.54,0.512036105624,4.265092,38,Tripod,
262100,2026-05-22 09:06:53,51.9888036702216,4.39003811215572,4.265092,,,0.512036105624,4.265092,0,1.5140584474,10.5594819652,27,5,7.228,0.512036105624,4.265092,0.671082,3.00977043752,0,0,0,154.3, -5, -2,,,0,0,1024,1024,1024,1024,0,0,0,0,171,0,-1.1,51,3.614,3.614,0,0,0,0,5.31,104.54,0.512036105624,4.265092,38,Tripod,
262200,2026-05-22 09:06:54,51.9888036916821,4.3900383184404,4.265092,,,0.512036105624,4.265092,0,1.50578744976,10.6064964024,26,5,7.229,0.512036105624,4.265092,0.671082,3.00977043752,0,0,0,154.2, -4.9, -1.4,,,0,0,1024,1024,1024,1024,0,0,0,0,171,0,-0.2,50,3.612,3.613,0,0,0,0,5.15,104.54,0.512036105624,4.265092,38,Tripod,
262300,2026-05-22 09:06:54,51.9888036815067,4.39003830979786,4.265092,,,0.512036105624,4.265092,0,1.50948823728,10.6106958776,26,5,7.229,0.512036105624,4.265092,0.671082,3.00977043752,0,0,0,154.2, -4.4, -1,,,0,0,1024,1024,1024,1024,0,0,0,0,171,0,-1,50,3.612,3.613,0,0,0,0,5.15,104.54,0.512036105624,4.265092,38,Tripod,
262400,2026-05-22 09:06:54,51.9888038616666,4.39003826573392,4.265092,,,0.512036105624,4.265092,0,1.44374676536,10.677165696,26,5,7.229,0.512036105624,4.265092,0.671082,3.00977043752,0,0,0,154.3, -3.9, -1.9,,,0,0,1024,1024,1024,1024,0,0,0,0,171,0,-1.6,50,3.612,3.613,0,0,0,0,5.15,104.54,0.512036105624,4.265092,38,Tripod,
262500,2026-05-22 09:06:54,51.988803820376,4.39003823992453,4.265092,,,0.512036105624,4.265092,0,1.45883534852,10.6933074288,26,5,7.229,0.512036105624,4.265092,0.671082,3.00977043752,0,0,0,154.3, -3.1, -2.4,,,0,0,1024,1024,1024,1024,0,0,0,0,171,0,-2,50,3.612,3.613,0,0,0,0,5.15,104.54,0.512036105624,4.265092,38,Tripod,
262600,2026-05-22 09:06:54,51.9888039184748,4.39003814498696,4.265092,,,0.512036105624,4.265092,0,1.42333665972,10.7349740968,26,5,7.229,0.512036105624,4.265092,0.671082,3.00977043752,0,0,0,154.2, -2.4, -2.9,,,0,0,1024,1024,1024,1024,0,0,0,0,170.9,0,-2.3,50,3.612,3.613,0,0,0,0,5.15,104.54,0.512036105624,4.265092,38,Tripod,
262700,2026-05-22 09:06:54,51.9888038957552,4.39003812085913,4.265092,,,0.512036105624,4.265092,0,1.43174873348,10.7448822336,26,5,7.229,0.512036105624,4.265092,0.671082,3.00977043752,0,0,0,154.3, -2.4, -2.8,,,0,0,1024,1024,1024,1024,0,0,0,0,171,0,-1.9,50,3.612,3.613,0,0,0,0,5.15,104.54,0.512036105624,4.265092,38,Tripod,
262800,2026-05-22 09:06:54,51.9888039690895,4.39003793815798,4.265092,,,0.512036105624,4.265092,0,1.40664046496,10.7938651748,26,5,7.229,0.512036105624,4.265092,0.671082,3.00977043752,0,0,0,154.3, -2.8, -2.7,,,0,0,1024,1024,1024,1024,0,0,0,0,170.9,0,-2.3,50,3.612,3.613,0,0,0,0,5.15,104.54,0.512036105624,4.265092,38,Tripod,
262900,2026-05-22 09:06:54,51.988803974084,4.39003789004491,4.265092,,,0.512036105624,4.265092,0,1.40545280088,10.8048231804,26,5,7.229,0.512036105624,4.265092,0.671082,3.00977043752,0,0,0,154.3, -3.1, -3.1,,,0,0,1024,1024,1024,1024,0,0,0,0,170.9,0,-2.6,50,3.612,3.613,0,0,0,0,5.15,104.54,0.512036105624,4.265092,38,Tripod,
263000,2026-05-22 09:06:54,51.988803914005,4.3900380081226,4.265092,,,0.512036105624,4.265092,0,1.42594820836,10.839239192,26,5,7.229,0.512036105624,4.265092,0.671082,3.00977043752,0,0,0,154.3, -3.2, -3.3,,,0,0,1024,1024,1024,1024,0,0,0,0,170.8,0,-2.7,50,3.612,3.613,0,0,0,0,5.15,104.54,0.512036105624,4.265092,38,Tripod,
263100,2026-05-22 09:06:54,51.9888039318463,4.39003798655102,4.265092,,,0.512036105624,4.265092,0,1.41966211892,10.8473756752,26,5,7.229,0.512036105624,4.265092,0.671082,3.00977043752,0,0,0,154.2, -3.4, -3.3,,,0,0,1024,1024,1024,1024,0,0,0,0,170.9,0,-2.3,50,3.612,3.613,0,0,0,0,5.15,104.54,0.512036105624,4.265092,38,Tripod,
263200,2026-05-22 09:06:55,51.9888039439156,4.39003809947622,4.265092,,,0.512036105624,4.265092,0,1.41431106888,10.8730974608,26,5,7.229,0.512036105624,4.265092,0.671082,3.00977043752,0,0,0,154.3, -3.4, -2.5,,,0,0,1024,1024,1024,1024,0,0,0,0,171.1,0,-1.1,50,3.612,3.613,0,0,0,0,5.15,104.54,0.512036105624,4.265092,38,Tripod,
263300,2026-05-22 09:06:55,51.9888039760636,4.39003814686415,4.265092,,,0.512036105624,4.265092,0,1.40231959868,10.888943918,26,5,7.229,0.512036105624,4.265092,0.671082,3.00977043752,0,0,0,154.3, -3.4, -1.4,,,0,0,1024,1024,1024,1024,0,0,0,0,171.1,0,-0.5,50,3.612,3.613,0,0,0,0,5.15,104.54,0.512036105624,4.265092,38,Tripod,
263400,2026-05-22 09:06:55,51.9888040691857,4.39003820406493,4.265092,,,0.512036105624,4.265092,0,1.36813324588,10.9252628168,26,5,7.229,0.512036105624,4.265092,0.671082,3.00977043752,0,0,0,154.3, -3.6, -0.9,,,0,0,1024,1024,1024,1024,0,0,0,0,171,0,-0.2,50,3.612,3.613,0,0,0,0,5.15,104.54,0.512036105624,4.265092,38,Tripod,
263500,2026-05-22 09:06:55,51.988804104734,4.39003824407104,4.265092,,,0.512036105624,4.265092,0,1.35508206436,10.9410436572,26,5,7.229,0.512036105624,4.265092,0.671082,3.00977043752,0,0,0,154.1, -3.7, -1,,,0,0,1024,1024,1024,1024,0,0,0,0,170.8,0,-0.8,50,3.612,3.613,0,0,0,0,5.15,104.54,0.512036105624,4.265092,38,Tripod,
263600,2026-05-22 09:06:55,51.9888040763018,4.39003827229321,4.265092,,,0.512036105624,4.265092,0,1.36543311456,10.9532155736,26,5,7.229,0.512036105624,4.265092,0.671082,3.00977043752,0,0,0,154.1, -3.9, -1.4,,,0,0,1024,1024,1024,1024,0,0,0,0,170.9,0,-0.4,50,3.612,3.613,0,0,0,0,5.15,104.54,0.512036105624,4.265092,38,Tripod,
263700,2026-05-22 09:06:55,51.9888041243835,4.39003830416455,4.265092,,,0.512036105624,4.265092,0,1.34790358644,10.9721788288,26,5,7.229,0.512036105624,4.265092,0.671082,3.00977043752,0,0,0,154.1, -4.3, -0.9,,,0,0,1024,1024,1024,1024,0,0,0,0,171,0,0.2,50,3.612,3.613,0,0,0,0,5.15,104.54,0.512036105624,4.265092,38,Tripod,
263800,2026-05-22 09:06:55,51.9888042125634,4.39003837760706,4.265092,,,0.512036105624,4.265092,0,1.31590227308,11.0083336856,26,5,7.229,0.512036105624,4.265092,0.671082,3.00977043752,0,0,0,154.1, -4.9, 0,,,0,0,1024,1024,1024,1024,0,0,0,0,171.1,0,1.1,50,3.612,3.613,0,0,0,0,5.15,104.54,0.512036105624,4.265092,38,Tripod,
263900,2026-05-22 09:06:55,51.988804271304,4.39003842618616,4.265092,,,0.512036105624,4.265092,0,1.29470804668,11.0323822428,26,5,7.229,0.512036105624,4.265092,0.671082,3.00977043752,0,0,0,154.2, -5.1, 0.6,,,0,0,1024,1024,1024,1024,0,0,0,0,171.1,0,1.2,50,3.612,3.613,0,0,0,0,5.15,104.54,0.512036105624,4.265092,38,Tripod,
264000,2026-05-22 09:06:55,51.9888042068787,4.39003859040756,4.265092,,,0.512036105624,4.265092,0,1.31964243068,11.07611584,26,5,7.229,0.512036105624,4.265092,0.671082,3.00977043752,0,0,0,154.1, -5, 0.7,,,0,0,1024,1024,1024,1024,0,0,0,0,171,0,1,50,3.612,3.613,0,0,0,0,5.15,104.54,0.512036105624,4.265092,38,Tripod,
264100,2026-05-22 09:06:55,51.9888042377411,4.39003860527552,4.265092,,,0.512036105624,4.265092,0,1.30858271904,11.0878612472,26,5,7.229,0.512036105624,4.265092,0.671082,3.00977043752,0,0,0,154.1, -5.3, 0,,,0,0,1024,1024,1024,1024,0,0,0,0,170.9,0,0.2,50,3.612,3.613,0,0,0,0,5.15,104.54,0.512036105624,4.265092,38,Tripod,
264200,2026-05-22 09:06:56,51.9888042612649,4.39003893916991,4.265092,,,0.512036105624,4.265092,0,1.30638783708,11.163386184,26,5,7.227,0.512036105624,4.265092,0.671082,3.00977043752,0,0,0,154.1, -5.3, 0,,,0,0,1024,1024,1024,1024,0,0,0,0,171,0,0.9,50,3.609,3.609,0,0,0,0,5.091,104.72,0.512036105624,4.265092,38,Tripod,
264300,2026-05-22 09:06:56,51.9888042965918,4.39003898779597,4.265092,,,0.512036105624,4.265092,0,1.2948819312,11.18028251,26,5,7.227,0.512036105624,4.265092,0.671082,3.00977043752,0,0,0,154, -5.6, 0.6,,,0,0,1024,1024,1024,1024,0,0,0,0,171,0,1.8,50,3.609,3.609,0,0,0,0,5.091,104.72,0.512036105624,4.265092,38,Tripod,
264400,2026-05-22 09:06:56,51.9888044703065,4.3900393303755,4.265092,,,0.512036105624,4.265092,0,1.24429465924,11.2799872376,26,5,7.227,0.512036105624,4.265092,0.671082,3.00977043752,0,0,0,154, -5.5, 1.6,,,0,0,1024,1024,1024,1024,0,0,0,0,171.1,0,2.7,50,3.609,3.609,0,0,0,0,5.091,104.72,0.512036105624,4.265092,38,Tripod,
264500,2026-05-22 09:06:56,51.9888044883415,4.39003941778346,4.265092,,,0.512036105624,4.265092,0,1.24172904236,11.300689338,26,5,7.227,0.512036105624,4.265092,0.671082,3.00977043752,0,0,0,154, -5, 2.3,,,0,0,1024,1024,1024,1024,0,0,0,0,171.1,0,2.9,50,3.609,3.609,0,0,0,0,5.091,104.72,0.512036105624,4.265092,38,Tripod,
264600,2026-05-22 09:06:56,51.988804417925,4.39003976261753,4.265092,,,0.512036105624,4.265092,0,1.28476710148,11.3823166372,26,5,7.227,0.512036105624,4.265092,0.671082,3.00977043752,0,0,0,154.1, -4.6, 2.1,,,0,0,1024,1024,1024,1024,0,0,0,0,171.1,0,2.3,50,3.609,3.609,0,0,0,0,5.091,104.72,0.512036105624,4.265092,38,Tripod,
264700,2026-05-22 09:06:56,51.9888043957939,4.39003980433477,4.265092,,,0.512036105624,4.265092,0,1.29501644564,11.394685404,26,5,7.227,0.512036105624,4.265092,0.671082,3.00977043752,0,0,0,154.2, -4.3, 1.5,,,0,0,1024,1024,1024,1024,0,0,0,0,171.1,0,2.1,50,3.609,3.609,0,0,0,0,5.091,104.72,0.512036105624,4.265092,38,Tripod,
264800,2026-05-22 09:06:56,51.9888044475735,4.39004016827287,4.265092,,,0.512036105624,4.265092,0,1.30113521224,11.4786092912,26,5,7.227,0.512036105624,4.265092,0.671082,3.00977043752,0,0,0,154.1, -3.9, 1.3,,,0,0,1024,1024,1024,1024,0,0,0,0,171,0,1.7,50,3.609,3.609,0,0,0,0,5.091,104.72,0.512036105624,4.265092,38,Tripod,
264900,2026-05-22 09:06:56,51.988804419505,4.39004018394596,4.265092,,,0.512036105624,4.265092,0,1.31196526508,11.4894360632,26,5,7.227,0.512036105624,4.265092,0.671082,3.00977043752,0,0,0,154, -3.7, 0.8,,,0,0,1024,1024,1024,1024,0,0,0,0,171,0,1.6,50,3.609,3.609,0,0,0,0,5.091,104.72,0.512036105624,4.265092,38,Tripod,
265000,2026-05-22 09:06:56,51.9888043473347,4.39004055123413,4.265092,,,0.512036105624,4.265092,0,1.36553810144,11.5760502392,26,5,7.227,0.512036105624,4.265092,0.671082,3.00977043752,0,0,0,154.1, -3.4, 1.3,,,0,0,1024,1024,1024,1024,0,0,0,0,171.2,0,2.5,50,3.609,3.609,0,0,0,0,5.091,104.72,0.512036105624,4.265092,38,Tripod,
265100,2026-05-22 09:06:56,51.9888043298718,4.39004058113699,4.265092,,,0.512036105624,4.265092,0,1.3739665794,11.5853350164,26,5,7.227,0.512036105624,4.265092,0.671082,3.00977043752,0,0,0,154.2, -3, 1.9,,,0,0,1024,1024,1024,1024,0,0,0,0,171.1,0,2.5,50,3.609,3.609,0,0,0,0,5.091,104.72,0.512036105624,4.265092,38,Tripod,
265200,2026-05-22 09:06:57,51.9888044722279,4.39004084462159,4.265092,,,0.512036105624,4.265092,0,1.3501804894,11.6640751764,26,5,7.221,0.512036105624,4.265092,0.671082,3.00977043752,0,0,0,154.1, -3.5, 2,,,0,0,1024,1024,1024,1024,0,0,0,0,171.1,0,2.6,50,3.611,3.61,0,0,0,0,5.211,105.08,0.512036105624,4.265092,38,Tripod,
265300,2026-05-22 09:06:57,51.9888044707691,4.39004083713196,4.265092,,,0.512036105624,4.265092,0,1.34994426892,11.66584683,26,5,7.221,0.512036105624,4.265092,0.671082,3.00977043752,0,0,0,154.1, -3.9, 1.9,,,0,0,1024,1024,1024,1024,0,0,0,0,171.2,0,2.4,50,3.611,3.61,0,0,0,0,5.211,105.08,0.512036105624,4.265092,38,Tripod,
265400,2026-05-22 09:06:57,51.9888043928675,4.39004117610319,4.265092,,,0.512036105624,4.265092,0,1.40923232856,11.7471132368,26,5,7.221,0.512036105624,4.265092,0.671082,3.00977043752,0,0,0,154.1, -4, 1.6,,,0,0,1024,1024,1024,1024,0,0,0,0,171.2,0,2.2,50,3.611,3.61,0,0,0,0,5.211,105.08,0.512036105624,4.265092,38,Tripod,
265500,2026-05-22 09:06:57,51.9888043807816,4.39004114970778,4.265092,,,0.512036105624,4.265092,0,1.41042327348,11.7545279352,26,5,7.221,0.512036105624,4.265092,0.671082,3.00977043752,0,0,0,154.2, -3.9, 1.5,,,0,0,1024,1024,1024,1024,0,0,0,0,171.1,0,1.6,50,3.611,3.61,0,0,0,0,5.211,105.08,0.512036105624,4.265092,38,Tripod,
265600,2026-05-22 09:06:57,51.9888042745043,4.39004133515124,4.265092,,,0.512036105624,4.265092,0,1.46408469252,11.8114505092,26,5,7.221,0.512036105624,4.265092,0.671082,3.00977043752,0,0,0,154.1, -3.9, 1,,,0,0,1024,1024,1024,1024,0,0,0,0,171.1,0,1.7,50,3.611,3.61,0,0,0,0,5.211,105.08,0.512036105624,4.265092,38,Tripod,
265700,2026-05-22 09:06:57,51.9888042703285,4.39004131010699,4.265092,,,0.512036105624,4.265092,0,1.46280188408,11.817257596,26,5,7.221,0.512036105624,4.265092,0.671082,3.00977043752,0,0,0,154.1, -4.1, 1.1,,,0,0,1024,1024,1024,1024,0,0,0,0,171,0,1.9,50,3.611,3.61,0,0,0,0,5.211,105.08,0.512036105624,4.265092,38,Tripod,
265800,2026-05-22 09:06:57,51.9888042008139,4.39004145962389,4.265092,,,0.512036105624,4.265092,0,1.50099414252,11.8593507732,26,5,7.221,0.512036105624,4.265092,0.671082,3.00977043752,0,0,0,154, -4.6, 1.5,,,0,0,1024,1024,1024,1024,0,0,0,0,171.1,0,2.6,50,3.611,3.61,0,0,0,0,5.211,105.08,0.512036105624,4.265092,38,Tripod,
265900,2026-05-22 09:06:57,51.9888042035636,4.39004145441402,4.265092,,,0.512036105624,4.265092,0,1.4995571346,11.860892768,26,5,7.221,0.512036105624,4.265092,0.671082,3.00977043752,0,0,0,153.9, -4.3, 2,,,0,0,1024,1024,1024,1024,0,0,0,0,171,0,2.2,50,3.611,3.61,0,0,0,0,5.211,105.08,0.512036105624,4.265092,38,Tripod,
266000,2026-05-22 09:06:57,51.9888040948148,4.39004178643991,4.265092,,,0.512036105624,4.265092,0,1.57063981404,11.9454072064,26,5,7.221,0.512036105624,4.265092,0.671082,3.00977043752,0,0,0,153.9, -4.1, 1.5,,,0,0,1024,1024,1141,1024,0,0,18,0,171.1,0,2.1,50,3.611,3.61,0,0,0,0,5.211,105.08,0.512036105624,4.265092,38,Tripod,
266100,2026-05-22 09:06:57,51.9888040870053,4.39004177911027,4.265092,,,0.512036105624,4.265092,0,1.57228023404,11.9486880464,26,5,7.221,0.512036105624,4.265092,0.671082,3.00977043752,0,0,0,154.1, -4.3, 1.5,,,0,0,1024,1024,1088,1338,0,0,10,48,171.2,0,2.3,50,3.611,3.61,0,0,0,0,5.211,105.08,0.512036105624,4.265092,38,Tripod,
266200,2026-05-22 09:06:58,51.9888042847951,4.39004218659758,4.265092,,,0.512036105624,4.265092,0,1.55984913128,12.0652562916,26,5,7.214,0.512036105624,4.265092,0.671082,3.00977043752,0,0,0,154.1, -4.3, 1.7,,,0,0,1024,1024,1024,1684,0,0,0,100,171.7,0,2.1,50,3.606,3.605,0,0,0,0,5.182,105.08,0.512036105624,4.265092,38,Tripod,
266300,2026-05-22 09:06:58,51.9888042733309,4.39004218656628,4.265092,,,0.512036105624,4.265092,0,1.56330713664,12.0694557668,26,5,7.214,0.512036105624,4.265092,0.671082,3.00977043752,0,0,0,155.8, -4.1, 1.4,,,0,0,1024,1024,1024,1684,0,0,0,100,175.2,0,2,50,3.606,3.605,0,0,0,0,5.182,105.08,0.512036105624,4.265092,38,Tripod,
266400,2026-05-22 09:06:58,51.9888044721192,4.39004240160828,4.265092,,,0.512036105624,4.265092,0,1.53255254248,12.1565948772,26,5,7.214,0.512036105624,4.265092,0.671082,3.00977043752,0,0,0,159.7, -4.1, 1.4,,,0,0,1024,1024,1024,1386,0,0,0,55,179,0,2.3,50,3.606,3.605,0,0,0,0,5.182,105.08,0.512036105624,4.265092,38,Tripod,
266500,2026-05-22 09:06:58,51.9888044514351,4.39004240091792,4.265092,,,0.512036105624,4.265092,0,1.53847773952,12.1641408092,26,5,7.214,0.512036105624,4.265092,0.671082,3.00977043752,0,0,0,162.1, -3.9, 1.6,,,0,0,1024,1024,1024,1024,0,0,0,0,179,0,2.2,50,3.606,3.605,0,0,0,0,5.182,105.08,0.512036105624,4.265092,38,Tripod,
266600,2026-05-22 09:06:58,51.988804656666,4.39004248954574,4.265092,,,0.512036105624,4.265092,0,1.49191605824,12.24163425,26,5,7.214,0.512036105624,4.265092,0.671082,3.00977043752,0,0,0,161.9, -3.9, 1.4,,,0,0,1024,1024,1024,1024,0,0,0,0,178.9,0,1.9,50,3.606,3.605,0,0,0,0,5.182,105.08,0.512036105624,4.265092,38,Tripod,
266700,2026-05-22 09:06:58,51.9888046351836,4.39004246558137,4.265092,,,0.512036105624,4.265092,0,1.49458994284,12.2511158776,26,5,7.214,0.512036105624,4.265092,0.671082,3.00977043752,0,0,0,161.8, -3.8, 1.3,,,0,0,1024,1024,1024,1024,0,0,0,0,178.8,0,1.9,50,3.606,3.605,0,0,0,0,5.182,105.08,0.512036105624,4.265092,38,Tripod,
266800,2026-05-22 09:06:58,51.9888047614659,4.39004274103598,4.265092,,,0.512036105624,4.265092,0,1.49971461492,12.3282812344,26,5,7.214,0.512036105624,4.265092,0.671082,3.00977043752,0,0,0,161.8, -3.9, 1.2,,,0,0,1024,1024,1024,1024,0,0,0,0,178.9,0,2,50,3.606,3.605,0,0,0,0,5.182,105.08,0.512036105624,4.265092,38,Tripod,
266900,2026-05-22 09:06:58,51.9888047523378,4.3900427002769,4.265092,,,0.512036105624,4.265092,0,1.4960958484,12.3380253292,26,5,7.214,0.512036105624,4.265092,0.671082,3.00977043752,0,0,0,161.9, -3.9, 1.4,,,0,0,1024,977,1024,1024,0,-7,0,0,178.9,0,1.5,50,3.606,3.605,0,0,0,0,5.182,105.08,0.512036105624,4.265092,38,Tripod,
267000,2026-05-22 09:06:58,51.9888047844596,4.3900428836345,4.265092,,,0.512036105624,4.265092,0,1.51517721384,12.3808730996,24,5,7.214,0.512036105624,4.265092,0.671082,3.00977043752,0,0,0,161.9, -4.2, 0.2,,,0,0,1024,364,1024,1024,0,-100,0,0,178.8,0,0.1,50,3.606,3.605,0,0,0,0,5.182,105.08,0.512036105624,4.265092,38,Tripod,
267100,2026-05-22 09:06:58,51.9888047881482,4.39004279579703,4.265092,,,0.512036105624,4.265092,0,1.50077760708,12.4006565648,24,5,7.214,0.512036105624,4.265092,0.671082,3.00977043752,0,0,0,161.9, -4.7, -0.9,,,0,0,1024,621,1024,1024,0,-61,0,0,178.6,0,-2.7,50,3.606,3.605,0,0,0,0,5.182,105.08,0.512036105624,4.265092,38,Tripod,
267200,2026-05-22 09:06:59,51.9888049162253,4.39004302918226,4.265092,,,0.512036105624,4.265092,0,1.50344821084,12.4708665408,25,5,7.21,0.512036105624,4.265092,0.671082,3.00977043752,0,0,0,162, -4.9, -4.9,,,0,0,1024,1024,1024,1024,0,0,0,0,178.3,0,-5.1,50,3.603,3.603,0,0,0,0,5.186,105.08,0.512036105624,4.265092,38,Tripod,
267300,2026-05-22 09:06:59,51.9888049513857,4.39004304572309,4.265092,,,0.512036105624,4.265092,0,1.4970965046,12.4842195596,25,5,7.21,0.512036105624,4.265092,0.671082,3.00977043752,0,0,0,161.8, -5.2, -4,,,0,0,1024,1024,1024,1024,0,0,0,0,178.6,0,-0.8,50,3.603,3.603,0,0,0,0,5.186,105.08,0.512036105624,4.265092,38,Tripod,
267400,2026-05-22 09:06:59,51.9888050937698,4.39004331982045,4.265092,,,0.512036105624,4.265092,0,1.50698167552,12.56479699,25,5,7.21,0.512036105624,4.265092,0.671082,3.00977043752,0,0,0,161.8, -5.4, -0.8,,,0,0,1024,1024,1024,1024,0,0,0,0,178.7,0,0.1,50,3.603,3.603,0,0,0,0,5.186,105.08,0.512036105624,4.265092,38,Tripod,
267500,2026-05-22 09:06:59,51.9888051528354,4.39004346909651,4.265092,,,0.512036105624,4.265092,0.223694,1.51845149216,12.604659196,25,5,7.21,0.512036105624,4.265092,0.671082,3.00977043752,0,0.223694,0,161.8, -5.4, -0.2,,,0,0,1024,1024,1024,1024,0,0,0,0,178.7,0,0.8,50,3.603,3.603,0,0,0,0,5.186,105.08,0.512036105624,4.265092,38,Tripod,
267600,2026-05-22 09:06:59,51.9888052196565,4.39004393132835,4.265092,,,0.512036105624,4.265092,0.223694,1.58488194048,12.7113521128,25,5,7.21,0.512036105624,4.265092,0.671082,3.00977043752,0,0.223694,0,161.8, -5.1, 0.4,,,0,0,1024,1024,1024,1024,0,0,0,0,178.8,0,1.4,50,3.603,3.603,0,0,0,0,5.186,105.08,0.512036105624,4.265092,38,Tripod,
267700,2026-05-22 09:06:59,51.9888052731881,4.39004409821642,4.265092,,,0.512036105624,4.265092,0.223694,1.6036909962,12.753609332,25,5,7.21,0.512036105624,4.265092,0.671082,3.00977043752,0,0.223694,0,161.8, -5, 1,,,0,0,1024,1024,1024,1024,0,0,0,0,178.8,0,1.9,50,3.603,3.603,0,0,0,0,5.186,105.08,0.512036105624,4.265092,38,Tripod,
267800,2026-05-22 09:06:59,51.9888054051903,4.39004442788517,4.265092,,,0.512036105624,4.265092,0,1.63824480308,12.8419623532,25,5,7.21,0.512036105624,4.265092,0.671082,3.00977043752,0,0,0,161.8, -5.1, 1.2,,,0,0,1024,1024,1024,1024,0,0,0,0,178.8,0,1.9,50,3.603,3.603,0,0,0,0,5.186,105.08,0.512036105624,4.265092,38,Tripod,
267900,2026-05-22 09:06:59,51.9888054448584,4.39004454648628,4.265092,,,0.512036105624,4.265092,0,1.6531496592,12.8723101232,25,5,7.21,0.512036105624,4.265092,0.671082,3.00977043752,0,0,0,161.8, -5.1, 1.2,,,0,0,1024,1024,1024,1024,0,0,0,0,178.8,0,1.8,50,3.603,3.603,0,0,0,0,5.186,105.08,0.512036105624,4.265092,38,Tripod,
268000,2026-05-22 09:06:59,51.9888054731794,4.39004481041605,4.265092,,,0.512036105624,4.265092,0,1.69871396512,12.9324807288,25,5,7.21,0.512036105624,4.265092,0.671082,3.00977043752,0,0,0,161.8, -5.1, 1.4,,,0,0,1024,1024,1024,1024,0,0,0,0,178.8,0,2.1,50,3.603,3.603,0,0,0,0,5.186,105.08,0.512036105624,4.265092,38,Tripod,
268100,2026-05-22 09:06:59,51.9888054982468,4.39004486669867,4.265092,,,0.512036105624,4.265092,0,1.70508863724,12.9480975272,25,5,7.21,0.512036105624,4.265092,0.671082,3.00977043752,0,0,0,161.7, -5.1, 1.3,,,0,0,1024,1024,1024,1024,0,0,0,0,178.7,0,1.5,50,3.603,3.603,0,0,0,0,5.186,105.08,0.512036105624,4.265092,38,Tripod,
268200,2026-05-22 09:07:00,51.9888055528024,4.39004509651386,4.265092,,,0.512036105624,4.265092,0,1.74055451764,13.003445298,25,5,7.209,0.512036105624,4.265092,0.671082,3.00977043752,0,0,0,161.7, -5.4, 0.7,,,0,0,1024,1024,1024,1024,0,0,0,0,178.8,0,1.6,50,3.604,3.603,0,0,0,0,5.142,105.26,0.512036105624,4.265092,38,Tripod,
268300,2026-05-22 09:07:00,51.9888055719902,4.39004512264147,4.265092,,,0.512036105624,4.265092,0,1.74241803476,13.0125660332,25,5,7.209,0.512036105624,4.265092,0.671082,3.00977043752,0,0,0,161.8, -5.4, 1.2,,,0,0,1024,1024,1024,1024,0,0,0,0,178.8,0,1.8,50,3.604,3.603,0,0,0,0,5.142,105.26,0.512036105624,4.265092,38,Tripod,
268400,2026-05-22 09:07:00,51.9888055357499,4.39004522435745,4.265092,,,0.512036105624,4.265092,0,1.76880583088,13.0389767952,27,5,7.209,0.512036105624,4.265092,0.671082,3.00977043752,0,0,0,161.8, -5.7, 1,,,0,0,1024,1024,1024,1024,0,0,0,0,178.7,0,1.1,50,3.604,3.603,0,0,0,0,5.142,105.26,0.512036105624,4.265092,38,Tripod,
268500,2026-05-22 09:07:00,51.9888055454225,4.39004520515778,4.265092,,,0.512036105624,4.265092,0,1.76333995144,13.0445542232,27,5,7.209,0.512036105624,4.265092,0.671082,3.00977043752,0,0,0,161.8, -5.6, 0.2,,,0,0,1024,1024,1024,1024,0,0,0,0,178.6,0,0.8,50,3.604,3.603,0,0,0,0,5.142,105.26,0.512036105624,4.265092,38,Tripod,
268600,2026-05-22 09:07:00,51.9888056130154,4.39004506692227,4.265092,,,0.512036105624,4.265092,0,1.7243438872,13.0842195788,27,5,7.209,0.512036105624,4.265092,0.671082,3.00977043752,0,0,0,161.7, -5.4, 0.3,,,0,0,1024,1024,1024,1024,0,0,0,0,178.6,0,1,50,3.604,3.603,0,0,0,0,5.142,105.26,0.512036105624,4.265092,38,Tripod,
268700,2026-05-22 09:07:00,51.9888056147404,4.39004506238189,4.265092,,,0.512036105624,4.265092,0,1.72314966144,13.0854006812,27,5,7.209,0.512036105624,4.265092,0.671082,3.00977043752,0,0,0,161.7, -5.4, 0.5,,,0,0,1024,1024,1024,1024,0,0,0,0,178.6,0,1.2,50,3.604,3.603,0,0,0,0,5.142,105.26,0.512036105624,4.265092,38,Tripod,
268800,2026-05-22 09:07:00,51.9888055023769,4.39004499766888,4.265092,,,0.512036105624,4.265092,0,1.72995740444,13.1289046196,27,5,7.209,0.512036105624,4.265092,0.671082,3.00977043752,0,0,0,161.7, -5.5, 0.6,,,0,0,1024,1024,1024,1024,0,0,0,0,178.6,0,1.4,50,3.604,3.603,0,0,0,0,5.142,105.26,0.512036105624,4.265092,38,Tripod,
268900,2026-05-22 09:07:00,51.9888055021654,4.39004499012013,4.265092,,,0.512036105624,4.265092,0,1.72851383484,13.1306106564,27,5,7.209,0.512036105624,4.265092,0.671082,3.00977043752,0,0,0,161.7, -5.4, 0.7,,,0,0,1024,1024,1024,1024,0,0,0,0,178.6,0,1.1,50,3.604,3.603,0,0,0,0,5.142,105.26,0.512036105624,4.265092,38,Tripod,
269000,2026-05-22 09:07:00,51.9888053922271,4.39004498041856,4.265092,,,0.512036105624,4.265092,0,1.74659782492,13.170768138,27,5,7.209,0.512036105624,4.265092,0.671082,3.00977043752,0,0,0,161.8, -5.1, 0.3,,,0,0,1024,1024,1024,1024,0,0,0,0,178.8,0,0.9,50,3.604,3.603,0,0,0,0,5.142,105.26,0.512036105624,4.265092,38,Tripod,
269100,2026-05-22 09:07:00,51.988805383642,4.39004496997621,4.265092,,,0.512036105624,4.265092,0,1.74616803488,13.1746723376,27,5,7.209,0.512036105624,4.265092,0.671082,3.00977043752,0,0,0,161.9, -5.1, 0.5,,,0,0,1024,1024,1024,1024,0,0,0,0,178.8,0,1.1,50,3.604,3.603,0,0,0,0,5.142,105.26,0.512036105624,4.265092,38,Tripod,
269200,2026-05-22 09:07:01,51.9888052817055,4.39004495765233,4.265092,,,0.512036105624,4.265092,0,1.7630249908,13.2119754884,27,5,7.206,0.512036105624,4.265092,0.671082,3.00977043752,0,0,0,161.9, -5.1, 0.2,,,0,0,1024,1024,1024,1024,0,0,0,0,178.9,0,0.6,50,3.603,3.601,0,0,0,0,5.098,105.26,0.512036105624,4.265092,38,Tripod,
269300,2026-05-22 09:07:01,51.9888052774491,4.39004490876717,4.265092,,,0.512036105624,4.265092,0,1.75450793016,13.2230647276,27,5,7.206,0.512036105624,4.265092,0.671082,3.00977043752,0,0,0,162, -5.4, -0.2,,,0,0,1024,1024,1024,1024,0,0,0,0,178.7,0,0,50,3.603,3.601,0,0,0,0,5.098,105.26,0.512036105624,4.265092,38,Tripod,
269400,2026-05-22 09:07:01,51.9888052972535,4.39004468057963,4.265092,,,0.512036105624,4.265092,0,1.70729008088,13.2748363828,27,5,7.206,0.512036105624,4.265092,0.671082,3.00977043752,0,0,0,161.9, -5.9, -0.8,,,0,0,1024,1024,1024,1024,0,0,0,0,178.6,0,-0.4,50,3.603,3.601,0,0,0,0,5.098,105.26,0.512036105624,4.265092,38,Tripod,
269500,2026-05-22 09:07:01,51.9888053028595,4.39004461349818,4.265092,,,0.512036105624,4.265092,0,1.6935039912,13.2900594804,27,5,7.206,0.512036105624,4.265092,0.671082,3.00977043752,0,0,0,161.8, -6.3, -0.9,,,0,0,1024,1024,1024,1024,0,0,0,0,178.6,0,-0.2,50,3.603,3.601,0,0,0,0,5.098,105.26,0.512036105624,4.265092,38,Tripod,
269600,2026-05-22 09:07:01,51.9888053103432,4.39004447803802,4.265092,,,0.512036105624,4.265092,0,1.66650923968,13.3206041008,27,5,7.206,0.512036105624,4.265092,0.671082,3.00977043752,0,0,0,161.9, -6.3, -0.9,,,0,0,1024,1024,1024,1024,0,0,0,0,178.6,0,-0.4,50,3.603,3.601,0,0,0,0,5.098,105.26,0.512036105624,4.265092,38,Tripod,
269700,2026-05-22 09:07:01,51.9888053146069,4.39004443034056,4.265092,,,0.512036105624,4.265092,0,1.65670608976,13.3314308728,27,5,7.206,0.512036105624,4.265092,0.671082,3.00977043752,0,0,0,161.9, -6.2, -1.1,,,0,0,1024,1024,1024,1024,0,0,0,0,178.6,0,-0.4,50,3.603,3.601,0,0,0,0,5.098,105.26,0.512036105624,4.265092,38,Tripod,
269800,2026-05-22 09:07:01,51.9888053131294,4.39004430750686,4.265092,,,0.512036105624,4.265092,0,1.6340551704,13.3590555456,27,5,7.206,0.512036105624,4.265092,0.671082,3.00977043752,0,0,0,161.9, -6.3, -1.1,,,0,0,1024,1024,1024,1024,0,0,0,0,178.6,0,-0.5,50,3.603,3.601,0,0,0,0,5.098,105.26,0.512036105624,4.265092,38,Tripod,
269900,2026-05-22 09:07:01,51.9888053221383,4.39004428329556,4.265092,,,0.512036105624,4.265092,0,1.627706745,13.3654203752,27,5,7.206,0.512036105624,4.265092,0.671082,3.00977043752,0,0,0,161.8, -6.3, -1,,,0,0,1024,1024,1024,1024,0,0,0,0,178.5,0,-0.4,50,3.603,3.601,0,0,0,0,5.098,105.26,0.512036105624,4.265092,38,Tripod,
270000,2026-05-22 09:07:01,51.9888052180518,4.39004417603932,4.265092,,,0.512036105624,4.265092,0,1.62960635136,13.4103678832,27,5,7.206,0.512036105624,4.265092,0.671082,3.00977043752,0,0,0,161.8, -6.2, -0.7,,,0,0,1024,1024,1024,1024,0,0,0,0,178.7,0,0.3,50,3.603,3.601,0,0,0,0,5.098,105.26,0.512036105624,4.265092,38,Tripod,
270100,2026-05-22 09:07:01,51.9888052291037,4.39004419775523,4.265092,,,0.512036105624,4.265092,0,1.63123692884,13.4166999044,27,5,7.206,0.512036105624,4.265092,0.671082,3.00977043752,0,0,0,161.8, -6.2, 0,,,0,0,1024,1024,1024,1024,0,0,0,0,178.7,0,0.9,50,3.603,3.601,0,0,0,0,5.098,105.26,0.512036105624,4.265092,38,Tripod,
270200,2026-05-22 09:07:02,51.9888052154346,4.39004415288704,4.265092,,,0.512036105624,4.265092,0,1.62593837224,13.4279531856,27,5,7.202,0.512036105624,4.265092,0.671082,3.00977043752,0,0,0,161.8, -6.2, 0.2,,,0,0,1024,1024,1024,1024,0,0,0,0,178.7,0,0.4,49,3.601,3.601,0,0,0,0,5.102,105.44,0.512036105624,4.265092,38,Tripod,
270300,2026-05-22 09:07:02,51.9888052082992,4.39004416972348,4.265092,,,0.512036105624,4.265092,0,1.63053154824,13.4325463616,27,5,7.202,0.512036105624,4.265092,0.671082,3.00977043752,0,0,0,161.8, -5.9, -0.4,,,0,0,1024,1024,1024,1024,0,0,0,0,178.6,0,-0.1,49,3.601,3.601,0,0,0,0,5.102,105.44,0.512036105624,4.265092,38,Tripod,
270400,2026-05-22 09:07:02,51.9888051820583,4.39004412024013,4.265092,,,0.512036105624,4.265092,0,1.62716212556,13.4472117164,27,5,7.202,0.512036105624,4.265092,0.671082,3.00977043752,0,0,0,161.8, -5.7, -0.7,,,0,0,1024,1024,1024,1024,0,0,0,0,178.5,0,-0.5,49,3.601,3.601,0,0,0,0,5.102,105.44,0.512036105624,4.265092,38,Tripod,
270500,2026-05-22 09:07:02,51.9888051740293,4.39004411677093,4.265092,,,0.512036105624,4.265092,0,1.62826776864,13.4502628976,27,5,7.202,0.512036105624,4.265092,0.671082,3.00977043752,0,0,0,161.8, -5.7, -1.2,,,0,0,1024,1024,1024,1024,0,0,0,0,178.6,0,-0.2,49,3.601,3.601,0,0,0,0,5.102,105.44,0.512036105624,4.265092,38,Tripod,
270600,2026-05-22 09:07:02,51.9888049918163,4.39004421115205,4.265092,,,0.512036105624,4.593176,0,1.68524283608,13.5200463644,26,5,7.202,0.512036105624,4.265092,0.671082,3.00977043752,0,0,0,161.8, -6.1, -0.7,,,0,0,1024,1024,1024,1024,0,0,0,0,178.6,0,0,49,3.601,3.601,0,0,0,0,5.102,105.44,0.512036105624,4.265092,38,Tripod,
270700,2026-05-22 09:07:02,51.9888049957153,4.39004423636672,4.265092,,,0.512036105624,4.265092,0,1.68885832176,13.5258862596,26,5,7.202,0.512036105624,4.265092,0.671082,3.00977043752,0,0,0,161.8, -6.1, -0.5,,,0,0,1024,1024,1024,1024,0,0,0,0,178.6,0,0,49,3.601,3.601,0,0,0,0,5.102,105.44,0.512036105624,4.265092,38,Tripod,
270800,2026-05-22 09:07:02,51.9888049122497,4.39004416348589,4.265092,,,0.512036105624,4.265092,0,1.69479664216,13.5604663132,26,5,7.202,0.512036105624,4.265092,0.671082,3.00977043752,0,0,0,161.8, -6.2, -0.4,,,0,0,1024,1024,1024,1024,0,0,0,0,178.6,0,0.8,49,3.601,3.601,0,0,0,0,5.102,105.44,0.512036105624,4.265092,38,Tripod,
270900,2026-05-22 09:07:02,51.9888049147732,4.39004423511642,4.265092,,,0.512036105624,4.265092,0,1.70681107824,13.5765752376,26,5,7.202,0.512036105624,4.265092,0.671082,3.00977043752,0,0,0,161.7, -5.8, 0.6,,,0,0,1024,1024,1024,1024,0,0,0,0,178.7,0,1.7,49,3.601,3.601,0,0,0,0,5.102,105.44,0.512036105624,4.265092,38,Tripod,
271000,2026-05-22 09:07:02,51.9888048004851,4.39004454818349,4.265092,,,0.512036105624,4.265092,0,1.78787407296,13.6583337704,26,5,7.202,0.512036105624,4.265092,0.671082,3.00977043752,0,0,0,161.8, -5.5, 1.1,,,0,0,1024,1024,1024,1024,0,0,0,0,178.7,0,1.6,49,3.601,3.601,0,0,0,0,5.102,105.44,0.512036105624,4.265092,38,Tripod,
271100,2026-05-22 09:07:02,51.9888047913932,4.39004458840871,4.265092,,,0.512036105624,4.265092,0,1.79704073992,13.66797944,26,5,7.202,0.512036105624,4.265092,0.671082,3.00977043752,0,0,0,161.8, -5.1, 0.8,,,0,0,1024,1024,1024,1024,0,0,0,0,178.7,0,1,49,3.601,3.601,0,0,0,0,5.102,105.44,0.512036105624,4.265092,38,Tripod,
271200,2026-05-22 09:07:03,51.9888047774309,4.3900446441853,4.265092,,,0.512036105624,4.265092,0,1.81005911304,13.6814965008,25,5,7.202,0.512036105624,4.265092,0.671082,3.00977043752,0,0,0,161.8, -5, 0,,,0,0,1024,1024,1024,1024,0,0,0,0,178.6,0,0.1,49,3.598,3.598,0,0,0,0,5.127,105.62,0.512036105624,4.265092,38,Tripod,
271300,2026-05-22 09:07:03,51.9888047619532,4.39004462093911,4.265092,,,0.512036105624,4.265092,0,1.80941278756,13.6891736664,25,5,7.202,0.512036105624,4.265092,0.671082,3.00977043752,0,0,0,161.8, -5.1, -0.6,,,0,0,1024,1024,1024,1024,0,0,0,0,178.6,0,-0.3,49,3.598,3.598,0,0,0,0,5.127,105.62,0.512036105624,4.265092,38,Tripod,
271400,2026-05-22 09:07:03,51.9888047663103,4.39004454246585,4.265092,,,0.512036105624,4.265092,0,1.79457354824,13.7068902024,25,5,7.202,0.512036105624,4.265092,0.671082,3.00977043752,0,0,0,161.9, -5.1, -1,,,0,0,1024,1024,1024,1024,0,0,0,0,178.6,0,-0.2,49,3.598,3.598,0,0,0,0,5.127,105.62,0.512036105624,4.265092,38,Tripod,
271500,2026-05-22 09:07:03,51.9888047495043,4.39004449981132,4.265092,,,0.512036105624,4.265092,0,1.7908957266,13.7182747172,25,5,7.202,0.512036105624,4.265092,0.671082,3.00977043752,0,0,0,161.9, -5.1, -1.1,,,0,0,1024,1024,1024,1024,0,0,0,0,178.5,0,-0.8,49,3.598,3.598,0,0,0,0,5.127,105.62,0.512036105624,4.265092,38,Tripod,
271600,2026-05-22 09:07:03,51.9888047693745,4.39004439858051,4.265092,,,0.512036105624,4.265092,0,1.7686352272,13.742126424,25,5,7.202,0.512036105624,4.265092,0.671082,3.00977043752,0,0,0,161.9, -5.4, -1.6,,,0,0,1024,1024,1024,1024,0,0,0,0,178.5,0,-1.2,49,3.598,3.598,0,0,0,0,5.127,105.62,0.512036105624,4.265092,38,Tripod,
271700,2026-05-22 09:07:03,51.9888047653141,4.39004432632222,4.265092,,,0.512036105624,4.265092,0,1.75698168352,13.7584321988,25,5,7.202,0.512036105624,4.265092,0.671082,3.00977043752,0,0,0,161.9, -5.7, -2.1,,,0,0,1024,1024,1024,1024,0,0,0,0,178.5,0,-1.4,49,3.598,3.598,0,0,0,0,5.127,105.62,0.512036105624,4.265092,38,Tripod,
271800,2026-05-22 09:07:03,51.9888046946845,4.39004454561507,4.265092,,,0.512036105624,4.265092,0,1.81145675088,13.8140424368,25,5,7.202,0.512036105624,4.265092,0.671082,3.00977043752,0,0,0,162, -5.8, -2.2,,,0,0,608,1024,1024,1024,-63,0,0,0,178.5,0,-1.7,49,3.598,3.598,0,0,0,0,5.127,105.62,0.512036105624,4.265092,38,Tripod,
271900,2026-05-22 09:07:03,51.9888046988127,4.39004446547764,4.265092,,,0.512036105624,4.265092,0,1.79654533308,13.8321198652,25,5,7.202,0.512036105624,4.265092,0.671082,3.00977043752,0,0,0,162, -5.3, -2.4,,,0,0,364,1024,1024,1024,-100,0,0,0,178.6,0,-1.8,49,3.598,3.598,0,0,0,0,5.127,105.62,0.512036105624,4.265092,38,Tripod,
272000,2026-05-22 09:07:03,51.9888047204958,4.39004453278515,4.265092,,,0.512036105624,4.265092,0,1.80330058264,13.8491802332,25,5,7.202,0.512036105624,4.265092,0.671082,3.00977043752,0,0,0,161.9, -1.4, -2.5,,,0,0,364,1024,1024,1024,-100,0,0,0,178.6,0,-1.6,49,3.598,3.598,0,0,0,0,5.127,105.62,0.512036105624,4.265092,38,Tripod,
272100,2026-05-22 09:07:03,51.9888047910543,4.39004443553652,4.265092,,,0.512036105624,4.265092,0.223694,1.77015097528,13.8829400768,25,5,7.202,0.512036105624,4.265092,0.671082,3.00977043752,0.223694,0,0,161.9, 0.2, -2.3,,,0,0,364,1024,1024,1024,-100,0,0,0,178.6,0,-1.6,49,3.598,3.598,0,0,0,0,5.127,105.62,0.512036105624,4.265092,38,Tripod,
272200,2026-05-22 09:07:04,51.9888050231362,4.39004456426697,4.265092,,,0.512036105624,4.265092,0.447388,1.7419455938,13.9724085836,25,5,7.202,0.512036105624,4.265092,0.671082,3.00977043752,0.447388,0,0,161.9, 0.5, -2.3,,,0,0,364,1024,1024,1024,-100,0,0,0,178.6,0,-1.6,49,3.598,3.598,0,0,0,0,5.127,105.62,0.512036105624,4.265092,38,Tripod,
272300,2026-05-22 09:07:04,51.9888052544549,4.39004439706763,4.265092,,,0.512036105624,4.265092,0.4921268,1.66272315032,14.064797038,25,5,7.202,0.512036105624,4.265092,0.671082,3.00977043752,0.447388,-0.223694,0,161.8, 0.6, -2.4,,,0,0,364,1024,1024,1024,-100,0,0,0,178.5,0,-1.9,49,3.598,3.598,0,0,0,0,5.127,105.62,0.512036105624,4.265092,38,Tripod,
272400,2026-05-22 09:07:04,51.9888056576621,4.39004451873449,4.265092,,,0.512036105624,4.265092,0.7158208,1.60838915908,14.2144361504,25,5,7.202,0.512036105624,4.265092,0.7158208,3.00977043752,0.671082,-0.223694,0,161.7, 0.7, -2.5,,,0,0,364,1024,1024,1024,-100,0,0,0,178.4,0,-1.7,49,3.598,3.598,0,0,0,0,5.127,105.62,0.512036105624,4.265092,38,Tripod,
272500,2026-05-22 09:07:04,51.9888060481564,4.39004428319123,4.265092,,,0.512036105624,4.265092,0.9171454,1.49564965416,14.3664046592,25,5,7.202,0.512036105624,4.265092,0.9171454,3.00977043752,0.894776,-0.223694,0,161.7, 0.5, -2.4,,,0,0,364,1024,1024,1024,-100,0,0,0,178.5,0,-1.6,49,3.598,3.598,0,0,0,0,5.127,105.62,0.512036105624,4.265092,38,Tripod,
272600,2026-05-22 09:07:04,51.9888065749752,4.39004439543476,4.265092,,,0.512036105624,4.265092,1.1408394,1.44715227728,14.5602694948,25,5,7.202,0.512036105624,4.265092,1.1408394,3.00977043752,1.11847,-0.223694,0,161.8, 0.4, -2.1,,,0,0,1024,1024,1024,1024,0,0,0,0,178.5,0,-1.3,49,3.598,3.598,0,0,0,0,5.127,105.62,0.512036105624,4.265092,38,Tripod,
272700,2026-05-22 09:07:04,51.9888070941137,4.39004412693505,4.265092,,,0.512036105624,4.265092,1.3645334,1.3401739274,14.7590555904,25,5,7.202,0.512036105624,4.265092,1.3645334,3.00977043752,1.342164,-0.223694,0,161.8, 0.2, -1.9,,,0,0,1024,1024,1024,1024,0,0,0,0,178.4,0,-1.2,49,3.598,3.598,0,0,0,0,5.127,105.62,0.512036105624,4.265092,38,Tripod,
272800,2026-05-22 09:07:04,51.988807721472,4.39004412146434,4.265092,,,0.512036105624,4.265092,1.4092722,1.31308731236,14.9879597972,25,5,7.202,0.512036105624,4.265092,1.4092722,3.00977043752,1.342164,-0.447388,0,161.8, -3.5, -2.1,,,0,0,1024,1024,1024,1024,0,0,0,0,178.5,0,-1.5,49,3.598,3.598,0,0,0,0,5.127,105.62,0.512036105624,4.265092,38,Tripod,
272900,2026-05-22 09:07:04,51.9888082880307,4.39004383836447,4.265092,,,0.512036105624,4.265092,1.4092722,1.2606791742,15.20423277,25,5,7.202,0.512036105624,4.265092,1.4092722,3.00977043752,1.342164,-0.447388,0,161.9, -5, -2.1,,,0,0,1024,1024,1024,1024,0,0,0,0,178.5,0,-1.3,49,3.598,3.598,0,0,0,0,5.127,105.62,0.512036105624,4.265092,38,Tripod,
273000,2026-05-22 09:07:04,51.9888089367961,4.3900436244467,4.265092,,,0.512036105624,4.265092,1.1408394,1.2683235314,15.4457682108,25,5,7.202,0.512036105624,4.265092,1.4092722,3.00977043752,1.11847,-0.223694,0,161.9, -5.8, -2.1,,,0,0,1024,1024,1024,1024,0,0,0,0,178.5,0,-1.5,49,3.598,3.598,0,0,0,0,5.127,105.62,0.512036105624,4.265092,38,Tripod,
273100,2026-05-22 09:07:05,51.9888094223383,4.39004336354791,4.265092,,,0.512036105624,4.265092,1.1408394,1.28342851876,15.6323495816,25,5,7.202,0.512036105624,4.265092,1.4092722,3.00977043752,1.11847,-0.223694,0,162, -7.9, -2.2,,,0,0,531,1024,1024,1024,-75,0,0,0,178.5,0,-1.6,49,3.598,3.598,0,0,0,0,5.127,105.62,0.512036105624,4.265092,38,Tripod,
273200,2026-05-22 09:07:05,51.9888100460246,4.39004308368942,4.265092,,,0.512036105624,4.265092,0.9171454,1.35112209048,15.868438828,25,5,7.188,0.512036105624,4.265092,1.4092722,3.00977043752,0.894776,-0.223694,0,162, -8.4, -2.3,,,0,0,364,1024,1024,1024,-100,0,0,0,178.6,0,-1.7,49,3.595,3.594,0,0,0,0,5.178,105.62,0.512036105624,4.265092,38,Tripod,
273300,2026-05-22 09:07:05,51.9888104065188,4.39004288708804,4.265092,,,0.512036105624,4.265092,0.9171454,1.40113521544,16.0071855516,25,5,7.188,0.512036105624,4.265092,1.4092722,3.00977043752,0.671082,-0.223694,0,162, -3.9, -2.2,,,0,0,364,1024,1024,1024,-100,0,0,0,178.6,0,-1.3,49,3.595,3.594,0,0,0,0,5.178,105.62,0.512036105624,4.265092,38,Tripod,
273400,2026-05-22 09:07:05,51.9888106333452,4.39004280068432,4.265092,,,0.512036105624,4.265092,0.7158208,1.44446526932,16.092192116,26,5,7.188,0.512036105624,4.265092,1.4092722,3.00977043752,0.671082,-0.223694,0,161.9, -1.3, -2,,,0,0,364,1024,1024,1024,-100,0,0,0,178.6,0,-1.2,49,3.595,3.594,0,0,0,0,5.178,105.62,0.512036105624,4.265092,38,Tripod,
273500,2026-05-22 09:07:05,51.9888110117251,4.39004258167753,4.265092,,,0.512036105624,4.265092,0.9171454,1.51377629516,16.2387472388,26,5,7.188,0.512036105624,4.265092,1.4092722,3.00977043752,0.894776,-0.223694,0,161.9, -0.4, -2,,,0,0,364,1024,1024,1024,-100,0,0,0,178.6,0,-1.5,49,3.595,3.594,0,0,0,0,5.178,105.62,0.512036105624,4.265092,38,Tripod,
273600,2026-05-22 09:07:05,51.9888111309438,4.39004229792034,4.265092,,,0.512036105624,4.265092,0.9171454,1.5084974236,16.3159125956,28,5,7.188,0.512036105624,4.265092,1.4092722,3.00977043752,0.894776,-0.223694,0,161.8, 0.4, -2.5,,,0,0,1024,1024,1024,1024,0,0,0,0,178.5,0,-2.1,49,3.595,3.594,0,0,0,0,5.178,105.62,0.512036105624,4.265092,38,Tripod,
273700,2026-05-22 09:07:05,51.9888116293813,4.39004198803988,4.265092,,,0.512036105624,4.265092,1.2079476,1.62088915948,16.5106304496,28,5,7.188,0.512036105624,4.265092,1.4092722,3.00977043752,1.11847,-0.447388,0,161.8, -0.8, -2.8,,,0,0,1024,1024,1024,1024,0,0,0,0,178.5,0,-2.1,49,3.595,3.594,0,0,0,0,5.178,105.62,0.512036105624,4.265092,38,Tripod,
273800,2026-05-22 09:07:05,51.9888118821586,4.39004164190769,4.265092,,,0.512036105624,4.265092,1.2079476,1.66393378028,16.6312997448,28,5,7.188,0.512036105624,4.265092,1.4092722,3.00977043752,1.11847,-0.447388,0,161.9, -4, -2.7,,,0,0,1024,1024,1024,1024,0,0,0,0,178.5,0,-2,49,3.595,3.594,0,0,0,0,5.178,105.62,0.512036105624,4.265092,38,Tripod,
273900,2026-05-22 09:07:05,51.9888124253434,4.39004131635066,4.265092,,,0.512036105624,4.265092,1.2079476,1.8139436276,16.842520224,28,5,7.188,0.512036105624,4.265092,1.4092722,3.00977043752,1.11847,-0.447388,0,162, -4.5, -2.7,,,0,0,1024,1024,1024,1024,0,0,0,0,178.5,0,-2.2,49,3.595,3.594,0,0,0,0,5.178,105.62,0.512036105624,4.265092,38,Tripod,
274000,2026-05-22 09:07:05,51.9888128922996,4.39004122783326,4.265092,,,0.512036105624,4.265092,1.2079476,1.96604993168,17.0140425392,28,5,7.188,0.512036105624,4.265092,1.4092722,3.00977043752,1.11847,-0.447388,0,162.1, -6.2, -3,,,0,0,1024,1024,1024,1024,0,0,0,0,178.5,0,-2.5,49,3.595,3.594,0,0,0,0,5.178,105.62,0.512036105624,4.265092,38,Tripod,
274100,2026-05-22 09:07:05,51.9888133456783,4.39004090531417,4.265092,,,0.512036105624,4.265092,1.006623,2.1010335318,17.1946527812,28,5,7.188,0.512036105624,4.265092,1.4092722,3.00977043752,0.894776,-0.447388,0,162.1, -7.8, -3.4,,,0,0,1024,1024,1024,1024,0,0,0,0,178.3,0,-2.9,49,3.595,3.594,0,0,0,0,5.178,105.62,0.512036105624,4.265092,38,Tripod,
274200,2026-05-22 09:07:06,51.9888135746502,4.39004084269049,4.265092,,,0.512036105624,4.265092,0.7158208,2.177575529,17.27936407,27,5,7.189,0.512036105624,4.265092,1.4092722,3.00977043752,0.671082,-0.223694,0,162.1, -8.5, -3.7,,,0,0,1024,1024,1024,1024,0,0,0,0,178.3,0,-3.2,49,3.591,3.592,0,0,0,0,5.018,105.62,0.512036105624,4.265092,38,Tripod,
274300,2026-05-22 09:07:06,51.9888138851065,4.39004056842358,4.265092,,,0.512036105624,4.593176,0.7158208,2.27227369476,17.408301082,27,5,7.189,0.512036105624,4.265092,1.4092722,3.00977043752,0.671082,-0.223694,0,162.1, -8.8, -4,,,0,0,1024,1024,1024,1024,0,0,0,0,178.2,0,-3.4,49,3.591,3.592,0,0,0,0,5.018,105.62,0.512036105624,4.265092,38,Tripod,
274400,2026-05-22 09:07:06,51.9888139816442,4.39004067815956,4.265092,,,0.512036105624,4.593176,0.4921268,2.31221792176,17.4513128944,28,5,7.189,0.512036105624,4.265092,1.4092722,3.00977043752,0.447388,-0.223694,0,162, -8.6, -4.1,,,0,0,762,1024,1024,1024,-40,0,0,0,178.1,0,-3.5,49,3.591,3.592,0,0,0,0,5.018,105.62,0.512036105624,4.265092,38,Tripod,
274500,2026-05-22 09:07:06,51.9888141715091,4.39004050688327,4.265092,,,0.512036105624,4.265092,0.3131716,2.37121726748,17.5305451804,28,5,7.189,0.512036105624,4.265092,1.4092722,3.00977043752,0.223694,-0.223694,0,161.9, -8.3, -4.2,,,0,0,364,1024,1024,1024,-100,0,0,0,178.2,0,-3.2,49,3.591,3.592,0,0,0,0,5.018,105.62,0.512036105624,4.265092,38,Tripod,
274600,2026-05-22 09:07:06,51.9888141569217,4.39004069420913,4.265092,,,0.512036105624,4.265092,0.223694,2.37527238572,17.5729664416,28,5,7.189,0.512036105624,4.265092,1.4092722,3.00977043752,0.223694,0,0,162, -6.1, -3.5,,,0,0,453,1024,1024,1024,-87,0,0,0,178.5,0,-2.5,49,3.591,3.592,0,0,0,0,5.018,105.62,0.512036105624,4.265092,38,Tripod,
274700,2026-05-22 09:07:06,51.98881430276,4.39004058671204,4.265092,,,0.512036105624,4.593176,0.223694,2.42182094364,17.631398202,28,5,7.189,0.512036105624,4.265092,1.4092722,3.00977043752,0.223694,0,0,161.9, -2.2, -3.3,,,0,0,453,1024,1024,1024,-87,0,0,0,178.5,0,-2.9,49,3.591,3.592,0,0,0,0,5.018,105.62,0.512036105624,4.265092,38,Tripod,
274800,2026-05-22 09:07:06,51.9888145392997,4.39004065760352,4.265092,,,0.512036105624,4.593176,0.447388,2.50953420104,17.719160672,28,5,7.189,0.512036105624,4.265092,1.4092722,3.00977043752,0.447388,0,0,161.8, -2.1, -3.8,,,0,0,1024,1024,1024,1024,0,0,0,0,178.3,0,-2.8,49,3.591,3.592,0,0,0,0,5.018,105.62,0.512036105624,4.265092,38,Tripod,
274900,2026-05-22 09:07:06,51.9888147713053,4.39004052486915,4.265092,,,0.512036105624,4.593176,0.447388,2.5863189804,17.8089244544,28,5,7.189,0.512036105624,4.265092,1.4092722,3.00977043752,0.447388,0,0,162, -5.5, -3.4,,,0,0,1024,1024,1024,1024,0,0,0,0,178.4,0,-2.6,49,3.591,3.592,0,0,0,0,5.018,105.62,0.512036105624,4.265092,38,Tripod,
275000,2026-05-22 09:07:06,51.9888149809598,4.39004052026009,4.265092,,,0.512036105624,4.593176,0.447388,2.6611877492,17.8854008348,28,5,7.189,0.512036105624,4.265092,1.4092722,3.00977043752,0.447388,0,0,162.1, -6, -3.3,,,0,0,1024,1024,1024,1024,0,0,0,0,178.4,0,-2.9,49,3.591,3.592,0,0,0,0,5.018,105.62,0.512036105624,4.265092,38,Tripod,
275100,2026-05-22 09:07:06,51.9888152019795,4.39004037147615,4.265092,,,0.512036105624,4.593176,0.4921268,2.73446859144,17.9727039872,28,5,7.189,0.512036105624,4.265092,1.4092722,3.00977043752,0.447388,-0.223694,0,162.1, -6.2, -3.7,,,0,0,1024,1024,1024,1024,0,0,0,0,178.3,0,-3.2,49,3.591,3.592,0,0,0,0,5.018,105.62,0.512036105624,4.265092,38,Tripod,
275200,2026-05-22 09:07:07,51.9888152415384,4.39004019202248,4.265092,,,0.512036105624,4.265092,0.223694,2.74208014024,18.0155189492,27,5,7.189,0.512036105624,4.265092,1.4092722,3.00977043752,0.223694,0,0,162.1, -7.3, -4,,,0,0,1024,1024,1024,1024,0,0,0,0,178.2,0,-3.3,49,3.591,3.592,0,0,0,0,5.018,105.62,0.512036105624,4.265092,38,Tripod,
275300,2026-05-22 09:07:07,51.9888154132949,4.39004005868209,4.265092,,,0.512036105624,4.265092,0.223694,2.79955389536,18.084974332,27,5,7.189,0.512036105624,4.265092,1.4092722,3.00977043752,0.223694,0,0,162, -7.7, -4,,,0,0,1024,1024,1024,1024,0,0,0,0,178.1,0,-3.5,49,3.594,3.595,0,0,0,0,5.047,105.8,0.512036105624,4.265092,38,Tripod,
275400,2026-05-22 09:07:07,51.9888156173134,4.39004024393514,4.265092,,,0.512036105624,4.265092,0.223694,2.87933408164,18.170276172,25,5,7.189,0.512036105624,4.265092,1.4092722,3.00977043752,0.223694,0,0,162, -7.8, -4.3,,,0,0,1024,1024,1024,1024,0,0,0,0,178.2,0,-3.5,49,3.594,3.595,0,0,0,0,5.047,105.8,0.512036105624,4.265092,38,Tripod,
275500,2026-05-22 09:07:07,51.9888157145075,4.39004016366119,4.265092,,,0.512036105624,4.265092,0,2.91170284908,18.2100727612,25,5,7.189,0.512036105624,4.265092,1.4092722,3.00977043752,0,0,0,162.1, -7.5, -4,,,0,0,1024,1024,1024,1024,0,0,0,0,178.3,0,-3.2,49,3.594,3.595,0,0,0,0,5.047,105.8,0.512036105624,4.265092,38,Tripod,
275600,2026-05-22 09:07:07,51.9888157673463,4.39004015111907,4.265092,,,0.512036105624,4.265092,0,2.93037082868,18.2295281424,22,5,7.189,0.512036105624,4.265092,1.4092722,3.00977043752,0,0,0,162.1, -8, -3.9,,,0,0,1024,1024,1024,1024,0,0,0,0,178.2,0,-3.2,49,3.594,3.595,0,0,0,0,5.047,105.8,0.512036105624,4.265092,38,Tripod,
275700,2026-05-22 09:07:07,51.9888157931049,4.39004010278342,4.265092,,,0.512036105624,4.265092,0,2.9381398578,18.2438982216,22,5,7.189,0.512036105624,4.265092,1.4092722,3.00977043752,0,0,0,162.1, -7.7, -4.2,,,0,0,1024,1024,1024,1024,0,0,0,0,178.1,0,-3.7,49,3.594,3.595,0,0,0,0,5.047,105.8,0.512036105624,4.265092,38,Tripod,
275800,2026-05-22 09:07:07,51.9888157188274,4.3900402308635,4.265092,,,0.512036105624,4.265092,0,2.91549550012,18.2834323436,23,5,7.189,0.512036105624,4.265092,1.4092722,3.00977043752,0,0,0,162, -6.7, -4.4,,,0,0,1024,1024,1024,1024,0,0,0,0,178.2,0,-3.1,49,3.594,3.595,0,0,0,0,5.047,105.8,0.512036105624,4.265092,38,Tripod,
275900,2026-05-22 09:07:07,51.9888156885797,4.39004025653986,4.265092,,,0.512036105624,4.265092,0,2.9054626914,18.2958667272,23,5,7.189,0.512036105624,4.265092,1.4092722,3.00977043752,0,0,0,162, -5.8, -3.5,,,0,0,1024,1024,1024,1024,0,0,0,0,178.3,0,-2.7,49,3.594,3.595,0,0,0,0,5.047,105.8,0.512036105624,4.265092,38,Tripod,
276000,2026-05-22 09:07:07,51.9888155309683,4.39004046118212,4.265092,,,0.512036105624,4.265092,0,2.85617791292,18.3695215852,23,5,7.189,0.512036105624,4.265092,1.4092722,3.00977043752,0,0,0,162, -4.9, -3.5,,,0,0,1024,1024,1024,1024,0,0,0,0,178.3,0,-2.9,49,3.594,3.595,0,0,0,0,5.047,105.8,0.512036105624,4.265092,38,Tripod,
276100,2026-05-22 09:07:07,51.9888154991228,4.39004048764535,4.265092,,,0.512036105624,4.265092,0,2.84576452676,18.38254652,23,5,7.189,0.512036105624,4.265092,1.4092722,3.00977043752,0,0,0,162, -3.9, -3.7,,,0,0,1024,1024,1024,1024,0,0,0,0,178.4,0,-2.8,49,3.594,3.595,0,0,0,0,5.047,105.8,0.512036105624,4.265092,38,Tripod,
276200,2026-05-22 09:07:08,51.9888155533408,4.39004064527615,4.265092,,,0.512036105624,4.265092,0,2.8715880184,18.4231305108,23,5,7.184,0.512036105624,4.265092,1.4092722,3.00977043752,0,0,0,162, -3.7, -3.5,,,0,0,1024,1024,1024,1024,0,0,0,0,178.3,0,-3,49,3.59,3.591,0,0,0,0,5.262,105.8,0.512036105624,4.265092,38,Tripod,
276300,2026-05-22 09:07:08,51.9888155623575,4.39004064381457,4.265092,,,0.512036105624,4.265092,0,2.87476059068,18.4264441592,23,5,7.184,0.512036105624,4.265092,1.4092722,3.00977043752,0,0,0,161.9, -4.1, -3.8,,,0,0,1024,1024,1024,1024,0,0,0,0,178.3,0,-3.1,49,3.59,3.591,0,0,0,0,5.262,105.8,0.512036105624,4.265092,38,Tripod,
276400,2026-05-22 09:07:08,51.9888157354408,4.39004078898673,4.265092,,,0.512036105624,4.265092,0,2.94292004168,18.4975071536,25,5,7.184,0.512036105624,4.265092,1.4092722,3.00977043752,0,0,0,162, -4.6, -3.7,,,0,0,1024,1024,1024,1024,0,0,0,0,178.3,0,-2.8,49,3.59,3.591,0,0,0,0,5.262,105.8,0.512036105624,4.265092,38,Tripod,
276500,2026-05-22 09:07:08,51.9888157774221,4.39004076597878,4.265092,,,0.512036105624,4.265092,0,2.95697516024,18.5136816948,25,5,7.184,0.512036105624,4.265092,1.4092722,3.00977043752,0,0,0,162, -5.3, -3.6,,,0,0,1024,1024,1024,1024,0,0,0,0,178.2,0,-3.3,49,3.59,3.591,0,0,0,0,5.262,105.8,0.512036105624,4.265092,38,Tripod,
276600,2026-05-22 09:07:08,51.9888158939957,4.3900406463969,4.265092,,,0.512036105624,4.265092,0,2.99386164436,18.563976972,27,5,7.184,0.512036105624,4.265092,1.4092722,3.00977043752,0,0,0,162, -6, -4.2,,,0,0,1024,1024,1024,1024,0,0,0,0,178.2,0,-3.3,49,3.59,3.591,0,0,0,0,5.262,105.8,0.512036105624,4.265092,38,Tripod,
276700,2026-05-22 09:07:08,51.9888159484225,4.39004062669207,4.265092,,,0.512036105624,4.265092,0,3.01262804916,18.58431818,27,5,7.184,0.512036105624,4.265092,1.4092722,3.01262804916,0,0,0,162, -6.4, -3.8,,,0,0,1024,1024,1024,1024,0,0,0,0,178.2,0,-2.7,49,3.59,3.591,0,0,0,0,5.262,105.8,0.512036105624,4.265092,38,Tripod,
276800,2026-05-22 09:07:08,51.9888160051903,4.39004077388836,4.265092,,,0.512036105624,4.265092,0,3.03894694764,18.623360176,27,5,7.184,0.512036105624,4.265092,1.4092722,3.03894694764,0,0,0,162, -6.4, -3.3,,,0,0,1024,1024,1024,1024,0,0,0,0,178.2,0,-2.3,49,3.59,3.591,0,0,0,0,5.262,105.8,0.512036105624,4.265092,38,Tripod,
276900,2026-05-22 09:07:08,51.9888160376097,4.39004077555948,4.265092,,,0.512036105624,4.265092,0,3.0506398614,18.6351712,27,5,7.184,0.512036105624,4.265092,1.4092722,3.0506398614,0,0,0,162, -6.4, -2.9,,,0,0,1024,1024,1024,1024,0,0,0,0,178.3,0,-1.9,49,3.59,3.591,0,0,0,0,5.262,105.8,0.512036105624,4.265092,38,Tripod,
277000,2026-05-22 09:07:08,51.9888162438878,4.39004100212806,4.265092,,,0.512036105624,4.265092,0,3.134186452,18.726050468,27,5,7.184,0.512036105624,4.265092,1.4092722,3.134186452,0,0,0,161.9, -6.1, -2.8,,,0,0,1024,1024,1024,1024,0,0,0,0,178.2,0,-2.4,49,3.59,3.591,0,0,0,0,5.262,105.8,0.512036105624,4.265092,38,Tripod,
277100,2026-05-22 09:07:08,51.9888162365973,4.39004099526011,4.265092,,,0.512036105624,4.265092,0,3.13127634692,18.7291344576,27,5,7.184,0.512036105624,4.265092,1.4092722,3.134186452,0,0,0,161.9, -5.4, -3,,,0,0,1024,1024,1024,1024,0,0,0,0,178.2,0,-2.6,49,3.59,3.591,0,0,0,0,5.262,105.8,0.512036105624,4.265092,38,Tripod,
277200,2026-05-22 09:07:09,51.9888164800034,4.39004109245049,4.265092,,,0.512036105624,4.265092,0,3.2226378984,18.8205714684,27,5,7.184,0.512036105624,4.265092,1.4092722,3.2226378984,0,0,0,162, -5.4, -3.3,,,0,0,1024,1024,1024,1024,0,0,0,0,178.3,0,-2.3,49,3.59,3.591,0,0,0,0,5.262,105.8,0.512036105624,4.265092,38,Tripod,
277300,2026-05-22 09:07:09,51.9888164682956,4.39004108811008,4.265092,,,0.512036105624,4.265092,0,3.218257977,18.8249349856,27,5,7.176,0.512036105624,4.265092,1.4092722,3.2226378984,0,0,0,162, -5.5, -3,,,0,0,1024,1024,1024,1024,0,0,0,0,178.3,0,-2.7,49,3.587,3.587,0,0,0,0,5.31,105.98,0.512036105624,4.265092,38,Tripod,
277400,2026-05-22 09:07:09,51.9888165715112,4.39004127443953,4.265092,,,0.512036105624,4.265092,0,3.26356965824,18.8812670084,26,5,7.176,0.512036105624,4.265092,1.4092722,3.26356965824,0,0,0,162.1, -5.4, -3.7,,,0,0,1024,1024,1024,1024,0,0,0,0,178.3,0,-3.2,49,3.587,3.587,0,0,0,0,5.31,105.98,0.512036105624,4.265092,38,Tripod,
277500,2026-05-22 09:07:09,51.9888165488292,4.39004124501141,4.265092,,,0.512036105624,4.265092,0,3.25411099652,18.8918641216,26,5,7.176,0.512036105624,4.265092,1.4092722,3.26356965824,0,0,0,162.1, -5.4, -4,,,0,0,1024,1024,1024,1024,0,0,0,0,178.2,0,-3.6,49,3.587,3.587,0,0,0,0,5.31,105.98,0.512036105624,4.265092,38,Tripod,
277600,2026-05-22 09:07:09,51.9888165509077,4.39004154362265,4.265092,,,0.512036105624,4.265092,0,3.26924879228,18.9589572996,26,5,7.176,0.512036105624,4.265092,1.4092722,3.26924879228,0,0,0,162, -5.1, -4.3,,,0,0,1024,1024,1024,1024,0,0,0,0,178.2,0,-3.4,49,3.587,3.587,0,0,0,0,5.31,105.98,0.512036105624,4.265092,38,Tripod,
277700,2026-05-22 09:07:09,51.9888165241264,4.39004153156569,4.265092,,,0.512036105624,4.265092,0,3.25911755836,18.9690950952,26,5,7.176,0.512036105624,4.265092,1.4092722,3.26924879228,0,0,0,162, -4.5, -4,,,0,0,1024,1024,1024,1024,0,0,0,0,178.2,0,-3.2,49,3.587,3.587,0,0,0,0,5.31,105.98,0.512036105624,4.265092,38,Tripod,
277800,2026-05-22 09:07:09,51.988816550111,4.39004148607669,4.265092,,,0.512036105624,4.265092,0,3.26608934336,18.9830386652,26,5,7.176,0.512036105624,4.265092,1.4092722,3.26924879228,0,0,0,161.9, -4.3, -3.9,,,0,0,1024,1024,1024,1024,0,0,0,0,178.2,0,-3.1,49,3.587,3.587,0,0,0,0,5.31,105.98,0.512036105624,4.265092,38,Tripod,
277900,2026-05-22 09:07:09,51.988816542994,4.39004149646687,4.265092,,,0.512036105624,4.265092,0,3.26407162676,18.9865163556,26,5,7.176,0.512036105624,4.265092,1.4092722,3.26924879228,0,0,0,161.9, -4.6, -3.7,,,0,0,1024,1024,1024,1024,0,0,0,0,178.2,0,-2.7,49,3.587,3.587,0,0,0,0,5.31,105.98,0.512036105624,4.265092,38,Tripod,
278000,2026-05-22 09:07:09,51.988816695386,4.39004162087344,4.265092,,,0.512036105624,4.265092,0,3.3245079804,19.0487538904,26,5,7.176,0.512036105624,4.265092,1.4092722,3.3245079804,0,0,0,161.9, -4.9, -3.3,,,0,0,1024,1024,1024,1024,0,0,0,0,178.2,0,-2.7,49,3.587,3.587,0,0,0,0,5.31,105.98,0.512036105624,4.265092,38,Tripod,
278100,2026-05-22 09:07:09,51.9888167007939,4.39004161656608,4.265092,,,0.512036105624,4.265092,0,3.3262140172,19.0509520532,26,5,7.176,0.512036105624,4.265092,1.4092722,3.3262140172,0,0,0,162, -5, -3.6,,,0,0,1024,1024,1024,1024,0,0,0,0,178.2,0,-3,49,3.587,3.587,0,0,0,0,5.31,105.98,0.512036105624,4.265092,38,Tripod,
278200,2026-05-22 09:07:10,51.988816804244,4.39004178728069,4.265092,,,0.512036105624,4.265092,0,3.3717520764,19.1047578292,26,5,7.177,0.512036105624,4.265092,1.4092722,3.3717520764,0,0,0,162, -5, -3.8,,,0,0,1024,1024,1024,1024,0,0,0,0,178.2,0,-3.1,49,3.588,3.588,0,0,0,0,5.346,105.98,0.512036105624,4.265092,38,Tripod,
278300,2026-05-22 09:07:10,51.9888167944231,4.39004178305419,4.265092,,,0.512036105624,4.265092,0,3.3680447272,19.1084651784,26,5,7.177,0.512036105624,4.265092,1.4092722,3.3717520764,0,0,0,161.9, -4.8, -3.9,,,0,0,1024,1024,1024,1024,0,0,0,0,178.2,0,-3.2,49,3.588,3.588,0,0,0,0,5.346,105.98,0.512036105624,4.265092,38,Tripod,
278400,2026-05-22 09:07:10,51.9888167740627,4.39004170106391,4.265092,,,0.512036105624,4.265092,0,3.3565617872,19.1283470688,27,5,7.177,0.512036105624,4.265092,1.4092722,3.3717520764,0,0,0,161.9, -4.6, -3.9,,,0,0,1024,1024,1024,1024,0,0,0,0,178.2,0,-2.9,49,3.588,3.588,0,0,0,0,5.346,105.98,0.512036105624,4.265092,38,Tripod,
278500,2026-05-22 09:07:10,51.9888167623506,4.39004171695959,4.265092,,,0.512036105624,4.265092,0,3.3532153304,19.1338916884,27,5,7.177,0.512036105624,4.265092,1.4092722,3.3717520764,0,0,0,162, -4.5, -3.5,,,0,0,1024,1024,1024,1024,0,0,0,0,178.3,0,-2.7,49,3.588,3.588,0,0,0,0,5.346,105.98,0.512036105624,4.265092,38,Tripod,
278600,2026-05-22 09:07:10,51.9888166778163,4.3900417302225,4.265092,,,0.512036105624,4.265092,0,3.3239174292,19.1648956264,26,5,7.177,0.512036105624,4.265092,1.4092722,3.3717520764,0,0,0,162, -4.6, -3.6,,,0,0,1024,1024,1024,1024,0,0,0,0,178.2,0,-2.9,49,3.588,3.588,0,0,0,0,5.346,105.98,0.512036105624,4.265092,38,Tripod,
278700,2026-05-22 09:07:10,51.9888166676869,4.39004174308981,4.265092,,,0.512036105624,4.265092,0,3.3209974816,19.1695872276,26,5,7.177,0.512036105624,4.265092,1.4092722,3.3717520764,0,0,0,161.9, -4.5, -3.6,,,0,0,1024,1024,1024,1024,0,0,0,0,178.2,0,-2.8,49,3.588,3.588,0,0,0,0,5.346,105.98,0.512036105624,4.265092,38,Tripod,
278800,2026-05-22 09:07:10,51.9888166782179,4.3900418307273,4.265092,,,0.512036105624,4.265092,0,3.329396432,19.18963316,26,5,7.177,0.512036105624,4.265092,1.4092722,3.3717520764,0,0,0,162, -4.5, -3.5,,,0,0,1024,1024,1024,1024,0,0,0,0,178.3,0,-2.7,49,3.588,3.588,0,0,0,0,5.346,105.98,0.512036105624,4.265092,38,Tripod,
278900,2026-05-22 09:07:10,51.9888166659714,4.39004184029497,4.265092,,,0.512036105624,4.265092,0,3.3255906576,19.1945872284,26,5,7.177,0.512036105624,4.265092,1.4092722,3.3717520764,0,0,0,162, -4.3, -3.5,,,0,0,1024,1024,1024,1024,0,0,0,0,178.3,0,-3,49,3.588,3.588,0,0,0,0,5.346,105.98,0.512036105624,4.265092,38,Tripod,
279000,2026-05-22 09:07:10,51.988816671995,4.39004191193853,4.265092,,,0.512036105624,4.265092,0,3.3316274032,19.2108601948,26,5,7.177,0.512036105624,4.265092,1.4092722,3.3717520764,0,0,0,162, -4.1, -3.8,,,0,0,1024,1024,1024,1024,0,0,0,0,178.2,0,-3.1,49,3.588,3.588,0,0,0,0,5.346,105.98,0.512036105624,4.265092,38,Tripod,
279100,2026-05-22 09:07:10,51.9888166589347,4.39004191011699,4.265092,,,0.512036105624,4.265092,0,3.3269029936,19.2156174128,26,5,7.177,0.512036105624,4.265092,1.4092722,3.3717520764,0,0,0,162, -4, -3.9,,,0,0,1024,1024,1024,1024,0,0,0,0,178.2,0,-3.2,49,3.588,3.588,0,0,0,0,5.346,105.98,0.512036105624,4.265092,38,Tripod,
279200,2026-05-22 09:07:11,51.9888166779084,4.39004199600946,4.265092,,,0.512036105624,4.265092,0,3.3383859336,19.2361226628,26,5,7.175,0.512036105624,4.265092,1.4092722,3.3717520764,0,0,0,162, -4.1, -4,,,0,0,1024,1024,1024,1024,0,0,0,0,178.2,0,-3.3,48,3.586,3.586,0,0,0,0,5.241,106.16,0.512036105624,4.265092,38,Tripod,
279300,2026-05-22 09:07:11,51.9888166747515,4.39004199339757,4.265092,,,0.512036105624,4.265092,0,3.337106406,19.2374349988,26,5,7.175,0.512036105624,4.265092,1.4092722,3.3717520764,0,0,0,162, -4.1, -3.9,,,0,0,1024,1024,1024,1024,0,0,0,0,178.2,0,-3.1,48,3.586,3.586,0,0,0,0,5.241,106.16,0.512036105624,4.265092,38,Tripod,
279400,2026-05-22 09:07:11,51.9888164938348,4.39004199841876,4.265092,,,0.512036105624,4.265092,0,3.273540131,19.3034454996,26,5,7.175,0.512036105624,4.265092,1.4092722,3.3717520764,0,0,0,162, -4.1, -3.9,,,0,0,1024,1024,1024,1024,0,0,0,0,178.3,0,-3.2,48,3.586,3.586,0,0,0,0,5.241,106.16,0.512036105624,4.265092,38,Tripod,
279500,2026-05-22 09:07:11,51.9888164940029,4.39004199894653,4.265092,,,0.512036105624,4.265092,0,3.27362871368,19.3035767332,26,5,7.175,0.512036105624,4.265092,1.4092722,3.3717520764,0,0,0,162, -4.2, -4,,,0,0,1024,1024,1024,1024,0,0,0,0,178.2,0,-3.2,48,3.586,3.586,0,0,0,0,5.241,106.16,0.512036105624,4.265092,38,Tripod,
279600,2026-05-22 09:07:11,51.9888165008372,4.39004210389172,4.265092,,,0.512036105624,4.265092,0,3.2821195276,19.3272972064,25,5,7.175,0.512036105624,4.265092,1.4092722,3.3717520764,0,0,0,162, -4.2, -3.9,,,0,0,1024,1024,1024,1024,0,0,0,0,178.2,0,-3.2,48,3.586,3.586,0,0,0,0,5.241,106.16,0.512036105624,4.265092,38,Tripod,
279700,2026-05-22 09:07:11,51.9888165023321,4.39004211027886,4.265092,,,0.512036105624,4.265092,0,3.2830381628,19.3288063928,25,5,7.175,0.512036105624,4.265092,1.4092722,3.3717520764,0,0,0,161.9, -4.2, -4,,,0,0,1024,1024,1024,1024,0,0,0,0,178.2,0,-3.3,48,3.586,3.586,0,0,0,0,5.241,106.16,0.512036105624,4.265092,38,Tripod,
279800,2026-05-22 09:07:11,51.988816499671,4.3900421137124,4.265092,,,0.512036105624,4.265092,0,3.282316378,19.330053112,25,5,7.175,0.512036105624,4.265092,1.4092722,3.3717520764,0,0,0,161.9, -4.1, -4,,,0,0,1024,1024,1024,1024,0,0,0,0,178.3,0,-3.1,48,3.586,3.586,0,0,0,0,5.241,106.16,0.512036105624,4.265092,38,Tripod,
279900,2026-05-22 09:07:11,51.9888164961468,4.39004212834648,4.265092,,,0.512036105624,4.265092,0,3.2819226772,19.3335964192,25,5,7.175,0.512036105624,4.265092,1.4092722,3.3717520764,0,0,0,162, -3.9, -3.7,,,0,0,1024,1024,1024,1024,0,0,0,0,178.3,0,-2.9,48,3.586,3.586,0,0,0,0,5.241,106.16,0.512036105624,4.265092,38,Tripod,
280000,2026-05-22 09:07:11,51.9888164888552,4.39004203465572,4.265092,,,0.512036105624,4.265092,0,3.27387149584,19.354823454,26,5,7.175,0.512036105624,4.265092,1.4092722,3.3717520764,0,0,0,161.9, -3.6, -3.7,,,0,0,1024,1024,1024,1024,0,0,0,0,178.3,0,-3,48,3.586,3.586,0,0,0,0,5.241,106.16,0.512036105624,4.265092,38,Tripod,
280100,2026-05-22 09:07:11,51.9888164830029,4.39004204784038,4.265092,,,0.512036105624,4.265092,0,3.27257556404,19.3584651864,26,5,7.175,0.512036105624,4.265092,1.4092722,3.3717520764,0,0,0,161.9, -3.4, -3.8,,,0,0,1024,1024,1024,1024,0,0,0,0,178.3,0,-3.1,48,3.586,3.586,0,0,0,0,5.241,106.16,0.512036105624,4.265092,38,Tripod,
280200,2026-05-22 09:07:12,51.9888163876914,4.39004191573552,4.265092,,,0.512036105624,4.265092,0,3.2313649328,19.4041672876,27,5,7.169,0.512036105624,4.265092,1.4092722,3.3717520764,0,0,0,161.9, -3.4, -4,,,0,0,1024,1024,1024,1024,0,0,0,0,178.3,0,-3.3,48,3.583,3.584,0,0,0,0,5.325,106.34,0.512036105624,4.265092,38,Tripod,
280300,2026-05-22 09:07:12,51.9888163817524,4.39004190770508,4.265092,,,0.512036105624,4.265092,0,3.22881243928,19.40698881,27,5,7.169,0.512036105624,4.265092,1.4092722,3.3717520764,0,0,0,161.9, -3.2, -4,,,0,0,1024,1024,1024,1024,0,0,0,0,178.3,0,-3.4,48,3.583,3.584,0,0,0,0,5.325,106.34,0.512036105624,4.265092,38,Tripod,
280400,2026-05-22 09:07:12,51.9888162866679,4.39004188542053,4.265092,,,0.512036105624,4.265092,0,3.19398304184,19.4420609896,27,5,7.169,0.512036105624,4.265092,1.4092722,3.3717520764,0,0,0,161.9, -3, -4.2,,,0,0,1024,1024,1024,1024,0,0,0,0,178.3,0,-3.6,48,3.583,3.584,0,0,0,0,5.325,106.34,0.512036105624,4.265092,38,Tripod,
280500,2026-05-22 09:07:12,51.9888162814367,4.39004187900035,4.265092,,,0.512036105624,4.265092,0,3.19177175568,19.4444560028,27,5,7.169,0.512036105624,4.265092,1.4092722,3.3717520764,0,0,0,161.9, -3, -4.4,,,0,0,1024,1024,1024,1024,0,0,0,0,178.3,0,-3.6,48,3.583,3.584,0,0,0,0,5.325,106.34,0.512036105624,4.265092,38,Tripod,
280600,2026-05-22 09:07:12,51.988816289329,4.39004189524816,4.265092,,,0.512036105624,4.265092,0,3.19548238572,19.4490819872,27,5,7.169,0.512036105624,4.265092,1.4092722,3.3717520764,0,0,0,161.9, -3, -4.3,,,0,0,1024,1024,1024,1024,0,0,0,0,178.3,0,-3.3,48,3.583,3.584,0,0,0,0,5.325,106.34,0.512036105624,4.265092,38,Tripod,
280700,2026-05-22 09:07:12,51.9888162836663,4.39004190447412,4.265092,,,0.512036105624,4.265092,0,3.1940125694,19.4520347432,27,5,7.169,0.512036105624,4.265092,1.4092722,3.3717520764,0,0,0,161.9, -2.9, -4,,,0,0,1024,1024,1024,1024,0,0,0,0,178.4,0,-3.2,48,3.583,3.584,0,0,0,0,5.325,106.34,0.512036105624,4.265092,38,Tripod,
280800,2026-05-22 09:07:12,51.9888161919389,4.39004182155177,4.265092,,,0.512036105624,4.265092,0,3.15691611152,19.490322146,27,5,7.169,0.512036105624,4.265092,1.4092722,3.3717520764,0,0,0,161.9, -2.9, -3.9,,,0,0,1024,1024,1024,1024,0,0,0,0,178.4,0,-3,48,3.583,3.584,0,0,0,0,5.325,106.34,0.512036105624,4.265092,38,Tripod,
280900,2026-05-22 09:07:12,51.9888161925643,4.39004183677535,4.265092,,,0.512036105624,4.265092,0,3.15799878872,19.4937342196,27,5,7.169,0.512036105624,4.265092,1.4092722,3.3717520764,0,0,0,162, -3, -3.7,,,0,0,1024,1024,1024,1024,0,0,0,0,178.4,0,-3,48,3.583,3.584,0,0,0,0,5.325,106.34,0.512036105624,4.265092,38,Tripod,
281000,2026-05-22 09:07:12,51.9888161990291,4.3900418292379,4.265092,,,0.512036105624,4.265092,0,3.15985574416,19.4966541672,27,5,7.169,0.512036105624,4.265092,1.4092722,3.3717520764,0,0,0,161.9, -3, -3.7,,,0,0,1024,1024,1024,1024,0,0,0,0,178.3,0,-2.9,48,3.583,3.584,0,0,0,0,5.325,106.34,0.512036105624,4.265092,38,Tripod,
281100,2026-05-22 09:07:13,51.9888161968628,4.39004184187306,4.265092,,,0.512036105624,4.265092,0,3.15980653156,19.4996069232,27,5,7.169,0.512036105624,4.265092,1.4092722,3.3717520764,0,0,0,161.9, -2.8, -3.7,,,0,0,1024,1024,1024,1024,0,0,0,0,178.3,0,-3.1,48,3.583,3.584,0,0,0,0,5.325,106.34,0.512036105624,4.265092,38,Tripod,
281200,2026-05-22 09:07:13,51.9888162016977,4.39004182021366,4.265092,,,0.512036105624,4.265092,0,3.1602855342,19.5047906504,27,5,7.165,0.512036105624,4.265092,1.4092722,3.3717520764,0,0,0,161.9, -2.9, -3.8,,,0,0,1024,1024,1024,1024,0,0,0,0,178.3,0,-3.1,48,3.582,3.582,0,0,0,0,5.295,106.34,0.512036105624,4.265092,38,Tripod,
281300,2026-05-22 09:07:13,51.9888162072716,4.39004183257841,4.265092,,,0.512036105624,4.265092,0,3.16295285712,19.5082355324,27,5,7.165,0.512036105624,4.265092,1.4092722,3.3717520764,0,0,0,161.9, -3, -3.7,,,0,0,1024,1024,1024,1024,0,0,0,0,178.4,0,-2.9,48,3.582,3.582,0,0,0,0,5.295,106.34,0.512036105624,4.265092,38,Tripod,
281400,2026-05-22 09:07:13,51.988816210451,4.3900418306734,4.265092,,,0.512036105624,4.265092,0,3.16396663668,19.5094494432,27,5,7.165,0.512036105624,4.265092,1.4092722,3.3717520764,0,0,0,161.9, -2.9, -3.5,,,0,0,1024,1024,1024,1024,0,0,0,0,178.4,0,-2.8,48,3.582,3.582,0,0,0,0,5.295,106.34,0.512036105624,4.265092,38,Tripod,
281500,2026-05-22 09:07:13,51.9888162123133,4.39004184641344,4.265092,,,0.512036105624,4.265092,0,3.165518474,19.5130583672,27,5,7.165,0.512036105624,4.265092,1.4092722,3.3717520764,0,0,0,161.9, -2.8, -3.5,,,0,0,1024,1024,1024,1024,0,0,0,0,178.4,0,-3,48,3.582,3.582,0,0,0,0,5.295,106.34,0.512036105624,4.265092,38,Tripod,
281600,2026-05-22 09:07:13,51.988816301946,4.39004183014128,4.265092,,,0.512036105624,4.265092,0,3.19625338312,19.5459651924,28,5,7.165,0.512036105624,4.265092,1.4092722,3.3717520764,0,0,0,161.9, -2.7, -3.8,,,0,0,1024,1024,1024,1024,0,0,0,0,178.4,0,-3,48,3.582,3.582,0,0,0,0,5.295,106.34,0.512036105624,4.265092,38,Tripod,
281700,2026-05-22 09:07:13,51.988816297429,4.39004184082969,4.265092,,,0.512036105624,4.265092,0,3.19525600776,19.54888514,28,5,7.165,0.512036105624,4.265092,1.4092722,3.3717520764,0,0,0,162, -2.6, -3.8,,,0,0,1024,1024,1024,1024,0,0,0,0,178.5,0,-3,48,3.582,3.582,0,0,0,0,5.295,106.34,0.512036105624,4.265092,38,Tripod,
281800,2026-05-22 09:07:13,51.9888162902949,4.39004181989108,4.265092,,,0.512036105624,4.265092,0,3.19156178192,19.5542657176,28,5,7.165,0.512036105624,4.265092,1.4092722,3.3717520764,0,0,0,162, -2.3, -3.8,,,0,0,1024,1024,1024,1024,0,0,0,0,178.5,0,-3.2,48,3.582,3.582,0,0,0,0,5.295,106.34,0.512036105624,4.265092,38,Tripod,
281900,2026-05-22 09:07:13,51.988816286111,4.39004182269947,4.265092,,,0.512036105624,4.265092,0,3.1902396034,19.5559061376,28,5,7.165,0.512036105624,4.265092,1.4092722,3.3717520764,0,0,0,162, -2.2, -4,,,0,0,1024,1024,1024,1024,0,0,0,0,178.5,0,-3.3,48,3.582,3.582,0,0,0,0,5.295,106.34,0.512036105624,4.265092,38,Tripod,
282000,2026-05-22 09:07:13,51.9888162965231,4.39004190469497,4.265092,,,0.512036105624,4.265092,0,3.19855981364,19.5747053508,28,5,7.165,0.512036105624,4.265092,1.4092722,3.3717520764,0,0,0,162, -2.4, -4,,,0,0,1024,1024,1024,1024,0,0,0,0,178.5,0,-3,48,3.582,3.582,0,0,0,0,5.295,106.34,0.512036105624,4.265092,38,Tripod,
282100,2026-05-22 09:07:13,51.9888162942657,4.3900419158129,4.265092,,,0.512036105624,4.265092,0,3.19840233332,19.5773300228,28,5,7.165,0.512036105624,4.265092,1.4092722,3.3717520764,0,0,0,162, -2.2, -3.6,,,0,0,1024,1024,1024,1024,0,0,0,0,178.4,0,-2.7,48,3.582,3.582,0,0,0,0,5.295,106.34,0.512036105624,4.265092,38,Tripod,
282200,2026-05-22 09:07:14,51.9888164932554,4.39004192286431,4.265092,,,0.512036105624,4.265092,0,3.26904209936,19.6499678204,28,5,7.16,0.512036105624,4.265092,1.4092722,3.3717520764,0,0,0,161.8, -1.8, -3.5,,,0,0,1024,1024,1024,1024,0,0,0,0,178.3,0,-2.7,48,3.579,3.578,0,0,0,0,5.314,106.52,0.512036105624,4.265092,38,Tripod,
282300,2026-05-22 09:07:14,51.9888164901392,4.39004193492475,4.265092,,,0.512036105624,4.265092,0,3.26862215184,19.652887768,28,5,7.16,0.512036105624,4.265092,1.4092722,3.3717520764,0,0,0,161.7, -1, -3.4,,,0,0,1024,1024,1024,1024,0,0,0,0,178.2,0,-2.7,48,3.579,3.578,0,0,0,0,5.314,106.52,0.512036105624,4.265092,38,Tripod,
282400,2026-05-22 09:07:14,51.9888165949675,4.39004192307907,4.265092,,,0.512036105624,4.265092,0,3.3049869824,19.6912407876,27,5,7.16,0.512036105624,4.265092,1.4092722,3.3717520764,0,0,0,161.6, -0.8, -3.6,,,0,0,1024,1024,1024,1024,0,0,0,0,178.2,0,-3,48,3.579,3.578,0,0,0,0,5.314,106.52,0.512036105624,4.265092,38,Tripod,
282500,2026-05-22 09:07:14,51.9888166034392,4.39004191912819,4.265092,,,0.512036105624,4.265092,0,3.3077756964,19.6944560108,27,5,7.16,0.512036105624,4.265092,1.4092722,3.3717520764,0,0,0,161.7, -1.1, -3.9,,,0,0,1024,1024,1024,1024,0,0,0,0,178.3,0,-3.1,48,3.579,3.578,0,0,0,0,5.314,106.52,0.512036105624,4.265092,38,Tripod,
282600,2026-05-22 09:07:14,51.9888168202813,4.3900420941493,4.265092,,,0.512036105624,4.265092,0,3.394193022,19.782809032,27,5,7.16,0.512036105624,4.265092,1.4092722,3.394193022,0,0,0,161.8, -1.6, -3.9,,,0,0,1024,1024,1024,1024,0,0,0,0,178.3,0,-3.1,48,3.579,3.578,0,0,0,0,5.314,106.52,0.512036105624,4.265092,38,Tripod,
282700,2026-05-22 09:07:14,51.98881683436,4.39004210157111,4.265092,,,0.512036105624,4.265092,0,3.399606408,19.788222418,27,5,7.16,0.512036105624,4.265092,1.4092722,3.399606408,0,0,0,161.8, -1.5, -3.8,,,0,0,1024,1024,1024,1024,0,0,0,0,178.4,0,-2.5,48,3.579,3.578,0,0,0,0,5.314,106.52,0.512036105624,4.265092,38,Tripod,
282800,2026-05-22 09:07:14,51.9888170278433,4.39004212842821,4.265092,,,0.512036105624,4.265092,0,3.4694554916,19.8590557536,27,5,7.16,0.512036105624,4.265092,1.4092722,3.4694554916,0,0,0,161.9, -1.4, -3,,,0,0,1024,1024,1024,1024,0,0,0,0,178.6,0,-1.6,48,3.579,3.578,0,0,0,0,5.314,106.52,0.512036105624,4.265092,38,Tripod,
282900,2026-05-22 09:07:14,51.9888170323988,4.39004214285448,4.265092,,,0.512036105624,4.265092,0,3.4718505048,19.862697486,27,5,7.16,0.512036105624,4.265092,1.4092722,3.4718505048,0,0,0,162, -1.4, -2.1,,,0,0,1024,1024,1024,1024,0,0,0,0,178.7,0,-1.3,48,3.579,3.578,0,0,0,0,5.314,106.52,0.512036105624,4.265092,38,Tripod,
283000,2026-05-22 09:07:14,51.9888170947073,4.39004200215836,4.265092,,,0.512036105624,4.265092,0,3.4861549672,19.9016410568,26,5,7.16,0.512036105624,4.265092,1.4092722,3.4861549672,0,0,0,162, -1.5, -2.4,,,0,0,1024,1024,1024,1024,0,0,0,0,178.5,0,-2.3,48,3.579,3.578,0,0,0,0,5.314,106.52,0.512036105624,4.265092,38,Tripod,
283100,2026-05-22 09:07:14,51.988817069997,4.39004195599117,4.265092,,,0.512036105624,4.265092,0,3.4749344944,19.9153877764,26,5,7.16,0.512036105624,4.265092,1.4092722,3.4861549672,0,0,0,161.8, -1.5, -3.5,,,0,0,1024,1024,1024,1024,0,0,0,0,178.4,0,-3.3,48,3.579,3.578,0,0,0,0,5.314,106.52,0.512036105624,4.265092,38,Tripod,
283200,2026-05-22 09:07:15,51.9888171407042,4.39004199280807,4.265092,,,0.512036105624,4.265092,0,3.5019358076,19.9424547064,27,5,7.157,0.512036105624,4.265092,1.4092722,3.5019358076,0,0,0,161.8, -1.2, -4.3,,,0,0,1024,1024,1024,1024,0,0,0,0,178.4,0,-3.7,48,3.58,3.58,0,0,0,0,5.335,106.52,0.512036105624,4.265092,38,Tripod,
283300,2026-05-22 09:07:15,51.9888171072653,4.39004193168336,4.265092,,,0.512036105624,4.265092,0,3.4868439436,19.9608274104,27,5,7.157,0.512036105624,4.265092,1.4092722,3.5019358076,0,0,0,161.8, -0.9, -4.5,,,0,0,1024,1024,1024,1024,0,0,0,0,178.4,0,-3.8,48,3.58,3.58,0,0,0,0,5.335,106.52,0.512036105624,4.265092,38,Tripod,
283400,2026-05-22 09:07:15,51.9888171414421,4.39004198487849,4.265092,,,0.512036105624,4.265092,0,3.5017717656,19.9781174372,27,5,7.157,0.512036105624,4.265092,1.4092722,3.5019358076,0,0,0,161.8, -0.9, -4.6,,,0,0,1024,1024,1024,1024,0,0,0,0,178.4,0,-3.8,48,3.58,3.58,0,0,0,0,5.335,106.52,0.512036105624,4.265092,38,Tripod,
283500,2026-05-22 09:07:15,51.9888171299506,4.39004194706865,4.265092,,,0.512036105624,4.265092,0,3.4957022116,19.9875990648,27,5,7.157,0.512036105624,4.265092,1.4092722,3.5019358076,0,0,0,161.8, -0.8, -4.7,,,0,0,1024,1024,1024,1024,0,0,0,0,178.4,0,-4,48,3.58,3.58,0,0,0,0,5.335,106.52,0.512036105624,4.265092,38,Tripod,
283600,2026-05-22 09:07:15,51.9888171873759,4.39004182819888,4.265092,,,0.512036105624,4.265092,0,3.5099082488,20.0215229504,26,5,7.157,0.512036105624,4.265092,1.4092722,3.5099082488,0,0,0,161.9, -1, -4.8,,,0,0,1024,1024,1024,1024,0,0,0,0,178.5,0,-3.6,48,3.58,3.58,0,0,0,0,5.335,106.52,0.512036105624,4.265092,38,Tripod,
283700,2026-05-22 09:07:15,51.9888171915887,4.39004181830777,4.265092,,,0.512036105624,4.265092,0,3.5108925008,20.0242460476,26,5,7.157,0.512036105624,4.265092,1.4092722,3.5108925008,0,0,0,161.9, -0.9, -4.1,,,0,0,1024,1024,1024,1024,0,0,0,0,178.5,0,-2.9,48,3.58,3.58,0,0,0,0,5.335,106.52,0.512036105624,4.265092,38,Tripod,
283800,2026-05-22 09:07:15,51.9888172078102,4.39004189188939,4.265092,,,0.512036105624,4.265092,0,3.5204397452,20.0417985416,27,5,7.157,0.512036105624,4.265092,1.4092722,3.5204397452,0,0,0,161.8, -0.6, -3.6,,,0,0,1024,1024,1024,1024,0,0,0,0,178.5,0,-2.9,48,3.58,3.58,0,0,0,0,5.335,106.52,0.512036105624,4.265092,38,Tripod,
283900,2026-05-22 09:07:15,51.9888172099605,4.39004190002069,4.265092,,,0.512036105624,4.265092,0,3.5216208476,20.0437670456,27,5,7.157,0.512036105624,4.265092,1.4092722,3.5216208476,0,0,0,161.8, -0.3, -3.7,,,0,0,1024,1024,1024,1024,0,0,0,0,178.4,0,-2.8,48,3.58,3.58,0,0,0,0,5.335,106.52,0.512036105624,4.265092,38,Tripod,
284000,2026-05-22 09:07:15,51.9888174078226,4.3900420244177,4.265092,,,0.512036105624,4.265092,0,3.5983268868,20.1211948696,26,5,7.157,0.512036105624,4.265092,1.4092722,3.5983268868,0,0,0,161.7, -0.2, -3.7,,,0,0,1024,1024,1024,1024,0,0,0,0,178.3,0,-2.8,48,3.58,3.58,0,0,0,0,5.335,106.52,0.512036105624,4.265092,38,Tripod,
284100,2026-05-22 09:07:15,51.9888174208133,4.39004204720219,4.265092,,,0.512036105624,4.265092,0,3.6041339736,20.1281830588,26,5,7.157,0.512036105624,4.265092,1.4092722,3.6041339736,0,0,0,161.7, -0.3, -3.6,,,0,0,1024,1024,1024,1024,0,0,0,0,178.4,0,-2.4,48,3.58,3.58,0,0,0,0,5.335,106.52,0.512036105624,4.265092,38,Tripod,
284200,2026-05-22 09:07:16,51.9888176371543,4.39004216021347,4.265092,,,0.512036105624,4.265092,0,3.68684395,20.2110898856,26,5,7.153,0.512036105624,4.265092,1.4092722,3.68684395,0,0,0,161.8, -0.4, -2.9,,,0,0,1024,1024,1024,1024,0,0,0,0,178.5,0,-1.4,48,3.577,3.576,0,0,0,0,5.207,106.7,0.512036105624,4.265092,38,Tripod,
284300,2026-05-22 09:07:16,51.9888176640973,4.39004220746315,4.265092,,,0.512036105624,4.265092,0,3.6988846328,20.22555839,26,5,7.153,0.512036105624,4.265092,1.4092722,3.6988846328,0,0,0,161.8, -0.7, -1.8,,,0,0,1024,1024,1024,1024,0,0,0,0,178.5,0,-0.6,48,3.577,3.576,0,0,0,0,5.207,106.7,0.512036105624,4.265092,38,Tripod,
284400,2026-05-22 09:07:16,51.9888178562678,4.39004237521374,4.265092,,,0.512036105624,4.265092,0,3.7760499896,20.3051515684,26,5,7.153,0.512036105624,4.265092,1.4092722,3.7760499896,0,0,0,161.9, -1, -1.5,,,0,0,1024,1024,1024,1024,0,0,0,0,178.5,0,-1.1,48,3.577,3.576,0,0,0,0,5.207,106.7,0.512036105624,4.265092,38,Tripod,
284500,2026-05-22 09:07:16,51.9888178805304,4.39004236087702,4.265092,,,0.512036105624,4.265092,0,3.7838255804,20.3145675792,26,5,7.153,0.512036105624,4.265092,1.4092722,3.7838255804,0,0,0,161.9, -1.3, -2.2,,,0,0,1024,1024,1024,1024,0,0,0,0,178.6,0,-1.6,48,3.577,3.576,0,0,0,0,5.207,106.7,0.512036105624,4.265092,38,Tripod,
284600,2026-05-22 09:07:16,51.9888178451264,4.39004234302417,4.265092,,,0.512036105624,4.265092,0,3.770341328,20.32808464,25,5,7.153,0.512036105624,4.265092,1.4092722,3.7838255804,0,0,0,161.9, -1.4, -2.7,,,0,0,1024,1024,1024,1024,0,0,0,0,178.5,0,-2.1,48,3.577,3.576,0,0,0,0,5.207,106.7,0.512036105624,4.265092,38,Tripod,
284700,2026-05-22 09:07:16,51.9888178586001,4.39004228472351,4.265092,,,0.512036105624,4.265092,0,3.7719489396,20.3420938268,25,5,7.153,0.512036105624,4.265092,1.4092722,3.7838255804,0,0,0,161.9, -1.4, -3.1,,,0,0,1024,1024,1024,1024,0,0,0,0,178.5,0,-2.5,48,3.577,3.576,0,0,0,0,5.207,106.7,0.512036105624,4.265092,38,Tripod,
284800,2026-05-22 09:07:16,51.9888178238826,4.39004217633695,4.265092,,,0.512036105624,4.265092,0,3.7539043196,20.3695544576,25,5,7.153,0.512036105624,4.265092,1.4092722,3.7838255804,0,0,0,161.8, -1.4, -3.4,,,0,0,1024,1024,1024,1024,0,0,0,0,178.4,0,-2.8,48,3.577,3.576,0,0,0,0,5.207,106.7,0.512036105624,4.265092,38,Tripod,
284900,2026-05-22 09:07:16,51.9888178270877,4.39004212049776,4.265092,,,0.512036105624,4.265092,0,3.752132666,20.3821528832,25,5,7.153,0.512036105624,4.265092,1.4092722,3.7838255804,0,0,0,161.8, -1.3, -3.7,,,0,0,1024,1024,1024,1024,0,0,0,0,178.4,0,-2.9,48,3.577,3.576,0,0,0,0,5.207,106.7,0.512036105624,4.265092,38,Tripod,
285000,2026-05-22 09:07:16,51.9888177007638,4.39004200067069,4.265092,,,0.512036105624,4.265092,0,3.701115604,20.43553215,25,5,7.153,0.512036105624,4.265092,1.4092722,3.7838255804,0,0,0,161.8, -1.1, -3.6,,,0,0,1024,1024,1024,1024,0,0,0,0,178.4,0,-2.7,48,3.577,3.576,0,0,0,0,5.207,106.7,0.512036105624,4.265092,38,Tripod,
285100,2026-05-22 09:07:16,51.9888176937079,4.39004198061982,4.265092,,,0.512036105624,4.265092,0,3.6976051052,20.4407158772,25,5,7.153,0.512036105624,4.265092,1.4092722,3.7838255804,0,0,0,161.8, -0.8, -3.6,,,0,0,1024,1024,1024,1024,0,0,0,0,178.4,0,-2.8,48,3.577,3.576,0,0,0,0,5.207,106.7,0.512036105624,4.265092,38,Tripod,
285200,2026-05-22 09:07:17,51.988817484289,4.39004187176635,4.265092,,,0.512036105624,4.265092,0,3.6176510344,20.5209324152,25,5,7.153,0.512036105624,4.265092,1.4092722,3.7838255804,0,0,0,161.8, -0.7, -3.6,,,0,0,1024,1024,1024,1024,0,0,0,0,178.5,0,-2.5,48,3.577,3.576,0,0,0,0,5.207,106.7,0.512036105624,4.265092,38,Tripod,
285300,2026-05-22 09:07:17,51.9888174841605,4.39004187451127,4.265092,,,0.512036105624,4.265092,0,3.6177494596,20.5215557748,25,5,7.153,0.512036105624,4.265092,1.4092722,3.7838255804,0,0,0,161.9, -0.8, -3.2,,,0,0,1024,1024,1024,1024,0,0,0,0,178.6,0,-2.3,48,3.577,3.576,0,0,0,0,5.207,106.7,0.512036105624,4.265092,38,Tripod,
285400,2026-05-22 09:07:17,51.9888175075846,4.39004170796577,4.265092,,,0.512036105624,4.265092,0,3.6179135016,20.5599416028,25,5,7.153,0.512036105624,4.265092,1.4092722,3.7838255804,0,0,0,162, -1.1, -3,,,0,0,1024,1024,1024,1024,0,0,0,0,178.7,0,-2.1,48,3.577,3.576,0,0,0,0,5.207,106.7,0.512036105624,4.265092,38,Tripod,
285500,2026-05-22 09:07:17,51.9888175173349,4.39004170414184,4.265092,,,0.512036105624,4.265092,0,3.62122715,20.5635833352,25,5,7.153,0.512036105624,4.265092,1.4092722,3.7838255804,0,0,0,162.1, -1.4, -2.9,,,0,0,1024,1024,1024,1024,0,0,0,0,178.6,0,-2,48,3.577,3.576,0,0,0,0,5.207,106.7,0.512036105624,4.265092,38,Tripod,
285600,2026-05-22 09:07:17,51.9888174159912,4.39004148030253,4.265092,,,0.512036105624,4.265092,0,3.574639222,20.6260177204,24,5,7.153,0.512036105624,4.265092,1.4092722,3.7838255804,0,0,0,162, -1.4, -3,,,0,0,1024,1024,1024,1024,0,0,0,0,178.5,0,-2.7,48,3.577,3.576,0,0,0,0,5.207,106.7,0.512036105624,4.265092,38,Tripod,
285700,2026-05-22 09:07:17,51.9888174124412,4.39004144539412,4.265092,,,0.512036105624,4.265092,0,3.5717848912,20.6339573532,24,5,7.153,0.512036105624,4.265092,1.4092722,3.7838255804,0,0,0,161.8, -1.2, -3.9,,,0,0,1024,1024,1024,1024,0,0,0,0,178.3,0,-3.6,48,3.577,3.576,0,0,0,0,5.207,106.7,0.512036105624,4.265092,38,Tripod,
285800,2026-05-22 09:07:17,51.9888172889659,4.39004111309782,4.265092,,,0.512036105624,4.593176,0,3.5133859392,20.7211620804,23,5,7.153,0.512036105624,4.265092,1.4092722,3.7838255804,0,0,0,161.7, -1.3, -4.6,,,0,0,1024,1024,1024,1024,0,0,0,0,178.3,0,-4,48,3.577,3.576,0,0,0,0,5.207,106.7,0.512036105624,4.265092,38,Tripod,
285900,2026-05-22 09:07:17,51.9888172862052,4.39004106829831,4.265092,,,0.512036105624,4.265092,0,3.5105644168,20.7312670676,23,5,7.153,0.512036105624,4.265092,1.4092722,3.7838255804,0,0,0,161.7, -1.2, -4.9,,,0,0,1024,1024,1024,1024,0,0,0,0,178.3,0,-4,48,3.577,3.576,0,0,0,0,5.207,106.7,0.512036105624,4.265092,38,Tripod,
286000,2026-05-22 09:07:17,51.9888171958893,4.39004072508406,4.265092,,,0.512036105624,4.265092,0,3.4650919744,20.815125338,23,5,7.153,0.512036105624,4.265092,1.4092722,3.7838255804,0,0,0,161.7, -1.3, -4.8,,,0,0,1024,1024,1024,1024,0,0,0,0,178.3,0,-3.9,48,3.577,3.576,0,0,0,0,5.207,106.7,0.512036105624,4.265092,38,Tripod,
286100,2026-05-22 09:07:17,51.988817201899,4.39004071978724,4.265092,,,0.512036105624,4.593176,0,3.4670604784,20.8176187764,23,5,7.153,0.512036105624,4.265092,1.4092722,3.7838255804,0,0,0,161.8, -1.5, -4.7,,,0,0,1024,1024,1024,1024,0,0,0,0,178.4,0,-3.7,48,3.577,3.576,0,0,0,0,5.207,106.7,0.512036105624,4.265092,38,Tripod,
286200,2026-05-22 09:07:18,51.9888169183632,4.39004040576375,4.265092,,,0.512036105624,4.265092,0,3.3541995824,20.9428484392,23,5,7.156,0.512036105624,4.265092,1.4092722,3.7838255804,0,0,0,161.8, -1.6, -4.4,,,0,0,1024,1024,1024,1024,0,0,0,0,178.4,0,-3.3,48,3.576,3.575,0,0,0,0,5.142,106.7,0.512036105624,4.265092,38,Tripod,
286300,2026-05-22 09:07:18,51.9888169389806,4.39004042883952,4.265092,,,0.512036105624,4.265092,0,3.362368874,20.9519691744,23,5,7.156,0.512036105624,4.265092,1.4092722,3.7838255804,0,0,0,161.8, -1.8, -3.9,,,0,0,1024,1024,1024,1024,0,0,0,0,178.5,0,-2.8,48,3.576,3.575,0,0,0,0,5.142,106.7,0.512036105624,4.265092,38,Tripod,
286400,2026-05-22 09:07:18,51.9888167519096,4.39004035399456,4.265092,,,0.512036105624,4.265092,0,3.2924213652,21.0222775756,25,5,7.156,0.512036105624,4.265092,1.4092722,3.7838255804,0,0,0,162, -2, -3.4,,,0,0,1024,1024,1024,1024,0,0,0,0,178.6,0,-2.2,48,3.576,3.575,0,0,0,0,5.142,106.7,0.512036105624,4.265092,38,Tripod,
286500,2026-05-22 09:07:18,51.9888167856977,4.39004037849452,4.265092,,,0.512036105624,4.265092,0,3.3054134916,21.0357946364,25,5,7.156,0.512036105624,4.265092,1.4092722,3.7838255804,0,0,0,162, -2.5, -2.9,,,0,0,1024,1024,1024,1024,0,0,0,0,178.6,0,-2.4,48,3.576,3.575,0,0,0,0,5.142,106.7,0.512036105624,4.265092,38,Tripod,
286600,2026-05-22 09:07:18,51.9888165631852,4.39004022954365,4.265092,,,0.512036105624,4.265092,0,3.22034787208,21.1235899148,25,5,7.156,0.512036105624,4.265092,1.4092722,3.7838255804,0,0,0,162, -2.7, -3.5,,,0,0,1024,1024,1024,1024,0,0,0,0,178.5,0,-3,48,3.576,3.575,0,0,0,0,5.142,106.7,0.512036105624,4.265092,38,Tripod,
286700,2026-05-22 09:07:18,51.9888165761149,4.39004022177144,4.265092,,,0.512036105624,4.593176,0,3.22478356776,21.1286096,25,5,7.156,0.512036105624,4.265092,1.4092722,3.7838255804,0,0,0,162, -2.7, -3.8,,,0,0,1024,1024,1024,1024,0,0,0,0,178.5,0,-3.1,48,3.576,3.575,0,0,0,0,5.142,106.7,0.512036105624,4.265092,38,Tripod,
286800,2026-05-22 09:07:18,51.9888163131494,4.39004008198566,4.265092,,,0.512036105624,4.265092,0,3.1255250344,21.2295610468,25,5,7.156,0.512036105624,4.265092,1.4092722,3.7838255804,0,0,0,161.9, -2.5, -4.1,,,0,0,1024,1024,1024,1024,0,0,0,0,178.3,0,-3.7,48,3.576,3.575,0,0,0,0,5.142,106.7,0.512036105624,4.265092,38,Tripod,
286900,2026-05-22 09:07:18,51.9888163052721,4.39004007543159,4.265092,,,0.512036105624,4.265092,0,3.12248697656,21.2328090784,25,5,7.156,0.512036105624,4.265092,1.4092722,3.7838255804,0,0,0,161.7, -2, -4.5,,,0,0,1024,1024,1024,1024,0,0,0,0,178.4,0,-3.3,48,3.576,3.575,0,0,0,0,5.142,106.7,0.512036105624,4.265092,38,Tripod,
287000,2026-05-22 09:07:18,51.9888161888859,4.39003990627159,4.265092,,,0.512036105624,4.593176,0,3.07563658136,21.2897972692,25,5,7.156,0.512036105624,4.265092,1.4092722,3.7838255804,0,0,0,161.8, -1.8, -4,,,0,0,1024,1024,1024,1024,0,0,0,0,178.4,0,-3,48,3.576,3.575,0,0,0,0,5.142,106.7,0.512036105624,4.265092,38,Tripod,
287100,2026-05-22 09:07:18,51.9888162123229,4.39003991895631,4.265092,,,0.512036105624,4.265092,0,3.0844653218,21.2988195792,25,5,7.156,0.512036105624,4.265092,1.4092722,3.7838255804,0,0,0,161.9, -2.8, -3.7,,,0,0,1024,1024,1024,1024,0,0,0,0,178.5,0,-2.8,48,3.576,3.575,0,0,0,0,5.142,106.7,0.512036105624,4.265092,38,Tripod,
287200,2026-05-22 09:07:19,51.9888161605582,4.39003982168942,4.265092,,,0.512036105624,4.593176,0,3.06316610852,21.3276909712,25,5,7.146,0.512036105624,4.265092,1.4092722,3.7838255804,0,0,0,162, -3.6, -3.4,,,0,0,1024,1024,1024,1024,0,0,0,0,178.5,0,-2.6,48,3.575,3.574,0,0,0,0,5.357,107.06,0.512036105624,4.265092,38,Tripod,
287300,2026-05-22 09:07:19,51.9888161939372,4.39003982397526,4.265092,,,0.512036105624,4.593176,0,3.07532490156,21.3398628876,25,5,7.146,0.512036105624,4.265092,1.4092722,3.7838255804,0,0,0,162, -3.9, -3.5,,,0,0,1024,1024,1024,1024,0,0,0,0,178.5,0,-2.9,48,3.575,3.574,0,0,0,0,5.357,107.06,0.512036105624,4.265092,38,Tripod,
287400,2026-05-22 09:07:19,51.9888159633675,4.39003959655633,4.265092,,,0.512036105624,4.593176,0,2.98625665724,21.4382880876,25,5,7.146,0.512036105624,4.265092,1.4092722,3.7838255804,0,0,0,162, -4, -3.9,,,0,0,1024,1024,1024,1024,0,0,0,0,178.5,0,-3.1,48,3.575,3.574,0,0,0,0,5.357,107.06,0.512036105624,4.265092,38,Tripod,
287500,2026-05-22 09:07:19,51.9888159823337,4.39003959386271,4.265092,,,0.512036105624,4.593176,0,2.99308408528,21.4452434684,25,5,7.146,0.512036105624,4.265092,1.4092722,3.7838255804,0,0,0,162, -3.8, -3.9,,,0,0,1024,1024,1024,1024,0,0,0,0,178.4,0,-3,48,3.575,3.574,0,0,0,0,5.357,107.06,0.512036105624,4.265092,38,Tripod,
287600,2026-05-22 09:07:19,51.9888158350658,4.3900395012701,4.265092,,,0.512036105624,4.593176,0,2.93760180004,21.5028550188,25,5,7.146,0.512036105624,4.265092,1.4092722,3.7838255804,0,0,0,161.9, -3.7, -3.7,,,0,0,1024,1024,1024,1024,0,0,0,0,178.4,0,-2.9,48,3.575,3.574,0,0,0,0,5.357,107.06,0.512036105624,4.265092,38,Tripod,
287700,2026-05-22 09:07:19,51.9888158428125,4.3900395158407,4.265092,,,0.512036105624,4.593176,0,2.94072515972,21.5071857276,25,5,7.146,0.512036105624,4.265092,1.4092722,3.7838255804,0,0,0,161.9, -3.7, -3.6,,,0,0,1024,1024,1024,1024,0,0,0,0,178.3,0,-2.8,48,3.575,3.574,0,0,0,0,5.357,107.06,0.512036105624,4.265092,38,Tripod,
287800,2026-05-22 09:07:19,51.9888156075739,4.39003953852955,4.265092,,,0.512036105624,4.593176,0,2.85579405464,21.593176544,25,5,7.146,0.512036105624,4.265092,1.4092722,3.7838255804,0,0,0,161.8, -3.5, -3.4,,,0,0,1024,1024,1024,1024,0,0,0,0,178.4,0,-2.7,48,3.575,3.574,0,0,0,0,5.357,107.06,0.512036105624,4.265092,38,Tripod,
287900,2026-05-22 09:07:19,51.9888156056302,4.39003956655957,4.265092,,,0.512036105624,4.593176,0,2.85571859532,21.5995085652,25,5,7.146,0.512036105624,4.265092,1.4092722,3.7838255804,0,0,0,161.8, -3.4, -3.4,,,0,0,1024,1024,1024,1024,0,0,0,0,178.4,0,-2.4,48,3.575,3.574,0,0,0,0,5.357,107.06,0.512036105624,4.265092,38,Tripod,
288000,2026-05-22 09:07:19,51.9888154001853,4.3900395604211,4.265092,,,0.512036105624,4.593176,0,2.78101386852,21.6744757592,25,5,7.146,0.512036105624,4.265092,1.4092722,3.7838255804,0,0,0,161.9, -3.8, -2.7,,,0,0,1024,1024,1024,1024,0,0,0,0,178.5,0,-1.9,48,3.575,3.574,0,0,0,0,5.357,107.06,0.512036105624,4.265092,38,Tripod,
288100,2026-05-22 09:07:19,51.9888153964523,4.39003957467174,4.265092,,,0.512036105624,4.593176,0,2.77999352728,21.6779534496,25,5,7.146,0.512036105624,4.265092,1.4092722,3.7838255804,0,0,0,161.9, -4, -3,,,0,0,1024,1024,1024,1024,0,0,0,0,178.5,0,-2.6,48,3.575,3.574,0,0,0,0,5.357,107.06,0.512036105624,4.265092,38,Tripod,
288200,2026-05-22 09:07:20,51.98881528209,4.39003961049396,4.265092,,,0.512036105624,4.593176,0,2.73936688556,21.7204403276,25,5,7.156,0.512036105624,4.265092,1.4092722,3.7838255804,0,0,0,162, -3.9, -3.4,,,0,0,1024,1024,1024,1024,0,0,0,0,178.5,0,-2.9,48,3.578,3.576,0,0,0,0,5.028,107.06,0.512036105624,4.265092,38,Tripod,
288300,2026-05-22 09:07:20,51.9888152571388,4.3900396005246,4.265092,,,0.512036105624,4.593176,0,2.73007554668,21.72982353,25,5,7.156,0.512036105624,4.265092,1.4092722,3.7838255804,0,0,0,162, -3.7, -3.8,,,0,0,1024,1024,1024,1024,0,0,0,0,178.5,0,-3.4,48,3.578,3.576,0,0,0,0,5.028,107.06,0.512036105624,4.265092,38,Tripod,
288400,2026-05-22 09:07:20,51.9888150430455,4.39003937421946,4.265092,,,0.512036105624,4.593176,0,2.64723105584,21.8230321944,24,5,7.156,0.512036105624,4.265092,1.4092722,3.7838255804,0,0,0,162, -3.5, -4,,,0,0,1024,1024,1024,1024,0,0,0,0,178.5,0,-3.3,48,3.578,3.576,0,0,0,0,5.028,107.06,0.512036105624,4.265092,38,Tripod,
288500,2026-05-22 09:07:20,51.988815008373,4.39003935749692,4.265092,,,0.512036105624,4.593176,0,2.63428814204,21.8362211712,24,5,7.156,0.512036105624,4.265092,1.4092722,3.7838255804,0,0,0,162, -3.2, -4.2,,,0,0,1024,1024,1024,1024,0,0,0,0,178.5,0,-3.7,48,3.578,3.576,0,0,0,0,5.028,107.06,0.512036105624,4.265092,38,Tripod,
288600,2026-05-22 09:07:20,51.9888149216209,4.39003916179196,4.265092,,,0.512036105624,4.593176,0,2.5990486396,21.8903878396,24,5,7.156,0.512036105624,4.265092,1.4092722,3.7838255804,0,0,0,162, -2.7, -4.5,,,0,0,1024,1024,1024,1024,0,0,0,0,178.5,0,-3.9,48,3.578,3.576,0,0,0,0,5.028,107.06,0.512036105624,4.265092,38,Tripod,
288700,2026-05-22 09:07:20,51.9888148816187,4.39003913482009,4.265092,,,0.512036105624,4.593176,0,2.5840387966,21.9062014884,24,5,7.156,0.512036105624,4.265092,1.4092722,3.7838255804,0,0,0,162, -2.3, -4.7,,,0,0,1024,1024,1024,1024,0,0,0,0,178.4,0,-4.4,48,3.578,3.576,0,0,0,0,5.028,107.06,0.512036105624,4.265092,38,Tripod,
288800,2026-05-22 09:07:20,51.9888146265294,4.39003894188179,4.265092,,,0.512036105624,4.593176,0,2.48826779616,22.008858972,24,5,7.156,0.512036105624,4.265092,1.4092722,3.7838255804,0,0,0,161.9, -2.3, -5.4,,,0,0,1024,1024,1024,1024,0,0,0,0,178.3,0,-4.7,48,3.578,3.576,0,0,0,0,5.028,107.06,0.512036105624,4.265092,38,Tripod,
288900,2026-05-22 09:07:20,51.9888146067579,4.39003893137597,4.265092,,,0.512036105624,4.593176,0,2.48092527624,22.0164705208,24,5,7.156,0.512036105624,4.265092,1.4092722,3.7838255804,0,0,0,161.8, -2.5, -5.3,,,0,0,1024,1024,1024,1024,0,0,0,0,178.4,0,-4.1,48,3.578,3.576,0,0,0,0,5.028,107.06,0.512036105624,4.265092,38,Tripod,
289000,2026-05-22 09:07:20,51.9888144735099,4.39003889387654,4.265092,,,0.512036105624,4.593176,0,2.4319062458,22.0658143544,24,5,7.156,0.512036105624,4.265092,1.4092722,3.7838255804,0,0,0,162, -2.8, -4.4,,,0,0,1024,1024,1024,1024,0,0,0,0,178.6,0,-3.2,48,3.578,3.576,0,0,0,0,5.028,107.06,0.512036105624,4.265092,38,Tripod,
289100,2026-05-22 09:07:20,51.9888144663993,4.39003889476079,4.265092,,,0.512036105624,4.593176,0,2.42932750556,22.068406218,24,5,7.156,0.512036105624,4.265092,1.4092722,3.7838255804,0,0,0,162, -2.8, -4.1,,,0,0,1024,1024,1024,1024,0,0,0,0,178.5,0,-4,48,3.578,3.576,0,0,0,0,5.028,107.06,0.512036105624,4.265092,38,Tripod,
289200,2026-05-22 09:07:21,51.9888141705838,4.39003878838967,4.265092,,,0.512036105624,4.265092,0,2.32027894564,22.1789377176,26,5,7.152,0.512036105624,4.265092,1.4092722,3.7838255804,0,0,0,161.9, -2.5, -5,,,0,0,1024,1024,1024,1024,0,0,0,0,178.4,0,-4.5,47,3.574,3.572,0,0,0,0,5.051,107.06,0.512036105624,4.265092,38,Tripod,
289300,2026-05-22 09:07:21,51.9888141448284,4.39003877897329,4.265092,,,0.512036105624,4.593176,0,2.31079075636,22.1885833872,26,5,7.152,0.512036105624,4.265092,1.4092722,3.7838255804,0,0,0,161.9, -2.3, -5.3,,,0,0,1024,1024,1024,1024,0,0,0,0,178.4,0,-4.6,47,3.574,3.572,0,0,0,0,5.051,107.06,0.512036105624,4.265092,38,Tripod,
289400,2026-05-22 09:07:21,51.9888139528571,4.39003868805094,4.265092,,,0.512036105624,4.593176,0,2.23990492732,22.2615492688,26,5,7.152,0.512036105624,4.265092,1.4092722,3.7838255804,0,0,0,161.9, -2.1, -5.3,,,0,0,1024,1024,1024,1024,0,0,0,0,178.4,0,-4.4,47,3.574,3.572,0,0,0,0,5.051,107.06,0.512036105624,4.265092,38,Tripod,
289500,2026-05-22 09:07:21,51.9888139386017,4.39003870204682,4.265092,,,0.512036105624,4.593176,0,2.23483931036,22.2676188228,26,5,7.152,0.512036105624,4.265092,1.4092722,3.7838255804,0,0,0,161.9, -2.2, -5.1,,,0,0,1024,1024,1024,1024,0,0,0,0,178.4,0,-4.2,47,3.574,3.572,0,0,0,0,5.051,107.06,0.512036105624,4.265092,38,Tripod,
289600,2026-05-22 09:07:21,51.9888138799375,4.39003853390758,4.265092,,,0.512036105624,4.593176,0,2.21215886344,22.311024336,26,5,7.152,0.512036105624,4.265092,1.4092722,3.7838255804,0,0,0,161.9, -2.4, -4.8,,,0,0,1024,1024,1024,1024,0,0,0,0,178.5,0,-4.1,47,3.574,3.572,0,0,0,0,5.051,107.06,0.512036105624,4.265092,38,Tripod,
289700,2026-05-22 09:07:21,51.9888138782733,4.39003856091162,4.265092,,,0.512036105624,4.593176,0,2.21171595004,22.3171266984,26,5,7.152,0.512036105624,4.265092,1.4092722,3.7838255804,0,0,0,162, -2.4, -4.9,,,0,0,1024,1024,1024,1024,0,0,0,0,178.5,0,-3.9,47,3.574,3.572,0,0,0,0,5.051,107.06,0.512036105624,4.265092,38,Tripod,
289800,2026-05-22 09:07:21,51.9888137046128,4.39003856495901,4.265092,,,0.512036105624,4.593176,0,2.1484088614,22.3805125272,26,5,7.152,0.512036105624,4.265092,1.4092722,3.7838255804,0,0,0,162, -2.3, -4.5,,,0,0,1024,1024,1024,1024,0,0,0,0,178.5,0,-3.7,47,3.574,3.572,0,0,0,0,5.051,107.06,0.512036105624,4.265092,38,Tripod,
289900,2026-05-22 09:07:21,51.9888137146255,4.39003860230106,4.265092,,,0.512036105624,4.593176,0,2.15232618436,22.3896660708,26,5,7.152,0.512036105624,4.265092,1.4092722,3.7838255804,0,0,0,161.9, -2.4, -4.4,,,0,0,1024,1024,1024,1024,0,0,0,0,178.4,0,-3.6,47,3.574,3.572,0,0,0,0,5.051,107.06,0.512036105624,4.265092,38,Tripod,
290000,2026-05-22 09:07:21,51.9888136208999,4.39003847434792,4.265092,,,0.512036105624,4.593176,0,2.11736227248,22.4343183032,26,5,7.152,0.512036105624,4.265092,1.4092722,3.7838255804,0,0,0,161.9, -2.6, -4.4,,,0,0,1024,1024,1024,1024,0,0,0,0,178.4,0,-3.5,47,3.574,3.572,0,0,0,0,5.051,107.06,0.512036105624,4.265092,38,Tripod,
290100,2026-05-22 09:07:21,51.9888136290417,4.39003851513569,4.265092,,,0.512036105624,4.593176,0,2.12054140644,22.4439639728,26,5,7.152,0.512036105624,4.265092,1.4092722,3.7838255804,0,0,0,161.8, -2.3, -4.3,,,0,0,1024,1024,1024,1024,0,0,0,0,178.3,0,-3.4,47,3.574,3.572,0,0,0,0,5.051,107.06,0.512036105624,4.265092,38,Tripod,
290200,2026-05-22 09:07:22,51.9888135198025,4.39003848671006,4.265092,,,0.512036105624,4.593176,0,2.080544686,22.4843183048,24,5,7.152,0.512036105624,4.265092,1.4092722,3.7838255804,0,0,0,161.8, -2.2, -4,,,0,0,1024,1024,1024,1024,0,0,0,0,178.4,0,-2.6,47,3.574,3.572,0,0,0,0,5.051,107.06,0.512036105624,4.265092,38,Tripod,
290300,2026-05-22 09:07:22,51.988813539863,4.39003853711245,4.265092,,,0.512036105624,4.593176,0,2.08814639228,22.4978025572,24,5,7.152,0.512036105624,4.265092,1.4092722,3.7838255804,0,0,0,161.8, -2.3, -3.1,,,0,0,1024,1024,1024,1024,0,0,0,0,178.5,0,-1.8,47,3.574,3.572,0,0,0,0,5.051,107.06,0.512036105624,4.265092,38,Tripod,
290400,2026-05-22 09:07:22,51.9888135409414,4.39003849483353,4.265092,,,0.512036105624,4.593176,0,2.08829731092,22.5073169932,25,5,7.152,0.512036105624,4.265092,1.4092722,3.7838255804,0,0,0,161.9, -2.7, -2.3,,,0,0,1024,1024,1024,1024,0,0,0,0,178.5,0,-1.2,47,3.574,3.572,0,0,0,0,5.051,107.06,0.512036105624,4.265092,38,Tripod,
290500,2026-05-22 09:07:22,51.9888135572411,4.39003851381583,4.265092,,,0.512036105624,4.593176,0,2.09434389904,22.5146332664,25,5,7.152,0.512036105624,4.265092,1.4092722,3.7838255804,0,0,0,161.8, -3, -2,,,0,0,1024,1024,1024,1024,0,0,0,0,178.4,0,-1.6,47,3.574,3.572,0,0,0,0,5.051,107.06,0.512036105624,4.265092,38,Tripod,
290600,2026-05-22 09:07:22,51.9888134226973,4.39003841648895,4.265092,,,0.512036105624,4.593176,0,2.04482618092,22.5683734256,25,5,7.152,0.512036105624,4.265092,1.4092722,3.7838255804,0,0,0,161.8, -2.9, -2.7,,,0,0,1024,1024,1024,1024,0,0,0,0,178.4,0,-2.4,47,3.574,3.572,0,0,0,0,5.051,107.06,0.512036105624,4.265092,38,Tripod,
290700,2026-05-22 09:07:22,51.9888134215632,4.39003839326015,4.265092,,,0.512036105624,4.593176,0,2.0443406166,22.5736227696,25,5,7.152,0.512036105624,4.265092,1.4092722,3.7838255804,0,0,0,161.8, -2.8, -3.3,,,0,0,1024,1024,1024,1024,0,0,0,0,178.4,0,-2.5,47,3.574,3.572,0,0,0,0,5.051,107.06,0.512036105624,4.265092,38,Tripod,
290800,2026-05-22 09:07:22,51.98881329942,4.39003825120766,4.265092,,,0.512036105624,4.593176,0,1.99962604824,22.6284127976,25,5,7.152,0.512036105624,4.265092,1.4092722,3.7838255804,0,0,0,161.8, -3, -3.2,,,0,0,1024,1024,1024,1024,0,0,0,0,178.4,0,-2.3,47,3.574,3.572,0,0,0,0,5.051,107.06,0.512036105624,4.265092,38,Tripod,
290900,2026-05-22 09:07:22,51.9888133049628,4.39003823001256,4.265092,,,0.512036105624,4.593176,0,2.00167001156,22.6335965248,25,5,7.152,0.512036105624,4.265092,1.4092722,3.7838255804,0,0,0,161.9, -3.1, -3,,,0,0,1024,1024,1024,1024,0,0,0,0,178.5,0,-2.3,47,3.574,3.572,0,0,0,0,5.051,107.06,0.512036105624,4.265092,38,Tripod,
291000,2026-05-22 09:07:22,51.9888133112413,4.39003814867786,4.265092,,,0.512036105624,4.593176,0,2.00414376492,22.6520020372,25,5,7.152,0.512036105624,4.265092,1.4092722,3.7838255804,0,0,0,161.9, -3, -3.3,,,0,0,1024,1024,1024,1024,0,0,0,0,178.5,0,-3,47,3.574,3.572,0,0,0,0,5.051,107.06,0.512036105624,4.265092,38,Tripod,
291100,2026-05-22 09:07:22,51.9888133124,4.39003812308584,4.265092,,,0.512036105624,4.593176,0,2.0046588568,22.6577763156,25,5,7.152,0.512036105624,4.265092,1.4092722,3.7838255804,0,0,0,161.9, -3.2, -3.8,,,0,0,1024,1024,1024,1024,0,0,0,0,178.5,0,-2.9,47,3.574,3.572,0,0,0,0,5.051,107.06,0.512036105624,4.265092,38,Tripod,
291200,2026-05-22 09:07:23,51.9888133986916,4.39003806279844,4.265092,,,0.512036105624,4.593176,0,2.036417388,22.6920610936,27,5,7.147,0.512036105624,4.265092,1.4092722,3.7838255804,0,0,0,161.9, -3, -3.5,,,0,0,1024,1024,1024,1024,0,0,0,0,178.5,0,-2.6,47,3.572,3.569,0,0,0,0,5.062,107.24,0.512036105624,4.265092,38,Tripod,
291300,2026-05-22 09:07:23,51.9888133945495,4.39003806766487,4.265092,,,0.512036105624,4.593176,0,2.03487867404,22.6939311724,27,5,7.147,0.512036105624,4.265092,1.4092722,3.7838255804,0,0,0,161.9, -2.9, -3.2,,,0,0,1024,1024,1024,1024,0,0,0,0,178.5,0,-2.3,47,3.572,3.569,0,0,0,0,5.062,107.24,0.512036105624,4.265092,38,Tripod,
291400,2026-05-22 09:07:23,51.9888133937014,4.39003800944594,4.265092,,,0.512036105624,4.593176,0,2.03491804412,22.7069889156,27,5,7.147,0.512036105624,4.265092,1.4092722,3.7838255804,0,0,0,161.9, -2.9, -3,,,0,0,1024,1024,1024,1024,0,0,0,0,178.5,0,-2.4,47,3.572,3.569,0,0,0,0,5.062,107.24,0.512036105624,4.265092,38,Tripod,
291500,2026-05-22 09:07:23,51.9888133921454,4.39003800371612,4.265092,,,0.512036105624,4.593176,0,2.03438982888,22.7083996768,27,5,7.147,0.512036105624,4.265092,1.4092722,3.7838255804,0,0,0,161.9, -3, -3.3,,,0,0,1024,1024,1024,1024,0,0,0,0,178.5,0,-2.9,47,3.572,3.569,0,0,0,0,5.062,107.24,0.512036105624,4.265092,38,Tripod,
291600,2026-05-22 09:07:23,51.9888134961192,4.39003778367727,4.265092,,,0.512036105624,4.593176,0,2.07437342596,22.7707356368,27,5,7.147,0.512036105624,4.265092,1.4092722,3.7838255804,0,0,0,161.9, -3, -3.8,,,0,0,1024,1024,1024,1024,0,0,0,0,178.4,0,-3,47,3.572,3.569,0,0,0,0,5.062,107.24,0.512036105624,4.265092,38,Tripod,
291700,2026-05-22 09:07:23,51.9888134940984,4.39003778329992,4.265092,,,0.512036105624,4.593176,0,2.07364179864,22.7714574216,27,5,7.147,0.512036105624,4.265092,1.4092722,3.7838255804,0,0,0,161.9, -2.9, -3.6,,,0,0,1024,1024,1024,1024,0,0,0,0,178.5,0,-2.5,47,3.572,3.569,0,0,0,0,5.062,107.24,0.512036105624,4.265092,38,Tripod,
291800,2026-05-22 09:07:23,51.9888132990292,4.39003750329623,4.265092,,,0.512036105624,4.593176,0,2.00706043168,22.866470548,27,5,7.147,0.512036105624,4.265092,1.4092722,3.7838255804,0,0,0,161.9, -2.9, -3.1,,,0,0,1024,1024,1024,1024,0,0,0,0,178.5,0,-2.3,47,3.572,3.569,0,0,0,0,5.062,107.24,0.512036105624,4.265092,38,Tripod,
291900,2026-05-22 09:07:23,51.9888132999458,4.39003750585857,4.265092,,,0.512036105624,4.265092,0,2.00734586476,22.867126716,27,5,7.147,0.512036105624,4.265092,1.4092722,3.7838255804,0,0,0,161.9, -2.8, -3.2,,,0,0,1024,1024,1024,1024,0,0,0,0,178.5,0,-2.9,47,3.572,3.569,0,0,0,0,5.062,107.24,0.512036105624,4.265092,38,Tripod,
292000,2026-05-22 09:07:23,51.9888132061924,4.39003739795717,4.265092,,,0.512036105624,4.265092,0,1.97555124432,22.9090558512,27,5,7.147,0.512036105624,4.265092,1.4092722,3.7838255804,0,0,0,161.9, -3, -3.8,,,0,0,1024,1024,1024,1024,0,0,0,0,178.5,0,-3.1,47,3.572,3.569,0,0,0,0,5.062,107.24,0.512036105624,4.265092,38,Tripod,
292100,2026-05-22 09:07:23,51.9888132156278,4.39003740022997,4.265092,,,0.512036105624,4.593176,0,1.97892722868,22.9125335416,27,5,7.147,0.512036105624,4.265092,1.4092722,3.7838255804,0,0,0,161.9, -3.2, -3.5,,,0,0,1024,1024,1024,1024,0,0,0,0,178.5,0,-2.3,47,3.572,3.569,0,0,0,0,5.062,107.24,0.512036105624,4.265092,38,Tripod,
292200,2026-05-22 09:07:24,51.9888132164278,4.39003731839533,4.265092,,,0.512036105624,4.593176,0,1.981135234,22.9309062456,25,5,7.14,0.512036105624,4.265092,1.4092722,3.7838255804,0,0,0,162, -3.3, -2.9,,,0,0,1024,1024,1024,1024,0,0,0,0,178.5,0,-2,47,3.569,3.566,0,0,0,0,5.222,107.24,0.512036105624,4.265092,38,Tripod,
292300,2026-05-22 09:07:24,51.9888132116239,4.39003733397799,4.265092,,,0.512036105624,4.593176,0,1.97901581136,22.9348432536,25,5,7.14,0.512036105624,4.265092,1.4092722,3.7838255804,0,0,0,161.9, -2.9, -2.8,,,0,0,1024,1024,1024,1024,0,0,0,0,178.4,0,-2.3,47,3.569,3.566,0,0,0,0,5.222,107.24,0.512036105624,4.265092,38,Tripod,
292400,2026-05-22 09:07:24,51.9888132762689,4.3900373208968,4.265092,,,0.512036105624,4.593176,0,2.00277893548,22.9585965352,25,5,7.14,0.512036105624,4.265092,1.4092722,3.7838255804,0,0,0,161.8, -2.3, -3.3,,,0,0,1024,1024,1024,1024,0,0,0,0,178.3,0,-2.8,47,3.569,3.566,0,0,0,0,5.222,107.24,0.512036105624,4.265092,38,Tripod,
292500,2026-05-22 09:07:24,51.9888132565617,4.39003731686071,4.265092,,,0.512036105624,4.593176,0,1.99573169116,22.9658471916,25,5,7.14,0.512036105624,4.265092,1.4092722,3.7838255804,0,0,0,161.7, -1.8, -3.7,,,0,0,1024,1024,1024,1024,0,0,0,0,178.4,0,-2.9,47,3.569,3.566,0,0,0,0,5.222,107.24,0.512036105624,4.265092,38,Tripod,
292600,2026-05-22 09:07:24,51.9888133662079,4.39003719956033,4.265092,,,0.512036105624,4.593176,0,2.03847119384,23.0137474556,25,5,7.14,0.512036105624,4.265092,1.4092722,3.7838255804,0,0,0,161.8, -1.8, -3.7,,,0,0,1024,1024,1024,1024,0,0,0,0,178.4,0,-2.9,47,3.569,3.566,0,0,0,0,5.222,107.24,0.512036105624,4.265092,38,Tripod,
292700,2026-05-22 09:07:24,51.988813362794,4.39003721507692,4.265092,,,0.512036105624,4.593176,0,2.03682421216,23.0174548048,25,5,7.14,0.512036105624,4.265092,1.4092722,3.7838255804,0,0,0,161.9, -2.1, -3.5,,,0,0,1024,1024,1024,1024,0,0,0,0,178.4,0,-2.5,47,3.569,3.566,0,0,0,0,5.222,107.24,0.512036105624,4.265092,38,Tripod,
292800,2026-05-22 09:07:24,51.9888135053682,4.39003713308664,4.265092,,,0.512036105624,4.593176,0,2.09067920076,23.0726385336,25,5,7.14,0.512036105624,4.265092,1.4092722,3.7838255804,0,0,0,161.9, -2.4, -3.2,,,0,0,1024,1024,1024,1024,0,0,0,0,178.5,0,-2.4,47,3.569,3.566,0,0,0,0,5.222,107.24,0.512036105624,4.265092,38,Tripod,
292900,2026-05-22 09:07:24,51.9888135197275,4.39003714793634,4.265092,,,0.512036105624,4.593176,0,2.095472508,23.0788393212,25,5,7.14,0.512036105624,4.265092,1.4092722,3.7838255804,0,0,0,161.9, -2.6, -3.2,,,0,0,1024,1024,1024,1024,0,0,0,0,178.5,0,-2.4,47,3.569,3.566,0,0,0,0,5.222,107.24,0.512036105624,4.265092,38,Tripod,
293000,2026-05-22 09:07:24,51.9888136296906,4.39003703367998,4.265092,,,0.512036105624,4.593176,0,2.13850728628,23.126477118,25,5,7.14,0.512036105624,4.265092,1.4092722,3.7838255804,0,0,0,161.9, -2.6, -3,,,0,0,1024,1024,1024,1024,0,0,0,0,178.5,0,-2.1,47,3.569,3.566,0,0,0,0,5.222,107.24,0.512036105624,4.265092,38,Tripod,
293100,2026-05-22 09:07:24,51.9888136408823,4.39003704038012,4.265092,,,0.512036105624,4.593176,0,2.14236227328,23.1308406352,25,5,7.14,0.512036105624,4.265092,1.4092722,3.7838255804,0,0,0,161.9, -2.7, -2.9,,,0,0,1024,1024,1024,1024,0,0,0,0,178.5,0,-2.5,47,3.569,3.566,0,0,0,0,5.222,107.24,0.512036105624,4.265092,38,Tripod,
293200,2026-05-22 09:07:25,51.9888136180835,4.39003669751801,4.265092,,,0.512036105624,4.593176,0,2.1455217222,23.2083012676,25,5,7.14,0.512036105624,4.265092,1.4092722,3.7838255804,0,0,0,161.9, -2.8, -3.5,,,0,0,1024,1024,1024,1024,0,0,0,0,178.5,0,-3,47,3.569,3.566,0,0,0,0,5.222,107.24,0.512036105624,4.265092,38,Tripod,
293300,2026-05-22 09:07:25,51.9888136197562,4.39003668317347,4.265092,,,0.512036105624,4.265092,0,2.14666017368,23.2115821076,25,5,7.14,0.512036105624,4.265092,1.4092722,3.7838255804,0,0,0,161.9, -2.7, -3.8,,,0,0,1024,1024,1024,1024,0,0,0,0,178.5,0,-2.8,47,3.569,3.566,0,0,0,0,5.222,107.24,0.512036105624,4.265092,38,Tripod,
293400,2026-05-22 09:07:25,51.9888137006528,4.3900364747351,4.265092,,,0.512036105624,4.593176,0,2.183973167,23.2669626868,25,5,7.14,0.512036105624,4.265092,1.4092722,3.7838255804,0,0,0,162, -2.6, -3.4,,,0,0,1024,1024,1024,1024,0,0,0,0,178.6,0,-2.6,47,3.569,3.566,0,0,0,0,5.222,107.24,0.512036105624,4.265092,38,Tripod,
293500,2026-05-22 09:07:25,51.9888136987413,4.39003646145567,4.265092,,,0.512036105624,4.593176,0,2.18384521424,23.270013868,25,5,7.14,0.512036105624,4.265092,1.4092722,3.7838255804,0,0,0,162, -2.7, -3.6,,,0,0,1024,1024,1024,1024,0,0,0,0,178.5,0,-3,47,3.569,3.566,0,0,0,0,5.222,107.24,0.512036105624,4.265092,38,Tripod,
293600,2026-05-22 09:07:25,51.9888136892748,4.39003647025037,4.265092,,,0.512036105624,4.593176,0,2.18008209076,23.2739836844,25,5,7.14,0.512036105624,4.265092,1.4092722,3.7838255804,0,0,0,161.9, -2.7, -3.9,,,0,0,1024,1024,1024,1024,0,0,0,0,178.4,0,-3.4,47,3.569,3.566,0,0,0,0,5.222,107.24,0.512036105624,4.265092,38,Tripod,
293700,2026-05-22 09:07:25,51.9888136740803,4.39003644769368,4.265092,,,0.512036105624,4.265092,0,2.17558733996,23.281496808,25,5,7.14,0.512036105624,4.265092,1.4092722,3.7838255804,0,0,0,161.9, -2.4, -4.3,,,0,0,1024,1024,1024,1024,0,0,0,0,178.4,0,-3.7,47,3.569,3.566,0,0,0,0,5.222,107.24,0.512036105624,4.265092,38,Tripod,
293800,2026-05-22 09:07:25,51.9888136706845,4.39003635604183,4.265092,,,0.512036105624,4.265092,0,2.1783629306,23.3021332916,25,5,7.14,0.512036105624,4.265092,1.4092722,3.7838255804,0,0,0,161.8, -2.4, -4.5,,,0,0,1024,1024,1024,1024,0,0,0,0,178.4,0,-3.6,47,3.569,3.566,0,0,0,0,5.222,107.24,0.512036105624,4.265092,38,Tripod,
293900,2026-05-22 09:07:25,51.9888136623243,4.39003635474458,4.265092,,,0.512036105624,4.265092,0,2.17543314048,23.3051844728,25,5,7.14,0.512036105624,4.265092,1.4092722,3.7838255804,0,0,0,161.8, -2.4, -4.2,,,0,0,1024,1024,1024,1024,0,0,0,0,178.4,0,-3.1,47,3.569,3.566,0,0,0,0,5.222,107.24,0.512036105624,4.265092,38,Tripod,
294000,2026-05-22 09:07:25,51.9888137876126,4.39003621692555,4.265092,,,0.512036105624,4.593176,0,2.22648629172,23.36040101,25,5,7.14,0.512036105624,4.265092,1.4092722,3.7838255804,0,0,0,161.8, -2.3, -3.6,,,0,0,1024,1024,1024,1024,0,0,0,0,178.5,0,-2.5,47,3.569,3.566,0,0,0,0,5.222,107.24,0.512036105624,4.265092,38,Tripod,
294100,2026-05-22 09:07:25,51.988813791397,4.39003624306533,4.265092,,,0.512036105624,4.265092,0,2.226624087,23.3664377556,25,5,7.14,0.512036105624,4.265092,1.4092722,3.7838255804,0,0,0,161.9, -2.5, -3.2,,,0,0,1024,1024,1024,1024,0,0,0,0,178.5,0,-2.2,47,3.569,3.566,0,0,0,0,5.222,107.24,0.512036105624,4.265092,38,Tripod,
294200,2026-05-22 09:07:26,51.988813906147,4.39003604819072,4.265092,,,0.512036105624,4.593176,0,2.27685046656,23.4270348704,25,5,7.137,0.512036105624,4.265092,1.4092722,3.7838255804,0,0,0,162, -2.6, -3,,,0,0,1024,1024,1024,1024,0,0,0,0,178.6,0,-2.4,47,3.571,3.568,0,0,0,0,5.167,107.42,0.512036105624,4.265092,38,Tripod,
294300,2026-05-22 09:07:26,51.9888139031357,4.39003605090782,4.265092,,,0.512036105624,4.265092,0,2.27564639828,23.4282815896,25,5,7.137,0.512036105624,4.265092,1.4092722,3.7838255804,0,0,0,162, -2.8, -3.4,,,0,0,1024,1024,1024,1024,0,0,0,0,178.5,0,-2.9,47,3.571,3.568,0,0,0,0,5.167,107.42,0.512036105624,4.265092,38,Tripod,
294400,2026-05-22 09:07:26,51.9888138831254,4.39003589979022,4.265092,,,0.512036105624,4.265092,0,2.27625991536,23.4630256852,25,5,7.137,0.512036105624,4.265092,1.4092722,3.7838255804,0,0,0,161.9, -2.5, -3.7,,,0,0,1024,1024,1024,1024,0,0,0,0,178.5,0,-3,47,3.571,3.568,0,0,0,0,5.167,107.42,0.512036105624,4.265092,38,Tripod,
294500,2026-05-22 09:07:26,51.9888138557958,4.39003589337265,4.265092,,,0.512036105624,4.265092,0,2.26690624052,23.473097864,25,5,7.137,0.512036105624,4.265092,1.4092722,3.7838255804,0,0,0,161.8, -1.8, -3.9,,,0,0,1078,1024,1024,1024,8,0,0,0,178.4,0,-3.4,47,3.571,3.568,0,0,0,0,5.167,107.42,0.512036105624,4.265092,38,Tripod,
294600,2026-05-22 09:07:26,51.9888139437066,4.39003577678698,4.265092,,,0.512036105624,4.265092,0,2.30433734408,23.5145020648,24,5,7.137,0.512036105624,4.265092,1.4092722,3.7838255804,0,0,0,161.7, -0.6, -4.3,,,0,0,1078,1024,1024,1024,8,0,0,0,178.5,0,-3.7,47,3.571,3.568,0,0,0,0,5.167,107.42,0.512036105624,4.265092,38,Tripod,
294700,2026-05-22 09:07:26,51.9888139343782,4.39003575790206,4.265092,,,0.512036105624,4.265092,0,2.30207684532,23.5199482592,24,5,7.137,0.512036105624,4.265092,1.4092722,3.7838255804,0,0,0,161.8, -0.8, -4.4,,,0,0,1085,1024,1024,1024,9,0,0,0,178.6,0,-3.4,47,3.571,3.568,0,0,0,0,5.167,107.42,0.512036105624,4.265092,38,Tripod,
294800,2026-05-22 09:07:26,51.9888140000985,4.39003555993648,4.265092,,,0.512036105624,4.265092,0,2.33655847372,23.5704731952,23,5,7.137,0.512036105624,4.265092,1.4092722,3.7838255804,0,0,0,161.9, -1.4, -4,,,0,0,1085,1024,1024,1024,9,0,0,0,178.5,0,-3.3,47,3.571,3.568,0,0,0,0,5.167,107.42,0.512036105624,4.265092,38,Tripod,
294900,2026-05-22 09:07:26,51.9888140267235,4.39003553930218,4.265092,,,0.512036105624,4.265092,0,2.34714902524,23.5812343504,23,5,7.137,0.512036105624,4.265092,1.4092722,3.7838255804,0,0,0,161.8, -1.6, -4.1,,,0,0,1092,1024,1024,1024,10,0,0,0,178.5,0,-3.2,47,3.571,3.568,0,0,0,0,5.167,107.42,0.512036105624,4.265092,38,Tripod,
295000,2026-05-22 09:07:26,51.9888140704481,4.39003536625478,4.265092,,,0.512036105624,4.265092,0,2.37297579772,23.6232619108,23,5,7.137,0.512036105624,4.265092,1.4092722,3.7838255804,0,0,0,161.9, -1.9, -3.9,,,0,0,1242,1024,1024,1024,33,0,0,0,178.6,0,-3,47,3.571,3.568,0,0,0,0,5.167,107.42,0.512036105624,4.265092,38,Tripod,
295100,2026-05-22 09:07:26,51.98881411921,4.39003536312642,4.265092,,,0.512036105624,4.265092,0,2.3902723862,23.6410440636,23,5,7.137,0.512036105624,4.265092,1.4092722,3.7838255804,0,0,0,162, -2.4, -3.6,,,0,0,1428,1024,1024,1024,61,0,0,0,178.6,0,-2.9,47,3.571,3.568,0,0,0,0,5.167,107.42,0.512036105624,4.265092,38,Tripod,
295200,2026-05-22 09:07:27,51.9888143932762,4.39003530009931,4.265092,,,0.512036105624,4.265092,0,2.4903544104,23.7420611272,24,5,7.125,0.512036105624,4.265092,1.4092722,3.7838255804,0,0,0,162, -3.6, -3.6,,,0,0,1641,1024,1024,1024,93,0,0,0,178.6,0,-2.9,47,3.564,3.561,0,0,0,0,5.438,107.6,0.512036105624,4.265092,38,Tripod,
295300,2026-05-22 09:07:27,51.9888144163169,4.39003531157633,4.265092,,,0.512036105624,4.265092,0,2.49776254712,23.7508537784,24,5,7.125,0.512036105624,4.265092,1.4092722,3.7838255804,0,0,0,162, -5, -3.7,,,0,0,1684,1024,1024,1024,100,0,0,0,178.5,0,-3,47,3.564,3.561,0,0,0,0,5.438,107.6,0.512036105624,4.265092,38,Tripod,
295400,2026-05-22 09:07:27,51.9888144096026,4.39003534302424,4.265092,,,0.512036105624,4.265092,0,2.49352370184,23.7583340936,25,5,7.125,0.512036105624,4.265092,1.4092722,3.7838255804,0,0,0,162.1, -7.4, -3.8,,,0,0,1684,1024,1024,1024,100,0,0,0,178.4,0,-3,47,3.564,3.561,0,0,0,0,5.438,107.6,0.512036105624,4.265092,38,Tripod,
295500,2026-05-22 09:07:27,51.9888143216822,4.39003541112906,4.265092,,,0.512036105624,4.265092,0.223694,2.45854994744,23.7938655908,25,5,7.125,0.512036105624,4.265092,1.4092722,3.7838255804,-0.223694,0,0,162.1, -8.2, -3.7,,,0,0,1684,1024,1024,1024,100,0,0,0,178.4,0,-3,47,3.564,3.561,0,0,0,0,5.438,107.6,0.512036105624,4.265092,38,Tripod,
295600,2026-05-22 09:07:27,51.9888140390106,4.39003548044506,4.265092,,,0.512036105624,4.265092,0.447388,2.3549705478,23.8981634944,25,5,7.125,0.512036105624,4.265092,1.4092722,3.7838255804,-0.447388,0,0,162.1, -8.3, -3.7,,,0,0,1684,1024,1024,1024,100,0,0,0,178.4,0,-3,47,3.564,3.561,0,0,0,0,5.438,107.6,0.512036105624,4.265092,38,Tripod,
295700,2026-05-22 09:07:27,51.9888137905104,4.39003562646581,4.265092,,,0.512036105624,4.265092,0.7158208,2.25884849748,23.994587382,25,5,7.125,0.512036105624,4.265092,1.4092722,3.7838255804,-0.671082,0.223694,0,162, -8.3, -3.7,,,0,0,1684,1024,1024,1024,100,0,0,0,178.4,0,-3,47,3.564,3.561,0,0,0,0,5.438,107.6,0.512036105624,4.265092,38,Tripod,
295800,2026-05-22 09:07:27,51.9888136071178,4.39003563607521,4.265092,,,0.512036105624,4.265092,0.9171454,2.19379600196,24.061516518,25,5,7.125,0.512036105624,4.265092,1.4092722,3.7838255804,-0.894776,0.223694,0,162.1, -8.2, -3.8,,,0,0,1684,1024,1024,1024,100,0,0,0,178.3,0,-3.2,47,3.564,3.561,0,0,0,0,5.438,107.6,0.512036105624,4.265092,38,Tripod,
295900,2026-05-22 09:07:27,51.9888132094007,4.39003585002516,4.265092,,,0.512036105624,4.265092,0.9171454,2.04110570836,24.214403662,25,5,7.125,0.512036105624,4.265092,1.4092722,3.7838255804,-0.894776,0.223694,0,162.1, -8.3, -3.9,,,0,0,1684,1024,1024,1024,100,0,0,0,178.4,0,-3.1,47,3.564,3.561,0,0,0,0,5.438,107.6,0.512036105624,4.265092,38,Tripod,
296000,2026-05-22 09:07:27,51.9888126179958,4.39003607637376,4.265092,,,0.512036105624,4.265092,1.1408394,1.81961291912,24.4360900208,25,5,7.125,0.512036105624,4.265092,1.4092722,3.7838255804,-1.11847,0.223694,0,162.1, -8.3, -3.9,,,0,0,1684,1024,1024,1024,100,0,0,0,178.4,0,-3.1,47,3.564,3.561,0,0,0,0,5.438,107.6,0.512036105624,4.265092,38,Tripod,
296100,2026-05-22 09:07:27,51.9888120960955,4.39003635894326,4.265092,,,0.512036105624,4.593176,1.4092722,1.61913391008,24.6367790036,25,5,7.125,0.512036105624,4.265092,1.4092722,3.7838255804,-1.342164,0.447388,0,162.1, -8.4, -3.8,,,0,0,1684,1024,1024,1024,100,0,0,0,178.4,0,-3.2,47,3.564,3.561,0,0,0,0,5.438,107.6,0.512036105624,4.265092,38,Tripod,
296200,2026-05-22 09:07:28,51.9888113608976,4.39003671036358,4.265092,,,0.512036105624,4.265092,1.4092722,1.33956369116,24.9164049968,26,5,7.125,0.512036105624,4.265092,1.4092722,3.7838255804,-1.342164,0.447388,0,162.1, -8.3, -4,,,0,0,1684,1024,1024,1024,100,0,0,0,178.4,0,-3.3,47,3.565,3.562,0,0,0,0,5.335,107.6,0.512036105624,4.265092,38,Tripod,
296300,2026-05-22 09:07:28,51.9888107200711,4.39003705510549,4.265092,,,0.512036105624,4.593176,1.6329662,1.09369754156,25.1626976556,26,5,7.125,0.512036105624,4.265092,1.6329662,3.7838255804,-1.565858,0.447388,0,162.1, -8.2, -3.9,,,0,0,1684,1024,1024,1024,100,0,0,0,178.5,0,-2.8,47,3.565,3.562,0,0,0,0,5.335,107.6,0.512036105624,4.265092,38,Tripod,
296400,2026-05-22 09:07:28,51.9888101216005,4.39003734341176,4.265092,,,0.512036105624,4.593176,1.8342908,0.86610567076,25.3904863768,26,5,7.125,0.512036105624,4.265092,1.8342908,3.7838255804,-1.789552,0.447388,0,162.2, -8.2, -3.6,,,0,0,1684,1024,1024,1024,100,0,0,0,178.4,0,-3.3,47,3.565,3.562,0,0,0,0,5.335,107.6,0.512036105624,4.265092,38,Tripod,
296500,2026-05-22 09:07:28,51.9888093793285,4.39003773511642,4.265092,,,0.512036105624,4.265092,1.8342908,0.58235566168,25.6752304804,26,5,7.125,0.512036105624,4.265092,1.8342908,3.7838255804,-1.789552,0.447388,0,162.1, -8.3, -4.1,,,0,0,1684,1024,1024,1024,100,0,0,0,178.4,0,-3,47,3.565,3.562,0,0,0,0,5.335,107.6,0.512036105624,4.265092,38,Tripod,
296600,2026-05-22 09:07:28,51.9888086244689,4.39003804180158,4.265092,,,0.512036105624,4.265092,2.125093,0.298769038432,25.9591215656,27,5,7.125,0.512036105624,4.265092,2.125093,3.7838255804,-2.013246,0.671082,0,162.1, -8.5, -3.6,,,0,0,1684,1024,1024,1024,100,0,0,0,178.4,0,-3,47,3.565,3.562,0,0,0,0,5.335,107.6,0.512036105624,4.265092,38,Tripod,
296700,2026-05-22 09:07:28,51.9888077962357,4.39003849114524,4.265092,,,0.512036105624,4.265092,2.125093,0.04829068396,26.277723938,27,5,7.125,0.512036105624,4.265092,2.125093,3.7838255804,-2.013246,0.671082,0,162.1, -8.5, -3.8,,,0,0,1684,1024,1024,1024,100,0,0,0,178.5,0,-2.9,47,3.565,3.562,0,0,0,0,5.335,107.6,0.512036105624,4.265092,38,Tripod,
296800,2026-05-22 09:07:28,51.9888068368848,4.39003875658615,4.265092,,,0.512036105624,4.265092,2.3264176,0.37394030068,26.6327764428,27,5,7.125,0.512036105624,4.265092,2.3264176,3.7838255804,-2.23694,0.671082,0,162.1, -8.2, -3.6,,,0,0,1684,1024,1024,1024,100,0,0,0,178.4,0,-3,47,3.565,3.562,0,0,0,0,5.335,107.6,0.512036105624,4.265092,38,Tripod,
296900,2026-05-22 09:07:28,51.9888059188716,4.39003923694211,4.265092,,,0.512036105624,4.265092,2.3264176,0.72579398648,26.9846793412,27,5,7.125,0.512036105624,4.265092,2.3264176,3.7838255804,-2.23694,0.671082,0,162.1, -8.2, -3.9,,,0,0,1684,1024,1024,1024,100,0,0,0,178.3,0,-3.4,47,3.565,3.562,0,0,0,0,5.335,107.6,0.512036105624,4.265092,38,Tripod,
297000,2026-05-22 09:07:28,51.9888046608148,4.39003930980381,4.265092,,,0.512036105624,4.593176,2.3264176,1.17520673052,27.4439641328,27,5,7.125,0.512036105624,4.265092,2.3264176,3.7838255804,-2.23694,0.671082,0,162, -8.2, -4.2,,,0,0,1684,1024,1024,1024,100,0,0,0,178.2,0,-3.5,47,3.565,3.562,0,0,0,0,5.335,107.6,0.512036105624,4.265092,38,Tripod,
297100,2026-05-22 09:07:28,51.9888036760035,4.39003982842782,4.265092,,,0.512036105624,4.265092,2.5501116,1.55103679504,27.8217200504,27,5,7.125,0.512036105624,4.265092,2.5501116,3.7838255804,-2.460634,0.671082,0,162, -8.2, -4.2,,,0,0,1684,1024,1024,1024,100,0,0,0,178.3,0,-3.3,47,3.565,3.562,0,0,0,0,5.335,107.6,0.512036105624,4.265092,38,Tripod,
297200,2026-05-22 09:07:29,51.988802538071,4.39004020326909,4.265092,,,0.512036105624,4.265092,2.5501116,1.97455058812,28.2453421112,27,5,7.125,0.512036105624,4.265092,2.5501116,3.7838255804,-2.460634,0.671082,0,162, -8.5, -3.8,,,0,0,1684,1024,1024,1024,100,0,0,0,178.3,0,-3,47,3.566,3.563,0,0,0,0,5.211,107.6,0.512036105624,4.265092,38,Tripod,
297300,2026-05-22 09:07:29,51.9888015063688,4.39004077938428,4.265092,,,0.512036105624,4.265092,2.6172198,2.37058078452,28.64337362,27,5,7.125,0.512036105624,4.265092,2.6172198,3.7838255804,-2.460634,0.894776,0,162, -8.6, -3.8,,,0,0,1684,1024,1024,1024,100,0,0,0,178.3,0,-2.8,47,3.566,3.563,0,0,0,0,5.211,107.6,0.512036105624,4.265092,38,Tripod,
297400,2026-05-22 09:07:29,51.988800335928,4.39004133048305,4.265092,,,0.512036105624,4.265092,2.8185444,2.81485901396,29.0880258652,26,5,7.125,0.512036105624,4.265092,2.8185444,3.7838255804,-2.684328,0.894776,0,162, -8.6, -3.3,,,0,0,1684,1024,1024,1024,100,0,0,0,178.4,0,-2.2,47,3.566,3.563,0,0,0,0,5.211,107.6,0.512036105624,4.265092,38,Tripod,
297500,2026-05-22 09:07:29,51.9887992480112,4.39004197350754,4.265092,,,0.512036105624,4.265092,2.8185444,3.23531178332,29.5104012068,26,5,7.125,0.512036105624,4.265092,2.8185444,3.7838255804,-2.684328,0.894776,0,162, -8.7, -2.6,,,0,0,1684,1024,1024,1024,100,0,0,0,178.5,0,-1.3,47,3.566,3.563,0,0,0,0,5.211,107.6,0.512036105624,4.265092,38,Tripod,
297600,2026-05-22 09:07:29,51.9887981193149,4.39004245329922,4.265092,,,0.512036105624,4.265092,2.8185444,3.6609909308,29.9360901968,25,5,7.125,0.512036105624,4.265092,2.8185444,3.7838255804,-2.684328,0.894776,0,162, -8.6, -1.9,,,0,0,1684,1024,1024,1024,100,0,0,0,178.5,0,-0.7,47,3.566,3.563,0,0,0,0,5.211,107.6,0.512036105624,4.265092,38,Tripod,
297700,2026-05-22 09:07:29,51.9887969798968,4.39004312541188,4.265092,,,0.512036105624,4.265092,3.0422384,4.101706168,30.3783802372,25,5,7.125,0.512036105624,4.265092,3.0422384,4.101706168,-2.908022,0.894776,0,161.9, -8.6, -1.1,,,0,0,1684,1024,1024,1024,100,0,0,0,178.6,0,-0.1,47,3.566,3.563,0,0,0,0,5.211,107.6,0.512036105624,4.265092,38,Tripod,
297800,2026-05-22 09:07:29,51.9887957220308,4.39004379466832,4.265092,,,0.512036105624,4.265092,3.0422384,4.58415369,30.8613198852,25,5,7.125,0.512036105624,4.265092,3.0422384,4.58415369,-2.908022,0.894776,0,161.9, -8.9, -0.8,,,0,0,1684,1024,1024,1024,100,0,0,0,178.6,0,-0.1,47,3.566,3.563,0,0,0,0,5.211,107.6,0.512036105624,4.265092,38,Tripod,
297900,2026-05-22 09:07:29,51.9887945334982,4.39004447006149,4.265092,,,0.512036105624,4.265092,3.0422384,5.0427495052,31.3207359104,25,5,7.125,0.512036105624,4.265092,3.0422384,5.0427495052,-2.908022,0.894776,0,161.9, -9.1, -0.8,,,0,0,1684,1024,1024,1024,100,0,0,0,178.6,0,-0.4,47,3.566,3.563,0,0,0,0,5.211,107.6,0.512036105624,4.265092,38,Tripod,
298000,2026-05-22 09:07:29,51.988793215684,4.39004519450154,4.265092,,,0.512036105624,4.593176,3.0422384,5.5498361356,31.8283474752,25,5,7.125,0.512036105624,4.265092,3.0422384,5.5498361356,-2.908022,0.894776,0,161.9, -9.4, -1.1,,,0,0,1684,1024,1024,1024,100,0,0,0,178.4,0,-0.7,47,3.566,3.563,0,0,0,0,5.211,107.6,0.512036105624,4.265092,38,Tripod,
298100,2026-05-22 09:07:29,51.9887919844826,4.39004587169104,4.265092,,,0.512036105624,4.265092,3.0422384,6.0237206652,32.3026257056,25,5,7.125,0.512036105624,4.265092,3.0422384,6.0237206652,-2.908022,0.894776,0,161.8, -9.6, -1.4,,,0,0,1684,1024,1024,1024,100,0,0,0,178.5,0,-0.2,47,3.566,3.563,0,0,0,0,5.211,107.6,0.512036105624,4.265092,38,Tripod,
298200,2026-05-22 09:07:30,51.988790520178,4.39004652829667,4.265092,,,0.512036105624,4.265092,3.2659324,6.5778873496,32.856956432,25,5,7.128,0.512036105624,4.265092,3.2659324,6.5778873496,-3.131716,0.894776,0,161.9, -9.6, -0.8,,,0,0,1684,1024,1024,1024,100,0,0,0,178.6,0,-0.2,46,3.563,3.561,0,0,0,0,5.12,107.6,0.512036105624,4.265092,38,Tripod,
298300,2026-05-22 09:07:30,51.988789217538,4.39004723064172,4.265092,,,0.512036105624,4.265092,3.2659324,7.0783794916,33.357612616,25,5,7.128,0.512036105624,4.265092,3.2659324,7.0783794916,-3.131716,0.894776,0,161.9, -9.5, -1,,,0,0,1684,1024,1024,1024,100,0,0,0,178.6,0,-0.5,46,3.563,3.561,0,0,0,0,5.12,107.6,0.512036105624,4.265092,38,Tripod,
298400,2026-05-22 09:07:30,51.9887876612897,4.39004805747071,4.265092,,,0.512036105624,4.265092,3.467257,7.6755579884,33.95505358,25,5,7.128,0.512036105624,4.265092,3.467257,7.6755579884,-3.35541,0.894776,0,162, -9.3, -1.5,,,0,0,1684,1024,1024,1024,100,0,0,0,178.6,0,-1,46,3.563,3.561,0,0,0,0,5.12,107.6,0.512036105624,4.265092,38,Tripod,
298500,2026-05-22 09:07:30,51.988786282436,4.39004875532233,4.265092,,,0.512036105624,4.265092,3.467257,8.2024608924,34.481956484,25,5,7.128,0.512036105624,4.265092,3.467257,8.2024608924,-3.35541,0.894776,0,162, -9.2, -1.9,,,0,0,1684,1024,1024,1024,100,0,0,0,178.5,0,-1.1,46,3.563,3.561,0,0,0,0,5.12,107.6,0.512036105624,4.265092,38,Tripod,
298600,2026-05-22 09:07:30,51.9887847068029,4.39004945916634,4.265092,,,0.512036105624,4.265092,3.467257,8.798556712,35.078085112,26,5,7.128,0.512036105624,4.265092,3.467257,8.798556712,-3.35541,0.894776,0,161.9, -8.5, -1.9,,,0,0,1684,1024,1024,1024,100,0,0,0,178.5,0,-1.3,46,3.563,3.561,0,0,0,0,5.12,107.6,0.512036105624,4.265092,38,Tripod,
298700,2026-05-22 09:07:30,51.9887832602072,4.39005019073084,4.265092,,,0.512036105624,4.265092,3.467257,9.3513126352,35.630906652,26,5,7.128,0.512036105624,4.265092,3.467257,9.3513126352,-3.35541,0.894776,0,161.9, -8.1, -2,,,0,0,1684,1024,1024,1024,100,0,0,0,178.4,0,-1.6,46,3.563,3.561,0,0,0,0,5.12,107.6,0.512036105624,4.265092,38,Tripod,
298800,2026-05-22 09:07:30,51.9887815070424,4.39005091861921,4.265092,,,0.512036105624,4.265092,3.7580592,10.0110239424,36.291339744,26,5,7.128,0.512036105624,4.265092,3.7580592,10.0110239424,-3.579104,1.11847,0,161.9, -7.9, -2.2,,,0,0,1684,1024,1024,1024,100,0,0,0,178.6,0,-1.2,46,3.563,3.561,0,0,0,0,5.12,107.6,0.512036105624,4.265092,38,Tripod,
298900,2026-05-22 09:07:30,51.9887800526754,4.39005167147532,4.265092,,,0.512036105624,4.265092,3.7580592,10.5678481072,36.848098292,26,5,7.128,0.512036105624,4.265092,3.7580592,10.5678481072,-3.579104,1.11847,0,162, -7.2, -1.9,,,0,0,1684,1024,1024,1024,100,0,0,0,178.6,0,-0.7,46,3.563,3.561,0,0,0,0,5.12,107.6,0.512036105624,4.265092,38,Tripod,
299000,2026-05-22 09:07:30,51.9887783634285,4.39005258333166,4.265092,,,0.512036105624,4.265092,3.7580592,11.217027918,37.497704612,25,5,7.128,0.512036105624,4.265092,3.7580592,11.217027918,-3.579104,1.11847,0,161.9, -6, -1.3,,,0,0,1684,1024,1024,1024,100,0,0,0,178.5,0,-0.8,46,3.563,3.561,0,0,0,0,5.12,107.6,0.512036105624,4.265092,38,Tripod,
299100,2026-05-22 09:07:30,51.9887768777858,4.39005337747897,4.265092,,,0.512036105624,4.265092,3.7580592,11.7874675688,38.068242688,25,5,7.128,0.512036105624,4.265092,3.7580592,11.7874675688,-3.579104,1.11847,0,161.8, -6, -1.8,,,0,0,1684,1024,1024,1024,100,0,0,0,178.5,0,-0.7,46,3.563,3.561,0,0,0,0,5.12,107.6,0.512036105624,4.265092,38,Tripod,
299200,2026-05-22 09:07:31,51.9887752330485,4.39005438620485,4.265092,,,0.512036105624,4.265092,3.7580592,12.4274610276,38.709646908,26,5,7.126,0.512036105624,4.265092,3.7580592,12.4274610276,-3.579104,1.11847,0,161.9, -6.5, -1,,,0,0,1684,1024,1024,1024,100,0,0,0,178.6,0,0,46,3.563,3.563,0,0,0,0,5.047,107.78,0.512036105624,4.265092,38,Tripod,
299300,2026-05-22 09:07:31,51.9887737481146,4.39005527653655,4.265092,,,0.512036105624,4.265092,3.8251674,13.0040358492,39.287402832,26,5,7.126,0.512036105624,4.265092,3.8251674,13.0040358492,-3.579104,1.342164,0,161.8, -6.6, -0.3,,,0,0,1684,1024,1024,1024,100,0,0,0,178.6,0,1,46,3.563,3.563,0,0,0,0,5.047,107.78,0.512036105624,4.265092,38,Tripod,
299400,2026-05-22 09:07:31,51.988772224803,4.3900561792704,4.265092,,,0.512036105624,4.265092,3.8251674,13.5949151332,39.878938284,26,5,7.126,0.512036105624,4.265092,3.8251674,13.5949151332,-3.579104,1.342164,0,161.7, -6.5, 0.9,,,0,0,1684,1024,1024,1024,100,0,0,0,178.7,0,1.7,46,3.563,3.563,0,0,0,0,5.047,107.78,0.512036105624,4.265092,38,Tripod,
299500,2026-05-22 09:07:31,51.9887707290534,4.3900570910537,4.265092,,,0.512036105624,4.265092,3.8251674,14.1768705324,40.461943552,26,5,7.126,0.512036105624,4.265092,3.8251674,14.1768705324,-3.579104,1.342164,0,161.7, -6.3, 0.4,,,0,0,1684,1024,1024,1024,100,0,0,0,178.5,0,0.6,46,3.563,3.563,0,0,0,0,5.047,107.78,0.512036105624,4.265092,38,Tripod,
299600,2026-05-22 09:07:31,51.9887690936455,4.39005796470721,4.265092,,,0.512036105624,4.265092,3.8251674,14.8049217336,41.089896328,26,5,7.126,0.512036105624,4.265092,3.8251674,14.8049217336,-3.579104,1.342164,0,161.7, -6.6, -0.1,,,0,0,1684,1024,1024,1024,100,0,0,0,178.6,0,0.6,46,3.563,3.563,0,0,0,0,5.047,107.78,0.512036105624,4.265092,38,Tripod,
299700,2026-05-22 09:07:31,51.988767568674,4.39005885918803,4.265092,,,0.512036105624,4.265092,3.8251674,15.3959650596,41.68143178,26,5,7.126,0.512036105624,4.265092,3.8251674,15.3959650596,-3.579104,1.342164,0,161.8, -6.1, 0.2,,,0,0,1684,1024,1024,1024,100,0,0,0,178.7,0,1.4,46,3.563,3.563,0,0,0,0,5.047,107.78,0.512036105624,4.265092,38,Tripod,
299800,2026-05-22 09:07:31,51.9887659335189,4.39006006829923,4.265092,,,0.512036105624,4.265092,4.026492,16.0468180988,42.336943612,26,5,7.126,0.512036105624,4.265092,4.026492,16.0468180988,-3.802798,1.342164,0,161.8, -5.9, 1,,,0,0,1684,1024,1024,1024,100,0,0,0,178.8,0,2,46,3.563,3.563,0,0,0,0,5.047,107.78,0.512036105624,4.265092,38,Tripod,
299900,2026-05-22 09:07:31,51.9887643629541,4.39006097536304,4.265092,,,0.512036105624,4.265092,4.026492,16.654692134,42.945211348,26,5,7.126,0.512036105624,4.265092,4.026492,16.654692134,-3.802798,1.342164,0,161.8, -5.6, 1.2,,,0,0,1684,1024,1024,1024,100,0,0,0,178.7,0,1.4,46,3.563,3.563,0,0,0,0,5.047,107.78,0.512036105624,4.265092,38,Tripod,
300000,2026-05-22 09:07:31,51.9887627317055,4.39006205004702,4.265092,,,0.512036105624,4.265092,3.9593838,17.295276144,43.58759982,26,5,7.126,0.512036105624,4.265092,4.026492,17.295276144,-3.802798,1.11847,0,161.8, -5.3, 0.3,,,0,0,1684,1024,1024,1024,100,0,0,0,178.6,0,0.9,46,3.563,3.563,0,0,0,0,5.047,107.78,0.512036105624,4.265092,38,Tripod,
300100,2026-05-22 09:07:31,51.9887611137956,4.39006291746642,4.265092,,,0.512036105624,4.265092,3.9593838,17.9168968988,44.208990916,26,5,7.126,0.512036105624,4.265092,4.026492,17.9168968988,-3.802798,1.11847,0,161.8, -5.1, 0,,,0,0,1684,1024,1024,1024,100,0,0,0,178.6,0,0.4,46,3.563,3.563,0,0,0,0,5.047,107.78,0.512036105624,4.265092,38,Tripod,
300200,2026-05-22 09:07:32,51.9887591470012,4.39006358247288,4.265092,,,0.512036105624,4.265092,3.9593838,18.6457026964,44.942258656,26,5,7.112,0.512036105624,4.265092,4.026492,18.6457026964,-3.802798,1.11847,0,161.8, -4.9, 0,,,0,0,1684,1024,1024,1024,100,0,0,0,178.7,0,0.7,46,3.561,3.558,0,0,0,0,5.412,107.78,0.512036105624,4.265092,38,Tripod,
300300,2026-05-22 09:07:32,51.9887575202587,4.39006442215962,4.265092,,,0.512036105624,4.265092,3.9593838,19.2684717452,45.564962088,26,5,7.112,0.512036105624,4.265092,4.026492,19.2684717452,-3.802798,1.11847,0,161.8, -5.1, 0,,,0,0,1684,1024,1024,1024,100,0,0,0,178.7,0,0.1,46,3.561,3.558,0,0,0,0,5.412,107.78,0.512036105624,4.265092,38,Tripod,
300400,2026-05-22 09:07:32,51.988755628438,4.39006501127515,4.265092,,,0.512036105624,4.265092,3.9593838,19.96637203,46.267718016,27,5,7.112,0.512036105624,4.265092,4.026492,19.96637203,-3.802798,1.11847,0,162, -5.5, -0.7,,,0,0,1684,1024,1024,1024,100,0,0,0,178.8,0,0.1,46,3.561,3.558,0,0,0,0,5.412,107.78,0.512036105624,4.265092,38,Tripod,
300500,2026-05-22 09:07:32,51.9887539718097,4.39006581681949,4.265092,,,0.512036105624,4.265092,4.1830778,20.5972447536,46.898623548,27,5,7.112,0.512036105624,4.265092,4.1830778,20.5972447536,-4.026492,1.11847,0,161.9, -5.3, -0.4,,,0,0,1684,1024,1024,1024,100,0,0,0,178.7,0,0.1,46,3.561,3.558,0,0,0,0,5.412,107.78,0.512036105624,4.265092,38,Tripod,
300600,2026-05-22 09:07:32,51.9887523526276,4.39006656644291,4.265092,,,0.512036105624,4.265092,4.1830778,21.2113195764,47.512796796,28,5,7.112,0.512036105624,4.265092,4.1830778,21.2113195764,-4.026492,1.11847,0,161.9, -5.2, -0.8,,,0,0,1684,1024,1024,1024,100,0,0,0,178.5,0,-0.4,46,3.561,3.558,0,0,0,0,5.412,107.78,0.512036105624,4.265092,38,Tripod,
300700,2026-05-22 09:07:32,51.9887506709497,4.39006735629154,4.593176,,,0.840120105624,4.265092,4.1830778,21.8498694656,48.151576344,28,5,7.112,0.840120105624,4.593176,4.1830778,21.8498694656,-4.026492,1.11847,0,161.8, -4.9, -1.3,,,0,0,1684,1024,1024,1024,100,0,0,0,178.6,0,-0.4,46,3.561,3.558,0,0,0,0,5.412,107.78,0.840120105624,4.593176,38,Tripod,
300800,2026-05-22 09:07:32,51.9887492197096,4.39006822253889,4.593176,,,0.840120105624,4.265092,4.1830778,22.4133537356,48.715880824,28,5,7.112,0.840120105624,4.593176,4.1830778,22.4133537356,-4.026492,1.11847,0,161.8, -5.2, -1.3,,,0,0,1684,1024,1024,1024,100,0,0,0,178.4,0,-1.1,46,3.561,3.558,0,0,0,0,5.412,107.78,0.840120105624,4.593176,38,Tripod,
300900,2026-05-22 09:07:32,51.9887475409101,4.3900690027677,4.593176,,,0.840120105624,4.265092,4.1830778,23.0502303964,49.353019952,28,5,7.112,0.840120105624,4.593176,4.1830778,23.0502303964,-4.026492,1.11847,0,161.7, -4.8, -2,,,0,0,1684,1024,1024,1024,100,0,0,0,178.4,0,-0.8,46,3.561,3.558,0,0,0,0,5.412,107.78,0.840120105624,4.593176,38,Tripod,
301000,2026-05-22 09:07:32,51.9887459582917,4.39006992925898,4.593176,,,0.840120105624,4.265092,4.1830778,23.6635178176,49.966537032,28,5,7.112,0.840120105624,4.593176,4.1830778,23.6635178176,-4.026492,1.11847,0,161.7, -4.5, -1.3,,,0,0,1684,1024,1024,1024,100,0,0,0,178.5,0,-0.7,46,3.561,3.558,0,0,0,0,5.412,107.78,0.840120105624,4.593176,38,Tripod,
301100,2026-05-22 09:07:32,51.9887443268289,4.39007071500024,4.593176,,,0.840120105624,4.265092,4.1830778,24.284285554,50.587600044,28,5,7.112,0.840120105624,4.593176,4.1830778,24.284285554,-4.026492,1.11847,0,161.8, -5.1, -1.9,,,0,0,1684,1024,1024,1024,100,0,0,0,178.6,0,-1.4,46,3.561,3.558,0,0,0,0,5.412,107.78,0.840120105624,4.593176,38,Tripod,
301200,2026-05-22 09:07:33,51.9887427231272,4.3900717588006,4.593176,,,0.840120105624,4.265092,3.9593838,24.9128616896,51.217849408,27,5,7.112,0.840120105624,4.593176,4.1830778,24.9128616896,-3.802798,1.11847,0,162.1, -5.6, -1.4,,,0,0,1684,1024,1024,1024,100,0,0,0,178.9,0,0,46,3.561,3.558,0,0,0,0,5.412,107.78,0.840120105624,4.593176,38,Tripod,
301300,2026-05-22 09:07:33,51.9887410897797,4.39007260144354,4.593176,,,0.840120105624,4.265092,3.9593838,25.5381241768,51.843177512,27,5,7.112,0.840120105624,4.593176,4.1830778,25.5381241768,-3.802798,1.11847,0,162.1, -5.5, -0.8,,,0,0,1684,1024,1024,1024,100,0,0,0,178.8,0,-0.4,46,3.561,3.558,0,0,0,0,5.412,107.78,0.840120105624,4.593176,38,Tripod,
301400,2026-05-22 09:07:33,51.9887394319135,4.3900735038748,4.593176,,,0.840120105624,4.265092,3.9593838,26.1759850896,52.480972808,27,5,7.112,0.840120105624,4.593176,4.1830778,26.1759850896,-3.802798,1.11847,0,162, -5.5, -1.4,,,0,0,1684,1024,1024,1024,100,0,0,0,178.6,0,-0.9,46,3.561,3.558,0,0,0,0,5.412,107.78,0.840120105624,4.593176,38,Tripod,
301500,2026-05-22 09:07:33,51.9887378544396,4.39007424991252,4.593176,,,0.840120105624,4.265092,3.9593838,26.7752961324,53.08071036,27,5,7.112,0.840120105624,4.593176,4.1830778,26.7752961324,-3.802798,1.11847,0,161.9, -6.9, -1.7,,,0,0,1684,1024,1024,1024,100,0,0,0,178.7,0,-1,46,3.561,3.558,0,0,0,0,5.412,107.78,0.840120105624,4.593176,38,Tripod,
301600,2026-05-22 09:07:33,51.9887361445036,4.39007488310329,4.593176,,,0.840120105624,4.265092,3.914645,27.41305862,53.72047416,27,5,7.112,0.840120105624,4.593176,4.1830778,27.41305862,-3.802798,0.894776,0,162.1, -8.3, -2.1,,,0,0,1684,1024,1024,1024,100,0,0,0,178.6,0,-2.2,46,3.561,3.558,0,0,0,0,5.412,107.78,0.840120105624,4.593176,38,Tripod,
301700,2026-05-22 09:07:33,51.9887345593365,4.39007549624406,4.593176,,,0.840120105624,4.265092,3.914645,28.0061032584,54.314962368,27,5,7.112,0.840120105624,4.593176,4.1830778,28.0061032584,-3.802798,0.894776,0,162.1, -8.1, -3.6,,,0,0,1684,1024,1024,1024,100,0,0,0,178.3,0,-3.7,46,3.561,3.558,0,0,0,0,5.412,107.78,0.840120105624,4.593176,38,Tripod,
301800,2026-05-22 09:07:33,51.9887326203247,4.39007574604665,4.593176,,,0.840120105624,4.265092,3.8699062,28.698491732,55.02460806,27,5,7.112,0.840120105624,4.593176,4.1830778,28.698491732,-3.802798,0.671082,0,162.1, -8, -4.6,,,0,0,1684,1024,1024,1024,100,0,0,0,178.3,0,-4.2,46,3.561,3.558,0,0,0,0,5.412,107.78,0.840120105624,4.593176,38,Tripod,
301900,2026-05-22 09:07:33,51.9887310886154,4.39007626968751,4.593176,,,0.840120105624,4.265092,3.8699062,29.2672909628,55.595802304,27,5,7.112,0.840120105624,4.593176,4.1830778,29.2672909628,-3.802798,0.671082,0,162.1, -8.1, -4.9,,,0,0,1684,1024,1024,1024,100,0,0,0,178.3,0,-4.2,46,3.561,3.558,0,0,0,0,5.412,107.78,0.840120105624,4.593176,38,Tripod,
302000,2026-05-22 09:07:33,51.9887292584766,4.39007677310099,4.593176,,,0.840120105624,4.265092,3.914645,29.9391085696,56.27296768,27,5,7.112,0.840120105624,4.593176,4.1830778,29.9391085696,-3.802798,0.894776,0,162.1, -8.1, -5.1,,,0,0,1684,1024,1024,1024,100,0,0,0,178.3,0,-4.4,46,3.561,3.558,0,0,0,0,5.412,107.78,0.840120105624,4.593176,38,Tripod,
302100,2026-05-22 09:07:33,51.9887276442247,4.39007739937077,4.593176,,,0.840120105624,4.265092,3.914645,30.543636148,56.878610744,27,5,7.112,0.840120105624,4.593176,4.1830778,30.543636148,-3.802798,0.894776,0,162.1, -8.1, -5,,,0,0,1684,1024,1024,1024,100,0,0,0,178.3,0,-4.2,46,3.561,3.558,0,0,0,0,5.412,107.78,0.840120105624,4.593176,38,Tripod,
302200,2026-05-22 09:07:34,51.9887258650764,4.39007804516887,4.593176,,,0.840120105624,4.265092,3.914645,31.2070876128,57.543637012,27,5,7.114,0.840120105624,4.593176,4.1830778,31.2070876128,-3.802798,0.894776,0,162.2, -8.3, -4.9,,,0,0,1684,1024,1024,1024,100,0,0,0,178.3,0,-4,46,3.559,3.557,0,0,0,0,5.226,107.96,0.840120105624,4.593176,38,Tripod,
302300,2026-05-22 09:07:34,51.9887242656453,4.39007878674446,4.593176,,,0.840120105624,4.265092,3.9593838,31.8139117792,58.150592412,27,5,7.114,0.840120105624,4.593176,4.1830778,31.8139117792,-3.802798,1.11847,0,162.1, -8.4, -4.4,,,0,0,1684,974,1024,1024,100,-8,0,0,178.4,0,-3.4,46,3.559,3.557,0,0,0,0,5.226,107.96,0.840120105624,4.593176,38,Tripod,
302400,2026-05-22 09:07:34,51.9887226118828,4.39007957327868,4.593176,,,0.840120105624,3.937008,3.9593838,32.4426191484,58.779201356,26,5,7.114,0.840120105624,4.593176,4.1830778,32.4426191484,-3.802798,1.11847,0,162.1, -9, -3.8,,,0,0,1684,974,1024,1024,100,-8,0,0,178.3,0,-3.3,46,3.559,3.557,0,0,0,0,5.226,107.96,0.840120105624,4.593176,38,Tripod,
302500,2026-05-22 09:07:34,51.9887210160327,4.39008037972031,4.593176,,,0.840120105624,3.937008,3.9593838,33.052494496,59.389109512,26,5,7.114,0.840120105624,4.593176,4.1830778,33.052494496,-3.802798,1.11847,0,162.1, -9.3, -4,,,0,0,1684,1024,1024,1024,100,0,0,0,178.4,0,-3.2,46,3.559,3.557,0,0,0,0,5.226,107.96,0.840120105624,4.593176,38,Tripod,
302600,2026-05-22 09:07:34,51.9887192694302,4.39008111427753,4.593176,,,0.840120105624,3.937008,3.9593838,33.710302916,60.047246016,25,5,7.114,0.840120105624,4.593176,4.1830778,33.710302916,-3.802798,1.11847,0,162.1, -9, -3.5,,,0,0,1684,1024,1024,1024,100,0,0,0,178.5,0,-2.4,46,3.559,3.557,0,0,0,0,5.226,107.96,0.840120105624,4.593176,38,Tripod,
302700,2026-05-22 09:07:34,51.9887176600872,4.39008197431685,4.593176,,,0.840120105624,3.937008,3.9593838,34.328085088,60.665356272,25,5,7.114,0.840120105624,4.593176,4.1830778,34.328085088,-3.802798,1.11847,0,162.1, -8.8, -3.1,,,0,0,1684,1024,1024,1024,100,0,0,0,178.4,0,-3,46,3.559,3.557,0,0,0,0,5.226,107.96,0.840120105624,4.593176,38,Tripod,
302800,2026-05-22 09:07:34,51.9887157954493,4.39008295924704,4.593176,,,0.840120105624,3.937008,3.9593838,35.043308208,61.380907476,25,5,7.114,0.840120105624,4.593176,4.1830778,35.043308208,-3.802798,1.11847,0,162.1, -8.9, -4,,,0,0,1684,970,1024,1024,100,-8,0,0,178.4,0,-2.8,46,3.559,3.557,0,0,0,0,5.226,107.96,0.840120105624,4.593176,38,Tripod,
302900,2026-05-22 09:07:34,51.9887142303717,4.39008383536463,4.593176,,,0.840120105624,3.937008,4.026492,35.646654684,61.98491012,25,5,7.114,0.840120105624,4.593176,4.1830778,35.646654684,-3.802798,1.342164,0,162.1, -9.3, -3,,,0,0,1684,970,1024,1024,100,-8,0,0,178.5,0,-1.8,46,3.559,3.557,0,0,0,0,5.226,107.96,0.840120105624,4.593176,38,Tripod,
303000,2026-05-22 09:07:34,51.9887125678966,4.39008474654973,4.593176,,,0.840120105624,3.937008,4.026492,36.286418484,62.625002004,25,5,7.114,0.840120105624,4.593176,4.1830778,36.286418484,-3.802798,1.342164,0,162, -9.7, -2.2,,,0,0,1684,1022,1024,1024,100,-0,0,0,178.5,0,-1.1,46,3.559,3.557,0,0,0,0,5.226,107.96,0.840120105624,4.593176,38,Tripod,
303100,2026-05-22 09:07:34,51.988710985094,4.39008567009524,4.593176,,,0.840120105624,3.937008,4.026492,36.899279396,63.238519084,25,5,7.114,0.840120105624,4.593176,4.1830778,36.899279396,-3.802798,1.342164,0,161.9, -10, -1.5,,,0,0,1684,1022,1024,1024,100,-0,0,0,178.6,0,-0.3,46,3.559,3.557,0,0,0,0,5.226,107.96,0.840120105624,4.593176,38,Tripod,
303200,2026-05-22 09:07:35,51.9887092839391,4.39008670851183,4.593176,,,0.840120105624,3.937008,4.250186,37.561024824,63.901576848,25,5,7.109,0.840120105624,4.593176,4.250186,37.561024824,-4.026492,1.342164,0,162, -9.6, -0.9,,,0,0,1684,983,1024,1024,100,-6,0,0,178.6,0,-0.6,46,3.555,3.554,0,0,0,0,5.291,107.96,0.840120105624,4.593176,38,Tripod,
303300,2026-05-22 09:07:35,51.9887076302793,4.3900875907818,4.593176,,,0.840120105624,3.937008,4.1830778,38.195867364,64.536747472,25,5,7.109,0.840120105624,4.593176,4.250186,38.195867364,-4.026492,1.11847,0,162, -9.3, -1.5,,,0,0,1684,983,1024,1024,100,-6,0,0,178.6,0,-1,46,3.555,3.554,0,0,0,0,5.291,107.96,0.840120105624,4.593176,38,Tripod,
303400,2026-05-22 09:07:35,51.9887058692929,4.39008879329545,4.593176,,,0.840120105624,3.937008,4.1830778,38.889108856,65.233925972,26,5,7.109,0.840120105624,4.593176,4.250186,38.889108856,-4.026492,1.11847,0,162, -9.2, -1.7,,,0,0,1663,883,1024,1024,97,-21,0,0,178.5,0,-1.5,46,3.555,3.554,0,0,0,0,5.291,107.96,0.840120105624,4.593176,38,Tripod,
303500,2026-05-22 09:07:35,51.9887042076059,4.39008960580599,4.593176,,,0.840120105624,3.937008,4.1830778,39.522310976,65.866800008,26,5,7.109,0.840120105624,4.593176,4.250186,39.522310976,-4.026492,1.11847,0,162, -8.9, -2.4,,,0,0,1684,882,1024,1024,100,-22,0,0,178.5,0,-1.9,46,3.555,3.554,0,0,0,0,5.291,107.96,0.840120105624,4.593176,38,Tripod,
303600,2026-05-22 09:07:35,51.9887023518091,4.39009066057908,4.593176,,,0.840120105624,3.937008,4.1830778,40.239174516,66.584319716,27,5,7.109,0.840120105624,4.593176,4.250186,40.239174516,-4.026492,1.11847,0,162, -9.3, -2.7,,,0,0,1684,873,1024,1024,100,-23,0,0,178.5,0,-2.4,46,3.555,3.554,0,0,0,0,5.291,107.96,0.840120105624,4.593176,38,Tripod,
303700,2026-05-22 09:07:35,51.9887006580988,4.39009144663682,4.593176,,,0.840120105624,4.265092,4.1830778,40.881562988,67.227036272,27,5,7.109,0.840120105624,4.593176,4.250186,40.881562988,-4.026492,1.11847,0,162.1, -9.4, -3.2,,,0,0,1684,873,1024,1024,100,-23,0,0,178.4,0,-3,46,3.555,3.554,0,0,0,0,5.291,107.96,0.840120105624,4.593176,38,Tripod,
303800,2026-05-22 09:07:35,51.9886986945556,4.39009220901017,4.593176,,,0.840120105624,4.265092,4.1830778,41.616799232,67.963584852,27,5,7.109,0.840120105624,4.593176,4.250186,41.616799232,-4.026492,1.11847,0,162.1, -8.8, -3.8,,,0,0,1684,848,1024,1024,100,-27,0,0,178.3,0,-3.2,46,3.555,3.554,0,0,0,0,5.291,107.96,0.840120105624,4.593176,38,Tripod,
303900,2026-05-22 09:07:35,51.9886969981297,4.39009297212083,4.593176,,,0.840120105624,4.265092,4.1830778,42.25885962,68.605973324,27,5,7.109,0.840120105624,4.593176,4.250186,42.25885962,-4.026492,1.11847,0,162.1, -9.1, -4.2,,,0,0,1647,690,1024,1024,94,-51,0,0,178.3,0,-3.9,46,3.555,3.554,0,0,0,0,5.291,107.96,0.840120105624,4.593176,38,Tripod,
304000,2026-05-22 09:07:35,51.9886949972689,4.3900936730608,4.593176,,,0.840120105624,4.265092,4.1830778,43.003282216,69.352692508,27,5,7.109,0.840120105624,4.593176,4.250186,43.003282216,-4.026492,1.11847,0,162.2, -9.4, -5,,,0,0,1677,686,1024,1024,99,-51,0,0,178.3,0,-4.7,46,3.555,3.554,0,0,0,0,5.291,107.96,0.840120105624,4.593176,38,Tripod,
304100,2026-05-22 09:07:36,51.9886932947946,4.39009445812387,4.593176,,,0.840120105624,4.265092,4.1830778,43.648951528,69.99836182,27,5,7.109,0.840120105624,4.593176,4.250186,43.648951528,-4.026492,1.11847,0,162.2, -8.8, -5.7,,,0,0,1677,689,1024,1024,99,-51,0,0,178.3,0,-5,46,3.555,3.554,0,0,0,0,5.291,107.96,0.840120105624,4.593176,38,Tripod,
304200,2026-05-22 09:07:36,51.9886913011215,4.39009524695002,4.593176,,,0.840120105624,3.937008,4.1830778,44.39632688,70.747049508,27,5,7.116,0.840120105624,4.593176,4.250186,44.39632688,-4.026492,1.11847,0,162.3, -8.9, -5.9,,,0,0,1677,689,1024,1024,99,-51,0,0,178.3,0,-5.2,46,3.554,3.55,0,0,0,0,4.981,108.14,0.840120105624,4.593176,38,Tripod,
304300,2026-05-22 09:07:36,51.9886896365303,4.39009610993163,4.593176,,,0.840120105624,4.265092,4.1830778,45.033794092,71.38451672,27,5,7.116,0.840120105624,4.593176,4.250186,45.033794092,-4.026492,1.11847,0,162.4, -9.3, -5.8,,,0,0,1672,697,1024,1024,98,-50,0,0,178.3,0,-5.1,46,3.554,3.55,0,0,0,0,4.981,108.14,0.840120105624,4.593176,38,Tripod,
304400,2026-05-22 09:07:36,51.9886876510129,4.39009723703082,4.593176,,,0.840120105624,4.265092,4.1830778,45.8005264,72.151905196,27,5,7.116,0.840120105624,4.593176,4.250186,45.8005264,-4.026492,1.342164,0,162.3, -9.2, -5.8,,,0,0,1674,719,1024,1024,98,-46,0,0,178.3,0,-4.8,46,3.554,3.55,0,0,0,0,4.981,108.14,0.840120105624,4.593176,38,Tripod,
304500,2026-05-22 09:07:36,51.9886860125594,4.39009816977186,4.593176,,,0.840120105624,3.937008,4.250186,46.433400436,72.7854354,27,5,7.116,0.840120105624,4.593176,4.250186,46.433400436,-4.026492,1.342164,0,162.2, -8.9, -5.6,,,0,0,1668,626,1024,1024,98,-60,0,0,178.3,0,-4.5,46,3.554,3.55,0,0,0,0,4.981,108.14,0.840120105624,4.593176,38,Tripod,
304600,2026-05-22 09:07:36,51.9886843274932,4.39009932558447,4.593176,,,0.840120105624,3.937008,4.026492,47.097114368,73.452758256,25,5,7.116,0.840120105624,4.593176,4.250186,47.097114368,-3.802798,1.342164,0,162.3, -9.5, -5.5,,,0,0,1659,609,1024,1024,96,-63,0,0,178.2,0,-5.8,46,3.554,3.55,0,0,0,0,4.981,108.14,0.840120105624,4.593176,38,Tripod,
304700,2026-05-22 09:07:36,51.9886827195038,4.39010022614811,4.593176,,,0.840120105624,3.937008,4.026492,47.717193128,74.073493184,25,5,7.116,0.840120105624,4.593176,4.250186,47.717193128,-3.802798,1.342164,0,162.6, -10.6, -7.2,,,0,0,1646,530,1024,1024,94,-75,0,0,178,0,-7.3,46,3.554,3.55,0,0,0,0,4.981,108.14,0.840120105624,4.593176,38,Tripod,
304800,2026-05-22 09:07:36,51.9886808768744,4.39010095149589,4.593176,,,0.840120105624,3.937008,4.026492,48.407809948,74.765094256,25,5,7.116,0.840120105624,4.593176,4.250186,48.407809948,-3.802798,1.342164,0,162.6, -10.6, -8.4,,,0,0,1657,529,1024,1024,96,-75,0,0,178,0,-7.9,46,3.554,3.55,0,0,0,0,4.981,108.14,0.840120105624,4.593176,38,Tripod,
304900,2026-05-22 09:07:36,51.9886793044207,4.3901018599126,4.593176,,,0.840120105624,3.937008,4.026492,49.016077684,75.37401816,25,5,7.116,0.840120105624,4.593176,4.250186,49.016077684,-3.802798,1.342164,0,162.7, -10.3, -9.1,,,0,0,1657,434,1024,1024,96,-89,0,0,177.9,0,-8.7,46,3.554,3.55,0,0,0,0,4.981,108.14,0.840120105624,4.593176,38,Tripod,
305000,2026-05-22 09:07:36,51.988677665616,4.39010262453266,4.593176,,,0.840120105624,3.937008,4.026492,49.638124948,75.996065424,25,5,7.116,0.840120105624,4.593176,4.250186,49.638124948,-3.802798,1.342164,0,162.7, -10.1, -9.5,,,0,0,1657,434,1024,1024,96,-89,0,0,177.9,0,-8.9,46,3.554,3.55,0,0,0,0,4.981,108.14,0.840120105624,4.593176,38,Tripod,
305100,2026-05-22 09:07:36,51.988676123849,4.39010362864686,4.593176,,,0.840120105624,3.937008,4.1159696,50.242127592,76.602364656,25,5,7.116,0.840120105624,4.593176,4.250186,50.242127592,-3.802798,1.565858,0,162.8, -9.8, -10,,,0,0,1684,491,1024,1024,100,-81,0,0,177.8,0,-9.7,46,3.554,3.55,0,0,0,0,4.981,108.14,0.840120105624,4.593176,38,Tripod,
305200,2026-05-22 09:07:37,51.9886744150953,4.39010483815107,4.593176,,,0.840120105624,3.937008,4.1159696,50.917652548,77.282482788,25,5,7.092,0.840120105624,4.593176,4.250186,50.917652548,-3.802798,1.565858,0,162.7, -9.5, -10.6,,,0,0,1684,771,1024,1024,100,-38,0,0,177.9,0,-8.6,46,3.545,3.547,0,0,0,0,5.646,108.14,0.840120105624,4.593176,38,Tripod,
305300,2026-05-22 09:07:37,51.9886728958594,4.39010596886725,4.593176,,,0.840120105624,3.937008,3.914645,51.52231136,77.89206286,25,5,7.092,0.840120105624,4.593176,4.250186,51.52231136,-3.579104,1.565858,0,162.6, -10.4, -8.7,,,0,0,1684,777,1024,1024,100,-37,0,0,177.9,0,-7.7,46,3.545,3.547,0,0,0,0,5.646,108.14,0.840120105624,4.593176,38,Tripod,
305400,2026-05-22 09:07:37,51.9886712538592,4.39010717133222,4.593176,,,0.840120105624,3.937008,4.2054472,52.174542352,78.549215112,25,5,7.092,0.840120105624,4.593176,4.250186,52.174542352,-3.802798,1.789552,0,162.5, -10.4, -8.4,,,0,0,1684,890,1024,1024,100,-20,0,0,177.9,0,-7.4,46,3.545,3.547,0,0,0,0,5.646,108.14,0.840120105624,4.593176,38,Tripod,
305500,2026-05-22 09:07:37,51.9886697400034,4.39010835717984,4.593176,,,0.840120105624,3.937008,4.2054472,52.781169668,79.162404108,25,5,7.092,0.840120105624,4.593176,4.250186,52.781169668,-3.802798,1.789552,0,162.5, -9.8, -7.8,,,0,0,1684,923,1024,1024,100,-15,0,0,177.9,0,-6.9,46,3.545,3.547,0,0,0,0,5.646,108.14,0.840120105624,4.593176,38,Tripod,
305600,2026-05-22 09:07:37,51.9886681665216,4.39010986270079,4.593176,,,0.840120105624,3.937008,4.0041226,53.43011982,79.828742712,26,5,7.092,0.840120105624,4.593176,4.250186,53.43011982,-3.579104,1.789552,0,162.3, -9.7, -7.6,,,0,0,1684,1003,1024,715,100,-3,0,-47,177.9,0,-6.7,46,3.545,3.547,0,0,0,0,5.646,108.14,0.840120105624,4.593176,38,Tripod,
305700,2026-05-22 09:07:37,51.9886666539337,4.39011108086492,4.593176,,,0.840120105624,4.265092,4.0041226,54.039043724,80.444884464,26,5,7.092,0.840120105624,4.593176,4.250186,54.039043724,-3.579104,1.789552,0,162.4, -10.8, -7.1,,,0,0,1684,1019,1024,502,100,-1,0,-79,177.5,0,-6.1,46,3.545,3.547,0,0,0,0,5.646,108.14,0.840120105624,4.593176,38,Tripod,
305800,2026-05-22 09:07:37,51.9886650577409,4.39011252387435,4.593176,,,0.840120105624,4.265092,4.2054472,54.692258968,81.111223068,26,5,7.092,0.840120105624,4.593176,4.250186,54.692258968,-3.802798,1.789552,0,161.1, -10.3, -7.2,,,0,0,1684,1019,1024,749,100,-1,0,-42,175.2,0,-7.2,46,3.545,3.547,0,0,0,0,5.646,108.14,0.840120105624,4.593176,38,Tripod,
305900,2026-05-22 09:07:37,51.9886635294327,4.3901137539259,4.593176,,,0.840120105624,4.265092,4.2054472,55.307744552,81.733598416,26,5,7.092,0.840120105624,4.593176,4.250186,55.307744552,-3.802798,1.789552,0,159.1, -8.9, -8.4,,,0,0,1684,1019,1024,749,100,-1,0,-42,173.8,0,-8.5,46,3.545,3.547,0,0,0,0,5.646,108.14,0.840120105624,4.593176,38,Tripod,
306000,2026-05-22 09:07:37,51.9886618581764,4.39011533609248,4.92126,,,1.168204105624,3.937008,4.1159696,55.99737712,82.439635184,26,5,7.092,1.168204105624,4.92126,4.250186,55.99737712,-3.579104,2.013246,0,158.5, -9.7, -9.1,,,0,0,1684,1020,1024,982,100,-1,0,-6,174,0,-7,46,3.545,3.547,0,0,0,0,5.646,108.14,1.168204105624,4.92126,38,Tripod,
306100,2026-05-22 09:07:37,51.9886603903079,4.39011676651197,4.92126,,,1.168204105624,3.937008,4.1159696,56.60597294,83.063979036,26,5,7.092,1.168204105624,4.92126,4.250186,56.60597294,-3.579104,2.013246,0,158.8, -11.4, -6.7,,,0,0,1684,1023,1024,1024,100,-0,0,0,174.5,0,-5.3,46,3.545,3.547,0,0,0,0,5.646,108.14,1.168204105624,4.92126,38,Tripod,
306200,2026-05-22 09:07:38,51.9886588613057,4.3901184581902,4.593176,,,0.840120105624,3.937008,4.1159696,57.254923092,83.739175908,27,5,7.108,1.168204105624,4.92126,4.250186,57.254923092,-3.579104,2.013246,0,158.8, -11.2, -5.6,,,0,0,1684,1024,1024,1024,100,0,0,0,174.5,0,-4.9,45,3.552,3.551,0,0,0,0,5.025,108.14,0.840120105624,4.593176,38,Tripod,
306300,2026-05-22 09:07:38,51.9886573681219,4.39011985426209,4.593176,,,0.840120105624,3.937008,4.1159696,57.87073676,84.367784852,27,5,7.108,1.168204105624,4.92126,4.250186,57.87073676,-3.579104,2.013246,0,158.7, -10.4, -5.8,,,0,0,1679,1024,1024,1024,99,0,0,0,174.2,0,-5.9,45,3.552,3.551,0,0,0,0,5.025,108.14,0.840120105624,4.593176,38,Tripod,
306400,2026-05-22 09:07:38,51.9886557923014,4.39012128874374,4.593176,,,0.840120105624,4.265092,4.1159696,58.518374576,85.026905608,27,5,7.108,1.168204105624,4.92126,4.250186,58.518374576,-3.579104,2.013246,0,158.5, -9.8, -6.5,,,0,0,1684,1024,1024,1072,100,0,0,7,174.3,0,-5.5,45,3.552,3.551,0,0,0,0,5.025,108.14,0.840120105624,4.593176,38,Tripod,
306500,2026-05-22 09:07:38,51.9886542678139,4.39012267383247,4.593176,,,0.840120105624,3.937008,4.2949248,59.145015016,85.66437282,27,5,7.108,1.168204105624,4.92126,4.2949248,59.145015016,-3.802798,2.013246,0,158.5, -9.6, -6,,,0,0,1683,1024,1024,1549,100,0,0,80,174.2,0,-5.4,45,3.552,3.551,0,0,0,0,5.025,108.14,0.840120105624,4.593176,38,Tripod,
306600,2026-05-22 09:07:38,51.9886525373944,4.39012404235255,4.593176,,,0.840120105624,4.265092,4.1159696,59.841537348,86.36647258,27,5,7.108,1.168204105624,4.92126,4.2949248,59.841537348,-3.579104,2.013246,0,158.6, -9.2, -6,,,0,0,1672,1024,1024,1024,98,0,0,0,175.8,0,-4.6,45,3.552,3.551,0,0,0,0,5.025,108.14,0.840120105624,4.593176,38,Tripod,
306700,2026-05-22 09:07:38,51.9886510253119,4.39012541769624,4.593176,,,0.840120105624,4.265092,4.1159696,60.463584612,86.998690448,27,5,7.108,1.168204105624,4.92126,4.2949248,60.463584612,-3.579104,2.013246,0,160.8, -8.4, -4,,,0,0,1684,1024,1024,1024,100,0,0,0,177.9,0,-1,45,3.552,3.551,0,0,0,0,5.025,108.14,0.840120105624,4.593176,38,Tripod,
306800,2026-05-22 09:07:38,51.9886493966847,4.39012681226568,4.593176,,,0.840120105624,4.265092,4.1159696,61.127298544,87.67060648,27,5,7.108,1.168204105624,4.92126,4.2949248,61.127298544,-3.579104,2.013246,0,161.3, -9.9, -0.7,,,0,0,1684,1024,1024,1024,100,0,0,0,177.9,0,0.1,45,3.552,3.551,0,0,0,0,5.025,108.14,0.840120105624,4.593176,38,Tripod,
306900,2026-05-22 09:07:38,51.9886479407328,4.39012804192075,4.593176,,,0.840120105624,4.265092,4.0041226,61.719490164,88.26935978,27,5,7.108,1.168204105624,4.92126,4.2949248,61.719490164,-3.579104,1.789552,0,161.1, -10.7, -0.4,,,0,0,1684,1024,1024,1024,100,0,0,0,177.8,0,0,45,3.552,3.551,0,0,0,0,5.025,108.14,0.840120105624,4.593176,38,Tripod,
307000,2026-05-22 09:07:38,51.9886463585214,4.3901291929617,4.593176,,,0.840120105624,4.265092,3.914645,62.349739528,88.901905732,27,5,7.108,1.168204105624,4.92126,4.2949248,62.349739528,-3.579104,1.565858,0,161, -11.1, -0.7,,,0,0,1684,1024,1024,1024,100,0,0,0,177.7,0,-0.2,45,3.552,3.551,0,0,0,0,5.025,108.14,0.840120105624,4.593176,38,Tripod,
307100,2026-05-22 09:07:38,51.9886448559482,4.3901303168195,4.593176,,,0.840120105624,4.265092,3.914645,62.950461332,89.505580292,27,5,7.108,1.168204105624,4.92126,4.2949248,62.950461332,-3.579104,1.565858,0,161.1, -11, -0.9,,,0,0,1628,1024,1024,1024,92,0,0,0,177.8,0,-0.4,45,3.552,3.551,0,0,0,0,5.025,108.14,0.840120105624,4.593176,38,Tripod,
307200,2026-05-22 09:07:39,51.9886431622465,4.39013159364861,4.593176,,,0.840120105624,4.265092,4.1159696,63.628282876,90.186682676,26,5,7.102,1.168204105624,4.92126,4.2949248,63.628282876,-3.802798,1.565858,0,161.1, -10.4, -1.1,,,0,0,1684,1024,1024,1024,100,0,0,0,177.7,0,-0.5,45,3.547,3.547,0,0,0,0,5.19,108.32,0.840120105624,4.593176,38,Tripod,
307300,2026-05-22 09:07:39,51.9886415921316,4.39013270572333,4.92126,,,1.168204105624,3.937008,4.1159696,64.251314392,90.811682696,26,5,7.102,1.168204105624,4.92126,4.2949248,64.251314392,-3.802798,1.565858,0,161.1, -10.1, -1.2,,,0,0,1684,1024,1024,1024,100,0,0,0,177.7,0,-0.5,45,3.547,3.547,0,0,0,0,5.19,108.32,1.168204105624,4.92126,38,Tripod,
307400,2026-05-22 09:07:39,51.9886400277564,4.39013401342215,4.92126,,,1.168204105624,3.937008,4.1159696,64.887141184,91.453743084,25,5,7.102,1.168204105624,4.92126,4.2949248,64.887141184,-3.802798,1.565858,0,161.1, -9.9, -1.1,,,0,0,1684,1024,1024,1024,100,0,0,0,177.8,0,-0.7,45,3.547,3.547,0,0,0,0,5.19,108.32,1.168204105624,4.92126,38,Tripod,
307500,2026-05-22 09:07:39,51.9886383966449,4.39013513462285,4.92126,,,1.168204105624,3.937008,4.3172942,65.532154328,92.09974048,25,5,7.102,1.168204105624,4.92126,4.3172942,65.532154328,-4.026492,1.565858,0,161.2, -9.1, -1.4,,,0,0,1684,1024,1024,1024,100,0,0,0,178,0,-0.1,45,3.547,3.547,0,0,0,0,5.19,108.32,1.168204105624,4.92126,38,Tripod,
307600,2026-05-22 09:07:39,51.9886366297301,4.39013655685539,4.92126,,,1.168204105624,3.937008,4.250186,66.246393196,92.819228692,24,5,7.102,1.168204105624,4.92126,4.3172942,66.246393196,-4.026492,1.342164,0,161.2, -8.2, -1.2,,,0,0,1684,1024,1024,1024,100,0,0,0,177.8,0,-1.3,45,3.547,3.547,0,0,0,0,5.19,108.32,1.168204105624,4.92126,38,Tripod,
307700,2026-05-22 09:07:39,51.9886350500202,4.39013747367467,4.92126,,,1.168204105624,4.265092,4.026492,66.85859794,93.431433436,24,5,7.102,1.168204105624,4.92126,4.3172942,66.85859794,-3.802798,1.342164,0,161.2, -7.9, -2.4,,,0,0,1684,1024,1024,1024,100,0,0,0,177.7,0,-2.4,45,3.547,3.547,0,0,0,0,5.19,108.32,1.168204105624,4.92126,38,Tripod,
307800,2026-05-22 09:07:39,51.9886333701284,4.39013830618305,4.92126,,,1.168204105624,4.265092,3.9593838,67.498689824,94.072181488,24,5,7.102,1.168204105624,4.92126,4.3172942,67.498689824,-3.802798,1.11847,0,161.3, -9.2, -3.4,,,0,0,1681,1024,1024,1024,100,0,0,0,177.6,0,-3,45,3.547,3.547,0,0,0,0,5.19,108.32,1.168204105624,4.92126,38,Tripod,
307900,2026-05-22 09:07:39,51.988631825937,4.39013911172391,4.92126,,,1.168204105624,4.265092,3.9593838,68.090225276,94.664045024,24,5,7.102,1.168204105624,4.92126,4.3172942,68.090225276,-3.802798,1.11847,0,161.4, -10, -3.9,,,0,0,1684,1024,1024,1024,100,0,0,0,177.6,0,-3.3,45,3.547,3.547,0,0,0,0,5.19,108.32,1.168204105624,4.92126,38,Tripod,
308000,2026-05-22 09:07:39,51.9886299783388,4.39013974931073,4.92126,,,1.168204105624,4.265092,3.9593838,68.773624248,95.353021424,24,5,7.102,1.168204105624,4.92126,4.3172942,68.773624248,-3.802798,1.11847,0,161.4, -10, -4.1,,,0,0,1684,1024,1024,1024,100,0,0,0,177.5,0,-4,45,3.547,3.547,0,0,0,0,5.19,108.32,1.168204105624,4.92126,38,Tripod,
308100,2026-05-22 09:07:39,51.9886283950136,4.3901405182851,4.92126,,,1.168204105624,3.937008,3.9593838,69.375986472,95.956039816,24,5,7.102,1.168204105624,4.92126,4.3172942,69.375986472,-3.802798,1.11847,0,161.4, -10.1, -5,,,0,0,1684,1024,1024,1024,100,0,0,0,177.4,0,-4.4,45,3.547,3.547,0,0,0,0,5.19,108.32,1.168204105624,4.92126,38,Tripod,
308200,2026-05-22 09:07:40,51.9886268196557,4.39014131195941,4.92126,,,1.168204105624,4.265092,3.9593838,69.977364444,96.558073956,24,5,7.1,1.168204105624,4.92126,4.3172942,69.977364444,-3.802798,1.11847,0,161.4, -10.3, -5,,,0,0,1663,1024,1024,1024,97,0,0,0,177.5,0,-4.1,45,3.548,3.546,0,0,0,0,5.245,108.5,1.168204105624,4.92126,38,Tripod,
308300,2026-05-22 09:07:40,51.9886252055752,4.39014215885233,4.92126,,,1.168204105624,3.937008,3.9593838,70.596130868,97.17684038,24,5,7.1,1.168204105624,4.92126,4.3172942,70.596130868,-3.802798,1.11847,0,161.4, -10.2, -4.8,,,0,0,1667,1024,1024,1024,97,0,0,0,177.5,0,-3.8,45,3.548,3.546,0,0,0,0,5.245,108.5,1.168204105624,4.92126,38,Tripod,
308400,2026-05-22 09:07:40,51.9886234769718,4.39014318583015,4.92126,,,1.168204105624,3.937008,4.026492,71.267718816,97.848428328,24,5,7.1,1.168204105624,4.92126,4.3172942,71.267718816,-3.802798,1.342164,0,161.4, -9.8, -4.4,,,0,0,1684,1024,1024,1024,100,0,0,0,177.6,0,-3.4,45,3.548,3.546,0,0,0,0,5.245,108.5,1.168204105624,4.92126,38,Tripod,
308500,2026-05-22 09:07:40,51.9886219169659,4.3901440803701,4.92126,,,1.168204105624,3.937008,4.026492,71.871065292,98.452102888,24,5,7.1,1.168204105624,4.92126,4.3172942,71.871065292,-3.802798,1.342164,0,161.4, -10.2, -4.1,,,0,0,1674,1024,1024,1024,98,0,0,0,177.6,0,-3.4,45,3.548,3.546,0,0,0,0,5.245,108.5,1.168204105624,4.92126,38,Tripod,
308600,2026-05-22 09:07:40,51.9886201655915,4.39014526570996,4.92126,,,1.168204105624,3.937008,4.026492,72.56233828,99.144360128,26,5,7.1,1.168204105624,4.92126,4.3172942,72.56233828,-3.802798,1.342164,0,161.4, -10.7, -4.2,,,0,0,1679,1024,1024,1024,99,0,0,0,177.5,0,-3.4,45,3.548,3.546,0,0,0,0,5.245,108.5,1.168204105624,4.92126,38,Tripod,
308700,2026-05-22 09:07:40,51.9886186291789,4.39014616905591,4.92126,,,1.168204105624,3.937008,4.026492,73.158466908,99.740488756,26,5,7.1,1.168204105624,4.92126,4.3172942,73.158466908,-3.802798,1.342164,0,161.4, -10.9, -4.2,,,0,0,1679,1024,1024,1024,99,0,0,0,177.6,0,-3.3,45,3.548,3.546,0,0,0,0,5.245,108.5,1.168204105624,4.92126,38,Tripod,
308800,2026-05-22 09:07:40,51.9886168258033,4.39014719055258,4.92126,,,1.168204105624,3.937008,4.026492,73.855317324,100.437339172,26,5,7.1,1.168204105624,4.92126,4.3172942,73.855317324,-3.802798,1.342164,0,161.4, -11.1, -4,,,0,0,1684,1024,1024,1024,100,0,0,0,177.6,0,-3,45,3.548,3.546,0,0,0,0,5.245,108.5,1.168204105624,4.92126,38,Tripod,
308900,2026-05-22 09:07:40,51.9886152815948,4.39014815222963,4.92126,,,1.168204105624,3.937008,4.026492,74.458335716,101.040685648,26,5,7.1,1.168204105624,4.92126,4.3172942,74.458335716,-3.802798,1.342164,0,161.3, -11.1, -3.6,,,0,0,1684,1024,1024,1024,100,0,0,0,177.6,0,-2.6,45,3.548,3.546,0,0,0,0,5.245,108.5,1.168204105624,4.92126,38,Tripod,
309000,2026-05-22 09:07:40,51.9886134701662,4.39014944418059,4.92126,,,1.168204105624,3.937008,4.1159696,75.178152012,101.762470448,26,5,7.1,1.168204105624,4.92126,4.3172942,75.178152012,-3.802798,1.565858,0,161.3, -11.3, -3,,,0,0,1684,1024,1024,1024,100,0,0,0,177.7,0,-1.6,45,3.548,3.546,0,0,0,0,5.245,108.5,1.168204105624,4.92126,38,Tripod,
309100,2026-05-22 09:07:40,51.988611905397,4.39015049215092,4.92126,,,1.168204105624,3.937008,4.1159696,75.794949932,102.379924536,26,5,7.1,1.168204105624,4.92126,4.3172942,75.794949932,-3.802798,1.565858,0,161.2, -11.4, -1.9,,,0,0,1684,1024,1024,1024,100,0,0,0,177.7,0,-0.7,45,3.548,3.546,0,0,0,0,5.245,108.5,1.168204105624,4.92126,38,Tripod,
309200,2026-05-22 09:07:41,51.9886102577683,4.39015158755962,4.92126,,,1.168204105624,3.937008,4.1159696,76.443572,103.029530856,26,5,7.095,1.168204105624,4.92126,4.3172942,76.443572,-3.802798,1.565858,0,161.1, -11.8, -1,,,0,0,1684,1024,1024,1024,100,0,0,0,177.9,0,0.8,45,3.549,3.548,0,0,0,0,5.19,108.5,1.168204105624,4.92126,38,Tripod,
309300,2026-05-22 09:07:41,51.9886087004353,4.39015267036446,4.92126,,,1.168204105624,3.937008,4.1159696,77.06036992,103.647641112,26,5,7.095,1.168204105624,4.92126,4.3172942,77.06036992,-3.802798,1.565858,0,161, -11.7, 0.6,,,0,0,1684,1024,1024,1024,100,0,0,0,178,0,1.3,45,3.549,3.548,0,0,0,0,5.19,108.5,1.168204105624,4.92126,38,Tripod,
309400,2026-05-22 09:07:41,51.9886067755118,4.39015391753416,4.92126,,,1.168204105624,3.937008,4.1159696,77.815947372,104.403874732,27,5,7.095,1.168204105624,4.92126,4.3172942,77.815947372,-3.802798,1.565858,0,160.9, -12.3, 0.4,,,0,0,1684,1024,1024,1024,100,0,0,0,177.9,0,0.8,45,3.549,3.548,0,0,0,0,5.19,108.5,1.168204105624,4.92126,38,Tripod,
309500,2026-05-22 09:07:41,51.9886052110339,4.3901549454997,4.92126,,,1.168204105624,3.937008,4.1159696,78.431104872,105.0196884,27,5,7.095,1.168204105624,4.92126,4.3172942,78.431104872,-3.802798,1.565858,0,160.9, -12.5, 0,,,0,0,1684,1024,1024,1024,100,0,0,0,177.8,0,0.8,45,3.549,3.548,0,0,0,0,5.19,108.5,1.168204105624,4.92126,38,Tripod,
309600,2026-05-22 09:07:41,51.9886032369534,4.39015613084651,4.92126,,,1.168204105624,3.937008,4.1159696,79.199149516,105.78740496,26,5,7.095,1.168204105624,4.92126,4.3172942,79.199149516,-3.802798,1.565858,0,160.9, -12.3, 0.4,,,0,0,1684,1024,1024,1024,100,0,0,0,177.9,0,1.2,45,3.549,3.548,0,0,0,0,5.19,108.5,1.168204105624,4.92126,38,Tripod,
309700,2026-05-22 09:07:41,51.9886016330675,4.39015716567045,4.92126,,,1.168204105624,3.937008,4.1159696,79.828414628,106.41732624,26,5,7.095,1.168204105624,4.92126,4.3172942,79.828414628,-3.802798,1.565858,0,161, -12, 0.5,,,0,0,1684,1024,1024,1024,100,0,0,0,177.9,0,1,45,3.549,3.548,0,0,0,0,5.19,108.5,1.168204105624,4.92126,38,Tripod,
309800,2026-05-22 09:07:41,51.988599956791,4.3901584630469,4.92126,,,1.168204105624,3.937008,4.3172942,80.502299164,107.0948197,26,5,7.095,1.168204105624,4.92126,4.3172942,80.502299164,-4.026492,1.565858,0,161, -11.3, 0.5,,,0,0,1684,1024,1024,1024,100,0,0,0,178,0,1.2,45,3.549,3.548,0,0,0,0,5.19,108.5,1.168204105624,4.92126,38,Tripod,
309900,2026-05-22 09:07:41,51.9885983334068,4.3901595207275,4.92126,,,1.168204105624,3.937008,4.3172942,81.139766376,107.73294308,26,5,7.095,1.168204105624,4.92126,4.3172942,81.139766376,-4.026492,1.565858,0,161, -10.5, 0.6,,,0,0,1684,1024,1024,1024,100,0,0,0,177.9,0,1.4,45,3.549,3.548,0,0,0,0,5.19,108.5,1.168204105624,4.92126,38,Tripod,
310000,2026-05-22 09:07:41,51.9885966435945,4.39016029688023,4.92126,,,1.168204105624,3.937008,4.3172942,81.779202092,108.373691132,26,5,7.095,1.168204105624,4.92126,4.3172942,81.779202092,-4.026492,1.565858,0,160.9, -10.3, 0.7,,,0,0,1684,1024,1024,1024,100,0,0,0,177.8,0,1.2,45,3.549,3.548,0,0,0,0,5.19,108.5,1.168204105624,4.92126,38,Tripod,
310100,2026-05-22 09:07:41,51.988595004173,4.39016139875779,4.92126,,,1.168204105624,3.937008,4.3172942,82.425855656,109.021000864,26,5,7.095,1.168204105624,4.92126,4.3172942,82.425855656,-4.026492,1.565858,0,160.8, -9.7, 0.9,,,0,0,1684,1024,1024,1024,100,0,0,0,178,0,2.3,45,3.549,3.548,0,0,0,0,5.19,108.5,1.168204105624,4.92126,38,Tripod,
310200,2026-05-22 09:07:42,51.9885931867476,4.39016181364169,4.92126,,,1.168204105624,3.937008,4.3172942,83.081695572,109.690620308,25,5,7.083,1.168204105624,4.92126,4.3172942,83.081695572,-4.026492,1.565858,0,160.9, -8.9, 1.9,,,0,0,1684,1024,1024,1024,100,0,0,0,178,0,2.7,45,3.55,3.547,0,0,0,0,5.481,108.5,1.168204105624,4.92126,38,Tripod,
310300,2026-05-22 09:07:42,51.9885915099913,4.39016294951906,4.92126,,,1.168204105624,3.937008,4.3172942,83.743769084,110.353349988,25,5,7.083,1.168204105624,4.92126,4.3172942,83.743769084,-4.026492,1.565858,0,160.9, -8.1, 1.9,,,0,0,1684,1024,1024,1024,100,0,0,0,178.1,0,3,45,3.55,3.547,0,0,0,0,5.481,108.5,1.168204105624,4.92126,38,Tripod,
310400,2026-05-22 09:07:42,51.9885896367951,4.39016351431374,4.92126,,,1.168204105624,3.937008,4.3172942,84.430120812,111.048559984,25,5,7.083,1.168204105624,4.92126,4.3172942,84.430120812,-4.026492,1.565858,0,160.9, -7.9, 2.2,,,0,0,1684,1024,1024,1024,100,0,0,0,178,0,2.5,45,3.55,3.547,0,0,0,0,5.481,108.5,1.168204105624,4.92126,38,Tripod,
310500,2026-05-22 09:07:42,51.9885879901945,4.39016453742415,4.92126,,,1.168204105624,3.937008,4.250186,85.073165452,111.691932708,25,5,7.083,1.168204105624,4.92126,4.3172942,85.073165452,-4.026492,1.342164,0,161, -8.4, 1.7,,,0,0,1684,1024,1024,1024,100,0,0,0,178,0,1.9,45,3.55,3.547,0,0,0,0,5.481,108.5,1.168204105624,4.92126,38,Tripod,
310600,2026-05-22 09:07:42,51.9885860958036,4.39016482715983,4.92126,,,1.168204105624,3.937008,4.250186,85.746721904,112.386158452,25,5,7.083,1.168204105624,4.92126,4.3172942,85.746721904,-4.026492,1.342164,0,161, -9, 0.9,,,0,0,1684,1024,1024,1024,100,0,0,0,177.9,0,0.8,45,3.55,3.547,0,0,0,0,5.481,108.5,1.168204105624,4.92126,38,Tripod,
310700,2026-05-22 09:07:42,51.9885844601858,4.3901656915952,4.92126,,,1.168204105624,3.937008,4.1830778,86.374018512,113.01345506,25,5,7.083,1.168204105624,4.92126,4.3172942,86.374018512,-4.026492,1.11847,0,161, -9.5, 0,,,0,0,1684,1024,1024,1024,100,0,0,0,177.7,0,0,45,3.55,3.547,0,0,0,0,5.481,108.5,1.168204105624,4.92126,38,Tripod,
310800,2026-05-22 09:07:42,51.9885827200856,4.39016587080368,4.92126,,,1.168204105624,3.937008,4.1830778,86.98655134,113.649609936,25,5,7.083,1.168204105624,4.92126,4.3172942,86.98655134,-4.026492,1.11847,0,161, -9.8, -0.8,,,0,0,1684,1024,1024,1024,100,0,0,0,177.8,0,0.2,45,3.55,3.547,0,0,0,0,5.481,108.5,1.168204105624,4.92126,38,Tripod,
310900,2026-05-22 09:07:42,51.988581099854,4.39016671441347,4.92126,,,1.168204105624,3.608924,4.1830778,87.607286268,114.270344864,25,5,7.083,1.168204105624,4.92126,4.3172942,87.607286268,-4.026492,1.11847,0,161, -9.8, -0.3,,,0,0,1684,1024,1024,1024,100,0,0,0,177.8,0,0.3,45,3.55,3.547,0,0,0,0,5.481,108.5,1.168204105624,4.92126,38,Tripod,
311000,2026-05-22 09:07:42,51.9885794420478,4.39016725628193,4.92126,,,1.168204105624,3.937008,4.250186,88.21850676,114.887470868,25,5,7.083,1.168204105624,4.92126,4.3172942,88.21850676,-4.026492,1.342164,0,161, -9.7, -0.1,,,0,0,1684,1024,1024,1024,100,0,0,0,177.9,0,0.6,45,3.55,3.547,0,0,0,0,5.481,108.5,1.168204105624,4.92126,38,Tripod,
311100,2026-05-22 09:07:42,51.9885778220733,4.39016813327942,4.92126,,,1.168204105624,3.937008,4.026492,88.841538276,115.510502384,25,5,7.083,1.168204105624,4.92126,4.3172942,88.841538276,-3.802798,1.342164,0,161, -10.2, 0,,,0,0,1684,1024,1024,1024,100,0,0,0,177.8,0,0.3,45,3.55,3.547,0,0,0,0,5.481,108.5,1.168204105624,4.92126,38,Tripod,
311200,2026-05-22 09:07:43,51.9885763821758,4.39016912834416,4.92126,,,1.168204105624,3.937008,4.026492,89.4110921,116.081368544,25,5,7.094,1.168204105624,4.92126,4.3172942,89.4110921,-3.802798,1.342164,0,161, -10.7, -0.4,,,0,0,1684,1024,1024,1024,100,0,0,0,177.9,0,0.9,45,3.546,3.543,0,0,0,0,5.058,108.5,1.168204105624,4.92126,38,Tripod,
311300,2026-05-22 09:07:43,51.9885748556838,4.39017001841851,4.92126,,,1.168204105624,3.937008,4.026492,90.002955636,116.67323208,25,5,7.094,1.168204105624,4.92126,4.3172942,90.002955636,-3.802798,1.342164,0,161, -10.9, 0.6,,,0,0,1684,1024,1024,1024,100,0,0,0,177.9,0,0.9,45,3.546,3.543,0,0,0,0,5.058,108.5,1.168204105624,4.92126,38,Tripod,
311400,2026-05-22 09:07:43,51.9885731173141,4.39017113512577,4.92126,,,1.168204105624,3.937008,4.026492,90.684386104,117.355318716,25,5,7.094,1.168204105624,4.92126,4.3172942,90.684386104,-3.802798,1.342164,0,161, -11.5, 0.1,,,0,0,1684,1024,1024,1024,100,0,0,0,178.1,0,1,45,3.546,3.543,0,0,0,0,5.058,108.5,1.168204105624,4.92126,38,Tripod,
311500,2026-05-22 09:07:43,51.9885715109609,4.39017202781548,4.92126,,,1.168204105624,3.937008,4.026492,91.303808696,117.974741308,25,5,7.094,1.168204105624,4.92126,4.3172942,91.303808696,-3.802798,1.342164,0,161, -11.2, 0,,,0,0,1684,1024,1024,1024,100,0,0,0,177.9,0,0.7,45,3.546,3.543,0,0,0,0,5.058,108.5,1.168204105624,4.92126,38,Tripod,
311600,2026-05-22 09:07:43,51.9885696312881,4.3901731847271,4.92126,,,1.168204105624,3.937008,4.250186,92.036748352,118.708009048,25,5,7.094,1.168204105624,4.92126,4.3172942,92.036748352,-4.026492,1.342164,0,161, -11.2, 0.4,,,0,0,1684,1024,1024,1024,100,0,0,0,177.9,0,0.8,45,3.546,3.543,0,0,0,0,5.058,108.5,1.168204105624,4.92126,38,Tripod,
311700,2026-05-22 09:07:43,51.9885679884398,4.39017408558289,4.92126,,,1.168204105624,3.937008,4.026492,92.669622388,119.340883084,25,5,7.094,1.168204105624,4.92126,4.3172942,92.669622388,-3.802798,1.342164,0,161, -11.5, 0,,,0,0,1684,1024,1024,1024,100,0,0,0,177.8,0,0.6,45,3.546,3.543,0,0,0,0,5.058,108.5,1.168204105624,4.92126,38,Tripod,
311800,2026-05-22 09:07:43,51.9885662327991,4.3901747228567,4.92126,,,1.168204105624,3.937008,3.9593838,93.321525296,119.997051084,24,5,7.094,1.168204105624,4.92126,4.3172942,93.321525296,-3.802798,1.11847,0,161, -11.5, 0,,,0,0,1684,1024,1024,1024,100,0,0,0,178,0,0.6,45,3.546,3.543,0,0,0,0,5.058,108.5,1.168204105624,4.92126,38,Tripod,
311900,2026-05-22 09:07:43,51.9885646205862,4.39017557246237,4.92126,,,1.168204105624,3.608924,3.9593838,93.939635552,120.615489424,24,5,7.094,1.168204105624,4.92126,4.3172942,93.939635552,-3.802798,1.11847,0,161.1, -12.1, 0,,,0,0,1684,1024,1024,1024,100,0,0,0,177.9,0,0,45,3.546,3.543,0,0,0,0,5.058,108.5,1.168204105624,4.92126,38,Tripod,
312000,2026-05-22 09:07:43,51.988562745094,4.39017603511851,4.92126,,,1.168204105624,3.937008,3.9593838,94.620409852,121.307746664,24,5,7.094,1.168204105624,4.92126,4.3172942,94.620409852,-3.802798,1.11847,0,161.1, -12.5, -0.7,,,0,0,1684,1024,1024,1024,100,0,0,0,177.8,0,-0.3,45,3.546,3.543,0,0,0,0,5.058,108.5,1.168204105624,4.92126,38,Tripod,
312100,2026-05-22 09:07:43,51.9885611064607,4.39017686562363,4.92126,,,1.168204105624,3.937008,3.9593838,95.246394124,121.93405902,24,5,7.094,1.168204105624,4.92126,4.3172942,95.246394124,-3.802798,1.11847,0,161.1, -12.7, -1.1,,,0,0,1684,1024,1024,1024,100,0,0,0,177.7,0,-0.3,45,3.546,3.543,0,0,0,0,5.058,108.5,1.168204105624,4.92126,38,Tripod,
312200,2026-05-22 09:07:44,51.9885591336651,4.39017744125539,4.92126,,,1.168204105624,3.937008,3.9593838,95.968835092,122.665358256,25,5,7.088,1.168204105624,4.92126,4.3172942,95.968835092,-3.802798,1.11847,0,161.1, -12.8, -0.7,,,0,0,1684,1024,1024,1024,100,0,0,0,177.9,0,0,45,3.544,3.543,0,0,0,0,5.237,108.5,1.168204105624,4.92126,38,Tripod,
312300,2026-05-22 09:07:44,51.9885575366157,4.39017830560729,4.92126,,,1.168204105624,3.937008,3.9593838,96.58300834,123.279531504,25,5,7.088,1.168204105624,4.92126,4.3172942,96.58300834,-3.802798,1.11847,0,161.1, -12.9, -0.7,,,0,0,1684,1024,1024,1024,100,0,0,0,177.8,0,-0.2,45,3.544,3.543,0,0,0,0,5.237,108.5,1.168204105624,4.92126,38,Tripod,
312400,2026-05-22 09:07:44,51.9885557708661,4.39017910134747,4.92126,,,1.168204105624,3.937008,4.250186,97.250331196,123.948166696,25,5,7.088,1.168204105624,4.92126,4.3172942,97.250331196,-4.026492,1.342164,0,161.1, -13, -0.9,,,0,0,1684,1024,1024,1024,100,0,0,0,177.8,0,-0.1,45,3.544,3.543,0,0,0,0,5.237,108.5,1.168204105624,4.92126,38,Tripod,
312500,2026-05-22 09:07:44,51.9885541455457,4.39018000209197,4.92126,,,1.168204105624,3.937008,4.250186,97.876971636,124.574479052,25,5,7.088,1.168204105624,4.92126,4.3172942,97.876971636,-4.026492,1.342164,0,161.1, -13, -0.5,,,0,0,1684,1024,1024,1024,100,0,0,0,177.9,0,0.2,45,3.544,3.543,0,0,0,0,5.237,108.5,1.168204105624,4.92126,38,Tripod,
312600,2026-05-22 09:07:44,51.9885524288504,4.39018058548637,4.92126,,,1.168204105624,3.937008,4.250186,98.511814176,125.214570936,23,5,7.088,1.168204105624,4.92126,4.3172942,98.511814176,-4.026492,1.342164,0,161, -13.1, -0.4,,,0,0,1684,1024,1024,1024,100,0,0,0,177.8,0,0.1,45,3.544,3.543,0,0,0,0,5.237,108.5,1.168204105624,4.92126,38,Tripod,
312700,2026-05-22 09:07:44,51.9885507879896,4.39018152247043,4.92126,,,1.168204105624,3.937008,4.250186,99.146656716,125.849085392,23,5,7.088,1.168204105624,4.92126,4.3172942,99.146656716,-4.026492,1.342164,0,161, -13, -0.3,,,0,0,1684,1024,1024,1024,100,0,0,0,177.9,0,0.5,45,3.544,3.543,0,0,0,0,5.237,108.5,1.168204105624,4.92126,38,Tripod,
312800,2026-05-22 09:07:44,51.9885489821124,4.39018205596414,4.92126,,,1.168204105624,3.937008,4.250186,99.808730228,126.518704836,25,5,7.088,1.168204105624,4.92126,4.3172942,99.808730228,-4.026492,1.342164,0,161, -13, 0,,,0,0,1578,1024,1024,1024,84,0,0,0,178,0,0.6,45,3.544,3.543,0,0,0,0,5.237,108.5,1.168204105624,4.92126,38,Tripod,
312900,2026-05-22 09:07:44,51.9885473164418,4.39018301963054,4.92126,,,1.168204105624,3.937008,4.250186,100.453743372,127.164046064,25,5,7.088,1.168204105624,4.92126,4.3172942,100.453743372,-4.026492,1.342164,0,161.1, -12.8, 0.1,,,0,0,1610,1024,1024,1024,89,0,0,0,177.9,0,0.7,45,3.544,3.543,0,0,0,0,5.237,108.5,1.168204105624,4.92126,38,Tripod,
313000,2026-05-22 09:07:44,51.9885454695118,4.39018378960654,4.92126,,,1.168204105624,3.937008,4.250186,101.147312948,127.859584144,24,5,7.088,1.168204105624,4.92126,4.3172942,101.147312948,-4.026492,1.342164,0,161, -11.7, 0,,,0,0,1610,1024,1024,1024,89,0,0,0,178,0,0.8,45,3.544,3.543,0,0,0,0,5.237,108.5,1.168204105624,4.92126,38,Tripod,
313100,2026-05-22 09:07:44,51.9885438476868,4.39018472091469,4.92126,,,1.168204105624,4.265092,4.250186,101.77493764,128.487208836,24,5,7.088,1.168204105624,4.92126,4.3172942,101.77493764,-4.026492,1.342164,0,161.1, -11.4, 0.1,,,0,0,1589,749,1024,1024,86,-42,0,0,177.9,0,0.3,45,3.544,3.543,0,0,0,0,5.237,108.5,1.168204105624,4.92126,38,Tripod,
313200,2026-05-22 09:07:45,51.9885419796821,4.39018567492648,4.92126,,,1.168204105624,4.265092,4.250186,102.489176508,129.201775788,27,5,7.083,1.168204105624,4.92126,4.3172942,102.489176508,-4.026492,1.342164,0,161.2, -11.6, -0.6,,,0,0,1610,745,1024,1024,89,-42,0,0,177.8,0,-0.6,45,3.543,3.539,0,0,0,0,5.274,108.68,1.168204105624,4.92126,38,Tripod,
313300,2026-05-22 09:07:45,51.9885403856997,4.39018653783158,4.92126,,,1.168204105624,4.265092,4.026492,103.10203742,129.8146367,27,5,7.083,1.168204105624,4.92126,4.3172942,103.10203742,-3.802798,1.342164,0,161.1, -11, -1.6,,,0,0,1684,895,1024,1024,100,-20,0,0,177.7,0,-0.7,45,3.543,3.539,0,0,0,0,5.274,108.68,1.168204105624,4.92126,38,Tripod,
313400,2026-05-22 09:07:45,51.988538607031,4.39018741272843,4.92126,,,1.168204105624,4.265092,4.026492,103.779858964,130.492786328,27,5,7.083,1.168204105624,4.92126,4.3172942,103.779858964,-3.802798,1.342164,0,161.1, -12.5, -1.1,,,0,0,1684,645,1024,1024,100,-57,0,0,177.8,0,-0.2,45,3.543,3.539,0,0,0,0,5.274,108.68,1.168204105624,4.92126,38,Tripod,
313500,2026-05-22 09:07:45,51.9885370005409,4.39018833553663,4.92126,,,1.168204105624,4.265092,4.026492,104.401578144,131.114505508,27,5,7.083,1.168204105624,4.92126,4.3172942,104.401578144,-3.802798,1.342164,0,161.2, -13.2, -1.1,,,0,0,1684,644,1024,1024,100,-58,0,0,177.6,0,-1.3,45,3.543,3.539,0,0,0,0,5.274,108.68,1.168204105624,4.92126,38,Tripod,
313600,2026-05-22 09:07:45,51.988535274559,4.3901895392745,4.92126,,,1.168204105624,4.265092,4.026492,105.084977116,131.799872984,27,5,7.083,1.168204105624,4.92126,4.3172942,105.084977116,-3.802798,1.342164,0,161.2, -13.5, -2.1,,,0,0,1684,663,1024,1024,100,-55,0,0,177.6,0,-1.3,45,3.543,3.539,0,0,0,0,5.274,108.68,1.168204105624,4.92126,38,Tripod,
313700,2026-05-22 09:07:45,51.9885336849628,4.39019052998493,4.92126,,,1.168204105624,4.265092,4.026492,105.705712044,132.42126408,27,5,7.083,1.168204105624,4.92126,4.3172942,105.705712044,-3.802798,1.342164,0,161.2, -13.1, -2,,,0,0,1596,687,1024,1024,87,-51,0,0,177.6,0,-1.4,45,3.543,3.539,0,0,0,0,5.274,108.68,1.168204105624,4.92126,38,Tripod,
313800,2026-05-22 09:07:45,51.9885321267559,4.39019149973067,4.92126,,,1.168204105624,4.265092,4.1159696,106.31397978,133.0298599,28,5,7.083,1.168204105624,4.92126,4.3172942,106.31397978,-3.802798,1.565858,0,161.2, -13.4, -1.8,,,0,0,1596,687,1024,1024,87,-51,0,0,177.7,0,-1,45,3.543,3.539,0,0,0,0,5.274,108.68,1.168204105624,4.92126,38,Tripod,
313900,2026-05-22 09:07:45,51.988530570862,4.3901925985477,4.92126,,,1.168204105624,4.265092,4.1159696,106.931105784,133.648954408,28,5,7.083,1.168204105624,4.92126,4.3172942,106.931105784,-3.802798,1.565858,0,161.2, -12.8, -1.3,,,0,0,1558,691,1024,1024,81,-50,0,0,177.7,0,-0.5,45,3.543,3.539,0,0,0,0,5.274,108.68,1.168204105624,4.92126,38,Tripod,
314000,2026-05-22 09:07:45,51.9885290983246,4.39019343073611,4.92126,,,1.168204105624,4.265092,3.914645,107.50000344,134.217852064,29,5,7.083,1.168204105624,4.92126,4.3172942,107.50000344,-3.579104,1.565858,0,161.1, -12.1, -0.7,,,0,0,1501,789,1024,1024,72,-36,0,0,177.9,0,0.2,45,3.543,3.539,0,0,0,0,5.274,108.68,1.168204105624,4.92126,38,Tripod,
314100,2026-05-22 09:07:45,51.9885275818729,4.3901945990552,4.92126,,,1.168204105624,4.265092,3.914645,108.10859926,134.830056808,29,5,7.083,1.168204105624,4.92126,4.3172942,108.10859926,-3.579104,1.565858,0,161.1, -11.5, -0.3,,,0,0,1501,838,1024,1024,72,-28,0,0,177.9,0,0.8,45,3.543,3.539,0,0,0,0,5.274,108.68,1.168204105624,4.92126,38,Tripod,
314200,2026-05-22 09:07:46,51.9885258694782,4.39019570231,4.92126,,,1.168204105624,4.265092,3.914645,108.779859124,135.502300924,28,5,7.078,1.168204105624,4.92126,4.3172942,108.779859124,-3.579104,1.565858,0,161.1, -10.3, 0.2,,,0,0,1508,921,1024,1024,73,-16,0,0,178,0,0.6,45,3.54,3.54,0,0,0,0,5.339,108.68,1.168204105624,4.92126,38,Tripod,
314300,2026-05-22 09:07:46,51.9885244163191,4.39019676287029,4.92126,,,1.168204105624,4.265092,3.914645,109.358927384,136.083665772,28,5,7.078,1.168204105624,4.92126,4.3172942,109.358927384,-3.579104,1.565858,0,161.1, -10.1, -0.2,,,0,0,1487,1024,1024,1024,70,0,0,0,177.9,0,0.5,45,3.54,3.54,0,0,0,0,5.339,108.68,1.168204105624,4.92126,38,Tripod,
314400,2026-05-22 09:07:46,51.988522789491,4.39019774417652,4.92126,,,1.168204105624,4.265092,3.8251674,109.99180142,136.716867892,28,5,7.078,1.168204105624,4.92126,4.3172942,109.99180142,-3.579104,1.342164,0,161.1, -9.6, -0.2,,,0,0,1487,916,1024,1024,70,-16,0,0,177.8,0,-0.2,45,3.54,3.54,0,0,0,0,5.339,108.68,1.168204105624,4.92126,38,Tripod,
314500,2026-05-22 09:07:46,51.9885213367261,4.39019869358359,4.92126,,,1.168204105624,4.265092,3.8251674,110.562339496,137.288062136,28,5,7.078,1.168204105624,4.92126,4.3172942,110.562339496,-3.579104,1.342164,0,161.1, -9.2, -1.2,,,0,0,1486,1024,1024,1024,70,0,0,0,177.8,0,-0.5,45,3.54,3.54,0,0,0,0,5.339,108.68,1.168204105624,4.92126,38,Tripod,
314600,2026-05-22 09:07:46,51.9885195092087,4.39019983736271,4.92126,,,1.168204105624,4.265092,3.6238428,111.276578364,138.002629088,27,5,7.078,1.168204105624,4.92126,4.3172942,111.276578364,-3.35541,1.342164,0,161.1, -8, -1,,,0,0,1483,1024,1024,1024,70,0,0,0,177.7,0,-0.2,45,3.54,3.54,0,0,0,0,5.339,108.68,1.168204105624,4.92126,38,Tripod,
314700,2026-05-22 09:07:46,51.9885181235915,4.39020072306883,4.92126,,,1.168204105624,4.265092,3.6238428,111.8192293,138.545936192,27,5,7.078,1.168204105624,4.92126,4.3172942,111.8192293,-3.35541,1.342164,0,161.1, -7.7, -1.4,,,0,0,1483,1024,1024,1024,70,0,0,0,177.8,0,-0.7,45,3.54,3.54,0,0,0,0,5.339,108.68,1.168204105624,4.92126,38,Tripod,
314800,2026-05-22 09:07:46,51.9885165757506,4.39020191055802,4.92126,,,1.168204105624,4.265092,3.3330406,112.440292312,139.170608128,26,5,7.078,1.168204105624,4.92126,4.3172942,112.440292312,-3.131716,1.11847,0,161.2, -7.2, -1,,,0,0,1510,1024,1024,1024,74,0,0,0,177.9,0,-0.3,45,3.54,3.54,0,0,0,0,5.339,108.68,1.168204105624,4.92126,38,Tripod,
314900,2026-05-22 09:07:46,51.9885152472063,4.39020273846168,4.92126,,,1.168204105624,4.265092,3.3330406,112.958993116,139.6899651,26,5,7.078,1.168204105624,4.92126,4.3172942,112.958993116,-3.131716,1.11847,0,161.2, -8.1, -1.4,,,0,0,1623,1024,1024,1024,91,0,0,0,177.7,0,-1.5,45,3.54,3.54,0,0,0,0,5.339,108.68,1.168204105624,4.92126,38,Tripod,
315000,2026-05-22 09:07:46,51.9885136865149,4.39020386640947,4.92126,,,1.168204105624,4.265092,3.3330406,113.580056128,140.312996616,26,5,7.078,1.168204105624,4.92126,4.3172942,113.580056128,-3.131716,1.11847,0,161.2, -9.2, -2.1,,,0,0,1668,1024,1024,1024,98,0,0,0,177.7,0,-1.2,45,3.54,3.54,0,0,0,0,5.339,108.68,1.168204105624,4.92126,38,Tripod,
315100,2026-05-22 09:07:46,51.9885124054829,4.39020463937646,4.92126,,,1.168204105624,4.265092,3.3330406,114.078743808,140.811684296,26,5,7.078,1.168204105624,4.92126,4.3172942,114.078743808,-3.131716,1.11847,0,161.3, -10.4, -2,,,0,0,1684,1024,1024,1024,100,0,0,0,177.8,0,-1.5,45,3.54,3.54,0,0,0,0,5.339,108.68,1.168204105624,4.92126,38,Tripod,
315200,2026-05-22 09:07:47,51.98851101428,4.39020570740724,4.92126,,,1.168204105624,4.265092,3.3330406,114.636814692,141.37303602,26,5,7.071,1.168204105624,4.92126,4.3172942,114.636814692,-3.131716,1.11847,0,161.4, -10.6, -2,,,0,0,1684,1024,1024,1024,100,0,0,0,177.7,0,-1.7,44,3.536,3.535,0,0,0,0,5.361,108.68,1.168204105624,4.92126,38,Tripod,
315300,2026-05-22 09:07:47,51.9885096968556,4.39020646183014,4.92126,,,1.168204105624,4.265092,3.2659324,115.146329144,141.882878556,26,5,7.071,1.168204105624,4.92126,4.3172942,115.146329144,-3.131716,0.894776,0,161.3, -11.2, -2.6,,,0,0,1680,1024,1024,1024,99,0,0,0,177.7,0,-1.8,44,3.536,3.535,0,0,0,0,5.361,108.68,1.168204105624,4.92126,38,Tripod,
315400,2026-05-22 09:07:47,51.9885081451424,4.39020712607843,4.92126,,,1.168204105624,4.265092,3.467257,115.730318664,142.468180412,26,5,7.071,1.168204105624,4.92126,4.3172942,115.730318664,-3.35541,0.894776,0,161.4, -11.4, -2.9,,,0,0,1647,1024,1024,1024,94,0,0,0,177.3,0,-3.7,44,3.536,3.535,0,0,0,0,5.361,108.68,1.168204105624,4.92126,38,Tripod,
315500,2026-05-22 09:07:47,51.9885067730951,4.39020781852541,4.92126,,,1.168204105624,4.265092,3.467257,116.254268812,142.992458644,26,5,7.071,1.168204105624,4.92126,4.3172942,116.254268812,-3.35541,0.894776,0,161.1, -10.1, -5.1,,,0,0,1647,1024,1024,1024,94,0,0,0,177.1,0,-3.5,44,3.536,3.535,0,0,0,0,5.361,108.68,1.168204105624,4.92126,38,Tripod,
315600,2026-05-22 09:07:47,51.9885051766625,4.39020853616619,4.92126,,,1.168204105624,4.593176,3.5343652,116.857287204,143.596789372,24,5,7.071,1.168204105624,4.92126,4.3172942,116.857287204,-3.35541,1.11847,0,161, -9.8, -3.1,,,0,0,1638,1024,1024,1024,93,0,0,0,177.6,0,-1.2,44,3.536,3.535,0,0,0,0,5.361,108.68,1.168204105624,4.92126,38,Tripod,
315700,2026-05-22 09:07:47,51.9885038439204,4.39020939518997,4.92126,,,1.168204105624,4.593176,3.4001488,117.379925016,144.120083352,24,5,7.071,1.168204105624,4.92126,4.3172942,117.379925016,-3.131716,1.342164,0,161.2, -10.1, -1.7,,,0,0,1628,1024,1024,1024,92,0,0,0,177.7,0,-1.2,44,3.536,3.535,0,0,0,0,5.361,108.68,1.168204105624,4.92126,38,Tripod,
315800,2026-05-22 09:07:47,51.9885021436222,4.3902105956169,4.92126,,,1.168204105624,4.593176,3.4001488,118.05446572,144.79659256,26,5,7.071,1.168204105624,4.92126,4.3172942,118.05446572,-3.131716,1.342164,0,161.2, -10.7, -1.9,,,0,0,1626,1024,1024,1024,91,0,0,0,177.7,0,-1.3,44,3.536,3.535,0,0,0,0,5.361,108.68,1.168204105624,4.92126,38,Tripod,
315900,2026-05-22 09:07:47,51.9885008005998,4.39021152724501,4.92126,,,1.168204105624,4.593176,3.6238428,118.5859618,145.329400976,26,5,7.071,1.168204105624,4.92126,4.3172942,118.5859618,-3.35541,1.342164,0,161.1, -10.3, -1.8,,,0,0,1626,1006,1024,1024,91,-3,0,0,177.6,0,-0.7,44,3.536,3.535,0,0,0,0,5.361,108.68,1.168204105624,4.92126,38,Tripod,
316000,2026-05-22 09:07:47,51.9884992160238,4.39021251380981,4.92126,,,1.168204105624,4.593176,3.7133204,119.204728224,145.948495484,26,5,7.071,1.168204105624,4.92126,4.3172942,119.204728224,-3.35541,1.565858,0,160.9, -10.2, -0.6,,,0,0,1644,1012,1024,1024,94,-2,0,0,177.9,0,1.6,44,3.536,3.535,0,0,0,0,5.361,108.68,1.168204105624,4.92126,38,Tripod,
316100,2026-05-22 09:07:47,51.9884978644687,4.3902136237978,4.92126,,,1.168204105624,4.593176,3.7133204,119.752628504,146.50098894,26,5,7.071,1.168204105624,4.92126,4.3172942,119.752628504,-3.35541,1.565858,0,160.8, -9.7, 1.7,,,0,0,1664,1024,1024,1024,97,0,0,0,178.1,0,2.9,44,3.536,3.535,0,0,0,0,5.361,108.68,1.168204105624,4.92126,38,Tripod,
316200,2026-05-22 09:07:48,51.988496267762,4.39021461342313,4.92126,,,1.168204105624,4.593176,3.7133204,120.375988104,147.124676624,26,5,7.073,1.168204105624,4.92126,4.3172942,120.375988104,-3.35541,1.565858,0,160.9, -9.5, 2.5,,,0,0,1657,1024,1024,1024,96,0,0,0,178.3,0,3.3,44,3.537,3.536,0,0,0,0,5.211,108.86,1.168204105624,4.92126,38,Tripod,
316300,2026-05-22 09:07:48,51.9884948600077,4.3902156750546,4.92126,,,1.168204105624,4.593176,3.6238428,120.939308332,147.690949608,26,5,7.073,1.168204105624,4.92126,4.3172942,120.939308332,-3.35541,1.342164,0,161.1, -8.9, 2.5,,,0,0,1657,1024,1024,1024,96,0,0,0,178.3,0,2.5,44,3.537,3.536,0,0,0,0,5.211,108.86,1.168204105624,4.92126,38,Tripod,
316400,2026-05-22 09:07:48,51.9884933846431,4.39021668401698,4.92126,,,1.168204105624,4.593176,3.6238428,121.5223136,148.274939128,26,5,7.073,1.168204105624,4.92126,4.3172942,121.5223136,-3.35541,1.342164,0,161.1, -9, 1.4,,,0,0,1654,1024,1024,1024,95,0,0,0,178,0,1.1,44,3.537,3.536,0,0,0,0,5.211,108.86,1.168204105624,4.92126,38,Tripod,
316500,2026-05-22 09:07:48,51.9884919698297,4.39021753262101,4.92126,,,1.168204105624,4.593176,3.5343652,122.072510468,148.825135996,26,5,7.073,1.168204105624,4.92126,4.3172942,122.072510468,-3.35541,1.11847,0,161.1, -8.8, 0.3,,,0,0,1642,1024,1024,1024,94,0,0,0,177.7,0,0,44,3.537,3.536,0,0,0,0,5.211,108.86,1.168204105624,4.92126,38,Tripod,
316600,2026-05-22 09:07:48,51.9884903884407,4.39021809777739,4.92126,,,1.168204105624,4.593176,3.5343652,122.65912466,149.41601528,26,5,7.073,1.168204105624,4.92126,4.3172942,122.65912466,-3.35541,1.11847,0,161, -9.9, -1,,,0,0,1620,1024,1024,1024,90,0,0,0,177.7,0,-0.3,44,3.537,3.536,0,0,0,0,5.211,108.86,1.168204105624,4.92126,38,Tripod,
316700,2026-05-22 09:07:48,51.9884889945991,4.39021888805033,4.92126,,,1.168204105624,4.593176,3.5343652,123.197838588,149.954729208,26,5,7.073,1.168204105624,4.92126,4.3172942,123.197838588,-3.35541,1.11847,0,161, -10, -1,,,0,0,1620,1024,1024,1024,90,0,0,0,177.8,0,0.1,44,3.537,3.536,0,0,0,0,5.211,108.86,1.168204105624,4.92126,38,Tripod,
316800,2026-05-22 09:07:48,51.9884875237579,4.39021954691485,4.92126,,,1.168204105624,4.593176,3.5343652,123.7532848,150.511487756,26,5,7.073,1.168204105624,4.92126,4.3172942,123.7532848,-3.35541,1.11847,0,161, -10.1, -0.2,,,0,0,1590,1024,1024,1024,86,0,0,0,177.8,0,0.3,44,3.537,3.536,0,0,0,0,5.211,108.86,1.168204105624,4.92126,38,Tripod,
316900,2026-05-22 09:07:48,51.9884861722028,4.39022034428268,4.92126,,,1.168204105624,4.593176,3.5343652,124.277891116,151.036094072,26,5,7.073,1.168204105624,4.92126,4.3172942,124.277891116,-3.35541,1.11847,0,160.9, -10.1, -0.3,,,0,0,1615,1024,1024,1024,90,0,0,0,177.8,0,0.4,44,3.537,3.536,0,0,0,0,5.211,108.86,1.168204105624,4.92126,38,Tripod,
317000,2026-05-22 09:07:48,51.9884849077906,4.3902210852253,4.92126,,,1.168204105624,4.593176,3.5343652,124.768048612,151.526579652,26,5,7.073,1.168204105624,4.92126,4.3172942,124.768048612,-3.35541,1.11847,0,160.9, -9.9, 0.1,,,0,0,1640,1024,1024,1024,93,0,0,0,178,0,1.1,44,3.537,3.536,0,0,0,0,5.211,108.86,1.168204105624,4.92126,38,Tripod,
317100,2026-05-22 09:07:48,51.988483544276,4.39022195274903,4.92126,,,1.168204105624,4.593176,3.5343652,125.302169364,152.060700404,26,5,7.073,1.168204105624,4.92126,4.3172942,125.302169364,-3.35541,1.11847,0,161, -9.9, 0.7,,,0,0,1641,1024,1024,1024,93,0,0,0,178,0,1.1,44,3.537,3.536,0,0,0,0,5.211,108.86,1.168204105624,4.92126,38,Tripod,
317200,2026-05-22 09:07:49,51.9884821800419,4.3902229741205,4.92126,,,1.168204105624,4.593176,3.5343652,125.847773056,152.608928768,27,5,7.07,1.168204105624,4.92126,4.3172942,125.847773056,-3.35541,1.11847,0,161, -10.2, 0.2,,,0,0,1641,1024,1024,1024,93,0,0,0,177.9,0,0.6,44,3.535,3.535,0,0,0,0,5.215,108.86,1.168204105624,4.92126,38,Tripod,
317300,2026-05-22 09:07:49,51.9884808275958,4.39022380352661,4.92126,,,1.168204105624,4.593176,3.5343652,126.375004044,153.136159756,27,5,7.07,1.168204105624,4.92126,4.3172942,126.375004044,-3.35541,1.11847,0,161, -9.7, 0,,,0,0,1641,1024,1024,1024,93,0,0,0,178,0,0.9,44,3.535,3.535,0,0,0,0,5.215,108.86,1.168204105624,4.92126,38,Tripod,
317400,2026-05-22 09:07:49,51.988479384066,4.39022483186777,4.92126,,,1.168204105624,4.593176,3.5343652,126.948494876,153.711291008,27,5,7.07,1.168204105624,4.92126,4.3172942,126.948494876,-3.35541,1.11847,0,161, -10, 0.3,,,0,0,1642,1024,1024,1024,94,0,0,0,177.9,0,0.7,44,3.535,3.535,0,0,0,0,5.215,108.86,1.168204105624,4.92126,38,Tripod,
317500,2026-05-22 09:07:49,51.9884780259314,4.39022568477047,4.92126,,,1.168204105624,4.593176,3.6238428,127.479334788,154.242787088,27,5,7.07,1.168204105624,4.92126,4.3172942,127.479334788,-3.35541,1.342164,0,160.9, -10.8, 0,,,0,0,1641,1024,1024,1024,93,0,0,0,177.9,0,1,44,3.535,3.535,0,0,0,0,5.215,108.86,1.168204105624,4.92126,38,Tripod,
317600,2026-05-22 09:07:49,51.9884766825321,4.39022691411949,4.92126,,,1.168204105624,4.593176,3.6238428,128.03314058,154.805451148,27,5,7.07,1.168204105624,4.92126,4.3172942,128.03314058,-3.35541,1.342164,0,161, -9.8, 1.2,,,0,0,1582,1024,1024,1024,85,0,0,0,178.2,0,2.5,44,3.535,3.535,0,0,0,0,5.215,108.86,1.168204105624,4.92126,38,Tripod,
317700,2026-05-22 09:07:49,51.9884752978743,4.3902278520078,4.92126,,,1.168204105624,4.92126,3.6238428,128.579728524,155.35269526,27,5,7.07,1.168204105624,4.92126,4.3172942,128.579728524,-3.35541,1.342164,0,161, -9.3, 2.3,,,0,0,1482,1024,1024,1024,69,0,0,0,178,0,2,44,3.535,3.535,0,0,0,0,5.215,108.86,1.168204105624,4.92126,38,Tripod,
317800,2026-05-22 09:07:49,51.9884739454625,4.3902288205015,4.92126,,,1.168204105624,4.92126,3.6238428,129.1174582,155.892065356,27,5,7.07,1.168204105624,4.92126,4.3172942,129.1174582,-3.35541,1.342164,0,160.7, -9.7, 1,,,0,0,1570,1024,1024,1024,83,0,0,0,177.9,0,2.3,44,3.535,3.535,0,0,0,0,5.215,108.86,1.168204105624,4.92126,38,Tripod,
317900,2026-05-22 09:07:49,51.9884725987391,4.39022978286021,4.92126,,,1.168204105624,4.92126,3.4001488,129.652563204,156.42881078,27,5,7.07,1.168204105624,4.92126,4.3172942,129.652563204,-3.131716,1.342164,0,160.8, -8.6, 2.2,,,0,0,1580,1024,1024,1024,84,0,0,0,178.1,0,3.4,44,3.535,3.535,0,0,0,0,5.215,108.86,1.168204105624,4.92126,38,Tripod,
318000,2026-05-22 09:07:49,51.9884713350465,4.39023069522084,4.92126,,,1.168204105624,4.92126,3.4001488,130.155515976,156.933403972,27,5,7.07,1.168204105624,4.92126,4.3172942,130.155515976,-3.131716,1.342164,0,160.8, -8.7, 2.9,,,0,0,1577,1024,1024,1024,84,0,0,0,178.1,0,3.6,44,3.535,3.535,0,0,0,0,5.215,108.86,1.168204105624,4.92126,38,Tripod,
318100,2026-05-22 09:07:49,51.9884700397934,4.39023162702981,4.92126,,,1.168204105624,4.92126,3.4001488,130.67093594,157.450136272,27,5,7.07,1.168204105624,4.92126,4.3172942,130.67093594,-3.131716,1.342164,0,160.8, -10, 2.9,,,0,0,1577,1024,1024,1024,84,0,0,0,178.2,0,3.2,44,3.535,3.535,0,0,0,0,5.215,108.86,1.168204105624,4.92126,38,Tripod,
318200,2026-05-22 09:07:50,51.9884688140695,4.39023238235696,4.92126,,,1.168204105624,4.92126,3.3330406,131.148954328,157.928482744,26,5,7.066,1.168204105624,4.92126,4.3172942,131.148954328,-3.131716,1.11847,0,160.8, -10.5, 2.4,,,0,0,1559,1024,1024,1024,81,0,0,0,178,0,2.7,44,3.534,3.532,0,0,0,0,5.277,109.04,1.168204105624,4.92126,38,Tripod,
318300,2026-05-22 09:07:50,51.9884675045952,4.39023325619653,4.92126,,,1.168204105624,4.92126,3.3330406,131.66503046,158.445215044,26,5,7.066,1.168204105624,4.92126,4.3172942,131.66503046,-3.131716,1.11847,0,160.8, -9.6, 2.2,,,0,0,1555,1024,1024,1024,80,0,0,0,178.1,0,3.1,44,3.534,3.532,0,0,0,0,5.277,109.04,1.168204105624,4.92126,38,Tripod,
318400,2026-05-22 09:07:50,51.9884659910563,4.39023400728066,4.92126,,,1.168204105624,4.92126,3.3330406,132.241802132,159.022642884,26,5,7.066,1.168204105624,4.92126,4.3172942,132.241802132,-3.131716,1.11847,0,160.8, -9.3, 2.3,,,0,0,1551,1024,1024,1024,80,0,0,0,178.1,0,3.1,44,3.534,3.532,0,0,0,0,5.277,109.04,1.168204105624,4.92126,38,Tripod,
318500,2026-05-22 09:07:50,51.9884646906973,4.39023487196644,4.92126,,,1.168204105624,4.92126,3.3330406,132.753941256,159.535110092,26,5,7.066,1.168204105624,4.92126,4.3172942,132.753941256,-3.131716,1.11847,0,160.8, -9.3, 2.8,,,0,0,1528,1024,1024,1024,76,0,0,0,178.2,0,3.5,44,3.534,3.532,0,0,0,0,5.277,109.04,1.168204105624,4.92126,38,Tripod,
318600,2026-05-22 09:07:50,51.9884633013448,4.39023578756846,4.92126,,,1.168204105624,4.92126,3.3330406,133.300201116,160.082354204,26,5,7.066,1.168204105624,4.92126,4.3172942,133.300201116,-3.131716,1.11847,0,160.8, -9.1, 2.9,,,0,0,1525,1024,1024,1024,76,0,0,0,178.1,0,3.4,44,3.534,3.532,0,0,0,0,5.277,109.04,1.168204105624,4.92126,38,Tripod,
318700,2026-05-22 09:07:50,51.9884620150355,4.39023662988448,4.92126,,,1.168204105624,4.92126,3.3330406,133.80577856,160.588259732,26,5,7.066,1.168204105624,4.92126,4.3172942,133.80577856,-3.131716,1.11847,0,160.7, -8.9, 2.6,,,0,0,1526,1024,1024,1024,76,0,0,0,178,0,3.2,44,3.534,3.532,0,0,0,0,5.277,109.04,1.168204105624,4.92126,38,Tripod,
318800,2026-05-22 09:07:50,51.9884606485397,4.39023747936494,4.92126,,,1.168204105624,5.249344,3.4001488,134.339571228,161.1220524,27,5,7.066,1.168204105624,4.92126,4.3172942,134.339571228,-3.131716,1.342164,0,160.7, -8.4, 3.1,,,0,0,1498,1024,1024,1024,72,0,0,0,178.1,0,4.3,44,3.534,3.532,0,0,0,0,5.277,109.04,1.168204105624,4.92126,38,Tripod,
318900,2026-05-22 09:07:50,51.9884593913237,4.39023837946951,4.92126,,,1.168204105624,5.249344,3.4001488,134.839571244,161.623364752,27,5,7.066,1.168204105624,4.92126,4.3172942,134.839571244,-3.131716,1.342164,0,160.7, -7.6, 3.9,,,0,0,1496,1024,1024,1024,72,0,0,0,178.2,0,4.9,44,3.534,3.532,0,0,0,0,5.277,109.04,1.168204105624,4.92126,38,Tripod,
319000,2026-05-22 09:07:50,51.9884580027937,4.39023935927329,4.92126,,,1.168204105624,5.249344,3.1988242,135.39042428,162.175858208,27,5,7.066,1.168204105624,4.92126,4.3172942,135.39042428,-2.908022,1.342164,0,160.8, -6.6, 4.3,,,0,0,1496,1024,1024,1024,72,0,0,0,178.2,0,4.8,44,3.534,3.532,0,0,0,0,5.277,109.04,1.168204105624,4.92126,38,Tripod,
319100,2026-05-22 09:07:51,51.9884567753222,4.39024021742064,4.92126,,,1.168204105624,5.249344,3.1093466,135.876972852,162.663391032,27,5,7.066,1.168204105624,4.92126,4.3172942,135.876972852,-2.908022,1.11847,0,160.8, -6.2, 4,,,0,0,1496,1024,1024,1024,72,0,0,0,178.1,0,4.5,44,3.534,3.532,0,0,0,0,5.277,109.04,1.168204105624,4.92126,38,Tripod,
319200,2026-05-22 09:07:51,51.9884555917819,4.39024124030847,4.92126,,,1.168204105624,5.249344,3.1093466,136.360896752,163.152564276,27,5,7.069,1.168204105624,4.92126,4.3172942,136.360896752,-2.908022,1.11847,0,160.7, -6.5, 3.8,,,0,0,1496,1024,1024,1024,72,0,0,0,178.1,0,4.8,44,3.533,3.532,0,0,0,0,5.153,109.04,1.168204105624,4.92126,38,Tripod,
319300,2026-05-22 09:07:51,51.988454417631,4.3902420531042,4.92126,,,1.168204105624,5.249344,3.1093466,136.825463696,163.618115472,27,5,7.069,1.168204105624,4.92126,4.3172942,136.825463696,-2.908022,1.11847,0,160.8, -6.4, 4.4,,,0,0,1489,1024,1024,1024,70,0,0,0,178.2,0,5,44,3.533,3.532,0,0,0,0,5.153,109.04,1.168204105624,4.92126,38,Tripod,
319400,2026-05-22 09:07:51,51.9884532786389,4.39024315752758,4.92126,,,1.168204105624,5.249344,2.908022,137.300201244,164.102367456,27,5,7.069,1.168204105624,4.92126,4.3172942,137.300201244,-2.684328,1.11847,0,160.8, -6.3, 4.3,,,0,0,1483,1024,1024,1024,70,0,0,0,178.2,0,4.9,44,3.533,3.532,0,0,0,0,5.153,109.04,1.168204105624,4.92126,38,Tripod,
319500,2026-05-22 09:07:51,51.988452108326,4.39024390865344,4.92126,,,1.168204105624,5.249344,2.908022,137.75919076,164.561356972,27,5,7.069,1.168204105624,4.92126,4.3172942,137.75919076,-2.684328,0.894776,0,160.9, -6.1, 4.1,,,0,0,1483,1024,1024,1024,70,0,0,0,178.1,0,4.3,44,3.533,3.532,0,0,0,0,5.153,109.04,1.168204105624,4.92126,38,Tripod,
319600,2026-05-22 09:07:51,51.988450991745,4.39024470611865,4.92126,,,1.168204105624,5.249344,2.8185444,138.203088412,165.00656696,27,5,7.069,1.168204105624,4.92126,4.3172942,138.203088412,-2.684328,0.894776,0,160.8, -6.2, 3.5,,,0,0,1489,1024,1024,1024,70,0,0,0,178,0,4.2,44,3.533,3.532,0,0,0,0,5.153,109.04,1.168204105624,4.92126,38,Tripod,
319700,2026-05-22 09:07:51,51.9884498648837,4.3902454075664,4.92126,,,1.168204105624,5.249344,2.8185444,138.643049056,165.446855688,27,5,7.069,1.168204105624,4.92126,4.3172942,138.643049056,-2.684328,0.894776,0,160.7, -6.2, 4,,,0,0,1496,1024,1024,1024,72,0,0,0,178,0,4.9,44,3.533,3.532,0,0,0,0,5.153,109.04,1.168204105624,4.92126,38,Tripod,
319800,2026-05-22 09:07:51,51.9884487832215,4.39024615059575,4.92126,,,1.168204105624,5.249344,2.8185444,139.070870592,165.875333392,26,5,7.069,1.168204105624,4.92126,4.3172942,139.070870592,-2.684328,0.894776,0,160.6, -6.2, 4.1,,,0,0,1496,1024,1024,1024,72,0,0,0,178,0,4.8,44,3.533,3.532,0,0,0,0,5.153,109.04,1.168204105624,4.92126,38,Tripod,
319900,2026-05-22 09:07:51,51.9884477010796,4.39024684518511,4.92126,,,1.168204105624,5.249344,2.6172198,139.495411288,166.299874088,26,5,7.069,1.168204105624,4.92126,4.3172942,139.495411288,-2.460634,0.894776,0,160.7, -6.4, 4.3,,,0,0,1498,1024,1024,1024,72,0,0,0,178.2,0,5.2,44,3.533,3.532,0,0,0,0,5.153,109.04,1.168204105624,4.92126,38,Tripod,
320000,2026-05-22 09:07:51,51.9884467715663,4.39024763911678,4.92126,,,1.168204105624,5.249344,2.6172198,139.874676392,166.6830762,26,5,7.069,1.168204105624,4.92126,4.3172942,139.874676392,-2.460634,0.894776,0,160.7, -6.7, 4.6,,,0,0,1503,1024,1024,1024,73,0,0,0,178.2,0,5.3,44,3.533,3.532,0,0,0,0,5.153,109.04,1.168204105624,4.92126,38,Tripod,
320100,2026-05-22 09:07:51,51.9884457153651,4.39024833433216,4.92126,,,1.168204105624,5.249344,2.6172198,140.290030736,167.098758628,26,5,7.069,1.168204105624,4.92126,4.3172942,140.290030736,-2.460634,0.894776,0,160.8, -6.7, 4.8,,,0,0,1505,1024,1024,1024,73,0,0,0,178.3,0,5.5,44,3.533,3.532,0,0,0,0,5.153,109.04,1.168204105624,4.92126,38,Tripod,
320200,2026-05-22 09:07:52,51.9884445312081,4.39024912005603,4.92126,,,1.168204105624,5.249344,2.6172198,140.7562381,167.56562216,26,5,7.069,1.168204105624,4.92126,4.3172942,140.7562381,-2.460634,0.894776,0,160.8, -6.8, 4.8,,,0,0,1504,1024,1024,1024,73,0,0,0,178.3,0,5.4,44,3.533,3.532,0,0,0,0,5.153,109.04,1.168204105624,4.92126,38,Tripod,
320300,2026-05-22 09:07:52,51.9884434992342,4.39024977103271,4.92126,,,1.168204105624,5.249344,2.6172198,141.160109504,167.969493564,26,5,7.069,1.168204105624,4.92126,4.3172942,141.160109504,-2.460634,0.894776,0,160.8, -7.1, 4.6,,,0,0,1504,1024,1024,1024,73,0,0,0,178.3,0,5.3,44,3.533,3.532,0,0,0,0,5.153,109.04,1.168204105624,4.92126,38,Tripod,
320400,2026-05-22 09:07:52,51.9884421837973,4.3902501068295,4.92126,,,1.168204105624,5.249344,2.6172198,141.637471724,168.455385968,26,5,7.069,1.168204105624,4.92126,4.3172942,141.637471724,-2.460634,0.894776,0,160.8, -7.2, 4.6,,,0,0,1504,1024,1024,1024,73,0,0,0,178.3,0,5.2,44,3.533,3.532,0,0,0,0,5.153,109.04,1.168204105624,4.92126,38,Tripod,
320500,2026-05-22 09:07:52,51.9884411820476,4.39025068086144,4.92126,,,1.168204105624,5.249344,2.5501116,142.024938928,168.842853172,26,5,7.069,1.168204105624,4.92126,4.3172942,142.024938928,-2.460634,0.671082,0,160.8, -7.3, 4.4,,,0,0,1507,1024,1024,1024,73,0,0,0,178.1,0,4.4,44,3.533,3.532,0,0,0,0,5.153,109.04,1.168204105624,4.92126,38,Tripod,
320600,2026-05-22 09:07:52,51.9884401245099,4.39025105947795,4.92126,,,1.168204105624,5.249344,2.5501116,142.416999308,169.237866308,23,5,7.069,1.168204105624,4.92126,4.3172942,142.416999308,-2.460634,0.671082,0,160.7, -7.8, 3.7,,,0,0,1512,1024,1024,1024,74,0,0,0,178.1,0,3.9,44,3.533,3.532,0,0,0,0,5.153,109.04,1.168204105624,4.92126,38,Tripod,
320700,2026-05-22 09:07:52,51.9884391163179,4.39025159867539,4.92126,,,1.168204105624,5.249344,2.5501116,142.804138428,169.625333512,23,5,7.069,1.168204105624,4.92126,4.3172942,142.804138428,-2.460634,0.671082,0,160.8, -7.6, 3.3,,,0,0,1512,1024,1024,1024,74,0,0,0,178.2,0,4,44,3.533,3.532,0,0,0,0,5.153,109.04,1.168204105624,4.92126,38,Tripod,
320800,2026-05-22 09:07:52,51.9884381198796,4.39025200525411,4.92126,,,1.168204105624,5.249344,2.5501116,143.177169936,170.00000544,23,5,7.069,1.168204105624,4.92126,4.3172942,143.177169936,-2.460634,0.671082,0,160.8, -7.4, 3.4,,,0,0,1515,1024,1024,1024,74,0,0,0,178.1,0,3.9,44,3.533,3.532,0,0,0,0,5.153,109.04,1.168204105624,4.92126,38,Tripod,
320900,2026-05-22 09:07:52,51.9884371136408,4.39025254285172,4.92126,,,1.168204105624,5.249344,2.5501116,143.563652888,170.386488392,23,5,7.069,1.168204105624,4.92126,4.3172942,143.563652888,-2.460634,0.671082,0,160.7, -7.4, 3.3,,,0,0,1516,1024,1024,1024,75,0,0,0,178.1,0,4.1,44,3.533,3.532,0,0,0,0,5.153,109.04,1.168204105624,4.92126,38,Tripod,
321000,2026-05-22 09:07:52,51.9884362176757,4.39025283144665,4.92126,,,1.168204105624,5.249344,2.5501116,143.893377308,170.719821736,23,5,7.069,1.168204105624,4.92126,4.3172942,143.893377308,-2.460634,0.671082,0,160.8, -7, 3.5,,,0,0,1516,1024,1024,1024,75,0,0,0,178.2,0,4.3,44,3.533,3.532,0,0,0,0,5.153,109.04,1.168204105624,4.92126,38,Tripod,
321100,2026-05-22 09:07:52,51.9884352402561,4.39025337530446,4.92126,,,1.168204105624,5.249344,2.5501116,144.270345824,171.096790252,23,5,7.069,1.168204105624,4.92126,4.3172942,144.270345824,-2.460634,0.671082,0,160.8, -7.5, 3.6,,,0,0,1515,1024,1024,1024,74,0,0,0,178.2,0,4,44,3.533,3.532,0,0,0,0,5.153,109.04,1.168204105624,4.92126,38,Tripod,
321200,2026-05-22 09:07:53,51.988434486982,4.39025382674789,4.92126,,,1.168204105624,5.249344,2.5501116,144.563324836,171.389769264,24,5,7.054,1.168204105624,4.92126,4.3172942,144.563324836,-2.460634,0.671082,0,160.8, -7.3, 3.4,,,0,0,1515,1024,1024,1024,74,0,0,0,178.2,0,4,44,3.532,3.531,0,0,0,0,5.386,109.22,1.168204105624,4.92126,38,Tripod,
321300,2026-05-22 09:07:53,51.9884335163817,4.39025438457289,4.92126,,,1.168204105624,5.249344,2.5501116,144.938981016,171.765425444,24,5,7.054,1.168204105624,4.92126,4.3172942,144.938981016,-2.460634,0.671082,0,160.8, -7.1, 3.5,,,0,0,1515,1024,1024,1024,74,0,0,0,178.2,0,4.2,44,3.532,3.531,0,0,0,0,5.386,109.22,1.168204105624,4.92126,38,Tripod,
321400,2026-05-22 09:07:53,51.9884326808992,4.39025486706688,4.92126,,,1.168204105624,5.249344,2.5501116,145.26247184,172.088916268,24,5,7.054,1.168204105624,4.92126,4.3172942,145.26247184,-2.460634,0.671082,0,160.8, -7.2, 3.5,,,0,0,1514,1024,1024,1024,74,0,0,0,178.1,0,4.3,44,3.532,3.531,0,0,0,0,5.386,109.22,1.168204105624,4.92126,38,Tripod,
321500,2026-05-22 09:07:53,51.9884317028285,4.39025544514708,4.92126,,,1.168204105624,5.249344,2.4158952,145.642065028,172.468509456,24,5,7.054,1.168204105624,4.92126,4.3172942,145.642065028,-2.23694,0.894776,0,160.7, -7.2, 3.9,,,0,0,1513,1024,1024,1024,74,0,0,0,178.1,0,4.4,44,3.532,3.531,0,0,0,0,5.386,109.22,1.168204105624,4.92126,38,Tripod,
321600,2026-05-22 09:07:53,51.988430691004,4.39025589002427,4.92126,,,1.168204105624,5.249344,2.4158952,146.02362672,172.8510554,25,5,7.054,1.168204105624,4.92126,4.3172942,146.02362672,-2.23694,0.894776,0,160.7, -7.4, 3.7,,,0,0,1512,1024,1024,1024,74,0,0,0,178.2,0,4.5,44,3.532,3.531,0,0,0,0,5.386,109.22,1.168204105624,4.92126,38,Tripod,
321700,2026-05-22 09:07:53,51.9884297322946,4.39025646835488,4.92126,,,1.168204105624,5.249344,2.4158952,146.396658228,173.224414992,25,5,7.054,1.168204105624,4.92126,4.3172942,146.396658228,-2.23694,0.894776,0,160.8, -7.3, 3.9,,,0,0,1512,1024,1024,1024,74,0,0,0,178.2,0,4.6,44,3.532,3.531,0,0,0,0,5.386,109.22,1.168204105624,4.92126,38,Tripod,
321800,2026-05-22 09:07:53,51.9884288176193,4.3902570195858,4.92126,,,1.168204105624,5.249344,2.4158952,146.752629368,173.580058048,25,5,7.054,1.168204105624,4.92126,4.3172942,146.752629368,-2.23694,0.894776,0,160.8, -7.3, 4.1,,,0,0,1513,1024,1024,1024,74,0,0,0,178.3,0,5.3,44,3.532,3.531,0,0,0,0,5.386,109.22,1.168204105624,4.92126,38,Tripod,
321900,2026-05-22 09:07:53,51.9884278616514,4.39025764425575,4.92126,,,1.168204105624,5.249344,2.4158952,147.128285548,173.956042312,25,5,7.054,1.168204105624,4.92126,4.3172942,147.128285548,-2.23694,0.894776,0,160.7, -7.3, 4.9,,,0,0,1512,1024,1024,1024,74,0,0,0,178.3,0,5.6,44,3.532,3.531,0,0,0,0,5.386,109.22,1.168204105624,4.92126,38,Tripod,
322000,2026-05-22 09:07:53,51.9884268234407,4.39025798131849,4.92126,,,1.168204105624,5.249344,2.4158952,147.510503408,174.342525264,24,5,7.054,1.168204105624,4.92126,4.3172942,147.510503408,-2.23694,0.894776,0,160.7, -7.2, 5,,,0,0,1512,1024,1024,1024,74,0,0,0,178.2,0,5.3,44,3.532,3.531,0,0,0,0,5.386,109.22,1.168204105624,4.92126,38,Tripod,
322100,2026-05-22 09:07:53,51.9884258738123,4.390258560609,4.92126,,,1.168204105624,5.249344,2.4158952,147.88058216,174.712604016,24,5,7.054,1.168204105624,4.92126,4.3172942,147.88058216,-2.23694,0.894776,0,160.7, -7.1, 4.6,,,0,0,1512,1024,1024,1024,74,0,0,0,178.2,0,4.9,44,3.532,3.531,0,0,0,0,5.386,109.22,1.168204105624,4.92126,38,Tripod,
322200,2026-05-22 09:07:54,51.9884248220659,4.39025907711671,4.92126,,,1.168204105624,5.249344,2.3264176,148.28084464,175.113522664,24,5,7.058,1.168204105624,4.92126,4.3172942,148.28084464,-2.23694,0.671082,0,160.8, -7.1, 4.2,,,0,0,1512,1024,1024,1024,74,0,0,0,178.1,0,4.8,44,3.53,3.529,0,0,0,0,5.237,109.4,1.168204105624,4.92126,38,Tripod,
322300,2026-05-22 09:07:54,51.9884238896399,4.39025959950901,4.92126,,,1.168204105624,5.249344,2.3264176,148.640752788,175.473430812,24,5,7.058,1.168204105624,4.92126,4.3172942,148.640752788,-2.23694,0.671082,0,160.6, -7.3, 3.9,,,0,0,1512,1024,1024,1024,74,0,0,0,178.2,0,4.3,44,3.53,3.529,0,0,0,0,5.237,109.4,1.168204105624,4.92126,38,Tripod,
322400,2026-05-22 09:07:54,51.9884228705507,4.39026006199821,4.92126,,,1.168204105624,5.249344,2.4158952,149.025923404,175.859257596,24,5,7.058,1.168204105624,4.92126,4.3172942,149.025923404,-2.23694,0.894776,0,160.8, -7, 4.3,,,0,0,1511,1024,1024,1024,74,0,0,0,178.3,0,5.4,44,3.53,3.529,0,0,0,0,5.237,109.4,1.168204105624,4.92126,38,Tripod,
322500,2026-05-22 09:07:54,51.9884219068039,4.39026064194256,4.92126,,,1.168204105624,5.577428,2.3264176,149.400923416,176.234257608,24,5,7.058,1.168204105624,4.92126,4.3172942,149.400923416,-2.23694,0.671082,0,160.8, -6.8, 4.7,,,0,0,1511,1024,1024,1024,74,0,0,0,178.3,0,5.2,44,3.53,3.529,0,0,0,0,5.237,109.4,1.168204105624,4.92126,38,Tripod,
322600,2026-05-22 09:07:54,51.9884209932937,4.39026068000453,4.92126,,,1.168204105624,5.577428,2.3264176,149.71785256,176.567919036,27,5,7.058,1.168204105624,4.92126,4.3172942,149.71785256,-2.23694,0.671082,0,160.8, -6.9, 4.5,,,0,0,1510,1024,1024,1024,74,0,0,0,178.3,0,4.9,44,3.53,3.529,0,0,0,0,5.237,109.4,1.168204105624,4.92126,38,Tripod,
322700,2026-05-22 09:07:54,51.9884200205345,4.39026120210469,4.92126,,,1.168204105624,5.249344,2.3264176,150.091540236,176.941606712,27,5,7.058,1.168204105624,4.92126,4.3172942,150.091540236,-2.23694,0.671082,0,160.8, -7.3, 4.1,,,0,0,1511,1024,1024,1024,74,0,0,0,178,0,3.6,44,3.53,3.529,0,0,0,0,5.237,109.4,1.168204105624,4.92126,38,Tripod,
322800,2026-05-22 09:07:54,51.9884189682398,4.39026175788469,4.92126,,,1.168204105624,5.249344,2.3264176,150.495083556,177.345478116,27,5,7.058,1.168204105624,4.92126,4.3172942,150.495083556,-2.23694,0.671082,0,160.7, -7.6, 2.6,,,0,0,1513,1024,1024,1024,74,0,0,0,178,0,3.4,44,3.53,3.529,0,0,0,0,5.237,109.4,1.168204105624,4.92126,38,Tripod,
322900,2026-05-22 09:07:54,51.9884179689231,4.39026231804682,4.92126,,,1.168204105624,5.249344,2.5501116,150.88091034,177.730976816,27,5,7.058,1.168204105624,4.92126,4.3172942,150.88091034,-2.460634,0.671082,0,160.8, -6.4, 3.3,,,0,0,1515,1024,1024,1024,74,0,0,0,178.2,0,4.6,44,3.53,3.529,0,0,0,0,5.237,109.4,1.168204105624,4.92126,38,Tripod,
323000,2026-05-22 09:07:54,51.9884168197877,4.3902627932929,4.92126,,,1.168204105624,5.577428,2.6172198,151.311684632,178.163719612,26,5,7.058,1.168204105624,4.92126,4.3172942,151.311684632,-2.460634,0.894776,0,160.9, -5.2, 4,,,0,0,1515,1024,1024,1024,74,0,0,0,178.1,0,4.7,44,3.53,3.529,0,0,0,0,5.237,109.4,1.168204105624,4.92126,38,Tripod,
323100,2026-05-22 09:07:54,51.9884158278386,4.3902633746284,4.92126,,,1.168204105624,5.577428,2.5501116,151.696527164,178.548562144,26,5,7.058,1.168204105624,4.92126,4.3172942,151.696527164,-2.460634,0.671082,0,160.9, -4.2, 4,,,0,0,1516,1024,1024,1024,75,0,0,0,178,0,4.7,44,3.53,3.529,0,0,0,0,5.237,109.4,1.168204105624,4.92126,38,Tripod,
323200,2026-05-22 09:07:55,51.9884147601234,4.39026377633808,4.92126,,,1.168204105624,5.577428,2.3264176,152.093836888,178.948168456,26,5,7.054,1.168204105624,4.92126,4.3172942,152.093836888,-2.23694,0.671082,0,160.8, -3.8, 4,,,0,0,1517,1024,1024,1024,75,0,0,0,178,0,4.1,43,3.527,3.526,0,0,0,0,5.314,109.4,1.168204105624,4.92126,38,Tripod,
323300,2026-05-22 09:07:55,51.988413829308,4.39026429810436,4.92126,,,1.168204105624,5.577428,2.3264176,152.453088868,179.30774852,26,5,7.054,1.168204105624,4.92126,4.3172942,152.453088868,-2.23694,0.671082,0,160.8, -4.9, 3.5,,,0,0,1517,1024,1024,1024,75,0,0,0,178.2,0,4.4,43,3.527,3.526,0,0,0,0,5.314,109.4,1.168204105624,4.92126,38,Tripod,
323400,2026-05-22 09:07:55,51.9884129818317,4.39026476230467,4.92126,,,1.168204105624,5.577428,2.3264176,152.779532448,179.633864016,26,5,7.054,1.168204105624,4.92126,4.3172942,152.779532448,-2.23694,0.671082,0,161, -5.8, 3.8,,,0,0,1517,1024,1024,1024,75,0,0,0,178.3,0,4,43,3.527,3.526,0,0,0,0,5.314,109.4,1.168204105624,4.92126,38,Tripod,
323500,2026-05-22 09:07:55,51.9884120547172,4.39026523081757,4.92126,,,1.168204105624,5.577428,2.3264176,153.133535084,179.988194736,26,5,7.054,1.168204105624,4.92126,4.3172942,153.133535084,-2.23694,0.671082,0,160.9, -6, 3.2,,,0,0,1517,1024,1024,1024,75,0,0,0,178.1,0,3,43,3.527,3.526,0,0,0,0,5.314,109.4,1.168204105624,4.92126,38,Tripod,
323600,2026-05-22 09:07:55,51.98841106736,4.39026586443264,4.92126,,,1.168204105624,5.577428,2.3264176,153.520674204,180.37566194,26,5,7.054,1.168204105624,4.92126,4.3172942,153.520674204,-2.23694,0.671082,0,160.9, -6.7, 2.1,,,0,0,1516,1024,1024,1024,75,0,0,0,178,0,2.4,43,3.527,3.526,0,0,0,0,5.314,109.4,1.168204105624,4.92126,38,Tripod,
323700,2026-05-22 09:07:55,51.9884101504572,4.39026634507641,4.92126,,,1.168204105624,5.577428,2.125093,153.872052168,180.727039904,26,5,7.054,1.168204105624,4.92126,4.3172942,153.872052168,-2.013246,0.671082,0,160.9, -6.4, 1.9,,,0,0,1515,1024,1024,1024,74,0,0,0,178,0,3,43,3.527,3.526,0,0,0,0,5.314,109.4,1.168204105624,4.92126,38,Tripod,
323800,2026-05-22 09:07:55,51.9884089961817,4.39026712509654,4.92126,,,1.168204105624,5.577428,2.3264176,154.32743276,181.183076664,27,5,7.054,1.168204105624,4.92126,4.3172942,154.32743276,-2.23694,0.671082,0,160.8, -6.3, 2.4,,,0,0,1515,1024,1024,1024,74,0,0,0,177.9,0,2.6,43,3.527,3.526,0,0,0,0,5.314,109.4,1.168204105624,4.92126,38,Tripod,
323900,2026-05-22 09:07:55,51.9884080811294,4.39026766939952,4.92126,,,1.168204105624,5.577428,2.3264176,154.683075816,181.53871972,27,5,7.054,1.168204105624,4.92126,4.3172942,154.683075816,-2.23694,0.671082,0,160.7, -6.3, 2.2,,,0,0,1515,1024,1024,1024,74,0,0,0,178.1,0,3.6,43,3.527,3.526,0,0,0,0,5.314,109.4,1.168204105624,4.92126,38,Tripod,
324000,2026-05-22 09:07:55,51.9884069971028,4.39026818607417,4.92126,,,1.168204105624,5.577428,2.4158952,155.094493152,181.950793224,27,5,7.054,1.168204105624,4.92126,4.3172942,155.094493152,-2.23694,0.894776,0,160.8, -6, 3.6,,,0,0,1515,1024,1024,1024,74,0,0,0,178.2,0,4.7,43,3.527,3.526,0,0,0,0,5.314,109.4,1.168204105624,4.92126,38,Tripod,
324100,2026-05-22 09:07:55,51.9884060790349,4.39026879236698,4.92126,,,1.168204105624,5.577428,2.4158952,155.455713636,182.312669876,27,5,7.054,1.168204105624,4.92126,4.3172942,155.455713636,-2.23694,0.894776,0,161, -5.7, 4.1,,,0,0,1515,1024,1024,1024,74,0,0,0,178.4,0,4.4,43,3.527,3.526,0,0,0,0,5.314,109.4,1.168204105624,4.92126,38,Tripod,
324200,2026-05-22 09:07:56,51.9884050762229,4.39026940088563,4.92126,,,1.168204105624,5.577428,2.3264176,155.846133596,182.703089836,28,5,7.05,1.168204105624,4.92126,4.3172942,155.846133596,-2.23694,0.671082,0,161.1, -5.6, 3.5,,,0,0,1514,1024,1024,1024,74,0,0,0,178.3,0,3.4,43,3.527,3.527,0,0,0,0,5.398,109.4,1.168204105624,4.92126,38,Tripod,
324300,2026-05-22 09:07:56,51.9884041349216,4.39026986653275,4.92126,,,1.168204105624,5.577428,2.3264176,156.205057492,183.062013732,28,5,7.05,1.168204105624,4.92126,4.3172942,156.205057492,-2.23694,0.671082,0,161.1, -5.6, 2.3,,,0,0,1514,1024,1024,1024,74,0,0,0,178,0,1.5,43,3.527,3.527,0,0,0,0,5.398,109.4,1.168204105624,4.92126,38,Tripod,
324400,2026-05-22 09:07:56,51.988403128717,4.39027054257802,4.92126,,,1.168204105624,5.577428,2.2816788,156.601711048,183.459323456,28,5,7.05,1.168204105624,4.92126,4.3172942,156.601711048,-2.23694,0.447388,0,161, -5.6, 0.3,,,0,0,1514,1024,1024,1024,74,0,0,0,177.9,0,0.4,43,3.527,3.527,0,0,0,0,5.398,109.4,1.168204105624,4.92126,38,Tripod,
324500,2026-05-22 09:07:56,51.9884021897801,4.39027098975062,4.92126,,,1.168204105624,5.577428,2.3264176,156.958010272,183.816278848,28,5,7.05,1.168204105624,4.92126,4.3172942,156.958010272,-2.23694,0.671082,0,161, -5.7, 0,,,0,0,1513,1024,1024,1024,74,0,0,0,178,0,0.7,43,3.527,3.527,0,0,0,0,5.398,109.4,1.168204105624,4.92126,38,Tripod,
324600,2026-05-22 09:07:56,51.9884012511859,4.39027154955105,4.92126,,,1.168204105624,5.577428,2.3264176,157.32283968,184.181108256,27,5,7.05,1.168204105624,4.92126,4.3172942,157.32283968,-2.23694,0.671082,0,161, -5.9, 0.2,,,0,0,1513,1024,1024,1024,74,0,0,0,178,0,1,43,3.527,3.527,0,0,0,0,5.398,109.4,1.168204105624,4.92126,38,Tripod,
324700,2026-05-22 09:07:56,51.9884003096447,4.39027204853022,4.92126,,,1.168204105624,5.577428,2.3264176,157.684060164,184.542656824,27,5,7.05,1.168204105624,4.92126,4.3172942,157.684060164,-2.23694,0.671082,0,160.9, -5.7, 0.4,,,0,0,1513,1024,1024,1024,74,0,0,0,177.9,0,1,43,3.527,3.527,0,0,0,0,5.398,109.4,1.168204105624,4.92126,38,Tripod,
324800,2026-05-22 09:07:56,51.9883993408605,4.39027248571433,4.92126,,,1.168204105624,5.577428,2.3264176,158.050201908,184.909454736,27,5,7.05,1.168204105624,4.92126,4.3172942,158.050201908,-2.23694,0.671082,0,160.9, -5.3, 0.3,,,0,0,1513,1024,1024,1024,74,0,0,0,177.9,0,1.7,43,3.527,3.527,0,0,0,0,5.398,109.4,1.168204105624,4.92126,38,Tripod,
324900,2026-05-22 09:07:56,51.9883984154937,4.39027310708724,4.92126,,,1.168204105624,5.577428,2.4158952,158.415031316,185.274940312,27,5,7.05,1.168204105624,4.92126,4.3172942,158.415031316,-2.23694,0.894776,0,160.9, -5.2, 1.5,,,0,0,1513,1024,1024,1024,74,0,0,0,178.1,0,3.2,43,3.527,3.527,0,0,0,0,5.398,109.4,1.168204105624,4.92126,38,Tripod,
325000,2026-05-22 09:07:56,51.9883973987689,4.3902737402015,4.92126,,,1.168204105624,5.577428,2.4158952,158.812012956,185.671921952,27,5,7.05,1.168204105624,4.92126,4.3172942,158.812012956,-2.23694,0.894776,0,160.9, -5.5, 3.2,,,0,0,1513,1024,1024,1024,74,0,0,0,178.2,0,4,43,3.527,3.527,0,0,0,0,5.398,109.4,1.168204105624,4.92126,38,Tripod,
325100,2026-05-22 09:07:56,51.9883965178131,4.39027438959226,4.92126,,,1.168204105624,5.577428,2.1922012,159.163719004,186.024940336,27,5,7.05,1.168204105624,4.92126,4.3172942,159.163719004,-2.013246,0.894776,0,160.9, -5.8, 3.1,,,0,0,1511,1024,1024,1024,74,0,0,0,178.2,0,3.2,43,3.527,3.527,0,0,0,0,5.398,109.4,1.168204105624,4.92126,38,Tripod,
325200,2026-05-22 09:07:57,51.9883954729888,4.39027490640603,4.92126,,,1.168204105624,5.577428,2.1922012,159.56201298,186.423562396,28,5,7.052,1.168204105624,4.92126,4.3172942,159.56201298,-2.013246,0.894776,0,160.9, -6.6, 2.6,,,0,0,1511,1024,1024,1024,74,0,0,0,178.2,0,3.3,43,3.526,3.526,0,0,0,0,5.178,109.4,1.168204105624,4.92126,38,Tripod,
325300,2026-05-22 09:07:57,51.9883945779489,4.39027546940612,4.92126,,,1.168204105624,5.577428,2.3264176,159.912078608,186.773628024,28,5,7.052,1.168204105624,4.92126,4.3172942,159.912078608,-2.23694,0.671082,0,161, -6.3, 2.4,,,0,0,1511,1024,1024,1024,74,0,0,0,178.1,0,2.4,43,3.526,3.526,0,0,0,0,5.178,109.4,1.168204105624,4.92126,38,Tripod,
325400,2026-05-22 09:07:57,51.9883935147228,4.39027592520387,4.92126,,,1.168204105624,5.577428,2.3264176,160.31168492,187.174874756,28,5,7.052,1.168204105624,4.92126,4.3172942,160.31168492,-2.23694,0.671082,0,161, -5.8, 1.3,,,0,0,1511,1024,1024,1024,74,0,0,0,178,0,1.3,43,3.526,3.526,0,0,0,0,5.178,109.4,1.168204105624,4.92126,38,Tripod,
325500,2026-05-22 09:07:57,51.9883925799666,4.39027642668712,4.92126,,,1.168204105624,5.577428,2.3264176,160.6709369,187.534126736,28,5,7.052,1.168204105624,4.92126,4.3172942,160.6709369,-2.23694,0.671082,0,161, -5.8, 0.9,,,0,0,1510,1024,1024,1024,74,0,0,0,178.1,0,2.2,43,3.526,3.526,0,0,0,0,5.178,109.4,1.168204105624,4.92126,38,Tripod,
325600,2026-05-22 09:07:57,51.9883915581017,4.39027693871532,4.92126,,,1.168204105624,5.577428,2.3264176,161.060700692,187.924218612,28,5,7.052,1.168204105624,4.92126,4.3172942,161.060700692,-2.23694,0.671082,0,161, -6, 1.5,,,0,0,1509,1024,1024,1024,73,0,0,0,178,0,1.7,43,3.526,3.526,0,0,0,0,5.178,109.4,1.168204105624,4.92126,38,Tripod,
325700,2026-05-22 09:07:57,51.9883906285884,4.3902774208337,4.92126,,,1.168204105624,5.577428,2.3264176,161.416671832,188.280189752,28,5,7.052,1.168204105624,4.92126,4.3172942,161.416671832,-2.23694,0.671082,0,160.9, -6.2, 1,,,0,0,1508,1024,1024,1024,73,0,0,0,178,0,1.6,43,3.526,3.526,0,0,0,0,5.178,109.4,1.168204105624,4.92126,38,Tripod,
325800,2026-05-22 09:07:57,51.9883897741558,4.39027791895036,4.92126,,,1.168204105624,5.577428,2.3264176,161.748036672,188.611554592,28,5,7.052,1.168204105624,4.92126,4.3172942,161.748036672,-2.23694,0.671082,0,160.9, -6.1, 1.1,,,0,0,1506,1024,1024,1024,73,0,0,0,178.1,0,1.9,43,3.526,3.526,0,0,0,0,5.178,109.4,1.168204105624,4.92126,38,Tripod,
325900,2026-05-22 09:07:57,51.9883888718512,4.39027844291466,4.92126,,,1.168204105624,5.577428,2.125093,162.097446132,188.961292136,28,5,7.052,1.168204105624,4.92126,4.3172942,162.097446132,-2.013246,0.671082,0,160.9, -6.4, 1.3,,,0,0,1498,1024,1024,1024,72,0,0,0,178.1,0,2.1,43,3.526,3.526,0,0,0,0,5.178,109.4,1.168204105624,4.92126,38,Tripod,
326000,2026-05-22 09:07:57,51.9883881514741,4.39027892258462,4.92126,,,1.168204105624,5.577428,2.125093,162.381238792,189.245084796,28,5,7.052,1.168204105624,4.92126,4.3172942,162.381238792,-2.013246,0.671082,0,160.8, -7.1, 1.7,,,0,0,1499,1024,1024,1024,72,0,0,0,178.1,0,3,43,3.526,3.526,0,0,0,0,5.178,109.4,1.168204105624,4.92126,38,Tripod,
326100,2026-05-22 09:07:57,51.9883873056085,4.39027952297893,4.92126,,,1.168204105624,5.577428,2.125093,162.717196808,189.582027064,28,5,7.052,1.168204105624,4.92126,4.3172942,162.717196808,-2.013246,0.671082,0,160.8, -7.5, 2.6,,,0,0,1498,1024,1024,1024,72,0,0,0,178.2,0,3.3,43,3.526,3.526,0,0,0,0,5.178,109.4,1.168204105624,4.92126,38,Tripod,
326200,2026-05-22 09:07:58,51.9883865691941,4.39027995668515,4.92126,,,1.168204105624,5.577428,2.1922012,163.002957972,189.867788228,28,5,7.053,1.168204105624,4.92126,4.3172942,163.002957972,-2.013246,0.894776,0,160.8, -7.8, 2.8,,,0,0,1498,1024,1024,1024,72,0,0,0,178.2,0,4,43,3.528,3.525,0,0,0,0,5.066,109.58,1.168204105624,4.92126,38,Tripod,
326300,2026-05-22 09:07:58,51.988385757048,4.39028058356704,4.92126,,,1.168204105624,5.577428,2.1922012,163.329073468,190.195872228,28,5,7.053,1.168204105624,4.92126,4.3172942,163.329073468,-2.013246,0.894776,0,160.8, -8, 3.5,,,0,0,1498,1024,1024,1024,72,0,0,0,178.3,0,4.3,43,3.528,3.525,0,0,0,0,5.066,109.58,1.168204105624,4.92126,38,Tripod,
326400,2026-05-22 09:07:58,51.9883850095308,4.39028100706218,4.92126,,,1.168204105624,5.905512,2.1922012,163.618115472,190.484914232,28,5,7.053,1.168204105624,4.92126,4.3172942,163.618115472,-2.013246,0.894776,0,160.7, -8.1, 3.8,,,0,0,1498,1024,1024,1024,72,0,0,0,178.3,0,4.7,43,3.528,3.525,0,0,0,0,5.066,109.58,1.168204105624,4.92126,38,Tripod,
326500,2026-05-22 09:07:58,51.9883841929299,4.3902816367542,4.92126,,,1.168204105624,5.905512,2.1922012,163.946199472,190.814638652,28,5,7.053,1.168204105624,4.92126,4.3172942,163.946199472,-2.013246,0.894776,0,160.8, -8, 4.3,,,0,0,1498,1024,1024,1024,72,0,0,0,178.4,0,4.7,43,3.528,3.525,0,0,0,0,5.066,109.58,1.168204105624,4.92126,38,Tripod,
326600,2026-05-22 09:07:58,51.9883833970609,4.39028187024552,4.92126,,,1.168204105624,5.905512,2.125093,164.237538064,191.109586168,28,5,7.053,1.168204105624,4.92126,4.3172942,164.237538064,-2.013246,0.671082,0,160.8, -8.2, 3.9,,,0,0,1495,1024,1024,1024,71,0,0,0,178.3,0,4.3,43,3.528,3.525,0,0,0,0,5.066,109.58,1.168204105624,4.92126,38,Tripod,
326700,2026-05-22 09:07:58,51.988382567918,4.39028242448133,4.92126,,,1.168204105624,5.905512,2.125093,164.563981644,191.436685916,28,5,7.053,1.168204105624,4.92126,4.3172942,164.563981644,-2.013246,0.671082,0,160.7, -9.1, 3.5,,,0,0,1496,1024,1024,1024,72,0,0,0,178.2,0,4.2,43,3.528,3.525,0,0,0,0,5.066,109.58,1.168204105624,4.92126,38,Tripod,
326800,2026-05-22 09:07:58,51.9883817763667,4.3902827475908,4.92126,,,1.168204105624,5.905512,2.125093,164.86056958,191.734586188,28,5,7.053,1.168204105624,4.92126,4.3172942,164.86056958,-2.013246,0.671082,0,160.7, -9.1, 3.7,,,0,0,1496,1024,1024,1024,72,0,0,0,178.4,0,4.5,43,3.528,3.525,0,0,0,0,5.066,109.58,1.168204105624,4.92126,38,Tripod,
326900,2026-05-22 09:07:58,51.9883809381771,4.3902832809593,4.92126,,,1.168204105624,5.905512,2.125093,165.188981664,192.062998272,28,5,7.053,1.168204105624,4.92126,4.3172942,165.188981664,-2.013246,0.671082,0,160.7, -9.1, 3.9,,,0,0,1495,1024,1024,1024,71,0,0,0,178.3,0,4.3,43,3.528,3.525,0,0,0,0,5.066,109.58,1.168204105624,4.92126,38,Tripod,
327000,2026-05-22 09:07:58,51.9883801496072,4.39028357496582,4.92126,,,1.168204105624,5.577428,2.125093,165.48228876,192.358273872,27,5,7.053,1.168204105624,4.92126,4.3172942,165.48228876,-2.013246,0.671082,0,160.7, -9.3, 3.5,,,0,0,1495,1024,1024,1024,71,0,0,0,178.2,0,3.6,43,3.528,3.525,0,0,0,0,5.066,109.58,1.168204105624,4.92126,38,Tripod,
327100,2026-05-22 09:07:58,51.9883792766014,4.39028403855403,4.92126,,,1.168204105624,5.905512,2.125093,165.817262524,192.693247636,27,5,7.053,1.168204105624,4.92126,4.3172942,165.817262524,-2.013246,0.671082,0,160.8, -8.6, 2.8,,,0,0,1496,1024,1024,1024,72,0,0,0,178,0,3.3,43,3.528,3.525,0,0,0,0,5.066,109.58,1.168204105624,4.92126,38,Tripod,
327200,2026-05-22 09:07:59,51.9883783889634,4.3902842654791,4.92126,,,1.168204105624,5.577428,2.125093,166.139441012,193.021331636,27,5,7.043,1.168204105624,4.92126,4.3172942,166.139441012,-2.013246,0.671082,0,160.6, -9, 2.5,,,0,0,1495,1024,1024,1024,71,0,0,0,178.1,0,3.2,43,3.522,3.521,0,0,0,0,5.299,109.58,1.168204105624,4.92126,38,Tripod,
327300,2026-05-22 09:07:59,51.9883775151353,4.39028477060717,4.92126,,,1.168204105624,5.577428,2.125093,166.4780237,193.35958624,27,5,7.043,1.168204105624,4.92126,4.3172942,166.4780237,-2.013246,0.671082,0,160.7, -8.7, 2.7,,,0,0,1495,1024,1024,1024,71,0,0,0,178.2,0,3.5,43,3.522,3.521,0,0,0,0,5.299,109.58,1.168204105624,4.92126,38,Tripod,
327400,2026-05-22 09:07:59,51.9883767914,4.3902852825519,4.92126,,,1.168204105624,5.577428,2.125093,166.7650972,193.647643992,27,5,7.043,1.168204105624,4.92126,4.3172942,166.7650972,-2.013246,0.671082,0,160.7, -8.2, 3.2,,,0,0,1495,1024,1024,1024,71,0,0,0,178.3,0,4,43,3.522,3.521,0,0,0,0,5.299,109.58,1.168204105624,4.92126,38,Tripod,
327500,2026-05-22 09:07:59,51.9883759386465,4.39028585414932,4.92126,,,1.168204105624,5.577428,2.1922012,167.1013833,193.984258176,27,5,7.043,1.168204105624,4.92126,4.3172942,167.1013833,-2.013246,0.894776,0,160.7, -8.4, 3.6,,,0,0,1494,1024,1024,1024,71,0,0,0,178.4,0,5,43,3.522,3.521,0,0,0,0,5.299,109.58,1.168204105624,4.92126,38,Tripod,
327600,2026-05-22 09:07:59,51.9883751297215,4.39028620911622,4.92126,,,1.168204105624,5.577428,2.1922012,167.406173336,194.290032464,28,5,7.043,1.168204105624,4.92126,4.3172942,167.406173336,-2.013246,0.894776,0,160.8, -8.3, 4.5,,,0,0,1494,1024,1024,1569,71,0,0,83,178.6,0,5,43,3.522,3.521,0,0,0,0,5.299,109.58,1.168204105624,4.92126,38,Tripod,
327700,2026-05-22 09:07:59,51.9883742805319,4.39028680288864,4.92126,,,1.168204105624,5.577428,2.1922012,167.74278752,194.627302816,28,5,7.043,1.168204105624,4.92126,4.3172942,167.74278752,-2.013246,0.894776,0,161.7, -8.2, 4.5,,,0,0,1492,1024,1024,1024,71,0,0,0,181.3,0,5.9,43,3.522,3.521,0,0,0,0,5.299,109.58,1.168204105624,4.92126,38,Tripod,
327800,2026-05-22 09:07:59,51.9883733339533,4.39028751443617,4.92126,,,1.168204105624,5.577428,2.125093,168.12172454,195.007880256,28,5,7.043,1.168204105624,4.92126,4.3172942,168.12172454,-2.013246,0.671082,0,163.5, -8.2, 5.4,,,0,0,1492,1024,1024,1024,71,0,0,0,181.2,0,6.1,43,3.522,3.521,0,0,0,0,5.299,109.58,1.168204105624,4.92126,38,Tripod,
327900,2026-05-22 09:07:59,51.9883724670815,4.39028803177857,4.92126,,,1.168204105624,5.577428,2.125093,168.458666808,195.344822524,28,5,7.043,1.168204105624,4.92126,4.3172942,168.458666808,-2.013246,0.671082,0,163.3, -8.4, 5.2,,,0,0,1491,1024,1024,1024,71,0,0,0,180.9,0,5,43,3.522,3.521,0,0,0,0,5.299,109.58,1.168204105624,4.92126,38,Tripod,
328000,2026-05-22 09:07:59,51.9883712801831,4.39028862513365,4.92126,,,1.168204105624,5.577428,2.125093,168.911422728,195.797906528,28,5,7.043,1.168204105624,4.92126,4.3172942,168.911422728,-2.013246,0.671082,0,163.2, -8, 4.2,,,0,0,1489,1024,1024,1355,70,0,0,50,181,0,4.9,43,3.522,3.521,0,0,0,0,5.299,109.58,1.168204105624,4.92126,38,Tripod,
328100,2026-05-22 09:07:59,51.9883703965886,4.39028904515091,4.92126,,,1.168204105624,5.577428,2.0579848,169.246724576,196.133864544,28,5,7.043,1.168204105624,4.92126,4.3172942,169.246724576,-2.013246,0.447388,0,163.3, -8.5, 4.1,,,0,0,1486,1024,1024,1024,70,0,0,0,181.3,0,4.3,43,3.522,3.521,0,0,0,0,5.299,109.58,1.168204105624,4.92126,38,Tripod,
328200,2026-05-22 09:08:00,51.9883694584399,4.39028942131899,4.92126,,,1.168204105624,5.577428,2.0579848,169.597774456,196.48622676,27,5,7.041,1.168204105624,4.92126,4.3172942,169.597774456,-2.013246,0.447388,0,163.9, -8.7, 3.2,,,0,0,1486,1024,1024,1024,70,0,0,0,181.4,0,3.4,43,3.521,3.52,0,0,0,0,5.255,109.58,1.168204105624,4.92126,38,Tripod,
328300,2026-05-22 09:08:00,51.9883686076397,4.39028972592611,4.92126,,,1.168204105624,5.577428,2.2816788,169.91306318,196.804140156,27,5,7.041,1.168204105624,4.92126,4.3172942,169.91306318,-2.23694,0.447388,0,163.9, -8.1, 2.3,,,0,0,1529,1024,1024,1024,77,0,0,0,181.2,0,2,43,3.521,3.52,0,0,0,0,5.255,109.58,1.168204105624,4.92126,38,Tripod,
328400,2026-05-22 09:08:00,51.9883674408906,4.39028996776435,4.92126,,,1.168204105624,5.905512,2.0579848,170.332682616,197.233274028,27,5,7.041,1.168204105624,4.92126,4.3172942,170.332682616,-2.013246,0.447388,0,163.9, -8.5, 1.1,,,0,0,1684,1024,1024,1024,100,0,0,0,181.2,0,1.6,43,3.521,3.52,0,0,0,0,5.255,109.58,1.168204105624,4.92126,38,Tripod,
328500,2026-05-22 09:08:00,51.9883665523959,4.39029033686537,4.92126,,,1.168204105624,5.905512,2.0579848,170.66601596,197.567919708,27,5,7.041,1.168204105624,4.92126,4.3172942,170.66601596,-2.013246,0.447388,0,163.9, -10.7, 1.3,,,0,0,1684,1024,1024,1024,100,0,0,0,181.4,0,2.4,43,3.521,3.52,0,0,0,0,5.255,109.58,1.168204105624,4.92126,38,Tripod,
328600,2026-05-22 09:08:00,51.9883655271385,4.39029072304976,4.92126,,,1.168204105624,5.905512,2.3264176,171.047577652,197.952106072,27,5,7.041,1.168204105624,4.92126,4.3172942,171.047577652,-2.23694,0.671082,0,163.8, -11.3, 1.8,,,0,0,1684,1024,1024,1024,100,0,0,0,181.3,0,2.2,43,3.521,3.52,0,0,0,0,5.255,109.58,1.168204105624,4.92126,38,Tripod,
328700,2026-05-22 09:08:00,51.9883645772016,4.39029119748897,4.92126,,,1.168204105624,5.905512,2.3264176,171.410110472,198.314638892,27,5,7.041,1.168204105624,4.92126,4.3172942,171.410110472,-2.23694,0.671082,0,163.8, -11.1, 1.7,,,0,0,1684,1024,1024,1024,100,0,0,0,181.4,0,2.9,43,3.521,3.52,0,0,0,0,5.255,109.58,1.168204105624,4.92126,38,Tripod,
328800,2026-05-22 09:08:00,51.9883635797696,4.39029173494747,4.92126,,,1.168204105624,5.577428,2.5501116,171.793312584,198.698169088,27,5,7.041,1.168204105624,4.92126,4.3172942,171.793312584,-2.460634,0.671082,0,163.8, -11, 2.4,,,0,0,1684,1024,1024,1024,100,0,0,0,181.5,0,3.2,43,3.521,3.52,0,0,0,0,5.255,109.58,1.168204105624,4.92126,38,Tripod,
328900,2026-05-22 09:08:00,51.9883625414562,4.39029227950086,4.92126,,,1.168204105624,5.577428,2.5501116,172.191278476,199.09613498,27,5,7.041,1.168204105624,4.92126,4.3172942,172.191278476,-2.460634,0.671082,0,163.9, -10.8, 2.6,,,0,0,1684,1024,1024,1024,100,0,0,0,181.5,0,3.2,43,3.521,3.52,0,0,0,0,5.255,109.58,1.168204105624,4.92126,38,Tripod,
329000,2026-05-22 09:08:00,51.9883615109901,4.39029260920439,4.92126,,,1.168204105624,5.577428,2.7738056,172.57054358,199.479337092,27,5,7.041,1.168204105624,4.92126,4.3172942,172.57054358,-2.684328,0.671082,0,163.9, -11, 2.4,,,0,0,1684,1024,1024,1024,100,0,0,0,181.4,0,2.6,43,3.521,3.52,0,0,0,0,5.255,109.58,1.168204105624,4.92126,38,Tripod,
329100,2026-05-22 09:08:00,51.9883604131536,4.39029310459439,4.92126,,,1.168204105624,5.577428,2.7738056,172.985241756,199.89501952,27,5,7.041,1.168204105624,4.92126,4.3172942,172.985241756,-2.684328,0.671082,0,163.9, -11.2, 1.7,,,0,0,1684,1024,1024,1024,100,0,0,0,181.4,0,2.2,43,3.521,3.52,0,0,0,0,5.255,109.58,1.168204105624,4.92126,38,Tripod,
329200,2026-05-22 09:08:01,51.9883591992178,4.39029331849825,4.92126,,,1.168204105624,5.577428,2.7738056,173.419296888,200.340557592,26,5,7.035,1.168204105624,4.92126,4.3172942,173.419296888,-2.684328,0.671082,0,163.9, -11.2, 1.4,,,0,0,1684,1024,1024,1024,100,0,0,0,181.3,0,2.1,43,3.518,3.517,0,0,0,0,5.325,109.76,1.168204105624,4.92126,38,Tripod,
329300,2026-05-22 09:08:01,51.9883580676275,4.39029381024342,4.92126,,,1.168204105624,5.577428,2.9751302,173.845478004,200.768051044,26,5,7.035,1.168204105624,4.92126,4.3172942,173.845478004,-2.908022,0.671082,0,163.9, -11.3, 1.4,,,0,0,1684,1024,1024,1024,100,0,0,0,181.4,0,2.3,43,3.518,3.517,0,0,0,0,5.325,109.76,1.168204105624,4.92126,38,Tripod,
329400,2026-05-22 09:08:01,51.988356905299,4.39029413585696,4.92126,,,1.168204105624,5.577428,2.9751302,174.2700187,201.198169168,27,5,7.035,1.168204105624,4.92126,4.3172942,174.2700187,-2.908022,0.671082,0,164, -11.4, 1.8,,,0,0,1684,1024,1024,1024,100,0,0,0,181.5,0,2,43,3.518,3.517,0,0,0,0,5.325,109.76,1.168204105624,4.92126,38,Tripod,
329500,2026-05-22 09:08:01,51.9883556974629,4.39029460642877,4.92126,,,1.168204105624,5.577428,2.9751302,174.720806116,201.651581256,27,5,7.035,1.168204105624,4.92126,4.3172942,174.720806116,-2.908022,0.671082,0,164.1, -11.3, 1.1,,,0,0,1684,1024,1024,1024,100,0,0,0,181.3,0,0.8,43,3.518,3.517,0,0,0,0,5.325,109.76,1.168204105624,4.92126,38,Tripod,
329600,2026-05-22 09:08:01,51.9883543586897,4.39029475344594,4.92126,,,1.168204105624,5.577428,3.1988242,175.192918992,202.141082584,26,5,7.035,1.168204105624,4.92126,4.3172942,175.192918992,-3.131716,0.671082,0,164.1, -10.8, -0.2,,,0,0,1684,1024,1024,1024,100,0,0,0,181.1,0,0.1,43,3.518,3.517,0,0,0,0,5.325,109.76,1.168204105624,4.92126,38,Tripod,
329700,2026-05-22 09:08:01,51.9883531697694,4.39029517607857,4.92126,,,1.168204105624,5.905512,3.1988242,175.633863888,202.584980236,26,5,7.035,1.168204105624,4.92126,4.3172942,175.633863888,-3.131716,0.671082,0,164, -11.2, -0.7,,,0,0,1684,1024,1024,1024,100,0,0,0,180.9,0,-0.3,43,3.518,3.517,0,0,0,0,5.325,109.76,1.168204105624,4.92126,38,Tripod,
329800,2026-05-22 09:08:01,51.9883515816296,4.39029559181108,4.92126,,,1.168204105624,5.905512,3.1988242,176.211619812,203.171922512,26,5,7.035,1.168204105624,4.92126,4.3172942,176.211619812,-3.131716,0.671082,0,164, -11.6, -0.7,,,0,0,1684,1024,1024,1024,100,0,0,0,181.2,0,0.9,43,3.518,3.517,0,0,0,0,5.325,109.76,1.168204105624,4.92126,38,Tripod,
329900,2026-05-22 09:08:01,51.9883503066972,4.39029618767023,4.92126,,,1.168204105624,5.905512,3.2659324,176.695215628,203.656174496,26,5,7.035,1.168204105624,4.92126,4.3172942,176.695215628,-3.131716,0.894776,0,164, -11.3, 0.7,,,0,0,1684,1024,1024,1024,100,0,0,0,181.3,0,1.6,43,3.518,3.517,0,0,0,0,5.325,109.76,1.168204105624,4.92126,38,Tripod,
330000,2026-05-22 09:08:01,51.988348821395,4.3902967647488,4.92126,,,1.168204105624,5.905512,3.2659324,177.249677588,204.213261128,26,5,7.035,1.168204105624,4.92126,4.3172942,177.249677588,-3.131716,0.894776,0,164, -11.6, 0.9,,,0,0,1684,1024,1024,1024,100,0,0,0,181.3,0,1.3,43,3.518,3.517,0,0,0,0,5.325,109.76,1.168204105624,4.92126,38,Tripod,
330100,2026-05-22 09:08:01,51.9883474926965,4.39029741909207,4.92126,,,1.168204105624,5.905512,3.2659324,177.7559112,204.719822824,26,5,7.035,1.168204105624,4.92126,4.3172942,177.7559112,-3.131716,0.894776,0,163.9, -12.2, 0.7,,,0,0,1684,1024,1024,1024,100,0,0,0,181.3,0,1.6,43,3.518,3.517,0,0,0,0,5.325,109.76,1.168204105624,4.92126,38,Tripod,
330200,2026-05-22 09:08:02,51.9883458985256,4.39029820275703,4.92126,,,1.168204105624,5.905512,3.467257,178.3628666,205.327434392,25,5,7.036,1.168204105624,4.92126,4.3172942,178.3628666,-3.35541,0.894776,0,163.9, -12.3, 1.1,,,0,0,1684,1024,1024,1024,100,0,0,0,181.3,0,1.7,43,3.518,3.518,0,0,0,0,5.207,109.76,1.168204105624,4.92126,38,Tripod,
330300,2026-05-22 09:08:02,51.9883445094472,4.39029893851064,4.92126,,,1.168204105624,5.905512,3.467257,178.8960031,205.860570892,25,5,7.036,1.168204105624,4.92126,4.3172942,178.8960031,-3.35541,0.894776,0,163.9, -11.4, 1.3,,,0,0,1684,1024,1024,1024,100,0,0,0,181.4,0,2.1,43,3.518,3.518,0,0,0,0,5.207,109.76,1.168204105624,4.92126,38,Tripod,
330400,2026-05-22 09:08:02,51.9883430143444,4.39029975152895,4.92126,,,1.168204105624,5.905512,3.5343652,179.471134352,206.435702144,25,5,7.036,1.168204105624,4.92126,4.3172942,179.471134352,-3.35541,1.11847,0,163.9, -11.5, 1.6,,,0,0,1684,1024,1024,1024,100,0,0,0,181.4,0,2.7,43,3.518,3.518,0,0,0,0,5.207,109.76,1.168204105624,4.92126,38,Tripod,
330500,2026-05-22 09:08:02,51.9883416158425,4.39030052946236,4.92126,,,1.168204105624,5.905512,3.5343652,180.010504448,206.97507224,25,5,7.036,1.168204105624,4.92126,4.3172942,180.010504448,-3.35541,1.11847,0,163.8, -11.1, 2.3,,,0,0,1676,1024,1024,1024,99,0,0,0,181.4,0,3,43,3.518,3.518,0,0,0,0,5.207,109.76,1.168204105624,4.92126,38,Tripod,
330600,2026-05-22 09:08:02,51.9883401530199,4.39030121877924,4.92126,,,1.168204105624,5.905512,3.7580592,180.565622576,207.530846536,25,5,7.036,1.168204105624,4.92126,4.3172942,180.565622576,-3.579104,1.11847,0,163.8, -10.5, 2.3,,,0,0,1670,1024,1024,1024,98,0,0,0,181.3,0,2.7,43,3.518,3.518,0,0,0,0,5.207,109.76,1.168204105624,4.92126,38,Tripod,
330700,2026-05-22 09:08:02,51.9883387060291,4.39030200416923,4.92126,,,1.168204105624,5.905512,3.7580592,181.12205304,208.087605084,25,5,7.036,1.168204105624,4.92126,4.3172942,181.12205304,-3.579104,1.11847,0,163.8, -9.9, 2.1,,,0,0,1669,1024,1024,1024,98,0,0,0,181.4,0,3.5,43,3.518,3.518,0,0,0,0,5.207,109.76,1.168204105624,4.92126,38,Tripod,
330800,2026-05-22 09:08:02,51.9883370992819,4.39030285291239,4.92126,,,1.168204105624,5.905512,3.7580592,181.738522876,208.70407492,27,5,7.036,1.168204105624,4.92126,4.3172942,181.738522876,-3.579104,1.11847,0,163.8, -9.5, 3,,,0,0,1662,1024,1024,1024,97,0,0,0,181.5,0,3.7,43,3.518,3.518,0,0,0,0,5.207,109.76,1.168204105624,4.92126,38,Tripod,
330900,2026-05-22 09:08:02,51.9883356257677,4.39030365527446,4.92126,,,1.168204105624,5.905512,3.7580592,182.305452028,209.271004072,27,5,7.036,1.168204105624,4.92126,4.3172942,182.305452028,-3.579104,1.11847,0,163.9, -9.2, 3,,,0,0,1658,1024,1024,1024,96,0,0,0,181.5,0,3.5,43,3.518,3.518,0,0,0,0,5.207,109.76,1.168204105624,4.92126,38,Tripod,
331000,2026-05-22 09:08:02,51.988334229596,4.3903042261763,4.92126,,,1.168204105624,5.905512,3.7580592,182.828746008,209.796266556,27,5,7.036,1.168204105624,4.92126,4.3172942,182.828746008,-3.579104,1.11847,0,163.9, -9.4, 2.5,,,0,0,1661,1024,1024,1024,97,0,0,0,181.3,0,2.6,43,3.518,3.518,0,0,0,0,5.207,109.76,1.168204105624,4.92126,38,Tripod,
331100,2026-05-22 09:08:02,51.9883329055922,4.39030488358011,4.92126,,,1.168204105624,5.905512,3.7580592,183.333667284,210.301515916,27,5,7.036,1.168204105624,4.92126,4.3172942,183.333667284,-3.579104,1.11847,0,163.8, -9.5, 2.1,,,0,0,1658,1024,1024,1024,96,0,0,0,181.4,0,2.9,43,3.518,3.518,0,0,0,0,5.207,109.76,1.168204105624,4.92126,38,Tripod,
331200,2026-05-22 09:08:03,51.9883313261906,4.39030571777179,4.92126,,,1.168204105624,5.905512,3.7580592,183.939638432,210.907487064,27,5,7.04,1.168204105624,4.92126,4.3172942,183.939638432,-3.579104,1.11847,0,163.9, -9.2, 2.4,,,0,0,1658,1024,1024,1024,96,0,0,0,181.4,0,3,42,3.52,3.52,0,0,0,0,5.157,109.94,1.168204105624,4.92126,38,Tripod,
331300,2026-05-22 09:08:03,51.9883298047017,4.39030644554018,5.249344,,,1.496288105624,5.905512,3.690951,184.51772244,211.48622724,27,5,7.04,1.496288105624,5.249344,4.3172942,184.51772244,-3.579104,0.894776,0,163.8, -9, 2.4,,,0,0,1656,1024,1024,1024,96,0,0,0,181.2,0,2.6,42,3.52,3.52,0,0,0,0,5.157,109.94,1.496288105624,5.249344,38,Tripod,
331400,2026-05-22 09:08:03,51.9883283282748,4.39030721123143,5.249344,,,1.496288105624,5.905512,3.690951,185.083011172,212.051515972,27,5,7.04,1.496288105624,5.249344,4.3172942,185.083011172,-3.579104,0.894776,0,163.8, -8.6, 2,,,0,0,1657,1024,1024,1024,96,0,0,0,181.3,0,2.8,42,3.52,3.52,0,0,0,0,5.157,109.94,1.496288105624,5.249344,38,Tripod,
331500,2026-05-22 09:08:03,51.988326851471,4.39030791579536,4.92126,,,1.168204105624,5.905512,3.914645,185.644034812,212.61319578,27,5,7.04,1.496288105624,5.249344,4.3172942,185.644034812,-3.802798,0.894776,0,163.9, -8.1, 2.2,,,0,0,1657,1024,1024,1024,96,0,0,0,181.4,0,2.9,42,3.52,3.52,0,0,0,0,5.157,109.94,1.168204105624,4.92126,38,Tripod,
331600,2026-05-22 09:08:03,51.988325168101,4.39030853786385,4.92126,,,1.168204105624,5.577428,3.914645,186.270019084,213.24311706,26,5,7.04,1.496288105624,5.249344,4.3172942,186.270019084,-3.802798,0.894776,0,163.9, -7.1, 2.3,,,0,0,1658,1024,1024,1024,96,0,0,0,181.3,0,2.6,42,3.52,3.52,0,0,0,0,5.157,109.94,1.168204105624,4.92126,38,Tripod,
331700,2026-05-22 09:08:03,51.9883236137493,4.39030925158158,4.92126,,,1.168204105624,5.577428,3.914645,186.85860178,213.832355924,26,5,7.04,1.496288105624,5.249344,4.3172942,186.85860178,-3.802798,0.894776,0,164, -6.5, 1.9,,,0,0,1657,1024,1024,1024,96,0,0,0,181.3,0,2.4,42,3.52,3.52,0,0,0,0,5.157,109.94,1.168204105624,4.92126,38,Tripod,
331800,2026-05-22 09:08:03,51.9883220888678,4.39030975189626,4.92126,,,1.168204105624,5.577428,3.690951,187.42126584,214.399941244,26,5,7.04,1.496288105624,5.249344,4.3172942,187.42126584,-3.579104,0.894776,0,164, -6.6, 1.7,,,0,0,1658,1024,1024,1024,96,0,0,0,181.3,0,2.3,42,3.52,3.52,0,0,0,0,5.157,109.94,1.168204105624,4.92126,38,Tripod,
331900,2026-05-22 09:08:03,51.9883206584282,4.39031036625776,4.92126,,,1.168204105624,5.577428,3.690951,187.959651684,214.939967508,26,5,7.04,1.496288105624,5.249344,4.3172942,187.959651684,-3.579104,0.894776,0,164, -7.1, 1.5,,,0,0,1658,1024,1024,1024,96,0,0,0,181.3,0,1.9,42,3.52,3.52,0,0,0,0,5.157,109.94,1.168204105624,4.92126,38,Tripod,
332000,2026-05-22 09:08:03,51.9883190852977,4.39031081955143,4.92126,,,1.168204105624,5.577428,3.690951,188.535439104,215.522644692,26,5,7.04,1.496288105624,5.249344,4.3172942,188.535439104,-3.579104,0.894776,0,164, -8.1, 1.1,,,0,0,1657,1024,1024,1024,96,0,0,0,181.2,0,1.3,42,3.52,3.52,0,0,0,0,5.157,109.94,1.168204105624,4.92126,38,Tripod,
332100,2026-05-22 09:08:03,51.9883176017089,4.39031143970013,4.92126,,,1.168204105624,5.577428,3.690951,189.092525736,216.081699828,26,5,7.04,1.496288105624,5.249344,4.3172942,189.092525736,-3.579104,0.894776,0,164, -8.4, 0.6,,,0,0,1655,1024,1024,1024,96,0,0,0,181.2,0,1.1,42,3.52,3.52,0,0,0,0,5.157,109.94,1.168204105624,4.92126,38,Tripod,
332200,2026-05-22 09:08:04,51.9883160125753,4.39031178990928,4.92126,,,1.168204105624,5.577428,3.690951,189.666672736,216.6666736,26,5,7.033,1.496288105624,5.249344,4.3172942,189.666672736,-3.579104,0.894776,0,164, -8.5, 0.6,,,0,0,1655,1024,1024,1024,96,0,0,0,181.3,0,1.1,42,3.517,3.517,0,0,0,0,5.266,109.94,1.168204105624,4.92126,38,Tripod,
332300,2026-05-22 09:08:04,51.9883145242918,4.3903124044099,4.92126,,,1.168204105624,5.577428,3.690951,190.225071704,217.227041072,26,5,7.033,1.496288105624,5.249344,4.3172942,190.225071704,-3.579104,0.894776,0,164.1, -8.5, 0.5,,,0,0,1656,1024,1024,1024,96,0,0,0,181.2,0,1,42,3.517,3.517,0,0,0,0,5.266,109.94,1.168204105624,4.92126,38,Tripod,
332400,2026-05-22 09:08:04,51.9883129098686,4.39031287784748,4.92126,,,1.168204105624,5.577428,3.690951,190.81693524,217.825794372,26,5,7.033,1.496288105624,5.249344,4.3172942,190.81693524,-3.579104,0.894776,0,164, -8.9, 0.4,,,0,0,1653,1024,1024,1024,95,0,0,0,181.3,0,1.1,42,3.517,3.517,0,0,0,0,5.266,109.94,1.168204105624,4.92126,38,Tripod,
332500,2026-05-22 09:08:04,51.9883114157596,4.39031351299282,4.92126,,,1.168204105624,5.577428,3.690951,191.378943132,218.3891146,26,5,7.033,1.496288105624,5.249344,4.3172942,191.378943132,-3.579104,0.894776,0,164, -8.9, 0.5,,,0,0,1652,1024,1024,1024,95,0,0,0,181.2,0,0.9,42,3.517,3.517,0,0,0,0,5.266,109.94,1.168204105624,4.92126,38,Tripod,
332600,2026-05-22 09:08:04,51.9883096788634,4.39031414015294,4.92126,,,1.168204105624,5.577428,3.690951,192.023956276,219.038392836,26,5,7.033,1.496288105624,5.249344,4.3172942,192.023956276,-3.579104,0.894776,0,164, -8.8, 0.4,,,0,0,1650,1024,1024,1024,95,0,0,0,181.3,0,1.3,42,3.517,3.517,0,0,0,0,5.266,109.94,1.168204105624,4.92126,38,Tripod,
332700,2026-05-22 09:08:04,51.9883081784148,4.39031480952067,4.92126,,,1.168204105624,5.577428,3.690951,192.590885428,219.605978156,26,5,7.033,1.496288105624,5.249344,4.3172942,192.590885428,-3.579104,0.894776,0,164, -8.9, 0.7,,,0,0,1650,1024,1024,1024,95,0,0,0,181.3,0,1.3,42,3.517,3.517,0,0,0,0,5.266,109.94,1.168204105624,4.92126,38,Tripod,
332800,2026-05-22 09:08:04,51.9883064789048,4.39031530335258,4.92126,,,1.168204105624,5.577428,3.690951,193.21358886,220.235899436,26,5,7.033,1.496288105624,5.249344,4.3172942,193.21358886,-3.579104,0.894776,0,164, -8.9, 0.7,,,0,0,1649,1024,1024,1024,95,0,0,0,181.3,0,1.6,42,3.517,3.517,0,0,0,0,5.266,109.94,1.168204105624,4.92126,38,Tripod,
332900,2026-05-22 09:08:04,51.9883050456895,4.39031595460748,4.92126,,,1.168204105624,5.577428,3.690951,193.755583628,220.778878456,26,5,7.033,1.496288105624,5.249344,4.3172942,193.755583628,-3.579104,0.894776,0,164, -8.7, 0.9,,,0,0,1648,1024,1024,1024,95,0,0,0,181.2,0,1.4,42,3.517,3.517,0,0,0,0,5.266,109.94,1.168204105624,4.92126,38,Tripod,
333000,2026-05-22 09:08:04,51.9883031506476,4.390316435919,5.249344,,,1.496288105624,5.577428,3.690951,194.445216196,221.478681628,26,5,7.033,1.496288105624,5.249344,4.3172942,194.445216196,-3.579104,0.894776,0,163.9, -8.8, 0.8,,,0,0,1647,1024,1024,1024,94,0,0,0,181.4,0,1.8,42,3.517,3.517,0,0,0,0,5.266,109.94,1.496288105624,5.249344,38,Tripod,
333100,2026-05-22 09:08:04,51.9883016112023,4.39031715472835,5.249344,,,1.496288105624,5.577428,3.690951,195.028877632,222.063327316,26,5,7.033,1.496288105624,5.249344,4.3172942,195.028877632,-3.579104,0.894776,0,164, -8.8, 1.2,,,0,0,1639,1024,1024,1024,93,0,0,0,181.2,0,1.4,42,3.517,3.517,0,0,0,0,5.266,109.94,1.496288105624,5.249344,38,Tripod,
333200,2026-05-22 09:08:05,51.988299909739,4.3903177846986,5.249344,,,1.496288105624,5.577428,3.690951,195.662079752,222.699810276,27,5,7.031,1.496288105624,5.249344,4.3172942,195.662079752,-3.579104,0.894776,0,163.9, -8.7, 0.6,,,0,0,1639,1024,1024,1024,93,0,0,0,181.2,0,1.6,42,3.515,3.514,0,0,0,0,5.197,109.94,1.496288105624,5.249344,38,Tripod,
333300,2026-05-22 09:08:05,51.9882984814583,4.39031847387637,5.249344,,,1.496288105624,5.249344,3.7580592,196.205386856,223.243445464,27,5,7.031,1.496288105624,5.249344,4.3172942,196.205386856,-3.579104,1.11847,0,163.9, -8.4, 1.2,,,0,0,1638,1024,1024,1024,93,0,0,0,181.3,0,2,42,3.515,3.514,0,0,0,0,5.197,109.94,1.496288105624,5.249344,38,Tripod,
333400,2026-05-22 09:08:05,51.9882966638273,4.39031902157376,5.249344,,,1.496288105624,5.577428,3.7580592,196.873037796,223.917986168,26,5,7.031,1.496288105624,5.249344,4.3172942,196.873037796,-3.579104,1.11847,0,163.9, -8.8, 1.6,,,0,0,1639,1024,1024,1024,93,0,0,0,181.4,0,2.4,42,3.515,3.514,0,0,0,0,5.197,109.94,1.496288105624,5.249344,38,Tripod,
333500,2026-05-22 09:08:05,51.9882951410018,4.3903197373504,5.249344,,,1.496288105624,5.577428,3.914645,197.45079372,224.49639826,26,5,7.031,1.496288105624,5.249344,4.3172942,197.45079372,-3.802798,0.894776,0,164, -8.8, 1.7,,,0,0,1639,1024,1024,1024,93,0,0,0,181.3,0,1.7,42,3.515,3.514,0,0,0,0,5.197,109.94,1.496288105624,5.249344,38,Tripod,
333600,2026-05-22 09:08:05,51.9882934174358,4.39032024923949,5.249344,,,1.496288105624,5.577428,3.914645,198.083339672,225.135833976,26,5,7.031,1.496288105624,5.249344,4.3172942,198.083339672,-3.802798,0.894776,0,164, -8.5, 0.8,,,0,0,1639,1024,1024,1024,93,0,0,0,181.2,0,1.1,42,3.515,3.514,0,0,0,0,5.197,109.94,1.496288105624,5.249344,38,Tripod,
333700,2026-05-22 09:08:05,51.988291868327,4.39032090597554,5.249344,,,1.496288105624,5.577428,3.914645,198.666016856,225.719823496,26,5,7.031,1.496288105624,5.249344,4.3172942,198.666016856,-3.802798,0.894776,0,164.1, -8.2, 0.4,,,0,0,1636,1024,1024,1024,93,0,0,0,181.2,0,0.8,42,3.515,3.514,0,0,0,0,5.197,109.94,1.496288105624,5.249344,38,Tripod,
333800,2026-05-22 09:08:05,51.9882901715584,4.39032146672196,5.249344,,,1.496288105624,5.577428,3.914645,199.29298538,226.35171328,26,5,7.031,1.496288105624,5.249344,4.3172942,199.29298538,-3.802798,0.894776,0,164, -8, 0.2,,,0,0,1628,1024,1024,1024,92,0,0,0,181.1,0,1,42,3.515,3.514,0,0,0,0,5.197,109.94,1.496288105624,5.249344,38,Tripod,
333900,2026-05-22 09:08:05,51.9882886268016,4.39032215653966,5.249344,,,1.496288105624,5.577428,3.914645,199.876646816,226.936030884,26,5,7.031,1.496288105624,5.249344,4.3172942,199.876646816,-3.802798,0.894776,0,164, -8.2, 0.5,,,0,0,1628,1024,1024,1024,92,0,0,0,181.2,0,1.4,42,3.515,3.514,0,0,0,0,5.197,109.94,1.496288105624,5.249344,38,Tripod,
334000,2026-05-22 09:08:05,51.9882868903166,4.39032306407298,5.249344,,,1.496288105624,5.577428,3.914645,200.542001168,227.60171332,26,5,7.031,1.496288105624,5.249344,4.3172942,200.542001168,-3.802798,0.894776,0,164, -7.9, 0.9,,,0,0,1623,1024,1024,1024,91,0,0,0,181.2,0,1.6,42,3.515,3.514,0,0,0,0,5.197,109.94,1.496288105624,5.249344,38,Tripod,
334100,2026-05-22 09:08:06,51.9882853699584,4.3903238009117,5.249344,,,1.496288105624,5.577428,3.7580592,201.120741344,228.180453496,26,5,7.031,1.496288105624,5.249344,4.3172942,201.120741344,-3.579104,1.11847,0,163.9, -8.3, 1,,,0,0,1623,1024,1024,1024,91,0,0,0,181.3,0,2,42,3.515,3.514,0,0,0,0,5.197,109.94,1.496288105624,5.249344,38,Tripod,
334200,2026-05-22 09:08:06,51.9882838441174,4.3903249475566,5.249344,,,1.496288105624,5.577428,3.7580592,201.730321416,228.793970576,25,5,7.03,1.496288105624,5.249344,4.3172942,201.730321416,-3.579104,1.11847,0,163.9, -8.6, 1.5,,,0,0,1596,1024,1024,1024,87,0,0,0,181.3,0,2.2,42,3.514,3.514,0,0,0,0,5.171,110.12,1.496288105624,5.249344,38,Tripod,
334300,2026-05-22 09:08:06,51.9882824853661,4.39032563879328,5.249344,,,1.496288105624,5.577428,3.7580592,202.250006472,229.313655632,25,5,7.03,1.496288105624,5.249344,4.3172942,202.250006472,-3.579104,1.11847,0,164, -8.1, 1.8,,,0,0,1407,1024,1024,1024,58,0,0,0,181.3,0,2.7,42,3.514,3.514,0,0,0,0,5.171,110.12,1.496288105624,5.249344,38,Tripod,
334400,2026-05-22 09:08:06,51.9882806881929,4.39032681829724,5.249344,,,1.496288105624,5.577428,3.7580592,202.955715156,230.020676652,25,5,7.03,1.496288105624,5.249344,4.3172942,202.955715156,-3.579104,1.11847,0,164, -6.9, 2,,,0,0,1024,1024,1024,1024,0,0,0,0,181.1,0,2.4,42,3.514,3.514,0,0,0,0,5.171,110.12,1.496288105624,5.249344,38,Tripod,
334500,2026-05-22 09:08:06,51.9882792616256,4.39032749178279,5.249344,,,1.496288105624,5.577428,3.690951,203.49738184,230.56267142,25,5,7.03,1.496288105624,5.249344,4.3172942,203.49738184,-3.579104,0.894776,0,164, -3.7, 1.2,,,0,0,1024,1024,1024,1024,0,0,0,0,181.1,0,1.9,42,3.514,3.514,0,0,0,0,5.171,110.12,1.496288105624,5.249344,38,Tripod,
334600,2026-05-22 09:08:06,51.9882777297878,4.3903283280612,5.249344,,,1.496288105624,5.577428,3.467257,204.086948788,231.152238368,25,5,7.03,1.496288105624,5.249344,4.3172942,204.086948788,-3.35541,0.894776,0,164.1, -2.3, 1.2,,,0,0,1024,1024,1024,1024,0,0,0,0,181.2,0,1.6,42,3.514,3.514,0,0,0,0,5.171,110.12,1.496288105624,5.249344,38,Tripod,
334700,2026-05-22 09:08:06,51.9882764204506,4.39032888691565,5.249344,,,1.496288105624,5.577428,3.1988242,204.579730956,231.646332872,25,5,7.03,1.496288105624,5.249344,4.3172942,204.579730956,-3.131716,0.671082,0,164.2, 1.8, 0.6,,,0,0,1024,1024,1024,1024,0,0,0,0,181.2,0,1.2,42,3.514,3.514,0,0,0,0,5.171,110.12,1.496288105624,5.249344,38,Tripod,
334800,2026-05-22 09:08:06,51.9882752904708,4.39032920930172,5.249344,,,1.496288105624,5.577428,2.7290668,204.993772964,232.064968056,25,5,7.03,1.496288105624,5.249344,4.3172942,204.993772964,-2.684328,0.447388,0,164.3, 7.2, 0.3,,,0,0,1142,1024,1024,1024,18,0,0,0,181.1,0,0.7,42,3.514,3.514,0,0,0,0,5.171,110.12,1.496288105624,5.249344,38,Tripod,
334900,2026-05-22 09:08:06,51.9882742846775,4.39032955756325,5.249344,,,1.496288105624,5.249344,2.2816788,205.366476388,232.439968068,25,5,7.03,1.496288105624,5.249344,4.3172942,205.366476388,-2.23694,0.447388,0,164.2, 8, -0.3,,,0,0,1343,1024,1024,1024,48,0,0,0,181.1,0,0,42,3.514,3.514,0,0,0,0,5.171,110.12,1.496288105624,5.249344,38,Tripod,
335000,2026-05-22 09:08:06,51.988273609671,4.39032982778103,5.249344,,,1.496288105624,5.249344,1.8119214,205.619101068,232.693905084,25,5,7.03,1.496288105624,5.249344,4.3172942,205.619101068,-1.789552,0.223694,0,164.1, 6.1, -0.9,,,0,0,1378,1024,1024,1024,54,0,0,0,181,0,-0.1,42,3.514,3.514,0,0,0,0,5.171,110.12,1.496288105624,5.249344,38,Tripod,
335100,2026-05-22 09:08:06,51.9882729922343,4.39033001909255,5.249344,,,1.496288105624,5.249344,1.3645334,205.84646328,232.9232358,25,5,7.03,1.496288105624,5.249344,4.3172942,205.84646328,-1.342164,0.223694,0,164, 2.7, -0.7,,,0,0,1378,1024,1024,1024,54,0,0,0,180.9,0,0.4,42,3.514,3.514,0,0,0,0,5.171,110.12,1.496288105624,5.249344,38,Tripod,
335200,2026-05-22 09:08:07,51.9882724308254,4.3903302898668,5.249344,,,1.496288105624,5.249344,1.1408394,206.060045964,233.136818484,26,5,7.036,1.496288105624,5.249344,4.3172942,206.060045964,-1.11847,0.223694,0,163.9, 0, -0.1,,,0,0,1227,1024,1024,1024,31,0,0,0,180.9,0,0.7,42,3.511,3.508,0,0,0,0,4.948,110.12,1.496288105624,5.249344,38,Tripod,
335300,2026-05-22 09:08:07,51.9882719369241,4.39033050480011,5.249344,,,1.496288105624,5.249344,0.9171454,206.246069592,233.32349828,26,5,7.036,1.496288105624,5.249344,4.3172942,206.246069592,-0.894776,0.223694,0,163.9, -1, 0.1,,,0,0,1206,1024,1024,1024,28,0,0,0,181,0,1.2,42,3.511,3.508,0,0,0,0,4.948,110.12,1.496288105624,5.249344,38,Tripod,
335400,2026-05-22 09:08:07,51.9882714994617,4.39033074508026,5.249344,,,1.496288105624,5.249344,0.9171454,206.414704768,233.491805372,26,5,7.036,1.496288105624,5.249344,4.3172942,206.414704768,-0.894776,0.223694,0,163.9, -1.8, 0.5,,,0,0,1242,1024,1024,1024,33,0,0,0,181,0,1.2,42,3.511,3.508,0,0,0,0,4.948,110.12,1.496288105624,5.249344,38,Tripod,
335500,2026-05-22 09:08:07,51.9882710244762,4.39033096838832,5.249344,,,1.496288105624,5.249344,0.9171454,206.594822884,233.672251572,26,5,7.036,1.496288105624,5.249344,4.3172942,206.594822884,-0.894776,0.223694,0,163.9, -1.8, 0.4,,,0,0,1292,1024,1024,1024,41,0,0,0,181,0,1.2,42,3.511,3.508,0,0,0,0,4.948,110.12,1.496288105624,5.249344,38,Tripod,
335600,2026-05-22 09:08:07,51.9882704954503,4.39033108187868,5.249344,,,1.496288105624,5.249344,0.9171454,206.786095856,233.866805384,26,5,7.036,1.496288105624,5.249344,4.3172942,206.786095856,-0.894776,0.223694,0,164, -1.7, 0.5,,,0,0,1351,1024,1024,1024,50,0,0,0,181,0,1.3,42,3.511,3.508,0,0,0,0,4.948,110.12,1.496288105624,5.249344,38,Tripod,
335700,2026-05-22 09:08:07,51.9882699988075,4.39033133523568,5.249344,,,1.496288105624,5.249344,0.9171454,206.976056492,234.05676602,26,5,7.036,1.496288105624,5.249344,4.3172942,206.976056492,-0.894776,0.223694,0,164, -1.9, 0.7,,,0,0,1323,1024,1024,1024,45,0,0,0,181.1,0,1.6,42,3.511,3.508,0,0,0,0,4.948,110.12,1.496288105624,5.249344,38,Tripod,
335800,2026-05-22 09:08:07,51.9882697066063,4.39033121275846,5.249344,,,1.496288105624,5.249344,0.9171454,207.068248096,234.167002244,26,5,7.036,1.496288105624,5.249344,4.3172942,207.068248096,-0.894776,0.223694,0,164.1, -2.2, 0.8,,,0,0,1264,1024,1024,1024,36,0,0,0,181.1,0,1.5,42,3.511,3.508,0,0,0,0,4.948,110.12,1.496288105624,5.249344,38,Tripod,
335900,2026-05-22 09:08:07,51.9882692879569,4.39033143030715,5.249344,,,1.496288105624,5.249344,0.9171454,207.228681172,234.32743532,26,5,7.036,1.496288105624,5.249344,4.3172942,207.228681172,-0.894776,0.223694,0,164.1, -2, 0.8,,,0,0,1264,1024,1024,1024,36,0,0,0,181,0,1.5,42,3.511,3.508,0,0,0,0,4.948,110.12,1.496288105624,5.249344,38,Tripod,
336000,2026-05-22 09:08:07,51.9882688622141,4.39033122430504,5.249344,,,1.496288105624,5.249344,0.9171454,207.361227108,234.489508816,26,5,7.036,1.496288105624,5.249344,4.3172942,207.361227108,-0.894776,0.223694,0,164, -1.9, 0.7,,,0,0,1226,1024,1024,1024,31,0,0,0,181.1,0,1.5,42,3.511,3.508,0,0,0,0,4.948,110.12,1.496288105624,5.249344,38,Tripod,
336100,2026-05-22 09:08:07,51.9882685311875,4.39033137613561,5.249344,,,1.496288105624,5.249344,0.7158208,207.486555196,234.614836904,26,5,7.036,1.496288105624,5.249344,4.3172942,207.486555196,-0.671082,0.223694,0,164.1, -2, 0.7,,,0,0,1141,1024,1024,1024,18,0,0,0,181.1,0,1.3,42,3.511,3.508,0,0,0,0,4.948,110.12,1.496288105624,5.249344,38,Tripod,
336200,2026-05-22 09:08:08,51.9882682057465,4.39033130835858,5.249344,,,1.496288105624,5.249344,0.7158208,207.594166748,234.734587564,25,5,7.021,1.496288105624,5.249344,4.3172942,207.594166748,-0.671082,0.223694,0,164.1, -2.3, 0.5,,,0,0,1066,1024,1024,1024,6,0,0,0,181.1,0,0.8,42,3.512,3.511,0,0,0,0,5.27,110.12,1.496288105624,5.249344,38,Tripod,
336300,2026-05-22 09:08:08,51.988267911215,4.39033142677362,5.249344,,,1.496288105624,5.249344,0.671082,207.704731056,234.845479956,25,5,7.021,1.496288105624,5.249344,4.3172942,207.704731056,-0.671082,0,0,164.1, -2.6, 0,,,0,0,1067,1024,1024,1024,7,0,0,0,181,0,1,42,3.512,3.511,0,0,0,0,5.27,110.12,1.496288105624,5.249344,38,Tripod,
336400,2026-05-22 09:08:08,51.9882677050258,4.39033186988404,5.249344,,,1.496288105624,5.577428,0.7158208,207.807749432,234.970151876,25,5,7.021,1.496288105624,5.249344,4.3172942,207.807749432,-0.671082,0.223694,0,164, -2.5, 0.6,,,0,0,1078,1024,1024,1024,8,0,0,0,181,0,1.8,42,3.512,3.511,0,0,0,0,5.27,110.12,1.496288105624,5.249344,38,Tripod,
336500,2026-05-22 09:08:08,51.988267473033,4.39033200371307,5.249344,,,1.496288105624,5.577428,0.7158208,207.897316364,235.060046892,25,5,7.021,1.496288105624,5.249344,4.3172942,207.897316364,-0.671082,0.223694,0,164, -2.4, 1.1,,,0,0,1077,1024,1024,1024,8,0,0,0,181,0,1.8,42,3.512,3.511,0,0,0,0,5.27,110.12,1.496288105624,5.249344,38,Tripod,
336600,2026-05-22 09:08:08,51.9882669712158,4.39033209424939,5.249344,,,1.496288105624,5.577428,0.7158208,208.07743448,235.244102016,26,5,7.021,1.496288105624,5.249344,4.3172942,208.07743448,-0.671082,0.223694,0,164, -2.4, 1,,,0,0,1077,1024,1024,1024,8,0,0,0,181.1,0,1.8,42,3.512,3.511,0,0,0,0,5.27,110.12,1.496288105624,5.249344,38,Tripod,
336700,2026-05-22 09:08:08,51.9882667337744,4.39033221572497,5.249344,,,1.496288105624,5.577428,0.447388,208.168313748,235.334981284,26,5,7.021,1.496288105624,5.249344,4.3172942,208.168313748,-0.447388,0,0,164.1, -2.6, 1.1,,,0,0,1079,1024,1024,1024,8,0,0,0,181.2,0,1.8,42,3.512,3.511,0,0,0,0,5.27,110.12,1.496288105624,5.249344,38,Tripod,
336800,2026-05-22 09:08:08,51.9882664188536,4.39033253226818,5.249344,,,1.496288105624,5.577428,0.447388,208.299875432,235.470151892,26,5,7.021,1.496288105624,5.249344,4.3172942,208.299875432,-0.447388,0,0,164.1, -3, 1.1,,,0,0,1079,1024,1024,1024,8,0,0,0,181.1,0,1.5,42,3.512,3.511,0,0,0,0,5.27,110.12,1.496288105624,5.249344,38,Tripod,
336900,2026-05-22 09:08:08,51.988266205057,4.39033260032345,5.249344,,,1.496288105624,5.577428,0.447388,208.378615592,235.54954822,26,5,7.021,1.496288105624,5.249344,4.3172942,208.378615592,-0.447388,0,0,164, -3.3, 0.5,,,0,0,1024,1024,1024,1024,0,0,0,0,181,0,0.4,42,3.512,3.511,0,0,0,0,5.27,110.12,1.496288105624,5.249344,38,Tripod,
337000,2026-05-22 09:08:08,51.9882659587745,4.39033291505816,5.249344,,,1.496288105624,5.577428,0.447388,208.486227144,235.664049536,25,5,7.021,1.496288105624,5.249344,4.3172942,208.486227144,-0.447388,0,0,164.1, -3.2, -0.2,,,0,0,1024,1024,1024,1024,0,0,0,0,181.1,0,0.7,42,3.512,3.511,0,0,0,0,5.27,110.12,1.496288105624,5.249344,38,Tripod,
337100,2026-05-22 09:08:08,51.9882657644077,4.39033294032152,5.249344,,,1.496288105624,5.577428,0.447388,208.555452868,235.735243764,25,5,7.021,1.496288105624,5.249344,4.3172942,208.555452868,-0.447388,0,0,164, -3.1, 0,,,0,0,1024,1024,1024,1024,0,0,0,0,180.9,0,0.3,42,3.512,3.511,0,0,0,0,5.27,110.12,1.496288105624,5.249344,38,Tripod,
337200,2026-05-22 09:08:09,51.9882656168507,4.39033293347704,5.249344,,,1.496288105624,5.577428,0.223694,208.605977804,235.78904954,25,5,7.016,1.496288105624,5.249344,4.3172942,208.605977804,-0.223694,0,0,164, -2.5, -0.4,,,0,0,1024,1024,1024,1024,0,0,0,0,180.9,0,0,42,3.509,3.507,0,0,0,0,5.175,110.3,1.496288105624,5.249344,38,Tripod,
337300,2026-05-22 09:08:09,51.9882654790943,4.39033292109577,5.249344,,,1.496288105624,5.577428,0.223694,208.652565732,235.839246392,25,5,7.016,1.496288105624,5.249344,4.3172942,208.652565732,-0.223694,0,0,163.9, -2.2, -0.7,,,0,0,1024,1024,1024,1024,0,0,0,0,180.8,0,-0.3,42,3.509,3.507,0,0,0,0,5.175,110.3,1.496288105624,5.249344,38,Tripod,
337400,2026-05-22 09:08:09,51.9882653499733,4.39033278982646,5.249344,,,1.496288105624,5.577428,0.223694,208.687998804,235.895020672,26,5,7.016,1.496288105624,5.249344,4.3172942,208.687998804,-0.223694,0,0,163.9, -2.3, -0.8,,,0,0,1024,1024,1024,1024,0,0,0,0,181,0,0.8,42,3.509,3.507,0,0,0,0,5.175,110.3,1.496288105624,5.249344,38,Tripod,
337500,2026-05-22 09:08:09,51.988265295282,4.39033283765434,5.249344,,,1.496288105624,5.577428,0,208.710308516,235.917658468,26,5,7.016,1.496288105624,5.249344,4.3172942,208.710308516,0,0,0,164.1, -2.2, 0.5,,,0,0,1024,1024,1024,1024,0,0,0,0,181.1,0,1.8,42,3.509,3.507,0,0,0,0,5.175,110.3,1.496288105624,5.249344,38,Tripod,
337600,2026-05-22 09:08:09,51.9882652232511,4.39033291900904,5.249344,,,1.496288105624,5.577428,0,208.741148412,235.949482616,26,5,7.016,1.496288105624,5.249344,4.3172942,208.741148412,0,0,0,164.2, -1.9, 1.2,,,0,0,1024,1024,1024,1024,0,0,0,0,181.2,0,2.2,42,3.509,3.507,0,0,0,0,5.175,110.3,1.496288105624,5.249344,38,Tripod,
337700,2026-05-22 09:08:09,51.9882652528585,4.39033296263563,5.249344,,,1.496288105624,5.577428,0,208.733930564,235.964246396,26,5,7.016,1.496288105624,5.249344,4.3172942,208.741148412,0,0,0,164.2, -1.9, 1.4,,,0,0,1024,1024,1024,1024,0,0,0,0,181,0,1.5,42,3.509,3.507,0,0,0,0,5.175,110.3,1.496288105624,5.249344,38,Tripod,
337800,2026-05-22 09:08:09,51.9882652940483,4.39033296756032,5.249344,,,1.496288105624,5.577428,0,208.720151036,235.97933826,26,5,7.016,1.496288105624,5.249344,4.3172942,208.741148412,0,0,0,163.9, -3.3, 0.6,,,0,0,1024,1024,1024,1024,0,0,0,0,180.8,0,1.9,42,3.509,3.507,0,0,0,0,5.175,110.3,1.496288105624,5.249344,38,Tripod,
337900,2026-05-22 09:08:09,51.9882653746461,4.39033300893324,5.249344,,,1.496288105624,5.577428,0,208.695216652,236.010178156,26,5,7.016,1.496288105624,5.249344,4.3172942,208.741148412,0,0,0,163.9, -4.4, 1.6,,,0,0,1024,1024,1024,1024,0,0,0,0,181.1,0,3.1,42,3.509,3.507,0,0,0,0,5.175,110.3,1.496288105624,5.249344,38,Tripod,
338000,2026-05-22 09:08:09,51.9882654869073,4.39033320266537,5.249344,,,1.496288105624,5.577428,0,208.669954184,236.069889444,26,5,7.016,1.496288105624,5.249344,4.3172942,208.741148412,0,0,0,164, -4.7, 2.7,,,0,0,1024,1024,1024,1024,0,0,0,0,181.2,0,3.5,42,3.509,3.507,0,0,0,0,5.175,110.3,1.496288105624,5.249344,38,Tripod,
338100,2026-05-22 09:08:09,51.9882655829599,4.39033322840172,5.249344,,,1.496288105624,5.577428,0,208.638786204,236.105322516,26,5,7.016,1.496288105624,5.249344,4.3172942,208.741148412,0,0,0,164, -5.6, 2.7,,,0,0,1024,1024,1024,701,0,0,0,-49,181.1,0,2.9,42,3.509,3.507,0,0,0,0,5.175,110.3,1.496288105624,5.249344,38,Tripod,
338200,2026-05-22 09:08:10,51.9882657911366,4.3903334141208,5.249344,,,1.496288105624,5.577428,0,208.580059168,236.191936692,27,5,7.015,1.496288105624,5.249344,4.3172942,208.741148412,0,0,0,163.8, -6.4, 2.1,,,0,0,1024,1024,1024,665,0,0,0,-54,180.3,0,2.7,42,3.508,3.507,0,0,0,0,5.259,110.3,1.496288105624,5.249344,38,Tripod,
338300,2026-05-22 09:08:10,51.9882658721113,4.39033336448442,5.249344,,,1.496288105624,5.577428,0,208.54823502,236.223432756,27,5,7.015,1.496288105624,5.249344,4.3172942,208.741148412,0,0,0,162.8, -6.9, 1.8,,,0,0,1024,1024,1024,702,0,0,0,-49,179,0,2.2,42,3.508,3.507,0,0,0,0,5.259,110.3,1.496288105624,5.249344,38,Tripod,
338400,2026-05-22 09:08:10,51.9882659575409,4.39033345827604,5.249344,,,1.496288105624,5.577428,0,208.525597224,236.261162416,27,5,7.015,1.496288105624,5.249344,4.3172942,208.741148412,0,0,0,161.6, -7.3, 1.3,,,0,0,1024,1024,1024,696,0,0,0,-50,177.7,0,0.8,42,3.508,3.507,0,0,0,0,5.259,110.3,1.496288105624,5.249344,38,Tripod,
338500,2026-05-22 09:08:10,51.9882660114441,4.39033333552059,5.249344,,,1.496288105624,5.577428,0,208.498038168,236.294955068,27,5,7.015,1.496288105624,5.249344,4.3172942,208.741148412,0,0,0,160.6, -8, -0.3,,,0,0,1024,1024,1024,364,0,0,0,-100,176.6,0,0,42,3.508,3.507,0,0,0,0,5.259,110.3,1.496288105624,5.249344,38,Tripod,
338600,2026-05-22 09:08:10,51.9882662061193,4.3903334689601,5.249344,,,1.496288105624,5.577428,0,208.440295384,236.372054808,26,5,7.015,1.496288105624,5.249344,4.3172942,208.741148412,0,0,0,159, -8.4, 0,,,0,0,1024,1024,1024,364,0,0,0,-100,173.3,0,1.3,42,3.508,3.507,0,0,0,0,5.259,110.3,1.496288105624,5.249344,38,Tripod,
338700,2026-05-22 09:08:10,51.9882662431285,4.39033339211275,5.249344,,,1.496288105624,5.577428,0,208.42192268,236.394036436,26,5,7.015,1.496288105624,5.249344,4.3172942,208.741148412,0,0,0,155.2, -8.7, 0.6,,,0,0,1024,1024,1024,364,0,0,0,-100,169.2,0,1,42,3.508,3.507,0,0,0,0,5.259,110.3,1.496288105624,5.249344,38,Tripod,
338800,2026-05-22 09:08:10,51.9882664608316,4.39033386148816,5.249344,,,1.496288105624,5.249344,0,208.380256012,236.526254288,26,5,7.015,1.496288105624,5.249344,4.3172942,208.741148412,0,0,0,151.1, -8.4, 0.5,,,0,0,1024,1024,1024,364,0,0,0,-100,165.2,0,1.4,42,3.508,3.507,0,0,0,0,5.259,110.3,1.496288105624,5.249344,38,Tripod,
338900,2026-05-22 09:08:10,51.988266464464,4.3903338543098,5.249344,,,1.496288105624,5.577428,0,208.378615592,236.528222792,26,5,7.015,1.496288105624,5.249344,4.3172942,208.741148412,0,0,0,146.9, -7.7, 1,,,0,0,1024,1024,1024,364,0,0,0,-100,161.1,0,2.2,42,3.508,3.507,0,0,0,0,5.259,110.3,1.496288105624,5.249344,38,Tripod,
339000,2026-05-22 09:08:10,51.9882666019806,4.39033434215974,5.249344,,,1.496288105624,5.249344,0,208.365820316,236.64862962,26,5,7.015,1.496288105624,5.249344,4.3172942,208.741148412,0,0,0,142.8, -7.2, 2.1,,,0,0,1024,1024,1024,364,0,0,0,-100,157.1,0,3.3,42,3.508,3.507,0,0,0,0,5.259,110.3,1.496288105624,5.249344,38,Tripod,
339100,2026-05-22 09:08:10,51.9882666074291,4.39033443553401,5.249344,,,1.496288105624,5.249344,0,208.370741576,236.66995508,26,5,7.015,1.496288105624,5.249344,4.3172942,208.741148412,0,0,0,138.7, -7, 3.1,,,0,0,1024,1024,1024,364,0,0,0,-100,153.2,0,4.4,42,3.508,3.507,0,0,0,0,5.259,110.3,1.496288105624,5.249344,38,Tripod,
339200,2026-05-22 09:08:11,51.9882666181207,4.39033492552633,5.249344,,,1.496288105624,5.249344,0,208.40223764,236.77986322,26,5,7.017,1.496288105624,5.249344,4.3172942,208.741148412,0,0,0,134.7, -6.5, 4.3,,,0,0,1024,1024,1024,364,0,0,0,-100,149.2,0,5.1,42,3.509,3.508,0,0,0,0,5.127,110.3,1.496288105624,5.249344,38,Tripod,
339300,2026-05-22 09:08:11,51.9882666346378,4.39033506408528,5.249344,,,1.496288105624,5.249344,0,208.406502732,236.811687368,26,5,7.017,1.496288105624,5.249344,4.3172942,208.741148412,0,0,0,130.7, -6.1, 4.7,,,0,0,1024,1024,1024,364,0,0,0,-100,145.2,0,5.9,42,3.509,3.508,0,0,0,0,5.127,110.3,1.496288105624,5.249344,38,Tripod,
339400,2026-05-22 09:08:11,51.9882666455349,4.3903354400586,5.249344,,,1.496288105624,5.249344,0.223694,208.429796696,236.89633304,26,5,7.017,1.496288105624,5.249344,4.3172942,208.741148412,0,0.223694,0,126.9, -4.2, 5.9,,,0,0,1024,1024,1024,364,0,0,0,-100,141.4,0.1,6.8,42,3.509,3.508,0,0,0,0,5.127,110.3,1.496288105624,5.249344,38,Tripod,
339500,2026-05-22 09:08:11,51.9882666793229,4.39033562021307,5.249344,,,1.496288105624,5.249344,0,208.431109032,236.938655876,26,5,7.017,1.496288105624,5.249344,4.3172942,208.741148412,0,0,0,123.1, -2.7, 6.7,,,0,0,1024,1024,1024,364,0,0,0,-100,137.4,0.1,8.1,42,3.509,3.508,0,0,0,0,5.127,110.3,1.496288105624,5.249344,38,Tripod,
339600,2026-05-22 09:08:11,51.9882668781103,4.39033602976885,5.249344,,,1.496288105624,5.249344,0,208.391738952,237.055781864,27,5,7.017,1.496288105624,5.249344,4.3172942,208.741148412,0,0,0,119.1, -2.1, 7.6,,,0,0,1024,1024,1024,364,0,0,0,-100,133.3,0.1,7.7,42,3.509,3.508,0,0,0,0,5.127,110.3,1.496288105624,5.249344,38,Tripod,
339700,2026-05-22 09:08:11,51.9882669295119,4.39033610063424,5.249344,,,1.496288105624,5.249344,0,208.37927176,237.080388164,27,5,7.017,1.496288105624,5.249344,4.3172942,208.741148412,0,0,0,114.9, -2.6, 7.2,,,0,0,1024,1024,1024,364,0,0,0,-100,129.3,0.1,8.6,42,3.509,3.508,0,0,0,0,5.127,110.3,1.496288105624,5.249344,38,Tripod,
339800,2026-05-22 09:08:11,51.9882671130844,4.39033662557235,5.249344,,,1.496288105624,5.249344,0,208.353681208,237.215886856,27,5,7.017,1.496288105624,5.249344,4.3172942,208.741148412,0,0,0,111, -2.5, 8.5,,,0,0,1024,1024,1024,364,0,0,0,-100,125.4,0.1,9.3,42,3.509,3.508,0,0,0,0,5.127,110.3,1.496288105624,5.249344,38,Tripod,
339900,2026-05-22 09:08:11,51.988267161162,4.39033665893223,5.249344,,,1.496288105624,5.249344,0,208.339573596,237.234915728,27,5,7.017,1.496288105624,5.249344,4.3172942,208.741148412,0,0,0,107, -2.4, 8.7,,,0,0,1024,1024,1024,364,0,0,0,-100,121.3,0.1,9.6,42,3.509,3.508,0,0,0,0,5.127,110.3,1.496288105624,5.249344,38,Tripod,
340000,2026-05-22 09:08:11,51.9882671865887,4.39033706464843,5.249344,,,1.496288105624,5.249344,0,208.360242888,237.326779248,27,5,7.017,1.496288105624,5.249344,4.3172942,208.741148412,0,0,0,103, -1.8, 9.2,,,0,0,1024,1024,1024,364,0,0,0,-100,117.2,0.1,9.7,42,3.509,3.508,0,0,0,0,5.127,110.3,1.496288105624,5.249344,38,Tripod,
340100,2026-05-22 09:08:11,51.9882672009812,4.39033709272192,5.249344,,,1.496288105624,5.249344,0,208.357290132,237.334981348,27,5,7.017,1.496288105624,5.249344,4.3172942,208.741148412,0,0,0,99.1, -0.6, 9.1,,,0,0,1024,1024,1024,364,0,0,0,-100,113.1,0.1,9.2,42,3.509,3.508,0,0,0,0,5.127,110.3,1.496288105624,5.249344,38,Tripod,
340200,2026-05-22 09:08:12,51.9882672159562,4.39033734961245,5.249344,,,1.496288105624,5.249344,0,208.370741576,237.392724132,27,5,7.005,1.496288105624,5.249344,4.3172942,208.741148412,0,0,0,95, 0, 8.8,,,0,0,1024,1024,1024,364,0,0,0,-100,109,0.1,9.4,41,3.503,3.502,0,0,0,0,5.449,110.3,1.496288105624,5.249344,38,Tripod,
340300,2026-05-22 09:08:12,51.9882672017693,4.3903373614929,5.249344,,,1.496288105624,5.249344,0,208.376319004,237.398629644,27,5,7.005,1.496288105624,5.249344,4.3172942,208.741148412,0,0,0,91.1, 0.6, 8.9,,,0,0,1024,1024,1024,364,0,0,0,-100,105,0.1,9.3,41,3.503,3.502,0,0,0,0,5.449,110.3,1.496288105624,5.249344,38,Tripod,
340400,2026-05-22 09:08:12,51.9882670567824,4.39033751560496,5.249344,,,1.496288105624,5.249344,0,208.437670712,237.461949856,28,5,7.005,1.496288105624,5.249344,4.3172942,208.741148412,0,0,0,87.1, 0.8, 8.7,,,0,0,1024,1024,1024,364,0,0,0,-100,101,0.1,9,41,3.503,3.502,0,0,0,0,5.449,110.3,1.496288105624,5.249344,38,Tripod,
340500,2026-05-22 09:08:12,51.9882670069571,4.39033752498134,5.249344,,,1.496288105624,5.249344,0,208.455387248,237.48032256,28,5,7.005,1.496288105624,5.249344,4.3172942,208.741148412,0,0,0,83.1, 0.9, 8.3,,,0,0,1024,1024,1024,364,0,0,0,-100,96.9,0.1,8.5,41,3.503,3.502,0,0,0,0,5.449,110.3,1.496288105624,5.249344,38,Tripod,
340600,2026-05-22 09:08:12,51.9882668898984,4.39033753427425,5.249344,,,1.496288105624,5.249344,0,208.496725832,237.52297348,28,5,7.005,1.496288105624,5.249344,4.3172942,208.741148412,0,0,0,79.2, 1.6, 8,,,0,0,1024,1024,1024,364,0,0,0,-100,92.9,0.1,8.2,41,3.503,3.502,0,0,0,0,5.449,110.3,1.496288105624,5.249344,38,Tripod,
340700,2026-05-22 09:08:12,51.988266820232,4.39033757077814,5.249344,,,1.496288105624,5.249344,0,208.523300636,237.549548284,28,5,7.005,1.496288105624,5.249344,4.3172942,208.741148412,0,0,0,75.2, 2, 7.3,,,0,0,1024,1024,1024,364,0,0,0,-100,88.9,0.1,7.4,41,3.503,3.502,0,0,0,0,5.449,110.3,1.496288105624,5.249344,38,Tripod,
340800,2026-05-22 09:08:12,51.9882667469332,4.39033768156965,5.249344,,,1.496288105624,5.249344,0,208.556765204,237.586293692,28,5,7.005,1.496288105624,5.249344,4.3172942,208.741148412,0,0,0,71.3, 2.2, 6.7,,,0,0,1024,1024,1024,364,0,0,0,-100,85,0.1,6.4,41,3.503,3.502,0,0,0,0,5.449,110.3,1.496288105624,5.249344,38,Tripod,
340900,2026-05-22 09:08:12,51.9882666742513,4.39033775435484,5.249344,,,1.496288105624,5.249344,0,208.586948932,237.617461672,28,5,7.005,1.496288105624,5.249344,4.3172942,208.741148412,0,0,0,67.4, 2.7, 5.4,,,0,0,1024,1024,1024,364,0,0,0,-100,81.1,0,5.1,41,3.503,3.502,0,0,0,0,5.449,110.3,1.496288105624,5.249344,38,Tripod,
341000,2026-05-22 09:08:12,51.988266775444,4.39033777399793,5.249344,,,1.496288105624,5.577428,0,208.553484364,237.654535164,28,5,7.005,1.496288105624,5.249344,4.3172942,208.741148412,0,0,0,63.5, 4, 4.6,,,0,0,1024,1024,1024,364,0,0,0,-100,77.1,0,5,41,3.503,3.502,0,0,0,0,5.449,110.3,1.496288105624,5.249344,38,Tripod,
341100,2026-05-22 09:08:13,51.9882667558429,4.39033786264228,5.249344,,,1.496288105624,5.249344,0,208.566607724,237.675860624,28,5,7.005,1.496288105624,5.249344,4.3172942,208.741148412,0,0,0,59.5, 4.4, 4.6,,,0,0,1024,1024,1024,364,0,0,0,-100,73.1,0,5.2,41,3.503,3.502,0,0,0,0,5.449,110.3,1.496288105624,5.249344,38,Tripod,
341200,2026-05-22 09:08:13,51.9882668799607,4.3903378778615,5.249344,,,1.496288105624,5.249344,0,208.524941056,237.721136216,28,5,7.001,1.496288105624,5.249344,4.3172942,208.741148412,0,0,0,55.6, 5, 4.8,,,0,0,1024,1024,1024,364,0,0,0,-100,69.2,0,5.2,41,3.501,3.5,0,0,0,0,5.478,110.3,1.496288105624,5.249344,38,Tripod,
341300,2026-05-22 09:08:13,51.98826688959,4.39033796372354,5.249344,,,1.496288105624,5.249344,0,208.527893812,237.740821256,28,5,7.001,1.496288105624,5.249344,4.3172942,208.741148412,0,0,0,51.8, 5.8, 4.5,,,0,0,1024,1024,1024,364,0,0,0,-100,65.5,0,4.4,41,3.501,3.5,0,0,0,0,5.478,110.3,1.496288105624,5.249344,38,Tripod,
341400,2026-05-22 09:08:13,51.9882670129197,4.39033795799198,5.249344,,,1.496288105624,5.249344,0,208.484914808,237.785768764,28,5,7.001,1.496288105624,5.249344,4.3172942,208.741148412,0,0,0,48, 6, 3.8,,,0,0,1024,1024,1024,364,0,0,0,-100,61.5,0,4,41,3.501,3.5,0,0,0,0,5.478,110.3,1.496288105624,5.249344,38,Tripod,
341500,2026-05-22 09:08:13,51.9882670118916,4.39033798873649,5.249344,,,1.496288105624,5.249344,0,208.48753948,237.792658528,28,5,7.001,1.496288105624,5.249344,4.3172942,208.741148412,0,0,0,44, 6.1, 3.5,,,0,0,1024,1024,1024,364,0,0,0,-100,57.5,0,3.8,41,3.501,3.5,0,0,0,0,5.478,110.3,1.496288105624,5.249344,38,Tripod,
341600,2026-05-22 09:08:13,51.9882670994458,4.39033782875376,5.249344,,,1.496288105624,5.249344,0,208.445544728,237.840886876,27,5,7.001,1.496288105624,5.249344,4.3172942,208.741148412,0,0,0,39.9, 5.9, 3.4,,,0,0,1024,1024,1024,364,0,0,0,-100,53.5,0,3.8,41,3.501,3.5,0,0,0,0,5.478,110.3,1.496288105624,5.249344,38,Tripod,
341700,2026-05-22 09:08:13,51.9882670882402,4.39033780610577,5.249344,,,1.496288105624,5.249344,0,208.447841316,237.847120472,27,5,7.001,1.496288105624,5.249344,4.3172942,208.741148412,0,0,0,35.9, 5.8, 3.3,,,0,0,1024,1024,1024,364,0,0,0,-100,49.6,0,3.4,41,3.501,3.5,0,0,0,0,5.478,110.3,1.496288105624,5.249344,38,Tripod,
341800,2026-05-22 09:08:13,51.9882668625527,4.39033765344052,5.249344,,,1.496288105624,5.249344,0,208.514770452,237.93635932,28,5,7.001,1.496288105624,5.249344,4.3172942,208.741148412,0,0,0,32, 5.5, 2.6,,,0,0,1024,1024,1024,364,0,0,0,-100,45.8,0,2.1,41,3.501,3.5,0,0,0,0,5.478,110.3,1.496288105624,5.249344,38,Tripod,
341900,2026-05-22 09:08:13,51.9882668283535,4.39033763360266,5.249344,,,1.496288105624,5.249344,0,208.524941056,237.949810764,28,5,7.001,1.496288105624,5.249344,4.3172942,208.741148412,0,0,0,28, 5.3, 1.3,,,0,0,1024,1024,1024,364,0,0,0,-100,41.8,0,1.3,41,3.501,3.5,0,0,0,0,5.478,110.3,1.496288105624,5.249344,38,Tripod,
342000,2026-05-22 09:08:13,51.9882667257558,4.39033754195342,5.249344,,,1.496288105624,5.577428,0,208.553812448,237.992461684,27,5,7.001,1.496288105624,5.249344,4.3172942,208.741148412,0,0,0,24, 5.1, 0.7,,,0,0,1024,1024,1024,364,0,0,0,-100,37.8,0,1.2,41,3.501,3.5,0,0,0,0,5.478,110.3,1.496288105624,5.249344,38,Tripod,
342100,2026-05-22 09:08:13,51.9882666911796,4.39033748110434,5.249344,,,1.496288105624,5.577428,0,208.56135838,238.011162472,27,5,7.001,1.496288105624,5.249344,4.3172942,208.741148412,0,0,0,20, 4.9, 1,,,0,0,1024,1024,1024,364,0,0,0,-100,33.8,0,1.5,41,3.501,3.5,0,0,0,0,5.478,110.3,1.496288105624,5.249344,38,Tripod,
342200,2026-05-22 09:08:14,51.9882667239396,4.39033736065821,5.249344,,,1.496288105624,5.577428,0,208.541345256,238.040690032,28,5,6.999,1.496288105624,5.249344,4.3172942,208.741148412,0,0,0,16, 5, 1.2,,,0,0,1024,1024,1024,599,0,0,0,-64,30.4,0,1.7,41,3.5,3.499,0,0,0,0,5.386,110.48,1.496288105624,5.249344,38,Tripod,
342300,2026-05-22 09:08:14,51.9882666828182,4.39033729101704,5.249344,,,1.496288105624,5.577428,0,208.550531608,238.062343576,28,5,6.999,1.496288105624,5.249344,4.3172942,208.741148412,0,0,0,13.3, 4.9, 1.4,,,0,0,1024,1024,1024,480,0,0,0,-82,28.6,0,1.6,41,3.5,3.499,0,0,0,0,5.386,110.48,1.496288105624,5.249344,38,Tripod,
342400,2026-05-22 09:08:14,51.9882666046877,4.39033707288406,5.249344,,,1.496288105624,5.577428,0,208.561686464,238.119102108,28,5,6.999,1.496288105624,5.249344,4.3172942,208.741148412,0,0,0,11.3, 4.8, 1.1,,,0,0,1024,1024,1024,364,0,0,0,-100,25.4,0,1.1,41,3.5,3.499,0,0,0,0,5.386,110.48,1.496288105624,5.249344,38,Tripod,
342500,2026-05-22 09:08:14,51.9882665495166,4.39033701921334,5.249344,,,1.496288105624,5.577428,0,208.576778328,238.142396072,28,5,6.999,1.496288105624,5.249344,4.3172942,208.741148412,0,0,0,7.6, 4.6, 0.6,,,0,0,1024,1024,1024,805,0,0,0,-33,21.6,0,0.4,41,3.5,3.499,0,0,0,0,5.386,110.48,1.496288105624,5.249344,38,Tripod,
342600,2026-05-22 09:08:14,51.9882663844488,4.39033659235159,5.249344,,,1.496288105624,5.577428,0,208.603025048,238.255585052,27,5,6.999,1.496288105624,5.249344,4.3172942,208.741148412,0,0,0,4.5, 3.9, 0.2,,,0,0,1024,1024,1024,1024,0,0,0,0,21.2,0,0.6,41,3.5,3.499,0,0,0,0,5.386,110.48,1.496288105624,5.249344,38,Tripod,
342700,2026-05-22 09:08:14,51.9882663296203,4.39033658703738,5.249344,,,1.496288105624,5.577428,0,208.621725836,238.27592626,27,5,6.999,1.496288105624,5.249344,4.3172942,208.741148412,0,0,0,4.6, 2.9, 0,,,0,0,1024,1024,1024,944,0,0,0,-12,21.6,0,-0.6,41,3.5,3.499,0,0,0,0,5.386,110.48,1.496288105624,5.249344,38,Tripod,
342800,2026-05-22 09:08:14,51.9882660976275,4.39033654288215,5.249344,,,1.496288105624,5.577428,0,208.698497492,238.360900016,28,5,6.999,1.496288105624,5.249344,4.3172942,208.741148412,0,0,0,4.9, 2.3, -1.3,,,0,0,1024,1024,1024,654,0,0,0,-56,21.7,0,-1.8,41,3.5,3.499,0,0,0,0,5.386,110.48,1.496288105624,5.249344,38,Tripod,
342900,2026-05-22 09:08:14,51.9882660722694,4.39033660954626,5.249344,,,1.496288105624,5.577428,0,208.71227702,238.378616552,28,5,6.999,1.496288105624,5.249344,4.3172942,208.741148412,0,0,0,4.7, 2.7, -2.3,,,0,0,1024,1024,1024,382,0,0,0,-97,20.7,0,-2.1,41,3.5,3.499,0,0,0,0,5.386,110.48,1.496288105624,5.249344,38,Tripod,
343000,2026-05-22 09:08:14,51.9882661654092,4.39033673018715,5.249344,,,1.496288105624,5.577428,0,208.688654972,238.42192364,27,5,6.999,1.496288105624,5.249344,4.3172942,208.741148412,0,0,0,3.4, 3.1, -2.4,,,0,0,1024,1024,1024,382,0,0,0,-97,18.3,0,-2,41,3.5,3.499,0,0,0,0,5.386,110.48,1.496288105624,5.249344,38,Tripod,
343100,2026-05-22 09:08:14,51.9882661749356,4.39033679765812,5.249344,,,1.496288105624,5.577428,0,208.690295392,238.437671672,27,5,6.999,1.496288105624,5.249344,4.3172942,208.741148412,0,0,0,0.3, 3.5, -2.5,,,0,0,1024,1024,1024,364,0,0,0,-100,14.6,0,-3.4,41,3.5,3.499,0,0,0,0,5.386,110.48,1.496288105624,5.249344,38,Tripod,
343200,2026-05-22 09:08:15,51.988266429271,4.39033665453618,5.249344,,,1.496288105624,5.577428,0,208.592198276,238.535768788,27,5,7.004,1.496288105624,5.249344,4.3172942,208.741148412,0,0,0,356.5, 3.6, -4.3,,,0,0,1024,1024,1024,364,0,0,0,-100,10.6,0,-4.1,41,3.506,3.504,0,0,0,0,5.266,110.48,1.496288105624,5.249344,38,Tripod,
343300,2026-05-22 09:08:15,51.9882664520591,4.39033671098922,5.249344,,,1.496288105624,5.577428,0,208.588261268,238.550860652,27,5,7.004,1.496288105624,5.249344,4.3172942,208.741148412,0,0,0,352.5, 3.9, -4.2,,,0,0,1024,1024,1024,364,0,0,0,-100,6.7,0,-4.1,41,3.506,3.504,0,0,0,0,5.266,110.48,1.496288105624,5.249344,38,Tripod,
343400,2026-05-22 09:08:15,51.9882666439929,4.39033660030899,5.249344,,,1.496288105624,5.577428,0,208.5137862,238.62533572,26,5,7.004,1.496288105624,5.249344,4.3172942,208.741148412,0,0,0,348.5, 3.8, -4.5,,,0,0,1024,1024,1024,364,0,0,0,-100,2.7,0,-4.8,41,3.506,3.504,0,0,0,0,5.266,110.48,1.496288105624,5.249344,38,Tripod,
343500,2026-05-22 09:08:15,51.988266662189,4.39033662571147,5.249344,,,1.496288105624,5.577428,0,208.509521108,238.634193988,26,5,7.004,1.496288105624,5.249344,4.3172942,208.741148412,0,0,0,344.5, 3.2, -5,,,0,0,1024,1024,1024,364,0,0,0,-100,358.5,0,-4.5,41,3.506,3.504,0,0,0,0,5.266,110.48,1.496288105624,5.249344,38,Tripod,
343600,2026-05-22 09:08:15,51.9882669492159,4.39033682314407,5.249344,,,1.496288105624,5.577428,0,208.424547352,238.747711052,25,5,7.004,1.496288105624,5.249344,4.3172942,208.741148412,0,0,0,340.3, 3.5, -4.6,,,0,0,1024,1024,1024,364,0,0,0,-100,354.4,0,-4.4,41,3.506,3.504,0,0,0,0,5.266,110.48,1.496288105624,5.249344,38,Tripod,
343700,2026-05-22 09:08:15,51.9882670058948,4.39033681785768,5.249344,,,1.496288105624,5.577428,0,208.404534228,238.768380344,25,5,7.004,1.496288105624,5.249344,4.3172942,208.741148412,0,0,0,336.2, 4.5, -4.9,,,0,0,1024,1024,1024,1024,0,0,0,0,350.8,0,-6,41,3.506,3.504,0,0,0,0,5.266,110.48,1.496288105624,5.249344,38,Tripod,
343800,2026-05-22 09:08:15,51.9882672351119,4.39033670322658,5.249344,,,1.496288105624,5.577428,0,208.317263884,238.855978772,24,5,7.004,1.496288105624,5.249344,4.3172942,208.741148412,0,0,0,333.2, 5.2, -6.8,,,0,0,1024,1024,1024,1024,0,0,0,0,350.7,0,-6.7,41,3.506,3.504,0,0,0,0,5.266,110.48,1.496288105624,5.249344,38,Tripod,
343900,2026-05-22 09:08:15,51.9882673062175,4.39033670122332,5.249344,,,1.496288105624,5.577428,0,208.2923295,238.881897408,24,5,7.004,1.496288105624,5.249344,4.3172942,208.741148412,0,0,0,333.5, 5.8, -6.8,,,0,0,1024,1024,1024,1024,0,0,0,0,351,0,-6.7,41,3.506,3.504,0,0,0,0,5.266,110.48,1.496288105624,5.249344,38,Tripod,
344000,2026-05-22 09:08:15,51.9882675416371,4.39033639049512,5.249344,,,1.496288105624,5.577428,0,208.188654956,238.9927898,25,5,7.004,1.496288105624,5.249344,4.3172942,208.741148412,0,0,0,333.7, 5.7, -7,,,0,0,1024,1024,1024,1024,0,0,0,0,351,0,-6.8,41,3.506,3.504,0,0,0,0,5.266,110.48,1.496288105624,5.249344,38,Tripod,
344100,2026-05-22 09:08:15,51.9882675893378,4.39033637463597,5.249344,,,1.496288105624,5.577428,0,208.17093842,239.010506336,25,5,7.004,1.496288105624,5.249344,4.3172942,208.741148412,0,0,0,333.7, 5.8, -6.9,,,0,0,1024,1024,1024,1391,0,0,0,56,351.1,0,-6.5,41,3.506,3.504,0,0,0,0,5.266,110.48,1.496288105624,5.249344,38,Tripod,
344200,2026-05-22 09:08:16,51.9882677801408,4.39033636528741,5.249344,,,1.496288105624,5.577428,0,208.104337368,239.080060144,25,5,7.012,1.496288105624,5.249344,4.3172942,208.741148412,0,0,0,334.3, 5.9, -6.6,,,0,0,1024,1024,1024,1684,0,0,0,100,354,0.1,-6.2,41,3.5,3.499,0,0,0,0,4.988,110.48,1.496288105624,5.249344,38,Tripod,
344300,2026-05-22 09:08:16,51.9882677850411,4.39033634990125,5.249344,,,1.496288105624,5.577428,0,208.101712696,239.083997152,25,5,7.012,1.496288105624,5.249344,4.3172942,208.741148412,0,0,0,338.1, 5.6, -6.6,,,0,0,1024,1024,1024,1684,0,0,0,100,358.2,0.1,-6.5,41,3.5,3.499,0,0,0,0,4.988,110.48,1.496288105624,5.249344,38,Tripod,
344400,2026-05-22 09:08:16,51.9882679896196,4.39033636990604,5.249344,,,1.496288105624,5.577428,0,208.032486972,239.158800304,24,5,7.012,1.496288105624,5.249344,4.3172942,208.741148412,0,0,0,342.3, 5.1, -6.9,,,0,0,1024,1024,1024,1620,0,0,0,90,2.3,0.1,-6.3,41,3.5,3.499,0,0,0,0,4.988,110.48,1.496288105624,5.249344,38,Tripod,
344500,2026-05-22 09:08:16,51.9882679634391,4.39033630385404,5.249344,,,1.496288105624,5.577428,0,208.036752064,239.17651684,24,5,7.012,1.496288105624,5.249344,4.3172942,208.741148412,0,0,0,346.2, 5.2, -6.4,,,0,0,1024,1024,1024,1345,0,0,0,49,4,0,-5.1,41,3.5,3.499,0,0,0,0,4.988,110.48,1.496288105624,5.249344,38,Tripod,
344600,2026-05-22 09:08:16,51.9882681380334,4.39033620769747,5.249344,,,1.496288105624,5.577428,0.223694,207.969494844,239.24377406,26,5,7.012,1.496288105624,5.249344,4.3172942,208.741148412,0,-0.223694,0,347.2, 5.1, -5,,,0,0,1024,1024,1024,1101,0,0,0,12,4.1,0,-3.4,41,3.5,3.499,0,0,0,0,4.988,110.48,1.496288105624,5.249344,38,Tripod,
344700,2026-05-22 09:08:16,51.9882680967064,4.39033604888331,5.249344,,,1.496288105624,5.577428,0.223694,207.972119516,239.282487972,26,5,7.012,1.496288105624,5.249344,4.3172942,208.741148412,0,-0.223694,0,347.2, 5, -3.3,,,0,0,1024,1024,1024,1684,0,0,0,100,3.9,0,-2.1,41,3.5,3.499,0,0,0,0,4.988,110.48,1.496288105624,5.249344,38,Tripod,
344800,2026-05-22 09:08:16,51.9882681126409,4.39033578500919,5.249344,,,1.496288105624,5.577428,0,207.9478413,239.341871176,26,5,7.012,1.496288105624,5.249344,4.3172942,208.741148412,0,0,0,347.5, 4.8, -2.4,,,0,0,1024,1024,1024,1024,0,0,0,0,6.1,0,-1.7,41,3.5,3.499,0,0,0,0,4.988,110.48,1.496288105624,5.249344,38,Tripod,
344900,2026-05-22 09:08:16,51.9882680709371,4.39033568067263,5.249344,,,1.496288105624,5.577428,0,207.95440298,239.369758316,26,5,7.012,1.496288105624,5.249344,4.3172942,208.741148412,0,0,0,350.6, 4.9, -2.3,,,0,0,1024,1024,1024,1024,0,0,0,0,7.8,0,-2.4,41,3.5,3.499,0,0,0,0,4.988,110.48,1.496288105624,5.249344,38,Tripod,
345000,2026-05-22 09:08:16,51.9882681128465,4.39033523082902,5.249344,,,1.496288105624,5.577428,0,207.907486968,239.472120524,26,5,7.012,1.496288105624,5.249344,4.3172942,208.741148412,0,0,0,351, 4.5, -3.1,,,0,0,1024,1024,1024,1024,0,0,0,0,7.6,0,-3,41,3.5,3.499,0,0,0,0,4.988,110.48,1.496288105624,5.249344,38,Tripod,
345100,2026-05-22 09:08:16,51.9882680658312,4.39033520322852,5.249344,,,1.496288105624,5.577428,0,207.921922664,239.490493228,26,5,7.012,1.496288105624,5.249344,4.3172942,208.741148412,0,0,0,350.8, 4.1, -3.6,,,0,0,1024,1024,1024,1024,0,0,0,0,7.5,0,-3.3,41,3.5,3.499,0,0,0,0,4.988,110.48,1.496288105624,5.249344,38,Tripod,
345200,2026-05-22 09:08:17,51.9882682012574,4.39033504853218,5.249344,,,1.496288105624,5.577428,0,207.863851796,239.550860684,27,5,6.995,1.496288105624,5.249344,4.3172942,208.741148412,0,0,0,350.8, 3.3, -3.9,,,0,0,1024,1024,1024,1024,0,0,0,0,7.4,0,-3.2,41,3.495,3.494,0,0,0,0,5.332,110.66,1.496288105624,5.249344,38,Tripod,
345300,2026-05-22 09:08:17,51.9882681592108,4.3903350308367,5.249344,,,1.496288105624,5.577428,0,207.87730324,239.566608716,27,5,6.995,1.496288105624,5.249344,4.3172942,208.741148412,0,0,0,350.8, 2.7, -3.6,,,0,0,1024,1024,1024,1024,0,0,0,0,7.5,0,-3,41,3.495,3.494,0,0,0,0,5.332,110.66,1.496288105624,5.249344,38,Tripod,
345400,2026-05-22 09:08:17,51.9882684245804,4.39033486044814,5.249344,,,1.496288105624,5.577428,0,207.773300612,239.670611344,27,5,6.995,1.496288105624,5.249344,4.3172942,208.741148412,0,0,0,350.8, 2.6, -3.6,,,0,0,1024,1024,1024,555,0,0,0,-71,7.5,0,-3.1,41,3.495,3.494,0,0,0,0,5.332,110.66,1.496288105624,5.249344,38,Tripod,
345500,2026-05-22 09:08:17,51.9882684051164,4.39033484475592,5.249344,,,1.496288105624,5.577428,0,207.77887804,239.678813444,27,5,6.995,1.496288105624,5.249344,4.3172942,208.741148412,0,0,0,350.7, 2.9, -3.8,,,0,0,1024,1024,1024,364,0,0,0,-100,5.5,0,-3.7,41,3.495,3.494,0,0,0,0,5.332,110.66,1.496288105624,5.249344,38,Tripod,
345600,2026-05-22 09:08:17,51.9882685610347,4.39033466510227,5.249344,,,1.496288105624,5.577428,0,207.711948904,239.748367252,27,5,6.995,1.496288105624,5.249344,4.3172942,208.741148412,0,0,0,347.6, 2.9, -4.4,,,0,0,1024,1024,1024,1024,0,0,0,0,1.6,0,-3.6,41,3.495,3.494,0,0,0,0,5.332,110.66,1.496288105624,5.249344,38,Tripod,
345700,2026-05-22 09:08:17,51.9882685444834,4.39033462103051,5.249344,,,1.496288105624,5.577428,0,207.714573576,239.759850192,27,5,6.995,1.496288105624,5.249344,4.3172942,208.741148412,0,0,0,344.3, 3.1, -3.8,,,0,0,1024,1024,1024,1024,0,0,0,0,1.2,0,-2.8,41,3.495,3.494,0,0,0,0,5.332,110.66,1.496288105624,5.249344,38,Tripod,
345800,2026-05-22 09:08:17,51.9882687647566,4.39033458708634,5.249344,,,1.496288105624,5.577428,0,207.635833416,239.84088694,27,5,6.995,1.496288105624,5.249344,4.3172942,208.741148412,0,0,0,344.6, 3.3, -3.2,,,0,0,1024,1024,1024,1024,0,0,0,0,1.4,0,-2.8,41,3.495,3.494,0,0,0,0,5.332,110.66,1.496288105624,5.249344,38,Tripod,
345900,2026-05-22 09:08:17,51.9882687445729,4.39033451669394,5.249344,,,1.496288105624,5.577428,0,207.63780192,239.858275392,27,5,6.995,1.496288105624,5.249344,4.3172942,208.741148412,0,0,0,344.7, 3.3, -3.3,,,0,0,1024,1024,1024,885,0,0,0,-21,1.2,0,-2.3,41,3.495,3.494,0,0,0,0,5.332,110.66,1.496288105624,5.249344,38,Tripod,
346000,2026-05-22 09:08:17,51.9882690574719,4.39033445072541,5.249344,,,1.496288105624,5.577428,0,207.524941024,239.973432876,27,5,6.995,1.496288105624,5.249344,4.3172942,208.741148412,0,0,0,344.5, 3.3, -2.4,,,0,0,1024,1024,1024,885,0,0,0,-21,1.3,0,-2.1,41,3.495,3.494,0,0,0,0,5.332,110.66,1.496288105624,5.249344,38,Tripod,
346100,2026-05-22 09:08:17,51.9882690456152,4.39033443236218,5.249344,,,1.496288105624,5.577428,0,207.527565696,239.979338388,27,5,6.995,1.496288105624,5.249344,4.3172942,208.741148412,0,0,0,344.6, 2.9, -3.3,,,0,0,1024,1024,1024,943,0,0,0,-12,1.3,0,-3.9,41,3.495,3.494,0,0,0,0,5.332,110.66,1.496288105624,5.249344,38,Tripod,
346200,2026-05-22 09:08:18,51.9882692914865,4.39033440100556,5.249344,,,1.496288105624,5.577428,0,207.440623436,240.069233404,27,5,6.995,1.496288105624,5.249344,4.3172942,208.741148412,0,0,0,344.5, 3.1, -4.7,,,0,0,1024,1024,1024,1003,0,0,0,-3,1.3,0,-4.5,41,3.495,3.494,0,0,0,0,5.332,110.66,1.496288105624,5.249344,38,Tripod,
346300,2026-05-22 09:08:18,51.9882693089631,4.39033441308078,5.249344,,,1.496288105624,5.577428,0,207.435374092,240.076123168,27,5,6.988,1.496288105624,5.249344,4.3172942,208.741148412,0,0,0,344.5, 3.6, -4.9,,,0,0,1024,1024,1024,1024,0,0,0,0,1.3,0,-3.8,41,3.495,3.493,0,0,0,0,5.295,110.66,1.496288105624,5.249344,38,Tripod,
346400,2026-05-22 09:08:18,51.9882695410244,4.39033451096239,5.249344,,,1.496288105624,5.577428,0,207.36221136,240.163721596,27,5,6.988,1.496288105624,5.249344,4.3172942,208.741148412,0,0,0,344.5, 4, -4.2,,,0,0,1158,1024,1024,1024,20,0,0,0,1.3,0,-3.8,41,3.495,3.493,0,0,0,0,5.295,110.66,1.496288105624,5.249344,38,Tripod,
346500,2026-05-22 09:08:18,51.9882695635726,4.39033450417356,5.249344,,,1.496288105624,5.577428,0,207.35400926,240.171923696,27,5,6.988,1.496288105624,5.249344,4.3172942,208.741148412,0,0,0,344.6, 3.9, -4.4,,,0,0,1674,1024,1024,1024,98,0,0,0,1.3,0,-3.6,41,3.495,3.493,0,0,0,0,5.295,110.66,1.496288105624,5.249344,38,Tripod,
346600,2026-05-22 09:08:18,51.9882697507774,4.39033455773299,5.249344,,,1.496288105624,5.577428,0,207.292985636,240.241477504,26,5,6.988,1.496288105624,5.249344,4.3172942,208.741148412,0,0,0,344.6, 3.6, -4,,,0,0,1684,1032,1024,1024,100,1,0,0,1.1,0,-3.5,41,3.495,3.493,0,0,0,0,5.295,110.66,1.496288105624,5.249344,38,Tripod,
346700,2026-05-22 09:08:18,51.9882697857648,4.39033448466957,5.249344,,,1.496288105624,5.577428,0,207.275597184,240.262146796,26,5,6.988,1.496288105624,5.249344,4.3172942,208.741148412,0,0,0,344.5, 0.4, -3.9,,,0,0,1684,1024,1024,1024,100,0,0,0,0.9,0,-2.5,41,3.495,3.493,0,0,0,0,5.295,110.66,1.496288105624,5.249344,38,Tripod,
346800,2026-05-22 09:08:18,51.9882702260371,4.39033429280159,5.249344,,,1.496288105624,5.577428,0.3131716,207.109914764,240.428485384,26,5,6.988,1.496288105624,5.249344,4.3172942,208.741148412,0.223694,-0.223694,0,344.4, -1.2, -2.3,,,0,0,1684,1024,1024,1024,100,0,0,0,0.8,0,-1,41,3.495,3.493,0,0,0,0,5.295,110.66,1.496288105624,5.249344,38,Tripod,
346900,2026-05-22 09:08:18,51.9882703880209,4.39033413988593,5.249344,,,1.496288105624,5.577428,0.4921268,207.042657544,240.496726856,26,5,6.988,1.496288105624,5.249344,4.3172942,208.741148412,0.447388,-0.223694,0,344.4, -1.3, -1.5,,,0,0,1684,1024,1024,1024,100,0,0,0,0.8,0,-1.2,41,3.495,3.493,0,0,0,0,5.295,110.66,1.496288105624,5.249344,38,Tripod,
347000,2026-05-22 09:08:18,51.9882709115296,4.39033378411216,5.249344,,,1.496288105624,5.577428,0.4921268,206.836292708,240.704075944,26,5,6.988,1.496288105624,5.249344,4.3172942,208.741148412,0.447388,-0.223694,0,344.4, -1.5, -1.9,,,0,0,1684,1024,1024,1024,100,0,0,0,0.9,0,-1.8,41,3.495,3.493,0,0,0,0,5.295,110.66,1.496288105624,5.249344,38,Tripod,
347100,2026-05-22 09:08:18,51.9882712269644,4.39033362582664,5.249344,,,1.496288105624,5.577428,0.7158208,206.71588588,240.824482772,26,5,6.988,1.496288105624,5.249344,4.3172942,208.741148412,0.671082,-0.223694,0,344.5, -1.7, -2.3,,,0,0,1684,1024,1024,1024,100,0,0,0,0.9,0,-2,41,3.495,3.493,0,0,0,0,5.295,110.66,1.496288105624,5.249344,38,Tripod,
347200,2026-05-22 09:08:19,51.9882716290282,4.39033315405845,5.249344,,,1.496288105624,5.577428,0.9171454,206.542985612,241.005257056,26,5,6.998,1.496288105624,5.249344,4.3172942,208.741148412,0.894776,-0.223694,0,344.5, -2, -2.7,,,0,0,1684,1024,1024,1024,100,0,0,0,1,0,-2.3,41,3.5,3.498,0,0,0,0,5.072,110.66,1.496288105624,5.249344,38,Tripod,
347300,2026-05-22 09:08:19,51.9882720912318,4.39033296321992,5.249344,,,1.496288105624,5.577428,1.1408394,206.369429176,241.17946966,26,5,6.998,1.496288105624,5.249344,4.3172942,208.741148412,1.11847,-0.223694,0,344.6, -1.7, -2.8,,,0,0,1684,1024,1024,1024,100,0,0,0,1,0,-2.2,41,3.5,3.498,0,0,0,0,5.072,110.66,1.496288105624,5.249344,38,Tripod,
347400,2026-05-22 09:08:19,51.9882725206755,4.39033217318347,5.249344,,,1.496288105624,5.577428,1.3645334,206.164048592,241.416018224,26,5,6.998,1.496288105624,5.249344,4.3172942,208.741148412,1.342164,-0.223694,0,344.6, -1.6, -2.8,,,0,0,1684,1024,1024,1024,100,0,0,0,1,0,-2.3,41,3.5,3.498,0,0,0,0,5.072,110.66,1.496288105624,5.249344,38,Tripod,
347500,2026-05-22 09:08:19,51.9882730986357,4.39033192655966,5.249344,,,1.496288105624,5.577428,1.3645334,205.9465289,241.634194084,26,5,6.998,1.496288105624,5.249344,4.3172942,208.741148412,1.342164,-0.223694,0,344.5, -1.4, -2.8,,,0,0,1684,1024,1024,1024,100,0,0,0,0.8,0,-2.1,41,3.5,3.498,0,0,0,0,5.072,110.66,1.496288105624,5.249344,38,Tripod,
347600,2026-05-22 09:08:19,51.9882736467145,4.39033127274503,5.249344,,,1.496288105624,5.577428,1.5882274,205.709980336,241.882225588,26,5,6.998,1.496288105624,5.249344,4.3172942,208.741148412,1.565858,-0.223694,0,344.3, -1.5, -2.5,,,0,0,1684,1024,1024,1024,100,0,0,0,0.7,0,-2.3,41,3.5,3.498,0,0,0,0,5.072,110.66,1.496288105624,5.249344,38,Tripod,
347700,2026-05-22 09:08:19,51.9882743098986,4.39033099888242,5.249344,,,1.496288105624,5.577428,1.5882274,205.461292664,242.131897512,26,5,6.998,1.496288105624,5.249344,4.3172942,208.741148412,1.565858,-0.223694,0,344.3, -2.1, -2.9,,,0,0,1684,1024,1024,1024,100,0,0,0,0.7,0,-2.4,41,3.5,3.498,0,0,0,0,5.072,110.66,1.496288105624,5.249344,38,Tripod,
347800,2026-05-22 09:08:19,51.988275119132,4.39033072936022,5.249344,,,1.496288105624,5.577428,1.8119214,205.162080056,242.433406708,26,5,6.998,1.496288105624,5.249344,4.3172942,208.741148412,1.789552,-0.223694,0,344.4, -2.7, -3,,,0,0,1684,1024,1024,1024,100,0,0,0,0.8,0,-2.8,41,3.5,3.498,0,0,0,0,5.072,110.66,1.496288105624,5.249344,38,Tripod,
347900,2026-05-22 09:08:19,51.988275864456,4.39033045413428,5.249344,,,1.496288105624,5.577428,1.8119214,204.884520992,242.712278108,26,5,6.998,1.496288105624,5.249344,4.3172942,208.741148412,1.789552,-0.223694,0,344.6, -3.7, -3.5,,,0,0,1684,1024,1024,1024,100,0,0,0,1,0,-3.2,41,3.5,3.498,0,0,0,0,5.072,110.66,1.496288105624,5.249344,38,Tripod,
348000,2026-05-22 09:08:19,51.9882768897819,4.39033002398941,5.249344,,,1.496288105624,5.577428,2.0356154,204.499350376,243.098432976,26,5,6.998,1.496288105624,5.249344,4.3172942,208.741148412,2.013246,-0.223694,0,344.8, -4.5, -4,,,0,0,1684,1024,1024,1024,100,0,0,0,1.3,0,-3.2,41,3.5,3.498,0,0,0,0,5.072,110.66,1.496288105624,5.249344,38,Tripod,
348100,2026-05-22 09:08:19,51.9882777261211,4.39032971712863,5.249344,,,1.496288105624,5.249344,2.0579848,204.188326744,243.411425112,26,5,6.998,1.496288105624,5.249344,4.3172942,208.741148412,2.013246,-0.447388,0,345.1, -4.4, -3.7,,,0,0,1684,1024,1024,1024,100,0,0,0,1.4,0,-3.3,41,3.5,3.498,0,0,0,0,5.072,110.66,1.496288105624,5.249344,38,Tripod,
348200,2026-05-22 09:08:20,51.9882789027393,4.39032924241119,5.249344,,,1.496288105624,5.249344,2.2816788,203.747381848,243.853682344,24,5,6.99,1.496288105624,5.249344,4.3172942,208.741148412,2.23694,-0.447388,0,345.1, -4.3, -4,,,0,0,1684,1024,1024,1024,100,0,0,0,1.2,0,-3.8,41,3.496,3.494,0,0,0,0,5.262,110.84,1.496288105624,5.249344,38,Tripod,
348300,2026-05-22 09:08:20,51.9882798783084,4.3903288855245,5.249344,,,1.496288105624,5.577428,2.5053728,203.384520944,244.218511752,24,5,6.99,1.496288105624,5.249344,4.3172942,208.741148412,2.460634,-0.447388,0,345, -3.8, -4.5,,,0,0,1684,1024,1024,1024,100,0,0,0,1.1,0,-3.9,41,3.496,3.494,0,0,0,0,5.262,110.84,1.496288105624,5.249344,38,Tripod,
348400,2026-05-22 09:08:20,51.9882809898521,4.39032832182883,5.249344,,,1.496288105624,5.577428,2.7290668,202.959652164,244.643380532,26,5,6.99,1.496288105624,5.249344,4.3172942,208.741148412,2.684328,-0.447388,0,344.8, -3.1, -4.4,,,0,0,1684,1024,1024,1024,100,0,0,0,1,0,-3.8,41,3.496,3.494,0,0,0,0,5.262,110.84,1.496288105624,5.249344,38,Tripod,
348500,2026-05-22 09:08:20,51.9882820857011,4.39032789043193,5.249344,,,1.496288105624,5.577428,2.7738056,202.549875248,245.054797868,26,5,6.99,1.496288105624,5.249344,4.3172942,208.741148412,2.684328,-0.671082,0,344.7, -2.4, -4.4,,,0,0,1684,1024,1024,1024,100,0,0,0,1,0,-3.9,41,3.496,3.494,0,0,0,0,5.262,110.84,1.496288105624,5.249344,38,Tripod,
348600,2026-05-22 09:08:20,51.9882835196017,4.39032757884122,5.249344,,,1.496288105624,5.577428,2.9751302,202.032158696,245.582685024,26,5,6.99,1.496288105624,5.249344,4.3172942,208.741148412,2.908022,-0.671082,0,344.6, -1.7, -4.4,,,0,0,1684,1024,1024,1024,100,0,0,0,0.9,0,-3.5,41,3.496,3.494,0,0,0,0,5.262,110.84,1.496288105624,5.249344,38,Tripod,
348700,2026-05-22 09:08:20,51.9882847149643,4.39032709160339,5.249344,,,1.496288105624,5.577428,2.9751302,201.583995952,246.032488188,26,5,6.99,1.496288105624,5.249344,4.3172942,208.741148412,2.908022,-0.671082,0,344.5, -1.1, -4.1,,,0,0,1684,1024,1024,1024,100,0,0,0,0.8,0,-3.8,41,3.496,3.494,0,0,0,0,5.262,110.84,1.496288105624,5.249344,38,Tripod,
348800,2026-05-22 09:08:20,51.988286323699,4.39032656839031,5.249344,,,1.496288105624,5.577428,3.1988242,200.990491996,246.630913404,26,5,6.99,1.496288105624,5.249344,4.3172942,208.741148412,3.131716,-0.671082,0,344.3, -0.3, -4.5,,,0,0,1684,1024,1024,740,100,0,0,-43,0.7,0,-4.1,41,3.496,3.494,0,0,0,0,5.262,110.84,1.496288105624,5.249344,38,Tripod,
348900,2026-05-22 09:08:20,51.9882875807094,4.39032603568956,5.249344,,,1.496288105624,5.577428,3.1988242,200.517722952,247.104994784,26,5,6.99,1.496288105624,5.249344,4.3172942,208.741148412,3.131716,-0.671082,0,344.2, -0.2, -4.6,,,0,0,1684,1024,1024,740,100,0,0,-43,0.3,0,-3.8,41,3.496,3.494,0,0,0,0,5.262,110.84,1.496288105624,5.249344,38,Tripod,
349000,2026-05-22 09:08:20,51.9882890317438,4.39032546364697,5.249344,,,1.496288105624,5.577428,3.1988242,199.975072016,247.649614224,26,5,6.99,1.496288105624,5.249344,4.3172942,208.741148412,3.131716,-0.671082,0,343.5, -0.1, -4.2,,,0,0,1684,1024,1024,575,100,0,0,-68,358.9,0,-3.5,41,3.496,3.494,0,0,0,0,5.262,110.84,1.496288105624,5.249344,38,Tripod,
349100,2026-05-22 09:08:21,51.9882903260032,4.39032487290727,5.249344,,,1.496288105624,5.577428,3.2659324,199.485242604,248.140099804,26,5,6.99,1.496288105624,5.249344,4.3172942,208.741148412,3.131716,-0.894776,0,341.9, 0.5, -4.3,,,0,0,1684,1024,1024,952,100,0,0,-11,357.9,0,-4.5,41,3.496,3.494,0,0,0,0,5.262,110.84,1.496288105624,5.249344,38,Tripod,
349200,2026-05-22 09:08:21,51.9882919032459,4.39032415562818,5.249344,,,1.496288105624,5.577428,3.2659324,198.888785892,248.737868852,25,5,6.989,1.496288105624,5.249344,4.3172942,208.741148412,3.131716,-0.894776,0,341.3, 0.7, -5.5,,,0,0,1684,1024,1024,1024,100,0,0,0,357.9,0,-5.3,41,3.496,3.493,0,0,0,0,5.178,110.84,1.496288105624,5.249344,38,Tripod,
349300,2026-05-22 09:08:21,51.9882932144335,4.39032351255326,5.249344,,,1.496288105624,5.577428,3.2659324,198.38911396,249.237540784,25,5,6.989,1.496288105624,5.249344,4.3172942,208.741148412,3.131716,-0.894776,0,341.3, 0.1, -5.8,,,0,0,1684,1024,1024,1024,100,0,0,0,357.8,0,-4.8,41,3.496,3.493,0,0,0,0,5.178,110.84,1.496288105624,5.249344,38,Tripod,
349400,2026-05-22 09:08:21,51.9882947333525,4.39032280081097,5.249344,,,1.496288105624,5.577428,3.2659324,197.812998456,249.814312456,25,5,6.989,1.496288105624,5.249344,4.3172942,208.741148412,3.131716,-0.894776,0,341.2, 0, -5.1,,,0,0,1684,1024,1024,1024,100,0,0,0,357.7,0,-4.3,41,3.496,3.493,0,0,0,0,5.178,110.84,1.496288105624,5.249344,38,Tripod,
349500,2026-05-22 09:08:21,51.9882960591725,4.39032203996094,5.249344,,,1.496288105624,5.577428,3.3330406,197.300203164,250.327435832,25,5,6.989,1.496288105624,5.249344,4.3172942,208.741148412,3.131716,-1.11847,0,341.2, 0.2, -4.8,,,0,0,1684,1024,1024,1024,100,0,0,0,357.9,0,-3.5,41,3.496,3.493,0,0,0,0,5.178,110.84,1.496288105624,5.249344,38,Tripod,
349600,2026-05-22 09:08:21,51.9882975668173,4.39032088944863,5.249344,,,1.496288105624,5.577428,3.3330406,196.69620052,250.9350474,25,5,6.989,1.496288105624,5.249344,4.3172942,208.741148412,3.131716,-1.11847,0,341.4, 0.3, -3.8,,,0,0,1684,1024,1024,1024,100,0,0,0,358,0,-2.3,41,3.496,3.493,0,0,0,0,5.178,110.84,1.496288105624,5.249344,38,Tripod,
349700,2026-05-22 09:08:21,51.9882989405437,4.39032006129456,5.249344,,,1.496288105624,5.577428,3.3330406,196.161751684,251.46982432,25,5,6.989,1.496288105624,5.249344,4.3172942,208.741148412,3.131716,-1.11847,0,341.5, 0.3, -2.5,,,0,0,1684,1024,1024,1024,100,0,0,0,357.9,0,-1,41,3.496,3.493,0,0,0,0,5.178,110.84,1.496288105624,5.249344,38,Tripod,
349800,2026-05-22 09:08:21,51.9883004856774,4.39031885866961,5.249344,,,1.496288105624,5.577428,3.5343652,195.541016756,252.09482434,25,5,6.989,1.496288105624,5.249344,4.3172942,208.741148412,3.35541,-1.11847,0,341.4, 0.3, -1.1,,,0,0,1684,1024,1024,1024,100,0,0,0,357.9,0,0.1,41,3.496,3.493,0,0,0,0,5.178,110.84,1.496288105624,5.249344,38,Tripod,
349900,2026-05-22 09:08:21,51.9883018814037,4.39031801435033,5.249344,,,1.496288105624,5.577428,3.5343652,194.997709652,252.638459528,25,5,6.989,1.496288105624,5.249344,4.3172942,208.741148412,3.35541,-1.11847,0,341.5, 0, -0.2,,,0,0,1684,1024,1024,1024,100,0,0,0,358,0,0.1,41,3.496,3.493,0,0,0,0,5.178,110.84,1.496288105624,5.249344,38,Tripod,
350000,2026-05-22 09:08:21,51.9883033041329,4.39031716747133,5.249344,,,1.496288105624,5.577428,3.5343652,194.444888112,253.191281068,25,5,6.989,1.496288105624,5.249344,4.3172942,208.741148412,3.35541,-1.11847,0,341.5, -0.1, -0.5,,,0,0,1684,1024,1024,1024,100,0,0,0,358,0,-0.1,41,3.496,3.493,0,0,0,0,5.178,110.84,1.496288105624,5.249344,38,Tripod,
350100,2026-05-22 09:08:21,51.9883046999963,4.39031637570985,5.249344,,,1.496288105624,5.577428,3.5343652,193.905518016,253.730651164,25,5,6.989,1.496288105624,5.249344,4.3172942,208.741148412,3.35541,-1.11847,0,341.5, -0.2, -0.8,,,0,0,1684,1024,1024,1024,100,0,0,0,358,0,-0.7,41,3.496,3.493,0,0,0,0,5.178,110.84,1.496288105624,5.249344,38,Tripod,
350200,2026-05-22 09:08:22,51.9883060151933,4.39031557587968,5.249344,,,1.496288105624,5.577428,3.5343652,193.393378892,254.243118372,27,5,6.966,1.496288105624,5.249344,4.3172942,208.741148412,3.35541,-1.11847,0,341.5, -0.3, -1.5,,,0,0,1684,1024,1024,1024,100,0,0,0,358,0,-0.8,40,3.484,3.482,0,0,0,0,5.876,111.02,1.496288105624,5.249344,38,Tripod,
350300,2026-05-22 09:08:22,51.9883073840536,4.39031483150091,5.249344,,,1.496288105624,5.577428,3.5343652,192.866804072,254.769693192,27,5,6.966,1.496288105624,5.249344,4.3172942,208.741148412,3.35541,-1.11847,0,341.5, -0.4, -1.2,,,0,0,1684,1024,1024,1073,100,0,0,7,358,0,-0.4,40,3.484,3.482,0,0,0,0,5.876,111.02,1.496288105624,5.249344,38,Tripod,
350400,2026-05-22 09:08:22,51.9883090124923,4.39031425214085,5.249344,,,1.496288105624,5.577428,3.5343652,192.26214526,255.377960928,27,5,6.966,1.496288105624,5.249344,4.3172942,208.741148412,3.35541,-1.11847,0,341.6, -0.6, -0.9,,,0,0,1684,1024,1024,1093,100,0,0,10,358.3,0,-0.1,40,3.484,3.482,0,0,0,0,5.876,111.02,1.496288105624,5.249344,38,Tripod,
350500,2026-05-22 09:08:22,51.9883104796326,4.39031344162661,5.249344,,,1.496288105624,5.577428,3.7580592,191.696856528,255.94324966,27,5,6.966,1.496288105624,5.249344,4.3172942,208.741148412,3.579104,-1.11847,0,341.9, -0.5, -0.7,,,0,0,1684,1024,1024,1024,100,0,0,0,358.5,0,-0.3,40,3.484,3.482,0,0,0,0,5.876,111.02,1.496288105624,5.249344,38,Tripod,
350600,2026-05-22 09:08:22,51.9883121676287,4.39031288274434,5.249344,,,1.496288105624,5.577428,3.7580592,191.073496928,256.571858604,28,5,6.966,1.496288105624,5.249344,4.3172942,208.741148412,3.579104,-1.11847,0,342.1, -0.4, -0.7,,,0,0,1684,1024,1024,1024,100,0,0,0,358.5,0,0.5,40,3.484,3.482,0,0,0,0,5.876,111.02,1.496288105624,5.249344,38,Tripod,
350700,2026-05-22 09:08:22,51.9883136646163,4.39031201321735,5.249344,,,1.496288105624,5.577428,3.7580592,190.493444416,257.151911116,28,5,6.966,1.496288105624,5.249344,4.3172942,208.741148412,3.579104,-1.11847,0,342, -0.3, 0.1,,,0,0,1684,1024,1024,1024,100,0,0,0,358.5,0,0.7,40,3.484,3.482,0,0,0,0,5.876,111.02,1.496288105624,5.249344,38,Tripod,
350800,2026-05-22 09:08:22,51.9883154173784,4.39031127863231,5.249344,,,1.496288105624,5.577428,3.7580592,189.834979828,257.812344208,28,5,6.966,1.496288105624,5.249344,4.3172942,208.741148412,3.579104,-1.11847,0,342, -0.2, 0.1,,,0,0,1684,1024,1024,1024,100,0,0,0,358.5,0,0.5,40,3.484,3.482,0,0,0,0,5.876,111.02,1.496288105624,5.249344,38,Tripod,
350900,2026-05-22 09:08:22,51.988316920637,4.39031040137049,5.249344,,,1.496288105624,5.577428,3.8251674,189.252302644,258.395349476,28,5,6.966,1.496288105624,5.249344,4.3172942,208.741148412,3.579104,-1.342164,0,342, -0.2, 0,,,0,0,1684,1024,1024,1024,100,0,0,0,358.4,0,0.9,40,3.484,3.482,0,0,0,0,5.876,111.02,1.496288105624,5.249344,38,Tripod,
351000,2026-05-22 09:08:22,51.988318631147,4.39030987036695,5.249344,,,1.496288105624,5.577428,3.8251674,188.623037532,259.0305201,28,5,6.966,1.496288105624,5.249344,4.3172942,208.741148412,3.579104,-1.342164,0,341.9, -0.1, 0.4,,,0,0,1684,1024,1024,1024,100,0,0,0,358.3,0,1.2,40,3.484,3.482,0,0,0,0,5.876,111.02,1.496288105624,5.249344,38,Tripod,
351100,2026-05-22 09:08:22,51.988320145097,4.39030898041781,5.249344,,,1.496288105624,5.577428,3.8251674,188.035767172,259.618118544,28,5,6.966,1.496288105624,5.249344,4.3172942,208.741148412,3.579104,-1.342164,0,341.8, -0.2, 0.6,,,0,0,1684,1024,1024,1024,100,0,0,0,358.3,0,1.2,40,3.484,3.482,0,0,0,0,5.876,111.02,1.496288105624,5.249344,38,Tripod,
351200,2026-05-22 09:08:23,51.9883218534482,4.39030814747817,5.249344,,,1.496288105624,5.577428,3.8251674,187.385504684,260.268709116,28,5,6.976,1.496288105624,5.249344,4.3172942,208.741148412,3.579104,-1.342164,0,341.8, -0.4, 0.3,,,0,0,1684,1024,1024,1024,100,0,0,0,358.1,0,0.7,40,3.489,3.487,0,0,0,0,5.412,111.02,1.496288105624,5.249344,38,Tripod,
351300,2026-05-22 09:08:23,51.9883233797347,4.39030723691213,5.249344,,,1.496288105624,5.577428,3.8251674,186.792328812,260.862213072,28,5,6.976,1.496288105624,5.249344,4.3172942,208.741148412,3.579104,-1.342164,0,341.5, -0.1, 0.1,,,0,0,1684,1024,1024,1024,100,0,0,0,357.9,0,0.9,40,3.489,3.487,0,0,0,0,5.412,111.02,1.496288105624,5.249344,38,Tripod,
351400,2026-05-22 09:08:23,51.9883250622136,4.39030631146074,5.249344,,,1.496288105624,5.577428,3.8251674,186.144034828,261.510178972,28,5,6.976,1.496288105624,5.249344,4.3172942,208.741148412,3.579104,-1.342164,0,341.4, -0.2, 0.4,,,0,0,1684,1024,1024,1024,100,0,0,0,358,0,1.2,40,3.489,3.487,0,0,0,0,5.412,111.02,1.496288105624,5.249344,38,Tripod,
351500,2026-05-22 09:08:23,51.9883265891855,4.39030541296991,5.249344,,,1.496288105624,5.577428,3.8251674,185.551843208,262.102698676,28,5,6.976,1.496288105624,5.249344,4.3172942,208.741148412,3.579104,-1.342164,0,341.6, -1.1, 0.7,,,0,0,1684,1024,1024,1024,100,0,0,0,358.2,0,1.3,40,3.489,3.487,0,0,0,0,5.412,111.02,1.496288105624,5.249344,38,Tripod,
351600,2026-05-22 09:08:23,51.9883283956795,4.39030483731032,5.249344,,,1.496288105624,5.577428,4.026492,184.886160772,262.774614708,28,5,6.976,1.496288105624,5.249344,4.3172942,208.741148412,3.802798,-1.342164,0,341.7, -1.5, 0.6,,,0,0,1684,1024,1024,1024,100,0,0,0,358.2,0,1.2,40,3.489,3.487,0,0,0,0,5.412,111.02,1.496288105624,5.249344,38,Tripod,
351700,2026-05-22 09:08:23,51.9883299614082,4.39030394680472,5.249344,,,1.496288105624,5.905512,4.026492,184.280845792,263.379601604,28,5,6.976,1.496288105624,5.249344,4.3172942,208.741148412,3.802798,-1.342164,0,341.7, -1.3, 0.5,,,0,0,1684,1024,1024,1024,100,0,0,0,358.2,0,0.9,40,3.489,3.487,0,0,0,0,5.412,111.02,1.496288105624,5.249344,38,Tripod,
351800,2026-05-22 09:08:23,51.9883316806222,4.39030325559587,5.249344,,,1.496288105624,5.905512,4.026492,183.637144984,264.025927084,28,5,6.976,1.496288105624,5.249344,4.3172942,208.741148412,3.802798,-1.342164,0,341.7, -1, 0.3,,,0,0,1684,1024,1024,1024,100,0,0,0,358.2,0,1,40,3.489,3.487,0,0,0,0,5.412,111.02,1.496288105624,5.249344,38,Tripod,
351900,2026-05-22 09:08:23,51.9883332816124,4.39030239071533,5.249344,,,1.496288105624,5.905512,3.9593838,183.0216594,264.641412668,28,5,6.976,1.496288105624,5.249344,4.3172942,208.741148412,3.802798,-1.11847,0,341.6, -0.8, 0.3,,,0,0,1684,1024,1024,1024,100,0,0,0,358.2,0,0.7,40,3.489,3.487,0,0,0,0,5.412,111.02,1.496288105624,5.249344,38,Tripod,
352000,2026-05-22 09:08:23,51.988335112745,4.39030172385167,5.249344,,,1.496288105624,5.905512,3.9593838,182.341213184,265.326123976,28,5,6.976,1.496288105624,5.249344,4.3172942,208.741148412,3.802798,-1.11847,0,341.6, -0.8, 0,,,0,0,1684,1024,1024,1024,100,0,0,0,358.1,0,0.4,40,3.489,3.487,0,0,0,0,5.412,111.02,1.496288105624,5.249344,38,Tripod,
352100,2026-05-22 09:08:23,51.9883367228847,4.39030086834751,5.249344,,,1.496288105624,5.905512,3.9593838,181.723102928,265.944234232,28,5,6.976,1.496288105624,5.249344,4.3172942,208.741148412,3.802798,-1.11847,0,341.5, -1, 0,,,0,0,1684,1024,1024,1024,100,0,0,0,358.1,0,0.7,40,3.489,3.487,0,0,0,0,5.412,111.02,1.496288105624,5.249344,38,Tripod,
352200,2026-05-22 09:08:24,51.9883387553404,4.39030032359937,5.249344,,,1.496288105624,5.905512,4.1830778,180.981961172,266.695874676,28,5,6.966,1.496288105624,5.249344,4.3172942,208.741148412,4.026492,-1.11847,0,341.7, -0.7, 0,,,0,0,1684,1024,1024,1024,100,0,0,0,358.3,0,0.4,40,3.482,3.481,0,0,0,0,5.609,111.02,1.496288105624,5.249344,38,Tripod,
352300,2026-05-22 09:08:24,51.9883403820999,4.39029947279731,5.249344,,,1.496288105624,5.905512,4.1830778,180.358601572,267.31956236,28,5,6.966,1.496288105624,5.249344,4.3172942,208.741148412,4.026492,-1.11847,0,341.8, -0.5, -0.3,,,0,0,1684,1024,1024,1024,100,0,0,0,358.4,0,0.2,40,3.482,3.481,0,0,0,0,5.609,111.02,1.496288105624,5.249344,38,Tripod,
352400,2026-05-22 09:08:24,51.9883423052072,4.39029871637115,5.249344,,,1.496288105624,5.905512,4.1830778,179.639769528,268.04134716,26,5,6.966,1.496288105624,5.249344,4.3172942,208.741148412,4.026492,-1.11847,0,341.9, -0.5, -0.4,,,0,0,1684,1024,1024,1024,100,0,0,0,358.3,0,0,40,3.482,3.481,0,0,0,0,5.609,111.02,1.496288105624,5.249344,38,Tripod,
352500,2026-05-22 09:08:24,51.9883439829572,4.39029782497521,5.249344,,,1.496288105624,5.905512,4.250186,178.995740636,268.685376052,26,5,6.966,1.496288105624,5.249344,4.3172942,208.741148412,4.026492,-1.342164,0,341.7, 0.1, -0.6,,,0,0,1684,1024,1024,1024,100,0,0,0,358.1,0,0.1,40,3.482,3.481,0,0,0,0,5.609,111.02,1.496288105624,5.249344,38,Tripod,
352600,2026-05-22 09:08:24,51.9883457831117,4.39029714305926,5.249344,,,1.496288105624,5.905512,4.250186,178.324808856,269.359916756,26,5,6.966,1.496288105624,5.249344,4.3172942,208.741148412,4.026492,-1.342164,0,341.5, 0.5, -0.5,,,0,0,1684,1024,1024,1024,100,0,0,0,358,0,0.3,40,3.482,3.481,0,0,0,0,5.609,111.02,1.496288105624,5.249344,38,Tripod,
352700,2026-05-22 09:08:24,51.9883474603477,4.39029625962073,5.249344,,,1.496288105624,5.905512,4.250186,177.681764216,270.00328948,26,5,6.966,1.496288105624,5.249344,4.3172942,208.741148412,4.026492,-1.342164,0,341.5, 0.2, -0.3,,,0,0,1684,1024,1024,1024,100,0,0,0,358,0,0.2,40,3.482,3.481,0,0,0,0,5.609,111.02,1.496288105624,5.249344,38,Tripod,
352800,2026-05-22 09:08:24,51.9883490887864,4.39029556482269,5.249344,,,1.496288105624,5.905512,4.250186,177.069231388,270.617462728,26,5,6.966,1.496288105624,5.249344,4.3172942,208.741148412,4.026492,-1.342164,0,341.5, 0.1, -0.1,,,0,0,1684,1024,1024,1024,100,0,0,0,358,0,0.7,40,3.482,3.481,0,0,0,0,5.609,111.02,1.496288105624,5.249344,38,Tripod,
352900,2026-05-22 09:08:24,51.9883507722592,4.39029467868532,5.249344,,,1.496288105624,5.905512,4.250186,176.423562076,271.26313204,26,5,6.966,1.496288105624,5.249344,4.3172942,208.741148412,4.026492,-1.342164,0,341.5, 0.6, 0,,,0,0,1684,1024,1024,1024,100,0,0,0,358.1,0,0.5,40,3.482,3.481,0,0,0,0,5.609,111.02,1.496288105624,5.249344,38,Tripod,
353000,2026-05-22 09:08:24,51.9883523992929,4.39029375295569,5.249344,,,1.496288105624,5.905512,4.250186,175.794625048,271.892069068,25,5,6.966,1.496288105624,5.249344,4.3172942,208.741148412,4.026492,-1.342164,0,341.7, 0.8, -0.2,,,0,0,1684,1024,1101,1024,100,0,12,0,358.2,0,0.3,40,3.482,3.481,0,0,0,0,5.609,111.02,1.496288105624,5.249344,38,Tripod,
353100,2026-05-22 09:08:24,51.9883540562766,4.39029286470376,5.249344,,,1.496288105624,5.905512,4.250186,175.158142088,272.528880112,25,5,6.966,1.496288105624,5.249344,4.3172942,208.741148412,4.026492,-1.342164,0,341.7, 1, -0.3,,,0,0,1684,1024,1587,1024,100,0,85,0,358.1,0,0.3,40,3.482,3.481,0,0,0,0,5.609,111.02,1.496288105624,5.249344,38,Tripod,
353200,2026-05-22 09:08:25,51.9883557326559,4.39029205377218,5.249344,,,1.496288105624,5.905512,4.250186,174.520346792,273.167003492,25,5,6.966,1.496288105624,5.249344,4.3172942,208.741148412,4.026492,-1.342164,0,341.6, 0.8, -0.1,,,0,0,1684,1024,1587,1024,100,0,85,0,358.1,0,0.3,40,3.486,3.482,0,0,0,0,5.514,111.2,1.496288105624,5.249344,38,Tripod,
353300,2026-05-22 09:08:25,51.9883573858702,4.39029116746787,5.249344,,,1.496288105624,5.905512,4.250186,173.885176168,273.802174116,25,5,6.966,1.496288105624,5.249344,4.3172942,208.741148412,4.026492,-1.342164,0,341.6, 0.4, -0.2,,,0,0,1684,1024,1684,1024,100,0,100,0,358.1,0,0.1,40,3.486,3.482,0,0,0,0,5.514,111.2,1.496288105624,5.249344,38,Tripod,
353400,2026-05-22 09:08:25,51.988359340401,4.39029065763769,5.249344,,,1.496288105624,5.905512,4.250186,173.173890056,274.524287,26,5,6.966,1.496288105624,5.249344,4.3172942,208.741148412,4.026492,-1.342164,-0.223694,341.6, 0, -0.4,,,0,0,1684,1024,1480,1024,100,0,69,0,358.1,0,0.3,40,3.486,3.482,0,0,0,0,5.514,111.2,1.496288105624,5.249344,38,Tripod,
353500,2026-05-22 09:08:25,51.9883609893661,4.39028976743815,5.577428,,,1.824372105624,6.233596,4.250186,172.540031768,275.158473372,26,5,6.966,1.824372105624,5.577428,4.3172942,208.741148412,4.026492,-1.342164,-0.671082,341.6, 0, 0,,,0,0,1684,1024,1253,1024,100,0,35,0,358.1,0,0.8,40,3.486,3.482,0,0,0,0,5.514,111.2,1.824372105624,5.577428,38,Tripod,
353600,2026-05-22 09:08:25,51.9883627295177,4.39028894601726,5.577428,,,1.824372105624,6.233596,4.250186,171.879598676,275.819562632,26,5,6.966,1.824372105624,5.577428,4.3172942,208.741148412,4.026492,-1.342164,-0.447388,341.6, 0.1, 0.1,,,0,0,1684,1024,1059,1024,100,0,5,0,358.2,0,0.5,40,3.486,3.482,0,0,0,0,5.514,111.2,1.824372105624,5.577428,38,Tripod,
353700,2026-05-22 09:08:25,51.9883643905108,4.39028805918431,5.577428,,,1.824372105624,6.233596,4.250186,171.24180338,276.457686012,26,5,6.966,1.824372105624,5.577428,4.3172942,208.741148412,4.026492,-1.342164,-0.223694,341.7, 0.1, -0.1,,,0,0,1684,1024,1072,1024,100,0,7,0,358.2,0,0.4,40,3.486,3.482,0,0,0,0,5.514,111.2,1.824372105624,5.577428,38,Tripod,
353800,2026-05-22 09:08:25,51.9883660513668,4.39028725888115,5.577428,,,1.824372105624,6.233596,4.1830778,170.610569764,277.089575796,26,5,6.966,1.824372105624,5.577428,4.3172942,208.741148412,4.026492,-1.11847,-0.223694,341.7, 0.3, -0.1,,,0,0,1684,1024,1309,1024,100,0,43,0,358.2,0,0,40,3.486,3.482,0,0,0,0,5.514,111.2,1.824372105624,5.577428,38,Tripod,
353900,2026-05-22 09:08:25,51.9883676987899,4.39028638863075,5.577428,,,1.824372105624,6.233596,4.1830778,169.978351896,277.721793664,26,5,6.966,1.824372105624,5.577428,4.3172942,208.741148412,4.026492,-1.11847,0,341.6, 0.2, -0.8,,,0,0,1684,1024,1684,1024,100,0,100,0,358.1,0,-0.3,40,3.486,3.482,0,0,0,0,5.514,111.2,1.824372105624,5.577428,38,Tripod,
354000,2026-05-22 09:08:25,51.9883695197449,4.39028556943571,5.577428,,,1.824372105624,6.233596,4.250186,169.290359748,278.411098148,26,5,6.966,1.824372105624,5.577428,4.3172942,208.741148412,4.026492,-1.342164,0,341.6, 0, -0.8,,,0,0,1684,1024,1684,1024,100,0,100,0,358,0,0.2,40,3.486,3.482,0,0,0,0,5.514,111.2,1.824372105624,5.577428,38,Tripod,
354100,2026-05-22 09:08:25,51.9883711666197,4.39028464423473,5.577428,,,1.824372105624,6.233596,4.250186,168.65486104,279.04692494,26,5,6.966,1.824372105624,5.577428,4.3172942,208.741148412,4.026492,-1.342164,-0.223694,341.5, 0, -0.1,,,0,0,1684,1024,1684,1024,100,0,100,0,358.1,0,1.1,40,3.486,3.482,0,0,0,0,5.514,111.2,1.824372105624,5.577428,38,Tripod,
354200,2026-05-22 09:08:26,51.9883730284904,4.39028385634066,5.905512,,,2.152456105624,6.56168,4.250186,167.955057868,279.7490247,25,5,6.974,2.152456105624,5.905512,4.3172942,208.741148412,4.026492,-1.342164,-0.447388,341.6, 0.4, 0.6,,,0,0,1684,1024,1684,1024,100,0,100,0,358.2,0,1.1,40,3.481,3.477,0,0,0,0,5.157,111.2,2.152456105624,5.905512,38,Tripod,
354300,2026-05-22 09:08:26,51.9883746772499,4.3902829021202,5.905512,,,2.152456105624,6.56168,4.250186,167.31627832,280.387476164,25,5,6.974,2.152456105624,5.905512,4.3172942,208.741148412,4.026492,-1.342164,-0.671082,341.7, 0.1, 0.4,,,0,0,1684,1024,1684,1024,100,0,100,0,358.1,0,1.2,40,3.481,3.477,0,0,0,0,5.157,111.2,2.152456105624,5.905512,38,Tripod,
354400,2026-05-22 09:08:26,51.9883769243932,4.39028189247616,6.233596,,,2.480540105624,6.889764,4.250186,166.467525012,281.238197976,25,5,6.974,2.480540105624,6.233596,4.3172942,208.741148412,4.026492,-1.342164,-0.894776,341.5, 0, 0.7,,,0,0,1684,1024,1684,1024,100,0,100,0,358.1,0,1.6,40,3.481,3.477,0,0,0,0,5.157,111.2,2.480540105624,6.233596,38,Tripod,
354500,2026-05-22 09:08:26,51.9883785875109,4.39028088366681,6.233596,,,2.480540105624,6.889764,4.250186,165.819887196,281.885835792,25,5,6.974,2.480540105624,6.233596,4.3172942,208.741148412,4.026492,-1.342164,-0.894776,341.6, 0.4, 1.1,,,0,0,1684,1024,1684,1024,100,0,100,0,358.1,0,2.2,40,3.481,3.477,0,0,0,0,5.157,111.2,2.480540105624,6.233596,38,Tripod,
354600,2026-05-22 09:08:26,51.9883813760506,4.39027939735771,6.233596,,,2.480540105624,6.889764,4.250186,164.749349104,282.956701968,25,5,6.974,2.480540105624,6.233596,4.3172942,208.741148412,4.026492,-1.342164,-0.894776,341.6, 0.8, 1.7,,,0,0,1684,1024,1677,1024,100,0,99,0,358.1,0,2.2,40,3.481,3.477,0,0,0,0,5.157,111.2,2.480540105624,6.233596,38,Tripod,
354700,2026-05-22 09:08:26,51.9883830778566,4.39027841651056,6.56168,,,2.808624105624,7.217848,4.250186,164.090556432,283.61549464,25,5,6.974,2.808624105624,6.56168,4.3172942,208.741148412,4.026492,-1.342164,-1.11847,341.6, 1.1, 1.3,,,0,0,1684,1024,1400,1024,100,0,57,0,358,0,1.4,40,3.481,3.477,0,0,0,0,5.157,111.2,2.808624105624,6.56168,38,Tripod,
354800,2026-05-22 09:08:26,51.9883855595971,4.3902774862736,6.56168,,,2.808624105624,7.217848,4.250186,163.166671888,284.544956612,25,5,6.974,2.808624105624,6.56168,4.3172942,208.741148412,4.026492,-1.342164,-1.11847,341.5, 1.3, 0.6,,,0,0,1684,1024,1024,1024,100,0,0,0,357.9,0,1.1,40,3.481,3.477,0,0,0,0,5.157,111.2,2.808624105624,6.56168,38,Tripod,
354900,2026-05-22 09:08:26,51.9883872609919,4.39027656841791,6.889764,,,3.136708105624,7.545932,4.250186,162.512472392,285.198828024,25,5,6.974,3.136708105624,6.889764,4.3172942,208.741148412,4.026492,-1.342164,-0.894776,341.4, 1.2, 0.4,,,0,0,1684,1024,1024,1024,100,0,0,0,357.9,0,0.7,40,3.481,3.477,0,0,0,0,5.157,111.2,3.136708105624,6.889764,38,Tripod,
355000,2026-05-22 09:08:26,51.9883898067102,4.39027552249256,6.889764,,,3.136708105624,7.545932,4.250186,161.558076036,286.157161388,26,5,6.974,3.136708105624,6.889764,4.3172942,208.741148412,4.026492,-1.342164,-0.447388,341.5, 0.9, 0,,,0,0,1684,1024,1024,1024,100,0,0,0,358.2,0,0.8,40,3.481,3.477,0,0,0,0,5.157,111.2,3.136708105624,6.889764,38,Tripod,
355100,2026-05-22 09:08:26,51.9883914658871,4.39027465544182,6.889764,,,3.136708105624,7.545932,4.1830778,160.922577328,286.79298818,26,5,6.974,3.136708105624,6.889764,4.3172942,208.741148412,4.026492,-1.11847,-0.223694,341.7, 0.6, 0.2,,,0,0,1684,1024,1024,1024,100,0,0,0,358.3,0,0.8,40,3.481,3.477,0,0,0,0,5.157,111.2,3.136708105624,6.889764,38,Tripod,
355200,2026-05-22 09:08:27,51.9883937549741,4.39027371468774,6.889764,,,3.136708105624,7.545932,4.1830778,160.064309584,287.654536764,27,5,6.986,3.136708105624,6.889764,4.3172942,208.741148412,4.026492,-1.11847,0,341.8, 0.3, 0.1,,,0,0,1684,1024,1024,1024,100,0,0,0,358.3,0,0.5,40,3.495,3.491,0,0,0,0,5.605,111.2,3.136708105624,6.889764,38,Tripod,
355300,2026-05-22 09:08:27,51.9883954216899,4.39027288458605,7.217848,,,3.464792105624,7.545932,4.1830778,159.428810876,288.290363556,27,5,6.986,3.464792105624,7.217848,4.3172942,208.741148412,4.026492,-1.11847,0,341.7, -0.1, -0.1,,,0,0,1684,1024,1024,1024,100,0,0,0,358.1,0,0.2,40,3.495,3.491,0,0,0,0,5.605,111.2,3.464792105624,7.217848,38,Tripod,
355400,2026-05-22 09:08:27,51.9883967773915,4.39027188406798,7.217848,,,3.464792105624,7.545932,4.1830778,158.88780036,288.83367066,27,5,6.986,3.464792105624,7.217848,4.3172942,208.741148412,4.026492,-1.11847,0,341.6, -0.4, -0.5,,,0,0,1684,1024,1024,1024,100,0,0,0,358.1,0,0,40,3.495,3.491,0,0,0,0,5.605,111.2,3.464792105624,7.217848,38,Tripod,
355500,2026-05-22 09:08:27,51.9883984543876,4.39027108248495,7.217848,,,3.464792105624,7.545932,4.1830778,158.250661232,289.471465956,27,5,6.986,3.464792105624,7.217848,4.3172942,208.741148412,4.026492,-1.11847,0,341.5, -0.7, -0.8,,,0,0,1684,1024,1024,1024,100,0,0,0,358.1,0,-0.3,40,3.495,3.491,0,0,0,0,5.605,111.2,3.464792105624,7.217848,38,Tripod,
355600,2026-05-22 09:08:27,51.9883998955187,4.390270125983,7.217848,,,3.464792105624,7.545932,4.1830778,157.683403996,290.039707444,27,5,6.986,3.464792105624,7.217848,4.3172942,208.741148412,4.026492,-1.11847,0,341.6, -0.5, -1,,,0,0,1684,1024,1024,1024,100,0,0,0,358.1,0,-0.3,40,3.495,3.491,0,0,0,0,5.605,111.2,3.464792105624,7.217848,38,Tripod,
355700,2026-05-22 09:08:27,51.9884015952343,4.39026930169634,7.217848,,,3.464792105624,7.545932,4.1830778,157.036750432,290.686689092,27,5,6.986,3.464792105624,7.217848,4.3172942,208.741148412,4.026492,-1.11847,0,341.6, -0.4, -0.9,,,0,0,1684,1024,1024,1024,100,0,0,0,358.1,0,-0.3,40,3.495,3.491,0,0,0,0,5.605,111.2,3.464792105624,7.217848,38,Tripod,
355800,2026-05-22 09:08:27,51.9884031433494,4.39026837827603,6.889764,,,3.136708105624,7.545932,4.1830778,156.43537246,291.288723232,27,5,6.986,3.464792105624,7.217848,4.3172942,208.741148412,4.026492,-1.11847,0,341.6, -0.4, -1,,,0,0,1684,1024,1024,1024,100,0,0,0,358.2,0,-0.6,40,3.495,3.491,0,0,0,0,5.605,111.2,3.136708105624,6.889764,38,Tripod,
355900,2026-05-22 09:08:27,51.9884048319623,4.39026754809088,6.889764,,,3.136708105624,7.545932,4.1830778,155.791999736,291.93242404,27,5,6.986,3.464792105624,7.217848,4.3172942,208.741148412,4.026492,-1.11847,0,341.7, -0.4, -1.3,,,0,0,1684,1024,1024,1024,100,0,0,0,358.2,0,-0.5,40,3.495,3.491,0,0,0,0,5.605,111.2,3.136708105624,6.889764,38,Tripod,
356000,2026-05-22 09:08:27,51.9884062135359,4.39026656037142,6.889764,,,3.136708105624,7.545932,4.1830778,155.243115204,292.482948992,27,5,6.986,3.464792105624,7.217848,4.3172942,208.741148412,4.026492,-1.11847,0,341.7, -0.5, -1.1,,,0,0,1684,1024,1024,1024,100,0,0,0,358.3,0,-0.2,40,3.495,3.491,0,0,0,0,5.605,111.2,3.136708105624,6.889764,38,Tripod,
356100,2026-05-22 09:08:27,51.9884078788468,4.3902657185284,6.889764,,,3.136708105624,7.545932,4.1830778,154.606960328,293.119431952,27,5,6.986,3.464792105624,7.217848,4.3172942,208.741148412,4.026492,-1.11847,0,341.7, -0.5, -0.7,,,0,0,1684,1024,1024,1024,100,0,0,0,358.3,0,0,40,3.495,3.491,0,0,0,0,5.605,111.2,3.136708105624,6.889764,38,Tripod,
356200,2026-05-22 09:08:28,51.9884093676786,4.39026484474447,7.217848,,,3.464792105624,7.545932,4.1830778,154.029532488,293.696859792,26,5,6.959,3.464792105624,7.217848,4.3172942,208.741148412,4.026492,-1.11847,0,341.8, -0.5, -0.8,,,0,0,1684,1024,1024,1024,100,0,0,0,358.4,0,-0.5,39,3.481,3.478,0,0,0,0,5.405,111.2,3.464792105624,7.217848,38,Tripod,
356300,2026-05-22 09:08:28,51.9884110638646,4.3902639963352,7.217848,,,3.464792105624,7.545932,4.1830778,153.38255084,294.344497608,26,5,6.959,3.464792105624,7.217848,4.3172942,208.741148412,4.026492,-1.11847,0,341.8, -0.5, -1.4,,,0,0,1684,1024,1024,1024,100,0,0,0,358.4,0,-0.8,39,3.481,3.478,0,0,0,0,5.405,111.2,3.464792105624,7.217848,38,Tripod,
356400,2026-05-22 09:08:28,51.9884127587485,4.39026343222219,7.217848,,,3.464792105624,7.545932,4.1830778,152.756894652,294.975731224,26,5,6.959,3.464792105624,7.217848,4.3172942,208.741148412,4.026492,-1.11847,0,341.9, -0.5, -1.4,,,0,0,1684,1024,1024,1024,100,0,0,0,358.4,0,-0.7,39,3.481,3.478,0,0,0,0,5.405,111.2,3.464792105624,7.217848,38,Tripod,
356500,2026-05-22 09:08:28,51.9884144892709,4.39026258172618,7.217848,,,3.464792105624,7.545932,4.3844024,152.09810198,295.635508148,26,5,6.959,3.464792105624,7.217848,4.3844024,208.741148412,4.250186,-1.11847,0,341.8, -0.4, -1.5,,,0,0,1684,1024,1024,1024,100,0,0,0,358.3,0,-1.2,39,3.481,3.478,0,0,0,0,5.405,111.2,3.464792105624,7.217848,38,Tripod,
356600,2026-05-22 09:08:28,51.9884161897062,4.39026173242657,7.217848,,,3.464792105624,7.545932,4.3844024,151.449479912,296.2844583,26,5,6.959,3.464792105624,7.217848,4.3844024,208.741148412,4.250186,-1.11847,0,341.8, -0.4, -2,,,0,0,1684,1024,1024,1024,100,0,0,0,358.4,0,-1.3,39,3.481,3.478,0,0,0,0,5.405,111.2,3.464792105624,7.217848,38,Tripod,
356700,2026-05-22 09:08:28,51.9884178952817,4.39026088930368,7.217848,,,3.464792105624,7.545932,4.3844024,150.799545508,296.935048872,26,5,6.959,3.464792105624,7.217848,4.3844024,208.741148412,4.250186,-1.11847,0,341.9, -0.3, -2,,,0,0,1684,1024,1024,1024,100,0,0,0,358.4,0,-1.2,39,3.481,3.478,0,0,0,0,5.405,111.2,3.464792105624,7.217848,38,Tripod,
356800,2026-05-22 09:08:28,51.9884196448569,4.39026004768323,7.217848,,,3.464792105624,7.545932,4.3844024,150.13451924,297.600731308,26,5,6.959,3.464792105624,7.217848,4.3844024,208.741148412,4.250186,-1.11847,0,341.9, -0.4, -1.8,,,0,0,1684,1024,1024,1024,100,0,0,0,358.4,0,-1.1,39,3.481,3.478,0,0,0,0,5.405,111.2,3.464792105624,7.217848,38,Tripod,
356900,2026-05-22 09:08:28,51.988421350775,4.39025920842775,7.217848,,,3.464792105624,7.545932,4.3844024,149.48491292,298.250993796,26,5,6.959,3.464792105624,7.217848,4.3844024,208.741148412,4.250186,-1.11847,0,341.8, -0.4, -2,,,0,0,1684,1024,1024,1024,100,0,0,0,358.3,0,-1.6,39,3.481,3.478,0,0,0,0,5.405,111.2,3.464792105624,7.217848,38,Tripod,
357000,2026-05-22 09:08:28,51.9884229611204,4.39025855532261,7.217848,,,3.464792105624,7.545932,4.3844024,148.881894528,298.85663686,26,5,6.959,3.464792105624,7.217848,4.3844024,208.741148412,4.250186,-1.11847,0,341.8, -0.3, -2.3,,,0,0,1684,1024,1024,1024,100,0,0,0,358.3,0,-1.4,39,3.481,3.478,0,0,0,0,5.405,111.2,3.464792105624,7.217848,38,Tripod,
357100,2026-05-22 09:08:28,51.9884245910668,4.39025775616019,7.217848,,,3.464792105624,7.545932,4.3844024,148.261487684,299.477699872,26,5,6.959,3.464792105624,7.217848,4.3844024,208.741148412,4.250186,-1.11847,0,341.8, 0, -2,,,0,0,1684,1024,1024,1024,100,0,0,0,358.3,0,-1.3,39,3.481,3.478,0,0,0,0,5.405,111.2,3.464792105624,7.217848,38,Tripod,
357200,2026-05-22 09:08:29,51.9884263741217,4.39025694976377,7.217848,,,3.464792105624,7.545932,4.3844024,147.587603148,300.153224828,26,5,6.953,3.464792105624,7.217848,4.3844024,208.741148412,4.250186,-1.11847,0,341.6, 0.1, -2.2,,,0,0,1684,1024,1024,1024,100,0,0,0,358.2,0,-1.6,39,3.478,3.475,0,0,0,0,5.565,111.38,3.464792105624,7.217848,38,Tripod,
357300,2026-05-22 09:08:29,51.9884280857968,4.39025610491585,7.217848,,,3.464792105624,7.545932,4.3844024,146.93570024,300.805783904,26,5,6.953,3.464792105624,7.217848,4.3844024,208.741148412,4.250186,-1.11847,0,341.6, 0, -2.3,,,0,0,1684,1024,1024,1024,100,0,0,0,358.2,0,-1.4,39,3.478,3.475,0,0,0,0,5.565,111.38,3.464792105624,7.217848,38,Tripod,
357400,2026-05-22 09:08:29,51.9884297780421,4.39025512401306,7.217848,,,3.464792105624,7.545932,4.3844024,146.279860324,301.461295736,25,5,6.953,3.464792105624,7.217848,4.3844024,208.741148412,4.250186,-1.11847,0,341.6, 0.2, -2,,,0,0,1684,1024,1024,1024,100,0,0,0,358.3,0,-1.4,39,3.478,3.475,0,0,0,0,5.565,111.38,3.464792105624,7.217848,38,Tripod,
357500,2026-05-22 09:08:29,51.9884314949945,4.39025425788048,7.217848,,,3.464792105624,7.545932,4.3844024,145.624348492,302.117463736,25,5,6.953,3.464792105624,7.217848,4.3844024,208.741148412,4.250186,-1.11847,0,341.7, 0.3, -2.2,,,0,0,1684,1024,1024,1024,100,0,0,0,358.3,0,-1.7,39,3.478,3.475,0,0,0,0,5.565,111.38,3.464792105624,7.217848,38,Tripod,
357600,2026-05-22 09:08:29,51.9884334798865,4.39025338612764,7.217848,,,3.464792105624,7.545932,4.4515106,144.876316972,302.86746376,25,5,6.953,3.464792105624,7.217848,4.4515106,208.741148412,4.250186,-1.342164,0,341.7, 0.1, -2.4,,,0,0,1684,1024,1024,1024,100,0,0,0,358.3,0,-1.4,39,3.478,3.475,0,0,0,0,5.565,111.38,3.464792105624,7.217848,38,Tripod,
357700,2026-05-22 09:08:29,51.9884352291876,4.39025249229718,7.217848,,,3.464792105624,7.545932,4.4515106,144.20768178,303.53675512,25,5,6.953,3.464792105624,7.217848,4.4515106,208.741148412,4.250186,-1.342164,0,341.7, 0.1, -2.1,,,0,0,1684,1024,1024,1024,100,0,0,0,358.3,0,-1.5,39,3.478,3.475,0,0,0,0,5.565,111.38,3.464792105624,7.217848,38,Tripod,
357800,2026-05-22 09:08:29,51.9884372432073,4.39025172731542,7.217848,,,3.464792105624,7.545932,4.4515106,143.457681756,304.29134832,25,5,6.953,3.464792105624,7.217848,4.4515106,208.741148412,4.250186,-1.342164,0,341.7, 0.2, -2.4,,,0,0,1684,1024,1024,1024,100,0,0,0,358.4,0,-1.7,39,3.478,3.475,0,0,0,0,5.565,111.38,3.464792105624,7.217848,38,Tripod,
357900,2026-05-22 09:08:29,51.988438972496,4.39025081591469,7.217848,,,3.464792105624,7.545932,4.4515106,142.794623992,304.954734168,25,5,6.953,3.464792105624,7.217848,4.4515106,208.741148412,4.250186,-1.342164,0,341.8, 0.5, -2.4,,,0,0,1684,1024,1024,1024,100,0,0,0,358.4,0,-1.3,39,3.478,3.475,0,0,0,0,5.565,111.38,3.464792105624,7.217848,38,Tripod,
358000,2026-05-22 09:08:29,51.9884407726505,4.39025009813479,6.889764,,,3.136708105624,7.545932,4.4515106,142.121723708,305.630915292,25,5,6.953,3.464792105624,7.217848,4.4515106,208.741148412,4.250186,-1.342164,0,341.8, 0.6, -2,,,0,0,1684,1024,1024,1024,100,0,0,0,358.3,0,-1.3,39,3.478,3.475,0,0,0,0,5.565,111.38,3.136708105624,6.889764,38,Tripod,
358100,2026-05-22 09:08:29,51.9884424778833,4.39024917876274,6.889764,,,3.136708105624,7.545932,4.4515106,141.46653996,306.286427124,25,5,6.953,3.464792105624,7.217848,4.4515106,208.741148412,4.250186,-1.342164,0,341.7, 0.4, -2,,,0,0,1684,1024,1024,1024,100,0,0,0,358.3,0,-1.1,39,3.478,3.475,0,0,0,0,5.565,111.38,3.136708105624,6.889764,38,Tripod,
358200,2026-05-22 09:08:30,51.9884443393771,4.39024829554678,6.889764,,,3.136708105624,7.545932,4.250186,140.759847024,306.994104312,27,5,6.937,3.464792105624,7.217848,4.4515106,208.741148412,4.026492,-1.342164,0,341.7, 0.6, -1.9,,,0,0,1684,1024,1024,1024,100,0,0,0,358.1,0,-1.3,39,3.47,3.467,0,0,0,0,5.986,111.38,3.136708105624,6.889764,38,Tripod,
358300,2026-05-22 09:08:30,51.9884460349463,4.39024738488336,6.889764,,,3.136708105624,7.545932,4.250186,140.108600284,307.645679136,27,5,6.937,3.464792105624,7.217848,4.4515106,208.741148412,4.026492,-1.342164,0,341.5, 0.4, -2,,,0,0,1684,1024,1024,1024,100,0,0,0,358,0,-1.2,39,3.47,3.467,0,0,0,0,5.986,111.38,3.136708105624,6.889764,38,Tripod,
358400,2026-05-22 09:08:30,51.9884478960632,4.39024660909233,6.889764,,,3.136708105624,7.545932,4.250186,139.410437532,308.346794644,27,5,6.937,3.464792105624,7.217848,4.4515106,208.741148412,4.026492,-1.342164,0,341.4, 0.1, -1.9,,,0,0,1684,1024,1024,1024,100,0,0,0,357.9,0,-0.9,39,3.47,3.467,0,0,0,0,5.986,111.38,3.136708105624,6.889764,38,Tripod,
358500,2026-05-22 09:08:30,51.9884493741692,4.39024579764603,6.889764,,,3.136708105624,7.545932,4.250186,138.841211792,308.916020384,27,5,6.937,3.464792105624,7.217848,4.4515106,208.741148412,4.026492,-1.342164,0,341.3, -0.2, -1.6,,,0,0,1684,1024,1024,1024,100,0,0,0,357.9,0,-1.3,39,3.47,3.467,0,0,0,0,5.986,111.38,3.136708105624,6.889764,38,Tripod,
358600,2026-05-22 09:08:30,51.9884513372327,4.39024522867789,7.217848,,,3.464792105624,7.545932,4.250186,138.123692084,309.643382612,28,5,6.937,3.464792105624,7.217848,4.4515106,208.741148412,4.026492,-1.342164,0,341.4, -0.4, -2.2,,,0,0,1684,1024,1024,1024,100,0,0,0,358,0,-1.8,39,3.47,3.467,0,0,0,0,5.986,111.38,3.464792105624,7.217848,38,Tripod,
358700,2026-05-22 09:08:30,51.988452996718,4.39024433559865,7.217848,,,3.464792105624,7.545932,4.250186,137.485896788,310.281505992,28,5,6.937,3.464792105624,7.217848,4.4515106,208.741148412,4.026492,-1.342164,0,341.4, -0.4, -2.4,,,0,0,1684,1024,1024,1024,100,0,0,0,358,0,-1.7,39,3.47,3.467,0,0,0,0,5.986,111.38,3.464792105624,7.217848,38,Tripod,
358800,2026-05-22 09:08:30,51.9884546933495,4.39024362476061,7.217848,,,3.464792105624,7.545932,4.250186,136.849413828,310.920613624,28,5,6.937,3.464792105624,7.217848,4.4515106,208.741148412,4.026492,-1.342164,0,341.4, -0.3, -2.5,,,0,0,1684,1024,1024,1024,100,0,0,0,358,0,-1.6,39,3.47,3.467,0,0,0,0,5.986,111.38,3.464792105624,7.217848,38,Tripod,
358900,2026-05-22 09:08:30,51.9884563915917,4.39024270921424,7.217848,,,3.464792105624,7.545932,4.250186,136.196854752,311.573500784,28,5,6.937,3.464792105624,7.217848,4.4515106,208.741148412,4.026492,-1.342164,0,341.5, 0, -2.4,,,0,0,1684,1024,1024,1024,100,0,0,0,358.2,0,-1.8,39,3.47,3.467,0,0,0,0,5.986,111.38,3.464792105624,7.217848,38,Tripod,
359000,2026-05-22 09:08:30,51.9884582372195,4.39024178975872,7.217848,,,3.464792105624,7.545932,4.250186,135.493114572,312.277897132,27,5,6.937,3.464792105624,7.217848,4.4515106,208.741148412,4.026492,-1.342164,0,341.6, 0, -2.5,,,0,0,1684,1024,1024,1024,100,0,0,0,358.2,0,-1.5,39,3.47,3.467,0,0,0,0,5.986,111.38,3.464792105624,7.217848,38,Tripod,
359100,2026-05-22 09:08:30,51.988459937038,4.39024085810278,7.217848,,,3.464792105624,7.545932,4.250186,134.838586992,312.932424712,27,5,6.937,3.464792105624,7.217848,4.4515106,208.741148412,4.026492,-1.342164,0,341.7, -0.1, -2,,,0,0,1684,1024,1024,1024,100,0,0,0,358.3,0,-0.9,39,3.47,3.467,0,0,0,0,5.986,111.38,3.464792105624,7.217848,38,Tripod,
359200,2026-05-22 09:08:31,51.9884617384261,4.39023975828413,7.217848,,,3.464792105624,7.545932,4.4515106,134.136487232,313.634524472,28,5,6.954,3.464792105624,7.217848,4.4515106,208.741148412,4.250186,-1.342164,0,341.7, 0, -1.7,,,0,0,1684,1024,1024,1024,100,0,0,0,358.2,0,-0.8,39,3.479,3.475,0,0,0,0,5.259,111.56,3.464792105624,7.217848,38,Tripod,
359300,2026-05-22 09:08:31,51.9884634392726,4.3902388330275,7.217848,,,3.464792105624,7.545932,4.4515106,133.482287736,314.289052052,28,5,6.954,3.464792105624,7.217848,4.4515106,208.741148412,4.250186,-1.342164,0,341.6, 0, -1.6,,,0,0,1684,1024,1024,1024,100,0,0,0,358.3,0,-1.3,39,3.479,3.475,0,0,0,0,5.259,111.56,3.464792105624,7.217848,38,Tripod,
359400,2026-05-22 09:08:31,51.9884653327382,4.39023797677211,7.217848,,,3.464792105624,7.545932,4.250186,132.767064616,315.006243676,28,5,6.954,3.464792105624,7.217848,4.4515106,208.741148412,4.026492,-1.342164,0,341.6, 0.2, -2.1,,,0,0,1684,1024,1024,1024,100,0,0,0,358.2,0,-1.3,39,3.479,3.475,0,0,0,0,5.259,111.56,3.464792105624,7.217848,38,Tripod,
359500,2026-05-22 09:08:31,51.9884670328308,4.39023703640755,7.217848,,,3.464792105624,7.545932,4.4515106,132.111880868,315.661427424,28,5,6.954,3.464792105624,7.217848,4.4515106,208.741148412,4.250186,-1.342164,0,341.6, 0.3, -1.9,,,0,0,1684,1024,1024,1024,100,0,0,0,358.2,0,-1,39,3.479,3.475,0,0,0,0,5.259,111.56,3.464792105624,7.217848,38,Tripod,
359600,2026-05-22 09:08:31,51.9884689632371,4.3902360232578,7.217848,,,3.464792105624,7.545932,4.4515106,131.372051448,316.401584928,28,5,6.954,3.464792105624,7.217848,4.4515106,208.741148412,4.250186,-1.342164,0,341.5, 0.4, -1.8,,,0,0,1684,1024,1024,1024,100,0,0,0,358.1,0,-1.1,39,3.479,3.475,0,0,0,0,5.259,111.56,3.464792105624,7.217848,38,Tripod,
359700,2026-05-22 09:08:31,51.9884707110647,4.3902350447617,7.217848,,,3.464792105624,7.545932,4.4515106,130.697838828,317.076125632,28,5,6.954,3.464792105624,7.217848,4.4515106,208.741148412,4.250186,-1.342164,0,341.5, 0.5, -2,,,0,0,1684,1024,1024,1024,100,0,0,0,358.1,0,-1.4,39,3.479,3.475,0,0,0,0,5.259,111.56,3.464792105624,7.217848,38,Tripod,
359800,2026-05-22 09:08:31,51.9884726409227,4.39023406804627,7.217848,,,3.464792105624,7.545932,4.4515106,129.960962164,317.813658464,28,5,6.954,3.464792105624,7.217848,4.4515106,208.741148412,4.250186,-1.342164,0,341.4, 0.4, -2.1,,,0,0,1684,1024,1024,1024,100,0,0,0,358.1,0,-1,39,3.479,3.475,0,0,0,0,5.259,111.56,3.464792105624,7.217848,38,Tripod,
359900,2026-05-22 09:08:31,51.9884743946101,4.39023310099937,7.217848,,,3.464792105624,7.545932,4.4515106,129.285109124,318.489511504,28,5,6.954,3.464792105624,7.217848,4.4515106,208.741148412,4.250186,-1.342164,0,341.5, 0.5, -1.7,,,0,0,1684,1024,1024,1024,100,0,0,0,358.2,0,-1,39,3.479,3.475,0,0,0,0,5.259,111.56,3.464792105624,7.217848,38,Tripod,
360000,2026-05-22 09:08:31,51.9884761987739,4.39023252525631,7.217848,,,3.464792105624,7.545932,4.250186,128.62205136,319.1601152,28,5,6.954,3.464792105624,7.217848,4.4515106,208.741148412,4.026492,-1.342164,0,341.6, 0.4, -2,,,0,0,1684,1024,1024,1024,100,0,0,0,358.3,0,-1.4,39,3.479,3.475,0,0,0,0,5.259,111.56,3.464792105624,7.217848,38,Tripod,
360100,2026-05-22 09:08:31,51.9884778935893,4.390231598692,7.217848,,,3.464792105624,7.545932,4.250186,127.969820368,319.812674276,28,5,6.954,3.464792105624,7.217848,4.4515106,208.741148412,4.026492,-1.342164,0,341.7, 0.1, -2.1,,,0,0,1684,951,1024,1024,100,-11,0,0,358.4,0,-1.2,39,3.479,3.475,0,0,0,0,5.259,111.56,3.464792105624,7.217848,38,Tripod,
360200,2026-05-22 09:08:32,51.9884797196502,4.39023076270573,7.217848,,,3.464792105624,7.217848,4.250186,127.279531632,320.504931516,27,5,6.953,3.464792105624,7.217848,4.4515106,208.741148412,4.026492,-1.342164,0,341.8, -0.1, -2,,,0,0,1684,916,1024,1024,100,-16,0,0,358.4,0,-1.2,39,3.478,3.475,0,0,0,0,5.241,111.56,3.464792105624,7.217848,38,Tripod,
360300,2026-05-22 09:08:32,51.9884813999018,4.39022980943126,7.217848,,,3.464792105624,7.217848,4.250186,126.629925312,321.154209752,27,5,6.953,3.464792105624,7.217848,4.4515106,208.741148412,4.026492,-1.342164,0,341.8, -0.4, -2.1,,,0,0,1684,918,1024,1024,100,-16,0,0,358.4,0,-1.2,39,3.478,3.475,0,0,0,0,5.241,111.56,3.464792105624,7.217848,38,Tripod,
360400,2026-05-22 09:08:32,51.9884831829909,4.39022881504817,7.217848,,,3.464792105624,7.217848,4.250186,125.942261248,321.8422019,27,5,6.953,3.464792105624,7.217848,4.4515106,208.741148412,4.026492,-1.342164,0,341.8, -0.7, -2,,,0,0,1684,978,1024,1024,100,-7,0,0,358.5,0,-1.2,39,3.478,3.475,0,0,0,0,5.241,111.56,3.464792105624,7.217848,38,Tripod,
360500,2026-05-22 09:08:32,51.9884848444638,4.39022784858556,7.217848,,,3.464792105624,7.217848,4.250186,125.298232356,322.485902708,27,5,6.953,3.464792105624,7.217848,4.4515106,208.741148412,4.026492,-1.342164,0,341.9, -1, -2,,,0,0,1684,978,1024,1024,100,-7,0,0,358.6,0,-0.7,39,3.478,3.475,0,0,0,0,5.241,111.56,3.464792105624,7.217848,38,Tripod,
360600,2026-05-22 09:08:32,51.9884868394305,4.39022697281228,7.217848,,,3.464792105624,7.217848,4.250186,124.546919996,323.23983974,27,5,6.953,3.464792105624,7.217848,4.4515106,208.741148412,4.026492,-1.342164,0,342, -1.1, -1,,,0,0,1684,978,1024,1024,100,-7,0,0,358.7,0,0.7,39,3.478,3.475,0,0,0,0,5.241,111.56,3.464792105624,7.217848,38,Tripod,
360700,2026-05-22 09:08:32,51.9884885008348,4.39022598292263,7.217848,,,3.464792105624,7.217848,4.250186,123.901250684,323.885509052,27,5,6.953,3.464792105624,7.217848,4.4515106,208.741148412,4.026492,-1.342164,0,341.9, -0.8, 0.1,,,0,0,1684,1024,1024,1024,100,0,0,0,358.4,0,0.6,39,3.478,3.475,0,0,0,0,5.241,111.56,3.464792105624,7.217848,38,Tripod,
360800,2026-05-22 09:08:32,51.9884904728765,4.39022535897608,7.217848,,,3.464792105624,7.217848,4.250186,123.177169296,324.618776792,27,5,6.953,3.464792105624,7.217848,4.4515106,208.741148412,4.026492,-1.342164,0,341.7, -0.4, -0.3,,,0,0,1684,1024,1024,1024,100,0,0,0,358.3,0,0.2,39,3.478,3.475,0,0,0,0,5.241,111.56,3.464792105624,7.217848,38,Tripod,
360900,2026-05-22 09:08:32,51.9884921411343,4.39022441794376,7.217848,,,3.464792105624,7.217848,4.250186,122.53281232,325.263133768,27,5,6.953,3.464792105624,7.217848,4.4515106,208.741148412,4.026492,-1.342164,0,341.6, -0.4, -0.5,,,0,0,1684,1024,1024,1024,100,0,0,0,358.2,0,0.4,39,3.478,3.475,0,0,0,0,5.241,111.56,3.464792105624,7.217848,38,Tripod,
361000,2026-05-22 09:08:32,51.9884938872828,4.39022354116885,6.889764,,,3.136708105624,7.217848,4.250186,121.8668018,325.929800456,27,5,6.953,3.464792105624,7.217848,4.4515106,208.741148412,4.026492,-1.342164,0,341.5, -0.4, -0.2,,,0,0,1684,1024,1024,1024,100,0,0,0,358.1,0,0.4,39,3.478,3.475,0,0,0,0,5.241,111.56,3.136708105624,6.889764,38,Tripod,
361100,2026-05-22 09:08:32,51.9884955850795,4.39022261438195,6.889764,,,3.136708105624,7.217848,4.4515106,121.213586556,326.583343784,27,5,6.953,3.464792105624,7.217848,4.4515106,208.741148412,4.250186,-1.342164,0,341.4, -0.3, -0.6,,,0,0,1684,1024,1024,1024,100,0,0,0,358,0,-0.1,39,3.478,3.475,0,0,0,0,5.241,111.56,3.136708105624,6.889764,38,Tripod,
361200,2026-05-22 09:08:33,51.9884975044515,4.3902219122108,6.889764,,,3.136708105624,7.217848,4.4515106,120.501316192,327.301191576,26,5,6.933,3.464792105624,7.217848,4.4515106,208.741148412,4.250186,-1.342164,0,341.4, 0, -1.1,,,0,0,1684,1024,1024,1024,100,0,0,0,358.1,0,-0.6,39,3.468,3.465,0,0,0,0,5.832,111.74,3.136708105624,6.889764,38,Tripod,
361300,2026-05-22 09:08:33,51.9884990194982,4.39022113315056,6.889764,,,3.136708105624,6.889764,4.4515106,119.922247932,327.880916004,26,5,6.933,3.464792105624,7.217848,4.4515106,208.741148412,4.250186,-1.342164,0,341.5, -0.1, -1.4,,,0,0,1684,1024,1024,1024,100,0,0,0,358.2,0,-0.7,39,3.468,3.465,0,0,0,0,5.832,111.74,3.136708105624,6.889764,38,Tripod,
361400,2026-05-22 09:08:33,51.9885011171654,4.39022050297164,6.889764,,,3.136708105624,7.217848,4.3844024,119.154859456,328.658147,27,5,6.933,3.464792105624,7.217848,4.4515106,208.741148412,4.250186,-1.11847,0,341.5, -0.3, -1.5,,,0,0,1684,1024,1024,1024,100,0,0,0,358.1,0,-1,39,3.468,3.465,0,0,0,0,5.832,111.74,3.136708105624,6.889764,38,Tripod,
361500,2026-05-22 09:08:33,51.9885028416224,4.39021964042824,6.889764,,,3.136708105624,6.889764,4.3844024,118.49737912,329.31759584,27,5,6.933,3.464792105624,7.217848,4.4515106,208.741148412,4.250186,-1.11847,0,341.5, -0.2, -2,,,0,0,1684,1024,1024,1024,100,0,0,0,358.1,0,-1.2,39,3.468,3.465,0,0,0,0,5.832,111.74,3.136708105624,6.889764,38,Tripod,
361600,2026-05-22 09:08:33,51.9885047820692,4.39021880647305,6.889764,,,3.136708105624,7.217848,4.3844024,117.768048388,330.04922316,26,5,6.933,3.464792105624,7.217848,4.4515106,208.741148412,4.250186,-1.11847,0,341.4, -0.1, -2.1,,,0,0,1684,1024,1024,1024,100,0,0,0,358.1,0,-1.2,39,3.468,3.465,0,0,0,0,5.832,111.74,3.136708105624,6.889764,38,Tripod,
361700,2026-05-22 09:08:33,51.9885064136262,4.39021797823551,6.889764,,,3.136708105624,6.889764,4.4515106,117.145016872,330.67258276,26,5,6.933,3.464792105624,7.217848,4.4515106,208.741148412,4.250186,-1.342164,0,341.5, 0, -2,,,0,0,1684,1024,1024,1024,100,0,0,0,358.2,0,-1.1,39,3.468,3.465,0,0,0,0,5.832,111.74,3.136708105624,6.889764,38,Tripod,
361800,2026-05-22 09:08:33,51.9885082750172,4.390217071203,6.889764,,,3.136708105624,7.217848,4.4515106,116.437339684,331.3812442,26,5,6.933,3.464792105624,7.217848,4.4515106,208.741148412,4.250186,-1.342164,0,341.6, 0, -1.9,,,0,0,1684,1024,1024,1024,100,0,0,0,358.2,0,-1,39,3.468,3.465,0,0,0,0,5.832,111.74,3.136708105624,6.889764,38,Tripod,
361900,2026-05-22 09:08:33,51.9885099779198,4.39021617079239,6.889764,,,3.136708105624,6.889764,4.250186,115.784452524,332.0374122,26,5,6.933,3.464792105624,7.217848,4.4515106,208.741148412,4.026492,-1.342164,0,341.5, -0.2, -1.9,,,0,0,1684,1024,1024,1024,100,0,0,0,358.2,0,-1,39,3.468,3.465,0,0,0,0,5.832,111.74,3.136708105624,6.889764,38,Tripod,
362000,2026-05-22 09:08:33,51.9885114508171,4.39021551280429,7.217848,,,3.464792105624,6.889764,4.250186,115.229006312,332.595155,26,5,6.933,3.464792105624,7.217848,4.4515106,208.741148412,4.026492,-1.342164,0,341.5, -0.3, -1.8,,,0,0,1684,1024,1024,1024,100,0,0,0,358.2,0,-0.9,39,3.468,3.465,0,0,0,0,5.832,111.74,3.464792105624,7.217848,38,Tripod,
362100,2026-05-22 09:08:33,51.9885130685985,4.39021463174463,7.217848,,,3.464792105624,7.217848,4.4515106,114.606630964,333.21523376,26,5,6.933,3.464792105624,7.217848,4.4515106,208.741148412,4.250186,-1.342164,0,341.5, -0.1, -1.6,,,0,0,1684,1024,1024,1024,100,0,0,0,358.3,0,-0.6,39,3.468,3.465,0,0,0,0,5.832,111.74,3.464792105624,7.217848,38,Tripod,
362200,2026-05-22 09:08:34,51.9885147670805,4.39021434533381,7.217848,,,3.464792105624,6.889764,4.4515106,114.003284488,333.83859336,25,5,6.944,3.464792105624,7.217848,4.4515106,208.741148412,4.250186,-1.342164,0,341.6, 0.2, -1.4,,,0,0,1684,1024,1024,1024,100,0,0,0,358.4,0,-0.5,39,3.473,3.471,0,0,0,0,5.361,111.74,3.464792105624,7.217848,38,Tripod,
362300,2026-05-22 09:08:34,51.9885164851637,4.39021338518704,7.217848,,,3.464792105624,6.889764,4.4515106,113.340226724,334.50132304,25,5,6.944,3.464792105624,7.217848,4.4515106,208.741148412,4.250186,-1.342164,0,341.6, 0.2, -1.3,,,0,0,1684,1024,1024,1024,100,0,0,0,358.3,0,-0.4,39,3.473,3.471,0,0,0,0,5.361,111.74,3.464792105624,7.217848,38,Tripod,
362400,2026-05-22 09:08:34,51.9885179610252,4.39021300010165,7.217848,,,3.464792105624,6.889764,4.4515106,112.805449804,335.04594248,26,5,6.944,3.464792105624,7.217848,4.4515106,208.741148412,4.250186,-1.342164,0,341.6, 0.2, -1.2,,,0,0,1684,1024,1024,1024,100,0,0,0,358.4,0,-0.4,39,3.473,3.471,0,0,0,0,5.361,111.74,3.464792105624,7.217848,38,Tripod,
362500,2026-05-22 09:08:34,51.9885196744308,4.39021203227571,7.217848,,,3.464792105624,6.889764,4.4515106,112.143704376,335.70867216,26,5,6.944,3.464792105624,7.217848,4.4515106,208.741148412,4.250186,-1.342164,0,341.6, 0.2, -1.2,,,0,0,1684,1024,1024,1024,100,0,0,0,358.3,0,-0.3,39,3.473,3.471,0,0,0,0,5.361,111.74,3.464792105624,7.217848,38,Tripod,
362600,2026-05-22 09:08:34,51.9885212493947,4.39021138573681,7.217848,,,3.464792105624,6.889764,4.250186,111.554465512,336.3025042,27,5,6.944,3.464792105624,7.217848,4.4515106,208.741148412,4.026492,-1.342164,0,341.6, 0.2, -1.2,,,0,0,1684,1024,1024,1024,100,0,0,0,358.2,0,-0.1,39,3.473,3.471,0,0,0,0,5.361,111.74,3.464792105624,7.217848,38,Tripod,
362700,2026-05-22 09:08:34,51.9885229469857,4.39021041052383,7.217848,,,3.464792105624,6.889764,4.250186,110.897641344,336.9586722,27,5,6.944,3.464792105624,7.217848,4.4515106,208.741148412,4.026492,-1.342164,0,341.5, 0.2, -0.8,,,0,0,1684,1024,1024,1024,100,0,0,0,358.2,0,0,39,3.473,3.471,0,0,0,0,5.361,111.74,3.464792105624,7.217848,38,Tripod,
362800,2026-05-22 09:08:34,51.9885244136634,4.3902094889955,7.217848,,,3.464792105624,6.889764,4.250186,110.323822428,337.5328192,27,5,6.944,3.464792105624,7.217848,4.4515106,208.741148412,4.026492,-1.342164,0,341.5, 0.2, -0.8,,,0,0,1684,1024,1024,1024,100,0,0,0,358.2,0,0,39,3.473,3.471,0,0,0,0,5.361,111.74,3.464792105624,7.217848,38,Tripod,
362900,2026-05-22 09:08:34,51.9885260878153,4.39020854295502,7.217848,,,3.464792105624,6.889764,4.250186,109.677168864,338.17914468,27,5,6.944,3.464792105624,7.217848,4.4515106,208.741148412,4.026492,-1.342164,0,341.5, 0, -0.9,,,0,0,1684,1024,1024,1024,100,0,0,0,358.2,0,-0.2,39,3.473,3.471,0,0,0,0,5.361,111.74,3.464792105624,7.217848,38,Tripod,
363000,2026-05-22 09:08:34,51.9885276886684,4.39020743369043,7.217848,,,3.464792105624,6.889764,4.250186,109.042982492,338.81562764,28,5,6.944,3.464792105624,7.217848,4.4515106,208.741148412,4.026492,-1.342164,0,341.5, -0.1, -1,,,0,0,1684,1024,1024,1024,100,0,0,0,358.2,0,0,39,3.473,3.471,0,0,0,0,5.361,111.74,3.464792105624,7.217848,38,Tripod,
363100,2026-05-22 09:08:34,51.9885293653562,4.39020649808362,7.217848,,,3.464792105624,6.889764,4.250186,108.396328928,339.46195312,28,5,6.944,3.464792105624,7.217848,4.4515106,208.741148412,4.026492,-1.342164,0,341.5, -0.2, -0.9,,,0,0,1684,1024,1024,1024,100,0,0,0,358.1,0,-0.1,39,3.473,3.471,0,0,0,0,5.361,111.74,3.464792105624,7.217848,38,Tripod,
363200,2026-05-22 09:08:35,51.9885310921605,4.39020546804525,7.217848,,,3.464792105624,6.56168,4.250186,107.725069064,340.13124448,29,5,6.943,3.464792105624,7.217848,4.4515106,208.741148412,4.026492,-1.342164,0,341.4, -0.4, -1,,,0,0,1684,1024,1024,1024,100,0,0,0,358.2,0,-0.1,39,3.473,3.47,0,0,0,0,5.335,111.74,3.464792105624,7.217848,38,Tripod,
363300,2026-05-22 09:08:35,51.9885327826753,4.39020454757419,7.217848,,,3.464792105624,6.56168,4.250186,107.074806576,340.78413164,29,5,6.943,3.464792105624,7.217848,4.4515106,208.741148412,4.026492,-1.342164,0,341.5, -0.8, -1,,,0,0,1684,1024,1024,1024,100,0,0,0,358.2,0,-0.1,39,3.473,3.47,0,0,0,0,5.335,111.74,3.464792105624,7.217848,38,Tripod,
363400,2026-05-22 09:08:35,51.9885343149415,4.39020348647136,7.217848,,,3.464792105624,6.56168,4.250186,106.467851176,341.39108704,29,5,6.943,3.464792105624,7.217848,4.4515106,208.741148412,4.026492,-1.342164,0,341.5, -0.9, -1,,,0,0,1684,1024,1024,1024,100,0,0,0,358.3,0,-0.1,39,3.473,3.47,0,0,0,0,5.335,111.74,3.464792105624,7.217848,38,Tripod,
363500,2026-05-22 09:08:35,51.9885359884251,4.39020257573838,7.217848,,,3.464792105624,6.56168,4.250186,105.824150368,342.03413168,29,5,6.943,3.464792105624,7.217848,4.4515106,208.741148412,4.026492,-1.342164,0,341.6, -0.8, -0.9,,,0,0,1684,1024,1024,1024,100,0,0,0,358.3,0,-0.1,39,3.473,3.47,0,0,0,0,5.335,111.74,3.464792105624,7.217848,38,Tripod,
363600,2026-05-22 09:08:35,51.9885376750848,4.39020150456359,7.217848,,,3.464792105624,6.889764,4.250186,105.163389192,342.69686136,29,5,6.943,3.464792105624,7.217848,4.4515106,208.741148412,4.026492,-1.342164,0,341.6, -0.8, -1,,,0,0,1684,1024,1024,1024,100,0,0,0,358.4,0,-0.2,39,3.473,3.47,0,0,0,0,5.335,111.74,3.464792105624,7.217848,38,Tripod,
363700,2026-05-22 09:08:35,51.9885393356152,4.39020059175779,7.217848,,,3.464792105624,6.889764,4.250186,104.52428156,343.33662516,29,5,6.943,3.464792105624,7.217848,4.4515106,208.741148412,4.026492,-1.342164,0,341.6, -0.7, -1,,,0,0,1684,1024,1024,1024,100,0,0,0,358.3,0,0,39,3.473,3.47,0,0,0,0,5.335,111.74,3.464792105624,7.217848,38,Tripod,
363800,2026-05-22 09:08:35,51.988541069256,4.3901995889304,7.217848,,,3.464792105624,6.56168,4.250186,103.852693612,344.00591652,28,5,6.943,3.464792105624,7.217848,4.4515106,208.741148412,4.026492,-1.342164,0,341.6, -0.7, -0.6,,,0,0,1684,1024,1024,1024,100,0,0,0,358.3,0,0,39,3.473,3.47,0,0,0,0,5.335,111.74,3.464792105624,7.217848,38,Tripod,
363900,2026-05-22 09:08:35,51.9885427789607,4.39019864131792,7.217848,,,3.464792105624,6.56168,4.250186,103.19390094,344.66536536,28,5,6.943,3.464792105624,7.217848,4.4515106,208.741148412,4.026492,-1.342164,0,341.6, -0.7, -0.8,,,0,0,1684,1024,1024,1024,100,0,0,0,358.4,0,-0.2,39,3.473,3.47,0,0,0,0,5.335,111.74,3.464792105624,7.217848,38,Tripod,
364000,2026-05-22 09:08:35,51.9885446780463,4.39019761279592,7.217848,,,3.464792105624,6.56168,4.250186,102.46391404,345.39699268,28,5,6.943,3.464792105624,7.217848,4.4515106,208.741148412,4.026492,-1.342164,0,341.7, -0.7, -1,,,0,0,1684,1024,1024,1024,100,0,0,0,358.5,0,0,39,3.473,3.47,0,0,0,0,5.335,111.74,3.464792105624,7.217848,38,Tripod,
364100,2026-05-22 09:08:35,51.9885464011497,4.39019664053219,7.217848,,,3.464792105624,6.889764,4.250186,101.798559688,346.0630032,28,5,6.943,3.464792105624,7.217848,4.4515106,208.741148412,4.026492,-1.342164,0,341.8, -0.7, -0.6,,,0,0,1684,1024,1024,1024,100,0,0,0,358.5,0,0.5,39,3.473,3.47,0,0,0,0,5.335,111.74,3.464792105624,7.217848,38,Tripod,
364200,2026-05-22 09:08:36,51.988548462476,4.39019557920677,7.217848,,,3.464792105624,6.889764,4.250186,101.01050192,346.8504048,28,5,6.937,3.464792105624,7.217848,4.4515106,208.741148412,4.026492,-1.342164,0,341.7, -0.6, -0.4,,,0,0,1684,1024,1024,1024,100,0,0,0,358.5,0,0.2,39,3.47,3.467,0,0,0,0,5.43,111.74,3.464792105624,7.217848,38,Tripod,
364300,2026-05-22 09:08:36,51.9885501529051,4.3901946158047,7.217848,,,3.464792105624,6.889764,4.250186,100.357286676,347.50329196,28,5,6.937,3.464792105624,7.217848,4.4515106,208.741148412,4.026492,-1.342164,0,341.8, -0.6, -0.6,,,0,0,1684,1024,1024,1024,100,0,0,0,358.5,0,0.3,39,3.47,3.467,0,0,0,0,5.43,111.74,3.464792105624,7.217848,38,Tripod,
364400,2026-05-22 09:08:36,51.9885522279556,4.39019348963758,7.217848,,,3.464792105624,6.889764,4.250186,99.559386388,348.30381692,27,5,6.937,3.464792105624,7.217848,4.4515106,208.741148412,4.026492,-1.342164,0,341.8, -0.6, -0.5,,,0,0,1684,1024,1024,1024,100,0,0,0,358.6,0,0.3,39,3.47,3.467,0,0,0,0,5.43,111.74,3.464792105624,7.217848,38,Tripod,
364500,2026-05-22 09:08:36,51.9885538433383,4.39019257027944,7.217848,,,3.464792105624,6.56168,4.250186,98.935042536,348.92717652,27,5,6.937,3.464792105624,7.217848,4.4515106,208.741148412,4.026492,-1.342164,0,341.8, -0.6, -0.4,,,0,0,1684,1024,1024,1024,100,0,0,0,358.6,0,0.6,39,3.47,3.467,0,0,0,0,5.43,111.74,3.464792105624,7.217848,38,Tripod,
364600,2026-05-22 09:08:36,51.9885561605078,4.39019167105131,7.217848,,,3.464792105624,6.56168,4.250186,98.0725097,349.79659912,27,5,6.937,3.464792105624,7.217848,4.4515106,208.741148412,4.026492,-1.342164,0,341.8, -0.6, -0.1,,,0,0,1684,1024,1024,1024,100,0,0,0,358.4,0,0.7,39,3.47,3.467,0,0,0,0,5.43,111.74,3.464792105624,7.217848,38,Tripod,
364700,2026-05-22 09:08:36,51.988557873862,4.39019069288909,7.217848,,,3.464792105624,6.56168,4.250186,97.410108104,350.4593288,27,5,6.937,3.464792105624,7.217848,4.4515106,208.741148412,4.026492,-1.342164,0,341.7, -0.3, 0,,,0,0,1684,1024,1024,1024,100,0,0,0,358.4,0,0.7,39,3.47,3.467,0,0,0,0,5.43,111.74,3.464792105624,7.217848,38,Tripod,
364800,2026-05-22 09:08:36,51.9885599640418,4.39018967190714,7.217848,,,3.464792105624,6.56168,4.250186,96.615488656,351.25657292,28,5,6.937,3.464792105624,7.217848,4.4515106,208.741148412,4.026492,-1.342164,0,341.6, -0.3, 0,,,0,0,1684,1024,1024,1024,100,0,0,0,358.4,0,0.8,39,3.47,3.467,0,0,0,0,5.43,111.74,3.464792105624,7.217848,38,Tripod,
364900,2026-05-22 09:08:36,51.9885615735989,4.39018876253749,7.217848,,,3.464792105624,6.56168,4.250186,95.993769476,351.87665168,28,5,6.937,3.464792105624,7.217848,4.4515106,208.741148412,4.026492,-1.342164,0,341.7, -0.3, 0,,,0,0,1684,1024,1024,1024,100,0,0,0,358.4,0,0.7,39,3.47,3.467,0,0,0,0,5.43,111.74,3.464792105624,7.217848,38,Tripod,
365000,2026-05-22 09:08:36,51.9885635040737,4.39018742127012,7.217848,,,3.464792105624,6.56168,4.250186,95.228349504,352.64436824,28,5,6.937,3.464792105624,7.217848,4.4515106,208.741148412,4.026492,-1.342164,0,341.7, -0.4, 0,,,0,0,1684,1024,1024,1024,100,0,0,0,358.4,0,0.8,39,3.47,3.467,0,0,0,0,5.43,111.74,3.464792105624,7.217848,38,Tripod,
365100,2026-05-22 09:08:36,51.9885651833144,4.39018647308727,7.217848,,,3.464792105624,6.56168,4.250186,94.58005552,353.29069372,28,5,6.937,3.464792105624,7.217848,4.4515106,208.741148412,4.026492,-1.342164,0,341.7, -0.4, 0,,,0,0,1684,1024,1024,1085,100,0,0,9,358.4,0,0.8,39,3.47,3.467,0,0,0,0,5.43,111.74,3.464792105624,7.217848,38,Tripod,
365200,2026-05-22 09:08:37,51.9885668933789,4.39018533313382,7.217848,,,3.464792105624,6.56168,4.4515106,93.9058429,353.96654676,27,5,6.939,3.464792105624,7.217848,4.4515106,208.741148412,4.250186,-1.342164,0,341.6, -0.2, 0,,,0,0,1684,1024,1024,1483,100,0,0,70,358.5,0,0.9,39,3.471,3.468,0,0,0,0,5.288,111.74,3.464792105624,7.217848,38,Tripod,
365300,2026-05-22 09:08:37,51.9885685758408,4.39018439402129,7.217848,,,3.464792105624,6.56168,4.4515106,93.257220832,354.61615308,27,5,6.939,3.464792105624,7.217848,4.4515106,208.741148412,4.250186,-1.342164,0,342.2, 0, 0.2,,,0,0,1684,998,996,1684,100,-4,-4,100,1,0,1.9,39,3.471,3.468,0,0,0,0,5.288,111.74,3.464792105624,7.217848,38,Tripod,
365400,2026-05-22 09:08:37,51.9885701104714,4.39018355277646,7.217848,,,3.464792105624,6.56168,4.250186,92.666341548,355.20670428,28,5,6.939,3.464792105624,7.217848,4.4515106,208.741148412,4.026492,-1.342164,0,345.6, 1.8, 1.6,,,0,0,1684,996,1024,1386,100,-4,0,55,4.6,0,3.4,39,3.471,3.468,0,0,0,0,5.288,111.74,3.464792105624,7.217848,38,Tripod,
365500,2026-05-22 09:08:37,51.9885717936358,4.39018266732075,7.217848,,,3.464792105624,6.56168,4.1830778,92.021656488,355.85302976,28,5,6.939,3.464792105624,7.217848,4.4515106,208.741148412,4.026492,-1.11847,0,349.4, 2.2, 3,,,0,0,1684,1024,1024,1024,100,0,0,0,6.5,0,4.5,39,3.471,3.468,0,0,0,0,5.288,111.74,3.464792105624,7.217848,38,Tripod,
365600,2026-05-22 09:08:37,51.9885735924024,4.39018214983922,7.217848,,,3.464792105624,6.56168,4.1830778,91.36647274,356.51904028,28,5,6.939,3.464792105624,7.217848,4.4515106,208.741148412,4.026492,-1.11847,0,349.8, 0.2, 3.6,,,0,0,1684,1024,1024,1024,100,0,0,0,6.2,0,4,39,3.471,3.468,0,0,0,0,5.288,111.74,3.464792105624,7.217848,38,Tripod,
365700,2026-05-22 09:08:37,51.988575262802,4.39018146159353,7.217848,,,3.464792105624,6.56168,4.1159696,90.741800804,357.14568072,28,5,6.939,3.464792105624,7.217848,4.4515106,208.741148412,4.026492,-0.894776,0,349.5, -0.5, 2.7,,,0,0,1684,1024,1024,1024,100,0,0,0,6.1,0,2.8,39,3.471,3.468,0,0,0,0,5.288,111.74,3.464792105624,7.217848,38,Tripod,
365800,2026-05-22 09:08:37,51.9885766803397,4.39018094203919,7.217848,,,3.464792105624,6.56168,4.1159696,90.216866404,357.6771768,28,5,6.939,3.464792105624,7.217848,4.4515106,208.741148412,4.026492,-0.894776,0,349.4, -0.3, 1.6,,,0,0,1684,1024,1024,1024,100,0,0,0,6.2,0,2.5,39,3.471,3.468,0,0,0,0,5.288,111.74,3.464792105624,7.217848,38,Tripod,
365900,2026-05-22 09:08:37,51.988578369518,4.39018038177967,7.217848,,,3.464792105624,6.56168,4.0712308,89.596131476,358.30709808,28,5,6.939,3.464792105624,7.217848,4.4515106,208.741148412,4.026492,-0.671082,0,349.5, -0.2, 1.7,,,0,0,1684,1024,1024,1024,100,0,0,0,6.3,0,2.3,39,3.471,3.468,0,0,0,0,5.288,111.74,3.464792105624,7.217848,38,Tripod,
366000,2026-05-22 09:08:37,51.9885796246094,4.39017967696533,7.217848,,,3.464792105624,6.56168,4.0712308,89.111879492,358.78938156,28,5,6.939,3.464792105624,7.217848,4.4515106,208.741148412,4.026492,-0.671082,0,349.6, -0.2, 1.2,,,0,0,1684,1024,1024,364,100,0,0,-100,5,0,1.6,39,3.471,3.468,0,0,0,0,5.288,111.74,3.464792105624,7.217848,38,Tripod,
366100,2026-05-22 09:08:37,51.9885813349652,4.39017918940753,7.217848,,,3.464792105624,6.56168,4.0712308,88.489832228,359.42586452,28,5,6.939,3.464792105624,7.217848,4.4515106,208.741148412,4.026492,-0.671082,0,347.3, 1.1, 0.2,,,0,0,1684,1024,952,364,100,0,-11,-100,1.5,0,-0.2,39,3.471,3.468,0,0,0,0,5.288,111.74,3.464792105624,7.217848,38,Tripod,
366200,2026-05-22 09:08:38,51.9885828573794,4.39017877101792,7.217848,,,3.464792105624,6.233596,4.0712308,87.937666856,359.98688816,27,5,6.932,3.464792105624,7.217848,4.4515106,208.741148412,4.026492,-0.671082,0,343.5, 2.2, -1.7,,,0,0,1684,1024,944,364,100,0,-12,-100,357.8,0,-2.1,38,3.467,3.465,0,0,0,0,5.412,112.1,3.464792105624,7.217848,38,Tripod,
366300,2026-05-22 09:08:38,51.9885844135645,4.39017826629328,7.217848,,,3.464792105624,6.233596,4.0712308,87.36712878,360.56759684,27,5,6.932,3.464792105624,7.217848,4.4515106,208.741148412,4.026492,-0.671082,0,339.7, 2.1, -3.4,,,0,0,1684,1024,1024,364,100,0,0,-100,354.1,0,-3.4,38,3.467,3.465,0,0,0,0,5.412,112.1,3.464792105624,7.217848,38,Tripod,
366400,2026-05-22 09:08:38,51.98858627182,4.3901776501511,7.217848,,,3.464792105624,6.233596,3.914645,86.68471406,361.25985408,27,5,6.932,3.464792105624,7.217848,4.4515106,208.741148412,3.802798,-0.894776,0,335.9, 2.2, -4.4,,,0,0,1684,1024,1024,1024,100,0,0,0,350.8,0,-3.9,38,3.467,3.465,0,0,0,0,5.412,112.1,3.464792105624,7.217848,38,Tripod,
366500,2026-05-22 09:08:38,51.9885879017836,4.3901769382697,7.217848,,,3.464792105624,6.233596,3.914645,86.072509316,361.87337116,27,5,6.932,3.464792105624,7.217848,4.4515106,208.741148412,3.802798,-0.894776,0,333.9, 1.6, -4.7,,,0,0,1684,1024,1024,1024,100,0,0,0,350.9,0,-4.1,38,3.467,3.465,0,0,0,0,5.412,112.1,3.464792105624,7.217848,38,Tripod,
366600,2026-05-22 09:08:38,51.9885895301195,4.39017616085102,7.217848,,,3.464792105624,6.233596,3.9593838,85.455383312,362.49344992,26,5,6.932,3.464792105624,7.217848,4.4515106,208.741148412,3.802798,-1.11847,0,334.2, 0, -4.8,,,0,0,1684,1024,1024,1024,100,0,0,0,351.1,0,-3.7,38,3.467,3.465,0,0,0,0,5.412,112.1,3.464792105624,7.217848,38,Tripod,
366700,2026-05-22 09:08:38,51.9885910672517,4.39017530220285,7.217848,,,3.464792105624,6.56168,3.9593838,84.862863608,363.08728196,26,5,6.932,3.464792105624,7.217848,4.4515106,208.741148412,3.802798,-1.11847,0,334.3, 0, -4.3,,,0,0,1684,1024,1024,1062,100,0,0,6,351.1,0,-3.2,38,3.467,3.465,0,0,0,0,5.412,112.1,3.464792105624,7.217848,38,Tripod,
366800,2026-05-22 09:08:38,51.9885924868284,4.39017454445509,7.217848,,,3.464792105624,6.56168,3.8251674,84.318572252,363.6319014,26,5,6.932,3.464792105624,7.217848,4.4515106,208.741148412,3.579104,-1.342164,0,334.3, 0, -3.9,,,0,0,1684,1024,1024,1062,100,0,0,6,351,0,-2.8,38,3.467,3.465,0,0,0,0,5.412,112.1,3.464792105624,7.217848,38,Tripod,
366900,2026-05-22 09:08:38,51.9885940094653,4.39017355040589,7.217848,,,3.464792105624,6.56168,3.8251674,83.719818952,364.23229512,26,5,6.932,3.464792105624,7.217848,4.4515106,208.741148412,3.579104,-1.342164,0,334.3, 0, -3.5,,,0,0,1684,1024,1024,1571,100,0,0,83,351.6,0,-2.4,38,3.467,3.465,0,0,0,0,5.412,112.1,3.464792105624,7.217848,38,Tripod,
367000,2026-05-22 09:08:38,51.9885955692485,4.3901727916565,7.217848,,,3.464792105624,6.56168,3.914645,83.127627332,364.82612716,26,5,6.932,3.464792105624,7.217848,4.4515106,208.741148412,3.579104,-1.565858,0,335.7, 0.5, -3,,,0,0,1684,1024,1024,1024,100,0,0,0,353.5,0,-1.4,38,3.467,3.465,0,0,0,0,5.412,112.1,3.464792105624,7.217848,38,Tripod,
367100,2026-05-22 09:08:38,51.9885971106471,4.39017173826066,7.217848,,,3.464792105624,6.233596,3.914645,82.517719176,365.4363634,26,5,6.932,3.464792105624,7.217848,4.4515106,208.741148412,3.579104,-1.565858,0,336.7, 0.7, -2.1,,,0,0,1684,1024,1024,1024,100,0,0,0,353.3,0,-1.3,38,3.467,3.465,0,0,0,0,5.412,112.1,3.464792105624,7.217848,38,Tripod,
367200,2026-05-22 09:08:39,51.9885989979617,4.39017099784668,7.217848,,,3.464792105624,6.233596,3.914645,81.815619416,366.141744,28,5,6.939,3.464792105624,7.217848,4.4515106,208.741148412,3.579104,-1.565858,0,336.5, 0.1, -2.1,,,0,0,1684,1024,1024,1024,100,0,0,0,353.2,0,-1.4,38,3.47,3.469,0,0,0,0,5.163,112.1,3.464792105624,7.217848,38,Tripod,
367300,2026-05-22 09:08:39,51.9886005258416,4.39016992765961,7.217848,,,3.464792105624,6.56168,3.914645,81.2089921,366.75198024,28,5,6.939,3.464792105624,7.217848,4.4515106,208.741148412,3.579104,-1.565858,0,336.4, 0.3, -2.1,,,0,0,1684,1024,1024,1024,100,0,0,0,353.1,0,-1.2,38,3.47,3.469,0,0,0,0,5.163,112.1,3.464792105624,7.217848,38,Tripod,
367400,2026-05-22 09:08:39,51.988602270311,4.39016916363775,7.217848,,,3.464792105624,6.56168,3.914645,80.553808352,367.40814824,29,5,6.939,3.464792105624,7.217848,4.4515106,208.741148412,3.579104,-1.565858,0,336.4, 0.2, -1.9,,,0,0,1684,1024,1024,1024,100,0,0,0,353.1,0,-1.2,38,3.47,3.469,0,0,0,0,5.163,112.1,3.464792105624,7.217848,38,Tripod,
367500,2026-05-22 09:08:39,51.98860378618,4.39016807131741,7.217848,,,3.464792105624,6.56168,3.914645,79.94914954,368.01510364,29,5,6.939,3.464792105624,7.217848,4.4515106,208.741148412,3.579104,-1.565858,0,336.4, 0, -2,,,0,0,1684,1024,1024,1024,100,0,0,0,353.1,0,-1.1,38,3.47,3.469,0,0,0,0,5.163,112.1,3.464792105624,7.217848,38,Tripod,
367600,2026-05-22 09:08:39,51.9886053420225,4.39016732800983,7.217848,,,3.464792105624,6.56168,3.914645,79.359910676,368.60565484,30,5,6.939,3.464792105624,7.217848,4.4515106,208.741148412,3.579104,-1.565858,0,336.4, 0, -1.9,,,0,0,1684,1024,1024,1024,100,0,0,0,353,0,-1.2,38,3.47,3.469,0,0,0,0,5.163,112.1,3.464792105624,7.217848,38,Tripod,
367700,2026-05-22 09:08:39,51.988606707576,4.39016633422495,7.217848,,,3.464792105624,6.56168,3.914645,78.814635068,369.15355512,30,5,6.939,3.464792105624,7.217848,4.4515106,208.741148412,3.579104,-1.565858,0,336.3, -0.1, -2.1,,,0,0,1684,1024,1024,1024,100,0,0,0,352.9,0,-1.3,38,3.47,3.469,0,0,0,0,5.163,112.1,3.464792105624,7.217848,38,Tripod,
367800,2026-05-22 09:08:39,51.9886083381564,4.39016530980685,7.217848,,,3.464792105624,6.56168,3.914645,78.176511688,369.79003808,30,5,6.939,3.464792105624,7.217848,4.4515106,208.741148412,3.579104,-1.565858,0,336.2, -0.2, -2,,,0,0,1684,1024,1024,1024,100,0,0,0,352.9,0,-1,38,3.47,3.469,0,0,0,0,5.163,112.1,3.464792105624,7.217848,38,Tripod,
367900,2026-05-22 09:08:39,51.9886098662248,4.39016419617404,7.217848,,,3.464792105624,6.56168,3.914645,77.566275448,370.40027432,30,5,6.939,3.464792105624,7.217848,4.4515106,208.741148412,3.579104,-1.565858,0,336.2, -0.7, -1.8,,,0,0,1684,1024,1024,1024,100,0,0,0,353,0,-1.1,38,3.47,3.469,0,0,0,0,5.163,112.1,3.464792105624,7.217848,38,Tripod,
368000,2026-05-22 09:08:39,51.988611546819,4.39016311974068,7.217848,,,3.464792105624,6.56168,4.1159696,76.907154692,371.05972316,30,5,6.939,3.464792105624,7.217848,4.4515106,208.741148412,3.802798,-1.565858,0,336.3, -1, -1.8,,,0,0,1684,1024,1024,1024,100,0,0,0,353,0,-0.9,38,3.47,3.469,0,0,0,0,5.163,112.1,3.464792105624,7.217848,38,Tripod,
368100,2026-05-22 09:08:39,51.988612984866,4.39016209855006,7.217848,,,3.464792105624,6.56168,4.1159696,76.334976196,371.63387016,30,5,6.939,3.464792105624,7.217848,4.4515106,208.741148412,3.802798,-1.565858,0,336.4, -1.5, -1.8,,,0,0,1684,1024,1024,1024,100,0,0,0,353.2,0,-1.3,38,3.47,3.469,0,0,0,0,5.163,112.1,3.464792105624,7.217848,38,Tripod,
368200,2026-05-22 09:08:40,51.988614587107,4.39016115840808,7.217848,,,3.464792105624,6.233596,4.1159696,75.7135851,372.25394892,29,5,6.934,3.464792105624,7.217848,4.4515106,208.741148412,3.802798,-1.565858,0,336.5, -1.4, -2.3,,,0,0,1684,1024,1024,1024,100,0,0,0,353.1,0,-1.8,38,3.468,3.466,0,0,0,0,5.259,112.1,3.464792105624,7.217848,38,Tripod,
368300,2026-05-22 09:08:40,51.9886161698668,4.3901600621647,7.217848,,,3.464792105624,6.56168,4.1159696,75.085960408,372.8838702,29,5,6.934,3.464792105624,7.217848,4.4515106,208.741148412,3.802798,-1.565858,0,336.4, -1, -2.8,,,0,0,1684,1024,1024,1024,100,0,0,0,353.1,0,-2,38,3.468,3.466,0,0,0,0,5.259,112.1,3.464792105624,7.217848,38,Tripod,
368400,2026-05-22 09:08:40,51.9886177728274,4.39015884352756,7.217848,,,3.464792105624,6.56168,4.1159696,74.441603432,373.52691484,29,5,6.934,3.464792105624,7.217848,4.4515106,208.741148412,3.802798,-1.565858,0,336.5, -0.9, -2.9,,,0,0,1684,1024,1024,1216,100,0,0,29,353.2,0,-2,38,3.468,3.466,0,0,0,0,5.259,112.1,3.464792105624,7.217848,38,Tripod,
368500,2026-05-22 09:08:40,51.9886193274362,4.39015778506792,7.217848,,,3.464792105624,6.56168,4.1159696,73.826774016,374.14371276,29,5,6.934,3.464792105624,7.217848,4.4515106,208.741148412,3.802798,-1.565858,0,336.6, -1.1, -2.9,,,0,0,1684,1024,1024,1024,100,0,0,0,353.6,0,-2,38,3.468,3.466,0,0,0,0,5.259,112.1,3.464792105624,7.217848,38,Tripod,
368600,2026-05-22 09:08:40,51.9886209388266,4.3901568075039,7.217848,,,3.464792105624,6.56168,4.1159696,73.199149324,374.7703532,29,5,6.934,3.464792105624,7.217848,4.4515106,208.741148412,3.802798,-1.565858,0,337.1, -1.3, -2.6,,,0,0,1684,1024,1024,1024,100,0,0,0,353.9,0,-1.5,38,3.468,3.466,0,0,0,0,5.259,112.1,3.464792105624,7.217848,38,Tripod,
368700,2026-05-22 09:08:40,51.9886225098154,4.39015576135597,7.217848,,,3.464792105624,6.56168,4.1159696,72.579726732,375.39043196,29,5,6.934,3.464792105624,7.217848,4.4515106,208.741148412,3.802798,-1.565858,0,337.2, -1.2, -2.2,,,0,0,1684,1024,1024,1024,100,0,0,0,353.7,0,-1.4,38,3.468,3.466,0,0,0,0,5.259,112.1,3.464792105624,7.217848,38,Tripod,
368800,2026-05-22 09:08:40,51.9886243816581,4.390154739748,7.217848,,,3.464792105624,6.56168,4.1159696,71.86023852,376.11221676,28,5,6.934,3.464792105624,7.217848,4.4515106,208.741148412,3.802798,-1.565858,0,336.9, -1.1, -2.3,,,0,0,1684,1024,1024,1024,100,0,0,0,353.5,0,-1.8,38,3.468,3.466,0,0,0,0,5.259,112.1,3.464792105624,7.217848,38,Tripod,
368900,2026-05-22 09:08:40,51.9886259624303,4.39015373104995,7.217848,,,3.464792105624,6.56168,4.026492,71.240487844,376.72901468,28,5,6.934,3.464792105624,7.217848,4.4515106,208.741148412,3.802798,-1.342164,0,336.7, -1.1, -2.8,,,0,0,1684,1024,1024,1024,100,0,0,0,353.3,0,-2.4,38,3.468,3.466,0,0,0,0,5.259,112.1,3.464792105624,7.217848,38,Tripod,
369000,2026-05-22 09:08:40,51.9886275884874,4.39015281063453,7.217848,,,3.464792105624,6.56168,4.026492,70.612863152,377.35893596,28,5,6.934,3.464792105624,7.217848,4.4515106,208.741148412,3.802798,-1.342164,0,336.6, -1.3, -3.5,,,0,0,1684,1024,1024,1024,100,0,0,0,353.3,0,-2.8,38,3.468,3.466,0,0,0,0,5.259,112.1,3.464792105624,7.217848,38,Tripod,
369100,2026-05-22 09:08:40,51.9886291746739,4.39015180352239,7.217848,,,3.464792105624,6.56168,4.026492,69.991472056,377.97901472,28,5,6.934,3.464792105624,7.217848,4.4515106,208.741148412,3.802798,-1.342164,0,336.7, -1.5, -3.4,,,0,0,1684,1024,1024,1024,100,0,0,0,353.5,0,-2.2,38,3.468,3.466,0,0,0,0,5.259,112.1,3.464792105624,7.217848,38,Tripod,
369200,2026-05-22 09:08:41,51.9886306972252,4.39015080150187,7.217848,,,3.464792105624,6.56168,4.026492,69.392062588,378.57940844,29,5,6.933,3.464792105624,7.217848,4.4515106,208.741148412,3.802798,-1.342164,0,336.9, -1.6, -3.1,,,0,0,1684,1024,1024,1024,100,0,0,0,353.6,0,-2.5,38,3.468,3.465,0,0,0,0,5.204,112.1,3.464792105624,7.217848,38,Tripod,
369300,2026-05-22 09:08:41,51.9886322947715,4.39014979828496,7.217848,,,3.464792105624,6.56168,4.026492,68.767062568,379.20604888,29,5,6.933,3.464792105624,7.217848,4.4515106,208.741148412,3.802798,-1.342164,0,337, -2.3, -3.3,,,0,0,1684,1024,1024,1024,100,0,0,0,353.7,0,-2.8,38,3.468,3.465,0,0,0,0,5.204,112.1,3.464792105624,7.217848,38,Tripod,
369400,2026-05-22 09:08:41,51.9886337387468,4.3901491295989,7.217848,,,3.464792105624,6.56168,4.250186,68.22178696,379.75394916,29,5,6.933,3.464792105624,7.217848,4.4515106,208.741148412,4.026492,-1.342164,0,337.1, -2.5, -3.8,,,0,0,1684,1024,1024,1024,100,0,0,0,353.6,0,-3.1,38,3.468,3.465,0,0,0,0,5.204,112.1,3.464792105624,7.217848,38,Tripod,
369500,2026-05-22 09:08:41,51.9886352837778,4.39014819045855,7.217848,,,3.464792105624,6.56168,4.250186,67.61975282,380.35434288,29,5,6.933,3.464792105624,7.217848,4.4515106,208.741148412,4.026492,-1.342164,0,336.9, -2.3, -3.9,,,0,0,1684,1024,1024,1024,100,0,0,0,353.5,0,-3.3,38,3.468,3.465,0,0,0,0,5.204,112.1,3.464792105624,7.217848,38,Tripod,
369600,2026-05-22 09:08:41,51.9886369864747,4.39014745439888,7.217848,,,3.464792105624,6.56168,4.250186,66.981301356,380.99738752,29,5,6.933,3.464792105624,7.217848,4.4515106,208.741148412,4.026492,-1.342164,0,336.8, -2.1, -4.3,,,0,0,1684,1024,1024,1024,100,0,0,0,353.4,0,-3.9,38,3.468,3.465,0,0,0,0,5.204,112.1,3.464792105624,7.217848,38,Tripod,
369700,2026-05-22 09:08:41,51.9886386283121,4.3901464635076,7.217848,,,3.464792105624,6.56168,4.250186,66.342193724,381.63715132,29,5,6.933,3.464792105624,7.217848,4.4515106,208.741148412,4.026492,-1.342164,0,336.7, -1.9, -4.7,,,0,0,1684,1024,1024,1024,100,0,0,0,353.4,0,-3.8,38,3.468,3.465,0,0,0,0,5.204,112.1,3.464792105624,7.217848,38,Tripod,
369800,2026-05-22 09:08:41,51.9886402680592,4.39014555337281,7.217848,,,3.464792105624,6.56168,4.250186,65.710632024,382.2670726,30,5,6.933,3.464792105624,7.217848,4.4515106,208.741148412,4.026492,-1.342164,0,336.8, -2, -4.6,,,0,0,1684,1024,1024,1024,100,0,0,0,353.5,0,-3.6,38,3.468,3.465,0,0,0,0,5.204,112.1,3.464792105624,7.217848,38,Tripod,
369900,2026-05-22 09:08:41,51.9886418664793,4.39014455215917,7.217848,,,3.464792105624,6.56168,4.3172942,65.085632004,382.89371304,30,5,6.933,3.464792105624,7.217848,4.4515106,208.741148412,4.026492,-1.565858,0,337, -2.2, -4.3,,,0,0,1684,1024,1024,1024,100,0,0,0,353.7,0,-3.4,38,3.468,3.465,0,0,0,0,5.204,112.1,3.464792105624,7.217848,38,Tripod,
370000,2026-05-22 09:08:41,51.9886433278284,4.39014371260459,7.217848,,,3.464792105624,6.56168,4.3172942,64.520343272,383.45801752,30,5,6.933,3.464792105624,7.217848,4.4515106,208.741148412,4.026492,-1.565858,0,337.1, -2.2, -4.3,,,0,0,1684,1024,1024,1024,100,0,0,0,353.7,0,-3.6,38,3.468,3.465,0,0,0,0,5.204,112.1,3.464792105624,7.217848,38,Tripod,
370100,2026-05-22 09:08:41,51.9886449474089,4.39014269505879,7.217848,,,3.464792105624,6.56168,4.3172942,63.886813068,384.09121964,30,5,6.933,3.464792105624,7.217848,4.4515106,208.741148412,4.026492,-1.565858,0,337, -1.9, -4.6,,,0,0,1684,1024,1024,1024,100,0,0,0,353.6,0,-4.2,38,3.468,3.465,0,0,0,0,5.204,112.1,3.464792105624,7.217848,38,Tripod,
370200,2026-05-22 09:08:42,51.988646582564,4.39014197357842,7.217848,,,3.464792105624,6.56168,4.3172942,63.27263982,384.7112984,30,5,6.93,3.464792105624,7.217848,4.4515106,208.741148412,4.026492,-1.565858,0,336.9, -1.7, -5.2,,,0,0,1684,1024,1024,1024,100,0,0,0,353.5,0,-4.2,38,3.466,3.464,0,0,0,0,5.251,112.1,3.464792105624,7.217848,38,Tripod,
370300,2026-05-22 09:08:42,51.9886482289076,4.39014091417279,7.217848,,,3.464792105624,6.56168,4.3172942,62.62631434,385.35762388,30,5,6.93,3.464792105624,7.217848,4.4515106,208.741148412,4.026492,-1.565858,0,336.8, -1.8, -5,,,0,0,1684,1024,1024,1024,100,0,0,0,353.4,0,-4,38,3.466,3.464,0,0,0,0,5.251,112.1,3.464792105624,7.217848,38,Tripod,
370400,2026-05-22 09:08:42,51.9886499387323,4.3901400580287,7.217848,,,3.464792105624,6.56168,4.3172942,61.975723768,386.01051104,29,5,6.93,3.464792105624,7.217848,4.4515106,208.741148412,4.026492,-1.565858,0,336.8, -1.7, -4.7,,,0,0,1684,1024,1024,1024,100,0,0,0,353.5,0,-3.8,38,3.466,3.464,0,0,0,0,5.251,112.1,3.464792105624,7.217848,38,Tripod,
370500,2026-05-22 09:08:42,51.9886516006506,4.39013892700646,7.217848,,,3.464792105624,6.56168,4.3172942,61.318243432,386.66667904,29,5,6.93,3.464792105624,7.217848,4.4515106,208.741148412,4.026492,-1.565858,0,336.9, -1.7, -4.5,,,0,0,1684,1024,1024,1024,100,0,0,0,353.6,0,-3.3,38,3.466,3.464,0,0,0,0,5.251,112.1,3.464792105624,7.217848,38,Tripod,
370600,2026-05-22 09:08:42,51.9886531379884,4.39013794350221,7.217848,,,3.464792105624,6.56168,4.3172942,60.71522504,387.2703536,29,5,6.93,3.464792105624,7.217848,4.4515106,208.741148412,4.026492,-1.565858,0,337, -1.5, -4.1,,,0,0,1684,1024,1024,1024,100,0,0,0,353.6,0,-3.2,38,3.466,3.464,0,0,0,0,5.251,112.1,3.464792105624,7.217848,38,Tripod,
370700,2026-05-22 09:08:42,51.9886547916482,4.39013680166374,7.217848,,,3.464792105624,6.56168,4.3172942,60.060041292,387.9265216,29,5,6.93,3.464792105624,7.217848,4.4515106,208.741148412,4.026492,-1.565858,0,337, -1.4, -4,,,0,0,1684,1024,1024,1024,100,0,0,0,353.6,0,-3.1,38,3.466,3.464,0,0,0,0,5.251,112.1,3.464792105624,7.217848,38,Tripod,
370800,2026-05-22 09:08:42,51.988656332824,4.39013583920765,7.217848,,,3.464792105624,6.56168,4.3172942,59.457679068,388.52691532,28,5,6.93,3.464792105624,7.217848,4.4515106,208.741148412,4.026492,-1.565858,0,336.9, -0.9, -4,,,0,0,1684,1024,1024,1024,100,0,0,0,353.5,0,-3.3,38,3.466,3.464,0,0,0,0,5.251,112.1,3.464792105624,7.217848,38,Tripod,
370900,2026-05-22 09:08:42,51.9886578217586,4.39013484107541,7.217848,,,3.464792105624,6.56168,4.3172942,58.86975254,389.11746652,28,5,6.93,3.464792105624,7.217848,4.4515106,208.741148412,4.026492,-1.565858,0,336.8, -1, -4.4,,,0,0,1684,1024,1024,1024,100,0,0,0,353.4,0,-3.8,38,3.466,3.464,0,0,0,0,5.251,112.1,3.464792105624,7.217848,38,Tripod,
371000,2026-05-22 09:08:42,51.9886595182017,4.39013371351714,7.217848,,,3.464792105624,6.56168,4.3172942,58.201117348,389.78347704,29,5,6.93,3.464792105624,7.217848,4.4515106,208.741148412,4.026492,-1.565858,0,336.7, -1.2, -4.7,,,0,0,1684,1024,1024,1024,100,0,0,0,353.4,0,-3.8,38,3.466,3.464,0,0,0,0,5.251,112.1,3.464792105624,7.217848,38,Tripod,
371100,2026-05-22 09:08:43,51.9886611500929,4.39013261472794,7.217848,,,3.464792105624,6.56168,4.3172942,57.556760372,390.42980252,29,5,6.93,3.464792105624,7.217848,4.4515106,208.741148412,4.026492,-1.565858,0,336.8, -1.4, -4.5,,,0,0,1684,1024,1024,1024,100,0,0,0,353.5,0,-3.8,38,3.466,3.464,0,0,0,0,5.251,112.1,3.464792105624,7.217848,38,Tripod,
371200,2026-05-22 09:08:43,51.9886629065474,4.39013169658011,7.217848,,,3.464792105624,6.56168,4.3172942,56.88484434,391.10237472,26,5,6.927,3.464792105624,7.217848,4.4515106,208.741148412,4.026492,-1.565858,0,336.9, -1.3, -4.8,,,0,0,1684,1024,1099,1024,100,0,11,0,353.6,0,-4,38,3.464,3.463,0,0,0,0,5.274,112.28,3.464792105624,7.217848,38,Tripod,
371300,2026-05-22 09:08:43,51.9886645741799,4.39013054128222,7.217848,,,3.464792105624,6.56168,4.3172942,56.22375508,391.7651044,26,5,6.927,3.464792105624,7.217848,4.4515106,208.741148412,4.026492,-1.565858,0,337, -1.1, -4.8,,,0,0,1684,1024,1480,1024,100,0,69,0,353.6,0,-3.6,38,3.464,3.463,0,0,0,0,5.274,112.28,3.464792105624,7.217848,38,Tripod,
371400,2026-05-22 09:08:43,51.9886664942459,4.39012975402113,7.217848,,,3.464792105624,6.56168,4.3172942,55.507219624,392.4868892,26,5,6.927,3.464792105624,7.217848,4.4515106,208.741148412,4.026492,-1.789552,0,336.9, -0.7, -4.3,,,0,0,1684,1024,1684,1024,100,0,100,0,353.6,0,-3.3,38,3.464,3.463,0,0,0,0,5.274,112.28,3.464792105624,7.217848,38,Tripod,
371500,2026-05-22 09:08:43,51.9886681881017,4.39012852990981,7.217848,,,3.464792105624,6.56168,4.4067718,54.831366584,393.16274224,26,5,6.927,3.464792105624,7.217848,4.4515106,208.741148412,4.026492,-1.789552,-0.223694,336.9, -0.5, -4.1,,,0,0,1684,1024,1684,1024,100,0,100,0,353.7,0,-2.8,38,3.464,3.463,0,0,0,0,5.274,112.28,3.464792105624,7.217848,38,Tripod,
371600,2026-05-22 09:08:43,51.9886699940475,4.39012735343856,7.217848,,,3.464792105624,6.56168,4.4067718,54.121392808,393.87140368,26,5,6.927,3.464792105624,7.217848,4.4515106,208.741148412,4.026492,-1.789552,-0.447388,337, -0.7, -3.4,,,0,0,1684,1024,1684,1024,100,0,100,0,353.7,0,-2,38,3.464,3.463,0,0,0,0,5.274,112.28,3.464792105624,7.217848,38,Tripod,
371700,2026-05-22 09:08:43,51.9886716371442,4.39012614882426,7.217848,,,3.464792105624,6.889764,4.4067718,53.46456864,394.53085252,26,5,6.927,3.464792105624,7.217848,4.4515106,208.741148412,4.026492,-1.789552,-0.671082,336.9, -0.6, -2.8,,,0,0,1684,1024,1684,1024,100,0,100,0,353.6,0,-1.9,38,3.464,3.463,0,0,0,0,5.274,112.28,3.464792105624,7.217848,38,Tripod,
371800,2026-05-22 09:08:43,51.9886732007997,4.39012523103813,7.545932,,,3.792876105624,6.889764,4.3172942,52.857941324,395.13780792,26,5,6.927,3.792876105624,7.545932,4.4515106,208.741148412,4.026492,-1.565858,-0.894776,336.9, -0.5, -2.9,,,0,0,1684,1024,1684,1024,100,0,100,0,353.7,0,-2.1,38,3.464,3.463,0,0,0,0,5.274,112.28,3.792876105624,7.545932,38,Tripod,
371900,2026-05-22 09:08:43,51.9886748384993,4.39012409698317,7.545932,,,3.792876105624,7.217848,4.3172942,52.208663088,395.78741424,26,5,6.927,3.792876105624,7.545932,4.4515106,208.741148412,4.026492,-1.565858,-0.894776,336.9, -0.8, -3,,,0,0,1684,1024,1684,1024,100,0,100,0,353.6,0,-2.4,38,3.464,3.463,0,0,0,0,5.274,112.28,3.792876105624,7.545932,38,Tripod,
372000,2026-05-22 09:08:43,51.9886761255796,4.39012349233193,7.874016,,,4.120960105624,7.217848,4.3172942,51.722114516,396.2762594,26,5,6.927,4.120960105624,7.874016,4.4515106,208.741148412,4.026492,-1.565858,-0.894776,336.8, -0.8, -3.6,,,0,0,1684,1024,1666,1024,100,0,97,0,353.6,0,-3.1,38,3.464,3.463,0,0,0,0,5.274,112.28,4.120960105624,7.874016,38,Tripod,
372100,2026-05-22 09:08:43,51.9886778114168,4.39012243272459,7.874016,,,4.120960105624,7.545932,4.3172942,51.062665676,396.93570824,26,5,6.927,4.120960105624,7.874016,4.4515106,208.741148412,4.026492,-1.565858,-1.11847,336.8, -0.6, -4.1,,,0,0,1684,1024,1666,1024,100,0,97,0,353.6,0,-3.4,38,3.464,3.463,0,0,0,0,5.274,112.28,4.120960105624,7.874016,38,Tripod,
372200,2026-05-22 09:08:44,51.9886786082966,4.3901216088344,8.2021,,,4.449044105624,7.545932,4.3172942,50.724082988,397.28019644,27,5,6.907,4.449044105624,8.2021,4.4515106,208.741148412,4.026492,-1.565858,-1.11847,336.8, -0.3, -4.4,,,0,0,1684,1024,1593,1024,100,0,86,0,353.6,0,-3.7,38,3.454,3.453,0,0,0,0,5.822,112.28,4.449044105624,8.2021,38,Tripod,
372300,2026-05-22 09:08:44,51.9886802958044,4.39012057041434,8.2021,,,4.449044105624,7.874016,4.3172942,50.0656184,397.93964528,27,5,6.907,4.449044105624,8.2021,4.4515106,208.741148412,4.026492,-1.565858,-0.894776,336.8, -0.2, -4.7,,,0,0,1684,1024,1570,1024,100,0,83,0,353.6,0,-4,38,3.454,3.453,0,0,0,0,5.822,112.28,4.449044105624,8.2021,38,Tripod,
372400,2026-05-22 09:08:44,51.9886810109385,4.39011962995239,8.530184,,,4.777128105624,7.874016,4.3172942,49.745408416,398.27429096,27,5,6.907,4.777128105624,8.530184,4.4515106,208.741148412,4.026492,-1.565858,-0.894776,336.8, 0, -4.8,,,0,0,1684,1024,1684,969,100,0,100,-8,353.6,0,-3.9,38,3.454,3.453,0,0,0,0,5.822,112.28,4.777128105624,8.530184,38,Tripod,
372500,2026-05-22 09:08:44,51.9886826947882,4.39011857248743,8.530184,,,4.777128105624,8.2021,4.3172942,49.086615744,398.9337398,27,5,6.907,4.777128105624,8.530184,4.4515106,208.741148412,4.026492,-1.565858,-0.894776,336.9, -0.2, -4.8,,,0,0,1684,1024,1684,978,100,0,100,-7,353.6,0,-4,38,3.454,3.453,0,0,0,0,5.822,112.28,4.777128105624,8.530184,38,Tripod,
372600,2026-05-22 09:08:44,51.9886839023758,4.39011770294652,8.858268,,,5.105212105624,8.2021,4.3172942,48.604988432,399.41602328,27,5,6.907,5.105212105624,8.858268,4.4515106,208.741148412,4.026492,-1.565858,-0.894776,336.9, -0.3, -5,,,0,0,1684,1024,1462,1008,100,0,66,-2,353.6,0,-4.5,38,3.454,3.453,0,0,0,0,5.822,112.28,5.105212105624,8.858268,38,Tripod,
372700,2026-05-22 09:08:44,51.9886855890869,4.39011665322333,8.858268,,,5.105212105624,8.530184,4.3172942,47.94619576,400.07219128,27,5,6.907,5.105212105624,8.858268,4.4515106,208.741148412,4.026492,-1.565858,-0.894776,336.8, -0.3, -5.6,,,0,0,1684,1024,1038,1024,100,0,2,0,353.6,0,-4.6,38,3.454,3.453,0,0,0,0,5.822,112.28,5.105212105624,8.858268,38,Tripod,
372800,2026-05-22 09:08:44,51.9886874071377,4.39011592111454,8.858268,,,5.105212105624,8.530184,4.3172942,47.2687023,400.75788684,28,5,6.907,5.105212105624,8.858268,4.4515106,208.741148412,4.026492,-1.565858,-0.894776,336.8, -0.1, -5.5,,,0,0,1684,1024,1024,1024,100,0,0,0,353.5,0,-4.4,38,3.454,3.453,0,0,0,0,5.822,112.28,5.105212105624,8.858268,38,Tripod,
372900,2026-05-22 09:08:44,51.988689086267,4.39011487612823,9.186352,,,5.433296105624,8.858268,4.3172942,46.612862384,401.41405484,28,5,6.907,5.433296105624,9.186352,4.4515106,208.741148412,4.026492,-1.565858,-0.447388,336.8, -0.1, -5.4,,,0,0,1684,1024,1024,1024,100,0,0,0,353.5,0,-4.7,38,3.454,3.453,0,0,0,0,5.822,112.28,5.433296105624,9.186352,38,Tripod,
373000,2026-05-22 09:08:44,51.9886909924717,4.39011432486948,9.186352,,,5.433296105624,8.858268,4.3172942,45.920933228,402.11943544,28,5,6.907,5.433296105624,9.186352,4.4515106,208.741148412,4.026492,-1.565858,-0.223694,336.8, -0.3, -5.7,,,0,0,1684,1024,1024,1024,100,0,0,0,353.6,0,-4.8,38,3.454,3.453,0,0,0,0,5.822,112.28,5.433296105624,9.186352,38,Tripod,
373100,2026-05-22 09:08:44,51.9886926709413,4.39011325998271,9.186352,,,5.433296105624,8.858268,4.3172942,45.263452892,402.77560344,28,5,6.907,5.433296105624,9.186352,4.4515106,208.741148412,4.026492,-1.565858,0,336.9, -0.2, -5.7,,,0,0,1684,1024,1024,1024,100,0,0,0,353.7,0,-4.6,38,3.454,3.453,0,0,0,0,5.822,112.28,5.433296105624,9.186352,38,Tripod,
373200,2026-05-22 09:08:45,51.9886942837196,4.39011245843446,9.186352,,,5.433296105624,8.858268,4.3172942,44.650263896,403.39240136,28,5,6.907,5.433296105624,9.186352,4.4515106,208.741148412,4.026492,-1.565858,0,336.9, -0.1, -5.4,,,0,0,1684,1024,1024,895,100,0,0,-20,353.6,0,-4.2,38,3.454,3.453,0,0,0,0,5.822,112.28,5.433296105624,9.186352,38,Tripod,
373300,2026-05-22 09:08:45,51.9886959521488,4.39011135346158,9.186352,,,5.433296105624,8.858268,4.3172942,43.993111644,404.04856936,28,5,6.911,5.433296105624,9.186352,4.4515106,208.741148412,4.026492,-1.565858,0,336.8, -0.2, -5.1,,,0,0,1684,1024,1024,364,100,0,0,-100,352.8,0,-4.3,38,3.467,3.464,0,0,0,0,5.493,112.46,5.433296105624,9.186352,38,Tripod,
373400,2026-05-22 09:08:45,51.9886973708088,4.39011039821167,9.186352,,,5.433296105624,8.858268,4.3172942,43.432744172,404.609593,28,5,6.911,5.433296105624,9.186352,4.4515106,208.741148412,4.026492,-1.565858,0,334.8, 0.5, -5.6,,,0,0,1684,1024,1024,364,100,0,0,-100,349.1,-0.1,-6,38,3.467,3.464,0,0,0,0,5.493,112.46,5.433296105624,9.186352,38,Tripod,
373500,2026-05-22 09:08:45,51.9886990301485,4.39010927498684,9.186352,,,5.433296105624,8.858268,4.3172942,42.776904256,405.265761,28,5,6.911,5.433296105624,9.186352,4.4515106,208.741148412,4.026492,-1.565858,0,330.7, 2.3, -7.6,,,0,0,1684,1024,1024,498,100,0,0,-80,345.2,-0.1,-7.7,38,3.467,3.464,0,0,0,0,5.493,112.46,5.433296105624,9.186352,38,Tripod,
373600,2026-05-22 09:08:45,51.9887005046906,4.39010804981824,9.186352,,,5.433296105624,8.858268,4.1159696,42.174870116,405.86943556,28,5,6.911,5.433296105624,9.186352,4.4515106,208.741148412,3.802798,-1.565858,0,326.8, 2.3, -9,,,0,0,1684,1024,1024,1024,100,0,0,0,342.7,0,-8.6,38,3.467,3.464,0,0,0,0,5.493,112.46,5.433296105624,9.186352,38,Tripod,
373700,2026-05-22 09:08:45,51.9887020480253,4.39010687695009,9.186352,,,5.433296105624,8.858268,4.0041226,41.554463272,406.49279516,28,5,6.911,5.433296105624,9.186352,4.4515106,208.741148412,3.579104,-1.789552,0,325.8, 0.5, -9.5,,,0,0,1684,1024,1024,1024,100,0,0,0,342.9,0,-8.4,38,3.467,3.464,0,0,0,0,5.493,112.46,5.433296105624,9.186352,38,Tripod,
373800,2026-05-22 09:08:45,51.988703559945,4.39010560546996,9.186352,,,5.433296105624,8.858268,4.0041226,40.936024932,407.11287392,28,5,6.911,5.433296105624,9.186352,4.4515106,208.741148412,3.579104,-1.789552,0,326.3, -1.2, -8.9,,,0,0,1684,1024,1024,1024,100,0,0,0,343,0,-7.6,38,3.467,3.464,0,0,0,0,5.493,112.46,5.433296105624,9.186352,38,Tripod,
373900,2026-05-22 09:08:45,51.9887050195635,4.3901043081422,9.186352,,,5.433296105624,8.858268,4.1159696,40.333662708,407.71982932,28,5,6.911,5.433296105624,9.186352,4.4515106,208.741148412,3.579104,-2.013246,0,326.5, -2, -8.4,,,0,0,1684,1024,1024,1024,100,0,0,0,343,0,-7.5,38,3.467,3.464,0,0,0,0,5.493,112.46,5.433296105624,9.186352,38,Tripod,
374000,2026-05-22 09:08:45,51.9887066207165,4.39010263250397,9.186352,,,5.433296105624,8.858268,4.1159696,39.65223224,408.4153674,28,5,6.911,5.433296105624,9.186352,4.4515106,208.741148412,3.579104,-2.013246,0,326.5, -2.5, -8.2,,,0,0,1684,1024,1024,1024,100,0,0,0,343,0,-7.2,38,3.467,3.464,0,0,0,0,5.493,112.46,5.433296105624,9.186352,38,Tripod,
374100,2026-05-22 09:08:45,51.9887080706887,4.39010119060051,9.186352,,,5.433296105624,8.858268,4.2278166,39.041667916,409.03544616,28,5,6.911,5.433296105624,9.186352,4.4515106,208.741148412,3.579104,-2.23694,0,326.5, -2.4, -7.9,,,0,0,1684,1024,1024,1368,100,0,0,52,343,0,-6.6,38,3.467,3.464,0,0,0,0,5.493,112.46,5.433296105624,9.186352,38,Tripod,
374200,2026-05-22 09:08:46,51.9887101242362,4.39009952938159,9.186352,,,5.433296105624,8.858268,4.026492,38.208006472,409.87206036,29,5,6.908,5.433296105624,9.186352,4.4515106,208.741148412,3.35541,-2.23694,0,326.8, -2.2, -7.2,,,0,0,1684,1024,1024,1465,100,0,0,67,345.2,0,-5.5,38,3.457,3.455,0,0,0,0,5.653,112.46,5.433296105624,9.186352,38,Tripod,
374300,2026-05-22 09:08:46,51.9887115963967,4.39009795091549,9.186352,,,5.433296105624,8.858268,4.026492,37.579725612,410.515105,29,5,6.908,5.433296105624,9.186352,4.4515106,208.741148412,3.35541,-2.23694,0,329.5, -0.3, -5.7,,,0,0,1684,1024,1024,1024,100,0,0,0,346.5,0,-3.7,38,3.457,3.455,0,0,0,0,5.653,112.46,5.433296105624,9.186352,38,Tripod,
374400,2026-05-22 09:08:46,51.9887135653628,4.39009662918688,9.186352,,,5.433296105624,8.858268,4.026492,36.802494616,411.29266408,29,5,6.908,5.433296105624,9.186352,4.4515106,208.741148412,3.35541,-2.23694,0,329.8, -1.5, -4.3,,,0,0,1684,1024,1024,1024,100,0,0,0,346.4,0,-3,38,3.457,3.455,0,0,0,0,5.653,112.46,5.433296105624,9.186352,38,Tripod,
374500,2026-05-22 09:08:46,51.9887150533294,4.39009510097621,9.186352,,,5.433296105624,8.858268,4.2278166,36.173229504,411.93570872,29,5,6.908,5.433296105624,9.186352,4.4515106,208.741148412,3.579104,-2.23694,0,329.7, -1.5, -3.8,,,0,0,1684,1024,1024,1024,100,0,0,0,346.3,0,-2.9,38,3.457,3.455,0,0,0,0,5.653,112.46,5.433296105624,9.186352,38,Tripod,
374600,2026-05-22 09:08:46,51.9887171122912,4.3900941637487,9.186352,,,5.433296105624,9.186352,4.2278166,35.395998508,412.71654864,28,5,6.908,5.433296105624,9.186352,4.4515106,208.741148412,3.579104,-2.23694,0,329.6, -1.2, -3.6,,,0,0,1684,1024,1024,1203,100,0,0,27,346.3,0,-2.5,38,3.457,3.455,0,0,0,0,5.653,112.46,5.433296105624,9.186352,38,Tripod,
374700,2026-05-22 09:08:46,51.9887186385091,4.39009273490122,9.186352,,,5.433296105624,9.186352,4.1159696,34.761812136,413.35959328,28,5,6.908,5.433296105624,9.186352,4.4515106,208.741148412,3.579104,-2.013246,0,329.6, -1.5, -3.4,,,0,0,1684,1024,1024,1684,100,0,0,100,346.4,0,-3.1,38,3.457,3.455,0,0,0,0,5.653,112.46,5.433296105624,9.186352,38,Tripod,
374800,2026-05-22 09:08:46,51.9887204913075,4.39009168403032,9.186352,,,5.433296105624,9.186352,4.2949248,34.045932848,414.0748164,28,5,6.908,5.433296105624,9.186352,4.4515106,208.741148412,3.802798,-2.013246,0,330.1, -1.4, -4.1,,,0,0,1684,1024,1024,1684,100,0,0,100,348.7,0,-3.3,38,3.457,3.455,0,0,0,0,5.653,112.46,5.433296105624,9.186352,38,Tripod,
374900,2026-05-22 09:08:46,51.9887220660315,4.39009035670927,9.186352,,,5.433296105624,9.186352,4.2054472,33.403216292,414.72114188,28,5,6.908,5.433296105624,9.186352,4.4515106,208.741148412,3.802798,-1.789552,0,333.1, 0.5, -3.8,,,0,0,1684,1024,1024,1095,100,0,0,11,351.9,0,-2.3,38,3.457,3.455,0,0,0,0,5.653,112.46,5.433296105624,9.186352,38,Tripod,
375000,2026-05-22 09:08:46,51.9887239807602,4.39008941569782,9.186352,,,5.433296105624,8.858268,4.2054472,32.6748370036,415.4527692,28,5,6.908,5.433296105624,9.186352,4.4515106,208.741148412,3.802798,-1.789552,0,335, 0.7, -3.2,,,0,0,1684,1024,1024,1024,100,0,0,0,351.5,0,-3,38,3.457,3.455,0,0,0,0,5.653,112.46,5.433296105624,9.186352,38,Tripod,
375100,2026-05-22 09:08:46,51.9887255650963,4.39008823522005,9.186352,,,5.433296105624,8.858268,4.1159696,32.0404865896,416.08925216,28,5,6.908,5.433296105624,9.186352,4.4515106,208.741148412,3.802798,-1.565858,0,334.7, -0.4, -4.2,,,0,0,1684,1024,1024,1024,100,0,0,0,351.4,0,-3.7,38,3.457,3.455,0,0,0,0,5.653,112.46,5.433296105624,9.186352,38,Tripod,
375200,2026-05-22 09:08:47,51.9887271988979,4.39008739409347,9.186352,,,5.433296105624,8.858268,4.1159696,31.4159786956,416.71261176,29,5,6.915,5.433296105624,9.186352,4.4515106,208.741148412,3.802798,-1.565858,0,334.7, -0.1, -4.5,,,0,0,1684,1024,1024,1024,100,0,0,0,351.5,0,-3.7,37,3.456,3.451,0,0,0,0,5.277,112.64,5.433296105624,9.186352,38,Tripod,
375300,2026-05-22 09:08:47,51.9887287855471,4.39008630411723,9.186352,,,5.433296105624,8.858268,4.1159696,30.7879603028,417.34253304,29,5,6.915,5.433296105624,9.186352,4.4515106,208.741148412,3.802798,-1.565858,0,334.7, -0.3, -4.9,,,0,0,1684,1024,1024,1024,100,0,0,0,351.5,0,-4.2,37,3.456,3.451,0,0,0,0,5.277,112.64,5.433296105624,9.186352,38,Tripod,
375400,2026-05-22 09:08:47,51.9887304986357,4.39008555555109,9.186352,,,5.433296105624,9.186352,4.1159696,30.143701752,417.98885852,30,5,6.915,5.433296105624,9.186352,4.4515106,208.741148412,3.802798,-1.565858,0,334.7, -0.7, -5.2,,,0,0,1684,1024,1024,1024,100,0,0,0,351.4,0,-4.6,37,3.456,3.451,0,0,0,0,5.277,112.64,5.433296105624,9.186352,38,Tripod,
375500,2026-05-22 09:08:47,51.9887320939118,4.39008448042542,9.186352,,,5.433296105624,9.186352,4.1159696,29.5138788972,418.6187798,30,5,6.915,5.433296105624,9.186352,4.4515106,208.741148412,3.802798,-1.565858,0,334.7, -0.8, -5.4,,,0,0,1684,1024,1024,1024,100,0,0,0,351.4,0,-4.6,37,3.456,3.451,0,0,0,0,5.277,112.64,5.433296105624,9.186352,38,Tripod,
375600,2026-05-22 09:08:47,51.9887339224871,4.39008366550818,9.186352,,,5.433296105624,9.186352,4.1159696,28.8250337308,419.31103704,30,5,6.915,5.433296105624,9.186352,4.4515106,208.741148412,3.802798,-1.565858,0,334.7, -0.5, -5.6,,,0,0,1684,1024,1024,1024,100,0,0,0,351.4,0,-4.8,37,3.456,3.451,0,0,0,0,5.277,112.64,5.433296105624,9.186352,38,Tripod,
375700,2026-05-22 09:08:47,51.9887355192196,4.39008259092506,9.186352,,,5.433296105624,9.186352,4.1159696,28.19471875,419.94095832,30,5,6.915,5.433296105624,9.186352,4.4515106,208.741148412,3.802798,-1.565858,0,334.7, -0.3, -5.8,,,0,0,1684,1024,1024,1024,100,0,0,0,351.6,0,-5,37,3.456,3.451,0,0,0,0,5.277,112.64,5.433296105624,9.186352,38,Tripod,
375800,2026-05-22 09:08:47,51.9887369163722,4.39008156325862,9.186352,,,5.433296105624,9.186352,4.1159696,27.636319782,420.50198196,29,5,6.915,5.433296105624,9.186352,4.4515106,208.741148412,3.802798,-1.565858,0,334.9, -0.6, -6,,,0,0,1684,1024,1024,1024,100,0,0,0,351.7,0,-5.1,37,3.456,3.451,0,0,0,0,5.277,112.64,5.433296105624,9.186352,38,Tripod,
375900,2026-05-22 09:08:47,51.9887384330509,4.39008052566629,9.186352,,,5.433296105624,9.186352,4.1159696,27.0363197628,421.10237568,29,5,6.915,5.433296105624,9.186352,4.4515106,208.741148412,3.802798,-1.565858,0,335, -0.9, -5.9,,,0,0,1684,1024,1024,1024,100,0,0,0,351.6,0,-5,37,3.456,3.451,0,0,0,0,5.277,112.64,5.433296105624,9.186352,38,Tripod,
376000,2026-05-22 09:08:47,51.9887399473651,4.39007929247073,9.186352,,,5.433296105624,9.186352,4.3172942,26.4217856224,421.7191736,29,5,6.915,5.433296105624,9.186352,4.4515106,208.741148412,4.026492,-1.565858,0,334.8, -0.6, -5.8,,,0,0,1684,1024,1024,1024,100,0,0,0,351.5,0,-5,37,3.456,3.451,0,0,0,0,5.277,112.64,5.433296105624,9.186352,38,Tripod,
376100,2026-05-22 09:08:47,51.9887416028881,4.3900781397604,9.186352,,,5.433296105624,9.186352,4.3172942,25.7653879636,422.37862244,29,5,6.915,5.433296105624,9.186352,4.4515106,208.741148412,4.026492,-1.565858,0,334.7, 0.2, -6,,,0,0,1684,1024,1024,1024,100,0,0,0,351.5,0,-5.3,37,3.456,3.451,0,0,0,0,5.277,112.64,5.433296105624,9.186352,38,Tripod,
376200,2026-05-22 09:08:48,51.9887431461671,4.3900768033412,9.186352,,,5.433296105624,9.186352,4.3172942,25.133202904,423.0151054,29,5,6.912,5.433296105624,9.186352,4.4515106,208.741148412,4.026492,-1.565858,0,334.7, 0.8, -6.3,,,0,0,1684,1024,1024,1024,100,0,0,0,351.6,0,-5.6,37,3.457,3.455,0,0,0,0,5.405,112.64,5.433296105624,9.186352,38,Tripod,
376300,2026-05-22 09:08:48,51.9887448091263,4.39007565589291,9.186352,,,5.433296105624,9.186352,4.3172942,24.4748367412,423.67455424,29,5,6.912,5.433296105624,9.186352,4.4515106,208.741148412,4.026492,-1.565858,0,334.7, 1.1, -6.6,,,0,0,1684,1024,1024,1024,100,0,0,0,351.6,0,-5.7,37,3.457,3.455,0,0,0,0,5.405,112.64,5.433296105624,9.186352,38,Tripod,
376400,2026-05-22 09:08:48,51.9887464564808,4.39007462511375,9.186352,,,5.433296105624,9.186352,4.3172942,23.8308406576,424.31759888,28,5,6.912,5.433296105624,9.186352,4.4515106,208.741148412,4.026492,-1.565858,0,334.7, 1.1, -6.6,,,0,0,1684,1024,1024,1024,100,0,0,0,351.7,0,-5.8,37,3.457,3.455,0,0,0,0,5.405,112.64,5.433296105624,9.186352,38,Tripod,
376500,2026-05-22 09:08:48,51.9887481018136,4.39007350322444,9.186352,,,5.433296105624,9.186352,4.3172942,23.1805125528,424.97048604,28,5,6.912,5.433296105624,9.186352,4.4515106,208.741148412,4.026492,-1.565858,0,334.8, 1, -6.7,,,0,0,1684,1024,1024,1024,100,0,0,0,351.7,0,-6.1,37,3.457,3.455,0,0,0,0,5.405,112.64,5.433296105624,9.186352,38,Tripod,
376600,2026-05-22 09:08:48,51.9887501148095,4.39007257447601,9.186352,,,5.433296105624,9.186352,4.3172942,22.4190295888,425.73492176,27,5,6.912,5.433296105624,9.186352,4.4515106,208.741148412,4.026492,-1.565858,0,334.8, 0.8, -7,,,0,0,1684,1024,1024,1024,100,0,0,0,351.6,0,-5.9,37,3.457,3.455,0,0,0,0,5.405,112.64,5.433296105624,9.186352,38,Tripod,
376700,2026-05-22 09:08:48,51.9887517514253,4.39007145977201,9.186352,,,5.433296105624,9.186352,4.3172942,21.7722447912,426.38124724,27,5,6.912,5.433296105624,9.186352,4.4515106,208.741148412,4.026492,-1.565858,0,334.6, 1.1, -6.8,,,0,0,1684,1024,1024,1024,100,0,0,0,351.5,0,-6.1,37,3.457,3.455,0,0,0,0,5.405,112.64,5.433296105624,9.186352,38,Tripod,
376800,2026-05-22 09:08:48,51.9887534997755,4.39007078607431,9.186352,,,5.433296105624,8.858268,4.3172942,21.12122771,427.03741524,27,5,6.912,5.433296105624,9.186352,4.4515106,208.741148412,4.026492,-1.565858,0,334.6, 1, -7.2,,,0,0,1684,1024,1610,1024,100,0,89,0,351.6,0,-6.6,37,3.457,3.455,0,0,0,0,5.405,112.64,5.433296105624,9.186352,38,Tripod,
376900,2026-05-22 09:08:48,51.9887551179853,4.39006968878755,9.186352,,,5.433296105624,9.186352,4.3172942,20.4819888444,427.67717904,27,5,6.912,5.433296105624,9.186352,4.4515106,208.741148412,4.026492,-1.565858,0,334.7, 0.5, -7.5,,,0,0,1684,1024,1684,1024,100,0,100,0,351.6,0,-6.6,37,3.457,3.455,0,0,0,0,5.405,112.64,5.433296105624,9.186352,38,Tripod,
377000,2026-05-22 09:08:48,51.9887567573597,4.39006880133902,9.186352,,,5.433296105624,9.186352,4.3172942,19.8518050972,428.30710032,27,5,6.912,5.433296105624,9.186352,4.4515106,208.741148412,4.026492,-1.565858,0,334.8, 0.4, -7.4,,,0,0,1684,1024,1684,1024,100,0,100,0,351.6,0,-6.5,37,3.457,3.455,0,0,0,0,5.405,112.64,5.433296105624,9.186352,38,Tripod,
377100,2026-05-22 09:08:48,51.9887583585855,4.39006766186203,9.186352,,,5.433296105624,9.186352,4.3172942,19.2151580952,428.94358328,27,5,6.912,5.433296105624,9.186352,4.4515106,208.741148412,4.026492,-1.565858,-0.447388,334.7, 0.6, -7.3,,,0,0,1684,1024,1684,1024,100,0,100,0,351.6,0,-6.3,37,3.457,3.455,0,0,0,0,5.405,112.64,5.433296105624,9.186352,38,Tripod,
377200,2026-05-22 09:08:49,51.9887600232538,4.39006670679297,9.514436,,,5.761380105624,9.186352,4.2054472,18.5710635864,429.58990876,25,5,6.877,5.761380105624,9.514436,4.4515106,208.741148412,3.802798,-1.789552,-0.671082,334.7, 1, -7.1,,,0,0,1684,1024,1684,1024,100,0,100,0,351.6,0,-6,37,3.441,3.436,0,0,0,0,6.089,112.64,5.761380105624,9.514436,38,Tripod,
377300,2026-05-22 09:08:49,51.9887616193651,4.39006553920772,9.514436,,,5.761380105624,9.514436,4.2054472,17.9340885004,430.22639172,25,5,6.877,5.761380105624,9.514436,4.4515106,208.741148412,3.802798,-1.789552,-0.894776,334.7, 0.8, -6.9,,,0,0,1684,1024,1262,1024,100,0,36,0,351.6,0,-6.3,37,3.441,3.436,0,0,0,0,6.089,112.64,5.761380105624,9.514436,38,Tripod,
377400,2026-05-22 09:08:49,51.9887630264768,4.39006427646405,9.84252,,,6.089464105624,9.514436,4.2054472,17.3549218152,430.81366208,25,5,6.877,6.089464105624,9.84252,4.4515106,208.741148412,3.802798,-1.789552,-0.894776,334.7, 0.7, -7.3,,,0,0,1684,1024,1024,1024,100,0,0,0,351.6,0,-6.7,37,3.441,3.436,0,0,0,0,6.089,112.64,6.089464105624,9.84252,38,Tripod,
377500,2026-05-22 09:08:49,51.9887646401718,4.39006311830039,9.84252,,,6.089464105624,9.84252,4.2054472,16.7129926608,431.45670672,25,5,6.877,6.089464105624,9.84252,4.4515106,208.741148412,3.802798,-1.789552,-0.671082,334.6, 1, -7.6,,,0,0,1684,1024,1024,1024,100,0,0,0,351.6,0,-6.4,37,3.441,3.436,0,0,0,0,6.089,112.64,6.089464105624,9.84252,38,Tripod,
377600,2026-05-22 09:08:49,51.9887664454386,4.39006219187519,9.84252,,,6.089464105624,9.84252,4.1159696,16.0226711164,432.14896396,25,5,6.877,6.089464105624,9.84252,4.4515106,208.741148412,3.802798,-1.565858,-0.223694,334.7, 0.9, -7.2,,,0,0,1684,1024,1024,1024,100,0,0,0,351.7,0,-6.3,37,3.441,3.436,0,0,0,0,6.089,112.64,6.089464105624,9.84252,38,Tripod,
377700,2026-05-22 09:08:49,51.9887679541222,4.39006108545898,9.84252,,,6.089464105624,9.84252,4.2054472,15.4208010184,432.75263852,25,5,6.877,6.089464105624,9.84252,4.4515106,208.741148412,3.802798,-1.789552,-0.223694,334.8, 0.4, -7.1,,,0,0,1684,1024,1024,1024,100,0,0,0,351.6,0,-6.3,37,3.441,3.436,0,0,0,0,6.089,112.64,6.089464105624,9.84252,38,Tripod,
377800,2026-05-22 09:08:49,51.9887700932813,4.39006006746454,9.84252,,,6.089464105624,10.170604,4.2054472,14.60876031,433.56628684,26,5,6.877,6.089464105624,9.84252,4.4515106,208.741148412,3.802798,-1.789552,0,334.8, 0.6, -7.3,,,0,0,1578,1024,1024,1024,84,0,0,0,351.7,0,-6.8,37,3.441,3.436,0,0,0,0,6.089,112.64,6.089464105624,9.84252,38,Tripod,
377900,2026-05-22 09:08:49,51.988771672897,4.39005887829205,9.84252,,,6.089464105624,10.170604,4.2054472,13.9763455916,434.19948896,26,5,6.877,6.089464105624,9.84252,4.4515106,208.741148412,3.802798,-1.789552,0,334.7, 0.7, -7.7,,,0,0,1578,1024,1024,1024,84,0,0,0,351.7,0,-6.5,37,3.441,3.436,0,0,0,0,6.089,112.64,6.089464105624,9.84252,38,Tripod,
378000,2026-05-22 09:08:49,51.9887735907634,4.39005771122153,9.84252,,,6.089464105624,9.84252,4.2054472,13.2292655152,434.94752048,26,5,6.877,6.089464105624,9.84252,4.4515106,208.741148412,3.802798,-1.789552,0,334.6, 1.9, -7.2,,,0,0,1477,1024,1024,1024,69,0,0,0,351.8,0,-6.2,37,3.441,3.436,0,0,0,0,6.089,112.64,6.089464105624,9.84252,38,Tripod,
378100,2026-05-22 09:08:49,51.988775160178,4.39005652470615,9.84252,,,6.089464105624,10.170604,4.1159696,12.6009190384,435.5807226,26,5,6.877,6.089464105624,9.84252,4.4515106,208.741148412,3.802798,-1.565858,0,334.7, 3, -7.2,,,0,0,1398,1024,1024,1024,57,0,0,0,351.9,0,-6.5,37,3.441,3.436,0,0,0,0,6.089,112.64,6.089464105624,9.84252,38,Tripod,
378200,2026-05-22 09:08:50,51.9887768426934,4.39005566545109,9.84252,,,6.089464105624,10.170604,4.1159696,11.9576447396,436.22376724,27,5,6.912,6.089464105624,9.84252,4.4515106,208.741148412,3.802798,-1.565858,0,334.7, 3.5, -7.7,,,0,0,1327,1024,1024,1024,46,0,0,0,352,0,-7,37,3.457,3.455,0,0,0,0,5.19,112.64,6.089464105624,9.84252,38,Tripod,
378300,2026-05-22 09:08:50,51.9887783501069,4.39005454400173,9.84252,,,6.089464105624,10.170604,3.914645,11.3556762164,436.8274418,27,5,6.912,6.089464105624,9.84252,4.4515106,208.741148412,3.579104,-1.565858,0,334.5, 4.6, -7.8,,,0,0,1474,1024,1024,1024,68,0,0,0,351.9,0,-6.5,37,3.457,3.455,0,0,0,0,5.19,112.64,6.089464105624,9.84252,38,Tripod,
378400,2026-05-22 09:08:50,51.9887797029856,4.39005409659959,9.84252,,,6.089464105624,10.170604,3.914645,10.8561683264,437.33269116,27,5,6.912,6.089464105624,9.84252,4.4515106,208.741148412,3.579104,-1.565858,0,334.4, 5.4, -7.3,,,0,0,1437,1024,1024,1024,63,0,0,0,351.8,0,-6.5,37,3.457,3.455,0,0,0,0,5.19,112.64,6.089464105624,9.84252,38,Tripod,
378500,2026-05-22 09:08:50,51.9887811441231,4.39005305124462,9.84252,,,6.089464105624,10.170604,3.7133204,10.2825790692,437.90683816,27,5,6.912,6.089464105624,9.84252,4.4515106,208.741148412,3.35541,-1.565858,0,334.4, 4.7, -7.6,,,0,0,1497,1024,1024,1024,72,0,0,0,351.8,0,-6.8,37,3.457,3.455,0,0,0,0,5.19,112.64,6.089464105624,9.84252,38,Tripod,
378600,2026-05-22 09:08:50,51.9887827829835,4.3900527484947,9.84252,,,6.089464105624,10.170604,3.6238428,9.695538368,438.51051272,27,5,6.912,6.089464105624,9.84252,4.4515106,208.741148412,3.35541,-1.342164,0,334.3, 5.1, -7.8,,,0,0,1684,1024,1024,1024,100,0,0,0,351.8,0,-7.1,37,3.457,3.455,0,0,0,0,5.19,112.64,6.089464105624,9.84252,38,Tripod,
378700,2026-05-22 09:08:50,51.9887841611904,4.39005175918585,9.84252,,,6.089464105624,10.170604,3.4001488,9.1473756208,439.058413,27,5,6.912,6.089464105624,9.84252,4.4515106,208.741148412,3.131716,-1.342164,0,334.4, 4, -8.1,,,0,0,1684,1024,1024,1024,100,0,0,0,351.7,0,-7.1,37,3.457,3.455,0,0,0,0,5.19,112.64,6.089464105624,9.84252,38,Tripod,
378800,2026-05-22 09:08:50,51.9887855351106,4.39005126279944,9.84252,,,6.089464105624,10.170604,3.4001488,8.6376643184,439.57350488,26,5,6.912,6.089464105624,9.84252,4.4515106,208.741148412,3.131716,-1.342164,0,334.6, 1.6, -7.9,,,0,0,1684,1024,1024,1024,100,0,0,0,351.7,0,-7.1,37,3.457,3.455,0,0,0,0,5.19,112.64,6.089464105624,9.84252,38,Tripod,
378900,2026-05-22 09:08:50,51.9887868900421,4.3900502981888,9.84252,,,6.089464105624,10.170604,3.4001488,8.099245666,440.11156264,26,5,6.912,6.089464105624,9.84252,4.4515106,208.741148412,3.131716,-1.342164,0,334.7, 1.2, -8.1,,,0,0,1684,1024,1024,1024,100,0,0,0,351.7,0,-7.4,37,3.457,3.455,0,0,0,0,5.19,112.64,6.089464105624,9.84252,38,Tripod,
379000,2026-05-22 09:08:50,51.988788131285,4.39004968828595,9.84252,,,6.089464105624,10.170604,3.6238428,7.626640664,440.58728444,26,5,6.912,6.089464105624,9.84252,4.4515106,208.741148412,3.35541,-1.342164,0,334.6, 1.4, -8.2,,,0,0,1684,1024,1024,1024,100,0,0,0,351.6,0,-7.4,37,3.457,3.455,0,0,0,0,5.19,112.64,6.089464105624,9.84252,38,Tripod,
379100,2026-05-22 09:08:51,51.9887895122665,4.39004871245391,10.170604,,,6.417548105624,10.170604,3.6238428,7.0785107252,441.13518472,26,5,6.912,6.417548105624,10.170604,4.4515106,208.741148412,3.35541,-1.342164,0,334.6, 1.4, -8.3,,,0,0,1684,1024,1024,1024,100,0,0,0,351.6,0,-7.4,37,3.457,3.455,0,0,0,0,5.19,112.64,6.417548105624,10.170604,38,Tripod,
379200,2026-05-22 09:08:51,51.9887909785619,4.39004776507793,10.170604,,,6.417548105624,10.170604,3.6238428,6.503281048,441.71261256,26,5,6.906,6.417548105624,10.170604,4.4515106,208.741148412,3.35541,-1.342164,0,334.6, 1.2, -8.3,,,0,0,1684,1024,1024,1024,100,0,0,0,351.7,0,-7.7,37,3.454,3.452,0,0,0,0,5.295,112.64,6.417548105624,10.170604,38,Tripod,
379300,2026-05-22 09:08:51,51.988792375615,4.39004677968866,10.170604,,,6.417548105624,10.170604,3.6238428,5.949311214,442.26707452,26,5,6.906,6.417548105624,10.170604,4.4515106,208.741148412,3.35541,-1.342164,0,334.7, 0.8, -8.7,,,0,0,1684,1024,1024,1024,100,0,0,0,351.7,0,-8,37,3.454,3.452,0,0,0,0,5.295,112.64,6.417548105624,10.170604,38,Tripod,
379400,2026-05-22 09:08:51,51.9887940065831,4.39004563830928,10.170604,,,6.417548105624,10.170604,3.6238428,5.3036747104,442.9134,27,5,6.906,6.417548105624,10.170604,4.4515106,208.741148412,3.35541,-1.342164,0,334.8, 0.1, -8.8,,,0,0,1684,1024,1024,1024,100,0,0,0,351.6,0,-7.8,37,3.454,3.452,0,0,0,0,5.295,112.64,6.417548105624,10.170604,38,Tripod,
379500,2026-05-22 09:08:51,51.9887954052928,4.39004461519886,10.170604,,,6.417548105624,10.170604,3.6238428,4.7475067136,443.47442364,27,5,6.906,6.417548105624,10.170604,4.4515106,208.741148412,3.35541,-1.342164,0,334.8, -0.1, -8.6,,,0,0,1684,1024,1024,1024,100,0,0,0,351.6,0,-7.7,37,3.454,3.452,0,0,0,0,5.295,112.64,6.417548105624,10.170604,38,Tripod,
379600,2026-05-22 09:08:51,51.9887967191035,4.39004365738575,10.170604,,,6.417548105624,10.170604,3.7133204,4.2261156208,443.99935804,26,5,6.906,6.417548105624,10.170604,4.4515106,208.741148412,3.35541,-1.565858,0,334.8, -0.2, -8.5,,,0,0,1684,1024,1024,1024,100,0,0,0,351.6,0,-7.6,37,3.454,3.452,0,0,0,0,5.295,112.64,6.417548105624,10.170604,38,Tripod,
379700,2026-05-22 09:08:51,51.9887981330065,4.39004261208816,10.170604,,,6.417548105624,10.170604,3.7133204,3.6654856816,444.56694336,26,5,6.906,6.417548105624,10.170604,4.4515106,208.741148412,3.35541,-1.565858,0,334.8, -0.1, -8.6,,,0,0,1684,1024,1024,1024,100,0,0,0,351.6,0,-7.8,37,3.454,3.452,0,0,0,0,5.295,112.64,6.417548105624,10.170604,38,Tripod,
379800,2026-05-22 09:08:51,51.9887996590145,4.3900418171079,10.170604,,,6.417548105624,10.170604,3.914645,3.081364928,445.15093288,27,5,6.906,6.417548105624,10.170604,4.4515106,208.741148412,3.579104,-1.565858,0,334.8, -0.2, -8.9,,,0,0,1684,1024,1024,1024,100,0,0,0,351.6,0,-8.2,37,3.454,3.452,0,0,0,0,5.295,112.64,6.417548105624,10.170604,38,Tripod,
379900,2026-05-22 09:08:51,51.9888011038527,4.39004074829547,10.170604,,,6.417548105624,10.170604,3.914645,2.51194561844,445.73164156,27,5,6.906,6.417548105624,10.170604,4.4515106,208.741148412,3.579104,-1.565858,0,334.8, -0.1, -8.9,,,0,0,1684,1024,1024,1024,100,0,0,0,351.6,0,-7.8,37,3.454,3.452,0,0,0,0,5.295,112.64,6.417548105624,10.170604,38,Tripod,
380000,2026-05-22 09:08:51,51.9888027230688,4.39004005719791,10.170604,,,6.417548105624,10.170604,3.914645,1.90158798736,446.3418778,28,5,6.906,6.417548105624,10.170604,4.4515106,208.741148412,3.579104,-1.565858,0,334.7, 0, -8.7,,,0,0,1684,1024,1024,1024,100,0,0,0,351.6,0,-7.8,37,3.454,3.452,0,0,0,0,5.295,112.64,6.417548105624,10.170604,38,Tripod,
380100,2026-05-22 09:08:51,51.988804199882,4.39003895970509,10.170604,,,6.417548105624,10.170604,3.914645,1.32916342836,446.93570984,28,5,6.906,6.417548105624,10.170604,4.4515106,208.741148412,3.579104,-1.565858,0,334.7, 0, -8.8,,,0,0,1684,1024,1024,1024,100,0,0,0,351.6,0,-8,37,3.454,3.452,0,0,0,0,5.295,112.64,6.417548105624,10.170604,38,Tripod,
380200,2026-05-22 09:08:52,51.9888057802033,4.39003821146326,10.170604,,,6.417548105624,10.170604,3.914645,0.74392062748,447.53610356,24,5,6.898,6.417548105624,10.170604,4.4515106,208.741148412,3.579104,-1.565858,0,334.8, 0.1, -8.8,,,0,0,1684,1024,1024,1024,100,0,0,0,351.7,0,-7.9,37,3.45,3.448,0,0,0,0,5.193,112.82,6.417548105624,10.170604,38,Tripod,
380300,2026-05-22 09:08:52,51.9888072857503,4.39003708866882,10.170604,,,6.417548105624,10.170604,3.914645,0.33073491872,448.13977812,24,5,6.898,6.417548105624,10.170604,4.4515106,208.741148412,3.579104,-1.565858,0,334.8, 0.5, -8.8,,,0,0,1684,1024,1024,1024,100,0,0,0,351.8,0,-7.8,37,3.45,3.448,0,0,0,0,5.193,112.82,6.417548105624,10.170604,38,Tripod,
380400,2026-05-22 09:08:52,51.9888089474844,4.39003634416833,10.170604,,,6.417548105624,10.170604,3.914645,0.59886484856,448.7696994,25,5,6.898,6.417548105624,10.170604,4.4515106,208.741148412,3.579104,-1.565858,0,334.8, 0.8, -8.7,,,0,0,1684,1024,1024,1024,100,0,0,0,351.8,0,-7.9,37,3.45,3.448,0,0,0,0,5.193,112.82,6.417548105624,10.170604,38,Tripod,
380500,2026-05-22 09:08:52,51.9888104008052,4.39003525081637,10.170604,,,6.417548105624,10.170604,4.1159696,1.16210305556,449.35368892,25,5,6.898,6.417548105624,10.170604,4.4515106,208.741148412,3.802798,-1.565858,0,334.7, 0.9, -8.8,,,0,0,1684,1024,1024,1024,100,0,0,0,351.8,0,-8,37,3.45,3.448,0,0,0,0,5.193,112.82,6.417548105624,10.170604,38,Tripod,
380600,2026-05-22 09:08:52,51.9888123779458,4.39003471736961,10.170604,,,6.417548105624,10.170604,4.1159696,1.84592525592,450.08531624,24,5,6.898,6.417548105624,10.170604,4.4515106,208.741148412,3.802798,-1.565858,0,334.7, 0.9, -8.9,,,0,0,1684,1024,1024,1024,100,0,0,0,351.7,0,-8.1,37,3.45,3.448,0,0,0,0,5.193,112.82,6.417548105624,10.170604,38,Tripod,
380700,2026-05-22 09:08:52,51.9888139069951,4.39003358186264,10.170604,,,6.417548105624,10.170604,4.1159696,2.45928157476,450.69883332,24,5,6.898,6.417548105624,10.170604,4.4515106,208.741148412,3.802798,-1.565858,0,334.7, 0.7, -9,,,0,0,1684,1024,1024,1024,100,0,0,0,351.7,0,-8.1,37,3.45,3.448,0,0,0,0,5.193,112.82,6.417548105624,10.170604,38,Tripod,
380800,2026-05-22 09:08:52,51.9888154794274,4.39003262580629,10.170604,,,6.417548105624,10.170604,4.1159696,3.07009196176,451.30906956,23,5,6.898,6.417548105624,10.170604,4.4515106,208.741148412,3.802798,-1.565858,0,334.7, 0.9, -9,,,0,0,1684,1024,1024,1024,100,0,0,0,351.7,0,-7.8,37,3.45,3.448,0,0,0,0,5.193,112.82,6.417548105624,10.170604,38,Tripod,
380900,2026-05-22 09:08:52,51.9888170086148,4.39003145788281,10.170604,,,6.417548105624,10.170604,4.2054472,3.6866142912,451.92586748,23,5,6.898,6.417548105624,10.170604,4.4515106,208.741148412,3.802798,-1.789552,0,334.7, 0.9, -8.7,,,0,0,1684,1024,1024,1024,100,0,0,0,351.7,0,-7.8,37,3.45,3.448,0,0,0,0,5.193,112.82,6.417548105624,10.170604,38,Tripod,
381000,2026-05-22 09:08:52,51.9888185751552,4.39003005140509,10.170604,,,6.417548105624,10.170604,4.2054472,4.33809069,452.57875464,24,5,6.898,6.417548105624,10.170604,4.4515106,208.741148412,3.802798,-1.789552,0,334.7, 0.8, -8.7,,,0,0,1684,1024,1024,1024,100,0,0,0,351.7,0,-7.5,37,3.45,3.448,0,0,0,0,5.193,112.82,6.417548105624,10.170604,38,Tripod,
381100,2026-05-22 09:08:52,51.9888200935858,4.39002883760657,10.170604,,,6.417548105624,10.170604,4.2054472,4.9554791612,453.19555256,24,5,6.898,6.417548105624,10.170604,4.4515106,208.741148412,3.802798,-1.789552,0,334.8, 0.8, -8.3,,,0,0,1684,1024,1024,1024,100,0,0,0,351.7,0,-7.1,37,3.45,3.448,0,0,0,0,5.193,112.82,6.417548105624,10.170604,38,Tripod,
381200,2026-05-22 09:08:53,51.9888216618589,4.39002765492208,10.170604,,,6.417548105624,10.170604,4.2054472,5.5863518848,453.82875468,24,5,6.901,6.417548105624,10.170604,4.4515106,208.741148412,3.802798,-1.789552,0,334.7, 1, -8,,,0,0,1684,1024,1024,1024,100,0,0,0,351.7,0,-6.6,37,3.452,3.449,0,0,0,0,5.329,112.82,6.417548105624,10.170604,38,Tripod,
381300,2026-05-22 09:08:53,51.9888231832408,4.39002641918419,10.170604,,,6.417548105624,10.170604,4.2054472,6.206857154,454.44883344,24,5,6.901,6.417548105624,10.170604,4.4515106,208.741148412,3.802798,-1.789552,0,334.6, 1.2, -7.4,,,0,0,1684,1024,1024,1024,100,0,0,0,351.6,0,-6.1,37,3.452,3.449,0,0,0,0,5.329,112.82,6.417548105624,10.170604,38,Tripod,
381400,2026-05-22 09:08:53,51.9888250751601,4.39002554410562,10.170604,,,6.417548105624,10.170604,4.2054472,6.915682636,455.1673374,25,5,6.901,6.417548105624,10.170604,4.4515106,208.741148412,3.802798,-1.789552,0,334.6, 1.2, -7,,,0,0,1684,1024,1024,1024,100,0,0,0,351.6,0,-5.9,37,3.452,3.449,0,0,0,0,5.329,112.82,6.417548105624,10.170604,38,Tripod,
381500,2026-05-22 09:08:53,51.9888266169078,4.3900243366238,10.170604,,,6.417548105624,10.170604,4.2054472,7.5400592964,455.790697,25,5,6.901,6.417548105624,10.170604,4.4515106,208.741148412,3.802798,-1.789552,0,334.6, 1.2, -6.7,,,0,0,1684,1024,1024,1024,100,0,0,0,351.7,0,-5.9,37,3.452,3.449,0,0,0,0,5.329,112.82,6.417548105624,10.170604,38,Tripod,
381600,2026-05-22 09:08:53,51.9888284222217,4.39002349726312,10.170604,,,6.417548105624,10.170604,4.2054472,8.218176116,456.47639256,26,5,6.901,6.417548105624,10.170604,4.4515106,208.741148412,3.802798,-1.789552,0,334.7, 0.9, -7.1,,,0,0,1684,1024,1024,1024,100,0,0,0,351.7,0,-6.6,37,3.452,3.449,0,0,0,0,5.329,112.82,6.417548105624,10.170604,38,Tripod,
381700,2026-05-22 09:08:53,51.9888299831893,4.39002231205716,10.170604,,,6.417548105624,10.170604,4.2054472,8.8467522516,457.103033,26,5,6.901,6.417548105624,10.170604,4.4515106,208.741148412,3.802798,-1.789552,0,334.7, 1, -7.6,,,0,0,1684,1024,1024,1024,100,0,0,0,351.7,0,-6.8,37,3.452,3.449,0,0,0,0,5.329,112.82,6.417548105624,10.170604,38,Tripod,
381800,2026-05-22 09:08:53,51.9888316444608,4.39002123907213,10.170604,,,6.417548105624,10.170604,4.2054472,9.4985567344,457.75592016,26,5,6.901,6.417548105624,10.170604,4.4515106,208.741148412,3.802798,-1.789552,0,334.7, 1.1, -7.7,,,0,0,1684,1024,1024,1024,100,0,0,0,351.7,0,-6.3,37,3.452,3.449,0,0,0,0,5.329,112.82,6.417548105624,10.170604,38,Tripod,
381900,2026-05-22 09:08:53,51.9888332007573,4.39002006451024,10.170604,,,6.417548105624,10.170604,4.2054472,10.1246066232,458.3825606,26,5,6.901,6.417548105624,10.170604,4.4515106,208.741148412,3.802798,-1.789552,0,334.7, 1.1, -7.2,,,0,0,1684,1024,1024,1024,100,0,0,0,351.6,0,-6.3,37,3.452,3.449,0,0,0,0,5.329,112.82,6.417548105624,10.170604,38,Tripod,
382000,2026-05-22 09:08:53,51.9888347386134,4.39001886948795,10.170604,,,6.417548105624,10.170604,4.2054472,10.7463586116,459.0059202,26,5,6.901,6.417548105624,10.170604,4.4515106,208.741148412,3.802798,-1.789552,0,334.6, 1.2, -7.3,,,0,0,1684,1024,1024,1024,100,0,0,0,351.7,0,-6.5,37,3.452,3.449,0,0,0,0,5.329,112.82,6.417548105624,10.170604,38,Tripod,
382100,2026-05-22 09:08:53,51.9888363015214,4.39001771115214,10.170604,,,6.417548105624,10.170604,4.2054472,11.3731302852,459.63256064,26,5,6.901,6.417548105624,10.170604,4.4515106,208.741148412,3.802798,-1.789552,0,334.7, 1.1, -7.6,,,0,0,1684,1024,1024,1024,100,0,0,0,351.7,0,-6.6,37,3.452,3.449,0,0,0,0,5.329,112.82,6.417548105624,10.170604,38,Tripod,
382200,2026-05-22 09:08:54,51.9888379633048,4.39001636831972,10.170604,,,6.417548105624,10.170604,4.2054472,12.0497379184,460.30841368,28,5,6.895,6.417548105624,10.170604,4.4515106,208.741148412,3.802798,-1.789552,0,334.6, 1.3, -7.5,,,0,0,1684,1024,1024,1024,100,0,0,0,351.7,0,-6.4,37,3.449,3.446,0,0,0,0,5.306,112.82,6.417548105624,10.170604,38,Tripod,
382300,2026-05-22 09:08:54,51.9888395461888,4.39001514684637,10.170604,,,6.417548105624,10.170604,4.2054472,12.6890095924,460.94817748,28,5,6.895,6.417548105624,10.170604,4.4515106,208.741148412,3.802798,-1.789552,0,334.7, 1.3, -7.2,,,0,0,1684,1024,1024,1024,100,0,0,0,351.7,0,-6.1,37,3.449,3.446,0,0,0,0,5.306,112.82,6.417548105624,10.170604,38,Tripod,
382400,2026-05-22 09:08:54,51.9888414998586,4.39001364042814,10.170604,,,6.417548105624,10.170604,4.2054472,13.4778875704,461.73885992,27,5,6.895,6.417548105624,10.170604,4.4515106,208.741148412,3.802798,-1.789552,0,334.6, 1.4, -7.1,,,0,0,1684,1024,1024,1024,100,0,0,0,351.7,0,-5.9,37,3.449,3.446,0,0,0,0,5.306,112.82,6.417548105624,10.170604,38,Tripod,
382500,2026-05-22 09:08:54,51.9888430896561,4.39001239352623,10.170604,,,6.417548105624,10.170604,4.2054472,14.1218180372,462.38190456,27,5,6.895,6.417548105624,10.170604,4.4515106,208.741148412,3.802798,-1.789552,0,334.7, 1.5, -6.8,,,0,0,1684,1024,1024,1024,100,0,0,0,351.7,0,-5.9,37,3.449,3.446,0,0,0,0,5.306,112.82,6.417548105624,10.170604,38,Tripod,
382600,2026-05-22 09:08:54,51.9888448064114,4.39001100461183,10.170604,,,6.417548105624,10.170604,4.2054472,14.8211618916,463.08072348,27,5,6.895,6.417548105624,10.170604,4.4515106,208.741148412,3.802798,-1.789552,0,334.7, 1.5, -6.9,,,0,0,1684,1024,1024,1024,100,0,0,0,351.7,0,-5.8,37,3.449,3.446,0,0,0,0,5.306,112.82,6.417548105624,10.170604,38,Tripod,
382700,2026-05-22 09:08:54,51.988846388186,4.39000976084002,10.170604,,,6.417548105624,10.498688,4.2054472,15.4621724108,463.72376812,27,5,6.895,6.417548105624,10.170604,4.4515106,208.741148412,3.802798,-1.789552,0,334.6, 1.7, -6.6,,,0,0,1684,1024,1024,1024,100,0,0,0,351.6,0,-5.3,37,3.449,3.446,0,0,0,0,5.306,112.82,6.417548105624,10.170604,38,Tripod,
382800,2026-05-22 09:08:54,51.9888479750193,4.39000863194973,10.170604,,,6.417548105624,10.498688,4.2054472,16.0941934284,464.3536894,27,5,6.895,6.417548105624,10.170604,4.4515106,208.741148412,3.802798,-1.789552,0,334.6, 1.6, -6.1,,,0,0,1684,1024,1024,1024,100,0,0,0,351.6,0,-5,37,3.449,3.446,0,0,0,0,5.306,112.82,6.417548105624,10.170604,38,Tripod,
382900,2026-05-22 09:08:54,51.9888495525233,4.39000742952302,10.170604,,,6.417548105624,10.498688,4.2054472,16.7299546036,464.99017236,27,5,6.895,6.417548105624,10.170604,4.4515106,208.741148412,3.802798,-1.789552,0,334.6, 1.5, -6.1,,,0,0,1684,1024,1024,1024,100,0,0,0,351.6,0,-5.4,37,3.449,3.446,0,0,0,0,5.306,112.82,6.417548105624,10.170604,38,Tripod,
383000,2026-05-22 09:08:54,51.9888512944183,4.39000630492269,10.170604,,,6.417548105624,10.498688,4.2054472,17.4130911084,465.67586792,27,5,6.895,6.417548105624,10.170604,4.4515106,208.741148412,3.802798,-1.789552,0,334.6, 1.4, -6.3,,,0,0,1684,1024,1024,1024,100,0,0,0,351.7,0,-5.4,37,3.449,3.446,0,0,0,0,5.306,112.82,6.417548105624,10.170604,38,Tripod,
383100,2026-05-22 09:08:54,51.9888528954599,4.39000511683183,10.170604,,,6.417548105624,10.498688,4.2054472,18.0553155384,466.31563172,27,5,6.895,6.417548105624,10.170604,4.4515106,208.741148412,3.802798,-1.789552,0,334.7, 1.4, -6.5,,,0,0,1618,1024,1024,1024,90,0,0,0,351.7,0,-5.6,37,3.449,3.446,0,0,0,0,5.306,112.82,6.417548105624,10.170604,38,Tripod,
383200,2026-05-22 09:08:55,51.9888547306489,4.3900040412436,10.170604,,,6.417548105624,10.498688,4.2054472,18.7650268472,467.027574,27,5,6.896,6.417548105624,10.170604,4.4515106,208.741148412,3.802798,-1.789552,0,334.8, 1.1, -6.6,,,0,0,1504,1024,1024,1024,73,0,0,0,351.8,0,-6,36,3.449,3.447,0,0,0,0,5.329,113,6.417548105624,10.170604,38,Tripod,
383300,2026-05-22 09:08:55,51.988856334539,4.39000287381833,10.170604,,,6.417548105624,10.170604,4.2054472,19.4062998336,467.67061864,27,5,6.896,6.417548105624,10.170604,4.4515106,208.741148412,3.802798,-1.789552,0,334.7, 1.9, -7,,,0,0,1504,1024,1024,1024,73,0,0,0,351.8,0,-6,36,3.449,3.447,0,0,0,0,5.329,113,6.417548105624,10.170604,38,Tripod,
383400,2026-05-22 09:08:55,51.9888581197656,4.39000207996143,10.170604,,,6.417548105624,10.170604,4.1159696,20.0737867316,468.34647168,29,5,6.896,6.417548105624,10.170604,4.4515106,208.741148412,3.802798,-1.565858,0,334.5, 3.6, -6.9,,,0,0,1627,1024,1024,1024,91,0,0,0,351.8,0,-6,36,3.449,3.447,0,0,0,0,5.329,113,6.417548105624,10.170604,38,Tripod,
383500,2026-05-22 09:08:55,51.9888596748327,4.39000094315894,10.170604,,,6.417548105624,10.170604,4.1159696,20.6959652292,468.96655044,29,5,6.896,6.417548105624,10.170604,4.4515106,208.741148412,3.802798,-1.565858,0,334.5, 3.4, -7,,,0,0,1024,1024,1024,1024,0,0,0,0,351.8,0,-6.2,36,3.449,3.447,0,0,0,0,5.329,113,6.417548105624,10.170604,38,Tripod,
383600,2026-05-22 09:08:55,51.9888613980989,4.39000016484645,10.170604,,,6.417548105624,10.170604,3.914645,21.3418313916,469.6194376,30,5,6.896,6.417548105624,10.170604,4.4515106,208.741148412,3.579104,-1.565858,0,334.4, 5, -7.1,,,0,0,1024,1024,1024,1024,0,0,0,0,351.9,0,-6,36,3.449,3.447,0,0,0,0,5.329,113,6.417548105624,10.170604,38,Tripod,
383700,2026-05-22 09:08:55,51.9888627919062,4.3899991567605,10.170604,,,6.417548105624,10.170604,3.914645,21.8985243228,470.1771804,30,5,6.896,6.417548105624,10.170604,4.4515106,208.741148412,3.579104,-1.565858,0,334.3, 7.1, -7.2,,,0,0,1024,1024,1024,1024,0,0,0,0,352,0,-6.3,36,3.449,3.447,0,0,0,0,5.329,113,6.417548105624,10.170604,38,Tripod,"Max Height Above Ground Level (AGL): 4m."
383800,2026-05-22 09:08:55,51.9888646861428,4.38999844984551,10.170604,,,6.417548105624,10.498688,3.6238428,22.595637206,470.88584184,29,5,6.896,6.417548105624,10.170604,4.4515106,208.741148412,3.35541,-1.342164,0,334.3, 7, -7.4,,,0,0,1024,1024,926,1024,0,0,-15,0,352.2,0,-6.3,36,3.449,3.447,0,0,0,0,5.329,113,6.417548105624,10.170604,38,Tripod,
383900,2026-05-22 09:08:55,51.9888660007059,4.38999752303079,10.170604,,,6.417548105624,10.498688,3.4001488,23.1185046768,471.4074954,29,5,6.896,6.417548105624,10.170604,4.4515106,208.741148412,3.131716,-1.342164,0,334, 12.3, -7.4,,,0,0,1024,1024,635,1024,0,0,-59,0,352.4,0,-6.3,36,3.449,3.447,0,0,0,0,5.329,113,6.417548105624,10.170604,38,Tripod,
384000,2026-05-22 09:08:55,51.9888676056669,4.38999687814737,10.170604,,,6.417548105624,10.498688,2.908022,23.7137802864,472.01116996,29,5,6.896,6.417548105624,10.170604,4.4515106,208.741148412,2.684328,-1.11847,0,333.6, 16.1, -7.6,,,0,0,1024,1024,364,1024,0,0,-100,0,352.5,0,-6.3,36,3.449,3.447,0,0,0,0,5.329,113,6.417548105624,10.170604,38,Tripod,
384100,2026-05-22 09:08:55,51.9888686077893,4.38999619222142,10.170604,,,6.417548105624,10.498688,2.4158952,24.110565076,472.4081516,29,5,6.896,6.417548105624,10.170604,4.4515106,208.741148412,2.23694,-0.894776,0,333.6, 17.3, -7.7,,,0,0,1024,1024,364,1024,0,0,-100,0,352.7,0,-6.8,36,3.449,3.447,0,0,0,0,5.329,113,6.417548105624,10.170604,38,Tripod,
384200,2026-05-22 09:08:56,51.9888695189821,4.38999580018723,10.170604,,,6.417548105624,10.498688,1.901399,24.4509850344,472.7526398,28,5,6.882,6.417548105624,10.170604,4.4515106,208.741148412,1.789552,-0.671082,0.223694,333.5, 17.5, -8.3,,,0,0,1024,1024,364,1024,0,0,-100,0,352.6,0,-6.6,36,3.442,3.44,0,0,0,0,5.464,113,6.417548105624,10.170604,38,Tripod,
384300,2026-05-22 09:08:56,51.9888701952009,4.38999534738741,10.170604,,,6.417548105624,10.498688,1.4092722,24.7178157516,473.01838784,28,5,6.882,6.417548105624,10.170604,4.4515106,208.741148412,1.342164,-0.447388,0.447388,333.5, 17.6, -7.9,,,0,0,1024,1024,364,1024,0,0,-100,0,352.5,0,-6.6,36,3.442,3.44,0,0,0,0,5.464,113,6.417548105624,10.170604,38,Tripod,
384400,2026-05-22 09:08:56,51.9888707482613,4.38999526517368,9.84252,,,6.089464105624,10.498688,1.2079476,24.9108931856,473.22179992,28,5,6.882,6.417548105624,10.170604,4.4515106,208.741148412,1.11847,-0.447388,0.671082,333.5, 17.4, -7.8,,,0,0,1024,1024,364,1024,0,0,-100,0,352.4,0,-6.3,36,3.442,3.44,0,0,0,0,5.464,113,6.089464105624,9.84252,38,Tripod,
384500,2026-05-22 09:08:56,51.9888711116538,4.38999504366021,9.84252,,,6.089464105624,10.170604,0.7158208,25.0523958148,473.36287604,28,5,6.882,6.417548105624,10.170604,4.4515106,208.741148412,0.671082,-0.223694,0.894776,333.6, 16.2, -7.8,,,0,0,1024,1024,364,1024,0,0,-100,0,352.5,0,-6.9,36,3.442,3.44,0,0,0,0,5.464,113,6.089464105624,9.84252,38,Tripod,
384600,2026-05-22 09:08:56,51.9888710515482,4.38999501821947,9.514436,,,5.761380105624,10.170604,0.447388,25.0344168116,473.38584192,28,5,6.882,6.417548105624,10.170604,4.4515106,208.741148412,0.447388,0,0.894776,333.7, 14.6, -8.2,,,0,0,1024,1024,364,1024,0,0,-100,0,352.4,0,-7,36,3.442,3.44,0,0,0,0,5.464,113,5.761380105624,9.514436,38,Tripod,
384700,2026-05-22 09:08:56,51.9888712345466,4.38999493285478,9.514436,,,5.761380105624,9.84252,0.223694,25.1033800684,473.45473956,28,5,6.882,6.417548105624,10.170604,4.4515106,208.741148412,0.223694,0,0.894776,333.7, 13.3, -8.3,,,0,0,1024,1024,364,1024,0,0,-100,0,352.4,0,-7.2,36,3.442,3.44,0,0,0,0,5.464,113,5.761380105624,9.514436,38,Tripod,
384800,2026-05-22 09:08:56,51.9888711313407,4.38999475838318,9.186352,,,5.433296105624,9.84252,0,25.0839574956,473.51051384,29,5,6.882,6.417548105624,10.170604,4.4515106,208.741148412,0,0,0.894776,333.8, 12.2, -8.3,,,0,0,1024,1024,364,1024,0,0,-100,0,352.3,0,-7.2,36,3.442,3.44,0,0,0,0,5.464,113,5.433296105624,9.186352,38,Tripod,
384900,2026-05-22 09:08:56,51.9888712189805,4.38999475993432,9.186352,,,5.433296105624,9.514436,0,25.1132553968,473.54332224,29,5,6.882,6.417548105624,10.170604,4.4515106,208.741148412,0,0,1.11847,333.9, 10.6, -8.4,,,0,0,1024,1024,364,1024,0,0,-100,0,352.2,0,-7.3,36,3.442,3.44,0,0,0,0,5.464,113,5.433296105624,9.186352,38,Tripod,
385000,2026-05-22 09:08:56,51.9888710230203,4.38999504265162,9.186352,,,5.433296105624,9.514436,0,25.0227042128,473.6384666,29,5,6.882,6.417548105624,10.170604,4.4515106,208.741148412,0,0,1.11847,334.1, 8.6, -8.4,,,0,0,917,520,377,1024,-16,-76,-98,0,352.1,0,-7.3,36,3.442,3.44,0,0,0,0,5.464,113,5.433296105624,9.186352,38,Tripod,
385100,2026-05-22 09:08:56,51.9888710316514,4.38999508270295,8.858268,,,5.105212105624,9.186352,0,25.0221136616,473.64830912,29,5,6.882,6.417548105624,10.170604,4.4515106,208.741148412,0,0,0.894776,334.2, 7.3, -8.3,,,0,0,917,520,377,1024,-16,-76,-98,0,352.1,0,-7.6,36,3.442,3.44,0,0,0,0,5.464,113,5.105212105624,8.858268,38,Tripod,
385200,2026-05-22 09:08:57,51.9888710052481,4.38999557578015,8.858268,,,5.105212105624,8.858268,0,24.9704404316,473.75985768,29,5,6.897,6.417548105624,10.170604,4.4515106,208.741148412,0,0,1.11847,334.2, 6.7, -9.5,,,0,0,888,364,439,1024,-21,-100,-89,0,352.3,0,-10.9,36,3.45,3.447,0,0,0,0,5.186,113,5.105212105624,8.858268,38,Tripod,
385300,2026-05-22 09:08:57,51.9888709895021,4.38999556328063,8.530184,,,4.777128105624,8.858268,0,24.966208148,473.76641936,29,5,6.897,6.417548105624,10.170604,4.4515106,208.741148412,0,0,0.894776,334, 6.4, -12.8,,,0,0,933,364,717,1024,-14,-100,-47,0,352.4,0,-12.5,36,3.45,3.447,0,0,0,0,5.186,113,4.777128105624,8.530184,38,Tripod,
385400,2026-05-22 09:08:57,51.9888710411779,4.38999565425863,8.530184,,,4.777128105624,8.858268,0.223694,24.9757882008,473.79266608,28,5,6.897,6.417548105624,10.170604,4.4515106,208.741148412,0,-0.223694,0.894776,334, 6.2, -13.6,,,0,0,1014,365,1024,1024,-2,-100,0,0,352.4,0,-12.4,36,3.45,3.447,0,0,0,0,5.186,113,4.777128105624,8.530184,38,Tripod,
385500,2026-05-22 09:08:57,51.9888709607172,4.38999535206169,8.530184,,,4.777128105624,8.530184,0.4921268,24.9748039488,473.8681254,28,5,6.897,6.417548105624,10.170604,4.4515106,208.741148412,-0.223694,-0.447388,0.447388,333.9, 6.8, -13.3,,,0,0,1024,687,1024,1024,0,-51,0,0,352.4,0,-10.9,36,3.45,3.447,0,0,0,0,5.186,113,4.777128105624,8.530184,38,Tripod,
385600,2026-05-22 09:08:57,51.9888706910041,4.38999542425564,8.2021,,,4.449044105624,8.530184,0.7158208,24.87778951,473.9665506,28,5,6.897,6.417548105624,10.170604,4.4515106,208.741148412,-0.223694,-0.671082,0.223694,334.1, 6.9, -10.9,,,0,0,1024,699,1024,1024,0,-49,0,0,352.1,0,-7.3,36,3.45,3.447,0,0,0,0,5.186,113,4.449044105624,8.2021,38,Tripod,
385700,2026-05-22 09:08:57,51.9888705335651,4.38999488261672,8.2021,,,4.449044105624,8.530184,0.7158208,24.8722776988,474.10106504,28,5,6.897,6.417548105624,10.170604,4.4515106,208.741148412,-0.223694,-0.671082,0,334.3, 6.8, -7.5,,,0,0,1024,1024,787,1024,0,0,-36,0,352,0,-5.5,36,3.45,3.447,0,0,0,0,5.186,113,4.449044105624,8.2021,38,Tripod,
385800,2026-05-22 09:08:57,51.9888704745175,4.38999447036558,8.2021,,,4.449044105624,8.530184,0.7158208,24.888944366,474.1962094,28,5,6.897,6.417548105624,10.170604,4.4515106,208.741148412,-0.223694,-0.671082,0,334.4, 6.7, -6.1,,,0,0,1024,1024,364,994,0,0,-100,-5,352,0,-4.1,36,3.45,3.447,0,0,0,0,5.186,113,4.449044105624,8.2021,38,Tripod,
385900,2026-05-22 09:08:57,51.9888703371594,4.38999395105121,8.2021,,,4.449044105624,8.530184,0.7158208,24.8894036836,474.32416216,28,5,6.897,6.417548105624,10.170604,4.4515106,208.741148412,-0.223694,-0.671082,0,334.5, 6.9, -4.8,,,0,0,1024,1024,364,885,0,0,-100,-21,351.8,0,-3.3,36,3.45,3.447,0,0,0,0,5.186,113,4.449044105624,8.2021,38,Tripod,
386000,2026-05-22 09:08:57,51.9888703120111,4.38999336174092,8.2021,,,4.449044105624,8.530184,0.4921268,24.9342855748,474.45539576,28,5,6.897,6.417548105624,10.170604,4.4515106,208.741148412,-0.223694,-0.447388,0.223694,334.4, 7.6, -4.6,,,0,0,1024,1024,364,885,0,0,-100,-21,351.8,0,-3.9,36,3.45,3.447,0,0,0,0,5.186,113,4.449044105624,8.2021,38,Tripod,
386100,2026-05-22 09:08:57,51.9888702027612,4.38999299357893,8.2021,,,4.449044105624,8.530184,0.4921268,24.9314968608,474.54725928,28,5,6.897,6.417548105624,10.170604,4.4515106,208.741148412,0,-0.447388,0.447388,334.3, 7, -4.8,,,0,0,1024,1024,364,861,0,0,-100,-25,351.5,0,-3.7,36,3.45,3.447,0,0,0,0,5.186,113,4.449044105624,8.2021,38,Tripod,
386200,2026-05-22 09:08:58,51.9888701215637,4.38999304150071,8.2021,,,4.449044105624,8.530184,0.223694,24.9000336052,474.58006768,27,5,6.927,6.417548105624,10.170604,4.4515106,208.741148412,0,-0.223694,0.671082,334.1, 6.9, -4.9,,,0,0,1024,1024,364,859,0,0,-100,-25,351.4,0,-4.6,36,3.466,3.461,0,0,0,0,3.841,113.18,4.449044105624,8.2021,38,Tripod,
386300,2026-05-22 09:08:58,51.9888701185867,4.38999289739453,7.874016,,,4.120960105624,8.2021,0,24.9123039468,474.61287608,27,5,6.927,6.417548105624,10.170604,4.4515106,208.741148412,0,0,0.894776,333.8, 7.4, -6.1,,,0,0,1024,1024,364,858,0,0,-100,-25,351.2,0,-5.5,36,3.466,3.461,0,0,0,0,3.841,113.18,4.120960105624,7.874016,38,Tripod,
386400,2026-05-22 09:08:58,51.9888702336279,4.38999298718657,7.874016,,,4.120960105624,8.2021,0,24.9423564412,474.65880784,28,5,6.927,6.417548105624,10.170604,4.4515106,208.741148412,0,0,0.894776,333.4, 8, -6.6,,,0,0,1024,1024,364,856,0,0,-100,-25,351,0,-6,36,3.466,3.461,0,0,0,0,3.841,113.18,4.120960105624,7.874016,38,Tripod,
386500,2026-05-22 09:08:58,51.9888702928555,4.38999300738265,7.874016,,,4.120960105624,7.874016,0,24.9602370192,474.68177372,28,5,6.927,6.417548105624,10.170604,4.4515106,208.741148412,0,0,0.894776,333.1, 8.1, -7.6,,,0,0,1024,1024,364,838,0,0,-100,-28,350.8,0,-6.4,36,3.466,3.461,0,0,0,0,3.841,113.18,4.120960105624,7.874016,38,Tripod,
386600,2026-05-22 09:08:58,51.9888703285839,4.38999298555544,7.545932,,,3.792876105624,7.874016,0,24.9741477808,474.69489708,28,5,6.927,6.417548105624,10.170604,4.4515106,208.741148412,0,0,1.11847,332.9, 8.3, -7,,,0,0,1024,1024,364,688,0,0,-100,-51,350.5,0,-6.3,36,3.466,3.461,0,0,0,0,3.841,113.18,3.792876105624,7.545932,38,Tripod,
386700,2026-05-22 09:08:58,51.9888703879871,4.38999311468237,7.545932,,,3.792876105624,7.545932,0,24.982120222,474.73098632,28,5,6.927,6.417548105624,10.170604,4.4515106,208.741148412,0,0,1.11847,332.6, 7.6, -7.8,,,0,0,1024,1024,364,466,0,0,-100,-85,349.9,0,-7.5,36,3.466,3.461,0,0,0,0,3.841,113.18,3.792876105624,7.545932,38,Tripod,
386800,2026-05-22 09:08:58,51.9888704256388,4.3899931867998,7.217848,,,3.464792105624,7.545932,0,24.9881241592,474.75067136,28,5,6.927,6.417548105624,10.170604,4.4515106,208.741148412,0,0,1.11847,331.5, 7.3, -8.8,,,0,0,1024,1024,364,466,0,0,-100,-85,347.9,0,-8.2,36,3.466,3.461,0,0,0,0,3.841,113.18,3.464792105624,7.217848,38,Tripod,
386900,2026-05-22 09:08:58,51.9888704887129,4.38999332620041,7.217848,,,3.464792105624,7.217848,0,24.9964903012,474.79004144,28,5,6.927,6.417548105624,10.170604,4.4515106,208.741148412,0,0,1.11847,328.8, 7.7, -9.4,,,0,0,1024,1024,364,364,0,0,-100,-100,344.2,-0.1,-8.7,36,3.466,3.461,0,0,0,0,3.841,113.18,3.464792105624,7.217848,38,Tripod,
387000,2026-05-22 09:08:58,51.9888705396262,4.3899933272229,6.889764,,,3.136708105624,7.217848,0,25.0133866272,474.80972648,28,5,6.927,6.417548105624,10.170604,4.4515106,208.741148412,0,0,1.11847,324.9, 7.6, -9.9,,,0,0,1024,1024,364,364,0,0,-100,-100,340.2,-0.1,-9.3,36,3.466,3.461,0,0,0,0,3.841,113.18,3.136708105624,6.889764,38,Tripod,
387100,2026-05-22 09:08:58,51.988870595427,4.38999349934693,6.889764,,,3.136708105624,6.889764,0,25.0164378084,474.8523774,28,5,6.927,6.417548105624,10.170604,4.4515106,208.741148412,0,0,1.11847,320.9, 7, -10.5,,,0,0,1024,1024,1024,664,0,0,0,-55,336.1,-0.1,-9.7,36,3.466,3.461,0,0,0,0,3.841,113.18,3.136708105624,6.889764,38,Tripod,
387200,2026-05-22 09:08:59,51.9888707068829,4.3899933564128,6.56168,,,2.808624105624,6.889764,0.223694,25.0665690436,474.90487084,28,5,6.893,6.417548105624,10.170604,4.4515106,208.741148412,0,0.223694,0.894776,317.3, 6.4, -10.6,,,0,0,1024,522,1024,1024,0,-76,0,0,335.2,0,-9.6,36,3.448,3.445,0,0,0,0,5.218,113.18,2.808624105624,6.56168,38,Tripod,
387300,2026-05-22 09:08:59,51.9888707343657,4.38999353458486,6.56168,,,2.808624105624,6.56168,0.223694,25.0596792796,474.94752176,28,5,6.893,6.417548105624,10.170604,4.4515106,208.741148412,0,0.223694,0.671082,317.5, 5.6, -10.8,,,0,0,1023,364,1024,1024,-0,-100,0,0,335.5,0,-12,36,3.448,3.445,0,0,0,0,5.218,113.18,2.808624105624,6.56168,38,Tripod,
387400,2026-05-22 09:08:59,51.9888707484112,4.38999356110722,6.56168,,,2.808624105624,6.56168,0,25.0619758676,474.95408344,29,5,6.893,6.417548105624,10.170604,4.4515106,208.741148412,0,0,0.223694,317.7, 4.1, -14.5,,,0,0,1024,364,1024,1024,0,-100,0,0,335.5,0,-15.8,36,3.448,3.445,0,0,0,0,5.218,113.18,2.808624105624,6.56168,38,Tripod,
387500,2026-05-22 09:08:59,51.9888707360405,4.38999365409892,6.56168,,,2.808624105624,6.56168,0,25.0494758672,474.97376848,29,5,6.893,6.417548105624,10.170604,4.4515106,208.741148412,0,0,0.223694,317.9, 2.8, -16.9,,,0,0,1024,364,1024,1024,0,-100,0,0,335.3,0,-16,36,3.448,3.445,0,0,0,0,5.218,113.18,2.808624105624,6.56168,38,Tripod,
387600,2026-05-22 09:08:59,51.9888707360148,4.38999366004958,6.56168,,,2.808624105624,6.56168,0,25.0489181244,474.97704932,29,5,6.893,6.417548105624,10.170604,4.4515106,208.741148412,0,0,0,318, 1.9, -16.8,,,0,0,1024,364,1024,1024,0,-100,0,0,335.4,0,-15.8,36,3.448,3.445,0,0,0,0,5.218,113.18,2.808624105624,6.56168,38,Tripod,
387700,2026-05-22 09:08:59,51.9888706464603,4.38999344785336,6.56168,,,2.808624105624,6.56168,0.3131716,25.0381241608,475.0328236,29,5,6.893,6.417548105624,10.170604,4.4515106,208.741148412,-0.223694,-0.223694,0,318.1, 2, -16.5,,,0,0,1024,364,1024,1024,0,-100,0,0,335.6,0,-16.1,36,3.448,3.445,0,0,0,0,5.218,113.18,2.808624105624,6.56168,38,Tripod,
387800,2026-05-22 09:08:59,51.988870391568,4.38999331392347,6.56168,,,2.808624105624,6.56168,0.4921268,24.9651910876,475.1312488,29,5,6.893,6.417548105624,10.170604,4.4515106,208.741148412,-0.223694,-0.447388,0,317.8, 3, -17,,,0,0,1024,966,1024,1119,0,-9,0,14,335.5,0,-14.2,36,3.448,3.445,0,0,0,0,5.218,113.18,2.808624105624,6.56168,38,Tripod,
387900,2026-05-22 09:08:59,51.9888702390508,4.38999284799464,6.56168,,,2.808624105624,6.56168,0.7158208,24.9569233708,475.24935904,29,5,6.893,6.417548105624,10.170604,4.4515106,208.741148412,-0.223694,-0.671082,0,317.9, 3.3, -13.4,,,0,0,1024,1024,725,1594,0,0,-45,86,336.2,0,-10.9,36,3.448,3.445,0,0,0,0,5.218,113.18,2.808624105624,6.56168,38,Tripod,
388000,2026-05-22 09:08:59,51.9888699818969,4.38999251657999,6.56168,,,2.808624105624,6.56168,0.7158208,24.9020021092,475.37075012,29,5,6.893,6.417548105624,10.170604,4.4515106,208.741148412,-0.223694,-0.671082,0,319.7, 3.6, -11.7,,,0,0,1024,1024,364,1176,0,0,-100,23,338.6,0,-11.5,36,3.448,3.445,0,0,0,0,5.218,113.18,2.808624105624,6.56168,38,Tripod,
388100,2026-05-22 09:08:59,51.9888698441747,4.38999204634901,6.56168,,,2.808624105624,6.56168,0.7158208,24.9001320304,475.48886036,29,5,6.893,6.417548105624,10.170604,4.4515106,208.741148412,-0.223694,-0.671082,0,321.1, 4.2, -12.7,,,0,0,1024,1024,364,1024,0,0,-100,0,338.6,0,-10.7,36,3.448,3.445,0,0,0,0,5.218,113.18,2.808624105624,6.56168,38,Tripod,
388200,2026-05-22 09:09:00,51.9888697154521,4.38999172226574,6.56168,,,2.808624105624,6.56168,0.7158208,24.887960114,475.5741622,29,5,6.892,6.417548105624,10.170604,4.4515106,208.741148412,-0.223694,-0.671082,0.447388,320.8, 4.6, -10.6,,,0,0,1024,1024,364,1024,0,0,-100,0,338.1,0,-7.5,36,3.447,3.445,0,0,0,0,5.051,113.18,2.808624105624,6.56168,38,Tripod,
388300,2026-05-22 09:09:00,51.9888695709106,4.38999129273994,6.56168,,,2.808624105624,6.56168,0.4921268,24.8809391164,475.68242992,29,5,6.892,6.417548105624,10.170604,4.4515106,208.741148412,-0.223694,-0.447388,0.671082,320.7, 4.6, -7.8,,,0,0,1024,1024,364,1024,0,0,-100,0,338.1,0,-6.1,36,3.447,3.445,0,0,0,0,5.051,113.18,2.808624105624,6.56168,38,Tripod,
388400,2026-05-22 09:09:00,51.9888693892486,4.38999099068212,6.233596,,,2.480540105624,6.233596,0.4921268,24.8498695616,475.77757428,29,5,6.892,6.417548105624,10.170604,4.4515106,208.741148412,-0.223694,-0.447388,0.894776,320.9, 3.9, -6.5,,,0,0,1024,1024,364,1024,0,0,-100,0,338.1,0,-4.4,36,3.447,3.445,0,0,0,0,5.051,113.18,2.480540105624,6.233596,38,Tripod,
388500,2026-05-22 09:09:00,51.9888692285756,4.38999072351096,6.233596,,,2.480540105624,6.233596,0.3131716,24.822671398,475.86287612,29,5,6.892,6.417548105624,10.170604,4.4515106,208.741148412,-0.223694,-0.223694,0.894776,321.2, 2.7, -4.7,,,0,0,1024,1024,364,1024,0,0,-100,0,338.1,0,-2.5,36,3.447,3.445,0,0,0,0,5.051,113.18,2.480540105624,6.233596,38,Tripod,
388600,2026-05-22 09:09:00,51.9888691818858,4.38999070421913,5.905512,,,2.152456105624,5.905512,0.223694,24.8091543372,475.87928032,28,5,6.892,6.417548105624,10.170604,4.4515106,208.741148412,-0.223694,0,0.894776,321.3, 2.1, -3,,,0,0,1024,1024,364,1024,0,0,-100,0,338.2,0,-2.2,36,3.447,3.445,0,0,0,0,5.051,113.18,2.152456105624,5.905512,38,Tripod,
388700,2026-05-22 09:09:00,51.9888690796736,4.38999060942241,5.905512,,,2.152456105624,5.905512,0,24.7847120792,475.92193124,28,5,6.892,6.417548105624,10.170604,4.4515106,208.741148412,0,0,0.894776,321.3, 1.4, -3.3,,,0,0,1024,1024,364,1024,0,0,-100,0,338.1,0,-3,36,3.447,3.445,0,0,0,0,5.051,113.18,2.152456105624,5.905512,38,Tripod,
388800,2026-05-22 09:09:00,51.988869028666,4.38999037878296,5.577428,,,1.824372105624,5.577428,0,24.7903879324,475.97770552,28,5,6.892,6.417548105624,10.170604,4.4515106,208.741148412,0,0,1.11847,321.4, 0.4, -4.1,,,0,0,1024,1024,364,1024,0,0,-100,0,338.3,0,-3.3,36,3.447,3.445,0,0,0,0,5.051,113.18,1.824372105624,5.577428,38,Tripod,
388900,2026-05-22 09:09:00,51.9888690145134,4.38999041086993,5.577428,,,1.824372105624,5.577428,0,24.7826123416,475.98754804,28,5,6.892,6.417548105624,10.170604,4.4515106,208.741148412,0,0,1.11847,321.5, 0.9, -4.2,,,0,0,1024,1024,364,977,0,0,-100,-7,338.3,0,-4.2,36,3.447,3.445,0,0,0,0,5.051,113.18,1.824372105624,5.577428,38,Tripod,
389000,2026-05-22 09:09:00,51.9888688154991,4.38999029945239,5.249344,,,1.496288105624,5.249344,0,24.7281175892,476.06300736,28,5,6.892,6.417548105624,10.170604,4.4515106,208.741148412,0,0,1.11847,321.4, 0.5, -5,,,0,0,1024,1024,364,751,0,0,-100,-41,338.2,0,-3.6,36,3.447,3.445,0,0,0,0,5.051,113.18,1.496288105624,5.249344,38,Tripod,
389100,2026-05-22 09:09:00,51.9888688901428,4.38999032854838,5.249344,,,1.496288105624,5.249344,0,24.7497711332,476.09253492,28,5,6.892,6.417548105624,10.170604,4.4515106,208.741148412,0,0,1.11847,321.2, 1.6, -4.6,,,0,0,1024,1024,364,364,0,0,-100,-100,337.3,0,-4.9,36,3.447,3.445,0,0,0,0,5.051,113.18,1.496288105624,5.249344,38,Tripod,
389200,2026-05-22 09:09:01,51.9888684820008,4.38999052935453,4.92126,,,1.168204105624,4.92126,0.223694,24.5960637792,476.2467344,27,5,6.881,6.417548105624,10.170604,4.4515106,208.741148412,0.223694,0,0.894776,319.2, 2.6, -6,,,0,0,1024,1462,364,364,0,66,-100,-100,333.6,0,-4.7,36,3.441,3.44,0,0,0,0,5.401,113.36,1.168204105624,4.92126,38,Tripod,
389300,2026-05-22 09:09:01,51.988868572849,4.38999046358424,4.92126,,,1.168204105624,4.92126,0,24.6323498696,476.28282364,27,5,6.881,6.417548105624,10.170604,4.4515106,208.741148412,0,0,0.894776,315.1, 3.5, -4.7,,,0,0,1024,1684,364,398,0,100,-100,-95,329.1,0,-2.2,36,3.441,3.44,0,0,0,0,5.401,113.36,1.168204105624,4.92126,38,Tripod,
389400,2026-05-22 09:09:01,51.9888682867731,4.38999065295858,4.593176,,,0.840120105624,4.593176,0,24.5198826744,476.39765304,27,5,6.881,6.417548105624,10.170604,4.4515106,208.741148412,0,0,0.894776,310.7, 4.2, -2.2,,,0,0,1024,1684,364,398,0,100,-100,-95,325.2,0,-0.6,36,3.441,3.44,0,0,0,0,5.401,113.36,0.840120105624,4.593176,38,Tripod,
389500,2026-05-22 09:09:01,51.9888683945409,4.38999062962197,4.593176,,,0.840120105624,4.593176,0.223694,24.5575467176,476.43702312,27,5,6.881,6.417548105624,10.170604,4.4515106,208.741148412,0.223694,0,0.894776,307.4, 4, -1.5,,,0,0,1024,1684,364,613,0,100,-100,-62,322.7,0,-1.4,36,3.441,3.44,0,0,0,0,5.401,113.36,0.840120105624,4.593176,38,Tripod,
389600,2026-05-22 09:09:01,51.9888686466361,4.389990701802,4.593176,,,0.840120105624,4.593176,0.223694,24.6333013132,476.52888664,29,5,6.881,6.417548105624,10.170604,4.4515106,208.741148412,0.223694,0,0.671082,305.3, 4, -1.9,,,0,0,1024,1050,364,1024,0,4,-100,0,321.4,0,0.6,36,3.441,3.44,0,0,0,0,5.401,113.36,0.840120105624,4.593176,38,Tripod,
389700,2026-05-22 09:09:01,51.9888687893099,4.3899907715962,4.265092,,,0.512036105624,4.265092,0.223694,24.6734259864,476.58466092,29,5,6.881,6.417548105624,10.170604,4.4515106,208.741148412,0.223694,0,0.671082,304.6, 4.2, -0.4,,,0,0,1024,486,364,1352,0,-82,-100,50,321.5,0,-1.9,36,3.441,3.44,0,0,0,0,5.401,113.36,0.512036105624,4.265092,38,Tripod,
389800,2026-05-22 09:09:01,51.988869031189,4.38999111496783,4.265092,,,0.512036105624,4.265092,0.4921268,24.7198498724,476.70277116,29,5,6.881,6.417548105624,10.170604,4.4515106,208.741148412,0.447388,0.223694,0.671082,304.7, 4.4, -3.8,,,0,0,1024,364,364,1642,0,-100,-100,94,323,0,-7.1,36,3.441,3.44,0,0,0,0,5.401,113.36,0.512036105624,4.265092,38,Tripod,
389900,2026-05-22 09:09:01,51.9888692110348,4.38999132076822,4.265092,,,0.512036105624,4.265092,0.3131716,24.7594168028,476.78151132,29,5,6.881,6.417548105624,10.170604,4.4515106,208.741148412,0.223694,0.223694,0.671082,306.8, 3.3, -9.3,,,0,0,1024,364,364,1684,0,-100,-100,100,326.5,0.1,-9.4,36,3.441,3.44,0,0,0,0,5.401,113.36,0.512036105624,4.265092,38,Tripod,
390000,2026-05-22 09:09:01,51.9888692359775,4.38999150344067,3.937008,,,0.183952105624,3.937008,0.3131716,24.7501976424,476.82416224,29,5,6.881,6.417548105624,10.170604,4.4515106,208.741148412,0.223694,0.223694,0.671082,310.6, 2.7, -9.7,,,0,0,1024,364,364,1684,0,-100,-100,100,330.4,0.1,-8.2,36,3.441,3.44,0,0,0,0,5.401,113.36,0.183952105624,3.937008,38,Tripod,
390100,2026-05-22 09:09:01,51.9888693336792,4.38999163092952,3.937008,,,0.183952105624,3.937008,0,24.770342,476.870094,29,5,6.881,6.417548105624,10.170604,4.4515106,208.741148412,0,0,0.671082,314.4, 2.7, -9.4,,,0,0,1024,364,381,1684,0,-100,-97,100,334.3,0.1,-8.9,36,3.441,3.44,0,0,0,0,5.401,113.36,0.183952105624,3.937008,38,Tripod,
390200,2026-05-22 09:09:02,51.9888692922708,4.38999193599223,3.937008,,,0.183952105624,3.937008,0,24.72769108,476.93899164,30,5,6.884,6.417548105624,10.170604,4.4515106,208.741148412,0,0,0.447388,318.2, 3.4, -10.1,,,0,0,1024,364,411,1684,0,-100,-93,100,338.2,0.1,-9.7,36,3.443,3.441,0,0,0,0,5.193,113.36,0.183952105624,3.937008,38,Tripod,
390300,2026-05-22 09:09:02,51.9888693313961,4.38999197908323,3.608924,,,-0.144131894376,3.608924,0,24.7365821564,476.95539584,30,5,6.884,6.417548105624,10.170604,4.4515106,208.741148412,0,0,0.447388,322.1, 3.1, -10.6,,,0,0,1024,364,411,1684,0,-100,-93,100,342.2,0.1,-10.4,36,3.443,3.441,0,0,0,0,5.193,113.36,-0.144131894376,3.608924,38,Tripod,
390400,2026-05-22 09:09:02,51.9888691368494,4.38999221222328,3.608924,,,-0.144131894376,3.608924,0,24.6501648308,477.04397852,28,5,6.884,6.417548105624,10.170604,4.4515106,208.741148412,0,0,0.447388,326.1, 2.8, -11.5,,,0,0,1024,364,429,1684,0,-100,-90,100,345.8,0.1,-9,36,3.443,3.441,0,0,0,0,5.193,113.36,-0.144131894376,3.608924,38,Tripod,
390500,2026-05-22 09:09:02,51.988869085195,4.38999205256747,3.608924,,,-0.144131894376,3.608924,0.223694,24.6481635184,477.08662944,28,5,6.884,6.417548105624,10.170604,4.4515106,208.741148412,0,-0.223694,0.447388,329.8, 3.4, -9.2,,,0,0,1024,1024,433,1684,0,0,-90,100,349.9,0.1,-7.6,36,3.443,3.441,0,0,0,0,5.193,113.36,-0.144131894376,3.608924,38,Tripod,
390600,2026-05-22 09:09:02,51.988869074889,4.38999189133618,3.608924,,,-0.144131894376,3.608924,0.223694,24.6600401592,477.12271868,29,5,6.884,6.417548105624,10.170604,4.4515106,208.741148412,0,-0.223694,0.447388,333.9, 3.6, -7.7,,,0,0,1024,1024,364,1622,0,0,-100,91,353.8,0,-5.3,36,3.443,3.441,0,0,0,0,5.193,113.36,-0.144131894376,3.608924,38,Tripod,
390700,2026-05-22 09:09:02,51.9888690116178,4.38999160383331,3.28084,,,-0.472215894376,3.28084,0.447388,24.666503414,477.19161632,29,5,6.884,6.417548105624,10.170604,4.4515106,208.741148412,0,-0.447388,0.447388,337.8, 3.4, -6.1,,,0,0,1024,1024,364,1464,0,0,-100,67,356.7,0,-4.7,36,3.443,3.441,0,0,0,0,5.193,113.36,-0.472215894376,3.28084,38,Tripod,
390800,2026-05-22 09:09:02,51.9888690034492,4.38999177725111,3.28084,,,-0.472215894376,3.28084,0.447388,24.6472776916,477.2309864,29,5,6.884,6.417548105624,10.170604,4.4515106,208.741148412,0,-0.447388,0.447388,340.2, 4.4, -5.3,,,0,0,1024,1024,364,1120,0,0,-100,15,358.4,0,-3.5,36,3.443,3.441,0,0,0,0,5.193,113.36,-0.472215894376,3.28084,38,Tripod,
390900,2026-05-22 09:09:02,51.9888690133826,4.38999146042966,3.28084,,,-0.472215894376,3.28084,0.447388,24.6808078764,477.29988404,29,5,6.884,6.417548105624,10.170604,4.4515106,208.741148412,0,-0.447388,0.447388,341.4, 5.3, -4.1,,,0,0,1024,1024,364,1186,0,0,-100,25,358.5,0,-2.2,36,3.443,3.441,0,0,0,0,5.193,113.36,-0.472215894376,3.28084,38,Tripod,
391000,2026-05-22 09:09:02,51.9888691487317,4.38999127472797,3.28084,,,-0.472215894376,3.28084,0.223694,24.74327507,477.36550084,29,5,6.884,6.417548105624,10.170604,4.4515106,208.741148412,0,-0.223694,0.447388,341.4, 5.8, -2.7,,,0,0,1024,1024,364,1157,0,0,-100,20,358.6,0,-1.2,36,3.443,3.441,0,0,0,0,5.193,113.36,-0.472215894376,3.28084,38,Tripod,
391100,2026-05-22 09:09:02,51.9888692139304,4.38999105167031,2.952756,,,-0.800299894376,2.952756,0.223694,24.7861884572,477.42127512,29,5,6.884,6.417548105624,10.170604,4.4515106,208.741148412,0,-0.223694,0.447388,341.7, 5.7, -1.7,,,0,0,1024,1024,364,1157,0,0,-100,20,358.7,0,-0.5,36,3.443,3.441,0,0,0,0,5.193,113.36,-0.800299894376,2.952756,38,Tripod,
391200,2026-05-22 09:09:03,51.9888690482415,4.38999060330481,2.952756,,,-0.800299894376,2.952756,0,24.7749679844,477.53938536,28,5,6.878,6.417548105624,10.170604,4.4515106,208.741148412,0,0,0.447388,341.9, 6.3, -1.9,,,0,0,1024,1024,364,1132,0,0,-100,16,359,0,-1.3,36,3.44,3.438,0,0,0,0,5.409,113.36,-0.800299894376,2.952756,38,Tripod,
391300,2026-05-22 09:09:03,51.9888691148066,4.38999051251113,2.952756,,,-0.800299894376,2.952756,0,24.8056766468,477.56891292,28,5,6.878,6.417548105624,10.170604,4.4515106,208.741148412,0,0,0.447388,342, 6.1, -1.8,,,0,0,1024,1024,364,1078,0,0,-100,8,358.9,0,-0.7,36,3.44,3.438,0,0,0,0,5.409,113.36,-0.800299894376,2.952756,38,Tripod,
391400,2026-05-22 09:09:03,51.9888693278793,4.38999024751018,2.952756,,,-0.800299894376,2.952756,0,24.9015427916,477.66733812,28,5,6.878,6.417548105624,10.170604,4.4515106,208.741148412,0,0,0.223694,342, 5.9, -1.8,,,0,0,1024,1024,364,1044,0,0,-100,3,358.9,0,-0.9,36,3.44,3.438,0,0,0,0,5.409,113.36,-0.800299894376,2.952756,38,Tripod,
391500,2026-05-22 09:09:03,51.9888693675229,4.38999025383993,2.624672,,,-1.128383894376,2.952756,0,24.9139443668,477.68374232,28,5,6.878,6.417548105624,10.170604,4.4515106,208.741148412,0,0,0.447388,341.9, 5.7, -1.9,,,0,0,1024,1024,364,1024,0,0,-100,0,358.9,0,-1.6,36,3.44,3.438,0,0,0,0,5.409,113.36,-1.128383894376,2.624672,38,Tripod,
391600,2026-05-22 09:09:03,51.9888694624703,4.38999027883897,2.624672,,,-1.128383894376,2.624672,0,24.942750142,477.71655072,26,5,6.878,6.417548105624,10.170604,4.4515106,208.741148412,0,0,0.447388,341.9, 5, -2.8,,,0,0,1024,1024,364,1024,0,0,-100,0,358.8,0,-2.5,36,3.44,3.438,0,0,0,0,5.409,113.36,-1.128383894376,2.624672,38,Tripod,
391700,2026-05-22 09:09:03,51.9888694675762,4.38999041130814,2.624672,,,-1.128383894376,2.624672,0.223694,24.931595286,477.74607828,26,5,6.878,6.417548105624,10.170604,4.4515106,208.741148412,0,0.223694,0.447388,341.8, 4.6, -3.8,,,0,0,1024,1024,364,1024,0,0,-100,0,359.1,0,-4.8,36,3.44,3.438,0,0,0,0,5.409,113.36,-1.128383894376,2.624672,38,Tripod,
391800,2026-05-22 09:09:03,51.9888694064682,4.38999060393083,2.624672,,,-1.128383894376,2.624672,0.223694,24.8928157572,477.79529088,26,5,6.878,6.417548105624,10.170604,4.4515106,208.741148412,0,0.223694,0.447388,341.8, 4.4, -6.2,,,0,0,1024,1024,364,1024,0,0,-100,0,359,0,-4.8,36,3.44,3.438,0,0,0,0,5.409,113.36,-1.128383894376,2.624672,38,Tripod,
391900,2026-05-22 09:09:03,51.9888693942474,4.38999074941077,2.624672,,,-1.128383894376,2.624672,0.223694,24.8747383288,477.82809928,26,5,6.878,6.417548105624,10.170604,4.4515106,208.741148412,0,0.223694,0.447388,341.9, 4, -5.6,,,0,0,1024,1024,364,1024,0,0,-100,0,359.2,0,-5.3,36,3.44,3.438,0,0,0,0,5.409,113.36,-1.128383894376,2.624672,38,Tripod,
392000,2026-05-22 09:09:03,51.9888693678099,4.38999079637266,2.296588,,,-1.456467894376,2.624672,0,24.8614837352,477.84450348,26,5,6.878,6.417548105624,10.170604,4.4515106,208.741148412,0,0,0.447388,342.1, 3.5, -6.6,,,0,0,1024,1024,364,1024,0,0,-100,0,359.2,0,-5.8,36,3.44,3.438,0,0,0,0,5.409,113.36,-1.456467894376,2.296588,38,Tripod,
392100,2026-05-22 09:09:03,51.9888693558461,4.38999089202146,2.296588,,,-1.456467894376,2.296588,0,24.8483275668,477.86418852,26,5,6.878,6.417548105624,10.170604,4.4515106,208.741148412,0,0,0.447388,342, 3.2, -6.5,,,0,0,1024,1024,364,1024,0,0,-100,0,358.9,0,-4.6,36,3.44,3.438,0,0,0,0,5.409,113.36,-1.456467894376,2.296588,38,Tripod,
392200,2026-05-22 09:09:04,51.9888691886451,4.38999096169046,2.296588,,,-1.456467894376,2.296588,0,24.7865165412,477.92980532,24,5,6.885,6.417548105624,10.170604,4.4515106,208.741148412,0,0,0.223694,341.8, 4, -5.2,,,0,0,1024,1024,364,1024,0,0,-100,0,359,0,-4.5,36,3.443,3.442,0,0,0,0,5.186,113.54,-1.456467894376,2.296588,38,Tripod,
392300,2026-05-22 09:09:04,51.9888691989768,4.38999102352726,2.296588,,,-1.456467894376,2.296588,0,24.783957486,477.94292868,24,5,6.885,6.417548105624,10.170604,4.4515106,208.741148412,0,0,0.223694,341.9, 4.3, -6.1,,,0,0,1024,1024,364,1009,0,0,-100,-2,359.3,0,-5.7,36,3.443,3.442,0,0,0,0,5.186,113.54,-1.456467894376,2.296588,38,Tripod,
392400,2026-05-22 09:09:04,51.9888692202828,4.38999099426434,2.296588,,,-1.456467894376,2.296588,0,24.793800006,477.9527712,24,5,6.885,6.417548105624,10.170604,4.4515106,208.741148412,0,0,0.223694,342.2, 4.5, -6.8,,,0,0,1024,1024,364,1024,0,0,-100,0,359.5,0,-5.8,36,3.443,3.442,0,0,0,0,5.186,113.54,-1.456467894376,2.296588,38,Tripod,
392500,2026-05-22 09:09:04,51.9888692117159,4.38999091800127,1.968504,,,-1.784551894376,2.296588,0,24.7983275652,477.9691754,24,5,6.885,6.417548105624,10.170604,4.4515106,208.741148412,0,0,0.223694,342.3, 4.4, -5.7,,,0,0,1024,1024,364,1024,0,0,-100,0,359.1,0,-1.9,36,3.443,3.442,0,0,0,0,5.186,113.54,-1.784551894376,1.968504,38,Tripod,
392600,2026-05-22 09:09:04,51.9888692692001,4.38999082988904,1.968504,,,-1.784551894376,2.296588,0.223694,24.825788196,477.99870296,24,5,6.885,6.417548105624,10.170604,4.4515106,208.741148412,0,-0.223694,0.223694,342, 4.6, -1.3,,,0,0,1024,1024,364,1024,0,0,-100,0,358.3,0,2.5,36,3.443,3.442,0,0,0,0,5.186,113.54,-1.784551894376,1.968504,38,Tripod,
392700,2026-05-22 09:09:04,51.9888692486908,4.38999064541157,1.968504,,,-1.784551894376,1.968504,0,24.8368446268,478.04135388,24,5,6.885,6.417548105624,10.170604,4.4515106,208.741148412,0,0,0.223694,341.8, 4.8, 2.6,,,0,0,1024,1024,364,1024,0,0,-100,0,358.3,0,2.4,36,3.443,3.442,0,0,0,0,5.186,113.54,-1.784551894376,1.968504,38,Tripod,
392800,2026-05-22 09:09:04,51.9888690759513,4.38999084559169,1.968504,,,-1.784551894376,1.968504,0,24.7605979052,478.12009404,24,5,6.885,6.417548105624,10.170604,4.4515106,208.741148412,0,0,0.223694,341.7, 4.5, 0.8,,,0,0,1024,1024,364,1024,0,0,-100,0,358.3,0,-0.1,36,3.443,3.442,0,0,0,0,5.186,113.54,-1.784551894376,1.968504,38,Tripod,
392900,2026-05-22 09:09:04,51.9888690992748,4.38999092155566,1.968504,,,-1.784551894376,1.968504,0,24.7609259892,478.13649824,24,5,6.885,6.417548105624,10.170604,4.4515106,208.741148412,0,0,0.223694,341.5, 5, -2,,,0,0,1024,1024,364,1024,0,0,-100,0,358.6,0,-2.9,36,3.443,3.442,0,0,0,0,5.186,113.54,-1.784551894376,1.968504,38,Tripod,
393000,2026-05-22 09:09:04,51.9888694589793,4.38999123052057,1.968504,,,-1.784551894376,1.968504,0.223694,24.84990237,478.28741688,24,5,6.885,6.417548105624,10.170604,4.4515106,208.741148412,0,0.223694,0.223694,341.8, 5, -4.4,,,0,0,1024,1024,364,1024,0,0,-100,0,359.1,0,-5.3,36,3.443,3.442,0,0,0,0,5.186,113.54,-1.784551894376,1.968504,38,Tripod,
393100,2026-05-22 09:09:05,51.9888694933027,4.38999142360581,1.64042,,,-2.112635894376,1.968504,0.223694,24.8428157556,478.3300678,24,5,6.885,6.417548105624,10.170604,4.4515106,208.741148412,0,0.223694,0.223694,341.9, 4.3, -6.6,,,0,0,1024,1024,364,1024,0,0,-100,0,358.8,0,-5.7,36,3.443,3.442,0,0,0,0,5.186,113.54,-2.112635894376,1.64042,38,Tripod,
393200,2026-05-22 09:09:05,51.9888697563764,4.38999156927704,1.64042,,,-2.112635894376,1.64042,0.223694,24.9159784876,478.43177384,25,5,6.876,6.417548105624,10.170604,4.4515106,208.741148412,0,0.223694,0.223694,341.7, 4.3, -6.2,,,0,0,1024,1024,364,1024,0,0,-100,0,359.1,0,-5.3,35,3.439,3.437,0,0,0,0,5.401,113.54,-2.112635894376,1.64042,38,Tripod,
393300,2026-05-22 09:09:05,51.9888697674149,4.38999172409511,1.64042,,,-2.112635894376,1.64042,0.223694,24.905020482,478.46786308,25,5,6.876,6.417548105624,10.170604,4.4515106,208.741148412,0,0.223694,0.223694,342.1, 4, -7,,,0,0,1024,1024,364,1024,0,0,-100,0,359.3,0,-7.4,35,3.439,3.437,0,0,0,0,5.401,113.54,-2.112635894376,1.64042,38,Tripod,
393400,2026-05-22 09:09:05,51.9888697137044,4.38999189704339,1.64042,,,-2.112635894376,1.64042,0,24.8709325544,478.510514,25,5,6.876,6.417548105624,10.170604,4.4515106,208.741148412,0,0,0.223694,342.2, 2.3, -7.6,,,0,0,1024,1024,364,1024,0,0,-100,0,358.9,0,-3.6,35,3.439,3.437,0,0,0,0,5.401,113.54,-2.112635894376,1.64042,38,Tripod,
393500,2026-05-22 09:09:05,51.9888697116355,4.38999192338142,1.64042,,,-2.112635894376,1.64042,0,24.8677501396,478.51707568,25,5,6.876,6.417548105624,10.170604,4.4515106,208.741148412,0,0,0.223694,342, 2.6, -4.3,,,0,0,1024,1024,364,1024,0,0,-100,0,358.9,0,-3.9,35,3.439,3.437,0,0,0,0,5.401,113.54,-2.112635894376,1.64042,38,Tripod,
393600,2026-05-22 09:09:05,51.9888699126802,4.38999204330934,1.64042,,,-2.112635894376,1.64042,0,24.9231307188,478.59581584,25,5,6.876,6.417548105624,10.170604,4.4515106,208.741148412,0,0,0.223694,342.1, 3, -5.1,,,0,0,1024,1024,364,1024,0,0,-100,0,359.3,0,-5.5,35,3.439,3.437,0,0,0,0,5.401,113.54,-2.112635894376,1.64042,38,Tripod,
393700,2026-05-22 09:09:05,51.9888699391692,4.3899920567305,1.64042,,,-2.112635894376,1.64042,0,24.9306766508,478.60565836,25,5,6.876,6.417548105624,10.170604,4.4515106,208.741148412,0,0,0.223694,342.2, 3.8, -6.7,,,0,0,1024,1024,364,1024,0,0,-100,0,359.1,0,-5.7,35,3.439,3.437,0,0,0,0,5.401,113.54,-2.112635894376,1.64042,38,Tripod,
393800,2026-05-22 09:09:05,51.98887004414,4.38999206220817,1.312336,,,-2.440719894376,1.64042,0,24.9649614288,478.64502844,25,5,6.876,6.417548105624,10.170604,4.4515106,208.741148412,0,0,0.223694,341.9, 3.5, -6.2,,,0,0,1024,1024,364,1024,0,0,-100,0,358.8,0,-4,35,3.439,3.437,0,0,0,0,5.401,113.54,-2.440719894376,1.312336,38,Tripod,
393900,2026-05-22 09:09:05,51.9888700466929,4.38999194990725,1.312336,,,-2.440719894376,1.312336,0,24.9763131352,478.66799432,25,5,6.876,6.417548105624,10.170604,4.4515106,208.741148412,0,0,0.223694,341.8, 3.6, -4.4,,,0,0,1024,1024,364,1024,0,0,-100,0,358.8,0,-2.7,35,3.439,3.437,0,0,0,0,5.401,113.54,-2.440719894376,1.312336,38,Tripod,
394000,2026-05-22 09:09:05,51.9888702008508,4.38999207233577,1.312336,,,-2.440719894376,1.312336,0,25.0160441076,478.73033028,25,5,6.876,6.417548105624,10.170604,4.4515106,208.741148412,0,0,0.223694,342, 3.9, -3.4,,,0,0,1024,1024,364,1024,0,0,-100,0,359.1,0,-3.1,35,3.439,3.437,0,0,0,0,5.401,113.54,-2.440719894376,1.312336,38,Tripod,
394100,2026-05-22 09:09:05,51.9888702030011,4.38999200667678,1.312336,,,-2.440719894376,1.312336,0,25.0228682548,478.74673448,25,5,6.876,6.417548105624,10.170604,4.4515106,208.741148412,0,0,0,342.2, 3.9, -4.9,,,0,0,1024,1024,364,1024,0,0,-100,0,359.2,0,-5,35,3.439,3.437,0,0,0,0,5.401,113.54,-2.440719894376,1.312336,38,Tripod,
394200,2026-05-22 09:09:06,51.9888703001716,4.3899925593232,1.312336,,,-2.440719894376,1.312336,0,25.0038721912,478.87468724,26,5,6.879,6.417548105624,10.170604,4.4515106,208.741148412,0,0,0,342.1, 3.9, -5.5,,,0,0,1024,1024,364,1024,0,0,-100,0,359.1,0,-3.4,35,3.441,3.438,0,0,0,0,5.175,113.54,-2.440719894376,1.312336,38,Tripod,
394300,2026-05-22 09:09:06,51.9888702897756,4.38999244064036,1.312336,,,-2.440719894376,1.312336,0,25.0113853148,478.9042148,26,5,6.879,6.417548105624,10.170604,4.4515106,208.741148412,0,0,0,342, 3.9, -3.6,,,0,0,1024,1024,364,1024,0,0,-100,0,358.8,0,-1.1,35,3.441,3.438,0,0,0,0,5.175,113.54,-2.440719894376,1.312336,38,Tripod,
394400,2026-05-22 09:09:06,51.9888702739782,4.3899928409241,1.312336,,,-2.440719894376,1.312336,0,24.9692265208,478.99279748,25,5,6.879,6.417548105624,10.170604,4.4515106,208.741148412,0,0,0,342, 3.8, -1.6,,,0,0,1024,1024,364,1024,0,0,-100,0,358.8,0,0,35,3.441,3.438,0,0,0,0,5.175,113.54,-2.440719894376,1.312336,38,Tripod,
394500,2026-05-22 09:09:06,51.9888702640363,4.3899927547421,1.312336,,,-2.440719894376,1.312336,0,24.9738196968,479.01248252,25,5,6.879,6.417548105624,10.170604,4.4515106,208.741148412,0,0,0,342, 4.2, -0.7,,,0,0,1024,1024,364,1024,0,0,-100,0,358.8,0,-0.4,35,3.441,3.438,0,0,0,0,5.175,113.54,-2.440719894376,1.312336,38,Tripod,
394600,2026-05-22 09:09:06,51.9888700916094,4.38999299649687,1.312336,,,-2.440719894376,1.312336,0,24.89419371,479.09450352,24,5,6.879,6.417548105624,10.170604,4.4515106,208.741148412,0,0,0,342, 4.4, -2,,,0,0,1024,1024,364,1024,0,0,-100,0,358.9,0,-2.3,35,3.441,3.438,0,0,0,0,5.175,113.54,-2.440719894376,1.312336,38,Tripod,
394700,2026-05-22 09:09:06,51.9888700972208,4.38999303900011,1.312336,,,-2.440719894376,1.312336,0,24.8921595892,479.10434604,24,5,6.879,6.417548105624,10.170604,4.4515106,208.741148412,0,0,0,341.9, 3.9, -3.7,,,0,0,1024,1024,364,1024,0,0,-100,0,358.8,0,-3.1,35,3.441,3.438,0,0,0,0,5.175,113.54,-2.440719894376,1.312336,33,Confirm_Landing,
394800,2026-05-22 09:09:06,51.9888699136997,4.38999302445211,1.312336,,,-2.440719894376,1.312336,0,24.8324154928,479.17324368,23,5,6.879,6.417548105624,10.170604,4.4515106,208.741148412,0,0,0,341.9, 3.9, -4.5,,,0,0,1024,1024,364,1024,0,0,-100,0,359.1,0,-4.4,35,3.441,3.438,0,0,0,0,5.175,113.54,-2.440719894376,1.312336,33,Confirm_Landing,
394900,2026-05-22 09:09:06,51.9888699217655,4.38999307197394,0.984252,,,-2.768803894376,1.312336,0,24.830709456,479.1830862,23,5,6.879,6.417548105624,10.170604,4.4515106,208.741148412,0,0,0,342, 3.7, -4.8,,,0,0,1024,1024,364,1024,0,0,-100,0,359,0,-1.7,35,3.441,3.438,0,0,0,0,5.175,113.54,-2.768803894376,0.984252,33,Confirm_Landing,
395000,2026-05-22 09:09:06,51.9888697166857,4.38999293916393,0.984252,,,-2.768803894376,1.312336,0,24.7747055172,479.2651072,25,5,6.879,6.417548105624,10.170604,4.4515106,208.741148412,0,0,0.223694,342, 4.3, -2.6,,,0,0,1024,1024,364,1024,0,0,-100,0,359,0,-2.5,35,3.441,3.438,0,0,0,0,5.175,113.54,-2.768803894376,0.984252,33,Confirm_Landing,
395100,2026-05-22 09:09:06,51.9888697295704,4.38999291905827,0.984252,,,-2.768803894376,0.984252,0,24.780840688,479.27166888,25,5,6.879,6.417548105624,10.170604,4.4515106,208.741148412,0,0,0.223694,342, 5.1, -3.3,,,0,0,1024,1024,364,1024,0,0,-100,0,359,0,-1.6,35,3.441,3.438,0,0,0,0,5.175,113.54,-2.768803894376,0.984252,33,Confirm_Landing,
395200,2026-05-22 09:09:07,51.9888694270331,4.38999242737223,0.984252,,,-2.768803894376,0.984252,0,24.7261162768,479.42586836,23,5,6.876,6.417548105624,10.170604,4.4515106,208.741148412,0,0,0.223694,342.1, 5, -2.4,,,0,0,1024,1024,364,1024,0,0,-100,0,359,0,-1.3,35,3.444,3.442,0,0,0,0,5.357,113.54,-2.768803894376,0.984252,33,Confirm_Landing,
395300,2026-05-22 09:09:07,51.9888694291192,4.38999237827144,0.984252,,,-2.768803894376,0.984252,0,24.7313984292,479.43899172,23,5,6.876,6.417548105624,10.170604,4.4515106,208.741148412,0,0,0.447388,342, 4.6, -2.2,,,0,0,1024,1024,364,1024,0,0,-100,0,359,0,-1.6,35,3.444,3.442,0,0,0,0,5.357,113.54,-2.768803894376,0.984252,33,Confirm_Landing,
395400,2026-05-22 09:09:07,51.9888691973791,4.3899923184379,0.984252,,,-2.768803894376,0.984252,0,24.6602042012,479.52429356,24,5,6.876,6.417548105624,10.170604,4.4515106,208.741148412,0,0,0.447388,342.1, 4.4, -2.5,,,0,0,1024,1024,364,1024,0,0,-100,0,359.2,0,-2.7,35,3.444,3.442,0,0,0,0,5.357,113.54,-2.768803894376,0.984252,33,Confirm_Landing,
395500,2026-05-22 09:09:07,51.9888691890349,4.38999231673026,0.984252,,,-2.768803894376,0.984252,0,24.6576123376,479.5275744,24,5,6.876,6.417548105624,10.170604,4.4515106,208.741148412,0,0,0.447388,342.1, 4.3, -3.9,,,0,0,1024,1024,364,1024,0,0,-100,0,359.3,0,-3.4,35,3.444,3.442,0,0,0,0,5.357,113.54,-2.768803894376,0.984252,33,Confirm_Landing,
395600,2026-05-22 09:09:07,51.9888689760307,4.3899922875821,0.656168,,,-3.096887894376,0.984252,0,24.5897973748,479.60303372,23,5,6.876,6.417548105624,10.170604,4.4515106,208.741148412,0,0,0.447388,342.1, 4.3, -4.1,,,0,0,1024,1024,364,1024,0,0,-100,0,359.2,0,-2.3,35,3.444,3.442,0,0,0,0,5.357,113.54,-3.096887894376,0.656168,33,Confirm_Landing,
395700,2026-05-22 09:09:07,51.988868946509,4.38999224506843,0.656168,,,-3.096887894376,0.656168,0,24.5840559048,479.61943792,23,5,6.876,6.417548105624,10.170604,4.4515106,208.741148412,0,0,0.447388,342, 4.3, -2.5,,,0,0,1024,1024,364,1024,0,0,-100,0,359,0,-0.6,35,3.444,3.442,0,0,0,0,5.357,113.54,-3.096887894376,0.656168,33,Confirm_Landing,
395800,2026-05-22 09:09:07,51.9888688246357,4.38999211555546,0.656168,,,-3.096887894376,0.656168,0,24.5559719144,479.67193136,22,5,6.876,6.417548105624,10.170604,4.4515106,208.741148412,0,0,0.447388,342, 3.9, -1.6,,,0,0,1024,1024,364,1024,0,0,-100,0,359,0,-1.3,35,3.444,3.442,0,0,0,0,5.357,113.54,-3.096887894376,0.656168,33,Confirm_Landing,
395900,2026-05-22 09:09:07,51.9888687751445,4.38999207929502,0.656168,,,-3.096887894376,0.656168,0,24.5430782132,479.6916164,22,5,6.876,6.417548105624,10.170604,4.4515106,208.741148412,0,0,0.447388,342, 3.3, -2.2,,,0,0,1024,1024,364,1024,0,0,-100,0,358.9,0,0.6,35,3.444,3.442,0,0,0,0,5.357,113.54,-3.096887894376,0.656168,33,Confirm_Landing,
396000,2026-05-22 09:09:07,51.9888687842768,4.38999248626674,0.328084,,,-3.424971894376,0.656168,0,24.507546716,479.78347992,22,5,6.876,6.417548105624,10.170604,4.4515106,208.741148412,0,0,0.223694,342.2, 2.3, 1.1,,,0,0,1024,1024,364,1024,0,0,-100,0,359.2,0,2.2,35,3.444,3.442,0,0,0,0,5.357,113.54,-3.424971894376,0.328084,33,Confirm_Landing,
396100,2026-05-22 09:09:07,51.9888687316458,4.3899924470188,0.328084,,,-3.424971894376,0.328084,0,24.4938328048,479.80316496,22,5,6.876,6.417548105624,10.170604,4.4515106,208.741148412,0,0,0.447388,342.3, 1.1, 0.4,,,0,0,1024,1024,364,1024,0,0,-100,0,358.9,0,-0.4,35,3.444,3.442,0,0,0,0,5.357,113.54,-3.424971894376,0.328084,33,Confirm_Landing,
396200,2026-05-22 09:09:08,51.9888684239127,4.38999275524639,0.328084,,,-3.424971894376,0.328084,0,24.362861672,479.9376794,23,5,6.879,6.417548105624,10.170604,4.4515106,208.741148412,0,0,0.223694,342, 0.9, -1.6,,,0,0,1024,1024,364,1024,0,0,-100,0,358.8,0,-1.1,35,3.441,3.438,0,0,0,0,5.153,113.72,-3.424971894376,0.328084,33,Confirm_Landing,
396300,2026-05-22 09:09:08,51.9888684355852,4.38999275785481,0.328084,,,-3.424971894376,0.328084,0,24.366470596,479.94096024,23,5,6.879,6.417548105624,10.170604,4.4515106,208.741148412,0,0,0.223694,342, 1.6, -1.7,,,0,0,1024,1024,364,1024,0,0,-100,0,358.9,0,-0.7,35,3.441,3.438,0,0,0,0,5.153,113.72,-3.424971894376,0.328084,33,Confirm_Landing,
396400,2026-05-22 09:09:08,51.9888680462476,4.38999299898704,0.328084,,,-3.424971894376,0.328084,0,24.2147973628,480.09187888,22,5,6.879,6.417548105624,10.170604,4.4515106,208.741148412,0,0,0.223694,342, 2.8, -1.4,,,0,0,1024,1024,364,1024,0,0,-100,0,358.9,0,-0.5,35,3.441,3.438,0,0,0,0,5.153,113.72,-3.424971894376,0.328084,33,Confirm_Landing,
396500,2026-05-22 09:09:08,51.9888680923335,4.38999300563328,0.328084,,,-3.424971894376,0,0,24.2294299092,480.10828308,22,5,6.879,6.417548105624,10.170604,4.4515106,208.741148412,0,0,0.223694,342, 3.1, -1.3,,,0,0,1024,1024,364,1024,0,0,-100,0,359.1,0,-1.2,35,3.441,3.438,0,0,0,0,5.153,113.72,-3.424971894376,0.328084,33,Confirm_Landing,
396600,2026-05-22 09:09:08,51.9888678022354,4.38999313252392,0,,,-3.753055894376,0.328084,0,24.1214246564,480.21983164,23,5,6.879,6.417548105624,10.170604,4.4515106,208.741148412,0,0,0.223694,342, 3.5, -2.3,,,0,0,1024,1024,364,1024,0,0,-100,0,358.9,0,-2.2,35,3.441,3.438,0,0,0,0,5.153,113.72,-3.753055894376,0,33,Confirm_Landing,
396700,2026-05-22 09:09:08,51.9888678168977,4.38999316727496,0,,,-3.753055894376,0.328084,0,24.1229994596,480.22967416,23,5,6.879,6.417548105624,10.170604,4.4515106,208.741148412,0,0,0.223694,341.8, 2.7, -3.4,,,0,0,1024,1024,364,1024,0,0,-100,0,358.8,0,-2.4,35,3.441,3.438,0,0,0,0,5.153,113.72,-3.753055894376,0,33,Confirm_Landing,
396800,2026-05-22 09:09:08,51.9888677055531,4.3899931675671,0,,,-3.753055894376,0,0,24.0860900096,480.26904424,24,5,6.879,6.417548105624,10.170604,4.4515106,208.741148412,0,0,0.223694,341.8, 1.7, -2.8,,,0,0,1024,1024,364,1024,0,0,-100,0,358.8,0,-1.6,35,3.441,3.438,0,0,0,0,5.153,113.72,-3.753055894376,0,33,Confirm_Landing,
396900,2026-05-22 09:09:08,51.9888676721292,4.38999319674308,0,,,-3.753055894376,0,0,24.0722776732,480.2821676,24,5,6.879,6.417548105624,10.170604,4.4515106,208.741148412,0,0,0.223694,341.9, 0.7, -2.2,,,0,0,1024,1024,364,1024,0,0,-100,0,359,0,-0.8,35,3.441,3.438,0,0,0,0,5.153,113.72,-3.753055894376,0,33,Confirm_Landing,
397000,2026-05-22 09:09:08,51.9888674194044,4.38999333912771,0,,,-3.753055894376,0,0,23.9751648092,480.3805928,24,5,6.879,6.417548105624,10.170604,4.4515106,208.741148412,0,0,0.223694,342.2, -0.3, -1.7,,,0,0,1024,1024,364,1024,0,0,-100,0,359.3,0,-2.3,35,3.441,3.438,0,0,0,0,5.153,113.72,-3.753055894376,0,33,Confirm_Landing,
397100,2026-05-22 09:09:08,51.9888673857149,4.38999330829277,0,,,-3.753055894376,0,0,23.9669299008,480.39371616,24,5,6.879,6.417548105624,10.170604,4.4515106,208.741148412,0,0,0.223694,342.3, 0.2, -2.6,,,0,0,1024,1024,364,1024,0,0,-100,0,358.9,0,0.1,35,3.441,3.438,0,0,0,0,5.153,113.72,-3.753055894376,0,33,Confirm_Landing,
397200,2026-05-22 09:09:09,51.9888668411058,4.38999320538562,0,,,-3.753055894376,0,0,23.79675273,480.5938474,26,5,6.877,6.417548105624,10.170604,4.4515106,208.741148412,0,0,0,342, 0.5, -0.1,,,0,0,1024,1024,364,1024,0,0,-100,0,358.9,0,0.5,35,3.44,3.437,0,0,0,0,5.098,113.72,-3.753055894376,0,33,Confirm_Landing,
397300,2026-05-22 09:09:09,51.9888668288422,4.38999320600469,0,,,-3.753055894376,0,0,23.79265168,480.60040908,26,5,6.877,6.417548105624,10.170604,4.4515106,208.741148412,0,0,0,342, 0.6, -0.8,,,0,0,1024,1024,364,1024,0,0,-100,0,358.9,0,-1,35,3.44,3.437,0,0,0,0,5.098,113.72,-3.753055894376,0,33,Confirm_Landing,
397400,2026-05-22 09:09:09,51.9888666614014,4.38999323378256,0,,,-3.753055894376,0,0,23.7347120456,480.6594642,27,5,6.877,6.417548105624,10.170604,4.4515106,208.741148412,0,0,0,342.1, 0, -2,,,0,0,1024,1024,364,1024,0,0,-100,0,359.1,0,-0.8,35,3.44,3.437,0,0,0,0,5.098,113.72,-3.753055894376,0,33,Confirm_Landing,
397500,2026-05-22 09:09:09,51.9888666335031,4.38999326149087,0,,,-3.753055894376,0,0,23.7228354048,480.67258756,27,5,6.877,6.417548105624,10.170604,4.4515106,208.741148412,0,0,0,342.3, -0.1, -1.4,,,0,0,1024,1024,364,1024,0,0,-100,0,359.3,0,-0.4,35,3.44,3.437,0,0,0,0,5.098,113.72,-3.753055894376,0,33,Confirm_Landing,
397600,2026-05-22 09:09:09,51.9888668520372,4.38999315014289,0,,,-3.753055894376,0,0,23.8056438064,480.75460856,28,5,6.877,6.417548105624,10.170604,4.4515106,208.741148412,0,0,0,342.4, 0, -1.3,,,0,0,1024,1024,364,1024,0,0,-100,0,359.1,0,-0.7,35,3.44,3.437,0,0,0,0,5.098,113.72,-3.753055894376,0,33,Confirm_Landing,
397700,2026-05-22 09:09:09,51.988866840686,4.38999316695151,0,,,-3.753055894376,0,0,23.8002960372,480.76117024,28,5,6.877,6.417548105624,10.170604,4.4515106,208.741148412,0,0,0,342.2, 0, -1.7,,,0,0,1024,1024,364,1024,0,0,-100,0,359,0,-1.1,35,3.44,3.437,0,0,0,0,5.098,113.72,-3.753055894376,0,33,Confirm_Landing,
397800,2026-05-22 09:09:09,51.9888667703557,4.38999302800303,0,,,-3.753055894376,0,0,23.7903879004,480.80382116,28,5,6.877,6.417548105624,10.170604,4.4515106,208.741148412,0,0,0,342.1, -0.3, -1.8,,,0,0,1024,1024,364,1024,0,0,-100,0,358.9,0,-0.8,35,3.44,3.437,0,0,0,0,5.098,113.72,-3.753055894376,0,33,Confirm_Landing,
397900,2026-05-22 09:09:09,51.9888667579422,4.3899930391114,0,,,-3.753055894376,0,0,23.7852369816,480.807102,28,5,6.877,6.417548105624,10.170604,4.4515106,208.741148412,0,0,0,342.1, -0.4, -1.6,,,0,0,1024,1024,364,1024,0,0,-100,0,359,0,-0.4,35,3.44,3.437,0,0,0,0,5.098,113.72,-3.753055894376,0,33,Confirm_Landing,
398000,2026-05-22 09:09:09,51.9888665350647,4.38999294951759,0,,,-3.753055894376,0,0,23.7203747748,480.89240384,27,5,6.877,6.417548105624,10.170604,4.4515106,208.741148412,0,0,0,342.1, -0.4, -1,,,0,0,1024,1024,364,1024,0,0,-100,0,359.1,0,0,35,3.44,3.437,0,0,0,0,5.098,113.72,-3.753055894376,0,33,Confirm_Landing,
398100,2026-05-22 09:09:09,51.9888665897132,4.38999289011879,0,,,-3.753055894376,0,0,23.7441280564,480.91536972,27,5,6.877,6.417548105624,10.170604,4.4515106,208.741148412,0,0,0,342.2, 0.3, -0.7,,,0,0,1024,1024,364,1024,0,0,-100,0,359.1,0,1,35,3.44,3.437,0,0,0,0,5.098,113.72,-3.753055894376,0,33,Confirm_Landing,
398200,2026-05-22 09:09:10,51.9888664582706,4.38999282521797,0,,,-3.753055894376,0,0,23.7070873728,480.96458232,27,5,6.95,6.417548105624,10.170604,4.4515106,208.741148412,0,0,0,342.3, 0.4, 0.6,,,0,0,1024,1024,364,1024,0,0,-100,0,359.1,0,1.8,35,3.478,3.472,0,0,0,0,2.435,113.72,-3.753055894376,0,33,Confirm_Landing,
398300,2026-05-22 09:09:10,51.9888664353626,4.38999281317058,0,,,-3.753055894376,0,0,23.7007225432,480.97442484,27,5,6.95,6.417548105624,10.170604,4.4515106,208.741148412,0,0,0,342.3, 0.5, 1.1,,,0,0,1024,1024,364,1024,0,0,-100,0,359.1,0,2.5,35,3.478,3.472,0,0,0,0,2.435,113.72,-3.753055894376,0,33,Confirm_Landing,
398400,2026-05-22 09:09:10,51.988866259843,4.38999267411428,0,,,-3.753055894376,0,0,23.6564640116,481.04660332,26,5,6.95,6.417548105624,10.170604,4.4515106,208.741148412,0,0,0,342.3, 0.8, 1.9,,,0,0,1024,1024,364,1024,0,0,-100,0,359,0,3.8,35,3.478,3.472,0,0,0,0,2.435,113.72,-3.753055894376,0,33,Confirm_Landing,
398500,2026-05-22 09:09:10,51.9888662410172,4.38999273021953,0,,,-3.753055894376,0,0,23.6448170296,481.05972668,26,5,6.95,6.417548105624,10.170604,4.4515106,208.741148412,0,0,0,342.2, 1.2, 3.3,,,0,0,1024,1024,364,1024,0,0,-100,0,358.8,0,4.9,35,3.478,3.472,0,0,0,0,2.435,113.72,-3.753055894376,0,33,Confirm_Landing,
398600,2026-05-22 09:09:10,51.9888662537734,4.38999290886807,0,,,-3.753055894376,0,0,23.6316608612,481.09909676,25,5,6.95,6.417548105624,10.170604,4.4515106,208.741148412,0,0,0,342, 1.5, 4.3,,,0,0,1024,1024,364,1024,0,0,-100,0,358.8,0,5.4,35,3.478,3.472,0,0,0,0,2.435,113.72,-3.753055894376,0,33,Confirm_Landing,
398700,2026-05-22 09:09:10,51.988866238113,4.38999291544823,0,,,-3.753055894376,0,0,23.6258865828,481.10565844,25,5,6.95,6.417548105624,10.170604,4.4515106,208.741148412,0,0,0,342.1, 1.9, 4.6,,,0,0,1024,1024,364,1024,0,0,-100,0,358.8,0,5.8,35,3.478,3.472,0,0,0,0,2.435,113.72,-3.753055894376,0,33,Confirm_Landing,
398800,2026-05-22 09:09:10,51.9888662710786,4.38999311407374,0,,,-3.753055894376,0,0,23.6175204408,481.1515902,24,5,6.95,6.417548105624,10.170604,4.4515106,208.741148412,0,0,0,342.1, 2.1, 5,,,0,0,1024,1024,364,1024,0,0,-100,0,358.8,0,5.9,35,3.478,3.472,0,0,0,0,2.435,113.72,-3.753055894376,0,33,Confirm_Landing,
398900,2026-05-22 09:09:10,51.9888662703761,4.38999311889409,0,,,-3.753055894376,0,0,23.6168314644,481.15487104,24,5,6.95,6.417548105624,10.170604,4.4515106,208.741148412,0,0,0,342.1, 2.3, 5.1,,,0,0,1024,1024,364,1024,0,0,-100,0,358.8,0,6,35,3.478,3.472,0,0,0,0,2.435,113.72,-3.753055894376,0,33,Confirm_Landing,
399000,2026-05-22 09:09:10,51.9888662936139,4.38999318723454,0,,,-3.753055894376,0,0,23.6178813332,481.17127524,24,5,6.95,6.417548105624,10.170604,4.4515106,208.741148412,0,0,0,342.1, 2.3, 5.1,,,0,0,1024,1024,364,1024,0,0,-100,0,358.8,0,6,35,3.478,3.472,0,0,0,0,2.435,113.72,-3.753055894376,0,33,Confirm_Landing,
399100,2026-05-22 09:09:10,51.9888662913266,4.38999315730038,0,,,-3.753055894376,0,0,23.6200138792,481.17783692,24,5,6.95,6.417548105624,10.170604,4.4515106,208.741148412,0,0,0,342.2, 2.4, 5.1,,,0,0,1024,1024,364,1024,0,0,-100,0,358.7,0,6,35,3.478,3.472,0,0,0,0,2.435,113.72,-3.753055894376,0,33,Confirm_Landing,
399200,2026-05-22 09:09:10,51.9888661936377,4.38999334665385,0,,,-3.753055894376,0,0,23.5695873684,481.2336112,24,5,6.95,6.417548105624,10.170604,4.4515106,208.741148412,0,0,0,342.1, 2.6, 5.1,,,0,0,1024,1024,364,1024,0,0,-100,0,358.7,0,6,35,3.478,3.472,0,0,0,0,2.435,113.72,-3.753055894376,0,33,Confirm_Landing,
