time(millisecond),datetime(utc),latitude,longitude,height_above_takeoff(feet),height_above_ground_at_drone_location(feet),ground_elevation_at_drone_location(feet),altitude_above_seaLevel(feet),height_sonar(feet),speed(mph),distance(feet),mileage(feet),satellites,gpslevel,voltage(v),max_altitude(feet),max_ascent(feet),max_speed(mph),max_distance(feet), xSpeed(mph), ySpeed(mph), zSpeed(mph), compass_heading(degrees), pitch(degrees), roll(degrees),wind_speed(mph),wind_direction(degrees),isPhoto,isVideo,rc_elevator,rc_aileron,rc_throttle,rc_rudder,rc_elevator(percent),rc_aileron(percent),rc_throttle(percent),rc_rudder(percent),gimbal_heading(degrees),gimbal_pitch(degrees),gimbal_roll(degrees),battery_percent,voltageCell1,voltageCell2,voltageCell3,voltageCell4,voltageCell5,voltageCell6,current(A),battery_temperature(f),altitude(feet),ascent(feet),flycStateRaw,flycState,message
95100,2026-05-22 08:27:25,51.9888036870243,4.39001464406361,0,Available with any HD 360 subscription,Available with any HD 360 subscription,-3.774370527604,0,0,0,0,24,5,0,0,0,0,0,0,0,0,166.1, 2.2, 2.8,Available with Enterprise subscription,,0,0,1024,1024,1024,1024,0,0,0,0,160,0,0,91,4.052,4.05,4.053,0,0,0,0,81.86,-3.774370527604,0,41,Motors_Started,"Flying over vegetation."
95200,2026-05-22 08:27:25,51.9888036893995,4.39001465472428,0,,,-3.774370527604,0,0,0.00254718512088,0.00254718512088,23,5,0,0,0,0,0.00254718512088,0,0,0,166.1, 2.2, 2.8,,,0,0,364,364,364,1684,-100,-100,-100,100,160,0,0,91,4.052,4.05,4.053,0,0,0,0,81.86,-3.774370527604,0,41,Motors_Started,
95300,2026-05-22 08:27:25,51.9888036881251,4.39001464435402,0,,,-3.774370527604,0,0,0.00040691602352,0.0049230972704,23,5,0,0,0,0,0.00254718512088,0,0,0,166.1, 2.2, 2.8,,,0,0,364,364,364,1684,-100,-100,-100,100,160,0,0,91,4.052,4.05,4.053,0,0,0,0,81.86,-3.774370527604,0,41,Motors_Started,
95400,2026-05-22 08:27:25,51.9888036907349,4.39001465508728,0,,,-3.774370527604,0,0,0.00282264444728,0.0075158138888,23,5,0,0,0,0,0.00282264444728,0,0,0,166.1, 2.2, 2.8,,,0,0,364,364,364,1684,-100,-100,-100,100,160,0,0,91,4.052,4.05,4.053,0,0,0,0,81.86,-3.774370527604,0,41,Motors_Started,
95500,2026-05-22 08:27:25,51.9888036889958,4.39001464326891,0,,,-3.774370527604,0,0,0.0007411253518,0.0102459320864,23,5,0,0,0,0,0.00282264444728,0,0,0,166.1, 2.2, 2.8,,,0,0,364,364,364,1684,-100,-100,-100,100,160,0,0,91,4.052,4.05,4.053,0,0,0,0,81.86,-3.774370527604,0,41,Motors_Started,"Setting new Return-To-Home altitude to 97m (318 ft). Data Recorder File Index is 21. Setting new Maximum Flight Altitude to 285m (935 ft)"
95600,2026-05-22 08:27:25,51.9888036914384,4.39001465417651,0,,,-3.774370527604,0,0,2.78878617848,0.012853674952,23,5,0,0,0,0,2.78878617848,0,0,0,166.1, 2.2, 2.8,,,0,0,364,364,364,1684,-100,-100,-100,100,160,0,0,91,4.052,4.05,4.053,0,0,0,0,81.86,-3.774370527604,0,41,Motors_Started,
95700,2026-05-22 08:27:26,51.988803688682,4.39001464343585,0,,,-3.774370527604,0,0,2.79116478748,0.0154680451144,23,5,0,0,0,0,2.79116478748,0,0,0,166.1, 2.2, 2.8,,,0,0,1024,1024,1024,1024,0,0,0,0,160,0,0,91,4.052,4.05,4.053,0,0,0,0,81.86,-3.774370527604,0,41,Motors_Started,
95800,2026-05-22 08:27:26,51.9888036907981,4.3900146543904,0,,,-3.774370527604,0,0,2.7887304042,0.018047572756,23,5,0,0,0,0,2.79116478748,0,0,0,166.1, 2.2, 2.8,,,0,0,1024,1024,1024,1024,0,0,0,0,160,0,0,91,4.052,4.05,4.053,0,0,0,0,81.86,-3.774370527604,0,41,Motors_Started,
95900,2026-05-22 08:27:26,51.9888036880652,4.39001464394841,0,,,-3.774370527604,0,0,2.79104011556,0.0205967526276,23,5,0,0,0,0,2.79116478748,0,0,0,166.1, 2.2, 2.8,,,0,0,1024,1024,1024,1024,0,0,0,0,160,0,0,91,4.052,4.05,4.053,0,0,0,0,81.86,-3.774370527604,0,41,Motors_Started,
96000,2026-05-22 08:27:26,51.9888036902851,4.39001465566027,0,,,-3.774370527604,0,0,2.78843840944,0.0233500007472,23,5,0,0,0,0,2.79116478748,0,0,0,166.1, 2.2, 2.8,,,0,0,1024,1024,1024,1024,0,0,0,0,160,0,0,91,4.052,4.05,4.053,0,0,0,0,81.86,-3.774370527604,0,41,Motors_Started,
96100,2026-05-22 08:27:26,51.988803688395,4.39001464555129,0,,,-3.774370527604,0,0,2.79068578484,0.0257236556788,23,5,0,0,0,0,2.79116478748,0,0,0,166.1, 2.2, 2.8,,,0,0,1024,1024,1024,1024,0,0,0,0,160,0,0,91,4.052,4.05,4.053,0,0,0,0,81.86,-3.774370527604,0,41,Motors_Started,
96200,2026-05-22 08:27:26,51.9888036902091,4.39001465784484,0,,,-3.774370527604,0,0,2.78794628344,0.028563977292,23,5,0,0,0,0,2.79116478748,0,0,0,166.2, 2.2, 2.7,,,0,0,1024,1024,1024,1024,0,0,0,0,160,0,0,91,4.052,4.05,4.053,0,0,0,0,81.86,-3.774370527604,0,41,Motors_Started,
96300,2026-05-22 08:27:26,51.9888036879249,4.39001464674422,0,,,-3.774370527604,0,0,2.79041347512,0.0311936033604,23,5,12.153,0,0,0,2.79116478748,0,0,0,166.1, 2.1, 2.7,,,0,0,1024,1024,1024,1024,0,0,0,0,160,0,0,91,4.029,4.027,4.03,0,0,0,1.591,81.86,-3.774370527604,0,41,Motors_Started,
96400,2026-05-22 08:27:26,51.9888036897025,4.39001465926469,0,,,-3.774370527604,0,0,2.78762148028,0.034080381668,24,5,12.153,0,0,0,2.79116478748,0,0,0,166.2, 2.1, 2.7,,,0,0,1024,1024,1024,1024,0,0,0,0,160,0,0,91,4.029,4.027,4.03,0,0,0,1.591,81.86,-3.774370527604,0,41,Motors_Started,
96500,2026-05-22 08:27:26,51.9888036880802,4.39001448675122,0,,,-3.774370527604,0,0,2.82634195396,0.072845474772,24,5,12.153,0,0,0,2.82634195396,0,0,0,166.1, 2.2, 2.8,,,0,0,1024,1024,1024,1024,0,0,0,0,160,0,0,91,4.029,4.027,4.03,0,0,0,1.591,81.86,-3.774370527604,0,41,Motors_Started,
96600,2026-05-22 08:27:26,51.9888036901363,4.39001448376108,0,,,-3.774370527604,0,0,2.82703749204,0.073852364568,24,5,12.153,0,0,0,2.82703749204,0,0,0,166.1, 2.2, 2.7,,,0,0,1024,1024,1024,1024,0,0,0,0,160,0,0,91,4.029,4.027,4.03,0,0,0,1.591,81.86,-3.774370527604,0,10,Assisted_Takeoff,
96700,2026-05-22 08:27:27,51.9888036887912,4.39001449337012,0,,,-3.774370527604,0,0,2.82486229512,0.0760662754,24,5,12.153,0,0,0,2.82703749204,0,0,0,166.1, 2.2, 2.8,,,0,0,1024,1024,1024,1024,0,0,0,0,160,0,0,91,4.029,4.027,4.03,0,0,0,1.591,81.86,-3.774370527604,0,10,Assisted_Takeoff,
96800,2026-05-22 08:27:27,51.9888036909244,4.39001449260193,0,,,-3.774370527604,0,0,2.82506242636,0.07686351952,24,5,12.153,0,0,0,2.82703749204,0,0,0,166.1, 2.2, 2.8,,,0,0,1024,1024,1024,1024,0,0,0,0,160,0,0,91,4.029,4.027,4.03,0,0,0,1.591,81.86,-3.774370527604,0,10,Assisted_Takeoff,
96900,2026-05-22 08:27:27,51.9888038501743,4.39001466216136,0,,,-3.774370527604,0,0,2.78956045672,0.1463418682,24,5,12.153,0,0,0,2.82703749204,0,0,0,166.1, 2.2, 2.8,,,0,0,1024,1024,1024,1024,0,0,0,0,160,0,0,91,4.029,4.027,4.03,0,0,0,1.591,81.86,-3.774370527604,0,10,Assisted_Takeoff,
97000,2026-05-22 08:27:27,51.98880386803,4.39001468025823,0,,,-3.774370527604,0,0,2.78586623088,0.154021330388,24,5,12.153,0,0,0,2.82703749204,0,0,0,166.1, 2.2, 2.8,,,0,0,1024,1024,1024,1024,0,0,0,0,160,0,0,91,4.029,4.027,4.03,0,0,0,1.591,81.86,-3.774370527604,0,10,Assisted_Takeoff,
97100,2026-05-22 08:27:27,51.9888038439161,4.39001450781431,0,,,-3.774370527604,0,0,2.824065051,0.193752302788,24,5,12.153,0,0,0,2.82703749204,0,0,0,166.1, 2.2, 2.8,,,0,0,1024,1024,1024,1024,0,0,0,0,160,0,0,91,4.029,4.027,4.03,0,0,0,1.591,81.86,-3.774370527604,0,10,Assisted_Takeoff,
97200,2026-05-22 08:27:27,51.9888038600317,4.39001451182521,0,,,-3.774370527604,0,0,2.82348434232,0.199700465708,24,5,12.153,0,0,0,2.82703749204,0,0,0,166.1, 2.2, 2.8,,,0,0,1024,1024,1024,1024,0,0,0,0,160,0,0,91,4.029,4.027,4.03,0,0,0,1.591,81.86,-3.774370527604,0,10,Assisted_Takeoff,
97300,2026-05-22 08:27:27,51.9888038376461,4.3900146785471,0,,,-3.774370527604,0,0,2.78563985292,0.23803970578,24,5,12.061,0,0,0,2.82703749204,0,0,0,166.1, 2.2, 2.8,,,0,0,1024,1024,1024,1024,0,0,0,0,160,0,0,91,4.02,4.017,4.025,0,0,0,3.638,82.04,-3.774370527604,0,10,Assisted_Takeoff,
97400,2026-05-22 08:27:27,51.9888038514775,4.39001469708175,0,,,-3.774370527604,0,0,2.78175205752,0.244582356908,24,5,12.061,0,0,0,2.82703749204,0,0,0,166.1, 2.2, 2.8,,,0,0,1024,1024,1024,1024,0,0,0,0,160,0,0,91,4.02,4.017,4.025,0,0,0,3.638,82.04,-3.774370527604,0,10,Assisted_Takeoff,
97500,2026-05-22 08:27:27,51.9888038285801,4.39001466949323,0,,,-3.774370527604,0,0,2.78749680836,0.254984916296,24,5,12.061,0,0,0,2.82703749204,0,0,0,166.1, 2.2, 2.8,,,0,0,1024,1024,1024,1024,0,0,0,0,160,0,0,91,4.02,4.017,4.025,0,0,0,3.638,82.04,-3.774370527604,0,10,Assisted_Takeoff,
97600,2026-05-22 08:27:27,51.9888038396957,4.39001468462127,0,,,-3.774370527604,0,0,2.7843176744,0.260276583132,24,5,12.061,0,0,0,2.82703749204,0,0,0,166.1, 2.2, 2.8,,,0,0,1024,1024,1024,1024,0,0,0,0,160,0,0,91,4.02,4.017,4.025,0,0,0,3.638,82.04,-3.774370527604,0,10,Assisted_Takeoff,
97700,2026-05-22 08:27:28,51.9888038178349,4.39001465607371,0,,,-3.774370527604,0,0,2.79030848824,0.270511491596,24,5,12.061,0,0,0,2.82703749204,0,0,0,166.1, 2.2, 2.8,,,0,0,1024,1024,1024,1024,0,0,0,0,160,0,0,91,4.02,4.017,4.025,0,0,0,3.638,82.04,-3.774370527604,0,10,Assisted_Takeoff,
97800,2026-05-22 08:27:28,51.9888038266578,4.39001467017577,0,,,-3.774370527604,0,0,2.78730651964,0.275028552108,24,5,12.061,0,0,0,2.82703749204,0,0,0,166.1, 2.2, 2.8,,,0,0,1024,1024,1024,1024,0,0,0,0,160,0,0,91,4.02,4.017,4.025,0,0,0,3.638,82.04,-3.774370527604,0,10,Assisted_Takeoff,
97900,2026-05-22 08:27:28,51.9888038098301,4.39001465129332,0,,,-3.774370527604,0,0,2.79123368512,0.282491150772,24,5,12.061,0,0,0,2.82703749204,0,0,0,166.1, 2.2, 2.8,,,0,0,1024,1024,1024,1024,0,0,0,0,160,0,0,91,4.02,4.017,4.025,0,0,0,3.638,82.04,-3.774370527604,0,10,Assisted_Takeoff,
98000,2026-05-22 08:27:28,51.9888038168775,4.39001466604488,0,,,-3.774370527604,0,0,2.78805127032,0.286686032796,24,5,12.061,0,0,0,2.82703749204,0,0,0,166.1, 2.2, 2.8,,,0,0,1024,1024,1024,1024,0,0,0,0,160,0,0,91,4.02,4.017,4.025,0,0,0,3.638,82.04,-3.774370527604,0,10,Assisted_Takeoff,
98100,2026-05-22 08:27:28,51.9888038044404,4.39001465450518,0,,,-3.774370527604,0,0,2.79041675596,0.291912082832,24,5,12.061,0,0,0,2.82703749204,0,0,0,166.1, 2.2, 2.7,,,0,0,1024,1024,1024,1024,0,0,0,0,160,0,0,91,4.02,4.017,4.025,0,0,0,3.638,82.04,-3.774370527604,0,10,Assisted_Takeoff,
98200,2026-05-22 08:27:28,51.9888038106547,4.39001467039923,0,,,-3.774370527604,0,0,2.78696203144,0.296142069844,24,5,12.061,0,0,0,2.82703749204,0,0,0,166.1, 2.2, 2.8,,,0,0,1024,1024,1024,1024,0,0,0,0,160,0,0,91,4.02,4.017,4.025,0,0,0,3.638,82.04,-3.774370527604,0,10,Assisted_Takeoff,
98300,2026-05-22 08:27:28,51.9888038009086,4.39001465704492,0,,,-3.774370527604,0,0,2.78978355384,0.300794957132,24,5,12.13,0,0,0,2.82703749204,0,0,0,166.1, 2.2, 2.8,,,0,0,1024,1024,1024,1024,0,0,0,0,160,0,0,91,4.043,4.042,4.045,0,0,0,2.553,82.04,-3.774370527604,0,10,Assisted_Takeoff,
98400,2026-05-22 08:27:28,51.9888038064622,4.39001467209297,0,,,-3.774370527604,0,0,2.78650599468,0.304736558308,24,5,12.13,0,0,0,2.82703749204,0,0,0,166.1, 2.2, 2.8,,,0,0,1024,1024,1024,1024,0,0,0,0,160,0,0,91,4.043,4.042,4.045,0,0,0,2.553,82.04,-3.774370527604,0,10,Assisted_Takeoff,
98500,2026-05-22 08:27:28,51.9888039592258,4.39001465523206,0,,,-3.774370527604,0,0,2.79357292404,0.36060040524,24,5,12.13,0,0,0,2.82703749204,0,0,0,166.1, 2.2, 2.8,,,0,0,1024,1024,1024,1024,0,0,0,0,160,0,0,91,4.043,4.042,4.045,0,0,0,2.553,82.04,-3.774370527604,0,10,Assisted_Takeoff,
98600,2026-05-22 08:27:28,51.9888039784533,4.39001466793643,0,,,-3.774370527604,0,0,2.79121728092,0.3681758648,24,5,12.13,0,0,0,2.82703749204,0,0,0,166.1, 2.2, 2.8,,,0,0,1024,1024,1024,1024,0,0,0,0,160,0,0,91,4.043,4.042,4.045,0,0,0,2.553,82.04,-3.774370527604,0,10,Assisted_Takeoff,
98700,2026-05-22 08:27:28,51.9888039475275,4.39001464621862,0,,,-3.774370527604,0,0,2.79530520756,0.38046917228,24,5,12.13,0,0,0,2.82703749204,0,0,0,166.1, 2.2, 2.8,,,0,0,1024,1024,1024,1024,0,0,0,0,160,0,0,91,4.043,4.042,4.045,0,0,0,2.553,82.04,-3.774370527604,0,10,Assisted_Takeoff,
98800,2026-05-22 08:27:29,51.9888039637267,4.39001465563593,0,,,-3.774370527604,0,0,2.79359588992,0.3867454192,24,5,12.13,0,0,0,2.82703749204,0,0,0,166.1, 2.2, 2.8,,,0,0,1024,1024,1080,1024,0,0,8,0,160,0,0,91,4.043,4.042,4.045,0,0,0,2.553,82.04,-3.774370527604,0,10,Assisted_Takeoff,
98900,2026-05-22 08:27:29,51.9888039356569,4.39001479336248,0,,,-3.774370527604,0,0,2.76202764744,0.4193405646,24,5,12.13,0,0,0,2.82703749204,0,0,0,166.1, 2.2, 2.8,,,0,0,1024,1024,1346,1024,0,0,49,0,160,0,0,91,4.043,4.042,4.045,0,0,0,2.553,82.04,-3.774370527604,0,10,Assisted_Takeoff,
99000,2026-05-22 08:27:29,51.9888039496232,4.39001481484031,0,,,-3.774370527604,0,0,2.75755586252,0.42635828136,24,5,12.13,0,0,0,2.82703749204,0,0,0,166.1, 2.2, 2.8,,,0,0,1024,1024,1451,1024,0,0,65,0,160,0,0,91,4.043,4.042,4.045,0,0,0,2.553,82.04,-3.774370527604,0,10,Assisted_Takeoff,
99100,2026-05-22 08:27:29,51.9888039267772,4.39001477719063,0,,,-3.774370527604,0,0,2.76543972104,0.43823492216,24,5,12.13,0,0,0,2.82703749204,0,0,0,166.1, 2.1, 2.7,,,0,0,1024,1024,1684,1024,0,0,100,0,160,0,0,91,4.043,4.042,4.045,0,0,0,2.553,82.04,-3.774370527604,0,10,Assisted_Takeoff,
99200,2026-05-22 08:27:29,51.9888039371111,4.39001479550922,0,,,-3.774370527604,0,0,2.7615814532,0.443815631,24,5,12.13,0,0,0,2.82703749204,0,0,0,166.1, 2, 2.7,,,0,0,1024,1024,1684,1024,0,0,100,0,160,0,0,91,4.043,4.042,4.045,0,0,0,2.553,82.04,-3.774370527604,0,10,Assisted_Takeoff,
99300,2026-05-22 08:27:29,51.9888039152235,4.39001476473015,0,,,-3.774370527604,0,0,2.767962687,0.4543799358,24,5,12.13,0,0,0,2.82703749204,0,0,0,166.1, 1.7, 2.7,,,0,0,1024,1024,1684,1024,0,0,100,0,160,0,0,91,4.043,4.041,4.045,0,0,0,1.852,82.22,-3.774370527604,0,10,Assisted_Takeoff,
99400,2026-05-22 08:27:29,51.9888039187135,4.39001477783188,0,,,-3.774370527604,0,0,2.76510507536,0.45758531648,24,5,12.13,0,0,0,2.82703749204,0,0,0,166.1, 0.8, 2.1,,,0,0,1024,1024,1684,1024,0,0,100,0,160,0,0,91,4.043,4.041,4.045,0,0,0,1.852,82.22,-3.774370527604,0,10,Assisted_Takeoff,
99500,2026-05-22 08:27:29,51.988804053995,4.39001490533944,0,,,-3.774370527604,0,0,2.74016412968,0.51465552828,24,5,12.13,0,0,0,2.82703749204,0,0,0,166, -0.4, -0.1,,,0,0,1024,1024,1684,1024,0,0,100,0,160,0,0,91,4.043,4.041,4.045,0,0,0,1.852,82.22,-3.774370527604,0,10,Assisted_Takeoff,"Home Point updated. RTH altitude adjusted to 97m (Code: 30213)"
99600,2026-05-22 08:27:29,51.9888040715338,4.39001495123832,0,,,-3.774370527604,0,0,2.73042659656,0.52679135544,24,5,12.13,0,0,0,2.82703749204,0,0,-0.447388,165.9, -0.9, -2,,,0,0,1024,1024,1684,1024,0,0,100,0,160,0,0,91,4.043,4.041,4.045,0,0,0,1.852,82.22,-3.774370527604,0,38,Tripod,
99700,2026-05-22 08:27:29,51.9888040463843,4.39001498845025,0,,,-3.774370527604,0,0,2.7213255464,0.539206054,24,5,12.13,0,0,0,2.82703749204,0,0,-0.894776,165.6, 0.1, -1,,,0,0,1024,1024,1684,1024,0,0,100,0,160,0,0,91,4.043,4.041,4.045,0,0,0,1.852,82.22,-3.774370527604,0,38,Tripod,
99800,2026-05-22 08:27:30,51.9888040973151,4.39001514087099,0.328084,,,-3.446286527604,0,0.223694,2.68880914116,0.57816930984,24,5,12.13,0,0.328084,0.223694,2.82703749204,0,0.223694,-1.342164,165.7, -0.1, 0.7,,,0,0,1024,1024,1684,1024,0,0,100,0,160,0,0,91,4.043,4.041,4.045,0,0,0,1.852,82.22,-3.446286527604,0.328084,38,Tripod,
99900,2026-05-22 08:27:30,51.9888041378767,4.39001522937031,0.328084,,,-3.446286527604,0,0,2.67039378624,0.60295605604,24,5,12.13,0,0.328084,0.223694,2.82703749204,0,0,-1.565858,165.9, 0, 1.4,,,0,0,1024,1024,1684,1024,0,0,100,0,160,0,0,91,4.043,4.041,4.045,0,0,0,1.852,82.22,-3.446286527604,0.328084,38,Tripod,
100000,2026-05-22 08:27:30,51.9888042116611,4.39001534335749,0.656168,,,-3.118202527604,0,0,2.64766084588,0.64011156904,24,5,12.13,0,0.656168,0.223694,2.82703749204,0,0,-1.789552,166, -0.1, 1.3,,,0,0,1024,1024,1644,1024,0,0,94,0,160,0,0,91,4.043,4.041,4.045,0,0,0,1.852,82.22,-3.118202527604,0.656168,38,Tripod,
100100,2026-05-22 08:27:30,51.9888042545925,4.39001536275421,0.984252,,,-2.790118527604,0.984252,0.223694,2.64505913976,0.65637141208,24,5,12.13,0,0.984252,0.223694,2.82703749204,0.223694,0,-2.013246,166, -0.7, 1.1,,,0,0,1024,1024,1024,1024,0,0,0,0,160,0,0,91,4.043,4.041,4.045,0,0,0,1.852,82.22,-2.790118527604,0.984252,38,Tripod,
100200,2026-05-22 08:27:30,51.9888043676624,4.39001539654122,1.312336,,,-2.462034527604,1.312336,0.223694,2.64252961212,0.69831695148,24,5,12.13,0,1.312336,0.223694,2.82703749204,0.223694,0,-2.23694,165.9, -1.7, 0.8,,,0,0,1024,1024,1024,1024,0,0,0,0,160,0,0,91,4.043,4.041,4.045,0,0,0,1.852,82.22,-2.462034527604,1.312336,38,Tripod,
100300,2026-05-22 08:27:30,51.9888045026104,4.39001545543918,1.64042,,,-2.133950527604,1.64042,0.223694,2.6362533652,0.74929792424,24,5,12.13,0,1.64042,0.223694,2.82703749204,0.223694,0,-2.013246,165.9, -2.4, 0.7,,,0,0,1024,1024,1024,1024,0,0,0,0,160,0,0,91,4.018,4.013,4.013,0,0,0,1.909,82.04,-2.133950527604,1.64042,38,Tripod,
100400,2026-05-22 08:27:30,51.988804636035,4.39001545311506,1.968504,,,-1.805866527604,1.968504,0.223694,2.64441937596,0.797982309,24,5,12.13,0,1.968504,0.223694,2.82703749204,0.223694,0,-1.565858,166, -2.8, 0.6,,,0,0,1024,1024,1024,1024,0,0,0,0,160,0,0,91,4.018,4.013,4.013,0,0,0,1.909,82.04,-1.805866527604,1.968504,38,Tripod,
100500,2026-05-22 08:27:30,51.988804526485,4.3900154541406,2.296588,,,-1.477782527604,1.968504,0.223694,2.63784785344,0.83795278272,24,5,12.13,0,2.296588,0.223694,2.82703749204,0.223694,0,-1.11847,166, -2.7, 0.3,,,0,0,1024,1024,1144,1024,0,0,18,0,160,0,0,91,4.018,4.013,4.013,0,0,0,1.909,82.04,-1.477782527604,2.296588,38,Tripod,
100600,2026-05-22 08:27:30,51.9888046399362,4.39001544758953,2.296588,,,-1.477782527604,2.296588,0.223694,2.6458826306,0.87937010688,24,5,12.13,0,2.296588,0.223694,2.82703749204,0.223694,0,-0.671082,165.9, -3.5, 0.2,,,0,0,1024,1024,1381,979,0,0,54,-7,160,0,0,91,4.018,4.013,4.013,0,0,0,1.909,82.04,-1.477782527604,2.296588,38,Tripod,
100700,2026-05-22 08:27:30,51.9888049117484,4.3900156622718,2.296588,,,-1.477782527604,2.296588,0.223694,2.61698171104,0.9896489818,24,5,12.13,0,2.296588,0.223694,2.82703749204,0.223694,0,-0.447388,166, -4.2, 0.4,,,0,0,1024,1024,1024,1024,0,0,0,0,160,0,0,91,4.018,4.013,4.013,0,0,0,1.909,82.04,-1.477782527604,2.296588,38,Tripod,
100800,2026-05-22 08:27:31,51.9888050059629,4.39001569490113,2.624672,,,-1.149698527604,2.296588,0,2.61713591052,1.02479662072,24,5,12.13,0,2.624672,0.223694,2.82703749204,0,0,-0.223694,165.8, -4.2, 0.6,,,0,0,1024,1024,1024,364,0,0,0,-100,159.9,0,0,91,4.018,4.013,4.013,0,0,0,1.909,82.04,-1.149698527604,2.624672,38,Tripod,
100900,2026-05-22 08:27:31,51.9888049815561,4.39001553004427,2.624672,,,-1.149698527604,2.624672,0,2.65137147592,1.06289045396,24,5,12.13,0,2.624672,0.223694,2.82703749204,0,0,0,165.2, -3.8, 0.7,,,0,0,1024,1024,1024,364,0,0,0,-100,159.4,0,0,91,4.018,4.013,4.013,0,0,0,1.909,82.04,-1.149698527604,2.624672,38,Tripod,
101000,2026-05-22 08:27:31,51.9888050168473,4.39001555593644,2.624672,,,-1.149698527604,2.624672,0,2.64846793252,1.07702103184,24,5,12.13,0,2.624672,0.223694,2.82703749204,0,0,0,164, -3.4, 0.7,,,0,0,1024,1024,1040,364,0,0,2,-100,157.7,0,0,91,4.018,4.013,4.013,0,0,0,1.909,82.04,-1.149698527604,2.624672,38,Tripod,
101100,2026-05-22 08:27:31,51.9888049906606,4.39001557396854,2.624672,,,-1.149698527604,2.624672,0,2.64244431028,1.08739832876,24,5,12.13,0,2.624672,0.223694,2.82703749204,0,0,0,162.4, -2.8, 0.5,,,0,0,1024,1024,1059,364,0,0,5,-100,155.4,0,0,91,4.018,4.013,4.013,0,0,0,1.909,82.04,-1.149698527604,2.624672,38,Tripod,
101200,2026-05-22 08:27:31,51.988804986368,4.39001559692058,2.624672,,,-1.149698527604,2.296588,0,2.63707029436,1.09278874888,24,5,12.13,0,2.624672,0.223694,2.82703749204,0,0,0,160.3, -2.5, 0.8,,,0,0,1024,1024,1086,364,0,0,9,-100,153.1,0,0,91,4.018,4.013,4.013,0,0,0,1.909,82.04,-1.149698527604,2.624672,38,Tripod,
101300,2026-05-22 08:27:31,51.9888050528753,4.39001556160588,2.624672,,,-1.149698527604,2.296588,0,2.65012803756,1.11831696492,24,5,11.927,0,2.624672,0.223694,2.82703749204,0,0,0,157.9, -2.4, 1,,,0,0,1024,1024,1067,364,0,0,7,-100,150.7,0,0,91,3.996,3.993,3.998,0,0,0,6.43,82.22,-1.149698527604,2.624672,38,Tripod,
101400,2026-05-22 08:27:31,51.9888050376699,4.39001557640221,2.624672,,,-1.149698527604,2.296588,0,2.6456529718,1.1247867814,24,5,11.927,0,2.624672,0.223694,2.82703749204,0,0,0,155.6, -2.2, 1.2,,,0,0,1024,1024,1067,364,0,0,7,-100,148.3,0,0,91,3.996,3.993,3.998,0,0,0,6.43,82.22,-1.149698527604,2.624672,38,Tripod,
101500,2026-05-22 08:27:31,51.9888050674836,4.39001548440627,2.624672,,,-1.149698527604,2.296588,0,2.668225151,1.14814308136,24,5,11.927,0,2.624672,0.223694,2.82703749204,0,0,0,153.2, -2.1, 1.1,,,0,0,1024,1024,1024,364,0,0,0,-100,145.9,0,0,91,3.996,3.993,3.998,0,0,0,6.43,82.22,-1.149698527604,2.624672,38,Tripod,
101600,2026-05-22 08:27:31,51.9888050494902,4.39001548256254,2.624672,,,-1.149698527604,2.296588,0,2.66716872052,1.15472116556,24,5,11.927,0,2.624672,0.223694,2.82703749204,0,0,0,150.8, -2.4, 1,,,0,0,1024,1024,1088,364,0,0,10,-100,143.5,0,0,91,3.996,3.993,3.998,0,0,0,6.43,82.22,-1.149698527604,2.624672,38,Tripod,
101700,2026-05-22 08:27:31,51.9888050015225,4.39001537199369,2.296588,,,-1.477782527604,2.296588,0,2.68761819624,1.18510830564,24,5,11.927,0,2.624672,0.223694,2.82703749204,0,0,0,148.3, -2.2, 0.8,,,0,0,1269,1024,1024,364,37,0,0,-100,141.1,0,0,91,3.996,3.993,3.998,0,0,0,6.43,82.22,-1.477782527604,2.296588,38,Tripod,
101800,2026-05-22 08:27:32,51.9888049774069,4.39001536963959,2.296588,,,-1.477782527604,2.296588,0,2.68627633268,1.19392392272,24,5,11.927,0,2.624672,0.223694,2.82703749204,0,0,0,145.9, -2.1, 1.1,,,0,0,1684,1024,1024,364,100,0,0,-100,138.7,0,0,91,3.996,3.993,3.998,0,0,0,6.43,82.22,-1.477782527604,2.296588,38,Tripod,
101900,2026-05-22 08:27:32,51.9888048167735,4.39001530332193,2.296588,,,-1.477782527604,2.296588,0,2.68921924616,1.25439308476,24,5,11.927,0,2.624672,0.223694,2.82703749204,0,0,0,143.6, -3.3, 1.1,,,0,0,1684,1024,1024,364,100,0,0,-100,136.3,0,0,91,3.996,3.993,3.998,0,0,0,6.43,82.22,-1.477782527604,2.296588,38,Tripod,
102000,2026-05-22 08:27:32,51.9888047630182,4.3900153150786,2.296588,,,-1.477782527604,2.296588,0,2.6830053352,1.27418311164,24,5,11.927,0,2.624672,0.223694,2.82703749204,0,0,0,141.1, -9.7, 0.8,,,0,0,1684,1024,1024,364,100,0,0,-100,133.9,0,0,91,3.996,3.993,3.998,0,0,0,6.43,82.22,-1.477782527604,2.296588,38,Tripod,
102100,2026-05-22 08:27:32,51.988804716577,4.39001540450705,2.296588,,,-1.477782527604,2.296588,0.3131716,2.66021005888,1.30046592088,24,5,11.927,0,2.624672,0.3131716,2.82703749204,-0.223694,0.223694,0,138.6, -13.9, 0.3,,,0,0,1684,1024,1024,1095,100,0,0,11,131.5,0,0,91,3.996,3.993,3.998,0,0,0,6.43,82.22,-1.477782527604,2.296588,38,Tripod,
102200,2026-05-22 08:27:32,51.9888044811445,4.39001570419782,2.296588,,,-1.477782527604,2.296588,0.8052984,2.57981963636,1.40960962516,24,5,11.927,0,2.624672,0.8052984,2.82703749204,-0.671082,0.447388,0,136.2, -15.6, -0.5,,,0,0,1684,1024,1024,1024,100,0,0,0,129.1,0,0,91,3.996,3.993,3.998,0,0,0,6.43,82.22,-1.477782527604,2.296588,38,Tripod,
102300,2026-05-22 08:27:32,51.9888040232821,4.39001620753895,2.296588,,,-1.477782527604,2.296588,1.2750558,2.44769692872,1.61134191508,24,5,11.988,0,2.624672,1.2750558,2.82703749204,-0.894776,0.894776,0,134.5, -16.4, 0.2,,,0,0,1684,1024,1024,1024,100,0,0,0,127.4,0,0,91,3.988,3.983,3.987,0,0,0,5.857,82.22,-1.477782527604,2.296588,38,Tripod,
102400,2026-05-22 08:27:32,51.9888035177625,4.39001700804664,2.296588,,,-1.477782527604,2.296588,1.901399,2.25852697516,1.86896003356,24,5,11.988,0,2.624672,1.901399,2.82703749204,-1.342164,1.342164,0,133.3, -16.8, 0.5,,,0,0,1684,1024,1024,688,100,0,0,-51,126.7,0,0,91,3.988,3.983,3.987,0,0,0,5.857,82.22,-1.477782527604,2.296588,38,Tripod,
102500,2026-05-22 08:27:32,51.9888028037221,4.39001798821752,2.296588,,,-1.477782527604,2.296588,2.3711564,2.050935105,2.21008537256,24,5,11.988,0,2.624672,2.3711564,2.82703749204,-1.565858,1.789552,0,132.5, -17.1, -1.6,,,0,0,1684,1024,1387,698,100,0,55,-49,126.3,0,0,91,3.988,3.983,3.987,0,0,0,5.857,82.22,-1.477782527604,2.296588,38,Tripod,
102600,2026-05-22 08:27:32,51.9888020523832,4.39001932374128,2.296588,,,-1.477782527604,2.296588,2.8632832,1.80943575344,2.61651583176,24,5,11.988,0,2.624672,2.8632832,2.82703749204,-1.789552,2.23694,0,131.5, -17.1, 0,,,0,0,1684,1024,1221,1024,100,0,30,0,124.9,0,0,91,3.988,3.983,3.987,0,0,0,5.857,82.22,-1.477782527604,2.296588,38,Tripod,
102700,2026-05-22 08:27:33,51.9888016052478,4.39002048662328,2.296588,,,-1.477782527604,2.296588,3.4896264,1.62017065552,2.924540776,24,5,11.988,0,2.624672,3.4896264,2.82703749204,-2.23694,2.684328,0,130.6, -16.7, 2.1,,,0,0,1684,1024,1536,1024,100,0,78,0,124,0,0,91,3.988,3.983,3.987,0,0,0,5.857,82.22,-1.477782527604,2.296588,38,Tripod,
102800,2026-05-22 08:27:33,51.9888006353839,4.39002228341701,2.296588,,,-1.477782527604,2.296588,3.802798,1.48069886628,3.4613846252,24,5,11.988,0,2.624672,3.802798,2.82703749204,-2.460634,2.908022,0,129.6, -16.5, 1.1,,,0,0,1684,1024,1024,1024,100,0,0,0,123.7,0,0,91,3.988,3.983,3.987,0,0,0,5.857,82.22,-1.477782527604,2.296588,38,Tripod,
102900,2026-05-22 08:27:33,51.9887997359322,4.39002399441593,2.296588,,,-1.477782527604,2.296588,4.4291412,1.51413062588,3.9668308356,24,5,11.988,0,2.624672,4.4291412,2.82703749204,-2.908022,3.35541,-0.447388,129.2, -15.7, 0.7,,,0,0,1684,1024,1024,1024,100,0,0,0,123.7,0,0,91,3.988,3.983,3.987,0,0,0,5.857,82.22,-1.477782527604,2.296588,38,Tripod,
103000,2026-05-22 08:27:33,51.9887985202746,4.39002623958705,2.296588,,,-1.477782527604,2.624672,4.7646822,1.80145346972,4.6385172088,24,5,11.988,0,2.624672,4.7646822,2.82703749204,-3.131716,3.579104,-0.447388,129.2, -16.1, 0.5,,,0,0,1684,1024,1606,436,100,0,88,-89,123.7,0,0,91,3.988,3.983,3.987,0,0,0,5.857,82.22,-1.477782527604,2.296588,38,Tripod,
103100,2026-05-22 08:27:33,51.9887971707223,4.3900281225225,2.624672,,,-1.149698527604,2.624672,5.0778538,2.29685374804,5.2876970196,24,5,11.988,0,2.624672,5.0778538,2.82703749204,-3.35541,3.802798,-0.223694,129.3, -16.1, -2.2,,,0,0,1684,1024,1684,681,100,0,100,-52,123.6,0,0,91,3.988,3.983,3.987,0,0,0,5.857,82.22,-1.149698527604,2.624672,38,Tripod,
103200,2026-05-22 08:27:33,51.9887957986153,4.3900307405713,2.624672,,,-1.149698527604,2.624672,5.59235,2.9052330326,6.0601051808,24,5,11.988,0,2.624672,5.59235,2.9052330326,-3.35541,4.47388,-0.447388,129, -14.5, -7.7,,,0,0,1684,1024,1684,681,100,0,100,-52,122.6,0,0,91,3.988,3.983,3.987,0,0,0,5.857,82.22,-1.149698527604,2.624672,38,Tripod,
103300,2026-05-22 08:27:33,51.9887945707691,4.3900335410259,2.624672,,,-1.149698527604,2.952756,5.9502604,3.5458662552,6.8324805336,24,5,11.955,0,2.624672,5.9502604,3.5458662552,-3.35541,4.921268,-1.11847,127.8, -12.8, -1,,,0,0,1684,1024,1024,1024,100,0,0,0,120.8,0,0,91,3.979,3.975,3.98,0,0,0,6.444,82.22,-1.149698527604,2.624672,38,Tripod,
103400,2026-05-22 08:27:33,51.9887931968811,4.3900368163449,2.952756,,,-0.821614527604,2.952756,6.263432,4.3301838656,7.7229005096,24,5,11.955,0,2.952756,6.263432,4.3301838656,-3.579104,5.144962,-1.11847,126.8, -14, 4.1,,,0,0,1684,1024,1024,1024,100,0,0,0,119.9,0,0,91,3.979,3.975,3.98,0,0,0,6.444,82.22,-0.821614527604,2.952756,38,Tripod,
103500,2026-05-22 08:27:33,51.9887916972682,4.39004018645094,2.952756,,,-0.821614527604,3.28084,6.5766036,5.198983106,8.6570868912,24,5,11.955,0,2.952756,6.5766036,5.198983106,-3.802798,5.368656,-0.447388,125.5, -14.7, 2.1,,,0,0,1684,1024,1024,1024,100,0,0,0,119.7,0,0,91,3.979,3.975,3.98,0,0,0,6.444,82.22,-0.821614527604,2.952756,38,Tripod,
103600,2026-05-22 08:27:33,51.9887901869379,4.39004363370602,2.952756,,,-0.821614527604,3.28084,6.7555588,6.1008204052,9.607611856,24,5,11.955,0,2.952756,6.7555588,6.1008204052,-3.802798,5.59235,-0.223694,125.1, -13.9, 1.6,,,0,0,1684,1024,1059,1024,100,0,5,0,119.7,0,0,91,3.979,3.975,3.98,0,0,0,6.444,82.22,-0.821614527604,2.952756,38,Tripod,
103700,2026-05-22 08:27:34,51.9887884633429,4.39004706898232,2.952756,,,-0.821614527604,2.952756,7.0687304,7.0737206988,10.6032155624,24,5,11.955,0,2.952756,7.0687304,7.0737206988,-4.026492,5.816044,0,125.2, -13.2, 1.2,,,0,0,1684,1024,1024,1024,100,0,0,0,119.7,0,0,91,3.979,3.975,3.98,0,0,0,6.444,82.22,-0.821614527604,2.952756,38,Tripod,
103800,2026-05-22 08:27:34,51.9887868364007,4.39005075479072,2.952756,,,-0.821614527604,3.28084,7.2029468,8.0625986832,11.6221132328,24,5,11.955,0,2.952756,7.2029468,8.0625986832,-4.250186,5.816044,0,125, -12.1, 11.3,,,0,0,1684,1024,1024,1024,100,0,0,0,120.2,0,0,91,3.979,3.975,3.98,0,0,0,6.444,82.22,-0.821614527604,2.952756,38,Tripod,
103900,2026-05-22 08:27:34,51.9887850045744,4.39005468708639,2.952756,,,-0.821614527604,3.28084,7.3371632,9.150590844,12.7299216672,24,5,11.955,0,2.952756,7.3371632,9.150590844,-4.47388,5.816044,0,126.1, -11.3, 2.1,,,0,0,1684,1024,1024,1024,100,0,0,0,121.2,0,0,91,3.979,3.975,3.98,0,0,0,6.444,82.22,-0.821614527604,2.952756,38,Tripod,
104000,2026-05-22 08:27:34,51.9887831965901,4.39005844541878,3.28084,,,-0.493530527604,3.28084,7.5161184,10.2095475708,13.8014440112,24,5,11.955,0,3.28084,7.5161184,10.2095475708,-4.47388,6.039738,0,126.5, -9.8, 1,,,0,0,1684,1024,1024,1024,100,0,0,0,121.7,0,0,91,3.979,3.975,3.98,0,0,0,6.444,82.22,-0.493530527604,3.28084,38,Tripod,
104100,2026-05-22 08:27:34,51.9887813562847,4.39006242605568,3.28084,,,-0.493530527604,2.952756,7.5161184,11.314304824,14.9198167504,24,5,11.955,0,3.28084,7.5161184,11.314304824,-4.47388,6.039738,0,127.2, -5.9, 2,,,0,0,1684,1024,1024,1024,100,0,0,0,121.8,0,0,91,3.979,3.975,3.98,0,0,0,6.444,82.22,-0.493530527604,3.28084,38,Tripod,
104200,2026-05-22 08:27:34,51.9887795355034,4.39006623738092,3.28084,,,-0.493530527604,2.952756,7.5161184,12.389436092,16.003609436,24,5,11.955,0,3.28084,7.5161184,12.389436092,-4.47388,6.039738,0,127.5, -3.4, 2,,,0,0,1181,1024,1024,1494,24,0,0,71,121.8,0,0,91,3.979,3.975,3.98,0,0,0,6.444,82.22,-0.493530527604,3.28084,38,Tripod,
104300,2026-05-22 08:27:34,51.9887778173356,4.39007029291629,3.28084,,,-0.493530527604,2.952756,7.3371632,13.4793967568,17.1096134084,24,5,11.863,0,3.28084,7.5161184,13.4793967568,-4.47388,5.816044,0,127.8, -0.6, 9.4,,,0,0,1024,1024,1024,1684,0,0,0,100,122.1,0,0,91,3.96,3.965,3.993,0,0,0,7.171,82.22,-0.493530527604,3.28084,38,Tripod,
104400,2026-05-22 08:27:34,51.9887760225938,4.39007385175728,3.28084,,,-0.493530527604,2.952756,6.9792528,14.509842984,18.1431108168,24,5,11.863,0,3.28084,7.5161184,14.509842984,-4.47388,5.368656,0,130.5, 11.8, 4.4,,,0,0,1024,1024,1024,1024,0,0,0,0,123.6,0,0,91,3.96,3.965,3.993,0,0,0,7.171,82.22,-0.493530527604,3.28084,38,Tripod,
104500,2026-05-22 08:27:34,51.9887740323167,4.39007790161998,3.28084,,,-0.493530527604,2.952756,6.1963238,15.669948008,19.3072840824,24,5,11.863,0,3.28084,7.5161184,15.669948008,-4.026492,4.697574,0,131, 24.5, -0.5,,,0,0,1180,1024,1024,1024,24,0,0,0,124.9,0,0,91,3.96,3.965,3.993,0,0,0,7.171,82.22,-0.493530527604,3.28084,38,Tripod,
104600,2026-05-22 08:27:34,51.9887726002397,4.39008062542506,3.28084,,,-0.493530527604,2.952756,5.2344396,16.4737866164,20.1119429008,24,5,11.863,0,3.28084,7.5161184,16.4737866164,-3.35541,4.026492,0,131.8, 19.3, 0.6,,,0,0,1596,1024,1024,1024,87,0,0,0,125.4,0,0,91,3.96,3.965,3.993,0,0,0,7.171,82.22,-0.493530527604,3.28084,38,Tripod,
104700,2026-05-22 08:27:35,51.9887711914093,4.39008303066755,3.28084,,,-0.493530527604,2.952756,4.2949248,17.2195543568,20.857776258,24,5,11.863,0,3.28084,7.5161184,17.2195543568,-2.684328,3.35541,0,132.4, 10.8, 2.8,,,0,0,1543,1024,1024,1225,79,0,0,30,125.4,0,0,91,3.96,3.965,3.993,0,0,0,7.171,82.22,-0.493530527604,3.28084,38,Tripod,
104800,2026-05-22 08:27:35,51.9887701682267,4.3900850143561,3.28084,,,-0.493530527604,2.952756,3.802798,17.8000989948,21.4391739144,24,5,11.863,0,3.28084,7.5161184,17.8000989948,-2.460634,2.908022,0,132.5, 0.6, 2.9,,,0,0,1529,1024,1024,1659,77,0,0,96,125.4,0,0,91,3.96,3.965,3.993,0,0,0,7.171,82.22,-0.493530527604,3.28084,38,Tripod,
104900,2026-05-22 08:27:35,51.9887686779797,4.39008846675577,3.28084,,,-0.493530527604,2.624672,3.802798,18.7387145104,22.3864180392,24,5,11.863,0,3.28084,7.5161184,18.7387145104,-2.460634,2.908022,0,132.3, -4.1, 5,,,0,0,1501,1024,1024,1086,72,0,0,9,125.8,0,0,91,3.96,3.965,3.993,0,0,0,7.171,82.22,-0.493530527604,3.28084,38,Tripod,
105000,2026-05-22 08:27:35,51.9887676436256,4.39009039368145,3.28084,,,-0.493530527604,2.624672,3.6462122,19.3128615104,22.9607618896,24,5,11.863,0,3.28084,7.5161184,19.3128615104,-2.460634,2.684328,0,132.7, -5.3, 6.4,,,0,0,1501,1024,1024,1086,72,0,0,9,127.1,0,0,91,3.96,3.965,3.993,0,0,0,7.171,82.22,-0.493530527604,3.28084,38,Tripod,
105100,2026-05-22 08:27:35,51.9887658173593,4.39009299461222,3.28084,,,-0.493530527604,2.624672,3.802798,20.1941607512,23.8470151988,24,5,11.863,0,3.28084,7.5161184,20.1941607512,-2.684328,2.684328,0,133.5, -4.5, 1.2,,,0,0,1510,1024,1024,1024,74,0,0,0,128.5,0,0,91,3.96,3.965,3.993,0,0,0,7.171,82.22,-0.493530527604,3.28084,38,Tripod,
105200,2026-05-22 08:27:35,51.9887646296645,4.3900949484674,3.28084,,,-0.493530527604,2.624672,3.802798,20.810696204,24.4638787356,24,5,11.863,0,3.28084,7.5161184,20.810696204,-2.684328,2.684328,0,134.3, -4.4, 0.8,,,0,0,1543,1024,998,1097,79,0,-4,11,129,0,0,91,3.96,3.965,3.993,0,0,0,7.171,82.22,-0.493530527604,3.28084,38,Tripod,
105300,2026-05-22 08:27:35,51.9887633780384,4.39009753270077,2.952756,,,-0.821614527604,2.624672,3.9593838,21.5469823168,25.2025598616,24,5,11.883,0,3.28084,7.5161184,21.5469823168,-2.684328,2.908022,0,135, -5.1, 2.6,,,0,0,1024,1024,1024,1684,0,0,0,100,129.2,0,0,91,3.972,3.973,3.928,0,0,0,6.991,82.22,-0.821614527604,2.952756,38,Tripod,
105400,2026-05-22 08:27:35,51.9887621699156,4.3900996148908,2.952756,,,-0.821614527604,2.624672,3.9593838,22.1897316812,25.845309226,24,5,11.883,0,3.28084,7.5161184,22.1897316812,-2.684328,2.908022,0,135.9, -3.8, 7.1,,,0,0,1024,1024,1024,1024,0,0,0,0,130.2,0,0,91,3.972,3.973,3.928,0,0,0,6.991,82.22,-0.821614527604,2.952756,38,Tripod,
105500,2026-05-22 08:27:35,51.9887611524685,4.39010139382787,2.952756,,,-0.821614527604,2.624672,3.6462122,22.7352041396,26.3908144928,24,5,11.883,0,3.28084,7.5161184,22.7352041396,-2.684328,2.460634,0,137.3, 8.3, 1,,,0,0,1523,1024,1024,1024,76,0,0,0,132,0,0,91,3.972,3.973,3.928,0,0,0,6.991,82.22,-0.821614527604,2.952756,38,Tripod,
105600,2026-05-22 08:27:35,51.988760012312,4.39010319742328,2.952756,,,-0.821614527604,2.624672,3.1540854,23.3151582264,26.9715559812,24,5,11.883,0,3.28084,7.5161184,23.3151582264,-2.23694,2.23694,0,138.8, 10.6, 1.9,,,0,0,1619,1024,1024,1024,90,0,0,0,133.1,0,0,91,3.972,3.973,3.928,0,0,0,6.991,82.22,-0.821614527604,2.952756,38,Tripod,
105700,2026-05-22 08:27:36,51.9887591795782,4.39010448152326,2.952756,,,-0.821614527604,2.624672,2.8409138,23.7333012844,27.3905192492,24,5,11.883,0,3.28084,7.5161184,23.7333012844,-2.013246,2.013246,0,139.8, 3.1, 1.7,,,0,0,1545,1024,1024,1024,79,0,0,0,133.4,0,0,91,3.972,3.973,3.928,0,0,0,6.991,82.22,-0.821614527604,2.952756,38,Tripod,
105800,2026-05-22 08:27:36,51.9887583007066,4.39010594837357,2.952756,,,-0.821614527604,2.624672,2.5277422,24.1929797768,27.8503617836,24,5,11.883,0,3.28084,7.5161184,24.1929797768,-1.789552,1.789552,0,139.9, -2.7, 2,,,0,0,1273,1024,1024,1024,38,0,0,0,133.4,0,0,91,3.972,3.973,3.928,0,0,0,6.991,82.22,-0.821614527604,2.952756,38,Tripod,
105900,2026-05-22 08:27:36,51.9887576847564,4.39010695776745,2.952756,,,-0.821614527604,2.624672,2.5277422,24.5121070836,28.169620324,24,5,11.883,0,3.28084,7.5161184,24.5121070836,-1.789552,1.789552,0,139.4, -5.4, 2.1,,,0,0,1273,1024,1024,1024,38,0,0,0,133.4,0,0,91,3.972,3.973,3.928,0,0,0,6.991,82.22,-0.821614527604,2.952756,38,Tripod,
106000,2026-05-22 08:27:36,51.9887568095344,4.39010840997582,2.952756,,,-0.821614527604,2.624672,2.684328,24.968504736,28.6261820184,24,5,11.883,0,3.28084,7.5161184,24.968504736,-2.013246,1.789552,0,139.2, -4.4, 1.9,,,0,0,1024,1024,1024,1024,0,0,0,0,133.4,0,0,91,3.972,3.973,3.928,0,0,0,6.991,82.22,-0.821614527604,2.952756,38,Tripod,
106100,2026-05-22 08:27:36,51.9887556172048,4.39010953317387,2.952756,,,-0.821614527604,2.624672,2.684328,25.4500336228,29.1290691736,24,5,11.883,0,3.28084,7.5161184,25.4500336228,-2.013246,1.789552,0,139.2, 0.4, 1.7,,,0,0,1024,1024,1024,1024,0,0,0,0,133.4,0,0,91,3.972,3.973,3.928,0,0,0,6.991,82.22,-0.821614527604,2.952756,38,Tripod,
106200,2026-05-22 08:27:36,51.9887547204582,4.39011094807116,2.952756,,,-0.821614527604,2.624672,2.684328,25.9057751072,29.5852699756,24,5,11.883,0,3.28084,7.5161184,25.9057751072,-1.789552,1.789552,0,139.4, 7.3, 1.6,,,0,0,1024,1024,1024,1024,0,0,0,0,133.4,0,0,91,3.972,3.973,3.928,0,0,0,6.991,82.22,-0.821614527604,2.952756,38,Tripod,
106300,2026-05-22 08:27:36,51.9887540713751,4.39011216182695,2.952756,,,-0.821614527604,2.624672,2.2145706,26.2666346988,29.9464576512,24,5,11.922,0,3.28084,7.5161184,26.2666346988,-1.565858,1.565858,0,139.9, 8.9, 1.7,,,0,0,509,1024,1024,1024,-78,0,0,0,133.4,0,0,91,3.978,3.968,3.976,0,0,0,6.916,82.22,-0.821614527604,2.952756,38,Tripod,
106400,2026-05-22 08:27:36,51.9887534329837,4.39011325626954,2.952756,,,-0.821614527604,2.624672,2.2145706,26.6053486204,30.2851387644,24,5,11.922,0,3.28084,7.5161184,26.6053486204,-1.11847,1.11847,0,140.1, 8, 2.2,,,0,0,364,1024,1024,1024,-100,0,0,0,133.4,0,0,91,3.978,3.968,3.976,0,0,0,6.916,82.22,-0.821614527604,2.952756,38,Tripod,
106500,2026-05-22 08:27:36,51.9887530613986,4.39011359845406,2.952756,,,-0.821614527604,2.624672,1.2750558,26.7542987564,30.4410114728,24,5,11.922,0,3.28084,7.5161184,26.7542987564,-0.894776,0.894776,0,140.4, 9.6, 2.1,,,0,0,1024,1024,1024,1024,0,0,0,0,133.4,0,0,91,3.978,3.968,3.976,0,0,0,6.916,82.22,-0.821614527604,2.952756,38,Tripod,
106600,2026-05-22 08:27:36,51.98875269115,4.3901142583248,2.952756,,,-0.821614527604,2.624672,0.6263432,26.9548565056,30.641569222,24,5,11.922,0,3.28084,7.5161184,26.9548565056,-0.447388,0.447388,0,140.3, 10.9, 1.6,,,0,0,1024,1024,1024,1024,0,0,0,0,133.4,0,0,91,3.978,3.968,3.976,0,0,0,6.916,82.22,-0.821614527604,2.952756,38,Tripod,
106700,2026-05-22 08:27:36,51.9887522253451,4.39011456239144,2.952756,,,-0.821614527604,2.624672,0.3131716,27.1213263272,30.8247385192,24,5,11.922,0,3.28084,7.5161184,27.1213263272,-0.223694,0.223694,0,140.2, 4.3, 2.1,,,0,0,1339,1024,1024,1024,48,0,0,0,133.4,0,0,91,3.978,3.968,3.976,0,0,0,6.916,82.22,-0.821614527604,2.952756,38,Tripod,
106800,2026-05-22 08:27:37,51.9887520551445,4.39011487938204,2.952756,,,-0.821614527604,2.624672,0,27.215716094,30.9192267112,24,5,11.922,0,3.28084,7.5161184,27.215716094,0,0,0,139.9, 1.1, 1.4,,,0,0,1339,1024,1024,1024,48,0,0,0,133.4,0,0,91,3.978,3.968,3.976,0,0,0,6.916,82.22,-0.821614527604,2.952756,38,Tripod,
106900,2026-05-22 08:27:37,51.988751791358,4.39011521593939,2.952756,,,-0.821614527604,2.624672,0,27.3368447068,31.0416348516,24,5,11.922,0,3.28084,7.5161184,27.3368447068,0,0,0,139.7, -0.9, 1,,,0,0,1024,1024,1024,1063,0,0,0,6,133.5,0,0,91,3.978,3.968,3.976,0,0,0,6.916,82.22,-0.821614527604,2.952756,38,Tripod,
107000,2026-05-22 08:27:37,51.9887516778624,4.39011548484446,2.952756,,,-0.821614527604,2.624672,0,27.4091544204,31.1148632004,24,5,11.922,0,3.28084,7.5161184,27.4091544204,0,0,0,139.6, -1.6, 1.4,,,0,0,1024,1024,1024,1684,0,0,0,100,133.5,0,0,91,3.978,3.968,3.976,0,0,0,6.916,82.22,-0.821614527604,2.952756,38,Tripod,
107100,2026-05-22 08:27:37,51.9887514108589,4.39011567272813,2.952756,,,-0.821614527604,2.624672,0,27.506890644,31.2210311828,24,5,11.922,0,3.28084,7.5161184,27.506890644,0,0,0,140.2, -1, 1.5,,,0,0,1024,1024,1024,1684,0,0,0,100,134.6,0,0,91,3.978,3.968,3.976,0,0,0,6.916,82.22,-0.821614527604,2.952756,38,Tripod,
107200,2026-05-22 08:27:37,51.9887513083205,4.39011594460332,2.952756,,,-0.821614527604,2.624672,0,27.576936578,31.2926847284,24,5,11.922,0,3.28084,7.5161184,27.576936578,0,0,0,141.5, -0.6, 1.6,,,0,0,1024,1024,1024,1684,0,0,0,100,136.6,0,0,91,3.978,3.968,3.976,0,0,0,6.916,82.22,-0.821614527604,2.952756,38,Tripod,
107300,2026-05-22 08:27:37,51.9887513630122,4.39011612775702,2.952756,,,-0.821614527604,2.624672,0,27.593012694,31.338419638,24,5,11.925,0,3.28084,7.5161184,27.593012694,0,0,0,143.6, -0.7, 2,,,0,0,1024,1024,1024,1684,0,0,0,100,138.9,0,0,91,3.978,3.972,3.976,0,0,0,6.489,82.4,-0.821614527604,2.952756,38,Tripod,
107400,2026-05-22 08:27:37,51.9887512932469,4.39011636460269,2.952756,,,-0.821614527604,2.624672,0,27.6491478664,31.3974091412,24,5,11.925,0,3.28084,7.5161184,27.6491478664,0,0,0,145.9, -0.7, 2.4,,,0,0,1024,1024,1024,1684,0,0,0,100,141.3,0,0,91,3.978,3.972,3.976,0,0,0,6.489,82.4,-0.821614527604,2.952756,38,Tripod,
107500,2026-05-22 08:27:37,51.988751438299,4.39011605908912,2.952756,,,-0.821614527604,2.624672,0,27.5629273912,31.484088934,24,5,11.925,0,3.28084,7.5161184,27.6491478664,0,0,0,148.4, -0.8, 2.3,,,0,0,1024,1024,1024,1684,0,0,0,100,143.7,0,0,91,3.978,3.972,3.976,0,0,0,6.489,82.4,-0.821614527604,2.952756,38,Tripod,
107600,2026-05-22 08:27:37,51.9887514000003,4.39011618329919,2.952756,,,-0.821614527604,2.624672,0,27.5927830352,31.5152897224,24,5,11.925,0,3.28084,7.5161184,27.6491478664,0,0,0,150.8, -1.5, 1.5,,,0,0,1024,1024,1024,1684,0,0,0,100,146.1,0,0,91,3.978,3.972,3.976,0,0,0,6.489,82.4,-0.821614527604,2.952756,38,Tripod,
107700,2026-05-22 08:27:37,51.9887514537711,4.39011594175136,2.952756,,,-0.821614527604,2.624672,0,27.5398958944,31.572999698,24,5,11.925,0,3.28084,7.5161184,27.6491478664,0,0,0,153.1, -1.9, 1.3,,,0,0,1024,1024,1024,1684,0,0,0,100,148.5,0,0,91,3.978,3.972,3.976,0,0,0,6.489,82.4,-0.821614527604,2.952756,38,Tripod,
107800,2026-05-22 08:27:38,51.9887514272776,4.39011600879155,2.952756,,,-0.821614527604,2.624672,0,27.5574811968,31.590880276,24,5,11.925,0,3.28084,7.5161184,27.6491478664,0,0,0,155.5, -2.4, 0.7,,,0,0,1024,1024,1024,1684,0,0,0,100,150.9,0,0,91,3.978,3.972,3.976,0,0,0,6.489,82.4,-0.821614527604,2.952756,38,Tripod,
107900,2026-05-22 08:27:38,51.9887515744972,4.39011580538944,2.952756,,,-0.821614527604,2.624672,0,27.487369646,31.661418336,24,5,11.925,0,3.28084,7.5161184,27.6491478664,0,0,0,157.8, -2.6, 0.5,,,0,0,1024,1024,1024,1684,0,0,0,100,153.3,0,0,91,3.978,3.972,3.976,0,0,0,6.489,82.4,-0.821614527604,2.952756,38,Tripod,
108000,2026-05-22 08:27:38,51.9887515620794,4.39011584970498,2.952756,,,-0.821614527604,2.624672,0,27.497704292,31.6723435332,24,5,11.925,0,3.28084,7.5161184,27.6491478664,0,0,0,160.1, -2.7, 0.5,,,0,0,1024,1024,1024,1684,0,0,0,100,155.7,0,0,91,3.978,3.972,3.976,0,0,0,6.489,82.4,-0.821614527604,2.952756,38,Tripod,
108100,2026-05-22 08:27:38,51.9887517899402,4.39011574480425,2.952756,,,-0.821614527604,2.624672,0,27.4234260744,31.7587608588,24,5,11.925,0,3.28084,7.5161184,27.6491478664,0,0,0,162.5, -2.7, 0,,,0,0,1024,1024,1024,1684,0,0,0,100,158.1,0,0,91,3.978,3.972,3.976,0,0,0,6.489,82.4,-0.821614527604,2.952756,38,Tripod,
108200,2026-05-22 08:27:38,51.9887517892891,4.39011578954409,2.952756,,,-0.821614527604,2.624672,0,27.4309063896,31.7688330376,24,5,11.925,0,3.28084,7.5161184,27.6491478664,0,0,0,164.9, -2.8, 0,,,0,0,1024,1024,1024,1684,0,0,0,100,160.5,0,0,91,3.978,3.972,3.976,0,0,0,6.489,82.4,-0.821614527604,2.952756,38,Tripod,
108300,2026-05-22 08:27:38,51.9887517852754,4.39011566013802,2.952756,,,-0.821614527604,2.624672,0,27.410762032,31.7979340884,24,5,11.921,0,3.28084,7.5161184,27.6491478664,0,0,0,167.2, -2.5, 0.1,,,0,0,1024,1024,1024,1684,0,0,0,100,162.9,0,0,91,3.973,3.969,3.974,0,0,0,6.44,82.4,-0.821614527604,2.952756,38,Tripod,
108400,2026-05-22 08:27:38,51.9887517728362,4.39011572423592,2.952756,,,-0.821614527604,2.624672,0,27.4243447096,31.8130259524,24,5,11.921,0,3.28084,7.5161184,27.6491478664,0,0,0,169.8, -2.3, 0,,,0,0,1024,1024,1024,1684,0,0,0,100,165.3,0,0,91,3.973,3.969,3.974,0,0,0,6.44,82.4,-0.821614527604,2.952756,38,Tripod,
108500,2026-05-22 08:27:38,51.9887519146543,4.39011551085917,2.952756,,,-0.821614527604,2.624672,0,27.3539706916,31.8835640124,24,5,11.921,0,3.28084,7.5161184,27.6491478664,0,0,0,172.2, -2.2, 0.4,,,0,0,1024,1024,1024,1684,0,0,0,100,167.7,0,0,91,3.973,3.969,3.974,0,0,0,6.44,82.4,-0.821614527604,2.952756,38,Tripod,
108600,2026-05-22 08:27:38,51.9887519092956,4.39011556425205,2.952756,,,-0.821614527604,2.624672,0,27.3640428704,31.8957359288,24,5,11.921,0,3.28084,7.5161184,27.6491478664,0,0,0,174.6, -2.3, 0.3,,,0,0,1024,1024,1024,1684,0,0,0,100,170.1,0,0,91,3.973,3.969,3.974,0,0,0,6.44,82.4,-0.821614527604,2.952756,38,Tripod,
108700,2026-05-22 08:27:38,51.9887518882422,4.39011550492586,2.952756,,,-0.821614527604,2.624672,0,27.3596137364,31.9111230684,24,5,11.921,0,3.28084,7.5161184,27.6491478664,0,0,0,177.1, -2.2, 0,,,0,0,1024,1024,1024,1684,0,0,0,100,172.5,0,0,91,3.973,3.969,3.974,0,0,0,6.44,82.4,-0.821614527604,2.952756,38,Tripod,
108800,2026-05-22 08:27:39,51.9887518796495,4.39011555356096,2.952756,,,-0.821614527604,2.624672,0,27.3697187236,31.9224747748,24,5,11.921,0,3.28084,7.5161184,27.6491478664,0,0,0,179.5, -2, 0.1,,,0,0,1024,1024,1024,1684,0,0,0,100,174.9,0,0,91,3.973,3.969,3.974,0,0,0,6.44,82.4,-0.821614527604,2.952756,38,Tripod,
108900,2026-05-22 08:27:39,51.9887518829906,4.39011542667289,2.952756,,,-0.821614527604,2.624672,0,27.3481636048,31.9510180828,24,5,11.921,0,3.28084,7.5161184,27.6491478664,0,0,0,182, -1.8, 0,,,0,0,1024,1024,1024,1684,0,0,0,100,177.3,0,0,91,3.973,3.969,3.974,0,0,0,6.44,82.4,-0.821614527604,2.952756,38,Tripod,
109000,2026-05-22 08:27:39,51.9887518709155,4.39011547445938,2.952756,,,-0.821614527604,2.624672,0,27.3589903768,31.9626322564,24,5,11.921,0,3.28084,7.5161184,27.6491478664,0,0,0,184.3, -1.7, 0,,,0,0,1024,1024,1024,1684,0,0,0,100,179.7,0,0,91,3.973,3.969,3.974,0,0,0,6.44,82.4,-0.821614527604,2.952756,38,Tripod,
109100,2026-05-22 08:27:39,51.9887518808446,4.3901153606552,2.952756,,,-0.821614527604,2.624672,0,27.3379601924,31.9884524672,24,5,11.921,0,3.28084,7.5161184,27.6491478664,0,0,0,186.6, -1.7, 0,,,0,0,1024,1024,1024,1684,0,0,0,100,182.2,0,0,91,3.973,3.969,3.974,0,0,0,6.44,82.4,-0.821614527604,2.952756,38,Tripod,
109200,2026-05-22 08:27:39,51.9887518709926,4.39011538607872,2.952756,,,-0.821614527604,2.624672,0,27.3445546808,31.9951781892,24,5,11.921,0,3.28084,7.5161184,27.6491478664,0,0,0,189, -1.6, -0.4,,,0,0,1024,1024,1024,1684,0,0,0,100,184.6,0,0,91,3.973,3.969,3.974,0,0,0,6.44,82.4,-0.821614527604,2.952756,38,Tripod,
109300,2026-05-22 08:27:39,51.9887518844642,4.39011542294456,2.952756,,,-0.821614527604,2.624672,0,27.3471793528,32.0048238588,24,5,11.917,0,3.28084,7.5161184,27.6491478664,0,0,0,191.4, -1.4, -0.4,,,0,0,1024,1024,1024,1684,0,0,0,100,187,0,0,91,3.972,3.967,3.973,0,0,0,6.502,82.4,-0.821614527604,2.952756,38,Tripod,
109400,2026-05-22 08:27:39,51.9887518780304,4.39011542263849,2.952756,,,-0.821614527604,2.624672,0,27.348754156,32.0071532552,24,5,11.917,0,3.28084,7.5161184,27.6491478664,0,0,0,193.8, -1.2, -0.9,,,0,0,1024,1024,1024,1684,0,0,0,100,189.4,0,0,91,3.972,3.967,3.973,0,0,0,6.502,82.4,-0.821614527604,2.952756,38,Tripod,
109500,2026-05-22 08:27:39,51.9887519010413,4.39011539617856,2.952756,,,-0.821614527604,2.624672,0,27.3386819772,32.0174550928,24,5,11.917,0,3.28084,7.5161184,27.6491478664,0,0,0,196.3, -1.2, -0.9,,,0,0,1024,1024,1024,1684,0,0,0,100,191.8,0,0,91,3.972,3.967,3.973,0,0,0,6.502,82.4,-0.821614527604,2.952756,38,Tripod,
109600,2026-05-22 08:27:39,51.9887519117244,4.39011539456481,2.952756,,,-0.821614527604,2.624672,0,27.3357292212,32.0213592924,24,5,11.917,0,3.28084,7.5161184,27.6491478664,0,0,0,198.7, -1.3, -0.7,,,0,0,1024,1024,1024,1684,0,0,0,100,194.2,0,0,91,3.972,3.967,3.973,0,0,0,6.502,82.4,-0.821614527604,2.952756,38,Tripod,
109700,2026-05-22 08:27:39,51.9887517850741,4.39011540387169,2.952756,,,-0.821614527604,2.624672,0,27.3690297472,32.0676191364,24,5,11.917,0,3.28084,7.5161184,27.6491478664,0,0,0,201.1, -1.7, -1.2,,,0,0,1024,1024,1024,1684,0,0,0,100,196.6,0,0,91,3.972,3.967,3.973,0,0,0,6.502,82.4,-0.821614527604,2.952756,38,Tripod,
109800,2026-05-22 08:27:40,51.9887518022681,4.39011538485447,2.952756,,,-0.821614527604,2.624672,0,27.3616150488,32.0752306852,24,5,11.917,0,3.28084,7.5161184,27.6491478664,0,0,0,203.5, -1.9, -1.7,,,0,0,1024,1024,1024,1684,0,0,0,100,199,0,0,91,3.972,3.967,3.973,0,0,0,6.502,82.4,-0.821614527604,2.952756,38,Tripod,
109900,2026-05-22 08:27:40,51.9887518525221,4.39011529675205,2.952756,,,-0.821614527604,2.624672,0,27.334646544,32.10219919,24,5,11.917,0,3.28084,7.5161184,27.6491478664,0,0,0,205.9, -1.6, -2,,,0,0,1024,1024,1024,1684,0,0,0,100,201.4,0,0,91,3.972,3.967,3.973,0,0,0,6.502,82.4,-0.821614527604,2.952756,38,Tripod,
110000,2026-05-22 08:27:40,51.9887518729972,4.39011526479701,2.952756,,,-0.821614527604,2.624672,0,27.3242790896,32.1125666444,24,5,11.917,0,3.28084,7.5161184,27.6491478664,0,0,0,208.2, -1.4, -2.3,,,0,0,1024,1024,1024,1684,0,0,0,100,203.8,0,0,91,3.972,3.967,3.973,0,0,0,6.502,82.4,-0.821614527604,2.952756,38,Tripod,
110100,2026-05-22 08:27:40,51.988751857401,4.39011519921754,2.952756,,,-0.821614527604,2.624672,0,27.3175205592,32.1283474848,24,5,11.917,0,3.28084,7.5161184,27.6491478664,0,0,0,210.5, -1.3, -2.3,,,0,0,1024,1024,1024,1684,0,0,0,100,206.2,0,0,91,3.972,3.967,3.973,0,0,0,6.502,82.4,-0.821614527604,2.952756,38,Tripod,
110200,2026-05-22 08:27:40,51.9887518669789,4.39011517758494,2.952756,,,-0.821614527604,2.624672,0,27.3115822388,32.134351422,24,5,11.917,0,3.28084,7.5161184,27.6491478664,0,0,0,213, -1.2, -2.3,,,0,0,1024,1024,1024,1684,0,0,0,100,208.6,0,0,91,3.972,3.967,3.973,0,0,0,6.502,82.4,-0.821614527604,2.952756,38,Tripod,
110300,2026-05-22 08:27:40,51.9887519569025,4.39011517643028,2.952756,,,-0.821614527604,2.624672,0,27.2888132092,32.167159822,24,5,11.917,0,3.28084,7.5161184,27.6491478664,0,0,0,215.3, -0.8, -2.3,,,0,0,1024,1024,1024,1684,0,0,0,100,211,0,0,91,3.97,3.965,3.97,0,0,0,6.469,82.4,-0.821614527604,2.952756,38,Tripod,
110400,2026-05-22 08:27:40,51.9887519682923,4.39011517055957,2.952756,,,-0.821614527604,2.624672,0,27.2850074348,32.1715233392,24,5,11.917,0,3.28084,7.5161184,27.6491478664,0,0,0,217.7, -0.5, -2.2,,,0,0,1024,1024,1024,1684,0,0,0,100,213.4,0,0,91,3.97,3.965,3.97,0,0,0,6.469,82.4,-0.821614527604,2.952756,38,Tripod,
110500,2026-05-22 08:27:40,51.9887520432278,4.39011504030488,2.952756,,,-0.821614527604,2.624672,0,27.2449483784,32.2115495872,24,5,11.917,0,3.28084,7.5161184,27.6491478664,0,0,0,220.1, -0.4, -2.1,,,0,0,1024,1024,1024,1684,0,0,0,100,215.8,0,0,91,3.97,3.965,3.97,0,0,0,6.469,82.4,-0.821614527604,2.952756,38,Tripod,
110600,2026-05-22 08:27:40,51.9887520661274,4.39011505154549,2.952756,,,-0.821614527604,2.624672,0,27.2410441788,32.2202766216,24,5,11.917,0,3.28084,7.5161184,27.6491478664,0,0,0,222.4, -0.5, -2.1,,,0,0,1024,1024,1024,1684,0,0,0,100,218.2,0,0,91,3.97,3.965,3.97,0,0,0,6.469,82.4,-0.821614527604,2.952756,38,Tripod,
110700,2026-05-22 08:27:41,51.9887520000202,4.39011493285138,2.952756,,,-0.821614527604,2.624672,0,27.2382882732,32.256234628,24,5,11.917,0,3.28084,7.5161184,27.6491478664,0,0,0,224.8, -0.7, -2.1,,,0,0,1024,1024,1024,1684,0,0,0,100,220.6,0,0,91,3.97,3.965,3.97,0,0,0,6.469,82.4,-0.821614527604,2.952756,38,Tripod,
110800,2026-05-22 08:27:41,51.9887520221059,4.39011494239476,2.952756,,,-0.821614527604,2.624672,0,27.2342856484,32.2645679616,24,5,11.917,0,3.28084,7.5161184,27.6491478664,0,0,0,227.2, -0.5, -2.2,,,0,0,1024,1024,1024,1684,0,0,0,100,223,0,0,91,3.97,3.965,3.97,0,0,0,6.469,82.4,-0.821614527604,2.952756,38,Tripod,
110900,2026-05-22 08:27:41,51.9887521382573,4.39011493720572,2.952756,,,-0.821614527604,2.624672,0,27.2042987708,32.3069892228,24,5,11.917,0,3.28084,7.5161184,27.6491478664,0,0,0,229.6, -0.6, -2.2,,,0,0,1024,1024,1024,1583,0,0,0,85,225.4,0,0,91,3.97,3.965,3.97,0,0,0,6.469,82.4,-0.821614527604,2.952756,38,Tripod,
111000,2026-05-22 08:27:41,51.9887521694798,4.39011494527447,2.952756,,,-0.821614527604,2.624672,0,27.1977698992,32.3185049712,24,5,11.917,0,3.28084,7.5161184,27.6491478664,0,0,0,232, -0.5, -2.5,,,0,0,1024,1024,1024,1024,0,0,0,0,227.8,0,0,91,3.97,3.965,3.97,0,0,0,6.469,82.4,-0.821614527604,2.952756,38,Tripod,
111100,2026-05-22 08:27:41,51.9887520881061,4.39011486416265,2.952756,,,-0.821614527604,2.624672,0,27.2049877472,32.353347492,24,5,11.917,0,3.28084,7.5161184,27.6491478664,0,0,0,234, -0.3, -2.6,,,0,0,1024,1024,1024,1024,0,0,0,0,230,0,0,91,3.97,3.965,3.97,0,0,0,6.469,82.4,-0.821614527604,2.952756,38,Tripod,
111200,2026-05-22 08:27:41,51.9887521137129,4.39011487229401,2.952756,,,-0.821614527604,2.624672,0,27.1998696368,32.362861928,24,5,11.917,0,3.28084,7.5161184,27.6491478664,0,0,0,235.5, 0, -2.5,,,0,0,1024,1024,1024,1024,0,0,0,0,231.2,0,0,91,3.97,3.965,3.97,0,0,0,6.469,82.4,-0.821614527604,2.952756,38,Tripod,
111300,2026-05-22 08:27:41,51.9887521985176,4.3901149549083,2.952756,,,-0.821614527604,2.624672,0,27.1920612376,32.398951168,24,5,11.901,0,3.28084,7.5161184,27.6491478664,0,0,0,236.4, -0.2, -2.6,,,0,0,1024,1024,1024,1024,0,0,0,0,231.6,0,0,91,3.968,3.963,3.967,0,0,0,6.571,82.4,-0.821614527604,2.952756,38,Tripod,
111400,2026-05-22 08:27:41,51.9887522401575,4.3901149981109,2.952756,,,-0.821614527604,2.624672,0,27.188649164,32.416995788,24,5,11.901,0,3.28084,7.5161184,27.6491478664,0,0,0,236.8, -0.6, -2.7,,,0,0,1024,1024,1024,1684,0,0,0,100,231.6,0,0,91,3.968,3.963,3.967,0,0,0,6.571,82.4,-0.821614527604,2.952756,38,Tripod,
111500,2026-05-22 08:27:41,51.9887523214112,4.39011509054681,2.952756,,,-0.821614527604,2.624672,0,27.1834326284,32.4531834532,24,5,11.901,0,3.28084,7.5161184,27.6491478664,0,0,0,238, -0.6, -2.7,,,0,0,1024,1024,1024,1684,0,0,0,100,232.5,0,0,91,3.968,3.963,3.967,0,0,0,6.571,82.4,-0.821614527604,2.952756,38,Tripod,
111600,2026-05-22 08:27:41,51.9887523640278,4.390115159792,2.952756,,,-0.821614527604,2.624672,0,27.1840887964,32.4751650812,24,5,11.901,0,3.28084,7.5161184,27.6491478664,0,0,0,239.3, -0.9, -2.2,,,0,0,1024,1024,1024,1024,0,0,0,0,234.4,0,0,91,3.968,3.963,3.967,0,0,0,6.571,82.4,-0.821614527604,2.952756,38,Tripod,
111700,2026-05-22 08:27:42,51.9887522700349,4.39011535312207,2.952756,,,-0.821614527604,2.624672,0,27.2392069084,32.530512852,24,5,11.901,0,3.28084,7.5161184,27.6491478664,0,0,0,240.8, -0.9, -2.5,,,0,0,1024,1024,1024,1024,0,0,0,0,236.4,0,0,91,3.968,3.963,3.967,0,0,0,6.571,82.4,-0.821614527604,2.952756,38,Tripod,
111800,2026-05-22 08:27:42,51.9887523103598,4.39011541891021,2.952756,,,-0.821614527604,2.624672,0,27.2398958848,32.5513789944,24,5,11.901,0,3.28084,7.5161184,27.6491478664,0,0,0,242.1, -0.6, -2.7,,,0,0,1024,1024,1024,1024,0,0,0,0,237.3,0,0,91,3.968,3.963,3.967,0,0,0,6.571,82.4,-0.821614527604,2.952756,38,Tripod,
111900,2026-05-22 08:27:42,51.9887523939738,4.39011547530801,2.952756,,,-0.821614527604,2.624672,0,27.2282817112,32.5844170532,24,5,11.901,0,3.28084,7.5161184,27.6491478664,0,0,0,243, -0.9, -2.9,,,0,0,1024,1024,1024,1024,0,0,0,0,237.6,0,0,91,3.968,3.963,3.967,0,0,0,6.571,82.4,-0.821614527604,2.952756,38,Tripod,
112000,2026-05-22 08:27:42,51.9887524390362,4.39011555015264,2.952756,,,-0.821614527604,2.624672,0,27.2292987716,32.6079078676,24,5,11.901,0,3.28084,7.5161184,27.6491478664,0,0,0,243.3, -0.9, -2.8,,,0,0,1024,1024,1024,1024,0,0,0,0,237.6,0,0,91,3.968,3.963,3.967,0,0,0,6.571,82.4,-0.821614527604,2.952756,38,Tripod,
112100,2026-05-22 08:27:42,51.9887525006158,4.39011574386529,2.952756,,,-0.821614527604,2.624672,0,27.2457685884,32.6568908088,24,5,11.901,0,3.28084,7.5161184,27.6491478664,0,0,0,243.4, -1.1, -2.8,,,0,0,1024,1024,1024,1024,0,0,0,0,237.6,0,0,91,3.968,3.963,3.967,0,0,0,6.571,82.4,-0.821614527604,2.952756,38,Tripod,
112200,2026-05-22 08:27:42,51.9887525487581,4.3901158442656,2.952756,,,-0.821614527604,2.624672,0,27.2502961476,32.6854997336,24,5,11.901,0,3.28084,7.5161184,27.6491478664,0,0,0,243.3, -1.3, -2.8,,,0,0,1024,1024,1024,1024,0,0,0,0,237.6,0,0,91,3.968,3.963,3.967,0,0,0,6.571,82.4,-0.821614527604,2.952756,38,Tripod,
112300,2026-05-22 08:27:42,51.9887525893357,4.39011605154905,2.952756,,,-0.821614527604,2.624672,0,27.2743447048,32.7343514412,24,5,11.901,0,3.28084,7.5161184,27.6491478664,0,0,0,243.3, -1.9, -2.8,,,0,0,1024,1024,1024,1024,0,0,0,0,237.6,0,0,91,3.968,3.963,3.967,0,0,0,6.571,82.4,-0.821614527604,2.952756,38,Tripod,
112400,2026-05-22 08:27:42,51.9887526367069,4.3901161545717,2.952756,,,-0.821614527604,2.624672,0,27.2795612404,32.7632556416,24,5,11.901,0,3.28084,7.5161184,27.6491478664,0,0,0,243.4, -2.2, -2.9,,,0,0,1024,1024,1024,1024,0,0,0,0,237.6,0,0,91,3.968,3.963,3.967,0,0,0,6.571,82.4,-0.821614527604,2.952756,38,Tripod,
112500,2026-05-22 08:27:42,51.9887526812596,4.39011641784949,2.952756,,,-0.821614527604,2.624672,0,27.3119759396,32.824476116,24,5,11.901,0,3.28084,7.5161184,27.6491478664,0,0,0,243.4, -2.1, -3,,,0,0,1024,1024,1024,1024,0,0,0,0,237.6,0,0,91,3.968,3.963,3.967,0,0,0,6.571,82.4,-0.821614527604,2.952756,38,Tripod,
112600,2026-05-22 08:27:42,51.9887527181834,4.39011650074199,2.952756,,,-0.821614527604,2.624672,0,27.3165691156,32.847441996,24,5,11.901,0,3.28084,7.5161184,27.6491478664,0,0,0,243.4, -1.7, -2.9,,,0,0,1024,1024,1024,1024,0,0,0,0,237.6,0,0,91,3.968,3.963,3.967,0,0,0,6.571,82.4,-0.821614527604,2.952756,38,Tripod,
112700,2026-05-22 08:27:43,51.9887527616395,4.39011649585204,2.952756,,,-0.821614527604,2.624672,0,27.3050205588,32.863518112,24,5,11.894,0,3.28084,7.5161184,27.6491478664,0,0,0,243.4, -1.4, -3,,,0,0,1024,1024,1024,1024,0,0,0,0,237.6,0,0,91,3.967,3.961,3.967,0,0,0,6.644,82.58,-0.821614527604,2.952756,38,Tripod,
112800,2026-05-22 08:27:43,51.9887527934659,4.39011654601742,2.952756,,,-0.821614527604,2.624672,0,27.305447068,32.879594228,24,5,11.894,0,3.28084,7.5161184,27.6491478664,0,0,0,243.3, -1.3, -3,,,0,0,1024,1024,1024,1024,0,0,0,0,237.6,0,0,91,3.967,3.961,3.967,0,0,0,6.644,82.58,-0.821614527604,2.952756,38,Tripod,
112900,2026-05-22 08:27:43,51.9887526771346,4.39011658366231,2.952756,,,-0.821614527604,2.624672,0,27.340388014,32.922901316,24,5,11.894,0,3.28084,7.5161184,27.6491478664,0,0,0,243.4, -1.3, -3.1,,,0,0,1024,1024,1024,1024,0,0,0,0,237.6,0,0,91,3.967,3.961,3.967,0,0,0,6.644,82.58,-0.821614527604,2.952756,38,Tripod,
113000,2026-05-22 08:27:43,51.9887526843737,4.39011661978388,2.952756,,,-0.821614527604,2.624672,0,27.3445874892,32.9314315,24,5,11.894,0,3.28084,7.5161184,27.6491478664,0,0,0,243.4, -1.4, -3,,,0,0,1024,1024,1027,1024,0,0,0,0,237.6,0,0,91,3.967,3.961,3.967,0,0,0,6.644,82.58,-0.821614527604,2.952756,38,Tripod,
113100,2026-05-22 08:27:43,51.988752759245,4.3901167321482,2.952756,,,-0.821614527604,2.624672,0,27.3446859144,32.968504992,24,5,11.894,0,3.28084,7.5161184,27.6491478664,0,0,0,243.5, -1.3, -3.1,,,0,0,1024,1024,1120,1024,0,0,15,0,237.6,0,0,91,3.967,3.961,3.967,0,0,0,6.644,82.58,-0.821614527604,2.952756,38,Tripod,
113200,2026-05-22 08:27:43,51.9887527593521,4.39011674544772,2.952756,,,-0.821614527604,2.624672,0,27.3468840772,32.971785832,24,5,11.894,0,3.28084,7.5161184,27.6491478664,0,0,0,243.3, -0.8, -3,,,0,0,1024,1024,1237,1024,0,0,32,0,237.6,0,0,91,3.967,3.961,3.967,0,0,0,6.644,82.58,-0.821614527604,2.952756,38,Tripod,
113300,2026-05-22 08:27:43,51.9887528370676,4.39011689336323,2.952756,,,-0.821614527604,2.624672,0,27.3522318464,33.015421004,24,5,11.894,0,3.28084,7.5161184,27.6491478664,0,0,0,243.4, -0.3, -2.8,,,0,0,1024,1024,1237,1024,0,0,32,0,237.6,0,0,91,3.967,3.961,3.967,0,0,0,6.644,82.58,-0.821614527604,2.952756,38,Tripod,
113400,2026-05-22 08:27:43,51.9887528460587,4.39011691140663,2.952756,,,-0.821614527604,2.624672,0,27.3529864396,33.020670348,24,5,11.894,0,3.28084,7.5161184,27.6491478664,0,0,0,243.3, -0.2, -3.5,,,0,0,1024,1024,1250,1024,0,0,34,0,237.6,0,0,91,3.967,3.961,3.967,0,0,0,6.644,82.58,-0.821614527604,2.952756,38,Tripod,
113500,2026-05-22 08:27:43,51.9887529628184,4.39011678204924,2.952756,,,-0.821614527604,2.624672,0,27.302822396,33.072179536,24,5,11.894,0,3.28084,7.5161184,27.6491478664,0,0,0,243.3, -0.9, -3.7,,,0,0,1024,1024,1217,1024,0,0,29,0,237.6,0,0,91,3.967,3.961,3.967,0,0,0,6.644,82.58,-0.821614527604,2.952756,38,Tripod,
113600,2026-05-22 08:27:43,51.9887529774765,4.39011679182912,2.952756,,,-0.821614527604,2.624672,0,27.3008210836,33.077756964,24,5,11.894,0,3.28084,7.5161184,27.6491478664,0,0,0,243.3, -0.9, -3.6,,,0,0,1024,1024,1264,1024,0,0,36,0,237.6,0,0,91,3.967,3.961,3.967,0,0,0,6.644,82.58,-0.821614527604,2.952756,38,Tripod,
113700,2026-05-22 08:27:44,51.9887529406555,4.39011691215785,2.952756,,,-0.821614527604,2.624672,0,27.3298565176,33.107940692,24,5,11.89,0,3.28084,7.5161184,27.6491478664,0,0,0,243.2, -0.2, -3.3,,,0,0,1024,1024,1347,1024,0,0,49,0,237.6,0,0,91,3.964,3.956,3.961,0,0,0,6.657,82.58,-0.821614527604,2.952756,38,Tripod,
113800,2026-05-22 08:27:44,51.9887529397902,4.39011692005967,2.952756,,,-0.821614527604,2.624672,0,27.331365704,33.109909196,24,5,11.89,0,3.28084,7.5161184,27.6491478664,0,0,-0.223694,243.3, 0.2, -3,,,0,0,1024,1024,1311,1024,0,0,43,0,237.6,0,0,91,3.964,3.956,3.961,0,0,0,6.657,82.58,-0.821614527604,2.952756,38,Tripod,
113900,2026-05-22 08:27:44,51.9887530518209,4.39011687568153,2.952756,,,-0.821614527604,2.624672,0,27.2964575664,33.151903948,24,5,11.89,0,3.28084,7.5161184,27.6491478664,0,0,-0.223694,243.3, 0.3, -3.5,,,0,0,1024,1024,1024,1024,0,0,0,0,237.6,0,0,91,3.964,3.956,3.961,0,0,0,6.657,82.58,-0.821614527604,2.952756,38,Tripod,
114000,2026-05-22 08:27:44,51.9887530634935,4.39011689284154,2.952756,,,-0.821614527604,2.952756,0,27.2964575664,33.15780946,24,5,11.89,0,3.28084,7.5161184,27.6491478664,0,0,-0.223694,243.2, 0, -3.8,,,0,0,1024,1024,1024,1024,0,0,0,0,237.6,0,0,91,3.964,3.956,3.961,0,0,0,6.657,82.58,-0.821614527604,2.952756,38,Tripod,
114100,2026-05-22 08:27:44,51.988753020727,4.39011687842908,2.952756,,,-0.821614527604,2.952756,0,27.3045612412,33.173557492,24,5,11.89,0,3.28084,7.5161184,27.6491478664,0,0,0,243.1, 0.2, -3.6,,,0,0,1024,1024,1024,1024,0,0,0,0,237.6,0,0,91,3.964,3.956,3.961,0,0,0,6.657,82.58,-0.821614527604,2.952756,38,Tripod,
114200,2026-05-22 08:27:44,51.9887530218921,4.39011689552649,3.28084,,,-0.493530527604,2.952756,0,27.3071202964,33.1774945,24,5,11.89,0,3.28084,7.5161184,27.6491478664,0,0,0,243.1, 0.5, -3.7,,,0,0,1024,1024,1024,1024,0,0,0,0,237.6,0,0,91,3.964,3.956,3.961,0,0,0,6.657,82.58,-0.493530527604,3.28084,38,Tripod,
114300,2026-05-22 08:27:44,51.9887531611701,4.39011674156636,3.28084,,,-0.493530527604,2.952756,0,27.2473433916,33.238846208,24,5,11.89,0,3.28084,7.5161184,27.6491478664,0,0,0,243.1, 0.6, -3.9,,,0,0,1024,1024,1161,1024,0,0,21,0,237.6,0,0,91,3.964,3.956,3.961,0,0,0,6.657,82.58,-0.493530527604,3.28084,38,Tripod,
114400,2026-05-22 08:27:44,51.9887531677667,4.39011675514413,3.28084,,,-0.493530527604,2.952756,0,27.2479667512,33.242783216,24,5,11.89,0,3.28084,7.5161184,27.6491478664,0,0,0,243, 0.9, -3.5,,,0,0,1024,1024,1684,1024,0,0,100,0,237.6,0,0,91,3.964,3.956,3.961,0,0,0,6.657,82.58,-0.493530527604,3.28084,38,Tripod,
114500,2026-05-22 08:27:44,51.988753274957,4.39011662363044,3.28084,,,-0.493530527604,2.952756,0,27.1997712116,33.291995816,24,5,11.89,0,3.28084,7.5161184,27.6491478664,0,0,-0.223694,243.1, 0.6, -2.8,,,0,0,1024,1024,1684,1024,0,0,100,0,237.6,0,0,91,3.964,3.956,3.961,0,0,0,6.657,82.58,-0.493530527604,3.28084,38,Tripod,
114600,2026-05-22 08:27:44,51.9887532791292,4.39011665557853,3.28084,,,-0.493530527604,2.952756,0,27.204069112,33.299213664,24,5,11.89,0,3.28084,7.5161184,27.6491478664,0,0,-0.894776,243.3, 0.2, -2.4,,,0,0,1024,1024,1684,1024,0,0,100,0,237.6,0,0,91,3.964,3.956,3.961,0,0,0,6.657,82.58,-0.493530527604,3.28084,38,Tripod,
114700,2026-05-22 08:27:44,51.9887532254783,4.39011670216861,3.28084,,,-0.493530527604,3.28084,0,27.2250008712,33.321523376,24,5,11.868,0,3.28084,7.5161184,27.6491478664,0,0,-1.565858,243.2, 0.5, -2.8,,,0,0,1024,1024,1684,1024,0,0,100,0,237.6,0,0,90,3.963,3.957,3.961,0,0,0,6.875,82.58,-0.493530527604,3.28084,38,Tripod,
114800,2026-05-22 08:27:45,51.9887532417256,4.39011673046489,3.608924,,,-0.165446527604,3.608924,0,27.225722656,33.33005356,24,5,11.868,0,3.608924,7.5161184,27.6491478664,0,0,-1.789552,243, 0.7, -3.3,,,0,0,1024,1024,1452,1024,0,0,65,0,237.6,0,0,90,3.963,3.957,3.961,0,0,0,6.875,82.58,-0.165446527604,3.608924,38,Tripod,
114900,2026-05-22 08:27:45,51.9887532374336,4.39011660242217,3.937008,,,0.162637472396,3.608924,0,27.2054798732,33.358924952,24,5,11.868,0.162637472396,3.937008,7.5161184,27.6491478664,0,0,-2.013246,242.9, 1.5, -3.4,,,0,0,1024,1024,1024,1024,0,0,0,0,237.6,0,0,90,3.963,3.957,3.961,0,0,0,6.875,82.58,0.162637472396,3.937008,38,Tripod,
115000,2026-05-22 08:27:45,51.9887532841152,4.39011669690311,4.265092,,,0.490721472396,3.937008,0,27.2097121568,33.386155924,24,5,11.868,0.490721472396,4.265092,7.5161184,27.6491478664,0,0,-1.789552,242.8, 0.8, -3.7,,,0,0,1024,1024,1024,1024,0,0,0,0,237.6,0,0,90,3.963,3.957,3.961,0,0,0,6.875,82.58,0.490721472396,4.265092,38,Tripod,
115100,2026-05-22 08:27:45,51.9887533533237,4.39011679009025,4.593176,,,0.818805472396,4.265092,0,27.2082685872,33.418964324,24,5,11.868,0.818805472396,4.593176,7.5161184,27.6491478664,0,0,-1.11847,242.9, -0.5, -4.3,,,0,0,1024,1024,1024,1024,0,0,0,0,237.6,0,0,90,3.963,3.957,3.961,0,0,0,6.875,82.58,0.818805472396,4.593176,38,Tripod,
115200,2026-05-22 08:27:45,51.9887534368563,4.39011693703195,4.593176,,,0.818805472396,4.593176,0,27.2123040204,33.463911832,24,5,11.868,0.818805472396,4.593176,7.5161184,27.6491478664,0,0,-0.671082,243, -1.9, -3.8,,,0,0,1024,1024,1024,1024,0,0,0,0,237.6,0,0,90,3.963,3.957,3.961,0,0,0,6.875,82.58,0.818805472396,4.593176,38,Tripod,
115300,2026-05-22 08:27:45,51.9887533138513,4.39011747544025,4.593176,,,0.818805472396,4.593176,0,27.332185914,33.592848844,24,5,11.868,0.818805472396,4.593176,7.5161184,27.6491478664,0,0,-0.223694,243.1, -2.4, -4.2,,,0,0,1024,1024,1024,1024,0,0,0,0,237.6,0,0,90,3.963,3.957,3.961,0,0,0,6.875,82.58,0.818805472396,4.593176,38,Tripod,
115400,2026-05-22 08:27:45,51.9887533680847,4.39011760566015,4.92126,,,1.146889472396,4.593176,0,27.340716098,33.628281916,24,5,11.868,1.146889472396,4.92126,7.5161184,27.6491478664,0,0,0,243.3, -1.6, -4.2,,,0,0,1024,1024,1398,1024,0,0,57,0,237.6,0,0,90,3.963,3.957,3.961,0,0,0,6.875,82.58,1.146889472396,4.92126,38,Tripod,
115500,2026-05-22 08:27:45,51.9887532954236,4.39011760755212,4.92126,,,1.146889472396,4.593176,0,27.358760718,33.65485672,24,5,11.868,1.146889472396,4.92126,7.5161184,27.6491478664,0,0,0,243.3, -1.3, -4.1,,,0,0,1024,1024,1625,1024,0,0,91,0,237.6,0,0,90,3.963,3.957,3.961,0,0,0,6.875,82.58,1.146889472396,4.92126,38,Tripod,
115600,2026-05-22 08:27:45,51.9887533181219,4.39011769450683,4.92126,,,1.146889472396,4.593176,0,27.3677502196,33.675854096,24,5,11.868,1.146889472396,4.92126,7.5161184,27.6491478664,0,0,-0.223694,243.2, -1.2, -3.9,,,0,0,1024,1024,1419,1024,0,0,60,0,237.6,0,0,90,3.963,3.957,3.961,0,0,0,6.875,82.58,1.146889472396,4.92126,38,Tripod,
115700,2026-05-22 08:27:45,51.9887533013734,4.39011774345493,4.92126,,,1.146889472396,4.593176,0,27.3800205612,33.688649372,24,5,11.848,1.146889472396,4.92126,7.5161184,27.6491478664,0,0,-0.894776,243.1, -1.1, -3.7,,,0,0,1024,1024,1024,1024,0,0,0,0,237.6,0,0,90,3.967,3.96,3.963,0,0,0,7.387,82.58,1.146889472396,4.92126,38,Tripod,
115800,2026-05-22 08:27:46,51.988753295762,4.39011782279998,5.249344,,,1.474973472396,4.92126,0,27.3946531076,33.706365908,24,5,11.848,1.474973472396,5.249344,7.5161184,27.6491478664,0,0,-0.894776,243.2, -0.8, -4.3,,,0,0,1024,1024,1024,1024,0,0,0,0,237.6,0,0,90,3.967,3.96,3.963,0,0,0,7.387,82.58,1.474973472396,5.249344,38,Tripod,
115900,2026-05-22 08:27:46,51.9887534739128,4.39011803187804,5.249344,,,1.474973472396,4.92126,0,27.386319774,33.786746488,24,5,11.848,1.474973472396,5.249344,7.5161184,27.6491478664,0,0,-0.447388,243.2, -1, -4.8,,,0,0,1024,1024,1024,1024,0,0,0,0,237.6,0,0,90,3.967,3.96,3.963,0,0,0,7.387,82.58,1.474973472396,5.249344,38,Tripod,
116000,2026-05-22 08:27:46,51.9887534678045,4.39011814316422,5.249344,,,1.474973472396,4.92126,0,27.40649694,33.811680872,23,5,11.848,1.474973472396,5.249344,7.5161184,27.6491478664,0,0,-0.223694,243.1, -1.2, -4.1,,,0,0,1024,1024,1024,1024,0,0,0,0,237.6,0,0,90,3.967,3.96,3.963,0,0,0,7.387,82.58,1.474973472396,5.249344,38,Tripod,
116100,2026-05-22 08:27:46,51.9887535183927,4.39011844667448,5.249344,,,1.474973472396,4.92126,0,27.4451780436,33.882547016,23,5,11.848,1.474973472396,5.249344,7.5161184,27.6491478664,0,0,0,243.2, -1.5, -3.6,,,0,0,1024,1024,1024,1024,0,0,0,0,237.6,0,0,90,3.967,3.96,3.963,0,0,0,7.387,82.58,1.474973472396,5.249344,38,Tripod,
116200,2026-05-22 08:27:46,51.988753510768,4.3901185744182,5.249344,,,1.474973472396,4.92126,0,27.468504816,33.911418408,23,5,11.848,1.474973472396,5.249344,7.5161184,27.6491478664,0,0,0,243.2, -1.5, -3.7,,,0,0,1024,1024,1024,1024,0,0,0,0,237.6,0,0,90,3.967,3.96,3.963,0,0,0,7.387,82.58,1.474973472396,5.249344,38,Tripod,
116300,2026-05-22 08:27:46,51.9887536218649,4.39011851867417,5.249344,,,1.474973472396,4.92126,0,27.4322843424,33.953741244,23,5,11.848,1.474973472396,5.249344,7.5161184,27.6491478664,0,0,0,243.3, -1.6, -3.7,,,0,0,1024,1024,1024,1024,0,0,0,0,237.6,0,0,90,3.967,3.96,3.963,0,0,0,7.387,82.58,1.474973472396,5.249344,38,Tripod,
116400,2026-05-22 08:27:46,51.9887536299864,4.39011862824921,5.249344,,,1.474973472396,4.92126,0,27.4487541592,33.978347544,23,5,11.848,1.474973472396,5.249344,7.5161184,27.6491478664,0,0,0,243.3, -2, -3.7,,,0,0,1024,1024,1024,1684,0,0,0,100,237.6,0,0,90,3.967,3.96,3.963,0,0,0,7.387,82.58,1.474973472396,5.249344,38,Tripod,
116500,2026-05-22 08:27:46,51.9887536218735,4.39011852944177,5.249344,,,1.474973472396,4.92126,0,27.4340888044,34.00098534,23,5,11.848,1.474973472396,5.249344,7.5161184,27.6491478664,0,0,0,244.1, -2.1, -4.3,,,0,0,1024,1024,1024,1024,0,0,0,0,238.4,0,0,90,3.967,3.96,3.963,0,0,0,7.387,82.58,1.474973472396,5.249344,38,Tripod,
116600,2026-05-22 08:27:46,51.9887536305733,4.39011860254049,5.249344,,,1.474973472396,4.92126,0,27.4442922168,34.017717624,23,5,11.848,1.474973472396,5.249344,7.5161184,27.6491478664,0,0,0,244.7, -1.9, -4.2,,,0,0,1024,1024,1024,1024,0,0,0,0,239.7,0,0,90,3.967,3.96,3.963,0,0,0,7.387,82.58,1.474973472396,5.249344,38,Tripod,
116700,2026-05-22 08:27:46,51.9887537882661,4.39011883612388,5.249344,,,1.474973472396,4.92126,0,27.4456373612,34.095473532,23,5,11.888,1.474973472396,5.249344,7.5161184,27.6491478664,0,0,0,245.5, -1.7, -3.2,,,0,0,1024,1024,1024,1024,0,0,0,0,240.2,0,0,90,3.96,3.954,3.959,0,0,0,6.595,82.58,1.474973472396,5.249344,38,Tripod,
116800,2026-05-22 08:27:47,51.9887538048561,4.39011888938458,5.249344,,,1.474973472396,4.92126,0,27.450624238,34.108924976,23,5,11.888,1.474973472396,5.249344,7.5161184,27.6491478664,0,0,0,245.9, -1.3, -4,,,0,0,1024,1024,1024,1558,0,0,0,81,240.3,0,0,90,3.96,3.954,3.959,0,0,0,6.595,82.58,1.474973472396,5.249344,38,Tripod,
116900,2026-05-22 08:27:47,51.9887537636017,4.39011876900716,5.249344,,,1.474973472396,4.92126,0,27.4402567836,34.139764872,23,5,11.888,1.474973472396,5.249344,7.5161184,27.6491478664,0,0,0,245.8, -0.3, -4.7,,,0,0,1024,1024,1024,1558,0,0,0,81,240.3,0,0,90,3.96,3.954,3.959,0,0,0,6.595,82.58,1.474973472396,5.249344,38,Tripod,
117000,2026-05-22 08:27:47,51.9887537845352,4.39011882431986,5.249344,,,1.474973472396,4.92126,0,27.444554684,34.154528652,23,5,11.888,1.474973472396,5.249344,7.5161184,27.6491478664,0,0,0,246.1, -0.4, -5,,,0,0,1024,1024,1024,1308,0,0,0,43,240.8,0,0,90,3.96,3.954,3.959,0,0,0,6.595,82.58,1.474973472396,5.249344,38,Tripod,
117100,2026-05-22 08:27:47,51.9887538982321,4.39011885515503,5.249344,,,1.474973472396,4.92126,0,27.422409014,34.196523404,23,5,11.888,1.474973472396,5.249344,7.5161184,27.6491478664,0,0,0,246.8, -1.4, -4.6,,,0,0,1668,1024,1024,1024,98,0,0,0,242.2,0,0,90,3.96,3.954,3.959,0,0,0,6.595,82.58,1.474973472396,5.249344,38,Tripod,
117200,2026-05-22 08:27:47,51.9887539182489,4.39011895029673,5.249344,,,1.474973472396,4.92126,0,27.4336622952,34.2191612,24,5,11.888,1.474973472396,5.249344,7.5161184,27.6491478664,0,0,0,248, -3.9, -4.1,,,0,0,1684,1024,1024,1024,100,0,0,0,243.1,0,0,90,3.96,3.954,3.959,0,0,0,6.595,82.58,1.474973472396,5.249344,38,Tripod,
117300,2026-05-22 08:27:47,51.9887538491817,4.39011904465934,5.249344,,,1.474973472396,4.92126,0,27.466208228,34.2519696,24,5,11.888,1.474973472396,5.249344,7.5161184,27.6491478664,0,0,0,249.1, -10.2, -3.8,,,0,0,1684,1024,1024,1024,100,0,0,0,243.3,0,0,90,3.96,3.954,3.959,0,0,0,6.595,82.58,1.474973472396,5.249344,38,Tripod,
117400,2026-05-22 08:27:47,51.9887538135901,4.39011891633129,5.249344,,,1.474973472396,4.92126,0.223694,27.453084868,34.283793748,24,5,11.888,1.474973472396,5.249344,7.5161184,27.6491478664,0,-0.223694,0,249.8, -14, -4,,,0,0,1684,1024,1024,1024,100,0,0,0,243.3,0,0,90,3.96,3.954,3.959,0,0,0,6.595,82.58,1.474973472396,5.249344,38,Tripod,
117500,2026-05-22 08:27:47,51.9887538018276,4.39011832030079,5.249344,,,1.474973472396,4.92126,0.9171454,27.3553814528,34.41765202,24,5,11.888,1.474973472396,5.249344,7.5161184,27.6491478664,-0.223694,-0.894776,0,250.4, -15.6, -3.7,,,0,0,1684,1024,1024,1024,100,0,0,0,243.3,0,0,90,3.96,3.954,3.959,0,0,0,6.595,82.58,1.474973472396,5.249344,38,Tripod,
117600,2026-05-22 08:27:47,51.9887536379879,4.39011758281672,5.249344,,,1.474973472396,4.92126,1.4092722,27.2711950984,34.593833128,24,5,11.888,1.474973472396,5.249344,7.5161184,27.6491478664,-0.447388,-1.342164,0,250.5, -15.7, -4,,,0,0,1684,1024,1024,1684,100,0,0,100,243.3,0,0,90,3.96,3.954,3.959,0,0,0,6.595,82.58,1.474973472396,5.249344,38,Tripod,
117700,2026-05-22 08:27:48,51.9887533254037,4.3901165197794,5.249344,,,1.474973472396,4.92126,1.901399,27.1701452264,34.858596916,24,5,11.876,1.474973472396,5.249344,7.5161184,27.6491478664,-0.671082,-1.789552,0,250.7, -15.6, -3.8,,,0,0,1684,1024,1024,1024,100,0,0,0,243.3,0,0,90,3.958,3.951,3.955,0,0,0,6.81,82.58,1.474973472396,5.249344,38,Tripod,
117800,2026-05-22 08:27:48,51.9887530060729,4.39011514807059,5.249344,,,1.474973472396,4.92126,2.3264176,27.022146534,35.187993252,24,5,11.876,1.474973472396,5.249344,7.5161184,27.6491478664,-0.671082,-2.23694,0,251, -15.9, -0.7,,,0,0,1684,1024,1024,1024,100,0,0,0,244.1,0,0,90,3.958,3.951,3.955,0,0,0,6.81,82.58,1.474973472396,5.249344,38,Tripod,
117900,2026-05-22 08:27:48,51.9887528025552,4.39011388150597,5.249344,,,1.474973472396,4.92126,2.8185444,26.8653879988,35.481956516,24,5,11.876,1.474973472396,5.249344,7.5161184,27.6491478664,-0.894776,-2.684328,0,251.7, -15.7, -4,,,0,0,1684,1024,1024,1024,100,0,0,0,245.2,0,0,90,3.958,3.951,3.955,0,0,0,6.81,82.58,1.474973472396,5.249344,38,Tripod,
118000,2026-05-22 08:27:48,51.9887523993364,4.39011193591418,5.249344,,,1.474973472396,5.249344,3.3330406,26.6522646324,35.94324262,24,5,11.876,1.474973472396,5.249344,7.5161184,27.6491478664,-1.11847,-3.131716,0,252.3, -16.3, -4.2,,,0,0,1684,1024,1024,1024,100,0,0,0,245.8,0,0,90,3.958,3.951,3.955,0,0,0,6.81,82.58,1.474973472396,5.249344,38,Tripod,
118100,2026-05-22 08:27:48,51.9887520193379,4.39011033816659,5.249344,,,1.474973472396,5.249344,3.7580592,26.494587462,36.328085152,24,5,11.876,1.474973472396,5.249344,7.5161184,27.6491478664,-1.11847,-3.579104,0,252.9, -17.1, -2.9,,,0,0,1684,1024,1024,1024,100,0,0,0,245.9,0,0,90,3.958,3.951,3.955,0,0,0,6.81,82.58,1.474973472396,5.249344,38,Tripod,
118200,2026-05-22 08:27:48,51.9887515078114,4.39010788138705,5.249344,,,1.474973472396,5.249344,4.250186,26.2420940156,36.910762336,24,5,11.876,1.474973472396,5.249344,7.5161184,27.6491478664,-1.342164,-4.026492,0,253.1, -17, -3,,,0,0,1684,1024,1024,1024,100,0,0,0,245.9,0,0,90,3.958,3.951,3.955,0,0,0,6.81,82.58,1.474973472396,5.249344,38,Tripod,
118300,2026-05-22 08:27:48,51.9887509898547,4.39010583723128,5.249344,,,1.474973472396,5.249344,4.6752046,26.064797422,37.407481512,24,5,11.876,1.474973472396,5.249344,7.5161184,27.6491478664,-1.342164,-4.47388,0,253.1, -16.2, -3.4,,,0,0,1684,1024,1024,1024,100,0,0,0,245.9,0,0,90,3.958,3.951,3.955,0,0,0,6.81,82.58,1.474973472396,5.249344,38,Tripod,
118400,2026-05-22 08:27:48,51.988750392302,4.39010286418831,5.249344,,,1.474973472396,5.249344,5.1673314,25.7791346832,38.109909356,24,5,11.876,1.474973472396,5.249344,7.5161184,27.6491478664,-1.565858,-4.921268,0,253.2, -15.7, -3.8,,,0,0,1684,1024,1024,1024,100,0,0,0,245.9,0,0,90,3.958,3.951,3.955,0,0,0,6.81,82.58,1.474973472396,5.249344,38,Tripod,
118500,2026-05-22 08:27:48,51.9887497844219,4.39009974900316,5.249344,,,1.474973472396,5.249344,5.59235,25.4920611832,38.844161348,24,5,11.876,1.474973472396,5.249344,7.5161184,27.6491478664,-1.565858,-5.368656,0,253.3, -15.7, -3.7,,,0,0,1684,1024,1024,1024,100,0,0,0,245.9,0,0,90,3.958,3.951,3.955,0,0,0,6.81,82.58,1.474973472396,5.249344,38,Tripod,
118600,2026-05-22 08:27:48,51.9887491058896,4.3900963050929,5.249344,,,1.474973472396,5.249344,5.8607828,25.1976386016,39.656825416,24,5,11.876,1.474973472396,5.249344,7.5161184,27.6491478664,-1.789552,-5.59235,0,253.4, -16.2, -3.6,,,0,0,1684,1024,1024,1024,100,0,0,0,245.9,0,0,90,3.958,3.951,3.955,0,0,0,6.81,82.58,1.474973472396,5.249344,38,Tripod,
118700,2026-05-22 08:27:49,51.9887482489796,4.3900925274528,5.249344,,,1.474973472396,5.249344,6.3081708,24.9343511916,40.561353004,24,5,11.869,1.474973472396,5.249344,7.5161184,27.6491478664,-1.789552,-6.039738,0,253.3, -15, -3.9,,,0,0,1684,1024,1024,1024,100,0,0,0,245.9,0,0,90,3.956,3.951,3.957,0,0,0,6.882,82.76,1.474973472396,5.249344,38,Tripod,
118800,2026-05-22 08:27:49,51.98874749899,4.39008859111567,5.249344,,,1.474973472396,5.249344,6.7331894,24.649114962,41.486877968,24,5,11.869,1.474973472396,5.249344,7.5161184,27.6491478664,-1.789552,-6.487126,0,253.3, -14.2, -4.3,,,0,0,1684,1024,1024,1024,100,0,0,0,245.9,0,0,90,3.956,3.951,3.957,0,0,0,6.882,82.76,1.474973472396,5.249344,38,Tripod,
118900,2026-05-22 08:27:49,51.9887466195915,4.39008454639992,5.249344,,,1.474973472396,5.249344,7.0016222,24.4228682356,42.45078876,24,5,11.869,1.474973472396,5.249344,7.5161184,27.6491478664,-2.013246,-6.71082,0,253.3, -13.4, -4.6,,,0,0,1684,1024,1024,1024,100,0,0,0,245.9,0,0,90,3.956,3.951,3.957,0,0,0,6.882,82.76,1.474973472396,5.249344,38,Tripod,
119000,2026-05-22 08:27:49,51.9887458043771,4.39008020000328,5.249344,,,1.474973472396,5.249344,7.2253162,24.17897059,43.471458084,24,5,11.869,1.474973472396,5.249344,7.5161184,27.6491478664,-2.013246,-6.934514,0,253.4, -12.6, -4.6,,,0,0,1684,1024,1024,1024,100,0,0,0,245.9,0,0,90,3.956,3.951,3.957,0,0,0,6.882,82.76,1.474973472396,5.249344,38,Tripod,
119100,2026-05-22 08:27:49,51.988744979499,4.39007554636112,5.249344,,,1.474973472396,5.249344,7.6503348,23.9477369868,44.559712712,24,5,11.869,1.474973472396,5.249344,7.6503348,27.6491478664,-2.013246,-7.381902,0,253.5, -12.3, -4.8,,,0,0,1684,1024,1024,1024,100,0,0,0,245.9,0,0,90,3.956,3.951,3.957,0,0,0,6.882,82.76,1.474973472396,5.249344,38,Tripod,
119200,2026-05-22 08:27:49,51.9887441080808,4.39007084730094,5.249344,,,1.474973472396,5.249344,7.9187676,23.7753288448,45.662074952,24,5,11.869,1.474973472396,5.249344,7.9187676,27.6491478664,-2.23694,-7.605596,0,253.4, -11.8, -5.1,,,0,0,1684,1024,1024,1024,100,0,0,0,245.9,0,0,90,3.956,3.951,3.957,0,0,0,6.882,82.76,1.474973472396,5.249344,38,Tripod,
119300,2026-05-22 08:27:49,51.9887431583515,4.39006631101739,5.249344,,,1.474973472396,5.249344,8.1424616,23.693242228,46.73884664,24,5,11.869,1.474973472396,5.249344,8.1424616,27.6491478664,-2.23694,-7.82929,0,253.3, -11.2, -4.8,,,0,0,1684,1024,1024,1024,100,0,0,0,245.9,0,0,90,3.956,3.951,3.957,0,0,0,6.882,82.76,1.474973472396,5.249344,38,Tripod,
119400,2026-05-22 08:27:49,51.9887422205733,4.39006134094802,5.249344,,,1.474973472396,5.249344,8.3661556,23.623852462,47.906497596,24,5,11.869,1.474973472396,5.249344,8.3661556,27.6491478664,-2.23694,-8.052984,0,253.3, -10.5, -4.6,,,0,0,1684,1024,1024,1024,100,0,0,0,245.9,0,0,90,3.956,3.951,3.957,0,0,0,6.882,82.76,1.474973472396,5.249344,38,Tripod,
119500,2026-05-22 08:27:49,51.9887413379065,4.39005587426786,5.249344,,,1.474973472396,5.577428,8.6345884,23.5618773944,49.17651076,24,5,11.869,1.474973472396,5.249344,8.6345884,27.6491478664,-2.460634,-8.276678,0,253.1, -9.8, -5,,,0,0,1684,1024,1024,1024,100,0,0,0,245.9,0,0,90,3.956,3.951,3.957,0,0,0,6.882,82.76,1.474973472396,5.249344,38,Tripod,
119600,2026-05-22 08:27:49,51.9887403459334,4.39005062238171,5.249344,,,1.474973472396,5.577428,8.8582824,23.6179141416,50.410762768,24,5,11.869,1.474973472396,5.249344,8.8582824,27.6491478664,-2.460634,-8.500372,0,253, -9.6, -4.9,,,0,0,1684,1024,1024,1024,100,0,0,0,245.9,0,0,90,3.956,3.951,3.957,0,0,0,6.882,82.76,1.474973472396,5.249344,38,Tripod,
119700,2026-05-22 08:27:50,51.9887390906449,4.39004478271048,5.249344,,,1.474973472396,5.577428,8.9030212,23.8102369824,51.800526592,24,5,11.843,1.474973472396,5.249344,8.9030212,27.6491478664,-2.684328,-8.500372,0,252.7, -9.2, -4.9,,,0,0,1684,1024,1024,1024,100,0,0,0,245.9,0,0,90,3.956,3.952,3.957,0,0,0,7.209,82.76,1.474973472396,5.249344,38,Tripod,
119800,2026-05-22 08:27:50,51.9887380105602,4.39003930298884,5.249344,,,1.474973472396,5.577428,9.1267152,24.0269364644,53.093177552,24,5,11.843,1.474973472396,5.249344,9.1267152,27.6491478664,-2.684328,-8.724066,0,252.7, -9.1, -4.8,,,0,0,1684,1024,1024,1024,100,0,0,0,245.9,0,0,90,3.956,3.952,3.957,0,0,0,7.209,82.76,1.474973472396,5.249344,38,Tripod,
119900,2026-05-22 08:27:50,51.9887369228937,4.39003352428104,5.249344,,,1.474973472396,5.577428,9.3504092,24.309219938,54.450789144,24,5,11.843,1.474973472396,5.249344,9.3504092,27.6491478664,-2.684328,-8.94776,0,252.6, -9, -4.7,,,0,0,1684,1024,1024,1024,100,0,0,0,245.9,0,0,90,3.956,3.952,3.957,0,0,0,7.209,82.76,1.474973472396,5.249344,38,Tripod,
120000,2026-05-22 08:27:50,51.9887357872948,4.39002788127717,5.249344,,,1.474973472396,5.577428,9.3504092,24.6808078764,55.784450604,24,5,11.843,1.474973472396,5.249344,9.3504092,27.6491478664,-2.684328,-8.94776,0,252.6, -8.9, -4.3,,,0,0,1684,1024,1024,1024,100,0,0,0,245.9,0,0,90,3.956,3.952,3.957,0,0,0,7.209,82.76,1.474973472396,5.249344,38,Tripod,
120100,2026-05-22 08:27:50,51.9887346137869,4.39002120998612,5.249344,,,1.474973472396,5.577428,9.618842,25.1426189148,57.343505772,24,5,11.843,1.474973472396,5.249344,9.618842,27.6491478664,-2.908022,-9.171454,0,252.6, -8.7, -4.3,,,0,0,1684,1024,1024,1024,100,0,0,0,245.9,0,0,90,3.956,3.952,3.957,0,0,0,7.209,82.76,1.474973472396,5.249344,38,Tripod,
120200,2026-05-22 08:27:50,51.9887334246357,4.3900153441445,5.249344,,,1.474973472396,5.577428,9.618842,25.6773958348,58.730973008,24,5,11.843,1.474973472396,5.249344,9.618842,27.6491478664,-2.908022,-9.171454,0,252.5, -8.8, -4,,,0,0,1684,1024,1024,1024,100,0,0,0,245.9,0,0,90,3.956,3.952,3.957,0,0,0,7.209,82.76,1.474973472396,5.249344,38,Tripod,
120300,2026-05-22 08:27:50,51.988732259018,4.3900096779082,5.249344,,,1.474973472396,5.577428,9.842536,26.2594168508,60.073164652,24,5,11.843,1.474973472396,5.249344,9.842536,27.6491478664,-2.908022,-9.395148,0,252.4, -8.6, -3.7,,,0,0,1684,1024,1024,1024,100,0,0,0,245.9,0,0,90,3.956,3.952,3.957,0,0,0,7.209,82.76,1.474973472396,5.249344,38,Tripod,
120400,2026-05-22 08:27:50,51.9887310321035,4.39000370249328,5.249344,,,1.474973472396,5.905512,9.842536,26.931267266,61.488519028,24,5,11.843,1.474973472396,5.249344,9.842536,27.6491478664,-2.908022,-9.395148,0,252.4, -8.5, -3.6,,,0,0,1684,1024,1024,1024,100,0,0,0,245.9,0,0,90,3.956,3.952,3.957,0,0,0,7.209,82.76,1.474973472396,5.249344,38,Tripod,
120500,2026-05-22 08:27:50,51.9887297635961,4.38999741557412,5.249344,,,1.474973472396,5.577428,10.0438606,27.690781726,62.974739548,24,5,11.843,1.474973472396,5.249344,10.0438606,27.690781726,-2.908022,-9.618842,0,252.4, -8.4, -3.7,,,0,0,1684,1024,1024,1024,100,0,0,0,245.9,0,0,90,3.956,3.952,3.957,0,0,0,7.209,82.76,1.474973472396,5.249344,38,Tripod,
120600,2026-05-22 08:27:50,51.9887285092928,4.38999126880083,5.249344,,,1.474973472396,5.577428,10.1109688,28.4937345076,64.429792088,24,5,11.843,1.474973472396,5.249344,10.1109688,28.4937345076,-3.131716,-9.618842,0,252.4, -8.1, -3.7,,,0,0,1684,1024,1024,1024,100,0,0,0,245.9,0,0,90,3.956,3.952,3.957,0,0,0,7.209,82.76,1.474973472396,5.249344,38,Tripod,
120700,2026-05-22 08:27:51,51.98872722928,4.38998483938127,5.249344,,,1.474973472396,5.577428,10.1109688,29.3762148508,65.947836756,24,5,11.87,1.474973472396,5.249344,10.1109688,29.3762148508,-3.131716,-9.618842,0,252.4, -7.8, -3.7,,,0,0,1684,1024,1024,1024,100,0,0,0,245.9,0,0,90,3.958,3.954,3.959,0,0,0,6.593,82.76,1.474973472396,5.249344,38,Tripod,
120800,2026-05-22 08:27:51,51.9887259535935,4.38997855199434,5.249344,,,1.474973472396,5.905512,10.3346628,30.2961295784,67.435369612,24,5,11.87,1.474973472396,5.249344,10.3346628,30.2961295784,-3.131716,-9.842536,0,252.4, -7.5, -3.8,,,0,0,1684,1024,1024,1024,100,0,0,0,245.9,0,0,90,3.958,3.954,3.959,0,0,0,6.593,82.76,1.474973472396,5.249344,38,Tripod,
120900,2026-05-22 08:27:51,51.9887247781838,4.38997185330628,5.249344,,,1.474973472396,5.905512,10.3346628,31.2626978508,69.000330292,24,5,11.87,1.474973472396,5.249344,10.3346628,31.2626978508,-3.131716,-9.842536,0,252.4, -7.6, -4.1,,,0,0,1684,1024,1024,1024,100,0,0,0,245.9,0,0,90,3.958,3.954,3.959,0,0,0,6.593,82.76,1.474973472396,5.249344,38,Tripod,
121000,2026-05-22 08:27:51,51.9887234920627,4.38996544414382,5.249344,,,1.474973472396,5.905512,10.3346628,32.2847451276,70.514766036,24,5,11.87,1.474973472396,5.249344,10.3346628,32.2847451276,-3.131716,-9.842536,0,252.3, -7.6, -3.7,,,0,0,1024,1024,1024,1024,0,0,0,0,245.9,0,0,90,3.958,3.954,3.959,0,0,0,6.593,82.76,1.474973472396,5.249344,38,Tripod,
121100,2026-05-22 08:27:51,51.9887220393562,4.38995887114395,5.249344,,,1.474973472396,5.905512,10.5359874,33.415027316,72.083991808,24,5,11.87,1.474973472396,5.249344,10.5359874,33.415027316,-3.131716,-10.06623,0,252.4, -6.5, -3.9,,,0,0,364,977,1024,1024,-100,-7,0,0,245.9,0,0,90,3.958,3.954,3.959,0,0,0,6.593,82.76,1.474973472396,5.249344,38,Tripod,
121200,2026-05-22 08:27:51,51.9887207226766,4.38995239092087,5.249344,,,1.474973472396,5.905512,10.5359874,34.526247824,73.61712834,24,5,11.87,1.474973472396,5.249344,10.5359874,34.526247824,-3.131716,-9.842536,0,252.1, 9.3, -3.2,,,0,0,364,977,1024,1024,-100,-7,0,0,245.9,0,0,90,3.958,3.954,3.959,0,0,0,6.593,82.76,1.474973472396,5.249344,38,Tripod,
121300,2026-05-22 08:27:51,51.9887195552257,4.38994614309195,5.249344,,,1.474973472396,5.905512,9.618842,35.59547358,75.083991904,24,5,11.87,1.474973472396,5.249344,10.5359874,35.59547358,-2.908022,-9.171454,0,250.9, 22.2, -3.2,,,0,0,364,1024,1024,1024,-100,0,0,0,245.9,0,0,90,3.958,3.954,3.959,0,0,0,6.593,82.76,1.474973472396,5.249344,38,Tripod,
121400,2026-05-22 08:27:51,51.9887184173995,4.38994048977011,5.249344,,,1.474973472396,5.905512,9.618842,36.611549728,76.420278036,24,5,11.87,1.474973472396,5.249344,10.5359874,36.611549728,-2.684328,-8.276678,0,250.4, 24.6, -3.1,,,0,0,364,1024,1024,1024,-100,0,0,0,245.9,0,0,90,3.958,3.954,3.959,0,0,0,6.593,82.76,1.474973472396,5.249344,38,Tripod,
121500,2026-05-22 08:27:51,51.9887174079926,4.38993541835831,5.249344,,,1.474973472396,6.233596,7.717443,37.536746608,77.617784636,24,5,11.87,1.474973472396,5.249344,10.5359874,37.536746608,-2.23694,-7.381902,0,250.1, 25.8, -4.1,,,0,0,364,1024,1024,1024,-100,0,0,0,245.9,0,0,90,3.958,3.954,3.959,0,0,0,6.593,82.76,1.474973472396,5.249344,38,Tripod,
121600,2026-05-22 08:27:51,51.988716552826,4.38993103174009,5.249344,,,1.474973472396,6.233596,6.5094954,38.343833248,78.65157732,23,5,11.87,1.474973472396,5.249344,10.5359874,38.343833248,-1.789552,-6.263432,0,249.7, 26.4, -3.7,,,0,0,364,1024,1024,1024,-100,0,0,0,245.9,0,0,90,3.958,3.954,3.959,0,0,0,6.593,82.76,1.474973472396,5.249344,38,Tripod,
121700,2026-05-22 08:27:51,51.9887156209591,4.38992676848335,5.249344,,,1.474973472396,6.233596,6.5094954,39.168636424,79.667981552,23,5,11.872,1.474973472396,5.249344,10.5359874,39.168636424,-1.565858,-5.144962,0,249.6, 25, -3.5,,,0,0,760,1024,1024,1024,-40,0,0,0,245.9,0,0,90,3.96,3.954,3.951,0,0,0,6.529,82.76,1.474973472396,5.249344,38,Tripod,
121800,2026-05-22 08:27:52,51.9887150418642,4.3899236795986,5.249344,,,1.474973472396,6.233596,4.3844024,39.743111508,80.393375276,23,5,11.872,1.474973472396,5.249344,10.5359874,39.743111508,-1.11847,-4.250186,0,249.6, 23.7, -3.7,,,0,0,1024,1024,1024,1024,0,0,0,0,245.9,0,0,90,3.96,3.954,3.951,0,0,0,6.529,82.76,1.474973472396,5.249344,38,Tripod,
121900,2026-05-22 08:27:52,51.9887143847324,4.38991960794683,5.249344,,,1.474973472396,6.56168,3.467257,40.476707332,81.339241448,23,5,11.872,1.474973472396,5.249344,10.5359874,40.476707332,-0.894776,-3.35541,0,249.8, 16.4, -5.5,,,0,0,1024,1024,1024,1024,0,0,0,0,245.9,0,0,90,3.96,3.954,3.951,0,0,0,6.529,82.76,1.474973472396,5.249344,38,Tripod,
122000,2026-05-22 08:27:52,51.9887140075359,4.38991749566611,5.249344,,,1.474973472396,6.56168,2.7738056,40.871392384,81.833335952,23,5,11.872,1.474973472396,5.249344,10.5359874,40.871392384,-0.671082,-2.684328,0,250, 12.8, -3.9,,,0,0,1024,1024,1024,1024,0,0,0,0,245.9,0,0,90,3.96,3.954,3.951,0,0,0,6.529,82.76,1.474973472396,5.249344,38,Tripod,
122100,2026-05-22 08:27:52,51.9887135958058,4.38991497024439,5.249344,,,1.474973472396,6.56168,2.2816788,41.334646992,82.420278228,23,5,11.872,1.474973472396,5.249344,10.5359874,41.334646992,-0.447388,-2.23694,0,250, 11.9, -4.6,,,0,0,1024,1024,1024,1024,0,0,0,0,245.9,0,0,90,3.96,3.954,3.951,0,0,0,6.529,82.76,1.474973472396,5.249344,38,Tripod,
122200,2026-05-22 08:27:52,51.988713332559,4.38991346998538,5.249344,,,1.474973472396,6.56168,1.8342908,41.616799232,82.77067194,23,5,11.872,1.474973472396,5.249344,10.5359874,41.616799232,-0.447388,-1.789552,0,250, 10.1, -4.4,,,0,0,1024,1024,1024,1024,0,0,0,0,245.9,0,0,90,3.96,3.954,3.951,0,0,0,6.529,82.76,1.474973472396,5.249344,38,Tripod,
122300,2026-05-22 08:27:52,51.9887128492345,4.38991130001301,5.249344,,,1.474973472396,6.56168,1.3645334,42.055775624,83.289372744,23,5,11.872,1.474973472396,5.249344,10.5359874,42.055775624,-0.223694,-1.342164,0,250.1, 8.4, -4.6,,,0,0,1024,1024,1024,1024,0,0,0,0,245.9,0,0,90,3.96,3.954,3.951,0,0,0,6.529,82.76,1.474973472396,5.249344,38,Tripod,
122400,2026-05-22 08:27:52,51.9887126364045,4.38991021275579,5.249344,,,1.474973472396,6.56168,1.1408394,42.268374056,83.545606348,23,5,11.872,1.474973472396,5.249344,10.5359874,42.268374056,-0.223694,-1.11847,0,250.1, 6.6, -4.3,,,0,0,1024,1024,1024,1024,0,0,0,0,245.9,0,0,90,3.96,3.954,3.951,0,0,0,6.529,82.76,1.474973472396,5.249344,38,Tripod,
122500,2026-05-22 08:27:52,51.9887124008977,4.38990918408744,5.249344,,,1.474973472396,6.56168,0.7158208,42.479332068,83.791997432,23,5,11.872,1.474973472396,5.249344,10.5359874,42.479332068,-0.223694,-0.671082,0,250.1, 5.1, -3.9,,,0,0,1024,1024,1024,1024,0,0,0,0,245.9,0,0,90,3.96,3.954,3.951,0,0,0,6.529,82.76,1.474973472396,5.249344,38,Tripod,
122600,2026-05-22 08:27:52,51.9887122159704,4.38990839550615,5.249344,,,1.474973472396,6.56168,0.447388,42.6427179,83.981629984,23,5,11.872,1.474973472396,5.249344,10.5359874,42.6427179,0,-0.447388,0,250.2, 4.1, -3.8,,,0,0,898,1024,1024,1024,-19,0,0,0,245.9,0,0,90,3.96,3.954,3.951,0,0,0,6.529,82.76,1.474973472396,5.249344,38,Tripod,
122700,2026-05-22 08:27:52,51.9887122725298,4.3899079652609,5.249344,,,1.474973472396,6.56168,0.223694,42.68700924,84.080711352,23,5,11.807,1.474973472396,5.249344,10.5359874,42.68700924,0,-0.223694,0,250.3, 3.2, -3.3,,,0,0,364,1024,1024,1024,-100,0,0,0,245.9,0,0,90,3.952,3.947,3.952,0,0,0,7.266,82.76,1.474973472396,5.249344,38,Tripod,
122800,2026-05-22 08:27:53,51.9887121374881,4.38990738323269,5.249344,,,1.474973472396,6.56168,0.223694,42.807416068,84.220475136,24,5,11.807,1.474973472396,5.249344,10.5359874,42.807416068,0,-0.223694,0,250.3, 6.4, -3.3,,,0,0,364,1024,1024,1024,-100,0,0,0,245.9,0,0,90,3.952,3.947,3.952,0,0,0,7.266,82.76,1.474973472396,5.249344,38,Tripod,
122900,2026-05-22 08:27:53,51.9887123512948,4.38990779842571,5.249344,,,1.474973472396,6.56168,0,42.688321576,84.341866216,24,5,11.807,1.474973472396,5.249344,10.5359874,42.807416068,0,0,0,250.3, 11.8, -3.3,,,0,0,364,1024,1024,1024,-100,0,0,0,245.9,0,0,90,3.952,3.947,3.952,0,0,0,7.266,82.76,1.474973472396,5.249344,38,Tripod,
123000,2026-05-22 08:27:53,51.9887123217301,4.38990768004475,5.249344,,,1.474973472396,6.56168,0.447388,42.71325596,84.370737608,24,5,11.807,1.474973472396,5.249344,10.5359874,42.807416068,0,0.447388,0,250.5, 13.6, -3.5,,,0,0,364,1024,1024,1024,-100,0,0,0,245.9,0,0,90,3.952,3.947,3.952,0,0,0,7.266,82.76,1.474973472396,5.249344,38,Tripod,
123100,2026-05-22 08:27:53,51.988712461398,4.38990855515668,5.249344,,,1.474973472396,6.56168,0.9171454,42.550198212,84.573821604,24,5,11.807,1.474973472396,5.249344,10.5359874,42.807416068,0.223694,0.894776,0,250.3, 14.4, -3.1,,,0,0,364,1024,1024,1024,-100,0,0,0,245.9,0,0,90,3.952,3.947,3.952,0,0,0,7.266,82.76,1.474973472396,5.249344,38,Tripod,
123200,2026-05-22 08:27:53,51.9887125581966,4.38990910806108,5.249344,,,1.474973472396,6.56168,1.4092722,42.445211332,84.702758616,24,5,11.807,1.474973472396,5.249344,10.5359874,42.807416068,0.447388,1.342164,0,250.2, 14.9, -2.7,,,0,0,364,1024,1024,1024,-100,0,0,0,245.9,0,0,90,3.952,3.947,3.952,0,0,0,7.266,82.76,1.474973472396,5.249344,38,Tripod,
123300,2026-05-22 08:27:53,51.9887130119564,4.38991065504961,5.249344,,,1.474973472396,6.56168,2.0579848,42.099082712,85.087929232,24,5,11.807,1.474973472396,5.249344,10.5359874,42.807416068,0.447388,2.013246,0,250.2, 15.4, -2.9,,,0,0,364,1024,1024,1024,-100,0,0,0,245.9,0,0,90,3.952,3.947,3.952,0,0,0,7.266,82.76,1.474973472396,5.249344,38,Tripod,
123400,2026-05-22 08:27:53,51.9887132782017,4.38991188669601,5.249344,,,1.474973472396,6.56168,2.5501116,41.851379292,85.381236328,24,5,11.807,1.474973472396,5.249344,10.5359874,42.807416068,0.671082,2.460634,0,250.4, 15.5, -3.2,,,0,0,364,1024,1024,1024,-100,0,0,0,245.9,0,0,90,3.952,3.947,3.952,0,0,0,7.266,82.76,1.474973472396,5.249344,38,Tripod,
123500,2026-05-22 08:27:53,51.9887137052068,4.38991359549778,5.249344,,,1.474973472396,6.56168,3.0422384,41.492127312,85.79560642,24,5,11.807,1.474973472396,5.249344,10.5359874,42.807416068,0.894776,2.908022,0,250.5, 15.5, -3.3,,,0,0,364,1024,1024,1024,-100,0,0,0,245.9,0,0,90,3.952,3.947,3.952,0,0,0,7.266,82.76,1.474973472396,5.249344,38,Tripod,
123600,2026-05-22 08:27:53,51.9887141241589,4.38991546766394,5.249344,,,1.474973472396,6.56168,3.5343652,41.11384646,86.243112996,24,5,11.807,1.474973472396,5.249344,10.5359874,42.807416068,1.11847,3.35541,0,250.5, 15.4, -3.6,,,0,0,364,1024,1024,1024,-100,0,0,0,245.9,0,0,90,3.952,3.947,3.952,0,0,0,7.266,82.76,1.474973472396,5.249344,38,Tripod,
123700,2026-05-22 08:27:53,51.9887147797316,4.38991781063481,5.577428,,,1.803057472396,6.56168,3.9593838,40.604003924,86.821197004,24,5,11.846,1.803057472396,5.577428,10.5359874,42.807416068,1.11847,3.802798,0,250.6, 15.1, -3.6,,,0,0,364,1024,1024,1024,-100,0,0,0,245.9,0,0,90,3.951,3.946,3.951,0,0,0,6.872,82.76,1.803057472396,5.577428,38,Tripod,
123800,2026-05-22 08:27:54,51.9887153321576,4.38992029480881,5.577428,,,1.803057472396,6.56168,4.4515106,40.107284748,87.41470096,24,5,11.846,1.803057472396,5.577428,10.5359874,42.807416068,1.342164,4.250186,0,250.6, 14.8, -3.2,,,0,0,364,1024,1024,1024,-100,0,0,0,245.9,0,0,90,3.951,3.946,3.951,0,0,0,6.872,82.76,1.803057472396,5.577428,38,Tripod,
123900,2026-05-22 08:27:54,51.9887159176693,4.38992339476768,5.577428,,,1.803057472396,6.56168,4.9436374,39.521982892,88.14304744,24,5,11.846,1.803057472396,5.577428,10.5359874,42.807416068,1.565858,4.697574,0,250.5, 14.5, -3.4,,,0,0,364,1024,1024,1024,-100,0,0,0,245.9,0,0,90,3.951,3.946,3.951,0,0,0,6.872,82.76,1.803057472396,5.577428,38,Tripod,
124000,2026-05-22 08:27:54,51.9887165819212,4.38992645015697,5.577428,,,1.803057472396,6.56168,5.1673314,38.92388576,88.871065836,24,5,11.846,1.803057472396,5.577428,10.5359874,42.807416068,1.565858,4.921268,0,250.6, 14.6, -3.7,,,0,0,364,1024,1024,1024,-100,0,0,0,245.9,0,0,90,3.951,3.946,3.951,0,0,0,6.872,82.76,1.803057472396,5.577428,38,Tripod,
124100,2026-05-22 08:27:54,51.9887172533849,4.38992955410512,5.577428,,,1.803057472396,6.233596,5.6594582,38.321523536,89.610239088,24,5,11.846,1.803057472396,5.577428,10.5359874,42.807416068,1.789552,5.368656,0,250.5, 14.6, -3.6,,,0,0,364,1024,1024,1024,-100,0,0,0,245.9,0,0,90,3.951,3.946,3.951,0,0,0,6.872,82.76,1.803057472396,5.577428,38,Tripod,
124200,2026-05-22 08:27:54,51.988718002672,4.38993305205515,5.577428,,,1.803057472396,6.233596,6.0844768,37.651247924,90.442588196,24,5,11.846,1.803057472396,5.577428,10.5359874,42.807416068,1.789552,5.816044,0,250.4, 14.4, -3.4,,,0,0,364,1024,1024,1024,-100,0,0,0,245.9,0,0,90,3.951,3.946,3.951,0,0,0,6.872,82.76,1.803057472396,5.577428,38,Tripod,
124300,2026-05-22 08:27:54,51.9887189104229,4.38993714712062,5.249344,,,1.474973472396,6.233596,6.375279,36.865486744,91.420278516,24,5,11.846,1.803057472396,5.577428,10.5359874,42.807416068,2.013246,6.039738,0,250.3, 14.3, -3.6,,,0,0,364,1024,1024,1024,-100,0,0,0,245.9,0,0,90,3.951,3.946,3.951,0,0,0,6.872,82.76,1.474973472396,5.249344,38,Tripod,
124400,2026-05-22 08:27:54,51.9887197756901,4.38994114032505,5.249344,,,1.474973472396,6.233596,6.8002976,36.114174384,92.371394032,24,5,11.846,1.803057472396,5.577428,10.5359874,42.807416068,2.013246,6.487126,0,250.4, 13.4, -3.7,,,0,0,364,1024,1024,1024,-100,0,0,0,245.9,0,0,90,3.951,3.946,3.951,0,0,0,6.872,82.76,1.474973472396,5.249344,38,Tripod,
124500,2026-05-22 08:27:54,51.9887207414825,4.38994541337604,5.249344,,,1.474973472396,6.233596,7.0687304,35.308728164,93.39403186,24,5,11.846,1.803057472396,5.577428,10.5359874,42.807416068,2.23694,6.71082,0,250.4, 12.7, -3.9,,,0,0,364,1024,1024,1024,-100,0,0,0,245.9,0,0,90,3.951,3.946,3.951,0,0,0,6.872,82.76,1.474973472396,5.249344,38,Tripod,
124600,2026-05-22 08:27:54,51.9887216941159,4.38994984823332,5.249344,,,1.474973472396,6.233596,7.493749,34.500657272,94.449478088,24,5,11.846,1.803057472396,5.577428,10.5359874,42.807416068,2.23694,7.158208,0,250.4, 11.8, -3.9,,,0,0,364,1024,1024,1024,-100,0,0,0,245.9,0,0,90,3.951,3.946,3.951,0,0,0,6.872,82.76,1.474973472396,5.249344,38,Tripod,
124700,2026-05-22 08:27:54,51.9887227426227,4.38995475061213,5.249344,,,1.474973472396,6.233596,7.7845512,33.624672992,95.615488624,24,5,11.855,1.803057472396,5.577428,10.5359874,42.807416068,2.460634,7.381902,0,250.3, 11.6, -3.7,,,0,0,364,1024,1024,1024,-100,0,0,0,245.9,0,0,90,3.949,3.942,3.948,0,0,0,6.853,82.94,1.474973472396,5.249344,38,Tripod,
124800,2026-05-22 08:27:55,51.988723763141,4.3899595369922,5.249344,,,1.474973472396,6.233596,7.9858758,32.7879931752,96.75361202,24,5,11.855,1.803057472396,5.577428,10.5359874,42.807416068,2.460634,7.605596,0,250.3, 11.3, -3.8,,,0,0,364,1024,1024,1024,-100,0,0,0,245.9,0,0,90,3.949,3.942,3.948,0,0,0,6.853,82.94,1.474973472396,5.249344,38,Tripod,
124900,2026-05-22 08:27:55,51.9887249274051,4.38996499516886,5.249344,,,1.474973472396,6.233596,8.2095698,31.856464274,98.051512324,24,5,11.855,1.803057472396,5.577428,10.5359874,42.807416068,2.460634,7.82929,0,250.3, 11.1, -3.9,,,0,0,364,1024,1024,1024,-100,0,0,0,245.9,0,0,90,3.949,3.942,3.948,0,0,0,6.853,82.94,1.474973472396,5.249344,38,Tripod,
125000,2026-05-22 08:27:55,51.9887260169649,4.3899700895596,5.249344,,,1.474973472396,5.905512,8.276678,31.0098107036,99.263126536,24,5,11.855,1.803057472396,5.577428,10.5359874,42.807416068,2.684328,7.82929,0,250.3, 10.9, -4.1,,,0,0,364,1024,1024,1024,-100,0,0,0,245.9,0,0,90,3.949,3.942,3.948,0,0,0,6.853,82.94,1.474973472396,5.249344,38,Tripod,
125100,2026-05-22 08:27:55,51.988727211599,4.38997566370718,5.249344,,,1.474973472396,5.905512,8.4780026,30.1111886276,100.589242064,24,5,11.855,1.803057472396,5.577428,10.5359874,42.807416068,2.684328,8.052984,0,250.2, 11, -4,,,0,0,364,1024,1024,1024,-100,0,0,0,245.9,0,0,90,3.949,3.942,3.948,0,0,0,6.853,82.94,1.474973472396,5.249344,38,Tripod,
125200,2026-05-22 08:27:55,51.988728353212,4.38998104175628,5.249344,,,1.474973472396,5.905512,8.7016966,29.2787410944,101.867129244,24,5,11.855,1.803057472396,5.577428,10.5359874,42.807416068,2.684328,8.276678,0,250.2, 10.4, -3.9,,,0,0,364,1024,1024,1024,-100,0,0,0,245.9,0,0,90,3.949,3.942,3.948,0,0,0,6.853,82.94,1.474973472396,5.249344,38,Tripod,
125300,2026-05-22 08:27:55,51.9887294445195,4.38998631566804,5.249344,,,1.474973472396,5.905512,8.9030212,28.5042331956,103.117129284,24,5,11.855,1.803057472396,5.577428,10.5359874,42.807416068,2.684328,8.500372,0,250.3, 9.8, -4.1,,,0,0,364,1024,1024,1024,-100,0,0,0,245.9,0,0,90,3.949,3.942,3.948,0,0,0,6.853,82.94,1.474973472396,5.249344,38,Tripod,
125400,2026-05-22 08:27:55,51.9887306162711,4.38999188597077,5.249344,,,1.474973472396,5.905512,8.9030212,27.7172581048,104.439963972,24,5,11.855,1.803057472396,5.577428,10.5359874,42.807416068,2.684328,8.500372,0,250.2, 10.4, -4.2,,,0,0,364,1024,1024,1024,-100,0,0,0,245.9,0,0,90,3.949,3.942,3.948,0,0,0,6.853,82.94,1.474973472396,5.249344,38,Tripod,
125500,2026-05-22 08:27:55,51.988731803589,4.38999786021885,5.249344,,,1.474973472396,5.905512,9.1938234,26.9444234344,105.850397088,24,5,11.855,1.803057472396,5.577428,10.5359874,42.807416068,2.908022,8.724066,0,250.2, 10.5, -4.1,,,0,0,364,1024,1024,1024,-100,0,0,0,245.9,0,0,90,3.949,3.942,3.948,0,0,0,6.853,82.94,1.474973472396,5.249344,38,Tripod,
125600,2026-05-22 08:27:55,51.9887330013329,4.3900036181331,5.249344,,,1.474973472396,5.905512,9.1938234,26.2307423092,107.215882696,24,5,11.855,1.803057472396,5.577428,10.5359874,42.807416068,2.908022,8.724066,0,250.1, 10.3, -3.9,,,0,0,364,1024,1024,1024,-100,0,0,0,245.9,0,0,90,3.949,3.942,3.948,0,0,0,6.853,82.94,1.474973472396,5.249344,38,Tripod,
125700,2026-05-22 08:27:56,51.9887344905605,4.39001014963759,5.249344,,,1.474973472396,5.905512,9.4175174,25.4385178744,108.780515292,24,5,11.841,1.803057472396,5.577428,10.5359874,42.807416068,2.908022,8.94776,0,250.2, 5.3, -4,,,0,0,364,1024,1024,1024,-100,0,0,0,245.9,0,0,90,3.956,3.95,3.953,0,0,0,6.953,82.94,1.474973472396,5.249344,38,Tripod,
125800,2026-05-22 08:27:56,51.988735725211,4.39001601377717,5.249344,,,1.474973472396,5.577428,9.1938234,24.827100532,110.173231872,24,5,11.841,1.803057472396,5.577428,10.5359874,42.807416068,2.908022,8.724066,0,250.6, -1.5, -4.1,,,0,0,364,1024,1024,1024,-100,0,0,0,245.9,0,0,90,3.956,3.95,3.953,0,0,0,6.953,82.94,1.474973472396,5.249344,38,Tripod,
125900,2026-05-22 08:27:56,51.9887369381014,4.3900217865319,5.249344,,,1.474973472396,5.577428,8.9030212,24.2891411972,111.54363874,24,5,11.841,1.803057472396,5.577428,10.5359874,42.807416068,2.684328,8.500372,0,251.3, -1.9, -4.4,,,0,0,364,1024,1024,1024,-100,0,0,0,245.9,0,0,90,3.956,3.95,3.953,0,0,0,6.953,82.94,1.474973472396,5.249344,38,Tripod,
126000,2026-05-22 08:27:56,51.9887380890523,4.39002729867297,5.577428,,,1.803057472396,5.577428,8.4780026,23.8403550936,112.851381564,24,5,11.841,1.803057472396,5.577428,10.5359874,42.807416068,2.684328,8.052984,0,251.6, -0.9, -4.4,,,0,0,364,1024,1024,1024,-100,0,0,0,245.9,0,0,90,3.956,3.95,3.953,0,0,0,6.953,82.94,1.803057472396,5.577428,38,Tripod,
126100,2026-05-22 08:27:56,51.9887391133744,4.39003285109435,5.577428,,,1.803057472396,5.577428,8.2095698,23.502625424,114.15354696,24,5,11.841,1.803057472396,5.577428,10.5359874,42.807416068,2.460634,7.82929,0,251.7, 1.2, -4.1,,,0,0,364,1024,1024,1024,-100,0,0,0,245.9,0,0,90,3.956,3.95,3.953,0,0,0,6.953,82.94,1.803057472396,5.577428,38,Tripod,
126200,2026-05-22 08:27:56,51.9887401848321,4.39003811437034,5.249344,,,1.474973472396,5.577428,8.2095698,23.2089574356,115.398953824,24,5,11.841,1.803057472396,5.577428,10.5359874,42.807416068,2.460634,7.82929,0,251.5, 2.2, -3.8,,,0,0,364,1024,1024,1024,-100,0,0,0,245.9,0,0,90,3.956,3.95,3.953,0,0,0,6.953,82.94,1.474973472396,5.249344,38,Tripod,
126300,2026-05-22 08:27:56,51.9887412492306,4.39004330408853,5.249344,,,1.474973472396,5.577428,7.9858758,22.9790361684,116.627956488,24,5,11.841,1.803057472396,5.577428,10.5359874,42.807416068,2.460634,7.605596,0,251.2, 1.6, -3.6,,,0,0,364,1024,1024,1024,-100,0,0,0,245.9,0,0,90,3.956,3.95,3.953,0,0,0,6.953,82.94,1.474973472396,5.249344,38,Tripod,
126400,2026-05-22 08:27:56,51.988742282094,4.39004839452217,5.249344,,,1.474973472396,5.577428,7.7845512,22.8196529612,117.832352852,24,5,11.841,1.803057472396,5.577428,10.5359874,42.807416068,2.460634,7.381902,0,251.2, 1.5, -3.4,,,0,0,364,1024,1024,1024,-100,0,0,0,245.9,0,0,90,3.956,3.95,3.953,0,0,0,6.953,82.94,1.474973472396,5.249344,38,Tripod,
126500,2026-05-22 08:27:56,51.9887435946486,4.39005451807773,5.249344,,,1.474973472396,5.577428,7.717443,22.6865820908,119.289045812,24,5,11.841,1.803057472396,5.577428,10.5359874,42.807416068,2.23694,7.381902,0,251.3, -0.2, -3.5,,,0,0,364,1024,1024,1024,-100,0,0,0,245.9,0,0,90,3.956,3.95,3.953,0,0,0,6.953,82.94,1.474973472396,5.249344,38,Tripod,
126600,2026-05-22 08:27:56,51.9887446144044,4.39005952248437,5.249344,,,1.474973472396,5.577428,7.493749,22.6652238224,120.473429052,24,5,11.841,1.803057472396,5.577428,10.5359874,42.807416068,2.23694,7.158208,0,251.5, -1.4, -3.7,,,0,0,364,1024,1024,1024,-100,0,0,0,245.9,0,0,90,3.956,3.95,3.953,0,0,0,6.953,82.94,1.474973472396,5.249344,38,Tripod,
126700,2026-05-22 08:27:57,51.9887458022963,4.3900646080828,5.249344,,,1.474973472396,5.577428,7.2924244,22.655512536,121.695541952,24,5,11.858,1.803057472396,5.577428,10.5359874,42.807416068,2.23694,6.934514,0,251.5, -2.6, -4,,,0,0,364,1024,1024,1024,-100,0,0,0,245.9,0,0,90,3.955,3.95,3.954,0,0,0,6.614,82.94,1.474973472396,5.249344,38,Tripod,
126800,2026-05-22 08:27:57,51.9887467832822,4.39006931369345,5.249344,,,1.474973472396,5.577428,7.0016222,22.7443576832,122.81168372,24,5,11.858,1.803057472396,5.577428,10.5359874,42.807416068,2.013246,6.71082,0,251.5, -3, -4,,,0,0,364,1024,1024,1024,-100,0,0,0,245.9,0,0,90,3.955,3.95,3.954,0,0,0,6.614,82.94,1.474973472396,5.249344,38,Tripod,
126900,2026-05-22 08:27:57,51.9887476706864,4.39007389683122,5.249344,,,1.474973472396,5.577428,6.5766036,22.905020418,123.89108008,24,5,11.858,1.803057472396,5.577428,10.5359874,42.807416068,2.013246,6.263432,0,251.7, -2.6, -3.9,,,0,0,1024,1024,1024,1024,0,0,0,0,245.9,0,0,90,3.955,3.95,3.954,0,0,0,6.614,82.94,1.474973472396,5.249344,38,Tripod,
127000,2026-05-22 08:27:57,51.9887485687309,4.39007821206555,5.249344,,,1.474973472396,5.577428,6.0844768,23.0816280352,124.914374076,24,5,11.858,1.803057472396,5.577428,10.5359874,42.807416068,1.789552,5.816044,0,252, -12.7, -3.5,,,0,0,1024,1024,1024,1024,0,0,0,0,245.9,0,0,90,3.955,3.95,3.954,0,0,0,6.614,82.94,1.474973472396,5.249344,38,Tripod,
127100,2026-05-22 08:27:57,51.9887494739973,4.39008236954175,5.249344,,,1.474973472396,5.577428,5.368656,23.2807094064,125.905187756,24,5,11.858,1.803057472396,5.577428,10.5359874,42.807416068,1.565858,5.144962,0,252.7, -20.5, -3.4,,,0,0,1024,1024,1024,1024,0,0,0,0,245.9,0,0,90,3.955,3.95,3.954,0,0,0,6.614,82.94,1.474973472396,5.249344,38,Tripod,
127200,2026-05-22 08:27:57,51.9887502027107,4.39008578616738,5.249344,,,1.474973472396,5.249344,4.4515106,23.479003376,126.71752374,24,5,11.858,1.803057472396,5.577428,10.5359874,42.807416068,1.342164,4.250186,0,253.2, -20.4, -3.5,,,0,0,1024,1024,1024,1024,0,0,0,0,245.9,0,0,90,3.955,3.95,3.954,0,0,0,6.614,82.94,1.474973472396,5.249344,38,Tripod,
127300,2026-05-22 08:27:57,51.9887506793058,4.39008834094948,5.249344,,,1.474973472396,5.249344,3.5343652,23.6646661116,127.317589376,24,5,11.858,1.803057472396,5.577428,10.5359874,42.807416068,1.11847,3.35541,0,253.2, -17.8, -3.7,,,0,0,1024,1024,1024,1024,0,0,0,0,245.9,0,0,90,3.955,3.95,3.954,0,0,0,6.614,82.94,1.474973472396,5.249344,38,Tripod,
127400,2026-05-22 08:27:57,51.9887511933434,4.39009061838407,5.249344,,,1.474973472396,5.249344,2.8185444,23.8156503684,127.8625369,23,5,11.858,1.803057472396,5.577428,10.5359874,42.807416068,0.894776,2.684328,0,253.2, -14.7, -3.9,,,0,0,1024,1024,1024,1024,0,0,0,0,245.9,0,0,90,3.955,3.95,3.954,0,0,0,6.614,82.94,1.474973472396,5.249344,38,Tripod,
127500,2026-05-22 08:27:57,51.988751727307,4.39009273954203,5.249344,,,1.474973472396,5.249344,2.125093,23.9506897428,128.377300696,23,5,11.858,1.803057472396,5.577428,10.5359874,42.807416068,0.671082,2.013246,0,253.2, -12.2, -4.2,,,0,0,421,1024,1024,1024,-91,0,0,0,245.9,0,0,90,3.955,3.95,3.954,0,0,0,6.614,82.94,1.474973472396,5.249344,38,Tripod,
127600,2026-05-22 08:27:57,51.9887521035397,4.3900942594373,5.249344,,,1.474973472396,5.249344,1.6329662,24.0555781976,128.745410944,23,5,11.858,1.803057472396,5.577428,10.5359874,42.807416068,0.447388,1.565858,0,253, -9.9, -4.4,,,0,0,364,1024,1024,1024,-100,0,0,0,245.9,0,0,90,3.955,3.95,3.954,0,0,0,6.614,82.94,1.474973472396,5.249344,38,Tripod,
127700,2026-05-22 08:27:58,51.988752644546,4.39009688376472,5.249344,,,1.474973472396,5.249344,1.2079476,24.2790034016,129.367130124,23,5,11.848,1.803057472396,5.577428,10.5359874,42.807416068,0.447388,1.11847,0,252.6, -4.4, -4.5,,,0,0,364,1024,1024,1024,-100,0,0,0,245.9,0,0,90,3.947,3.941,3.944,0,0,0,6.609,82.94,1.474973472396,5.249344,38,Tripod,
127800,2026-05-22 08:27:58,51.988752944001,4.39009808116656,5.249344,,,1.474973472396,5.249344,1.006623,24.3710309636,129.657484464,23,5,11.848,1.803057472396,5.577428,10.5359874,42.807416068,0.447388,0.894776,0,252, 0.4, -4.6,,,0,0,364,1024,1024,1024,-100,0,0,0,245.9,0,0,90,3.947,3.941,3.944,0,0,0,6.609,82.94,1.474973472396,5.249344,38,Tripod,
127900,2026-05-22 08:27:58,51.9887531500246,4.39009950910606,5.249344,,,1.474973472396,5.249344,0.9171454,24.5260178452,129.9868808,23,5,11.848,1.803057472396,5.577428,10.5359874,42.807416068,0.223694,0.894776,0,251.4, 2.9, -4.4,,,0,0,364,1024,1024,1024,-100,0,0,0,245.9,0,0,90,3.947,3.941,3.944,0,0,0,6.609,82.94,1.474973472396,5.249344,38,Tripod,
128000,2026-05-22 08:27:58,51.9887534157601,4.39010071204567,5.249344,,,1.474973472396,5.249344,1.2079476,24.6343183736,130.274282384,23,5,11.848,1.803057472396,5.577428,10.5359874,42.807416068,0.447388,1.11847,0,250.7, 3.9, -4.2,,,0,0,364,1024,1024,1024,-100,0,0,0,245.9,0,0,90,3.947,3.941,3.944,0,0,0,6.609,82.94,1.474973472396,5.249344,38,Tripod,
128100,2026-05-22 08:27:58,51.9887537764694,4.39010153450886,5.249344,,,1.474973472396,5.249344,1.2079476,24.6619758548,130.500988428,23,5,11.848,1.803057472396,5.577428,10.5359874,42.807416068,0.447388,1.11847,0,250.1, 4.5, -4.4,,,0,0,364,1024,1024,1024,-100,0,0,0,245.9,0,0,90,3.947,3.941,3.944,0,0,0,6.609,82.94,1.474973472396,5.249344,38,Tripod,
128200,2026-05-22 08:27:58,51.988754078135,4.39010284720437,5.249344,,,1.474973472396,5.249344,1.4092722,24.782973234,130.815949068,23,5,11.848,1.803057472396,5.577428,10.5359874,42.807416068,0.447388,1.342164,0,249.8, 4.9, -4.6,,,0,0,364,1024,1024,1024,-100,0,0,0,245.9,0,0,90,3.947,3.941,3.944,0,0,0,6.609,82.94,1.474973472396,5.249344,38,Tripod,
128300,2026-05-22 08:27:58,51.9887544213807,4.39010364942027,5.249344,,,1.474973472396,5.249344,1.6329662,24.816765886,131.035437264,23,5,11.848,1.803057472396,5.577428,10.5359874,42.807416068,0.447388,1.565858,0,249.6, 4.8, -4.3,,,0,0,419,1024,1024,1024,-92,0,0,0,245.9,0,0,90,3.947,3.941,3.944,0,0,0,6.609,82.94,1.474973472396,5.249344,38,Tripod,
128400,2026-05-22 08:27:58,51.9887547665707,4.3901051387995,5.249344,,,1.474973472396,5.249344,1.6329662,24.9602042108,131.39272074,23,5,11.848,1.803057472396,5.577428,10.5359874,42.807416068,0.447388,1.565858,0,249.7, 4.8, -4.6,,,0,0,1019,1024,1024,1024,-1,0,0,0,245.9,0,0,90,3.947,3.941,3.944,0,0,0,6.609,82.94,1.474973472396,5.249344,38,Tripod,
128500,2026-05-22 08:27:58,51.9887548569226,4.39010549221782,5.249344,,,1.474973472396,5.249344,1.8342908,24.9926845268,131.478678748,23,5,11.848,1.803057472396,5.577428,10.5359874,42.807416068,0.447388,1.789552,0,249.9, 4.1, -4.4,,,0,0,1024,1024,1024,1024,0,0,0,0,245.9,0,0,90,3.947,3.941,3.944,0,0,0,6.609,82.94,1.474973472396,5.249344,38,Tripod,
128600,2026-05-22 08:27:58,51.9887552082382,4.39010702972542,5.249344,,,1.474973472396,5.249344,1.901399,25.1476057916,131.84711708,24,5,11.848,1.803057472396,5.577428,10.5359874,42.807416068,0.671082,1.789552,0,250.2, -1.4, -4.3,,,0,0,1024,1024,1024,1024,0,0,0,0,245.9,0,0,90,3.947,3.941,3.944,0,0,0,6.609,82.94,1.474973472396,5.249344,38,Tripod,
128700,2026-05-22 08:27:59,51.9887552915394,4.39010763712846,5.249344,,,1.474973472396,5.249344,1.6329662,25.2241477888,131.987208948,24,5,11.838,1.803057472396,5.577428,10.5359874,42.807416068,0.447388,1.565858,0,251, -6, -4.2,,,0,0,1024,1024,1024,1024,0,0,0,0,245.9,0,0,90,3.948,3.944,3.948,0,0,0,7.058,82.94,1.474973472396,5.249344,38,Tripod,
128800,2026-05-22 08:27:59,51.9887555690419,4.39010889546511,5.577428,,,1.803057472396,5.249344,1.4092722,25.3579732524,132.287405808,24,5,11.838,1.803057472396,5.577428,10.5359874,42.807416068,0.447388,1.342164,0,251.7, -6.9, -4,,,0,0,1024,1024,1024,1024,0,0,0,0,245.9,0,0,90,3.948,3.944,3.948,0,0,0,7.058,82.94,1.803057472396,5.577428,38,Tripod,
128900,2026-05-22 08:27:59,51.9887556355858,4.39010923785033,5.249344,,,1.474973472396,5.249344,1.1408394,25.397146482,132.368114472,24,5,11.838,1.803057472396,5.577428,10.5359874,42.807416068,0.223694,1.11847,0,251.9, -6.1, -3.9,,,0,0,1024,1024,1024,1024,0,0,0,0,245.9,0,0,90,3.948,3.944,3.948,0,0,0,7.058,82.94,1.474973472396,5.249344,38,Tripod,
129000,2026-05-22 08:27:59,51.9887558259403,4.39011006353395,5.577428,,,1.803057472396,5.249344,0.9171454,25.4849417604,132.566277208,24,5,11.838,1.803057472396,5.577428,10.5359874,42.807416068,0.223694,0.894776,0,251.9, -4.9, -4,,,0,0,1024,1024,1024,1024,0,0,0,0,245.9,0,0,90,3.948,3.944,3.948,0,0,0,7.058,82.94,1.803057472396,5.577428,38,Tripod,
129100,2026-05-22 08:27:59,51.9887559511042,4.39011035242997,5.249344,,,1.474973472396,5.249344,0.7158208,25.5014443856,132.645673536,24,5,11.838,1.803057472396,5.577428,10.5359874,42.807416068,0.223694,0.671082,0,252, -4.2, -4,,,0,0,1039,1024,1024,1024,2,0,0,0,245.9,0,0,90,3.948,3.944,3.948,0,0,0,7.058,82.94,1.474973472396,5.249344,38,Tripod,
129200,2026-05-22 08:27:59,51.9887560880691,4.39011088797245,5.577428,,,1.803057472396,5.249344,0.447388,25.5560703716,132.775922884,24,5,11.838,1.803057472396,5.577428,10.5359874,42.807416068,0,0.447388,0,252, -3.4, -4,,,0,0,1150,1024,1024,1024,19,0,0,0,245.9,0,0,90,3.948,3.944,3.948,0,0,0,7.058,82.94,1.803057472396,5.577428,38,Tripod,
129300,2026-05-22 08:27:59,51.9887561659988,4.39011136333318,5.577428,,,1.803057472396,5.249344,0.447388,25.6157488512,132.886159108,24,5,11.838,1.803057472396,5.577428,10.5359874,42.807416068,0,0.447388,0,251.9, -2.9, -4,,,0,0,1215,1024,1024,1024,29,0,0,0,245.9,0,0,90,3.948,3.944,3.948,0,0,0,7.058,82.94,1.803057472396,5.577428,38,Tripod,
129400,2026-05-22 08:27:59,51.988756260193,4.39011172881978,5.577428,,,1.803057472396,5.249344,0.223694,25.6534457028,132.975397956,24,5,11.838,1.803057472396,5.577428,10.5359874,42.807416068,0,0.223694,0,251.7, -2.7, -3.9,,,0,0,1266,1024,1024,1024,37,0,0,0,245.9,0,0,90,3.948,3.944,3.948,0,0,0,7.058,82.94,1.803057472396,5.577428,38,Tripod,
129500,2026-05-22 08:27:59,51.988756253288,4.39011217313669,5.577428,,,1.803057472396,5.249344,0.223694,25.7292659152,133.075135492,24,5,11.838,1.803057472396,5.577428,10.5359874,42.807416068,0,0.223694,0,251.7, -2.6, -3.9,,,0,0,1280,1024,1024,1024,39,0,0,0,245.9,0,0,90,3.948,3.944,3.948,0,0,0,7.058,82.94,1.803057472396,5.577428,38,Tripod,
129600,2026-05-22 08:27:59,51.9887563082967,4.3901124224124,5.577428,,,1.803057472396,5.249344,0.223694,25.7575139476,133.13484678,24,5,11.838,1.803057472396,5.577428,10.5359874,42.807416068,0,0.223694,0,251.7, -2.9, -3.8,,,0,0,1299,1024,1024,1024,42,0,0,0,245.9,0,0,90,3.948,3.944,3.948,0,0,0,7.058,82.94,1.803057472396,5.577428,38,Tripod,
129700,2026-05-22 08:27:59,51.9887564410081,4.39011254014658,5.577428,,,1.803057472396,5.249344,0,25.7449483304,133.189964892,24,5,11.839,1.803057472396,5.577428,10.5359874,42.807416068,0,0,0,251.8, -3, -3.7,,,0,0,1299,1024,1024,1024,42,0,0,0,245.9,0,0,90,3.948,3.942,3.948,0,0,0,6.869,82.94,1.803057472396,5.577428,38,Tripod,
129800,2026-05-22 08:28:00,51.9887564783303,4.39011264251534,5.577428,,,1.803057472396,5.249344,0,25.7530520052,133.216539696,24,5,11.839,1.803057472396,5.577428,10.5359874,42.807416068,0,0,0,251.8, -2.7, -3.7,,,0,0,1324,1024,1024,1024,45,0,0,0,245.9,0,0,90,3.948,3.942,3.948,0,0,0,6.869,82.94,1.803057472396,5.577428,38,Tripod,
129900,2026-05-22 08:28:00,51.9887565433024,4.39011252188051,5.577428,,,1.803057472396,5.249344,0,25.717028382,133.252628936,24,5,11.839,1.803057472396,5.577428,10.5359874,42.807416068,0,0,0,251.8, -3.1, -3.8,,,0,0,1410,1024,1024,1024,58,0,0,0,245.9,0,0,90,3.948,3.942,3.948,0,0,0,6.869,82.94,1.803057472396,5.577428,38,Tripod,
130000,2026-05-22 08:28:00,51.9887565629337,4.3901124850355,5.577428,,,1.803057472396,5.249344,0,25.7061031848,133.263455708,24,5,11.839,1.803057472396,5.577428,10.5359874,42.807416068,0,0,0,251.7, -3.8, -3.9,,,0,0,1439,1024,1024,1024,63,0,0,0,245.9,0,0,90,3.948,3.942,3.948,0,0,0,6.869,82.94,1.803057472396,5.577428,38,Tripod,
130100,2026-05-22 08:28:00,51.9887565314371,4.39011219552725,5.249344,,,1.474973472396,5.249344,0.223694,25.6652239184,133.329728676,24,5,11.839,1.803057472396,5.577428,10.5359874,42.807416068,0,-0.223694,0,252, -5.2, -3.9,,,0,0,1414,1024,1024,1024,59,0,0,0,245.9,0,0,90,3.948,3.942,3.948,0,0,0,6.869,82.94,1.474973472396,5.249344,38,Tripod,
130200,2026-05-22 08:28:00,51.9887565129709,4.39011196355754,5.249344,,,1.474973472396,5.249344,0.447388,25.630906332,133.382222116,24,5,11.839,1.803057472396,5.577428,10.5359874,42.807416068,0,-0.447388,0,252.1, -5.6, -4,,,0,0,1413,1024,1024,1024,59,0,0,0,245.9,0,0,90,3.948,3.942,3.948,0,0,0,6.869,82.94,1.474973472396,5.249344,38,Tripod,
130300,2026-05-22 08:28:00,51.9887565185694,4.39011158977951,5.249344,,,1.474973472396,5.249344,0.671082,25.567093994,133.46621162,24,5,11.839,1.803057472396,5.577428,10.5359874,42.807416068,0,-0.671082,0,252.1, -5.6, -4,,,0,0,1464,1024,1024,1024,67,0,0,0,245.9,0,0,90,3.948,3.942,3.948,0,0,0,6.869,82.94,1.474973472396,5.249344,38,Tripod,
130400,2026-05-22 08:28:00,51.9887564556748,4.3901111166515,5.249344,,,1.474973472396,5.249344,0.7158208,25.5036425484,133.574807424,24,5,11.839,1.803057472396,5.577428,10.5359874,42.807416068,-0.223694,-0.671082,0,252.2, -5.5, -4.1,,,0,0,1492,1024,1024,1024,71,0,0,0,245.9,0,0,90,3.948,3.942,3.948,0,0,0,6.869,82.94,1.474973472396,5.249344,38,Tripod,
130500,2026-05-22 08:28:00,51.9887563256791,4.39011046908543,5.249344,,,1.474973472396,5.249344,0.9171454,25.4281176116,133.728022652,24,5,11.839,1.803057472396,5.577428,10.5359874,42.807416068,-0.223694,-0.894776,0,252.3, -6.1, -4.1,,,0,0,1492,1024,1024,1024,71,0,0,0,245.9,0,0,90,3.948,3.942,3.948,0,0,0,6.869,82.94,1.474973472396,5.249344,38,Tripod,
130600,2026-05-22 08:28:00,51.9887562175806,4.39010975614856,5.249344,,,1.474973472396,5.249344,1.1408394,25.33710711,133.893048904,24,5,11.839,1.803057472396,5.577428,10.5359874,42.807416068,-0.223694,-1.11847,0,252.2, -6.7, -4.3,,,0,0,1480,1024,1024,1024,69,0,0,0,245.9,0,0,90,3.948,3.942,3.948,0,0,0,6.869,82.94,1.474973472396,5.249344,38,Tripod,
130700,2026-05-22 08:28:00,51.9887561656175,4.39010885068153,5.249344,,,1.474973472396,5.249344,1.3645334,25.2012475256,134.097117152,24,5,11.838,1.803057472396,5.577428,10.5359874,42.807416068,-0.223694,-1.342164,0,252.3, -7.1, -4.3,,,0,0,1474,1024,1024,1024,68,0,0,0,245.9,0,0,90,3.947,3.941,3.947,0,0,0,6.821,83.12,1.474973472396,5.249344,38,Tripod,
130800,2026-05-22 08:28:01,51.9887560116941,4.39010786207853,5.249344,,,1.474973472396,5.249344,1.6329662,25.0784456844,134.326447868,24,5,11.838,1.803057472396,5.577428,10.5359874,42.807416068,-0.447388,-1.565858,0,252.3, -7, -4.3,,,0,0,1470,1024,1024,1024,68,0,0,0,245.9,0,0,90,3.947,3.941,3.947,0,0,0,6.821,83.12,1.474973472396,5.249344,38,Tripod,
130900,2026-05-22 08:28:01,51.9887557318702,4.39010685820752,5.249344,,,1.474973472396,5.249344,1.8342908,24.9866477812,134.573823204,24,5,11.838,1.803057472396,5.577428,10.5359874,42.807416068,-0.447388,-1.789552,0,252.3, -6.7, -4.5,,,0,0,1470,1024,1024,1024,68,0,0,0,245.9,0,0,90,3.947,3.941,3.947,0,0,0,6.821,83.12,1.474973472396,5.249344,38,Tripod,
131000,2026-05-22 08:28:01,51.9887555166114,4.39010562319459,5.249344,,,1.474973472396,5.249344,2.0579848,24.843504732,134.86220904,24,5,11.838,1.803057472396,5.577428,10.5359874,42.807416068,-0.447388,-2.013246,0,252.2, -6.4, -4.5,,,0,0,1494,1024,1024,1024,71,0,0,0,245.9,0,0,90,3.947,3.941,3.947,0,0,0,6.821,83.12,1.474973472396,5.249344,38,Tripod,
131100,2026-05-22 08:28:01,51.988755486554,4.39010439917882,5.249344,,,1.474973472396,5.249344,2.0579848,24.656660894,135.137471516,24,5,11.838,1.803057472396,5.577428,10.5359874,42.807416068,-0.447388,-2.013246,0,252.2, -6.4, -4.6,,,0,0,1487,1024,1024,1024,70,0,0,0,245.9,0,0,90,3.947,3.941,3.947,0,0,0,6.821,83.12,1.474973472396,5.249344,38,Tripod,
131200,2026-05-22 08:28:01,51.9887552392675,4.39010295976913,5.249344,,,1.474973472396,5.249344,2.3264176,24.4944889728,135.473429532,24,5,11.838,1.803057472396,5.577428,10.5359874,42.807416068,-0.671082,-2.23694,0,252.2, -6.6, -4.6,,,0,0,1494,1024,1024,1024,71,0,0,0,245.9,0,0,90,3.947,3.941,3.947,0,0,0,6.821,83.12,1.474973472396,5.249344,38,Tripod,
131300,2026-05-22 08:28:01,51.9887549963373,4.3901017114845,5.249344,,,1.474973472396,5.249344,2.5501116,24.3642724332,135.767392796,24,5,11.838,1.803057472396,5.577428,10.5359874,42.807416068,-0.671082,-2.460634,0,252.2, -6.9, -4.6,,,0,0,1492,1024,1024,1024,71,0,0,0,245.9,0,0,90,3.947,3.941,3.947,0,0,0,6.821,83.12,1.474973472396,5.249344,38,Tripod,
131400,2026-05-22 08:28:01,51.9887547000347,4.39010008009415,5.249344,,,1.474973472396,5.249344,2.7738056,24.192750118,136.149610656,24,5,11.838,1.803057472396,5.577428,10.5359874,42.807416068,-0.671082,-2.684328,0,252.3, -6.6, -4.2,,,0,0,1492,1024,1024,1024,71,0,0,0,245.9,0,0,90,3.947,3.941,3.947,0,0,0,6.821,83.12,1.474973472396,5.249344,38,Tripod,
131500,2026-05-22 08:28:01,51.9887543799244,4.39009820405369,5.249344,,,1.474973472396,5.249344,2.7738056,23.9958669096,136.586946628,24,5,11.838,1.803057472396,5.577428,10.5359874,42.807416068,-0.671082,-2.684328,0,252.2, -6.1, -4.6,,,0,0,1491,1024,1024,1024,71,0,0,0,245.9,0,0,90,3.947,3.941,3.947,0,0,0,6.821,83.12,1.474973472396,5.249344,38,Tripod,
131600,2026-05-22 08:28:01,51.9887540416606,4.39009635297073,5.249344,,,1.474973472396,5.249344,2.9751302,23.8141083736,137.020673676,24,5,11.838,1.803057472396,5.577428,10.5359874,42.807416068,-0.671082,-2.908022,0,252.3, -6, -4.7,,,0,0,1485,1024,1024,1024,70,0,0,0,245.9,0,0,90,3.947,3.941,3.947,0,0,0,6.821,83.12,1.474973472396,5.249344,38,Tripod,
131700,2026-05-22 08:28:01,51.9887538767416,4.39009457644721,5.249344,,,1.474973472396,5.249344,3.0422384,23.6011490492,137.42454508,24,5,11.836,1.803057472396,5.577428,10.5359874,42.807416068,-0.894776,-2.908022,0,252.2, -6.1, -4.7,,,0,0,1478,1024,1024,1024,69,0,0,0,245.9,0,0,90,3.947,3.941,3.947,0,0,0,6.827,83.12,1.474973472396,5.249344,38,Tripod,
131800,2026-05-22 08:28:02,51.9887535166491,4.39009257801911,5.249344,,,1.474973472396,5.249344,3.2659324,23.4171267336,137.892392864,24,5,11.836,1.803057472396,5.577428,10.5359874,42.807416068,-0.894776,-3.131716,0,252.2, -6, -4.7,,,0,0,1436,1024,1024,1024,62,0,0,0,245.9,0,0,90,3.947,3.941,3.947,0,0,0,6.827,83.12,1.474973472396,5.249344,38,Tripod,
131900,2026-05-22 08:28:02,51.9887529156097,4.39009043345617,5.249344,,,1.474973472396,5.249344,3.467257,23.2903878844,138.421592356,24,5,11.836,1.803057472396,5.577428,10.5359874,42.807416068,-0.894776,-3.35541,0,252.2, -5.7, -4.6,,,0,0,1421,1024,1024,1024,60,0,0,0,245.9,0,0,90,3.947,3.941,3.947,0,0,0,6.827,83.12,1.474973472396,5.249344,38,Tripod,
132000,2026-05-22 08:28:02,51.9887524922113,4.39008827379912,5.249344,,,1.474973472396,5.249344,3.467257,23.1209324984,138.930778724,24,5,11.836,1.803057472396,5.577428,10.5359874,42.807416068,-0.894776,-3.35541,0,252.2, -4.9, -4.4,,,0,0,1409,1024,1024,1024,58,0,0,0,245.9,0,0,90,3.947,3.941,3.947,0,0,0,6.827,83.12,1.474973472396,5.249344,38,Tripod,
132100,2026-05-22 08:28:02,51.9887521936556,4.39008595282964,5.249344,,,1.474973472396,5.249344,3.5343652,22.9034128064,139.46358714,24,5,11.836,1.803057472396,5.577428,10.5359874,42.807416068,-1.11847,-3.35541,0,252.2, -4, -4.2,,,0,0,1404,1024,1024,1024,58,0,0,0,245.9,0,0,90,3.947,3.941,3.947,0,0,0,6.827,83.12,1.474973472396,5.249344,38,Tripod,
132200,2026-05-22 08:28:02,51.9887517560831,4.39008368120475,5.249344,,,1.474973472396,5.249344,3.7580592,22.7445545336,139.99836406,24,5,11.836,1.803057472396,5.577428,10.5359874,42.807416068,-1.11847,-3.579104,0,252.2, -3.3, -4.2,,,0,0,1404,1024,1024,1024,58,0,0,0,245.9,0,0,90,3.947,3.941,3.947,0,0,0,6.827,83.12,1.474973472396,5.249344,38,Tripod,
132300,2026-05-22 08:28:02,51.9887513964533,4.39008134552721,5.249344,,,1.474973472396,5.249344,3.690951,22.5655190948,140.539374576,24,5,11.836,1.803057472396,5.577428,10.5359874,42.807416068,-0.894776,-3.579104,0,252, -2.8, -4.6,,,0,0,1388,1024,1024,1024,55,0,0,0,245.9,0,0,90,3.947,3.941,3.947,0,0,0,6.827,83.12,1.474973472396,5.249344,38,Tripod,
132400,2026-05-22 08:28:02,51.988750970579,4.39007903434112,5.249344,,,1.474973472396,5.249344,3.690951,22.4216214524,141.081369344,24,5,11.836,1.803057472396,5.577428,10.5359874,42.807416068,-0.894776,-3.579104,0,251.8, -2.1, -4.8,,,0,0,1421,1024,1024,1024,60,0,0,0,245.9,0,0,90,3.947,3.941,3.947,0,0,0,6.827,83.12,1.474973472396,5.249344,38,Tripod,
132500,2026-05-22 08:28:02,51.9887504186628,4.39007653707989,5.249344,,,1.474973472396,5.249344,3.690951,22.3089245984,141.677497972,24,5,11.836,1.803057472396,5.577428,10.5359874,42.807416068,-0.894776,-3.579104,0,251.7, -2.3, -4.7,,,0,0,1427,1024,1024,1024,61,0,0,0,245.9,0,0,90,3.947,3.941,3.947,0,0,0,6.827,83.12,1.474973472396,5.249344,38,Tripod,
132600,2026-05-22 08:28:02,51.9887499805721,4.39007423701616,5.249344,,,1.474973472396,5.577428,3.690951,22.1962605528,142.218508488,24,5,11.836,1.803057472396,5.577428,10.5359874,42.807416068,-0.894776,-3.579104,0,251.8, -2.8, -4.5,,,0,0,1429,1024,1024,1024,61,0,0,0,245.9,0,0,90,3.947,3.941,3.947,0,0,0,6.827,83.12,1.474973472396,5.249344,38,Tripod,
132700,2026-05-22 08:28:02,51.9887495490608,4.39007211374503,5.249344,,,1.474973472396,5.577428,3.690951,22.1123038572,142.720805092,24,5,11.832,1.803057472396,5.577428,10.5359874,42.807416068,-0.894776,-3.579104,0,251.8, -2.9, -4.6,,,0,0,1425,1024,1024,1024,61,0,0,0,245.9,0,0,90,3.947,3.941,3.946,0,0,0,6.835,83.12,1.474973472396,5.249344,38,Tripod,
132800,2026-05-22 08:28:03,51.9887491166371,4.39006982993357,5.249344,,,1.474973472396,5.577428,3.690951,22.0239836444,143.257550516,24,5,11.832,1.803057472396,5.577428,10.5359874,42.807416068,-0.894776,-3.579104,0,251.8, -2.9, -4.7,,,0,0,1408,1024,1024,1024,58,0,0,0,245.9,0,0,90,3.947,3.941,3.946,0,0,0,6.835,83.12,1.474973472396,5.249344,38,Tripod,
132900,2026-05-22 08:28:03,51.9887486407316,4.39006725080232,5.249344,,,1.474973472396,5.577428,3.690951,21.9354993896,143.862537412,24,5,11.832,1.803057472396,5.577428,10.5359874,42.807416068,-0.894776,-3.579104,0,251.7, -2.8, -4.6,,,0,0,1414,1024,1024,1024,59,0,0,0,245.9,0,0,90,3.947,3.941,3.946,0,0,0,6.835,83.12,1.474973472396,5.249344,38,Tripod,
133000,2026-05-22 08:28:03,51.9887481981217,4.3900649397623,5.249344,,,1.474973472396,5.249344,3.7580592,21.8755912512,144.406500684,24,5,11.832,1.803057472396,5.577428,10.5359874,42.807416068,-1.11847,-3.579104,0,251.8, -2.6, -4.6,,,0,0,1414,1024,1024,1024,59,0,0,0,245.9,0,0,90,3.947,3.941,3.946,0,0,0,6.835,83.12,1.474973472396,5.249344,38,Tripod,
133100,2026-05-22 08:28:03,51.988747646462,4.39006196552932,5.249344,,,1.474973472396,5.249344,3.7580592,21.8120413804,145.104335352,24,5,11.832,1.803057472396,5.577428,10.5359874,42.807416068,-1.11847,-3.579104,0,251.8, -2.5, -4.4,,,0,0,1414,1024,1024,1024,59,0,0,0,245.9,0,0,90,3.947,3.941,3.946,0,0,0,6.835,83.12,1.474973472396,5.249344,38,Tripod,
133200,2026-05-22 08:28:03,51.9887471892074,4.39005960163099,5.249344,,,1.474973472396,5.249344,3.7580592,21.7838261564,145.6610939,23,5,11.832,1.803057472396,5.577428,10.5359874,42.807416068,-1.11847,-3.579104,0,251.8, -2.6, -4.4,,,0,0,1423,1024,1024,1024,60,0,0,0,245.9,0,0,90,3.947,3.941,3.946,0,0,0,6.835,83.12,1.474973472396,5.249344,38,Tripod,
133300,2026-05-22 08:28:03,51.988746628283,4.39005763885846,5.249344,,,1.474973472396,5.249344,3.690951,21.8339573916,146.146986304,23,5,11.832,1.803057472396,5.577428,10.5359874,42.807416068,-0.894776,-3.579104,0,251.9, -2.7, -4.3,,,0,0,1416,1024,1024,1024,59,0,0,0,245.9,0,0,90,3.947,3.941,3.946,0,0,0,6.835,83.12,1.474973472396,5.249344,38,Tripod,
133400,2026-05-22 08:28:03,51.9887461688128,4.39005528994501,5.249344,,,1.474973472396,5.577428,3.690951,21.8340230084,146.700792096,23,5,11.832,1.803057472396,5.577428,10.5359874,42.807416068,-0.894776,-3.579104,0,251.8, -2.7, -4.6,,,0,0,1394,1024,1024,1024,56,0,0,0,245.9,0,0,90,3.947,3.941,3.946,0,0,0,6.835,83.12,1.474973472396,5.249344,38,Tripod,
133500,2026-05-22 08:28:03,51.9887457067863,4.39005254035863,5.249344,,,1.474973472396,5.577428,3.690951,21.8252631656,147.341212064,23,5,11.832,1.803057472396,5.577428,10.5359874,42.807416068,-0.894776,-3.579104,0,251.7, -2, -4.7,,,0,0,1409,1024,1024,1024,58,0,0,0,245.9,0,0,90,3.947,3.941,3.946,0,0,0,6.835,83.12,1.474973472396,5.249344,38,Tripod,
133600,2026-05-22 08:28:03,51.9887452466741,4.39005015395491,5.249344,,,1.474973472396,5.577428,3.690951,21.8538064736,147.903219956,23,5,11.832,1.803057472396,5.577428,10.5359874,42.807416068,-0.894776,-3.579104,0,251.6, -1.9, -4.8,,,0,0,1425,1024,1024,1024,61,0,0,0,245.9,0,0,90,3.947,3.941,3.946,0,0,0,6.835,83.12,1.474973472396,5.249344,38,Tripod,
133700,2026-05-22 08:28:04,51.9887448339631,4.39004782247349,5.249344,,,1.474973472396,5.577428,3.7580592,21.8824810152,148.44816748,23,5,11.829,1.803057472396,5.577428,10.5359874,42.807416068,-1.11847,-3.579104,0,251.6, -2.1, -4.9,,,0,0,1432,1024,1024,1024,62,0,0,0,245.9,0,0,89,3.947,3.94,3.946,0,0,0,6.856,83.12,1.474973472396,5.249344,38,Tripod,
133800,2026-05-22 08:28:04,51.9887443655837,4.39004546547203,5.249344,,,1.474973472396,5.577428,3.7580592,21.9435374476,149.004597944,23,5,11.829,1.803057472396,5.577428,10.5359874,42.807416068,-1.11847,-3.579104,0,251.7, -2.3, -4.7,,,0,0,1421,1024,1024,1024,60,0,0,0,245.9,0,0,89,3.947,3.94,3.946,0,0,0,6.856,83.12,1.474973472396,5.249344,38,Tripod,
133900,2026-05-22 08:28:04,51.9887439498828,4.39004324728309,5.249344,,,1.474973472396,5.577428,3.7580592,22.0046594968,149.525595336,23,5,11.829,1.803057472396,5.577428,10.5359874,42.807416068,-1.11847,-3.579104,0,251.7, -3.1, -4.7,,,0,0,1425,1024,1024,1024,61,0,0,0,245.9,0,0,89,3.947,3.94,3.946,0,0,0,6.856,83.12,1.474973472396,5.249344,38,Tripod,
134000,2026-05-22 08:28:04,51.988743469878,4.39004091279586,5.249344,,,1.474973472396,5.577428,3.7580592,22.097441652,150.078416876,23,5,11.829,1.803057472396,5.577428,10.5359874,42.807416068,-1.11847,-3.579104,0,251.6, -2.4, -4.5,,,0,0,1425,1024,1024,1024,61,0,0,0,245.9,0,0,89,3.947,3.94,3.946,0,0,0,6.856,83.12,1.474973472396,5.249344,38,Tripod,
134100,2026-05-22 08:28:04,51.9887431109163,4.39003828934322,5.249344,,,1.474973472396,5.577428,3.7580592,22.1522644884,150.68241952,23,5,11.829,1.803057472396,5.577428,10.5359874,42.807416068,-1.11847,-3.579104,0,251.7, -2.1, -3.8,,,0,0,1439,1024,1024,1024,63,0,0,0,245.9,0,0,89,3.947,3.94,3.946,0,0,0,6.856,83.12,1.474973472396,5.249344,38,Tripod,
134200,2026-05-22 08:28:04,51.9887426313484,4.39003593024248,5.249344,,,1.474973472396,5.577428,3.7580592,22.2724088492,151.240490404,23,5,11.829,1.803057472396,5.577428,10.5359874,42.807416068,-1.11847,-3.579104,0,251.9, -2.7, -3.6,,,0,0,1426,1024,1024,1024,61,0,0,0,245.9,0,0,89,3.947,3.94,3.946,0,0,0,6.856,83.12,1.474973472396,5.249344,38,Tripod,
134300,2026-05-22 08:28:04,51.9887421749543,4.39003377298099,5.249344,,,1.474973472396,5.577428,3.7580592,22.400427226,151.752957612,23,5,11.829,1.803057472396,5.577428,10.5359874,42.807416068,-1.11847,-3.579104,0,251.8, -2.8, -3.9,,,0,0,1429,1024,1024,1024,61,0,0,0,245.9,0,0,89,3.947,3.94,3.946,0,0,0,6.856,83.12,1.474973472396,5.249344,38,Tripod,
134400,2026-05-22 08:28:04,51.9887417101516,4.39003140735082,5.249344,,,1.474973472396,5.577428,3.7580592,22.5403222436,152.311028496,24,5,11.829,1.803057472396,5.577428,10.5359874,42.807416068,-1.11847,-3.579104,0,251.8, -2.8, -4.3,,,0,0,1429,1024,1024,1024,61,0,0,0,245.9,0,0,89,3.947,3.94,3.946,0,0,0,6.856,83.12,1.474973472396,5.249344,38,Tripod,
134500,2026-05-22 08:28:04,51.9887411517801,4.39002901405301,5.249344,,,1.474973472396,5.577428,3.7580592,22.7271332732,152.885831664,24,5,11.829,1.803057472396,5.577428,10.5359874,42.807416068,-1.11847,-3.579104,0,251.8, -2.9, -4.2,,,0,0,1429,1024,1024,1024,61,0,0,0,245.9,0,0,89,3.947,3.94,3.946,0,0,0,6.856,83.12,1.474973472396,5.249344,38,Tripod,
134600,2026-05-22 08:28:04,51.988740676945,4.39002663829208,5.249344,,,1.474973472396,5.577428,3.7580592,22.896326192,153.447183388,24,5,11.829,1.803057472396,5.577428,10.5359874,42.807416068,-1.11847,-3.579104,0,251.8, -3.1, -4.3,,,0,0,1442,1024,1024,1024,63,0,0,0,245.9,0,0,89,3.947,3.94,3.946,0,0,0,6.856,83.12,1.474973472396,5.249344,38,Tripod,
134700,2026-05-22 08:28:05,51.9887402602294,4.39002406369862,5.249344,,,1.474973472396,5.577428,3.7580592,23.0579731788,154.04528052,24,5,11.822,1.803057472396,5.577428,10.5359874,42.807416068,-1.11847,-3.579104,0,251.8, -3.3, -4.3,,,0,0,1432,1024,1024,1024,62,0,0,0,245.9,0,0,89,3.946,3.939,3.945,0,0,0,6.829,83.12,1.474973472396,5.249344,38,Tripod,
134800,2026-05-22 08:28:05,51.9887397826191,4.3900216417007,5.249344,,,1.474973472396,5.577428,3.7580592,23.2542986444,154.616474764,24,5,11.822,1.803057472396,5.577428,10.5359874,42.807416068,-1.11847,-3.579104,0,251.8, -3.2, -4,,,0,0,1432,1024,1024,1024,62,0,0,0,245.9,0,0,89,3.946,3.939,3.945,0,0,0,6.829,83.12,1.474973472396,5.249344,38,Tripod,
134900,2026-05-22 08:28:05,51.9887392026331,4.39001930472807,5.249344,,,1.474973472396,5.577428,3.7580592,23.498688416,155.182747748,24,5,11.822,1.803057472396,5.577428,10.5359874,42.807416068,-1.11847,-3.579104,0,251.8, -2.9, -4.2,,,0,0,1433,1024,1024,1024,62,0,0,0,245.9,0,0,89,3.946,3.939,3.945,0,0,0,6.829,83.12,1.474973472396,5.249344,38,Tripod,
135000,2026-05-22 08:28:05,51.988738714254,4.39001685843517,5.249344,,,1.474973472396,5.905512,3.7580592,23.7231634888,155.760503672,24,5,11.822,1.803057472396,5.577428,10.5359874,42.807416068,-1.11847,-3.579104,0,251.8, -2.6, -4.3,,,0,0,1430,1024,1024,1024,62,0,0,0,245.9,0,0,89,3.946,3.939,3.945,0,0,0,6.829,83.12,1.474973472396,5.249344,38,Tripod,
135100,2026-05-22 08:28:05,51.9887383173277,4.39001436574868,5.249344,,,1.474973472396,5.577428,3.7580592,23.9275926292,156.338915764,24,5,11.822,1.803057472396,5.577428,10.5359874,42.807416068,-1.11847,-3.579104,0,251.8, -2.7, -4.3,,,0,0,1423,1024,1024,1024,60,0,0,0,245.9,0,0,89,3.946,3.939,3.945,0,0,0,6.829,83.12,1.474973472396,5.249344,38,Tripod,
135200,2026-05-22 08:28:05,51.988737830465,4.39001190325176,5.249344,,,1.474973472396,5.577428,3.7580592,24.17568975,156.919952528,24,5,11.822,1.803057472396,5.577428,10.5359874,42.807416068,-1.11847,-3.579104,0,251.8, -2.5, -4.4,,,0,0,1424,1024,1024,1024,61,0,0,0,245.9,0,0,89,3.946,3.939,3.945,0,0,0,6.829,83.12,1.474973472396,5.249344,38,Tripod,
135300,2026-05-22 08:28:05,51.9887373080836,4.39000954992818,5.249344,,,1.474973472396,5.577428,3.7580592,24.44389842,157.482288504,24,5,11.822,1.803057472396,5.577428,10.5359874,42.807416068,-1.11847,-3.579104,0,251.7, -2.2, -4.3,,,0,0,1420,1024,1024,1024,60,0,0,0,245.9,0,0,89,3.946,3.939,3.945,0,0,0,6.829,83.12,1.474973472396,5.249344,38,Tripod,
135400,2026-05-22 08:28:05,51.9887368110004,4.39000710472257,5.249344,,,1.474973472396,5.905512,3.7580592,24.7166346492,158.060700596,24,5,11.822,1.803057472396,5.577428,10.5359874,42.807416068,-1.11847,-3.579104,0,251.6, -1.8, -4.4,,,0,0,1416,1024,1024,1024,59,0,0,0,245.9,0,0,89,3.946,3.939,3.945,0,0,0,6.829,83.12,1.474973472396,5.249344,38,Tripod,
135500,2026-05-22 08:28:05,51.988736416747,4.3900048183792,5.249344,,,1.474973472396,5.577428,3.7580592,24.955873502,158.59416518,24,5,11.822,1.803057472396,5.577428,10.5359874,42.807416068,-1.11847,-3.579104,0,251.6, -2, -4.4,,,0,0,1415,1024,1024,1024,59,0,0,0,245.9,0,0,89,3.946,3.939,3.945,0,0,0,6.829,83.12,1.474973472396,5.249344,38,Tripod,
135600,2026-05-22 08:28:05,51.9887359131358,4.39000242156349,5.249344,,,1.474973472396,5.905512,3.7580592,25.2484916216,159.163062836,24,5,11.822,1.803057472396,5.577428,10.5359874,42.807416068,-1.11847,-3.579104,0,251.7, -2.6, -3.9,,,0,0,1415,1024,1024,1024,59,0,0,0,245.9,0,0,89,3.946,3.939,3.945,0,0,0,6.829,83.12,1.474973472396,5.249344,38,Tripod,
135700,2026-05-22 08:28:06,51.988735306575,4.38999964372358,5.249344,,,1.474973472396,5.905512,3.7580592,25.6073827092,159.825464432,24,5,11.832,1.803057472396,5.577428,10.5359874,42.807416068,-1.11847,-3.579104,0,251.7, -2.4, -3.8,,,0,0,1415,1024,1024,1024,59,0,0,0,245.9,0,0,89,3.948,3.94,3.946,0,0,0,6.692,83.3,1.474973472396,5.249344,38,Tripod,
135800,2026-05-22 08:28:06,51.988734777614,4.38999721445723,5.249344,,,1.474973472396,5.905512,3.7580592,25.9305126408,160.404204608,24,5,11.832,1.803057472396,5.577428,10.5359874,42.807416068,-1.11847,-3.579104,0,251.7, -1.8, -3.6,,,0,0,1409,1024,1024,1024,58,0,0,0,245.9,0,0,89,3.948,3.94,3.946,0,0,0,6.692,83.3,1.474973472396,5.249344,38,Tripod,
135900,2026-05-22 08:28:06,51.9887343947719,4.3899949780323,5.249344,,,1.474973472396,5.905512,3.7580592,26.1992134368,160.925858168,24,5,11.832,1.803057472396,5.577428,10.5359874,42.807416068,-1.11847,-3.579104,0,251.7, -1.9, -3.4,,,0,0,1409,1024,1024,1024,58,0,0,0,245.9,0,0,89,3.948,3.94,3.946,0,0,0,6.692,83.3,1.474973472396,5.249344,38,Tripod,
136000,2026-05-22 08:28:06,51.988733872656,4.38999259310931,5.249344,,,1.474973472396,5.905512,3.7580592,26.5338263084,161.49442774,24,5,11.832,1.803057472396,5.577428,10.5359874,42.807416068,-1.11847,-3.579104,0,251.7, -2, -3.1,,,0,0,1409,1024,1024,1024,58,0,0,0,245.9,0,0,89,3.948,3.94,3.946,0,0,0,6.692,83.3,1.474973472396,5.249344,38,Tripod,
136100,2026-05-22 08:28:06,51.9887333963987,4.38999046938714,5.249344,,,1.474973472396,5.905512,3.7580592,26.842356502,162.002301772,24,5,11.832,1.803057472396,5.577428,10.5359874,42.807416068,-1.11847,-3.579104,0,251.7, -2.2, -3.1,,,0,0,1415,1024,1024,1024,59,0,0,0,245.9,0,0,89,3.948,3.94,3.946,0,0,0,6.692,83.3,1.474973472396,5.249344,38,Tripod,
136200,2026-05-22 08:28:06,51.9887328841611,4.38998812342087,5.249344,,,1.474973472396,5.905512,3.7580592,27.1853355156,162.561684992,24,5,11.832,1.803057472396,5.577428,10.5359874,42.807416068,-1.11847,-3.579104,0,251.7, -2.5, -3.2,,,0,0,1399,1024,1024,1024,57,0,0,0,245.9,0,0,89,3.948,3.94,3.946,0,0,0,6.692,83.3,1.474973472396,5.249344,38,Tripod,
136300,2026-05-22 08:28:06,51.9887324150749,4.38998558383693,5.249344,,,1.474973472396,5.905512,3.7580592,27.5352371016,163.157157452,24,5,11.832,1.803057472396,5.577428,10.5359874,42.807416068,-1.11847,-3.579104,0,251.8, -2.6, -3.2,,,0,0,1382,1024,1024,1024,54,0,0,0,245.9,0,0,89,3.948,3.94,3.946,0,0,0,6.692,83.3,1.474973472396,5.249344,38,Tripod,
136400,2026-05-22 08:28:06,51.9887319046016,4.38998321089707,5.249344,,,1.474973472396,5.905512,3.7580592,27.8943906564,163.7221181,24,5,11.832,1.803057472396,5.577428,10.5359874,42.807416068,-1.11847,-3.579104,0,251.9, -2.2, -3.3,,,0,0,1384,1024,1024,1024,55,0,0,0,245.9,0,0,89,3.948,3.94,3.946,0,0,0,6.692,83.3,1.474973472396,5.249344,38,Tripod,
136500,2026-05-22 08:28:06,51.9887312781995,4.38998108543139,5.249344,,,1.474973472396,5.905512,3.7580592,28.2792331884,164.251317592,24,5,11.832,1.803057472396,5.577428,10.5359874,42.807416068,-1.11847,-3.579104,0,251.9, -1.8, -3,,,0,0,1391,1024,1024,1024,56,0,0,0,245.9,0,0,89,3.948,3.94,3.946,0,0,0,6.692,83.3,1.474973472396,5.249344,38,Tripod,
136600,2026-05-22 08:28:06,51.9887307698937,4.38997874457873,5.249344,,,1.474973472396,5.905512,3.7580592,28.6470809692,164.809060392,24,5,11.832,1.803057472396,5.577428,10.5359874,42.807416068,-1.11847,-3.579104,0,251.8, -1.9, -3.2,,,0,0,1391,1024,1024,1024,56,0,0,0,245.9,0,0,89,3.948,3.94,3.946,0,0,0,6.692,83.3,1.474973472396,5.249344,38,Tripod,
136700,2026-05-22 08:28:07,51.9887302952475,4.38997621062902,5.249344,,,1.474973472396,5.905512,3.7580592,29.026739774,165.404204768,24,5,11.835,1.803057472396,5.577428,10.5359874,42.807416068,-1.11847,-3.579104,0,251.8, -1.7, -3.5,,,0,0,1394,1024,1024,1024,56,0,0,0,245.9,0,0,89,3.949,3.94,3.946,0,0,0,6.552,83.3,1.474973472396,5.249344,38,Tripod,
136800,2026-05-22 08:28:07,51.9887298192306,4.38997387971275,5.249344,,,1.474973472396,5.905512,3.7580592,29.3954405732,165.956042056,24,5,11.835,1.803057472396,5.577428,10.5359874,42.807416068,-1.11847,-3.35541,0,251.7, -1.7, -3.5,,,0,0,1404,1024,1024,1024,58,0,0,0,245.9,0,0,89,3.949,3.94,3.946,0,0,0,6.552,83.3,1.474973472396,5.249344,38,Tripod,
136900,2026-05-22 08:28:07,51.9887294114842,4.3899714549103,5.249344,,,1.474973472396,5.905512,3.5343652,29.7560376976,166.52067462,24,5,11.835,1.803057472396,5.577428,10.5359874,42.807416068,-1.11847,-3.35541,0,251.6, -1.5, -4,,,0,0,1414,1024,1024,1024,59,0,0,0,245.9,0,0,89,3.949,3.94,3.946,0,0,0,6.552,83.3,1.474973472396,5.249344,38,Tripod,
137000,2026-05-22 08:28:07,51.9887289549573,4.38996914836723,5.249344,,,1.474973472396,5.905512,3.5343652,30.1274287856,167.064965976,24,5,11.835,1.803057472396,5.577428,10.5359874,42.807416068,-1.11847,-3.35541,0,251.6, -1.4, -4,,,0,0,1390,1024,1024,1024,55,0,0,0,245.9,0,0,89,3.949,3.94,3.946,0,0,0,6.552,83.3,1.474973472396,5.249344,38,Tripod,
137100,2026-05-22 08:28:07,51.988728333507,4.38996706903256,5.249344,,,1.474973472396,5.905512,3.5343652,30.535434048,167.584322948,24,5,11.835,1.803057472396,5.577428,10.5359874,42.807416068,-1.11847,-3.35541,0,251.6, -1.8, -3.8,,,0,0,1384,1024,1024,1024,55,0,0,0,245.9,0,0,89,3.949,3.94,3.946,0,0,0,6.552,83.3,1.474973472396,5.249344,38,Tripod,
137200,2026-05-22 08:28:07,51.9887278713001,4.38996481588236,5.249344,,,1.474973472396,5.905512,3.467257,30.9125337976,168.117787532,24,5,11.835,1.803057472396,5.577428,10.5359874,42.807416068,-0.894776,-3.35541,0,251.5, -1.8, -4.2,,,0,0,1383,1024,1024,1024,54,0,0,0,245.9,0,0,89,3.949,3.94,3.946,0,0,0,6.552,83.3,1.474973472396,5.249344,38,Tripod,
137300,2026-05-22 08:28:07,51.988727391925,4.38996266168566,5.249344,,,1.474973472396,5.905512,3.467257,31.2894695052,168.632551328,24,5,11.835,1.803057472396,5.577428,10.5359874,42.807416068,-0.894776,-3.35541,0,251.5, -1.8, -4.2,,,0,0,1399,1024,1024,1024,57,0,0,0,245.9,0,0,89,3.949,3.94,3.946,0,0,0,6.552,83.3,1.474973472396,5.249344,38,Tripod,
137400,2026-05-22 08:28:07,51.9887269315172,4.38996044236162,5.249344,,,1.474973472396,5.905512,3.467257,31.6710640056,169.158798064,24,5,11.835,1.803057472396,5.577428,10.5359874,42.807416068,-0.894776,-3.35541,0,251.6, -1.8, -4.2,,,0,0,1399,1024,1024,1024,57,0,0,0,245.9,0,0,89,3.949,3.94,3.946,0,0,0,6.552,83.3,1.474973472396,5.249344,38,Tripod,
137500,2026-05-22 08:28:07,51.9887265384889,4.38995815907881,5.249344,,,1.474973472396,5.905512,3.467257,32.0421926264,169.691278396,24,5,11.835,1.803057472396,5.577428,10.5359874,42.807416068,-0.894776,-3.35541,0,251.7, -2.5, -4.3,,,0,0,1400,1024,1024,1024,57,0,0,0,245.9,0,0,89,3.949,3.94,3.946,0,0,0,6.552,83.3,1.474973472396,5.249344,38,Tripod,
137600,2026-05-22 08:28:07,51.9887260823812,4.38995594018375,5.249344,,,1.474973472396,5.905512,3.467257,32.4307096992,170.216868964,24,5,11.835,1.803057472396,5.577428,10.5359874,42.807416068,-0.894776,-3.35541,0,251.8, -2.5, -4,,,0,0,1401,1024,1024,1024,57,0,0,0,245.9,0,0,89,3.949,3.94,3.946,0,0,0,6.552,83.3,1.474973472396,5.249344,38,Tripod,
137700,2026-05-22 08:28:07,51.9887256516586,4.38995370615735,5.249344,,,1.474973472396,5.905512,3.467257,32.8166021,170.7431157,24,5,11.833,1.803057472396,5.577428,10.5359874,42.807416068,-0.894776,-3.35541,0,251.7, -1.8, -4.3,,,0,0,1401,1024,1024,1024,57,0,0,0,245.9,0,0,89,3.946,3.939,3.944,0,0,0,6.606,83.3,1.474973472396,5.249344,38,Tripod,
137800,2026-05-22 08:28:08,51.9887251931098,4.38995147333206,5.249344,,,1.474973472396,6.233596,3.467257,33.21522416,171.271659024,24,5,11.833,1.803057472396,5.577428,10.5359874,42.807416068,-0.894776,-3.35541,0,251.7, -1.5, -4.4,,,0,0,1398,1024,1024,1024,57,0,0,0,245.9,0,0,89,3.946,3.939,3.944,0,0,0,6.606,83.3,1.474973472396,5.249344,38,Tripod,
137900,2026-05-22 08:28:08,51.9887247324964,4.3899493212708,5.249344,,,1.474973472396,6.233596,3.5343652,33.608596876,171.783798148,24,5,11.833,1.803057472396,5.577428,10.5359874,42.807416068,-1.11847,-3.35541,0,251.7, -1.2, -4.3,,,0,0,1380,1024,1024,1024,54,0,0,0,245.9,0,0,89,3.946,3.939,3.944,0,0,0,6.606,83.3,1.474973472396,5.249344,38,Tripod,
138000,2026-05-22 08:28:08,51.9887242538923,4.38994711651225,5.249344,,,1.474973472396,6.233596,3.5343652,34.016733372,172.309060632,24,5,11.833,1.803057472396,5.577428,10.5359874,42.807416068,-1.11847,-3.35541,0,251.7, -1.3, -4.1,,,0,0,1386,1024,1024,1024,55,0,0,0,245.9,0,0,89,3.946,3.939,3.944,0,0,0,6.606,83.3,1.474973472396,5.249344,38,Tripod,
138100,2026-05-22 08:28:08,51.9887237409945,4.38994480244993,5.249344,,,1.474973472396,6.233596,3.5343652,34.451772756,172.861554088,24,5,11.833,1.803057472396,5.577428,10.5359874,42.807416068,-1.11847,-3.35541,0,251.6, -1.4, -3.9,,,0,0,1387,1024,1024,1024,55,0,0,0,245.9,0,0,89,3.946,3.939,3.944,0,0,0,6.606,83.3,1.474973472396,5.249344,38,Tripod,
138200,2026-05-22 08:28:08,51.9887232439799,4.38994261188821,5.249344,,,1.474973472396,6.233596,3.5343652,34.87040794,173.386160404,24,5,11.833,1.803057472396,5.577428,10.5359874,42.807416068,-1.11847,-3.35541,0,251.6, -1.3, -3.8,,,0,0,1363,1024,1024,1024,51,0,0,0,245.9,0,0,89,3.946,3.939,3.944,0,0,0,6.606,83.3,1.474973472396,5.249344,38,Tripod,
138300,2026-05-22 08:28:08,51.9887229464651,4.38994053675137,5.249344,,,1.474973472396,6.233596,3.5343652,35.216864644,173.86483496,24,5,11.833,1.803057472396,5.577428,10.5359874,42.807416068,-1.11847,-3.35541,0,251.7, -1.1, -3.5,,,0,0,1363,1024,1024,1024,51,0,0,0,245.9,0,0,89,3.946,3.939,3.944,0,0,0,6.606,83.3,1.474973472396,5.249344,38,Tripod,
138400,2026-05-22 08:28:08,51.988722465368,4.38993838076007,5.249344,,,1.474973472396,6.233596,3.3330406,35.631890904,174.37992684,24,5,11.833,1.803057472396,5.577428,10.5359874,42.807416068,-1.11847,-3.131716,0,251.7, -1, -3.4,,,0,0,1394,1024,1024,1024,56,0,0,0,245.9,0,0,89,3.946,3.939,3.944,0,0,0,6.606,83.3,1.474973472396,5.249344,38,Tripod,
138500,2026-05-22 08:28:08,51.9887220851383,4.38993642423867,5.249344,,,1.474973472396,6.233596,3.3330406,35.993767556,174.84088486,24,5,11.833,1.803057472396,5.577428,10.5359874,42.807416068,-1.11847,-3.131716,0,251.6, -0.9, -3.4,,,0,0,1405,1024,1024,1024,58,0,0,0,245.9,0,0,89,3.946,3.939,3.944,0,0,0,6.606,83.3,1.474973472396,5.249344,38,Tripod,
138600,2026-05-22 08:28:08,51.9887216221095,4.38993432240756,5.249344,,,1.474973472396,6.233596,3.3330406,36.401575968,175.342525296,24,5,11.833,1.803057472396,5.577428,10.5359874,42.807416068,-1.11847,-3.131716,0,251.6, -1.1, -3.3,,,0,0,1407,1024,1024,1024,58,0,0,0,245.9,0,0,89,3.946,3.939,3.944,0,0,0,6.606,83.3,1.474973472396,5.249344,38,Tripod,
138700,2026-05-22 08:28:08,51.9887212359433,4.38993212258763,5.249344,,,1.474973472396,6.233596,3.3330406,36.80118228,175.85630484,24,5,11.827,1.803057472396,5.577428,10.5359874,42.807416068,-1.11847,-3.131716,0,251.5, -1.1, -4,,,0,0,1410,1024,1024,1024,58,0,0,0,245.9,0,0,89,3.944,3.937,3.942,0,0,0,6.722,83.3,1.474973472396,5.249344,38,Tripod,
138800,2026-05-22 08:28:09,51.9887207761009,4.38993004272084,5.249344,,,1.474973472396,6.233596,3.3330406,37.209974944,176.353024016,24,5,11.827,1.803057472396,5.577428,10.5359874,42.807416068,-1.11847,-3.131716,0,251.5, -1.5, -3.9,,,0,0,1410,1024,1024,1024,58,0,0,0,245.9,0,0,89,3.944,3.937,3.942,0,0,0,6.722,83.3,1.474973472396,5.249344,38,Tripod,
138900,2026-05-22 08:28:09,51.9887203512976,4.38992794881023,5.249344,,,1.474973472396,6.233596,3.3330406,37.612205928,176.848430856,24,5,11.827,1.803057472396,5.577428,10.5359874,42.807416068,-1.11847,-3.131716,0,251.6, -1.7, -3.4,,,0,0,1410,1024,1024,1024,58,0,0,0,245.9,0,0,89,3.944,3.937,3.942,0,0,0,6.722,83.3,1.474973472396,5.249344,38,Tripod,
139000,2026-05-22 08:28:09,51.9887198717254,4.38992587441765,5.249344,,,1.474973472396,6.233596,3.3330406,38.030184944,177.346134284,23,5,11.827,1.803057472396,5.577428,10.5359874,42.807416068,-1.11847,-3.131716,0,251.6, -1.7, -3.2,,,0,0,1411,1024,1024,1024,59,0,0,0,245.9,0,0,89,3.944,3.937,3.942,0,0,0,6.722,83.3,1.474973472396,5.249344,38,Tripod,
139100,2026-05-22 08:28:09,51.9887192291655,4.38992382166945,5.249344,,,1.474973472396,6.233596,3.3330406,38.494423804,177.863522752,23,5,11.827,1.803057472396,5.577428,10.5359874,42.807416068,-1.11847,-3.131716,0,251.6, -1.7, -3,,,0,0,1414,1024,1024,1024,59,0,0,0,245.9,0,0,89,3.944,3.937,3.942,0,0,0,6.722,83.3,1.474973472396,5.249344,38,Tripod,
139200,2026-05-22 08:28:09,51.9887187190611,4.38992173468201,5.249344,,,1.474973472396,6.233596,3.3330406,38.926510432,178.368115944,23,5,11.827,1.803057472396,5.577428,10.5359874,42.807416068,-1.11847,-3.131716,0,251.6, -1.6, -2.8,,,0,0,1414,1024,1024,1024,59,0,0,0,245.9,0,0,89,3.944,3.937,3.942,0,0,0,6.722,83.3,1.474973472396,5.249344,38,Tripod,
139300,2026-05-22 08:28:09,51.9887182759329,4.38991956468864,5.249344,,,1.474973472396,6.233596,3.3330406,39.352363464,178.881567404,23,5,11.827,1.803057472396,5.577428,10.5359874,42.807416068,-1.11847,-3.131716,0,251.7, -1.5, -2.8,,,0,0,1405,1024,1024,1024,58,0,0,0,245.9,0,0,89,3.944,3.937,3.942,0,0,0,6.722,83.3,1.474973472396,5.249344,38,Tripod,
139400,2026-05-22 08:28:09,51.9887177720128,4.38991745154303,5.249344,,,1.474973472396,6.233596,3.3330406,39.789699436,179.390753772,23,5,11.827,1.803057472396,5.577428,10.5359874,42.807416068,-1.11847,-3.131716,0,251.8, -1.4, -2.6,,,0,0,1321,1024,1024,1024,45,0,0,0,245.9,0,0,89,3.944,3.937,3.942,0,0,0,6.722,83.3,1.474973472396,5.249344,38,Tripod,
139500,2026-05-22 08:28:09,51.9887175571872,4.38991528137096,5.249344,,,1.474973472396,6.233596,3.3330406,40.154528844,179.884520192,23,5,11.827,1.803057472396,5.577428,10.5359874,42.807416068,-1.11847,-3.131716,0,251.7, -0.8, -2.9,,,0,0,1024,1024,1024,1024,0,0,0,0,245.9,0,0,89,3.944,3.937,3.942,0,0,0,6.722,83.3,1.474973472396,5.249344,38,Tripod,
139600,2026-05-22 08:28:09,51.988717085471,4.38991317733965,5.249344,,,1.474973472396,6.233596,3.3330406,40.585303136,180.387801048,23,5,11.827,1.803057472396,5.577428,10.5359874,42.807416068,-1.11847,-3.131716,0,251.7, 2.1, -3,,,0,0,792,1024,1024,1024,-35,0,0,0,245.9,0,0,89,3.944,3.937,3.942,0,0,0,6.722,83.3,1.474973472396,5.249344,38,Tripod,
139700,2026-05-22 08:28:09,51.9887165677928,4.38991115635392,5.249344,,,1.474973472396,6.56168,3.1093466,41.0187021,180.879598964,23,5,11.829,1.803057472396,5.577428,10.5359874,42.807416068,-1.11847,-2.908022,0,251.4, 5.2, -3,,,0,0,751,1024,1024,1024,-41,0,0,0,245.9,0,0,89,3.947,3.94,3.945,0,0,0,6.656,83.3,1.474973472396,5.249344,38,Tripod,
139800,2026-05-22 08:28:10,51.9887161304988,4.38990927808774,5.249344,,,1.474973472396,6.56168,2.8185444,41.410434396,181.330714464,23,5,11.829,1.803057472396,5.577428,10.5359874,42.807416068,-0.894776,-2.684328,0,251.1, 6.2, -2.9,,,0,0,721,1024,1024,1024,-46,0,0,0,245.9,0,0,89,3.947,3.94,3.945,0,0,0,6.656,83.3,1.474973472396,5.249344,38,Tripod,
139900,2026-05-22 08:28:10,51.9887157913226,4.38990729447567,5.249344,,,1.474973472396,6.56168,2.6172198,41.79133992,181.793312904,23,5,11.829,1.803057472396,5.577428,10.5359874,42.807416068,-0.894776,-2.460634,0,250.8, 6.3, -2.7,,,0,0,665,1024,1024,1024,-54,0,0,0,245.9,0,0,89,3.947,3.94,3.945,0,0,0,6.656,83.3,1.474973472396,5.249344,38,Tripod,
140000,2026-05-22 08:28:10,51.9887154250144,4.3899057577388,5.249344,,,1.474973472396,6.56168,2.4158952,42.116471164,182.163391656,23,5,11.829,1.803057472396,5.577428,10.5359874,42.807416068,-0.894776,-2.23694,0,250.8, 5.9, -2.6,,,0,0,665,1024,1024,1024,-54,0,0,0,245.9,0,0,89,3.947,3.94,3.945,0,0,0,6.656,83.3,1.474973472396,5.249344,38,Tripod,
140100,2026-05-22 08:28:10,51.9887148603123,4.38990452633757,5.249344,,,1.474973472396,6.56168,1.901399,42.45242918,182.508536024,23,5,11.829,1.803057472396,5.577428,10.5359874,42.807416068,-0.671082,-1.789552,0,250.7, 6.1, -2.6,,,0,0,612,1024,1024,1024,-62,0,0,0,245.9,0,0,89,3.947,3.94,3.945,0,0,0,6.656,83.3,1.474973472396,5.249344,38,Tripod,
140200,2026-05-22 08:28:10,51.9887145416542,4.38990334976064,5.249344,,,1.474973472396,6.56168,1.7000744,42.712599792,182.797249944,24,5,11.829,1.803057472396,5.577428,10.5359874,42.807416068,-0.671082,-1.565858,0,250.6, 7.4, -2.5,,,0,0,504,1024,1024,1024,-79,0,0,0,245.9,0,0,89,3.947,3.94,3.945,0,0,0,6.656,83.3,1.474973472396,5.249344,38,Tripod,
140300,2026-05-22 08:28:10,51.9887144179895,4.38990179308988,5.249344,,,1.474973472396,6.56168,1.4092722,42.975066992,183.149940244,24,5,11.829,1.803057472396,5.577428,10.5359874,42.975066992,-0.447388,-1.342164,0,250.7, 8.9, -2.5,,,0,0,494,1024,1024,1024,-80,0,0,0,245.9,0,0,89,3.947,3.94,3.945,0,0,0,6.656,83.3,1.474973472396,5.249344,38,Tripod,
140400,2026-05-22 08:28:10,51.9887141941424,4.38990098279256,5.249344,,,1.474973472396,6.56168,1.006623,43.15616936,183.349415316,24,5,11.829,1.803057472396,5.577428,10.5359874,43.15616936,-0.447388,-0.894776,0,250.7, 10.5, -2.4,,,0,0,395,1024,1024,1024,-95,0,0,0,245.9,0,0,89,3.947,3.94,3.945,0,0,0,6.656,83.3,1.474973472396,5.249344,38,Tripod,
140500,2026-05-22 08:28:10,51.9887140555626,4.38990012386017,5.249344,,,1.474973472396,6.56168,0.7158208,43.321195612,183.548890388,24,5,11.829,1.803057472396,5.577428,10.5359874,43.321195612,-0.223694,-0.671082,0,250.7, 11, -2.3,,,0,0,428,1024,1024,1024,-90,0,0,0,245.9,0,0,89,3.947,3.94,3.945,0,0,0,6.656,83.3,1.474973472396,5.249344,38,Tripod,
140600,2026-05-22 08:28:10,51.9887139452882,4.3898998076348,5.249344,,,1.474973472396,6.56168,0.3131716,43.398295352,183.630583304,24,5,11.829,1.803057472396,5.577428,10.5359874,43.398295352,-0.223694,-0.223694,0,250.7, 12, -2.4,,,0,0,495,1024,1024,1024,-80,0,0,0,245.9,0,0,89,3.947,3.94,3.945,0,0,0,6.656,83.3,1.474973472396,5.249344,38,Tripod,
140700,2026-05-22 08:28:11,51.9887138578191,4.389899517772,5.249344,,,1.474973472396,6.56168,0,43.465224488,183.703089868,24,5,11.822,1.803057472396,5.577428,10.5359874,43.465224488,0,0,0,250.7, 11.8, -2.4,,,0,0,495,1024,1024,1024,-80,0,0,0,245.9,0,0,89,3.942,3.936,3.941,0,0,0,6.701,83.3,1.474973472396,5.249344,38,Tripod,
140800,2026-05-22 08:28:11,51.9887138677312,4.38989974942878,5.249344,,,1.474973472396,6.56168,0.447388,43.428150996,183.755255224,24,5,11.822,1.803057472396,5.577428,10.5359874,43.465224488,0,0.447388,0,250.7, 11.1, -2.4,,,0,0,534,1024,1024,1024,-74,0,0,0,245.9,0,0,89,3.942,3.936,3.941,0,0,0,6.701,83.3,1.474973472396,5.249344,38,Tripod,
140900,2026-05-22 08:28:11,51.9887139276488,4.38989973540598,5.249344,,,1.474973472396,6.56168,0.894776,43.4137153,183.777236852,24,5,11.822,1.803057472396,5.577428,10.5359874,43.465224488,0,0.894776,0,250.8, 10.6, -2.5,,,0,0,534,1024,1024,1024,-74,0,0,0,245.9,0,0,89,3.942,3.936,3.941,0,0,0,6.701,83.3,1.474973472396,5.249344,38,Tripod,
141000,2026-05-22 08:28:11,51.9887140443742,4.38990043151678,5.249344,,,1.474973472396,6.56168,1.3645334,43.278872776,183.939310348,24,5,11.822,1.803057472396,5.577428,10.5359874,43.465224488,0.223694,1.342164,0,250.9, 9.9, -2.6,,,0,0,555,1024,1024,1024,-71,0,0,0,245.9,0,0,89,3.942,3.936,3.941,0,0,0,6.701,83.3,1.474973472396,5.249344,38,Tripod,
141100,2026-05-22 08:28:11,51.9887140183563,4.38990112182641,5.249344,,,1.474973472396,6.56168,1.5882274,43.1840565,184.094822164,24,5,11.822,1.803057472396,5.577428,10.5359874,43.465224488,0.223694,1.565858,0,251, 8.4, -2.4,,,0,0,507,1024,1024,1024,-78,0,0,0,245.9,0,0,89,3.942,3.936,3.941,0,0,0,6.701,83.3,1.474973472396,5.249344,38,Tripod,
141200,2026-05-22 08:28:11,51.9887141983147,4.38990219078305,5.249344,,,1.474973472396,6.56168,1.8342908,42.97736358,184.34383792,24,5,11.822,1.803057472396,5.577428,10.5359874,43.465224488,0.447388,1.789552,0,251, 8.3, -2.3,,,0,0,623,1024,1024,1024,-61,0,0,0,245.9,0,0,89,3.942,3.936,3.941,0,0,0,6.701,83.3,1.474973472396,5.249344,38,Tripod,
141300,2026-05-22 08:28:11,51.9887143689352,4.38990304627947,5.249344,,,1.474973472396,6.56168,2.0579848,42.804791396,184.545937664,24,5,11.822,1.803057472396,5.577428,10.5359874,43.465224488,0.447388,2.013246,0,251, 7.8, -2.5,,,0,0,694,1024,1024,1024,-50,0,0,0,245.9,0,0,89,3.942,3.936,3.941,0,0,0,6.701,83.3,1.474973472396,5.249344,38,Tripod,
141400,2026-05-22 08:28:11,51.9887146152279,4.38990436965219,5.249344,,,1.474973472396,6.56168,2.3264176,42.543308448,184.856305128,24,5,11.822,1.803057472396,5.577428,10.5359874,43.465224488,0.671082,2.23694,0,251, 5.8, -2.6,,,0,0,741,1024,1024,1024,-43,0,0,0,245.9,0,0,89,3.942,3.936,3.941,0,0,0,6.701,83.3,1.474973472396,5.249344,38,Tripod,
141500,2026-05-22 08:28:11,51.9887150142963,4.38990594791558,5.249344,,,1.474973472396,6.56168,2.5501116,42.20308534,185.239835324,24,5,11.822,1.803057472396,5.577428,10.5359874,43.465224488,0.671082,2.460634,0,251, 3.9, -2.8,,,0,0,712,1024,1024,1024,-47,0,0,0,245.9,0,0,89,3.942,3.936,3.941,0,0,0,6.701,83.3,1.474973472396,5.249344,38,Tripod,
141600,2026-05-22 08:28:11,51.9887153024214,4.3899074129906,5.249344,,,1.474973472396,6.56168,2.5501116,41.91109058,185.585307776,24,5,11.822,1.803057472396,5.577428,10.5359874,43.465224488,0.671082,2.460634,0,251.2, 2.7, -2.9,,,0,0,729,1024,1024,1024,-45,0,0,0,245.9,0,0,89,3.942,3.936,3.941,0,0,0,6.701,83.3,1.474973472396,5.249344,38,Tripod,
141700,2026-05-22 08:28:12,51.9887155783645,4.38990898128464,5.249344,,,1.474973472396,6.233596,2.5501116,41.608269048,185.951777604,24,5,11.817,1.803057472396,5.577428,10.5359874,43.465224488,0.671082,2.460634,0,251.3, 2, -2.7,,,0,0,729,1024,1024,1024,-45,0,0,0,245.9,0,0,89,3.942,3.936,3.94,0,0,0,6.841,83.48,1.474973472396,5.249344,38,Tripod,
141800,2026-05-22 08:28:12,51.9887158686231,4.38991047208389,5.249344,,,1.474973472396,6.233596,2.5501116,41.313649616,186.303155568,24,5,11.817,1.803057472396,5.577428,10.5359874,43.465224488,0.671082,2.460634,0,251.4, 2.1, -2.7,,,0,0,718,1024,1024,1024,-46,0,0,0,245.9,0,0,89,3.942,3.936,3.94,0,0,0,6.841,83.48,1.474973472396,5.249344,38,Tripod,
141900,2026-05-22 08:28:12,51.9887162858792,4.38991239411089,5.249344,,,1.474973472396,6.233596,2.5501116,40.922573488,186.761160832,24,5,11.817,1.803057472396,5.577428,10.5359874,43.465224488,0.671082,2.460634,0,251.4, 2.7, -2.8,,,0,0,690,1024,1024,1024,-51,0,0,0,245.9,0,0,89,3.942,3.936,3.94,0,0,0,6.841,83.48,1.474973472396,5.249344,38,Tripod,
142000,2026-05-22 08:28:12,51.9887166008875,4.38991390109466,5.249344,,,1.474973472396,6.233596,2.5501116,40.620736208,187.118444308,24,5,11.817,1.803057472396,5.577428,10.5359874,43.465224488,0.671082,2.460634,0,251.3, 2.8, -2.8,,,0,0,693,1024,1024,1024,-50,0,0,0,245.9,0,0,89,3.942,3.936,3.94,0,0,0,6.841,83.48,1.474973472396,5.249344,38,Tripod,
142100,2026-05-22 08:28:12,51.9887171252313,4.38991599534782,5.249344,,,1.474973472396,6.233596,2.6172198,40.177822808,187.626646424,24,5,11.817,1.803057472396,5.577428,10.5359874,43.465224488,0.894776,2.460634,0,251.2, 3.7, -3,,,0,0,699,1024,1024,1024,-49,0,0,0,245.9,0,0,89,3.942,3.936,3.94,0,0,0,6.841,83.48,1.474973472396,5.249344,38,Tripod,
142200,2026-05-22 08:28:12,51.9887174929523,4.38991758594054,5.249344,,,1.474973472396,6.233596,2.6172198,39.851051144,188.008208116,24,5,11.817,1.803057472396,5.577428,10.5359874,43.465224488,0.894776,2.460634,0,251.1, 2.6, -3.6,,,0,0,652,1024,1024,1024,-56,0,0,0,245.9,0,0,89,3.942,3.936,3.94,0,0,0,6.841,83.48,1.474973472396,5.249344,38,Tripod,
142300,2026-05-22 08:28:12,51.9887178115681,4.38991963394448,5.249344,,,1.474973472396,6.233596,2.8185444,39.4767073,188.482945664,24,5,11.817,1.803057472396,5.577428,10.5359874,43.465224488,0.894776,2.684328,0,251, 2.8, -3.9,,,0,0,673,1024,1024,1024,-53,0,0,0,245.9,0,0,89,3.942,3.936,3.94,0,0,0,6.841,83.48,1.474973472396,5.249344,38,Tripod,
142400,2026-05-22 08:28:12,51.988718180043,4.38992129012357,5.249344,,,1.474973472396,6.233596,2.8185444,39.143373956,188.878614968,24,5,11.817,1.803057472396,5.577428,10.5359874,43.465224488,0.894776,2.684328,0,250.9, 3.2, -3.8,,,0,0,673,1024,1024,1024,-53,0,0,0,245.9,0,0,89,3.942,3.936,3.94,0,0,0,6.841,83.48,1.474973472396,5.249344,38,Tripod,
142500,2026-05-22 08:28:12,51.9887187454055,4.38992332275519,5.249344,,,1.474973472396,6.233596,2.8185444,38.703085228,189.379599236,24,5,11.817,1.803057472396,5.577428,10.5359874,43.465224488,0.894776,2.684328,0,250.8, 3, -4,,,0,0,690,1024,1024,1024,-51,0,0,0,245.9,0,0,89,3.942,3.936,3.94,0,0,0,6.841,83.48,1.474973472396,5.249344,38,Tripod,
142600,2026-05-22 08:28:12,51.9887191458867,4.38992503449734,5.249344,,,1.474973472396,6.233596,2.8185444,38.355316188,189.791016572,24,5,11.817,1.803057472396,5.577428,10.5359874,43.465224488,0.894776,2.684328,0,250.6, 2.5, -4.1,,,0,0,660,1024,1024,1024,-55,0,0,0,245.9,0,0,89,3.942,3.936,3.94,0,0,0,6.841,83.48,1.474973472396,5.249344,38,Tripod,
142700,2026-05-22 08:28:13,51.9887196216727,4.38992702750165,5.249344,,,1.474973472396,5.905512,2.8185444,37.94947628,190.271331548,24,5,11.817,1.803057472396,5.577428,10.5359874,43.465224488,0.894776,2.684328,0,250.7, 2.4, -4.3,,,0,0,656,1024,1024,1024,-56,0,0,0,245.9,0,0,89,3.941,3.935,3.94,0,0,0,6.751,83.48,1.474973472396,5.249344,38,Tripod,
142800,2026-05-22 08:28:13,51.9887200337193,4.38992876302573,5.249344,,,1.474973472396,5.905512,2.8185444,37.598098316,190.689310564,24,5,11.817,1.803057472396,5.577428,10.5359874,43.465224488,0.894776,2.684328,0,250.7, 2.5, -4.2,,,0,0,655,1024,1024,1024,-56,0,0,0,245.9,0,0,89,3.941,3.935,3.94,0,0,0,6.751,83.48,1.474973472396,5.249344,38,Tripod,
142900,2026-05-22 08:28:13,51.9887205001155,4.38993057928086,5.249344,,,1.474973472396,5.905512,2.8185444,37.2211298,191.131239712,24,5,11.817,1.803057472396,5.577428,10.5359874,43.465224488,0.894776,2.684328,0,250.7, 2.7, -4.6,,,0,0,636,1024,1024,1024,-59,0,0,0,245.9,0,0,89,3.941,3.935,3.94,0,0,0,6.751,83.48,1.474973472396,5.249344,38,Tripod,
143000,2026-05-22 08:28:13,51.9887209162233,4.38993232788368,5.249344,,,1.474973472396,5.905512,2.8185444,36.869751836,191.552499568,24,5,11.817,1.803057472396,5.577428,10.5359874,43.465224488,0.894776,2.684328,0,250.6, 3, -4.4,,,0,0,672,1024,1024,1024,-53,0,0,0,245.9,0,0,89,3.941,3.935,3.94,0,0,0,6.751,83.48,1.474973472396,5.249344,38,Tripod,
143100,2026-05-22 08:28:13,51.9887214564755,4.38993443332704,5.249344,,,1.474973472396,5.905512,2.8185444,36.436680956,192.064966776,24,5,11.817,1.803057472396,5.577428,10.5359874,43.465224488,0.894776,2.684328,0,250.5, 3.1, -4.5,,,0,0,677,1024,1024,1024,-53,0,0,0,245.9,0,0,89,3.941,3.935,3.94,0,0,0,6.751,83.48,1.474973472396,5.249344,38,Tripod,
143200,2026-05-22 08:28:13,51.9887218834549,4.3899362470433,5.249344,,,1.474973472396,5.905512,2.8185444,36.077100892,192.501318496,24,5,11.817,1.803057472396,5.577428,10.5359874,43.465224488,0.894776,2.684328,0,250.4, 2.8, -4.5,,,0,0,677,1024,1024,1024,-53,0,0,0,245.9,0,0,89,3.941,3.935,3.94,0,0,0,6.751,83.48,1.474973472396,5.249344,38,Tripod,
143300,2026-05-22 08:28:13,51.9887221889289,4.38993802274087,5.249344,,,1.474973472396,5.905512,2.8185444,35.760499832,192.915360504,24,5,11.817,1.803057472396,5.577428,10.5359874,43.465224488,0.894776,2.684328,0,250.4, 2.6, -4.5,,,0,0,675,1024,1024,1024,-53,0,0,0,245.9,0,0,89,3.941,3.935,3.94,0,0,0,6.751,83.48,1.474973472396,5.249344,38,Tripod,
143400,2026-05-22 08:28:13,51.988722601995,4.38993985191113,5.249344,,,1.474973472396,5.905512,2.8185444,35.406497196,193.353352644,24,5,11.817,1.803057472396,5.577428,10.5359874,43.465224488,0.894776,2.684328,0,250.5, 2.5, -4.6,,,0,0,675,1024,1024,1024,-53,0,0,0,245.9,0,0,89,3.941,3.935,3.94,0,0,0,6.751,83.48,1.474973472396,5.249344,38,Tripod,
143500,2026-05-22 08:28:13,51.9887231452543,4.38994172535701,5.249344,,,1.474973472396,5.905512,2.8185444,35.009187472,193.818575756,24,5,11.817,1.803057472396,5.577428,10.5359874,43.465224488,0.894776,2.684328,0,250.6, 2.6, -4.5,,,0,0,674,1024,1024,1024,-53,0,0,0,245.9,0,0,89,3.941,3.935,3.94,0,0,0,6.751,83.48,1.474973472396,5.249344,38,Tripod,
143600,2026-05-22 08:28:13,51.9887235572071,4.38994356454548,5.249344,,,1.474973472396,5.905512,2.8185444,34.658137592,194.258208316,24,5,11.817,1.803057472396,5.577428,10.5359874,43.465224488,0.894776,2.684328,0,250.5, 2.5, -4.2,,,0,0,672,1024,1024,1024,-53,0,0,0,245.9,0,0,89,3.941,3.935,3.94,0,0,0,6.751,83.48,1.474973472396,5.249344,38,Tripod,
143700,2026-05-22 08:28:14,51.988724037319,4.38994567293115,5.249344,,,1.474973472396,5.905512,2.8185444,34.255906608,194.763129592,24,5,11.815,1.803057472396,5.577428,10.5359874,43.465224488,0.894776,2.684328,0,250.6, 2.6, -4,,,0,0,677,1024,1024,1024,-53,0,0,0,245.9,0,0,89,3.942,3.936,3.94,0,0,0,6.774,83.48,1.474973472396,5.249344,38,Tripod,
143800,2026-05-22 08:28:14,51.9887244509685,4.38994753332973,5.249344,,,1.474973472396,5.905512,2.8185444,33.906169064,195.207683412,24,5,11.815,1.803057472396,5.577428,10.5359874,43.465224488,0.894776,2.684328,0,250.6, 2.5, -4,,,0,0,677,1024,1024,1024,-53,0,0,0,245.9,0,0,89,3.942,3.936,3.94,0,0,0,6.774,83.48,1.474973472396,5.249344,38,Tripod,
143900,2026-05-22 08:28:14,51.9887247397189,4.38994908569312,5.249344,,,1.474973472396,5.905512,2.8185444,33.633859344,195.572184736,24,5,11.815,1.803057472396,5.577428,10.5359874,43.465224488,0.894776,2.684328,0,250.6, 2.5, -4.2,,,0,0,676,1024,1024,1024,-53,0,0,0,245.9,0,0,89,3.942,3.936,3.94,0,0,0,6.774,83.48,1.474973472396,5.249344,38,Tripod,
144000,2026-05-22 08:28:14,51.9887251306825,4.38995093648389,5.249344,,,1.474973472396,5.905512,2.8185444,33.296588992,196.011489212,24,5,11.815,1.803057472396,5.577428,10.5359874,43.465224488,0.894776,2.684328,0,250.7, 2.6, -4.3,,,0,0,642,1024,1024,1024,-58,0,0,0,245.9,0,0,89,3.942,3.936,3.94,0,0,0,6.774,83.48,1.474973472396,5.249344,38,Tripod,
144100,2026-05-22 08:28:14,51.9887256741817,4.38995297199343,5.249344,,,1.474973472396,5.905512,2.8185444,32.892717588,196.510176892,24,5,11.815,1.803057472396,5.577428,10.5359874,43.465224488,0.894776,2.684328,0,250.7, 2.4, -4.1,,,0,0,642,1024,1024,1024,-58,0,0,0,245.9,0,0,89,3.942,3.936,3.94,0,0,0,6.774,83.48,1.474973472396,5.249344,38,Tripod,
144200,2026-05-22 08:28:14,51.9887260489966,4.38995483068601,5.249344,,,1.474973472396,5.905512,2.8185444,32.5648304384,196.949481368,24,5,11.815,1.803057472396,5.577428,10.5359874,43.465224488,0.671082,2.684328,0,250.8, 3.1, -3.5,,,0,0,677,1024,1024,1024,-53,0,0,0,245.9,0,0,89,3.942,3.936,3.94,0,0,0,6.774,83.48,1.474973472396,5.249344,38,Tripod,
144300,2026-05-22 08:28:14,51.9887263663868,4.38995652267541,5.249344,,,1.474973472396,5.905512,2.7738056,32.2761165184,197.347119176,24,5,11.815,1.803057472396,5.577428,10.5359874,43.465224488,0.671082,2.684328,0,250.7, 3, -3.3,,,0,0,690,1024,1024,1024,-51,0,0,0,245.9,0,0,89,3.942,3.936,3.94,0,0,0,6.774,83.48,1.474973472396,5.249344,38,Tripod,
144400,2026-05-22 08:28:14,51.9887267344766,4.38995838296088,5.249344,,,1.474973472396,5.905512,2.7738056,31.9552831748,197.786095568,24,5,11.815,1.803057472396,5.577428,10.5359874,43.465224488,0.671082,2.684328,0,250.8, 2.9, -3.3,,,0,0,657,1024,1024,1024,-56,0,0,0,245.9,0,0,89,3.942,3.936,3.94,0,0,0,6.774,83.48,1.474973472396,5.249344,38,Tripod,
144500,2026-05-22 08:28:14,51.9887270818257,4.3899600908165,5.249344,,,1.474973472396,5.905512,2.7738056,31.6602044252,198.189966972,24,5,11.815,1.803057472396,5.577428,10.5359874,43.465224488,0.671082,2.684328,0,250.9, 3.3, -3.1,,,0,0,676,1024,1024,1024,-53,0,0,0,245.9,0,0,89,3.942,3.936,3.94,0,0,0,6.774,83.48,1.474973472396,5.249344,38,Tripod,
144600,2026-05-22 08:28:14,51.9887274626717,4.3899619501212,5.249344,,,1.474973472396,5.577428,2.8185444,31.340880268,198.6302557,24,5,11.815,1.803057472396,5.577428,10.5359874,43.465224488,0.894776,2.684328,0,250.9, 3.2, -3.3,,,0,0,676,1024,1024,1024,-53,0,0,0,245.9,0,0,89,3.942,3.936,3.94,0,0,0,6.774,83.48,1.474973472396,5.249344,38,Tripod,
144700,2026-05-22 08:28:14,51.9887279893282,4.38996384933145,5.249344,,,1.474973472396,5.577428,2.8185444,30.973098104,199.098431568,24,5,11.818,1.803057472396,5.577428,10.5359874,43.465224488,0.894776,2.684328,0,250.8, 2.9, -3.2,,,0,0,678,1024,1024,1024,-52,0,0,0,245.9,0,0,89,3.939,3.934,3.938,0,0,0,6.776,83.48,1.474973472396,5.249344,38,Tripod,
144800,2026-05-22 08:28:15,51.9887284157764,4.38996572972619,5.249344,,,1.474973472396,5.577428,2.8185444,30.6426190908,199.548562816,24,5,11.818,1.803057472396,5.577428,10.5359874,43.465224488,0.894776,2.684328,0,250.9, 2.4, -3.7,,,0,0,676,1024,1024,1024,-53,0,0,0,245.9,0,0,89,3.939,3.934,3.938,0,0,0,6.776,83.48,1.474973472396,5.249344,38,Tripod,
144900,2026-05-22 08:28:15,51.9887285733578,4.38996745903703,5.249344,,,1.474973472396,5.577428,2.8185444,30.4182424432,199.941279364,24,5,11.818,1.803057472396,5.577428,10.5359874,43.465224488,0.894776,2.684328,0,250.9, 2, -4,,,0,0,690,1024,1024,1024,-51,0,0,0,245.9,0,0,89,3.939,3.934,3.938,0,0,0,6.776,83.48,1.474973472396,5.249344,38,Tripod,
145000,2026-05-22 08:28:15,51.9887289878893,4.38996930417619,5.249344,,,1.474973472396,5.577428,2.8185444,30.1015101496,200.382552344,24,5,11.818,1.803057472396,5.577428,10.5359874,43.465224488,0.894776,2.684328,0,250.9, 2.2, -4.3,,,0,0,690,1024,1024,1024,-51,0,0,0,245.9,0,0,89,3.939,3.934,3.938,0,0,0,6.776,83.48,1.474973472396,5.249344,38,Tripod,
145100,2026-05-22 08:28:15,51.9887295009756,4.38997110881857,5.249344,,,1.474973472396,5.577428,2.8185444,29.7591544956,200.829074668,24,5,11.818,1.803057472396,5.577428,10.5359874,43.465224488,0.894776,2.684328,0,250.8, 2.6, -4.5,,,0,0,690,1024,1024,1024,-51,0,0,0,245.9,0,0,89,3.939,3.934,3.938,0,0,0,6.776,83.48,1.474973472396,5.249344,38,Tripod,
145200,2026-05-22 08:28:15,51.9887299073427,4.389972935337,5.249344,,,1.474973472396,5.577428,2.8185444,29.4530521236,201.265426388,24,5,11.818,1.803057472396,5.577428,10.5359874,43.465224488,0.894776,2.684328,0,250.6, 3.1, -4.2,,,0,0,690,1024,1024,1024,-51,0,0,0,245.9,0,0,89,3.939,3.934,3.938,0,0,0,6.776,83.48,1.474973472396,5.249344,38,Tripod,
145300,2026-05-22 08:28:15,51.9887300662606,4.38997457273364,5.249344,,,1.474973472396,5.577428,2.8185444,29.250000936,201.638129812,24,5,11.818,1.803057472396,5.577428,10.5359874,43.465224488,0.894776,2.684328,0,250.5, 3.1, -4.2,,,0,0,690,1024,1024,1024,-51,0,0,0,245.9,0,0,89,3.939,3.934,3.938,0,0,0,6.776,83.48,1.474973472396,5.249344,38,Tripod,
145400,2026-05-22 08:28:15,51.9887304326199,4.38997639477601,5.249344,,,1.474973472396,5.577428,2.8185444,28.964403814,202.06857602,24,5,11.818,1.803057472396,5.577428,10.5359874,43.465224488,0.894776,2.684328,0,250.5, 2.5, -3.9,,,0,0,686,1024,1024,1024,-51,0,0,0,245.9,0,0,89,3.939,3.934,3.938,0,0,0,6.776,83.48,1.474973472396,5.249344,38,Tripod,
145500,2026-05-22 08:28:15,51.9887307867454,4.38997813809936,5.249344,,,1.474973472396,5.577428,2.8185444,28.6933080048,202.480977608,24,5,11.818,1.803057472396,5.577428,10.5359874,43.465224488,0.894776,2.684328,0,250.6, 2.1, -4.1,,,0,0,654,1024,1024,1024,-56,0,0,0,245.9,0,0,89,3.939,3.934,3.938,0,0,0,6.776,83.48,1.474973472396,5.249344,38,Tripod,
145600,2026-05-22 08:28:15,51.9887311374699,4.38997994087757,5.249344,,,1.474973472396,5.577428,2.7738056,28.4218184948,202.905846388,23,5,11.818,1.803057472396,5.577428,10.5359874,43.465224488,0.671082,2.684328,0,250.7, 2.2, -3.9,,,0,0,672,1024,1024,1024,-53,0,0,0,245.9,0,0,89,3.939,3.934,3.938,0,0,0,6.776,83.48,1.474973472396,5.249344,38,Tripod,
145700,2026-05-22 08:28:15,51.9887316964153,4.38998155108391,5.249344,,,1.474973472396,5.577428,2.5501116,28.0990166472,203.321200732,23,5,11.816,1.803057472396,5.577428,10.5359874,43.465224488,0.671082,2.460634,0,250.8, 2.8, -4.1,,,0,0,686,1024,1024,1024,-51,0,0,0,245.9,0,0,89,3.942,3.937,3.94,0,0,0,6.759,83.48,1.474973472396,5.249344,38,Tripod,
145800,2026-05-22 08:28:16,51.9887320510039,4.38998333683608,5.249344,,,1.474973472396,5.577428,2.7738056,27.8344169012,203.742788672,23,5,11.816,1.803057472396,5.577428,10.5359874,43.465224488,0.671082,2.684328,0,250.7, 3.1, -3.8,,,0,0,681,1024,1024,1024,-52,0,0,0,245.9,0,0,89,3.942,3.937,3.94,0,0,0,6.759,83.48,1.474973472396,5.249344,38,Tripod,
145900,2026-05-22 08:28:16,51.9887323097698,4.38998499190568,5.249344,,,1.474973472396,5.577428,2.7738056,27.616634742,204.126318868,23,5,11.816,1.803057472396,5.577428,10.5359874,43.465224488,0.671082,2.684328,0,250.6, 2.6, -3.7,,,0,0,683,1024,1024,1024,-52,0,0,0,245.9,0,0,89,3.942,3.937,3.94,0,0,0,6.759,83.48,1.474973472396,5.249344,38,Tripod,
146000,2026-05-22 08:28:16,51.988732657196,4.38998679415178,5.249344,,,1.474973472396,5.577428,2.7738056,27.3610244976,204.55053148,23,5,11.816,1.803057472396,5.577428,10.5359874,43.465224488,0.671082,2.684328,0,250.7, 2.2, -3.5,,,0,0,683,1024,1024,1024,-52,0,0,0,245.9,0,0,89,3.942,3.937,3.94,0,0,0,6.759,83.48,1.474973472396,5.249344,38,Tripod,
146100,2026-05-22 08:28:16,51.9887331623578,4.38998865078195,5.249344,,,1.474973472396,5.577428,2.7738056,27.0512147764,205.00656824,23,5,11.816,1.803057472396,5.577428,10.5359874,43.465224488,0.671082,2.684328,0,250.9, 2.1, -3.7,,,0,0,671,1024,1024,1024,-53,0,0,0,245.9,0,0,89,3.942,3.937,3.94,0,0,0,6.759,83.48,1.474973472396,5.249344,38,Tripod,
146200,2026-05-22 08:28:16,51.9887335211181,4.38999042046089,5.249344,,,1.474973472396,5.577428,2.5501116,26.8023958708,205.425203424,23,5,11.816,1.803057472396,5.577428,10.5359874,43.465224488,0.671082,2.460634,0,251, 2.5, -3.6,,,0,0,680,1024,1024,1024,-52,0,0,0,245.9,0,0,89,3.942,3.937,3.94,0,0,0,6.759,83.48,1.474973472396,5.249344,38,Tripod,
146300,2026-05-22 08:28:16,51.9887340100626,4.38999204804286,5.249344,,,1.474973472396,5.577428,2.5501116,26.5219496676,205.832355668,23,5,11.816,1.803057472396,5.577428,10.5359874,43.465224488,0.671082,2.460634,0,251, 2.8, -3.6,,,0,0,681,1024,1024,1024,-52,0,0,0,245.9,0,0,89,3.942,3.937,3.94,0,0,0,6.759,83.48,1.474973472396,5.249344,38,Tripod,
146400,2026-05-22 08:28:16,51.9887343847832,4.38999377168471,5.249344,,,1.474973472396,5.577428,2.6172198,26.2785769564,206.242788752,23,5,11.816,1.803057472396,5.577428,10.5359874,43.465224488,0.894776,2.460634,0,250.9, 3, -4.1,,,0,0,683,1024,1024,1024,-52,0,0,0,245.9,0,0,89,3.942,3.937,3.94,0,0,0,6.759,83.48,1.474973472396,5.249344,38,Tripod,
146500,2026-05-22 08:28:16,51.9887346914219,4.38999536311033,5.249344,,,1.474973472396,5.577428,2.5501116,26.0714247188,206.61746068,23,5,11.816,1.803057472396,5.577428,10.5359874,43.465224488,0.671082,2.460634,0,250.7, 3, -4.5,,,0,0,681,1024,1024,1024,-52,0,0,0,245.9,0,0,89,3.942,3.937,3.94,0,0,0,6.759,83.48,1.474973472396,5.249344,38,Tripod,
146600,2026-05-22 08:28:16,51.9887350479634,4.38999707753921,5.249344,,,1.474973472396,5.577428,2.5501116,25.8432422968,207.02428484,23,5,11.816,1.803057472396,5.577428,10.5359874,43.465224488,0.671082,2.460634,0,250.7, 2.9, -3.9,,,0,0,658,1024,1024,1024,-55,0,0,0,245.9,0,0,89,3.942,3.937,3.94,0,0,0,6.759,83.48,1.474973472396,5.249344,38,Tripod,
146700,2026-05-22 08:28:16,51.9887354733321,4.38999867563893,5.249344,,,1.474973472396,5.577428,2.5501116,25.6016412392,207.415360968,23,5,11.81,1.803057472396,5.577428,10.5359874,43.465224488,0.671082,2.460634,0,250.7, 2.9, -3.8,,,0,0,659,1024,1024,1024,-55,0,0,0,245.9,0,0,89,3.938,3.932,3.936,0,0,0,6.809,83.48,1.474973472396,5.249344,38,Tripod,
146800,2026-05-22 08:28:17,51.9887358240566,4.39000037429896,5.249344,,,1.474973472396,5.577428,2.5501116,25.3848761404,207.817920036,24,5,11.81,1.803057472396,5.577428,10.5359874,43.465224488,0.671082,2.460634,0,250.7, 3.1, -3.7,,,0,0,659,1024,1024,1024,-55,0,0,0,245.9,0,0,89,3.938,3.932,3.936,0,0,0,6.809,83.48,1.474973472396,5.249344,38,Tripod,
146900,2026-05-22 08:28:17,51.9887362516699,4.39000189652113,5.249344,,,1.474973472396,5.577428,2.5501116,25.1542330884,208.1939043,24,5,11.81,1.803057472396,5.577428,10.5359874,43.465224488,0.671082,2.460634,0,250.6, 3.3, -3.6,,,0,0,645,1024,1024,1024,-57,0,0,0,245.9,0,0,89,3.938,3.932,3.936,0,0,0,6.809,83.48,1.474973472396,5.249344,38,Tripod,
147000,2026-05-22 08:28:17,51.9887365988305,4.39000358610729,5.249344,,,1.474973472396,5.577428,2.5501116,24.947835444,208.593838696,24,5,11.81,1.803057472396,5.577428,10.5359874,43.465224488,0.671082,2.460634,0,250.6, 3.5, -3.6,,,0,0,638,1024,1024,1024,-58,0,0,0,245.9,0,0,89,3.938,3.932,3.936,0,0,0,6.809,83.48,1.474973472396,5.249344,38,Tripod,
147100,2026-05-22 08:28:17,51.9887369183711,4.39000545965056,5.249344,,,1.474973472396,5.577428,2.5501116,24.7479338628,209.030846584,24,5,11.81,1.803057472396,5.577428,10.5359874,43.465224488,0.671082,2.460634,0,250.6, 3.7, -3.3,,,0,0,638,1024,1024,1024,-58,0,0,0,245.9,0,0,89,3.938,3.932,3.936,0,0,0,6.809,83.48,1.474973472396,5.249344,38,Tripod,
147200,2026-05-22 08:28:17,51.9887372630044,4.39000719952731,5.249344,,,1.474973472396,5.249344,2.5501116,24.5505913368,209.441279668,24,5,11.81,1.803057472396,5.577428,10.5359874,43.465224488,0.671082,2.460634,0,250.7, 3.8, -3.2,,,0,0,638,1024,1024,1024,-58,0,0,0,245.9,0,0,89,3.938,3.932,3.936,0,0,0,6.809,83.48,1.474973472396,5.249344,38,Tripod,
147300,2026-05-22 08:28:17,51.9887375706369,4.3900086776635,5.249344,,,1.474973472396,5.577428,2.7738056,24.3817921188,209.792001464,24,5,11.81,1.803057472396,5.577428,10.5359874,43.465224488,0.671082,2.684328,0,250.8, 4.1, -3.1,,,0,0,638,1024,1024,1024,-58,0,0,0,245.9,0,0,89,3.938,3.932,3.936,0,0,0,6.809,83.48,1.474973472396,5.249344,38,Tripod,
147400,2026-05-22 08:28:17,51.9887379246343,4.3900104288157,5.249344,,,1.474973472396,5.249344,2.7738056,24.190617572,210.206043472,24,5,11.81,1.803057472396,5.577428,10.5359874,43.465224488,0.671082,2.684328,0,250.8, 4.4, -3.3,,,0,0,638,1024,1024,1024,-58,0,0,0,245.9,0,0,89,3.938,3.932,3.936,0,0,0,6.809,83.48,1.474973472396,5.249344,38,Tripod,
147500,2026-05-22 08:28:17,51.9887383171226,4.3900120756635,5.249344,,,1.474973472396,5.249344,2.7738056,23.9944561484,210.602697028,24,5,11.81,1.803057472396,5.577428,10.5359874,43.465224488,0.671082,2.684328,0,250.7, 4.7, -3.3,,,0,0,638,1024,1024,1024,-58,0,0,0,245.9,0,0,89,3.938,3.932,3.936,0,0,0,6.809,83.48,1.474973472396,5.249344,38,Tripod,
147600,2026-05-22 08:28:17,51.9887386995792,4.39001385808814,5.249344,,,1.474973472396,5.249344,2.8185444,23.8030847512,211.02690964,24,5,11.81,1.803057472396,5.577428,10.5359874,43.465224488,0.894776,2.684328,0,250.6, 4.7, -3.4,,,0,0,639,1024,1024,1024,-58,0,0,0,245.9,0,0,89,3.938,3.932,3.936,0,0,0,6.809,83.48,1.474973472396,5.249344,38,Tripod,
147700,2026-05-22 08:28:17,51.9887391126034,4.39001577952239,5.249344,,,1.474973472396,5.249344,2.8185444,23.6033144036,211.484258736,24,5,11.81,1.803057472396,5.577428,10.5359874,43.465224488,0.894776,2.684328,0,250.7, 4.5, -3.6,,,0,0,637,1024,1024,1024,-59,0,0,0,245.9,0,0,89,3.941,3.935,3.94,0,0,0,6.842,83.48,1.474973472396,5.249344,38,Tripod,
147800,2026-05-22 08:28:18,51.9887395336283,4.39001761330082,5.249344,,,1.474973472396,5.249344,2.8185444,23.4096464184,211.923891296,24,5,11.81,1.803057472396,5.577428,10.5359874,43.465224488,0.894776,2.684328,0,250.5, 4.4, -3.8,,,0,0,637,1024,1024,1024,-59,0,0,0,245.9,0,0,89,3.941,3.935,3.94,0,0,0,6.842,83.48,1.474973472396,5.249344,38,Tripod,
147900,2026-05-22 08:28:18,51.988739766111,4.39001927866725,5.249344,,,1.474973472396,5.249344,2.8185444,23.294128042,212.307421492,24,5,11.81,1.803057472396,5.577428,10.5359874,43.465224488,0.894776,2.684328,0,250.4, 4.4, -4.1,,,0,0,636,1024,1024,1024,-59,0,0,0,245.9,0,0,89,3.941,3.935,3.94,0,0,0,6.842,83.48,1.474973472396,5.249344,38,Tripod,
148000,2026-05-22 08:28:18,51.9887401921565,4.39002111847631,5.249344,,,1.474973472396,5.577428,2.8185444,23.1115821044,212.749022556,24,5,11.81,1.803057472396,5.577428,10.5359874,43.465224488,0.894776,2.684328,0,250.2, 4.4, -4.2,,,0,0,636,1024,1024,1024,-59,0,0,0,245.9,0,0,89,3.941,3.935,3.94,0,0,0,6.842,83.48,1.474973472396,5.249344,38,Tripod,
148100,2026-05-22 08:28:18,51.988740738003,4.39002331630129,5.249344,,,1.474973472396,5.249344,3.0422384,22.8893051944,213.281502888,24,5,11.81,1.803057472396,5.577428,10.5359874,43.465224488,0.894776,2.908022,0,250, 4.4, -4.4,,,0,0,636,1024,1024,1024,-59,0,0,0,245.9,0,0,89,3.941,3.935,3.94,0,0,0,6.842,83.48,1.474973472396,5.249344,38,Tripod,
148200,2026-05-22 08:28:18,51.9887411911203,4.39002521796374,5.249344,,,1.474973472396,5.577428,3.0422384,22.7123038764,213.739836236,24,5,11.81,1.803057472396,5.577428,10.5359874,43.465224488,0.894776,2.908022,0,249.8, 4.4, -4.5,,,0,0,636,1024,1024,1024,-59,0,0,0,245.9,0,0,89,3.941,3.935,3.94,0,0,0,6.842,83.48,1.474973472396,5.249344,38,Tripod,
148300,2026-05-22 08:28:18,51.9887415682188,4.39002684167627,5.249344,,,1.474973472396,5.249344,3.0422384,22.5709980976,214.129600028,24,5,11.81,1.803057472396,5.577428,10.5359874,43.465224488,0.894776,2.908022,0,249.8, 4.3, -4.7,,,0,0,636,1024,1024,1024,-59,0,0,0,245.9,0,0,89,3.941,3.935,3.94,0,0,0,6.842,83.48,1.474973472396,5.249344,38,Tripod,
148400,2026-05-22 08:28:18,51.9887420218196,4.3900287605608,5.249344,,,1.474973472396,5.249344,3.0422384,22.4086949428,214.5915423,24,5,11.81,1.803057472396,5.577428,10.5359874,43.465224488,0.894776,2.908022,0,249.7, 4, -4.7,,,0,0,638,1024,1024,1024,-58,0,0,0,245.9,0,0,89,3.941,3.935,3.94,0,0,0,6.842,83.48,1.474973472396,5.249344,38,Tripod,
148500,2026-05-22 08:28:18,51.9887425660984,4.39003084389683,5.249344,,,1.474973472396,5.249344,3.0422384,22.2231306324,215.1000725,24,5,11.81,1.803057472396,5.577428,10.5359874,43.465224488,0.894776,2.908022,0,249.7, 4, -4.7,,,0,0,638,1024,1024,1024,-58,0,0,0,245.9,0,0,89,3.941,3.935,3.94,0,0,0,6.842,83.48,1.474973472396,5.249344,38,Tripod,
148600,2026-05-22 08:28:18,51.9887430167783,4.39003281486158,5.249344,,,1.474973472396,5.249344,3.0422384,22.0803156672,215.572185376,24,5,11.81,1.803057472396,5.577428,10.5359874,43.465224488,0.894776,2.908022,0,249.7, 3.9, -4.3,,,0,0,640,1024,1024,1024,-58,0,0,0,245.9,0,0,89,3.941,3.935,3.94,0,0,0,6.842,83.48,1.474973472396,5.249344,38,Tripod,
148700,2026-05-22 08:28:19,51.9887434525346,4.39003481986518,5.249344,,,1.474973472396,5.249344,3.0422384,21.9527894164,216.04987568,24,5,11.802,1.803057472396,5.577428,10.5359874,43.465224488,0.894776,2.908022,0,249.8, 3.9, -4.4,,,0,0,640,1024,1024,1024,-58,0,0,0,245.9,0,0,89,3.937,3.93,3.935,0,0,0,6.869,83.66,1.474973472396,5.249344,38,Tripod,
148800,2026-05-22 08:28:19,51.9887439010556,4.3900368220801,5.249344,,,1.474973472396,5.577428,3.0422384,21.8302828508,216.528550236,24,5,11.802,1.803057472396,5.577428,10.5359874,43.465224488,0.894776,2.908022,0,249.9, 3.8, -4.4,,,0,0,640,1024,1024,1024,-58,0,0,0,245.9,0,0,89,3.937,3.93,3.935,0,0,0,6.869,83.66,1.474973472396,5.249344,38,Tripod,
148900,2026-05-22 08:28:19,51.9887442856545,4.39003855835587,5.249344,,,1.474973472396,5.249344,3.0422384,21.733596496,216.943248412,24,5,11.802,1.803057472396,5.577428,10.5359874,43.465224488,0.894776,2.908022,0,250, 3.7, -4.5,,,0,0,679,1024,1024,1024,-52,0,0,0,245.9,0,0,89,3.937,3.93,3.935,0,0,0,6.869,83.66,1.474973472396,5.249344,38,Tripod,
149000,2026-05-22 08:28:19,51.9887447226054,4.39004054681981,5.249344,,,1.474973472396,5.249344,3.2659324,21.633366834,217.417657876,24,5,11.802,1.803057472396,5.577428,10.5359874,43.465224488,0.894776,3.131716,0,250, 3.7, -4.5,,,0,0,691,1024,1024,1024,-50,0,0,0,245.9,0,0,89,3.937,3.93,3.935,0,0,0,6.869,83.66,1.474973472396,5.249344,38,Tripod,
149100,2026-05-22 08:28:19,51.9887453631258,4.39004283807443,5.249344,,,1.474973472396,5.249344,3.2659324,21.4809390076,217.982946608,24,5,11.802,1.803057472396,5.577428,10.5359874,43.465224488,0.894776,3.131716,0,250, 3.2, -4.3,,,0,0,691,1024,1024,1024,-50,0,0,0,245.9,0,0,89,3.937,3.93,3.935,0,0,0,6.869,83.66,1.474973472396,5.249344,38,Tripod,
149200,2026-05-22 08:28:19,51.9887458035211,4.39004485357511,5.249344,,,1.474973472396,5.249344,3.0422384,21.4024285064,218.463589668,24,5,11.802,1.803057472396,5.577428,10.5359874,43.465224488,0.894776,2.908022,0,250.1, 2.9, -4.1,,,0,0,681,1024,1024,1024,-52,0,0,0,245.9,0,0,89,3.937,3.93,3.935,0,0,0,6.869,83.66,1.474973472396,5.249344,38,Tripod,
149300,2026-05-22 08:28:19,51.9887461699103,4.39004668589904,5.249344,,,1.474973472396,5.249344,3.0422384,21.3523300796,218.896332464,24,5,11.802,1.803057472396,5.577428,10.5359874,43.465224488,0.894776,2.908022,0,250.2, 2.9, -4.1,,,0,0,652,1024,1024,1024,-56,0,0,0,245.9,0,0,89,3.937,3.93,3.935,0,0,0,6.869,83.66,1.474973472396,5.249344,38,Tripod,
149400,2026-05-22 08:28:19,51.9887465889266,4.39004865541958,5.249344,,,1.474973472396,5.249344,3.0422384,21.2991804716,219.364508332,24,5,11.802,1.803057472396,5.577428,10.5359874,43.465224488,0.894776,2.908022,0,250.4, 2.8, -3.8,,,0,0,615,1024,1024,1024,-62,0,0,0,245.9,0,0,89,3.937,3.93,3.935,0,0,0,6.869,83.66,1.474973472396,5.249344,38,Tripod,
149500,2026-05-22 08:28:19,51.9887468909991,4.39005075947959,5.249344,,,1.474973472396,5.249344,3.0422384,21.305118792,219.850072652,24,5,11.802,1.803057472396,5.577428,10.5359874,43.465224488,0.894776,2.908022,0,250.5, 3.1, -4,,,0,0,634,1024,1024,1024,-59,0,0,0,245.9,0,0,89,3.937,3.93,3.935,0,0,0,6.869,83.66,1.474973472396,5.249344,38,Tripod,
149600,2026-05-22 08:28:19,51.9887472996836,4.39005271560061,5.249344,,,1.474973472396,5.249344,3.0422384,21.2756240404,220.313983428,24,5,11.802,1.803057472396,5.577428,10.5359874,43.465224488,0.894776,2.908022,0,250.4, 3.6, -3.8,,,0,0,600,1024,1024,1024,-64,0,0,0,245.9,0,0,89,3.937,3.93,3.935,0,0,0,6.869,83.66,1.474973472396,5.249344,38,Tripod,
149700,2026-05-22 08:28:20,51.9887477646876,4.39005481847206,5.249344,,,1.474973472396,5.249344,3.0422384,21.246227714,220.815951948,24,5,11.803,1.803057472396,5.577428,10.5359874,43.465224488,0.894776,2.908022,0,250.4, 3.5, -4.2,,,0,0,600,1024,1024,1024,-64,0,0,0,245.9,0,0,89,3.937,3.931,3.935,0,0,0,6.914,83.66,1.474973472396,5.249344,38,Tripod,
149800,2026-05-22 08:28:20,51.9887481852632,4.39005680003226,5.249344,,,1.474973472396,5.249344,3.0422384,21.2354337504,221.287080572,24,5,11.803,1.803057472396,5.577428,10.5359874,43.465224488,0.894776,2.908022,0,250.2, 4, -4.3,,,0,0,593,1024,1024,1024,-65,0,0,0,245.9,0,0,89,3.937,3.931,3.935,0,0,0,6.914,83.66,1.474973472396,5.249344,38,Tripod,
149900,2026-05-22 08:28:20,51.9887485573794,4.39005868590473,5.249344,,,1.474973472396,5.249344,3.0422384,21.2445544856,221.731962476,24,5,11.803,1.803057472396,5.577428,10.5359874,43.465224488,0.894776,2.908022,0,250.1, 4.6, -4.1,,,0,0,598,1024,1024,1024,-65,0,0,0,245.9,0,0,89,3.937,3.931,3.935,0,0,0,6.914,83.66,1.474973472396,5.249344,38,Tripod,
150000,2026-05-22 08:28:20,51.9887489703774,4.39006071310382,5.249344,,,1.474973472396,5.577428,3.2659324,21.260335326,222.211621284,24,5,11.803,1.803057472396,5.577428,10.5359874,43.465224488,0.894776,3.131716,0,249.9, 5, -3.9,,,0,0,611,1024,1024,1024,-63,0,0,0,245.9,0,0,89,3.937,3.931,3.935,0,0,0,6.914,83.66,1.474973472396,5.249344,38,Tripod,
150100,2026-05-22 08:28:20,51.9887495101157,4.39006306760383,5.249344,,,1.474973472396,5.249344,3.2659324,21.2719166912,222.776253848,24,5,11.803,1.803057472396,5.577428,10.5359874,43.465224488,0.894776,3.131716,0,249.9, 4.6, -4.1,,,0,0,611,1024,1024,1024,-63,0,0,0,245.9,0,0,89,3.937,3.931,3.935,0,0,0,6.914,83.66,1.474973472396,5.249344,38,Tripod,
150200,2026-05-22 08:28:20,51.9887499520102,4.39006520728549,5.249344,,,1.474973472396,5.249344,3.2659324,21.3116476636,223.283143628,24,5,11.803,1.803057472396,5.577428,10.5359874,43.465224488,0.894776,3.131716,0,250, 4.3, -3.7,,,0,0,584,1024,1024,1024,-67,0,0,0,245.9,0,0,89,3.937,3.931,3.935,0,0,0,6.914,83.66,1.474973472396,5.249344,38,Tripod,
150300,2026-05-22 08:28:20,51.9887503311685,4.3900672059605,5.249344,,,1.474973472396,5.249344,3.3330406,21.3707027836,223.752959916,24,5,11.803,1.803057472396,5.577428,10.5359874,43.465224488,1.11847,3.131716,0,250.1, 4.4, -3.9,,,0,0,604,1024,1024,1024,-64,0,0,0,245.9,0,0,89,3.937,3.931,3.935,0,0,0,6.914,83.66,1.474973472396,5.249344,38,Tripod,
150400,2026-05-22 08:28:20,51.9887507903775,4.39006939335269,5.249344,,,1.474973472396,5.249344,3.5343652,21.4324481924,224.272316888,24,5,11.803,1.803057472396,5.577428,10.5359874,43.465224488,1.11847,3.35541,0,250, 4.5, -4.2,,,0,0,603,1024,1024,1024,-64,0,0,0,245.9,0,0,89,3.937,3.931,3.935,0,0,0,6.914,83.66,1.474973472396,5.249344,38,Tripod,
150500,2026-05-22 08:28:20,51.9887511941869,4.39007175733118,5.249344,,,1.474973472396,5.249344,3.5343652,21.5429468836,224.823498008,24,5,11.803,1.803057472396,5.577428,10.5359874,43.465224488,1.11847,3.35541,0,249.9, 4.2, -4.5,,,0,0,603,1024,1024,1024,-64,0,0,0,245.9,0,0,89,3.937,3.931,3.935,0,0,0,6.914,83.66,1.474973472396,5.249344,38,Tripod,
150600,2026-05-22 08:28:20,51.9887516577173,4.39007403046547,5.249344,,,1.474973472396,5.249344,3.5343652,21.6379272016,225.361555768,24,5,11.803,1.803057472396,5.577428,10.5359874,43.465224488,1.11847,3.35541,0,249.9, 4, -4.4,,,0,0,596,1024,1024,1024,-65,0,0,0,245.9,0,0,89,3.937,3.931,3.935,0,0,0,6.914,83.66,1.474973472396,5.249344,38,Tripod,
150700,2026-05-22 08:28:21,51.9887521560555,4.39007603330354,5.249344,,,1.474973472396,5.249344,3.5343652,21.7040361276,225.846792004,24,5,11.8,1.803057472396,5.577428,10.5359874,43.465224488,1.11847,3.35541,0,249.9, 3.9, -4,,,0,0,592,1024,1024,1024,-65,0,0,0,245.9,0,0,89,3.935,3.928,3.934,0,0,0,6.972,83.66,1.474973472396,5.249344,38,Tripod,
150800,2026-05-22 08:28:21,51.9887526080162,4.39007833338815,5.249344,,,1.474973472396,5.249344,3.5343652,21.8303156592,226.38944294,24,5,11.8,1.803057472396,5.577428,10.5359874,43.465224488,1.11847,3.35541,0,250, 4.1, -3.6,,,0,0,592,1024,1024,1024,-65,0,0,0,245.9,0,0,89,3.935,3.928,3.934,0,0,0,6.972,83.66,1.474973472396,5.249344,38,Tripod,
150900,2026-05-22 08:28:21,51.9887531895058,4.39008067429647,5.249344,,,1.474973472396,5.577428,3.7580592,21.9347776048,226.956372092,24,5,11.8,1.803057472396,5.577428,10.5359874,43.465224488,1.11847,3.579104,0,250.3, 4.1, -3.7,,,0,0,603,1024,1024,1024,-64,0,0,0,245.9,0,0,89,3.935,3.928,3.934,0,0,0,6.972,83.66,1.474973472396,5.249344,38,Tripod,
151000,2026-05-22 08:28:21,51.9887536571141,4.39008300069842,5.249344,,,1.474973472396,5.577428,3.7580592,22.085630628,227.506240876,24,5,11.8,1.803057472396,5.577428,10.5359874,43.465224488,1.11847,3.579104,0,250.3, 4.3, -3.9,,,0,0,595,1024,1024,1024,-65,0,0,0,245.9,0,0,89,3.935,3.928,3.934,0,0,0,6.972,83.66,1.474973472396,5.249344,38,Tripod,
151100,2026-05-22 08:28:21,51.9887540461117,4.39008545520919,5.249344,,,1.474973472396,5.577428,3.7580592,22.2891739416,228.0757947,24,5,11.8,1.803057472396,5.577428,10.5359874,43.465224488,1.11847,3.579104,0,250.2, 4.6, -3.8,,,0,0,596,1024,1024,1024,-65,0,0,0,245.9,0,0,89,3.935,3.928,3.934,0,0,0,6.972,83.66,1.474973472396,5.249344,38,Tripod,
151200,2026-05-22 08:28:21,51.988754498308,4.39008780109092,5.249344,,,1.474973472396,5.577428,3.7580592,22.4721463884,228.627960072,24,5,11.8,1.803057472396,5.577428,10.5359874,43.465224488,1.11847,3.579104,0,250.1, 5.1, -3.7,,,0,0,678,1024,1024,1024,-52,0,0,0,245.9,0,0,89,3.935,3.928,3.934,0,0,0,6.972,83.66,1.474973472396,5.249344,38,Tripod,
151300,2026-05-22 08:28:21,51.9887549525433,4.39009047143386,5.249344,,,1.474973472396,5.577428,3.7580592,22.7121726428,229.25033542,24,5,11.8,1.803057472396,5.577428,10.5359874,43.465224488,1.11847,3.579104,0,250.1, 5.2, -3.7,,,0,0,680,1024,1024,1024,-52,0,0,0,245.9,0,0,89,3.935,3.928,3.934,0,0,0,6.972,83.66,1.474973472396,5.249344,38,Tripod,
151400,2026-05-22 08:28:21,51.988755403446,4.39009290869769,5.249344,,,1.474973472396,5.249344,3.7580592,22.9336949596,229.822185832,24,5,11.8,1.803057472396,5.577428,10.5359874,43.465224488,1.11847,3.579104,0,250.3, 4.1, -3.6,,,0,0,680,1024,1024,1024,-52,0,0,0,245.9,0,0,89,3.935,3.928,3.934,0,0,0,6.972,83.66,1.474973472396,5.249344,38,Tripod,
151500,2026-05-22 08:28:21,51.9887559756103,4.39009517140867,5.249344,,,1.474973472396,5.249344,3.7580592,23.108104414,230.371726532,24,5,11.8,1.803057472396,5.577428,10.5359874,43.465224488,1.11847,3.579104,0,250.3, 3.2, -3.5,,,0,0,597,1024,1024,1024,-65,0,0,0,245.9,0,0,89,3.935,3.928,3.934,0,0,0,6.972,83.66,1.474973472396,5.249344,38,Tripod,
151600,2026-05-22 08:28:21,51.9887564202077,4.39009760788647,5.249344,,,1.474973472396,5.249344,3.690951,23.354823582,230.942920776,24,5,11.8,1.803057472396,5.577428,10.5359874,43.465224488,0.894776,3.579104,0,250.5, 3.7, -3.3,,,0,0,910,1024,1024,1024,-17,0,0,0,245.9,0,0,89,3.935,3.928,3.934,0,0,0,6.972,83.66,1.474973472396,5.249344,38,Tripod,
151700,2026-05-22 08:28:21,51.9887566265953,4.39009996098487,5.249344,,,1.474973472396,5.249344,3.690951,23.6624351404,231.476713444,24,5,11.803,1.803057472396,5.577428,10.5359874,43.465224488,0.894776,3.579104,0,250.7, 2.2, -3,,,0,0,1024,1024,1024,1024,0,0,0,0,245.9,0,0,89,3.939,3.931,3.936,0,0,0,6.892,83.66,1.474973472396,5.249344,38,Tripod,
151800,2026-05-22 08:28:22,51.9887570433714,4.39010238082432,5.249344,,,1.474973472396,5.249344,3.690951,23.934219926,232.041346008,23,5,11.803,1.803057472396,5.577428,10.5359874,43.465224488,0.894776,3.579104,0,251.2, -4.5, -2.8,,,0,0,1024,1024,1024,1024,0,0,0,0,245.9,0,0,89,3.939,3.931,3.936,0,0,0,6.892,83.66,1.474973472396,5.249344,38,Tripod,
151900,2026-05-22 08:28:22,51.9887576202132,4.39010460855088,5.249344,,,1.474973472396,5.249344,3.690951,24.14452177,232.584325028,23,5,11.803,1.803057472396,5.577428,10.5359874,43.465224488,0.894776,3.131716,0,251.7, -11, -2.8,,,0,0,1024,1024,1024,1024,0,0,0,0,245.9,0,0,89,3.939,3.931,3.936,0,0,0,6.892,83.66,1.474973472396,5.249344,31,Sport,
152000,2026-05-22 08:28:22,51.9887579647527,4.39010659662349,5.249344,,,1.474973472396,5.249344,2.7738056,24.3831372632,233.048235804,23,5,11.803,1.803057472396,5.577428,10.5359874,43.465224488,0.671082,2.684328,0,252.2, -12.2, -2.8,,,0,0,1024,1024,1024,1024,0,0,0,0,245.9,0,0,89,3.939,3.931,3.936,0,0,0,6.892,83.66,1.474973472396,5.249344,31,Sport,
152100,2026-05-22 08:28:22,51.9887582710268,4.39010833458876,5.249344,,,1.474973472396,5.249344,2.2816788,24.5957356952,233.454403796,23,5,11.803,1.803057472396,5.577428,10.5359874,43.465224488,0.447388,2.23694,0,252.3, -11, -3.2,,,0,0,1024,1024,1024,1024,0,0,0,0,245.9,0,0,89,3.939,3.931,3.936,0,0,0,6.892,83.66,1.474973472396,5.249344,31,Sport,
152200,2026-05-22 08:28:22,51.9887584718502,4.39010970290282,5.249344,,,1.474973472396,5.249344,1.8119214,24.7762803204,233.770676772,23,5,11.803,1.803057472396,5.577428,10.5359874,43.465224488,0.223694,1.789552,0,252.4, -9.4, -2.8,,,0,0,1024,1024,1024,1024,0,0,0,0,245.9,0,0,89,3.939,3.931,3.936,0,0,0,6.892,83.66,1.474973472396,5.249344,31,Sport,
152300,2026-05-22 08:28:22,51.9887587220495,4.39011116667263,5.249344,,,1.474973472396,5.249344,1.3645334,24.9639771768,234.111884132,23,5,11.803,1.803057472396,5.577428,10.5359874,43.465224488,0.223694,1.342164,0,252.5, -8.3, -2.8,,,0,0,1024,1024,1024,1024,0,0,0,0,245.9,0,0,89,3.939,3.931,3.936,0,0,0,6.892,83.66,1.474973472396,5.249344,31,Sport,
152400,2026-05-22 08:28:22,51.988758803543,4.39011206239336,5.249344,,,1.474973472396,5.249344,1.11847,25.0973433228,234.315296212,23,5,11.803,1.803057472396,5.577428,10.5359874,43.465224488,0,1.11847,0,252.5, -6.2, -2.5,,,0,0,1422,1024,1024,1024,60,0,0,0,245.9,0,0,89,3.939,3.931,3.936,0,0,0,6.892,83.66,1.474973472396,5.249344,31,Sport,
152500,2026-05-22 08:28:22,51.9887588805989,4.3901135351213,5.249344,,,1.474973472396,5.249344,0.894776,25.332021808,234.64731722,23,5,11.803,1.803057472396,5.577428,10.5359874,43.465224488,0,0.894776,0,252.4, -9, -1.9,,,0,0,1684,390,1024,1024,100,-96,0,0,245.9,0,0,89,3.939,3.931,3.936,0,0,0,6.892,83.66,1.474973472396,5.249344,31,Sport,
152600,2026-05-22 08:28:22,51.9887588573651,4.3901140646538,5.249344,,,1.474973472396,5.249344,0.223694,25.428806588,234.766739796,23,5,11.803,1.803057472396,5.577428,10.5359874,43.465224488,0,0.223694,0,253.4, -26, -5.3,,,0,0,1684,950,1024,1024,100,-11,0,0,245.9,0,0,89,3.939,3.931,3.936,0,0,0,6.892,83.66,1.474973472396,5.249344,31,Sport,
152700,2026-05-22 08:28:22,51.9887588464763,4.39011439153532,5.249344,,,1.474973472396,5.249344,0.8052984,25.4878288996,234.840230612,23,5,11.79,1.803057472396,5.577428,10.5359874,43.465224488,-0.671082,-0.447388,0,256.3, -28.5, -18.1,,,0,0,1684,1024,1024,1024,100,0,0,0,245.9,0,0,88,3.933,3.926,3.931,0,0,0,6.866,83.66,1.474973472396,5.249344,31,Sport,
152800,2026-05-22 08:28:23,51.9887583416955,4.39011378888961,5.249344,,,1.474973472396,5.249344,2.2145706,25.5021661704,235.06890516,23,5,11.79,1.803057472396,5.577428,10.5359874,43.465224488,-1.565858,-1.565858,0,256.3, -32.9, -8.6,,,0,0,1684,1018,1024,1024,100,-1,0,0,245.9,0,0,88,3.933,3.926,3.931,0,0,0,6.866,83.66,1.474973472396,5.249344,31,Sport,
152900,2026-05-22 08:28:23,51.9887577630715,4.39011261296598,5.249344,,,1.474973472396,5.249344,3.6685816,25.4386162996,235.407159764,23,5,11.79,1.803057472396,5.577428,10.5359874,43.465224488,-2.23694,-2.908022,0,255, -32.5, -3.7,,,0,0,1684,1020,1024,1024,100,-1,0,0,245.9,0,0,88,3.933,3.926,3.931,0,0,0,6.866,83.66,1.474973472396,5.249344,31,Sport,
153000,2026-05-22 08:28:23,51.9887567994037,4.39011033433616,5.249344,,,1.474973472396,5.249344,4.921268,25.289206846,236.028222776,24,5,11.79,1.803057472396,5.577428,10.5359874,43.465224488,-2.460634,-4.250186,0,254, -31.9, -3,,,0,0,1684,1024,1024,1024,100,0,0,0,245.9,0,0,88,3.933,3.926,3.931,0,0,0,6.866,83.66,1.474973472396,5.249344,31,Sport,
153100,2026-05-22 08:28:23,51.9887558784853,4.39010765218533,5.249344,,,1.474973472396,5.249344,6.1068462,25.07792075,236.718183428,24,5,11.79,1.803057472396,5.577428,10.5359874,43.465224488,-2.908022,-5.368656,0,253.5, -31.8, -2.9,,,0,0,1684,1021,1024,1024,100,-0,0,0,245.9,0,0,88,3.933,3.926,3.931,0,0,0,6.866,83.66,1.474973472396,5.249344,31,Sport,
153200,2026-05-22 08:28:23,51.9887546468888,4.39010383792607,5.249344,,,1.474973472396,5.249344,7.2924244,24.7870086672,237.685703144,24,5,11.79,1.803057472396,5.577428,10.5359874,43.465224488,-3.35541,-6.487126,0,253.3, -31.7, -2.8,,,0,0,1684,1021,1024,1024,100,-0,0,0,245.9,0,0,88,3.933,3.926,3.931,0,0,0,6.866,83.66,1.474973472396,5.249344,31,Sport,
153300,2026-05-22 08:28:23,51.9887537983315,4.39010076935162,5.249344,,,1.474973472396,5.249344,8.4108944,24.5397645648,238.44160868,24,5,11.79,1.803057472396,5.577428,10.5359874,43.465224488,-3.579104,-7.605596,0,253.1, -31.9, -2.9,,,0,0,1684,1024,1024,1024,100,0,0,0,245.9,0,0,88,3.933,3.926,3.931,0,0,0,6.866,83.66,1.474973472396,5.249344,31,Sport,
153400,2026-05-22 08:28:23,51.988752333357,4.39009561921316,5.249344,,,1.474973472396,5.249344,9.618842,24.1837934248,239.71621502,24,5,11.79,1.803057472396,5.577428,10.5359874,43.465224488,-4.026492,-8.724066,0,253.2, -32.1, -2.6,,,0,0,1684,1024,1024,1024,100,0,0,0,245.9,0,0,88,3.933,3.926,3.931,0,0,0,6.866,83.66,1.474973472396,5.249344,31,Sport,
153500,2026-05-22 08:28:23,51.9887508839488,4.39009091081103,5.249344,,,1.474973472396,5.249344,10.7149426,23.945374782,240.898629756,24,5,11.79,1.803057472396,5.577428,10.7149426,43.465224488,-4.250186,-9.842536,0,253.2, -32.5, -2.3,,,0,0,1684,1024,1024,1024,100,0,0,0,245.9,0,0,88,3.933,3.926,3.931,0,0,0,6.866,83.66,1.474973472396,5.249344,31,Sport,
153600,2026-05-22 08:28:23,51.9887492079177,4.39008447871142,5.249344,,,1.474973472396,5.249344,11.8334126,23.6183406508,242.467855528,24,5,11.79,1.803057472396,5.577428,11.8334126,43.465224488,-4.47388,-10.961006,0,253.2, -33.1, -2.5,,,0,0,1684,1024,1024,1024,100,0,0,0,245.9,0,0,88,3.933,3.926,3.931,0,0,0,6.866,83.66,1.474973472396,5.249344,31,Sport,
153700,2026-05-22 08:28:23,51.9887472918864,4.39007786517619,5.249344,,,1.474973472396,5.249344,12.750558,23.4487212228,244.110244032,24,5,11.738,1.803057472396,5.577428,12.750558,43.465224488,-4.697574,-11.855782,0,253.2, -33.7, -2.5,,,0,0,1684,1024,1024,1024,100,0,0,0,245.9,0,0,88,3.919,3.91,3.916,0,0,0,8.309,83.66,1.474973472396,5.249344,31,Sport,
153800,2026-05-22 08:28:24,51.9887454068504,4.39007016332288,5.249344,,,1.474973472396,5.249344,13.869028,23.2804141308,245.972120732,24,5,11.738,1.803057472396,5.577428,13.869028,43.465224488,-4.921268,-12.974252,0,253.3, -33.8, -2.1,,,0,0,1684,1024,1024,1024,100,0,0,0,245.9,0,0,88,3.919,3.91,3.916,0,0,0,8.309,83.66,1.474973472396,5.249344,31,Sport,
153900,2026-05-22 08:28:24,51.9887431539217,4.39006155017534,5.249344,,,1.474973472396,5.249344,15.0769756,23.3177828984,248.074811088,24,5,11.738,1.803057472396,5.577428,15.0769756,43.465224488,-5.368656,-14.092722,0,253.3, -33.9, -2.4,,,0,0,1684,1024,1024,1024,100,0,0,0,245.9,0,0,88,3.919,3.91,3.916,0,0,0,8.309,83.66,1.474973472396,5.249344,31,Sport,
154000,2026-05-22 08:28:24,51.9887410455141,4.39005245955771,5.249344,,,1.474973472396,5.577428,15.994121,23.4661752916,250.257225856,24,5,11.738,1.803057472396,5.577428,15.994121,43.465224488,-5.59235,-14.987498,0,253.2, -33.7, -2.7,,,0,0,1684,1024,1024,1024,100,0,0,0,245.9,0,0,88,3.919,3.91,3.916,0,0,0,8.309,83.66,1.474973472396,5.249344,31,Sport,
154100,2026-05-22 08:28:24,51.9887389378003,4.3900430450058,5.249344,,,1.474973472396,5.577428,17.1349604,23.8031831764,252.507882096,24,5,11.738,1.803057472396,5.577428,17.1349604,43.465224488,-5.816044,-16.105968,0,253.2, -33.1, -3.1,,,0,0,1684,1024,1024,1024,100,0,0,0,245.9,0,0,88,3.919,3.91,3.916,0,0,0,8.309,83.66,1.474973472396,5.249344,31,Sport,
154200,2026-05-22 08:28:24,51.9887366162542,4.39003273777495,5.249344,,,1.474973472396,5.577428,18.0521058,24.4110244032,254.97376144,24,5,11.738,1.803057472396,5.577428,18.0521058,43.465224488,-6.039738,-17.000744,0,253.4, -33.4, -2.9,,,0,0,1684,1024,1024,1024,100,0,0,0,245.9,0,0,88,3.919,3.91,3.916,0,0,0,8.309,83.66,1.474973472396,5.249344,31,Sport,
154300,2026-05-22 08:28:24,51.9887338258276,4.39002186035434,5.249344,,,1.474973472396,5.577428,19.0363594,25.4226058004,257.62139932,24,5,11.738,1.803057472396,5.577428,19.0363594,43.465224488,-6.487126,-17.89552,0,253.2, -32.8, -3.2,,,0,0,1684,1024,1024,1024,100,0,0,0,245.9,0,0,88,3.919,3.91,3.916,0,0,0,8.309,83.66,1.474973472396,5.249344,31,Sport,
154400,2026-05-22 08:28:24,51.9887312593766,4.39001042757208,5.249344,,,1.474973472396,5.577428,19.9535048,26.5959326096,260.355651376,24,5,11.738,1.803057472396,5.577428,19.9535048,43.465224488,-6.71082,-18.790296,0,253.1, -33.3, -3.1,,,0,0,1684,1024,1024,1024,100,0,0,0,245.9,0,0,88,3.919,3.91,3.916,0,0,0,8.309,83.66,1.474973472396,5.249344,31,Sport,
154500,2026-05-22 08:28:24,51.9887284895708,4.38999814637364,5.249344,,,1.474973472396,5.577428,20.8706502,28.1037738652,263.29397168,24,5,11.738,1.803057472396,5.577428,20.8706502,43.465224488,-6.934514,-19.685072,0,253.1, -33.6, -2.9,,,0,0,1684,1024,1024,1024,100,0,0,0,245.9,0,0,88,3.919,3.91,3.916,0,0,0,8.309,83.66,1.474973472396,5.249344,31,Sport,
154600,2026-05-22 08:28:24,51.9887257099128,4.38998567985652,5.249344,,,1.474973472396,5.577428,21.586471,29.842028514,266.2729744,24,5,11.738,1.803057472396,5.577428,21.586471,43.465224488,-7.158208,-20.356154,0,253.2, -33.9, -2.6,,,0,0,1024,1024,1024,1024,0,0,0,0,245.9,0,0,88,3.919,3.91,3.916,0,0,0,8.309,83.66,1.474973472396,5.249344,31,Sport,
154700,2026-05-22 08:28:24,51.9887228241012,4.38997224170866,5.249344,,,1.474973472396,5.577428,22.2799224,31.8845810728,269.470481064,24,5,11.693,1.803057472396,5.577428,22.2799224,43.465224488,-7.381902,-21.027236,0,253.3, -33.8, -2.8,,,0,0,397,720,1024,1024,-95,-46,0,0,245.9,0,0,88,3.903,3.888,3.895,0,0,0,9.204,83.84,1.474973472396,5.249344,31,Sport,
154800,2026-05-22 08:28:25,51.9887198659926,4.3899587879485,4.92126,,,1.146889472396,5.577428,22.9957432,34.130250436,272.680126836,24,5,11.693,1.803057472396,5.577428,22.9957432,43.465224488,-7.605596,-21.698318,0,253.8, -18.1, -4.9,,,0,0,364,1024,1024,1024,-100,0,0,0,245.9,0,0,88,3.903,3.888,3.895,0,0,0,9.204,83.84,1.146889472396,4.92126,31,Sport,
154900,2026-05-22 08:28:25,51.9887165072312,4.38994347064082,5.249344,,,1.474973472396,5.905512,22.9957432,36.857940812,276.333342176,24,5,11.693,1.803057472396,5.577428,22.9957432,43.465224488,-7.605596,-21.698318,-0.447388,253.1, 5.4, -3.6,,,0,0,364,1024,1024,1024,-100,0,0,0,245.9,0,0,88,3.903,3.888,3.895,0,0,0,9.204,83.84,1.474973472396,5.249344,31,Sport,
155000,2026-05-22 08:28:25,51.9887134992371,4.38993004110832,5.249344,,,1.474973472396,6.233596,22.0785978,39.392717796,279.544300284,24,5,11.693,1.803057472396,5.577428,22.9957432,43.465224488,-7.381902,-20.803542,-1.11847,251.8, 26.9, -2,,,0,0,364,1024,1024,1024,-100,0,0,0,245.9,0,0,88,3.903,3.888,3.895,0,0,0,9.204,83.84,1.474973472396,5.249344,31,Sport,
155100,2026-05-22 08:28:25,51.9887106128687,4.38991677430736,5.249344,,,1.474973472396,6.56168,20.6693256,41.962271684,282.705389624,24,5,11.693,1.803057472396,5.577428,22.9957432,43.465224488,-6.934514,-19.461378,-0.894776,251.5, 29.9, -0.7,,,0,0,364,1036,1024,1024,-100,2,0,0,245.9,0,0,88,3.903,3.888,3.895,0,0,0,9.204,83.84,1.474973472396,5.249344,31,Sport,
155200,2026-05-22 08:28:25,51.9887079896701,4.38990495347531,5.577428,,,1.803057472396,6.56168,19.3719004,44.331038164,285.528552444,24,5,11.693,1.803057472396,5.577428,22.9957432,44.331038164,-6.263432,-18.342908,-0.447388,251.5, 31.1, -0.5,,,0,0,364,1038,1024,1024,-100,2,0,0,245.9,0,0,88,3.903,3.888,3.895,0,0,0,9.204,83.84,1.803057472396,5.577428,31,Sport,
155300,2026-05-22 08:28:25,51.9887056897473,4.38989404467655,5.577428,,,1.803057472396,6.889764,18.1863222,46.528216712,288.119431792,24,5,11.693,1.803057472396,5.577428,22.9957432,46.528216712,-5.816044,-17.224438,-0.223694,251.7, 32.8, 0,,,0,0,364,1038,1024,1024,-100,2,0,0,245.9,0,0,88,3.903,3.888,3.895,0,0,0,9.204,83.84,1.803057472396,5.577428,31,Sport,
155400,2026-05-22 08:28:25,51.9887034776877,4.38988386635025,5.577428,,,1.803057472396,6.889764,16.553356,48.631235152,290.544300636,24,5,11.693,1.803057472396,5.577428,22.9957432,48.631235152,-5.368656,-15.65858,0,252, 33.9, -0.1,,,0,0,364,1038,1024,1024,-100,2,0,0,245.9,0,0,88,3.903,3.888,3.895,0,0,0,9.204,83.84,1.803057472396,5.577428,31,Sport,
155500,2026-05-22 08:28:25,51.9887010427489,4.38987137087324,5.577428,,,1.803057472396,7.217848,15.1440838,51.177495076,293.48918262,24,5,11.693,1.803057472396,5.577428,22.9957432,51.177495076,-4.921268,-14.316416,0,252.2, 35.9, 0.7,,,0,0,364,1041,1024,1024,-100,3,0,0,245.9,0,0,88,3.903,3.888,3.895,0,0,0,9.204,83.84,1.803057472396,5.577428,31,Sport,
155600,2026-05-22 08:28:25,51.9886992342722,4.38986278364915,5.577428,,,1.803057472396,7.217848,13.645334,52.986550252,295.52822468,24,5,11.693,1.803057472396,5.577428,22.9957432,52.986550252,-4.250186,-12.974252,0,252.4, 36.2, 0.8,,,0,0,364,1065,1024,1024,-100,6,0,0,245.9,0,0,88,3.903,3.888,3.895,0,0,0,9.204,83.84,1.803057472396,5.577428,31,Sport,
155700,2026-05-22 08:28:26,51.9886969130176,4.38985081291927,5.577428,,,1.803057472396,7.217848,11.967629,55.483597576,298.34810666,24,5,11.823,1.803057472396,5.577428,22.9957432,55.483597576,-3.579104,-11.408394,0,252.1, 34.8, -0.3,,,0,0,364,1058,1024,1024,-100,5,0,0,245.9,0,0,88,3.947,3.936,3.944,0,0,0,8.369,83.84,1.803057472396,5.577428,31,Sport,
155800,2026-05-22 08:28:26,51.9886955221736,4.38984380831123,5.577428,,,1.803057472396,7.217848,10.4688792,56.967193424,300.00165002,24,5,11.823,1.803057472396,5.577428,22.9957432,56.967193424,-2.908022,-10.06623,0.223694,251.7, 34.8, 1.1,,,0,0,364,1059,1024,1024,-100,5,0,0,245.9,0,0,88,3.947,3.936,3.944,0,0,0,8.369,83.84,1.803057472396,5.577428,31,Sport,
155900,2026-05-22 08:28:26,51.9886936748541,4.38983537362824,5.577428,,,1.803057472396,7.217848,8.8582824,58.808400832,302.01280494,24,5,11.823,1.803057472396,5.577428,22.9957432,58.808400832,-2.460634,-8.500372,0.223694,251.8, 34.9, 2,,,0,0,364,1063,1024,1024,-100,6,0,0,245.9,0,0,88,3.947,3.936,3.944,0,0,0,8.369,83.84,1.803057472396,5.577428,31,Sport,
156000,2026-05-22 08:28:26,51.988692719625,4.38982995791043,5.577428,,,1.803057472396,7.217848,7.381902,59.939634464,303.278553012,24,5,11.823,1.803057472396,5.577428,22.9957432,59.939634464,-1.789552,-7.158208,0.223694,252.7, 36.6, -0.7,,,0,0,364,1063,1024,1024,-100,6,0,0,245.9,0,0,88,3.947,3.936,3.944,0,0,0,8.369,83.84,1.803057472396,5.577428,31,Sport,
156100,2026-05-22 08:28:26,51.9886917876981,4.38982441531848,5.577428,,,1.803057472396,7.217848,5.704197,61.091537388,304.569563552,24,5,11.823,1.803057472396,5.577428,22.9957432,61.091537388,-1.11847,-5.59235,0.223694,252.1, 36.8, -1.7,,,0,0,364,1065,1024,1024,-100,6,0,0,245.9,0,0,88,3.947,3.936,3.944,0,0,0,8.369,83.84,1.803057472396,5.577428,31,Sport,
156200,2026-05-22 08:28:26,51.9886912645883,4.38982085286504,5.249344,,,1.474973472396,7.874016,4.0712308,61.816603028,305.392398224,24,5,11.823,1.803057472396,5.577428,22.9957432,61.816603028,-0.671082,-4.026492,0.223694,251.1, 34.2, 0.2,,,0,0,364,1065,1024,1024,-100,6,0,0,245.9,0,0,88,3.947,3.936,3.944,0,0,0,8.369,83.84,1.474973472396,5.249344,31,Sport,
156300,2026-05-22 08:28:26,51.9886906438323,4.3898161175126,5.249344,,,1.474973472396,8.2021,2.684328,62.766406208,306.480324768,24,5,11.823,1.803057472396,5.577428,22.9957432,62.766406208,0,-2.684328,0.223694,251.3, 31.3, -1.1,,,0,0,364,1086,1024,1024,-100,9,0,0,245.9,0,0,88,3.947,3.936,3.944,0,0,0,8.369,83.84,1.474973472396,5.249344,31,Sport,
156400,2026-05-22 08:28:26,51.988690540146,4.3898141339078,5.249344,,,1.474973472396,8.530184,1.3645334,63.12828286,306.92750326,24,5,11.823,1.803057472396,5.577428,22.9957432,63.12828286,0.223694,-1.342164,0,251.6, 30, -1.6,,,0,0,364,1086,1024,1024,-100,9,0,0,245.9,0,0,88,3.947,3.936,3.944,0,0,0,8.369,83.84,1.474973472396,5.249344,31,Sport,
156500,2026-05-22 08:28:26,51.9886903790865,4.38981243117901,5.249344,,,1.474973472396,8.858268,0.7158208,63.456694944,307.31464238,24,5,11.823,1.803057472396,5.577428,22.9957432,63.456694944,0.671082,-0.223694,0,251.3, 29.8, -1.9,,,0,0,364,1085,1024,1024,-100,9,0,0,245.9,0,0,88,3.947,3.936,3.944,0,0,0,8.369,83.84,1.474973472396,5.249344,31,Sport,
156600,2026-05-22 08:28:26,51.9886905948808,4.38981191632345,5.249344,,,1.474973472396,8.858268,1.4316416,63.493768436,307.454406164,24,5,11.823,1.803057472396,5.577428,22.9957432,63.493768436,1.11847,0.894776,0,251.1, 30.4, -1.9,,,0,0,364,1084,1024,1024,-100,9,0,0,245.9,0,0,88,3.947,3.936,3.944,0,0,0,8.369,83.84,1.474973472396,5.249344,31,Sport,
156700,2026-05-22 08:28:27,51.9886909793679,4.38981201605636,5.249344,,,1.474973472396,8.858268,2.3711564,63.3858288,307.596466536,24,5,11.739,1.803057472396,5.577428,22.9957432,63.493768436,1.565858,1.789552,0,251, 30.6, -2.1,,,0,0,364,1069,1024,1024,-100,7,0,0,245.9,0,0,88,3.909,3.9,3.908,0,0,0,7.107,83.84,1.474973472396,5.249344,31,Sport,
156800,2026-05-22 08:28:27,51.9886915110447,4.38981290114312,5.249344,,,1.474973472396,8.858268,3.5343652,63.10859782,307.874353684,24,5,11.739,1.803057472396,5.577428,22.9957432,63.493768436,2.013246,2.908022,0,251, 31.1, -1.9,,,0,0,364,1029,1024,1024,-100,1,0,0,245.9,0,0,88,3.909,3.9,3.908,0,0,0,7.107,83.84,1.474973472396,5.249344,31,Sport,
156900,2026-05-22 08:28:27,51.9886924248611,4.38981481591389,5.249344,,,1.474973472396,8.530184,4.7199434,62.564962632,308.41864504,24,5,11.739,1.803057472396,5.577428,22.9957432,63.493768436,2.460634,4.026492,0,251.1, 31.6, -2.1,,,0,0,364,1024,1024,1024,-100,0,0,0,245.9,0,0,88,3.909,3.9,3.908,0,0,0,7.107,83.84,1.474973472396,5.249344,31,Sport,
157000,2026-05-22 08:28:27,51.9886932886377,4.38981710741189,5.249344,,,1.474973472396,8.530184,5.7936746,61.96850592,309.0223196,24,5,11.739,1.803057472396,5.577428,22.9957432,63.493768436,2.684328,5.144962,0,251.1, 32.1, -2.4,,,0,0,364,1024,1024,1024,-100,0,0,0,245.9,0,0,88,3.909,3.9,3.908,0,0,0,7.107,83.84,1.474973472396,5.249344,31,Sport,
157100,2026-05-22 08:28:27,51.9886946328003,4.3898207724479,5.249344,,,1.474973472396,8.858268,7.0016222,61.023952084,309.980652964,24,5,11.739,1.803057472396,5.577428,22.9957432,63.493768436,3.131716,6.263432,0,250.9, 32.5, -2.5,,,0,0,364,1024,1024,1024,-100,0,0,0,245.9,0,0,88,3.909,3.9,3.908,0,0,0,7.107,83.84,1.474973472396,5.249344,31,Sport,
157200,2026-05-22 08:28:27,51.9886958229042,4.38982451269501,5.249344,,,1.474973472396,8.858268,8.2095698,60.10334838,310.926519136,23,5,11.739,1.803057472396,5.577428,22.9957432,63.493768436,3.579104,7.381902,0,250.8, 32.6, -2.5,,,0,0,364,1024,1024,1024,-100,0,0,0,245.9,0,0,88,3.909,3.9,3.908,0,0,0,7.107,83.84,1.474973472396,5.249344,31,Sport,
157300,2026-05-22 08:28:27,51.9886973367775,4.3898297161033,5.249344,,,1.474973472396,8.858268,9.3056704,58.858597684,312.21949818,23,5,11.739,1.803057472396,5.577428,22.9957432,63.493768436,3.802798,8.500372,0,250.9, 32.8, -2.9,,,0,0,364,1024,1024,1024,-100,0,0,0,245.9,0,0,88,3.909,3.9,3.908,0,0,0,7.107,83.84,1.474973472396,5.249344,31,Sport,
157400,2026-05-22 08:28:27,51.9886987994046,4.38983479045806,5.249344,,,1.474973472396,8.2021,10.3122934,57.649608144,313.478356488,23,5,11.739,1.803057472396,5.577428,22.9957432,63.493768436,4.250186,9.395148,0,250.8, 33, -2.5,,,0,0,364,1024,1024,1024,-100,0,0,0,245.9,0,0,88,3.909,3.9,3.908,0,0,0,7.107,83.84,1.474973472396,5.249344,31,Sport,
157500,2026-05-22 08:28:27,51.9887009239696,4.3898418178124,5.249344,,,1.474973472396,8.2021,11.4307634,55.955382368,315.237214812,23,5,11.739,1.803057472396,5.577428,22.9957432,63.493768436,4.47388,10.513618,0,250.7, 33.3, -2.6,,,0,0,364,1024,1024,1024,-100,0,0,0,245.9,0,0,88,3.909,3.9,3.908,0,0,0,7.107,83.84,1.474973472396,5.249344,31,Sport,
157600,2026-05-22 08:28:27,51.9887026851738,4.38984825514622,5.249344,,,1.474973472396,8.2021,12.3479088,54.45210148,316.819892028,23,5,11.739,1.803057472396,5.577428,22.9957432,63.493768436,4.697574,11.408394,0,250.6, 33.3, -2.7,,,0,0,364,1024,1024,1024,-100,0,0,0,245.9,0,0,88,3.909,3.9,3.908,0,0,0,7.107,83.84,1.474973472396,5.249344,31,Sport,
157700,2026-05-22 08:28:28,51.9887047902575,4.38985633266249,5.249344,,,1.474973472396,6.889764,13.3321624,52.598754964,318.790692616,23,5,11.734,1.803057472396,5.577428,22.9957432,63.493768436,5.144962,12.30317,0,250.5, 33.5, -2.2,,,0,0,364,1024,1024,1024,-100,0,0,0,245.9,0,0,88,3.909,3.901,3.907,0,0,0,8.566,84.02,1.474973472396,5.249344,31,Sport,
157800,2026-05-22 08:28:28,51.9887068188464,4.38986405597446,5.249344,,,1.474973472396,6.889764,14.2493078,50.831038372,320.677175616,23,5,11.734,1.803057472396,5.577428,22.9957432,63.493768436,5.368656,13.197946,0,250.6, 33.6, -2.3,,,0,0,364,1024,1024,1024,-100,0,0,0,245.9,0,0,88,3.909,3.901,3.907,0,0,0,8.566,84.02,1.474973472396,5.249344,31,Sport,
157900,2026-05-22 08:28:28,51.9887093988418,4.38987343410392,5.249344,,,1.474973472396,6.889764,14.9651286,48.66634014,322.984918472,23,5,11.734,1.803057472396,5.577428,22.9957432,63.493768436,5.59235,13.869028,0,250.6, 33.4, -2.4,,,0,0,364,1024,1024,1024,-100,0,0,0,245.9,0,0,88,3.909,3.901,3.907,0,0,0,8.566,84.02,1.474973472396,5.249344,31,Sport,
158000,2026-05-22 08:28:28,51.9887116960405,4.38988238236367,5.249344,,,1.474973472396,6.889764,15.9493822,46.65682564,325.163068148,23,5,11.734,1.803057472396,5.577428,22.9957432,63.493768436,6.039738,14.763804,0,250.4, 33.6, -2.9,,,0,0,364,1024,1024,1024,-100,0,0,0,245.9,0,0,88,3.909,3.901,3.907,0,0,0,8.566,84.02,1.474973472396,5.249344,31,Sport,
158100,2026-05-22 08:28:28,51.9887142465739,4.38989191371592,5.249344,,,1.474973472396,6.889764,16.665203,44.50623502,327.498041976,23,5,11.734,1.803057472396,5.577428,22.9957432,63.493768436,6.263432,15.434886,0,250.5, 34.2, -3.2,,,0,0,364,1024,1024,1024,-100,0,0,0,245.9,0,0,88,3.909,3.901,3.907,0,0,0,8.566,84.02,1.474973472396,5.249344,31,Sport,
158200,2026-05-22 08:28:28,51.9887167492093,4.38990194072603,5.249344,,,1.474973472396,6.889764,17.559979,42.313977732,329.92783208,23,5,11.734,1.803057472396,5.577428,22.9957432,63.493768436,6.487126,16.329662,0,250.6, 34.5, -2.5,,,0,0,364,1024,1024,1024,-100,0,0,0,245.9,0,0,88,3.909,3.901,3.907,0,0,0,8.566,84.02,1.474973472396,5.249344,31,Sport,
158300,2026-05-22 08:28:28,51.9887199252795,4.38991337802873,5.249344,,,1.474973472396,6.889764,18.4771244,39.75721912,332.74935448,23,5,11.734,1.803057472396,5.577428,22.9957432,63.493768436,6.71082,17.224438,0,250.6, 34.1, -1.8,,,0,0,364,1024,1024,1024,-100,0,0,0,245.9,0,0,88,3.909,3.901,3.907,0,0,0,8.566,84.02,1.474973472396,5.249344,31,Sport,
158400,2026-05-22 08:28:28,51.9887227145325,4.389924574194,4.92126,,,1.146889472396,6.56168,19.1929452,37.383203296,335.46260916,23,5,11.734,1.803057472396,5.577428,22.9957432,63.493768436,6.934514,17.89552,0,250.7, 34.2, -2.1,,,0,0,364,1024,1024,1024,-100,0,0,0,245.9,0,0,88,3.909,3.901,3.907,0,0,0,8.566,84.02,1.146889472396,4.92126,31,Sport,
158500,2026-05-22 08:28:28,51.9887260152783,4.38993793072575,5.249344,,,1.474973472396,6.56168,19.9758742,34.624016856,338.69423656,23,5,11.734,1.803057472396,5.577428,22.9957432,63.493768436,7.381902,18.566602,0,250.6, 34.3, -2.9,,,0,0,364,1024,1024,1024,-100,0,0,0,245.9,0,0,88,3.909,3.901,3.907,0,0,0,8.566,84.02,1.474973472396,5.249344,31,Sport,
158600,2026-05-22 08:28:28,51.988729053634,4.38995021620029,5.249344,,,1.474973472396,6.233596,20.8930196,32.163550898,341.66995844,23,5,11.734,1.803057472396,5.577428,22.9957432,63.493768436,7.605596,19.461378,0,250.6, 33.9, -2.8,,,0,0,364,1024,1024,1024,-100,0,0,0,245.9,0,0,88,3.909,3.901,3.907,0,0,0,8.566,84.02,1.474973472396,5.249344,31,Sport,
158700,2026-05-22 08:28:29,51.9887324397927,4.38996375097494,5.249344,,,1.474973472396,6.233596,21.6088404,29.5501321792,344.95079844,23,5,11.693,1.803057472396,5.577428,22.9957432,63.493768436,7.82929,20.13246,0,250.5, 34.2, -2,,,0,0,364,1024,1024,1024,-100,0,0,0,245.9,0,0,88,3.89,3.881,3.889,0,0,0,9.215,84.02,1.474973472396,5.249344,31,Sport,
158800,2026-05-22 08:28:29,51.9887356793016,4.38997695511506,4.92126,,,1.146889472396,5.905512,22.1009672,27.1621727852,348.1463366,23,5,11.693,1.803057472396,5.577428,22.9957432,63.493768436,8.052984,20.579848,0,250.6, 34.4, -2.2,,,0,0,364,1024,1024,1024,-100,0,0,0,245.9,0,0,88,3.89,3.881,3.889,0,0,0,9.215,84.02,1.146889472396,4.92126,31,Sport,
158900,2026-05-22 08:28:29,51.9887386837833,4.38999018702978,5.249344,,,1.474973472396,5.905512,22.816788,25.0338590688,351.31562804,23,5,11.693,1.803057472396,5.577428,22.9957432,63.493768436,8.276678,21.25093,0,250.8, 34.2, -2.3,,,0,0,1625,1024,1024,1024,91,0,0,0,245.9,0,0,88,3.89,3.881,3.889,0,0,0,9.215,84.02,1.474973472396,5.249344,31,Sport,
159000,2026-05-22 08:28:29,51.9887420883826,4.39000410959312,5.249344,,,1.474973472396,5.905512,23.3089148,22.9674548032,354.67848904,24,5,11.693,1.803057472396,5.577428,23.3089148,63.493768436,8.500372,21.698318,0,250, 33.8, -5,,,0,0,1684,1024,1024,1024,100,0,0,0,245.9,0,0,88,3.89,3.881,3.889,0,0,0,9.215,84.02,1.474973472396,5.249344,31,Sport,
159100,2026-05-22 08:28:29,51.9887456429,4.39001931233256,5.249344,,,1.474973472396,5.577428,23.711564,21.156004614,358.3333448,24,5,11.693,1.803057472396,5.577428,23.711564,63.493768436,8.500372,22.145706,0,249.6, 21.1, -8.2,,,0,0,1684,1024,1024,1024,100,0,0,0,245.9,0,0,88,3.89,3.881,3.889,0,0,0,9.215,84.02,1.474973472396,5.249344,31,Sport,
159200,2026-05-22 08:28:29,51.988749042873,4.39003377637915,5.249344,,,1.474973472396,5.905512,23.5549782,19.9011161224,361.8110352,24,5,11.693,1.803057472396,5.577428,23.711564,63.493768436,8.052984,22.145706,-0.671082,250.2, -1.2, -7.2,,,0,0,1684,1024,1024,1024,100,0,0,0,245.9,0,0,88,3.89,3.881,3.889,0,0,0,9.215,84.02,1.474973472396,5.249344,31,Sport,
159300,2026-05-22 08:28:29,51.9887525547567,4.39004857003264,5.577428,,,1.803057472396,5.905512,22.5707246,19.1813654432,365.37402744,24,5,11.693,1.803057472396,5.577428,23.711564,63.493768436,7.605596,21.25093,-1.11847,251.1, -22.1, -4.1,,,0,0,1684,1024,1024,1024,100,0,0,0,245.9,0,0,88,3.89,3.881,3.889,0,0,0,9.215,84.02,1.803057472396,5.577428,31,Sport,
159400,2026-05-22 08:28:29,51.9887556090082,4.39006195979253,5.577428,,,1.803057472396,5.905512,22.5707246,19.1292000872,368.58268896,24,5,11.693,1.803057472396,5.577428,23.711564,63.493768436,7.158208,19.908766,-1.11847,252.2, -31, -3.4,,,0,0,1684,1024,1024,1024,100,0,0,0,245.9,0,0,88,3.89,3.881,3.889,0,0,0,9.215,84.02,1.803057472396,5.577428,31,Sport,
159500,2026-05-22 08:28:29,51.9887589672556,4.39007639845803,5.905512,,,2.131141472396,5.905512,20.020613,19.6487211012,372.05053684,24,5,11.693,2.131141472396,5.905512,23.711564,63.493768436,6.934514,18.790296,-0.447388,252.7, -31.1, -3,,,0,0,1684,1024,1024,1024,100,0,0,0,245.9,0,0,88,3.89,3.881,3.889,0,0,0,9.215,84.02,2.131141472396,5.905512,31,Sport,
159600,2026-05-22 08:28:29,51.988761752589,4.39008824049489,5.577428,,,1.803057472396,5.905512,20.020613,20.4988195536,374.89830596,24,5,11.693,2.131141472396,5.905512,23.711564,63.493768436,6.487126,17.448132,0,252.7, -32.6, -2.5,,,0,0,1684,1024,1024,1024,100,0,0,0,245.9,0,0,88,3.89,3.881,3.889,0,0,0,9.215,84.02,1.803057472396,5.577428,31,Sport,
159700,2026-05-22 08:28:29,51.9887647563039,4.39010067850288,5.577428,,,1.803057472396,5.577428,17.2020686,21.7419298296,377.90027456,24,5,11.634,2.131141472396,5.905512,23.711564,63.493768436,6.039738,16.105968,0,252.9, -34.4, -1.4,,,0,0,1684,1024,1024,1024,100,0,0,0,245.9,0,0,88,3.938,3.933,3.939,0,0,0,10.709,84.02,1.803057472396,5.577428,31,Sport,
159800,2026-05-22 08:28:30,51.9887672040331,4.39011070398191,5.577428,,,1.803057472396,5.577428,15.5019942,22.9759849872,380.32481532,24,5,11.634,2.131141472396,5.905512,23.711564,63.493768436,5.368656,14.54011,0,253.2, -35, -2.4,,,0,0,1684,1024,1024,1024,100,0,0,0,245.9,0,0,88,3.938,3.933,3.939,0,0,0,10.709,84.02,1.803057472396,5.577428,31,Sport,
159900,2026-05-22 08:28:30,51.9887698048033,4.39012277756747,5.577428,,,1.803057472396,5.577428,13.869028,24.7594824196,383.19555032,24,5,11.634,2.131141472396,5.905512,23.711564,63.493768436,4.921268,12.974252,0,253.1, -35, -0.8,,,0,0,1684,1024,1024,1024,100,0,0,0,245.9,0,0,88,3.938,3.933,3.939,0,0,0,10.709,84.02,1.803057472396,5.577428,31,Sport,
160000,2026-05-22 08:28:30,51.9887718587547,4.39013101599887,5.577428,,,1.803057472396,5.577428,12.2584312,26.0431766864,385.19358188,24,5,11.634,2.131141472396,5.905512,23.711564,63.493768436,4.47388,11.408394,0.223694,252.8, -36.8, 1.1,,,0,0,1684,1024,1024,1024,100,0,0,0,245.9,0,0,88,3.938,3.933,3.939,0,0,0,10.709,84.02,1.803057472396,5.577428,31,Sport,
160100,2026-05-22 08:28:30,51.9887740172791,4.39013968958634,5.249344,,,1.474973472396,5.577428,10.625465,27.487369646,387.29660032,24,5,11.634,2.131141472396,5.905512,23.711564,63.493768436,4.026492,9.842536,0.223694,252.5, -36.5, -0.1,,,0,0,1684,1024,1684,1024,100,0,100,0,245.9,0,0,88,3.938,3.933,3.939,0,0,0,10.709,84.02,1.474973472396,5.249344,31,Sport,
160200,2026-05-22 08:28:30,51.9887757319901,4.39014592924879,5.249344,,,1.474973472396,5.577428,8.8135436,28.5558736172,388.83203344,24,5,11.634,2.131141472396,5.905512,23.711564,63.493768436,3.579104,8.052984,0.223694,253.3, -38.6, 0.7,,,0,0,1684,1024,1684,1024,100,0,100,0,245.9,0,0,88,3.938,3.933,3.939,0,0,0,10.709,84.02,1.474973472396,5.249344,31,Sport,
160300,2026-05-22 08:28:30,51.9887778630123,4.39015409627846,5.249344,,,1.474973472396,4.92126,6.8002976,30.0284786512,390.82350332,24,5,11.634,2.131141472396,5.905512,23.711564,63.493768436,3.131716,6.039738,0,254.2, -38.2, 2.3,,,0,0,1684,1024,1684,1024,100,0,100,0,245.9,0,0,88,3.938,3.933,3.939,0,0,0,10.709,84.02,1.474973472396,5.249344,31,Sport,
160400,2026-05-22 08:28:30,51.9887792764432,4.3901578650384,5.249344,,,1.474973472396,4.593176,4.2949248,30.68241568,391.814317,24,5,11.634,2.131141472396,5.905512,23.711564,63.493768436,2.684328,3.35541,-0.894776,252.9, -37.8, -2.6,,,0,0,1684,1024,1024,1024,100,0,0,0,245.9,0,0,88,3.938,3.933,3.939,0,0,0,10.709,84.02,1.474973472396,5.249344,31,Sport,
160500,2026-05-22 08:28:30,51.9887804812247,4.39016099878761,5.577428,,,1.803057472396,4.92126,1.901399,31.2367792148,392.64436952,24,5,11.634,2.131141472396,5.905512,23.711564,63.493768436,1.789552,0.671082,-2.013246,253.5, -33.3, -3.8,,,0,0,1684,1024,1024,1024,100,0,0,0,245.9,0,0,88,3.938,3.933,3.939,0,0,0,10.709,84.02,1.803057472396,5.577428,31,Sport,
160600,2026-05-22 08:28:30,51.9887812900502,4.39016176153446,5.905512,,,2.131141472396,4.92126,1.2974252,31.3245088764,392.98557688,24,5,11.634,2.131141472396,5.905512,23.711564,63.493768436,1.11847,-0.671082,-2.460634,253.7, -30.7, -4.6,,,0,0,1684,1024,1024,1024,100,0,0,0,245.9,0,0,88,3.938,3.933,3.939,0,0,0,10.709,84.02,2.131141472396,5.905512,31,Sport,
160700,2026-05-22 08:28:30,51.9887820290547,4.39016273383265,6.233596,,,2.459225472396,5.249344,1.7000744,31.4676519256,393.33334592,24,5,11.79,2.459225472396,6.233596,23.711564,63.493768436,0.671082,-1.565858,-1.565858,253.2, -29.1, -5.1,,,0,0,1684,1024,1024,1024,100,0,0,0,245.9,0,0,88,3.843,3.83,3.839,0,0,0,6.199,84.2,2.459225472396,6.233596,31,Sport,
160800,2026-05-22 08:28:31,51.9887825764624,4.39016240013386,6.56168,,,2.787309472396,4.593176,2.5053728,31.3459327616,393.54660052,24,5,11.79,2.787309472396,6.56168,23.711564,63.493768436,0.447388,-2.460634,-0.894776,253.1, -30, -4.3,,,0,0,1684,1024,1024,1024,100,0,0,0,245.9,0,0,88,3.843,3.83,3.839,0,0,0,6.199,84.2,2.787309472396,6.56168,31,Sport,
160900,2026-05-22 08:28:31,51.9887828635961,4.39016304417295,6.56168,,,2.787309472396,4.593176,3.35541,31.4611886708,393.72704672,24,5,11.79,2.787309472396,6.56168,23.711564,63.493768436,0,-3.35541,-0.223694,253.1, -30.6, -3.2,,,0,0,1024,1024,1024,1024,0,0,0,0,245.9,0,0,88,3.843,3.83,3.839,0,0,0,6.199,84.2,2.787309472396,6.56168,31,Sport,
161000,2026-05-22 08:28:31,51.9887831363158,4.39016164922144,6.56168,,,2.787309472396,4.593176,4.250186,31.1330718624,394.05513072,24,5,11.79,2.787309472396,6.56168,23.711564,63.493768436,0,-4.250186,0,253.4, -30.6, -4.2,,,0,0,1024,1024,1024,1024,0,0,0,0,245.9,0,0,88,3.843,3.83,3.839,0,0,0,6.199,84.2,2.787309472396,6.56168,31,Sport,
161100,2026-05-22 08:28:31,51.9887832956406,4.39015893499351,6.56168,,,2.787309472396,4.92126,5.3910254,30.527067906,394.6686478,24,5,11.79,2.787309472396,6.56168,23.711564,63.493768436,-0.447388,-5.368656,0,254.1, -24, -9.4,,,0,0,1024,1024,1024,1024,0,0,0,0,245.9,0,0,88,3.843,3.83,3.839,0,0,0,6.199,84.2,2.787309472396,6.56168,31,Sport,
161200,2026-05-22 08:28:31,51.9887832596376,4.39015640645525,6.889764,,,3.115393472396,5.249344,5.8831522,29.979167626,395.23623312,24,5,11.79,3.115393472396,6.889764,23.711564,63.493768436,-0.894776,-5.816044,0,252.3, 0.3, -9.2,,,0,0,1024,1024,1024,1024,0,0,0,0,245.9,0,0,88,3.843,3.83,3.839,0,0,0,6.199,84.2,3.115393472396,6.889764,31,Sport,
161300,2026-05-22 08:28:31,51.9887829778068,4.39015219551303,6.889764,,,3.115393472396,5.577428,5.6594582,29.0891413508,396.18767672,24,5,11.79,3.115393472396,6.889764,23.711564,63.493768436,-0.894776,-5.59235,0,250.5, 13.4, -6.9,,,0,0,1024,1024,1024,1024,0,0,0,0,245.9,0,0,88,3.843,3.83,3.839,0,0,0,6.199,84.2,3.115393472396,6.889764,31,Sport,
161400,2026-05-22 08:28:31,51.9887828405978,4.39014998460576,6.889764,,,3.115393472396,5.577428,5.0107456,28.6224090524,396.6863644,24,5,11.79,3.115393472396,6.889764,23.711564,63.493768436,-0.894776,-4.921268,0,249.7, 17.9, -5.8,,,0,0,1024,1024,1024,1024,0,0,0,0,245.9,0,0,88,3.843,3.83,3.839,0,0,0,6.199,84.2,3.115393472396,6.889764,31,Sport,
161500,2026-05-22 08:28:31,51.9887825262038,4.39014738717056,6.889764,,,3.115393472396,5.577428,4.0712308,28.0906176968,397.28019644,24,5,11.79,3.115393472396,6.889764,23.711564,63.493768436,-0.671082,-4.026492,0,249.3, 19.1, -5.3,,,0,0,1024,1024,1024,1024,0,0,0,0,245.9,0,0,88,3.843,3.83,3.839,0,0,0,6.199,84.2,3.115393472396,6.889764,31,Sport,
161600,2026-05-22 08:28:31,51.9887825175727,4.39014615529506,6.889764,,,3.115393472396,7.217848,3.1540854,27.8251977408,397.55906784,24,5,11.79,3.115393472396,6.889764,23.711564,63.493768436,-0.447388,-3.131716,0,249.3, 16.6, -5,,,0,0,1024,1024,1024,1024,0,0,0,0,245.9,0,0,88,3.843,3.83,3.839,0,0,0,6.199,84.2,3.115393472396,6.889764,31,Sport,
161700,2026-05-22 08:28:31,51.9887824345049,4.39014214984179,6.889764,,,3.115393472396,7.217848,2.460634,26.969489052,398.458018,24,5,11.738,3.115393472396,6.889764,23.711564,63.493768436,-0.223694,-2.460634,0,249.5, 13.9, -5.1,,,0,0,1039,1024,1024,1024,2,0,0,0,245.9,0,0,88,3.927,3.904,3.917,0,0,0,10.1,84.2,3.115393472396,6.889764,31,Sport,
161800,2026-05-22 08:28:32,51.9887825665589,4.39014154900517,6.889764,,,3.115393472396,7.217848,2.013246,26.8263788112,398.60237496,24,5,11.738,3.115393472396,6.889764,23.711564,63.493768436,0,-2.013246,0,249.7, 11.2, -5.2,,,0,0,1330,1024,1024,1024,46,0,0,0,245.9,0,0,88,3.927,3.904,3.917,0,0,0,10.1,84.2,3.115393472396,6.889764,31,Sport,
161900,2026-05-22 08:28:32,51.9887820948341,4.39013770736829,6.889764,,,3.115393472396,7.217848,1.565858,26.0507882352,399.48164008,24,5,11.738,3.115393472396,6.889764,23.711564,63.493768436,0,-1.565858,0,250.3, 0.4, -4.8,,,0,0,1273,1024,1024,1024,38,0,0,0,245.9,0,0,88,3.927,3.904,3.917,0,0,0,10.1,84.2,3.115393472396,6.889764,31,Sport,
162000,2026-05-22 08:28:32,51.9887822134099,4.39013724578698,6.889764,,,3.115393472396,7.217848,1.565858,25.9388787828,399.59318864,24,5,11.738,3.115393472396,6.889764,23.711564,63.493768436,0,-1.565858,0,251, -6.6, -4.6,,,0,0,1210,1024,1024,1024,28,0,0,0,245.9,0,0,88,3.927,3.904,3.917,0,0,0,10.1,84.2,3.115393472396,6.889764,31,Sport,
162100,2026-05-22 08:28:32,51.9887816269943,4.39013354340542,6.889764,,,3.115393472396,7.217848,2.0356154,25.2128616992,400.45276872,24,5,11.738,3.115393472396,6.889764,23.711564,63.493768436,-0.223694,-2.013246,0,251.6, -8.1, -4.1,,,0,0,1216,1024,574,1024,29,0,-68,0,245.9,0,0,88,3.927,3.904,3.917,0,0,0,10.1,84.2,3.115393472396,6.889764,31,Sport,"Max Height Above Ground Level (AGL): 2m."
162200,2026-05-22 08:28:32,51.988781590531,4.39013256396321,6.889764,,,3.115393472396,7.217848,2.23694,25.008366942,400.672585,24,5,11.738,3.115393472396,6.889764,23.711564,63.493768436,-0.223694,-2.23694,0,252.1, -7.4, -3.6,,,0,0,1229,1024,432,1024,31,0,-90,0,245.9,0,0,88,3.927,3.904,3.917,0,0,0,10.1,84.2,3.115393472396,6.889764,31,Sport,
162300,2026-05-22 08:28:32,51.9887809058412,4.39012917092786,6.889764,,,3.115393472396,7.217848,2.5053728,24.37007952,401.4763908,24,5,11.738,3.115393472396,6.889764,23.711564,63.493768436,-0.447388,-2.460634,0.447388,252.3, -7.4, -3.6,,,0,0,1268,1024,1024,1024,37,0,0,0,245.9,0,0,88,3.927,3.904,3.917,0,0,0,10.1,84.2,3.115393472396,6.889764,31,Sport,
162400,2026-05-22 08:28:32,51.9887807537984,4.39012772113312,6.889764,,,3.115393472396,7.217848,2.7290668,24.082677936,401.80775564,24,5,11.738,3.115393472396,6.889764,23.711564,63.493768436,-0.447388,-2.684328,1.11847,252.4, -8.9, -3.7,,,0,0,1268,1024,1024,1024,37,0,0,0,245.9,0,0,88,3.927,3.904,3.917,0,0,0,10.1,84.2,3.115393472396,6.889764,31,Sport,
162500,2026-05-22 08:28:32,51.9887804122812,4.39012536388202,6.56168,,,2.787309472396,6.889764,2.9751302,23.6299876328,402.34909424,24,5,11.738,3.115393472396,6.889764,23.711564,63.493768436,-0.671082,-2.908022,1.342164,252.5, -10.9, -3.1,,,0,0,1182,1024,1024,1092,24,0,0,10,245.9,0,0,88,3.927,3.904,3.917,0,0,0,10.1,84.2,2.787309472396,6.56168,31,Sport,
162600,2026-05-22 08:28:32,51.9887801649862,4.39012345201206,6.56168,,,2.787309472396,6.56168,3.4225182,23.2617789596,402.7887268,24,5,11.738,3.115393472396,6.889764,23.711564,63.493768436,-0.671082,-3.35541,0.894776,252.6, -8.3, 0.7,,,0,0,1181,1024,1024,1684,24,0,0,100,246,0,0,88,3.927,3.904,3.917,0,0,0,10.1,84.2,2.787309472396,6.56168,31,Sport,
162700,2026-05-22 08:28:32,51.9887797875817,4.39012122378888,6.233596,,,2.459225472396,6.56168,3.6014734,22.8480322272,403.30709952,24,5,11.754,3.115393472396,6.889764,23.711564,63.493768436,-0.447388,-3.579104,0.447388,254, -5.4, 5.6,,,0,0,1215,1024,1024,1599,29,0,0,87,247.8,0,0,88,3.955,3.947,3.946,0,0,0,7.339,84.38,2.459225472396,6.233596,31,Sport,
162800,2026-05-22 08:28:33,51.9887796453805,4.39011883391754,6.233596,,,2.459225472396,6.56168,3.802798,22.3718183012,403.84843812,24,5,11.754,3.115393472396,6.889764,23.711564,63.493768436,-0.223694,-3.802798,0.223694,255.9, -5.3, 2.7,,,0,0,1228,1024,1024,1682,31,0,0,100,251,0,0,88,3.955,3.947,3.946,0,0,0,7.339,84.38,2.459225472396,6.233596,31,Sport,
162900,2026-05-22 08:28:33,51.9887796793401,4.39011607511391,6.233596,,,2.459225472396,6.233596,4.026492,21.7968838996,404.46851688,24,5,11.754,3.115393472396,6.889764,23.711564,63.493768436,0,-4.026492,0,258.8, -6.3, 2.5,,,0,0,1230,1024,1024,1684,31,0,0,100,254.4,0,0,88,3.955,3.947,3.946,0,0,0,7.339,84.38,2.459225472396,6.233596,31,Sport,
163000,2026-05-22 08:28:33,51.9887796815548,4.39011334317767,6.233596,,,2.459225472396,6.233596,4.026492,21.234744774,405.08203396,24,5,11.754,3.115393472396,6.889764,23.711564,63.493768436,0,-4.026492,0,262.2, -7.1, 4.3,,,0,0,1236,1024,1024,1684,32,0,0,100,258,0,0,88,3.955,3.947,3.946,0,0,0,7.339,84.38,2.459225472396,6.233596,31,Sport,
163100,2026-05-22 08:28:33,51.9887797327983,4.39011116670434,6.233596,,,2.459225472396,6.56168,4.250186,20.781496728,405.57087912,24,5,11.754,3.115393472396,6.889764,23.711564,63.493768436,0.223694,-4.250186,0,265.8, -7.6, 4.6,,,0,0,1262,1024,1024,1684,36,0,0,100,261.9,0,0,88,3.955,3.947,3.946,0,0,0,7.339,84.38,2.459225472396,6.233596,31,Sport,
163200,2026-05-22 08:28:33,51.9887798991224,4.39010811740477,6.233596,,,2.459225472396,6.56168,4.4962494,20.1345478884,406.25985552,24,5,11.754,3.115393472396,6.889764,23.711564,63.493768436,0.447388,-4.47388,0,269.5, -8.1, 6.2,,,0,0,1282,1024,1024,1024,39,0,0,0,265.8,0,0,88,3.955,3.947,3.946,0,0,0,7.339,84.38,2.459225472396,6.233596,31,Sport,
163300,2026-05-22 08:28:33,51.9887800313096,4.39010479527359,6.233596,,,2.459225472396,6.56168,5.0107456,19.440781462,407.00788704,24,5,11.754,3.115393472396,6.889764,23.711564,63.493768436,0.894776,-4.921268,0,273.2, -9.4, 1.6,,,0,0,1282,1024,1024,1024,39,0,0,0,269.4,0,0,88,3.955,3.947,3.946,0,0,0,7.339,84.38,2.459225472396,6.233596,31,Sport,
163400,2026-05-22 08:28:33,51.9887803915345,4.39010134686635,6.233596,,,2.459225472396,6.56168,5.2120702,18.6882879996,407.7920078,24,5,11.754,3.115393472396,6.889764,23.711564,63.493768436,0.894776,-5.144962,0,275.9, -9.7, -4,,,0,0,1277,1024,1024,1024,38,0,0,0,271.5,0,0,88,3.955,3.947,3.946,0,0,0,7.339,84.38,2.459225472396,6.233596,31,Sport,
163500,2026-05-22 08:28:33,51.9887806076007,4.39009783000345,6.233596,,,2.459225472396,6.56168,5.6594582,17.9493772148,408.58597108,24,5,11.754,3.115393472396,6.889764,23.711564,63.493768436,0.894776,-5.59235,0,278, -10.2, -2.4,,,0,0,1240,1024,1024,1024,33,0,0,0,272.5,0,0,88,3.955,3.947,3.946,0,0,0,7.339,84.38,2.459225472396,6.233596,31,Sport,
163600,2026-05-22 08:28:33,51.9887809466034,4.3900939488225,6.233596,,,2.459225472396,6.56168,5.8831522,17.122047792,409.46851704,24,5,11.754,3.115393472396,6.889764,23.711564,63.493768436,0.894776,-5.816044,0,279, -9.8, -1.7,,,0,0,1164,1024,1024,1024,21,0,0,0,272.6,0,0,88,3.955,3.947,3.946,0,0,0,7.339,84.38,2.459225472396,6.233596,31,Sport,
163700,2026-05-22 08:28:34,51.9887810721849,4.3900904702827,6.233596,,,2.459225472396,6.56168,6.3305402,16.417487402,410.24935696,24,5,11.738,3.115393472396,6.889764,23.711564,63.493768436,0.894776,-6.263432,0,279.2, -5, -2.1,,,0,0,1024,1024,1024,1024,0,0,0,0,272.6,0,0,88,3.924,3.873,3.918,0,0,0,7.245,84.38,2.459225472396,6.233596,38,Tripod,
163800,2026-05-22 08:28:34,51.9887814225282,4.39008629178575,6.233596,,,2.459225472396,6.56168,6.3305402,15.5433403924,411.19751972,24,5,11.738,3.115393472396,6.889764,23.711564,63.493768436,0.894776,-6.263432,0,278.9, 8.1, -1.7,,,0,0,1024,1024,1024,1024,0,0,0,0,272.6,0,0,88,3.924,3.873,3.918,0,0,0,7.245,84.38,2.459225472396,6.233596,38,Tripod,
163900,2026-05-22 08:28:34,51.9887816879146,4.39008250488429,6.233596,,,2.459225472396,6.56168,5.8831522,14.7691277692,412.05381896,24,5,11.738,3.115393472396,6.889764,23.711564,63.493768436,0.894776,-5.816044,0,277.9, 20.8, -2.3,,,0,0,1089,1024,1024,1024,10,0,0,0,272.6,0,0,88,3.924,3.873,3.918,0,0,0,7.245,84.38,2.459225472396,6.233596,38,Tripod,
164000,2026-05-22 08:28:34,51.9887819803127,4.39007897939312,6.233596,,,2.459225472396,6.56168,5.0107456,14.0476710532,412.85434392,24,5,11.738,3.115393472396,6.889764,23.711564,63.493768436,0.894776,-4.921268,0,277.3, 21.6, -3,,,0,0,1105,1024,1024,1510,12,0,0,74,272.6,0,0,88,3.924,3.873,3.918,0,0,0,7.245,84.38,2.459225472396,6.233596,38,Tripod,
164100,2026-05-22 08:28:34,51.9887824488638,4.39007613175415,6.233596,,,2.459225472396,6.56168,4.0712308,13.4228678836,413.5170736,24,5,11.738,3.115393472396,6.889764,23.711564,63.493768436,0.671082,-4.026492,0,277.5, 16, -2.4,,,0,0,1105,1024,1024,1510,12,0,0,74,272.6,0,0,88,3.924,3.873,3.918,0,0,0,7.245,84.38,2.459225472396,6.233596,38,Tripod,
164200,2026-05-22 08:28:34,51.9887826546642,4.39007364019284,6.233596,,,2.459225472396,6.56168,3.4225182,12.9227694424,414.08137808,24,5,11.738,3.115393472396,6.889764,23.711564,63.493768436,0.671082,-3.35541,0,278.6, 11.4, 2,,,0,0,1234,1024,1024,1684,32,0,0,100,273.2,0,0,88,3.924,3.873,3.918,0,0,0,7.245,84.38,2.459225472396,6.233596,38,Tripod,
164300,2026-05-22 08:28:34,51.9887832095275,4.3900710915039,6.233596,,,2.459225472396,6.56168,2.9751302,12.3414374028,414.68833348,24,5,11.738,3.115393472396,6.889764,23.711564,63.493768436,0.671082,-2.908022,0,280.6, 8.6, 1.5,,,0,0,1298,1024,1024,1684,42,0,0,100,275,0,0,88,3.924,3.873,3.918,0,0,0,7.245,84.38,2.459225472396,6.233596,38,Tripod,
164400,2026-05-22 08:28:34,51.9887835039715,4.39006910192869,6.233596,,,2.459225472396,6.56168,2.8185444,11.920275972,415.14765108,24,5,11.738,3.115393472396,6.889764,23.711564,63.493768436,0.894776,-2.684328,0,282.9, 6.8, 1.2,,,0,0,1374,1024,1024,1684,53,0,0,100,277.3,0,0,88,3.924,3.873,3.918,0,0,0,7.245,84.38,2.459225472396,6.233596,38,Tripod,
164500,2026-05-22 08:28:34,51.9887842399237,4.39006654342524,6.233596,,,2.459225472396,6.56168,2.8185444,11.3018048236,415.7808532,24,5,11.738,3.115393472396,6.889764,23.711564,63.493768436,0.894776,-2.684328,0,285.2, 5.6, 0.8,,,0,0,1349,1024,1024,1684,49,0,0,100,279.6,0,0,88,3.924,3.873,3.918,0,0,0,7.245,84.38,2.459225472396,6.233596,38,Tripod,
164600,2026-05-22 08:28:34,51.9887846240787,4.39006474079661,6.233596,,,2.459225472396,6.56168,2.7066974,10.897966228,416.21064324,24,5,11.738,3.115393472396,6.889764,23.711564,63.493768436,1.11847,-2.460634,0,287.4, 4.9, 0.7,,,0,0,1325,1024,1024,1684,46,0,0,100,282,0,0,88,3.924,3.873,3.918,0,0,0,7.245,84.38,2.459225472396,6.233596,38,Tripod,
164700,2026-05-22 08:28:35,51.9887850535425,4.39006202907703,6.233596,,,2.459225472396,6.56168,2.5053728,10.3292982308,416.84056452,24,5,11.748,3.115393472396,6.889764,23.711564,63.493768436,1.11847,-2.23694,0,289.7, 4.5, 0.5,,,0,0,1331,1024,1024,1684,47,0,0,100,284.4,0,0,88,3.92,3.913,3.919,0,0,0,7.168,84.38,2.459225472396,6.233596,38,Tripod,
164800,2026-05-22 08:28:35,51.9887854939999,4.39006028160979,6.233596,,,2.459225472396,6.56168,2.5053728,9.9271984804,417.26379288,24,5,11.748,3.115393472396,6.889764,23.711564,63.493768436,1.11847,-2.23694,0,292, 4.4, 0.6,,,0,0,1375,1024,1024,1684,53,0,0,100,286.8,0,0,88,3.92,3.913,3.919,0,0,0,7.168,84.38,2.459225472396,6.233596,38,Tripod,
164900,2026-05-22 08:28:35,51.9887861452291,4.39005836136692,6.233596,,,2.459225472396,6.56168,2.4158952,9.4467522708,417.75591888,24,5,11.748,3.115393472396,6.889764,23.711564,63.493768436,1.342164,-2.013246,0,294.4, 4.1, 0.4,,,0,0,1331,1024,1006,1684,47,0,-3,100,289.2,0,0,88,3.92,3.913,3.919,0,0,0,7.168,84.38,2.459225472396,6.233596,38,Tripod,
165000,2026-05-22 08:28:35,51.9887866524706,4.39005669842159,6.233596,,,2.459225472396,6.56168,2.4158952,9.0457351976,418.17258556,24,5,11.748,3.115393472396,6.889764,23.711564,63.493768436,1.342164,-2.013246,0,296.7, 3.7, 0.3,,,0,0,1331,1024,1006,1684,47,0,-3,100,291.6,0,0,88,3.92,3.913,3.919,0,0,0,7.168,84.38,2.459225472396,6.233596,38,Tripod,
165100,2026-05-22 08:28:35,51.9887872304776,4.39005546758573,6.233596,,,2.459225472396,6.56168,2.4158952,8.699475344,418.5203546,24,5,11.748,3.115393472396,6.889764,23.711564,63.493768436,1.342164,-2.013246,0,299, 3.6, 0.5,,,0,0,1351,1024,806,1684,50,0,-33,100,294,0,0,88,3.92,3.913,3.919,0,0,0,7.168,84.38,2.459225472396,6.233596,38,Tripod,
165200,2026-05-22 08:28:35,51.9887877910273,4.3900539132277,6.233596,,,2.459225472396,6.56168,2.3711564,8.3047246752,418.92717876,24,5,11.748,3.115393472396,6.889764,23.711564,63.493768436,1.565858,-1.789552,0,301.4, 3.6, 0.6,,,0,0,1354,1024,477,1638,50,0,-83,93,296.4,0,0,88,3.92,3.913,3.919,0,0,0,7.168,84.38,2.459225472396,6.233596,38,Tripod,
165300,2026-05-22 08:28:35,51.9887884265403,4.3900529119426,6.233596,,,2.459225472396,6.56168,2.3711564,7.9819884444,419.24870108,24,5,11.748,3.115393472396,6.889764,23.711564,63.493768436,1.565858,-1.789552,0.223694,303.8, 4, 0.3,,,0,0,1345,1024,554,1508,49,0,-71,73,298.8,0,0,88,3.92,3.913,3.919,0,0,0,7.168,84.38,2.459225472396,6.233596,38,Tripod,
165400,2026-05-22 08:28:35,51.9887890369927,4.39005147471884,5.905512,,,2.131141472396,6.56168,2.3711564,7.5944556236,419.64240188,24,5,11.748,3.115393472396,6.889764,23.711564,63.493768436,1.565858,-1.789552,0.671082,306.1, 3.6, 0,,,0,0,1346,1024,568,1475,49,0,-69,68,301.1,0,0,88,3.92,3.913,3.919,0,0,0,7.168,84.38,2.131141472396,5.905512,38,Tripod,
165500,2026-05-22 08:28:35,51.9887897401958,4.39005033113852,5.905512,,,2.131141472396,6.56168,2.2145706,7.2314306776,420.00329428,24,5,11.748,3.115393472396,6.889764,23.711564,63.493768436,1.565858,-1.565858,0.894776,308, 3, -0.2,,,0,0,1347,1024,571,1473,49,0,-69,68,303,0,0,88,3.92,3.913,3.919,0,0,0,7.168,84.38,2.131141472396,5.905512,38,Tripod,
165600,2026-05-22 08:28:35,51.9887903809218,4.39004897408581,5.577428,,,1.803057472396,6.233596,2.2145706,6.8496065184,420.38715256,24,5,11.748,3.115393472396,6.889764,23.711564,63.493768436,1.565858,-1.565858,0.894776,309.8, 2.5, 0,,,0,0,1348,1024,578,1487,49,0,-68,70,304.7,0,0,88,3.92,3.913,3.919,0,0,0,7.168,84.38,1.803057472396,5.577428,38,Tripod,
165700,2026-05-22 08:28:36,51.988791217059,4.3900481747099,5.577428,,,1.803057472396,6.233596,2.3711564,6.5091209432,420.74148328,24,5,11.759,3.115393472396,6.889764,23.711564,63.493768436,1.789552,-1.565858,1.11847,311.5, 2.6, 0.4,,,0,0,1350,1024,515,1435,49,0,-77,62,306.3,0,0,88,3.943,3.942,3.935,0,0,0,7.124,84.38,1.803057472396,5.577428,38,Tripod,
165800,2026-05-22 08:28:36,51.9887919118193,4.39004691175466,5.577428,,,1.803057472396,5.905512,2.3711564,6.128773162,421.12206072,24,5,11.759,3.115393472396,6.889764,23.711564,63.493768436,1.789552,-1.565858,1.11847,313.3, 2.7, 0.3,,,0,0,1350,1024,515,1435,49,0,-77,62,307.9,0,0,88,3.943,3.942,3.935,0,0,0,7.124,84.38,1.803057472396,5.577428,38,Tripod,
165900,2026-05-22 08:28:36,51.9887926359323,4.3900461743212,5.249344,,,1.474973472396,5.905512,2.3711564,5.8275264332,421.43374052,24,5,11.759,3.115393472396,6.889764,23.711564,63.493768436,1.789552,-1.565858,1.11847,314.9, 2.8, 0,,,0,0,1358,1024,481,1397,51,0,-82,57,309.5,0,0,88,3.943,3.942,3.935,0,0,0,7.124,84.38,1.474973472396,5.249344,38,Tripod,
166000,2026-05-22 08:28:36,51.988793363607,4.390045011395,4.92126,,,1.146889472396,5.577428,2.23694,5.455544794,421.80775628,24,5,11.759,3.115393472396,6.889764,23.711564,63.493768436,1.789552,-1.342164,1.342164,316.4, 2.7, -0.1,,,0,0,1358,1024,460,1348,51,0,-85,49,311,0,0,88,3.943,3.942,3.935,0,0,0,7.124,84.38,1.146889472396,4.92126,38,Tripod,
166100,2026-05-22 08:28:36,51.988794127308,4.3900441553509,4.92126,,,1.146889472396,5.249344,2.23694,5.1263125,422.1456828,24,5,11.759,3.115393472396,6.889764,23.711564,63.493768436,1.789552,-1.342164,1.342164,317.8, 2.2, -0.2,,,0,0,1374,1024,403,1351,53,0,-94,50,312.3,0,0,88,3.943,3.942,3.935,0,0,0,7.124,84.38,1.146889472396,4.92126,38,Tripod,
166200,2026-05-22 08:28:36,51.9887948738344,4.39004306083823,4.593176,,,0.818805472396,5.249344,2.23694,4.7618439844,422.51313688,24,5,11.759,3.115393472396,6.889764,23.711564,63.493768436,1.789552,-1.342164,1.342164,319, 1.6, -0.4,,,0,0,1374,1024,391,1314,53,0,-96,44,313.6,0,0,88,3.943,3.942,3.935,0,0,0,7.124,84.38,0.818805472396,4.593176,38,Tripod,
166300,2026-05-22 08:28:36,51.9887959683427,4.39004212134209,4.265092,,,0.490721472396,4.92126,2.4158952,4.3437009264,422.9658928,24,5,11.759,3.115393472396,6.889764,23.711564,63.493768436,2.013246,-1.342164,1.342164,320.2, 1.5, -0.4,,,0,0,1333,1024,369,1306,47,0,-99,43,314.7,0,0,88,3.943,3.942,3.935,0,0,0,7.124,84.38,0.490721472396,4.265092,38,Tripod,
166400,2026-05-22 08:28:36,51.9887967700095,4.39004103152762,4.265092,,,0.490721472396,4.593176,2.4158952,3.9702429092,423.34647024,23,5,11.759,3.115393472396,6.889764,23.711564,63.493768436,2.013246,-1.342164,1.342164,321.3, 2, 0.1,,,0,0,1354,1024,381,1277,50,0,-97,38,315.8,0,0,88,3.943,3.942,3.935,0,0,0,7.124,84.38,0.490721472396,4.265092,38,Tripod,
166500,2026-05-22 08:28:36,51.9887973717289,4.39004029458932,3.937008,,,0.162637472396,4.593176,2.4158952,3.7056431632,423.6220608,23,5,11.759,3.115393472396,6.889764,23.711564,63.493768436,2.013246,-1.342164,1.342164,322.4, 2.4, 0.3,,,0,0,1470,1024,449,1260,68,0,-87,36,316.8,0,0,88,3.943,3.942,3.935,0,0,0,7.124,84.38,0.162637472396,3.937008,38,Tripod,
166600,2026-05-22 08:28:36,51.9887981689698,4.3900392510113,3.608924,,,-0.165446527604,4.265092,2.4158952,3.3452100808,423.99607656,23,5,11.759,3.115393472396,6.889764,23.711564,63.493768436,2.013246,-1.342164,1.11847,323.4, 2.2, 0.3,,,0,0,1271,1024,431,1230,37,0,-90,31,317.8,0,0,88,3.943,3.942,3.935,0,0,0,7.124,84.38,-0.165446527604,3.608924,38,Tripod,
166700,2026-05-22 08:28:37,51.9887992248398,4.39003869651101,3.608924,,,-0.165446527604,4.265092,2.4158952,3.03190954584,424.39961988,23,5,11.782,3.115393472396,6.889764,23.711564,63.493768436,2.013246,-1.342164,1.11847,324.3, 1.3, 0.1,,,0,0,1271,1024,431,1230,37,0,-90,31,318.6,0,0,88,3.925,3.918,3.923,0,0,0,6.271,84.56,-0.165446527604,3.608924,38,Tripod,
166800,2026-05-22 08:28:37,51.988800060311,4.39003771403607,3.28084,,,-0.493530527604,3.937008,2.4158952,2.69147318324,424.77691648,23,5,11.782,3.115393472396,6.889764,23.711564,63.493768436,2.013246,-1.342164,1.11847,325.1, 2.1, 0.2,,,0,0,1024,1024,364,1234,0,0,-100,32,319.4,0,0,88,3.925,3.918,3.923,0,0,0,6.271,84.56,-0.493530527604,3.28084,38,Tripod,
166900,2026-05-22 08:28:37,51.9888010193826,4.39003662995751,3.28084,,,-0.493530527604,3.937008,2.3040482,2.32351713472,425.20342568,23,5,11.782,3.115393472396,6.889764,23.711564,63.493768436,2.013246,-1.11847,0.894776,325.9, 7.1, -0.7,,,0,0,1024,1024,364,1170,0,0,-100,22,320,0,0,88,3.925,3.918,3.923,0,0,0,6.271,84.56,-0.493530527604,3.28084,38,Tripod,
167000,2026-05-22 08:28:37,51.9888018111576,4.39003571324004,2.952756,,,-0.821614527604,3.608924,2.1027236,2.03230321464,425.5577564,23,5,11.782,3.115393472396,6.889764,23.711564,63.493768436,1.789552,-1.11847,0.894776,326.4, 11.1, -1,,,0,0,1024,1024,364,1089,0,0,-100,10,320.6,0,0,88,3.925,3.918,3.923,0,0,0,6.271,84.56,-0.821614527604,2.952756,38,Tripod,
167100,2026-05-22 08:28:37,51.9888023113644,4.39003513330325,2.952756,,,-0.821614527604,3.608924,1.6105968,1.85956698864,425.78085352,23,5,11.782,3.115393472396,6.889764,23.711564,63.493768436,1.342164,-0.894776,0.894776,326.8, 11.6, -0.7,,,0,0,1024,1024,364,1054,0,0,-100,5,321,0,0,88,3.925,3.918,3.923,0,0,0,6.271,84.56,-0.821614527604,2.952756,38,Tripod,
167200,2026-05-22 08:28:37,51.9888028509859,4.39003444679253,2.624672,,,-1.149698527604,3.28084,1.2974252,1.67330385932,426.03019736,23,5,11.782,3.115393472396,6.889764,23.711564,63.493768436,1.11847,-0.671082,0.671082,327.1, 11, 0.3,,,0,0,1024,1024,364,1046,0,0,-100,3,321.2,0,0,88,3.925,3.918,3.923,0,0,0,6.271,84.56,-1.149698527604,2.624672,38,Tripod,
167300,2026-05-22 08:28:37,51.9888033376798,4.39003405048075,2.624672,,,-1.149698527604,3.28084,1.11847,1.57115818676,426.2303286,23,5,11.782,3.115393472396,6.889764,23.711564,63.493768436,0.894776,-0.671082,0.671082,327.4, 9.7, 0.7,,,0,0,1024,1024,364,1025,0,0,-100,0,321.3,0,0,88,3.925,3.918,3.923,0,0,0,6.271,84.56,-1.149698527604,2.624672,38,Tripod,
167400,2026-05-22 08:28:37,51.9888036880225,4.39003361718316,2.624672,,,-1.149698527604,3.28084,0.8052984,1.47638784252,426.39108976,23,5,11.782,3.115393472396,6.889764,23.711564,63.493768436,0.671082,-0.447388,0.671082,327.6, 8.5, 0.6,,,0,0,1024,1024,364,1024,0,0,-100,0,321.3,0,0,88,3.925,3.918,3.923,0,0,0,6.271,84.56,-1.149698527604,2.624672,38,Tripod,
167500,2026-05-22 08:28:37,51.9888042521234,4.39003333392389,2.296588,,,-1.477782527604,2.952756,0.4921268,1.44119427184,426.6076252,23,5,11.782,3.115393472396,6.889764,23.711564,63.493768436,0.447388,-0.223694,0.447388,327.6, 8, 0.1,,,0,0,1024,1024,364,1024,0,0,-100,0,321.4,0,0,88,3.925,3.918,3.923,0,0,0,6.271,84.56,-1.477782527604,2.296588,38,Tripod,
167600,2026-05-22 08:28:37,51.9888045084837,4.39003308790901,2.296588,,,-1.477782527604,2.952756,0.4921268,1.41031172492,426.71589292,24,5,11.782,3.115393472396,6.889764,23.711564,63.493768436,0.447388,-0.223694,0.447388,327.6, 7.1, 0,,,0,0,1024,1024,364,1024,0,0,-100,0,321.4,0,0,88,3.925,3.918,3.923,0,0,0,6.271,84.56,-1.477782527604,2.296588,38,Tripod,
167700,2026-05-22 08:28:37,51.988804927637,4.39003267697634,2.296588,,,-1.477782527604,2.952756,0.4921268,1.37510175004,426.89305828,24,5,11.758,3.115393472396,6.889764,23.711564,63.493768436,0.447388,0,0.447388,327.5, 6.8, -0.5,,,0,0,1024,1024,364,1024,0,0,-100,0,321.4,0,0,88,3.921,3.914,3.919,0,0,0,6.932,84.56,-1.477782527604,2.296588,38,Tripod,
167800,2026-05-22 08:28:38,51.9888051291559,4.39003252924474,1.968504,,,-1.805866527604,2.952756,0.223694,1.37617786556,426.97507928,24,5,11.758,3.115393472396,6.889764,23.711564,63.493768436,0.223694,0,0.447388,327.4, 6.2, -0.5,,,0,0,1024,1024,364,1024,0,0,-100,0,321.4,0,0,88,3.921,3.914,3.919,0,0,0,6.932,84.56,-1.805866527604,1.968504,38,Tripod,
167900,2026-05-22 08:28:38,51.9888053901667,4.39003214671116,1.968504,,,-1.805866527604,2.624672,0.223694,1.34796264156,427.10303204,24,5,11.758,3.115393472396,6.889764,23.711564,63.493768436,0.223694,0,0.447388,327.2, 5.9, -0.5,,,0,0,1024,1024,364,1024,0,0,-100,0,321.4,0,0,88,3.921,3.914,3.919,0,0,0,6.932,84.56,-1.805866527604,1.968504,38,Tripod,
168000,2026-05-22 08:28:38,51.9888055502888,4.39003204765399,1.968504,,,-1.805866527604,2.624672,0.223694,1.36143705144,427.165368,24,5,11.758,3.115393472396,6.889764,23.711564,63.493768436,0.223694,0,0.447388,327.2, 5.4, -0.6,,,0,0,1024,1024,364,1024,0,0,-100,0,321.4,0,0,88,3.921,3.914,3.919,0,0,0,6.932,84.56,-1.805866527604,1.968504,38,Tripod,
168100,2026-05-22 08:28:38,51.9888056347535,4.39003202120037,1.968504,,,-1.805866527604,2.624672,0,1.37434059516,427.19489556,24,5,11.758,3.115393472396,6.889764,23.711564,63.493768436,0,0,0.447388,327.2, 5.1, -0.9,,,0,0,1024,1024,364,1024,0,0,-100,0,321.4,0,0,88,3.921,3.914,3.919,0,0,0,6.932,84.56,-1.805866527604,1.968504,38,Tripod,
168200,2026-05-22 08:28:38,51.9888057564949,4.39003196562315,1.64042,,,-2.133950527604,2.624672,0,1.39085962456,427.24410816,24,5,11.758,3.115393472396,6.889764,23.711564,63.493768436,0,0,0.447388,327.2, 5.2, -1.3,,,0,0,1024,1024,364,1024,0,0,-100,0,321.4,0,0,88,3.921,3.914,3.919,0,0,0,6.932,84.56,-2.133950527604,1.64042,38,Tripod,
168300,2026-05-22 08:28:38,51.9888057084383,4.39003209896341,1.64042,,,-2.133950527604,2.624672,0,1.404281541,427.27691656,24,5,11.758,3.115393472396,6.889764,23.711564,63.493768436,0,0,0.447388,327.1, 4.7, -1.6,,,0,0,1024,1024,364,1024,0,0,-100,0,321.4,0,0,88,3.921,3.914,3.919,0,0,0,6.932,84.56,-2.133950527604,1.64042,38,Tripod,
168400,2026-05-22 08:28:38,51.9888057820299,4.39003206389216,1.64042,,,-2.133950527604,2.296588,0,1.41405188252,427.30644412,24,5,11.758,3.115393472396,6.889764,23.711564,63.493768436,0,0,0.447388,327, 4.2, -1.4,,,0,0,1399,1024,364,1024,57,0,-100,0,321.4,0,0,88,3.921,3.914,3.919,0,0,0,6.932,84.56,-2.133950527604,1.64042,38,Tripod,
168500,2026-05-22 08:28:38,51.9888058709082,4.39003225761458,1.64042,,,-2.133950527604,2.296588,0,1.46832681864,427.35893756,24,5,11.758,3.115393472396,6.889764,23.711564,63.493768436,0,0,0.447388,327, 3.9, -0.8,,,0,0,1406,1024,364,1024,58,0,-100,0,321.4,0,0,88,3.921,3.914,3.919,0,0,0,6.932,84.56,-2.133950527604,1.64042,38,Tripod,
168600,2026-05-22 08:28:38,51.9888059408112,4.39003222955653,1.64042,,,-2.133950527604,2.296588,0,1.47896658276,427.38518428,24,5,11.758,3.115393472396,6.889764,23.711564,63.493768436,0,0,0.447388,327.3, 2.4, -0.8,,,0,0,1406,1024,364,1024,58,0,-100,0,321.4,0,0,88,3.921,3.914,3.919,0,0,0,6.932,84.56,-2.133950527604,1.64042,38,Tripod,
168700,2026-05-22 08:28:38,51.9888056953988,4.39003223924336,1.312336,,,-2.462034527604,2.296588,0,1.42705713228,427.47376696,24,5,11.76,3.115393472396,6.889764,23.711564,63.493768436,0,0,0.223694,327.4, 1.5, -0.8,,,0,0,1124,1024,364,1024,15,0,-100,0,321.4,0,0,88,3.924,3.916,3.92,0,0,0,6.992,84.56,-2.462034527604,1.312336,38,Tripod,
168800,2026-05-22 08:28:39,51.9888057893692,4.39003215089001,1.312336,,,-2.462034527604,1.968504,0,1.43125332664,427.51641788,24,5,11.76,3.115393472396,6.889764,23.711564,63.493768436,0,0,0.447388,327.4, 1.7, -0.9,,,0,0,1212,1024,364,1024,28,0,-100,0,321.4,0,0,88,3.924,3.916,3.92,0,0,0,6.992,84.56,-2.462034527604,1.312336,38,Tripod,
168900,2026-05-22 08:28:39,51.9888057576204,4.39003207013711,1.312336,,,-2.462034527604,1.968504,0,1.40979007136,427.53610292,24,5,11.76,3.115393472396,6.889764,23.711564,63.493768436,0,0,0.223694,327.4, 2, -0.6,,,0,0,1468,1024,364,1024,67,0,-100,0,321.4,0,0,88,3.924,3.916,3.92,0,0,0,6.992,84.56,-2.462034527604,1.312336,38,Tripod,
169000,2026-05-22 08:28:39,51.9888058807636,4.39003192348537,1.312336,,,-2.462034527604,1.968504,0.223694,1.41162078008,427.5918772,24,5,11.76,3.115393472396,6.889764,23.711564,63.493768436,0.223694,0,0.223694,327.4, 1.6, -0.2,,,0,0,1546,1024,364,1024,79,0,-100,0,321.4,0,0,88,3.924,3.916,3.92,0,0,0,6.992,84.56,-2.462034527604,1.312336,38,Tripod,
169100,2026-05-22 08:28:39,51.9888060465843,4.39003217353927,1.312336,,,-2.462034527604,1.968504,0.223694,1.49345149136,427.6738982,24,5,11.76,3.115393472396,6.889764,23.711564,63.493768436,0.223694,0,0.223694,327.4, 1, -0.4,,,0,0,1529,1024,364,1024,77,0,-100,0,321.4,0,0,88,3.924,3.916,3.92,0,0,0,6.992,84.56,-2.462034527604,1.312336,38,Tripod,
169200,2026-05-22 08:28:39,51.9888062283713,4.39003200656152,1.312336,,,-2.462034527604,1.968504,0.3131716,1.50881566508,427.75263836,24,5,11.76,3.115393472396,6.889764,23.711564,63.493768436,0.223694,-0.223694,0.223694,327.4, 0.3, -0.7,,,0,0,1470,1024,364,1024,68,0,-100,0,321.4,0,0,88,3.924,3.916,3.92,0,0,0,6.992,84.56,-2.462034527604,1.312336,38,Tripod,
169300,2026-05-22 08:28:39,51.988806301156,4.3900319982032,1.312336,,,-2.462034527604,1.968504,0.4921268,1.52553154488,427.77888508,24,5,11.76,3.115393472396,6.889764,23.711564,63.493768436,0.447388,-0.223694,0.223694,327.3, 0, -0.3,,,0,0,1414,1024,364,1024,59,0,-100,0,321.4,0,0,88,3.924,3.916,3.92,0,0,0,6.992,84.56,-2.462034527604,1.312336,38,Tripod,
169400,2026-05-22 08:28:39,51.9888065374993,4.39003174299826,0.984252,,,-2.790118527604,1.968504,0.4921268,1.54636815972,427.88059112,24,5,11.76,3.115393472396,6.889764,23.711564,63.493768436,0.447388,-0.223694,0,327.3, 0, 0.3,,,0,0,1300,1024,364,1024,42,0,-100,0,321.4,0,0,88,3.924,3.916,3.92,0,0,0,6.992,84.56,-2.790118527604,0.984252,38,Tripod,
169500,2026-05-22 08:28:39,51.9888065903095,4.39003160946605,0.984252,,,-2.790118527604,1.968504,0.8052984,1.5404692094,427.91668036,24,5,11.76,3.115393472396,6.889764,23.711564,63.493768436,0.671082,-0.447388,0,327.4, 0.3, 0.4,,,0,0,1300,1024,364,1024,42,0,-100,0,321.4,0,0,88,3.924,3.916,3.92,0,0,0,6.992,84.56,-2.790118527604,0.984252,38,Tripod,
169600,2026-05-22 08:28:39,51.9888068908726,4.39003130522345,0.984252,,,-2.790118527604,1.968504,0.8052984,1.58199480128,428.04463312,24,5,11.76,3.115393472396,6.889764,23.711564,63.493768436,0.671082,-0.447388,0,327.4, 0.8, -0.1,,,0,0,1105,1024,364,1024,12,0,-100,0,321.3,0,0,88,3.924,3.916,3.92,0,0,0,6.992,84.56,-2.790118527604,0.984252,33,Confirm_Landing,
169700,2026-05-22 08:28:39,51.9888071755625,4.3900309946813,0.984252,,,-2.790118527604,1.968504,0.8052984,1.6270833854,428.17258588,24,5,11.757,3.115393472396,6.889764,23.711564,63.493768436,0.671082,-0.447388,0.223694,327.3, 2.1, -0.3,,,0,0,1024,1024,364,1024,0,0,-100,0,321.1,0,0,87,3.925,3.918,3.923,0,0,0,6.891,84.56,-2.790118527604,0.984252,33,Confirm_Landing,
169800,2026-05-22 08:28:40,51.9888075085218,4.39003065852647,0.984252,,,-2.790118527604,1.64042,0.8052984,1.69296921428,428.313662,24,5,11.757,3.115393472396,6.889764,23.711564,63.493768436,0.671082,-0.447388,0.447388,327.3, 5.7, -0.2,,,0,0,1024,1024,364,1024,0,0,-100,0,321.1,0,0,87,3.925,3.918,3.923,0,0,0,6.891,84.56,-2.790118527604,0.984252,33,Confirm_Landing,
169900,2026-05-22 08:28:40,51.9888077191078,4.39003049935906,0.984252,,,-2.790118527604,1.64042,0.8052984,1.7447179036,428.39896384,24,5,11.757,3.115393472396,6.889764,23.711564,63.493768436,0.671082,-0.447388,0.671082,327.4, 7.1, -0.2,,,0,0,1024,1024,364,1024,0,0,-100,0,321.1,0,0,87,3.925,3.918,3.923,0,0,0,6.891,84.56,-2.790118527604,0.984252,33,Confirm_Landing,
170000,2026-05-22 08:28:40,51.988807963278,4.39003024890869,0.656168,,,-3.118202527604,1.64042,0.4921268,1.8019029448,428.50395072,24,5,11.757,3.115393472396,6.889764,23.711564,63.493768436,0.447388,-0.223694,0.894776,327.5, 6.6, -0.4,,,0,0,644,1024,364,1024,-58,0,-100,0,321.1,0,0,87,3.925,3.918,3.923,0,0,0,6.891,84.56,-3.118202527604,0.656168,33,Confirm_Landing,
170100,2026-05-22 08:28:40,51.9888079781974,4.39003022429903,0.656168,,,-3.118202527604,1.312336,0.4921268,1.80471134384,428.5105124,24,5,11.757,3.115393472396,6.889764,23.711564,63.493768436,0.447388,-0.223694,0.894776,327.5, 6.5, -0.1,,,0,0,1024,1024,364,1024,0,0,-100,0,321.1,0,0,87,3.925,3.918,3.923,0,0,0,6.891,84.56,-3.118202527604,0.656168,33,Confirm_Landing,
170200,2026-05-22 08:28:40,51.9888080970217,4.39003008366888,0.656168,,,-3.118202527604,1.312336,0.3131716,1.83268706652,428.56628668,24,5,11.757,3.115393472396,6.889764,23.711564,63.493768436,0.223694,-0.223694,0.671082,327.4, 7, 0,,,0,0,553,1024,364,1024,-71,0,-100,0,321.1,0,0,87,3.925,3.918,3.923,0,0,0,6.891,84.56,-3.118202527604,0.656168,33,Confirm_Landing,
170300,2026-05-22 08:28:40,51.9888083647913,4.39002978952117,0.328084,,,-3.446286527604,0.984252,0.223694,1.90142066452,428.68439692,24,5,11.757,3.115393472396,6.889764,23.711564,63.493768436,0.223694,0,0.671082,327.4, 5.9, 0,,,0,0,792,1024,364,1024,-35,0,-100,0,321.1,0,0,87,3.925,3.918,3.923,0,0,0,6.891,84.56,-3.446286527604,0.328084,33,Confirm_Landing,
170400,2026-05-22 08:28:40,51.9888084051403,4.39002971907775,0.328084,,,-3.446286527604,0.984252,0,1.910351111,428.70408196,24,5,11.757,3.115393472396,6.889764,23.711564,63.493768436,0,0,0.671082,327.2, 7.5, 0.1,,,0,0,792,1024,364,1024,-35,0,-100,0,321.1,0,0,87,3.925,3.918,3.923,0,0,0,6.891,84.56,-3.446286527604,0.328084,33,Confirm_Landing,
170500,2026-05-22 08:28:40,51.9888086184329,4.39002966053859,0.328084,,,-3.446286527604,0.984252,0,1.9804954702,428.78282212,24,5,11.757,3.115393472396,6.889764,23.711564,63.493768436,0,0,0.671082,327.1, 6.7, 0.5,,,0,0,777,1024,364,1024,-37,0,-100,0,321.1,0,0,87,3.925,3.918,3.923,0,0,0,6.891,84.56,-3.446286527604,0.328084,33,Confirm_Landing,
170600,2026-05-22 08:28:40,51.9888085699083,4.39002971096527,0,,,-3.774370527604,0.656168,0,1.96698825192,428.805788,24,5,11.757,3.115393472396,6.889764,23.711564,63.493768436,0,0,0.671082,327.3, 4.8, 0.1,,,0,0,810,1024,364,1024,-32,0,-100,0,321.1,0,0,87,3.925,3.918,3.923,0,0,0,6.891,84.56,-3.774370527604,0,33,Confirm_Landing,
170700,2026-05-22 08:28:40,51.9888085317894,4.39002929072895,0,,,-3.774370527604,0.656168,0,1.92704402492,428.90093236,24,5,11.775,3.115393472396,6.889764,23.711564,63.493768436,0,0,0.447388,327.3, 5.1, 0.3,,,0,0,1024,1024,364,1024,0,0,-100,0,321.1,0,0,87,3.924,3.916,3.92,0,0,0,6.454,84.56,-3.774370527604,0,33,Confirm_Landing,
170800,2026-05-22 08:28:41,51.988808425572,4.39002935064945,0,,,-3.774370527604,0.656168,0.223694,1.89326777712,428.94030244,24,5,11.775,3.115393472396,6.889764,23.711564,63.493768436,-0.223694,0,0.447388,327.4, 4.7, 0.9,,,0,0,1024,1024,364,1024,0,0,-100,0,321.1,0,0,87,3.924,3.916,3.92,0,0,0,6.454,84.56,-3.774370527604,0,33,Confirm_Landing,
170900,2026-05-22 08:28:41,51.9888083355172,4.39002956900354,0,,,-3.774370527604,0.656168,0.223694,1.87583011252,428.99935756,24,5,11.775,3.115393472396,6.889764,23.711564,63.493768436,-0.223694,0,0.447388,327.5, 3.5, -0.1,,,0,0,721,1024,364,1024,-46,0,-100,0,321.1,0,0,87,3.924,3.916,3.92,0,0,0,6.454,84.56,-3.774370527604,0,33,Confirm_Landing,
171000,2026-05-22 08:28:41,51.9888082079342,4.3900296807227,0,,,-3.774370527604,0.656168,0.223694,1.83937341844,429.05513184,24,5,11.775,3.115393472396,6.889764,23.711564,63.493768436,-0.223694,0,0.447388,327.2, 3.1, -1.4,,,0,0,1024,1024,364,1024,0,0,-100,0,321.1,0,0,87,3.924,3.916,3.92,0,0,0,6.454,84.56,-3.774370527604,0,33,Confirm_Landing,
171100,2026-05-22 08:28:41,51.9888080498752,4.39002953075868,0,,,-3.774370527604,0.328084,0.223694,1.77400268144,429.12074864,24,5,11.775,3.115393472396,6.889764,23.711564,63.493768436,-0.223694,0,0.447388,327.4, 4.7, 0.1,,,0,0,1024,1024,364,1024,0,0,-100,0,321.1,0,0,87,3.924,3.916,3.92,0,0,0,6.454,84.56,-3.774370527604,0,33,Confirm_Landing,
171200,2026-05-22 08:28:41,51.9888078630417,4.39002960225061,0,,,-3.774370527604,0.328084,0.223694,1.7146818134,429.18964628,24,5,11.775,3.115393472396,6.889764,23.711564,63.493768436,-0.223694,0,0.447388,327.5, 3.9, 1.4,,,0,0,1024,1024,364,1024,0,0,-100,0,321.1,0,0,87,3.924,3.916,3.92,0,0,0,6.454,84.56,-3.774370527604,0,33,Confirm_Landing,
171300,2026-05-22 08:28:41,51.988807690415,4.39002980859852,-0.328084,,,-4.102454527604,0.328084,0.447388,1.671998085,429.26838644,24,5,11.775,3.115393472396,6.889764,23.711564,63.493768436,-0.447388,0,0.447388,327.5, 1.4, 0.7,,,0,0,1024,1024,364,1024,0,0,-100,0,321.1,0,0,87,3.924,3.916,3.92,0,0,0,6.454,84.56,-4.102454527604,-0.328084,33,Confirm_Landing,
171400,2026-05-22 08:28:41,51.9888074939817,4.39002992921592,-0.328084,,,-4.102454527604,0,0.447388,1.61623692836,429.34384576,24,5,11.775,3.115393472396,6.889764,23.711564,63.493768436,-0.447388,0,0.447388,327.5, 1.7, -0.1,,,0,0,1024,1024,364,1024,0,0,-100,0,321.1,0,0,87,3.924,3.916,3.92,0,0,0,6.454,84.56,-4.102454527604,-0.328084,33,Confirm_Landing,
171500,2026-05-22 08:28:41,51.9888072455189,4.39003007735923,-0.328084,,,-4.102454527604,0,0.447388,1.54783141436,429.44227096,24,5,11.775,3.115393472396,6.889764,23.711564,63.493768436,-0.447388,0,0.223694,327.4, 1.6, 0.9,,,0,0,1024,1024,364,1024,0,0,-100,0,321.1,0,0,87,3.924,3.916,3.92,0,0,0,6.454,84.56,-4.102454527604,-0.328084,33,Confirm_Landing,
171600,2026-05-22 08:28:41,51.9888070429931,4.39003016416491,-0.328084,,,-4.102454527604,0,0.447388,1.49078744928,429.51773028,25,5,11.775,3.115393472396,6.889764,23.711564,63.493768436,-0.447388,0,0.223694,327.4, 0.7, 1.1,,,0,0,801,1024,364,1024,-34,0,-100,0,321.1,0,0,87,3.924,3.916,3.92,0,0,0,6.454,84.56,-4.102454527604,-0.328084,33,Confirm_Landing,
171700,2026-05-22 08:28:42,51.9888069709727,4.39003040745072,-0.328084,,,-4.102454527604,0,0.223694,1.4943734074,429.58006624,25,5,11.768,3.115393472396,6.889764,23.711564,63.493768436,-0.223694,0,0.223694,327.5, 0.4, 1.5,,,0,0,1024,1024,364,1024,0,0,-100,0,321.1,0,0,87,3.923,3.918,3.925,0,0,0,6.857,84.56,-4.102454527604,-0.328084,33,Confirm_Landing,
171800,2026-05-22 08:28:42,51.9888068008374,4.39003049718864,-0.328084,,,-4.102454527604,0,0.223694,1.45170280236,429.64568304,25,5,11.768,3.115393472396,6.889764,23.711564,63.493768436,-0.223694,0,0.223694,327.4, 3.6, 1.7,,,0,0,1024,1024,364,1024,0,0,-100,0,321.1,0,0,87,3.923,3.918,3.925,0,0,0,6.857,84.56,-4.102454527604,-0.328084,33,Confirm_Landing,
171900,2026-05-22 08:28:42,51.9888064277954,4.3900305412803,-0.656168,,,-4.430538527604,0,0.447388,1.34416670968,429.78019748,25,5,11.768,3.115393472396,6.889764,23.711564,63.493768436,-0.447388,0,0.223694,327.5, 1.2, 1,,,0,0,1024,1024,364,1024,0,0,-100,0,321.1,0,0,87,3.923,3.918,3.925,0,0,0,6.857,84.56,-4.430538527604,-0.656168,33,Confirm_Landing,
172000,2026-05-22 08:28:42,51.9888062150012,4.39003068744166,-0.656168,,,-4.430538527604,0,0.447388,1.3021325876,429.86549932,25,5,11.768,3.115393472396,6.889764,23.711564,63.493768436,-0.447388,0,0.223694,327.1, 2, 0.1,,,0,0,1024,1024,364,1024,0,0,-100,0,321.1,0,0,87,3.923,3.918,3.925,0,0,0,6.857,84.56,-4.430538527604,-0.656168,33,Confirm_Landing,
172100,2026-05-22 08:28:42,51.9888060270252,4.39003118242954,-0.656168,,,-4.430538527604,0,0.223694,1.32463586916,429.99673292,25,5,11.768,3.115393472396,6.889764,23.711564,63.493768436,-0.223694,0,0,326.9, 4, 0.2,,,0,0,1024,1024,364,1024,0,0,-100,0,321.1,0,0,87,3.923,3.918,3.925,0,0,0,6.857,84.56,-4.430538527604,-0.656168,33,Confirm_Landing,
172200,2026-05-22 08:28:42,51.9888059549179,4.39003127126183,-0.656168,,,-4.430538527604,0,0,1.3201936118,430.02954132,25,5,11.768,3.115393472396,6.889764,23.711564,63.493768436,0,0,0,326.1, 4.4, 0,,,0,0,1024,1024,364,1024,0,0,-100,0,321.1,0,0,87,3.923,3.918,3.925,0,0,0,6.857,84.56,-4.430538527604,-0.656168,33,Confirm_Landing,
172300,2026-05-22 08:28:42,51.9888059152323,4.39003120352954,-0.656168,,,-4.430538527604,0,0,1.29918967412,430.04922636,25,5,11.768,3.115393472396,6.889764,23.711564,63.493768436,0,0,0,326.1, 4.4, 0,,,0,0,1024,1024,364,1024,0,0,-100,0,321,0,0,87,3.923,3.918,3.925,0,0,0,6.857,84.56,-4.430538527604,-0.656168,33,Confirm_Landing,
172400,2026-05-22 08:28:42,51.9888058759874,4.39003122459696,-0.656168,,,-4.430538527604,0,0,1.2926673642,430.06563056,25,5,11.768,3.115393472396,6.889764,23.711564,63.493768436,0,0,0,326.1, 4.4, 0,,,0,0,1024,1024,364,1024,0,0,-100,0,321,0,0,87,3.923,3.918,3.925,0,0,0,6.857,84.56,-4.430538527604,-0.656168,33,Confirm_Landing,
172500,2026-05-22 08:28:42,51.9888058585942,4.39003118630171,-0.656168,,,-4.430538527604,0,0,1.28206368932,430.07547308,25,5,11.768,3.115393472396,6.889764,23.711564,63.493768436,0,0,0,326.1, 4.4, 0,,,0,0,1024,1024,364,1024,0,0,-100,0,321,0,0,87,3.923,3.918,3.925,0,0,0,6.857,84.56,-4.430538527604,-0.656168,33,Confirm_Landing,
172600,2026-05-22 08:28:42,51.98880581797,4.39003120425945,-0.656168,,,-4.430538527604,0,0,1.27481631376,430.09187728,25,5,11.768,3.115393472396,6.889764,23.711564,63.493768436,0,0,0,326.1, 4.4, 0,,,0,0,1024,1024,364,1024,0,0,-100,0,320.9,0,0,87,3.923,3.918,3.925,0,0,0,6.857,84.56,-4.430538527604,-0.656168,33,Confirm_Landing,
172700,2026-05-22 08:28:43,51.9888056594682,4.39003138557379,-0.656168,,,-4.430538527604,0,0,1.26702431876,430.16077492,25,5,11.78,3.115393472396,6.889764,23.711564,63.493768436,0,0,0,326.1, 4.4, 0,,,0,0,1024,1024,364,1024,0,0,-100,0,320.9,0,0,87,3.964,3.953,3.963,0,0,0,6.283,84.74,-4.430538527604,-0.656168,33,Confirm_Landing,
172800,2026-05-22 08:28:43,51.9888056051288,4.39003141812703,-0.656168,,,-4.430538527604,0,0,1.26007549964,430.1837408,25,5,11.78,3.115393472396,6.889764,23.711564,63.493768436,0,0,0,326.2, 4.4, 0,,,0,0,1024,1024,364,1024,0,0,-100,0,320.9,0,0,87,3.964,3.953,3.963,0,0,0,6.283,84.74,-4.430538527604,-0.656168,33,Confirm_Landing,
172900,2026-05-22 08:28:43,51.9888055414449,4.3900315109855,-0.656168,,,-4.430538527604,0,0,1.262057127,430.21326836,25,5,11.78,3.115393472396,6.889764,23.711564,63.493768436,0,0,0,326.2, 4.5, 0,,,0,0,1024,1024,364,1024,0,0,-100,0,320.8,0,0,87,3.964,3.953,3.963,0,0,0,6.283,84.74,-4.430538527604,-0.656168,33,Confirm_Landing,
173000,2026-05-22 08:28:43,51.9888054832129,4.39003154938771,-0.656168,,,-4.430538527604,0,0,1.25613192996,430.23623424,25,5,11.78,3.115393472396,6.889764,23.711564,63.493768436,0,0,0,326.1, 4.4, 0,,,0,0,1024,1024,364,1024,0,0,-100,0,320.8,0,0,87,3.964,3.953,3.963,0,0,0,6.283,84.74,-4.430538527604,-0.656168,33,Confirm_Landing,
173100,2026-05-22 08:28:43,51.9888054245632,4.39003147215115,-0.656168,,,-4.430538527604,0,0,1.22946526244,430.2657618,25,5,11.78,3.115393472396,6.889764,23.711564,63.493768436,0,0,0,326.2, 4.4, 0,,,0,0,1024,1024,364,1024,0,0,-100,0,320.8,0,0,87,3.964,3.953,3.963,0,0,0,6.283,84.74,-4.430538527604,-0.656168,33,Confirm_Landing,
173200,2026-05-22 08:28:43,51.9888053646054,4.39003150177382,-0.656168,,,-4.430538527604,0,0,1.22208665328,430.28872768,25,5,11.78,3.115393472396,6.889764,23.711564,63.493768436,0,0,0,326.1, 4.4, 0,,,0,0,1024,1024,364,1024,0,0,-100,0,320.7,0,0,87,3.964,3.953,3.963,0,0,0,6.283,84.74,-4.430538527604,-0.656168,33,Confirm_Landing,
173300,2026-05-22 08:28:43,51.9888053262922,4.39003143398674,-0.656168,,,-4.430538527604,0,0,1.20158468412,430.30841272,25,5,11.78,3.115393472396,6.889764,23.711564,63.493768436,0,0,0,326.2, 4.4, 0,,,0,0,1024,1024,364,1024,0,0,-100,0,320.7,0,0,87,3.964,3.953,3.963,0,0,0,6.283,84.74,-4.430538527604,-0.656168,33,Confirm_Landing,
173400,2026-05-22 08:28:43,51.9888052653926,4.39003145339,-0.656168,,,-4.430538527604,0,0,1.19254925076,430.3313786,25,5,11.78,3.115393472396,6.889764,23.711564,63.493768436,0,0,0,326.2, 4.5, 0,,,0,0,1024,1024,364,1024,0,0,-100,0,320.7,0,0,87,3.964,3.953,3.963,0,0,0,6.283,84.74,-4.430538527604,-0.656168,33,Confirm_Landing,
173500,2026-05-22 08:28:43,51.9888052247743,4.39003155891979,-0.656168,,,-4.430538527604,0,0,1.20413717764,430.35762532,25,5,11.78,3.115393472396,6.889764,23.711564,63.493768436,0,0,0,326.2, 4.4, 0,,,0,0,1024,1024,364,1024,0,0,-100,0,320.7,0,0,87,3.964,3.953,3.963,0,0,0,6.283,84.74,-4.430538527604,-0.656168,33,Confirm_Landing,
173600,2026-05-22 08:28:43,51.9888051625564,4.39003158453112,-0.656168,,,-4.430538527604,0,0,1.19684387032,430.3805912,25,5,11.78,3.115393472396,6.889764,23.711564,63.493768436,0,0,0,326.2, 4.4, 0,,,0,0,1024,1024,1024,1024,0,0,0,0,320.7,0,0,87,3.964,3.953,3.963,0,0,0,6.283,84.74,-4.430538527604,-0.656168,33,Confirm_Landing,
173700,2026-05-22 08:28:43,51.9888051217775,4.39003151999633,-0.656168,,,-4.430538527604,0,0,1.17668638936,430.40355708,25,5,11.78,3.115393472396,6.889764,23.711564,63.493768436,0,0,0,326.2, 4.4, 0,,,0,0,1024,1024,1024,1024,0,0,0,0,320.7,0,0,87,3.964,3.953,3.963,0,0,0,6.283,84.74,-4.430538527604,-0.656168,33,Confirm_Landing,
