time(millisecond),datetime(utc),latitude,longitude,height_above_takeoff(feet),height_above_ground_at_drone_location(feet),ground_elevation_at_drone_location(feet),altitude_above_seaLevel(feet),height_sonar(feet),speed(mph),distance(feet),mileage(feet),satellites,gpslevel,voltage(v),max_altitude(feet),max_ascent(feet),max_speed(mph),max_distance(feet), xSpeed(mph), ySpeed(mph), zSpeed(mph), compass_heading(degrees), pitch(degrees), roll(degrees),wind_speed(mph),wind_direction(degrees),isPhoto,isVideo,rc_elevator,rc_aileron,rc_throttle,rc_rudder,rc_elevator(percent),rc_aileron(percent),rc_throttle(percent),rc_rudder(percent),gimbal_heading(degrees),gimbal_pitch(degrees),gimbal_roll(degrees),battery_percent,voltageCell1,voltageCell2,voltageCell3,voltageCell4,voltageCell5,voltageCell6,current(A),battery_temperature(f),altitude(feet),ascent(feet),flycStateRaw,flycState,message
0,2026-05-28 07:43:47,51.9888234997705,4.38996281572144,0,Available with any HD 360 subscription,Available with any HD 360 subscription,-3.833775057064,0.328084,0,0,0,26,5,0,0,0,0,0,0,0,0,165.2, 0.8, -0.5,Available with Enterprise subscription,,0,0,1024,1024,1024,1024,0,0,0,0,165.1,0,0,94,4.046,4.042,4.047,0,0,0,0,82.04,-3.833775057064,0,41,Motors_Started,"Flying over vegetation."
100,2026-05-28 07:43:47,51.9888235097024,4.3899628102921,0,,,-3.833775057064,0.328084,0,0.0038234253192,0.0038234253192,26,5,0,0,0,0,0.0038234253192,0,0,0,165.2, 0.8, -0.5,,,0,0,364,364,364,1684,-100,-100,-100,100,165.1,0,0,94,4.046,4.042,4.047,0,0,0,0,82.04,-3.833775057064,0,41,Motors_Started,
200,2026-05-28 07:43:47,51.9888234907696,4.38996281676071,0,,,-3.833775057064,0.328084,0,0.0032922901316,0.0108823166212,26,5,0,0,0,0,0.0038234253192,0,0,0,165.2, 0.8, -0.5,,,0,0,364,364,364,1684,-100,-100,-100,100,165.1,0,0,94,4.046,4.042,4.047,0,0,0,0,82.04,-3.833775057064,0,41,Motors_Started,
300,2026-05-28 07:43:47,51.9888234981771,4.38996281138582,0,,,-3.833775057064,0.328084,0,0.00113442588932,0.0138424545112,26,5,0,0,0,0,0.0038234253192,0,0,0,165.2, 0.8, -0.5,,,0,0,364,364,364,1684,-100,-100,-100,100,165.1,0,0,94,4.046,4.042,4.047,0,0,0,0,82.04,-3.833775057064,0,41,Motors_Started,"Setting new Return-To-Home altitude to 97m (318 ft). Data Recorder File Index is 31. Setting new Maximum Flight Altitude to 285m (935 ft)"
400,2026-05-28 07:43:48,51.9888234819257,4.38996281816352,0,,,-3.833775057064,0.328084,0,0.0065337272432,0.0199641738672,26,5,0,0,0,0,0.0065337272432,0,0,0,165.2, 0.8, -0.5,,,0,0,1024,1024,1024,1024,0,0,0,0,165.1,0,0,94,4.046,4.042,4.047,0,0,0,0,82.04,-3.833775057064,0,41,Motors_Started,
500,2026-05-28 07:43:48,51.9888234872057,4.38996281354452,0,,,-3.833775057064,0.328084,0,0.0046103019848,0.0221523301052,26,5,0,0,0,0,0.0065337272432,0,0,0,165.2, 0.8, -0.5,,,0,0,1024,1024,1024,1024,0,0,0,0,165.1,0,0,94,4.046,4.042,4.047,0,0,0,0,82.04,-3.833775057064,0,41,Motors_Started,
600,2026-05-28 07:43:48,51.9888236292878,4.38996282000239,0,,,-3.833775057064,0.328084,0,0.047264109124,0.074011157224,26,5,0,0,0,0,0.047264109124,0,0,0,165.2, 0.8, -0.5,,,0,0,1024,1024,1024,1024,0,0,0,0,165.1,0,0,94,4.046,4.042,4.047,0,0,0,0,82.04,-3.833775057064,0,41,Motors_Started,
700,2026-05-28 07:43:48,51.988823647226,4.38996281637414,0,,,-3.833775057064,0.328084,0,0.05379921432,0.080606629876,26,5,0,0,0,0,0.05379921432,0,0,0,165.2, 0.8, -0.5,,,0,0,1024,1024,1024,1024,0,0,0,0,165.1,0,0,94,4.046,4.042,4.047,0,0,0,0,82.04,-3.833775057064,0,41,Motors_Started,
800,2026-05-28 07:43:48,51.9888236158304,4.38996297721643,0,,,-3.833775057064,0.328084,0,0.055764109396,0.118516407992,26,5,0,0,0,0,0.055764109396,0,0,0,165.2, 0.8, -0.5,,,0,0,1024,1024,1024,1024,0,0,0,0,165.1,0,0,94,4.046,4.042,4.047,0,0,0,0,82.04,-3.833775057064,0,41,Motors_Started,
900,2026-05-28 07:43:48,51.9888236303471,4.38996298883075,0,,,-3.833775057064,0.328084,0,0.061501314304,0.12442093574,26,5,0,0,0,0,0.061501314304,0,0,0,165.2, 0.8, -0.5,,,0,0,1024,1024,1024,1024,0,0,0,0,165.1,0,0,94,4.046,4.042,4.047,0,0,0,0,82.04,-3.833775057064,0,41,Motors_Started,
1000,2026-05-28 07:43:48,51.98882360416,4.3899629723184,0,,,-3.833775057064,0.328084,0,0.051850723444,0.1346702799,26,5,0,0,0,0,0.061501314304,0,0,0,165.2, 0.8, -0.5,,,0,0,1024,1024,1024,1024,0,0,0,0,165.1,0,0,94,4.046,4.042,4.047,0,0,0,0,82.04,-3.833775057064,0,41,Motors_Started,
1100,2026-05-28 07:43:48,51.9888236157447,4.38996298081249,0,,,-3.833775057064,0.328084,0,0.05626968684,0.13930774724,26,5,0,0,0,0,0.061501314304,0,0,0,165.2, 0.9, -0.5,,,0,0,1024,1024,1024,1024,0,0,0,0,165.1,0,0,94,4.046,4.042,4.047,0,0,0,0,82.04,-3.833775057064,0,41,Motors_Started,
1200,2026-05-28 07:43:48,51.9888235950953,4.38996296287131,0,,,-3.833775057064,0.328084,0,0.047985893924,0.147852366936,26,5,0,0,0,0,0.061501314304,0,0,0,165.2, 0.8, -0.5,,,0,0,1024,1024,1024,1024,0,0,0,0,165.1,0,0,94,4.046,4.042,4.047,0,0,0,0,82.04,-3.833775057064,0,41,Motors_Started,
1300,2026-05-28 07:43:49,51.9888236048285,4.38996296864286,0,,,-3.833775057064,0.328084,0,0.051475395348,0.151632878868,26,5,0,0,0,0,0.061501314304,0,0,0,165.2, 0.9, -0.5,,,0,0,1024,1024,1024,1024,0,0,0,0,165.2,0,0,94,4.046,4.042,4.047,0,0,0,0,82.04,-3.833775057064,0,41,Motors_Started,
1400,2026-05-28 07:43:49,51.9888235882685,4.38996295069944,0,,,-3.833775057064,0.328084,0,0.044297245512,0.158896330544,26,5,0,0,0,0,0.061501314304,0,0,0,165.2, 0.8, -0.5,,,0,0,1024,1024,1024,1024,0,0,0,0,165.2,0,0,94,4.046,4.042,4.047,0,0,0,0,82.04,-3.833775057064,0,41,Motors_Started,
1500,2026-05-28 07:43:49,51.9888235954184,4.38996295540412,0,,,-3.833775057064,0.328084,0,0.046933400452,0.16171096318,26,5,0,0,0,0,0.061501314304,0,0,0,165.3, 0.8, -0.5,,,0,0,1024,1024,1024,1024,0,0,0,0,165.2,0,0,94,4.046,4.042,4.047,0,0,0,0,82.04,-3.833775057064,0,10,Assisted_Takeoff,
1600,2026-05-28 07:43:49,51.9888235816545,4.38996294889415,0,,,-3.833775057064,0.328084,0,0.042282481668,0.166941606392,26,5,12.121,0,0,0,0.061501314304,0,0,0,165.3, 0.8, -0.5,,,0,0,1024,1024,1024,1024,0,0,0,0,165.2,0,0,94,4.046,4.042,4.047,0,0,0,3.917,82.04,-3.833775057064,0,10,Assisted_Takeoff,
1700,2026-05-28 07:43:49,51.9888235865949,4.38996295319699,0,,,-3.833775057064,0.328084,0,0.044244095904,0.168986882048,26,5,12.121,0,0,0,0.061501314304,0,0,0,165.3, 0.8, -0.5,,,0,0,1024,1024,1024,1024,0,0,0,0,165.2,0,0,94,4.046,4.042,4.047,0,0,0,3.917,82.04,-3.833775057064,0,10,Assisted_Takeoff,
1800,2026-05-28 07:43:49,51.988823573111,4.38996294738403,0,,,-3.833775057064,0.328084,0,0.03988845272,0.174076777224,26,5,12.121,0,0,0,0.061501314304,0,0,0,165.3, 0.8, -0.5,,,0,0,1024,1024,1024,1024,0,0,0,0,165.2,0,0,94,4.046,4.042,4.047,0,0,0,3.917,82.04,-3.833775057064,0,10,Assisted_Takeoff,
1900,2026-05-28 07:43:49,51.9888235749503,4.38996294952699,0,,,-3.833775057064,0.328084,0,0.040696195528,0.174902892736,26,5,12.121,0,0,0,0.061501314304,0,0,0,165.3, 0.8, -0.5,,,0,0,1024,1024,1024,1024,0,0,0,0,165.2,0,0,94,4.046,4.042,4.047,0,0,0,3.917,82.04,-3.833775057064,0,10,Assisted_Takeoff,
2000,2026-05-28 07:43:49,51.9888235644418,4.38996294203568,0,,,-3.833775057064,0.328084,0,0.03690780958,0.179089900744,26,5,12.121,0,0,0,0.061501314304,0,0,0,165.3, 0.8, -0.5,,,0,0,1024,1024,1024,1024,0,0,0,0,165.2,0,0,94,4.046,4.042,4.047,0,0,0,3.917,82.04,-3.833775057064,0,10,Assisted_Takeoff,
2100,2026-05-28 07:43:49,51.9888235635361,4.3899629434652,0,,,-3.833775057064,0.328084,0,0.036946195408,0.179550858764,26,5,12.121,0,0,0,0.061501314304,0,0,0,165.3, 0.8, -0.5,,,0,0,1024,1024,1024,1024,0,0,0,0,165.2,0,0,94,4.046,4.042,4.047,0,0,0,3.917,82.04,-3.833775057064,0,10,Assisted_Takeoff,
2200,2026-05-28 07:43:49,51.9888237093461,4.389963090489,0,,,-3.833775057064,0.328084,0,0.09827428136,0.242171267592,26,5,12.121,0,0,0,0.09827428136,0,0,0,165.3, 0.8, -0.5,,,0,0,1024,1024,1024,1024,0,0,0,0,165.2,0,0,94,4.046,4.042,4.047,0,0,0,3.917,82.04,-3.833775057064,0,10,Assisted_Takeoff,
2300,2026-05-28 07:43:50,51.98882372181,4.38996310521095,0,,,-3.833775057064,0.328084,0,0.103890751356,0.247794299268,26,5,12.121,0,0,0,0.103890751356,0,0,0,165.3, 0.8, -0.5,,,0,0,1024,1024,1024,1024,0,0,0,0,165.2,0,0,94,4.046,4.042,4.047,0,0,0,3.917,82.04,-3.833775057064,0,10,Assisted_Takeoff,
2400,2026-05-28 07:43:50,51.9888236976677,4.38996307995199,0,,,-3.833775057064,0.328084,0,0.093475724776,0.25827264606,26,5,12.121,0,0,0,0.103890751356,0,0,0,165.3, 0.8, -0.5,,,0,0,1024,1024,1024,1024,0,0,0,0,165.2,0,0,94,4.046,4.042,4.047,0,0,0,3.917,82.04,-3.833775057064,0,10,Assisted_Takeoff,
2500,2026-05-28 07:43:50,51.9888237078964,4.38996309106354,0,,,-3.833775057064,0.328084,0,0.097944885024,0.2627624756,27,5,12.121,0,0,0,0.103890751356,0,0,0,165.3, 0.8, -0.5,,,0,0,1024,1024,1024,1024,0,0,0,0,165.2,0,0,94,4.046,4.042,4.047,0,0,0,3.917,82.04,-3.833775057064,0,10,Assisted_Takeoff,
2600,2026-05-28 07:43:50,51.9888236913528,4.38996306922449,0,,,-3.833775057064,0.328084,0,0.090166013384,0.27054134724,27,5,12.19,0,0,0,0.103890751356,0,0,0,165.3, 0.8, -0.5,,,0,0,1024,1024,1024,1024,0,0,0,0,165.2,0,0,94,4.066,4.062,4.064,0,0,0,2.461,82.22,-3.833775057064,0,10,Assisted_Takeoff,
2700,2026-05-28 07:43:50,51.9888237002081,4.38996307862229,0,,,-3.833775057064,0.328084,0,0.094005252352,0.274400927416,27,5,12.19,0,0,0,0.103890751356,0,0,0,165.3, 0.8, -0.5,,,0,0,1024,1024,1024,1024,0,0,0,0,165.2,0,0,94,4.066,4.062,4.064,0,0,0,2.461,82.22,-3.833775057064,0,10,Assisted_Takeoff,
2800,2026-05-28 07:43:50,51.9888236873027,4.38996306220851,0,,,-3.833775057064,0.328084,0,0.088025265284,0.280381898736,27,5,12.19,0,0,0,0.103890751356,0,0,0,165.3, 0.8, -0.5,,,0,0,1024,1024,1024,1024,0,0,0,0,165.2,0,0,94,4.066,4.062,4.064,0,0,0,2.461,82.22,-3.833775057064,0,10,Assisted_Takeoff,
2900,2026-05-28 07:43:50,51.9888236951785,4.38996307086227,0,,,-3.833775057064,0.328084,0,0.091482614476,0.283851387036,27,5,12.19,0,0,0,0.103890751356,0,0,0,165.3, 0.8, -0.5,,,0,0,1024,1024,1024,1024,0,0,0,0,165.2,0,0,94,4.066,4.062,4.064,0,0,0,2.461,82.22,-3.833775057064,0,10,Assisted_Takeoff,
3000,2026-05-28 07:43:50,51.9888238368194,4.38996305972049,0,,,-3.833775057064,0.328084,0,0.134638455752,0.33559056192,27,5,12.19,0,0,0,0.134638455752,0,0,0,165.3, 0.8, -0.5,,,0,0,1024,1024,1024,1024,0,0,0,0,165.2,0,0,94,4.066,4.062,4.064,0,0,0,2.461,82.22,-3.833775057064,0,10,Assisted_Takeoff,
3100,2026-05-28 07:43:50,51.98882385828,4.3899630680392,0,,,-3.833775057064,0.328084,0,0.142558731596,0.34363846244,27,5,12.19,0,0,0,0.142558731596,0,0,0,165.3, 0.8, -0.5,,,0,0,1024,1024,1024,1024,0,0,0,0,165.2,0,0,94,4.066,4.062,4.064,0,0,0,2.461,82.22,-3.833775057064,0,10,Assisted_Takeoff,
3200,2026-05-28 07:43:50,51.988823826154,4.38996321229606,0,,,-3.833775057064,0.328084,0,0.148726054628,0.37810368664,27,5,12.19,0,0,0,0.148726054628,0,0,0,165.3, 0.8, -0.5,,,0,0,1024,1024,1024,1024,0,0,0,0,165.2,0,0,94,4.066,4.062,4.064,0,0,0,2.461,82.22,-3.833775057064,0,10,Assisted_Takeoff,
3300,2026-05-28 07:43:51,51.9888238443838,4.38996323432048,0,,,-3.833775057064,0.328084,0,0.15701608114,0.38639436932,27,5,12.19,0,0,0,0.15701608114,0,0,0,165.3, 0.8, -0.5,,,0,0,1024,1024,1024,1024,0,0,0,0,165.2,0,0,94,4.066,4.062,4.064,0,0,0,2.461,82.22,-3.833775057064,0,10,Assisted_Takeoff,
3400,2026-05-28 07:43:51,51.9888238152388,4.38996320181067,0,,,-3.833775057064,0.328084,0,0.144126973116,0.3992946322,27,5,12.19,0,0,0,0.15701608114,0,0,0,165.3, 0.8, -0.5,,,0,0,1024,1024,1024,1024,0,0,0,0,165.2,0,0,94,4.066,4.062,4.064,0,0,0,2.461,82.22,-3.833775057064,0,10,Assisted_Takeoff,
3500,2026-05-28 07:43:51,51.9888238300447,4.38996322102529,0,,,-3.833775057064,0.328084,0,0.151039374912,0.40621064292,27,5,12.19,0,0,0,0.15701608114,0,0,0,165.3, 0.8, -0.5,,,0,0,1024,1024,1024,1024,0,0,0,0,165.2,0,0,94,4.066,4.062,4.064,0,0,0,2.461,82.22,-3.833775057064,0,10,Assisted_Takeoff,
3600,2026-05-28 07:43:51,51.9888238037898,4.38996319059326,0,,,-3.833775057064,0.328084,0,0.139275266924,0.417979016,27,5,12.193,0,0,0,0.15701608114,0,0,0,165.3, 0.8, -0.5,,,0,0,1024,1024,1024,1024,0,0,0,0,165.2,0,0,94,4.067,4.062,4.064,0,0,0,1.798,82.22,-3.833775057064,0,10,Assisted_Takeoff,
3700,2026-05-28 07:43:51,51.98882381531,4.38996320658035,0,,,-3.833775057064,0.328084,0,0.144795280224,0.4235072314,27,5,12.193,0,0,0,0.15701608114,0,0,0,165.3, 0.8, -0.5,,,0,0,1024,1024,1024,1024,0,0,0,0,165.2,0,0,94,4.067,4.062,4.064,0,0,0,1.798,82.22,-3.833775057064,0,10,Assisted_Takeoff,
3800,2026-05-28 07:43:51,51.9888237926768,4.38996317895783,0,,,-3.833775057064,0.328084,0,0.134465555484,0.43383859656,27,5,12.193,0,0,0,0.15701608114,0,0,0,165.3, 0.8, -0.5,,,0,0,1024,1024,1024,1024,0,0,0,0,165.2,0,0,94,4.067,4.062,4.064,0,0,0,1.798,82.22,-3.833775057064,0,10,Assisted_Takeoff,
3900,2026-05-28 07:43:51,51.9888238013075,4.38996319129139,0,,,-3.833775057064,0.328084,0,0.138650266904,0.43803479092,27,5,12.193,0,0,0,0.15701608114,0,0,0,165.2, 0.8, -0.5,,,0,0,1024,1024,1024,1024,0,0,0,0,165.2,0,0,94,4.067,4.062,4.064,0,0,0,1.798,82.22,-3.833775057064,0,10,Assisted_Takeoff,
4000,2026-05-28 07:43:51,51.9888237830534,4.38996332021633,0,,,-3.833775057064,0.328084,0,0.153396658452,0.46775592048,27,5,12.193,0,0,0,0.15701608114,0,0,0,165.3, 0.8, -0.5,,,0,0,1024,1024,1024,1024,0,0,0,0,165.2,0,0,94,4.067,4.062,4.064,0,0,0,1.798,82.22,-3.833775057064,0,10,Assisted_Takeoff,
4100,2026-05-28 07:43:51,51.9888237884728,4.38996334384559,0,,,-3.833775057064,0.328084,0,0.158666015576,0.47342193116,27,5,12.193,0,0,0,0.158666015576,0,0,0,165.2, 0.8, -0.5,,,0,0,1024,1024,1024,1024,0,0,0,0,165.2,0,0,94,4.067,4.062,4.064,0,0,0,1.798,82.22,-3.833775057064,0,10,Assisted_Takeoff,
4200,2026-05-28 07:43:51,51.9888237734519,4.38996330319012,0,,,-3.833775057064,0.328084,0,0.148209650412,0.48407481864,27,5,12.193,0,0,0,0.158666015576,0,0,0,165.2, 0.8, -0.5,,,0,0,1024,1024,1024,1024,0,0,0,0,165.2,0,0,94,4.067,4.062,4.064,0,0,0,1.798,82.22,-3.833775057064,0,10,Assisted_Takeoff,
4300,2026-05-28 07:43:52,51.9888237759128,4.38996332213971,0,,,-3.833775057064,0.328084,0,0.1519767109,0.48842521248,27,5,12.193,0,0,0,0.158666015576,0,0,0,165.2, 0.8, -0.5,,,0,0,1024,1024,1024,1024,0,0,0,0,165.2,0,0,94,4.067,4.062,4.064,0,0,0,1.798,82.22,-3.833775057064,0,10,Assisted_Takeoff,
4400,2026-05-28 07:43:52,51.988823764278,4.3899632874156,0,,,-3.833775057064,0.328084,0,0.143335634508,0.49730644636,27,5,12.193,0,0,0,0.158666015576,0,0,0,165.3, 0.8, -0.5,,,0,0,1024,1024,1024,1024,0,0,0,0,165.2,0,0,94,4.067,4.062,4.064,0,0,0,1.798,82.22,-3.833775057064,0,10,Assisted_Takeoff,
4500,2026-05-28 07:43:52,51.9888237631705,4.38996330206059,0,,,-3.833775057064,0.328084,0,0.145518049276,0.5006233756,27,5,12.193,0,0,0,0.158666015576,0,0,0,165.2, 0.8, -0.5,,,0,0,1024,1024,1024,1024,0,0,0,0,165.2,0,0,94,4.067,4.062,4.064,0,0,0,1.798,82.22,-3.833775057064,0,10,Assisted_Takeoff,
4600,2026-05-28 07:43:52,51.988823754717,4.38996342638963,0,,,-3.833775057064,0.328084,0,0.16576280058,0.52872705104,27,5,12.193,0,0,0,0.16576280058,0,0,0,165.2, 0.8, -0.5,,,0,0,1024,1024,1024,1024,0,0,0,0,165.2,0,0,94,4.066,4.062,4.064,0,0,0,1.789,82.22,-3.833775057064,0,10,Assisted_Takeoff,
4700,2026-05-28 07:43:52,51.98882375063,4.38996345128648,0,,,-3.833775057064,0.328084,0,0.169612538236,0.5345144528,27,5,12.193,0,0,0,0.169612538236,0,0,0,165.2, 0.8, -0.5,,,0,0,1024,1024,1024,1024,0,0,0,0,165.2,0,0,94,4.066,4.062,4.064,0,0,0,1.789,82.22,-3.833775057064,0,10,Assisted_Takeoff,
4800,2026-05-28 07:43:52,51.988823746199,4.38996355608727,0,,,-3.833775057064,0.328084,0,0.189088260644,0.55811681576,27,5,12.193,0,0,0,0.189088260644,0,0,0,165.3, 0.8, -0.5,,,0,0,1024,1024,1024,1024,0,0,0,0,165.2,0,0,94,4.066,4.062,4.064,0,0,0,1.789,82.22,-3.833775057064,0,10,Assisted_Takeoff,
4900,2026-05-28 07:43:52,51.988823740348,4.38996358827046,0,,,-3.833775057064,0.328084,0,0.194507224072,0.56565618608,27,5,12.193,0,0,0,0.194507224072,0,0,0,165.2, 0.8, -0.5,,,0,0,1024,1024,1024,1024,0,0,0,0,165.2,0,0,94,4.066,4.062,4.064,0,0,0,1.789,82.22,-3.833775057064,0,10,Assisted_Takeoff,
5000,2026-05-28 07:43:52,51.9888237407059,4.3899635287389,0,,,-3.833775057064,0.328084,0,0.182733601648,0.57903217076,27,5,12.193,0,0,0,0.194507224072,0,0,0,165.2, 0.8, -0.5,,,0,0,1024,1024,1024,1024,0,0,0,0,165.2,0,0,94,4.066,4.062,4.064,0,0,0,1.789,82.22,-3.833775057064,0,10,Assisted_Takeoff,
5100,2026-05-28 07:43:52,51.9888237330307,4.3899635525789,0,,,-3.833775057064,0.328084,0,0.186150268424,0.58507547804,27,5,12.193,0,0,0,0.194507224072,0,0,0,165.2, 0.8, -0.5,,,0,0,1024,1024,1024,1024,0,0,0,0,165.2,0,0,94,4.066,4.062,4.064,0,0,0,1.789,82.22,-3.833775057064,0,10,Assisted_Takeoff,
5200,2026-05-28 07:43:52,51.988823736874,4.38996349977668,0,,,-3.833775057064,0.328084,0,0.17636647546,0.59702429732,27,5,12.193,0,0,0,0.194507224072,0,0,0,165.2, 0.8, -0.5,,,0,0,1024,1024,1024,1024,0,0,0,0,165.2,0,0,94,4.066,4.062,4.064,0,0,0,1.789,82.22,-3.833775057064,0,10,Assisted_Takeoff,
5300,2026-05-28 07:43:53,51.9888237276991,4.38996351517861,0,,,-3.833775057064,0.328084,0,0.17780020254,0.6018372896,27,5,12.193,0,0,0,0.194507224072,0,0,0,165.2, 0.8, -0.5,,,0,0,1024,1024,1024,1024,0,0,0,0,165.2,0,0,94,4.066,4.062,4.064,0,0,0,1.789,82.22,-3.833775057064,0,10,Assisted_Takeoff,
5400,2026-05-28 07:43:53,51.98882373364,4.389963473658,0,,,-3.833775057064,0.328084,0,0.170683732496,0.61141406156,27,5,12.193,0,0,0,0.194507224072,0,0,0,165.2, 0.8, -0.5,,,0,0,1024,1024,1024,1024,0,0,0,0,165.2,0,0,94,4.066,4.062,4.064,0,0,0,1.789,82.22,-3.833775057064,0,10,Assisted_Takeoff,
5500,2026-05-28 07:43:53,51.9888237236153,4.38996348138081,0,,,-3.833775057064,0.328084,0,0.170405845348,0.61546261812,27,5,12.193,0,0,0,0.194507224072,0,0,0,165.2, 0.8, -0.5,,,0,0,1024,1024,1024,1024,0,0,0,0,165.2,0,0,94,4.066,4.062,4.064,0,0,0,1.789,82.22,-3.833775057064,0,10,Assisted_Takeoff,
5600,2026-05-28 07:43:53,51.9888237314776,4.389963603442,0,,,-3.833775057064,0.328084,0,0.196138785804,0.64303807832,27,5,12.192,0,0,0,0.196138785804,0,0,0,165.2, 0.8, -0.5,,,0,0,1024,1024,1024,1024,0,0,0,0,165.2,0,0,94,4.066,4.061,4.064,0,0,0,1.795,82.22,-3.833775057064,0,10,Assisted_Takeoff,
5700,2026-05-28 07:43:53,51.9888237202961,4.3899636190836,0,,,-3.833775057064,0.328084,0,0.19761975698,0.64842193676,27,5,12.192,0,0,0,0.19761975698,0,0,0,165.2, 0.8, -0.5,,,0,0,1024,1024,1024,1024,0,0,0,0,165.2,0,0,94,4.066,4.061,4.064,0,0,0,1.795,82.22,-3.833775057064,0,10,Assisted_Takeoff,
5800,2026-05-28 07:43:53,51.9888238826148,4.38996357542367,0,,,-3.833775057064,0.328084,0,0.220557421756,0.70845146624,27,5,12.192,0,0,0,0.220557421756,0,0,0,165.2, 0.8, -0.5,,,0,0,1024,1024,1024,1024,0,0,0,0,165.2,0,0,94,4.066,4.061,4.064,0,0,0,1.795,82.22,-3.833775057064,0,10,Assisted_Takeoff,
5900,2026-05-28 07:43:53,51.9888238842088,4.38996358343347,0,,,-3.833775057064,0.328084,0,0.22231956092,0.71034123008,27,5,12.192,0,0,0,0.22231956092,0,0,0,165.2, 0.8, -0.5,,,0,0,1024,1024,1024,1024,0,0,0,0,165.2,0,0,94,4.066,4.061,4.064,0,0,0,1.795,82.22,-3.833775057064,0,10,Assisted_Takeoff,
6000,2026-05-28 07:43:53,51.9888237174034,4.38996355239735,0,,,-3.833775057064,0.328084,0,0.183576777528,0.77159779372,27,5,12.192,0,0,0,0.22231956092,0,0,0,165.2, 0.8, -0.5,,,0,0,1024,1024,1024,1024,0,0,0,0,165.2,0,0,94,4.066,4.061,4.064,0,0,0,1.795,82.22,-3.833775057064,0,10,Assisted_Takeoff,
6100,2026-05-28 07:43:53,51.9888237016388,4.38996355435683,0,,,-3.833775057064,0.328084,0,0.181565622608,0.77736879128,27,5,12.192,0,0,0,0.22231956092,0,0,0,165.2, 0.8, -0.5,,,0,0,1024,1024,1024,1024,0,0,0,0,165.2,0,0,94,4.066,4.061,4.064,0,0,0,1.795,82.22,-3.833775057064,0,10,Assisted_Takeoff,
6200,2026-05-28 07:43:53,51.9888237159697,4.38996353591861,0,,,-3.833775057064,0.328084,0,0.180016081876,0.784038739,27,5,12.192,0,0,0,0.22231956092,0,0,0,165.2, 0.8, -0.5,,,0,0,1024,1024,1024,1024,0,0,0,0,165.2,0,0,94,4.066,4.061,4.064,0,0,0,1.795,82.22,-3.833775057064,0,10,Assisted_Takeoff,
6300,2026-05-28 07:43:53,51.988823700788,4.38996353612738,0,,,-3.833775057064,0.328084,0,0.177701449256,0.78957679692,27,5,12.192,0,0,0,0.22231956092,0,0,0,165.2, 0.8, -0.5,,,0,0,1024,1024,1024,1024,0,0,0,0,165.2,0,0,94,4.066,4.061,4.064,0,0,0,1.795,82.22,-3.833775057064,0,10,Assisted_Takeoff,
6400,2026-05-28 07:43:54,51.9888237191002,4.3899635300437,0,,,-3.833775057064,0.328084,0,0.17933727608,0.79639766328,27,5,12.192,0,0,0,0.22231956092,0,0,0,165.3, 0.8, -0.5,,,0,0,1024,1024,1024,1024,0,0,0,0,165.2,0,0,94,4.066,4.061,4.064,0,0,0,1.795,82.22,-3.833775057064,0,10,Assisted_Takeoff,
6500,2026-05-28 07:43:54,51.9888237054104,4.38996353020103,0,,,-3.833775057064,0.328084,0,0.177196856064,0.80139110176,27,5,12.192,0,0,0,0.22231956092,0,0,0,165.3, 0.8, -0.5,,,0,0,1024,1024,1024,1024,0,0,0,0,165.2,0,0,94,4.066,4.061,4.064,0,0,0,1.795,82.22,-3.833775057064,0,10,Assisted_Takeoff,
6600,2026-05-28 07:43:54,51.9888237255648,4.38996353184403,0,,,-3.833775057064,0.328084,0,0.180761816808,0.80875658756,27,5,12.191,0,0,0,0.22231956092,0,0,0,165.3, 0.8, -0.5,,,0,0,1024,1024,1024,1024,0,0,0,0,165.2,0,0,94,4.066,4.061,4.063,0,0,0,1.791,82.22,-3.833775057064,0,10,Assisted_Takeoff,
6700,2026-05-28 07:43:54,51.9888237143685,4.38996353196431,0,,,-3.833775057064,0.328084,0,0.1789616199,0.81284123336,26,5,12.191,0,0,0,0.22231956092,0,0,0,165.3, 0.8, -0.5,,,0,0,1024,1024,1024,1024,0,0,0,0,165.2,0,0,94,4.066,4.061,4.063,0,0,0,1.791,82.22,-3.833775057064,0,10,Assisted_Takeoff,
6800,2026-05-28 07:43:54,51.988823735332,4.38996368507898,0,,,-3.833775057064,0.328084,0,0.21339895696,0.8480807358,26,5,12.191,0,0,0,0.22231956092,0,0,0,165.3, 0.8, -0.5,,,0,0,1024,1024,1024,1024,0,0,0,0,165.2,0,0,94,4.066,4.061,4.063,0,0,0,1.791,82.22,-3.833775057064,0,10,Assisted_Takeoff,
6900,2026-05-28 07:43:54,51.9888237272916,4.38996369789544,0,,,-3.833775057064,0.328084,0,0.214887802152,0.85219162832,26,5,12.191,0,0,0,0.22231956092,0,0,0,165.3, 0.8, -0.5,,,0,0,1024,1024,1024,1024,0,0,0,0,165.2,0,0,94,4.066,4.061,4.063,0,0,0,1.791,82.22,-3.833775057064,0,10,Assisted_Takeoff,
7000,2026-05-28 07:43:54,51.988823744711,4.38996367308147,0,,,-3.833775057064,0.328084,0,0.212351712832,0.860646353,26,5,12.191,0,0,0,0.22231956092,0,0,0,165.3, 0.8, -0.5,,,0,0,1024,1024,1024,1024,0,0,0,0,165.2,0,0,94,4.066,4.061,4.063,0,0,0,1.791,82.22,-3.833775057064,0,10,Assisted_Takeoff,
7100,2026-05-28 07:43:54,51.9888237388064,4.38996368248998,0,,,-3.833775057064,0.328084,0,0.213381568508,0.8636647258,26,5,12.191,0,0,0,0.22231956092,0,0,0,165.3, 0.8, -0.5,,,0,0,1024,1024,1024,1024,0,0,0,0,165.2,0,0,94,4.066,4.061,4.063,0,0,0,1.791,82.22,-3.833775057064,0,10,Assisted_Takeoff,
7200,2026-05-28 07:43:54,51.9888237525193,4.38996366082332,0,,,-3.833775057064,0.328084,0,0.211085308592,0.87064635332,26,5,12.191,0,0,0,0.22231956092,0,0,0,165.3, 0.8, -0.5,,,0,0,1024,1024,1024,1024,0,0,0,0,165.2,0,0,94,4.066,4.061,4.063,0,0,0,1.791,82.22,-3.833775057064,0,10,Assisted_Takeoff,
7300,2026-05-28 07:43:54,51.9888237492095,4.38996366655181,0,,,-3.833775057064,0.328084,0,0.211722119636,0.87241144524,26,5,12.191,0,0,0,0.22231956092,0,0,0,165.3, 0.8, -0.5,,,0,0,1024,1024,1024,1024,0,0,0,0,165.2,0,0,94,4.066,4.061,4.063,0,0,0,1.791,82.22,-3.833775057064,0,10,Assisted_Takeoff,
7400,2026-05-28 07:43:55,51.988823759647,4.38996365004827,0,,,-3.833775057064,0.328084,0,0.210071200948,0.87772640604,26,5,12.191,0,0,0,0.22231956092,0,0,0,165.3, 0.8, -0.5,,,0,0,1024,1024,1024,1024,0,0,0,0,165.2,0,0,94,4.066,4.061,4.063,0,0,0,1.791,82.22,-3.833775057064,0,10,Assisted_Takeoff,
7500,2026-05-28 07:43:55,51.988823758563,4.38996365388251,0,,,-3.833775057064,0.328084,0,0.2106627364,0.8786745688,26,5,12.191,0,0,0,0.22231956092,0,0,0,165.3, 0.8, -0.5,,,0,0,1024,1024,1024,1024,0,0,0,0,165.2,0,0,94,4.066,4.061,4.063,0,0,0,1.791,82.22,-3.833775057064,0,10,Assisted_Takeoff,
7600,2026-05-28 07:43:55,51.9888237657296,4.38996379672272,0,,,-3.833775057064,0.328084,0,0.240825467024,0.91087273256,26,5,12.189,0,0,0,0.240825467024,0,0,0,165.3, 0.8, -0.5,,,0,0,1024,1024,1024,1024,0,0,0,0,165.2,0,0,94,4.066,4.061,4.064,0,0,0,1.828,82.22,-3.833775057064,0,10,Assisted_Takeoff,
7700,2026-05-28 07:43:55,51.9888237652646,4.38996381318945,0,,,-3.833775057064,0.328084,0,0.24414862986,0.91457680092,26,5,12.189,0,0,0,0.24414862986,0,0,0,165.3, 0.8, -0.5,,,0,0,1024,1024,1024,1024,0,0,0,0,165.2,0,0,94,4.066,4.061,4.064,0,0,0,1.828,82.22,-3.833775057064,0,10,Assisted_Takeoff,
7800,2026-05-28 07:43:55,51.9888237681473,4.38996378350217,0,,,-3.833775057064,0.328084,0,0.238470808156,0.92132876964,26,5,12.189,0,0,0,0.24414862986,0,0,0,165.3, 0.8, -0.5,,,0,0,1024,1024,1024,1024,0,0,0,0,165.2,0,0,94,4.066,4.061,4.064,0,0,0,1.828,82.22,-3.833775057064,0,10,Assisted_Takeoff,
7900,2026-05-28 07:43:55,51.9888237680796,4.38996379748873,0,,,-3.833775057064,0.328084,0,0.241329404048,0.92447181436,26,5,12.189,0,0,0,0.24414862986,0,0,0,165.3, 0.8, -0.5,,,0,0,1024,1024,1024,1024,0,0,0,0,165.2,0,0,94,4.066,4.061,4.064,0,0,0,1.828,82.22,-3.833775057064,0,10,Assisted_Takeoff,
8000,2026-05-28 07:43:55,51.9888237688099,4.38996377554253,0,,,-3.833775057064,0.328084,0,0.236941280548,0.92940947856,26,5,12.189,0,0,0,0.24414862986,0,0,0,165.3, 0.8, -0.5,,,0,0,1024,1024,1024,1024,0,0,0,0,165.2,0,0,94,4.066,4.061,4.064,0,0,0,1.828,82.22,-3.833775057064,0,10,Assisted_Takeoff,
8100,2026-05-28 07:43:55,51.9888237700792,4.38996378735963,0,,,-3.833775057064,0.328084,0,0.2395505326,0.93210632904,26,5,12.189,0,0,0,0.24414862986,0,0,0,165.3, 0.8, -0.5,,,0,0,1024,1024,1024,1024,0,0,0,0,165.2,0,0,94,4.066,4.061,4.064,0,0,0,1.828,82.22,-3.833775057064,0,10,Assisted_Takeoff,
8200,2026-05-28 07:43:55,51.9888237718571,4.38996392226587,0,,,-3.833775057064,0.328084,0,0.267704404892,0.96242129064,26,5,12.189,0,0,0,0.267704404892,0,0,0,165.3, 0.8, -0.5,,,0,0,1024,1024,1024,1024,0,0,0,0,165.2,0,0,94,4.066,4.061,4.064,0,0,0,1.828,82.22,-3.833775057064,0,10,Assisted_Takeoff,
8300,2026-05-28 07:43:55,51.9888237742064,4.38996394687891,-0.328084,,,-4.161859057064,0.328084,0,0.273160769896,0.96801840368,26,5,12.189,0,0,0,0.273160769896,0,0,0,165.3, 0.8, -0.5,,,0,0,1024,1024,1024,1024,0,0,0,0,165.2,0,0,94,4.066,4.061,4.064,0,0,0,1.828,82.22,-4.161859057064,-0.328084,10,Assisted_Takeoff,
8400,2026-05-28 07:43:56,51.9888236212691,4.38996390740936,-0.328084,,,-4.161859057064,0.328084,0,0.2492536169,1.02451774932,26,5,12.189,0,0,0,0.273160769896,0,0,0,165.3, 0.8, -0.5,,,0,0,1024,1024,1024,1024,0,0,0,0,165.2,0,0,94,4.066,4.061,4.064,0,0,0,1.828,82.22,-4.161859057064,-0.328084,10,Assisted_Takeoff,
8500,2026-05-28 07:43:56,51.9888236100471,4.38996392676913,-0.328084,,,-4.161859057064,0.328084,0,0.252851714128,1.03049215896,26,5,12.189,0,0,0,0.273160769896,0,0,0,165.3, 0.8, -0.5,,,0,0,1024,1024,1024,1024,0,0,0,0,165.2,0,0,94,4.066,4.061,4.064,0,0,0,1.828,82.22,-4.161859057064,-0.328084,10,Assisted_Takeoff,
8600,2026-05-28 07:43:56,51.9888236316359,4.38996389147968,-0.328084,,,-4.161859057064,0.328084,0,0.246442921272,1.0416667,26,5,12.192,0,0,0,0.273160769896,0,0,0,165.3, 0.8, -0.5,,,0,0,1024,1024,1024,1024,0,0,0,0,165.2,0,0,94,4.066,4.061,4.063,0,0,0,1.781,82.22,-4.161859057064,-0.328084,10,Assisted_Takeoff,
8700,2026-05-28 07:43:56,51.9888236232344,4.38996390618049,-0.328084,,,-4.161859057064,0.328084,0,0.249110572276,1.04617457416,26,5,12.192,0,0,0,0.273160769896,0,0,0,165.3, 0.8, -0.5,,,0,0,1024,1024,1024,1024,0,0,0,0,165.2,0,0,94,4.066,4.061,4.063,0,0,0,1.781,82.22,-4.161859057064,-0.328084,10,Assisted_Takeoff,
8800,2026-05-28 07:43:56,51.9888236399933,4.38996402861834,-0.328084,,,-4.161859057064,0.328084,0,0.277274287088,1.07435370892,26,5,12.192,0,0,0,0.277274287088,0,0,0,165.3, 0.8, -0.5,,,0,0,1024,1024,1024,1024,0,0,0,0,165.2,0,0,94,4.066,4.061,4.063,0,0,0,1.781,82.22,-4.161859057064,-0.328084,10,Assisted_Takeoff,
8900,2026-05-28 07:43:56,51.9888236330923,4.38996405381579,-0.328084,,,-4.161859057064,0.328084,0,0.282395678328,1.08055121568,26,5,12.192,0,0,0,0.282395678328,0,0,0,165.3, 0.8, -0.5,,,0,0,1024,1024,1024,1024,0,0,0,0,165.2,0,0,94,4.066,4.061,4.063,0,0,0,1.781,82.22,-4.161859057064,-0.328084,10,Assisted_Takeoff,
9000,2026-05-28 07:43:56,51.9888236460422,4.38996400838975,-0.328084,,,-4.161859057064,0.328084,0,0.273230979872,1.0917979352,26,5,12.192,0,0,0,0.282395678328,0,0,0,165.3, 0.8, -0.5,,,0,0,1024,1024,1024,1024,0,0,0,0,165.2,0,0,94,4.066,4.061,4.063,0,0,0,1.781,82.22,-4.161859057064,-0.328084,10,Assisted_Takeoff,
9100,2026-05-28 07:43:56,51.9888236405122,4.38996402886548,-0.328084,,,-4.161859057064,0.328084,0,0.277363525936,1.09682090124,26,5,12.192,0,0,0,0.282395678328,0,0,0,165.3, 0.8, -0.5,,,0,0,1024,1024,1024,1024,0,0,0,0,165.2,0,0,94,4.066,4.061,4.063,0,0,0,1.781,82.22,-4.161859057064,-0.328084,10,Assisted_Takeoff,
9200,2026-05-28 07:43:56,51.988823650096,4.38996399207368,-0.328084,,,-4.161859057064,0.328084,0,0.269933407588,1.10579727948,26,5,12.192,0,0,0,0.282395678328,0,0,0,165.3, 0.8, -0.5,,,0,0,1024,1024,1024,1024,0,0,0,0,165.2,0,0,94,4.066,4.061,4.063,0,0,0,1.781,82.22,-4.161859057064,-0.328084,10,Assisted_Takeoff,
9300,2026-05-28 07:43:56,51.9888236453498,4.38996400707189,-0.328084,,,-4.161859057064,0.328084,0,0.272891412932,1.10958664968,26,5,12.192,0,0,0,0.282395678328,0,0,0,165.3, 0.8, -0.5,,,0,0,1024,1024,1024,1024,0,0,0,0,165.2,0,0,94,4.066,4.061,4.063,0,0,0,1.781,82.22,-4.161859057064,-0.328084,10,Assisted_Takeoff,
9400,2026-05-28 07:43:57,51.9888236520449,4.3899639755909,-0.328084,,,-4.161859057064,0.328084,0,0.266455717188,1.11706696488,26,5,12.192,0,0,0,0.282395678328,0,0,0,165.3, 0.8, -0.5,,,0,0,1024,1024,1024,1024,0,0,0,0,165.2,0,0,94,4.066,4.061,4.063,0,0,0,1.781,82.22,-4.161859057064,-0.328084,10,Assisted_Takeoff,
9500,2026-05-28 07:43:57,51.9888236468967,4.38996398509844,-0.328084,,,-4.161859057064,0.328084,0,0.26816273824,1.11991145316,26,5,12.192,0,0,0,0.282395678328,0,0,0,165.3, 0.8, -0.4,,,0,0,1024,1024,1024,1024,0,0,0,0,165.2,0,0,94,4.066,4.061,4.063,0,0,0,1.781,82.22,-4.161859057064,-0.328084,10,Assisted_Takeoff,
9600,2026-05-28 07:43:57,51.988823497809,4.38996410985087,-0.328084,,,-4.161859057064,0.328084,0,0.290765757336,1.18110568084,26,5,12.191,0,0,0,0.290765757336,0,0,0,165.3, 0.8, -0.5,,,0,0,1024,1024,1024,1024,0,0,0,0,165.2,0,0,94,4.066,4.061,4.063,0,0,0,1.797,82.22,-4.161859057064,-0.328084,10,Assisted_Takeoff,
9700,2026-05-28 07:43:57,51.9888234781174,4.38996412769981,-0.328084,,,-4.161859057064,0.328084,0,0.294880914948,1.18933402756,26,5,12.191,0,0,0,0.294880914948,0,0,0,165.3, 0.8, -0.5,,,0,0,1024,1024,1024,1024,0,0,0,0,165.2,0,0,94,4.066,4.061,4.063,0,0,0,1.797,82.22,-4.161859057064,-0.328084,10,Assisted_Takeoff,
9800,2026-05-28 07:43:57,51.9888235064434,4.38996408180628,-0.328084,,,-4.161859057064,0.328084,0,0.284474090468,1.20393048472,26,5,12.191,0,0,0,0.294880914948,0,0,0,165.3, 0.8, -0.5,,,0,0,1024,1024,1024,1024,0,0,0,0,165.2,0,0,94,4.066,4.061,4.063,0,0,0,1.797,82.22,-4.161859057064,-0.328084,10,Assisted_Takeoff,
9900,2026-05-28 07:43:57,51.9888234895471,4.3899640917735,-0.328084,,,-4.161859057064,0.328084,0,0.28672737138,1.21048888388,26,5,12.191,0,0,0,0.294880914948,0,0,0,165.3, 0.8, -0.5,,,0,0,1024,1024,1024,1024,0,0,0,0,165.2,0,0,94,4.066,4.061,4.063,0,0,0,1.797,82.22,-4.161859057064,-0.328084,10,Assisted_Takeoff,
10000,2026-05-28 07:43:57,51.9888235161362,4.38996405899449,-0.328084,,,-4.161859057064,0.328084,0,0.279402239912,1.2226706428,26,5,12.191,0,0,0,0.294880914948,0,0,0,165.3, 0.7, -0.5,,,0,0,1024,1024,1024,1024,0,0,0,0,165.2,0,0,94,4.066,4.061,4.063,0,0,0,1.797,82.22,-4.161859057064,-0.328084,10,Assisted_Takeoff,
10100,2026-05-28 07:43:57,51.9888235029813,4.38996406362339,-0.328084,,,-4.161859057064,0.328084,0,0.280380914484,1.22758206028,26,5,12.191,0,0,0,0.294880914948,0,0,0,165.3, 0.8, -0.4,,,0,0,1024,1024,1024,1024,0,0,0,0,165.2,0,0,94,4.066,4.061,4.063,0,0,0,1.797,82.22,-4.161859057064,-0.328084,10,Assisted_Takeoff,
10200,2026-05-28 07:43:57,51.9888235279536,4.38996404395216,-0.328084,,,-4.161859057064,0.328084,0,0.276150271304,1.23770673252,26,5,12.191,0,0,0,0.294880914948,0,0,0,165.3, 0.8, -0.5,,,0,0,1024,1024,1024,1024,0,0,0,0,165.2,0,0,94,4.066,4.061,4.063,0,0,0,1.797,82.22,-4.161859057064,-0.328084,10,Assisted_Takeoff,
10300,2026-05-28 07:43:57,51.9888235183885,4.38996404615406,-0.328084,,,-4.161859057064,0.328084,0,0.276536754256,1.24123363552,26,5,12.191,0,0,0,0.294880914948,0,0,0,165.3, 0.8, -0.5,,,0,0,1024,1024,1024,1024,0,0,0,0,165.2,0,0,94,4.066,4.061,4.063,0,0,0,1.797,82.22,-4.161859057064,-0.328084,10,Assisted_Takeoff,
10400,2026-05-28 07:43:58,51.9888235406073,4.3899641897396,-0.328084,,,-4.161859057064,0.328084,0,0.309073500704,1.27449479144,26,5,12.191,0,0,0,0.309073500704,0,0,0,165.3, 0.8, -0.4,,,0,0,1024,1024,1024,1024,0,0,0,0,165.2,0,0,94,4.066,4.061,4.063,0,0,0,1.797,82.22,-4.161859057064,-0.328084,10,Assisted_Takeoff,
10500,2026-05-28 07:43:58,51.9888235343646,4.38996420453732,-0.328084,,,-4.161859057064,0.328084,0,0.312293973248,1.2785269438,26,5,12.191,0,0,0,0.312293973248,0,0,0,165.3, 0.8, -0.5,,,0,0,1024,1024,1024,1024,0,0,0,0,165.2,0,0,94,4.066,4.061,4.063,0,0,0,1.797,82.22,-4.161859057064,-0.328084,10,Assisted_Takeoff,
10600,2026-05-28 07:43:58,51.98882355141,4.38996417623544,-0.328084,,,-4.161859057064,0.328084,0,0.306260180404,1.28742130104,26,5,12.191,0,0,0,0.312293973248,0,0,0,165.3, 0.8, -0.5,,,0,0,1024,1024,1024,1024,0,0,0,0,165.2,0,0,94,4.067,4.061,4.063,0,0,0,1.786,82.22,-4.161859057064,-0.328084,10,Assisted_Takeoff,
10700,2026-05-28 07:43:58,51.9888235490752,4.38996418732633,-0.328084,,,-4.161859057064,0.328084,0,0.308696532188,1.29005253472,26,5,12.191,0,0,0,0.312293973248,0,0,0,165.3, 0.8, -0.4,,,0,0,1024,1024,1024,1024,0,0,0,0,165.2,0,0,94,4.067,4.061,4.063,0,0,0,1.786,82.22,-4.161859057064,-0.328084,10,Assisted_Takeoff,
10800,2026-05-28 07:43:58,51.9888235615871,4.38996416531434,-0.328084,,,-4.161859057064,0.328084,0,0.304063986108,1.2967848184,26,5,12.191,0,0,0,0.312293973248,0,0,0,165.3, 0.8, -0.4,,,0,0,1024,1024,1024,1024,0,0,0,0,165.2,0,0,94,4.067,4.061,4.063,0,0,0,1.786,82.22,-4.161859057064,-0.328084,10,Assisted_Takeoff,
10900,2026-05-28 07:43:58,51.9888235609927,4.38996417318542,-0.328084,,,-4.161859057064,0.328084,0,0.305811689576,1.29856631452,26,5,12.191,0,0,0,0.312293973248,0,0,0,165.3, 0.8, -0.5,,,0,0,1024,1024,1024,1024,0,0,0,0,165.2,0,0,94,4.067,4.061,4.063,0,0,0,1.786,82.22,-4.161859057064,-0.328084,10,Assisted_Takeoff,
11000,2026-05-28 07:43:58,51.9888235675285,4.38996430931385,-0.328084,,,-4.161859057064,0.328084,0,0.33648951208,1.32924544936,26,5,12.191,0,0,0,0.33648951208,0,0,0,165.3, 0.8, -0.4,,,0,0,1024,1024,1024,1024,0,0,0,0,165.2,0,0,94,4.067,4.061,4.063,0,0,0,1.786,82.22,-4.161859057064,-0.328084,10,Assisted_Takeoff,
11100,2026-05-28 07:43:58,51.9888235679357,4.38996432813943,-0.328084,,,-4.161859057064,0.328084,0,0.34071851484,1.33347773296,26,5,12.191,0,0,0,0.34071851484,0,0,0,165.3, 0.7, -0.4,,,0,0,1024,1024,1024,1024,0,0,0,0,165.2,0,0,94,4.067,4.061,4.063,0,0,0,1.786,82.22,-4.161859057064,-0.328084,10,Assisted_Takeoff,
11200,2026-05-28 07:43:58,51.9888234166998,4.38996428905279,-0.328084,,,-4.161859057064,0.328084,0,0.33241142796,1.38935043816,26,5,12.191,0,0,0,0.34071851484,0,0,0,165.3, 0.8, -0.4,,,0,0,1024,1024,1024,1024,0,0,0,0,165.2,0,0,94,4.067,4.061,4.063,0,0,0,1.786,82.22,-4.161859057064,-0.328084,10,Assisted_Takeoff,
11300,2026-05-28 07:43:59,51.9888234033005,4.38996430248499,-0.328084,,,-4.161859057064,0.328084,0,0.33589568004,1.395095189,26,5,12.191,0,0,0,0.34071851484,0,0,0,165.3, 0.8, -0.4,,,0,0,1024,1024,1024,1024,0,0,0,0,165.2,0,0,94,4.067,4.061,4.063,0,0,0,1.786,82.22,-4.161859057064,-0.328084,10,Assisted_Takeoff,
11400,2026-05-28 07:43:59,51.9888235783947,4.38996427284651,-0.328084,,,-4.161859057064,0.328084,0,0.3286417428,1.45932419368,26,5,12.191,0,0,0,0.34071851484,0,0,0,165.3, 0.8, -0.4,,,0,0,1024,1024,1024,1024,0,0,0,0,165.2,0,0,94,4.067,4.061,4.063,0,0,0,1.786,82.22,-4.161859057064,-0.328084,10,Assisted_Takeoff,
11500,2026-05-28 07:43:59,51.9888235816349,4.38996428312498,-0.328084,,,-4.161859057064,0.328084,0,0.33104659852,1.46191933812,26,5,12.191,0,0,0,0.34071851484,0,0,0,165.3, 0.8, -0.4,,,0,0,1024,1024,1024,1024,0,0,0,0,165.2,0,0,94,4.067,4.061,4.063,0,0,0,1.786,82.22,-4.161859057064,-0.328084,10,Assisted_Takeoff,
11600,2026-05-28 07:43:59,51.9888234240532,4.38996426115983,-0.328084,,,-4.161859057064,0.328084,0,0.325933737464,1.51962275204,26,5,12.19,0,0,0,0.34071851484,0,0,0,165.3, 0.7, -0.4,,,0,0,1024,1024,1024,1024,0,0,0,0,165.2,0,0,94,4.066,4.061,4.063,0,0,0,1.801,82.22,-4.161859057064,-0.328084,10,Assisted_Takeoff,
11700,2026-05-28 07:43:59,51.9888234118576,4.38996426655173,-0.328084,,,-4.161859057064,0.328084,0,0.327546598408,1.52423561308,26,5,12.19,0,0,0,0.34071851484,0,0,0,165.3, 0.8, -0.4,,,0,0,1024,1024,1024,1024,0,0,0,0,165.2,0,0,94,4.066,4.061,4.063,0,0,0,1.801,82.22,-4.161859057064,-0.328084,10,Assisted_Takeoff,
11800,2026-05-28 07:43:59,51.9888234300102,4.38996424708733,-0.328084,,,-4.161859057064,0.328084,0,0.322604669116,1.53217196504,26,5,12.19,0,0,0,0.34071851484,0,0,0,165.3, 0.8, -0.4,,,0,0,1024,1024,1024,1024,0,0,0,0,165.2,0,0,94,4.066,4.061,4.063,0,0,0,1.801,82.22,-4.161859057064,-0.328084,10,Assisted_Takeoff,
11900,2026-05-28 07:43:59,51.9888234193034,4.38996424807427,-0.328084,,,-4.161859057064,0.328084,0,0.323157162572,1.53608272632,26,5,12.19,0,0,0,0.34071851484,0,0,0,165.3, 0.8, -0.4,,,0,0,1024,1024,1024,1024,0,0,0,0,165.2,0,0,94,4.066,4.061,4.063,0,0,0,1.801,82.22,-4.161859057064,-0.328084,10,Assisted_Takeoff,
12000,2026-05-28 07:43:59,51.9888234336946,4.38996438611329,-0.328084,,,-4.161859057064,0.328084,0,0.3536581478,1.56753942024,26,5,12.19,0,0,0,0.3536581478,0,0,0,165.3, 0.8, -0.4,,,0,0,1024,1024,1024,1024,0,0,0,0,165.2,0,0,94,4.066,4.061,4.063,0,0,0,1.801,82.22,-4.161859057064,-0.328084,10,Assisted_Takeoff,
12100,2026-05-28 07:43:59,51.9888234240227,4.38996439726924,-0.328084,,,-4.161859057064,0.328084,0,0.3564140534,1.5718668482,26,5,12.19,0,0,0,0.3564140534,0,0,0,165.3, 0.8, -0.4,,,0,0,1024,1024,1024,1024,0,0,0,0,165.2,0,0,94,4.066,4.061,4.063,0,0,0,1.801,82.22,-4.161859057064,-0.328084,10,Assisted_Takeoff,
12200,2026-05-28 07:43:59,51.9888234379374,4.38996436506348,-0.328084,,,-4.161859057064,0.328084,0,0.348835313,1.580708712,26,5,12.19,0,0,0,0.3564140534,0,0,0,165.3, 0.7, -0.4,,,0,0,1024,1024,1024,1024,0,0,0,0,165.2,0,0,94,4.066,4.061,4.063,0,0,0,1.801,82.22,-4.161859057064,-0.328084,10,Assisted_Takeoff,
12300,2026-05-28 07:44:00,51.9888234293359,4.38996437082725,-0.328084,,,-4.161859057064,0.328084,0,0.3503444994,1.58410110056,26,5,12.19,0,0,0,0.3564140534,0,0,0,165.3, 0.8, -0.4,,,0,0,1024,1024,1024,1024,0,0,0,0,165.2,0,0,94,4.066,4.061,4.063,0,0,0,1.801,82.22,-4.161859057064,-0.328084,10,Assisted_Takeoff,
12400,2026-05-28 07:44:00,51.9888234414488,4.38996435092129,-0.328084,,,-4.161859057064,0.328084,0,0.34558400056,1.59039047084,26,5,12.19,0,0,0,0.3564140534,0,0,0,165.3, 0.8, -0.4,,,0,0,1024,1024,1024,1024,0,0,0,0,165.2,0,0,94,4.066,4.061,4.063,0,0,0,1.801,82.22,-4.161859057064,-0.328084,10,Assisted_Takeoff,
12500,2026-05-28 07:44:00,51.9888234349556,4.38996435478001,-0.328084,,,-4.161859057064,0.328084,0,0.3466043418,1.5929134368,26,5,12.19,0,0,0,0.3564140534,0,0,0,165.3, 0.7, -0.4,,,0,0,1024,1024,1024,1024,0,0,0,0,165.2,0,0,94,4.066,4.061,4.063,0,0,0,1.801,82.22,-4.161859057064,-0.328084,10,Assisted_Takeoff,
12600,2026-05-28 07:44:00,51.9888234479402,4.38996434407671,-0.328084,,,-4.161859057064,0.328084,0,0.34391077216,1.59822511676,26,5,12.19,0,0,0,0.3564140534,0,0,0,165.3, 0.8, -0.4,,,0,0,1024,1024,1024,1024,0,0,0,0,165.2,0,0,94,4.066,4.061,4.063,0,0,0,1.79,82.22,-4.161859057064,-0.328084,10,Assisted_Takeoff,
12700,2026-05-28 07:44:00,51.9888234431979,4.38996434595834,-0.328084,,,-4.161859057064,0.328084,0,0.34443242572,1.60000661288,26,5,12.19,0,0,0,0.3564140534,0,0,0,165.3, 0.8, -0.4,,,0,0,1024,1024,1024,1024,0,0,0,0,165.2,0,0,94,4.066,4.061,4.063,0,0,0,1.79,82.22,-4.161859057064,-0.328084,10,Assisted_Takeoff,
12800,2026-05-28 07:44:00,51.9888234551828,4.38996449232259,-0.328084,,,-4.161859057064,0.328084,0,0.377050537,1.63318246696,26,5,12.19,0,0,0,0.377050537,0,0,0,165.3, 0.8, -0.4,,,0,0,1024,1024,1024,1024,0,0,0,0,165.2,0,0,94,4.066,4.061,4.063,0,0,0,1.79,82.22,-4.161859057064,-0.328084,10,Assisted_Takeoff,
12900,2026-05-28 07:44:00,51.9888234525736,4.38996450722688,-0.328084,,,-4.161859057064,0.328084,0,0.38043636388,1.6366634382,26,5,12.19,0,0,0,0.38043636388,0,0,0,165.3, 0.8, -0.4,,,0,0,1024,1024,1024,1024,0,0,0,0,165.2,0,0,94,4.066,4.061,4.063,0,0,0,1.79,82.22,-4.161859057064,-0.328084,10,Assisted_Takeoff,
13000,2026-05-28 07:44:00,51.9888234610911,4.38996448166157,-0.328084,,,-4.161859057064,0.328084,0,0.37457022196,1.6431923098,26,5,12.19,0,0,0,0.38043636388,0,0,0,165.3, 0.8, -0.5,,,0,0,1024,1024,1024,1024,0,0,0,0,165.2,0,0,94,4.066,4.061,4.063,0,0,0,1.79,82.22,-4.161859057064,-0.328084,10,Assisted_Takeoff,
13100,2026-05-28 07:44:00,51.9888234599591,4.3899644933023,-0.328084,,,-4.161859057064,0.328084,0,0.3771981748,1.64583994768,26,5,12.19,0,0,0,0.38043636388,0,0,0,165.3, 0.8, -0.4,,,0,0,1024,1024,1024,1024,0,0,0,0,165.2,0,0,94,4.066,4.061,4.063,0,0,0,1.79,82.22,-4.161859057064,-0.328084,10,Assisted_Takeoff,
13200,2026-05-28 07:44:00,51.9888234653363,4.38996446952437,-0.328084,,,-4.161859057064,0.328084,0,0.37178806964,1.65153220508,26,5,12.19,0,0,0,0.38043636388,0,0,0,165.3, 0.8, -0.4,,,0,0,1024,1024,1024,1024,0,0,0,0,165.2,0,0,94,4.066,4.061,4.063,0,0,0,1.79,82.22,-4.161859057064,-0.328084,10,Assisted_Takeoff,
13300,2026-05-28 07:44:01,51.9888234657032,4.38996447670394,-0.328084,,,-4.161859057064,0.328084,0,0.37339568124,1.6531496592,26,5,12.19,0,0,0,0.38043636388,0,0,0,165.3, 0.8, -0.4,,,0,0,1024,1024,1024,1024,0,0,0,0,165.2,0,0,94,4.066,4.061,4.063,0,0,0,1.79,82.22,-4.161859057064,-0.328084,10,Assisted_Takeoff,
13400,2026-05-28 07:44:01,51.9888234688849,4.38996445629692,-0.328084,,,-4.161859057064,0.328084,0,0.36877625852,1.65788063048,26,5,12.19,0,0,0,0.38043636388,0,0,0,165.3, 0.8, -0.4,,,0,0,1024,1024,1024,1024,0,0,0,0,165.2,0,0,94,4.066,4.061,4.063,0,0,0,1.79,82.22,-4.161859057064,-0.328084,10,Assisted_Takeoff,
13500,2026-05-28 07:44:01,51.9888234699295,4.38996445987471,-0.328084,,,-4.161859057064,0.328084,0,0.36956694096,1.65876973812,26,5,12.19,0,0,0,0.38043636388,0,0,0,165.3, 0.8, -0.4,,,0,0,1024,1024,1024,1024,0,0,0,0,165.2,0,0,94,4.066,4.061,4.063,0,0,0,1.79,82.22,-4.161859057064,-0.328084,10,Assisted_Takeoff,
13600,2026-05-28 07:44:01,51.9888234710261,4.38996459736873,-0.328084,,,-4.161859057064,0.328084,0,0.40043636452,1.6896654084,26,5,12.19,0,0,0,0.40043636452,0,0,0,165.3, 0.8, -0.4,,,0,0,1024,1024,1024,1024,0,0,0,0,165.2,0,0,94,4.066,4.061,4.063,0,0,0,1.788,82.22,-4.161859057064,-0.328084,10,Assisted_Takeoff,
13700,2026-05-28 07:44:01,51.9888234717963,4.38996461225971,-0.328084,,,-4.161859057064,0.328084,0,0.40377625964,1.69302170772,26,5,12.19,0,0,0,0.40377625964,0,0,0,165.3, 0.8, -0.4,,,0,0,1024,1024,1024,1024,0,0,0,0,165.2,0,0,94,4.066,4.061,4.063,0,0,0,1.788,82.22,-4.161859057064,-0.328084,10,Assisted_Takeoff,
13800,2026-05-28 07:44:01,51.9888234693102,4.38996457842086,-0.328084,,,-4.161859057064,0.328084,0,0.39619751924,1.70067918828,26,5,12.19,0,0,0,0.40377625964,0,0,0,165.3, 0.8, -0.4,,,0,0,1024,1024,1024,1024,0,0,0,0,165.2,0,0,94,4.066,4.061,4.063,0,0,0,1.788,82.22,-4.161859057064,-0.328084,10,Assisted_Takeoff,
13900,2026-05-28 07:44:01,51.9888234690554,4.38996458895738,-0.328084,,,-4.161859057064,0.328084,0,0.39856628572,1.70304795476,26,5,12.19,0,0,0,0.40377625964,0,0,0,165.3, 0.8, -0.4,,,0,0,1024,1024,1024,1024,0,0,0,0,165.2,0,0,94,4.066,4.061,4.063,0,0,0,1.788,82.22,-4.161859057064,-0.328084,10,Assisted_Takeoff,
14000,2026-05-28 07:44:01,51.9888234661141,4.38996456520672,-0.328084,,,-4.161859057064,0.328084,0,0.39326444828,1.70849086832,26,5,12.19,0,0,0,0.40377625964,0,0,0,165.3, 0.7, -0.4,,,0,0,1024,1024,1024,1024,0,0,0,0,165.2,0,0,94,4.066,4.061,4.063,0,0,0,1.788,82.22,-4.161859057064,-0.328084,10,Assisted_Takeoff,
14100,2026-05-28 07:44:01,51.9888234655858,4.38996457213815,-0.328084,,,-4.161859057064,0.328084,0,0.39482940896,1.71006239068,26,5,12.19,0,0,0,0.40377625964,0,0,0,165.3, 0.8, -0.4,,,0,0,1024,1024,1024,1024,0,0,0,0,165.2,0,0,94,4.066,4.061,4.063,0,0,0,1.788,82.22,-4.161859057064,-0.328084,10,Assisted_Takeoff,
14200,2026-05-28 07:44:01,51.9888234648364,4.38996470957395,-0.328084,,,-4.161859057064,0.328084,0,0.42570211336,1.74094165676,26,5,12.19,0,0,0,0.42570211336,0,0,0,165.3, 0.8, -0.5,,,0,0,1024,1024,1024,1024,0,0,0,0,165.2,0,0,94,4.066,4.061,4.063,0,0,0,1.788,82.22,-4.161859057064,-0.328084,10,Assisted_Takeoff,
14300,2026-05-28 07:44:02,51.9888234647881,4.38996472844939,-0.328084,,,-4.161859057064,0.328084,0,0.42994095864,1.74518378288,26,5,12.19,0,0,0,0.42994095864,0,0,0,165.3, 0.8, -0.4,,,0,0,1024,1024,1024,1024,0,0,0,0,165.2,0,0,94,4.066,4.061,4.063,0,0,0,1.788,82.22,-4.161859057064,-0.328084,10,Assisted_Takeoff,
14400,2026-05-28 07:44:02,51.9888234660259,4.38996469377613,-0.328084,,,-4.161859057064,0.328084,0,0.42213912112,1.7529856204,26,5,12.19,0,0,0,0.42994095864,0,0,0,165.3, 0.8, -0.4,,,0,0,1024,1024,1024,1024,0,0,0,0,165.2,0,0,94,4.066,4.061,4.063,0,0,0,1.788,82.22,-4.161859057064,-0.328084,10,Assisted_Takeoff,
14500,2026-05-28 07:44:02,51.9888234661273,4.38996470888404,-0.328084,,,-4.161859057064,0.328084,0,0.42553150968,1.7563812898,26,5,12.19,0,0,0,0.42994095864,0,0,0,165.3, 0.8, -0.5,,,0,0,1024,1024,1024,1024,0,0,0,0,165.2,0,0,94,4.066,4.061,4.063,0,0,0,1.788,82.22,-4.161859057064,-0.328084,10,Assisted_Takeoff,
14600,2026-05-28 07:44:02,51.988823466739,4.38996483442674,-0.328084,,,-4.161859057064,0.328084,0,0.4537237678,1.78458667128,26,5,12.19,0,0,0,0.4537237678,0,0,0,165.3, 0.8, -0.5,,,0,0,1024,1024,1024,1024,0,0,0,0,165.2,0,0,94,4.066,4.06,4.063,0,0,0,1.779,82.22,-4.161859057064,-0.328084,10,Assisted_Takeoff,
14700,2026-05-28 07:44:02,51.988823466554,4.38996486101453,-0.328084,,,-4.161859057064,0.328084,0,0.4596948966,1.79056108092,26,5,12.19,0,0,0,0.4596948966,0,0,0,165.3, 0.8, -0.4,,,0,0,1024,1024,1024,1024,0,0,0,0,165.2,0,0,94,4.066,4.06,4.063,0,0,0,1.779,82.22,-4.161859057064,-0.328084,10,Assisted_Takeoff,
14800,2026-05-28 07:44:02,51.9888234653991,4.38996481340296,-0.328084,,,-4.161859057064,0.328084,0,0.44901248156,1.80126646184,26,5,12.19,0,0,0,0.4596948966,0,0,0,165.3, 0.8, -0.5,,,0,0,1024,1024,1024,1024,0,0,0,0,165.2,0,0,94,4.066,4.06,4.063,0,0,0,1.779,82.22,-4.161859057064,-0.328084,10,Assisted_Takeoff,
14900,2026-05-28 07:44:02,51.9888234641722,4.38996483299808,-0.328084,,,-4.161859057064,0.328084,0,0.4534284922,1.805692315,26,5,12.19,0,0,0,0.4596948966,0,0,0,165.3, 0.8, -0.4,,,0,0,1024,1024,1024,1024,0,0,0,0,165.2,0,0,94,4.066,4.06,4.063,0,0,0,1.779,82.22,-4.161859057064,-0.328084,10,Assisted_Takeoff,
15000,2026-05-28 07:44:02,51.988823462097,4.38996479304384,-0.328084,,,-4.161859057064,0.328084,0,0.44447836068,1.81470150164,26,5,12.19,0,0,0,0.4596948966,0,0,0,165.3, 0.8, -0.5,,,0,0,1024,1024,1024,1024,0,0,0,0,165.2,0,0,94,4.066,4.06,4.063,0,0,0,1.779,82.22,-4.161859057064,-0.328084,10,Assisted_Takeoff,
15100,2026-05-28 07:44:02,51.9888234588462,4.38996480610894,-0.328084,,,-4.161859057064,0.328084,0,0.44744752088,1.81786751224,26,5,12.19,0,0,0,0.4596948966,0,0,0,165.3, 0.8, -0.5,,,0,0,1024,1024,1024,1024,0,0,0,0,165.2,0,0,94,4.066,4.06,4.063,0,0,0,1.779,82.22,-4.161859057064,-0.328084,10,Assisted_Takeoff,
15200,2026-05-28 07:44:02,51.9888234565653,4.38996492408927,-0.328084,,,-4.161859057064,0.328084,0,0.47396983144,1.8443898228,26,5,12.19,0,0,0,0.47396983144,0,0,0,165.3, 0.8, -0.4,,,0,0,1024,1024,1024,1024,0,0,0,0,165.2,0,0,94,4.066,4.06,4.063,0,0,0,1.779,82.22,-4.161859057064,-0.328084,10,Assisted_Takeoff,
15300,2026-05-28 07:44:03,51.9888234520203,4.38996494679207,-0.328084,,,-4.161859057064,0.328084,0,0.47912403108,1.8497539962,26,5,12.19,0,0,0,0.47912403108,0,0,0,165.3, 0.8, -0.5,,,0,0,1024,1024,1024,1024,0,0,0,0,165.2,0,0,94,4.066,4.06,4.063,0,0,0,1.779,82.22,-4.161859057064,-0.328084,10,Assisted_Takeoff,
15400,2026-05-28 07:44:03,51.9888234522304,4.3899649006081,-0.328084,,,-4.161859057064,0.328084,0,0.46875329584,1.86012801228,26,5,12.19,0,0,0,0.47912403108,0,0,0,165.3, 0.7, -0.5,,,0,0,1024,1024,1024,1024,0,0,0,0,165.2,0,0,94,4.066,4.06,4.063,0,0,0,1.779,82.22,-4.161859057064,-0.328084,10,Assisted_Takeoff,
15500,2026-05-28 07:44:03,51.9888234474751,4.38996491679626,-0.328084,,,-4.161859057064,0.328084,0,0.47245408336,1.86416016464,26,5,12.19,0,0,0,0.47912403108,0,0,0,165.3, 0.8, -0.4,,,0,0,1024,1024,1024,1024,0,0,0,0,165.2,0,0,94,4.066,4.06,4.063,0,0,0,1.779,82.22,-4.161859057064,-0.328084,10,Assisted_Takeoff,
15600,2026-05-28 07:44:03,51.9888236057814,4.38996488268316,-0.328084,,,-4.161859057064,0.328084,0,0.46601379444,1.9224246022,26,5,12.19,0,0,0,0.47912403108,0,0,0,165.3, 0.8, -0.5,,,0,0,1024,1024,1024,1024,0,0,0,0,165.2,0,0,94,4.066,4.061,4.063,0,0,0,1.782,82.22,-4.161859057064,-0.328084,10,Assisted_Takeoff,
15700,2026-05-28 07:44:03,51.9888236169098,4.3899648939441,-0.328084,,,-4.161859057064,0.328084,0,0.46888781028,1.92720806692,26,5,12.19,0,0,0,0.47912403108,0,0,0,165.3, 0.8, -0.4,,,0,0,1024,1024,1024,1024,0,0,0,0,165.2,0,0,94,4.066,4.061,4.063,0,0,0,1.782,82.22,-4.161859057064,-0.328084,10,Assisted_Takeoff,
15800,2026-05-28 07:44:03,51.9888236023505,4.38996502040828,-0.328084,,,-4.161859057064,0.328084,0,0.49676182692,1.95611226732,26,5,12.19,0,0,0,0.49676182692,0,0,0,165.3, 0.7, -0.4,,,0,0,1024,1024,1024,1024,0,0,0,0,165.2,0,0,94,4.066,4.061,4.063,0,0,0,1.782,82.22,-4.161859057064,-0.328084,10,Assisted_Takeoff,
15900,2026-05-28 07:44:03,51.9888236124467,4.38996504264316,-0.328084,,,-4.161859057064,0.328084,0,0.50203085596,1.9623196166,26,5,12.19,0,0,0,0.50203085596,0,0,0,165.3, 0.8, -0.4,,,0,0,1024,1024,1024,1024,0,0,0,0,165.2,0,0,94,4.066,4.061,4.063,0,0,0,1.782,82.22,-4.161859057064,-0.328084,10,Assisted_Takeoff,
16000,2026-05-28 07:44:03,51.9888235979028,4.38996499907942,-0.328084,,,-4.161859057064,0.328084,0,0.49186025196,1.97345478756,26,5,12.19,0,0,0,0.50203085596,0,0,0,165.3, 0.8, -0.4,,,0,0,1024,1024,1024,1024,0,0,0,0,165.2,0,0,94,4.066,4.061,4.063,0,0,0,1.782,82.22,-4.161859057064,-0.328084,10,Assisted_Takeoff,
16100,2026-05-28 07:44:03,51.9888236067862,4.38996501550203,-0.328084,,,-4.161859057064,0.328084,0,0.49578741744,1.97836620504,26,5,12.19,0,0,0,0.50203085596,0,0,0,165.3, 0.8, -0.4,,,0,0,1024,1024,1024,1024,0,0,0,0,165.2,0,0,94,4.066,4.061,4.063,0,0,0,1.782,82.22,-4.161859057064,-0.328084,10,Assisted_Takeoff,
16200,2026-05-28 07:44:03,51.9888235936172,4.38996513547578,-0.328084,,,-4.161859057064,0.328084,0,0.5223261322,2.00574481484,26,5,12.19,0,0,0,0.5223261322,0,0,0,165.3, 0.8, -0.5,,,0,0,1024,1024,1024,1024,0,0,0,0,165.2,0,0,94,4.066,4.061,4.063,0,0,0,1.782,82.22,-4.161859057064,-0.328084,10,Assisted_Takeoff,
16300,2026-05-28 07:44:04,51.9888236002689,4.38996516012683,-0.328084,,,-4.161859057064,0.328084,0,0.52801510876,2.01179140296,26,5,12.19,0,0,0,0.52801510876,0,0,0,165.3, 0.8, -0.5,,,0,0,1024,1024,1024,1024,0,0,0,0,165.2,0,0,94,4.066,4.061,4.063,0,0,0,1.782,82.22,-4.161859057064,-0.328084,10,Assisted_Takeoff,
16400,2026-05-28 07:44:04,51.9888235857435,4.38996510717379,-0.328084,,,-4.161859057064,0.328084,0,0.5157972606,2.02481633776,26,5,12.19,0,0,0,0.52801510876,0,0,0,165.3, 0.8, -0.4,,,0,0,1024,1024,1024,1024,0,0,0,0,165.2,0,0,94,4.066,4.061,4.063,0,0,0,1.782,82.22,-4.161859057064,-0.328084,10,Assisted_Takeoff,
16500,2026-05-28 07:44:04,51.9888235895468,4.38996512356733,-0.328084,,,-4.161859057064,0.328084,0,0.51956038408,2.02875334576,26,5,12.19,0,0,0,0.52801510876,0,0,0,165.3, 0.7, -0.4,,,0,0,1024,1024,1024,1024,0,0,0,0,165.2,0,0,94,4.066,4.061,4.063,0,0,0,1.782,82.22,-4.161859057064,-0.328084,10,Assisted_Takeoff,
16600,2026-05-28 07:44:04,51.9888235759199,4.38996507956708,-0.328084,,,-4.161859057064,0.328084,0,0.5093996226,2.03981961908,26,5,12.189,0,0,0,0.52801510876,0,0,0,165.3, 0.8, -0.4,,,0,0,1024,1024,1024,1024,0,0,0,0,165.2,0,0,94,4.066,4.06,4.063,0,0,0,1.778,82.4,-4.161859057064,-0.328084,10,Assisted_Takeoff,
16700,2026-05-28 07:44:04,51.9888235768411,4.38996508919363,-0.328084,,,-4.161859057064,0.328084,0,0.51157810036,2.04200793936,26,5,12.189,0,0,0,0.52801510876,0,0,0,165.3, 0.8, -0.4,,,0,0,1024,1024,1511,1024,0,0,74,0,165.2,0,0,94,4.066,4.06,4.063,0,0,0,1.778,82.4,-4.161859057064,-0.328084,10,Assisted_Takeoff,
16800,2026-05-28 07:44:04,51.9888235672693,4.38996521182658,-0.328084,,,-4.161859057064,0.328084,0,0.53892062092,2.06978024996,26,5,12.189,0,0,0,0.53892062092,0,0,0,165.3, 0.8, -0.5,,,0,0,1024,1024,1511,1024,0,0,74,0,165.2,0,0,94,4.066,4.06,4.063,0,0,0,1.778,82.4,-4.161859057064,-0.328084,10,Assisted_Takeoff,
16900,2026-05-28 07:44:04,51.9888235658842,4.3899652306368,-0.328084,,,-4.161859057064,0.328084,0,0.54312009612,2.07403878028,26,5,12.189,0,0,0,0.54312009612,0,0,0,165.3, 0.8, -0.5,,,0,0,1024,1024,1684,1024,0,0,100,0,165.2,0,0,94,4.066,4.06,4.063,0,0,0,1.778,82.4,-4.161859057064,-0.328084,10,Assisted_Takeoff,
17000,2026-05-28 07:44:04,51.988823560253,4.38996518997483,-0.328084,,,-4.161859057064,0.328084,0,0.53390421656,2.08340229764,26,5,12.189,0,0,0,0.54312009612,0,0,0,165.3, 0.7, -0.5,,,0,0,1024,1024,1684,1024,0,0,100,0,165.2,0,0,94,4.066,4.06,4.063,0,0,0,1.778,82.4,-4.161859057064,-0.328084,10,Assisted_Takeoff,
17100,2026-05-28 07:44:04,51.9888235576319,4.3899652031832,-0.328084,,,-4.161859057064,0.328084,0,0.53683072584,2.08651909564,26,5,12.189,0,0,0,0.54312009612,0,0,0,165.3, 0.7, -0.5,,,0,0,1024,1024,1684,1024,0,0,100,0,165.2,0,0,94,4.066,4.06,4.063,0,0,0,1.778,82.4,-4.161859057064,-0.328084,10,Assisted_Takeoff,
17200,2026-05-28 07:44:04,51.9888235561794,4.38996532734398,-0.328084,,,-4.161859057064,0.328084,0,0.56468505744,2.11442263984,26,5,12.189,0,0,0,0.56468505744,0,0,0,165.3, 0.7, -0.5,,,0,0,1024,1024,1684,1024,0,0,100,0,165.2,0,0,94,4.066,4.06,4.063,0,0,0,1.778,82.4,-4.161859057064,-0.328084,10,Assisted_Takeoff,
17300,2026-05-28 07:44:04,51.9888235480315,4.3899653507863,-0.328084,,,-4.161859057064,0.328084,0,0.5698490996,2.12046922796,26,5,12.189,0,0,0,0.5698490996,0,0,0,165.5, -0.9, -0.4,,,0,0,1024,1024,1684,1024,0,0,100,0,165.2,0,0,94,4.066,4.06,4.063,0,0,0,1.778,82.4,-4.161859057064,-0.328084,10,Assisted_Takeoff,
17400,2026-05-28 07:44:05,51.9888235179032,4.38996530960931,-0.328084,,,-4.161859057064,0.328084,0,0.56036419116,2.13483602632,26,5,12.189,0,0,0,0.5698490996,0,0,-0.223694,166.1, -4.1, 0,,,0,0,1024,1024,1684,1024,0,0,100,0,165.2,0,0,94,4.066,4.06,4.063,0,0,0,1.778,82.4,-4.161859057064,-0.328084,10,Assisted_Takeoff,
17500,2026-05-28 07:44:05,51.9888234158261,4.38996534131002,-0.328084,,,-4.161859057064,0.328084,0.223694,0.5682742964,2.17275597504,26,5,12.189,0,0,0.223694,0.5698490996,-0.223694,0,-0.447388,166.3, -3.2, -0.6,,,0,0,1024,1024,1684,1024,0,0,100,0,165.2,0,0,94,4.066,4.06,4.063,0,0,0,1.778,82.4,-4.161859057064,-0.328084,6,P-GPS,
17600,2026-05-28 07:44:05,51.9888232562073,4.38996534940234,0,,,-3.833775057064,0.328084,0.447388,0.57616143576,2.2310204126,26,5,12.189,0,0,0.447388,0.57616143576,-0.447388,0,-1.11847,165.9, 0.3, 0,,,0,0,1024,1024,1684,1024,0,0,100,0,165.2,0,0,94,4.035,4.023,4.023,0,0,0,1.885,82.4,-3.833775057064,0,6,P-GPS,
17700,2026-05-28 07:44:05,51.9888230772413,4.38996540794404,0,,,-3.833775057064,0.328084,0.223694,0.6024770534,2.29762802628,26,5,12.189,0,0,0.447388,0.6024770534,-0.223694,0,-1.789552,165.8, 1.4, 0.9,,,0,0,1024,1024,1024,1024,0,0,0,0,165.2,0,0,94,4.035,4.023,4.023,0,0,0,1.885,82.4,-3.833775057064,0,6,P-GPS,
17800,2026-05-28 07:44:05,51.9888230291958,4.3899655122791,0.328084,,,-3.505691057064,0.328084,0.223694,0.62971786792,2.32689968076,26,5,12.189,0,0.328084,0.447388,0.62971786792,-0.223694,0,-2.460634,165.7, 2, 1.3,,,0,0,1024,1024,1024,1024,0,0,0,0,165.2,0,0,94,4.035,4.023,4.023,0,0,0,1.885,82.4,-3.505691057064,0.328084,6,P-GPS,
17900,2026-05-28 07:44:05,51.9888228933746,4.38996541236078,0.656168,,,-3.177607057064,0.328084,0.3131716,0.62395343204,2.3812992888,26,5,12.189,0,0.656168,0.447388,0.62971786792,-0.223694,-0.223694,-2.908022,165.5, 1.8, -1.3,,,0,0,1024,1024,1024,1024,0,0,0,0,165.2,0,0,94,4.035,4.023,4.023,0,0,0,1.885,82.4,-3.177607057064,0.656168,6,P-GPS,
18000,2026-05-28 07:44:05,51.9888230451535,4.38996508244308,0.984252,,,-2.849523057064,1.64042,0.3131716,0.53561681504,2.47382881932,26,5,12.189,0,0.984252,0.447388,0.62971786792,-0.223694,-0.223694,-2.908022,165.2, 0.9, -2.7,,,0,0,1024,1024,1024,1024,0,0,0,0,165.2,0,0,94,4.035,4.023,4.023,0,0,0,1.885,82.4,-2.849523057064,0.984252,6,P-GPS,
18100,2026-05-28 07:44:05,51.9888229835136,4.38996491435515,1.312336,,,-2.521439057064,1.968504,0.223694,0.50774936008,2.5177822328,27,5,12.189,0,1.312336,0.447388,0.62971786792,0,-0.223694,-2.460634,164.9, 0, -2.5,,,0,0,1024,742,1024,1024,0,-43,0,0,165.2,0,0,94,4.035,4.023,4.023,0,0,0,1.885,82.4,-2.521439057064,1.312336,6,P-GPS,
18200,2026-05-28 07:44:05,51.9888228711861,4.38996490022497,1.64042,,,-2.193355057064,2.624672,0.3131716,0.52148295632,2.55888787716,27,5,12.189,0,1.64042,0.447388,0.62971786792,-0.223694,-0.223694,-2.013246,164.7, 0.7, -4.5,,,0,0,1024,364,1024,1024,0,-100,0,0,165.2,0,0,94,4.035,4.023,4.023,0,0,0,1.885,82.4,-2.193355057064,1.64042,6,P-GPS,
18300,2026-05-28 07:44:05,51.9888228072765,4.38996479427745,1.968504,,,-1.865271057064,2.624672,0,0.51132547568,2.5922080882,26,5,12.189,0,1.968504,0.447388,0.62971786792,0,0,-1.342164,164.1, 1.6, -13,,,0,0,1024,364,1024,1024,0,-100,0,0,165.2,0,0,94,4.035,4.023,4.023,0,0,0,1.885,82.4,-1.865271057064,1.968504,6,P-GPS,"Home Point updated. RTH altitude adjusted to 97m (Code: 30213)"
18400,2026-05-28 07:44:06,51.988822762473,4.38996447832464,2.296588,,,-1.537187057064,2.952756,0,0.46033137956,2.66505585956,26,5,12.189,0,2.296588,0.447388,0.62971786792,0,0,-0.671082,163, 1.3, -18.9,,,0,0,1024,382,1024,1024,0,-97,0,0,165.2,0,0,94,4.035,4.023,4.023,0,0,0,1.885,82.4,-1.537187057064,2.296588,6,P-GPS,
18500,2026-05-28 07:44:06,51.9888227908363,4.38996476907632,2.624672,,,-1.209103057064,2.952756,0.447388,0.50942915016,2.73119759396,27,5,12.189,0,2.624672,0.447388,0.62971786792,0,0.447388,-0.223694,162.6, 0.4, -22.2,,,0,0,1024,1024,1024,1024,0,0,0,0,165.2,0,0,94,4.035,4.023,4.023,0,0,0,1.885,82.4,-1.209103057064,2.624672,6,P-GPS,
18600,2026-05-28 07:44:06,51.9888229410029,4.38996581523989,2.624672,,,-1.209103057064,2.952756,1.1408394,0.70409122988,2.97254930772,27,5,11.936,0,2.624672,1.1408394,0.70409122988,0.223694,1.11847,0,162.2, 0.6, -15.1,,,0,0,1024,1024,1237,364,0,0,32,-100,165,0,0,93,4.029,4.021,4.024,0,0,0,7.18,82.4,-1.209103057064,2.624672,6,P-GPS,
18700,2026-05-28 07:44:06,51.9888231321348,4.38996684681508,2.624672,,,-1.209103057064,2.952756,1.5882274,0.9155840188,3.21458671704,27,5,11.936,0,2.624672,1.5882274,0.9155840188,0.223694,1.565858,0,161.6, 0.9, -0.2,,,0,0,1024,1024,1334,364,0,0,47,-100,164.2,0,0,93,4.029,4.021,4.024,0,0,0,7.18,82.4,-1.209103057064,2.624672,6,P-GPS,
18800,2026-05-28 07:44:06,51.9888232701507,4.38996725273053,2.624672,,,-1.209103057064,2.952756,1.3645334,1.00041997952,3.3187665104,27,5,11.936,0,2.624672,1.5882274,1.00041997952,0.223694,1.342164,-0.223694,161.3, 0.4, 4,,,0,0,1024,1024,1161,364,0,0,21,-100,162.2,0,0,93,4.029,4.021,4.024,0,0,0,7.18,82.4,-1.209103057064,2.624672,6,P-GPS,
18900,2026-05-28 07:44:06,51.9888234484846,4.38996803908036,2.952756,,,-0.881019057064,2.952756,0.9171454,1.17373363336,3.507053918,27,5,11.936,0,2.952756,1.5882274,1.17373363336,0.223694,0.894776,-0.671082,160.1, 0, 4.3,,,0,0,1024,1024,1161,364,0,0,21,-100,159.3,0,0,93,4.029,4.021,4.024,0,0,0,7.18,82.4,-0.881019057064,2.952756,6,P-GPS,
19000,2026-05-28 07:44:06,51.9888233356414,4.38996816306466,2.952756,,,-0.881019057064,3.28084,0.7158208,1.20293310936,3.556758644,27,5,11.936,0,2.952756,1.5882274,1.20293310936,0.223694,0.671082,-0.894776,158.7, 0.6, 2.7,,,0,0,1405,1024,1024,1024,58,0,0,0,156.2,0,0,93,4.029,4.021,4.024,0,0,0,7.18,82.4,-0.881019057064,2.952756,6,P-GPS,
19100,2026-05-28 07:44:06,51.9888234424092,4.38996858166395,2.952756,,,-0.881019057064,3.28084,0.447388,1.29565949028,3.6585631092,27,5,11.936,0,2.952756,1.5882274,1.29565949028,0,0.447388,-0.894776,157, -0.7, 1.1,,,0,0,1334,364,1024,1024,47,-100,0,0,153.3,0,0,93,4.029,4.021,4.024,0,0,0,7.18,82.4,-0.881019057064,2.952756,6,P-GPS,
19200,2026-05-28 07:44:06,51.9888231820449,4.38996909472767,3.28084,,,-0.552935057064,3.28084,0.447388,1.41552169884,3.807906946,27,5,11.936,0,3.28084,1.5882274,1.41552169884,0,0.447388,-0.671082,155.7, -9.1, -3,,,0,0,1392,364,1024,1024,56,-100,0,0,151.7,0,0,93,4.029,4.021,4.024,0,0,0,7.18,82.4,-0.552935057064,3.28084,6,P-GPS,
19300,2026-05-28 07:44:06,51.9888231708025,4.38996950479209,3.28084,,,-0.552935057064,3.28084,0.671082,1.50768377528,3.9001313584,27,5,11.936,0,3.28084,1.5882274,1.50768377528,0,0.671082,-0.223694,155, -6, -16.4,,,0,0,1684,677,1024,1024,100,-53,0,0,151,0,0,93,4.029,4.021,4.024,0,0,0,7.18,82.4,-0.552935057064,3.28084,6,P-GPS,
19400,2026-05-28 07:44:07,51.9888232730566,4.38997099301978,3.28084,,,-0.552935057064,3.28084,1.342164,1.83913391712,4.2365815004,27,5,11.936,0,3.28084,1.5882274,1.83913391712,0,1.342164,0,154.2, -7.7, -19,,,0,0,1596,1024,1024,1024,87,0,0,0,150.9,0,0,93,4.029,4.021,4.024,0,0,0,7.18,82.4,-0.552935057064,3.28084,6,P-GPS,
19500,2026-05-28 07:44:07,51.9888232967241,4.38997215632494,3.28084,,,-0.552935057064,3.28084,2.013246,2.0999508546,4.4980972568,27,5,11.936,0,3.28084,2.013246,2.0999508546,0,2.013246,0,153.7, -11.4, -9.7,,,0,0,1684,1024,1024,1024,100,0,0,0,150.9,0,0,93,4.029,4.021,4.024,0,0,0,7.18,82.4,-0.552935057064,3.28084,6,P-GPS,
19600,2026-05-28 07:44:07,51.9888233597185,4.38997399005206,3.28084,,,-0.552935057064,3.28084,2.23694,2.51116805936,4.910761312,27,5,11.975,0,3.28084,2.23694,2.51116805936,0,2.23694,0,153.7, -10.4, -3.2,,,0,0,1684,1024,1024,1024,100,0,0,0,150.9,0,0,93,4.019,4.006,4.003,0,0,0,6.405,82.4,-0.552935057064,3.28084,6,P-GPS,
19700,2026-05-28 07:44:07,51.9888232214312,4.3899756283526,3.28084,,,-0.552935057064,3.28084,2.5053728,2.88053158824,5.2822836336,27,5,11.975,0,3.28084,2.5053728,2.88053158824,-0.447388,2.460634,0,153.7, -7.8, -1.5,,,0,0,1684,1024,1024,1024,100,0,0,0,150.9,0,0,93,4.019,4.006,4.003,0,0,0,6.405,82.4,-0.552935057064,3.28084,6,P-GPS,
19800,2026-05-28 07:44:07,51.9888230754981,4.38997690296094,3.28084,,,-0.552935057064,3.28084,2.5053728,3.16890102004,5.5735894172,27,5,11.975,0,3.28084,2.5053728,3.16890102004,-0.447388,2.460634,0,153.5, -5.8, -1.4,,,0,0,1684,1024,1024,1024,100,0,0,0,150.9,0,0,93,4.019,4.006,4.003,0,0,0,6.405,82.4,-0.552935057064,3.28084,6,P-GPS,
19900,2026-05-28 07:44:07,51.9888227835682,4.38997858084349,3.28084,,,-0.552935057064,3.28084,2.5501116,3.5517389588,5.9653217132,27,5,11.975,0,3.28084,2.5501116,3.5517389588,-0.671082,2.460634,0,153.5, -5.3, -1.4,,,0,0,1094,1024,1024,1024,11,0,0,0,150.9,0,0,93,4.019,4.006,4.003,0,0,0,6.405,82.4,-0.552935057064,3.28084,6,P-GPS,
20000,2026-05-28 07:44:07,51.9888225198004,4.3899799349073,3.28084,,,-0.552935057064,3.28084,2.5501116,3.8629266328,6.2844162116,27,5,11.975,0,3.28084,2.5501116,3.8629266328,-0.671082,2.460634,0,153.1, 2.3, 1.9,,,0,0,1684,1024,1024,1024,100,0,0,0,150.9,0,0,93,4.019,4.006,4.003,0,0,0,6.405,82.4,-0.552935057064,3.28084,6,P-GPS,
20100,2026-05-28 07:44:07,51.9888222138027,4.38998150588132,3.28084,,,-0.552935057064,2.952756,2.2816788,4.2254266444,6.6545933888,26,5,11.975,0,3.28084,2.5501116,4.2254266444,-0.447388,2.23694,0,152.9, 6.2, 1.9,,,0,0,1684,1024,1024,1024,100,0,0,0,150.9,0,0,93,4.019,4.006,4.003,0,0,0,6.405,82.4,-0.552935057064,3.28084,6,P-GPS,
20200,2026-05-28 07:44:07,51.9888221142417,4.38998313918644,3.28084,,,-0.552935057064,2.952756,2.0579848,4.594160252,7.0233598048,26,5,11.975,0,3.28084,2.5501116,4.594160252,-0.447388,2.013246,0,152.9, 4.6, 0.6,,,0,0,1166,1024,1024,1215,22,0,0,29,150.9,0,0,93,4.019,4.006,4.003,0,0,0,6.405,82.4,-0.552935057064,3.28084,6,P-GPS,
20300,2026-05-28 07:44:07,51.9888219585191,4.38998439769277,3.28084,,,-0.552935057064,2.952756,1.8119214,4.8815290276,7.3117784492,26,5,11.975,0,3.28084,2.5501116,4.8815290276,-0.223694,1.789552,0,152.7, 4.1, 1,,,0,0,1684,1024,1024,1024,100,0,0,0,151,0,0,93,4.019,4.006,4.003,0,0,0,6.405,82.4,-0.552935057064,3.28084,6,P-GPS,
20400,2026-05-28 07:44:08,51.9888218313399,4.38998575989821,3.28084,,,-0.552935057064,2.624672,1.565858,5.1909122396,7.6213257032,26,5,11.975,0,3.28084,2.5501116,5.1909122396,0,1.565858,0,152.5, 4.7, 1,,,0,0,1684,1024,1024,1024,100,0,0,0,151.3,0,0,93,4.019,4.006,4.003,0,0,0,6.405,82.4,-0.552935057064,3.28084,6,P-GPS,
20500,2026-05-28 07:44:08,51.9888217749407,4.38998674167586,3.28084,,,-0.552935057064,2.624672,1.342164,5.412401748,7.8428808284,27,5,11.975,0,3.28084,2.5501116,5.412401748,0,1.342164,0,152.6, 3.1, -0.6,,,0,0,1684,1024,1024,1024,100,0,0,0,151.5,0,0,93,4.019,4.006,4.003,0,0,0,6.405,82.4,-0.552935057064,3.28084,6,P-GPS,
20600,2026-05-28 07:44:08,51.988821590917,4.38998790026361,3.28084,,,-0.552935057064,2.624672,1.11847,5.6788715728,8.111712858,27,5,12.021,0,3.28084,2.5501116,5.6788715728,0,1.11847,0,152.6, 2, -1.1,,,0,0,1024,1024,1024,1024,0,0,0,0,151.7,0,0,93,4.008,3.994,3.999,0,0,0,6.473,82.4,-0.552935057064,3.28084,6,P-GPS,
20700,2026-05-28 07:44:08,51.9888216028089,4.38998874866867,3.28084,,,-0.552935057064,2.624672,1.11847,5.8675854896,8.3023952788,27,5,12.021,0,3.28084,2.5501116,5.8675854896,0,1.11847,0,152.7, 1.7, 0.5,,,0,0,1024,1024,1176,1024,0,0,23,0,151.7,0,0,93,4.008,3.994,3.999,0,0,0,6.473,82.4,-0.552935057064,3.28084,6,P-GPS,
20800,2026-05-28 07:44:08,51.988821422636,4.38999032630989,3.28084,,,-0.552935057064,2.624672,0.894776,6.227362404,8.662893978,27,5,12.021,0,3.28084,2.5501116,6.227362404,0,0.894776,0,152.8, 1.5, 2.8,,,0,0,1684,1024,1024,1024,100,0,0,0,151.7,0,0,93,4.008,3.994,3.999,0,0,0,6.473,82.4,-0.552935057064,3.28084,6,P-GPS,
20900,2026-05-28 07:44:08,51.9888214349672,4.38999103536888,3.28084,,,-0.552935057064,2.952756,0.894776,6.3849739576,8.8222771852,27,5,12.021,0,3.28084,2.5501116,6.3849739576,0,0.894776,0,153, 1.1, 2.3,,,0,0,1684,1024,1024,1024,100,0,0,0,151.7,0,0,93,4.008,3.994,3.999,0,0,0,6.473,82.4,-0.552935057064,3.28084,6,P-GPS,
21000,2026-05-28 07:44:08,51.9888214471644,4.38999200161596,3.28084,,,-0.552935057064,2.952756,0.671082,6.6000986364,9.0394031764,27,5,12.021,0,3.28084,2.5501116,6.6000986364,0,0.671082,0,152.9, 0.6, 0.7,,,0,0,1684,1219,1024,1024,100,30,0,0,151.7,0,0,93,4.008,3.994,3.999,0,0,0,6.473,82.4,-0.552935057064,3.28084,6,P-GPS,
21100,2026-05-28 07:44:08,51.9888214388359,4.38999256262035,3.28084,,,-0.552935057064,2.952756,0.671082,6.7256891916,9.1654858576,27,5,12.021,0,3.28084,2.5501116,6.7256891916,0,0.671082,0,152.8, 0.3, 0.1,,,0,0,1684,1684,1024,1024,100,100,0,0,151.7,0,0,93,4.008,3.994,3.999,0,0,0,6.473,82.4,-0.552935057064,3.28084,6,P-GPS,
21200,2026-05-28 07:44:08,51.9888212567628,4.38999314426442,3.28084,,,-0.552935057064,2.952756,0.447388,6.863189196,9.3121065972,27,5,12.021,0,3.28084,2.5501116,6.863189196,0,0.447388,0,152.9, 0.6, -0.3,,,0,0,1684,1684,1394,1684,100,100,56,100,151.7,0,0,93,4.008,3.994,3.999,0,0,0,6.473,82.4,-0.552935057064,3.28084,6,P-GPS,
21300,2026-05-28 07:44:09,51.9888212209428,4.38999362335011,2.952756,,,-0.881019057064,2.952756,0.447388,6.971620958,9.4205383592,27,5,12.021,0,3.28084,2.5501116,6.971620958,0,0.447388,0,153.1, -0.1, -0.4,,,0,0,1684,1684,1416,1684,100,100,59,100,151.8,0,0,93,4.008,3.994,3.999,0,0,0,6.473,82.4,-0.881019057064,2.952756,6,P-GPS,
21400,2026-05-28 07:44:09,51.9888212039461,4.38999411735606,2.952756,,,-0.881019057064,2.952756,0.447388,7.0825461584,9.5316932184,27,5,12.021,0,3.28084,2.5501116,7.0825461584,0,0.447388,-0.671082,154.1, -1.3, 0.1,,,0,0,1684,1684,1416,1684,100,100,59,100,153,0,0,93,4.008,3.994,3.999,0,0,0,6.473,82.4,-0.881019057064,2.952756,6,P-GPS,
21500,2026-05-28 07:44:09,51.9888211239908,4.38999454619289,3.28084,,,-0.552935057064,2.952756,0.447388,7.1816931432,9.6323493896,26,5,12.021,0,3.28084,2.5501116,7.1816931432,0,0.447388,-1.565858,155.3, -0.3, 0.5,,,0,0,1684,1412,1024,1024,100,59,0,0,155.1,0,0,93,4.008,3.994,3.999,0,0,0,6.473,82.4,-0.552935057064,3.28084,6,P-GPS,
21600,2026-05-28 07:44:09,51.9888212507241,4.38999501534914,3.608924,,,-0.224851057064,3.28084,0.223694,7.28100417,9.7474740652,26,5,11.974,0,3.608924,2.5501116,7.28100417,0,0.223694,-1.565858,156.7, 1.4, -0.6,,,0,0,1024,1024,1024,1024,0,0,0,0,156.5,0,0,93,4.009,3.976,3.959,0,0,0,6.751,82.4,-0.224851057064,3.608924,6,P-GPS,
21700,2026-05-28 07:44:09,51.988821171671,4.38999537489209,3.608924,,,-0.224851057064,3.608924,0.223694,7.3645343564,9.8332352228,27,5,11.974,0,3.608924,2.5501116,7.3645343564,0,0.223694,-0.894776,157.9, 0.7, -0.5,,,0,0,1024,1024,1024,1024,0,0,0,0,157.2,0,0,93,4.009,3.976,3.959,0,0,0,6.751,82.4,-0.224851057064,3.608924,6,P-GPS,
21800,2026-05-28 07:44:09,51.9888211840118,4.38999562180114,3.608924,,,-0.224851057064,3.608924,0.223694,7.419127534,9.8889110776,27,5,11.974,0,3.608924,2.5501116,7.419127534,0,0.223694,-0.447388,158.5, 0.6, 0.1,,,0,0,1024,1024,1024,1024,0,0,0,0,157.2,0,0,93,4.009,3.976,3.959,0,0,0,6.751,82.4,-0.224851057064,3.608924,6,P-GPS,
21900,2026-05-28 07:44:09,51.9888211016162,4.38999591589673,3.608924,,,-0.224851057064,3.608924,0.223694,7.4882220244,9.9614832584,26,5,11.974,0,3.608924,2.5501116,7.4882220244,0,0.223694,-0.223694,158.5, 0.8, 0,,,0,0,1024,1024,1511,1024,0,0,74,0,157.3,0,0,93,4.009,3.976,3.959,0,0,0,6.751,82.4,-0.224851057064,3.608924,6,P-GPS,
22000,2026-05-28 07:44:09,51.9888213770514,4.38999591634358,3.608924,,,-0.224851057064,3.608924,0,7.4772640188,10.0619753876,26,5,11.974,0,3.608924,2.5501116,7.4882220244,0,0,-0.223694,158.3, 1.4, 0,,,0,0,1024,1024,1684,1024,0,0,100,0,157.3,0,0,93,4.009,3.976,3.959,0,0,0,6.751,82.4,-0.224851057064,3.608924,6,P-GPS,
22100,2026-05-28 07:44:09,51.9888213287143,4.38999606500854,3.937008,,,0.103232942936,3.937008,0,7.5123361984,10.0997706644,27,5,11.974,0.103232942936,3.937008,2.5501116,7.5123361984,0,0,-0.894776,158.6, 0.7, -0.7,,,0,0,1024,1024,1684,1024,0,0,100,0,157.3,0,0,93,4.009,3.976,3.959,0,0,0,6.751,82.4,0.103232942936,3.937008,6,P-GPS,
22200,2026-05-28 07:44:09,51.988821277447,4.38999615448472,3.937008,,,0.103232942936,3.937008,0,7.5343178264,10.1272312952,27,5,11.974,0.103232942936,3.937008,2.5501116,7.5343178264,0,0,-2.013246,158.9, -0.3, -0.2,,,0,0,1024,1024,1024,1024,0,0,0,0,157.3,0,0,93,4.009,3.976,3.959,0,0,0,6.751,82.4,0.103232942936,3.937008,6,P-GPS,
22300,2026-05-28 07:44:10,51.9888212055149,4.38999620519087,4.593176,,,0.759400942936,4.593176,0.223694,7.5484910552,10.15584022,27,5,11.974,0.759400942936,4.593176,2.5501116,7.5484910552,-0.223694,0,-3.131716,159.2, 0, -0.3,,,0,0,1024,1024,1024,1024,0,0,0,0,157.3,0,0,93,4.009,3.976,3.959,0,0,0,6.751,82.4,0.759400942936,4.593176,6,P-GPS,
22400,2026-05-28 07:44:10,51.9888209483033,4.38999626485613,4.92126,,,1.087484942936,4.92126,0.223694,7.5727692712,10.2506236876,27,5,11.974,1.087484942936,4.92126,2.5501116,7.5727692712,-0.223694,0,-2.908022,158.9, 2.1, -3,,,0,0,1440,1024,1024,1024,63,0,0,0,157.3,0,0,93,4.009,3.976,3.959,0,0,0,6.751,82.4,1.087484942936,4.92126,6,P-GPS,
22500,2026-05-28 07:44:10,51.9888208228754,4.38999624755004,5.249344,,,1.415568942936,5.249344,0.223694,7.5746721584,10.2965554476,27,5,11.974,1.415568942936,5.249344,2.5501116,7.5746721584,-0.223694,0,-2.013246,158.4, 2.4, -4.1,,,0,0,1684,1002,1024,1024,100,-3,0,0,157.3,0,0,93,4.009,3.976,3.959,0,0,0,6.751,82.4,1.415568942936,5.249344,6,P-GPS,
22600,2026-05-28 07:44:10,51.9888207434781,4.38999603500621,5.577428,,,1.743652942936,5.577428,0.223694,7.5311354116,10.3523953444,27,5,12.034,1.743652942936,5.577428,2.5501116,7.5746721584,-0.223694,0,-1.11847,158, 2.1, -4.6,,,0,0,1684,1002,1024,1024,100,-3,0,0,157.3,0,0,93,3.955,3.994,4.018,0,0,0,6.908,82.4,1.743652942936,5.577428,6,P-GPS,
22700,2026-05-28 07:44:10,51.9888206380071,4.3899960156586,5.577428,,,1.743652942936,5.905512,0.223694,7.5320868552,10.3911420648,27,5,12.034,1.743652942936,5.577428,2.5501116,7.5746721584,-0.223694,0,-0.671082,157.7, 2.3, -3.2,,,0,0,1684,896,1024,1024,100,-19,0,0,157.3,0,0,93,3.955,3.994,4.018,0,0,0,6.908,82.4,1.743652942936,5.577428,6,P-GPS,
22800,2026-05-28 07:44:10,51.9888207132821,4.38999566974902,5.905512,,,2.071736942936,5.905512,0,7.4513125744,10.4735567656,27,5,12.034,2.071736942936,5.905512,2.5501116,7.5746721584,0,0,-0.223694,157.9, 1.4, -2.1,,,0,0,1684,872,1024,1024,100,-23,0,0,157.3,0,0,93,3.955,3.994,4.018,0,0,0,6.908,82.4,2.071736942936,5.905512,6,P-GPS,
22900,2026-05-28 07:44:10,51.9888206525624,4.38999559369404,5.905512,,,2.071736942936,5.905512,0.223694,7.4374674296,10.5015423308,27,5,12.034,2.071736942936,5.905512,2.5501116,7.5746721584,0,-0.223694,0,158.2, 1.3, -2.1,,,0,0,1684,859,1024,1024,100,-25,0,0,157.3,0,0,93,3.955,3.994,4.018,0,0,0,6.908,82.4,2.071736942936,5.905512,6,P-GPS,
23000,2026-05-28 07:44:10,51.988820759976,4.38999533791279,5.905512,,,2.071736942936,5.905512,0.223694,7.3751314696,10.5710961388,27,5,12.034,2.071736942936,5.905512,2.5501116,7.5746721584,0,-0.223694,0,158.4, 0.9, -2.5,,,0,0,1684,798,1024,1024,100,-34,0,0,157.3,0,0,93,3.955,3.994,4.018,0,0,0,6.908,82.4,2.071736942936,5.905512,6,P-GPS,"Max Height Above Ground Level (AGL): 2m."
23100,2026-05-28 07:44:10,51.9888207263607,4.38999520530176,5.905512,,,2.071736942936,5.905512,0.223694,7.3473099464,10.6033139876,27,5,12.034,2.071736942936,5.905512,2.5501116,7.5746721584,0,-0.223694,0,158.4, 0.8, -2.7,,,0,0,1024,1024,1024,1024,0,0,0,0,157.3,0,0,93,3.955,3.994,4.018,0,0,0,6.908,82.4,2.071736942936,5.905512,6,P-GPS,
23200,2026-05-28 07:44:10,51.9888204358618,4.38999511910868,5.905512,,,2.071736942936,5.905512,0.223694,7.343504172,10.7110567732,27,5,12.034,2.071736942936,5.905512,2.5501116,7.5746721584,0,-0.223694,0,158.6, 0.5, -2.4,,,0,0,1024,1024,1024,1024,0,0,0,0,157.3,0,0,93,3.955,3.994,4.018,0,0,0,6.908,82.4,2.071736942936,5.905512,6,P-GPS,
23300,2026-05-28 07:44:11,51.988820376349,4.38999496641272,5.905512,,,2.071736942936,5.905512,0.223694,7.3129595516,10.7516735724,27,5,12.034,2.071736942936,5.905512,2.5501116,7.5746721584,0,-0.223694,0,158.6, 0.6, -3.1,,,0,0,1190,1024,1024,1024,25,0,0,0,157.3,0,0,93,3.955,3.994,4.018,0,0,0,6.908,82.4,2.071736942936,5.905512,6,P-GPS,
23400,2026-05-28 07:44:11,51.9888203516621,4.38999451636233,5.905512,,,2.071736942936,5.905512,0.223694,7.2145015432,10.853182762,27,5,12.034,2.071736942936,5.905512,2.5501116,7.5746721584,0,-0.223694,0,158.6, -0.1, -3.8,,,0,0,1684,1024,1024,1024,100,0,0,0,157.3,0,0,93,3.955,3.994,4.018,0,0,0,6.908,82.4,2.071736942936,5.905512,6,P-GPS,
23500,2026-05-28 07:44:11,51.9888202780967,4.38999434797408,5.905512,,,2.071736942936,5.905512,0.3131716,7.1814962928,10.8995738396,27,5,12.034,2.071736942936,5.905512,2.5501116,7.5746721584,-0.223694,-0.223694,0,158.9, -7.1, -3.4,,,0,0,1684,1024,1024,1024,100,0,0,0,157.3,0,0,93,3.955,3.994,4.018,0,0,0,6.908,82.4,2.071736942936,5.905512,6,P-GPS,
23600,2026-05-28 07:44:11,51.98882011768,4.38999397555421,5.905512,,,2.071736942936,5.577428,0.447388,7.1088913036,11.0016735804,27,5,12.014,2.071736942936,5.905512,2.5501116,7.5746721584,-0.447388,0,0,159.3, -11.2, -3.5,,,0,0,1684,1024,1024,1024,100,0,0,0,157.3,0,0,93,4.004,3.995,3.997,0,0,0,7.116,82.58,2.071736942936,5.905512,6,P-GPS,
23700,2026-05-28 07:44:11,51.9888197847228,4.38999395091157,5.905512,,,2.071736942936,5.577428,0.894776,7.1255579708,11.1232943192,27,5,12.014,2.071736942936,5.905512,2.5501116,7.5746721584,-0.894776,0,0,159.6, -12.7, -3.9,,,0,0,1684,1024,1024,1024,100,0,0,0,157.3,0,0,93,4.004,3.995,3.997,0,0,0,7.116,82.58,2.071736942936,5.905512,6,P-GPS,
23800,2026-05-28 07:44:11,51.9888192931979,4.38999390617705,5.905512,,,2.071736942936,5.577428,1.342164,7.1520015412,11.3028875008,27,5,12.014,2.071736942936,5.905512,2.5501116,7.5746721584,-1.342164,0,0,159.7, -12.7, -4.3,,,0,0,1684,1024,1024,1024,100,0,0,0,157.3,0,0,93,4.004,3.995,3.997,0,0,0,7.116,82.58,2.071736942936,5.905512,6,P-GPS,
23900,2026-05-28 07:44:11,51.9888186044656,4.38999412577423,5.905512,,,2.071736942936,5.577428,1.8119214,7.2579398648,11.5589898712,27,5,12.014,2.071736942936,5.905512,2.5501116,7.5746721584,-1.789552,0.223694,0,159.7, -12.1, -4.6,,,0,0,1684,1274,1024,1024,100,38,0,0,157.3,0,0,93,4.004,3.995,3.997,0,0,0,7.116,82.58,2.071736942936,5.905512,6,P-GPS,
24000,2026-05-28 07:44:11,51.9888179685552,4.38999433179016,5.905512,,,2.071736942936,5.577428,2.2816788,7.3629923616,11.7955712436,27,5,12.014,2.071736942936,5.905512,2.5501116,7.5746721584,-2.23694,0.447388,0,160, -12.8, -4.6,,,0,0,1024,1024,1024,1024,0,0,0,0,157.3,0,0,93,4.004,3.995,3.997,0,0,0,7.116,82.58,2.071736942936,5.905512,6,P-GPS,
24100,2026-05-28 07:44:11,51.9888169898497,4.38999483082707,5.905512,,,2.071736942936,5.577428,2.5501116,7.575131476,12.1698494708,27,5,12.014,2.071736942936,5.905512,2.5501116,7.575131476,-2.460634,0.671082,0,160.1, -12.8, -3.8,,,0,0,1024,1024,1024,1024,0,0,0,0,157.3,0,0,93,4.004,3.995,3.997,0,0,0,7.116,82.58,2.071736942936,5.905512,6,P-GPS,
24200,2026-05-28 07:44:11,51.9888161803066,4.38999514354007,5.905512,,,2.071736942936,5.577428,3.0422384,7.7387797752,12.473425596,27,5,12.014,2.071736942936,5.905512,3.0422384,7.7387797752,-2.908022,0.894776,0,160.1, -8.4, -3.2,,,0,0,1032,1024,1024,1024,1,0,0,0,157.3,0,0,93,4.004,3.995,3.997,0,0,0,7.116,82.58,2.071736942936,5.905512,6,P-GPS,
24300,2026-05-28 07:44:12,51.9888150001219,4.38999581665847,5.905512,,,2.071736942936,5.577428,3.0422384,8.0370081312,12.9298232484,27,5,12.014,2.071736942936,5.905512,3.0422384,8.0370081312,-2.908022,0.894776,0,159.6, 3.1, -3,,,0,0,1024,364,1024,1024,0,-100,0,0,157.3,0,0,93,4.004,3.995,3.997,0,0,0,7.116,82.58,2.071736942936,5.905512,6,P-GPS,
24400,2026-05-28 07:44:12,51.9888142498595,4.3899960338888,5.905512,,,2.071736942936,5.577428,2.8185444,8.1910107608,13.2078744384,27,5,12.014,2.071736942936,5.905512,3.0422384,8.1910107608,-2.684328,0.894776,0,158.6, 2.7, -10.1,,,0,0,1415,364,1024,1024,59,-100,0,0,157.3,0,0,93,4.004,3.995,3.997,0,0,0,7.116,82.58,2.071736942936,5.905512,6,P-GPS,
24500,2026-05-28 07:44:12,51.9888132666795,4.38999673214393,5.905512,,,2.071736942936,5.577428,2.7066974,8.4857942348,13.5993770756,27,5,12.014,2.071736942936,5.905512,3.0422384,8.4857942348,-2.460634,1.11847,0,157.4, 1.3, -14.5,,,0,0,1619,364,1024,1024,90,-100,0,0,157.3,0,0,93,4.004,3.995,3.997,0,0,0,7.116,82.58,2.071736942936,5.905512,6,P-GPS,
24600,2026-05-28 07:44:12,51.9888124955961,4.38999740615987,5.905512,,,2.071736942936,5.577428,2.7290668,8.74753965,13.9188980832,27,5,11.979,2.071736942936,5.905512,3.0422384,8.74753965,-2.23694,1.565858,0,157.5, -3.7, -14.4,,,0,0,1024,1024,1024,1024,0,0,0,0,157.3,0,0,93,3.994,3.991,4.001,0,0,0,6.891,82.58,2.071736942936,5.905512,6,P-GPS,
24700,2026-05-28 07:44:12,51.988811701826,4.38999857204637,5.905512,,,2.071736942936,5.577428,3.019869,9.1142391368,14.30938366,27,5,11.979,2.071736942936,5.905512,3.0422384,9.1142391368,-2.23694,2.013246,0,158.2, -8.3, -10.6,,,0,0,364,1024,1024,1024,-100,0,0,0,157.3,0,0,93,3.994,3.991,4.001,0,0,0,6.891,82.58,2.071736942936,5.905512,6,P-GPS,
24800,2026-05-28 07:44:12,51.9888105233891,4.38999988426587,5.905512,,,2.071736942936,5.577428,3.1540854,9.5801512252,14.830709136,27,5,11.979,2.071736942936,5.905512,3.1540854,9.5801512252,-2.23694,2.23694,0,158.2, 0.6, -2.1,,,0,0,364,1024,1024,1024,-100,0,0,0,157.3,0,0,93,3.994,3.991,4.001,0,0,0,6.891,82.58,2.071736942936,5.905512,6,P-GPS,
24900,2026-05-28 07:44:12,51.9888097168189,4.39000129010354,5.905512,,,2.071736942936,5.577428,2.8409138,10.0006892964,15.2624020632,27,5,11.979,2.071736942936,5.905512,3.1540854,10.0006892964,-2.013246,2.013246,0,158.6, 2.1, -1.6,,,0,0,364,1024,1024,1024,-100,0,0,0,157.3,0,0,93,3.994,3.991,4.001,0,0,0,6.891,82.58,2.071736942936,5.905512,6,P-GPS,
25000,2026-05-28 07:44:12,51.9888084915012,4.39000234979166,5.577428,,,1.743652942936,5.577428,2.8409138,10.43471162,15.7689309508,27,5,11.979,2.071736942936,5.905512,3.1540854,10.43471162,-2.013246,2.013246,0,158.7, 2.2, -2.3,,,0,0,364,1024,1024,1024,-100,0,0,0,157.3,0,0,93,3.994,3.991,4.001,0,0,0,6.891,82.58,1.743652942936,5.577428,6,P-GPS,
25100,2026-05-28 07:44:12,51.9888077332468,4.3900035523315,5.577428,,,1.743652942936,5.577428,2.684328,10.8102693748,16.1556107532,27,5,11.979,2.071736942936,5.905512,3.1540854,10.8102693748,-2.013246,1.789552,0,158.8, 1.5, -2.5,,,0,0,364,1380,1024,1024,-100,54,0,0,157.3,0,0,93,3.994,3.991,4.001,0,0,0,6.891,82.58,1.743652942936,5.577428,6,P-GPS,
25200,2026-05-28 07:44:12,51.9888068078844,4.3900046732865,5.577428,,,1.743652942936,5.577428,2.5277422,11.2041998336,16.5768378008,27,5,11.979,2.071736942936,5.905512,3.1540854,11.2041998336,-1.789552,1.789552,0,158.9, 1.4, -2.4,,,0,0,364,1343,1024,1024,-100,48,0,0,157.3,0,0,93,3.994,3.991,4.001,0,0,0,6.891,82.58,1.743652942936,5.577428,6,P-GPS,
25300,2026-05-28 07:44:13,51.9888060991643,4.3900057172823,5.577428,,,1.743652942936,5.577428,2.3711564,11.54199512,16.9259519852,27,5,11.979,2.071736942936,5.905512,3.1540854,11.54199512,-1.789552,1.565858,0,159, 1.1, -2,,,0,0,364,1307,1024,1024,-100,43,0,0,157.3,0,0,93,3.994,3.991,4.001,0,0,0,6.891,82.58,1.743652942936,5.577428,6,P-GPS,
25400,2026-05-28 07:44:13,51.9888051907839,4.39000697383412,5.577428,,,1.743652942936,5.577428,2.3711564,11.9606631124,17.3613194532,27,5,11.979,2.071736942936,5.905512,3.1540854,11.9606631124,-1.789552,1.565858,0,159.2, 1, -2.2,,,0,0,364,1684,1024,1024,-100,100,0,0,157.3,0,0,93,3.994,3.991,4.001,0,0,0,6.891,82.58,1.743652942936,5.577428,6,P-GPS,
25500,2026-05-28 07:44:13,51.9888044980198,4.39000789964705,5.577428,,,1.743652942936,5.577428,2.0579848,12.2747379256,17.68864886,27,5,11.979,2.071736942936,5.905512,3.1540854,12.2747379256,-1.565858,1.342164,0,159.2, 1.4, -1.6,,,0,0,364,1684,1024,1024,-100,100,0,0,157.3,0,0,93,3.994,3.991,4.001,0,0,0,6.891,82.58,1.743652942936,5.577428,6,P-GPS,
25600,2026-05-28 07:44:13,51.9888035549238,4.39000932412977,5.577428,,,1.743652942936,3.28084,2.0579848,12.733596208,18.1585963816,27,5,11.979,2.071736942936,5.905512,3.1540854,12.733596208,-1.565858,1.342164,0,159.3, 2.2, 3.4,,,0,0,1024,762,1024,1024,0,-40,0,0,157.3,0,0,93,4.001,3.99,3.993,0,0,0,6.815,82.58,1.743652942936,5.577428,6,P-GPS,
25700,2026-05-28 07:44:13,51.9888028429868,4.39001004702381,5.577428,,,1.743652942936,3.28084,1.8119214,13.0158796816,18.4649284124,27,5,11.979,2.071736942936,5.905512,3.1540854,13.0158796816,-1.565858,0.894776,0,159.9, 3.5, 5.4,,,0,0,364,1024,1024,1024,-100,0,0,0,157.3,0,0,93,4.001,3.99,3.993,0,0,0,6.815,82.58,1.743652942936,5.577428,6,P-GPS,
25800,2026-05-28 07:44:13,51.9888020826612,4.3900109741686,5.577428,,,1.743652942936,3.28084,1.7000744,13.346785204,18.811844434,27,5,11.979,2.071736942936,5.905512,3.1540854,13.346785204,-1.565858,0.671082,0,160.6, 3.5, 0.7,,,0,0,364,1024,1024,1024,-100,0,0,0,157.3,0,0,93,4.001,3.99,3.993,0,0,0,6.815,82.58,1.743652942936,5.577428,6,P-GPS,
25900,2026-05-28 07:44:13,51.9888013966972,4.39001132614352,5.577428,,,1.743652942936,5.577428,1.6329662,13.5583009588,19.074311634,27,5,11.979,2.071736942936,5.905512,3.1540854,13.5583009588,-1.565858,0.447388,0,160.2, 3.6, -1.7,,,0,0,364,1033,1024,1024,-100,1,0,0,157.3,0,0,93,4.001,3.99,3.993,0,0,0,6.815,82.58,1.743652942936,5.577428,6,P-GPS,
26000,2026-05-28 07:44:13,51.9888008665777,4.39001189918842,5.577428,,,1.743652942936,5.577428,1.3645334,13.77706737,19.3066607228,27,5,11.979,2.071736942936,5.905512,3.1540854,13.77706737,-1.342164,0.223694,0,159.7, 3.3, -2.4,,,0,0,364,1024,1024,1024,-100,0,0,0,157.3,0,0,93,4.001,3.99,3.993,0,0,0,6.815,82.58,1.743652942936,5.577428,6,P-GPS,
26100,2026-05-28 07:44:13,51.988800288241,4.39001212483524,5.577428,,,1.743652942936,5.577428,1.1408394,13.9448167192,19.5236554804,27,5,11.979,2.071736942936,5.905512,3.1540854,13.9448167192,-1.11847,0.223694,0,159.2, 3, -2.9,,,0,0,364,1024,1024,1024,-100,0,0,0,157.3,0,0,93,4.001,3.99,3.993,0,0,0,6.815,82.58,1.743652942936,5.577428,6,P-GPS,
26200,2026-05-28 07:44:13,51.9887995582256,4.3900129842479,5.577428,,,1.743652942936,5.577428,1.1408394,14.2603022936,19.8526581156,27,5,11.979,2.071736942936,5.905512,3.1540854,14.2603022936,-1.11847,0.223694,0,158.9, 3.3, -2.9,,,0,0,364,1024,1024,1024,-100,0,0,0,157.3,0,0,93,4.001,3.99,3.993,0,0,0,6.815,82.58,1.743652942936,5.577428,6,P-GPS,
26300,2026-05-28 07:44:13,51.9887990713009,4.39001319771858,5.577428,,,1.743652942936,5.577428,0.9171454,14.4074479676,20.0366476228,27,5,11.979,2.071736942936,5.905512,3.1540854,14.4074479676,-0.894776,0.223694,0,158.7, 2.9, -3.7,,,0,0,364,1024,1024,1024,-100,0,0,0,157.3,0,0,93,4.001,3.99,3.993,0,0,0,6.815,82.58,1.743652942936,5.577428,6,P-GPS,
26400,2026-05-28 07:44:14,51.9887986512759,4.39001348331072,5.577428,,,1.743652942936,5.577428,0.9171454,14.5528876048,20.2027893604,27,5,11.979,2.071736942936,5.905512,3.1540854,14.5528876048,-0.894776,0.223694,0,158.6, 2.3, -3.6,,,0,0,364,1024,1024,1024,-100,0,0,0,157.3,0,0,93,4.001,3.99,3.993,0,0,0,6.815,82.58,1.743652942936,5.577428,6,P-GPS,
26500,2026-05-28 07:44:14,51.9887982676628,4.39001368760321,5.577428,,,1.743652942936,5.577428,0.671082,14.6762143804,20.3500990764,27,5,11.979,2.071736942936,5.905512,3.1540854,14.6762143804,-0.671082,0,0,158.6, 2.7, -3.1,,,0,0,364,1024,1024,1024,-100,0,0,0,157.3,0,0,93,4.001,3.99,3.993,0,0,0,6.815,82.58,1.743652942936,5.577428,6,P-GPS,
26600,2026-05-28 07:44:14,51.9887977901832,4.39001413519296,5.577428,,,1.743652942936,5.577428,0.447388,14.8639768536,20.5512473768,27,5,11.977,2.071736942936,5.905512,3.1540854,14.8639768536,-0.447388,0,0,158.6, 2.5, -2.9,,,0,0,364,1024,1024,1024,-100,0,0,0,157.3,0,0,93,4.002,3.99,3.989,0,0,0,6.7,82.58,1.743652942936,5.577428,6,P-GPS,
26700,2026-05-28 07:44:14,51.9887974934481,4.39001433692918,5.577428,,,1.743652942936,5.577428,0.447388,14.9675857808,20.6686030236,27,5,11.977,2.071736942936,5.905512,3.1540854,14.9675857808,-0.447388,0,0,158.7, 2.6, -3,,,0,0,364,1024,1024,1024,-100,0,0,0,157.3,0,0,93,4.002,3.99,3.989,0,0,0,6.7,82.58,1.743652942936,5.577428,6,P-GPS,
26800,2026-05-28 07:44:14,51.9887972609805,4.3900144213485,5.577428,,,1.743652942936,5.577428,0.223694,15.03608972,20.7555124752,27,5,11.977,2.071736942936,5.905512,3.1540854,15.03608972,-0.223694,0,0,158.7, 1.6, -2.6,,,0,0,364,1024,1024,1024,-100,0,0,0,157.3,0,0,93,4.002,3.99,3.989,0,0,0,6.7,82.58,1.743652942936,5.577428,6,P-GPS,
26900,2026-05-28 07:44:14,51.9887970428818,4.39001460194946,5.577428,,,1.743652942936,5.577428,0.223694,15.11811072,20.8448497484,27,5,11.977,2.071736942936,5.905512,3.1540854,15.11811072,-0.223694,0,0,158.8, 1.9, -2.1,,,0,0,364,1024,1024,1024,-100,0,0,0,157.3,0,0,93,4.002,3.99,3.989,0,0,0,6.7,82.58,1.743652942936,5.577428,6,P-GPS,
27000,2026-05-28 07:44:14,51.9887967320775,4.39001443282906,5.577428,,,1.743652942936,5.577428,0.223694,15.1616802752,20.9644363664,27,5,11.977,2.071736942936,5.905512,3.1540854,15.1616802752,-0.223694,0,0,158.8, 2.4, -1.4,,,0,0,364,1024,1024,1024,-100,0,0,0,157.3,0,0,93,4.002,3.99,3.989,0,0,0,6.7,82.58,1.743652942936,5.577428,6,P-GPS,
27100,2026-05-28 07:44:14,51.9887965431451,4.39001455029548,5.577428,,,1.743652942936,5.577428,0.223694,15.2263128232,21.0382552664,27,5,11.977,2.071736942936,5.905512,3.1540854,15.2263128232,-0.223694,0,0,158.8, 2.4, -1.9,,,0,0,364,1024,1024,1024,-100,0,0,0,157.3,0,0,93,4.002,3.99,3.989,0,0,0,6.7,82.58,1.743652942936,5.577428,6,P-GPS,
27200,2026-05-28 07:44:14,51.988796417448,4.39001447710629,5.577428,,,1.743652942936,5.577428,0,15.243438808,21.0869757404,27,5,11.977,2.071736942936,5.905512,3.1540854,15.243438808,0,0,0,158.8, 2.6, -1.9,,,0,0,1024,1024,1024,1024,0,0,0,0,157.3,0,0,93,4.002,3.99,3.989,0,0,0,6.7,82.58,1.743652942936,5.577428,6,P-GPS,
27300,2026-05-28 07:44:14,51.988796286313,4.39001453854009,5.577428,,,1.743652942936,5.577428,0,15.2849742424,21.1367788916,27,5,11.977,2.071736942936,5.905512,3.1540854,15.2849742424,0,0,0,158.8, 2.3, -1.7,,,0,0,364,1024,1024,1024,-100,0,0,0,157.3,0,0,93,4.002,3.99,3.989,0,0,0,6.7,82.58,1.743652942936,5.577428,6,P-GPS,
27400,2026-05-28 07:44:15,51.9887963594709,4.39001434612464,5.577428,,,1.743652942936,5.577428,0,15.2347773904,21.1875662948,27,5,11.977,2.071736942936,5.905512,3.1540854,15.2849742424,0,0,0,159, 1.4, -1.9,,,0,0,364,1099,1024,1024,-100,11,0,0,157.3,0,0,93,4.002,3.99,3.989,0,0,0,6.7,82.58,1.743652942936,5.577428,6,P-GPS,
27500,2026-05-28 07:44:15,51.9887962830918,4.39001434532819,5.577428,,,1.743652942936,5.577428,0,15.2527563936,21.2154534348,27,5,11.977,2.071736942936,5.905512,3.1540854,15.2849742424,0,0,0,159, 2.6, -2.7,,,0,0,364,1081,1024,1024,-100,9,0,0,157.3,0,0,93,4.002,3.99,3.989,0,0,0,6.7,82.58,1.743652942936,5.577428,6,P-GPS,
27600,2026-05-28 07:44:15,51.9887962387662,4.39001428529249,5.577428,,,1.743652942936,5.577428,0,15.2530844776,21.2365164276,27,5,11.979,2.071736942936,5.905512,3.1540854,15.2849742424,0,0,0,158.9, 3.3, -2.7,,,0,0,364,1024,1024,1024,-100,0,0,0,157.3,0,0,93,3.997,3.987,3.988,0,0,0,6.774,82.58,1.743652942936,5.577428,6,P-GPS,
27700,2026-05-28 07:44:15,51.9887962295481,4.39001426868545,5.577428,,,1.743652942936,5.577428,0,15.2524283096,21.2415361128,27,5,11.979,2.071736942936,5.905512,3.1540854,15.2849742424,0,0,0,158.7, 3.3, -2.6,,,0,0,1024,1024,1024,1024,0,0,0,0,157.3,0,0,93,3.997,3.987,3.988,0,0,0,6.774,82.58,1.743652942936,5.577428,6,P-GPS,
27800,2026-05-28 07:44:15,51.9887964113656,4.39001418389745,5.577428,,,1.743652942936,5.577428,0.223694,15.1947839508,21.310532178,27,5,11.979,2.071736942936,5.905512,3.1540854,15.2849742424,0.223694,0,0,158.7, 2.3, -2.2,,,0,0,927,1024,1024,1024,-15,0,0,0,157.3,0,0,93,3.997,3.987,3.988,0,0,0,6.774,82.58,1.743652942936,5.577428,6,P-GPS,
27900,2026-05-28 07:44:15,51.9887964800516,4.3900141427468,5.905512,,,2.071736942936,5.577428,0.223694,15.1714571784,21.3372382156,27,5,11.979,2.071736942936,5.905512,3.1540854,15.2849742424,0.223694,0,0,158.9, -0.2, -1.7,,,0,0,927,1024,1024,1024,-15,0,0,0,157.3,0,0,93,3.997,3.987,3.988,0,0,0,6.774,82.58,2.071736942936,5.905512,6,P-GPS,
28000,2026-05-28 07:44:15,51.9887966520105,4.39001399130464,5.905512,,,2.071736942936,5.577428,0.223694,15.1048561264,21.408629294,27,5,11.979,2.071736942936,5.905512,3.1540854,15.2849742424,0.223694,0,0,159.1, 0, -1.8,,,0,0,364,1024,1024,1024,-100,0,0,0,157.3,0,0,93,3.997,3.987,3.988,0,0,0,6.774,82.58,2.071736942936,5.905512,6,P-GPS,
28100,2026-05-28 07:44:15,51.9887967073833,4.39001393180105,5.905512,,,2.071736942936,5.577428,0.223694,15.0815621624,21.4328418932,27,5,11.979,2.071736942936,5.905512,3.1540854,15.2849742424,0.223694,0,0,159.2, 1.5, -1.9,,,0,0,364,1024,1024,1024,-100,0,0,0,157.3,0,0,93,3.997,3.987,3.988,0,0,0,6.774,82.58,2.071736942936,5.905512,6,P-GPS,
28200,2026-05-28 07:44:15,51.9887969451283,4.39001366658597,5.905512,,,2.071736942936,5.577428,0.223694,14.979987356,21.5380912404,27,5,11.979,2.071736942936,5.905512,3.1540854,15.2849742424,0.223694,0,0,159.1, 2.2, -2,,,0,0,364,1024,1024,1024,-100,0,0,0,157.3,0,0,93,3.997,3.987,3.988,0,0,0,6.774,82.58,2.071736942936,5.905512,6,P-GPS,
28300,2026-05-28 07:44:15,51.9887970414321,4.39001355263914,5.905512,,,2.071736942936,5.577428,0.223694,14.9377629452,21.5815623704,27,5,11.979,2.071736942936,5.905512,3.1540854,15.2849742424,0.223694,0,0,159.1, 2.4, -2.1,,,0,0,364,1024,1024,1024,-100,0,0,0,157.3,0,0,93,3.997,3.987,3.988,0,0,0,6.774,82.58,2.071736942936,5.905512,6,P-GPS,
28400,2026-05-28 07:44:16,51.9887972214912,4.39001347764493,5.905512,,,2.071736942936,5.577428,0.447388,14.8824807912,21.6493773332,27,5,11.979,2.071736942936,5.905512,3.1540854,15.2849742424,0.447388,0,0,159, 2.3, -2.2,,,0,0,364,1024,1024,1024,-100,0,0,0,157.3,0,0,93,3.997,3.987,3.988,0,0,0,6.774,82.58,2.071736942936,5.905512,6,P-GPS,
28500,2026-05-28 07:44:16,51.9887973781003,4.39001332703745,5.905512,,,2.071736942936,5.577428,0.4921268,14.8198167472,21.7157815348,27,5,11.979,2.071736942936,5.905512,3.1540854,15.2849742424,0.447388,-0.223694,0,158.7, 2.3, -2.3,,,0,0,364,1024,1024,1024,-100,0,0,0,157.3,0,0,93,3.997,3.987,3.988,0,0,0,6.774,82.58,2.071736942936,5.905512,6,P-GPS,
28600,2026-05-28 07:44:16,51.9887977693702,4.39001310952887,5.905512,,,2.071736942936,5.577428,0.4921268,14.69078131,21.8666673664,27,5,11.976,2.071736942936,5.905512,3.1540854,15.2849742424,0.447388,-0.223694,0,158.8, 2.1, -2.7,,,0,0,364,1024,1024,1024,-100,0,0,0,157.3,0,0,93,3.999,3.987,3.99,0,0,0,6.708,82.76,2.071736942936,5.905512,6,P-GPS,
28700,2026-05-28 07:44:16,51.9887980153738,4.39001292852447,5.905512,,,2.071736942936,5.577428,0.7158208,14.6022314384,21.9652238,27,5,11.976,2.071736942936,5.905512,3.1540854,15.2849742424,0.671082,-0.223694,0,158.9, 1.6, -2.5,,,0,0,364,1024,1024,1024,-100,0,0,0,157.3,0,0,93,3.999,3.987,3.99,0,0,0,6.708,82.76,2.071736942936,5.905512,6,P-GPS,
28800,2026-05-28 07:44:16,51.9887983097702,4.39001285018105,5.905512,,,2.071736942936,5.577428,0.7158208,14.5204400972,22.0740492628,27,5,11.976,2.071736942936,5.905512,3.1540854,15.2849742424,0.671082,-0.223694,0,159.1, 1.5, -2.4,,,0,0,364,1024,1024,1024,-100,0,0,0,157.3,0,0,93,3.999,3.987,3.99,0,0,0,6.708,82.76,2.071736942936,5.905512,6,P-GPS,
28900,2026-05-28 07:44:16,51.9887986109689,4.39001268854862,5.905512,,,2.071736942936,5.577428,0.7158208,14.422900724,22.189797298,27,5,11.976,2.071736942936,5.905512,3.1540854,15.2849742424,0.671082,-0.223694,0,159.2, 1.4, -2.2,,,0,0,364,1024,1024,1024,-100,0,0,0,157.3,0,0,93,3.999,3.987,3.99,0,0,0,6.708,82.76,2.071736942936,5.905512,6,P-GPS,
29000,2026-05-28 07:44:16,51.9887989145448,4.39001256436981,5.905512,,,2.071736942936,5.577428,0.7158208,14.3316605636,22.3040033384,27,5,11.976,2.071736942936,5.905512,3.1540854,15.2849742424,0.671082,-0.223694,0,159.2, 1.2, -1.4,,,0,0,364,1024,1024,1024,-100,0,0,0,157.3,0,0,93,3.999,3.987,3.99,0,0,0,6.708,82.76,2.071736942936,5.905512,6,P-GPS,
29100,2026-05-28 07:44:16,51.9887992424361,4.39001240624657,5.905512,,,2.071736942936,5.577428,0.7158208,14.2292327388,22.428806492,27,5,11.976,2.071736942936,5.905512,3.1540854,15.2849742424,0.671082,-0.223694,0,159.1, 1.2, -1.6,,,0,0,364,1317,1024,1024,-100,44,0,0,157.3,0,0,93,3.999,3.987,3.99,0,0,0,6.708,82.76,2.071736942936,5.905512,6,P-GPS,
29200,2026-05-28 07:44:16,51.9887995181843,4.39001214125408,5.905512,,,2.071736942936,5.577428,0.9171454,14.1201120004,22.5457028212,27,5,11.976,2.071736942936,5.905512,3.1540854,15.2849742424,0.894776,-0.223694,0,159.1, 1.3, -1.5,,,0,0,364,1225,1024,1024,-100,30,0,0,157.3,0,0,93,3.999,3.987,3.99,0,0,0,6.708,82.76,2.071736942936,5.905512,6,P-GPS,
29300,2026-05-28 07:44:16,51.9887998576324,4.39001194998634,5.905512,,,2.071736942936,5.577428,0.9171454,14.0098101596,22.6768051876,27,5,11.976,2.071736942936,5.905512,3.1540854,15.2849742424,0.894776,-0.223694,0,159.2, 1.4, -1.1,,,0,0,981,1024,1024,1024,-7,0,0,0,157.3,0,0,93,3.999,3.987,3.99,0,0,0,6.708,82.76,2.071736942936,5.905512,6,P-GPS,
29400,2026-05-28 07:44:17,51.9888001762156,4.39001162725009,5.905512,,,2.071736942936,5.577428,0.9171454,13.8812012316,22.813813066,27,5,11.976,2.071736942936,5.905512,3.1540854,15.2849742424,0.894776,-0.223694,0,159.2, 1.2, -1.4,,,0,0,575,1024,1024,1024,-68,0,0,0,157.3,0,0,93,3.999,3.987,3.99,0,0,0,6.708,82.76,2.071736942936,5.905512,6,P-GPS,
29500,2026-05-28 07:44:17,51.9888005249974,4.39001138849844,5.905512,,,2.071736942936,5.577428,0.9171454,13.7609584456,22.9519036216,27,5,11.976,2.071736942936,5.905512,3.1540854,15.2849742424,0.894776,-0.223694,0,159.2, -0.6, -1.8,,,0,0,364,1293,1024,1024,-100,41,0,0,157.3,0,0,93,3.999,3.987,3.99,0,0,0,6.708,82.76,2.071736942936,5.905512,6,P-GPS,
29600,2026-05-28 07:44:17,51.9888009301587,4.39001110840487,5.905512,,,2.071736942936,5.577428,0.9171454,13.62122747,23.1125663564,27,5,11.98,2.071736942936,5.905512,3.1540854,15.2849742424,0.894776,-0.223694,0,159.2, -0.2, -1.9,,,0,0,1024,1024,1024,1024,0,0,0,0,157.3,0,0,93,3.998,3.988,3.991,0,0,0,6.538,82.76,2.071736942936,5.905512,6,P-GPS,
29700,2026-05-28 07:44:17,51.9888012699388,4.39001086678395,5.905512,,,2.071736942936,5.577428,0.9171454,13.5032156552,23.2479010064,27,5,11.98,2.071736942936,5.905512,3.1540854,15.2849742424,0.894776,-0.223694,0,159.2, 0, -1.5,,,0,0,1024,1024,1024,1024,0,0,0,0,157.3,0,0,93,3.998,3.988,3.991,0,0,0,6.538,82.76,2.071736942936,5.905512,6,P-GPS,
29800,2026-05-28 07:44:17,51.9888016187442,4.39001068391538,5.905512,,,2.071736942936,5.577428,0.9171454,13.3941605336,23.3816280448,27,5,11.98,2.071736942936,5.905512,3.1540854,15.2849742424,0.894776,-0.223694,0,159.3, -0.5, -2,,,0,0,1024,1024,1024,1024,0,0,0,0,157.3,0,0,93,3.998,3.988,3.991,0,0,0,6.538,82.76,2.071736942936,5.905512,6,P-GPS,
29900,2026-05-28 07:44:17,51.9888019567145,4.3900104418667,5.905512,,,2.071736942936,5.577428,0.7158208,13.2771657792,23.516404952,27,5,11.98,2.071736942936,5.905512,3.1540854,15.2849742424,0.671082,-0.223694,0,159.2, -2.3, -1.5,,,0,0,1024,1024,1024,1024,0,0,0,0,157.3,0,0,93,3.998,3.988,3.991,0,0,0,6.538,82.76,2.071736942936,5.905512,6,P-GPS,
30000,2026-05-28 07:44:17,51.9888022512094,4.39001034078471,5.905512,,,2.071736942936,5.577428,0.7158208,13.1954400548,23.6262146668,27,5,11.98,2.071736942936,5.905512,3.1540854,15.2849742424,0.671082,-0.223694,0,159.2, -3.1, -1.1,,,0,0,1024,1024,1024,1024,0,0,0,0,157.3,0,0,93,3.998,3.988,3.991,0,0,0,6.538,82.76,2.071736942936,5.905512,6,P-GPS,
30100,2026-05-28 07:44:17,51.9888025195685,4.39001013577229,5.905512,,,2.071736942936,5.577428,0.4921268,13.1007550124,23.73441677,27,5,11.98,2.071736942936,5.905512,3.1540854,15.2849742424,0.447388,-0.223694,0,159.3, -3.3, -1.4,,,0,0,591,1024,1024,1024,-66,0,0,0,157.3,0,0,93,3.998,3.988,3.991,0,0,0,6.538,82.76,2.071736942936,5.905512,6,P-GPS,
30200,2026-05-28 07:44:17,51.988802980201,4.39000985713251,5.905512,,,2.071736942936,5.577428,0.4921268,12.9521329604,23.9137474844,27,5,11.98,2.071736942936,5.905512,3.1540854,15.2849742424,0.447388,-0.223694,0,159.4, -3.3, -2.4,,,0,0,364,1024,1024,1024,-100,0,0,0,157.3,0,0,93,3.998,3.988,3.991,0,0,0,6.538,82.76,2.071736942936,5.905512,6,P-GPS,
30300,2026-05-28 07:44:18,51.9888031851344,4.39000969151442,5.905512,,,2.071736942936,5.249344,0.447388,12.878609336,23.9972776708,27,5,11.98,2.071736942936,5.905512,3.1540854,15.2849742424,0.447388,0,0,159.5, -1.9, -2.9,,,0,0,364,1024,1024,1024,-100,0,0,0,157.3,0,0,93,3.998,3.988,3.991,0,0,0,6.538,82.76,2.071736942936,5.905512,6,P-GPS,
30400,2026-05-28 07:44:18,51.9888032548462,4.39000949731485,5.577428,,,1.743652942936,4.593176,0.447388,12.8282812504,24.0477697984,27,5,11.98,2.071736942936,5.905512,3.1540854,15.2849742424,0.447388,0,0,159.4, -0.6, -2.4,,,0,0,364,1024,1024,1024,-100,0,0,0,157.3,0,0,93,3.998,3.988,3.991,0,0,0,6.538,82.76,1.743652942936,5.577428,6,P-GPS,
30500,2026-05-28 07:44:18,51.9888034377966,4.39000936700795,5.577428,,,1.743652942936,4.593176,0.447388,12.7659780988,24.1206700632,27,5,11.98,2.071736942936,5.905512,3.1540854,15.2849742424,0.447388,0,0,159.2, -1, -2,,,0,0,966,1024,1024,1024,-9,0,0,0,157.3,0,0,93,3.998,3.988,3.991,0,0,0,6.538,82.76,1.743652942936,5.577428,6,P-GPS,
30600,2026-05-28 07:44:18,51.9888037997438,4.39000924593492,5.577428,,,1.743652942936,3.937008,0.447388,12.668307492,24.2555125872,27,5,11.978,2.071736942936,5.905512,3.1540854,15.2849742424,0.447388,0,0,159.2, -1.2, -2.1,,,0,0,906,1024,1024,1024,-18,0,0,0,157.3,0,0,93,3.997,3.987,3.989,0,0,0,6.511,82.76,1.743652942936,5.577428,6,P-GPS,
30700,2026-05-28 07:44:18,51.9888039997576,4.39000912501838,5.577428,,,1.743652942936,3.608924,0.447388,12.6046263876,24.3333669204,27,5,11.978,2.071736942936,5.905512,3.1540854,15.2849742424,0.447388,0,0,159.2, -0.8, -1.7,,,0,0,724,1024,1024,1024,-45,0,0,0,157.3,0,0,93,3.997,3.987,3.989,0,0,0,6.511,82.76,1.743652942936,5.577428,6,P-GPS,
30800,2026-05-28 07:44:18,51.9888042019752,4.39000883964881,5.577428,,,1.743652942936,2.952756,0.447388,12.5100725788,24.431103144,27,5,11.978,2.071736942936,5.905512,3.1540854,15.2849742424,0.447388,0,0,159.1, -1.1, -1.8,,,0,0,724,1024,1024,1024,-45,0,0,0,157.3,0,0,93,3.997,3.987,3.989,0,0,0,6.511,82.76,1.743652942936,5.577428,6,P-GPS,
30900,2026-05-28 07:44:18,51.9888044043299,4.39000869026905,5.577428,,,1.743652942936,2.296588,0.447388,12.4408468548,24.5122055088,27,5,11.978,2.071736942936,5.905512,3.1540854,15.2849742424,0.447388,0,0,159.3, -1.3, -1.7,,,0,0,875,1414,1024,1024,-23,59,0,0,157.3,0,0,93,3.997,3.987,3.989,0,0,0,6.511,82.76,1.743652942936,5.577428,6,P-GPS,
31000,2026-05-28 07:44:18,51.9888046059414,4.39000850493463,5.577428,,,1.743652942936,1.968504,0.447388,12.3652234928,24.5967527556,27,5,11.978,2.071736942936,5.905512,3.1540854,15.2849742424,0.447388,0,0,159.3, -1.1, 3,,,0,0,1024,1024,1024,1024,0,0,0,0,157.3,0,0,93,3.997,3.987,3.989,0,0,0,6.511,82.76,1.743652942936,5.577428,6,P-GPS,
31100,2026-05-28 07:44:18,51.9888047841714,4.39000827119801,5.577428,,,1.743652942936,1.64042,0.3131716,12.2853678472,24.6803157504,27,5,11.978,2.071736942936,5.905512,3.1540854,15.2849742424,0.223694,-0.223694,0,159.6, -1.5, 2.1,,,0,0,1024,1024,1024,1024,0,0,0,0,157.3,0,0,93,3.997,3.987,3.989,0,0,0,6.511,82.76,1.743652942936,5.577428,6,P-GPS,
31200,2026-05-28 07:44:18,51.9888047702521,4.39000791629105,5.905512,,,2.071736942936,1.64042,0.4921268,12.2220148268,24.7602370128,27,5,11.978,2.071736942936,5.905512,3.1540854,15.2849742424,0.223694,-0.447388,0,159.6, -2, -1.8,,,0,0,1262,1024,1024,1024,36,0,0,0,157.3,0,0,93,3.997,3.987,3.989,0,0,0,6.511,82.76,2.071736942936,5.905512,6,P-GPS,
31300,2026-05-28 07:44:19,51.9888048810127,4.3900075797684,5.905512,,,2.071736942936,1.64042,0.4921268,12.1367457952,24.845965362,27,5,11.978,2.071736942936,5.905512,3.1540854,15.2849742424,0.223694,-0.447388,0,159.5, -2.4, -2.6,,,0,0,1119,984,1024,1024,14,-6,0,0,157.3,0,0,93,3.997,3.987,3.989,0,0,0,6.511,82.76,2.071736942936,5.905512,6,P-GPS,
31400,2026-05-28 07:44:19,51.9888050236982,4.39000736054528,5.905512,,,2.071736942936,1.312336,0.223694,12.0667982864,24.9176189076,27,5,11.978,2.071736942936,5.905512,3.1540854,15.2849742424,0,-0.223694,0,159.5, -5.4, -6.2,,,0,0,1024,1024,1024,1024,0,0,0,0,157.3,0,0,93,3.997,3.987,3.989,0,0,0,6.511,82.76,2.071736942936,5.905512,6,P-GPS,
31500,2026-05-28 07:44:19,51.9888050860938,4.39000718312319,5.905512,,,2.071736942936,3.28084,0,12.02099776,24.9635178592,27,5,11.978,2.071736942936,5.905512,3.1540854,15.2849742424,0,0,0,159.4, -3.1, -4.2,,,0,0,1024,1013,1024,1024,0,-2,0,0,157.3,0,0,93,3.997,3.987,3.989,0,0,0,6.511,82.76,2.071736942936,5.905512,6,P-GPS,
31600,2026-05-28 07:44:19,51.988805161267,4.39000737875584,5.905512,,,2.071736942936,3.608924,0,12.0422247948,25.0153551312,27,5,11.968,2.071736942936,5.905512,3.1540854,15.2849742424,0,0,0,159.3, -1.4, -2.1,,,0,0,1024,1024,1024,1024,0,0,0,0,157.3,0,0,93,3.997,3.986,3.984,0,0,0,6.649,82.76,2.071736942936,5.905512,6,P-GPS,
31700,2026-05-28 07:44:19,51.9888051993645,4.39000735766579,5.905512,,,2.071736942936,3.608924,0,12.0305778128,25.030020486,27,5,11.968,2.071736942936,5.905512,3.1540854,15.2849742424,0,0,0,159.2, -0.9, -1.7,,,0,0,1024,1024,1024,1024,0,0,0,0,157.3,0,0,93,3.997,3.986,3.984,0,0,0,6.649,82.76,2.071736942936,5.905512,6,P-GPS,
31800,2026-05-28 07:44:19,51.9888053817666,4.39000722371752,5.905512,,,2.071736942936,4.265092,0,11.968668362,25.1030519844,27,5,11.968,2.071736942936,5.905512,3.1540854,15.2849742424,0,0,0,159.3, -0.8, -1.9,,,0,0,1024,1021,1024,1024,0,-0,0,0,157.3,0,0,93,3.997,3.986,3.984,0,0,0,6.649,82.76,2.071736942936,5.905512,6,P-GPS,
31900,2026-05-28 07:44:19,51.9888054291122,4.39000718839585,5.905512,,,2.071736942936,3.937008,0,11.9524938208,25.1220808564,27,5,11.968,2.071736942936,5.905512,3.1540854,15.2849742424,0,0,0,159.3, -0.6, -1.9,,,0,0,1024,758,1024,1024,0,-40,0,0,157.3,0,0,93,3.997,3.986,3.984,0,0,0,6.649,82.76,2.071736942936,5.905512,6,P-GPS,
32000,2026-05-28 07:44:19,51.9888054272638,4.39000697098815,5.905512,,,2.071736942936,3.608924,0,11.9121722972,25.170932564,27,5,11.968,2.071736942936,5.905512,3.1540854,15.2849742424,0,0,0,159.2, -0.8, -3.5,,,0,0,1024,1024,1024,1024,0,0,0,0,157.3,0,0,93,3.997,3.986,3.984,0,0,0,6.649,82.76,2.071736942936,5.905512,6,P-GPS,
32100,2026-05-28 07:44:19,51.9888054700453,4.39000694287623,5.905512,,,2.071736942936,3.608924,0,11.8982615356,25.1877632732,27,5,11.968,2.071736942936,5.905512,3.1540854,15.2849742424,0,0,0,159.1, -0.7, -2.5,,,0,0,1024,1024,1024,1024,0,0,0,0,157.3,0,0,93,3.997,3.986,3.984,0,0,0,6.649,82.76,2.071736942936,5.905512,6,P-GPS,
32200,2026-05-28 07:44:19,51.9888053788239,4.39000692448505,5.905512,,,2.071736942936,3.608924,0,11.9132549744,25.221293458,27,5,11.968,2.071736942936,5.905512,3.1540854,15.2849742424,0,0,0,159, -0.5, -2.2,,,0,0,1024,1024,1024,1024,0,0,0,0,157.3,0,0,93,3.997,3.986,3.984,0,0,0,6.649,82.76,2.071736942936,5.905512,6,P-GPS,
32300,2026-05-28 07:44:20,51.9888054100484,4.3900069244155,5.577428,,,1.743652942936,3.937008,0,11.9069229532,25.2327107812,27,5,11.968,2.071736942936,5.905512,3.1540854,15.2849742424,0,0,0,159, -0.4, -1.9,,,0,0,1024,1024,1024,1024,0,0,0,0,157.3,0,0,93,3.997,3.986,3.984,0,0,0,6.649,82.76,1.743652942936,5.577428,6,P-GPS,
32400,2026-05-28 07:44:20,51.9888053416217,4.39000691561986,5.577428,,,1.743652942936,3.937008,0,11.9191604864,25.2577435904,27,5,11.968,2.071736942936,5.905512,3.1540854,15.2849742424,0,0,0,159.1, -0.3, -1.7,,,0,0,1024,1024,1024,1024,0,0,0,0,157.3,0,0,93,3.997,3.986,3.984,0,0,0,6.649,82.76,1.743652942936,5.577428,6,P-GPS,
32500,2026-05-28 07:44:20,51.9888053667465,4.3900069165589,5.577428,,,1.743652942936,3.608924,0,11.9142392264,25.266897134,27,5,11.968,2.071736942936,5.905512,3.1540854,15.2849742424,0,0,0,159.2, -0.2, -1.5,,,0,0,1024,1024,1024,1024,0,0,0,0,157.3,0,0,93,3.997,3.986,3.984,0,0,0,6.649,82.76,1.743652942936,5.577428,6,P-GPS,
32600,2026-05-28 07:44:20,51.9888054771902,4.39000696272468,5.577428,,,1.743652942936,3.608924,0,11.9005581236,25.3085309936,27,5,11.971,2.071736942936,5.905512,3.1540854,15.2849742424,0,0,0,159.3, 0, -1.2,,,0,0,1024,1024,1024,1024,0,0,0,0,157.3,0,0,93,3.995,3.984,3.988,0,0,0,6.638,82.76,1.743652942936,5.577428,6,P-GPS,
32700,2026-05-28 07:44:20,51.9888055164613,4.39000694667063,5.577428,,,1.743652942936,3.608924,0,11.8896329264,25.3232947736,27,5,11.971,2.071736942936,5.905512,3.1540854,15.2849742424,0,0,0,159.3, -0.3, -1.4,,,0,0,1024,1024,1024,1024,0,0,0,0,157.3,0,0,93,3.995,3.984,3.988,0,0,0,6.638,82.76,1.743652942936,5.577428,6,P-GPS,
32800,2026-05-28 07:44:20,51.988805464224,4.39000690857358,5.577428,,,1.743652942936,3.608924,0,11.8930121916,25.3441937244,27,5,11.971,2.071736942936,5.905512,3.1540854,15.2849742424,0,0,0,159.4, -0.6, -1.5,,,0,0,1024,1024,1024,1024,0,0,0,0,157.3,0,0,93,3.995,3.984,3.988,0,0,0,6.638,82.76,1.743652942936,5.577428,6,P-GPS,
32900,2026-05-28 07:44:20,51.9888054924994,4.39000688173107,5.577428,,,1.743652942936,3.608924,0,11.8822838448,25.356135982,27,5,11.971,2.071736942936,5.905512,3.1540854,15.2849742424,0,0,0,159.4, -0.8, -1.7,,,0,0,1024,1024,1024,1024,0,0,0,0,157.3,0,0,93,3.995,3.984,3.988,0,0,0,6.638,82.76,1.743652942936,5.577428,6,P-GPS,
33000,2026-05-28 07:44:20,51.9888054330615,4.39000687378405,5.577428,,,1.743652942936,3.608924,0,11.8928153412,25.3778879512,27,5,11.971,2.071736942936,5.905512,3.1540854,15.2849742424,0,0,0,159.4, -0.6, -1.7,,,0,0,1024,1024,1024,1024,0,0,0,0,157.3,0,0,93,3.995,3.984,3.988,0,0,0,6.638,82.76,1.743652942936,5.577428,6,P-GPS,
33100,2026-05-28 07:44:20,51.9888054494995,4.39000686017151,5.577428,,,1.743652942936,3.937008,0,11.8869426376,25.3846136732,27,5,11.971,2.071736942936,5.905512,3.1540854,15.2849742424,0,0,0,159.3, -0.5, -1.4,,,0,0,1024,1024,1024,1024,0,0,0,0,157.3,0,0,93,3.995,3.984,3.988,0,0,0,6.638,82.76,1.743652942936,5.577428,6,P-GPS,
33200,2026-05-28 07:44:20,51.988805542113,4.39000691366873,5.577428,,,1.743652942936,4.265092,0,11.87828122,25.4205060628,27,5,11.971,2.071736942936,5.905512,3.1540854,15.2849742424,0,0,0,159.4, -0.5, -1.4,,,0,0,1024,1024,1024,1024,0,0,0,0,157.3,0,0,93,3.995,3.984,3.988,0,0,0,6.638,82.76,1.743652942936,5.577428,6,P-GPS,
33300,2026-05-28 07:44:21,51.9888055611168,4.3900068942898,5.577428,,,1.743652942936,4.265092,0,11.8708337132,25.4286753544,27,5,11.971,2.071736942936,5.905512,3.1540854,15.2849742424,0,0,0,159.4, -0.5, -1.5,,,0,0,1024,1024,1024,1024,0,0,0,0,157.3,0,0,93,3.995,3.984,3.988,0,0,0,6.638,82.76,1.743652942936,5.577428,6,P-GPS,
33400,2026-05-28 07:44:21,51.9888055046538,4.39000691265664,5.577428,,,1.743652942936,4.265092,0,11.8856303016,25.4496727304,27,5,11.971,2.071736942936,5.905512,3.1540854,15.2849742424,0,0,0,159.4, -0.5, -1.5,,,0,0,1024,1024,1024,1024,0,0,0,0,157.3,0,0,93,3.995,3.984,3.988,0,0,0,6.638,82.76,1.743652942936,5.577428,6,P-GPS,
33500,2026-05-28 07:44:21,51.9888055185623,4.39000688906945,5.577428,,,1.743652942936,3.937008,0,11.8784124536,25.457021812,27,5,11.971,2.071736942936,5.905512,3.1540854,15.2849742424,0,0,0,159.3, -0.7, -1.7,,,0,0,1024,1024,1024,1024,0,0,0,0,157.3,0,0,93,3.995,3.984,3.988,0,0,0,6.638,82.76,1.743652942936,5.577428,6,P-GPS,
33600,2026-05-28 07:44:21,51.9888056398732,4.39000688637059,5.577428,,,1.743652942936,4.265092,0,11.853510878,25.5012803436,27,5,11.967,2.071736942936,5.905512,3.1540854,15.2849742424,0,0,0,159.3, -1, -1.7,,,0,0,1024,1024,1024,1024,0,0,0,0,157.3,0,0,93,3.997,3.985,3.989,0,0,0,6.5,82.76,1.743652942936,5.577428,6,P-GPS,
33700,2026-05-28 07:44:21,51.9888056623616,4.39000686683517,5.577428,,,1.743652942936,4.265092,0,11.8453415864,25.5105979292,27,5,11.967,2.071736942936,5.905512,3.1540854,15.2849742424,0,0,0,159.4, -0.9, -1.7,,,0,0,1024,1024,1024,1024,0,0,0,0,157.3,0,0,93,3.997,3.985,3.989,0,0,0,6.5,82.76,1.743652942936,5.577428,6,P-GPS,
33800,2026-05-28 07:44:21,51.9888056181323,4.39000690985346,5.577428,,,1.743652942936,4.265092,0,11.8622707208,25.5293971424,27,5,11.967,2.071736942936,5.905512,3.1540854,15.2849742424,0,0,0,159.4, -0.8, -1.6,,,0,0,1024,1024,1024,1024,0,0,0,0,157.3,0,0,93,3.997,3.985,3.989,0,0,0,6.5,82.76,1.743652942936,5.577428,6,P-GPS,
33900,2026-05-28 07:44:21,51.9888056342404,4.39000690854577,5.577428,,,1.743652942936,4.593176,0,11.8588258388,25.5353026544,27,5,11.967,2.071736942936,5.905512,3.1540854,15.2849742424,0,0,0,159.3, -0.7, -1.3,,,0,0,1024,1024,1024,1024,0,0,0,0,157.3,0,0,93,3.997,3.985,3.989,0,0,0,6.5,82.76,1.743652942936,5.577428,6,P-GPS,
34000,2026-05-28 07:44:21,51.9888055937249,4.39000696436625,5.577428,,,1.743652942936,4.593176,0,11.8774282016,25.5546596104,27,5,11.967,2.071736942936,5.905512,3.1540854,15.2849742424,0,0,0,159.3, -0.9, -1.2,,,0,0,1024,1024,1024,1024,0,0,0,0,157.3,0,0,93,3.997,3.985,3.989,0,0,0,6.5,82.76,1.743652942936,5.577428,6,P-GPS,
34100,2026-05-28 07:44:21,51.9888055973059,4.39000697090472,5.577428,,,1.743652942936,4.593176,0,11.8779203276,25.5566281144,27,5,11.967,2.071736942936,5.905512,3.1540854,15.2849742424,0,0,0,159.3, -1, -1.3,,,0,0,1024,1024,1024,1024,0,0,0,0,157.3,0,0,93,3.997,3.985,3.989,0,0,0,6.5,82.76,1.743652942936,5.577428,6,P-GPS,
34200,2026-05-28 07:44:21,51.9888055588615,4.39000699890538,5.577428,,,1.743652942936,4.593176,0,11.8908796456,25.572015254,27,5,11.967,2.071736942936,5.905512,3.1540854,15.2849742424,0,0,0,159.4, -0.8, -1.1,,,0,0,1024,1024,1024,1024,0,0,0,0,157.3,0,0,93,3.997,3.985,3.989,0,0,0,6.5,82.76,1.743652942936,5.577428,6,P-GPS,
34300,2026-05-28 07:44:22,51.9888055481956,4.39000700393791,5.577428,,,1.743652942936,4.265092,0,11.8939636352,25.5760506872,27,5,11.967,2.071736942936,5.905512,3.1540854,15.2849742424,0,0,0,159.4, -0.7, -1.3,,,0,0,1024,1024,1024,1024,0,0,0,0,157.3,0,0,93,3.997,3.985,3.989,0,0,0,6.5,82.76,1.743652942936,5.577428,6,P-GPS,
34400,2026-05-28 07:44:22,51.9888056674868,4.39000698139409,5.577428,,,1.743652942936,4.265092,0,11.8658468364,25.6198827096,27,5,11.967,2.071736942936,5.905512,3.1540854,15.2849742424,0,0,0,159.4, -0.6, -1.3,,,0,0,1024,1024,1024,1024,0,0,0,0,157.3,0,0,93,3.997,3.985,3.989,0,0,0,6.5,82.76,1.743652942936,5.577428,6,P-GPS,
34500,2026-05-28 07:44:22,51.9888056624794,4.39000697936994,5.577428,,,1.743652942936,4.265092,0,11.8664373876,25.6217527884,27,5,11.967,2.071736942936,5.905512,3.1540854,15.2849742424,0,0,0,159.5, -0.6, -1.4,,,0,0,1024,1024,1024,1024,0,0,0,0,157.3,0,0,93,3.997,3.985,3.989,0,0,0,6.5,82.76,1.743652942936,5.577428,6,P-GPS,
34600,2026-05-28 07:44:22,51.9888056384404,4.39000711045937,5.577428,,,1.743652942936,3.937008,0,11.8958993308,25.6524942592,27,5,11.969,2.071736942936,5.905512,3.1540854,15.2849742424,0,0,0,159.4, -0.6, -1.5,,,0,0,1024,1024,1024,1024,0,0,0,0,157.3,0,0,93,3.998,3.985,3.988,0,0,0,6.381,82.76,1.743652942936,5.577428,6,P-GPS,
34700,2026-05-28 07:44:22,51.9888056304388,4.39000712465621,5.577428,,,1.743652942936,3.937008,0,11.9001644228,25.656824968,27,5,11.969,2.071736942936,5.905512,3.1540854,15.2849742424,0,0,0,159.3, -0.5, -1.5,,,0,0,1024,1024,1024,1024,0,0,0,0,157.3,0,0,93,3.998,3.985,3.988,0,0,0,6.381,82.76,1.743652942936,5.577428,6,P-GPS,
34800,2026-05-28 07:44:22,51.9888056317945,4.3900071131965,5.577428,,,1.743652942936,3.608924,0,11.8977366012,25.65944964,27,5,11.969,2.071736942936,5.905512,3.1540854,15.2849742424,0,0,0,159.4, -0.4, -1.4,,,0,0,1024,1024,1024,1024,0,0,0,0,157.3,0,0,93,3.998,3.985,3.988,0,0,0,6.381,82.76,1.743652942936,5.577428,6,P-GPS,
34900,2026-05-28 07:44:22,51.9888056251487,4.39000713707236,5.577428,,,1.743652942936,3.608924,0,11.903543688,25.6653223436,27,5,11.969,2.071736942936,5.905512,3.1540854,15.2849742424,0,0,0,159.4, -0.4, -1.2,,,0,0,1024,1024,1024,1024,0,0,0,0,157.3,0,0,93,3.998,3.985,3.988,0,0,0,6.381,82.76,1.743652942936,5.577428,6,P-GPS,
35000,2026-05-28 07:44:22,51.9888054855879,4.39000713620637,5.577428,,,1.743652942936,3.608924,0,11.9313652112,25.7162409804,27,5,11.969,2.071736942936,5.905512,3.1540854,15.2849742424,0,0,0,159.5, -0.2, -1.1,,,0,0,1024,1024,1024,1024,0,0,0,0,157.3,0,0,93,3.998,3.985,3.988,0,0,0,6.381,82.76,1.743652942936,5.577428,6,P-GPS,
35100,2026-05-28 07:44:22,51.9888054657253,4.39000715998483,5.577428,,,1.743652942936,3.608924,0,11.9398297784,25.7252632904,27,5,11.969,2.071736942936,5.905512,3.1540854,15.2849742424,0,0,0,159.5, 0, -1,,,0,0,1024,1024,1024,1024,0,0,0,0,157.3,0,0,93,3.998,3.985,3.988,0,0,0,6.381,82.76,1.743652942936,5.577428,6,P-GPS,
35200,2026-05-28 07:44:22,51.9888055003125,4.39000712421103,5.577428,,,1.743652942936,3.28084,0,11.9261486756,25.7402239208,27,5,11.969,2.071736942936,5.905512,3.1540854,15.2849742424,0,0,0,159.4, -0.1, -1,,,0,0,1024,1024,1024,1009,0,0,0,-2,157.3,0,0,93,3.998,3.985,3.988,0,0,0,6.381,82.76,1.743652942936,5.577428,6,P-GPS,
35300,2026-05-28 07:44:22,51.9888054881045,4.3900071205453,5.577428,,,1.743652942936,3.28084,0,11.9279203292,25.74475148,27,5,11.969,2.071736942936,5.905512,3.1540854,15.2849742424,0,0,0,159.3, -0.3, -1.3,,,0,0,1024,1024,1024,873,0,0,0,-23,157.3,0,0,93,3.998,3.985,3.988,0,0,0,6.381,82.76,1.743652942936,5.577428,6,P-GPS,
35400,2026-05-28 07:44:23,51.9888055191277,4.39000705235041,5.577428,,,1.743652942936,2.952756,0,11.9088914572,25.763780352,27,5,11.969,2.071736942936,5.905512,3.1540854,15.2849742424,0,0,0,159.3, -0.4, -1.6,,,0,0,1024,1024,1024,796,0,0,0,-35,157.2,0,0,93,3.998,3.985,3.988,0,0,0,6.381,82.76,1.743652942936,5.577428,6,P-GPS,
35500,2026-05-28 07:44:23,51.9888055123106,4.39000703391401,5.577428,,,1.743652942936,2.952756,0,11.906824528,25.7686359952,27,5,11.969,2.071736942936,5.905512,3.1540854,15.2849742424,0,0,0,158.9, -0.3, -1.8,,,0,0,1024,1024,1024,631,0,0,0,-60,156.8,0,0,93,3.998,3.985,3.988,0,0,0,6.381,82.76,1.743652942936,5.577428,6,P-GPS,
35600,2026-05-28 07:44:23,51.9888055416311,4.39000700586466,5.577428,,,1.743652942936,3.28084,0,11.895669672,25.7810375704,27,5,11.965,2.071736942936,5.905512,3.1540854,15.2849742424,0,0,0,158.3, -0.5, -1.5,,,0,0,1024,1024,1024,364,0,0,0,-100,156,0,0,93,3.997,3.985,3.988,0,0,0,6.415,82.94,1.743652942936,5.577428,6,P-GPS,
35700,2026-05-28 07:44:23,51.9888055444432,4.39000699802198,5.577428,,,1.743652942936,3.28084,0,11.8936355512,25.7830716912,27,5,11.965,2.071736942936,5.905512,3.1540854,15.2849742424,0,0,0,157.1, -0.5, -1.5,,,0,0,1024,1024,1024,364,0,0,0,-100,154.6,0,0,93,3.997,3.985,3.988,0,0,0,6.415,82.94,1.743652942936,5.577428,6,P-GPS,
35800,2026-05-28 07:44:23,51.988805413608,4.39000703943347,5.577428,,,1.743652942936,3.608924,0,11.9277234788,25.8317265484,27,5,11.965,2.071736942936,5.905512,3.1540854,15.2849742424,0,0,0,155.1, -0.4, -1.3,,,0,0,1024,1024,1024,364,0,0,0,-100,152.3,0,0,93,3.997,3.985,3.988,0,0,0,6.415,82.94,1.743652942936,5.577428,6,P-GPS,
35900,2026-05-28 07:44:23,51.9888054036553,4.39000704029946,5.577428,,,1.743652942936,3.608924,0,11.9298888332,25.8353354724,27,5,11.965,2.071736942936,5.905512,3.1540854,15.2849742424,0,0,0,152.7, -0.4, -1.3,,,0,0,1024,1024,1024,364,0,0,0,-100,149.4,0,0,93,3.997,3.985,3.988,0,0,0,6.415,82.94,1.743652942936,5.577428,6,P-GPS,
36000,2026-05-28 07:44:23,51.9888054228004,4.3900070544163,5.577428,,,1.743652942936,3.608924,0,11.9286749224,25.843012638,27,5,11.965,2.071736942936,5.905512,3.1540854,15.2849742424,0,0,0,149.8, -0.4, -1.4,,,0,0,1024,1024,1024,364,0,0,0,-100,146.3,0,0,93,3.997,3.985,3.988,0,0,0,6.415,82.94,1.743652942936,5.577428,6,P-GPS,
36100,2026-05-28 07:44:23,51.9888054166429,4.3900070544476,5.577428,,,1.743652942936,3.608924,0,11.9299216416,25.8452764176,27,5,11.965,2.071736942936,5.905512,3.1540854,15.2849742424,0,0,0,146.6, -0.4, -1.4,,,0,0,1024,1024,1024,364,0,0,0,-100,143.1,0,0,93,3.997,3.985,3.988,0,0,0,6.415,82.94,1.743652942936,5.577428,6,P-GPS,
36200,2026-05-28 07:44:23,51.9888054182063,4.39000700417093,5.577428,,,1.743652942936,3.608924,0,11.9202103552,25.8565625072,27,5,11.965,2.071736942936,5.905512,3.1540854,15.2849742424,0,0,0,143.5, -0.6, -1.3,,,0,0,1024,1024,1024,364,0,0,0,-100,139.9,0,0,93,3.997,3.985,3.988,0,0,0,6.415,82.94,1.743652942936,5.577428,6,P-GPS,
36300,2026-05-28 07:44:23,51.9888054221043,4.39000700893219,5.577428,,,1.743652942936,3.608924,0,11.9203087804,25.8583669692,27,5,11.965,2.071736942936,5.905512,3.1540854,15.2849742424,0,0,0,140.4, -0.8, -1.1,,,0,0,1024,1024,1024,364,0,0,0,-100,136.7,0,0,93,3.997,3.985,3.988,0,0,0,6.415,82.94,1.743652942936,5.577428,6,P-GPS,
36400,2026-05-28 07:44:24,51.9888054255247,4.39000694559596,5.577428,,,1.743652942936,3.608924,0,11.9077759716,25.8726386232,27,5,11.965,2.071736942936,5.905512,3.1540854,15.2849742424,0,0,0,137.3, -0.8, -0.6,,,0,0,1024,1024,1024,364,0,0,0,-100,133.5,0,0,93,3.997,3.985,3.988,0,0,0,6.415,82.94,1.743652942936,5.577428,6,P-GPS,
36500,2026-05-28 07:44:24,51.9888054336612,4.39000694054254,5.577428,,,1.743652942936,3.608924,0,11.905184108,25.875821038,27,5,11.965,2.071736942936,5.905512,3.1540854,15.2849742424,0,0,0,134.1, -0.8, -0.2,,,0,0,1092,1024,1024,465,10,0,0,-85,130.3,0,0,93,3.997,3.985,3.988,0,0,0,6.415,82.94,1.743652942936,5.577428,6,P-GPS,
36600,2026-05-28 07:44:24,51.9888054097443,4.39000700148944,5.577428,,,1.743652942936,3.608924,0,11.921424266,25.892061196,27,5,11.958,2.071736942936,5.905512,3.1540854,15.2849742424,0,0,0,130.9, -1.1, -0.3,,,0,0,1337,1024,1024,734,47,0,0,-44,127.1,0,0,93,3.993,3.982,3.985,0,0,0,6.531,82.94,1.743652942936,5.577428,6,P-GPS,
36700,2026-05-28 07:44:24,51.9888054029614,4.39000697309229,5.577428,,,1.743652942936,3.608924,0,11.9174544496,25.8988853432,27,5,11.958,2.071736942936,5.905512,3.1540854,15.2849742424,0,0,0,128.1, -3.1, -0.5,,,0,0,1684,876,1024,1024,100,-22,0,0,124.3,0,0,93,3.993,3.982,3.985,0,0,0,6.531,82.94,1.743652942936,5.577428,6,P-GPS,
36800,2026-05-28 07:44:24,51.9888054692357,4.39000716746237,5.577428,,,1.743652942936,3.608924,0,11.9405187548,25.948819728,27,5,11.958,2.071736942936,5.905512,3.1540854,15.2849742424,0,0,0,126, -9.2, -1,,,0,0,1684,873,1024,1024,100,-23,0,0,122.3,0,0,93,3.993,3.982,3.985,0,0,0,6.531,82.94,1.743652942936,5.577428,6,P-GPS,
36900,2026-05-28 07:44:24,51.988805391308,4.39000731509987,5.577428,,,1.743652942936,3.608924,0.3131716,11.9838586512,25.9925205168,27,5,11.958,2.071736942936,5.905512,3.1540854,15.2849742424,-0.223694,0.223694,0,124.6, -13.7, -1.7,,,0,0,1684,873,1024,1024,100,-23,0,0,121.3,0,0,93,3.993,3.982,3.985,0,0,0,6.531,82.94,1.743652942936,5.577428,6,P-GPS,
37000,2026-05-28 07:44:24,51.9888053047791,4.39000761716367,5.577428,,,1.743652942936,3.608924,0.8052984,12.05790721,26.0673564772,27,5,11.958,2.071736942936,5.905512,3.1540854,15.2849742424,-0.447388,0.671082,0,123.6, -15.9, -2,,,0,0,1684,992,1024,1024,100,-5,0,0,121,0,0,93,3.993,3.982,3.985,0,0,0,6.531,82.94,1.743652942936,5.577428,6,P-GPS,
37100,2026-05-28 07:44:24,51.9888050452374,4.39000830691026,5.577428,,,1.743652942936,3.937008,1.2974252,12.2394032788,26.2489837796,27,5,11.958,2.071736942936,5.905512,3.1540854,15.2849742424,-0.671082,1.11847,0,123.4, -16.2, -1.4,,,0,0,1684,995,1024,1024,100,-4,0,0,121,0,0,93,3.993,3.982,3.985,0,0,0,6.531,82.94,1.743652942936,5.577428,6,P-GPS,
37200,2026-05-28 07:44:24,51.9888048329813,4.39000935052038,5.577428,,,1.743652942936,5.577428,1.8119214,12.4779859636,26.495899798,27,5,11.958,2.071736942936,5.905512,3.1540854,15.2849742424,-0.894776,1.565858,0,123.3, -16.6, -0.4,,,0,0,1684,992,1024,1024,100,-5,0,0,121,0,0,93,3.993,3.982,3.985,0,0,0,6.531,82.94,1.743652942936,5.577428,6,P-GPS,
37300,2026-05-28 07:44:24,51.9888043559663,4.3900106662318,5.577428,,,1.743652942936,5.577428,2.3040482,12.8206697016,26.8389444284,27,5,11.958,2.071736942936,5.905512,3.1540854,15.2849742424,-1.11847,2.013246,0,123.2, -16.2, -0.4,,,0,0,1684,1024,1024,1024,100,0,0,0,121,0,0,93,3.993,3.982,3.985,0,0,0,6.531,82.94,1.743652942936,5.577428,6,P-GPS,
37400,2026-05-28 07:44:25,51.9888038280805,4.39001163840209,5.577428,,,1.743652942936,5.577428,2.908022,13.1088258788,27.1301517868,27,5,11.958,2.071736942936,5.905512,3.1540854,15.2849742424,-1.565858,2.460634,0,123.2, -15.6, -0.7,,,0,0,1684,1024,1024,1024,100,0,0,0,121,0,0,93,3.993,3.982,3.985,0,0,0,6.531,82.94,1.743652942936,5.577428,6,P-GPS,
37500,2026-05-28 07:44:25,51.9888031342947,4.39001342057785,5.577428,,,1.743652942936,5.577428,3.2211936,13.582513558,27.6038722744,27,5,11.958,2.071736942936,5.905512,3.2211936,15.2849742424,-1.789552,2.684328,0,123.2, -14.8, -0.8,,,0,0,1684,1024,1024,1024,100,0,0,0,121,0,0,93,3.993,3.982,3.985,0,0,0,6.531,82.94,1.743652942936,5.577428,6,P-GPS,
37600,2026-05-28 07:44:25,51.9888025965453,4.3900148205749,5.577428,,,1.743652942936,5.577428,3.7133204,13.9531500528,27.9746071944,27,5,11.953,2.071736942936,5.905512,3.7133204,15.2849742424,-2.013246,3.131716,0,123.1, -13.8, -0.9,,,0,0,1684,1024,1024,1024,100,0,0,0,121,0,0,93,3.99,3.979,3.983,0,0,0,6.613,82.94,1.743652942936,5.577428,6,P-GPS,
37700,2026-05-28 07:44:25,51.988801756753,4.39001696268457,5.577428,,,1.743652942936,3.28084,4.026492,14.5236553204,28.5451452704,27,5,11.953,2.071736942936,5.905512,4.026492,15.2849742424,-2.23694,3.35541,0,123.1, -13.3, -1.2,,,0,0,1684,1024,1024,1024,100,0,0,0,121,0,0,93,3.99,3.979,3.983,0,0,0,6.613,82.94,1.743652942936,5.577428,6,P-GPS,
37800,2026-05-28 07:44:25,51.9888010333126,4.3900186087557,5.577428,,,1.743652942936,3.28084,4.2278166,14.9776251512,28.999508802,27,5,11.953,2.071736942936,5.905512,4.2278166,15.2849742424,-2.23694,3.579104,0,123.1, -13.3, -1.1,,,0,0,1684,1024,1024,1024,100,0,0,0,121,0,0,93,3.99,3.979,3.983,0,0,0,6.613,82.94,1.743652942936,5.577428,6,P-GPS,
37900,2026-05-28 07:44:25,51.9888000827782,4.39002103344416,5.577428,,,1.743652942936,3.28084,4.5186188,15.6233928884,29.6453093476,27,5,11.953,2.071736942936,5.905512,4.5186188,15.6233928884,-2.460634,3.802798,0,123.1, -13.3, -0.9,,,0,0,1684,1024,1024,1024,100,0,0,0,121,0,0,93,3.99,3.979,3.983,0,0,0,6.613,82.94,1.743652942936,5.577428,6,P-GPS,
38000,2026-05-28 07:44:25,51.9887991666509,4.3900234317944,5.577428,,,1.743652942936,5.577428,4.8317904,16.2573167932,30.2794301028,27,5,11.953,2.071736942936,5.905512,4.8317904,16.2573167932,-2.684328,4.026492,0,123, -13.2, -0.8,,,0,0,1684,1024,1024,1024,100,0,0,0,121,0,0,93,3.99,3.979,3.983,0,0,0,6.613,82.94,1.743652942936,5.577428,6,P-GPS,
38100,2026-05-28 07:44:25,51.9887981020083,4.39002614433217,5.577428,,,1.743652942936,5.577428,5.2120702,16.97998742,31.002133538,27,5,11.953,2.071736942936,5.905512,5.2120702,16.97998742,-2.684328,4.47388,0,123, -13, -0.6,,,0,0,1684,1024,1024,1024,100,0,0,0,121,0,0,93,3.99,3.979,3.983,0,0,0,6.613,82.94,1.743652942936,5.577428,6,P-GPS,
38200,2026-05-28 07:44:25,51.9887970420476,4.39002893671233,5.577428,,,1.743652942936,5.577428,5.5252418,17.7167984672,31.7391414356,27,5,11.953,2.071736942936,5.905512,5.5252418,17.7167984672,-2.908022,4.697574,0,123, -12.6, -0.7,,,0,0,1684,1024,1024,1024,100,0,0,0,121,0,0,93,3.99,3.979,3.983,0,0,0,6.613,82.94,1.743652942936,5.577428,6,P-GPS,
38300,2026-05-28 07:44:25,51.9887958688504,4.39003190764843,5.577428,,,1.743652942936,5.577428,5.6370888,18.5097446868,32.5320876552,27,5,11.953,2.071736942936,5.905512,5.6370888,18.5097446868,-3.131716,4.697574,0,123.1, -12.2, -0.8,,,0,0,1684,1024,1024,1024,100,0,0,0,121,0,0,93,3.99,3.979,3.983,0,0,0,6.613,82.94,1.743652942936,5.577428,6,P-GPS,
38400,2026-05-28 07:44:26,51.9887944608403,4.39003534895808,5.577428,,,1.743652942936,5.577428,5.8384134,19.437992748,33.460302908,27,5,11.953,2.071736942936,5.905512,5.8384134,19.437992748,-3.131716,4.921268,0,123, -11.7, -0.8,,,0,0,1684,1024,1024,1024,100,0,0,0,121,0,0,93,3.99,3.979,3.983,0,0,0,6.613,82.94,1.743652942936,5.577428,6,P-GPS,
38500,2026-05-28 07:44:26,51.9887931791163,4.39003857108976,5.577428,,,1.743652942936,5.577428,6.151585,20.2998366076,34.322179576,27,5,11.953,2.071736942936,5.905512,6.151585,20.2998366076,-3.35541,5.144962,0,123.1, -11, -0.8,,,0,0,1684,1024,1024,1024,100,0,0,0,121,0,0,93,3.99,3.979,3.983,0,0,0,6.613,82.94,1.743652942936,5.577428,6,P-GPS,
38600,2026-05-28 07:44:26,51.9887917770367,4.39004188157428,5.577428,,,1.743652942936,5.577428,6.3305402,21.202264458,35.225066744,27,5,11.954,2.071736942936,5.905512,6.3305402,21.202264458,-3.35541,5.368656,0,123.1, -10.3, -0.8,,,0,0,1684,1024,1024,1024,100,0,0,0,121,0,0,92,3.99,3.979,3.982,0,0,0,6.609,82.94,1.743652942936,5.577428,6,P-GPS,
38700,2026-05-28 07:44:26,51.9887904098419,4.39004526837806,5.577428,,,1.743652942936,5.577428,6.3305402,22.1121070068,36.134843676,27,5,11.954,2.071736942936,5.905512,6.3305402,22.1121070068,-3.35541,5.368656,0,123.2, -10, -0.9,,,0,0,1684,1024,1024,1024,100,0,0,0,121,0,0,92,3.99,3.979,3.982,0,0,0,6.609,82.94,1.743652942936,5.577428,6,P-GPS,
38800,2026-05-28 07:44:26,51.9887889677909,4.39004918557719,5.577428,,,1.743652942936,5.577428,6.6437118,23.1367789556,37.160106176,27,5,11.954,2.071736942936,5.905512,6.6437118,23.1367789556,-3.579104,5.59235,0,123.1, -9.4, -1,,,0,0,1684,1024,1024,1024,100,0,0,0,121,0,0,92,3.99,3.979,3.982,0,0,0,6.609,82.94,1.743652942936,5.577428,6,P-GPS,
38900,2026-05-28 07:44:26,51.9887875386567,4.39005273286568,5.577428,,,1.743652942936,5.577428,6.6437118,24.0891739992,38.112534028,27,5,11.954,2.071736942936,5.905512,6.6437118,24.0891739992,-3.579104,5.59235,0,123.2, -8.8, -0.9,,,0,0,1684,1024,1024,1024,100,0,0,0,121,0,0,92,3.99,3.979,3.982,0,0,0,6.609,82.94,1.743652942936,5.577428,6,P-GPS,
39000,2026-05-28 07:44:26,51.9887860166605,4.3900565275032,5.577428,,,1.743652942936,5.577428,6.6437118,25.1066609084,39.130250596,27,5,11.954,2.071736942936,5.905512,6.6437118,25.1066609084,-3.579104,5.59235,0,123.1, -8.7, -1.2,,,0,0,1684,1024,1024,1024,100,0,0,0,121,0,0,92,3.99,3.979,3.982,0,0,0,6.609,82.94,1.743652942936,5.577428,38,Tripod,
39100,2026-05-28 07:44:26,51.988784543976,4.3900601698708,5.577428,,,1.743652942936,5.577428,6.822667,26.085630756,40.109253252,27,5,11.954,2.071736942936,5.905512,6.822667,26.085630756,-3.579104,5.816044,0,123, -8.5, -1.1,,,0,0,1684,1024,1024,1024,100,0,0,0,121,0,0,92,3.99,3.979,3.982,0,0,0,6.609,82.94,1.743652942936,5.577428,38,Tripod,
39200,2026-05-28 07:44:26,51.9887829775942,4.39006362536329,5.577428,,,1.743652942936,5.577428,6.9568834,27.0480979784,41.073164044,27,5,11.954,2.071736942936,5.905512,6.9568834,27.0480979784,-3.802798,5.816044,0,123.1, -8.3, -1.3,,,0,0,1684,1024,1024,1024,100,0,0,0,121,0,0,92,3.99,3.979,3.982,0,0,0,6.609,82.94,1.743652942936,5.577428,38,Tripod,
39300,2026-05-28 07:44:26,51.988781474831,4.39006731339587,5.577428,,,1.743652942936,5.577428,6.9568834,28.041667564,42.066602396,27,5,11.954,2.071736942936,5.905512,6.9568834,28.041667564,-3.802798,5.816044,0,123, -8.1, -1.1,,,0,0,1684,1024,1024,1024,100,0,0,0,121,0,0,92,3.99,3.979,3.982,0,0,0,6.609,82.94,1.743652942936,5.577428,38,Tripod,
39400,2026-05-28 07:44:27,51.988779615158,4.39007191815015,5.577428,,,1.743652942936,5.577428,6.9568834,29.2789051364,43.304135244,27,5,11.954,2.071736942936,5.905512,6.9568834,29.2789051364,-3.802798,5.816044,0,123.1, -7.8, -1.2,,,0,0,1684,1024,1024,1024,100,0,0,0,121,0,0,92,3.99,3.979,3.982,0,0,0,6.609,82.94,1.743652942936,5.577428,38,Tripod,
39500,2026-05-28 07:44:27,51.9887780620422,4.39007573416289,5.577428,,,1.743652942936,5.249344,6.9568834,30.306595458,44.331694332,27,5,11.954,2.071736942936,5.905512,6.9568834,30.306595458,-3.802798,5.816044,0,123, -6.6, -0.9,,,0,0,1684,1024,1024,1024,100,0,0,0,121,0,0,92,3.99,3.979,3.982,0,0,0,6.609,82.94,1.743652942936,5.577428,38,Tripod,
39600,2026-05-28 07:44:27,51.9887764113268,4.39007978837772,5.577428,,,1.743652942936,5.249344,6.9568834,31.3985902436,45.423557884,27,5,11.962,2.071736942936,5.905512,6.9568834,31.3985902436,-3.802798,5.816044,0,123, -4.7, -0.9,,,0,0,1684,1024,1024,1024,100,0,0,0,121,0,0,92,3.993,3.982,3.985,0,0,0,6.424,82.94,1.743652942936,5.577428,38,Tripod,
39700,2026-05-28 07:44:27,51.988774861201,4.39008359385926,5.577428,,,1.743652942936,5.249344,6.9568834,32.42372151,46.448820384,27,5,11.962,2.071736942936,5.905512,6.9568834,32.42372151,-3.802798,5.816044,0,122.9, -3.1, -1,,,0,0,1684,1024,1024,1024,100,0,0,0,121,0,0,92,3.993,3.982,3.985,0,0,0,6.424,82.94,1.743652942936,5.577428,38,Tripod,
39800,2026-05-28 07:44:27,51.9887733392777,4.39008746268746,5.577428,,,1.743652942936,5.249344,6.6437118,33.455053564,47.48031648,27,5,11.962,2.071736942936,5.905512,6.9568834,33.455053564,-3.579104,5.59235,0,122.9, -2.3, -1,,,0,0,1684,1024,1024,960,100,0,0,-10,121,0,0,92,3.993,3.982,3.985,0,0,0,6.424,82.94,1.743652942936,5.577428,38,Tripod,
39900,2026-05-28 07:44:27,51.9887718436979,4.39009112229843,5.577428,,,1.743652942936,5.249344,6.6437118,34.441930236,48.467193152,27,5,11.962,2.071736942936,5.905512,6.9568834,34.441930236,-3.579104,5.59235,0,122.7, -1.4, -0.9,,,0,0,1684,1024,1024,960,100,0,0,-10,121,0,0,92,3.993,3.982,3.985,0,0,0,6.424,82.94,1.743652942936,5.577428,38,Tripod,
40000,2026-05-28 07:44:27,51.9887702567125,4.3900950000857,5.577428,,,1.743652942936,5.249344,6.4423872,35.487862028,49.513124944,27,5,11.962,2.071736942936,5.905512,6.9568834,35.487862028,-3.579104,5.368656,0,122.7, -1.7, -2.6,,,0,0,1684,1024,1024,974,100,0,0,-8,121,0,0,92,3.993,3.982,3.985,0,0,0,6.424,82.94,1.743652942936,5.577428,38,Tripod,
40100,2026-05-28 07:44:27,51.9887688214616,4.39009849046152,5.577428,,,1.743652942936,5.249344,6.151585,36.431103528,50.456366444,27,5,11.962,2.071736942936,5.905512,6.9568834,36.431103528,-3.35541,5.144962,0,122.6, -1.9, -1.1,,,0,0,1684,1024,1024,1024,100,0,0,0,120.8,0,0,92,3.993,3.982,3.985,0,0,0,6.424,82.94,1.743652942936,5.577428,38,Tripod,
40200,2026-05-28 07:44:27,51.9887672253138,4.39010225033369,5.577428,,,1.743652942936,5.249344,6.151585,37.456694112,51.482285112,27,5,11.962,2.071736942936,5.905512,6.9568834,37.456694112,-3.35541,5.144962,0,122.5, -1.9, -1.4,,,0,0,1684,1024,1024,1024,100,0,0,0,120.7,0,0,92,3.993,3.982,3.985,0,0,0,6.424,82.94,1.743652942936,5.577428,38,Tripod,
40300,2026-05-28 07:44:28,51.9887658299422,4.39010557829106,5.577428,,,1.743652942936,5.249344,5.8384134,38.3612217,52.3868127,27,5,11.962,2.071736942936,5.905512,6.9568834,38.3612217,-3.131716,4.921268,0,122.5, -1.7, -1.5,,,0,0,1684,1024,1024,1024,100,0,0,0,120.7,0,0,92,3.993,3.982,3.985,0,0,0,6.424,82.94,1.743652942936,5.577428,38,Tripod,
40400,2026-05-28 07:44:28,51.9887642904823,4.3901091622505,5.577428,,,1.743652942936,4.92126,5.6370888,39.342520944,53.368768112,27,5,11.962,2.071736942936,5.905512,6.9568834,39.342520944,-3.131716,4.697574,0,122.5, -1.2, -1.6,,,0,0,1684,1024,1024,1024,100,0,0,0,120.7,0,0,92,3.993,3.982,3.985,0,0,0,6.424,82.94,1.743652942936,5.577428,38,Tripod,
40500,2026-05-28 07:44:28,51.9887629497639,4.39011233736064,5.577428,,,1.743652942936,4.92126,5.6370888,40.207350368,54.233597536,27,5,11.962,2.071736942936,5.905512,6.9568834,40.207350368,-3.131716,4.697574,0,122.4, -0.8, -2.1,,,0,0,1684,1024,1024,589,100,0,0,-66,120.7,0,0,92,3.993,3.982,3.985,0,0,0,6.424,82.94,1.743652942936,5.577428,38,Tripod,
40600,2026-05-28 07:44:28,51.9887615716335,4.39011619805052,5.577428,,,1.743652942936,4.92126,5.3462866,41.208334652,55.23622224,27,5,11.965,2.071736942936,5.905512,6.9568834,41.208334652,-2.908022,4.47388,0,122.4, -0.9, -2.9,,,0,0,1684,1024,1024,364,100,0,0,-100,120.7,0,0,92,3.993,3.983,3.985,0,0,0,6.24,82.94,1.743652942936,5.577428,38,Tripod,
40700,2026-05-28 07:44:28,51.9887603368718,4.39011929229231,5.577428,,,1.743652942936,4.92126,5.2120702,42.036746752,56.06463434,27,5,11.965,2.071736942936,5.905512,6.9568834,42.036746752,-2.684328,4.47388,0,121.4, -1.4, -9.6,,,0,0,1684,1024,1024,1024,100,0,0,0,119.8,0,0,92,3.993,3.983,3.985,0,0,0,6.24,82.94,1.743652942936,5.577428,38,Tripod,
40800,2026-05-28 07:44:28,51.9887593037859,4.39012214170311,5.577428,,,1.743652942936,4.92126,5.1002232,42.77887276,56.807416516,27,5,11.965,2.071736942936,5.905512,6.9568834,42.77887276,-2.460634,4.47388,0,119.9, -0.9, -0.6,,,0,0,1684,1024,1024,1024,100,0,0,0,118.2,0,0,92,3.993,3.983,3.985,0,0,0,6.24,82.94,1.743652942936,5.577428,38,Tripod,
40900,2026-05-28 07:44:28,51.988758245847,4.39012517035145,5.577428,,,1.743652942936,4.92126,4.921268,43.55971268,57.589896856,27,5,11.965,2.071736942936,5.905512,6.9568834,43.55971268,-2.460634,4.250186,0,119.2, -1.2, -0.2,,,0,0,1684,1024,1024,1024,100,0,0,0,117.4,0,0,92,3.993,3.983,3.985,0,0,0,6.24,82.94,1.743652942936,5.577428,38,Tripod,
41000,2026-05-28 07:44:28,51.9887570376045,4.39012808005526,5.577428,,,1.743652942936,4.92126,4.809421,44.348098532,58.378282708,27,5,11.965,2.071736942936,5.905512,6.9568834,44.348098532,-2.23694,4.250186,0,118.8, -2.3, -1.9,,,0,0,1684,1024,1024,1024,100,0,0,0,117.2,0,0,92,3.993,3.983,3.985,0,0,0,6.24,82.94,1.743652942936,5.577428,38,Tripod,
41100,2026-05-28 07:44:28,51.9887559868105,4.3901309835406,5.577428,,,1.743652942936,4.92126,4.6080964,45.104004068,59.135172496,27,5,11.965,2.071736942936,5.905512,6.9568834,45.104004068,-2.23694,4.026492,0,118.7, -2.4, -2.1,,,0,0,1684,1024,1024,1024,100,0,0,0,117.2,0,0,92,3.993,3.983,3.985,0,0,0,6.24,82.94,1.743652942936,5.577428,38,Tripod,
41200,2026-05-28 07:44:28,51.9887549570228,4.39013348705223,5.577428,,,1.743652942936,4.92126,4.6080964,45.780185192,59.81135362,27,5,11.965,2.071736942936,5.905512,6.9568834,45.780185192,-2.23694,4.026492,0,118.8, 0.3, -0.9,,,0,0,1684,1024,1024,1024,100,0,0,0,117.1,0,0,92,3.993,3.983,3.985,0,0,0,6.24,82.94,1.743652942936,5.577428,38,Tripod,
41300,2026-05-28 07:44:29,51.9887539643645,4.39013624525819,5.577428,,,1.743652942936,4.92126,4.2949248,46.497376816,60.529201412,27,5,11.965,2.071736942936,5.905512,6.9568834,46.497376816,-2.013246,3.802798,0,118.9, 1.2, -0.3,,,0,0,1684,1024,1024,1024,100,0,0,0,117.1,0,0,92,3.993,3.983,3.985,0,0,0,6.24,82.94,1.743652942936,5.577428,38,Tripod,
41400,2026-05-28 07:44:29,51.9887531928719,4.39013875095386,5.577428,,,1.743652942936,4.92126,4.1159696,47.12270492,61.158794608,27,5,11.965,2.071736942936,5.905512,6.9568834,47.12270492,-2.013246,3.579104,0,118.7, 0.8, -0.9,,,0,0,1684,1024,1024,1024,100,0,0,0,117.2,0,0,92,3.993,3.983,3.985,0,0,0,6.24,82.94,1.743652942936,5.577428,38,Tripod,
41500,2026-05-28 07:44:29,51.9887522719579,4.39014122988355,5.577428,,,1.743652942936,4.92126,3.914645,47.772967408,61.809057096,27,5,11.965,2.071736942936,5.905512,6.9568834,47.772967408,-2.013246,3.35541,0,118.7, 0.4, -1.8,,,0,0,1684,1024,1024,1024,100,0,0,0,117.2,0,0,92,3.993,3.983,3.985,0,0,0,6.24,82.94,1.743652942936,5.577428,38,Tripod,
41600,2026-05-28 07:44:29,51.9887514337627,4.39014334909987,5.577428,,,1.743652942936,4.92126,3.6014734,48.338584224,62.375001996,27,5,11.962,2.071736942936,5.905512,6.9568834,48.338584224,-1.789552,3.131716,0,118.8, 0.2, -1.4,,,0,0,1684,1024,1024,1024,100,0,0,0,117.1,0,0,92,3.991,3.981,3.986,0,0,0,6.27,82.94,1.743652942936,5.577428,38,Tripod,
41700,2026-05-28 07:44:29,51.9887505963384,4.39014560970026,5.577428,,,1.743652942936,4.92126,3.6014734,48.931103928,62.967849784,27,5,11.962,2.071736942936,5.905512,6.9568834,48.931103928,-1.789552,3.131716,0,118.8, -0.2, -1.4,,,0,0,1684,1024,1024,1024,100,0,0,0,117.1,0,0,92,3.991,3.981,3.986,0,0,0,6.27,82.94,1.743652942936,5.577428,38,Tripod,
41800,2026-05-28 07:44:29,51.9887497987165,4.39014789299057,5.577428,,,1.743652942936,4.92126,3.5119958,49.520014708,63.557744816,27,5,11.962,2.071736942936,5.905512,6.9568834,49.520014708,-1.565858,3.131716,0,119.1, 0, -0.9,,,0,0,1684,1024,1024,1024,100,0,0,0,117.1,0,0,92,3.991,3.981,3.986,0,0,0,6.27,82.94,1.743652942936,5.577428,38,Tripod,
41900,2026-05-28 07:44:29,51.9887490250307,4.39015004731993,5.577428,,,1.743652942936,4.92126,3.3106712,50.079726012,64.117784204,27,5,11.962,2.071736942936,5.905512,6.9568834,50.079726012,-1.565858,2.908022,0,119.1, 0.4, -0.4,,,0,0,1684,1024,1024,1024,100,0,0,0,117.1,0,0,92,3.991,3.981,3.986,0,0,0,6.27,82.94,1.743652942936,5.577428,38,Tripod,
42000,2026-05-28 07:44:29,51.9887484477348,4.39015185981233,5.577428,,,1.743652942936,4.92126,3.1093466,50.536090856,64.576445636,27,5,11.962,2.071736942936,5.905512,6.9568834,50.536090856,-1.565858,2.684328,0,119.2, 0.2, 0,,,0,0,1024,1024,1024,1024,0,0,0,0,117.1,0,0,92,3.991,3.981,3.986,0,0,0,6.27,82.94,1.743652942936,5.577428,38,Tripod,
42100,2026-05-28 07:44:29,51.9887477344978,4.3901538244703,5.577428,,,1.743652942936,4.92126,3.1093466,51.047901896,65.088912844,27,5,11.962,2.071736942936,5.905512,6.9568834,51.047901896,-1.565858,2.684328,0,119.2, -0.4, -0.1,,,0,0,1024,1024,1024,1024,0,0,0,0,117.1,0,0,92,3.991,3.981,3.986,0,0,0,6.27,82.94,1.743652942936,5.577428,38,Tripod,
42200,2026-05-28 07:44:29,51.9887469620885,4.39015573924113,5.577428,,,1.743652942936,4.92126,2.908022,51.562337608,65.603020472,27,5,11.962,2.071736942936,5.905512,6.9568834,51.562337608,-1.565858,2.460634,0,119.1, 3.5, -0.9,,,0,0,364,1024,1024,1024,-100,0,0,0,117.2,0,0,92,3.991,3.981,3.986,0,0,0,6.27,82.94,1.743652942936,5.577428,38,Tripod,
42300,2026-05-28 07:44:30,51.9887462761802,4.39015749512697,5.577428,,,1.743652942936,4.92126,2.6172198,52.029529224,66.070212088,27,5,11.962,2.071736942936,5.905512,6.9568834,52.029529224,-1.342164,2.23694,0,118.8, 8.6, -1.4,,,0,0,364,1030,1024,1024,-100,1,0,0,117.1,0,0,92,3.991,3.981,3.986,0,0,0,6.27,82.94,1.743652942936,5.577428,38,Tripod,
42400,2026-05-28 07:44:30,51.9887457930615,4.39015893909973,5.577428,,,1.743652942936,4.92126,2.1027236,52.397639472,66.439634672,27,5,11.962,2.071736942936,5.905512,6.9568834,52.397639472,-1.11847,1.789552,0,118.3, 13.3, -2,,,0,0,1024,1024,1024,1024,0,0,0,0,117.2,0,0,92,3.991,3.981,3.986,0,0,0,6.27,82.94,1.743652942936,5.577428,38,Tripod,
42500,2026-05-28 07:44:30,51.9887453069014,4.39016009611694,5.577428,,,1.743652942936,4.92126,1.4316416,52.712272028,66.754267228,27,5,11.962,2.071736942936,5.905512,6.9568834,52.712272028,-0.894776,1.11847,0,118.1, 13.4, -2.1,,,0,0,1024,1024,1024,1024,0,0,0,0,117.1,0,0,92,3.991,3.981,3.986,0,0,0,6.27,82.94,1.743652942936,5.577428,38,Tripod,
42600,2026-05-28 07:44:30,51.98874509426,4.39016078628726,5.577428,,,1.743652942936,4.92126,1.006623,52.884516128,66.92749558,27,5,11.963,2.071736942936,5.905512,6.9568834,52.884516128,-0.447388,0.894776,0,118.3, 5.3, -2.1,,,0,0,1278,1024,1024,1024,38,0,0,0,117.1,0,0,92,3.991,3.982,3.985,0,0,0,6.23,83.12,1.743652942936,5.577428,38,Tripod,
42700,2026-05-28 07:44:30,51.9887448144447,4.39016139279309,5.577428,,,1.743652942936,4.593176,0.8052984,53.05446364,67.097771176,27,5,11.963,2.071736942936,5.905512,6.9568834,53.05446364,-0.447388,0.671082,0,118.3, 2.9, -1.6,,,0,0,1024,1024,1024,1024,0,0,0,0,117.1,0,0,92,3.991,3.982,3.985,0,0,0,6.23,83.12,1.743652942936,5.577428,38,Tripod,
42800,2026-05-28 07:44:30,51.9887442775509,4.39016220883616,5.577428,,,1.743652942936,4.593176,0.4921268,53.314634252,67.366143888,27,5,11.963,2.071736942936,5.905512,6.9568834,53.314634252,-0.223694,0.447388,0,118.5, 0.7, -1.5,,,0,0,1024,1024,1024,1024,0,0,0,0,117.1,0,0,92,3.991,3.982,3.985,0,0,0,6.23,83.12,1.743652942936,5.577428,38,Tripod,
42900,2026-05-28 07:44:30,51.9887440380518,4.39016267060533,5.577428,,,1.743652942936,4.593176,0.4921268,53.449148692,67.501970664,27,5,11.963,2.071736942936,5.905512,6.9568834,53.449148692,-0.223694,0.447388,0,118.9, 0.4, -1.7,,,0,0,1024,1024,1024,1024,0,0,0,0,117.1,0,0,92,3.991,3.982,3.985,0,0,0,6.23,83.12,1.743652942936,5.577428,38,Tripod,
43000,2026-05-28 07:44:30,51.9887436636054,4.39016339011553,5.577428,,,1.743652942936,4.92126,0.3131716,53.659122452,67.713584844,27,5,11.963,2.071736942936,5.905512,6.9568834,53.659122452,-0.223694,0.223694,0,118.9, 0.9, -2,,,0,0,1684,1024,1024,1024,100,0,0,0,117.1,0,0,92,3.991,3.982,3.985,0,0,0,6.23,83.12,1.743652942936,5.577428,38,Tripod,
43100,2026-05-28 07:44:30,51.9887434486936,4.3901637833003,5.577428,,,1.743652942936,4.92126,0.3131716,53.775920356,67.831695084,27,5,11.963,2.071736942936,5.905512,6.9568834,53.775920356,-0.223694,0.223694,0,118.8, -0.7, -2,,,0,0,1451,1024,1024,1024,65,0,0,0,117.1,0,0,92,3.991,3.982,3.985,0,0,0,6.23,83.12,1.743652942936,5.577428,38,Tripod,
43200,2026-05-28 07:44:30,51.9887433649255,4.39016406590144,5.577428,,,1.743652942936,4.92126,0.3131716,53.845802248,67.902233144,27,5,11.963,2.071736942936,5.905512,6.9568834,53.845802248,-0.223694,0.223694,0,119, -1.7, -2.1,,,0,0,1024,1024,1024,1024,0,0,0,0,117.2,0,0,92,3.991,3.982,3.985,0,0,0,6.23,83.12,1.743652942936,5.577428,38,Tripod,
43300,2026-05-28 07:44:31,51.9887431901587,4.39016445481538,5.577428,,,1.743652942936,4.92126,0.3131716,53.953741884,68.01017278,27,5,11.963,2.071736942936,5.905512,6.9568834,53.953741884,-0.223694,0.223694,0,119, -0.7, -2,,,0,0,1024,1024,1024,1024,0,0,0,0,117.1,0,0,92,3.991,3.982,3.985,0,0,0,6.23,83.12,1.743652942936,5.577428,38,Tripod,
43400,2026-05-28 07:44:31,51.9887431252294,4.39016441899289,5.577428,,,1.743652942936,4.92126,0.223694,53.95997548,68.035107164,27,5,11.963,2.071736942936,5.905512,6.9568834,53.95997548,0,0.223694,0,119.1, 0, -1.6,,,0,0,1024,1024,1024,1024,0,0,0,0,117.2,0,0,92,3.991,3.982,3.985,0,0,0,6.23,83.12,1.743652942936,5.577428,38,Tripod,
43500,2026-05-28 07:44:31,51.988742992004,4.3901647585761,5.577428,,,1.743652942936,4.92126,0.223694,54.050526664,68.125658348,27,5,11.963,2.071736942936,5.905512,6.9568834,54.050526664,0,0.223694,0,119.1, 0.4, -1.2,,,0,0,1024,1024,1024,1024,0,0,0,0,117.1,0,0,92,3.991,3.982,3.985,0,0,0,6.23,83.12,1.743652942936,5.577428,38,Tripod,
43600,2026-05-28 07:44:31,51.9887429906076,4.39016459610198,5.577428,,,1.743652942936,4.92126,0.223694,54.020014852,68.162403756,27,5,11.948,2.071736942936,5.905512,6.9568834,54.050526664,0,0.223694,0,119, 0.6, -1.4,,,0,0,1024,1024,1024,1678,0,0,0,99,117.1,0,0,92,3.988,3.977,3.979,0,0,0,6.567,83.12,1.743652942936,5.577428,38,Tripod,
43700,2026-05-28 07:44:31,51.9887428948371,4.39016484193462,5.577428,,,1.743652942936,4.92126,0,54.085303568,68.227692472,27,5,11.948,2.071736942936,5.905512,6.9568834,54.085303568,0,0,0,118.9, 0.4, -1.2,,,0,0,1024,1024,1024,1678,0,0,0,99,117.1,0,0,92,3.988,3.977,3.979,0,0,0,6.567,83.12,1.743652942936,5.577428,38,Tripod,
43800,2026-05-28 07:44:31,51.9887427936523,4.39016472496549,5.577428,,,1.743652942936,4.593176,0,54.083335064,68.272968064,27,5,11.948,2.071736942936,5.905512,6.9568834,54.085303568,0,0,0,119.5, 0.8, -0.9,,,0,0,1024,1024,1024,1684,0,0,0,100,117.7,0,0,92,3.988,3.977,3.979,0,0,0,6.567,83.12,1.743652942936,5.577428,38,Tripod,
43900,2026-05-28 07:44:31,51.9887427245252,4.39016488234789,5.577428,,,1.743652942936,4.593176,0,54.126970236,68.316275152,27,5,11.948,2.071736942936,5.905512,6.9568834,54.126970236,0,0,0,120.5, 0.7, -1.1,,,0,0,1024,1024,1024,1684,0,0,0,100,119.5,0,0,92,3.988,3.977,3.979,0,0,0,6.567,83.12,1.743652942936,5.577428,38,Tripod,
44000,2026-05-28 07:44:31,51.9887427222721,4.39016484811131,5.577428,,,1.743652942936,4.593176,0,54.12073664,68.324149168,27,5,11.948,2.071736942936,5.905512,6.9568834,54.126970236,0,0,0,122.2, 0.3, -1.2,,,0,0,1024,1024,1024,1684,0,0,0,100,121.7,0,0,92,3.988,3.977,3.979,0,0,0,6.567,83.12,1.743652942936,5.577428,38,Tripod,
44100,2026-05-28 07:44:31,51.9887427015742,4.39016493301406,5.577428,,,1.743652942936,4.593176,0,54.141077848,68.344490376,27,5,11.948,2.071736942936,5.905512,6.9568834,54.141077848,0,0,0,124.4, -0.4, -0.6,,,0,0,1024,1024,1024,1684,0,0,0,100,124.1,0,0,92,3.988,3.977,3.979,0,0,0,6.567,83.12,1.743652942936,5.577428,38,Tripod,
44200,2026-05-28 07:44:31,51.9887427877925,4.39016493251324,5.577428,,,1.743652942936,4.593176,0,54.123689396,68.37598644,27,5,11.948,2.071736942936,5.905512,6.9568834,54.141077848,0,0,0,126.7, -0.8, -0.4,,,0,0,1024,1024,1024,1684,0,0,0,100,126.5,0,0,92,3.988,3.977,3.979,0,0,0,6.567,83.12,1.743652942936,5.577428,38,Tripod,
44300,2026-05-28 07:44:32,51.9887427953229,4.39016499752236,5.577428,,,1.743652942936,4.593176,0,54.134516168,68.391078304,27,5,11.948,2.071736942936,5.905512,6.9568834,54.141077848,0,0,0,129.2, -0.8, 0,,,0,0,1024,1024,1024,1684,0,0,0,100,128.9,0,0,92,3.988,3.977,3.979,0,0,0,6.567,83.12,1.743652942936,5.577428,38,Tripod,
44400,2026-05-28 07:44:32,51.9887429530585,4.39016505760675,5.577428,,,1.743652942936,4.593176,0,54.114503044,68.450133424,27,5,11.948,2.071736942936,5.905512,6.9568834,54.141077848,0,0,0,131.6, -0.6, 0.5,,,0,0,1024,1024,1024,1684,0,0,0,100,131.3,0,0,92,3.988,3.977,3.979,0,0,0,6.567,83.12,1.743652942936,5.577428,38,Tripod,
44500,2026-05-28 07:44:32,51.9887429656006,4.39016510813383,5.577428,,,1.743652942936,4.593176,0,54.121720892,68.462272532,27,5,11.948,2.071736942936,5.905512,6.9568834,54.141077848,0,0,0,134, -0.5, 0.4,,,0,0,1024,1024,1024,1684,0,0,0,100,133.7,0,0,92,3.988,3.977,3.979,0,0,0,6.567,83.12,1.743652942936,5.577428,38,Tripod,
44600,2026-05-28 07:44:32,51.9887429843109,4.39016497974325,5.577428,,,1.743652942936,4.593176,0,54.093833752,68.491800092,27,5,11.951,2.071736942936,5.905512,6.9568834,54.141077848,0,0,0,136.4, -0.3, 0.1,,,0,0,1024,1024,1024,1684,0,0,0,100,136.1,0,0,92,3.989,3.979,3.98,0,0,0,6.43,83.12,1.743652942936,5.577428,38,Tripod,
44700,2026-05-28 07:44:32,51.9887429927066,4.3901649922359,5.577428,,,1.743652942936,4.593176,0,54.09448992,68.496065184,27,5,11.951,2.071736942936,5.905512,6.9568834,54.141077848,0,0,0,138.9, -0.2, 0,,,0,0,1024,1024,1024,1684,0,0,0,100,138.5,0,0,92,3.989,3.979,3.98,0,0,0,6.43,83.12,1.743652942936,5.577428,38,Tripod,
44800,2026-05-28 07:44:32,51.9887429865041,4.39016491413593,5.577428,,,1.743652942936,4.593176,0,54.081038476,68.51378172,27,5,11.951,2.071736942936,5.905512,6.9568834,54.141077848,0,0,0,141.2, -0.3, 0.1,,,0,0,1024,1024,1024,1684,0,0,0,100,140.9,0,0,92,3.989,3.979,3.98,0,0,0,6.43,83.12,1.743652942936,5.577428,38,Tripod,
44900,2026-05-28 07:44:32,51.9887430023016,4.3901649058585,5.577428,,,1.743652942936,4.593176,0,54.076117216,68.519687232,27,5,11.951,2.071736942936,5.905512,6.9568834,54.141077848,0,0,0,143.7, -0.7, 0,,,0,0,1024,1024,1024,1684,0,0,0,100,143.3,0,0,92,3.989,3.979,3.98,0,0,0,6.43,83.12,1.743652942936,5.577428,38,Tripod,
45000,2026-05-28 07:44:32,51.9887430301958,4.39016489719154,5.577428,,,1.743652942936,4.593176,0,54.068899368,68.53018592,27,5,11.951,2.071736942936,5.905512,6.9568834,54.141077848,0,0,0,146.3, -1.1, -0.2,,,0,0,1024,1024,1024,1684,0,0,0,100,145.7,0,0,92,3.989,3.979,3.98,0,0,0,6.43,83.12,1.743652942936,5.577428,38,Tripod,
45100,2026-05-28 07:44:32,51.9887430496515,4.39016488570053,5.577428,,,1.743652942936,4.593176,0,54.062993856,68.537731852,27,5,11.951,2.071736942936,5.905512,6.9568834,54.141077848,0,0,0,148.7, -1, -0.1,,,0,0,1024,1024,1024,1684,0,0,0,100,148.1,0,0,92,3.989,3.979,3.98,0,0,0,6.43,83.12,1.743652942936,5.577428,38,Tripod,
45200,2026-05-28 07:44:32,51.9887430670682,4.39016479310463,5.577428,,,1.743652942936,4.593176,0,54.04199648,68.559385396,27,5,11.951,2.071736942936,5.905512,6.9568834,54.141077848,0,0,0,151.1, -0.8, 0,,,0,0,1024,1024,1024,1684,0,0,0,100,150.5,0,0,92,3.989,3.979,3.98,0,0,0,6.43,83.12,1.743652942936,5.577428,38,Tripod,
45300,2026-05-28 07:44:32,51.9887430806897,4.39016476803583,5.577428,,,1.743652942936,4.593176,0,54.034778632,68.566931328,27,5,11.951,2.071736942936,5.905512,6.9568834,54.141077848,0,0,0,153.6, -0.7, 0,,,0,0,1024,1024,1024,1684,0,0,0,100,152.9,0,0,92,3.989,3.979,3.98,0,0,0,6.43,83.12,1.743652942936,5.577428,38,Tripod,
45400,2026-05-28 07:44:33,51.9887430661343,4.39016470291542,5.577428,,,1.743652942936,4.593176,0,54.025264196,68.58267936,27,5,11.951,2.071736942936,5.905512,6.9568834,54.141077848,0,0,0,155.9, -0.4, -0.2,,,0,0,1024,1024,1024,1684,0,0,0,100,155.3,0,0,92,3.989,3.979,3.98,0,0,0,6.43,83.12,1.743652942936,5.577428,38,Tripod,
45500,2026-05-28 07:44:33,51.9887430700323,4.39016465291696,5.577428,,,1.743652942936,4.593176,0,54.015093592,68.593834216,27,5,11.951,2.071736942936,5.905512,6.9568834,54.141077848,0,0,0,158.3, -0.3, -0.5,,,0,0,1024,1024,1024,1684,0,0,0,100,157.7,0,0,92,3.989,3.979,3.98,0,0,0,6.43,83.12,1.743652942936,5.577428,38,Tripod,
45600,2026-05-28 07:44:33,51.9887430510136,4.39016458520898,5.577428,,,1.743652942936,4.593176,0,54.00590724,68.6105665,27,5,11.944,2.071736942936,5.905512,6.9568834,54.141077848,0,0,0,160.8, -0.3, -0.6,,,0,0,1024,1024,1024,1684,0,0,0,100,160.1,0,0,92,3.987,3.976,3.978,0,0,0,6.6,83.12,1.743652942936,5.577428,38,Tripod,
45700,2026-05-28 07:44:33,51.98874304966,4.39016452136844,5.577428,,,1.743652942936,4.593176,0,53.9944243,68.625002196,27,5,11.944,2.071736942936,5.905512,6.9568834,54.141077848,0,0,0,163, -0.4, -0.8,,,0,0,1024,1024,1024,1684,0,0,0,100,162.5,0,0,92,3.987,3.976,3.978,0,0,0,6.6,83.12,1.743652942936,5.577428,38,Tripod,
45800,2026-05-28 07:44:33,51.9887430480237,4.39016449506153,5.577428,,,1.743652942936,4.593176,0,53.98950304,68.630907708,27,5,11.944,2.071736942936,5.905512,6.9568834,54.141077848,0,0,0,165.4, -0.2, -1.2,,,0,0,1024,1024,1024,1684,0,0,0,100,164.9,0,0,92,3.987,3.976,3.978,0,0,0,6.6,83.12,1.743652942936,5.577428,38,Tripod,
45900,2026-05-28 07:44:33,51.98874304404,4.39016444383887,5.577428,,,1.743652942936,4.593176,0,53.980644772,68.642390648,27,5,11.944,2.071736942936,5.905512,6.9568834,54.141077848,0,0,0,167.9, 0, -1.2,,,0,0,1024,1024,1024,1684,0,0,0,100,167.3,0,0,92,3.987,3.976,3.978,0,0,0,6.6,83.12,1.743652942936,5.577428,38,Tripod,
46000,2026-05-28 07:44:33,51.9887430567106,4.39016435573643,5.577428,,,1.743652942936,4.593176,0,53.9616159,68.662731856,27,5,11.944,2.071736942936,5.905512,6.9568834,54.141077848,0,0,0,170.3, 0, -1.1,,,0,0,1024,1024,1024,1684,0,0,0,100,169.7,0,0,92,3.987,3.976,3.978,0,0,0,6.6,83.12,1.743652942936,5.577428,38,Tripod,
46100,2026-05-28 07:44:33,51.9887430590323,4.39016432525603,5.577428,,,1.743652942936,4.593176,0,53.955382304,68.66962162,27,5,11.944,2.071736942936,5.905512,6.9568834,54.141077848,0,0,0,172.7, -0.1, -1,,,0,0,1024,1024,1024,1684,0,0,0,100,172.1,0,0,92,3.987,3.976,3.978,0,0,0,6.6,83.12,1.743652942936,5.577428,38,Tripod,
46200,2026-05-28 07:44:33,51.9887429297391,4.39016427461765,5.577428,,,1.743652942936,4.92126,0,53.97145842,68.718178052,27,5,11.944,2.071736942936,5.905512,6.9568834,54.141077848,0,0,0,175.1, -0.1, -0.8,,,0,0,1024,1024,1024,1684,0,0,0,100,174.5,0,0,92,3.987,3.976,3.978,0,0,0,6.6,83.12,1.743652942936,5.577428,38,Tripod,
46300,2026-05-28 07:44:33,51.988742921035,4.3901642617633,5.577428,,,1.743652942936,4.92126,0,53.970802252,68.722443144,27,5,11.944,2.071736942936,5.905512,6.9568834,54.141077848,0,0,0,177.5, 0, -0.7,,,0,0,1024,1024,1024,1684,0,0,0,100,176.9,0,0,92,3.987,3.976,3.978,0,0,0,6.6,83.12,1.743652942936,5.577428,38,Tripod,
46400,2026-05-28 07:44:34,51.9887428078735,4.39016417723615,5.577428,,,1.743652942936,4.92126,0,53.977363932,68.76804682,27,5,11.944,2.071736942936,5.905512,6.9568834,54.141077848,0,0,0,179.9, 0.1, -0.5,,,0,0,1024,1024,1024,1684,0,0,0,100,179.3,0,0,92,3.987,3.976,3.978,0,0,0,6.6,83.12,1.743652942936,5.577428,38,Tripod,
46500,2026-05-28 07:44:34,51.9887427960254,4.39016415937359,5.577428,,,1.743652942936,4.92126,0,53.97637968,68.773952332,27,5,11.944,2.071736942936,5.905512,6.9568834,54.141077848,0,0,0,182.4, 0.2, -0.4,,,0,0,1024,1024,1024,1684,0,0,0,100,181.8,0,0,92,3.987,3.976,3.978,0,0,0,6.6,83.12,1.743652942936,5.577428,38,Tripod,
46600,2026-05-28 07:44:34,51.988742849492,4.39016415421236,5.577428,,,1.743652942936,4.92126,0,53.96489674,68.793309288,27,5,11.935,2.071736942936,5.905512,6.9568834,54.141077848,0,0,0,184.8, 0.3, -0.5,,,0,0,1024,1024,1024,1684,0,0,0,100,184.2,0,0,92,3.986,3.975,3.977,0,0,0,6.805,83.12,1.743652942936,5.577428,38,Tripod,
46700,2026-05-28 07:44:34,51.9887428525162,4.39016412206255,5.577428,,,1.743652942936,4.92126,0,53.95833506,68.80085522,27,5,11.935,2.071736942936,5.905512,6.9568834,54.141077848,0,0,0,187.1, 0.2, -0.5,,,0,0,1024,1024,1024,1684,0,0,0,100,186.6,0,0,92,3.986,3.975,3.977,0,0,0,6.805,83.12,1.743652942936,5.577428,38,Tripod,
46800,2026-05-28 07:44:34,51.9887427422418,4.39016407070075,5.577428,,,1.743652942936,4.92126,0,53.970474168,68.842521888,27,5,11.935,2.071736942936,5.905512,6.9568834,54.141077848,0,0,0,189.5, 0.3, -0.5,,,0,0,1024,1024,1024,1684,0,0,0,100,189,0,0,92,3.986,3.975,3.977,0,0,0,6.805,83.12,1.743652942936,5.577428,38,Tripod,
46900,2026-05-28 07:44:34,51.9887427385237,4.39016401945024,5.577428,,,1.743652942936,4.92126,0,53.9616159,68.854332912,26,5,11.935,2.071736942936,5.905512,6.9568834,54.141077848,0,0,0,191.9, 0.3, -0.7,,,0,0,1024,1024,1024,1684,0,0,0,100,191.4,0,0,92,3.986,3.975,3.977,0,0,0,6.805,83.12,1.743652942936,5.577428,38,Tripod,
47000,2026-05-28 07:44:34,51.98874276784,4.3901639603953,5.577428,,,1.743652942936,4.92126,0,53.944555532,68.87139328,26,5,11.935,2.071736942936,5.905512,6.9568834,54.141077848,0,0,0,194.2, 0.5, -0.9,,,0,0,1024,1024,1024,1684,0,0,0,100,193.8,0,0,92,3.986,3.975,3.977,0,0,0,6.805,83.12,1.743652942936,5.577428,38,Tripod,
47100,2026-05-28 07:44:34,51.9887427706928,4.39016388474377,5.577428,,,1.743652942936,4.593176,0,53.929791752,68.888125564,26,5,11.935,2.071736942936,5.905512,6.9568834,54.141077848,0,0,0,196.5, 0.6, -1,,,0,0,1024,1024,1024,1684,0,0,0,100,196.2,0,0,92,3.986,3.975,3.977,0,0,0,6.805,83.12,1.743652942936,5.577428,38,Tripod,
47200,2026-05-28 07:44:34,51.9887426247453,4.39016384672325,5.577428,,,1.743652942936,4.593176,0,53.95177338,68.942259424,26,5,11.935,2.071736942936,5.905512,6.9568834,54.141077848,0,0,0,198.8, 0.7, -1.2,,,0,0,1024,1024,1024,1684,0,0,0,100,198.6,0,0,92,3.986,3.975,3.977,0,0,0,6.805,83.12,1.743652942936,5.577428,38,Tripod,
47300,2026-05-28 07:44:34,51.9887426177975,4.39016376735732,5.577428,,,1.743652942936,4.92126,0,53.938321936,68.960304044,26,5,11.935,2.071736942936,5.905512,6.9568834,54.141077848,0,0,0,201.3, 0.8, -1.1,,,0,0,1024,1024,1024,1684,0,0,0,100,201,0,0,92,3.986,3.975,3.977,0,0,0,6.805,83.12,1.743652942936,5.577428,38,Tripod,
47400,2026-05-28 07:44:35,51.9887424886928,4.39016378437126,5.577428,,,1.743652942936,4.92126,0,53.967193328,69.00754814,26,5,11.935,2.071736942936,5.905512,6.9568834,54.141077848,0,0,0,203.7, 1, -1.2,,,0,0,1024,1024,1024,1684,0,0,0,100,203.4,0,0,92,3.986,3.975,3.977,0,0,0,6.805,83.12,1.743652942936,5.577428,38,Tripod,
47500,2026-05-28 07:44:35,51.988742482576,4.39016371310191,5.577428,,,1.743652942936,4.92126,0,53.95505422,69.023624256,26,5,11.935,2.071736942936,5.905512,6.9568834,54.141077848,0,0,0,205.9, 1.1, -1.3,,,0,0,1024,1024,1024,1684,0,0,0,100,205.8,0,0,92,3.986,3.975,3.977,0,0,0,6.805,83.12,1.743652942936,5.577428,38,Tripod,
47600,2026-05-28 07:44:35,51.9887425295917,4.39016363048066,5.577428,,,1.743652942936,4.92126,0,53.930119836,69.048886724,26,5,11.939,2.071736942936,5.905512,6.9568834,54.141077848,0,0,0,208.3, 1, -1.7,,,0,0,1024,1024,1024,1684,0,0,0,100,208.2,0,0,92,3.985,3.974,3.977,0,0,0,6.646,83.12,1.743652942936,5.577428,38,Tripod,
47700,2026-05-28 07:44:35,51.9887425382701,4.39016357267779,5.577428,,,1.743652942936,4.92126,0,53.917652644,69.062338168,26,5,11.939,2.071736942936,5.905512,6.9568834,54.141077848,0,0,0,210.6, 1, -1.8,,,0,0,1024,1024,1024,1684,0,0,0,100,210.6,0,0,92,3.985,3.974,3.977,0,0,0,6.646,83.12,1.743652942936,5.577428,38,Tripod,
47800,2026-05-28 07:44:35,51.9887424078718,4.39016353643796,5.577428,,,1.743652942936,4.92126,0,53.936681516,69.110566516,26,5,11.939,2.071736942936,5.905512,6.9568834,54.141077848,0,0,0,213.1, 1, -1.8,,,0,0,1024,1024,1024,1684,0,0,0,100,213,0,0,92,3.985,3.974,3.977,0,0,0,6.646,83.12,1.743652942936,5.577428,38,Tripod,
47900,2026-05-28 07:44:35,51.9887424043422,4.39016350815561,5.577428,,,1.743652942936,4.92126,0,53.93208834,69.117128196,26,5,11.939,2.071736942936,5.905512,6.9568834,54.141077848,0,0,0,215.4, 0.9, -1.7,,,0,0,1024,1024,1024,1684,0,0,0,100,215.4,0,0,92,3.985,3.974,3.977,0,0,0,6.646,83.12,1.743652942936,5.577428,38,Tripod,
48000,2026-05-28 07:44:35,51.9887424029971,4.3901636163743,5.577428,,,1.743652942936,4.92126,0,53.952757632,69.141406412,26,5,11.939,2.071736942936,5.905512,6.9568834,54.141077848,0,0,0,217.8, 0.7, -1.3,,,0,0,1024,1024,1024,1684,0,0,0,100,217.8,0,0,92,3.985,3.974,3.977,0,0,0,6.646,83.12,1.743652942936,5.577428,38,Tripod,
48100,2026-05-28 07:44:35,51.9887423968289,4.39016361847496,5.577428,,,1.743652942936,4.92126,0,53.954398052,69.143703,26,5,11.939,2.071736942936,5.905512,6.9568834,54.141077848,0,0,0,220.2, 0.5, -1.2,,,0,0,1024,1024,1024,1684,0,0,0,100,220.2,0,0,92,3.985,3.974,3.977,0,0,0,6.646,83.12,1.743652942936,5.577428,38,Tripod,
48200,2026-05-28 07:44:35,51.9887425292233,4.39016364496273,5.577428,,,1.743652942936,4.92126,0,53.932744508,69.192259432,26,5,11.939,2.071736942936,5.905512,6.9568834,54.141077848,0,0,0,222.7, 0.5, -1.1,,,0,0,1024,1024,1024,1684,0,0,0,100,222.6,0,0,92,3.985,3.974,3.977,0,0,0,6.646,83.12,1.743652942936,5.577428,38,Tripod,
48300,2026-05-28 07:44:35,51.9887425447467,4.39016364679906,5.577428,,,1.743652942936,4.92126,0,53.930119836,69.19783686,26,5,11.939,2.071736942936,5.905512,6.9568834,54.141077848,0,0,0,225, 0.8, -1.2,,,0,0,1024,1024,1024,1684,0,0,0,100,225,0,0,92,3.985,3.974,3.977,0,0,0,6.646,83.12,1.743652942936,5.577428,38,Tripod,
48400,2026-05-28 07:44:36,51.9887425208876,4.39016373829595,5.577428,,,1.743652942936,4.92126,0,53.952101464,69.220474656,26,5,11.939,2.071736942936,5.905512,6.9568834,54.141077848,0,0,0,227.5, 0.6, -1.3,,,0,0,1024,1024,1024,1684,0,0,0,100,227.4,0,0,92,3.985,3.974,3.977,0,0,0,6.646,83.12,1.743652942936,5.577428,38,Tripod,
48500,2026-05-28 07:44:36,51.9887425402833,4.39016375405784,5.577428,,,1.743652942936,4.92126,0,53.951117212,69.228348672,26,5,11.939,2.071736942936,5.905512,6.9568834,54.141077848,0,0,0,229.8, 0.5, -1.5,,,0,0,1024,1024,1024,1684,0,0,0,100,229.8,0,0,92,3.985,3.974,3.977,0,0,0,6.646,83.12,1.743652942936,5.577428,38,Tripod,
48600,2026-05-28 07:44:36,51.9887425086625,4.39016396252384,5.577428,,,1.743652942936,4.92126,0,53.996720888,69.27657702,26,5,11.942,2.071736942936,5.905512,6.9568834,54.141077848,0,0,0,232.4, 0.5, -1.5,,,0,0,1024,1024,1024,1662,0,0,0,97,232.2,0,0,92,3.987,3.976,3.978,0,0,0,6.554,83.12,1.743652942936,5.577428,38,Tripod,
48700,2026-05-28 07:44:36,51.9887425251197,4.39016400101736,5.577428,,,1.743652942936,4.92126,0,54.000657896,69.287075708,26,5,11.942,2.071736942936,5.905512,6.9568834,54.141077848,0,0,0,234.6, 0.6, -1.5,,,0,0,1024,1024,1024,1024,0,0,0,0,234.5,0,0,92,3.987,3.976,3.978,0,0,0,6.554,83.12,1.743652942936,5.577428,38,Tripod,
48800,2026-05-28 07:44:36,51.988742628789,4.3901640180313,5.577428,,,1.743652942936,4.593176,0,53.983269444,69.325133452,26,5,11.942,2.071736942936,5.905512,6.9568834,54.141077848,0,0,0,236.1, 0.4, -1.9,,,0,0,1024,1024,1024,1024,0,0,0,0,235.7,0,0,92,3.987,3.976,3.978,0,0,0,6.554,83.12,1.743652942936,5.577428,38,Tripod,
48900,2026-05-28 07:44:36,51.9887426541045,4.39016406051747,5.577428,,,1.743652942936,4.92126,0,53.9862222,69.338256812,26,5,11.942,2.071736942936,5.905512,6.9568834,54.141077848,0,0,0,237.2, 0.2, -1.7,,,0,0,1024,1024,1024,1024,0,0,0,0,236.1,0,0,92,3.987,3.976,3.978,0,0,0,6.554,83.12,1.743652942936,5.577428,38,Tripod,
49000,2026-05-28 07:44:36,51.9887427220665,4.39016405844463,5.577428,,,1.743652942936,4.92126,0,53.972114588,69.363191196,26,5,11.942,2.071736942936,5.905512,6.9568834,54.141077848,0,0,0,237.6, 0.1, -1.4,,,0,0,1024,1024,1024,1024,0,0,0,0,236.1,0,0,92,3.987,3.976,3.978,0,0,0,6.554,83.12,1.743652942936,5.577428,38,Tripod,
49100,2026-05-28 07:44:36,51.9887427442636,4.39016408914762,5.577428,,,1.743652942936,4.92126,0,53.973426924,69.373689884,26,5,11.942,2.071736942936,5.905512,6.9568834,54.141077848,0,0,0,237.7, -0.2, -1.5,,,0,0,1024,1024,1024,1024,0,0,0,0,236.1,0,0,92,3.987,3.976,3.978,0,0,0,6.554,83.12,1.743652942936,5.577428,38,Tripod,
49200,2026-05-28 07:44:36,51.9887426369448,4.39016403880136,5.577428,,,1.743652942936,4.92126,0,53.985566032,69.4143723,26,5,11.942,2.071736942936,5.905512,6.9568834,54.141077848,0,0,0,237.7, 0.3, -1.8,,,0,0,1024,1024,1024,1684,0,0,0,100,236.1,0,0,92,3.987,3.976,3.978,0,0,0,6.554,83.12,1.743652942936,5.577428,38,Tripod,
49300,2026-05-28 07:44:36,51.9887426389752,4.39016404083246,5.577428,,,1.743652942936,4.92126,0,53.985566032,69.415356552,26,5,11.942,2.071736942936,5.905512,6.9568834,54.141077848,0,0,0,237.8, 1, -1.7,,,0,0,1024,1024,1024,1684,0,0,0,100,236.2,0,0,92,3.987,3.976,3.978,0,0,0,6.554,83.12,1.743652942936,5.577428,38,Tripod,
49400,2026-05-28 07:44:37,51.9887427328181,4.39016411870985,5.577428,,,1.743652942936,4.92126,0,53.98130094,69.45374238,26,5,11.942,2.071736942936,5.905512,6.9568834,54.141077848,0,0,0,238.8, 1, -1.7,,,0,0,1024,1024,1024,1684,0,0,0,100,237.3,0,0,92,3.987,3.976,3.978,0,0,0,6.554,83.12,1.743652942936,5.577428,38,Tripod,
49500,2026-05-28 07:44:37,51.9887427444178,4.39016413726799,5.577428,,,1.743652942936,4.92126,0,53.982613276,69.459647892,26,5,11.942,2.071736942936,5.905512,6.9568834,54.141077848,0,0,0,240, 0.7, -1.8,,,0,0,1287,1024,1024,1024,40,0,0,0,239.3,0,0,92,3.987,3.976,3.978,0,0,0,6.554,83.12,1.743652942936,5.577428,38,Tripod,
49600,2026-05-28 07:44:37,51.9887427094559,4.39016409401669,5.577428,,,1.743652942936,4.92126,0,53.98130094,69.475724008,26,5,11.941,2.071736942936,5.905512,6.9568834,54.141077848,0,0,0,241.1, 0, -1.6,,,0,0,1595,1024,1024,1024,87,0,0,0,240.7,0,0,92,3.986,3.974,3.976,0,0,0,6.495,83.3,1.743652942936,5.577428,38,Tripod,
49700,2026-05-28 07:44:37,51.9887427073655,4.39016408849372,5.577428,,,1.743652942936,4.92126,0,53.980644772,69.477364428,26,5,11.941,2.071736942936,5.905512,6.9568834,54.141077848,0,0,0,242.4, -6, -1.4,,,0,0,1605,1024,1024,1024,88,0,0,0,241.2,0,0,92,3.986,3.974,3.976,0,0,0,6.495,83.3,1.743652942936,5.577428,38,Tripod,
49800,2026-05-28 07:44:37,51.9887426413396,4.39016395193687,5.577428,,,1.743652942936,4.92126,0.223694,53.96817758,69.516406424,26,5,11.941,2.071736942936,5.905512,6.9568834,54.141077848,0,-0.223694,0,243.2, -8.8, -1.1,,,0,0,1580,1024,1024,1024,84,0,0,0,241.2,0,0,92,3.986,3.974,3.976,0,0,0,6.495,83.3,1.743652942936,5.577428,38,Tripod,
49900,2026-05-28 07:44:37,51.9887425438385,4.39016362409485,5.577428,,,1.743652942936,4.92126,0.4921268,53.926182828,69.59809934,27,5,11.941,2.071736942936,5.905512,6.9568834,54.141077848,-0.223694,-0.447388,0,243.4, -9.5, -1.5,,,0,0,1549,1024,1024,1024,80,0,0,0,241.2,0,0,92,3.986,3.974,3.976,0,0,0,6.495,83.3,1.743652942936,5.577428,38,Tripod,
50000,2026-05-28 07:44:37,51.988742493473,4.39016305652738,5.577428,,,1.743652942936,4.92126,1.006623,53.829398048,69.727036352,27,5,11.941,2.071736942936,5.905512,6.9568834,54.141077848,-0.447388,-0.894776,0,243.5, -8.7, -1.4,,,0,0,1541,1024,1024,1024,78,0,0,0,241.2,0,0,92,3.986,3.974,3.976,0,0,0,6.495,83.3,1.743652942936,5.577428,38,Tripod,
50100,2026-05-28 07:44:37,51.9887422675954,4.39016228221899,5.577428,,,1.743652942936,4.92126,1.2079476,53.729660512,69.919293576,27,5,11.941,2.071736942936,5.905512,6.9568834,54.141077848,-0.447388,-1.11847,0,243.5, -8.1, -1.4,,,0,0,1538,1024,1024,1024,78,0,0,0,241.2,0,0,92,3.986,3.974,3.976,0,0,0,6.495,83.3,1.743652942936,5.577428,38,Tripod,
50200,2026-05-28 07:44:37,51.9887419033951,4.39016171931196,5.577428,,,1.743652942936,4.92126,1.7000744,53.697836364,70.102692532,27,5,11.941,2.071736942936,5.905512,6.9568834,54.141077848,-0.671082,-1.565858,0,243.5, -7.7, -1.4,,,0,0,1538,1024,1024,1024,78,0,0,0,241.2,0,0,92,3.986,3.974,3.976,0,0,0,6.495,83.3,1.743652942936,5.577428,38,Tripod,
50300,2026-05-28 07:44:38,51.9887415558575,4.39016062196132,5.577428,,,1.743652942936,4.92126,1.9908766,53.563321924,70.380251596,27,5,11.941,2.071736942936,5.905512,6.9568834,54.141077848,-0.894776,-1.789552,0,243.6, -7.5, -1.4,,,0,0,1518,1024,1024,1024,75,0,0,0,241.2,0,0,92,3.986,3.974,3.976,0,0,0,6.495,83.3,1.743652942936,5.577428,38,Tripod,
50400,2026-05-28 07:44:38,51.9887414622458,4.39015979782146,5.577428,,,1.743652942936,4.92126,2.1922012,53.428807484,70.568243728,27,5,11.941,2.071736942936,5.905512,6.9568834,54.141077848,-0.894776,-2.013246,0,243.5, -7.5, -1.4,,,0,0,1498,1024,1024,1024,72,0,0,0,241.2,0,0,92,3.986,3.974,3.976,0,0,0,6.495,83.3,1.743652942936,5.577428,38,Tripod,
50500,2026-05-28 07:44:38,51.9887410306317,4.39015842554891,5.577428,,,1.743652942936,4.92126,2.5053728,53.262468896,70.914700432,27,5,11.941,2.071736942936,5.905512,6.9568834,54.141077848,-1.11847,-2.23694,0,243.4, -7.1, -1.1,,,0,0,1492,1024,1024,1024,71,0,0,0,241.2,0,0,92,3.986,3.974,3.976,0,0,0,6.495,83.3,1.743652942936,5.577428,38,Tripod,
50600,2026-05-28 07:44:38,51.9887405717917,4.3901572434068,5.577428,,,1.743652942936,4.92126,2.7066974,53.138781228,71.22867682,27,5,11.926,2.071736942936,5.905512,6.9568834,54.141077848,-1.11847,-2.460634,0,243.4, -6.1, -0.6,,,0,0,1399,1024,1024,1485,57,0,0,70,241.2,0,0,92,3.983,3.97,3.973,0,0,0,6.742,83.3,1.743652942936,5.577428,38,Tripod,
50700,2026-05-28 07:44:38,51.9887400583285,4.39015562126723,5.577428,,,1.743652942936,4.92126,2.9974996,52.947180172,71.638453736,27,5,11.926,2.071736942936,5.905512,6.9568834,54.141077848,-1.342164,-2.684328,0,243.7, -4.6, 2,,,0,0,1413,1024,1024,1075,59,0,0,8,241.5,0,0,92,3.983,3.97,3.973,0,0,0,6.742,83.3,1.743652942936,5.577428,38,Tripod,
50800,2026-05-28 07:44:38,51.9887396027012,4.39015408024646,5.577428,,,1.743652942936,5.249344,3.1093466,52.760500376,72.022312016,27,5,11.926,2.071736942936,5.905512,6.9568834,54.141077848,-1.11847,-2.908022,0,244.6, -2.9, 1.8,,,0,0,1416,1024,1024,1024,59,0,0,0,242.8,0,0,92,3.983,3.97,3.973,0,0,0,6.742,83.3,1.743652942936,5.577428,38,Tripod,
50900,2026-05-28 07:44:38,51.9887391322787,4.39015226428991,5.577428,,,1.743652942936,5.249344,3.1093466,52.529201156,72.464897332,27,5,11.926,2.071736942936,5.905512,6.9568834,54.141077848,-1.11847,-2.908022,0,245.2, -2.4, -1.4,,,0,0,1414,1024,1024,1024,59,0,0,0,243.8,0,0,92,3.983,3.97,3.973,0,0,0,6.742,83.3,1.743652942936,5.577428,38,Tripod,
51000,2026-05-28 07:44:38,51.9887388180325,4.39015028608189,5.577428,,,1.743652942936,5.249344,3.1093466,52.237206396,72.924214932,27,5,11.926,2.071736942936,5.905512,6.9568834,54.141077848,-1.11847,-2.908022,0,245.8, -2.4, -1.6,,,0,0,1417,1024,1024,1024,60,0,0,0,244.2,0,0,92,3.983,3.97,3.973,0,0,0,6.742,83.3,1.743652942936,5.577428,38,Tripod,
51100,2026-05-28 07:44:38,51.9887383492805,4.39014839503031,5.577428,,,1.743652942936,5.249344,3.3330406,51.997376992,73.382220196,27,5,11.926,2.071736942936,5.905512,6.9568834,54.141077848,-1.11847,-3.131716,0,246.1, -2, -1.2,,,0,0,1417,1024,1024,1024,60,0,0,0,244.2,0,0,92,3.983,3.97,3.973,0,0,0,6.742,83.3,1.743652942936,5.577428,38,Tripod,
51200,2026-05-28 07:44:38,51.9887377002189,4.39014633460446,5.577428,,,1.743652942936,5.249344,3.3330406,51.769686696,73.902233336,27,5,11.926,2.071736942936,5.905512,6.9568834,54.141077848,-1.11847,-3.131716,0,246.1, -1.7, -1.5,,,0,0,1395,1024,1024,1024,56,0,0,0,244.2,0,0,92,3.983,3.97,3.973,0,0,0,6.742,83.3,1.743652942936,5.577428,38,Tripod,
51300,2026-05-28 07:44:39,51.9887372085073,4.39014437631792,5.577428,,,1.743652942936,5.249344,3.3330406,51.529201124,74.377298968,27,5,11.926,2.071736942936,5.905512,6.9568834,54.141077848,-1.11847,-3.131716,0,246.1, -1, -2,,,0,0,1397,1024,1024,1024,57,0,0,0,244.2,0,0,92,3.983,3.97,3.973,0,0,0,6.742,83.3,1.743652942936,5.577428,38,Tripod,
51400,2026-05-28 07:44:39,51.988736776859,4.39014216385175,5.577428,,,1.743652942936,5.249344,3.4001488,51.233925524,74.898624444,27,5,11.926,2.071736942936,5.905512,6.9568834,54.141077848,-1.342164,-3.131716,0,246.1, -0.5, -2,,,0,0,1394,1024,1024,1024,56,0,0,0,244.2,0,0,92,3.983,3.97,3.973,0,0,0,6.742,83.3,1.743652942936,5.577428,38,Tripod,
51500,2026-05-28 07:44:39,51.9887362631216,4.3901402016839,5.577428,,,1.743652942936,5.249344,3.4001488,51.004594808,75.377627084,27,5,11.926,2.071736942936,5.905512,6.9568834,54.141077848,-1.342164,-3.131716,0,246.1, -0.9, -1.8,,,0,0,1394,1024,1024,1024,56,0,0,0,244.2,0,0,92,3.983,3.97,3.973,0,0,0,6.742,83.3,1.743652942936,5.577428,38,Tripod,
51600,2026-05-28 07:44:39,51.9887355221875,4.39013794937479,5.577428,,,1.743652942936,5.249344,3.4001488,50.780513436,75.951446,27,5,11.934,2.071736942936,5.905512,6.9568834,54.141077848,-1.342164,-3.131716,0,246.2, -0.8, -1.2,,,0,0,1395,1024,1024,1024,56,0,0,0,244.2,0,0,92,3.985,3.973,3.977,0,0,0,6.758,83.3,1.743652942936,5.577428,38,Tripod,
51700,2026-05-28 07:44:39,51.9887349684765,4.39013599516438,5.577428,,,1.743652942936,5.577428,3.4001488,50.569883508,76.434713732,27,5,11.934,2.071736942936,5.905512,6.9568834,54.141077848,-1.342164,-3.131716,0,246.2, -1, -0.6,,,0,0,1397,1024,1024,1080,57,0,0,8,244.2,0,0,92,3.985,3.973,3.977,0,0,0,6.758,83.3,1.743652942936,5.577428,38,Tripod,
51800,2026-05-28 07:44:39,51.9887344551933,4.39013344492349,5.577428,,,1.743652942936,5.249344,3.4001488,50.251313944,77.037732124,27,5,11.934,2.071736942936,5.905512,6.9568834,54.141077848,-1.342164,-3.131716,0,246.2, -0.8, -0.5,,,0,0,1400,1024,1024,1460,57,0,0,66,244.2,0,0,92,3.985,3.973,3.977,0,0,0,6.758,83.3,1.743652942936,5.577428,38,Tripod,
51900,2026-05-28 07:44:39,51.9887339140673,4.39013144135456,5.577428,,,1.743652942936,5.249344,3.4001488,50.037403176,77.529201956,27,5,11.934,2.071736942936,5.905512,6.9568834,54.141077848,-1.342164,-3.131716,0,246.6, -0.5, 3.1,,,0,0,1400,1024,1024,1460,57,0,0,66,244.4,0,0,92,3.985,3.973,3.977,0,0,0,6.758,83.3,1.743652942936,5.577428,38,Tripod,
52000,2026-05-28 07:44:39,51.9887332723905,4.39012918620744,5.577428,,,1.743652942936,5.577428,3.3330406,49.809384796,78.08727284,27,5,11.934,2.071736942936,5.905512,6.9568834,54.141077848,-1.11847,-3.131716,0,247.3, -0.6, 0.8,,,0,0,1418,1024,1024,1024,60,0,0,0,245.4,0,0,92,3.985,3.973,3.977,0,0,0,6.758,83.3,1.743652942936,5.577428,38,Tripod,
52100,2026-05-28 07:44:39,51.9887328041525,4.39012712554512,5.577428,,,1.743652942936,5.577428,3.3330406,49.576445156,78.580711176,27,5,11.934,2.071736942936,5.905512,6.9568834,54.141077848,-1.11847,-3.131716,0,247.9, -1.5, -1.2,,,0,0,1425,1024,1024,1024,61,0,0,0,246.1,0,0,92,3.985,3.973,3.977,0,0,0,6.758,83.3,1.743652942936,5.577428,38,Tripod,
52200,2026-05-28 07:44:39,51.988732363406,4.39012482997078,5.577428,,,1.743652942936,5.577428,3.3330406,49.302166932,79.121065524,27,5,11.934,2.071736942936,5.905512,6.9568834,54.141077848,-1.11847,-3.131716,0,248.2, -1.6, -1.2,,,0,0,1431,1024,1024,1024,62,0,0,0,246.3,0,0,92,3.985,3.973,3.977,0,0,0,6.758,83.3,1.743652942936,5.577428,38,Tripod,
52300,2026-05-28 07:44:40,51.9887318864982,4.39012273905064,5.577428,,,1.743652942936,5.577428,3.3330406,49.074476636,79.622049792,27,5,11.934,2.071736942936,5.905512,6.9568834,54.141077848,-1.11847,-3.131716,0,248.3, -2, -0.9,,,0,0,1455,1024,1024,1024,65,0,0,0,246.3,0,0,92,3.985,3.973,3.977,0,0,0,6.758,83.3,1.743652942936,5.577428,38,Tripod,
52400,2026-05-28 07:44:40,51.988731088405,4.39012036146715,5.577428,,,1.743652942936,5.577428,3.3330406,48.885172168,80.230317528,27,5,11.934,2.071736942936,5.905512,6.9568834,54.141077848,-1.11847,-3.131716,0,248.4, -2.1, -0.7,,,0,0,1455,1024,1024,1024,65,0,0,0,246.3,0,0,92,3.985,3.973,3.977,0,0,0,6.758,83.3,1.743652942936,5.577428,38,Tripod,
52500,2026-05-28 07:44:40,51.9887305705213,4.39011821242415,5.577428,,,1.743652942936,5.577428,3.3330406,48.66798056,80.749018332,27,5,11.934,2.071736942936,5.905512,6.9568834,54.141077848,-1.11847,-3.131716,0,248.3, -2.1, -0.8,,,0,0,1450,1024,1024,1024,65,0,0,0,246.3,0,0,92,3.985,3.973,3.977,0,0,0,6.758,83.3,1.743652942936,5.577428,38,Tripod,
52600,2026-05-28 07:44:40,51.9887300225331,4.39011622614739,5.577428,,,1.743652942936,5.577428,3.3330406,48.489502864,81.237863492,27,5,11.933,2.071736942936,5.905512,6.9568834,54.141077848,-1.11847,-3.131716,0,248.3, -2.4, -1,,,0,0,1448,1024,1024,1024,64,0,0,0,246.3,0,0,92,3.987,3.974,3.978,0,0,0,6.426,83.12,1.743652942936,5.577428,38,Tripod,
52700,2026-05-28 07:44:40,51.988729484911,4.39011404825163,5.577428,,,1.743652942936,5.577428,3.3330406,48.281825692,81.76509448,27,5,11.933,2.071736942936,5.905512,6.9568834,54.141077848,-1.11847,-3.131716,0,248.4, -2.5, -0.9,,,0,0,1448,1024,1024,1024,64,0,0,0,246.3,0,0,92,3.987,3.974,3.978,0,0,0,6.426,83.12,1.743652942936,5.577428,38,Tripod,
52800,2026-05-28 07:44:40,51.9887291218244,4.39011189169634,5.577428,,,1.743652942936,5.577428,3.6238428,48.037075028,82.267391084,27,5,11.933,2.071736942936,5.905512,6.9568834,54.141077848,-1.342164,-3.35541,0,248.6, -2.7, -1,,,0,0,1432,1024,1024,1024,62,0,0,0,246.3,0,0,92,3.987,3.974,3.978,0,0,0,6.426,83.12,1.743652942936,5.577428,38,Tripod,
52900,2026-05-28 07:44:40,51.9887285758237,4.39010966506809,5.577428,,,1.743652942936,5.577428,3.6238428,47.833662948,82.805776928,27,5,11.933,2.071736942936,5.905512,6.9568834,54.141077848,-1.342164,-3.35541,0,248.6, -2.6, -0.4,,,0,0,1430,1024,1024,1024,62,0,0,0,246.3,0,0,92,3.987,3.974,3.978,0,0,0,6.426,83.12,1.743652942936,5.577428,38,Tripod,
53000,2026-05-28 07:44:40,51.9887280620693,4.39010739773436,5.577428,,,1.743652942936,5.577428,3.6238428,47.620408348,83.348755948,27,5,11.933,2.071736942936,5.905512,6.9568834,54.141077848,-1.342164,-3.35541,0,248.5, -2.2, 0,,,0,0,1431,1024,1024,1024,62,0,0,0,246.3,0,0,92,3.987,3.974,3.978,0,0,0,6.426,83.12,1.743652942936,5.577428,38,Tripod,
53100,2026-05-28 07:44:40,51.988727517902,4.39010509877946,5.577428,,,1.743652942936,5.577428,3.6238428,47.416012016,83.902233656,27,5,11.933,2.071736942936,5.905512,6.9568834,54.141077848,-1.342164,-3.35541,0,248.4, -1.9, -0.5,,,0,0,1431,1024,1024,1024,62,0,0,0,246.3,0,0,92,3.987,3.974,3.978,0,0,0,6.426,83.12,1.743652942936,5.577428,38,Tripod,
53200,2026-05-28 07:44:40,51.988726910099,4.3901029158616,5.577428,,,1.743652942936,5.249344,3.6238428,47.251970016,84.440291416,27,5,11.933,2.071736942936,5.905512,6.9568834,54.141077848,-1.342164,-3.35541,0,248.4, -1.6, -0.8,,,0,0,1433,1024,1024,1684,62,0,0,100,246.3,0,0,92,3.987,3.974,3.978,0,0,0,6.426,83.12,1.743652942936,5.577428,38,Tripod,
53300,2026-05-28 07:44:41,51.9887263619567,4.39010058445086,5.577428,,,1.743652942936,5.249344,3.5343652,47.055119616,85.000986972,27,5,11.933,2.071736942936,5.905512,6.9568834,54.141077848,-1.11847,-3.35541,0,249.3, -1.9, 4.2,,,0,0,1434,1024,1024,1322,62,0,0,45,246.9,0,0,92,3.987,3.974,3.978,0,0,0,6.426,83.12,1.743652942936,5.577428,38,Tripod,
53400,2026-05-28 07:44:41,51.9887258624664,4.39009819263571,5.577428,,,1.743652942936,5.249344,3.7580592,46.841865016,85.568572292,27,5,11.933,2.071736942936,5.905512,6.9568834,54.141077848,-1.11847,-3.579104,0,250.7, -1.9, 4.4,,,0,0,1435,1024,1024,1024,62,0,0,0,248.6,0,0,92,3.987,3.974,3.978,0,0,0,6.426,83.12,1.743652942936,5.577428,38,Tripod,
53500,2026-05-28 07:44:41,51.9887254336709,4.39009574687122,5.577428,,,1.743652942936,5.249344,3.690951,46.606956872,86.139766536,27,5,11.933,2.071736942936,5.905512,6.9568834,54.141077848,-0.894776,-3.579104,0,251.8, -1.4, -1.2,,,0,0,1436,1024,1024,1024,62,0,0,0,250.2,0,0,92,3.987,3.974,3.978,0,0,0,6.426,83.12,1.743652942936,5.577428,38,Tripod,
53600,2026-05-28 07:44:41,51.9887249825498,4.39009327484157,5.577428,,,1.743652942936,5.249344,3.690951,46.380250828,86.71916288,27,5,11.936,2.071736942936,5.905512,6.9568834,54.141077848,-0.894776,-3.579104,0,252.5, -1.3, -1.4,,,0,0,1436,1024,1024,1024,62,0,0,0,250.8,0,0,92,3.986,3.973,3.977,0,0,0,6.424,83.3,1.743652942936,5.577428,38,Tripod,
53700,2026-05-28 07:44:41,51.9887245684895,4.39009078944285,5.577428,,,1.743652942936,5.249344,3.690951,46.147639272,87.297574972,27,5,11.936,2.071736942936,5.905512,6.9568834,54.141077848,-0.894776,-3.579104,0,253.1, -1.6, -1.6,,,0,0,1436,1024,1024,1024,62,0,0,0,250.9,0,0,92,3.986,3.973,3.977,0,0,0,6.424,83.3,1.743652942936,5.577428,38,Tripod,
53800,2026-05-28 07:44:41,51.9887240269266,4.39008857469515,5.577428,,,1.743652942936,5.249344,3.690951,45.994752128,87.83300806,27,5,11.936,2.071736942936,5.905512,6.9568834,54.141077848,-0.894776,-3.579104,0,252.9, -1.6, -1.3,,,0,0,1437,1024,1024,1024,63,0,0,0,250.9,0,0,92,3.986,3.973,3.977,0,0,0,6.424,83.3,1.743652942936,5.577428,38,Tripod,
53900,2026-05-28 07:44:41,51.9887236056615,4.39008609573752,5.577428,,,1.743652942936,5.249344,3.690951,45.777232436,88.410763984,27,5,11.936,2.071736942936,5.905512,6.9568834,54.141077848,-0.894776,-3.579104,0,252.9, -1.8, -1.4,,,0,0,1439,1024,1024,1134,63,0,0,17,250.9,0,0,92,3.986,3.973,3.977,0,0,0,6.424,83.3,1.743652942936,5.577428,38,Tripod,
54000,2026-05-28 07:44:41,51.9887233032978,4.39008393600343,5.577428,,,1.743652942936,5.249344,3.914645,45.573492272,88.908467412,27,5,11.936,2.071736942936,5.905512,6.9568834,54.141077848,-0.894776,-3.802798,0,252.9, -2.1, -0.4,,,0,0,1440,1024,1024,1684,63,0,0,100,250.9,0,0,92,3.986,3.973,3.977,0,0,0,6.424,83.3,1.743652942936,5.577428,38,Tripod,
54100,2026-05-28 07:44:41,51.9887228979331,4.39008146292343,5.577428,,,1.743652942936,5.249344,3.914645,45.363518512,89.483598664,27,5,11.936,2.071736942936,5.905512,6.9568834,54.141077848,-0.894776,-3.802798,0,254, -1.6, 4,,,0,0,1447,1024,1024,1024,64,0,0,0,252,0,0,92,3.986,3.973,3.977,0,0,0,6.424,83.3,1.743652942936,5.577428,38,Tripod,
54200,2026-05-28 07:44:41,51.9887225673669,4.39007874127018,5.577428,,,1.743652942936,5.249344,3.8699062,45.105316404,90.10663018,27,5,11.936,2.071736942936,5.905512,6.9568834,54.141077848,-0.671082,-3.802798,0,255, -2.1, -2.5,,,0,0,1451,1024,1024,1024,65,0,0,0,253.4,0,0,92,3.986,3.973,3.977,0,0,0,6.424,83.3,1.743652942936,5.577428,38,Tripod,
54300,2026-05-28 07:44:42,51.9887222287647,4.39007618581936,5.577428,,,1.743652942936,5.249344,3.8699062,44.877954192,90.694228624,27,5,11.936,2.071736942936,5.905512,6.9568834,54.141077848,-0.671082,-3.802798,0,255.8, -2.1, -2.7,,,0,0,1457,1024,1024,1024,66,0,0,0,254.1,0,0,92,3.986,3.973,3.977,0,0,0,6.424,83.3,1.743652942936,5.577428,38,Tripod,
54400,2026-05-28 07:44:42,51.9887218888518,4.39007354064539,5.577428,,,1.743652942936,5.249344,3.914645,44.646326888,91.301184024,27,5,11.936,2.071736942936,5.905512,6.9568834,54.141077848,-0.894776,-3.802798,0,255.9, -2.1, -1.9,,,0,0,1457,1024,1024,1024,66,0,0,0,254.2,0,0,92,3.986,3.973,3.977,0,0,0,6.424,83.3,1.743652942936,5.577428,38,Tripod,
54500,2026-05-28 07:44:42,51.9887215012379,4.39007095787211,5.577428,,,1.743652942936,5.249344,3.914645,44.44389906,91.898624988,27,5,11.936,2.071736942936,5.905512,6.9568834,54.141077848,-0.894776,-3.802798,0,256.2, -1.9, -1.4,,,0,0,1457,1024,1024,1024,66,0,0,0,254.2,0,0,92,3.986,3.973,3.977,0,0,0,6.424,83.3,1.743652942936,5.577428,38,Tripod,
54600,2026-05-28 07:44:42,51.9887209571734,4.39006846594881,5.577428,,,1.743652942936,5.249344,3.914645,44.3077442,92.492457028,27,5,11.933,2.071736942936,5.905512,6.9568834,54.141077848,-0.894776,-3.802798,0,256.3, -1.9, -0.8,,,0,0,1456,1024,1024,1024,65,0,0,0,254.2,0,0,92,3.985,3.969,3.972,0,0,0,6.584,83.3,1.743652942936,5.577428,38,Tripod,
54700,2026-05-28 07:44:42,51.9887205397463,4.39006586029086,5.577428,,,1.743652942936,5.249344,3.914645,44.126313748,93.097443924,27,5,11.933,2.071736942936,5.905512,6.9568834,54.141077848,-0.894776,-3.802798,0,256.5, -1.8, -0.6,,,0,0,1457,1024,1024,1024,66,0,0,0,254.2,0,0,92,3.985,3.969,3.972,0,0,0,6.584,83.3,1.743652942936,5.577428,38,Tripod,
54800,2026-05-28 07:44:42,51.9887203312598,4.3900632699844,5.577428,,,1.743652942936,5.577428,3.914645,43.889109016,93.6843862,27,5,11.933,2.071736942936,5.905512,6.9568834,54.141077848,-0.894776,-4.026492,0,256.4, -1.7, -1.1,,,0,0,1467,1024,1024,1024,67,0,0,0,254.2,0,0,92,3.985,3.969,3.972,0,0,0,6.584,83.3,1.743652942936,5.577428,38,Tripod,
54900,2026-05-28 07:44:42,51.9887199287135,4.39006061685992,5.577428,,,1.743652942936,5.577428,4.1159696,43.71227174,94.298231364,27,5,11.933,2.071736942936,5.905512,6.9568834,54.141077848,-0.894776,-4.026492,0,256.6, -1.6, -1.2,,,0,0,1502,1024,1024,1024,72,0,0,0,254.2,0,0,92,3.985,3.969,3.972,0,0,0,6.584,83.3,1.743652942936,5.577428,38,Tripod,
55000,2026-05-28 07:44:42,51.988719637684,4.39005789231306,5.577428,,,1.743652942936,5.249344,4.1159696,43.500329476,94.91962246,27,5,11.933,2.071736942936,5.905512,6.9568834,54.141077848,-0.894776,-4.026492,0,256.5, -2.1, -1.4,,,0,0,1503,1024,1024,1024,73,0,0,0,254.2,0,0,92,3.985,3.969,3.972,0,0,0,6.584,83.3,1.743652942936,5.577428,38,Tripod,
55100,2026-05-28 07:44:42,51.9887192198799,4.3900551863591,5.577428,,,1.743652942936,5.249344,4.1159696,43.338912148,95.5462629,27,5,11.933,2.071736942936,5.905512,6.9568834,54.141077848,-0.894776,-4.026492,0,256.6, -2.3, -1,,,0,0,1487,1024,1024,1024,70,0,0,0,254.2,0,0,92,3.985,3.969,3.972,0,0,0,6.584,83.3,1.743652942936,5.577428,38,Tripod,
55200,2026-05-28 07:44:42,51.9887187565422,4.39005268025286,5.577428,,,1.743652942936,5.249344,4.1159696,43.221458076,96.134189428,27,5,11.933,2.071736942936,5.905512,6.9568834,54.141077848,-0.894776,-4.026492,0,256.6, -2.9, -0.6,,,0,0,1487,1024,1024,1024,70,0,0,0,254.2,0,0,92,3.985,3.969,3.972,0,0,0,6.584,83.3,1.743652942936,5.577428,38,Tripod,
55300,2026-05-28 07:44:42,51.9887183202164,4.39004991506311,5.577428,,,1.743652942936,5.249344,4.1159696,43.076444948,96.775593648,27,5,11.933,2.071736942936,5.905512,6.9568834,54.141077848,-0.894776,-4.250186,0,256.5, -2.6, -0.3,,,0,0,1487,1024,1024,1024,70,0,0,0,254.2,0,0,92,3.985,3.969,3.972,0,0,0,6.584,83.3,1.743652942936,5.577428,38,Tripod,
55400,2026-05-28 07:44:43,51.9887180500646,4.39004697693771,5.577428,,,1.743652942936,5.577428,4.3396636,42.86909586,97.443244588,27,5,11.933,2.071736942936,5.905512,6.9568834,54.141077848,-0.894776,-4.250186,0,256.5, -2.4, -0.5,,,0,0,1487,1024,1024,1024,70,0,0,0,254.2,0,0,92,3.985,3.969,3.972,0,0,0,6.584,83.3,1.743652942936,5.577428,38,Tripod,
55500,2026-05-28 07:44:43,51.9887176336655,4.39004411863733,5.577428,,,1.743652942936,5.577428,4.3396636,42.727035488,98.103021512,27,5,11.933,2.071736942936,5.905512,6.9568834,54.141077848,-0.894776,-4.250186,0,256.7, -2.3, -0.4,,,0,0,1488,1024,1024,1024,70,0,0,0,254.2,0,0,92,3.985,3.969,3.972,0,0,0,6.584,83.3,1.743652942936,5.577428,38,Tripod,
55600,2026-05-28 07:44:43,51.9887171215817,4.39004130973719,5.577428,,,1.743652942936,5.577428,4.5633576,42.630906876,98.761158016,27,5,11.932,2.071736942936,5.905512,6.9568834,54.141077848,-0.894776,-4.47388,0,256.6, -2.5, -0.5,,,0,0,1489,1024,1024,1024,70,0,0,0,254.2,0,0,92,3.984,3.972,3.975,0,0,0,6.592,83.48,1.743652942936,5.577428,38,Tripod,
55700,2026-05-28 07:44:43,51.9887167108882,4.39003837734339,5.577428,,,1.743652942936,5.577428,4.5633576,42.50000136,99.437011056,27,5,11.932,2.071736942936,5.905512,6.9568834,54.141077848,-0.894776,-4.47388,0,256.5, -2.1, -1.2,,,0,0,1489,1024,1024,1024,70,0,0,0,254.2,0,0,92,3.984,3.972,3.975,0,0,0,6.592,83.48,1.743652942936,5.577428,38,Tripod,
55800,2026-05-28 07:44:43,51.988716384357,4.39003542366478,5.577428,,,1.743652942936,5.577428,4.5633576,42.34908272,100.111223676,27,5,11.932,2.071736942936,5.905512,6.9568834,54.141077848,-0.894776,-4.47388,0,256.6, -2.1, -0.9,,,0,0,1489,1024,1024,1024,70,0,0,0,254.2,0,0,92,3.984,3.972,3.975,0,0,0,6.592,83.48,1.743652942936,5.577428,38,Tripod,
55900,2026-05-28 07:44:43,51.9887159784525,4.39003242274918,5.577428,,,1.743652942936,5.577428,4.5633576,42.231628648,100.801512412,27,5,11.932,2.071736942936,5.905512,6.9568834,54.141077848,-0.894776,-4.47388,0,256.6, -1.8, -1,,,0,0,1488,1024,1024,1024,70,0,0,0,254.2,0,0,92,3.984,3.972,3.975,0,0,0,6.592,83.48,1.743652942936,5.577428,38,Tripod,
56000,2026-05-28 07:44:43,51.9887156407328,4.39002971237828,5.577428,,,1.743652942936,5.577428,4.7870516,42.125001348,101.422903508,27,5,11.932,2.071736942936,5.905512,6.9568834,54.141077848,-0.894776,-4.697574,0,256.5, -1.8, -2.3,,,0,0,1488,1024,1024,1024,70,0,0,0,254.2,0,0,92,3.984,3.972,3.975,0,0,0,6.592,83.48,1.743652942936,5.577428,38,Tripod,
56100,2026-05-28 07:44:43,51.9887152286686,4.39002669366275,5.577428,,,1.743652942936,5.577428,4.7870516,42.02920082,102.117457336,27,5,11.932,2.071736942936,5.905512,6.9568834,54.141077848,-0.894776,-4.697574,0,256.6, -1.4, -2.8,,,0,0,1489,1024,1024,1024,70,0,0,0,254.2,0,0,92,3.984,3.972,3.975,0,0,0,6.592,83.48,1.743652942936,5.577428,38,Tripod,
56200,2026-05-28 07:44:43,51.9887147229843,4.39002318074302,5.577428,,,1.743652942936,5.577428,4.8317904,41.94061814,102.9281529,27,5,11.932,2.071736942936,5.905512,6.9568834,54.141077848,-1.11847,-4.697574,0,256.4, -1.2, -2.5,,,0,0,1488,1024,1024,1024,70,0,0,0,254.2,0,0,92,3.984,3.972,3.975,0,0,0,6.592,83.48,1.743652942936,5.577428,38,Tripod,
56300,2026-05-28 07:44:44,51.9887142391201,4.39002011512787,5.577428,,,1.743652942936,5.577428,4.8317904,41.891077456,103.639110928,27,5,11.932,2.071736942936,5.905512,6.9568834,54.141077848,-1.11847,-4.697574,0,256.6, -1.6, -2.3,,,0,0,1459,1024,1024,1024,66,0,0,0,254.2,0,0,92,3.984,3.972,3.975,0,0,0,6.592,83.48,1.743652942936,5.577428,38,Tripod,
56400,2026-05-28 07:44:44,51.9887137698712,4.39001721961385,5.577428,,,1.743652942936,5.577428,4.8317904,41.859253308,104.311683128,27,5,11.932,2.071736942936,5.905512,6.9568834,54.141077848,-1.342164,-4.697574,0,256.7, -1.9, -1.1,,,0,0,1459,1024,1024,1024,66,0,0,0,254.2,0,0,92,3.984,3.972,3.975,0,0,0,6.592,83.48,1.743652942936,5.577428,38,Tripod,
56500,2026-05-28 07:44:44,51.9887132371237,4.39001413028628,5.577428,,,1.743652942936,5.577428,4.8765292,41.84875462,105.032483676,27,5,11.932,2.071736942936,5.905512,6.9568834,54.141077848,-1.342164,-4.697574,0,256.9, -1.2, -0.3,,,0,0,1464,1024,1024,1024,67,0,0,0,254.2,0,0,92,3.984,3.972,3.975,0,0,0,6.592,83.48,1.743652942936,5.577428,38,Tripod,
56600,2026-05-28 07:44:44,51.9887128222153,4.39001115399777,5.577428,,,1.743652942936,5.577428,4.8765292,41.815618136,105.718179236,27,5,11.926,2.071736942936,5.905512,6.9568834,54.141077848,-1.342164,-4.697574,0,257, -0.9, -0.5,,,0,0,1464,1024,1024,1024,67,0,0,0,254.2,0,0,92,3.979,3.966,3.97,0,0,0,6.539,83.48,1.743652942936,5.577428,38,Tripod,
56700,2026-05-28 07:44:44,51.9887122851843,4.39000802590541,5.577428,,,1.743652942936,5.577428,4.8765292,41.828741496,106.447838052,27,5,11.926,2.071736942936,5.905512,6.9568834,54.141077848,-1.342164,-4.697574,0,256.8, -0.6, 0,,,0,0,1467,1024,1024,1024,67,0,0,0,254.2,0,0,92,3.979,3.966,3.97,0,0,0,6.539,83.48,1.743652942936,5.577428,38,Tripod,
56800,2026-05-28 07:44:44,51.9887117190169,4.3900047361667,5.577428,,,1.743652942936,5.577428,4.8765292,41.856628636,107.215226528,27,5,11.926,2.071736942936,5.905512,6.9568834,54.141077848,-1.342164,-4.697574,0,256.9, -0.3, 0.8,,,0,0,1496,1024,1024,1024,72,0,0,0,254.2,0,0,92,3.979,3.966,3.97,0,0,0,6.539,83.48,1.743652942936,5.577428,38,Tripod,
56900,2026-05-28 07:44:44,51.9887111761004,4.39000157231447,5.577428,,,1.743652942936,5.577428,4.8765292,41.895998716,107.953415528,27,5,11.926,2.071736942936,5.905512,6.9568834,54.141077848,-1.342164,-4.697574,0,256.7, -0.1, 1.1,,,0,0,1505,1024,1024,1024,73,0,0,0,254.2,0,0,92,3.979,3.966,3.97,0,0,0,6.539,83.48,1.743652942936,5.577428,38,Tripod,
57000,2026-05-28 07:44:44,51.9887107331094,4.38999843509781,5.577428,,,1.743652942936,5.577428,5.1002232,41.914043336,108.676512664,27,5,11.926,2.071736942936,5.905512,6.9568834,54.141077848,-1.342164,-4.921268,0,256.9, -0.3, 0.9,,,0,0,1505,1024,1024,1024,73,0,0,0,254.2,0,0,92,3.979,3.966,3.97,0,0,0,6.539,83.48,1.743652942936,5.577428,38,Tripod,
57100,2026-05-28 07:44:44,51.9887102295668,4.3899952447578,5.577428,,,1.743652942936,5.577428,5.1002232,41.963912104,109.416342084,27,5,11.926,2.071736942936,5.905512,6.9568834,54.141077848,-1.342164,-4.921268,0,256.6, -0.6, 0.1,,,0,0,1505,1024,1024,1024,73,0,0,0,254.2,0,0,92,3.979,3.966,3.97,0,0,0,6.539,83.48,1.743652942936,5.577428,38,Tripod,
57200,2026-05-28 07:44:44,51.9887096872157,4.38999187034238,5.577428,,,1.743652942936,5.577428,5.1002232,42.034450164,110.199806676,27,5,11.926,2.071736942936,5.905512,6.9568834,54.141077848,-1.342164,-4.921268,0,256.6, -0.5, 0,,,0,0,1505,1024,1024,1024,73,0,0,0,254.2,0,0,92,3.979,3.966,3.97,0,0,0,6.539,83.48,1.743652942936,5.577428,38,Tripod,
57300,2026-05-28 07:44:44,51.9887091764083,4.38998861011547,5.577428,,,1.743652942936,5.577428,5.1002232,42.111549904,110.955712212,27,5,11.926,2.071736942936,5.905512,6.9568834,54.141077848,-1.342164,-4.921268,0,256.6, -0.5, 0,,,0,0,1506,1024,1024,1024,73,0,0,0,254.2,0,0,92,3.979,3.966,3.97,0,0,0,6.539,83.48,1.743652942936,5.577428,38,Tripod,
57400,2026-05-28 07:44:45,51.9887084311735,4.38998542094751,5.577428,,,1.743652942936,5.577428,5.1002232,42.288715264,111.722116436,27,5,11.926,2.071736942936,5.905512,6.9568834,54.141077848,-1.342164,-4.921268,0,256.4, -0.6, 0.5,,,0,0,1507,1024,1024,1024,73,0,0,0,254.2,0,0,92,3.979,3.966,3.97,0,0,0,6.539,83.48,1.743652942936,5.577428,38,Tripod,
57500,2026-05-28 07:44:45,51.9887078955989,4.38998210688253,5.577428,,,1.743652942936,5.577428,5.3239172,42.400263824,112.492129584,27,5,11.926,2.071736942936,5.905512,6.9568834,54.141077848,-1.342164,-5.144962,0,256.4, -0.3, 0.4,,,0,0,1508,1024,1024,1024,73,0,0,0,254.2,0,0,92,3.979,3.966,3.97,0,0,0,6.539,83.48,1.743652942936,5.577428,38,Tripod,
57600,2026-05-28 07:44:45,51.9887072938785,4.38997881920622,5.577428,,,1.743652942936,5.905512,5.3239172,42.549870128,113.262470816,27,5,11.908,2.071736942936,5.905512,6.9568834,54.141077848,-1.342164,-5.144962,0,256.4, -0.1, 0.5,,,0,0,1512,1024,1024,1024,74,0,0,0,254.2,0,0,91,3.979,3.966,3.97,0,0,0,7.001,83.48,1.743652942936,5.577428,38,Tripod,
57700,2026-05-28 07:44:45,51.9887067615851,4.38997545320517,5.577428,,,1.743652942936,5.905512,5.3239172,42.686353072,114.043310736,27,5,11.908,2.071736942936,5.905512,6.9568834,54.141077848,-1.342164,-5.144962,0,256.5, -0.1, 0.2,,,0,0,1501,1024,1024,1024,72,0,0,0,254.2,0,0,91,3.979,3.966,3.97,0,0,0,7.001,83.48,1.743652942936,5.577428,38,Tripod,
57800,2026-05-28 07:44:45,51.9887063970336,4.38997222044398,5.577428,,,1.743652942936,5.905512,5.3239172,42.77723234,114.78182782,27,5,11.908,2.071736942936,5.905512,6.9568834,54.141077848,-1.342164,-5.144962,0,256.5, -0.1, 0.1,,,0,0,1488,1024,1024,1024,70,0,0,0,254.2,0,0,91,3.979,3.966,3.97,0,0,0,7.001,83.48,1.743652942936,5.577428,38,Tripod,
57900,2026-05-28 07:44:45,51.9887058806662,4.38996880931138,5.577428,,,1.743652942936,5.905512,5.3239172,42.934384576,115.571197924,27,5,11.908,2.071736942936,5.905512,6.9568834,54.141077848,-1.342164,-5.144962,0,256.4, 0.1, 0,,,0,0,1492,1024,1024,1024,71,0,0,0,254.2,0,0,91,3.979,3.966,3.97,0,0,0,7.001,83.48,1.743652942936,5.577428,38,Tripod,
58000,2026-05-28 07:44:45,51.9887052430586,4.38996518418162,5.577428,,,1.743652942936,5.905512,5.3239172,43.149279596,116.418310812,27,5,11.908,2.071736942936,5.905512,6.9568834,54.141077848,-1.342164,-5.144962,0,256.3, 0.5, -0.3,,,0,0,1492,1024,1024,1024,71,0,0,0,254.2,0,0,91,3.979,3.966,3.97,0,0,0,7.001,83.48,1.743652942936,5.577428,38,Tripod,
58100,2026-05-28 07:44:45,51.9887047039287,4.3899617183521,5.577428,,,1.743652942936,6.233596,5.5252418,43.34317724,117.221460444,27,5,11.908,2.071736942936,5.905512,6.9568834,54.141077848,-1.342164,-5.368656,0,256.1, 0.8, -0.2,,,0,0,1498,1024,1024,1024,72,0,0,0,254.2,0,0,91,3.979,3.966,3.97,0,0,0,7.001,83.48,1.743652942936,5.577428,38,Tripod,
58200,2026-05-28 07:44:45,51.9887040830525,4.38995822493786,5.577428,,,1.743652942936,6.233596,5.5252418,43.581366224,118.038389604,27,5,11.908,2.071736942936,5.905512,6.9568834,54.141077848,-1.342164,-5.368656,0,256, 0.9, 0,,,0,0,1497,1024,1024,1024,72,0,0,0,254.2,0,0,91,3.979,3.966,3.97,0,0,0,7.001,83.48,1.743652942936,5.577428,38,Tripod,
58300,2026-05-28 07:44:45,51.9887035269599,4.38995475054599,5.577428,,,1.743652942936,6.233596,5.5252418,43.809384604,118.844820076,27,5,11.908,2.071736942936,5.905512,6.9568834,54.141077848,-1.342164,-5.368656,0,256, 0.8, 0.2,,,0,0,1496,1024,1024,1024,72,0,0,0,254.2,0,0,91,3.979,3.966,3.97,0,0,0,7.001,83.48,1.743652942936,5.577428,38,Tripod,
58400,2026-05-28 07:44:46,51.9887030843716,4.3899512673911,5.577428,,,1.743652942936,6.233596,5.5252418,44.010172012,119.6440327,27,5,11.908,2.071736942936,5.905512,6.9568834,54.141077848,-1.342164,-5.368656,0,256, 0.8, 0.4,,,0,0,1497,1024,1024,1024,72,0,0,0,254.2,0,0,91,3.979,3.966,3.97,0,0,0,7.001,83.48,1.743652942936,5.577428,38,Tripod,
58500,2026-05-28 07:44:46,51.9887025484886,4.38994778736023,5.577428,,,1.743652942936,6.233596,5.5252418,44.257875432,120.449807004,27,5,11.908,2.071736942936,5.905512,6.9568834,54.141077848,-1.342164,-5.368656,0,256.1, 0.8, 0.1,,,0,0,1499,1024,1024,1024,72,0,0,0,254.2,0,0,91,3.979,3.966,3.97,0,0,0,7.001,83.48,1.743652942936,5.577428,38,Tripod,
58600,2026-05-28 07:44:46,51.988701996611,4.3899442191365,5.577428,,,1.743652942936,6.233596,5.5252418,44.526904312,121.276578684,27,5,11.922,2.071736942936,5.905512,6.9568834,54.141077848,-1.342164,-5.368656,0,256.1, 0.6, 0,,,0,0,1500,1024,1024,1024,72,0,0,0,254.2,0,0,91,3.981,3.969,3.972,0,0,0,6.784,83.48,1.743652942936,5.577428,38,Tripod,
58700,2026-05-28 07:44:46,51.9887014710769,4.38994072660602,5.577428,,,1.743652942936,6.56168,5.5252418,44.797901696,122.084321492,27,5,11.922,2.071736942936,5.905512,6.9568834,54.141077848,-1.342164,-5.368656,0,256, 0.6, -0.2,,,0,0,1512,1024,1024,1024,74,0,0,0,254.2,0,0,91,3.981,3.969,3.972,0,0,0,6.784,83.48,1.743652942936,5.577428,38,Tripod,
58800,2026-05-28 07:44:46,51.9887008934555,4.38993722029085,5.577428,,,1.743652942936,6.56168,5.5252418,45.101051312,122.899938316,27,5,11.922,2.071736942936,5.905512,6.9568834,54.141077848,-1.342164,-5.368656,0,256, 0.5, -0.2,,,0,0,1513,1024,1024,1024,74,0,0,0,254.2,0,0,91,3.981,3.969,3.972,0,0,0,6.784,83.48,1.743652942936,5.577428,38,Tripod,
58900,2026-05-28 07:44:46,51.9887003646745,4.38993371504687,5.577428,,,1.743652942936,6.56168,5.5252418,45.398951584,123.71063388,27,5,11.922,2.071736942936,5.905512,6.9568834,54.141077848,-1.342164,-5.368656,0,256.1, 0.3, -0.3,,,0,0,1513,1024,1024,1024,74,0,0,0,254.2,0,0,91,3.981,3.969,3.972,0,0,0,6.784,83.48,1.743652942936,5.577428,38,Tripod,
59000,2026-05-28 07:44:46,51.9886999470247,4.38993016599337,5.577428,,,1.743652942936,6.56168,5.5252418,45.671261304,124.522313696,27,5,11.922,2.071736942936,5.905512,6.9568834,54.141077848,-1.342164,-5.368656,0,256, 0.2, -0.4,,,0,0,1512,1024,1024,1024,74,0,0,0,254.2,0,0,91,3.981,3.969,3.972,0,0,0,6.784,83.48,1.743652942936,5.577428,38,Tripod,
59100,2026-05-28 07:44:46,51.9886994263909,4.38992662907257,5.577428,,,1.743652942936,6.56168,5.5252418,45.99245554,125.33957094,27,5,11.922,2.071736942936,5.905512,6.9568834,54.141077848,-1.342164,-5.368656,0,256, 0.2, -0.1,,,0,0,1514,1024,1024,1024,74,0,0,0,254.2,0,0,91,3.981,3.969,3.972,0,0,0,6.784,83.48,1.743652942936,5.577428,38,Tripod,
59200,2026-05-28 07:44:46,51.9886988593069,4.38992334550368,5.577428,,,1.743652942936,6.56168,5.480503,46.331694396,126.10564708,27,5,11.922,2.071736942936,5.905512,6.9568834,54.141077848,-1.11847,-5.368656,0,256.1, 0.2, -0.1,,,0,0,1455,1024,1024,1024,65,0,0,0,254.2,0,0,91,3.981,3.969,3.972,0,0,0,6.784,83.48,1.743652942936,5.577428,38,Tripod,
59300,2026-05-28 07:44:46,51.9886983472487,4.38991980893067,5.577428,,,1.743652942936,6.56168,5.480503,46.672901756,126.921920072,27,5,11.922,2.071736942936,5.905512,6.9568834,54.141077848,-1.11847,-5.368656,0,256.1, 0.5, -0.2,,,0,0,1384,1024,1024,1024,55,0,0,0,254.2,0,0,91,3.981,3.969,3.972,0,0,0,6.784,83.48,1.743652942936,5.577428,38,Tripod,
59400,2026-05-28 07:44:47,51.9886979177165,4.38991641777262,5.577428,,,1.743652942936,6.56168,5.480503,46.989502816,127.699807236,27,5,11.922,2.071736942936,5.905512,6.9568834,54.141077848,-1.11847,-5.368656,0,256.2, 2.2, -0.7,,,0,0,1309,1024,1024,1024,43,0,0,0,254.2,0,0,91,3.981,3.969,3.972,0,0,0,6.784,83.48,1.743652942936,5.577428,38,Tripod,
59500,2026-05-28 07:44:47,51.9886974288663,4.38991292875315,5.577428,,,1.743652942936,6.56168,5.480503,47.342849284,128.50394112,27,5,11.922,2.071736942936,5.905512,6.9568834,54.141077848,-1.11847,-5.368656,0,256.1, 3.3, -0.9,,,0,0,1244,1024,1024,1024,33,0,0,0,254.2,0,0,91,3.981,3.969,3.972,0,0,0,6.784,83.48,1.743652942936,5.577428,38,Tripod,
59600,2026-05-28 07:44:47,51.9886968419411,4.38990939051777,5.577428,,,1.743652942936,6.889764,5.256809,47.744752184,129.327103876,27,5,11.922,2.071736942936,5.905512,6.9568834,54.141077848,-1.11847,-5.144962,0,256.1, 4.2, -0.6,,,0,0,1024,1024,1024,1024,0,0,0,0,254.2,0,0,91,3.98,3.968,3.971,0,0,0,6.599,83.66,1.743652942936,5.577428,38,Tripod,
59700,2026-05-28 07:44:47,51.9886963692655,4.38990604035392,5.577428,,,1.743652942936,6.889764,5.256809,48.105644584,130.099413612,27,5,11.922,2.071736942936,5.905512,6.9568834,54.141077848,-1.11847,-5.144962,0,256.1, 6.1, -0.6,,,0,0,364,1024,1024,1024,-100,0,0,0,254.2,0,0,91,3.98,3.968,3.971,0,0,0,6.599,83.66,1.743652942936,5.577428,38,Tripod,
59800,2026-05-28 07:44:47,51.9886959464155,4.38990289951868,5.577428,,,1.743652942936,6.889764,4.7870516,48.445867692,130.82185458,27,5,11.922,2.071736942936,5.905512,6.9568834,54.141077848,-0.894776,-4.697574,0,256, 14.4, -0.8,,,0,0,364,1024,1024,1024,-100,0,0,0,254.2,0,0,91,3.98,3.968,3.971,0,0,0,6.599,83.66,1.743652942936,5.577428,38,Tripod,
59900,2026-05-28 07:44:47,51.9886955558032,4.38989997697464,5.577428,,,1.743652942936,6.889764,4.3396636,48.768702348,131.493770612,27,5,11.922,2.071736942936,5.905512,6.9568834,54.141077848,-0.894776,-4.250186,0,255.8, 17.7, -1.6,,,0,0,364,1024,1024,1024,-100,0,0,0,254.2,0,0,91,3.98,3.968,3.971,0,0,0,6.599,83.66,1.743652942936,5.577428,38,Tripod,
60000,2026-05-28 07:44:47,51.9886952173982,4.38989748540646,5.577428,,,1.743652942936,6.889764,4.3396636,49.051510756,132.06693336,27,5,11.922,2.071736942936,5.905512,6.9568834,54.141077848,-0.671082,-3.579104,0,255.6, 20.7, -1.5,,,0,0,364,1024,1024,1024,-100,0,0,0,254.2,0,0,91,3.98,3.968,3.971,0,0,0,6.599,83.66,1.743652942936,5.577428,38,Tripod,
60100,2026-05-28 07:44:47,51.9886949411382,4.38989541360133,5.577428,,,1.743652942936,6.889764,2.9527608,49.288715488,132.543311328,27,5,11.922,2.071736942936,5.905512,6.9568834,54.141077848,-0.447388,-2.908022,0,255.4, 21.8, -1.6,,,0,0,364,1024,1024,1024,-100,0,0,0,254.2,0,0,91,3.98,3.968,3.971,0,0,0,6.599,83.66,1.743652942936,5.577428,38,Tripod,
60200,2026-05-28 07:44:47,51.9886946618283,4.38989306279123,5.577428,,,1.743652942936,6.889764,2.0579848,49.550198436,133.081041004,27,5,11.922,2.071736942936,5.905512,6.9568834,54.141077848,-0.447388,-2.013246,0,255.4, 22.3, -1.6,,,0,0,1024,1024,1024,1024,0,0,0,0,254.2,0,0,91,3.98,3.968,3.971,0,0,0,6.599,83.66,1.743652942936,5.577428,38,Tripod,
60300,2026-05-28 07:44:48,51.9886945010001,4.38989189881129,5.577428,,,1.743652942936,6.889764,1.3645334,49.688977968,133.349085632,27,5,11.922,2.071736942936,5.905512,6.9568834,54.141077848,-0.223694,-1.342164,0,255.7, 15.3, -1.4,,,0,0,1024,1024,1024,1024,0,0,0,0,254.2,0,0,91,3.98,3.968,3.971,0,0,0,6.599,83.66,1.743652942936,5.577428,38,Tripod,
60400,2026-05-28 07:44:48,51.9886945187252,4.38989023810896,5.577428,,,1.743652942936,6.889764,1.1408394,49.803807368,133.722445224,27,5,11.922,2.071736942936,5.905512,6.9568834,54.141077848,-0.223694,-1.11847,0,255.7, 10.5, -0.9,,,0,0,1024,1024,1024,1024,0,0,0,0,254.2,0,0,91,3.98,3.968,3.971,0,0,0,6.599,83.66,1.743652942936,5.577428,38,Tripod,
60500,2026-05-28 07:44:48,51.9886944186884,4.3898895083042,5.577428,,,1.743652942936,6.889764,0.9171454,49.892390048,133.890424232,27,5,11.922,2.071736942936,5.905512,6.9568834,54.141077848,-0.223694,-0.894776,0,255.8, 9, -0.8,,,0,0,1024,1024,1024,1024,0,0,0,0,254.2,0,0,91,3.98,3.968,3.971,0,0,0,6.599,83.66,1.743652942936,5.577428,38,Tripod,
60600,2026-05-28 07:44:48,51.9886940693518,4.38988792829625,5.577428,,,1.743652942936,6.889764,0.7158208,50.130579032,134.267392748,27,5,11.909,2.071736942936,5.905512,6.9568834,54.141077848,-0.223694,-0.671082,0,255.7, 8.4, -0.7,,,0,0,1024,1024,1024,1024,0,0,0,0,254.2,0,0,91,3.97,3.957,3.96,0,0,0,6.838,83.48,1.743652942936,5.577428,38,Tripod,
60700,2026-05-28 07:44:48,51.9886939494052,4.38988731305385,5.577428,,,1.743652942936,6.889764,0.4921268,50.218505544,134.412405876,27,5,11.909,2.071736942936,5.905512,6.9568834,54.141077848,-0.223694,-0.447388,0,255.8, 7.6, 0,,,0,0,672,1024,1024,1024,-53,0,0,0,254.2,0,0,91,3.97,3.957,3.96,0,0,0,6.838,83.48,1.743652942936,5.577428,38,Tripod,
60800,2026-05-28 07:44:48,51.9886938250295,4.38988657381696,5.577428,,,1.743652942936,6.889764,0.4921268,50.317258828,134.584649976,27,5,11.909,2.071736942936,5.905512,6.9568834,54.141077848,-0.223694,-0.447388,0,256.1, 7.2, 0.6,,,0,0,603,1024,1024,1024,-64,0,0,0,254.2,0,0,91,3.97,3.957,3.96,0,0,0,6.838,83.48,1.743652942936,5.577428,38,Tripod,
60900,2026-05-28 07:44:48,51.9886937196811,4.38988605702724,5.577428,,,1.743652942936,6.889764,0.3131716,50.393046232,134.707025308,27,5,11.909,2.071736942936,5.905512,6.9568834,54.141077848,-0.223694,-0.223694,0,256.4, 8.1, 0.4,,,0,0,603,1024,1024,1024,-64,0,0,0,254.2,0,0,91,3.97,3.957,3.96,0,0,0,6.838,83.48,1.743652942936,5.577428,38,Tripod,
61000,2026-05-28 07:44:48,51.9886935462423,4.38988587788708,5.577428,,,1.743652942936,6.889764,0.223694,50.466537048,134.78182846,27,5,11.909,2.071736942936,5.905512,6.9568834,54.141077848,0,-0.223694,0,256.5, 10.6, 0.2,,,0,0,615,1024,1024,1024,-62,0,0,0,254.2,0,0,91,3.97,3.957,3.96,0,0,0,6.838,83.48,1.743652942936,5.577428,38,Tripod,
61100,2026-05-28 07:44:48,51.9886934870443,4.38988553728841,5.577428,,,1.743652942936,6.889764,0,50.512796892,134.861552872,27,5,11.909,2.071736942936,5.905512,6.9568834,54.141077848,0,0,0,256.5, 10.5, -0.5,,,0,0,570,1024,1024,1024,-69,0,0,0,254.2,0,0,91,3.97,3.957,3.96,0,0,0,6.838,83.48,1.743652942936,5.577428,38,Tripod,
61200,2026-05-28 07:44:48,51.9886935127368,4.38988593850034,5.905512,,,2.071736942936,6.889764,0,50.473098728,134.952104056,27,5,11.909,2.071736942936,5.905512,6.9568834,54.141077848,0,0,0,256.2, 11, -0.3,,,0,0,494,1024,1024,1024,-80,0,0,0,254.2,0,0,91,3.97,3.957,3.96,0,0,0,6.838,83.48,2.071736942936,5.905512,38,Tripod,
61300,2026-05-28 07:44:49,51.9886934838317,4.38988589336413,5.905512,,,2.071736942936,6.889764,0.223694,50.486550172,134.966867836,27,5,11.909,2.071736942936,5.905512,6.9568834,54.141077848,0,0.223694,0,256.2, 12.4, 0.1,,,0,0,550,1024,1024,1024,-72,0,0,0,254.2,0,0,91,3.97,3.957,3.96,0,0,0,6.838,83.48,2.071736942936,5.905512,38,Tripod,
61400,2026-05-28 07:44:49,51.9886934257132,4.38988653297995,5.905512,,,2.071736942936,6.889764,0.447388,50.45767878,135.111880964,27,5,11.909,2.071736942936,5.905512,6.9568834,54.141077848,0,0.447388,0,256.3, 13.5, 0.4,,,0,0,576,1024,1024,1024,-68,0,0,0,254.2,0,0,91,3.97,3.957,3.96,0,0,0,6.838,83.48,2.071736942936,5.905512,38,Tripod,
61500,2026-05-28 07:44:49,51.988693447739,4.3898868458808,5.905512,,,2.071736942936,6.889764,0.671082,50.426182716,135.182747108,26,5,11.909,2.071736942936,5.905512,6.9568834,54.141077848,0,0.671082,0,256.4, 13.2, 0.5,,,0,0,553,1024,1024,1024,-71,0,0,0,254.2,0,0,91,3.97,3.957,3.96,0,0,0,6.838,83.48,2.071736942936,5.905512,38,Tripod,
61600,2026-05-28 07:44:49,51.9886936536555,4.38988762721454,5.905512,,,2.071736942936,6.889764,1.11847,50.296261452,135.373691996,26,5,11.911,2.071736942936,5.905512,6.9568834,54.141077848,0,1.11847,0,256.5, 12.5, 0.2,,,0,0,558,1024,1024,1024,-71,0,0,0,254.2,0,0,91,3.976,3.964,3.968,0,0,0,7.231,83.48,2.071736942936,5.905512,38,Tripod,
61700,2026-05-28 07:44:49,51.9886937575218,4.38988828797603,5.905512,,,2.071736942936,6.889764,1.3645334,50.210959612,135.526907224,26,5,11.911,2.071736942936,5.905512,6.9568834,54.141077848,0.223694,1.342164,0,256.5, 12.3, -0.1,,,0,0,558,1024,1024,1024,-71,0,0,0,254.2,0,0,91,3.976,3.964,3.968,0,0,0,7.231,83.48,2.071736942936,5.905512,38,Tripod,
61800,2026-05-28 07:44:49,51.9886938826429,4.3898892267826,5.905512,,,2.071736942936,6.889764,1.5882274,50.097770632,135.742786496,26,5,11.911,2.071736942936,5.905512,6.9568834,54.141077848,0.223694,1.565858,0,256.4, 12.2, 0,,,0,0,578,1024,1024,1024,-68,0,0,0,254.2,0,0,91,3.976,3.964,3.968,0,0,0,7.231,83.48,2.071736942936,5.905512,38,Tripod,
61900,2026-05-28 07:44:49,51.9886940285218,4.38989017554294,5.905512,,,2.071736942936,6.889764,1.8119214,49.977363804,135.962602776,26,5,11.911,2.071736942936,5.905512,6.9568834,54.141077848,0.223694,1.789552,0,256.4, 12, 0,,,0,0,564,1024,1024,1024,-70,0,0,0,254.2,0,0,91,3.976,3.964,3.968,0,0,0,7.231,83.48,2.071736942936,5.905512,38,Tripod,
62000,2026-05-28 07:44:49,51.9886941470462,4.3898914379552,5.905512,,,2.071736942936,6.889764,1.8119214,49.844489784,136.249348192,26,5,11.911,2.071736942936,5.905512,6.9568834,54.141077848,0.223694,1.789552,0,256.4, 11.6, 0.2,,,0,0,565,1024,1024,1024,-70,0,0,0,254.2,0,0,91,3.976,3.964,3.968,0,0,0,7.231,83.48,2.071736942936,5.905512,38,Tripod,
62100,2026-05-28 07:44:49,51.9886943327105,4.38989265374376,5.905512,,,2.071736942936,6.889764,2.0579848,49.69324306,136.530844264,26,5,11.911,2.071736942936,5.905512,6.9568834,54.141077848,0.447388,2.013246,0,256.4, 11.5, 0,,,0,0,568,1024,1024,1024,-69,0,0,0,254.2,0,0,91,3.976,3.964,3.968,0,0,0,7.231,83.48,2.071736942936,5.905512,38,Tripod,
62200,2026-05-28 07:44:49,51.9886944870962,4.38989416788605,5.905512,,,2.071736942936,6.889764,2.2816788,49.532809984,136.875660548,26,5,11.911,2.071736942936,5.905512,6.9568834,54.141077848,0.447388,2.23694,0,256.3, 11.7, -0.2,,,0,0,576,1024,1024,1024,-68,0,0,0,254.2,0,0,91,3.976,3.964,3.968,0,0,0,7.231,83.48,2.071736942936,5.905512,38,Tripod,
62300,2026-05-28 07:44:50,51.9886946920531,4.38989562629947,5.905512,,,2.071736942936,6.889764,2.5053728,49.360565884,137.211618564,26,5,11.911,2.071736942936,5.905512,6.9568834,54.141077848,0.447388,2.460634,0,256.3, 11.3, -0.2,,,0,0,576,1024,1024,1024,-68,0,0,0,254.2,0,0,91,3.976,3.964,3.968,0,0,0,7.231,83.48,2.071736942936,5.905512,38,Tripod,
62400,2026-05-28 07:44:50,51.9886948756782,4.38989732776322,5.905512,,,2.071736942936,6.889764,2.7290668,49.181103936,137.599741936,26,5,11.911,2.071736942936,5.905512,6.9568834,54.141077848,0.447388,2.684328,0,256.2, 11.3, -0.1,,,0,0,578,1024,969,1024,-68,0,-8,0,254.2,0,0,91,3.976,3.964,3.968,0,0,0,7.231,83.48,2.071736942936,5.905512,38,Tripod,
62500,2026-05-28 07:44:50,51.9886950826741,4.3898990144041,5.905512,,,2.071736942936,6.889764,2.7290668,48.996720728,137.986224888,27,5,11.911,2.071736942936,5.905512,6.9568834,54.141077848,0.447388,2.684328,0,256.1, 10.9, 0.2,,,0,0,579,1024,755,1024,-67,0,-41,0,254.2,0,0,91,3.976,3.964,3.968,0,0,0,7.231,83.48,2.071736942936,5.905512,38,Tripod,
62600,2026-05-28 07:44:50,51.9886954888613,4.38990124745958,5.905512,,,2.071736942936,6.889764,2.9527608,48.710303396,138.509518868,27,5,11.899,2.071736942936,5.905512,6.9568834,54.141077848,0.447388,2.908022,0,256.3, 10.6, 0.5,,,0,0,579,1024,755,1024,-67,0,-41,0,254.2,0,0,91,3.981,3.969,3.971,0,0,0,7.094,83.48,2.071736942936,5.905512,38,Tripod,
62700,2026-05-28 07:44:50,51.9886957181485,4.38990313129103,5.905512,,,2.071736942936,6.889764,2.9527608,48.511156408,138.940949328,26,5,11.899,2.071736942936,5.905512,6.9568834,54.141077848,0.447388,2.908022,0,256.4, 10.6, 1.1,,,0,0,584,1024,795,1024,-67,0,-35,0,254.2,0,0,91,3.981,3.969,3.971,0,0,0,7.094,83.48,2.071736942936,5.905512,38,Tripod,
62800,2026-05-28 07:44:50,51.9886960269375,4.38990509961485,5.905512,,,2.071736942936,6.889764,3.1540854,48.28248186,139.397314172,26,5,11.899,2.071736942936,5.905512,6.9568834,54.141077848,0.447388,3.131716,0.223694,256.6, 10.1, 1.2,,,0,0,584,1024,706,1024,-67,0,-48,0,254.2,0,0,91,3.981,3.969,3.971,0,0,0,7.094,83.48,2.071736942936,5.905512,38,Tripod,
62900,2026-05-28 07:44:50,51.9886963014413,4.3899071043524,5.905512,,,2.071736942936,6.889764,3.1988242,48.066602588,139.858600276,26,5,11.899,2.071736942936,5.905512,6.9568834,54.141077848,0.671082,3.131716,0.223694,256.8, 10, 1.1,,,0,0,579,1024,601,1024,-67,0,-64,0,254.2,0,0,91,3.981,3.969,3.971,0,0,0,7.094,83.48,2.071736942936,5.905512,38,Tripod,
63000,2026-05-28 07:44:50,51.9886965154279,4.38990931679775,5.905512,,,2.071736942936,6.56168,3.1988242,47.86417476,140.361881132,26,5,11.899,2.071736942936,5.905512,6.9568834,54.141077848,0.671082,3.131716,0.447388,256.8, 10.4, 0.5,,,0,0,579,1024,595,1024,-67,0,-65,0,254.2,0,0,91,3.981,3.969,3.971,0,0,0,7.094,83.48,2.071736942936,5.905512,38,Tripod,
63100,2026-05-28 07:44:50,51.9886968492325,4.38991144252488,5.577428,,,1.743652942936,6.56168,3.4225182,47.628282364,140.8546633,26,5,11.899,2.071736942936,5.905512,6.9568834,54.141077848,0.671082,3.35541,0.671082,256.6, 10.3, 0,,,0,0,580,1024,660,1024,-67,0,-55,0,254.2,0,0,91,3.981,3.969,3.971,0,0,0,7.094,83.48,1.743652942936,5.577428,38,Tripod,
63200,2026-05-28 07:44:50,51.9886972384228,4.38991410810034,5.577428,,,1.743652942936,6.233596,3.467257,47.348426712,141.470148884,26,5,11.899,2.071736942936,5.905512,6.9568834,54.141077848,0.894776,3.35541,0.894776,256.6, 9.2, -0.1,,,0,0,579,1024,1024,1024,-67,0,0,0,254.2,0,0,91,3.981,3.969,3.971,0,0,0,7.094,83.48,1.743652942936,5.577428,38,Tripod,
63300,2026-05-28 07:44:51,51.9886976367455,4.38991643361608,5.577428,,,1.743652942936,6.233596,3.690951,47.088584184,142.012471736,25,5,11.899,2.071736942936,5.905512,6.9568834,54.141077848,0.894776,3.579104,0.671082,256.6, 7.7, -0.8,,,0,0,580,1024,1024,1024,-67,0,0,0,254.2,0,0,91,3.981,3.969,3.971,0,0,0,7.094,83.48,1.743652942936,5.577428,38,Tripod,
63400,2026-05-28 07:44:51,51.9886980650099,4.38991882892305,5.249344,,,1.415568942936,6.233596,3.690951,46.819883388,142.572839208,25,5,11.899,2.071736942936,5.905512,6.9568834,54.141077848,0.894776,3.579104,0.447388,256.4, 6.9, -0.6,,,0,0,579,1024,1024,1024,-67,0,0,0,254.2,0,0,91,3.981,3.969,3.971,0,0,0,7.094,83.48,1.415568942936,5.249344,38,Tripod,
63500,2026-05-28 07:44:51,51.9886985062875,4.38992127429452,5.249344,,,1.415568942936,6.233596,3.7580592,46.549214088,143.145345788,26,5,11.899,2.071736942936,5.905512,6.9568834,54.141077848,1.11847,3.579104,0.223694,256.2, 7.8, -1,,,0,0,579,1024,1024,1024,-67,0,0,0,254.2,0,0,91,3.981,3.969,3.971,0,0,0,7.094,83.48,1.415568942936,5.249344,38,Tripod,
63600,2026-05-28 07:44:51,51.9886989363767,4.38992397726097,5.249344,,,1.415568942936,5.905512,3.9593838,46.276904368,143.772642396,26,5,11.929,2.071736942936,5.905512,6.9568834,54.141077848,1.11847,3.802798,0,255.9, 8.1, -1.9,,,0,0,580,1024,1024,1024,-67,0,0,0,254.2,0,0,91,3.985,3.965,3.961,0,0,0,6.48,83.66,1.415568942936,5.249344,38,Tripod,
63700,2026-05-28 07:44:51,51.9886994002626,4.38992654062407,5.249344,,,1.415568942936,5.905512,3.9593838,46.005250816,144.373036116,26,5,11.929,2.071736942936,5.905512,6.9568834,54.141077848,1.11847,3.802798,0,255.6, 8.2, -2.7,,,0,0,581,1024,894,1024,-67,0,-20,0,254.2,0,0,91,3.985,3.965,3.961,0,0,0,6.48,83.66,1.415568942936,5.249344,38,Tripod,
63800,2026-05-28 07:44:51,51.988699956338,4.38992932212872,5.249344,,,1.415568942936,5.905512,4.1159696,45.698492276,145.030188368,26,5,11.929,2.071736942936,5.905512,6.9568834,54.141077848,0.894776,4.026492,0,255.3, 7.7, -2.3,,,0,0,581,1024,609,1024,-67,0,-63,0,254.2,0,0,91,3.985,3.965,3.961,0,0,0,6.48,83.66,1.415568942936,5.249344,38,Tripod,
63900,2026-05-28 07:44:51,51.9887003909505,4.38993202167638,5.249344,,,1.415568942936,5.905512,4.1159696,45.445867596,145.657156892,26,5,11.929,2.071736942936,5.905512,6.9568834,54.141077848,0.894776,4.026492,0.223694,255.2, 7.7, -1,,,0,0,582,1024,1024,1024,-67,0,0,0,254.2,0,0,91,3.985,3.965,3.961,0,0,0,6.48,83.66,1.415568942936,5.249344,38,Tripod,
64000,2026-05-28 07:44:51,51.9887007976089,4.38993484588106,5.249344,,,1.415568942936,5.905512,4.1830778,45.20669436,146.308731716,26,5,11.929,2.071736942936,5.905512,6.9568834,54.141077848,1.11847,4.026492,0.223694,255.6, 6.2, -0.9,,,0,0,582,1024,1024,1024,-67,0,0,0,254.2,0,0,91,3.985,3.965,3.961,0,0,0,6.48,83.66,1.415568942936,5.249344,38,Tripod,
64100,2026-05-28 07:44:51,51.9887012510945,4.38993762214968,5.249344,,,1.415568942936,5.577428,4.1830778,44.959975192,146.954072944,26,5,11.929,2.071736942936,5.905512,6.9568834,54.141077848,1.11847,4.026492,0,255.7, 5.7, -0.8,,,0,0,582,1024,1024,1024,-67,0,0,0,254.2,0,0,91,3.985,3.965,3.961,0,0,0,6.48,83.66,1.415568942936,5.249344,38,Tripod,
64200,2026-05-28 07:44:51,51.9887018530462,4.38994030100026,5.249344,,,1.415568942936,5.577428,4.1830778,44.669948936,147.594820996,26,5,11.929,2.071736942936,5.905512,6.9568834,54.141077848,1.11847,4.026492,0,255.7, 6.6, -1.3,,,0,0,588,1024,689,1024,-66,0,-51,0,254.2,0,0,91,3.985,3.965,3.961,0,0,0,6.48,83.66,1.415568942936,5.249344,38,Tripod,
64300,2026-05-28 07:44:52,51.988702316658,4.38994310569907,5.249344,,,1.415568942936,5.577428,4.3844024,44.434712708,148.247051988,26,5,11.929,2.071736942936,5.905512,6.9568834,54.141077848,1.11847,4.250186,0,255.7, 6.7, -1.1,,,0,0,588,1024,364,1024,-66,0,-100,0,254.2,0,0,91,3.985,3.965,3.961,0,0,0,6.48,83.66,1.415568942936,5.249344,38,Tripod,
64400,2026-05-28 07:44:52,51.9887027741101,4.38994570213361,5.249344,,,1.415568942936,5.577428,4.3844024,44.21424026,148.854007388,26,5,11.929,2.071736942936,5.905512,6.9568834,54.141077848,1.11847,4.250186,0,255.9, 7.1, -1,,,0,0,588,1024,364,1024,-66,0,-100,0,254.2,0,0,91,3.985,3.965,3.961,0,0,0,6.48,83.66,1.415568942936,5.249344,38,Tripod,
64500,2026-05-28 07:44:52,51.9887032431105,4.38994854024992,5.249344,,,1.415568942936,5.577428,4.3844024,43.99278356,149.514112396,26,5,11.929,2.071736942936,5.905512,6.9568834,54.141077848,1.11847,4.250186,0.671082,255.9, 7.4, -1,,,0,0,596,1024,1024,1024,-65,0,0,0,254.2,0,0,91,3.985,3.965,3.961,0,0,0,6.48,83.66,1.415568942936,5.249344,38,Tripod,
64600,2026-05-28 07:44:52,51.9887038277141,4.38995137371628,4.92126,,,1.087484942936,5.249344,4.3844024,43.737862292,150.185700344,26,5,11.898,2.071736942936,5.905512,6.9568834,54.141077848,1.11847,4.250186,0.894776,256, 5, -1.1,,,0,0,596,1024,1024,1024,-65,0,0,0,254.2,0,0,91,3.984,3.964,3.966,0,0,0,6.669,83.66,1.087484942936,4.92126,38,Tripod,
64700,2026-05-28 07:44:52,51.9887043457435,4.38995426546371,4.92126,,,1.087484942936,5.249344,4.3844024,43.515749424,150.862209552,26,5,11.898,2.071736942936,5.905512,6.9568834,54.141077848,1.11847,4.250186,0.447388,256, 3.6, -1.2,,,0,0,596,1024,1024,1024,-65,0,0,0,254.2,0,0,91,3.984,3.964,3.966,0,0,0,6.669,83.66,1.087484942936,4.92126,38,Tripod,
64800,2026-05-28 07:44:52,51.9887048102976,4.38995711655259,4.92126,,,1.087484942936,5.249344,4.3844024,43.322836032,151.524939232,26,5,11.898,2.071736942936,5.905512,6.9568834,54.141077848,1.11847,4.250186,0.223694,256, 4.8, -2.4,,,0,0,596,1024,1024,1024,-65,0,0,0,254.2,0,0,91,3.984,3.964,3.966,0,0,0,6.669,83.66,1.087484942936,4.92126,38,Tripod,
64900,2026-05-28 07:44:52,51.9887053199142,4.38995997973941,4.92126,,,1.087484942936,5.249344,4.3844024,43.122704792,152.194558676,26,5,11.898,2.071736942936,5.905512,6.9568834,54.141077848,1.11847,4.250186,0,255.8, 5.2, -1.5,,,0,0,596,1024,1024,1024,-65,0,0,0,254.2,0,0,91,3.984,3.964,3.966,0,0,0,6.669,83.66,1.087484942936,4.92126,38,Tripod,
65000,2026-05-28 07:44:52,51.988705713585,4.38996298604501,4.92126,,,1.087484942936,5.249344,4.3844024,42.97408274,152.885175496,26,5,11.898,2.071736942936,5.905512,6.9568834,54.141077848,1.11847,4.250186,0,255.9, 5.8, -2,,,0,0,596,1024,1024,1024,-65,0,0,0,254.2,0,0,91,3.984,3.964,3.966,0,0,0,6.669,83.66,1.087484942936,4.92126,38,Tripod,
65100,2026-05-28 07:44:52,51.9887062147374,4.38996588294854,4.92126,,,1.087484942936,5.249344,4.3844024,42.79691738,153.561028536,26,5,11.898,2.071736942936,5.905512,6.9568834,54.141077848,1.11847,4.250186,0,255.5, 5.9, -3.8,,,0,0,596,1024,1024,1024,-65,0,0,0,254.2,0,0,91,3.984,3.964,3.966,0,0,0,6.669,83.66,1.087484942936,4.92126,38,Tripod,
65200,2026-05-28 07:44:52,51.9887066488872,4.38996884763592,4.92126,,,1.087484942936,4.92126,4.3396636,42.654528924,154.245739844,26,5,11.898,2.071736942936,5.905512,6.9568834,54.141077848,0.894776,4.250186,0,254.9, 5.2, -2.9,,,0,0,597,1024,1024,1024,-65,0,0,0,254.2,0,0,91,3.984,3.964,3.966,0,0,0,6.669,83.66,1.087484942936,4.92126,38,Tripod,
65300,2026-05-28 07:44:52,51.9887070436288,4.38997182844541,4.92126,,,1.087484942936,4.92126,4.5633576,42.537074852,154.930779236,26,5,11.898,2.071736942936,5.905512,6.9568834,54.141077848,0.894776,4.47388,0,254.8, 5.4, 0,,,0,0,597,1024,1024,1024,-65,0,0,0,254.2,0,0,91,3.984,3.964,3.966,0,0,0,6.669,83.66,1.087484942936,4.92126,38,Tripod,
65400,2026-05-28 07:44:53,51.9887074273105,4.38997471487315,4.92126,,,1.087484942936,4.92126,4.5633576,42.433400308,155.594165084,26,5,11.898,2.071736942936,5.905512,6.9568834,54.141077848,0.894776,4.47388,0,255.5, 5.8, 0.3,,,0,0,599,1024,1024,1024,-64,0,0,0,254.2,0,0,91,3.984,3.964,3.966,0,0,0,6.669,83.66,1.087484942936,4.92126,38,Tripod,
65500,2026-05-28 07:44:53,51.9887078040786,4.38997771009888,4.92126,,,1.087484942936,4.92126,4.5633576,42.343833376,156.28117298,26,5,11.898,2.071736942936,5.905512,6.9568834,54.141077848,0.894776,4.47388,0,255.8, 5.4, 0.1,,,0,0,599,1024,1024,1024,-64,0,0,0,254.2,0,0,91,3.984,3.964,3.966,0,0,0,6.669,83.66,1.087484942936,4.92126,38,Tripod,
65600,2026-05-28 07:44:53,51.9887083056594,4.38998064764692,4.92126,,,1.087484942936,4.92126,4.5633576,42.219161456,156.966212372,26,5,11.922,2.071736942936,5.905512,6.9568834,54.141077848,0.894776,4.47388,0,256.2, 4.8, 0.9,,,0,0,600,1024,1024,1024,-64,0,0,0,254.2,0,0,91,3.978,3.967,3.972,0,0,0,6.594,83.66,1.087484942936,4.92126,38,Tripod,
65700,2026-05-28 07:44:53,51.9887087045989,4.3899836595892,4.92126,,,1.087484942936,4.593176,4.5633576,42.14403022,157.658141528,26,5,11.922,2.071736942936,5.905512,6.9568834,54.141077848,0.894776,4.47388,0,256.4, 4.7, 0.4,,,0,0,602,1024,1024,1024,-64,0,0,0,254.2,0,0,91,3.978,3.967,3.972,0,0,0,6.594,83.66,1.087484942936,4.92126,38,Tripod,
65800,2026-05-28 07:44:53,51.9887091240135,4.38998659206818,4.593176,,,0.759400942936,4.593176,4.5633576,42.070539404,158.334650736,26,5,11.922,2.071736942936,5.905512,6.9568834,54.141077848,0.894776,4.47388,0,256.2, 4.8, -0.3,,,0,0,601,1024,1024,1024,-64,0,0,0,254.2,0,0,91,3.978,3.967,3.972,0,0,0,6.594,83.66,0.759400942936,4.593176,38,Tripod,
65900,2026-05-28 07:44:53,51.9887095076694,4.38998958643831,4.593176,,,0.759400942936,4.593176,4.5186188,42.02263914,159.021986716,26,5,11.922,2.071736942936,5.905512,6.9568834,54.141077848,0.671082,4.47388,0,256.1, 5, 1,,,0,0,600,1024,1024,1024,-64,0,0,0,254.2,0,0,91,3.978,3.967,3.972,0,0,0,6.594,83.66,0.759400942936,4.593176,38,Tripod,
66000,2026-05-28 07:44:53,51.9887098769414,4.3899920521816,4.593176,,,0.759400942936,4.593176,4.2949248,41.972442288,159.592196708,26,5,11.922,2.071736942936,5.905512,6.9568834,54.141077848,0.671082,4.250186,0,256.3, 5.2, 0.9,,,0,0,600,1024,1024,1024,-64,0,0,0,254.2,0,0,91,3.978,3.967,3.972,0,0,0,6.594,83.66,0.759400942936,4.593176,38,Tripod,
66100,2026-05-28 07:44:53,51.9887102596293,4.38999497347908,4.593176,,,0.759400942936,4.593176,4.3396636,41.942586644,160.263128488,26,5,11.922,2.071736942936,5.905512,6.9568834,54.141077848,0.894776,4.250186,0,256.5, 5.2, 1.1,,,0,0,603,1024,1024,1024,-64,0,0,0,254.2,0,0,91,3.978,3.967,3.972,0,0,0,6.594,83.66,0.759400942936,4.593176,38,Tripod,
66200,2026-05-28 07:44:53,51.9887105273738,4.38999808658685,4.593176,,,0.759400942936,4.593176,4.3396636,41.972770372,160.969165256,26,5,11.922,2.071736942936,5.905512,6.9568834,54.141077848,0.894776,4.250186,0,256.5, 5.3, 1.4,,,0,0,603,1024,1024,1024,-64,0,0,0,254.2,0,0,91,3.978,3.967,3.972,0,0,0,6.594,83.66,0.759400942936,4.593176,38,Tripod,
66300,2026-05-28 07:44:53,51.9887109186373,4.39000102831881,4.92126,,,1.087484942936,4.593176,4.3396636,41.962927852,161.645674464,26,5,11.922,2.071736942936,5.905512,6.9568834,54.141077848,0.894776,4.250186,0,256.8, 5.1, 0.6,,,0,0,602,1024,1024,1024,-64,0,0,0,254.2,0,0,91,3.978,3.967,3.972,0,0,0,6.594,83.66,1.087484942936,4.92126,38,Tripod,
66400,2026-05-28 07:44:54,51.9887114088925,4.39000365719528,4.92126,,,1.087484942936,4.593176,4.3396636,41.913059084,162.262800468,26,5,11.922,2.071736942936,5.905512,6.9568834,54.141077848,0.894776,4.250186,0,256.7, 5.1, 0.7,,,0,0,602,1024,1024,1024,-64,0,0,0,254.2,0,0,91,3.978,3.967,3.972,0,0,0,6.594,83.66,1.087484942936,4.92126,38,Tripod,
66500,2026-05-28 07:44:54,51.9887118188662,4.39000656362644,4.92126,,,1.087484942936,4.593176,4.3396636,41.915355672,162.932747996,26,5,11.922,2.071736942936,5.905512,6.9568834,54.141077848,0.894776,4.250186,0,256.5, 4.9, 0.3,,,0,0,602,1024,1024,1024,-64,0,0,0,254.2,0,0,91,3.978,3.967,3.972,0,0,0,6.594,83.66,1.087484942936,4.92126,38,Tripod,
66600,2026-05-28 07:44:54,51.988712140797,4.39000950054844,4.92126,,,1.087484942936,4.593176,4.3396636,41.961287432,163.602695524,26,5,11.915,2.071736942936,5.905512,6.9568834,54.141077848,0.894776,4.250186,0,256.3, 4.9, 0.9,,,0,0,602,1024,1024,1024,-64,0,0,0,254.2,0,0,91,3.978,3.965,3.969,0,0,0,6.469,83.66,1.087484942936,4.92126,38,Tripod,
66700,2026-05-28 07:44:54,51.9887125445083,4.39001239900822,4.92126,,,1.087484942936,4.92126,4.3396636,41.986877984,164.270346464,26,5,11.915,2.071736942936,5.905512,6.9568834,54.141077848,0.894776,4.250186,0,256.4, 4.9, 0.3,,,0,0,602,1024,963,1024,-64,0,-9,0,254.2,0,0,91,3.978,3.965,3.969,0,0,0,6.469,83.66,1.087484942936,4.92126,38,Tripod,
66800,2026-05-28 07:44:54,51.9887129085801,4.39001502649701,4.92126,,,1.087484942936,4.593176,4.3396636,42.019686384,164.875661444,26,5,11.915,2.071736942936,5.905512,6.9568834,54.141077848,0.894776,4.250186,0,256.1, 5, 0.3,,,0,0,603,1024,591,1024,-64,0,-66,0,254.2,0,0,91,3.978,3.965,3.969,0,0,0,6.469,83.66,1.087484942936,4.92126,38,Tripod,
66900,2026-05-28 07:44:54,51.9887132803451,4.39001791038436,4.92126,,,1.087484942936,4.593176,4.2949248,42.075460664,165.537734956,26,5,11.915,2.071736942936,5.905512,6.9568834,54.141077848,0.671082,4.250186,0,256.3, 5.6, 1.3,,,0,0,605,1024,1024,1024,-63,0,0,0,254.2,0,0,91,3.978,3.965,3.969,0,0,0,6.469,83.66,1.087484942936,4.92126,38,Tripod,
67000,2026-05-28 07:44:54,51.9887135347336,4.39002105990064,4.92126,,,1.087484942936,4.593176,4.2949248,42.200788752,166.251317656,26,5,11.915,2.071736942936,5.905512,6.9568834,54.141077848,0.671082,4.250186,0.447388,256.7, 5.7, 1.7,,,0,0,605,1024,1024,1024,-63,0,0,0,254.2,0,0,91,3.978,3.965,3.969,0,0,0,6.469,83.66,1.087484942936,4.92126,38,Tripod,
67100,2026-05-28 07:44:54,51.9887139105337,4.39002397235206,4.593176,,,0.759400942936,4.593176,4.3396636,42.278872744,166.919952848,26,5,11.915,2.071736942936,5.905512,6.9568834,54.141077848,0.894776,4.250186,0.223694,256.9, 3.8, 1.1,,,0,0,605,1024,1024,1024,-63,0,0,0,254.2,0,0,91,3.978,3.965,3.969,0,0,0,6.469,83.66,0.759400942936,4.593176,38,Tripod,
67200,2026-05-28 07:44:54,51.9887144780889,4.39002650531119,4.593176,,,0.759400942936,4.593176,4.3396636,42.272311064,167.525595912,26,5,11.915,2.071736942936,5.905512,6.9568834,54.141077848,0.894776,4.250186,0,256.7, 4, 0.7,,,0,0,605,1024,1024,1024,-63,0,0,0,254.2,0,0,91,3.978,3.965,3.969,0,0,0,6.469,83.66,0.759400942936,4.593176,38,Tripod,
67300,2026-05-28 07:44:54,51.9887148859038,4.39002933399363,4.593176,,,0.759400942936,4.593176,4.3396636,42.35236356,168.178154988,26,5,11.915,2.071736942936,5.905512,6.9568834,54.141077848,0.894776,4.250186,0,256.6, 4.6, 0.6,,,0,0,606,1024,1024,1024,-63,0,0,0,254.2,0,0,91,3.978,3.965,3.969,0,0,0,6.469,83.66,0.759400942936,4.593176,38,Tripod,
67400,2026-05-28 07:44:55,51.9887150797836,4.3900322709504,4.593176,,,0.759400942936,4.593176,4.3396636,42.523951492,168.84186892,26,5,11.915,2.071736942936,5.905512,6.9568834,54.141077848,0.894776,4.250186,0,256.4, 4.4, 0.3,,,0,0,606,1024,1024,1024,-63,0,0,0,254.2,0,0,91,3.978,3.965,3.969,0,0,0,6.469,83.66,0.759400942936,4.593176,38,Tripod,
67500,2026-05-28 07:44:55,51.9887154470851,4.39003507944009,4.593176,,,0.759400942936,4.593176,4.3396636,42.635500052,169.486882064,26,5,11.915,2.071736942936,5.905512,6.9568834,54.141077848,0.894776,4.250186,0,256.5, 5.2, 1.1,,,0,0,606,1024,1024,1024,-63,0,0,0,254.2,0,0,91,3.978,3.965,3.969,0,0,0,6.469,83.66,0.759400942936,4.593176,38,Tripod,
67600,2026-05-28 07:44:55,51.9887158698323,4.39003780412603,4.593176,,,0.759400942936,4.593176,4.1159696,42.730644412,170.118443764,26,5,11.918,2.071736942936,5.905512,6.9568834,54.141077848,0.894776,4.026492,0,256.8, 6.1, 2.4,,,0,0,607,1024,1024,1024,-63,0,0,0,254.2,0,0,91,3.984,3.969,3.966,0,0,0,6.324,83.66,0.759400942936,4.593176,38,Tripod,
67700,2026-05-28 07:44:55,51.9887162836613,4.3900405488656,4.593176,,,0.759400942936,4.593176,4.1159696,42.8395683,170.753286304,26,5,11.918,2.071736942936,5.905512,6.9568834,54.141077848,0.894776,4.026492,0,257.1, 6.3, 0.8,,,0,0,606,1024,1024,1024,-63,0,0,0,254.2,0,0,91,3.984,3.969,3.966,0,0,0,6.324,83.66,0.759400942936,4.593176,38,Tripod,
67800,2026-05-28 07:44:55,51.9887165778007,4.39004312329882,4.593176,,,0.759400942936,4.593176,4.1159696,42.981300588,171.341540916,26,5,11.918,2.071736942936,5.905512,6.9568834,54.141077848,0.894776,4.026492,0,257, 6.2, -0.2,,,0,0,606,1024,1024,1024,-63,0,0,0,254.2,0,0,91,3.984,3.969,3.966,0,0,0,6.324,83.66,0.759400942936,4.593176,38,Tripod,
67900,2026-05-28 07:44:55,51.9887169970611,4.39004577885779,4.593176,,,0.759400942936,4.265092,4.1159696,43.09711424,171.957354584,26,5,11.918,2.071736942936,5.905512,6.9568834,54.141077848,0.894776,4.026492,0,256.6, 6.7, -0.4,,,0,0,609,1024,1024,1024,-63,0,0,0,254.2,0,0,91,3.984,3.969,3.966,0,0,0,6.324,83.66,0.759400942936,4.593176,38,Tripod,
68000,2026-05-28 07:44:55,51.9887174633458,4.39004828073485,4.593176,,,0.759400942936,4.265092,4.1159696,43.19061818,172.544624944,26,5,11.918,2.071736942936,5.905512,6.9568834,54.141077848,0.894776,4.026492,0,256.4, 6.6, 0,,,0,0,609,1024,1024,1024,-63,0,0,0,254.2,0,0,91,3.984,3.969,3.966,0,0,0,6.324,83.66,0.759400942936,4.593176,38,Tripod,
68100,2026-05-28 07:44:55,51.988717888509,4.39005089612398,4.593176,,,0.759400942936,4.265092,4.1159696,43.317258604,173.152564596,26,5,11.918,2.071736942936,5.905512,6.9568834,54.141077848,0.894776,4.026492,0,256.4, 6.1, -0.2,,,0,0,610,1024,1024,1024,-63,0,0,0,254.2,0,0,91,3.984,3.969,3.966,0,0,0,6.324,83.66,0.759400942936,4.593176,38,Tripod,
68200,2026-05-28 07:44:55,51.9887183041541,4.39005373450283,4.593176,,,0.759400942936,4.265092,4.1830778,43.478347848,173.808076428,26,5,11.918,2.071736942936,5.905512,6.9568834,54.141077848,1.11847,4.026492,0,256.2, 6.5, -0.4,,,0,0,611,1024,1024,1024,-63,0,0,0,254.2,0,0,91,3.984,3.969,3.966,0,0,0,6.324,83.66,0.759400942936,4.593176,38,Tripod,
68300,2026-05-28 07:44:55,51.9887187500322,4.39005631829857,4.593176,,,0.759400942936,4.265092,3.9593838,43.611221868,174.410766736,26,5,11.918,2.071736942936,5.905512,6.9568834,54.141077848,1.11847,3.802798,0,256.2, 6.9, -1.1,,,0,0,609,1024,1024,1024,-63,0,0,0,254.2,0,0,91,3.984,3.969,3.966,0,0,0,6.324,83.66,0.759400942936,4.593176,38,Tripod,
68400,2026-05-28 07:44:56,51.9887191435745,4.39005872822661,4.593176,,,0.759400942936,4.265092,3.9593838,43.749673316,174.971134208,26,5,11.918,2.071736942936,5.905512,6.9568834,54.141077848,1.11847,3.802798,0,256.1, 7.6, -1.3,,,0,0,609,1024,1024,1024,-63,0,0,0,254.2,0,0,91,3.984,3.969,3.966,0,0,0,6.324,83.66,0.759400942936,4.593176,38,Tripod,
68500,2026-05-28 07:44:56,51.9887195841154,4.39006125709922,4.593176,,,0.759400942936,4.265092,3.9593838,43.893374108,175.561685408,26,5,11.918,2.071736942936,5.905512,6.9568834,54.141077848,1.11847,3.802798,0,255.8, 7.6, -1.4,,,0,0,609,1024,1024,1024,-63,0,0,0,254.2,0,0,91,3.984,3.969,3.966,0,0,0,6.324,83.66,0.759400942936,4.593176,38,Tripod,
68600,2026-05-28 07:44:56,51.988720085362,4.39006376654424,4.593176,,,0.759400942936,4.265092,3.9593838,44.023295372,176.154205112,26,5,11.903,2.071736942936,5.905512,6.9568834,54.141077848,1.11847,3.802798,0,255.7, 7.4, -2.1,,,0,0,604,1024,1024,1024,-64,0,0,0,254.2,0,0,91,3.979,3.965,3.967,0,0,0,6.735,83.66,0.759400942936,4.593176,38,Tripod,
68700,2026-05-28 07:44:56,51.9887205163506,4.39006632934737,4.593176,,,0.759400942936,4.265092,3.914645,44.188977792,176.751317992,26,5,11.903,2.071736942936,5.905512,6.9568834,54.141077848,0.894776,3.802798,0,255.7, 7.2, -1.2,,,0,0,557,1024,1024,1024,-71,0,0,0,254.2,0,0,91,3.979,3.965,3.967,0,0,0,6.735,83.66,0.759400942936,4.593176,38,Tripod,
68800,2026-05-28 07:44:56,51.9887209719609,4.39006892830686,4.593176,,,0.759400942936,4.265092,3.9593838,44.358925304,177.358273392,26,5,11.903,2.071736942936,5.905512,6.9568834,54.141077848,1.11847,3.802798,0,255.7, 7.1, -0.9,,,0,0,550,1024,1024,1024,-72,0,0,0,254.2,0,0,91,3.979,3.965,3.967,0,0,0,6.735,83.66,0.759400942936,4.593176,38,Tripod,
68900,2026-05-28 07:44:56,51.9887214304068,4.39007152163908,4.593176,,,0.759400942936,4.265092,3.9593838,44.534778328,177.964572624,26,5,11.903,2.071736942936,5.905512,6.9568834,54.141077848,1.11847,3.802798,0,255.7, 7.6, -1.6,,,0,0,550,1024,1024,1024,-72,0,0,0,254.2,0,0,91,3.979,3.965,3.967,0,0,0,6.735,83.66,0.759400942936,4.593176,38,Tripod,
69000,2026-05-28 07:44:56,51.988721919394,4.39007400572316,4.593176,,,0.759400942936,4.265092,3.9593838,44.695211404,178.550530648,26,5,11.903,2.071736942936,5.905512,6.9568834,54.141077848,1.11847,3.802798,0,255.7, 7.9, -2.5,,,0,0,597,1024,1024,1024,-65,0,0,0,254.2,0,0,91,3.979,3.965,3.967,0,0,0,6.735,83.66,0.759400942936,4.593176,38,Tripod,
69100,2026-05-28 07:44:56,51.9887223713975,4.39007662048629,4.593176,,,0.759400942936,4.593176,4.1830778,44.890749468,179.160766888,26,5,11.903,2.071736942936,5.905512,6.9568834,54.141077848,1.11847,4.026492,0,255.5, 8, -1.5,,,0,0,597,1024,1024,1024,-65,0,0,0,254.2,0,0,91,3.979,3.965,3.967,0,0,0,6.735,83.66,0.759400942936,4.593176,38,Tripod,
69200,2026-05-28 07:44:56,51.9887228743404,4.39007924553012,4.593176,,,0.759400942936,4.593176,4.1830778,45.079725852,179.778220976,26,5,11.903,2.071736942936,5.905512,6.9568834,54.141077848,1.11847,4.026492,0,255.5, 8.2, -1,,,0,0,597,1024,1024,1024,-65,0,0,0,254.2,0,0,91,3.979,3.965,3.967,0,0,0,6.735,83.66,0.759400942936,4.593176,38,Tripod,
69300,2026-05-28 07:44:56,51.9887233409764,4.39008191886823,4.593176,,,0.759400942936,4.593176,4.1830778,45.293308536,180.402564828,26,5,11.903,2.071736942936,5.905512,6.9568834,54.141077848,1.11847,4.026492,0,255.5, 7.8, -1.3,,,0,0,598,1024,1024,1024,-65,0,0,0,254.2,0,0,91,3.979,3.965,3.967,0,0,0,6.735,83.66,0.759400942936,4.593176,38,Tripod,
69400,2026-05-28 07:44:57,51.988723898414,4.39008430737239,4.593176,,,0.759400942936,4.593176,4.1830778,45.449804604,180.976711828,26,5,11.903,2.071736942936,5.905512,6.9568834,54.141077848,1.11847,4.026492,0,255.6, 7.1, -1.8,,,0,0,597,1024,1024,1024,-65,0,0,0,254.2,0,0,91,3.979,3.965,3.967,0,0,0,6.735,83.66,0.759400942936,4.593176,38,Tripod,
69500,2026-05-28 07:44:57,51.988724399969,4.39008702634766,4.593176,,,0.759400942936,4.593176,4.1830778,45.67421406,181.61417904,26,5,11.903,2.071736942936,5.905512,6.9568834,54.141077848,1.11847,4.026492,0,255.4, 6.7, -1.9,,,0,0,597,1024,1024,1024,-65,0,0,0,254.2,0,0,91,3.979,3.965,3.967,0,0,0,6.735,83.66,0.759400942936,4.593176,38,Tripod,
69600,2026-05-28 07:44:57,51.9887248710169,4.39008974319443,4.593176,,,0.759400942936,4.593176,4.3844024,45.915027716,182.248365412,26,5,11.899,2.071736942936,5.905512,6.9568834,54.141077848,1.11847,4.250186,0,255.4, 6.1, -2.4,,,0,0,598,1024,1024,1024,-65,0,0,0,254.2,0,0,91,3.976,3.963,3.965,0,0,0,6.88,83.66,0.759400942936,4.593176,38,Tripod,
69700,2026-05-28 07:44:57,51.988725369248,4.39009251614686,4.593176,,,0.759400942936,4.593176,4.3844024,46.163387304,182.897315564,26,5,11.899,2.071736942936,5.905512,6.9568834,54.141077848,1.11847,4.250186,0,255.3, 5.6, -2.3,,,0,0,598,1024,1024,1024,-65,0,0,0,254.2,0,0,91,3.976,3.963,3.965,0,0,0,6.88,83.66,0.759400942936,4.593176,38,Tripod,
69800,2026-05-28 07:44:57,51.9887258985772,4.39009522989131,4.92126,,,1.087484942936,4.593176,4.3844024,46.402232456,183.537079364,26,5,11.899,2.071736942936,5.905512,6.9568834,54.141077848,1.11847,4.250186,0,255.2, 5.5, -1.8,,,0,0,598,1024,1024,1024,-65,0,0,0,254.2,0,0,91,3.976,3.963,3.965,0,0,0,6.88,83.66,1.087484942936,4.92126,38,Tripod,
69900,2026-05-28 07:44:57,51.988726361932,4.39009799250736,4.92126,,,1.087484942936,4.593176,4.3844024,46.674214092,184.180452088,26,5,11.899,2.071736942936,5.905512,6.9568834,54.141077848,1.11847,4.250186,0,255.2, 5.7, -2.5,,,0,0,598,1024,1024,1024,-65,0,0,0,254.2,0,0,91,3.976,3.963,3.965,0,0,0,6.88,83.66,1.087484942936,4.92126,38,Tripod,
70000,2026-05-28 07:44:57,51.9887267383916,4.39010059793577,4.92126,,,1.087484942936,4.593176,4.3396636,46.95374166,184.781501976,26,5,11.899,2.071736942936,5.905512,6.9568834,54.141077848,0.894776,4.250186,0,255.1, 5.7, -1.2,,,0,0,598,1024,1024,1024,-65,0,0,0,254.2,0,0,91,3.976,3.963,3.965,0,0,0,6.88,83.66,1.087484942936,4.92126,38,Tripod,
70100,2026-05-28 07:44:57,51.9887271400126,4.39010335867377,4.92126,,,1.087484942936,4.593176,4.3396636,47.255907024,185.418969188,26,5,11.899,2.071736942936,5.905512,6.9568834,54.141077848,0.894776,4.250186,0,255.5, 5.4, 0.2,,,0,0,598,1024,1024,1024,-65,0,0,0,254.2,0,0,91,3.976,3.963,3.965,0,0,0,6.88,83.66,1.087484942936,4.92126,38,Tripod,
70200,2026-05-28 07:44:57,51.988727649535,4.3901063008335,4.92126,,,1.087484942936,4.593176,4.3396636,47.563321732,186.105649,26,5,11.899,2.071736942936,5.905512,6.9568834,54.141077848,0.894776,4.250186,0,255.9, 5.7, -0.3,,,0,0,598,1024,1024,1024,-65,0,0,0,254.2,0,0,91,3.976,3.963,3.965,0,0,0,6.88,83.66,1.087484942936,4.92126,38,Tripod,
70300,2026-05-28 07:44:58,51.9887280961327,4.3901090512073,4.92126,,,1.087484942936,4.593176,4.3396636,47.86581518,186.744756632,26,5,11.899,2.071736942936,5.905512,6.9568834,54.141077848,0.894776,4.250186,0,256.2, 5.9, -0.8,,,0,0,598,1024,1024,1024,-65,0,0,0,254.2,0,0,91,3.976,3.963,3.965,0,0,0,6.88,83.66,1.087484942936,4.92126,38,Tripod,
70400,2026-05-28 07:44:58,51.9887285787461,4.39011203927545,4.92126,,,1.087484942936,4.593176,4.3396636,48.202429364,187.438654292,26,5,11.899,2.071736942936,5.905512,6.9568834,54.141077848,0.894776,4.250186,0,255.9, 6.2, -1.7,,,0,0,597,1024,1024,1024,-65,0,0,0,254.2,0,0,91,3.976,3.963,3.965,0,0,0,6.88,83.66,1.087484942936,4.92126,38,Tripod,
70500,2026-05-28 07:44:58,51.9887290034894,4.39011478786857,4.92126,,,1.087484942936,4.593176,4.3396636,48.5236236,188.075465336,26,5,11.899,2.071736942936,5.905512,6.9568834,54.141077848,0.894776,4.250186,0,255.6, 6.5, -1.3,,,0,0,597,1024,1024,1024,-65,0,0,0,254.2,0,0,91,3.976,3.963,3.965,0,0,0,6.88,83.66,1.087484942936,4.92126,38,Tripod,
70600,2026-05-28 07:44:58,51.9887293057845,4.39011757578992,4.92126,,,1.087484942936,4.593176,4.3396636,48.888781092,188.711620212,26,5,11.899,2.071736942936,5.905512,6.9568834,54.141077848,0.894776,4.250186,0,255.6, 6.6, 0.5,,,0,0,597,1024,1024,1024,-65,0,0,0,254.2,0,0,91,3.978,3.964,3.966,0,0,0,6.823,83.84,1.087484942936,4.92126,38,Tripod,
70700,2026-05-28 07:44:58,51.988729706506,4.39012033623578,4.92126,,,1.087484942936,4.593176,4.3396636,49.230316536,189.34875934,26,5,11.899,2.071736942936,5.905512,6.9568834,54.141077848,0.894776,4.250186,0,256.1, 6.4, 0.1,,,0,0,596,1024,1024,1024,-65,0,0,0,254.2,0,0,91,3.978,3.964,3.966,0,0,0,6.823,83.84,1.087484942936,4.92126,38,Tripod,
70800,2026-05-28 07:44:58,51.9887300150808,4.3901232256565,4.92126,,,1.087484942936,4.593176,4.3396636,49.621392664,190.007552012,26,5,11.899,2.071736942936,5.905512,6.9568834,54.141077848,0.894776,4.250186,0,256.5, 5.6, 0,,,0,0,592,1024,1024,1024,-65,0,0,0,254.2,0,0,91,3.978,3.964,3.966,0,0,0,6.823,83.84,1.087484942936,4.92126,38,Tripod,
70900,2026-05-28 07:44:58,51.988730451578,4.39012604236105,4.593176,,,0.759400942936,4.593176,4.3396636,49.974739132,190.660111088,26,5,11.899,2.071736942936,5.905512,6.9568834,54.141077848,0.894776,4.250186,0,256.6, 5.4, -0.2,,,0,0,592,1024,1024,1024,-65,0,0,0,254.2,0,0,91,3.978,3.964,3.966,0,0,0,6.823,83.84,0.759400942936,4.593176,38,Tripod,
71000,2026-05-28 07:44:58,51.9887309372841,4.39012869397612,4.92126,,,1.087484942936,4.593176,4.3844024,50.294292948,191.281830268,26,5,11.899,2.071736942936,5.905512,6.9568834,54.141077848,1.11847,4.250186,0,256.5, 5.4, -1,,,0,0,591,1024,1024,1024,-66,0,0,0,254.2,0,0,91,3.978,3.964,3.966,0,0,0,6.823,83.84,1.087484942936,4.92126,38,Tripod,
71100,2026-05-28 07:44:58,51.9887314152885,4.39013153947778,4.92126,,,1.087484942936,4.593176,4.3844024,50.654201096,191.944559948,26,5,11.899,2.071736942936,5.905512,6.9568834,54.141077848,1.11847,4.250186,0,256.3, 4.2, -1.4,,,0,0,594,1024,1024,1024,-65,0,0,0,254.2,0,0,91,3.978,3.964,3.966,0,0,0,6.823,83.84,1.087484942936,4.92126,38,Tripod,
71200,2026-05-28 07:44:58,51.9887318853255,4.39013455240604,4.92126,,,1.087484942936,4.593176,4.3844024,51.050198484,192.6427227,26,5,11.899,2.071736942936,5.905512,6.9568834,54.141077848,1.11847,4.250186,0,256.2, 1.8, -1.5,,,0,0,592,1024,1024,1024,-65,0,0,0,254.2,0,0,91,3.978,3.964,3.966,0,0,0,6.823,83.84,1.087484942936,4.92126,38,Tripod,
71300,2026-05-28 07:44:59,51.9887323618735,4.39013738299434,4.92126,,,1.087484942936,4.593176,4.3844024,51.419949152,193.30217154,26,5,11.899,2.071736942936,5.905512,6.9568834,54.141077848,1.11847,4.250186,0,256.2, 0.1, -1.3,,,0,0,591,1024,1024,1024,-66,0,0,0,254.2,0,0,91,3.978,3.964,3.966,0,0,0,6.823,83.84,1.087484942936,4.92126,38,Tripod,
71400,2026-05-28 07:44:59,51.9887327785724,4.39013981566784,4.92126,,,1.087484942936,4.593176,4.1830778,51.740815304,193.869428776,26,5,11.899,2.071736942936,5.905512,6.9568834,54.141077848,1.11847,4.026492,0,256.3, -0.5, -1.4,,,0,0,590,1024,1024,1024,-66,0,0,0,254.2,0,0,91,3.978,3.964,3.966,0,0,0,6.823,83.84,1.087484942936,4.92126,38,Tripod,
71500,2026-05-28 07:44:59,51.9887332149154,4.39014242168042,4.92126,,,1.087484942936,4.593176,3.914645,52.091209016,194.476056092,26,5,11.899,2.071736942936,5.905512,6.9568834,54.141077848,0.894776,3.802798,0,256.2, -1.1, -1.6,,,0,0,580,1024,1024,1024,-67,0,0,0,254.2,0,0,91,3.978,3.964,3.966,0,0,0,6.823,83.84,1.087484942936,4.92126,38,Tripod,
71600,2026-05-28 07:44:59,51.9887335772909,4.39014532405275,4.593176,,,0.759400942936,4.593176,3.690951,52.515421628,195.141738528,26,5,11.896,2.071736942936,5.905512,6.9568834,54.141077848,0.894776,3.579104,0,256.2, -0.8, -1.7,,,0,0,578,1024,1024,1024,-68,0,0,0,254.2,0,0,91,3.978,3.963,3.966,0,0,0,6.677,83.84,0.759400942936,4.593176,38,Tripod,
71700,2026-05-28 07:44:59,51.9887339289148,4.39014773297908,4.593176,,,0.759400942936,4.593176,3.6462122,52.859581744,195.697840908,26,5,11.896,2.071736942936,5.905512,6.9568834,54.141077848,0.671082,3.579104,0,256.2, -0.9, -1.1,,,0,0,578,1024,1024,1024,-68,0,0,0,254.2,0,0,91,3.978,3.963,3.966,0,0,0,6.677,83.84,0.759400942936,4.593176,38,Tripod,
71800,2026-05-28 07:44:59,51.9887343759151,4.3901501670994,4.593176,,,0.759400942936,4.265092,3.4225182,53.1906185,196.268378984,26,5,11.896,2.071736942936,5.905512,6.9568834,54.141077848,0.671082,3.35541,0,256.3, -1.4, -0.1,,,0,0,578,1024,1024,1024,-68,0,0,0,254.2,0,0,91,3.978,3.963,3.966,0,0,0,6.677,83.84,0.759400942936,4.593176,38,Tripod,
71900,2026-05-28 07:44:59,51.9887346856293,4.39015239076435,4.593176,,,0.759400942936,4.265092,3.1988242,53.518374416,196.780846192,26,5,11.896,2.071736942936,5.905512,6.9568834,54.141077848,0.671082,3.131716,0,256.2, -0.6, 0,,,0,0,579,1024,1024,1024,-67,0,0,0,254.2,0,0,91,3.978,3.963,3.966,0,0,0,6.677,83.84,0.759400942936,4.593176,38,Tripod,
72000,2026-05-28 07:44:59,51.9887350768757,4.39015447667623,4.593176,,,0.759400942936,4.265092,3.1988242,53.806432168,197.270675604,26,5,11.896,2.071736942936,5.905512,6.9568834,54.141077848,0.671082,3.131716,0,256.2, 0.2, -0.1,,,0,0,584,1024,1024,1024,-67,0,0,0,254.2,0,0,91,3.978,3.963,3.966,0,0,0,6.677,83.84,0.759400942936,4.593176,38,Tripod,
72100,2026-05-28 07:44:59,51.9887353973586,4.39015653251114,4.593176,,,0.759400942936,4.265092,2.9751302,54.107285196,197.747053572,26,5,11.896,2.071736942936,5.905512,6.9568834,54.141077848,0.671082,2.908022,0,256.3, 1.1, 0.3,,,0,0,592,1024,1024,1024,-65,0,0,0,254.2,0,0,91,3.978,3.963,3.966,0,0,0,6.677,83.84,0.759400942936,4.593176,38,Tripod,
72200,2026-05-28 07:44:59,51.9887357824796,4.39015890750701,4.593176,,,0.759400942936,4.265092,2.9751302,54.454726152,198.29889086,26,5,11.896,2.071736942936,5.905512,6.9568834,54.454726152,0.671082,2.908022,0,256.4, -0.6, -0.6,,,0,0,616,1024,1024,1024,-62,0,0,0,254.2,0,0,91,3.978,3.963,3.966,0,0,0,6.677,83.84,0.759400942936,4.593176,38,Tripod,
72300,2026-05-28 07:45:00,51.9887361208075,4.39016086367887,4.92126,,,1.087484942936,4.265092,2.7738056,54.73917498,198.755583788,26,5,11.896,2.071736942936,5.905512,6.9568834,54.73917498,0.671082,2.684328,0,256.3, -0.9, -1.4,,,0,0,820,1024,1024,1024,-31,0,0,0,254.2,0,0,91,3.978,3.963,3.966,0,0,0,6.677,83.84,1.087484942936,4.92126,38,Tripod,
72400,2026-05-28 07:45:00,51.9887363501461,4.39016248359239,4.92126,,,1.087484942936,4.265092,2.7738056,54.9868784,199.12894338,26,5,11.896,2.071736942936,5.905512,6.9568834,54.9868784,0.671082,2.684328,0,256.4, -1.3, -1.1,,,0,0,1024,1024,1024,1024,0,0,0,0,254.2,0,0,91,3.978,3.963,3.966,0,0,0,6.677,83.84,1.087484942936,4.92126,38,Tripod,
72500,2026-05-28 07:45:00,51.9887366442769,4.39016423613949,4.92126,,,1.087484942936,4.265092,2.5501116,55.247049012,199.537079876,26,5,11.896,2.071736942936,5.905512,6.9568834,55.247049012,0.671082,2.460634,0,256.5, -5.7, -1.4,,,0,0,1024,1024,1024,1024,0,0,0,0,254.2,0,0,91,3.978,3.963,3.966,0,0,0,6.677,83.84,1.087484942936,4.92126,38,Tripod,
72600,2026-05-28 07:45:00,51.9887369761796,4.39016591289587,4.92126,,,1.087484942936,4.265092,2.0579848,55.4872065,199.93274918,26,5,11.899,2.071736942936,5.905512,6.9568834,55.4872065,0.447388,2.013246,0,256.2, -7.3, -0.5,,,0,0,1024,1024,1024,1024,0,0,0,0,254.2,0,0,91,3.977,3.963,3.967,0,0,0,6.625,83.84,1.087484942936,4.92126,38,Tripod,
72700,2026-05-28 07:45:00,51.9887372044558,4.39016725919503,4.92126,,,1.087484942936,4.265092,1.8342908,55.68897816,200.246397484,26,5,11.899,2.071736942936,5.905512,6.9568834,55.68897816,0.447388,1.789552,0,256.1, -7.1, -0.3,,,0,0,1024,1024,1024,1024,0,0,0,0,254.2,0,0,91,3.977,3.963,3.967,0,0,0,6.625,83.84,1.087484942936,4.92126,38,Tripod,
72800,2026-05-28 07:45:00,51.9887373449032,4.39016846736548,4.92126,,,1.087484942936,4.265092,1.3645334,55.88418814,200.522644212,26,5,11.899,2.071736942936,5.905512,6.9568834,55.88418814,0.223694,1.342164,0,256, -5.9, -0.7,,,0,0,1024,1024,1024,1024,0,0,0,0,254.2,0,0,91,3.977,3.963,3.967,0,0,0,6.625,83.84,1.087484942936,4.92126,38,Tripod,
72900,2026-05-28 07:45:00,51.988737511043,4.39016937836933,4.92126,,,1.087484942936,4.265092,1.1408394,56.019686832,200.736226896,26,5,11.899,2.071736942936,5.905512,6.9568834,56.019686832,0.223694,1.11847,0,256, -3.9, -0.9,,,0,0,1024,1024,1024,1024,0,0,0,0,254.2,0,0,91,3.977,3.963,3.967,0,0,0,6.625,83.84,1.087484942936,4.92126,38,Tripod,
73000,2026-05-28 07:45:00,51.9887376033867,4.39017027423738,4.593176,,,0.759400942936,4.265092,0.9171454,56.167652716,200.940295144,26,5,11.899,2.071736942936,5.905512,6.9568834,56.167652716,0.223694,0.894776,0,256.2, -2.5, -1,,,0,0,1024,1024,1024,1024,0,0,0,0,254.2,0,0,91,3.977,3.963,3.967,0,0,0,6.625,83.84,0.759400942936,4.593176,38,Tripod,
73100,2026-05-28 07:45:00,51.988737715503,4.39017094334565,4.593176,,,0.759400942936,4.265092,0.7158208,56.26968684,201.096135044,26,5,11.899,2.071736942936,5.905512,6.9568834,56.26968684,0.223694,0.671082,0,255.9, -2.7, -1.3,,,0,0,1024,1024,1024,1024,0,0,0,0,254.2,0,0,91,3.977,3.963,3.967,0,0,0,6.625,83.84,0.759400942936,4.593176,38,Tripod,
73200,2026-05-28 07:45:00,51.9887378176816,4.39017174595005,4.92126,,,1.087484942936,4.265092,0.447388,56.398951936,201.280190168,26,5,11.899,2.071736942936,5.905512,6.9568834,56.398951936,0,0.447388,0,255.7, -1.9, -0.8,,,0,0,1024,1024,1024,1024,0,0,0,0,254.2,0,0,91,3.977,3.963,3.967,0,0,0,6.625,83.84,1.087484942936,4.92126,38,Tripod,
73300,2026-05-28 07:45:01,51.9887378932083,4.39017224192792,4.92126,,,1.087484942936,4.265092,0.447388,56.476707844,201.395019568,26,5,11.899,2.071736942936,5.905512,6.9568834,56.476707844,0,0.447388,0,255.8, -1.2, -0.9,,,0,0,1024,1024,1024,1024,0,0,0,0,254.2,0,0,91,3.977,3.963,3.967,0,0,0,6.625,83.84,1.087484942936,4.92126,38,Tripod,
73400,2026-05-28 07:45:01,51.9887381474939,4.39017280785354,4.92126,,,1.087484942936,4.265092,0.223694,56.531497872,201.552499888,26,5,11.899,2.071736942936,5.905512,6.9568834,56.531497872,0,0.223694,0,256, -0.9, -0.9,,,0,0,1024,1024,1024,1024,0,0,0,0,254.2,0,0,91,3.977,3.963,3.967,0,0,0,6.625,83.84,1.087484942936,4.92126,38,Tripod,
73500,2026-05-28 07:45:01,51.9887382169723,4.39017318172892,4.92126,,,1.087484942936,4.265092,0.223694,56.587600236,201.640098316,26,5,11.899,2.071736942936,5.905512,6.9568834,56.587600236,0,0.223694,0,256, -0.2, -0.4,,,0,0,1024,1024,1024,1024,0,0,0,0,254.2,0,0,91,3.977,3.963,3.967,0,0,0,6.625,83.84,1.087484942936,4.92126,38,Tripod,
73600,2026-05-28 07:45:01,51.9887380999985,4.39017328114148,4.593176,,,0.759400942936,4.265092,0,56.629594988,201.688326664,26,5,11.903,2.071736942936,5.905512,6.9568834,56.629594988,0,0,0,256.2, 0.4, -0.2,,,0,0,1024,1024,1024,1024,0,0,0,0,254.2,0,0,91,3.979,3.966,3.968,0,0,0,6.579,83.84,0.759400942936,4.593176,38,Tripod,
73700,2026-05-28 07:45:01,51.9887381612269,4.39017355611902,4.593176,,,0.759400942936,4.265092,0,56.668965068,201.753943464,26,5,11.903,2.071736942936,5.905512,6.9568834,56.668965068,0,0,0,256.3, 0.6, -1,,,0,0,1024,1024,1024,1024,0,0,0,0,254.2,0,0,91,3.979,3.966,3.968,0,0,0,6.579,83.84,0.759400942936,4.593176,38,Tripod,
73800,2026-05-28 07:45:01,51.9887383148246,4.39017338457452,4.593176,,,0.759400942936,4.265092,0,56.60597294,201.822184936,26,5,11.903,2.071736942936,5.905512,6.9568834,56.668965068,0,0,0,256.2, -0.1, -1.9,,,0,0,1024,1024,1024,1024,0,0,0,0,254.2,0,0,91,3.979,3.966,3.968,0,0,0,6.579,83.84,0.759400942936,4.593176,38,Tripod,
73900,2026-05-28 07:45:01,51.9887383706643,4.39017358202244,4.593176,,,0.759400942936,4.265092,0,56.631891576,201.870741368,26,5,11.903,2.071736942936,5.905512,6.9568834,56.668965068,0,0,0,256.2, 0, -1.9,,,0,0,1141,1024,1024,1024,18,0,0,0,254.2,0,0,91,3.979,3.966,3.968,0,0,0,6.579,83.84,0.759400942936,4.593176,38,Tripod,
74000,2026-05-28 07:45:01,51.9887383582849,4.39017347143874,4.92126,,,1.087484942936,4.265092,0,56.613518872,201.896003836,26,5,11.903,2.071736942936,5.905512,6.9568834,56.668965068,0,0,0,256.2, 1, -0.9,,,0,0,1183,1024,1024,1024,24,0,0,0,254.2,0,0,91,3.979,3.966,3.968,0,0,0,6.579,83.84,1.087484942936,4.92126,38,Tripod,
74100,2026-05-28 07:45:01,51.9887383727546,4.39017355600759,4.92126,,,1.087484942936,4.265092,0,56.626642232,201.91601696,26,5,11.903,2.071736942936,5.905512,6.9568834,56.668965068,0,0,0,256.1, 1.3, -0.6,,,0,0,1209,1024,1024,1024,28,0,0,0,254.2,0,0,91,3.979,3.966,3.968,0,0,0,6.579,83.84,1.087484942936,4.92126,38,Tripod,
74200,2026-05-28 07:45:01,51.9887381911685,4.39017329711186,4.92126,,,1.087484942936,4.265092,0,56.614503124,202.003943472,26,5,11.903,2.071736942936,5.905512,6.9568834,56.668965068,0,0,0,256.1, 1.6, -0.4,,,0,0,1239,1024,1024,1024,33,0,0,0,254.2,0,0,91,3.979,3.966,3.968,0,0,0,6.579,83.84,1.087484942936,4.92126,38,Tripod,
74300,2026-05-28 07:45:02,51.9887381869107,4.39017328610772,4.92126,,,1.087484942936,4.265092,0,56.613190788,202.006896228,26,5,11.903,2.071736942936,5.905512,6.9568834,56.668965068,0,0,0,256.2, 1.7, -0.4,,,0,0,1274,1024,1024,1024,38,0,0,0,254.2,0,0,91,3.979,3.966,3.968,0,0,0,6.579,83.84,1.087484942936,4.92126,38,Tripod,
74400,2026-05-28 07:45:02,51.9887382904257,4.39017306192154,4.92126,,,1.087484942936,3.937008,0,56.55019866,202.069888356,26,5,11.903,2.071736942936,5.905512,6.9568834,56.668965068,0,0,0,256.1, 1.4, -0.6,,,0,0,1279,1024,1024,1024,39,0,0,0,254.2,0,0,91,3.979,3.966,3.968,0,0,0,6.579,83.84,1.087484942936,4.92126,38,Tripod,
74500,2026-05-28 07:45:02,51.9887383086135,4.39017297041072,4.92126,,,1.087484942936,3.937008,0.223694,56.529529368,202.0915419,26,5,11.903,2.071736942936,5.905512,6.9568834,56.668965068,0,-0.223694,0,256.1, 1, -1,,,0,0,1294,1024,1024,1024,41,0,0,0,254.2,0,0,91,3.979,3.966,3.968,0,0,0,6.579,83.84,1.087484942936,4.92126,38,Tripod,
74600,2026-05-28 07:45:02,51.9887383150815,4.39017264293058,4.593176,,,0.759400942936,3.937008,0.223694,56.466865324,202.165032716,26,5,11.899,2.071736942936,5.905512,6.9568834,56.668965068,0,-0.223694,0,256.1, 0.5, -1.4,,,0,0,1399,1024,1024,1024,57,0,0,0,254.2,0,0,91,3.974,3.961,3.966,0,0,0,6.585,83.84,0.759400942936,4.593176,38,Tripod,
74700,2026-05-28 07:45:02,51.9887383175317,4.39017245890731,4.593176,,,0.759400942936,3.937008,0.223694,56.431760336,202.2063713,26,5,11.899,2.071736942936,5.905512,6.9568834,56.668965068,0,-0.223694,0,256.2, 0.5, -1.6,,,0,0,1399,1024,1024,1024,57,0,0,0,254.2,0,0,91,3.974,3.961,3.966,0,0,0,6.585,83.84,0.759400942936,4.593176,38,Tripod,
74800,2026-05-28 07:45:02,51.9887381166441,4.39017215433965,4.593176,,,0.759400942936,3.937008,0.223694,56.415028052,202.306765004,26,5,11.899,2.071736942936,5.905512,6.9568834,56.668965068,0,-0.223694,0,256.2, -0.4, -1.6,,,0,0,1420,1024,1024,1024,60,0,0,0,254.2,0,0,91,3.974,3.961,3.966,0,0,0,6.585,83.84,0.759400942936,4.593176,38,Tripod,
74900,2026-05-28 07:45:02,51.9887380533253,4.39017188290952,4.593176,,,0.759400942936,3.937008,0.447388,56.376970308,202.37205372,26,5,11.899,2.071736942936,5.905512,6.9568834,56.668965068,0,-0.447388,0,256.3, -1.6, -1.2,,,0,0,1449,1024,1024,1024,64,0,0,0,254.2,0,0,91,3.974,3.961,3.966,0,0,0,6.585,83.84,0.759400942936,4.593176,38,Tripod,
75000,2026-05-28 07:45:02,51.9887379637316,4.39017139088241,4.593176,,,0.759400942936,3.937008,0.4921268,56.303151408,202.487211204,26,5,11.899,2.071736942936,5.905512,6.9568834,56.668965068,-0.223694,-0.447388,0,256.4, -2.8, -0.5,,,0,0,1456,1024,1024,1024,65,0,0,0,254.2,0,0,91,3.974,3.961,3.966,0,0,0,6.585,83.84,0.759400942936,4.593176,38,Tripod,
75100,2026-05-28 07:45:02,51.9887378487453,4.3901709436786,4.593176,,,0.759400942936,3.937008,0.7158208,56.242783952,202.596135092,26,5,11.899,2.071736942936,5.905512,6.9568834,56.668965068,-0.223694,-0.671082,0,256.4, -3.5, -0.6,,,0,0,1459,1024,1024,1024,66,0,0,0,254.2,0,0,91,3.974,3.961,3.966,0,0,0,6.585,83.84,0.759400942936,4.593176,38,Tripod,
75200,2026-05-28 07:45:02,51.9887378073667,4.39017050203944,4.593176,,,0.759400942936,3.937008,0.9171454,56.168636968,202.696528796,26,5,11.899,2.071736942936,5.905512,6.9568834,56.668965068,-0.223694,-0.894776,0,256.4, -4, 0.1,,,0,0,1478,1024,1024,1024,69,0,0,0,254.2,0,0,91,3.974,3.961,3.966,0,0,0,6.585,83.84,0.759400942936,4.593176,38,Tripod,
75300,2026-05-28 07:45:02,51.9887376590633,4.39016982522391,4.593176,,,0.759400942936,3.937008,1.1408394,56.072508356,202.857946124,26,5,11.899,2.071736942936,5.905512,6.9568834,56.668965068,-0.223694,-1.11847,0,256.4, -4.2, 0,,,0,0,1478,1024,1024,1024,69,0,0,0,254.2,0,0,91,3.974,3.961,3.966,0,0,0,6.585,83.84,0.759400942936,4.593176,38,Tripod,
75400,2026-05-28 07:45:03,51.9887374258524,4.39016898327717,4.593176,,,0.759400942936,3.937008,1.4092722,55.963584468,203.065295212,26,5,11.899,2.071736942936,5.905512,6.9568834,56.668965068,-0.447388,-1.342164,0,256.3, -4.3, -0.2,,,0,0,1469,1024,1024,1024,67,0,0,0,254.2,0,0,91,3.974,3.961,3.966,0,0,0,6.585,83.84,0.759400942936,4.593176,38,Tripod,
75500,2026-05-28 07:45:03,51.9887372352281,4.39016802739406,4.593176,,,0.759400942936,4.265092,1.6329662,55.82513302,203.291017004,26,5,11.899,2.071736942936,5.905512,6.9568834,56.668965068,-0.447388,-1.565858,0,256.4, -4.1, -0.2,,,0,0,1469,1024,1024,1024,67,0,0,0,254.2,0,0,91,3.974,3.961,3.966,0,0,0,6.585,83.84,0.759400942936,4.593176,38,Tripod,
75600,2026-05-28 07:45:03,51.9887371167465,4.39016720898583,4.593176,,,0.759400942936,4.265092,1.6329662,55.697836428,203.479993388,26,5,11.896,2.071736942936,5.905512,6.9568834,56.668965068,-0.447388,-1.565858,0,256.5, -3.9, 0.1,,,0,0,1467,1024,1024,1024,67,0,0,0,254.2,0,0,91,3.973,3.96,3.964,0,0,0,6.727,83.84,0.759400942936,4.593176,38,Tripod,
75700,2026-05-28 07:45:03,51.9887368873993,4.39016602107041,4.593176,,,0.759400942936,4.265092,1.8342908,55.525592328,203.75984904,26,5,11.896,2.071736942936,5.905512,6.9568834,56.668965068,-0.447388,-1.789552,0,256.6, -3.6, 1,,,0,0,1464,1024,1024,1024,67,0,0,0,254.2,0,0,91,3.973,3.96,3.964,0,0,0,6.727,83.84,0.759400942936,4.593176,38,Tripod,
75800,2026-05-28 07:45:03,51.9887366892017,4.39016478963938,4.593176,,,0.759400942936,4.265092,2.0579848,55.3395687,204.045610204,26,5,11.896,2.071736942936,5.905512,6.9568834,56.668965068,-0.447388,-2.013246,0,256.5, -3.3, 0.7,,,0,0,1467,1024,1024,1024,67,0,0,0,254.2,0,0,91,3.973,3.96,3.964,0,0,0,6.727,83.84,0.759400942936,4.593176,38,Tripod,
75900,2026-05-28 07:45:03,51.988736462279,4.39016337798301,4.593176,,,0.759400942936,4.265092,2.2816788,55.127298352,204.37336612,26,5,11.896,2.071736942936,5.905512,6.9568834,56.668965068,-0.447388,-2.23694,0,256.4, -3.2, -0.5,,,0,0,1468,1024,1024,1024,67,0,0,0,254.2,0,0,91,3.973,3.96,3.964,0,0,0,6.727,83.84,0.759400942936,4.593176,38,Tripod,
76000,2026-05-28 07:45:03,51.988736390479,4.39016222680828,4.593176,,,0.759400942936,4.265092,2.2816788,54.931432204,204.633536732,26,5,11.896,2.071736942936,5.905512,6.9568834,56.668965068,-0.447388,-2.23694,0,256.3, -3.3, -0.6,,,0,0,1476,1024,1024,1024,68,0,0,0,254.2,0,0,91,3.973,3.96,3.964,0,0,0,6.727,83.84,0.759400942936,4.593176,38,Tripod,
76100,2026-05-28 07:45:03,51.9887361466536,4.39016067479735,4.593176,,,0.759400942936,4.265092,2.5501116,54.699148732,204.99344488,26,5,11.896,2.071736942936,5.905512,6.9568834,56.668965068,-0.671082,-2.460634,0,256.2, -3.2, -0.3,,,0,0,1479,1024,1024,1024,69,0,0,0,254.2,0,0,91,3.973,3.96,3.964,0,0,0,6.727,83.84,0.759400942936,4.593176,38,Tripod,
76200,2026-05-28 07:45:03,51.9887357646339,4.39015912766941,4.593176,,,0.759400942936,4.265092,2.5501116,54.498689408,205.367788724,26,5,11.896,2.071736942936,5.905512,6.9568834,56.668965068,-0.671082,-2.460634,0,256.2, -3.2, 0.2,,,0,0,1490,1024,1024,1024,71,0,0,0,254.2,0,0,91,3.973,3.96,3.964,0,0,0,6.727,83.84,0.759400942936,4.593176,38,Tripod,
76300,2026-05-28 07:45:03,51.9887354955358,4.39015743289719,4.593176,,,0.759400942936,4.265092,2.7738056,54.249017484,205.76116144,26,5,11.896,2.071736942936,5.905512,6.9568834,56.668965068,-0.671082,-2.684328,0,256.3, -3.1, 0,,,0,0,1503,1024,1024,1024,73,0,0,0,254.2,0,0,91,3.973,3.96,3.964,0,0,0,6.727,83.84,0.759400942936,4.593176,38,Tripod,
76400,2026-05-28 07:45:04,51.9887351829603,4.3901555190444,4.593176,,,0.759400942936,4.265092,2.7738056,53.971130336,206.206043344,26,5,11.896,2.071736942936,5.905512,6.9568834,56.668965068,-0.671082,-2.684328,0,256.1, -3.3, -0.1,,,0,0,1503,1024,1024,1024,73,0,0,0,254.2,0,0,91,3.973,3.96,3.964,0,0,0,6.727,83.84,0.759400942936,4.593176,38,Tripod,
76500,2026-05-28 07:45:04,51.9887349089876,4.39015367462462,4.593176,,,0.759400942936,4.265092,2.9751302,53.6991487,206.63222446,26,5,11.896,2.071736942936,5.905512,6.9568834,56.668965068,-0.671082,-2.908022,0,256, -4.3, -0.2,,,0,0,1505,1024,1024,1024,73,0,0,0,254.2,0,0,91,3.973,3.96,3.964,0,0,0,6.727,83.84,0.759400942936,4.593176,38,Tripod,
76600,2026-05-28 07:45:04,51.9887346832899,4.39015181036682,4.593176,,,0.759400942936,4.265092,2.9751302,53.41535604,207.059061744,26,5,11.898,2.071736942936,5.905512,6.9568834,56.668965068,-0.671082,-2.908022,0,256, -5.3, -0.4,,,0,0,1510,1024,1024,1024,74,0,0,0,254.2,0,0,91,3.974,3.961,3.965,0,0,0,6.694,83.84,0.759400942936,4.593176,38,Tripod,
76700,2026-05-28 07:45:04,51.9887343941023,4.39014978754409,4.593176,,,0.759400942936,4.265092,3.1988242,53.119096188,207.525597192,26,5,11.898,2.071736942936,5.905512,6.9568834,56.668965068,-0.671082,-3.131716,0,256, -5.2, -0.8,,,0,0,1511,1024,1024,1024,74,0,0,0,254.2,0,0,91,3.974,3.961,3.965,0,0,0,6.694,83.84,0.759400942936,4.593176,38,Tripod,
76800,2026-05-28 07:45:04,51.9887339871098,4.39014755294441,4.593176,,,0.759400942936,4.265092,3.4225182,52.814634236,208.049219256,26,5,11.898,2.071736942936,5.905512,6.9568834,56.668965068,-0.671082,-3.35541,0,256, -4.8, -0.8,,,0,0,1509,1024,1024,1024,73,0,0,0,254.2,0,0,91,3.974,3.961,3.965,0,0,0,6.694,83.84,0.759400942936,4.593176,38,Tripod,
76900,2026-05-28 07:45:04,51.9887336445754,4.39014534344135,4.593176,,,0.759400942936,4.265092,3.467257,52.503610604,208.561030296,26,5,11.898,2.071736942936,5.905512,6.9568834,56.668965068,-0.894776,-3.35541,0,256, -4.7, -0.5,,,0,0,1504,1024,1024,1024,73,0,0,0,254.2,0,0,91,3.974,3.961,3.965,0,0,0,6.694,83.84,0.759400942936,4.593176,38,Tripod,
77000,2026-05-28 07:45:04,51.9887333703114,4.39014283257034,4.593176,,,0.759400942936,4.265092,3.690951,52.126970172,209.134193044,26,5,11.898,2.071736942936,5.905512,6.9568834,56.668965068,-0.894776,-3.579104,0,256.1, -4.7, -0.1,,,0,0,1502,1024,1024,1024,72,0,0,0,254.2,0,0,91,3.974,3.961,3.965,0,0,0,6.694,83.84,0.759400942936,4.593176,38,Tripod,
77100,2026-05-28 07:45:04,51.9887330152007,4.39014046319467,4.593176,,,0.759400942936,4.593176,3.690951,51.797573836,209.682093324,26,5,11.898,2.071736942936,5.905512,6.9568834,56.668965068,-0.894776,-3.579104,0,256.1, -4.3, -0.3,,,0,0,1502,1024,1024,1024,72,0,0,0,254.2,0,0,91,3.974,3.961,3.965,0,0,0,6.694,83.84,0.759400942936,4.593176,38,Tripod,
77200,2026-05-28 07:45:04,51.9887325796115,4.39013859502774,4.593176,,,0.759400942936,4.593176,3.914645,51.576773304,210.130912236,26,5,11.898,2.071736942936,5.905512,6.9568834,56.668965068,-0.894776,-3.802798,0,256, -4.2, -0.5,,,0,0,1502,1024,1024,1024,72,0,0,0,254.2,0,0,91,3.974,3.961,3.965,0,0,0,6.694,83.84,0.759400942936,4.593176,38,Tripod,
77300,2026-05-28 07:45:04,51.9887321954158,4.39013616739012,4.593176,,,0.759400942936,4.593176,3.914645,51.251313976,210.69390438,26,5,11.898,2.071736942936,5.905512,6.9568834,56.668965068,-0.894776,-3.802798,0,255.8, -4.4, -0.7,,,0,0,1500,1024,1024,1024,72,0,0,0,254.2,0,0,91,3.974,3.961,3.965,0,0,0,6.694,83.84,0.759400942936,4.593176,38,Tripod,
77400,2026-05-28 07:45:05,51.9887319195841,4.39013335762745,4.593176,,,0.759400942936,4.593176,3.914645,50.839568556,211.333340096,26,5,11.898,2.071736942936,5.905512,6.9568834,56.668965068,-0.894776,-3.802798,0,255.9, -4.3, -0.5,,,0,0,1499,1024,1024,1024,72,0,0,0,254.2,0,0,91,3.974,3.961,3.965,0,0,0,6.694,83.84,0.759400942936,4.593176,38,Tripod,
77500,2026-05-28 07:45:05,51.9887315081196,4.39013079290447,4.593176,,,0.759400942936,4.593176,4.1159696,50.506235212,211.928812556,26,5,11.898,2.071736942936,5.905512,6.9568834,56.668965068,-0.894776,-4.026492,0,256.1, -4.5, -0.2,,,0,0,1499,1024,1024,1024,72,0,0,0,254.2,0,0,91,3.974,3.961,3.965,0,0,0,6.694,83.84,0.759400942936,4.593176,38,Tripod,
77600,2026-05-28 07:45:05,51.9887309319288,4.39012781300239,4.593176,,,0.759400942936,4.593176,4.1830778,50.14927982,212.630584232,26,5,11.901,2.071736942936,5.905512,6.9568834,56.668965068,-1.11847,-4.026492,0,256.2, -4.1, -0.3,,,0,0,1499,1024,1024,1024,72,0,0,0,254.2,0,0,90,3.974,3.96,3.963,0,0,0,6.579,84.02,0.759400942936,4.593176,38,Tripod,
77700,2026-05-28 07:45:05,51.9887304760959,4.39012509904922,4.593176,,,0.759400942936,4.593176,4.1830778,49.813321804,213.262474016,26,5,11.901,2.071736942936,5.905512,6.9568834,56.668965068,-1.11847,-4.026492,0,256.2, -3.8, 0.2,,,0,0,1499,1024,1024,1024,72,0,0,0,254.2,0,0,90,3.974,3.96,3.963,0,0,0,6.579,84.02,0.759400942936,4.593176,38,Tripod,
77800,2026-05-28 07:45:05,51.9887300473518,4.390122459106,4.593176,,,0.759400942936,4.593176,4.3844024,49.488518644,213.875991096,26,5,11.901,2.071736942936,5.905512,6.9568834,56.668965068,-1.11847,-4.250186,0,256.3, -3.7, 0.2,,,0,0,1501,1024,1024,1024,72,0,0,0,254.2,0,0,90,3.974,3.96,3.963,0,0,0,6.579,84.02,0.759400942936,4.593176,38,Tripod,
77900,2026-05-28 07:45:05,51.9887295832517,4.39011966183599,4.593176,,,0.759400942936,4.593176,4.3844024,49.152560628,214.526909752,26,5,11.901,2.071736942936,5.905512,6.9568834,56.668965068,-1.11847,-4.250186,0,256.4, -3.6, 0.4,,,0,0,1501,1024,1024,1024,72,0,0,0,254.2,0,0,90,3.974,3.96,3.963,0,0,0,6.579,84.02,0.759400942936,4.593176,38,Tripod,
78000,2026-05-28 07:45:05,51.9887292547329,4.39011713791587,4.593176,,,0.759400942936,4.593176,4.6080964,48.83202256,215.106306096,26,5,11.901,2.071736942936,5.905512,6.9568834,56.668965068,-1.11847,-4.47388,0,256.5, -3.5, 0.2,,,0,0,1499,1024,1024,1024,72,0,0,0,254.2,0,0,90,3.974,3.96,3.963,0,0,0,6.579,84.02,0.759400942936,4.593176,38,Tripod,
78100,2026-05-28 07:45:05,51.9887287972037,4.39011426920957,4.593176,,,0.759400942936,4.593176,4.6080964,48.495408376,215.772316616,26,5,11.901,2.071736942936,5.905512,6.9568834,56.668965068,-1.11847,-4.47388,0,256.5, -3.2, 0.4,,,0,0,1499,1024,1024,1024,72,0,0,0,254.2,0,0,90,3.974,3.96,3.963,0,0,0,6.579,84.02,0.759400942936,4.593176,38,Tripod,
78200,2026-05-28 07:45:05,51.9887282904142,4.39011089900241,4.593176,,,0.759400942936,4.593176,4.6080964,48.10039524,216.5518442,26,5,11.901,2.071736942936,5.905512,6.9568834,56.668965068,-1.11847,-4.47388,0,256.5, -3.1, 0.3,,,0,0,1499,1024,1024,1024,72,0,0,0,254.2,0,0,90,3.974,3.96,3.963,0,0,0,6.579,84.02,0.759400942936,4.593176,38,Tripod,
78300,2026-05-28 07:45:05,51.9887278303577,4.39010789954057,4.593176,,,0.759400942936,4.265092,4.6080964,47.75918788,217.246398028,26,5,11.901,2.071736942936,5.905512,6.9568834,56.668965068,-1.11847,-4.47388,0,256.6, -2.9, -0.1,,,0,0,1499,1024,1024,1024,72,0,0,0,254.2,0,0,90,3.974,3.96,3.963,0,0,0,6.579,84.02,0.759400942936,4.593176,38,Tripod,
78400,2026-05-28 07:45:06,51.9887273911105,4.39010485513021,4.593176,,,0.759400942936,4.265092,4.8317904,47.413387344,217.948825872,26,5,11.901,2.071736942936,5.905512,6.9568834,56.668965068,-1.11847,-4.697574,0,256.5, -2.8, -0.1,,,0,0,1499,1024,1024,1024,72,0,0,0,254.2,0,0,90,3.974,3.96,3.963,0,0,0,6.579,84.02,0.759400942936,4.593176,38,Tripod,
78500,2026-05-28 07:45:06,51.988726931371,4.39010177950213,4.593176,,,0.759400942936,4.593176,4.8317904,47.076445076,218.6597839,26,5,11.901,2.071736942936,5.905512,6.9568834,56.668965068,-1.11847,-4.697574,0,256.5, -2.7, -0.1,,,0,0,1499,1024,1024,1024,72,0,0,0,254.2,0,0,90,3.974,3.96,3.963,0,0,0,6.579,84.02,0.759400942936,4.593176,38,Tripod,
78600,2026-05-28 07:45:06,51.9887265029438,4.39009866902538,4.593176,,,0.759400942936,4.593176,4.8317904,46.734253464,219.375991272,26,5,11.9,2.071736942936,5.905512,6.9568834,56.668965068,-1.11847,-4.697574,0,256.5, -2.6, -0.3,,,0,0,1499,1024,1024,1024,72,0,0,0,254.2,0,0,90,3.976,3.963,3.966,0,0,0,6.577,84.02,0.759400942936,4.593176,38,Tripod,
78700,2026-05-28 07:45:06,51.9887260417394,4.39009554051915,4.593176,,,0.759400942936,4.593176,4.8317904,46.406825632,220.098760324,25,5,11.9,2.071736942936,5.905512,6.9568834,56.668965068,-1.11847,-4.697574,0,256.5, -2.7, -0.5,,,0,0,1499,1024,1024,1024,72,0,0,0,254.2,0,0,90,3.976,3.963,3.966,0,0,0,6.577,84.02,0.759400942936,4.593176,38,Tripod,
78800,2026-05-28 07:45:06,51.9887254392908,4.39009233581884,4.593176,,,0.759400942936,4.593176,4.8317904,46.117783628,220.851713104,25,5,11.9,2.071736942936,5.905512,6.9568834,56.668965068,-1.11847,-4.697574,0,256.6, -2.5, -0.1,,,0,0,1499,1024,1024,1024,72,0,0,0,254.2,0,0,90,3.976,3.963,3.966,0,0,0,6.577,84.02,0.759400942936,4.593176,38,Tripod,
78900,2026-05-28 07:45:06,51.9887249554352,4.39008915386406,4.593176,,,0.759400942936,4.593176,5.0554844,45.8087285,221.5879336,26,5,11.9,2.071736942936,5.905512,6.9568834,56.668965068,-1.11847,-4.921268,0,256.7, -2.7, 0,,,0,0,1499,1024,1024,1024,72,0,0,0,254.2,0,0,90,3.976,3.963,3.966,0,0,0,6.577,84.02,0.759400942936,4.593176,38,Tripod,
79000,2026-05-28 07:45:06,51.9887243769913,4.39008580924043,4.593176,,,0.759400942936,4.593176,5.0554844,45.514109068,222.368445436,26,5,11.9,2.071736942936,5.905512,6.9568834,56.668965068,-1.11847,-4.921268,0,256.7, -2.5, -0.2,,,0,0,1500,1024,1024,1024,72,0,0,0,254.2,0,0,90,3.976,3.963,3.966,0,0,0,6.577,84.02,0.759400942936,4.593176,38,Tripod,
79100,2026-05-28 07:45:06,51.9887238847914,4.39008256389029,4.593176,,,0.759400942936,4.593176,5.0554844,45.219489636,223.119429712,26,5,11.9,2.071736942936,5.905512,6.9568834,56.668965068,-1.11847,-4.921268,0,256.7, -2.8, -0.3,,,0,0,1502,1024,1024,1024,72,0,0,0,254.2,0,0,90,3.976,3.963,3.966,0,0,0,6.577,84.02,0.759400942936,4.593176,38,Tripod,
79200,2026-05-28 07:45:06,51.9887235001245,4.39007919196506,4.593176,,,0.759400942936,4.593176,5.0554844,44.88681246,223.890099028,26,5,11.9,2.071736942936,5.905512,6.9568834,56.668965068,-1.11847,-4.921268,0,256.7, -2.6, -0.1,,,0,0,1502,1024,1024,1024,72,0,0,0,254.2,0,0,90,3.976,3.963,3.966,0,0,0,6.577,84.02,0.759400942936,4.593176,38,Tripod,
79300,2026-05-28 07:45:07,51.9887230136731,4.39007589571223,4.593176,,,0.759400942936,4.265092,5.0554844,44.605316388,224.651581992,26,5,11.9,2.071736942936,5.905512,6.9568834,56.668965068,-1.11847,-4.921268,0,256.8, -2.9, -0.3,,,0,0,1502,1024,1024,1024,72,0,0,0,254.2,0,0,90,3.976,3.963,3.966,0,0,0,6.577,84.02,0.759400942936,4.593176,38,Tripod,
79400,2026-05-28 07:45:07,51.9887224726585,4.39007250478369,4.593176,,,0.759400942936,4.265092,5.0554844,44.339568348,225.438655508,26,5,11.9,2.071736942936,5.905512,6.9568834,56.668965068,-1.11847,-4.921268,0,256.6, -2.9, -0.4,,,0,0,1502,1024,1024,1024,72,0,0,0,254.2,0,0,90,3.976,3.963,3.966,0,0,0,6.577,84.02,0.759400942936,4.593176,38,Tripod,
79500,2026-05-28 07:45:07,51.9887219768005,4.39006915867152,4.593176,,,0.759400942936,4.265092,5.0554844,44.0780854,226.211949496,26,5,11.9,2.071736942936,5.905512,6.9568834,56.668965068,-1.11847,-4.921268,0,256.7, -2.8, -0.4,,,0,0,1502,1024,1024,1024,72,0,0,0,254.2,0,0,90,3.976,3.963,3.966,0,0,0,6.577,84.02,0.759400942936,4.593176,38,Tripod,
79600,2026-05-28 07:45:07,51.9887215601102,4.39006547223183,4.593176,,,0.759400942936,4.265092,5.256809,43.763780928,227.054141124,26,5,11.902,2.071736942936,5.905512,6.9568834,56.668965068,-1.11847,-5.144962,0,256.8, -2.9, -0.4,,,0,0,1502,1024,1024,1024,72,0,0,0,254.2,0,0,90,3.973,3.959,3.961,0,0,0,6.346,84.02,0.759400942936,4.593176,38,Tripod,
79700,2026-05-28 07:45:07,51.9887210709687,4.39006204016655,4.593176,,,0.759400942936,4.265092,5.256809,43.515749424,227.845479732,26,5,11.902,2.071736942936,5.905512,6.9568834,56.668965068,-1.11847,-5.144962,0,256.6, -2.7, -0.7,,,0,0,1502,1024,1024,1024,72,0,0,0,254.2,0,0,90,3.973,3.959,3.961,0,0,0,6.346,84.02,0.759400942936,4.593176,38,Tripod,
79800,2026-05-28 07:45:07,51.9887205789402,4.39005881975304,4.593176,,,0.759400942936,4.265092,5.256809,43.305119496,228.59088658,26,5,11.902,2.071736942936,5.905512,6.9568834,56.668965068,-1.11847,-5.144962,0,256.5, -2, -1,,,0,0,1502,1024,1024,1024,72,0,0,0,254.2,0,0,90,3.973,3.959,3.961,0,0,0,6.346,84.02,0.759400942936,4.593176,38,Tripod,
79900,2026-05-28 07:45:07,51.9887200773337,4.39005536167301,4.593176,,,0.759400942936,4.265092,5.256809,43.083334712,229.389114952,26,5,11.902,2.071736942936,5.905512,6.9568834,56.668965068,-1.11847,-5.144962,0,256.5, -1.3, -0.9,,,0,0,1502,1024,1024,1024,72,0,0,0,254.2,0,0,90,3.973,3.959,3.961,0,0,0,6.346,84.02,0.759400942936,4.593176,38,Tripod,
80000,2026-05-28 07:45:07,51.9887197244847,4.39005239825628,4.593176,,,0.759400942936,4.265092,5.256809,42.879594548,230.06726458,26,5,11.902,2.071736942936,5.905512,6.9568834,56.668965068,-1.11847,-5.144962,0,256.4, -1.3, -0.1,,,0,0,1501,1024,1024,1024,72,0,0,0,254.2,0,0,90,3.973,3.959,3.961,0,0,0,6.346,84.02,0.759400942936,4.593176,38,Tripod,
80100,2026-05-28 07:45:07,51.988719230323,4.3900489832467,4.593176,,,0.759400942936,4.265092,5.256809,42.685696904,230.855650432,26,5,11.902,2.071736942936,5.905512,6.9568834,56.668965068,-1.11847,-5.144962,0,256.5, -1.8, 0.4,,,0,0,1502,1024,1024,1024,72,0,0,0,254.2,0,0,90,3.973,3.959,3.961,0,0,0,6.346,84.02,0.759400942936,4.593176,38,Tripod,
80200,2026-05-28 07:45:07,51.9887185012284,4.39004497065548,4.593176,,,0.759400942936,4.265092,5.256809,42.523623408,231.795611092,26,5,11.902,2.071736942936,5.905512,6.9568834,56.668965068,-1.11847,-5.144962,0,256.4, -1.9, -0.4,,,0,0,1502,1024,1024,1024,72,0,0,0,254.2,0,0,90,3.973,3.959,3.961,0,0,0,6.346,84.02,0.759400942936,4.593176,38,Tripod,
80300,2026-05-28 07:45:08,51.9887179955955,4.39004147097963,4.593176,,,0.759400942936,4.265092,5.256809,42.355972484,232.603025816,26,5,11.902,2.071736942936,5.905512,6.9568834,56.668965068,-1.11847,-5.144962,0,256.4, -1.7, -1,,,0,0,1504,1024,1024,1024,73,0,0,0,254.2,0,0,90,3.973,3.959,3.961,0,0,0,6.346,84.02,0.759400942936,4.593176,38,Tripod,
80400,2026-05-28 07:45:08,51.9887175106776,4.39003799923141,4.593176,,,0.759400942936,4.265092,5.256809,42.198492164,233.402894608,26,5,11.902,2.071736942936,5.905512,6.9568834,56.668965068,-1.11847,-5.144962,0,256.6, -1.6, -1.2,,,0,0,1504,1024,1024,1024,73,0,0,0,254.2,0,0,90,3.973,3.959,3.961,0,0,0,6.346,84.02,0.759400942936,4.593176,38,Tripod,
80500,2026-05-28 07:45:08,51.9887169734924,4.39003448658991,4.593176,,,0.759400942936,4.265092,5.3239172,42.069883236,234.216214844,26,5,11.902,2.071736942936,5.905512,6.9568834,56.668965068,-1.342164,-5.144962,0,256.8, -1.8, -0.7,,,0,0,1502,1024,1024,1024,72,0,0,0,254.2,0,0,90,3.973,3.959,3.961,0,0,0,6.346,84.02,0.759400942936,4.593176,38,Tripod,
80600,2026-05-28 07:45:08,51.9887164436662,4.39003089057592,4.593176,,,0.759400942936,4.593176,5.3239172,41.94717982,235.046923532,26,5,11.889,2.071736942936,5.905512,6.9568834,56.668965068,-1.342164,-5.144962,0,256.8, -1.4, -0.1,,,0,0,1501,1024,1024,1024,72,0,0,0,254.2,0,0,90,3.975,3.961,3.963,0,0,0,6.745,84.02,0.759400942936,4.593176,38,Tripod,
80700,2026-05-28 07:45:08,51.9887158977084,4.39002734883126,4.593176,,,0.759400942936,4.593176,5.3239172,41.85039504,235.867133532,26,5,11.889,2.071736942936,5.905512,6.9568834,56.668965068,-1.342164,-5.144962,0,256.8, -1.8, 0,,,0,0,1495,1024,1024,1024,71,0,0,0,254.2,0,0,90,3.975,3.961,3.963,0,0,0,6.745,84.02,0.759400942936,4.593176,38,Tripod,
80800,2026-05-28 07:45:08,51.9887152487581,4.39002382277893,4.593176,,,0.759400942936,4.593176,5.5252418,41.8061037,236.694233296,26,5,11.889,2.071736942936,5.905512,6.9568834,56.668965068,-1.342164,-5.368656,0,256.8, -1.7, 0,,,0,0,1493,1024,1024,1024,71,0,0,0,254.2,0,0,90,3.975,3.961,3.963,0,0,0,6.745,84.02,0.759400942936,4.593176,38,Tripod,
80900,2026-05-28 07:45:08,51.9887146973432,4.39002025332227,4.593176,,,0.759400942936,4.593176,5.5252418,41.741471152,237.521004976,26,5,11.889,2.071736942936,5.905512,6.9568834,56.668965068,-1.342164,-5.368656,0,256.7, -1.7, -0.2,,,0,0,1491,1024,1024,1024,71,0,0,0,254.2,0,0,90,3.975,3.961,3.963,0,0,0,6.745,84.02,0.759400942936,4.593176,38,Tripod,
81000,2026-05-28 07:45:08,51.9887142930578,4.39001675903371,4.593176,,,0.759400942936,4.593176,5.5252418,41.646654876,238.319889516,26,5,11.889,2.071736942936,5.905512,6.9568834,56.668965068,-1.342164,-5.368656,0,256.6, -1.7, 0,,,0,0,1491,1024,1024,1024,71,0,0,0,254.2,0,0,90,3.975,3.961,3.963,0,0,0,6.745,84.02,0.759400942936,4.593176,38,Tripod,
81100,2026-05-28 07:45:08,51.9887137534054,4.39001316400048,4.593176,,,0.759400942936,4.593176,5.5252418,41.608269048,239.151254372,26,5,11.889,2.071736942936,5.905512,6.9568834,56.668965068,-1.342164,-5.368656,0,256.7, -1.6, -0.1,,,0,0,1490,1024,1024,1024,71,0,0,0,254.2,0,0,90,3.975,3.961,3.963,0,0,0,6.745,84.02,0.759400942936,4.593176,38,Tripod,
81200,2026-05-28 07:45:08,51.9887131897224,4.39000968407569,4.593176,,,0.759400942936,4.593176,5.5252418,41.601379284,239.959653348,26,5,11.889,2.071736942936,5.905512,6.9568834,56.668965068,-1.342164,-5.368656,0,256.7, -1.4, -0.3,,,0,0,1492,1024,1024,1024,71,0,0,0,254.2,0,0,90,3.975,3.961,3.963,0,0,0,6.745,84.02,0.759400942936,4.593176,38,Tripod,
81300,2026-05-28 07:45:09,51.9887126453838,4.39000606688818,4.593176,,,0.759400942936,4.593176,5.5252418,41.59612994,240.796267548,26,5,11.889,2.071736942936,5.905512,6.9568834,56.668965068,-1.342164,-5.368656,0,256.7, -1, -0.5,,,0,0,1492,1024,1024,1024,71,0,0,0,254.2,0,0,90,3.975,3.961,3.963,0,0,0,6.745,84.02,0.759400942936,4.593176,38,Tripod,
81400,2026-05-28 07:45:09,51.9887120710949,4.39000217615252,4.593176,,,0.759400942936,4.593176,5.5252418,41.605316292,241.695217708,26,5,11.889,2.071736942936,5.905512,6.9568834,56.668965068,-1.342164,-5.368656,0,256.8, -0.9, 0.3,,,0,0,1492,1024,1024,1024,71,0,0,0,254.2,0,0,90,3.975,3.961,3.963,0,0,0,6.745,84.02,0.759400942936,4.593176,38,Tripod,
81500,2026-05-28 07:45:09,51.9887115320079,4.38999850537213,4.593176,,,0.759400942936,4.593176,5.480503,41.630906844,242.542986764,26,5,11.889,2.071736942936,5.905512,6.9568834,56.668965068,-1.11847,-5.368656,0,256.6, -0.3, 0.7,,,0,0,1493,1024,1024,1024,71,0,0,0,254.2,0,0,90,3.975,3.961,3.963,0,0,0,6.745,84.02,0.759400942936,4.593176,38,Tripod,
81600,2026-05-28 07:45:09,51.9887109997145,4.38999503285008,4.593176,,,0.759400942936,4.593176,5.480503,41.678807108,243.347120648,26,5,11.889,2.071736942936,5.905512,6.9568834,56.668965068,-1.11847,-5.368656,0,256.3, -0.6, 0,,,0,0,1497,1024,1024,1024,72,0,0,0,254.2,0,0,90,3.969,3.956,3.959,0,0,0,6.623,84.02,0.759400942936,4.593176,38,Tripod,
81700,2026-05-28 07:45:09,51.9887105045248,4.38999135431396,4.593176,,,0.759400942936,4.593176,5.480503,41.721786112,244.193249284,26,5,11.889,2.071736942936,5.905512,6.9568834,56.668965068,-1.11847,-5.368656,0,256.2, -0.7, -0.3,,,0,0,1502,1024,1024,1024,72,0,0,0,254.2,0,0,90,3.969,3.956,3.959,0,0,0,6.623,84.02,0.759400942936,4.593176,38,Tripod,
81800,2026-05-28 07:45:09,51.9887100203779,4.38998777284113,4.593176,,,0.759400942936,4.593176,5.480503,41.780841232,245.017068208,26,5,11.889,2.071736942936,5.905512,6.9568834,56.668965068,-1.11847,-5.368656,0,256.2, 0, -0.7,,,0,0,1502,1024,1024,1024,72,0,0,0,254.2,0,0,90,3.969,3.956,3.959,0,0,0,6.623,84.02,0.759400942936,4.593176,38,Tripod,
81900,2026-05-28 07:45:09,51.9887095552069,4.38998410210859,4.593176,,,0.759400942936,4.593176,5.480503,41.846786116,245.858931752,26,5,11.889,2.071736942936,5.905512,6.9568834,56.668965068,-1.11847,-5.368656,0,256.2, 0.1, -1.6,,,0,0,1504,1024,1024,1024,73,0,0,0,254.2,0,0,90,3.969,3.956,3.959,0,0,0,6.623,84.02,0.759400942936,4.593176,38,Tripod,
82000,2026-05-28 07:45:09,51.9887092008244,4.38998074195525,4.593176,,,0.759400942936,4.593176,5.480503,41.895998716,246.625007892,26,5,11.889,2.071736942936,5.905512,6.9568834,56.668965068,-1.11847,-5.368656,0,256.1, -0.4, -2.1,,,0,0,1504,1024,1024,1024,73,0,0,0,254.2,0,0,90,3.969,3.956,3.959,0,0,0,6.623,84.02,0.759400942936,4.593176,38,Tripod,
82100,2026-05-28 07:45:09,51.9887087436121,4.38997712369525,4.593176,,,0.759400942936,4.593176,5.480503,41.991799244,247.454732328,26,5,11.889,2.071736942936,5.905512,6.9568834,56.668965068,-1.11847,-5.368656,0,256.1, -0.6, -2,,,0,0,1513,1024,1024,1024,74,0,0,0,254.2,0,0,90,3.969,3.956,3.959,0,0,0,6.623,84.02,0.759400942936,4.593176,38,Tripod,
82200,2026-05-28 07:45:09,51.9887081337102,4.38997294340721,4.593176,,,0.759400942936,4.593176,5.480503,42.152560404,248.419955456,26,5,11.889,2.071736942936,5.905512,6.9568834,56.668965068,-1.11847,-5.368656,0,256, -0.3, -2.1,,,0,0,1512,1024,1024,1024,74,0,0,0,254.2,0,0,90,3.969,3.956,3.959,0,0,0,6.623,84.02,0.759400942936,4.593176,38,Tripod,
82300,2026-05-28 07:45:10,51.9887076546436,4.38996927685621,4.593176,,,0.759400942936,4.92126,5.480503,42.291011852,249.262147084,26,5,11.889,2.071736942936,5.905512,6.9568834,56.668965068,-1.11847,-5.368656,0,256, -0.4, -2.3,,,0,0,1512,1024,1024,1024,74,0,0,0,254.2,0,0,90,3.969,3.956,3.959,0,0,0,6.623,84.02,0.759400942936,4.593176,38,Tripod,
82400,2026-05-28 07:45:10,51.9887072580943,4.38996582431454,4.593176,,,0.759400942936,4.92126,5.480503,42.416011856,250.051189104,26,5,11.889,2.071736942936,5.905512,6.9568834,56.668965068,-1.11847,-5.368656,0,256, -0.5, -2.2,,,0,0,1513,1024,1024,1024,74,0,0,0,254.2,0,0,90,3.969,3.956,3.959,0,0,0,6.623,84.02,0.759400942936,4.593176,38,Tripod,
82500,2026-05-28 07:45:10,51.9887067711117,4.3899621871908,4.593176,,,0.759400942936,4.92126,5.480503,42.58858404,250.88747522,26,5,11.889,2.071736942936,5.905512,6.9568834,56.668965068,-1.11847,-5.368656,0,256, -0.5, -2.3,,,0,0,1513,1024,1024,1024,74,0,0,0,254.2,0,0,90,3.969,3.956,3.959,0,0,0,6.623,84.02,0.759400942936,4.593176,38,Tripod,
82600,2026-05-28 07:45:10,51.9887063195965,4.38995871452899,4.593176,,,0.759400942936,4.92126,5.480503,42.763124728,251.685047424,26,5,11.881,2.071736942936,5.905512,6.9568834,56.668965068,-1.11847,-5.368656,0,255.9, -0.9, -2,,,0,0,1512,1024,1024,1024,74,0,0,0,254.2,0,0,90,3.971,3.958,3.96,0,0,0,7.013,84.02,0.759400942936,4.593176,38,Tripod,
82700,2026-05-28 07:45:10,51.9887058098257,4.38995510664751,4.593176,,,0.759400942936,4.92126,5.480503,42.97408274,252.516740364,26,5,11.881,2.071736942936,5.905512,6.9568834,56.668965068,-1.11847,-5.368656,0,256, -1.2, -1.7,,,0,0,1512,1024,1024,1024,74,0,0,0,254.2,0,0,90,3.971,3.958,3.96,0,0,0,7.013,84.02,0.759400942936,4.593176,38,Tripod,
82800,2026-05-28 07:45:10,51.9887053600924,4.38995144362374,4.593176,,,0.759400942936,5.249344,5.480503,43.178807156,253.355979236,26,5,11.881,2.071736942936,5.905512,6.9568834,56.668965068,-1.11847,-5.368656,0,256, -1.4, -1.6,,,0,0,1512,1024,1024,1024,74,0,0,0,254.2,0,0,90,3.971,3.958,3.96,0,0,0,7.013,84.02,0.759400942936,4.593176,38,Tripod,
82900,2026-05-28 07:45:10,51.988704832408,4.38994782229926,4.593176,,,0.759400942936,5.249344,5.480503,43.426510576,254.191937268,26,5,11.881,2.071736942936,5.905512,6.9568834,56.668965068,-1.11847,-5.368656,0,256.1, -1.4, -1.3,,,0,0,1514,1024,1024,1024,74,0,0,0,254.2,0,0,90,3.971,3.958,3.96,0,0,0,7.013,84.02,0.759400942936,4.593176,38,Tripod,
83000,2026-05-28 07:45:10,51.9887045650577,4.38994410155868,4.593176,,,0.759400942936,5.249344,5.480503,43.596458088,255.033800812,26,5,11.881,2.071736942936,5.905512,6.9568834,56.668965068,-1.11847,-5.368656,0,256.2, -1.6, -0.7,,,0,0,1514,1024,1024,1024,74,0,0,0,254.2,0,0,90,3.971,3.958,3.96,0,0,0,7.013,84.02,0.759400942936,4.593176,38,Tripod,
83100,2026-05-28 07:45:10,51.9887040601101,4.38994044311618,4.593176,,,0.759400942936,5.249344,5.480503,43.86647122,255.87599244,26,5,11.881,2.071736942936,5.905512,6.9568834,56.668965068,-1.11847,-5.368656,0,256.2, -1.6, -0.8,,,0,0,1504,1024,1024,1024,73,0,0,0,254.2,0,0,90,3.971,3.958,3.96,0,0,0,7.013,84.02,0.759400942936,4.593176,38,Tripod,
83200,2026-05-28 07:45:10,51.9887033830172,4.38993698430056,4.593176,,,0.759400942936,5.249344,5.480503,44.207022412,256.691609264,26,5,11.881,2.071736942936,5.905512,6.9568834,56.668965068,-1.11847,-5.368656,0,256.3, -1.6, -0.9,,,0,0,1504,1024,1024,1024,73,0,0,0,254.2,0,0,90,3.971,3.958,3.96,0,0,0,7.013,84.02,0.759400942936,4.593176,38,Tripod,
83300,2026-05-28 07:45:11,51.9887028698967,4.38993329740701,4.593176,,,0.759400942936,5.249344,5.704197,44.508531608,257.540690656,26,5,11.881,2.071736942936,5.905512,6.9568834,56.668965068,-1.11847,-5.59235,0,256.4, -1.2, -0.9,,,0,0,1489,1024,1024,1024,70,0,0,0,254.2,0,0,90,3.971,3.958,3.96,0,0,0,7.013,84.02,0.759400942936,4.593176,38,Tripod,
83400,2026-05-28 07:45:11,51.9887024243699,4.38992950894281,4.593176,,,0.759400942936,5.249344,5.704197,44.803807208,258.407488584,26,5,11.881,2.071736942936,5.905512,6.9568834,56.668965068,-1.11847,-5.59235,0,256.3, -0.8, -1.1,,,0,0,1482,1024,1024,1024,69,0,0,0,254.2,0,0,90,3.971,3.958,3.96,0,0,0,7.013,84.02,0.759400942936,4.593176,38,Tripod,
83500,2026-05-28 07:45:11,51.9887019265329,4.38992579130976,4.593176,,,0.759400942936,5.249344,5.704197,45.129266536,259.262147404,26,5,11.881,2.071736942936,5.905512,6.9568834,56.668965068,-1.11847,-5.59235,0,256.3, -0.3, -1.2,,,0,0,1482,1024,1024,1024,69,0,0,0,254.2,0,0,90,3.971,3.958,3.96,0,0,0,7.013,84.02,0.759400942936,4.593176,38,Tripod,
83600,2026-05-28 07:45:11,51.9887014677187,4.38992212728176,4.593176,,,0.759400942936,5.249344,5.704197,45.452101192,260.102370528,26,5,11.885,2.071736942936,5.905512,6.9568834,56.668965068,-1.11847,-5.59235,0,256.4, 0, -1.3,,,0,0,1481,1024,1024,1024,69,0,0,0,254.2,0,0,90,3.969,3.956,3.959,0,0,0,6.79,84.02,0.759400942936,4.593176,38,Tripod,
83700,2026-05-28 07:45:11,51.9887009795453,4.38991843452275,4.593176,,,0.759400942936,5.249344,5.480503,45.800198316,260.950795752,26,5,11.885,2.071736942936,5.905512,6.9568834,56.668965068,-1.11847,-5.368656,0,256.2, 0.1, -1.2,,,0,0,1481,1024,1024,1024,69,0,0,0,254.2,0,0,90,3.969,3.956,3.959,0,0,0,6.79,84.02,0.759400942936,4.593176,38,Tripod,
83800,2026-05-28 07:45:11,51.9887004999903,4.38991476872798,4.593176,,,0.759400942936,5.249344,5.480503,46.15649754,261.792659296,26,5,11.885,2.071736942936,5.905512,6.9568834,56.668965068,-1.11847,-5.368656,0,256.2, 0.2, -1.5,,,0,0,1482,1024,1024,1024,69,0,0,0,254.2,0,0,90,3.969,3.956,3.959,0,0,0,6.79,84.02,0.759400942936,4.593176,38,Tripod,
83900,2026-05-28 07:45:11,51.988700026338,4.38991111838209,4.593176,,,0.759400942936,5.577428,5.480503,46.522639284,262.630913916,26,5,11.885,2.071736942936,5.905512,6.9568834,56.668965068,-1.11847,-5.368656,0,256.2, 0.3, -1.6,,,0,0,1484,1024,1024,1024,70,0,0,0,254.2,0,0,90,3.969,3.956,3.959,0,0,0,6.79,84.02,0.759400942936,4.593176,38,Tripod,
84000,2026-05-28 07:45:11,51.9886995664357,4.38990763765393,4.593176,,,0.759400942936,5.577428,5.480503,46.885828272,263.430782708,26,5,11.885,2.071736942936,5.905512,6.9568834,56.668965068,-1.11847,-5.368656,0,256.1, 0.3, -1.6,,,0,0,1484,1024,1024,1024,70,0,0,0,254.2,0,0,90,3.969,3.956,3.959,0,0,0,6.79,84.02,0.759400942936,4.593176,38,Tripod,
84100,2026-05-28 07:45:11,51.9886990943769,4.3899040460604,4.593176,,,0.759400942936,5.577428,5.480503,47.270998888,264.255913968,26,5,11.885,2.071736942936,5.905512,6.9568834,56.668965068,-1.11847,-5.368656,0,256.2, 0.3, -1.5,,,0,0,1484,1024,1024,1024,70,0,0,0,254.2,0,0,90,3.969,3.956,3.959,0,0,0,6.79,84.02,0.759400942936,4.593176,38,Tripod,
84200,2026-05-28 07:45:11,51.9886985241059,4.38990023172404,4.593176,,,0.759400942936,5.577428,5.480503,47.716208876,265.13780376,26,5,11.885,2.071736942936,5.905512,6.9568834,56.668965068,-1.11847,-5.368656,0,256.1, 0.2, -1.3,,,0,0,1484,1024,1024,1024,70,0,0,0,254.2,0,0,90,3.969,3.956,3.959,0,0,0,6.79,84.02,0.759400942936,4.593176,38,Tripod,
84300,2026-05-28 07:45:12,51.9886980418266,4.38989665510291,4.593176,,,0.759400942936,5.577428,5.480503,48.12664196,265.960638432,26,5,11.885,2.071736942936,5.905512,6.9568834,56.668965068,-1.11847,-5.368656,0,256.2, 0, -1.3,,,0,0,1487,1024,1024,1024,70,0,0,0,254.2,0,0,90,3.969,3.956,3.959,0,0,0,6.79,84.02,0.759400942936,4.593176,38,Tripod,
84400,2026-05-28 07:45:12,51.9886976488241,4.38989305162534,4.593176,,,0.759400942936,5.577428,5.480503,48.518374256,266.782816936,26,5,11.885,2.071736942936,5.905512,6.9568834,56.668965068,-1.11847,-5.368656,0,256.2, 0, -1.3,,,0,0,1514,1024,1024,1024,74,0,0,0,254.2,0,0,90,3.969,3.956,3.959,0,0,0,6.79,84.02,0.759400942936,4.593176,38,Tripod,
84500,2026-05-28 07:45:12,51.988697174058,4.38988949176078,4.593176,,,0.759400942936,5.577428,5.480503,48.945867708,267.601058432,26,5,11.885,2.071736942936,5.905512,6.9568834,56.668965068,-1.11847,-5.368656,0,256.2, 0, -1.3,,,0,0,1504,1024,1024,1024,73,0,0,0,254.2,0,0,90,3.969,3.956,3.959,0,0,0,6.79,84.02,0.759400942936,4.593176,38,Tripod,
84600,2026-05-28 07:45:12,51.9886965827208,4.38988566096693,4.593176,,,0.759400942936,5.577428,5.480503,49.444227304,268.488525652,26,5,11.883,2.071736942936,5.905512,6.9568834,56.668965068,-1.11847,-5.368656,0,256.2, -0.1, -1.3,,,0,0,1466,1024,1024,1024,67,0,0,0,254.2,0,0,90,3.969,3.955,3.958,0,0,0,6.854,84.2,0.759400942936,4.593176,38,Tripod,
84700,2026-05-28 07:45:12,51.9886960927484,4.38988207866983,4.593176,,,0.759400942936,5.577428,5.480503,49.898623644,269.313000744,25,5,11.883,2.071736942936,5.905512,6.9568834,56.668965068,-1.11847,-5.368656,0,256.3, -0.1, -1.1,,,0,0,1466,1024,1024,1024,67,0,0,0,254.2,0,0,90,3.969,3.955,3.958,0,0,0,6.854,84.2,0.759400942936,4.593176,38,Tripod,
84800,2026-05-28 07:45:12,51.9886955489409,4.38987847229168,4.593176,,,0.759400942936,5.577428,5.480503,50.382547544,270.147318356,25,5,11.883,2.071736942936,5.905512,6.9568834,56.668965068,-1.11847,-5.368656,0,256.3, 0.2, -1.1,,,0,0,1276,1024,1024,1024,38,0,0,0,254.2,0,0,90,3.969,3.955,3.958,0,0,0,6.854,84.2,0.759400942936,4.593176,38,Tripod,
84900,2026-05-28 07:45:12,51.988695054051,4.38987488755309,4.593176,,,0.759400942936,5.577428,5.480503,50.857285092,270.972449616,26,5,11.883,2.071736942936,5.905512,6.9568834,56.668965068,-1.11847,-5.368656,0,256.3, 1.6, -1.2,,,0,0,364,974,1024,1024,-100,-8,0,0,254.2,0,0,90,3.969,3.955,3.958,0,0,0,6.854,84.2,0.759400942936,4.593176,38,Tripod,
85000,2026-05-28 07:45:12,51.988694537341,4.38987145569662,4.593176,,,0.759400942936,5.577428,5.256809,51.334319228,271.766412896,26,5,11.883,2.071736942936,5.905512,6.9568834,56.668965068,-1.11847,-5.144962,0,256, 11.4, -1,,,0,0,364,1024,1024,1024,-100,0,0,0,254.2,0,0,90,3.969,3.955,3.958,0,0,0,6.854,84.2,0.759400942936,4.593176,38,Tripod,
85100,2026-05-28 07:45:12,51.9886940825189,4.3898681664764,4.593176,,,0.759400942936,5.577428,4.8317904,51.785762812,272.523630768,26,5,11.883,2.071736942936,5.905512,6.9568834,56.668965068,-1.11847,-4.697574,0,255.8, 17.3, -0.9,,,0,0,364,1024,1024,1024,-100,0,0,0,254.2,0,0,90,3.969,3.955,3.958,0,0,0,6.854,84.2,0.759400942936,4.593176,38,Tripod,
85200,2026-05-28 07:45:12,51.9886936824572,4.38986520405473,4.593176,,,0.759400942936,5.577428,4.1159696,52.19488356,273.205061236,26,5,11.883,2.071736942936,5.905512,6.9568834,56.668965068,-0.894776,-4.026492,0,255.8, 20.1, -0.8,,,0,0,364,1024,1024,1024,-100,0,0,0,254.2,0,0,90,3.969,3.955,3.958,0,0,0,6.854,84.2,0.759400942936,4.593176,38,Tripod,
85300,2026-05-28 07:45:12,51.9886933677057,4.38986278432634,4.593176,,,0.759400942936,5.577428,3.1988242,52.52952924,273.760835532,26,5,11.883,2.071736942936,5.905512,6.9568834,56.668965068,-0.671082,-3.131716,0,255.8, 21.1, -1,,,0,0,364,1024,1024,1024,-100,0,0,0,254.2,0,0,90,3.969,3.955,3.958,0,0,0,6.854,84.2,0.759400942936,4.593176,38,Tripod,
85400,2026-05-28 07:45:13,51.9886930947612,4.3898607107336,4.593176,,,0.759400942936,5.577428,2.5053728,52.820211664,274.2372135,26,5,11.883,2.071736942936,5.905512,6.9568834,56.668965068,-0.447388,-2.460634,0,255.9, 21.5, -1.3,,,0,0,364,1024,1024,1024,-100,0,0,0,254.2,0,0,90,3.969,3.955,3.958,0,0,0,6.854,84.2,0.759400942936,4.593176,38,Tripod,
85500,2026-05-28 07:45:13,51.9886929363745,4.38985930380771,4.593176,,,0.759400942936,5.577428,1.5882274,53.0101723,274.55873582,26,5,11.883,2.071736942936,5.905512,6.9568834,56.668965068,-0.223694,-1.565858,0,255.9, 19.4, -1.7,,,0,0,364,1024,1024,1024,-100,0,0,0,254.2,0,0,90,3.969,3.955,3.958,0,0,0,6.854,84.2,0.759400942936,4.593176,38,Tripod,
85600,2026-05-28 07:45:13,51.9886927047315,4.38985748348332,4.593176,,,0.759400942936,5.577428,0.9171454,53.266733988,274.976386752,26,5,11.884,2.071736942936,5.905512,6.9568834,56.668965068,-0.223694,-0.894776,0,255.8, 18.3, -1.9,,,0,0,364,1024,1024,1024,-100,0,0,0,254.2,0,0,90,3.963,3.95,3.953,0,0,0,6.889,84.2,0.759400942936,4.593176,38,Tripod,
85700,2026-05-28 07:45:13,51.9886926528155,4.38985688091469,4.593176,,,0.759400942936,5.577428,0.447388,53.343833728,275.112869696,26,5,11.884,2.071736942936,5.905512,6.9568834,56.668965068,0,-0.447388,0,256, 18.1, -0.9,,,0,0,364,1024,1024,1684,-100,0,0,100,254.3,0,0,90,3.963,3.95,3.953,0,0,0,6.889,84.2,0.759400942936,4.593176,38,Tripod,
85800,2026-05-28 07:45:13,51.9886923941179,4.3898558658936,4.593176,,,0.759400942936,5.577428,0,53.53018544,275.359916948,26,5,11.884,2.071736942936,5.905512,6.9568834,56.668965068,0,0,0,256.9, 18.3, -1,,,0,0,364,1024,1024,1684,-100,0,0,100,255.5,0,0,90,3.963,3.95,3.953,0,0,0,6.889,84.2,0.759400942936,4.593176,38,Tripod,
85900,2026-05-28 07:45:13,51.9886924372699,4.3898559307778,4.593176,,,0.759400942936,5.577428,0.447388,53.509516148,275.381242408,26,5,11.884,2.071736942936,5.905512,6.9568834,56.668965068,0,0.447388,0,258.2, 18.5, -2,,,0,0,364,1024,1024,1684,-100,0,0,100,257.6,0,0,90,3.963,3.95,3.953,0,0,0,6.889,84.2,0.759400942936,4.593176,38,Tripod,
86000,2026-05-28 07:45:13,51.9886923522853,4.38985562363683,4.593176,,,0.759400942936,5.577428,1.1408394,53.568243184,275.457029812,26,5,11.884,2.071736942936,5.905512,6.9568834,56.668965068,0.223694,1.11847,0,259.8, 18.5, -3.2,,,0,0,364,1024,1024,1684,-100,0,0,100,260,0,0,90,3.963,3.95,3.953,0,0,0,6.889,84.2,0.759400942936,4.593176,38,Tripod,
86100,2026-05-28 07:45:13,51.9886924292855,4.38985635273249,4.593176,,,0.759400942936,5.905512,1.5882274,53.469817984,275.623040316,26,5,11.884,2.071736942936,5.905512,6.9568834,56.668965068,0.223694,1.565858,0,261.7, 18.5, -4.8,,,0,0,364,1024,1024,1684,-100,0,0,100,262.4,0,0,90,3.963,3.95,3.953,0,0,0,6.889,84.2,0.759400942936,4.593176,38,Tripod,
86200,2026-05-28 07:45:13,51.9886922877586,4.38985702442871,4.593176,,,0.759400942936,5.905512,2.23694,53.448820608,275.78248914,26,5,11.884,2.071736942936,5.905512,6.9568834,56.668965068,0,2.23694,0,263.5, 18.8, -5.9,,,0,0,364,1024,1024,1684,-100,0,0,100,264.8,0,0,90,3.963,3.95,3.953,0,0,0,6.889,84.2,0.759400942936,4.593176,38,Tripod,
86300,2026-05-28 07:45:13,51.9886922833894,4.38985840667606,4.593176,,,0.759400942936,5.577428,2.684328,53.312665748,276.093184688,26,5,11.884,2.071736942936,5.905512,6.9568834,56.668965068,0,2.684328,0,265.4, 18.8, -7.3,,,0,0,364,1024,1024,1684,-100,0,0,100,267.2,0,0,90,3.963,3.95,3.953,0,0,0,6.889,84.2,0.759400942936,4.593176,38,Tripod,
86400,2026-05-28 07:45:14,51.9886922104927,4.38986009122346,4.593176,,,0.759400942936,5.577428,3.131716,53.171261544,276.472449792,26,5,11.884,2.071736942936,5.905512,6.9568834,56.668965068,0,3.131716,0,267.5, 18.5, -6.8,,,0,0,450,1024,1024,1684,-87,0,0,100,269.6,0,0,90,3.963,3.95,3.953,0,0,0,6.889,84.2,0.759400942936,4.593176,38,Tripod,
86500,2026-05-28 07:45:14,51.9886920320934,4.38986213315401,4.593176,,,0.759400942936,5.577428,3.802798,53.032482012,276.936032484,26,5,11.884,2.071736942936,5.905512,6.9568834,56.668965068,-0.223694,3.802798,0,269.7, 18.7, -7.4,,,0,0,930,1024,1024,1684,-14,0,0,100,272,0,0,90,3.963,3.95,3.953,0,0,0,6.889,84.2,0.759400942936,4.593176,38,Tripod,
86600,2026-05-28 07:45:14,51.9886918966575,4.38986473800534,4.593176,,,0.759400942936,5.577428,4.2949248,52.830382268,277.523302844,26,5,11.862,2.071736942936,5.905512,6.9568834,56.668965068,-0.671082,4.250186,0,272.2, 17.6, -6.9,,,0,0,1024,1024,1024,1684,0,0,0,100,274.4,0,0,90,3.962,3.947,3.95,0,0,0,7.391,84.2,0.759400942936,4.593176,38,Tripod,
86700,2026-05-28 07:45:14,51.9886915103114,4.38986737780959,4.593176,,,0.759400942936,5.577428,4.5633576,52.714568616,278.132882916,26,5,11.862,2.071736942936,5.905512,6.9568834,56.668965068,-0.894776,4.47388,0,275.4, 9.6, -4.3,,,0,0,1024,1024,1024,1684,0,0,0,100,276.8,0,0,90,3.962,3.947,3.95,0,0,0,7.391,84.2,0.759400942936,4.593176,38,Tripod,
86800,2026-05-28 07:45:14,51.9886913409418,4.38987036956432,4.593176,,,0.759400942936,5.577428,4.5633576,52.5016421,278.808079788,26,5,11.862,2.071736942936,5.905512,6.9568834,56.668965068,-0.894776,4.47388,-0.223694,278.3, -6.8, 1.7,,,0,0,1024,1024,1024,1684,0,0,0,100,279.2,0,0,90,3.962,3.947,3.95,0,0,0,7.391,84.2,0.759400942936,4.593176,38,Tripod,
86900,2026-05-28 07:45:14,51.9886909417282,4.38987287416081,4.593176,,,0.759400942936,5.577428,4.0712308,52.415684092,279.389116552,26,5,11.862,2.071736942936,5.905512,6.9568834,56.668965068,-0.671082,4.026492,-0.223694,281.5, -14.1, 1.1,,,0,0,1200,1024,1024,1684,27,0,0,100,281.6,0,0,90,3.962,3.947,3.95,0,0,0,7.391,84.2,0.759400942936,4.593176,38,Tripod,
87000,2026-05-28 07:45:14,51.9886909683203,4.38987503090351,4.593176,,,0.759400942936,5.577428,3.3777794,52.221786448,279.874024704,26,5,11.862,2.071736942936,5.905512,6.9568834,56.668965068,-0.447388,3.35541,0,285.1, -14.3, -3.9,,,0,0,1684,1024,1024,1684,100,0,0,100,284,0,0,90,3.962,3.947,3.95,0,0,0,7.391,84.2,0.759400942936,4.593176,38,Tripod,
87100,2026-05-28 07:45:14,51.988690721248,4.38987663474181,4.593176,,,0.759400942936,5.577428,2.5053728,52.170605344,280.245415792,26,5,11.862,2.071736942936,5.905512,6.9568834,56.668965068,-0.447388,2.460634,0,287.8, -10, -6,,,0,0,1684,1024,1024,1684,100,0,0,100,286.4,0,0,90,3.962,3.947,3.95,0,0,0,7.391,84.2,0.759400942936,4.593176,38,Tripod,
87200,2026-05-28 07:45:14,51.9886906169962,4.38987871473401,4.593176,,,0.759400942936,5.577428,2.0579848,52.034450484,280.714247828,26,5,11.862,2.071736942936,5.905512,6.9568834,56.668965068,-0.447388,2.013246,0,290.3, -12.8, -3.8,,,0,0,1684,1024,1024,1684,100,0,0,100,288.8,0,0,90,3.962,3.947,3.95,0,0,0,7.391,84.2,0.759400942936,4.593176,38,Tripod,
87300,2026-05-28 07:45:14,51.9886904032153,4.38987952658242,4.593176,,,0.759400942936,5.577428,1.4092722,52.041340248,280.912738648,26,5,11.862,2.071736942936,5.905512,6.9568834,56.668965068,-0.447388,1.342164,0,292.9, -14.9, -2.5,,,0,0,1684,1024,1024,1684,100,0,0,100,291.2,0,0,90,3.962,3.947,3.95,0,0,0,7.391,84.2,0.759400942936,4.593176,38,Tripod,
87400,2026-05-28 07:45:15,51.9886898767475,4.38988189492821,4.593176,,,0.759400942936,5.577428,0.7158208,52.032153896,281.478355464,26,5,11.862,2.071736942936,5.905512,6.9568834,56.668965068,-0.223694,0.671082,0,295.2, -15.3, -1.1,,,0,0,1684,1024,1024,1684,100,0,0,100,293.6,0,0,90,3.962,3.947,3.95,0,0,0,7.391,84.2,0.759400942936,4.593176,38,Tripod,
87500,2026-05-28 07:45:15,51.9886898190403,4.38988197453724,4.593176,,,0.759400942936,5.577428,0,52.04560534,281.50591452,26,5,11.862,2.071736942936,5.905512,6.9568834,56.668965068,0,0,0,297.3, -14.9, -1.3,,,0,0,1684,1024,1024,1684,100,0,0,100,296,0,0,90,3.962,3.947,3.95,0,0,0,7.391,84.2,0.759400942936,4.593176,38,Tripod,
87600,2026-05-28 07:45:15,51.9886898874222,4.38988297740647,4.593176,,,0.759400942936,5.577428,0.4921268,51.9438993,281.732620564,26,5,11.884,2.071736942936,5.905512,6.9568834,56.668965068,0.223694,-0.447388,0,299.2, -14.2, 0.9,,,0,0,1684,1024,1024,1684,100,0,0,100,298.4,0,0,90,3.964,3.952,3.953,0,0,0,7.184,84.2,0.759400942936,4.593176,38,Tripod,
87700,2026-05-28 07:45:15,51.988690066644,4.38988237892725,4.593176,,,0.759400942936,5.577428,1.006623,51.92913552,281.882226868,26,5,11.884,2.071736942936,5.905512,6.9568834,56.668965068,0.447388,-0.894776,0,301.4, -13.9, 2.2,,,0,0,1684,1024,1024,1684,100,0,0,100,300.8,0,0,90,3.964,3.952,3.953,0,0,0,7.184,84.2,0.759400942936,4.593176,38,Tripod,
87800,2026-05-28 07:45:15,51.9886902800396,4.38988268882974,4.593176,,,0.759400942936,5.577428,1.6105968,51.832022656,281.98655758,26,5,11.884,2.071736942936,5.905512,6.9568834,56.668965068,0.894776,-1.342164,0,303.7, -11.6, 3.7,,,0,0,1684,1024,1024,1684,100,0,0,100,303.2,0,0,90,3.964,3.952,3.953,0,0,0,7.184,84.2,0.759400942936,4.593176,38,Tripod,
87900,2026-05-28 07:45:15,51.9886907560822,4.38988163982899,4.593176,,,0.759400942936,5.577428,2.23694,51.75197016,282.279536592,26,5,11.884,2.071736942936,5.905512,6.9568834,56.668965068,1.342164,-1.789552,0,306.1, -9.8, 4.1,,,0,0,1684,1024,1024,1684,100,0,0,100,305.6,0,0,90,3.964,3.952,3.953,0,0,0,7.184,84.2,0.759400942936,4.593176,38,Tripod,
88000,2026-05-28 07:45:15,51.9886912347036,4.38988149299144,4.593176,,,0.759400942936,5.577428,2.5501116,51.600067268,282.457030036,26,5,11.884,2.071736942936,5.905512,6.9568834,56.668965068,1.565858,-2.013246,0,308.4, -9.1, 4.4,,,0,0,1684,1024,1024,1684,100,0,0,100,308,0,0,90,3.964,3.952,3.953,0,0,0,7.184,84.2,0.759400942936,4.593176,38,Tripod,
88100,2026-05-28 07:45:15,51.9886919810865,4.38988024383697,4.593176,,,0.759400942936,5.577428,3.019869,51.446195872,282.848106164,26,5,11.884,2.071736942936,5.905512,6.9568834,56.668965068,2.013246,-2.23694,0,310.7, -8.5, 4.9,,,0,0,1684,1024,1024,1684,100,0,0,100,310.4,0,0,90,3.964,3.952,3.953,0,0,0,7.184,84.2,0.759400942936,4.593176,38,Tripod,
88200,2026-05-28 07:45:15,51.9886925960173,4.38987911140817,4.593176,,,0.759400942936,5.577428,3.1540854,51.329726052,283.18734502,26,5,11.884,2.071736942936,5.905512,6.9568834,56.668965068,2.23694,-2.23694,0,313.1, -8, 5.4,,,0,0,1684,1024,1024,1684,100,0,0,100,312.8,0,0,90,3.964,3.952,3.953,0,0,0,7.184,84.2,0.759400942936,4.593176,38,Tripod,
88300,2026-05-28 07:45:15,51.988693587048,4.38987772275472,4.593176,,,0.759400942936,5.577428,3.6462122,51.109253604,283.665035324,26,5,11.884,2.071736942936,5.905512,6.9568834,56.668965068,2.684328,-2.460634,0,315.6, -7.4, 6.3,,,0,0,1684,1024,1024,1684,100,0,0,100,315.2,0,0,90,3.964,3.952,3.953,0,0,0,7.184,84.2,0.759400942936,4.593176,38,Tripod,
88400,2026-05-28 07:45:16,51.9886946499902,4.38987613549868,4.593176,,,0.759400942936,5.577428,3.802798,50.885172232,284.191938228,26,5,11.884,2.071736942936,5.905512,6.9568834,56.668965068,2.908022,-2.460634,0,318.1, -6.8, 6.9,,,0,0,1684,1024,1024,1684,100,0,0,100,317.6,0,0,90,3.964,3.952,3.953,0,0,0,7.184,84.2,0.759400942936,4.593176,38,Tripod,
88500,2026-05-28 07:45:16,51.988695911464,4.38987470316968,4.593176,,,0.759400942936,5.577428,4.1607084,50.585303456,284.753618036,26,5,11.884,2.071736942936,5.905512,6.9568834,56.668965068,3.35541,-2.460634,0,320.4, -6.7, 7.3,,,0,0,1684,1024,721,1684,100,0,-46,100,320,0,0,90,3.964,3.952,3.953,0,0,0,7.184,84.2,0.759400942936,4.593176,38,Tripod,
88600,2026-05-28 07:45:16,51.9886971889067,4.3898728101079,4.593176,,,0.759400942936,5.577428,4.3396636,50.326117096,285.384523568,26,5,11.875,2.071736942936,5.905512,6.9568834,56.668965068,3.579104,-2.460634,0,323, -6.6, 7.5,,,0,0,1684,1024,606,1684,100,0,-63,100,322.4,0,0,90,3.964,3.95,3.954,0,0,0,7.077,84.38,0.759400942936,4.593176,38,Tripod,
88700,2026-05-28 07:45:16,51.9886987037666,4.38987139532152,4.593176,,,0.759400942936,5.577428,4.7199434,49.950460916,286.02199078,26,5,11.875,2.071736942936,5.905512,6.9568834,56.668965068,4.026492,-2.460634,0,325.5, -5.8, 8,,,0,0,1684,1024,604,1684,100,0,-64,100,324.8,0,0,90,3.964,3.95,3.954,0,0,0,7.077,84.38,0.759400942936,4.593176,38,Tripod,
88800,2026-05-28 07:45:16,51.988700237611,4.38986964261435,4.593176,,,0.759400942936,5.577428,4.921268,49.605644632,286.706374004,26,5,11.875,2.071736942936,5.905512,6.9568834,56.668965068,4.250186,-2.460634,0.223694,327.9, -5.7, 8.6,,,0,0,1684,1024,604,1684,100,0,-64,100,327.2,0,0,90,3.964,3.95,3.954,0,0,0,7.077,84.38,0.759400942936,4.593176,38,Tripod,
88900,2026-05-28 07:45:16,51.9887019466249,4.38986832383922,4.593176,,,0.759400942936,5.249344,5.0107456,49.16830866,287.39666274,26,5,11.875,2.071736942936,5.905512,6.9568834,56.668965068,4.47388,-2.23694,0.671082,330.4, -5.9, 9.1,,,0,0,1684,1024,734,1684,100,0,-44,100,329.6,0,0,90,3.964,3.95,3.954,0,0,0,7.077,84.38,0.759400942936,4.593176,38,Tripod,
89000,2026-05-28 07:45:16,51.9887038187459,4.38986610452163,4.265092,,,0.431316942936,5.249344,5.2120702,48.773295524,288.242463292,26,5,11.875,2.071736942936,5.905512,6.9568834,56.668965068,4.697574,-2.23694,0.894776,332.9, -5.3, 9,,,0,0,1684,1024,1024,1684,100,0,0,100,332,0,0,90,3.964,3.95,3.954,0,0,0,7.077,84.38,0.431316942936,4.265092,38,Tripod,
89100,2026-05-28 07:45:16,51.9887057648087,4.38986492148247,4.265092,,,0.431316942936,5.249344,5.5252418,48.259187896,289.000337332,26,5,11.875,2.071736942936,5.905512,6.9568834,56.668965068,5.144962,-2.013246,0.447388,335.3, -4.3, 8.4,,,0,0,1684,1298,1024,1684,100,42,0,100,334.4,0,0,90,3.964,3.95,3.954,0,0,0,7.077,84.38,0.431316942936,4.265092,38,Tripod,
89200,2026-05-28 07:45:16,51.9887078252324,4.38986323651814,4.265092,,,0.431316942936,5.249344,5.6594582,47.76738998,289.842200876,26,5,11.875,2.071736942936,5.905512,6.9568834,56.668965068,5.368656,-1.789552,0.223694,338.1, -3.7, 9.3,,,0,0,1684,1257,1024,1684,100,35,0,100,336.8,0,0,90,3.964,3.95,3.954,0,0,0,7.077,84.38,0.431316942936,4.265092,38,Tripod,
89300,2026-05-28 07:45:17,51.988709963076,4.38986230873681,4.265092,,,0.431316942936,5.249344,5.816044,47.179135368,290.6496156,26,5,11.875,2.071736942936,5.905512,6.9568834,56.668965068,5.59235,-1.565858,0,340.5, -4, 9.7,,,0,0,1684,1526,1024,1684,100,76,0,100,339.2,0,0,90,3.964,3.95,3.954,0,0,0,7.077,84.38,0.431316942936,4.265092,38,Tripod,
89400,2026-05-28 07:45:17,51.9887122798071,4.38986084334,4.265092,,,0.431316942936,5.249344,5.9726298,46.599739024,291.55676786,26,5,11.875,2.071736942936,5.905512,6.9568834,56.668965068,5.816044,-1.342164,0,342.8, -4.8, 9.9,,,0,0,1684,1368,1024,1684,100,52,0,100,341.6,0,0,90,3.964,3.95,3.954,0,0,0,7.077,84.38,0.431316942936,4.265092,38,Tripod,
89500,2026-05-28 07:45:17,51.9887145867119,4.38986021325397,3.937008,,,0.103232942936,5.249344,6.1068462,45.939634016,292.410114344,26,5,11.875,2.071736942936,5.905512,6.9568834,56.668965068,6.039738,-0.894776,0,345.1, -4.8, 12.3,,,0,0,1684,1324,1024,1684,100,45,0,100,344,0,0,90,3.964,3.95,3.954,0,0,0,7.077,84.38,0.103232942936,3.937008,38,Tripod,
89600,2026-05-28 07:45:17,51.9887171479024,4.389859189698,3.937008,,,0.103232942936,5.249344,6.3081708,45.251641868,293.372384716,26,5,11.919,2.071736942936,5.905512,6.9568834,56.668965068,6.263432,-0.671082,0,347.7, -4.6, 12.8,,,0,0,1684,1397,1024,1684,100,57,0,100,346.4,0,0,90,3.963,3.951,3.954,0,0,0,6.517,84.38,0.103232942936,3.937008,38,Tripod,
89700,2026-05-28 07:45:17,51.9887196267469,4.38985897625185,3.937008,,,0.103232942936,5.249344,6.263432,44.503610348,294.27822464,26,5,11.919,2.071736942936,5.905512,6.9568834,56.668965068,6.263432,-0.223694,0,350.2, -3.9, 12.3,,,0,0,1684,1397,1024,1684,100,57,0,100,348.8,0,0,90,3.963,3.951,3.954,0,0,0,6.517,84.38,0.103232942936,3.937008,38,Tripod,
89800,2026-05-28 07:45:17,51.9887225247062,4.38985844475073,3.937008,,,0.103232942936,5.249344,6.487126,43.670933156,295.342201052,26,5,11.919,2.071736942936,5.905512,6.9568834,56.668965068,6.487126,0,0,352.9, -3.3, 12.7,,,0,0,1684,1415,1024,1684,100,59,0,100,351.2,0,0,90,3.963,3.951,3.954,0,0,0,6.517,84.38,0.103232942936,3.937008,38,Tripod,
89900,2026-05-28 07:45:17,51.9887251089332,4.38985865820426,3.937008,,,0.103232942936,5.249344,6.487126,42.852363576,296.286426804,26,5,11.919,2.071736942936,5.905512,6.9568834,56.668965068,6.487126,0.223694,0,355.6, -2.8, 13.2,,,0,0,1684,1657,1024,1684,100,96,0,100,353.6,0,0,90,3.963,3.951,3.954,0,0,0,6.517,84.38,0.103232942936,3.937008,38,Tripod,
90000,2026-05-28 07:45:17,51.9887277806979,4.38985856240196,3.937008,,,0.103232942936,5.249344,6.5318648,42.050854364,297.261164368,26,5,11.919,2.071736942936,5.905512,6.9568834,56.668965068,6.487126,0.671082,0,358.2, -3.1, 14.8,,,0,0,1684,1684,1024,1684,100,100,0,100,356,0,0,90,3.963,3.951,3.954,0,0,0,6.517,84.38,0.103232942936,3.937008,38,Tripod,
90100,2026-05-28 07:45:17,51.9887303584312,4.38985927100575,3.937008,,,0.103232942936,5.249344,6.5766036,41.183072184,298.21523264,26,5,11.919,2.071736942936,5.905512,6.9568834,56.668965068,6.487126,1.11847,0,0.8, -3.3, 16.8,,,0,0,1684,1570,1024,1684,100,83,0,100,358.4,0,0,90,3.963,3.951,3.954,0,0,0,6.517,84.38,0.103232942936,3.937008,38,Tripod,
90200,2026-05-28 07:45:17,51.9887330501656,4.38985982137158,3.937008,,,0.103232942936,5.249344,6.7331894,40.305447484,299.205062068,26,5,11.919,2.071736942936,5.905512,6.9568834,56.668965068,6.487126,1.789552,0,3.4, -3.4, 17.9,,,0,0,1684,1398,1024,1684,100,57,0,100,0.7,0,0,90,3.963,3.951,3.954,0,0,0,6.517,84.38,0.103232942936,3.937008,38,Tripod,
90300,2026-05-28 07:45:18,51.9887356107563,4.38986117988571,3.937008,,,0.103232942936,5.249344,6.6437118,39.366471076,300.188001732,26,5,11.919,2.071736942936,5.905512,6.9568834,56.668965068,6.263432,2.23694,0,6, -2.2, 17.3,,,0,0,1684,1424,1024,1684,100,61,0,100,3.1,0,0,90,3.963,3.951,3.954,0,0,0,6.517,84.38,0.103232942936,3.937008,38,Tripod,
90400,2026-05-28 07:45:18,51.9887384329917,4.38986237817247,3.937008,,,0.103232942936,5.249344,6.9121446,38.373360808,301.252306228,26,5,11.919,2.071736942936,5.905512,6.9568834,56.668965068,6.263432,2.908022,0,8.9, -0.7, 15.5,,,0,0,1684,1457,1024,1684,100,66,0,100,5.5,0,0,90,3.963,3.951,3.954,0,0,0,6.517,84.38,0.103232942936,3.937008,38,Tripod,
90500,2026-05-28 07:45:18,51.9887408965868,4.38986435302802,3.937008,,,0.103232942936,5.249344,6.9121446,37.385827968,302.254602848,26,5,11.919,2.071736942936,5.905512,6.9568834,56.668965068,6.039738,3.35541,0,11.9, 0.8, 14,,,0,0,1684,1457,1024,1684,100,66,0,100,7.9,0,0,90,3.963,3.951,3.954,0,0,0,6.517,84.38,0.103232942936,3.937008,38,Tripod,
90600,2026-05-28 07:45:18,51.9887434002754,4.38986619650197,4.265092,,,0.431316942936,5.249344,6.822667,36.404856808,303.257555636,26,5,11.876,2.071736942936,5.905512,6.9568834,56.668965068,5.816044,3.579104,0,14.4, 0.4, 13.6,,,0,0,1684,1455,1024,1684,100,65,0,100,10.3,0,0,90,3.966,3.952,3.957,0,0,0,6.979,84.38,0.431316942936,4.265092,38,Tripod,
90700,2026-05-28 07:45:18,51.9887456598216,4.38986862204606,4.265092,,,0.431316942936,5.577428,6.71082,35.417980136,304.245744644,26,5,11.876,2.071736942936,5.905512,6.9568834,56.668965068,5.368656,4.026492,0,16.8, -0.4, 13.4,,,0,0,1684,1673,1024,1684,100,98,0,100,12.7,0,0,90,3.966,3.952,3.957,0,0,0,6.979,84.38,0.431316942936,4.265092,38,Tripod,
90800,2026-05-28 07:45:18,51.988747946491,4.38987114639759,4.265092,,,0.431316942936,5.249344,6.6660812,34.410106088,305.254602944,26,5,11.876,2.071736942936,5.905512,6.9568834,56.668965068,5.144962,4.250186,0,18.8, -1.4, 13.4,,,0,0,1684,1546,1024,1684,100,79,0,100,15.1,0,0,90,3.966,3.952,3.957,0,0,0,6.979,84.38,0.431316942936,4.265092,38,Tripod,
90900,2026-05-28 07:45:18,51.988750008782,4.38987397849556,4.265092,,,0.431316942936,5.249344,6.8002976,33.42683834,306.24016728,26,5,11.876,2.071736942936,5.905512,6.9568834,56.668965068,4.921268,4.697574,0,21.1, -1.7, 13.7,,,0,0,1684,1574,1024,1684,100,83,0,100,17.5,0,0,90,3.966,3.952,3.957,0,0,0,6.979,84.38,0.431316942936,4.265092,38,Tripod,
91000,2026-05-28 07:45:18,51.9887521109782,4.38987697299808,4.265092,,,0.431316942936,5.249344,6.8002976,32.4098107484,307.260180436,26,5,11.876,2.071736942936,5.905512,6.9568834,56.668965068,4.697574,4.921268,0,23.4, -1.3, 13.8,,,0,0,1684,1229,1024,1684,100,31,0,100,19.9,0,0,90,3.966,3.952,3.957,0,0,0,6.979,84.38,0.431316942936,4.265092,38,Tripod,
91100,2026-05-28 07:45:18,51.9887539820495,4.38988022045602,4.265092,,,0.431316942936,5.249344,6.9792528,31.427494444,308.2595243,26,5,11.876,2.071736942936,5.905512,6.9792528,56.668965068,4.47388,5.368656,0,25.8, -2.8, 14.6,,,0,0,1684,1024,1024,1024,100,0,0,0,22.3,0,0,90,3.966,3.952,3.957,0,0,0,6.979,84.38,0.431316942936,4.265092,38,Tripod,
91200,2026-05-28 07:45:18,51.9887560944618,4.3898837834996,3.937008,,,0.103232942936,5.249344,7.0239916,30.3333999208,309.370744808,26,5,11.876,2.071736942936,5.905512,7.0239916,56.668965068,4.250186,5.59235,0,27.5, -5.7, 10.5,,,0,0,1684,1024,1024,1024,100,0,0,0,24.6,0,0,90,3.966,3.952,3.957,0,0,0,6.979,84.38,0.103232942936,3.937008,38,Tripod,
91300,2026-05-28 07:45:19,51.9887578573534,4.38988740100022,3.937008,,,0.103232942936,5.249344,7.2029468,29.3375009388,310.407162164,26,5,11.876,2.071736942936,5.905512,7.2029468,56.668965068,4.250186,5.816044,0,28.6, -10.7, 0,,,0,0,1684,1024,1024,1024,100,0,0,0,26.1,0,0,90,3.966,3.952,3.957,0,0,0,6.979,84.38,0.103232942936,3.937008,38,Tripod,
91400,2026-05-28 07:45:19,51.9887598351655,4.38989107037029,3.937008,,,0.103232942936,5.249344,7.3371632,28.2734261016,311.502962724,26,5,11.876,2.071736942936,5.905512,7.3371632,56.668965068,4.47388,5.816044,0,29, -10.1, -0.6,,,0,0,1684,1024,1024,1024,100,0,0,0,26.6,0,0,90,3.966,3.952,3.957,0,0,0,6.979,84.38,0.103232942936,3.937008,38,Tripod,
91500,2026-05-28 07:45:19,51.9887618131575,4.38989467004302,3.937008,,,0.103232942936,4.92126,7.4713796,27.2205717372,312.58695226,26,5,11.876,2.071736942936,5.905512,7.4713796,56.668965068,4.697574,5.816044,0,28.9, -9.7, -0.9,,,0,0,1684,1024,1024,1024,100,0,0,0,26.6,0,0,90,3.966,3.952,3.957,0,0,0,6.979,84.38,0.103232942936,3.937008,38,Tripod,
91600,2026-05-28 07:45:19,51.9887639504743,4.3898986917672,3.937008,,,0.103232942936,4.92126,7.7621818,26.0694234064,313.780193768,26,5,11.877,2.071736942936,5.905512,7.7621818,56.668965068,5.144962,5.816044,0,29, -8.2, -0.9,,,0,0,1684,1024,1024,1024,100,0,0,0,26.6,0,0,90,3.97,3.955,3.957,0,0,0,6.638,84.38,0.103232942936,3.937008,38,Tripod,
91700,2026-05-28 07:45:19,51.9887661291011,4.38990223303186,3.937008,,,0.103232942936,5.249344,7.605596,24.9682422688,314.90486572,26,5,11.877,2.071736942936,5.905512,7.7621818,56.668965068,5.144962,5.59235,0,29, -6.8, -1.1,,,0,0,1684,1024,1024,1024,100,0,0,0,26.7,0,0,90,3.97,3.955,3.957,0,0,0,6.638,84.38,0.103232942936,3.937008,38,Tripod,
91800,2026-05-28 07:45:19,51.9887680409943,4.38990656408142,3.937008,,,0.103232942936,5.249344,7.7621818,23.8569233356,316.10237232,26,5,11.877,2.071736942936,5.905512,7.7621818,56.668965068,5.368656,5.59235,0,28.7, -4.2, -0.9,,,0,0,1684,1024,1024,1024,100,0,0,0,26.7,0,0,90,3.97,3.955,3.957,0,0,0,6.638,84.38,0.103232942936,3.937008,38,Tripod,
91900,2026-05-28 07:45:19,51.9887703116778,4.38991001446475,3.937008,,,0.103232942936,5.249344,7.5832266,22.7446529588,317.236886792,26,5,11.877,2.071736942936,5.905512,7.7621818,56.668965068,5.368656,5.368656,0,28.7, -1.8, -1,,,0,0,1684,1024,1024,1024,100,0,0,0,26.7,0,0,90,3.97,3.955,3.957,0,0,0,6.638,84.38,0.103232942936,3.937008,38,Tripod,
92000,2026-05-28 07:45:19,51.9887720163095,4.38991392079524,3.937008,,,0.103232942936,5.249344,7.4266408,21.7603681504,318.312674228,26,5,11.877,2.071736942936,5.905512,7.7621818,56.668965068,5.368656,5.144962,0,28.6, 0, -1.1,,,0,0,1684,1024,1024,1024,100,0,0,0,26.7,0,0,90,3.97,3.955,3.957,0,0,0,6.638,84.38,0.103232942936,3.937008,38,Tripod,
92100,2026-05-28 07:45:19,51.9887742365462,4.38991716493144,3.937008,,,0.103232942936,5.249344,7.2924244,20.6943248092,319.402241192,26,5,11.877,2.071736942936,5.905512,7.7621818,56.668965068,5.368656,4.921268,0,28.5, 1.6, -1.3,,,0,0,1684,1024,1024,1024,100,0,0,0,26.6,0,0,90,3.97,3.955,3.957,0,0,0,6.638,84.38,0.103232942936,3.937008,38,Tripod,
92200,2026-05-28 07:45:19,51.9887760756669,4.38992101453019,3.937008,,,0.103232942936,4.92126,6.9568834,19.6873037796,320.4970575,26,5,11.877,2.071736942936,5.905512,7.7621818,56.668965068,5.144962,4.697574,0,28.5, 2.3, -1,,,0,0,1684,1024,1024,1024,100,0,0,0,26.6,0,0,90,3.97,3.955,3.957,0,0,0,6.638,84.38,0.103232942936,3.937008,38,Tripod,
92300,2026-05-28 07:45:20,51.9887781671244,4.38992398070476,3.937008,,,0.103232942936,4.92126,6.822667,18.7000334068,321.510180892,26,5,11.877,2.071736942936,5.905512,7.7621818,56.668965068,5.144962,4.47388,0,28.6, 2.7, -0.8,,,0,0,1684,1024,1024,1024,100,0,0,0,26.6,0,0,90,3.97,3.955,3.957,0,0,0,6.638,84.38,0.103232942936,3.937008,38,Tripod,
92400,2026-05-28 07:45:20,51.9887802029092,4.38992735646944,3.937008,,,0.103232942936,4.92126,6.5094954,17.6921593588,322.571860716,26,5,11.877,2.071736942936,5.905512,7.7621818,56.668965068,4.921268,4.250186,0,28.7, 2.2, -0.3,,,0,0,1684,1024,1024,1024,100,0,0,0,26.6,0,0,90,3.97,3.955,3.957,0,0,0,6.638,84.38,0.103232942936,3.937008,38,Tripod,
92500,2026-05-28 07:45:20,51.9887821824216,4.3899300592201,3.937008,,,0.103232942936,4.92126,6.3529096,16.775263004,323.5154303,26,5,11.877,2.071736942936,5.905512,7.7621818,56.668965068,4.921268,4.026492,0,28.7, 2.4, -0.3,,,0,0,1684,1024,1024,1024,100,0,0,0,26.6,0,0,90,3.97,3.955,3.957,0,0,0,6.638,84.38,0.103232942936,3.937008,38,Tripod,
92600,2026-05-28 07:45:20,51.9887844192654,4.38993358945796,3.937008,,,0.103232942936,4.92126,6.039738,15.6979007648,324.653225612,26,5,11.887,2.071736942936,5.905512,7.7621818,56.668965068,4.697574,3.802798,0,28.8, 3.5, -0.2,,,0,0,1684,1024,1024,1024,100,0,0,0,26.6,0,0,90,3.968,3.953,3.958,0,0,0,6.522,84.38,0.103232942936,3.937008,38,Tripod,
92700,2026-05-28 07:45:20,51.9887863093726,4.38993610430925,3.937008,,,0.103232942936,4.92126,5.7265664,14.8368771152,325.544957924,26,5,11.887,2.071736942936,5.905512,7.7621818,56.668965068,4.47388,3.579104,0,28.9, 5, 0.1,,,0,0,1684,1024,1024,1024,100,0,0,0,26.7,0,0,90,3.968,3.953,3.958,0,0,0,6.522,84.38,0.103232942936,3.937008,38,Tripod,
92800,2026-05-28 07:45:20,51.9887883558276,4.3899386014458,3.937008,,,0.103232942936,4.92126,5.4133948,13.9287077948,326.478684988,26,5,11.887,2.071736942936,5.905512,7.7621818,56.668965068,4.250186,3.35541,0,28.9, 5.7, 0.2,,,0,0,1684,1024,1024,1024,100,0,0,0,26.6,0,0,90,3.968,3.953,3.958,0,0,0,6.522,84.38,0.103232942936,3.937008,38,Tripod,
92900,2026-05-28 07:45:20,51.9887900975372,4.38994087058963,3.937008,,,0.103232942936,4.92126,5.2791784,13.1464243052,327.293645644,26,5,11.887,2.071736942936,5.905512,7.7621818,56.668965068,4.250186,3.131716,0,28.9, 5.4, -0.1,,,0,0,1684,1024,1024,1024,100,0,0,0,26.7,0,0,90,3.968,3.953,3.958,0,0,0,6.522,84.38,0.103232942936,3.937008,38,Tripod,
93000,2026-05-28 07:45:20,51.9887918305192,4.38994314275053,3.937008,,,0.103232942936,4.593176,4.9660068,12.3710961964,328.10696588,26,5,11.887,2.071736942936,5.905512,7.7621818,56.668965068,4.026492,2.908022,0,28.9, 4.9, 0.3,,,0,0,1684,1024,1024,1024,100,0,0,0,26.6,0,0,90,3.968,3.953,3.958,0,0,0,6.522,84.38,0.103232942936,3.937008,38,Tripod,
93100,2026-05-28 07:45:20,51.98879341934,4.38994514886167,3.937008,,,0.103232942936,4.593176,4.6528352,11.670604048,328.84187404,26,5,11.887,2.071736942936,5.905512,7.7621818,56.668965068,3.802798,2.684328,0,28.7, 4.4, -0.7,,,0,0,1684,1024,1024,1024,100,0,0,0,26.6,0,0,90,3.968,3.953,3.958,0,0,0,6.522,84.38,0.103232942936,3.937008,38,Tripod,
93200,2026-05-28 07:45:20,51.9887950937688,4.38994740550411,3.937008,,,0.103232942936,4.593176,4.3396636,10.9269688536,329.63583732,26,5,11.887,2.071736942936,5.905512,7.7621818,56.668965068,3.579104,2.460634,0,28.8, 4.9, 0,,,0,0,1684,1024,1024,1024,100,0,0,0,26.6,0,0,90,3.968,3.953,3.958,0,0,0,6.522,84.38,0.103232942936,3.937008,38,Tripod,
93300,2026-05-28 07:45:21,51.9887965600793,4.38994914996157,3.937008,,,0.103232942936,4.593176,4.026492,10.2973428492,330.298567,26,5,11.887,2.071736942936,5.905512,7.7621818,56.668965068,3.35541,2.23694,0,28.7, 4.7, 1,,,0,0,1684,1024,1024,1024,100,0,0,0,26.6,0,0,90,3.968,3.953,3.958,0,0,0,6.522,84.38,0.103232942936,3.937008,38,Tripod,
93400,2026-05-28 07:45:21,51.9887981379644,4.389950588955,3.937008,,,0.103232942936,4.593176,3.7133204,9.652395322,330.95801584,26,5,11.887,2.071736942936,5.905512,7.7621818,56.668965068,3.131716,2.013246,0,28.8, 3.9, 1.5,,,0,0,1684,1024,1024,1024,100,0,0,0,26.6,0,0,90,3.968,3.953,3.958,0,0,0,6.522,84.38,0.103232942936,3.937008,38,Tripod,
93500,2026-05-28 07:45:21,51.988799476209,4.38995210108803,3.937008,,,0.103232942936,4.593176,3.7133204,9.08956722,331.55184788,26,5,11.887,2.071736942936,5.905512,7.7621818,56.668965068,3.131716,2.013246,0,29, 3.5, 1.5,,,0,0,1684,1024,1024,1024,100,0,0,0,26.7,0,0,90,3.968,3.953,3.958,0,0,0,6.522,84.38,0.103232942936,3.937008,38,Tripod,
93600,2026-05-28 07:45:21,51.988800718439,4.38995352226936,3.937008,,,0.103232942936,4.593176,3.4225182,8.5700133976,332.10630984,26,5,11.889,2.071736942936,5.905512,7.7621818,56.668965068,2.908022,1.789552,0,29.1, 3.6, 1.9,,,0,0,1684,1024,1024,1024,100,0,0,0,26.7,0,0,90,3.968,3.951,3.956,0,0,0,6.375,84.38,0.103232942936,3.937008,38,Tripod,
93700,2026-05-28 07:45:21,51.988801933503,4.38995486188933,3.937008,,,0.103232942936,4.593176,3.1093466,8.0688322792,332.6443676,26,5,11.889,2.071736942936,5.905512,7.7621818,56.668965068,2.684328,1.565858,0,29.2, 3.3, 2,,,0,0,1684,1024,1024,1024,100,0,0,0,26.6,0,0,90,3.968,3.951,3.956,0,0,0,6.375,84.38,0.103232942936,3.937008,38,Tripod,
93800,2026-05-28 07:45:21,51.9888031934324,4.38995602506575,3.937008,,,0.103232942936,4.593176,3.1093466,7.5642390872,333.17258284,26,5,11.889,2.071736942936,5.905512,7.7621818,56.668965068,2.684328,1.565858,0,29.3, 2.9, 2.2,,,0,0,1684,1024,1024,1024,100,0,0,0,26.6,0,0,90,3.968,3.951,3.956,0,0,0,6.375,84.38,0.103232942936,3.937008,38,Tripod,
93900,2026-05-28 07:45:21,51.9888043065513,4.38995722363428,3.937008,,,0.103232942936,4.593176,2.796175,7.1144687316,333.65814716,26,5,11.889,2.071736942936,5.905512,7.7621818,56.668965068,2.460634,1.342164,0,29.5, 1.7, 2.2,,,0,0,1684,1024,1024,1024,100,0,0,0,26.6,0,0,90,3.968,3.951,3.956,0,0,0,6.375,84.38,0.103232942936,3.937008,38,Tripod,
94000,2026-05-28 07:45:21,51.988805402594,4.38995798393864,3.937008,,,0.103232942936,4.593176,2.796175,6.6914044136,334.09449888,26,5,11.889,2.071736942936,5.905512,7.7621818,56.668965068,2.460634,1.342164,0,29.6, 0.7, 2.2,,,0,0,1684,1024,1024,1024,100,0,0,0,26.6,0,0,90,3.968,3.951,3.956,0,0,0,6.375,84.38,0.103232942936,3.937008,38,Tripod,
94100,2026-05-28 07:45:21,51.9888064540241,4.38995907787837,3.937008,,,0.103232942936,4.593176,2.796175,6.275590752,334.55053564,26,5,11.889,2.071736942936,5.905512,7.7621818,56.668965068,2.460634,1.342164,0,29.4, 0, 2.2,,,0,0,1684,1024,1024,1024,100,0,0,0,26.6,0,0,90,3.968,3.951,3.956,0,0,0,6.375,84.38,0.103232942936,3.937008,38,Tripod,
94200,2026-05-28 07:45:21,51.9888076455085,4.38996026966457,3.937008,,,0.103232942936,4.593176,2.6172198,5.8126314196,335.05906584,26,5,11.889,2.071736942936,5.905512,7.7621818,56.668965068,2.23694,1.342164,0,29.1, -0.5, 2,,,0,0,1684,1024,1024,1024,100,0,0,0,26.6,0,0,90,3.968,3.951,3.956,0,0,0,6.375,84.38,0.103232942936,3.937008,38,Tripod,
94300,2026-05-28 07:45:21,51.9888086923467,4.38996135018589,3.937008,,,0.103232942936,4.593176,2.6172198,5.4125001732,335.51182176,26,5,11.889,2.071736942936,5.905512,7.7621818,56.668965068,2.23694,1.342164,0,29, -1.1, 1.7,,,0,0,1684,1024,1024,1024,100,0,0,0,26.6,0,0,90,3.968,3.951,3.956,0,0,0,6.375,84.38,0.103232942936,3.937008,38,Tripod,
94400,2026-05-28 07:45:22,51.9888095919739,4.38996213859469,3.937008,,,0.103232942936,4.593176,2.6172198,5.0765421572,335.88583752,26,5,11.889,2.071736942936,5.905512,7.7621818,56.668965068,2.23694,1.342164,0,29, -1.1, 1.5,,,0,0,1684,1024,1024,1024,100,0,0,0,26.6,0,0,90,3.968,3.951,3.956,0,0,0,6.375,84.38,0.103232942936,3.937008,38,Tripod,
94500,2026-05-28 07:45:22,51.9888106357225,4.38996318089279,3.937008,,,0.103232942936,4.593176,2.6172198,4.6941602552,336.33203176,26,5,11.889,2.071736942936,5.905512,7.7621818,56.668965068,2.23694,1.342164,0,29, -1.1, 1.6,,,0,0,1684,1024,1024,1024,100,0,0,0,26.6,0,0,90,3.968,3.951,3.956,0,0,0,6.375,84.38,0.103232942936,3.937008,38,Tripod,
94600,2026-05-28 07:45:22,51.9888114034586,4.38996387606477,3.937008,,,0.103232942936,4.593176,2.6172198,4.4197507976,336.65355408,26,5,11.872,2.071736942936,5.905512,7.7621818,56.668965068,2.23694,1.342164,0,28.8, -1.1, 1.6,,,0,0,1684,1024,1024,1024,100,0,0,0,26.7,0,0,90,3.966,3.951,3.956,0,0,0,6.773,84.38,0.103232942936,3.937008,38,Tripod,
94700,2026-05-28 07:45:22,51.9888124428349,4.38996488797897,3.937008,,,0.103232942936,4.593176,2.796175,4.0608925184,337.09646748,26,5,11.872,2.071736942936,5.905512,7.7621818,56.668965068,2.460634,1.342164,0,28.9, -0.8, 1.7,,,0,0,1684,1024,1024,1024,100,0,0,0,26.6,0,0,90,3.966,3.951,3.956,0,0,0,6.773,84.38,0.103232942936,3.937008,38,Tripod,
94800,2026-05-28 07:45:22,51.9888132092559,4.38996559158515,3.937008,,,0.103232942936,4.593176,2.7066974,3.805938442,337.4179898,26,5,11.872,2.071736942936,5.905512,7.7621818,56.668965068,2.460634,1.11847,0,29, -0.9, 2,,,0,0,1024,1024,364,1024,0,0,-100,0,26.7,0,0,90,3.966,3.951,3.956,0,0,0,6.773,84.38,0.103232942936,3.937008,38,Tripod,
94900,2026-05-28 07:45:22,51.9888142295867,4.38996656920377,3.937008,,,0.103232942936,4.593176,2.5053728,3.4857612664,337.84777984,26,5,11.872,2.071736942936,5.905512,7.7621818,56.668965068,2.23694,1.11847,0,29.2, 4.9, 1.9,,,0,0,1024,1024,364,1024,0,0,-100,0,26.6,0,0,90,3.966,3.951,3.956,0,0,0,6.773,84.38,0.103232942936,3.937008,38,Tripod,
95000,2026-05-28 07:45:22,51.9888151024333,4.38996729781476,3.937008,,,0.103232942936,4.593176,2.5053728,3.22502306908,338.2053914,26,5,11.872,2.071736942936,5.905512,7.7621818,56.668965068,2.23694,1.11847,0.447388,29.5, 10.3, 1.6,,,0,0,1024,1024,364,1024,0,0,-100,0,26.6,0,0,90,3.966,3.951,3.956,0,0,0,6.773,84.38,0.103232942936,3.937008,38,Tripod,
95100,2026-05-28 07:45:22,51.9888159490097,4.38996809870104,3.937008,,,0.103232942936,4.265092,1.9908766,2.99972450544,338.56300296,26,5,11.872,2.071736942936,5.905512,7.7621818,56.668965068,1.789552,0.894776,0.671082,29.8, 11.6, 1.2,,,0,0,1024,1024,364,1024,0,0,-100,0,26.6,0,0,90,3.966,3.951,3.956,0,0,0,6.773,84.38,0.103232942936,3.937008,38,Tripod,
95200,2026-05-28 07:45:22,51.9888166203341,4.3899685404671,3.608924,,,-0.224851057064,4.265092,1.4987498,2.82033473592,338.828751,26,5,11.872,2.071736942936,5.905512,7.7621818,56.668965068,1.342164,0.671082,0.894776,29.8, 10.3, 1.3,,,0,0,1024,1024,364,1024,0,0,-100,0,26.6,0,0,90,3.966,3.951,3.956,0,0,0,6.773,84.38,-0.224851057064,3.608924,38,Tripod,
95300,2026-05-28 07:45:22,51.9888171872553,4.3899690124447,3.608924,,,-0.224851057064,3.937008,1.2079476,2.69124352444,339.06169064,26,5,11.872,2.071736942936,5.905512,7.7621818,56.668965068,1.11847,0.447388,0.894776,29.8, 8.3, 1.7,,,0,0,1024,1024,364,1024,0,0,-100,0,26.6,0,0,90,3.966,3.951,3.956,0,0,0,6.773,84.38,-0.224851057064,3.608924,38,Tripod,
95400,2026-05-28 07:45:23,51.988817642406,4.38996952615725,3.28084,,,-0.552935057064,3.937008,0.9171454,2.6153708186,339.26182188,26,5,11.872,2.071736942936,5.905512,7.7621818,56.668965068,0.894776,0.223694,0.894776,29.7, 6.2, 1.7,,,0,0,1024,1024,364,1024,0,0,-100,0,26.7,0,0,90,3.966,3.951,3.956,0,0,0,6.773,84.38,-0.552935057064,3.28084,38,Tripod,
95500,2026-05-28 07:45:23,51.9888179964158,4.38996975855568,3.28084,,,-0.552935057064,3.608924,0.671082,2.54263131496,339.402898,26,5,11.872,2.071736942936,5.905512,7.7621818,56.668965068,0.671082,0,0.894776,29.6, 4.6, 1.9,,,0,0,1024,1024,364,1024,0,0,-100,0,26.6,0,0,90,3.966,3.951,3.956,0,0,0,6.773,84.38,-0.552935057064,3.28084,38,Tripod,
95600,2026-05-28 07:45:23,51.9888183317747,4.38996997027491,2.952756,,,-0.881019057064,3.608924,0.447388,2.47775270396,339.5341316,26,5,11.9,2.071736942936,5.905512,7.7621818,56.668965068,0.447388,0,0.894776,29.6, 3.5, 2.3,,,0,0,1024,1024,364,1024,0,0,-100,0,26.6,0,0,90,3.97,3.955,3.96,0,0,0,6.397,84.56,-0.881019057064,2.952756,38,Tripod,
95700,2026-05-28 07:45:23,51.9888185658433,4.38997005238508,2.952756,,,-0.881019057064,3.28084,0.447388,2.42572842408,339.62271428,26,5,11.9,2.071736942936,5.905512,7.7621818,56.668965068,0.447388,0,0.894776,29.5, 2.9, 2.4,,,0,0,1024,1024,364,1024,0,0,-100,0,26.6,0,0,90,3.97,3.955,3.96,0,0,0,6.397,84.56,-0.881019057064,2.952756,38,Tripod,
95800,2026-05-28 07:45:23,51.9888188028311,4.38997042746183,2.624672,,,-1.209103057064,3.28084,0.223694,2.42104994624,339.74082452,26,5,11.9,2.071736942936,5.905512,7.7621818,56.668965068,0.223694,0,0.671082,29.6, 2.9, 2.7,,,0,0,1024,1024,364,1024,0,0,-100,0,26.7,0,0,90,3.97,3.955,3.96,0,0,0,6.397,84.56,-1.209103057064,2.624672,38,Tripod,
95900,2026-05-28 07:45:23,51.9888189454181,4.38997045280452,2.624672,,,-1.209103057064,2.952756,0.223694,2.38859587696,339.79331796,26,5,11.9,2.071736942936,5.905512,7.7621818,56.668965068,0.223694,0,0.671082,29.5, 2.2, 2.8,,,0,0,1024,1024,364,1024,0,0,-100,0,26.6,0,0,90,3.97,3.955,3.96,0,0,0,6.397,84.56,-1.209103057064,2.624672,38,Tripod,
96000,2026-05-28 07:45:23,51.9888189764466,4.38997059162434,2.624672,,,-1.209103057064,2.952756,0,2.4033137252,339.82612636,26,5,11.9,2.071736942936,5.905512,7.7621818,56.668965068,0,0,0.447388,29.5, 1.4, 2.6,,,0,0,1024,1024,364,1024,0,0,-100,0,26.6,0,0,90,3.97,3.955,3.96,0,0,0,6.397,84.56,-1.209103057064,2.624672,38,Tripod,
96100,2026-05-28 07:45:23,51.9888190411408,4.38997059715824,2.296588,,,-1.537187057064,2.952756,0,2.38807750424,339.85237308,26,5,11.9,2.071736942936,5.905512,7.7621818,56.668965068,0,0,0.447388,29.4, 0.8, 2.5,,,0,0,1024,1024,364,1024,0,0,-100,0,26.7,0,0,90,3.97,3.955,3.96,0,0,0,6.397,84.56,-1.537187057064,2.296588,38,Tripod,
96200,2026-05-28 07:45:23,51.9888191304084,4.38997020176496,2.296588,,,-1.537187057064,2.952756,0,2.30114508676,339.94751744,26,5,11.9,2.071736942936,5.905512,7.7621818,56.668965068,0,0,0.447388,29.4, 0.1, 3,,,0,0,1024,1024,364,1024,0,0,-100,0,26.6,0,0,90,3.97,3.955,3.96,0,0,0,6.397,84.56,-1.537187057064,2.296588,38,Tripod,
96300,2026-05-28 07:45:23,51.9888191748197,4.38997019090097,2.296588,,,-1.537187057064,2.624672,0,2.28818248792,339.9606408,26,5,11.9,2.071736942936,5.905512,7.7621818,56.668965068,0,0,0.447388,29.2, -0.1, 2.8,,,0,0,1024,1024,364,1024,0,0,-100,0,26.6,0,0,90,3.97,3.955,3.96,0,0,0,6.397,84.56,-1.537187057064,2.296588,38,Tripod,
96400,2026-05-28 07:45:24,51.9888191952901,4.38996994244631,1.968504,,,-1.865271057064,2.624672,0,2.2428478408,340.01969592,26,5,11.9,2.071736942936,5.905512,7.7621818,56.668965068,0,0,0.447388,29.2, -0.4, 2.7,,,0,0,1024,1024,364,1024,0,0,-100,0,26.7,0,0,90,3.97,3.955,3.96,0,0,0,6.397,84.56,-1.865271057064,1.968504,38,Tripod,
96500,2026-05-28 07:45:24,51.9888192393726,4.38996996561878,1.968504,,,-1.865271057064,2.624672,0,2.23535440224,340.03610012,26,5,11.9,2.071736942936,5.905512,7.7621818,56.668965068,0,0,0.447388,29.1, 0.1, 2.6,,,0,0,1024,1024,364,1024,0,0,-100,0,26.6,0,0,90,3.97,3.955,3.96,0,0,0,6.397,84.56,-1.865271057064,1.968504,38,Tripod,
96600,2026-05-28 07:45:24,51.9888191175622,4.38997000297016,1.968504,,,-1.865271057064,2.624672,0,2.2724410176,340.08203188,26,5,11.862,2.071736942936,5.905512,7.7621818,56.668965068,0,0,0.447388,29.1, 0.5, 2.5,,,0,0,1024,1024,364,1024,0,0,-100,0,26.7,0,0,89,3.963,3.95,3.953,0,0,0,6.99,84.56,-1.865271057064,1.968504,38,Tripod,
96700,2026-05-28 07:45:24,51.9888191429194,4.38997006618067,1.968504,,,-1.865271057064,2.296588,0,2.27608275,340.09843608,26,5,11.862,2.071736942936,5.905512,7.7621818,56.668965068,0,0,0.447388,29.1, 0.7, 1.7,,,0,0,1024,1024,364,1024,0,0,-100,0,26.6,0,0,89,3.963,3.95,3.953,0,0,0,6.99,84.56,-1.865271057064,1.968504,38,Tripod,
96800,2026-05-28 07:45:24,51.9888190793619,4.38996971401935,1.64042,,,-2.193355057064,2.296588,0,2.23680125268,340.18045708,26,5,11.862,2.071736942936,5.905512,7.7621818,56.668965068,0,0,0.447388,29.1, 0.7, 1.7,,,0,0,1024,1024,364,1024,0,0,-100,0,26.6,0,0,89,3.963,3.95,3.953,0,0,0,6.99,84.56,-2.193355057064,1.64042,38,Tripod,
96900,2026-05-28 07:45:24,51.988819095628,4.38996974870445,1.64042,,,-2.193355057064,2.296588,0,2.23794626584,340.1902996,26,5,11.862,2.071736942936,5.905512,7.7621818,56.668965068,0,0,0.223694,29.1, 0.9, 1.9,,,0,0,1024,1024,364,1024,0,0,-100,0,26.6,0,0,89,3.963,3.95,3.953,0,0,0,6.99,84.56,-2.193355057064,1.64042,38,Tripod,
97000,2026-05-28 07:45:24,51.9888188916424,4.38996977370879,1.64042,,,-2.193355057064,2.296588,0,2.29578747504,340.26575892,26,5,11.862,2.071736942936,5.905512,7.7621818,56.668965068,0,0,0.223694,29.3, 0.6, 1.6,,,0,0,1024,1024,364,1024,0,0,-100,0,26.6,0,0,89,3.963,3.95,3.953,0,0,0,6.99,84.56,-2.193355057064,1.64042,38,Tripod,
97100,2026-05-28 07:45:24,51.9888188838978,4.3899698100634,1.64042,,,-2.193355057064,1.968504,0,2.30342527056,340.2723206,26,5,11.862,2.071736942936,5.905512,7.7621818,56.668965068,0,0,0.223694,29.3, 0.3, 1.3,,,0,0,1024,1024,364,1024,0,0,-100,0,26.7,0,0,89,3.963,3.95,3.953,0,0,0,6.99,84.56,-2.193355057064,1.64042,38,Tripod,
97200,2026-05-28 07:45:24,51.9888188826749,4.38996975286262,1.64042,,,-2.193355057064,1.968504,0,2.29500335428,340.28544396,26,5,11.862,2.071736942936,5.905512,7.7621818,56.668965068,0,0,0.223694,29.1, 0.2, 1.2,,,0,0,1024,1024,364,1024,0,0,-100,0,26.6,0,0,89,3.963,3.95,3.953,0,0,0,6.99,84.56,-2.193355057064,1.64042,38,Tripod,
97300,2026-05-28 07:45:24,51.9888188894128,4.38996976149088,1.312336,,,-2.521439057064,1.968504,0,2.29451778996,340.2887248,26,5,11.862,2.071736942936,5.905512,7.7621818,56.668965068,0,0,0.223694,28.9, 0.9, 1.6,,,0,0,1024,1024,364,1024,0,0,-100,0,26.6,0,0,89,3.963,3.95,3.953,0,0,0,6.99,84.56,-2.521439057064,1.312336,38,Tripod,
97400,2026-05-28 07:45:25,51.9888189149612,4.38996981958111,1.312336,,,-2.521439057064,1.968504,0,2.29661424672,340.305129,26,5,11.862,2.071736942936,5.905512,7.7621818,56.668965068,0,0,0.223694,28.9, 1.6, 1.9,,,0,0,1024,1024,364,1024,0,0,-100,0,26.6,0,0,89,3.963,3.95,3.953,0,0,0,6.99,84.56,-2.521439057064,1.312336,38,Tripod,
97500,2026-05-28 07:45:25,51.9888189141232,4.38996980921171,1.312336,,,-2.521439057064,1.968504,0,2.2952428556,340.30840984,26,5,11.862,2.071736942936,5.905512,7.7621818,56.668965068,0,0,0.223694,29.1, 0.8, 2,,,0,0,1024,1024,364,1024,0,0,-100,0,26.6,0,0,89,3.963,3.95,3.953,0,0,0,6.99,84.56,-2.521439057064,1.312336,38,Tripod,
97600,2026-05-28 07:45:25,51.9888187570853,4.38996986821653,1.312336,,,-2.521439057064,1.968504,0,2.34626976012,340.36746496,26,5,11.866,2.071736942936,5.905512,7.7621818,56.668965068,0,0,0,29.1, 0.7, 1.9,,,0,0,1024,1024,364,1024,0,0,-100,0,26.6,0,0,89,3.963,3.95,3.952,0,0,0,6.898,84.56,-2.521439057064,1.312336,38,Tripod,
97700,2026-05-28 07:45:25,51.9888187271704,4.38996984705876,1.312336,,,-2.521439057064,1.64042,0,2.351131965,340.37730748,26,5,11.866,2.071736942936,5.905512,7.7621818,56.668965068,0,0,0,29.2, 0.3, 2,,,0,0,1024,1024,364,1024,0,0,-100,0,26.6,0,0,89,3.963,3.95,3.952,0,0,0,6.898,84.56,-2.521439057064,1.312336,38,Tripod,
97800,2026-05-28 07:45:25,51.9888187080649,4.38996978952671,1.312336,,,-2.521439057064,1.64042,0,2.3476542746,340.39371168,26,5,11.866,2.071736942936,5.905512,7.7621818,56.668965068,0,0,0,29.1, 0.4, 2.4,,,0,0,1024,1024,364,1024,0,0,-100,0,26.7,0,0,89,3.963,3.95,3.952,0,0,0,6.898,84.56,-2.521439057064,1.312336,38,Tripod,
97900,2026-05-28 07:45:25,51.9888186712927,4.38996975284486,1.312336,,,-2.521439057064,1.64042,0,2.35219167632,340.41011588,26,5,11.866,2.071736942936,5.905512,7.7621818,56.668965068,0,0,0,29.1, 0.1, 2.2,,,0,0,1024,1024,364,1024,0,0,-100,0,26.9,0,0,89,3.963,3.95,3.952,0,0,0,6.898,84.56,-2.521439057064,1.312336,33,Confirm_Landing,
98000,2026-05-28 07:45:25,51.9888187008863,4.38996990773005,1.312336,,,-2.521439057064,1.64042,0,2.36739836972,340.44620512,26,5,11.866,2.071736942936,5.905512,7.7621818,56.668965068,0,0,0.223694,29.1, 0.6, 1.5,,,0,0,1024,1024,364,1024,0,0,-100,0,27,0,0,89,3.963,3.95,3.952,0,0,0,6.898,84.56,-2.521439057064,1.312336,33,Confirm_Landing,
98100,2026-05-28 07:45:25,51.9888186789007,4.38996987940059,1.312336,,,-2.521439057064,1.64042,0,2.36906831728,340.45604764,26,5,11.866,2.071736942936,5.905512,7.7621818,56.668965068,0,0,0.447388,29.1, 1, 1.5,,,0,0,1024,1024,364,1024,0,0,-100,0,27,0,0,89,3.963,3.95,3.952,0,0,0,6.898,84.56,-2.521439057064,1.312336,33,Confirm_Landing,
98200,2026-05-28 07:45:25,51.9888187405831,4.38996987119281,0.984252,,,-2.849523057064,1.64042,0,2.35116149256,340.47901352,26,5,11.866,2.071736942936,5.905512,7.7621818,56.668965068,0,0,0.671082,28.9, 0.7, 2,,,0,0,1024,1024,364,1024,0,0,-100,0,27,0,0,89,3.963,3.95,3.952,0,0,0,6.898,84.56,-2.849523057064,0.984252,33,Confirm_Landing,
98300,2026-05-28 07:45:25,51.9888187247133,4.38996980695383,0.984252,,,-2.849523057064,1.312336,0,2.3457513874,340.49213688,26,5,11.866,2.071736942936,5.905512,7.7621818,56.668965068,0,0,0.671082,29.1, 0.6, 2.2,,,0,0,1024,1024,364,1024,0,0,-100,0,27,0,0,89,3.963,3.95,3.952,0,0,0,6.898,84.56,-2.849523057064,0.984252,33,Confirm_Landing,
98400,2026-05-28 07:45:26,51.9888186181671,4.38996962761304,0.656168,,,-3.177607057064,1.312336,0,2.34830716176,340.54791116,26,5,11.866,2.071736942936,5.905512,7.7621818,56.668965068,0,0,0.671082,29.1, 0.9, 2.3,,,0,0,1024,1024,364,1024,0,0,-100,0,27,0,0,89,3.963,3.95,3.952,0,0,0,6.898,84.56,-3.177607057064,0.656168,33,Confirm_Landing,
98500,2026-05-28 07:45:26,51.9888185872499,4.38996952455535,0.656168,,,-3.177607057064,0.984252,0,2.34190624292,340.57415788,26,5,11.866,2.071736942936,5.905512,7.7621818,56.668965068,0,0,0.671082,29.2, 0, 2.9,,,0,0,1024,1024,364,1024,0,0,-100,0,27,0,0,89,3.963,3.95,3.952,0,0,0,6.898,84.56,-3.177607057064,0.656168,33,Confirm_Landing,
98600,2026-05-28 07:45:26,51.9888184670163,4.38996942900671,0.656168,,,-3.177607057064,0.984252,0,2.36208340892,340.62337048,26,5,11.864,2.071736942936,5.905512,7.7621818,56.668965068,0,0,0.671082,29.2, 0.1, 2.9,,,0,0,1024,1024,364,1024,0,0,-100,0,27,0,0,89,3.967,3.952,3.953,0,0,0,6.695,84.56,-3.177607057064,0.656168,33,Confirm_Landing,
98700,2026-05-28 07:45:26,51.9888184191985,4.38996934193439,0.328084,,,-3.505691057064,0.984252,0,2.3634843276,340.6496172,26,5,11.864,2.071736942936,5.905512,7.7621818,56.668965068,0,0,0.671082,29.1, 0, 3,,,0,0,1024,1024,364,1024,0,0,-100,0,27,0,0,89,3.967,3.952,3.953,0,0,0,6.695,84.56,-3.505691057064,0.328084,33,Confirm_Landing,
98800,2026-05-28 07:45:26,51.988818315556,4.38996936844956,0.328084,,,-3.505691057064,0.656168,0,2.39690952552,340.68898728,26,5,11.864,2.071736942936,5.905512,7.7621818,56.668965068,0,0,0.447388,29, 0, 3.1,,,0,0,1024,1024,364,1024,0,0,-100,0,27,0,0,89,3.967,3.952,3.953,0,0,0,6.695,84.56,-3.505691057064,0.328084,33,Confirm_Landing,
98900,2026-05-28 07:45:26,51.9888182562692,4.38996931249303,0.328084,,,-3.505691057064,0.656168,0,2.40636818724,340.715234,26,5,11.864,2.071736942936,5.905512,7.7621818,56.668965068,0,0,0.447388,29, 0, 3,,,0,0,1024,1024,364,1024,0,0,-100,0,27,0,0,89,3.967,3.952,3.953,0,0,0,6.695,84.56,-3.505691057064,0.328084,33,Confirm_Landing,
99000,2026-05-28 07:45:26,51.9888183427359,4.3899692377849,0,,,-3.833775057064,0.656168,0,2.3711122806,340.7480424,26,5,11.864,2.071736942936,5.905512,7.7621818,56.668965068,0,0,0.447388,29, -0.1, 2.9,,,0,0,1024,1024,364,1024,0,0,-100,0,27,0,0,89,3.967,3.952,3.953,0,0,0,6.695,84.56,-3.833775057064,0,33,Confirm_Landing,
99100,2026-05-28 07:45:26,51.9888182992734,4.38996920368205,0,,,-3.833775057064,0.656168,0,2.3790847218,340.76772744,26,5,11.864,2.071736942936,5.905512,7.7621818,56.668965068,0,0,0.447388,29.2, -0.2, 2.7,,,0,0,1024,1024,364,1024,0,0,-100,0,27,0,0,89,3.967,3.952,3.953,0,0,0,6.695,84.56,-3.833775057064,0,33,Confirm_Landing,
99200,2026-05-28 07:45:26,51.9888182443557,4.38996926568106,0,,,-3.833775057064,0.328084,0,2.40347120552,340.79069332,26,5,11.864,2.071736942936,5.905512,7.7621818,56.668965068,0,0,0.447388,29, -0.1, 2.4,,,0,0,1024,1024,364,1024,0,0,-100,0,27,0,0,89,3.967,3.952,3.953,0,0,0,6.695,84.56,-3.833775057064,0,33,Confirm_Landing,
99300,2026-05-28 07:45:27,51.9888182010158,4.38996928797906,0,,,-3.833775057064,0.328084,0,2.4191109698,340.80709752,26,5,11.864,2.071736942936,5.905512,7.7621818,56.668965068,0,0,0.447388,29, 0.3, 2.7,,,0,0,1024,1024,364,1024,0,0,-100,0,27,0,0,89,3.967,3.952,3.953,0,0,0,6.695,84.56,-3.833775057064,0,33,Confirm_Landing,
99400,2026-05-28 07:45:27,51.9888181384659,4.38996931974003,0,,,-3.833775057064,0.328084,0,2.44165362144,340.83334424,26,5,11.864,2.071736942936,5.905512,7.7621818,56.668965068,0,0,0.447388,29, 0.2, 2.7,,,0,0,1024,1024,364,1024,0,0,-100,0,27,0,0,89,3.967,3.952,3.953,0,0,0,6.695,84.56,-3.833775057064,0,33,Confirm_Landing,
99500,2026-05-28 07:45:27,51.9888180765153,4.38996939509421,0,,,-3.833775057064,0.328084,0,2.46989181132,340.85959096,26,5,11.864,2.071736942936,5.905512,7.7621818,56.668965068,0,0,0.447388,29.1, 0.3, 1.5,,,0,0,1024,1024,364,1024,0,0,-100,0,27,0,0,89,3.967,3.952,3.953,0,0,0,6.695,84.56,-3.833775057064,0,33,Confirm_Landing,
99600,2026-05-28 07:45:27,51.9888179865291,4.38996935056131,0,,,-3.833775057064,0,0,2.49036097208,340.8956802,26,5,11.869,2.071736942936,5.905512,7.7621818,56.668965068,0,0,0.223694,29, 0.1, 1.8,,,0,0,1024,1024,364,1024,0,0,-100,0,27,0,0,89,3.963,3.95,3.955,0,0,0,6.746,84.56,-3.833775057064,0,33,Confirm_Landing,
99700,2026-05-28 07:45:27,51.9888179090529,4.38996944385043,0,,,-3.833775057064,0,0,2.52554798108,340.9284886,26,5,11.869,2.071736942936,5.905512,7.7621818,56.668965068,0,0,0.223694,29, -0.1, 1.3,,,0,0,1024,1024,364,1024,0,0,-100,0,27,0,0,89,3.963,3.95,3.955,0,0,0,6.746,84.56,-3.833775057064,0,33,Confirm_Landing,
99800,2026-05-28 07:45:27,51.98881784209,4.38996961232176,0,,,-3.833775057064,0,0,2.5676510008,340.97442036,26,5,11.869,2.071736942936,5.905512,7.7621818,56.668965068,0,0,0.223694,29, -0.4, 0.7,,,0,0,1024,1024,364,1024,0,0,-100,0,27,0,0,89,3.963,3.95,3.955,0,0,0,6.746,84.56,-3.833775057064,0,33,Confirm_Landing,
99900,2026-05-28 07:45:27,51.9888177806984,4.3899697174829,-0.328084,,,-4.161859057064,0,0,2.59971793096,341.00722876,26,5,11.869,2.071736942936,5.905512,7.7621818,56.668965068,0,0,0.223694,28.9, 0.8, -0.5,,,0,0,1024,1024,364,1024,0,0,-100,0,27,0,0,89,3.963,3.95,3.955,0,0,0,6.746,84.56,-4.161859057064,-0.328084,33,Confirm_Landing,
100000,2026-05-28 07:45:27,51.9888177918858,4.3899696616608,-0.328084,,,-4.161859057064,0,0,2.58896989912,341.02035212,26,5,11.869,2.071736942936,5.905512,7.7621818,56.668965068,0,0,0,28.8, 0, -0.2,,,0,0,1024,1024,364,1024,0,0,-100,0,26.9,0,0,89,3.963,3.95,3.955,0,0,0,6.746,84.56,-4.161859057064,-0.328084,33,Confirm_Landing,
100100,2026-05-28 07:45:27,51.9888177692422,4.38996964402235,-0.328084,,,-4.161859057064,0,0,2.5932743612,341.03019464,25,5,11.869,2.071736942936,5.905512,7.7621818,56.668965068,0,0,0,29.2, 1.3, 0,,,0,0,1024,1024,364,1024,0,0,-100,0,27,0,0,89,3.963,3.95,3.955,0,0,0,6.746,84.56,-4.161859057064,-0.328084,33,Confirm_Landing,
100200,2026-05-28 07:45:27,51.9888177889811,4.38996977483182,-0.328084,,,-4.161859057064,0,0,2.60500664504,341.0597222,25,5,11.869,2.071736942936,5.905512,7.7621818,56.668965068,0,0,0,29.2, 1.4, 0,,,0,0,1024,1024,364,1024,0,0,-100,0,27,0,0,89,3.963,3.95,3.955,0,0,0,6.746,84.56,-4.161859057064,-0.328084,33,Confirm_Landing,
100300,2026-05-28 07:45:28,51.9888177636067,4.38996976998166,-0.328084,,,-4.161859057064,0,0,2.61176517544,341.06956472,25,5,11.869,2.071736942936,5.905512,7.7621818,56.668965068,0,0,0,29.2, 1.4, 0,,,0,0,1024,1024,364,1024,0,0,-100,0,27,0,0,89,3.963,3.95,3.955,0,0,0,6.746,84.56,-4.161859057064,-0.328084,33,Confirm_Landing,
100400,2026-05-28 07:45:28,51.9888177045538,4.38996991127332,-0.328084,,,-4.161859057064,0,0,2.64805126584,341.1089348,25,5,11.869,2.071736942936,5.905512,7.7621818,56.668965068,0,0,0,29.2, 1.4, 0,,,0,0,1024,1024,364,1024,0,0,-100,0,27,0,0,89,3.963,3.95,3.955,0,0,0,6.746,84.56,-4.161859057064,-0.328084,33,Confirm_Landing,
100500,2026-05-28 07:45:28,51.988817676936,4.38996992118962,-0.328084,,,-4.161859057064,0,0,2.65744102992,341.11877732,25,5,11.869,2.071736942936,5.905512,7.7621818,56.668965068,0,0,0,29.2, 1.4, 0,,,0,0,1024,1024,1024,1024,0,0,0,0,27,0,0,89,3.963,3.95,3.955,0,0,0,6.746,84.56,-4.161859057064,-0.328084,33,Confirm_Landing,
100600,2026-05-28 07:45:28,51.9888177346807,4.38997007219692,-0.328084,,,-4.161859057064,0,0,2.66127633188,341.1581474,25,5,11.901,2.071736942936,5.905512,7.7621818,56.668965068,0,0,0,29.2, 1.4, 0,,,0,0,1024,1024,1024,1024,0,0,0,0,27,0,0,89,3.985,3.973,3.99,0,0,0,5.957,84.56,-4.161859057064,-0.328084,33,Confirm_Landing,
100700,2026-05-28 07:45:28,51.9888177128311,4.38997009997337,-0.328084,,,-4.161859057064,0,0,2.67140100412,341.16798992,26,5,11.901,2.071736942936,5.905512,7.7621818,56.668965068,0,0,0,29.2, 1.4, 0,,,0,0,1024,1024,1024,1024,0,0,0,0,27,0,0,89,3.985,3.973,3.99,0,0,0,5.957,84.56,-4.161859057064,-0.328084,33,Confirm_Landing,
100800,2026-05-28 07:45:28,51.9888176044404,4.38997007057894,-0.328084,,,-4.161859057064,0,0,2.69877305224,341.20736,26,5,11.901,2.071736942936,5.905512,7.7621818,56.668965068,0,0,0,29.3, 1.4, 0,,,0,0,1024,1024,1024,1024,0,0,0,0,27,0,0,89,3.985,3.973,3.99,0,0,0,5.957,84.56,-4.161859057064,-0.328084,33,Confirm_Landing,
100900,2026-05-28 07:45:28,51.988817574352,4.38997009720561,-0.328084,,,-4.161859057064,0,0,2.71113525736,341.22048336,26,5,11.901,2.071736942936,5.905512,7.7621818,56.668965068,0,0,0,29.3, 1.4, 0,,,0,0,1024,1024,1024,1024,0,0,0,0,27,0,0,89,3.985,3.973,3.99,0,0,0,5.957,84.56,-4.161859057064,-0.328084,33,Confirm_Landing,
101000,2026-05-28 07:45:28,51.9888176315137,4.38997021962286,-0.328084,,,-4.161859057064,0,0,2.71132226524,341.2565726,26,5,11.901,2.071736942936,5.905512,7.7621818,56.668965068,0,0,0,29.3, 1.4, 0,,,0,0,1024,1024,1024,1024,0,0,0,0,27,0,0,89,3.985,3.973,3.99,0,0,0,5.957,84.56,-4.161859057064,-0.328084,33,Confirm_Landing,
101100,2026-05-28 07:45:28,51.9888176088508,4.38997026003358,-0.328084,,,-4.161859057064,0,0,2.72342200316,341.26641512,26,5,11.901,2.071736942936,5.905512,7.7621818,56.668965068,0,0,0,29.3, 1.4, 0,,,0,0,1024,1024,1024,1024,0,0,0,0,27,0,0,89,3.985,3.973,3.99,0,0,0,5.957,84.56,-4.161859057064,-0.328084,33,Confirm_Landing,
101200,2026-05-28 07:45:28,51.9888176550928,4.38997035912351,-0.328084,,,-4.161859057064,0,0,2.72392397168,341.29594268,26,5,11.901,2.071736942936,5.905512,7.7621818,56.668965068,0,0,0,29.3, 1.4, 0,,,0,0,1024,1024,1024,1024,0,0,0,0,27,0,0,89,3.985,3.973,3.99,0,0,0,5.957,84.56,-4.161859057064,-0.328084,33,Confirm_Landing,
101300,2026-05-28 07:45:29,51.9888176390216,4.38997040947834,-0.328084,,,-4.161859057064,0,0,2.73555783032,341.30906604,26,5,11.901,2.071736942936,5.905512,7.7621818,56.668965068,0,0,0,29.3, 1.4, 0,,,0,0,1024,1024,1024,1024,0,0,0,0,27,0,0,89,3.985,3.973,3.99,0,0,0,5.957,84.56,-4.161859057064,-0.328084,33,Confirm_Landing,
101400,2026-05-28 07:45:29,51.9888176760487,4.38997033436383,-0.328084,,,-4.161859057064,0,0,2.71447843332,341.32875108,26,5,11.901,2.071736942936,5.905512,7.7621818,56.668965068,0,0,0,29.3, 1.4, 0,,,0,0,1024,1024,1024,1024,0,0,0,0,27,0,0,89,3.985,3.973,3.99,0,0,0,5.957,84.56,-4.161859057064,-0.328084,33,Confirm_Landing,
101500,2026-05-28 07:45:29,51.9888176664258,4.38997037800487,-0.328084,,,-4.161859057064,0,0,2.72333342048,341.3385936,26,5,11.901,2.071736942936,5.905512,7.7621818,56.668965068,0,0,0,29.3, 1.4, 0,,,0,0,1024,1024,1024,1024,0,0,0,0,27,0,0,89,3.985,3.973,3.99,0,0,0,5.957,84.56,-4.161859057064,-0.328084,33,Confirm_Landing,
101600,2026-05-28 07:45:29,51.9888175429952,4.38997030937742,-0.328084,,,-4.161859057064,0,0,2.74919956304,341.3878062,26,5,12.008,2.071736942936,5.905512,7.7621818,56.668965068,0,0,0,29.3, 1.3, 0,,,0,0,1024,1024,1024,1024,0,0,0,0,27,0,0,89,4.009,3.999,4.003,0,0,0,2.089,84.56,-4.161859057064,-0.328084,33,Confirm_Landing,
101700,2026-05-28 07:45:29,51.9888175250628,4.38997034672573,-0.328084,,,-4.161859057064,0,0,2.75951124316,341.39764872,26,5,12.008,2.071736942936,5.905512,7.7621818,56.668965068,0,0,0,29.3, 1.4, 0,,,0,0,1024,1024,1024,1024,0,0,0,0,27,0,0,89,4.009,3.999,4.003,0,0,0,2.089,84.56,-4.161859057064,-0.328084,33,Confirm_Landing,
101800,2026-05-28 07:45:29,51.9888175690881,4.38997044052445,0,,,-3.833775057064,0,0,2.75987213556,341.42389544,26,5,12.008,2.071736942936,5.905512,7.7621818,56.668965068,0,0,0,29.3, 1.4, 0,,,0,0,1024,1024,1024,1024,0,0,0,0,27,0,0,89,4.009,3.999,4.003,0,0,0,2.089,84.56,-3.833775057064,0,38,Tripod,
