block,x_position_m,y_position_m,range_m,radial_velocity_mps,angle_deg
2,1.1803765279283742,1.2223156763566925,1.69921875,0.43272000177242115,44.0
5,1.7705647918925613,1.8334735145350387,2.548828125,0.43272000177242115,44.0
20,2.2073499061302586,1.2744140625000002,2.548828125,-0.43272000177242115,60.0
21,-1.0591683388752287,1.9107902642024188,2.1847098214285716,-0.18545142933103764,-29.0
69,1.586357365337042,0.6089455392664284,1.69921875,0.0,69.0
90,0.08896636875255852,5.096879852262073,5.09765625,-0.8654400035448423,1.0
99,2.1897947490333447,0.9295127236326863,2.37890625,-0.12981600053172637,67.0
100,-0.8237975969029555,1.4861702054907702,1.69921875,-9.25185853854297e-18,-29.0
104,-0.7025522448069998,2.4500908460927855,2.548828125,0.21636000088621057,-16.0
106,-1.5954697641551758,3.0006422101065096,3.3984375,0.21636000088621057,-28.0
107,-1.1966023231163818,2.2504816575798823,2.548828125,-0.43272000177242115,-28.0
150,1.1355112442049022,0.578571877109481,1.2744140625,-0.2163600008862106,63.0
151,1.1975574903570414,0.4358752803124979,1.2744140625,-0.2163600008862106,70.0
152,-0.3455672651132287,0.7761567853018191,0.849609375,-0.43272000177242115,-24.0
153,-0.1422378097438805,2.034095446232923,2.0390625,-0.4759920019496633,-4.0
154,-0.0,0.0,0.0,0.6490800026586317,-4.0
154,-0.8751623538510686,1.4565147492399175,1.69921875,-0.7031700028801844,-31.0
155,-0.0,0.0,0.0,0.6490800026586317,-5.0
155,-0.17277945095483016,1.974878161256097,1.982421875,-0.6130200025109299,-5.0
156,-1.200598333028355,1.9213589678544025,2.265625,-0.36060000147701765,-32.0
157,-0.6563717653883014,1.0923860619299381,1.2744140625,-0.2163600008862106,-31.0
158,-0.6178481976772167,1.1146276541180775,1.2744140625,-0.2163600008862106,-29.0
159,-0.518350897669843,1.1642351779527287,1.2744140625,-0.2163600008862106,-24.0
160,-0.5385906558316531,1.155011388752762,1.2744140625,-0.2163600008862106,-25.0
161,-0.9004487497712661,1.441019225890802,1.69921875,-0.43272000177242115,-32.0
162,-0.22214500837049592,2.539129064472125,2.548828125,-0.43272000177242115,-5.0
165,-0.1844038374854989,0.5355476307105506,0.56640625,-0.14424000059080705,-19.0
167,-0.9004487497712661,1.441019225890802,1.69921875,-0.43272000177242115,-32.0
169,1.1588644008874487,1.2427299226731998,1.69921875,0.6490800026586317,43.0
170,1.2250454230463927,0.3512761224034999,1.2744140625,0.21636000088621057,74.0
171,0.907441054108439,0.2602045351137036,0.9440104166666666,0.26444000108314625,74.0
172,-1.2309894563547208,0.3298426307214742,1.2744140625,0.21636000088621057,-75.0
173,1.1897680240027815,0.4567091544498213,1.2744140625,0.21636000088621057,69.0
174,1.2876207785759841,0.7434082031250001,1.48681640625,0.45976500188319747,60.0
175,-0.0,0.0,0.0,-0.6490800026586317,-65.0
175,1.6333938973951903,0.46836816320466657,1.69921875,0.5409000022155265,74.0
176,-0.0,0.0,0.0,-0.8654400035448423,-61.0
176,1.5272476958599128,0.7448884720830027,1.69921875,0.8654400035448422,64.0
177,-0.0,0.0,0.0,-0.9736200039879475,-52.0
177,1.3919185127566853,0.974631835205879,1.69921875,0.9736200039879476,55.0
178,-0.0,0.0,0.0,-0.8654400035448423,-49.0
178,-1.1049199187395828,0.994874363458361,1.48681640625,0.8924850036556187,-48.0
179,-0.0,0.0,0.0,-0.8654400035448423,-46.0
179,-1.2223156763566925,1.1803765279283742,1.69921875,0.8654400035448423,-46.0
180,-0.0,0.0,0.0,-0.8654400035448423,-44.0
180,-1.1588644008874487,1.2427299226731998,1.69921875,0.9736200039879476,-43.0
181,-1.0922367586470492,1.3016770810810758,1.69921875,0.8173600033479066,-40.0
182,-0.0,0.0,0.0,-0.8654400035448423,-38.0
182,-1.0922367586470492,1.3016770810810758,1.69921875,0.8654400035448422,-40.0
183,-0.7281578390980328,0.8677847207207173,1.1328125,0.432720001772422,-40.0
183,-1.0922367586470492,1.3016770810810758,1.69921875,0.8654400035448422,-40.0
184,-0.49938786083442543,0.6873484229552776,0.849609375,-6.923520028358739,-36.0
184,-0.9987757216688509,1.3746968459105553,1.69921875,1.019982861320707,-36.0
185,-0.49938786083442543,0.6873484229552776,0.849609375,4.110840016838001,-36.0
185,-0.9987757216688509,1.3746968459105553,1.69921875,1.3522500055388162,-36.0
186,-0.3329252405562836,0.45823228197018506,0.56640625,-1.6227000066465795,-36.0
186,-0.9501910664444332,1.4087161877400123,1.69921875,1.514520006203474,-34.0
187,-0.3898527340823516,0.5567674051026741,0.6796875,-1.7308800070896848,-35.0
187,-0.9501910664444332,1.4087161877400123,1.69921875,1.7308800070896848,-34.0
188,-0.0,0.0,0.0,-1.6767900068681318,-34.0
188,-1.0130048434926744,1.6211466291271521,1.91162109375,1.4874750060926978,-32.0
189,-0.0,0.0,0.0,-1.514520006203474,-36.0
189,-1.0689649497499873,1.5848057112075138,1.91162109375,1.4874750060926978,-34.0
190,-0.0,0.0,0.0,-1.2981600053172635,-34.0
190,-1.0130048434926744,1.6211466291271521,1.91162109375,1.2711150052064872,-32.0
191,-0.0,0.0,0.0,-1.2981600053172635,-34.0
191,-1.3506731246568993,2.161528838836203,2.548828125,1.1539200047264564,-32.0
192,-0.0,0.0,0.0,-1.2981600053172635,-32.0
192,-0.8496093749999999,1.4715666040868391,1.69921875,1.2981600053172635,-30.0
193,-0.0,0.0,0.0,-1.2981600053172635,-33.0
193,-1.0195312499999998,1.765879924904207,2.0390625,1.125072004608295,-30.0
194,-1.000185547258364,1.66458828484562,1.9419642857142858,1.0818000044310527,-31.0
195,-0.0,0.0,0.0,-1.6227000066465793,-32.0
195,-1.2356963953544333,2.229255308236155,2.548828125,1.4279760058489899,-29.0
196,-0.0,0.0,0.0,-1.7308800070896846,-31.0
196,-1.1966023231163818,2.2504816575798823,2.548828125,1.6010640065579582,-28.0
197,-0.0,0.0,0.0,-1.5145200062034743,-31.0
197,-1.157143754218962,2.271022488409805,2.548828125,1.5866400064988777,-27.0
198,-0.0,0.0,0.0,-1.5145200062034743,-31.0
198,-1.2857152824655134,2.5233583204553387,2.83203125,1.4183600058096026,-27.0
199,-0.0,0.0,0.0,-1.5145200062034743,-30.0
199,-1.0771813116633062,2.310022777505524,2.548828125,1.3522500055388162,-25.0
200,-1.4362417488844084,3.080030370007365,3.3984375,-13.630680055831265,-25.0
200,-1.4362417488844084,3.080030370007365,3.3984375,1.2981600053172635,-25.0
201,-1.2440421544076232,2.7941644270865487,3.05859375,1.384704005671748,-24.0
202,-1.3822690604529149,3.1046271412072763,3.3984375,-12.981600053172636,-24.0
202,-1.3822690604529149,3.1046271412072763,3.3984375,1.2440700050957108,-24.0
203,-1.3278753194752664,3.1282782129047777,3.3984375,-0.32454000132931426,-23.0
203,-1.1950877875277397,2.8154503916143,3.05859375,1.1899800048741582,-23.0
204,-1.3278753194752664,3.1282782129047777,3.3984375,12.981600053172636,-23.0
204,-1.3278753194752664,3.1282782129047777,3.3984375,1.3290685768724366,-23.0
205,-0.0,0.0,0.0,-1.5145200062034743,-28.0
205,-1.0449550790844937,3.0347699073597862,3.2096354166666665,1.4424000059080706,-19.0
206,-0.0,0.0,0.0,-1.6227000066465793,-27.0
206,-1.1064230249129934,3.213285784263303,3.3984375,1.5577920063807162,-19.0
207,-0.0,0.0,0.0,-1.5145200062034743,-27.0
207,-1.0501749418211104,3.232106129596811,3.3984375,1.6227000066465795,-18.0
208,-1.1158108756849296,3.4341127626966115,3.61083984375,1.4874750060926978,-18.0
209,-0.9936069652686758,3.2499419440931283,3.3984375,1.189980004874158,-17.0
210,-1.1755744639700556,3.4141161457797597,3.61083984375,1.2981600053172635,-19.0
211,-0.9952823468099165,3.4709620319647794,3.61083984375,1.0818000044310527,-16.0
212,-0.9952823468099165,3.4709620319647794,3.61083984375,1.1088450045418292,-16.0
213,-0.9396073623737096,3.768559294018379,3.8839285714285716,1.1127085759862259,-14.0
214,-0.9396073623737096,3.768559294018379,3.8839285714285716,1.2981600053172635,-14.0
215,-0.959182515756495,3.8470709459770953,3.96484375,1.394320005711135,-14.0
216,-0.9396073623737096,3.768559294018379,3.8839285714285716,1.4527028630931282,-14.0
217,-0.955602623433411,4.1391697088044666,4.248046875,1.4604300059819213,-13.0
218,-1.0193094649956382,4.415114356058097,4.53125,1.202000004923392,-13.0
219,-1.2332346631154938,4.946234073399123,5.09765625,-11.142540045639844,-14.0
219,-1.1818498854856814,4.740140987007493,4.88525390625,1.2711150052064872,-14.0
220,-0.9078334233149671,4.670398083747089,4.7578125,1.1899800048741582,-11.0
221,-0.9078334233149671,4.670398083747089,4.7578125,1.1899800048741582,-11.0
222,-0.9726786678374647,5.0039979468718805,5.09765625,-0.7031700028801846,-11.0
222,-0.8646032602999686,4.4479981749972275,4.53125,-13.414320054945057,-11.0
222,-0.9078334233149671,4.670398083747089,4.7578125,0.9736200039879478,-11.0
223,-1.9149889985125443,4.10670716000982,4.53125,0.9856400040371815,-25.0
224,-0.6798959351100853,4.8377109510544,4.88525390625,1.3252050054280398,-8.0
225,-0.7974491284277394,5.034895642486933,5.09765625,1.514520006203474,-9.0
226,-0.687957942245778,4.895075112529353,4.943181818181818,1.652203643131063,-8.0
227,-0.0,0.0,0.0,-1.5145200062034743,-4.0
227,-0.7679139755230083,4.848418026098528,4.908854166666667,1.6587600067942811,-9.0
228,-0.35559452435970124,5.085238615582307,5.09765625,1.4712480060262318,-4.0
229,-0.44429001674099183,5.07825812894425,5.09765625,1.2981600053172635,-5.0
230,-0.5328501740792492,5.069730755685924,5.09765625,-13.630680055831265,-6.0
230,-0.5328501740792492,5.069730755685924,5.09765625,1.3414320054945057,-6.0
231,-0.5328501740792492,5.069730755685924,5.09765625,-4.399320018019615,-6.0
231,-0.5489971490513476,5.223358960403679,5.252130681818182,1.1998145503689859,-6.0
232,-0.6212480200926463,5.0596590933278325,5.09765625,12.981600053172636,-7.0
232,-0.6400737176712114,5.212982096155948,5.252130681818182,1.003123640472431,-7.0
233,-0.6212480200926463,5.0596590933278325,5.09765625,1.081800004431053,-7.0
234,-0.6626645547654894,5.396969699549688,5.4375,1.4063400057603688,-7.0
235,-0.3704109628746888,5.297123557898236,5.31005859375,1.4874750060926978,-4.0
236,-0.6400737176712114,5.212982096155948,5.252130681818182,1.5931963701620964,-7.0
237,-0.9303573164990293,5.874044916234755,5.947265625,1.6227000066465793,-9.0
238,-0.41486027841965145,5.932778384846025,5.947265625,1.3847040056717477,-4.0
239,-0.5923866889879891,6.771010838592333,6.796875,-12.116160049627794,-5.0
239,-0.5289166865964189,6.045545391600298,6.068638392857143,1.2672514337620906,-5.0
240,-0.311255833515164,5.939115104155619,5.947265625,-0.32454000132931426,-3.0
240,-0.311255833515164,5.939115104155619,5.947265625,1.2981600053172635,-3.0
241,-0.311255833515164,5.939115104155619,5.947265625,1.1358900046526055,-3.0
242,-0.47412603247960167,6.780318154109743,6.796875,10.818000044310528,-4.0
242,-0.4402598873024873,6.296009714530475,6.311383928571429,1.1127085759862259,-4.0
243,-0.47412603247960167,6.780318154109743,6.796875,-8.54622003500532,-4.0
243,-0.4504197308556216,6.4413022464042555,6.45703125,1.125072004608295,-4.0
244,-0.33348839305196143,6.363337611595307,6.3720703125,1.2440700050957108,-3.0
245,-0.33793490495932094,6.448182113083244,6.45703125,1.4063400057603688,-3.0
246,-0.4504197308556216,6.4413022464042555,6.45703125,1.6227000066465795,-4.0
247,-0.5553625209262397,6.347822661180312,6.3720703125,1.4604300059819213,-5.0
248,-0.4593095939646141,6.568433211793813,6.58447265625,1.4874750060926978,-4.0
249,-0.3476363854844689,6.633297389056926,6.642400568181818,1.160476368389675,-3.0
250,-0.47412603247960167,6.780318154109743,6.796875,-4.327200017724211,-4.0
250,-0.47412603247960167,6.780318154109743,6.796875,1.1899800048741582,-4.0
251,-0.47412603247960167,6.780318154109743,6.796875,-9.087120037220846,-4.0
251,-0.47412603247960167,6.780318154109743,6.796875,1.1683440047855371,-4.0
252,-0.35572095258875885,6.787560119034994,6.796875,1.0818000044310532,-3.0
253,-0.48729620004847946,6.968660325057235,6.985677083333333,1.22604000502186,-4.0
254,-0.3735070002181968,7.126938124986744,7.13671875,1.1683440047855371,-3.0
255,-0.35572095258875885,6.787560119034994,6.796875,12.981600053172636,-3.0
255,-0.3656020901606688,6.9761034556748545,6.985677083333333,1.370280005612667,-3.0
256,-0.35572095258875885,6.787560119034994,6.796875,-13.630680055831265,-3.0
256,-0.3811295920593845,7.2723858418232075,7.282366071428571,1.514520006203474,-3.0
257,-0.24906789248230185,7.1323712537651875,7.13671875,1.4063400057603688,-2.0
258,-0.24462025154511788,7.0050074813765235,7.00927734375,1.3252050054280398,-2.0
259,-0.24906789248230185,7.1323712537651875,7.13671875,1.1899800048741582,-2.0
260,-0.11862182500341137,6.795839803016097,6.796875,-1.1899800048741573,-1.0
260,-0.11862182500341137,6.795839803016097,6.796875,1.189980004874158,-1.0
261,-0.1334495531288378,7.645319778393109,7.646484375,1.2116160049627793,-1.0
262,-0.1334495531288378,7.645319778393109,7.646484375,1.1358900046526055,-1.0
263,-0.1334495531288378,7.645319778393109,7.646484375,1.2260400050218598,-1.0
264,0.0,8.49609375,8.49609375,-12.548880051400214,0.0
264,0.0,8.010602678571429,8.010602678571429,1.2981600053172635,0.0
265,-0.14234619000409365,8.155007763619317,8.15625,1.0168920041651899,-1.0
266,-0.7111890487194025,10.170477231164615,10.1953125,5.192640021269054,-4.0
266,-0.5778411020845146,8.263512750321249,8.28369140625,1.5415650063142503,-4.0
267,-0.14234619000409365,8.155007763619317,8.15625,1.6227000066465795,-1.0
268,0.0,8.49609375,8.49609375,1.5145200062034743,0.0
269,-0.2899202981275471,8.302231089038841,8.307291666666666,1.370280005612667,-2.0
270,-0.4446511907359486,8.484450148793742,8.49609375,1.3792950056495925,-3.0
271,-0.7404833612349864,8.463763548240417,8.49609375,1.1629350047633817,-5.0
272,-0.43353491096754987,8.272338895073899,8.28369140625,1.0818000044310527,-3.0
273,-0.5794873730306243,8.287055521689684,8.307291666666666,1.370280005612667,-4.0
274,-0.7404833612349864,8.463763548240417,8.49609375,1.4712480060262318,-5.0
275,-0.4545323283078586,8.672993485433604,8.684895833333334,1.4424000059080706,-3.0
276,-0.30190047573612344,8.645298489412347,8.650568181818182,1.652203643131063,-2.0
277,-0.30836977164475465,8.830554885614042,8.8359375,1.6227000066465795,-2.0
278,-0.16098676250462973,9.222925446950418,9.224330357142858,1.4836114346483011,-1.0
279,-0.15675026875450787,8.980216882556984,8.981584821428571,1.2981600053172635,-1.0
280,-0.15675026875450787,8.980216882556984,8.981584821428571,1.2981600053172635,-1.0
281,-0.671678546012769,9.605450718322135,9.62890625,0.7933200032494387,-4.0
282,-0.16310500937969064,9.344279729147134,9.345703125,1.2116160049627793,-1.0
283,-0.16310500937969064,9.344279729147134,9.345703125,1.2116160049627793,-1.0
284,-0.5081727894125126,9.696514455764277,9.709821428571429,1.0818000044310527,-3.0
285,0.0,9.345703125,9.345703125,1.2260400050218598,0.0
286,0.0,9.345703125,9.345703125,1.3847040056717477,0.0
287,-0.17422580547376046,9.981389710679892,9.98291015625,1.3252050054280398,-1.0
288,-0.17793273750511704,10.193759704524146,10.1953125,-9.519840038993266,-1.0
288,-0.1694597500048734,9.708342575737282,9.709821428571429,1.3290685768724366,-1.0
289,-0.17793273750511704,10.193759704524146,10.1953125,1.3522500055388162,-1.0
290,-0.17793273750511704,10.193759704524146,10.1953125,1.0818000044310532,-1.0
291,0.0,10.1953125,10.1953125,-13.197960054058845,0.0
291,0.0,10.040838068181818,10.040838068181818,1.160476368389675,0.0
292,-0.1752367869368577,10.039308799910144,10.040838068181818,1.160476368389675,-1.0
293,-0.17793273750511704,10.193759704524146,10.1953125,1.1250720046082952,-1.0
294,-0.17793273750511704,10.193759704524146,10.1953125,1.0818000044310532,-1.0
295,-0.17793273750511704,10.193759704524146,10.1953125,1.081800004431053,-1.0
296,-0.17793273750511704,10.193759704524146,10.1953125,1.3599771484276093,-1.0
297,-0.17793273750511704,10.193759704524146,10.1953125,1.2981600053172635,-1.0
298,0.0,10.1953125,10.1953125,-3.6781200150655797,0.0
298,0.0,10.384114583333334,10.384114583333334,1.4424000059080706,0.0
299,0.0,10.1953125,10.1953125,1.2981600053172635,0.0
300,-0.17793273750511704,10.193759704524146,10.1953125,1.189980004874158,-1.0
301,-0.3656949215017924,10.472132396401268,10.478515625,0.901500003692544,-2.0
302,-0.35581127497471693,10.189101791093124,10.1953125,0.8654400035448422,-2.0
303,-0.3854622145559433,11.038193607017552,11.044921875,8.438040034562212,-2.0
303,-0.3706367447653301,10.613647699055338,10.6201171875,0.7031700028801844,-2.0
304,-0.18122778819965626,10.382533032385703,10.384114583333334,0.8173600033479066,-1.0
305,-0.18781788958873466,10.76007968810882,10.76171875,1.0337200042341173,-1.0
306,-0.19276046563054347,11.043239679901157,11.044921875,1.1683440047855371,-1.0
307,-0.19276046563054347,11.043239679901157,11.044921875,1.2981600053172635,-1.0
308,-1.5765702843132412,11.217880466213101,11.328125,1.1779600048249241,-8.0
309,-0.19276046563054347,11.043239679901157,11.044921875,1.2116160049627793,-1.0
310,0.0,11.044921875,11.044921875,1.2981600053172635,0.0
311,-0.5829871167426881,11.124056861751795,11.139322916666666,0.9616000039387137,-3.0
312,-0.20429314306143068,11.703946327416611,11.705729166666666,1.1298800046279884,-1.0
313,0.0,11.328125,11.328125,0.9856400040371815,0.0
314,-0.40522950761009424,11.604254817633837,11.611328125,0.9015000036925439,-2.0
315,-0.20165710250579932,11.552927665127365,11.5546875,0.9087120037220844,-1.0
316,-0.20489224318771054,11.738268750664167,11.740056818181818,0.9441163675034644,-1.0
317,-0.20489224318771054,11.738268750664167,11.740056818181818,1.160476368389675,-1.0
318,-0.2026456177141611,11.609559663485832,11.611328125,1.3342200054649653,-1.0
319,0.0,11.89453125,11.89453125,1.2711150052064872,0.0
320,0.0,11.89453125,11.89453125,1.3414320054945057,0.0
321,0.0,11.89453125,11.89453125,1.1899800048741582,0.0
322,0.0,11.89453125,11.89453125,0.9736200039879476,0.0
323,0.0,11.89453125,11.89453125,0.9736200039879476,0.0
324,0.0,11.89453125,11.89453125,0.8654400035448422,0.0
325,0.0,12.137276785714286,12.137276785714286,0.9581657182103609,0.0
326,0.0,11.89453125,11.89453125,0.9736200039879476,0.0
327,0.0,12.380022321428571,12.380022321428571,1.0818000044310527,0.0
328,0.0,12.4609375,12.4609375,1.1779600048249241,0.0
329,0.0,12.234375,12.234375,1.3630680055831266,0.0
330,0.0,12.234375,12.234375,1.1899800048741582,0.0
331,-0.4269735299696603,12.22692214931175,12.234375,1.3630680055831266,-2.0
332,-0.2174733458395875,12.459039638862844,12.4609375,1.394320005711135,-1.0
333,-0.2224159218813963,12.742199630655183,12.744140625,1.0818000044310527,-1.0
334,-0.2202976750063354,12.620845348458467,12.622767857142858,1.0508914328758798,-1.0
335,0.0,12.744140625,12.744140625,1.0818000044310527,0.0
336,0.22453416875645724,12.863553912851897,12.865513392857142,1.0508914328758798,1.0
337,0.22877066250657907,13.10626247724533,13.108258928571429,0.8345314319896693,1.0
338,0.0,13.1689453125,13.1689453125,1.0818000044310527,0.0
339,0.0,13.59375,13.59375,1.3647323132822513,0.0
340,0.0,13.25390625,13.25390625,1.4063400057603688,0.0
341,0.23724365000682274,13.591679606032194,13.59375,1.3414320054945057,1.0
342,0.23724365000682274,13.591679606032194,13.59375,1.514520006203474,1.0
343,0.23724365000682274,13.591679606032194,13.59375,1.1899800048741582,1.0
344,0.23724365000682274,13.591679606032194,13.59375,1.0385280042538108,1.0
345,0.23724365000682274,13.591679606032194,13.59375,1.0818000044310532,1.0
346,0.2339485993122835,13.402906278170635,13.404947916666666,1.22604000502186,1.0
347,0.23724365000682274,13.591679606032194,13.59375,0.9736200039879477,1.0
348,0.23724365000682274,13.591679606032194,13.59375,0.9952560040765686,1.0
349,0.24053870070136196,13.780452933893752,13.782552083333334,1.1539200047264564,1.0
350,0.24095058203817935,13.804049599876446,13.80615234375,1.4874750060926978,1.0
351,0.47441503329962253,13.585469054790833,13.59375,1.2981600053172635,2.0
352,0.0,13.93359375,13.93359375,1.4063400057603688,0.0
353,0.24095058203817935,13.804049599876446,13.80615234375,1.8120150074220134,1.0
354,0.24095058203817935,13.804049599876446,13.80615234375,1.2711150052064872,1.0
355,0.2457166375070664,14.077096734819058,14.079241071428571,1.0818000044310527,1.0
356,0.23724365000682274,13.591679606032194,13.59375,1.0385280042538108,1.0
357,0.24465751406953595,14.0164195937207,14.0185546875,1.1358900046526055,1.0
358,0.24712880209044036,14.15799958961687,14.16015625,1.1779600048249241,1.0
359,0.24712880209044036,14.15799958961687,14.16015625,1.2741200052187955,1.0
360,0.25207137813224917,14.441159581409206,14.443359375,1.2981600053172635,1.0
361,0.257013954174058,14.724319573201543,14.7265625,1.202000004923392,1.0
362,0.2668991062576756,15.290639556786218,15.29296875,1.2981600053172635,1.0
363,0.26319217422631896,15.078269562941966,15.08056640625,1.4063400057603688,1.0
364,0.2668991062576756,15.290639556786218,15.29296875,1.2588218233379525,1.0
365,0.25842611875743193,14.805222427999354,14.807477678571429,1.0818000044310527,1.0
366,0.2619565302158668,15.007479564993881,15.009765625,1.0818000044310527,1.0
367,0.2668991062576756,15.290639556786218,15.29296875,0.9272571466551881,1.0
368,0.26319217422631896,15.078269562941966,15.08056640625,1.0547550043202765,1.0
369,0.2668991062576756,15.290639556786218,15.29296875,1.2363428622069175,1.0
370,0.5337169124620754,15.283652686639687,15.29296875,1.0818000044310532,2.0
371,0.2668991062576756,15.290639556786218,15.29296875,1.2981600053172635,1.0
372,0.26959505682593493,15.44509046140022,15.447443181818182,1.3768363692758856,1.0
373,0.5386587357256131,15.425167989293758,15.4345703125,1.4784600060557722,2.0
374,0.2706060382890322,15.503009550630471,15.50537109375,1.1088450045418292,1.0
375,0.2668991062576756,15.290639556786218,15.29296875,1.019982861320707,1.0
376,0.27537209375791927,15.776056685573081,15.778459821428571,1.0508914328758798,1.0
377,0.27019415695221477,15.479412884647777,15.481770833333334,1.0096800041356493,1.0
378,0.2718416822994844,15.573799548578556,15.576171875,0.757260003101737,1.0
379,0.2706060382890322,15.503009550630471,15.50537109375,0.8654400035448423,1.0
380,0.27678425834129317,15.856959540370893,15.859375,0.9856400040371815,1.0
381,0.5337169124620754,15.283652686639687,15.29296875,0.9736200039879476,2.0
382,0.27537209375791927,15.776056685573081,15.778459821428571,1.0818000044310527,1.0
383,0.5633678520433018,16.132744502564115,16.142578125,1.1683440047855371,2.0
384,0.5633678520433018,16.132744502564115,16.142578125,1.2981600053172635,2.0
385,0.6048791674570188,17.321473044858312,17.33203125,1.0385280042538108,2.0
386,0.2846923800081873,16.310015527238633,16.3125,0.9303480038107054,1.0
387,0.5811584157920376,16.64219959211877,16.65234375,0.800532003278979,2.0
388,0.5856060567292216,16.769563364507434,16.77978515625,0.8924850036556187,2.0
389,0.8670698219350997,16.544677790147798,16.5673828125,0.7843050032125133,3.0
390,0.8638937420012714,16.48407457479927,16.506696428571427,0.8963485751000151,3.0
391,0.8781861017034984,16.75678904386764,16.77978515625,0.8924850036556187,3.0
392,0.8670698219350997,16.544677790147798,16.5673828125,0.9465750038771712,3.0
393,0.8781861017034984,16.75678904386764,16.77978515625,1.0547550043202767,3.0
394,0.8715163338424593,16.629522291635734,16.65234375,1.1467080046969162,3.0
395,0.8715163338424593,16.629522291635734,16.65234375,1.2116160049627793,3.0
396,0.5930187916245282,16.98183631848854,16.9921875,1.2194836413586416,2.0
397,0.5876277117006687,16.827455988320462,16.837713068181817,0.7277563666172536,2.0
398,0.8781861017034984,16.75678904386764,16.77978515625,0.8383950034340659,3.0
399,0.8893023814718972,16.968900297587485,16.9921875,0.494537144882767,3.0
400,0.8670698219350997,16.544677790147798,16.5673828125,0.5138550021047501,3.0
401,0.7116225499494339,20.37820358218625,20.390625,3.6781200150655797,2.0
401,0.8893023814718972,16.968900297587485,16.9921875,0.43272000177242115,3.0
402,0.8893023814718972,16.968900297587485,16.9921875,0.6220350025478555,3.0
403,0.8893023814718972,16.968900297587485,16.9921875,0.494537144882767,3.0
403,0.0,20.390625,20.390625,4.110840016838001,0.0
404,1.481643851498755,21.188494231592944,21.240234375,4.327200017724211,4.0
404,1.185315081199004,16.950795385274358,16.9921875,0.4327200017724212,4.0
405,1.185315081199004,16.950795385274358,16.9921875,0.6490800026586316,4.0
405,0.0,21.5234375,21.5234375,4.471440018315019,0.0
406,0.7709244291118866,22.076387214035105,22.08984375,4.543560018610423,2.0
406,1.185315081199004,16.950795385274358,16.9921875,0.9736200039879477,4.0
407,1.2050703325523209,17.233308641695597,17.275390625,0.6851400028063335,4.0
408,1.185315081199004,16.950795385274358,16.9921875,0.7418057173241506,4.0
408,-0.38552093126108694,22.086479359802315,22.08984375,4.759920019496633,-1.0
409,1.185315081199004,16.950795385274358,16.9921875,0.2884800011816141,4.0
409,-0.3914520225112575,22.42627134995312,22.4296875,4.846464019851117,-1.0
410,1.1984852487678819,17.139137556221847,17.180989583333332,0.5529200022647603,4.0
410,-0.3914520225112575,22.42627134995312,22.4296875,4.846464019851117,-1.0
411,1.185315081199004,16.950795385274358,16.9921875,0.38944800159517906,4.0
411,-0.4067034000116961,23.300022181769474,23.303571428571427,4.759920019496633,-1.0
412,1.1984852487678819,17.139137556221847,17.180989583333332,0.4086800016739533,4.0
412,-0.8302263082743394,23.774570845883957,23.7890625,4.759920019496633,-2.0
413,1.4809667224699727,16.927527096480834,16.9921875,0.43272000177242115,5.0
413,-1.2302016277027912,23.473645411662687,23.505859375,4.723860019348931,-3.0
414,1.4809667224699727,16.927527096480834,16.9921875,0.43272000177242115,5.0
414,-8.91153966368322,22.056834665280217,23.7890625,4.543560018610423,-22.0
415,1.4809667224699727,16.927527096480834,16.9921875,0.43272000177242115,5.0
416,-1.718706867738556,24.578653308647816,24.638671875,3.8944800159517907,-4.0
416,1.4809667224699727,16.927527096480834,16.9921875,0.43272000177242115,5.0
417,1.185315081199004,16.950795385274358,16.9921875,0.389448001595179,4.0
417,-0.8302263082743394,23.774570845883957,23.7890625,3.6781200150655793,-2.0
418,1.185315081199004,16.950795385274358,16.9921875,0.43272000177242115,4.0
418,0.4448318437627926,25.484399261310365,25.48828125,3.461760014179369,1.0
419,1.5056495011778057,17.209652548088847,17.275390625,0.6490800026586317,5.0
420,1.510586056919372,17.26607763841045,17.33203125,0.7572600031017369,5.0
421,1.5232800573976863,17.41117072780886,17.477678571428573,0.6490800026586317,5.0
422,1.534820057832517,17.54307353635286,17.610085227272727,0.43272000177242115,5.0
423,1.8205714281041012,17.321580081926907,17.4169921875,0.5679450023263027,6.0
424,1.811690591869447,17.237084569332144,17.33203125,0.28126800115207373,6.0
425,1.510586056919372,17.26607763841045,17.33203125,0.28126800115207373,5.0
426,1.4994788065008473,17.13912118518684,17.20458984375,0.45976500188319747,5.0
427,1.2149479582289793,17.374565269906217,17.4169921875,0.29749500121853956,4.0
428,1.5550150585934714,17.773903451304875,17.841796875,0.1081800004431053,5.0
429,0.9191791270180187,26.321846293657238,26.337890625,0.8654400035448423,2.0
429,1.5303322798856385,17.49177799969686,17.55859375,0.0,5.0
430,1.5303322798856385,17.49177799969686,17.55859375,-0.10818000044310531,5.0
431,1.5550150585934714,17.773903451304875,17.841796875,0.14424000059080705,5.0
432,0.0,25.48828125,25.48828125,0.43272000177242115,0.0
433,1.8353728218285248,17.462405936251518,17.55859375,-0.07212000029540351,6.0
434,1.7761672469308305,16.899102518953082,16.9921875,-0.43272000177242115,6.0
435,1.8353728218285248,17.462405936251518,17.55859375,-0.07212000029540351,6.0
437,1.864975609277372,17.744057644900735,17.841796875,-0.43272000177242115,6.0
438,1.5550150585934714,17.773903451304875,17.841796875,-0.43272000177242115,5.0
439,1.864975609277372,17.744057644900735,17.841796875,0.1081800004431053,6.0
440,1.5550150585934714,17.773903451304875,17.841796875,0.6490800026586317,5.0
440,1.4809667224699727,16.927527096480834,16.9921875,-0.43272000177242115,5.0
441,1.5550150585934714,17.773903451304875,17.841796875,0.6490800026586317,5.0
441,1.4809667224699727,16.927527096480834,16.9921875,-0.43272000177242115,5.0
442,1.7761672469308305,16.899102518953082,16.9921875,9.519840038993266,6.0
442,1.8057700343796776,17.1807542276023,17.275390625,0.036060000147701755,6.0
443,1.8057700343796776,17.1807542276023,17.275390625,0.03606000014770176,6.0
444,1.8084611968750273,17.206358928388592,17.301136363636363,0.2556981828655216,6.0
445,1.8057700343796776,17.1807542276023,17.275390625,0.3966600016247194,6.0
446,1.795902438563395,17.086870324719225,17.180989583333332,0.456760001870889,6.0
447,2.0708267336421544,16.865530311092776,16.9921875,0.43272000177242115,7.0
448,1.864975609277372,17.744057644900735,17.841796875,0.2163600008862106,6.0
449,1.811690591869447,17.237084569332144,17.33203125,0.5192640021269054,6.0
450,1.8353728218285248,17.462405936251518,17.55859375,0.5288800021662925,6.0
451,1.8472139368080638,17.575066619711205,17.671875,0.04327200017724211,6.0
452,1.8522887003707234,17.62334976976536,17.720424107142858,0.12363428622069175,6.0
453,1.864975609277372,17.744057644900735,17.841796875,-0.14424000059080708,6.0
454,2.0967120678126814,17.076349439981435,17.20458984375,0.18931500077543426,7.0
455,2.1225974019832083,17.287168568870094,17.4169921875,0.0,7.0
456,2.1398542914302263,17.427714654795867,17.55859375,0.3365600013785498,7.0
457,1.7761672469308305,16.899102518953082,16.9921875,0.06181714311034587,6.0
458,2.1398542914302263,17.427714654795867,17.55859375,0.07212000029540352,7.0
459,2.4999900222681397,17.788353310709347,17.963169642857142,0.40181143021724824,8.0
460,2.443683940685524,17.387714722630307,17.55859375,0.12020000049233921,8.0
461,2.483098197793355,17.668161734285636,17.841796875,0.3461760014179369,8.0
462,2.7548242618412813,17.393275855863948,17.610085227272727,0.2360290918758661,9.0
463,2.7341112974665354,17.262499345669486,17.477678571428573,-0.09272571466551884,9.0
464,2.4239768121316083,17.247491216802644,17.4169921875,-0.5138550021047501,8.0
465,2.4594496435286564,17.49989352729244,17.671875,-0.6058080024813897,8.0
466,2.483098197793355,17.668161734285636,17.841796875,0.0,8.0
467,2.7024664907828946,17.06270189953905,17.275390625,0.036060000147701755,9.0
468,2.7910719494970877,17.622134748704266,17.841796875,0.14424000059080705,9.0
469,2.746769220139991,17.342418324121656,17.55859375,0.14424000059080705,9.0
470,2.9875456738741653,16.943213465520092,17.20458984375,0.18931500077543426,10.0
471,2.9998401005156228,17.012938623814414,17.275390625,0.07212000029540352,10.0
472,3.03496703377693,17.21215336179819,17.477678571428573,0.6490800026586317,10.0
473,3.0981955136472825,17.570739890168984,17.841796875,0.2884800011816141,10.0
474,3.3503376336623787,17.235992928114257,17.55859375,0.14424000059080705,11.0
475,3.3395300929086287,17.18039295092679,17.501953125,0.19472400079758953,11.0
476,3.3503376336623787,17.235992928114257,17.55859375,0.5529200022647603,11.0
477,3.4043753374311265,17.513992814051583,17.841796875,0.5048400020678246,11.0
478,3.4043753374311265,17.513992814051583,17.841796875,0.7572600031017369,11.0
479,3.3812163215302347,17.39485000579273,17.720424107142858,0.40181143021724824,11.0
480,3.371952715169878,17.347192882489185,17.671875,0.17308800070896846,11.0
481,3.4692205819536244,17.847592677176376,18.181640625,0.19472400079758953,11.0
482,3.709518155508265,17.45191080606116,17.841796875,0.5409000022155265,12.0
483,3.709518155508265,17.45191080606116,17.841796875,-0.05409000022155265,12.0
484,3.4043753374311265,17.513992814051583,17.841796875,-0.27045000110776324,11.0
485,3.9498241768580984,17.10856812972513,17.55859375,-0.36060000147701765,13.0
486,3.334898289728451,17.156564389275022,17.477678571428573,0.09272571466551881,11.0
487,3.709518155508265,17.45191080606116,17.841796875,-0.1730880007089685,12.0
488,3.501643204214873,18.01439260873877,18.3515625,-0.3461760014179369,11.0
489,3.709518155508265,17.45191080606116,17.841796875,-0.14424000059080708,12.0
490,3.931622222126034,17.029726801938377,17.477678571428573,0.1545428577758647,13.0
491,3.709518155508265,17.45191080606116,17.841796875,0.21636000088621057,12.0
492,3.4367979596923752,17.680792745613978,18.01171875,0.6058080024813897,11.0
493,4.013531018420326,17.38451277697876,17.841796875,-0.05409000022155264,13.0
494,4.140944701544781,17.936402071486018,18.408203125,-0.14424000059080708,13.0
495,3.9753069134829895,17.21894598862658,17.671875,-0.04327200017724214,13.0
496,3.7852226076614945,17.808072251082816,18.205915178571427,0.1545428577758647,12.0
497,3.8155043885227866,17.95053682909148,18.3515625,0.5625360023041475,12.0
498,4.316321320904228,17.31181925689693,17.841796875,0.14424000059080705,14.0
499,4.617796830100638,17.233852388966092,17.841796875,-0.36060000147701765,15.0
500,4.204651543107008,18.21234671873965,18.69140625,0.28848000118161415,13.0
501,4.617796830100638,17.233852388966092,17.841796875,0.4327200017724212,15.0
502,4.4044095111267625,17.66512169071115,18.205915178571427,0.4636285733275941,14.0
503,4.712037581735345,17.585563662210298,18.205915178571427,0.43272000177242115,15.0
504,4.9178657136489985,17.1506359226495,17.841796875,0.21636000088621057,16.0
505,4.871028897328532,16.98729653290998,17.671875,0.17308800070896846,16.0
506,4.128203333232335,17.881213142035293,18.3515625,0.3461760014179369,13.0
507,4.4044095111267625,17.66512169071115,18.205915178571427,0.43272000177242115,14.0
508,4.9178657136489985,17.1506359226495,17.841796875,-0.05409000022155265,16.0
509,4.384834357743977,17.586610038752436,18.125,0.12020000049233921,14.0
510,5.216436567660548,17.062195206488923,17.841796875,0.21636000088621057,17.0
511,5.808720880793215,16.86975036738234,17.841796875,0.43272000177242115,19.0
512,5.475912196638647,16.853124818611942,17.720424107142858,0.3090857155517294,18.0
513,5.2519225307058575,17.178264561635107,17.963169642857142,-1.586032892321652e-17,17.0
514,5.513418444560829,16.968557180383257,17.841796875,0.2884800011816141,18.0
515,5.322894456796477,17.41040327192747,18.205915178571427,0.43272000177242115,17.0
516,5.625937188327376,17.3148542656972,18.205915178571427,0.2472685724413835,18.0
517,5.728226955387874,17.629669797800783,18.536931818181817,0.5704036387000097,18.0
518,5.550924692483012,17.083989542154573,17.963169642857142,0.3399942871069023,18.0
519,5.299237148099604,17.33302370183002,18.125,0.5769600023632283,17.0
520,6.393928162297496,16.65675233603894,17.841796875,0.1081800004431053,21.0
521,5.600933023045921,17.237899357849656,18.125,0.21636000088621057,18.0
522,5.688447601531014,17.50724153531606,18.408203125,0.5409000022155265,18.0
523,6.393928162297496,16.65675233603894,17.841796875,-0.43272000177242115,21.0
524,5.688447601531014,17.50724153531606,18.408203125,-0.14424000059080708,18.0
525,5.670944685833995,17.453373099822777,18.3515625,-0.3461760014179369,18.0
526,5.409637922018346,17.69412836228481,18.502604166666668,-0.19232000078774275,17.0
527,5.409637922018346,17.69412836228481,18.502604166666668,0.09616000039387138,17.0
528,6.683654747762414,16.542625998960162,17.841796875,-0.14424000059080708,22.0
529,5.625937188327376,17.3148542656972,18.205915178571427,0.2472685724413835,18.0
530,5.775962180016107,17.77658371278246,18.69140625,0.27817714399655646,18.0
531,5.688447601531014,17.50724153531606,18.408203125,0.3966600016247194,18.0
532,5.644690312288468,17.37257044658286,18.2666015625,0.16227000066465794,18.0
533,6.393928162297496,16.65675233603894,17.841796875,0.14424000059080705,21.0
534,6.393928162297496,16.65675233603894,17.841796875,0.14424000059080705,21.0
535,6.683654747762414,16.542625998960162,17.841796875,-0.1081800004431053,22.0
536,6.393928162297496,16.65675233603894,17.841796875,0.1081800004431053,21.0
537,5.550924692483012,17.083989542154573,17.963169642857142,0.3709028586620753,18.0
538,5.322894456796477,17.41040327192747,18.205915178571427,0.6490800026586317,17.0
539,6.683654747762414,16.542625998960162,17.841796875,0.43272000177242115,22.0
540,6.971345427245148,16.423460617750084,17.841796875,0.43272000177242115,23.0
541,5.900922799535965,17.137524182737618,18.125,0.07212000029540352,19.0
542,5.94702375890734,17.271411090415256,18.2666015625,-0.05409000022155266,19.0
543,5.644690312288468,17.37257044658286,18.2666015625,0.16227000066465794,18.0
544,6.085326637021464,17.673071813448168,18.69140625,0.10818000044310527,19.0
545,5.94702375890734,17.271411090415256,18.2666015625,0.3515850014400922,19.0
546,6.683654747762414,16.542625998960162,17.841796875,0.43272000177242115,22.0
547,5.775962180016107,17.77658371278246,18.69140625,0.43272000177242115,18.0
548,5.670944685833995,17.453373099822777,18.3515625,0.4759920019496633,18.0
549,6.023858691192965,17.494555936544653,18.502604166666668,0.5769600023632282,19.0
550,6.016175197964402,17.472241451931712,18.47900390625,0.45976500188319747,19.0
551,6.3928374445833,17.564176525236608,18.69140625,0.3709028586620753,20.0
552,6.3928374445833,17.564176525236608,18.69140625,0.3786300015508685,20.0
553,6.69840093193071,17.449931018707463,18.69140625,0.25963200106345263,21.0
554,7.612081269087364,16.324160961039034,18.01171875,0.38944800159517906,25.0
555,6.320191564531217,17.364583610177103,18.47900390625,0.40567500166164483,20.0
556,6.3928374445833,17.564176525236608,18.69140625,-1.1102230246251566e-17,20.0
557,6.3928374445833,17.564176525236608,18.69140625,0.07212000029540352,20.0
558,6.263689213379597,17.20934467624193,18.313802083333332,0.14424000059080705,20.0
559,6.276604036499967,17.2448278611414,18.3515625,0.043272000177242115,20.0
560,6.085326637021464,17.673071813448168,18.69140625,0.48681000199397384,19.0
561,6.3928374445833,17.564176525236608,18.69140625,0.757260003101737,20.0
562,5.974684334530164,17.35174323502184,18.3515625,0.5409000022155264,19.0
563,7.001924021465387,17.33037009414874,18.69140625,0.6490800026586317,22.0
564,-11.762883090521374,14.525950881139085,18.69140625,0.21636000088621057,-39.0
565,-10.72095018726467,15.311103640323537,18.69140625,0.3515850014400922,-35.0
566,-11.248769085088089,14.927620763969907,18.69140625,0.6490800026586317,-37.0
567,-11.248769085088089,14.927620763969907,18.69140625,0.2472685724413835,-37.0
568,6.69840093193071,17.449931018707463,18.69140625,-1.3877787807814457e-17,21.0
569,-12.506991997762253,13.890421835583327,18.69140625,0.06181714311034587,-42.0
570,-11.50757874778623,14.729029125031891,18.69140625,0.43272000177242115,-38.0
572,-12.984141807212117,13.445472439923616,18.69140625,0.2472685724413835,-44.0
573,-16.021662241639092,9.626785892361754,18.69140625,0.3515850014400922,-59.0
574,-16.18723264495523,9.345703125000002,18.69140625,-1.1102230246251566e-17,-60.0
575,-15.675932295386149,10.180069463073846,18.69140625,0.43272000177242115,-57.0
576,6.085326637021464,17.673071813448168,18.69140625,-0.21636000088621057,19.0
577,-12.2626658348421,14.106583364710797,18.69140625,-0.3245400013293159,-41.0
578,-12.747508409761934,13.670029149405197,18.69140625,-0.3245400013293159,-43.0
579,-14.525950881139085,11.762883090521377,18.69140625,-0.5949900024370791,-51.0
580,7.256912567377802,16.2992924913382,17.841796875,-0.5409000022155265,24.0
581,-15.121665305016109,10.986532938357358,18.69140625,-0.5409000022155265,-54.0
582,-15.495878065140136,10.452101730888764,18.69140625,-0.5409000022155265,-56.0
583,-14.106583364710797,12.2626658348421,18.69140625,-0.43272000177242115,-49.0
584,6.085326637021464,17.673071813448168,18.69140625,-0.1730880007089685,19.0
585,5.900922799535965,17.137524182737618,18.125,0.07212000029540352,19.0
586,7.256912567377802,16.2992924913382,17.841796875,-0.3245400013293159,24.0
587,6.006296420956251,17.443551400286506,18.448660714285715,-0.27817714399655646,19.0
588,6.016175197964402,17.472241451931712,18.47900390625,-0.2434050009969869,19.0
589,-11.333221494031893,14.505862017076863,18.408203125,-0.3966600016247194,-38.0
590,-11.762883090521374,14.525950881139085,18.69140625,-0.5872628595482858,-39.0
591,5.900922799535965,17.137524182737618,18.125,-0.5288800021662925,19.0
592,6.3928374445833,17.564176525236608,18.69140625,-0.26444000108314625,20.0
593,6.320191564531217,17.364583610177103,18.47900390625,-0.18931500077543426,20.0
594,5.710326246152287,17.57457707968266,18.47900390625,-0.18931500077543426,18.0
595,5.625937188327376,17.3148542656972,18.205915178571427,-0.2472685724413835,18.0
596,5.710326246152287,17.57457707968266,18.47900390625,-0.18931500077543426,18.0
597,6.195968939512763,17.9944003918745,19.03125,-0.30290400124069483,19.0
598,6.3928374445833,17.564176525236608,18.69140625,-0.36781200150655796,20.0
599,5.728226955387874,17.629669797800783,18.536931818181817,-0.5113963657310433,18.0
600,5.7176191276927115,17.597022261138193,18.502604166666668,-0.3365600013785498,18.0
601,5.710326246152287,17.57457707968266,18.47900390625,-0.6220350025478554,18.0
602,5.322894456796477,17.41040327192747,18.205915178571427,-0.6181714311034588,17.0
603,5.464838308977717,17.874680692512204,18.69140625,-0.8654400035448423,17.0
604,6.683654747762414,16.542625998960162,17.841796875,-0.43272000177242115,22.0
605,5.927266204891036,17.214030987124836,18.205915178571427,-0.6181714311034588,19.0
606,5.993124718278715,17.405297998092895,18.408203125,-0.3966600016247194,19.0
607,6.016175197964402,17.472241451931712,18.47900390625,-0.6220350025478554,19.0
608,6.199115097777746,17.03192875174459,18.125,-0.36060000147701765,20.0
609,6.393928162297496,16.65675233603894,17.841796875,0.0,21.0
610,6.393928162297496,16.65675233603894,17.841796875,0.0,21.0
611,5.848235988825823,16.984510573963174,17.963169642857142,-0.3090857155517294,19.0
612,6.102253924374968,16.765804864998582,17.841796875,-0.21636000088621063,20.0
613,5.927266204891036,17.214030987124836,18.205915178571427,-0.1545428577758647,19.0
614,5.927266204891036,17.214030987124836,18.205915178571427,-0.18545142933103764,19.0
615,5.993124718278715,17.405297998092895,18.408203125,-0.3966600016247194,19.0
616,5.642757427056266,16.387757499742847,17.33203125,-0.3461760014179369,19.0
617,5.600933023045921,17.237899357849656,18.125,-0.2884800011816141,18.0
618,5.513418444560829,16.968557180383257,17.841796875,-0.05409000022155264,18.0
619,5.993124718278715,17.405297998092895,18.408203125,-0.36060000147701765,19.0
620,5.600933023045921,17.237899357849656,18.125,-0.5288800021662925,18.0
621,5.710326246152287,17.57457707968266,18.47900390625,-0.6220350025478554,18.0
622,5.322894456796477,17.41040327192747,18.205915178571427,-0.43272000177242115,17.0
623,5.513418444560829,16.968557180383257,17.841796875,-0.5409000022155265,18.0
624,5.216436567660548,17.062195206488923,17.841796875,-0.7031700028801844,17.0
625,5.299237148099604,17.33302370183002,18.125,-0.5288800021662925,17.0
626,5.322894456796477,17.41040327192747,18.205915178571427,-0.43272000177242115,17.0
627,4.9178657136489985,17.1506359226495,17.841796875,-0.48681000199397384,16.0
628,5.109978678524619,16.713987141050374,17.477678571428573,-0.43272000177242115,17.0
629,4.817501107247999,16.800622944636245,17.477678571428573,-0.43272000177242115,16.0
630,4.523556078465932,16.882141115721886,17.477678571428573,-0.03090857155517295,15.0
631,4.9178657136489985,17.1506359226495,17.841796875,0.43272000177242115,16.0
631,4.9178657136489985,17.1506359226495,17.841796875,-0.757260003101737,16.0
632,4.617796830100638,17.233852388966092,17.841796875,0.1081800004431053,15.0
633,4.471200105335539,16.68674596391955,17.275390625,0.036060000147701755,15.0
634,4.617796830100638,17.233852388966092,17.841796875,-0.10818000044310529,15.0
635,4.9178657136489985,17.1506359226495,17.841796875,0.0,16.0
636,4.617796830100638,17.233852388966092,17.841796875,-0.14424000059080708,15.0
637,4.128203333232335,17.881213142035293,18.3515625,-0.04327200017724213,13.0
638,4.357429143008078,17.476693726010232,18.01171875,-0.12981600053172637,14.0
639,4.617796830100638,17.233852388966092,17.841796875,-0.3245400013293158,15.0
640,4.28695859083005,17.194051778958855,17.720424107142858,-0.3709028586620753,14.0
641,4.316321320904228,17.31181925689693,17.841796875,-0.14424000059080708,14.0
642,4.384834357743977,17.586610038752436,18.125,-0.12020000049233921,14.0
643,4.316321320904228,17.31181925689693,17.841796875,-0.43272000177242115,14.0
644,4.228233130681693,16.958516823082707,17.477678571428573,-0.21636000088621057,14.0
645,4.013531018420326,17.38451277697876,17.841796875,-0.27045000110776324,13.0
646,3.709518155508265,17.45191080606116,17.841796875,-0.4327200017724212,12.0
647,3.709518155508265,17.45191080606116,17.841796875,-0.07212000029540354,12.0
648,3.633813703355035,17.095749361039505,17.477678571428573,-0.43272000177242115,12.0
649,4.013531018420326,17.38451277697876,17.841796875,-0.43272000177242115,13.0
650,3.4043753374311265,17.513992814051583,17.841796875,-0.1081800004431053,11.0
651,3.4043753374311265,17.513992814051583,17.841796875,-0.21636000088621063,11.0
652,3.4043753374311265,17.513992814051583,17.841796875,-0.43272000177242115,11.0
653,3.4043753374311265,17.513992814051583,17.841796875,0.8654400035448423,11.0
654,3.4043753374311265,17.513992814051583,17.841796875,0.43272000177242115,11.0
655,3.0981955136472825,17.570739890168984,17.841796875,-0.16227000066465797,10.0
656,3.6613425950471186,17.225262613774653,17.610085227272727,-0.21636000088621057,12.0
657,3.4043753374311265,17.513992814051583,17.841796875,0.1081800004431053,11.0
658,60.57479607282053,40.85821585711062,73.06640625,-0.43272000177242115,56.0
658,3.371952715169878,17.347192882489185,17.671875,0.04327200017724211,11.0
659,3.0981955136472825,17.570739890168984,17.841796875,0.27045000110776324,10.0
660,2.9506623939497927,16.734037990637127,16.9921875,-1.0818000044310527,10.0
661,2.483098197793355,17.668161734285636,17.841796875,0.14424000059080705,8.0
662,1.864975609277372,17.744057644900735,17.841796875,0.43272000177242115,6.0
663,3.245728633344772,18.40744178970084,18.69140625,-0.43272000177242115,10.0
664,2.1536598029878404,17.540151523536487,17.671875,0.0,7.0
665,1.8353728218285248,17.462405936251518,17.55859375,-0.12020000049233921,6.0
666,1.864975609277372,17.744057644900735,17.841796875,-0.27045000110776324,6.0
667,1.864975609277372,17.744057644900735,17.841796875,-0.14424000059080708,6.0
668,1.864975609277372,17.744057644900735,17.841796875,0.07212000029540352,6.0
669,2.1595764507982467,17.58833875299675,17.720424107142858,0.03090857155517292,7.0
670,2.1398542914302263,17.427714654795867,17.55859375,-0.24040000098467842,7.0
671,1.5550150585934714,17.773903451304875,17.841796875,-0.14424000059080708,5.0
672,2.1743680703242623,17.708806826647415,17.841796875,-0.10818000044310531,7.0
673,2.1743680703242623,17.708806826647415,17.841796875,-0.14424000059080708,7.0
674,1.8205714281041012,17.321580081926907,17.4169921875,0.0,6.0
675,2.1743680703242623,17.708806826647415,17.841796875,-0.27045000110776324,7.0
676,1.5232800573976863,17.41117072780886,17.477678571428573,0.09272571466551881,5.0
677,1.2149479582289793,17.374565269906217,17.4169921875,0.0,4.0
678,1.5550150585934714,17.773903451304875,17.841796875,-0.27045000110776324,5.0
679,1.5303322798856385,17.49177799969686,17.55859375,-0.14424000059080708,5.0
680,1.864975609277372,17.744057644900735,17.841796875,0.05409000022155264,6.0
681,1.5550150585934714,17.773903451304875,17.841796875,-0.3245400013293159,5.0
682,1.5550150585934714,17.773903451304875,17.841796875,-0.27045000110776324,5.0
684,0.31138229063395484,17.839079482917253,17.841796875,-0.43272000177242115,1.0
685,1.2445808352589545,17.798335154538073,17.841796875,-0.3245400013293159,4.0
686,0.9337675005454921,17.81734531246686,17.841796875,0.14424000059080705,3.0
687,0.9147110209425229,17.4537260203757,17.477678571428573,0.09272571466551881,3.0
688,0.9337675005454921,17.81734531246686,17.841796875,0.1081800004431053,3.0
689,0.9337675005454921,17.81734531246686,17.841796875,0.21636000088621057,3.0
690,0.9337675005454921,17.81734531246686,17.841796875,0.14424000059080705,3.0
691,0.6226697312057546,17.830928134412968,17.841796875,0.14424000059080705,2.0
692,0.30841674500886956,17.669183487841853,17.671875,0.04327200017724211,1.0
693,0.30841674500886956,17.669183487841853,17.671875,-0.08654400035448424,1.0
694,0.6226697312057546,17.830928134412968,17.841796875,0.2163600008862106,2.0
695,0.31138229063395484,17.839079482917253,17.841796875,0.3786300015508685,1.0
696,0.30643971459214603,17.555919491124918,17.55859375,0.024040000098467844,1.0
697,31.65776006352761,64.90802707404629,72.216796875,-0.43272000177242115,26.0
697,0.31138229063395484,17.839079482917253,17.841796875,0.14424000059080705,1.0
698,0.0,17.841796875,17.841796875,0.05409000022155265,0.0
699,0.30643971459214603,17.555919491124918,17.55859375,0.2884800011816141,1.0
700,0.0,17.477678571428573,17.477678571428573,0.43272000177242115,0.0
701,0.0,17.477678571428573,17.477678571428573,0.4636285733275941,0.0
702,0.0,17.841796875,17.841796875,0.27045000110776324,0.0
703,0.31138229063395484,17.839079482917253,17.841796875,0.27045000110776324,1.0
704,0.0,17.841796875,17.841796875,0.12981600053172634,0.0
705,0.0,17.4169921875,17.4169921875,0.5138550021047501,0.0
706,0.0,17.841796875,17.841796875,0.4327200017724212,0.0
707,-0.31138229063395484,17.839079482917253,17.841796875,0.27045000110776324,-1.0
708,-0.30502755000877213,17.47501663632711,17.477678571428573,0.030908571555172938,-1.0
709,-0.31138229063395484,17.839079482917253,17.841796875,0.17308800070896846,-1.0
710,-0.30502755000877213,17.47501663632711,17.477678571428573,0.43272000177242115,-1.0
711,-0.6226697312057546,17.830928134412968,17.841796875,0.2163600008862106,-2.0
712,-0.3014971385503372,17.27275949933258,17.275390625,0.03606000014770176,-1.0
713,-0.30767535860259826,17.626709489073,17.62939453125,-0.2163600008862106,-1.0
714,-0.2998496132030676,17.1783728354018,17.180989583333332,0.19232000078774272,-1.0
715,-0.6226697312057546,17.830928134412968,17.841796875,0.4327200017724212,-2.0
716,-0.6226697312057546,17.830928134412968,17.841796875,0.5409000022155265,-2.0
717,-0.6226697312057546,17.830928134412968,17.841796875,0.14424000059080705,-2.0
718,-0.6127860846786791,17.547897529104826,17.55859375,0.12020000049233921,-2.0
719,-0.9337675005454921,17.81734531246686,17.841796875,0.1081800004431053,-3.0
720,-0.6226697312057546,17.830928134412968,17.841796875,0.3461760014179369,-2.0
721,-1.2445808352589545,17.798335154538073,17.841796875,-0.43272000177242115,-4.0
721,-0.948589206903357,18.10016031742665,18.125,0.7212000029540353,-3.0
722,-0.9337675005454921,17.81734531246686,17.841796875,0.48681000199397384,-3.0
723,-0.6353772767405659,18.194824626952006,18.205915178571427,0.4636285733275941,-2.0
724,-0.9528239801484611,18.180964604558017,18.205915178571427,0.494537144882767,-3.0
725,-0.948589206903357,18.10016031742665,18.125,0.31252000128008195,-3.0
726,-1.2801402876949246,18.306859016096304,18.3515625,0.5409000022155264,-4.0
727,-1.289030150803917,18.433989981485862,18.47900390625,0.45976500188319747,-4.0
728,-1.2682871368829345,18.13735106224356,18.181640625,0.36781200150655796,-4.0
729,-1.5867500597892563,18.13663617480089,18.205915178571427,0.1545428577758647,-5.0
730,-1.5994440602675706,18.2817292641993,18.3515625,0.08654400035448423,-5.0
731,-1.5655933923253997,17.89481435913688,17.963169642857142,0.2472685724413835,-5.0
732,-1.6105513106860954,18.408685717422905,18.47900390625,0.1081800004431053,-5.0
733,-1.894578396726219,18.025709353549953,18.125,0.26444000108314625,-6.0
734,-1.9030363359973181,18.10618127030687,18.205915178571427,0.030908571555172938,-6.0
735,-2.2520240728358427,18.341264213313394,18.47900390625,0.18931500077543426,-7.0
736,-2.2520240728358427,18.341264213313394,18.47900390625,0.2434050009969869,-7.0
737,-2.218742928902308,18.0702110475994,18.205915178571427,0.27817714399655646,-7.0
738,-2.218742928902308,18.0702110475994,18.205915178571427,0.6181714311034588,-7.0
739,-2.522512454901186,17.948608745940962,18.125,0.07212000029540354,-8.0
740,-2.1743680703242623,17.708806826647415,17.841796875,0.2163600008862106,-7.0
741,-2.533773671217709,18.02873646355677,18.205915178571427,-0.12363428622069177,-8.0
742,-2.601340969116848,18.50950276925162,18.69140625,0.36781200150655796,-8.0
743,-2.5750647977116277,18.322538094814735,18.502604166666668,0.5048400020678246,-8.0
744,-2.7910719494970877,17.622134748704266,17.841796875,-0.43272000177242115,-9.0
744,-3.245728633344772,18.40744178970084,18.69140625,0.6490800026586317,-10.0
745,-2.923980137568378,18.461284022452087,18.69140625,-0.43272000177242115,-9.0
745,-2.923980137568378,18.461284022452087,18.69140625,0.6490800026586317,-9.0
746,-3.171962073496027,17.989090839934914,18.2666015625,0.5138550021047501,-10.0
747,-2.890753090550555,18.251496704015132,18.47900390625,0.5409000022155265,-9.0
748,-3.4854318930842485,17.930992642957573,18.2666015625,0.3245400013293159,-11.0
749,-3.5259601709108095,18.139492557410566,18.47900390625,0.45976500188319747,-11.0
750,-3.5664884487373705,18.347992471863563,18.69140625,0.43272000177242115,-11.0
751,-3.8540448368917035,18.131855382920687,18.536931818181817,0.11801454593793305,-12.0
752,-4.140944701544781,17.936402071486018,18.408203125,0.2524200010339123,-13.0
753,-3.7852226076614945,17.808072251082816,18.205915178571427,0.18545142933103764,-12.0
754,-4.128203333232335,17.881213142035293,18.3515625,0.15145200062034742,-13.0
755,-3.8861618771991346,18.28295417777836,18.69140625,0.2472685724413835,-12.0
756,-3.8420009467764173,18.07519333484906,18.47900390625,0.18931500077543426,-12.0
757,-4.077237859982553,17.660457424232387,18.125,-0.07212000029540354,-13.0
758,-4.040833950518423,17.502774768658885,17.963169642857142,0.18545142933103761,-13.0
759,-4.013531018420326,17.38451277697876,17.841796875,0.14424000059080705,-13.0
760,-4.453347394583727,17.861400820607944,18.408203125,-0.03606000014770177,-14.0
761,-4.521860431423477,18.136191602463448,18.69140625,0.05409000022155265,-14.0
762,-4.4044095111267625,17.66512169071115,18.205915178571427,-0.09272571466551884,-14.0
763,-4.837691917248288,18.054512026535907,18.69140625,0.21636000088621057,-15.0
764,-4.521860431423477,18.136191602463448,18.69140625,0.5409000022155265,-14.0
765,-4.476185073530311,17.952997747893114,18.502604166666668,0.5048400020678246,-14.0
766,-4.749733882389228,17.72624817150798,18.3515625,0.23799600097483165,-15.0
767,-4.837691917248288,18.054512026535907,18.69140625,0.2472685724413835,-15.0
768,-5.152049795251332,17.967332871347093,18.69140625,0.389448001595179,-16.0
769,-5.152049795251332,17.967332871347093,18.69140625,0.43272000177242115,-16.0
770,-5.100008888228592,17.785844660525406,18.502604166666668,0.36060000147701765,-16.0
771,-5.464838308977717,17.874680692512204,18.69140625,0.6097418206793207,-17.0
772,-5.464838308977717,17.874680692512204,18.69140625,0.3245400013293159,-17.0
773,-5.464838308977717,17.874680692512204,18.69140625,0.4759920019496633,-17.0
774,-5.365477612450849,17.549686498102893,18.3515625,0.36781200150655796,-17.0
775,-5.688447601531014,17.50724153531606,18.408203125,0.3966600016247194,-18.0
776,-5.7176191276927115,17.597022261138193,18.502604166666668,0.5769600023632282,-18.0
777,-5.775962180016107,17.77658371278246,18.69140625,0.43272000177242115,-18.0
778,-5.710326246152287,17.57457707968266,18.47900390625,0.45976500188319747,-18.0
779,-6.085326637021464,17.673071813448168,18.69140625,0.6490800026586316,-19.0
780,-5.993124718278715,17.405297998092895,18.408203125,0.5409000022155265,-19.0
781,-6.085326637021464,17.673071813448168,18.69140625,0.6490800026586317,-19.0
782,-5.984742725665738,17.380954923969686,18.382457386363637,0.2753672738551771,-19.0
783,-6.085326637021464,17.673071813448168,18.69140625,0.4327200017724212,-19.0
784,-6.3928374445833,17.564176525236608,18.69140625,0.40181143021724824,-20.0
785,-6.489698617986077,17.830300411982616,18.974609375,0.4327200017724211,-20.0
786,-6.69840093193071,17.449931018707463,18.69140625,0.15145200062034742,-21.0
787,-6.69840093193071,17.449931018707463,18.69140625,0.36781200150655796,-21.0
788,-6.69840093193071,17.449931018707463,18.69140625,-7.93016446160826e-18,-21.0
789,-6.69840093193071,17.449931018707463,18.69140625,0.48681000199397384,-21.0
790,-6.3928374445833,17.564176525236608,18.69140625,0.29749500121853956,-20.0
791,-6.7745191243390135,17.64822568937459,18.90380859375,0.7572600031017369,-21.0
792,-7.08149133989113,17.527306117945887,18.90380859375,0.6490800026586317,-22.0
793,-7.001924021465387,17.33037009414874,18.69140625,0.389448001595179,-22.0
794,-7.303314257113965,17.205530170976278,18.69140625,0.5409000022155265,-23.0
795,-7.001924021465387,17.33037009414874,18.69140625,0.6490800026586316,-22.0
796,-7.303314257113965,17.205530170976278,18.69140625,0.6058080024813897,-23.0
797,-7.4361017890614916,17.518357992266758,19.03125,0.5192640021269054,-23.0
798,-7.602479832491031,17.075449276640022,18.69140625,0.5409000022155265,-24.0
799,-7.303314257113965,17.205530170976278,18.69140625,0.8654400035448423,-23.0
800,-7.832858009233184,17.5928871335079,19.2578125,0.7692800031509708,-24.0
801,-7.740706738536323,17.385911990760746,19.03125,0.5192640021269054,-24.0
802,-7.602479832491031,17.075449276640022,18.69140625,0.6490800026586317,-24.0
803,-7.6888716487693385,17.269488472965474,18.90380859375,0.45976500188319747,-24.0
804,-8.104507011562019,17.38017137361299,19.176897321428573,0.4636285733275941,-25.0
805,-8.104507011562019,17.38017137361299,19.176897321428573,0.6181714311034588,-25.0
806,-8.342750887329629,17.105174193631022,19.03125,0.5192640021269054,-26.0
807,-8.258390056085348,17.710174627542347,19.541015625,0.6490800026586317,-25.0
808,-8.104507011562019,17.38017137361299,19.176897321428573,0.6181714311034588,-25.0
809,-8.104507011562019,17.38017137361299,19.176897321428573,0.43272000177242115,-25.0
810,-8.042953793752686,17.248170072041244,19.03125,0.5192640021269054,-25.0
811,-8.56621742895453,17.563348502388997,19.541015625,0.9375600038402458,-26.0
812,-8.40659847065103,17.236081138990446,19.176897321428573,0.4636285733275941,-26.0
813,-8.342750887329629,17.105174193631022,19.03125,0.6490800026586317,-26.0
814,-8.75243954697528,17.945160426353976,19.9658203125,0.6490800026586317,-26.0
815,-8.44206935027403,17.308807219745677,19.2578125,0.745240003052503,-26.0
816,-8.56621742895453,17.563348502388997,19.541015625,0.9736200039879477,-26.0
817,-8.871435449012042,17.411172411141838,19.541015625,0.7933200032494389,-27.0
818,-8.948578365959973,17.562573910369156,19.7109375,0.8654400035448422,-27.0
819,-8.40659847065103,17.236081138990446,19.176897321428573,0.6181714311034588,-26.0
820,-8.871435449012042,17.411172411141838,19.541015625,0.6490800026586317,-27.0
821,-8.948578365959973,17.562573910369156,19.7109375,0.7356240030131158,-27.0
822,-8.871435449012042,17.411172411141838,19.541015625,0.5409000022155265,-27.0
823,-9.102864199855834,17.865376908823798,20.05078125,0.5192640021269054,-27.0
824,-9.344894332908886,17.5751900877667,19.905133928571427,0.6490800026586317,-28.0
825,-9.17395114389226,17.253692708112432,19.541015625,1.081800004431053,-28.0
828,-9.610971963867815,17.33865239739232,19.82421875,0.5048400020678246,-29.0
829,-9.572818584931055,18.003853260639058,20.390625,0.43272000177242115,-28.0
830,-9.885571162835467,17.83404246588924,20.390625,0.43272000177242115,-29.0
832,-9.134183088996423,23.79536048005563,25.48828125,0.43272000177242115,-21.0
833,-9.473672364383988,17.090957363143858,19.541015625,0.43272000177242115,-29.0
834,-9.473672364383988,17.090957363143858,19.541015625,0.43272000177242115,-29.0
835,-9.885571162835467,17.83404246588924,20.390625,0.8654400035448423,-29.0
837,-9.548078211089164,23.632322855657375,25.48828125,0.6490800026586317,-22.0
839,-9.866347484792136,24.420066950845953,26.337890625,0.6490800026586317,-22.0
841,-9.548078211089164,23.632322855657375,25.48828125,0.6490800026586317,-22.0
842,-5.206708324324303,4.3689470345881976,6.796875,-2.7045000110776325,-50.0
842,-9.548078211089164,23.632322855657375,25.48828125,0.6490800026586317,-22.0
843,-9.959064896064497,23.462086596785834,25.48828125,0.6490800026586317,-23.0
844,-10.36701795339686,23.284703559054574,25.48828125,0.6490800026586317,-24.0
845,-10.36701795339686,23.284703559054574,25.48828125,0.6490800026586317,-24.0
846,-10.805384997255194,17.292230710689623,20.390625,0.43272000177242115,-32.0
847,-10.501948246212823,17.47817699087901,20.390625,0.43272000177242115,-31.0
849,-5.40688095379948,5.40688095379948,7.646484375,2.596320010634527,-45.0
850,-10.501948246212823,17.47817699087901,20.390625,0.43272000177242115,-31.0
851,-10.712585218510089,24.060860344356392,26.337890625,0.6490800026586317,-24.0
856,-11.255609372140826,18.012740323635025,21.240234375,0.6490800026586317,-32.0
857,-11.568260753493007,17.813559426575168,21.240234375,0.8654400035448423,-33.0
858,-11.290622495409174,17.386034000337364,20.73046875,0.5192640021269054,-33.0
859,-11.105530323353287,17.101017049512162,20.390625,0.43272000177242115,-33.0
861,-11.402292797333198,16.90459425288015,20.390625,0.8654400035448423,-34.0
862,-11.568260753493007,17.813559426575168,21.240234375,0.43272000177242115,-33.0
863,-11.402292797333198,16.90459425288015,20.390625,0.6490800026586317,-34.0
865,-11.877388330555416,17.608952346750154,21.240234375,0.5409000022155265,-34.0
866,-11.639840563944308,17.25677329981515,20.8154296875,0.5949900024370791,-34.0
867,-11.402292797333198,16.90459425288015,20.390625,0.5409000022155265,-34.0
868,-12.670213857676428,18.09494066583691,22.08984375,0.43272000177242115,-35.0
869,-11.890508389511725,16.98140585563156,20.73046875,0.5192640021269054,-35.0
870,-11.695582022470548,16.703022153080223,20.390625,0.43272000177242115,-35.0
871,-11.890508389511725,16.98140585563156,20.73046875,0.5192640021269054,-35.0
872,-12.484696520860636,17.18371057388194,21.240234375,0.6490800026586317,-36.0
873,-11.695582022470548,16.703022153080223,20.390625,0.43272000177242115,-35.0
874,-12.182897940073488,17.398981409458568,21.240234375,0.4327200017724212,-35.0
875,-12.484696520860636,17.18371057388194,21.240234375,0.6490800026586317,-36.0
876,1.0657003481584983,10.139461511371849,10.1953125,-2.163600008862106,6.0
877,-0.5912138566174655,4.206705174829914,4.248046875,-3.0290400124069485,-8.0
877,-12.782692142145557,16.963205413602168,21.240234375,0.6490800026586317,-37.0
878,-12.484696520860636,17.18371057388194,21.240234375,0.757260003101737,-36.0
879,-12.784329237361291,17.596119627655106,21.75,0.4759920019496633,-36.0
880,-11.98530866002621,16.496362150926664,20.390625,0.43272000177242115,-36.0
880,0.12707545534811318,3.6389649253904017,3.6411830357142856,-3.15267429862764,2.0
881,0.564859799302982,3.566384413428244,3.61083984375,-1.7579250072004609,9.0
882,0.7644820987467287,3.311335767043573,3.3984375,-0.9195300037663948,13.0
883,-12.271384456459733,16.28467719705808,20.390625,0.8654400035448423,-37.0
884,-12.782692142145557,16.963205413602168,21.240234375,0.7212000029540352,-37.0
885,-13.089476753557049,17.37032234352862,21.75,0.8221680033676002,-37.0
886,-13.089476753557049,17.37032234352862,21.75,0.5192640021269054,-37.0
887,-13.599865792838273,17.407034420492234,22.08984375,0.43272000177242115,-38.0
890,-13.293999827831378,17.641733630146252,22.08984375,0.6490800026586317,-37.0
891,-13.076794031575261,16.73753309662715,21.240234375,0.43272000177242115,-38.0
895,-13.076794031575261,16.73753309662715,21.240234375,-0.43272000177242115,-38.0
896,-13.599865792838273,17.407034420492234,22.08984375,0.43272000177242115,-38.0
897,-13.251151285329598,16.960700204582178,21.5234375,-0.07212000029540352,-38.0
898,-13.293999827831378,17.641733630146252,22.08984375,0.10818000044310529,-37.0
900,-12.782692142145557,16.963205413602168,21.240234375,-0.43272000177242115,-37.0
901,-13.076794031575261,16.73753309662715,21.240234375,-0.43272000177242115,-38.0
902,13.44951277498082,8.404188331198483,15.859375,0.7212000029540354,58.0
903,0.6212480200926463,5.0596590933278325,5.09765625,3.245400013293159,7.0
903,-13.338329912206767,17.072283758559692,21.6650390625,-0.16227000066465794,-38.0
904,11.483327730242653,8.040712640448502,14.0185546875,1.8390600075327899,55.0
905,0.311255833515164,5.939115104155619,5.947265625,4.976280020382843,3.0
905,-13.089476753557049,17.37032234352862,21.75,-0.778896003190358,-37.0
906,-15.866086326349736,4.25130501818789,16.42578125,1.370280005612667,-75.0
907,-6.565277100558511,1.7591606971811957,6.796875,5.625360023041475,-75.0
907,-12.953128037374164,17.189381485783528,21.5234375,-0.5769600023632282,-37.0
908,-12.651159141138777,17.412826714867034,21.5234375,-0.36060000147701765,-36.0
909,-12.744504055849278,7.6576705961968505,14.8681640625,2.6504100108560795,-59.0
910,-12.651159141138777,17.412826714867034,21.5234375,-0.07212000029540352,-36.0
911,-12.484696520860636,17.18371057388194,21.240234375,-0.3245400013293159,-36.0
912,-12.391747619046175,17.69724966219214,21.604352678571427,-0.43272000177242115,-35.0
913,-12.182897940073488,17.398981409458568,21.240234375,-0.6490800026586317,-35.0
914,-12.182897940073488,17.398981409458568,21.240234375,-0.43272000177242115,-35.0
915,-12.182897940073488,17.398981409458568,21.240234375,-0.6490800026586317,-35.0
916,-12.182897940073488,17.398981409458568,21.240234375,-0.5409000022155265,-35.0
917,-9.548078211089164,23.632322855657375,25.48828125,-1.9472400079758954,-22.0
919,-12.827579396999848,19.017668534490166,22.939453125,-1.1899800048741582,-34.0
920,-11.719023152814676,17.37416631546015,20.95703125,-0.7933200032494389,-34.0
921,-11.402292797333198,16.90459425288015,20.390625,-0.8654400035448423,-34.0
921,-8.187530384356151,23.778314803548444,25.1484375,-1.8174240074441688,-19.0
922,-13.419182474051889,20.663728934827198,24.638671875,-1.7308800070896846,-33.0
922,-11.877388330555416,17.608952346750154,21.240234375,-0.5409000022155265,-34.0
923,-7.3526915429882,24.049570386289147,25.1484375,-1.6443360067352004,-17.0
924,-11.568260753493007,17.813559426575168,21.240234375,-0.43272000177242115,-33.0
924,-13.419182474051889,20.663728934827198,24.638671875,-1.6227000066465793,-33.0
925,-13.056506871683359,20.89477877541663,24.638671875,-1.5145200062034743,-32.0
926,-11.568260753493007,17.813559426575168,21.240234375,-0.43272000177242115,-33.0
926,-12.956452043912167,19.95118655776419,23.7890625,-1.5145200062034743,-33.0
927,-11.105530323353287,17.101017049512162,20.390625,-0.43272000177242115,-33.0
928,-12.030991183632727,18.526101803638177,22.08984375,-0.7212000029540353,-33.0
929,-11.533166356641377,20.80638287687078,23.7890625,-1.2981600053172635,-29.0
930,-13.419182474051889,20.663728934827198,24.638671875,-1.1899800048741582,-33.0
931,-15.291314621058687,18.22347913513506,23.7890625,-1.0818000044310527,-40.0
932,-11.876747706919486,18.288587677950506,21.806640625,-0.6851400028063335,-33.0
933,-13.302674930222064,19.722026628360172,23.7890625,-0.8654400035448423,-34.0
934,-11.327216957415638,20.43484032549809,23.3642578125,-0.5949900024370791,-29.0
935,-12.956452043912167,19.95118655776419,23.7890625,-0.5949900024370791,-33.0
936,-13.777770463444282,20.42638472223018,24.638671875,-0.43272000177242115,-34.0
937,-12.306132913540637,19.693929420507626,23.22265625,-0.43272000177242115,-32.0
938,-11.533166356641377,20.80638287687078,23.7890625,-0.21636000088621057,-29.0
941,-10.478515624999998,18.14932145040435,20.95703125,-0.7212000029540353,-30.0
942,-12.956452043912167,19.95118655776419,23.7890625,0.21636000088621057,-33.0
943,-13.302674930222064,19.722026628360172,23.7890625,0.3245400013293159,-34.0
944,2.1029727459073615,24.037088477002783,24.12890625,0.5192640021269054,5.0
945,-11.894531249999998,20.60193245721575,23.7890625,0.5409000022155265,-30.0
946,-11.044921874999998,19.13036585312891,22.08984375,0.0,-30.0
947,2.522157490641779,23.996725576913377,24.12890625,0.7356240030131159,6.0
948,-9.610971963867815,17.33865239739232,19.82421875,-0.7212000029540353,-29.0
948,7.120849917758843,23.291250599334084,24.35546875,0.7212000029540353,17.0
949,-9.473672364383988,17.090957363143858,19.541015625,-0.5409000022155265,-29.0
950,6.650827917506265,23.1941933430117,24.12890625,0.778896003190358,16.0
951,-9.885571162835467,17.83404246588924,20.390625,-0.5409000022155265,-29.0
951,7.2036504981978995,23.56207909467518,24.638671875,0.757260003101737,17.0
952,7.456242086929883,22.947953520137357,24.12890625,0.7356240030131159,18.0
953,-8.934630679268984,16.803596376596456,19.03125,-2.4232320099255586,-28.0
954,-9.17395114389226,17.253692708112432,19.541015625,-0.6490800026586317,-28.0
955,-9.572818584931055,18.003853260639058,20.390625,-0.6490800026586317,-28.0
955,5.6571675307257925,24.50388467612244,25.1484375,0.5625360023041475,13.0
956,-9.572818584931055,18.003853260639058,20.390625,-0.5409000022155265,-28.0
956,7.744961174390954,22.493000489843123,23.7890625,0.43272000177242115,19.0
957,-10.709368759738423,19.320212671380013,22.08984375,-0.10818000044310531,-29.0
958,-9.565721701543419,18.773785904187722,21.0703125,-0.30290400124069483,-27.0
959,-9.25372463210002,17.403724818617757,19.7109375,-0.6490800026586317,-28.0
960,-9.413271608515537,17.703789039628408,20.05078125,-0.778896003190358,-28.0
961,-9.102864199855834,17.865376908823798,20.05078125,-0.7356240030131159,-27.0
962,-8.871435449012042,17.411172411141838,19.541015625,-0.43272000177242115,-27.0
963,-9.064292741381868,17.78967615921014,19.9658203125,-0.5949900024370791,-27.0
964,-9.128578505505144,17.915844075232904,20.107421875,-0.3966600016247194,-27.0
965,-9.064292741381868,17.78967615921014,19.9658203125,-0.24340500099698692,-27.0
966,-8.78968397057943,18.02152281114697,20.05078125,-0.3461760014179369,-26.0
967,-8.56621742895453,17.563348502388997,19.541015625,-0.27045000110776324,-26.0
968,-8.56621742895453,17.563348502388997,19.541015625,-0.21636000088621057,-26.0
969,-8.56621742895453,17.563348502388997,19.541015625,-0.43272000177242115,-26.0
970,-8.56621742895453,17.563348502388997,19.541015625,-0.10818000044310531,-26.0
971,-8.258390056085348,17.710174627542347,19.541015625,-0.21636000088621057,-25.0
972,-8.40659847065103,17.236081138990446,19.176897321428573,-0.43272000177242115,-26.0
973,-8.258390056085348,17.710174627542347,19.541015625,-0.43272000177242115,-25.0
974,-8.412273100608676,18.04017788147171,19.905133928571427,-0.6181714311034588,-25.0
975,-8.138703243678313,17.453505430041734,19.2578125,-0.5769600023632282,-25.0
976,-8.976510930527551,19.250189812546033,21.240234375,-0.43272000177242115,-25.0
977,6.95524875688073,22.749593608651896,23.7890625,-0.3245400013293159,17.0
978,-8.063236185975336,18.11032499037578,19.82421875,-1.2981600053172635,-24.0
979,-7.94804709760426,17.85160606194184,19.541015625,-0.6490800026586317,-24.0
980,-7.94804709760426,17.85160606194184,19.541015625,-0.5409000022155265,-24.0
981,-7.853801479846107,17.639926938677707,19.309303977272727,-0.6490800026586317,-24.0
982,-7.799946841127163,17.518967439669634,19.176897321428573,-0.7108971457689776,-24.0
983,-7.602479832491031,17.075449276640022,18.69140625,-0.5409000022155265,-24.0
984,-7.493010731324718,17.652427058534105,19.176897321428573,-0.43272000177242115,-23.0
985,-7.303314257113965,17.205530170976278,18.69140625,-0.6490800026586317,-23.0
986,-7.3770851081959234,17.379323405026543,18.880208333333332,-1.057760004332585,-23.0
987,-7.3770851081959234,17.379323405026543,18.880208333333332,-0.3365600013785498,-23.0
988,-7.214103537267368,17.855532824274462,19.2578125,-0.5288800021662925,-22.0
989,-7.001924021465387,17.33037009414874,18.69140625,-0.3399942871069023,-22.0
990,-7.129231730946575,17.645467732224173,19.03125,-0.3461760014179369,-22.0
991,-7.001924021465387,17.33037009414874,18.69140625,-0.36781200150655796,-22.0
992,-6.850637316747317,17.846520360041723,19.1162109375,-0.48681000199397384,-21.0
993,-6.749146393536246,17.582127465818882,18.8330078125,-0.45075000184627206,-21.0
994,-6.69840093193071,17.449931018707463,18.69140625,-0.8654400035448424,-21.0
995,-6.558885170416633,18.02038890251548,19.176897321428573,-0.6490800026586317,-20.0
996,-6.558885170416633,18.02038890251548,19.176897321428573,-0.43272000177242115,-20.0
997,-6.3928374445833,17.564176525236608,18.69140625,-0.5409000022155265,-20.0
998,-6.465483324635383,17.763769440296116,18.90380859375,-0.45976500188319747,-20.0
999,-6.586559791388854,18.09642429872863,19.2578125,-0.4687800019201229,-20.0
1000,-6.223629515135588,18.074732536481083,19.1162109375,-0.5949900024370791,-19.0
1001,-6.085326637021464,17.673071813448168,18.69140625,-0.6058080024813897,-19.0
1002,-6.085326637021464,17.673071813448168,18.69140625,-0.6058080024813897,-19.0
1003,-6.023858691192965,17.494555936544653,18.502604166666668,-0.6971600028555673,-19.0
1004,-6.006296420956251,17.443551400286506,18.448660714285715,-0.40181143021724824,-19.0
1005,-5.7176191276927115,17.597022261138193,18.502604166666668,-0.6971600028555673,-18.0
1006,-5.728226955387874,17.629669797800783,18.536931818181817,-0.8457709125551869,-18.0
1007,-5.464838308977717,17.874680692512204,18.69140625,-0.6884181846379428,-17.0
1008,-5.409637922018346,17.69412836228481,18.502604166666668,-0.6731200027570996,-17.0
1009,-5.093503774850749,17.763158634172694,18.47900390625,-0.18931500077543426,-16.0
1010,-4.837691917248288,18.054512026535907,18.69140625,-0.43272000177242115,-15.0
1011,-5.066891947395939,17.670352162729788,18.382457386363637,-0.3737127288034547,-16.0
1012,-5.152049795251332,17.967332871347093,18.69140625,8.654400035448422,-16.0
1012,-5.152049795251332,17.967332871347093,18.69140625,-0.43272000177242115,-16.0
1013,-4.837691917248288,18.054512026535907,18.69140625,-0.3399942871069023,-15.0
1014,-4.837691917248288,18.054512026535907,18.69140625,-0.5409000022155266,-15.0
1015,-4.837691917248288,18.054512026535907,18.69140625,-0.43272000177242115,-15.0
1016,-4.4044095111267625,17.66512169071115,18.205915178571427,-0.2472685724413835,-14.0
1017,-4.156871411935337,18.005388233299428,18.47900390625,-0.18931500077543426,-13.0
1018,-4.013531018420326,17.38451277697876,17.841796875,-0.28848000118161415,-13.0
1019,-4.439644787215777,17.80644266423684,18.3515625,-0.3461760014179369,-14.0
1020,-3.8861618771991346,18.28295417777836,18.69140625,-0.43272000177242115,-12.0
1021,-3.709518155508265,17.45191080606116,17.841796875,-0.43272000177242115,-12.0
1021,-3.709518155508265,17.45191080606116,17.841796875,0.757260003101737,-12.0
1022,-3.835692242430315,18.045513214430592,18.448660714285715,-0.5254457164379399,-12.0
1023,-3.8861618771991346,18.28295417777836,18.69140625,-0.21636000088621057,-12.0
1024,-3.7978400163536996,17.86743249191976,18.2666015625,-0.2163600008862106,-12.0
1025,-3.7978400163536996,17.86743249191976,18.2666015625,-0.29749500121853956,-12.0
1026,-3.8076535564476366,17.91360156812627,18.313802083333332,-0.31252000128008195,-12.0
1027,-3.530463312891539,18.162659214572013,18.502604166666668,-0.24040000098467842,-11.0
1028,-3.530463312891539,18.162659214572013,18.502604166666668,-0.6971600028555673,-11.0
1029,-3.2088453534204,18.19826631481788,18.47900390625,-0.27045000110776324,-10.0
1030,-3.212943495634219,18.221508034249318,18.502604166666668,-0.24040000098467842,-10.0
1031,-3.171962073496027,17.989090839934914,18.2666015625,-0.3786300015508685,-10.0
1032,-3.1965509267789423,18.128541156523557,18.408203125,-0.2524200010339123,-10.0
1033,-2.8480326015276405,17.981770151739045,18.205915178571427,-0.6181714311034588,-9.0
1034,-2.522512454901186,17.948608745940962,18.125,-0.745240003052503,-8.0
1035,-2.483098197793355,17.668161734285636,17.841796875,-0.48681000199397384,-8.0
1036,-2.208881849218298,17.989898998498962,18.125,-0.3365600013785498,-7.0
1037,-2.1743680703242623,17.708806826647415,17.841796875,-0.36060000147701765,-7.0
1038,-2.1743680703242623,17.708806826647415,17.841796875,-0.5949900024370791,-7.0
1039,-2.218742928902308,18.0702110475994,18.205915178571427,-0.2472685724413835,-7.0
1040,-1.8776625181840207,17.864765520036116,17.963169642857142,-0.4636285733275941,-6.0
1041,-1.864975609277372,17.744057644900735,17.841796875,-0.5192640021269055,-6.0
1042,-1.894578396726219,18.025709353549953,18.125,-0.5529200022647605,-6.0
1043,-1.5796978373013042,18.05602890291289,18.125,-0.5769600023632282,-5.0
1044,-1.5867500597892563,18.13663617480089,18.205915178571427,-0.6799885742138047,-5.0
1045,-1.5550150585934714,17.773903451304875,17.841796875,-0.4327200017724212,-5.0
1046,-1.5550150585934714,17.773903451304875,17.841796875,-0.12981600053172637,-5.0
1047,-1.2699804441417901,18.161566484222522,18.205915178571427,-0.43272000177242115,-4.0
1048,-0.9337675005454921,17.81734531246686,17.841796875,-0.27045000110776324,-3.0
1049,-1.2379957514745155,17.704164069064326,17.747395833333332,-0.36060000147701765,-4.0
1050,-1.2445808352589545,17.798335154538073,17.841796875,0.0,-4.0
1051,-1.2445808352589545,17.798335154538073,17.841796875,-0.2163600008862106,-4.0
1052,-0.9337675005454921,17.81734531246686,17.841796875,-0.5625360023041476,-3.0
1053,-0.6226697312057546,17.830928134412968,17.841796875,-0.43272000177242115,-2.0
1054,-0.3039684265712416,17.41433949522875,17.4169921875,-0.3515850014400922,-1.0
1055,-0.31138229063395484,17.839079482917253,17.841796875,-0.2163600008862106,-1.0
1056,-0.6184338826941509,17.709629303566622,17.720424107142858,0.0,-2.0
1057,-0.31138229063395484,17.839079482917253,17.841796875,-0.14424000059080708,-1.0
1058,-0.5930187916245282,16.98183631848854,16.9921875,10.385280042538108,-2.0
1058,-0.6226697312057546,17.830928134412968,17.841796875,-0.05409000022155264,-2.0
1059,-0.6226697312057546,17.830928134412968,17.841796875,0.14424000059080705,-2.0
1060,0.0,17.841796875,17.841796875,0.14424000059080705,0.0
1061,-0.30502755000877213,17.47501663632711,17.477678571428573,-0.18545142933103764,-1.0
1062,-0.6226697312057546,17.830928134412968,17.841796875,-0.07212000029540354,-2.0
1063,0.0,18.205915178571427,18.205915178571427,-0.1545428577758647,0.0
1064,0.0,17.55859375,17.55859375,-0.024040000098467844,0.0
1065,0.0,17.671875,17.671875,-0.6490800026586316,0.0
1066,0.31138229063395484,17.839079482917253,17.841796875,0.08654400035448423,1.0
1067,0.31138229063395484,17.839079482917253,17.841796875,0.48681000199397384,1.0
1068,0.963410913261222,18.382975322386443,18.408203125,0.4687800019201229,3.0
1069,0.9528239801484611,18.180964604558017,18.205915178571427,0.43272000177242115,3.0
1070,0.9387080693314471,17.911616980786793,17.936197916666668,0.21636000088621057,3.0
1071,0.9528239801484611,18.180964604558017,18.205915178571427,0.18545142933103764,3.0
1072,0.6226697312057546,17.830928134412968,17.841796875,0.14424000059080705,2.0
1073,0.6226697312057546,17.830928134412968,17.841796875,0.054090000221552643,2.0
1074,0.9147110209425229,17.4537260203757,17.477678571428573,0.030908571555172938,3.0
1075,0.921640649889057,17.58595121749976,17.610085227272727,0.019669090989655493,3.0
1076,0.9337675005454921,17.81734531246686,17.841796875,0.05409000022155264,3.0
1077,1.289030150803917,18.433989981485862,18.47900390625,0.45976500188319747,4.0
1078,1.2699804441417901,18.161566484222522,18.205915178571427,0.6799885742138047,4.0
1079,1.3038465893189046,18.64587492380179,18.69140625,0.757260003101737,4.0
1080,1.2699804441417901,18.161566484222522,18.205915178571427,0.40181143021724824,4.0
1081,1.2445808352589545,17.798335154538073,17.841796875,0.27045000110776324,4.0
1082,1.6126082089117482,18.432196171723575,18.502604166666668,0.38464000157548545,5.0
1083,1.2801402876949246,18.306859016096304,18.3515625,0.7572600031017369,4.0
1084,1.62906339471697,18.620279806128917,18.69140625,0.43272000177242115,5.0
1085,1.289030150803917,18.433989981485862,18.47900390625,0.45976500188319747,4.0
1086,1.264336086612271,18.080848410959312,18.125,0.21636000088621057,4.0
1087,1.2906764217500268,18.457532752854302,18.502604166666668,0.3365600013785498,4.0
1088,1.6043806160091372,18.338154354520903,18.408203125,-0.036060000147701776,5.0
1089,1.62906339471697,18.620279806128917,18.69140625,-9.25185853854297e-18,5.0
1090,1.5550150585934714,17.773903451304875,17.841796875,-0.1081800004431053,5.0
1091,1.6105513106860954,18.408685717422905,18.47900390625,-0.18931500077543426,5.0
1092,1.9093797904506427,18.166535207874563,18.2666015625,0.2163600008862106,6.0
1093,2.2520240728358427,18.341264213313394,18.47900390625,0.18931500077543426,7.0
1094,2.542219583455102,18.088832251768626,18.2666015625,-0.08113500033232898,8.0
1095,2.567557320167279,18.269119616404197,18.448660714285715,0.06181714311034587,8.0
1096,1.6043806160091372,18.338154354520903,18.408203125,0.03606000014770176,5.0
1097,1.2530473715532329,17.91941226443289,17.963169642857142,0.12363428622069175,4.0
1098,-17.449931018707463,6.6984009319307125,18.69140625,0.21636000088621057,-69.0
1099,1.2840913379655878,18.363361667380552,18.408203125,0.6490800026586317,4.0
1100,1.6105513106860954,18.408685717422905,18.47900390625,0.18931500077543426,5.0
1101,2.483098197793355,17.668161734285636,17.841796875,0.0,8.0
1102,2.2261387386653158,18.130445084424736,18.2666015625,0.23439000096006146,7.0
1103,2.522512454901186,17.948608745940962,18.125,0.26444000108314625,8.0
1104,2.2520240728358427,18.341264213313394,18.47900390625,0.18931500077543426,7.0
1105,2.2433956281123337,18.270991170350506,18.408203125,0.3966600016247194,7.0
1106,2.1950763376606837,17.877462129758342,18.01171875,-0.12981600053172637,7.0
1107,2.1891596898502774,17.829274900298078,17.963169642857142,0.18545142933103761,7.0
1108,1.8776625181840207,17.864765520036116,17.963169642857142,-0.0618171431103459,6.0
1109,1.894578396726219,18.025709353549953,18.125,-1.850371707708594e-17,6.0
1110,3.0981955136472825,17.570739890168984,17.841796875,0.0,10.0
1111,2.2520240728358427,18.341264213313394,18.47900390625,-0.18931500077543426,7.0
1112,2.5619267120090172,18.22905575759629,18.408203125,0.18030000073850883,8.0
1113,2.857526043532733,18.041709385578176,18.2666015625,-0.08113500033232897,9.0
1114,2.218742928902308,18.0702110475994,18.205915178571427,0.09272571466551881,7.0
1115,2.185872663288941,17.802504217264598,17.936197916666668,-0.048080000196935695,7.0
1116,2.236492872333527,18.214772735980198,18.3515625,0.3461760014179369,7.0
1117,1.9537839716239136,18.589012770848388,18.69140625,0.3786300015508685,6.0
1118,2.8353746788541847,17.90185117328687,18.125,0.2884800011816141,9.0
1119,2.522512454901186,17.948608745940962,18.125,0.5529200022647603,8.0
1120,3.2035763134312036,18.16838410412031,18.448660714285715,0.3399942871069023,10.0
1121,3.709518155508265,17.45191080606116,17.841796875,0.05409000022155265,12.0
1122,4.013531018420326,17.38451277697876,17.841796875,0.2163600008862106,13.0
1123,3.846907716823386,18.098277872952316,18.502604166666668,0.31252000128008195,12.0
1124,3.8155043885227866,17.95053682909148,18.3515625,0.5841720023927686,12.0
1125,4.439644787215777,17.80644266423684,18.3515625,0.5192640021269054,14.0
1126,4.095439814714617,17.73929875201914,18.205915178571427,0.21636000088621057,13.0
1127,4.46313497127512,17.9006566465873,18.448660714285715,-0.12363428622069175,14.0
1128,4.521860431423477,18.136191602463448,18.69140625,0.48681000199397384,14.0
1129,4.712037581735345,17.585563662210298,18.205915178571427,0.24726857244138353,15.0
1130,4.788826342326589,17.87214321818706,18.502604166666668,0.7933200032494389,15.0
1131,4.764393554865738,17.780958814012635,18.408203125,0.3966600016247194,15.0
1132,4.837691917248288,18.054512026535907,18.69140625,0.6490800026586317,15.0
1132,4.214940893962347,21.683991103111484,22.08984375,-0.7212000029540353,11.0
1133,4.649210413978874,17.351089480047495,17.963169642857142,0.21636000088621057,15.0
1134,5.152049795251332,17.967332871347093,18.69140625,0.3709028586620753,16.0
1135,5.464838308977717,17.874680692512204,18.69140625,0.5409000022155265,17.0
1136,5.034957754450166,17.558984396998294,18.2666015625,0.5949900024370791,16.0
1137,5.152049795251332,17.967332871347093,18.69140625,0.6490800026586316,16.0
1138,5.423438018758189,17.739266444841657,18.5498046875,0.4868100019939738,17.0
1139,5.728226955387874,17.629669797800783,18.536931818181817,0.5704036387000097,18.0
1140,5.700949684171742,17.54571898923983,18.448660714285715,-0.09272571466551884,18.0
1141,5.775962180016107,17.77658371278246,18.69140625,0.06181714311034587,18.0
1142,5.775962180016107,17.77658371278246,18.69140625,0.43272000177242115,18.0
1143,6.208262528678464,18.030103567255203,19.069010416666668,0.43272000177242115,19.0
1144,6.085326637021464,17.673071813448168,18.69140625,0.7302150029909606,19.0
1145,6.195968939512763,17.9944003918745,19.03125,0.5192640021269054,19.0
1146,6.2433870691518925,18.1321126397715,19.176897321428573,0.43272000177242115,19.0
1147,6.3928374445833,17.564176525236608,18.69140625,-0.27045000110776324,20.0
1148,6.085326637021464,17.673071813448168,18.69140625,0.29749500121853956,19.0
1149,6.586559791388854,18.09642429872863,19.2578125,0.3245400013293159,20.0
1150,6.475861307499966,17.792282713876045,18.934151785714285,0.5254457164379399,20.0
1151,6.69840093193071,17.449931018707463,18.69140625,0.26444000108314625,21.0
1152,6.3928374445833,17.564176525236608,18.69140625,0.43272000177242115,20.0
1153,6.085326637021464,17.673071813448168,18.69140625,0.3515850014400922,19.0
1154,6.085326637021464,17.673071813448168,18.69140625,0.494537144882767,19.0
1155,6.3928374445833,17.564176525236608,18.69140625,0.6923520028358737,20.0
1156,6.3928374445833,17.564176525236608,18.69140625,0.6490800026586316,20.0
1157,6.465483324635383,17.763769440296116,18.90380859375,0.40567500166164483,20.0
1158,6.3928374445833,17.564176525236608,18.69140625,0.43272000177242115,20.0
1159,6.475861307499966,17.792282713876045,18.934151785714285,0.3090857155517294,20.0
1160,6.465483324635383,17.763769440296116,18.90380859375,0.45976500188319747,20.0
1161,6.489698617986077,17.830300411982616,18.974609375,0.28848000118161415,20.0
1162,6.509070852666633,17.88352518933182,19.03125,0.6058080024813897,20.0
1163,6.457411560185151,17.741592449733947,18.880208333333332,0.6971600028555675,20.0
1164,6.3928374445833,17.564176525236608,18.69140625,0.6490800026586316,20.0
1165,6.465483324635383,17.763769440296116,18.90380859375,0.6220350025478554,20.0
1166,6.457411560185151,17.741592449733947,18.880208333333332,0.31252000128008195,20.0
1167,6.331198420335462,18.387135321062235,19.446614583333332,0.5048400020678246,19.0
1168,6.038505915471384,18.58461024518166,19.541015625,0.3786300015508685,18.0
1169,5.630439469855829,18.416337683194392,19.2578125,0.07212000029540352,17.0
1170,5.606782161158956,18.33895811309694,19.176897321428573,0.6490800026586317,17.0
1171,5.651139614965594,18.484044807029665,19.32861328125,0.3245400013293159,17.0
1172,5.7132400502948855,18.687166178535488,19.541015625,0.0,17.0
1173,6.038505915471384,18.58461024518166,19.541015625,0.14424000059080705,18.0
1174,4.984288642013388,18.60161845158245,19.2578125,0.36060000147701765,15.0
1175,5.057587004395938,18.875171664105718,19.541015625,0.1081800004431053,15.0
1176,4.837691917248288,18.054512026535907,18.69140625,-0.5625360023041475,15.0
1177,5.2457234278922655,18.294011650826132,19.03125,-0.3461760014179369,16.0
1178,5.925987171704837,18.23831315986772,19.176897321428573,-0.1545428577758647,18.0
1179,6.085326637021464,17.673071813448168,18.69140625,-0.21636000088621057,19.0
1180,6.509070852666633,17.88352518933182,19.03125,-0.04327200017724213,20.0
1181,6.683420964791631,18.362548185474637,19.541015625,-0.10818000044310531,20.0
1182,6.195968939512763,17.9944003918745,19.03125,-0.3461760014179369,19.0
1183,6.177528555764214,17.940845628803444,18.974609375,-0.3966600016247194,19.0
1184,6.154478076078526,17.873902174964623,18.90380859375,-0.6220350025478554,19.0
1185,5.606782161158956,18.33895811309694,19.176897321428573,-0.40181143021724824,17.0
1186,6.558885170416633,18.02038890251548,19.176897321428573,-0.3709028586620753,20.0
1187,6.146794582849964,17.851587690351685,18.880208333333332,-0.0480800001969357,19.0
1188,6.567187556708299,18.043199521379425,19.201171875,0.021636000088621044,20.0
1189,6.085326637021464,17.673071813448168,18.69140625,-0.43272000177242115,19.0
1190,6.000999667549202,18.46917788341035,19.419642857142858,-0.21636000088621057,18.0
1191,5.564199005504584,18.199674886921517,19.03125,-0.5192640021269054,17.0
1192,5.547638889416773,18.1455091878533,18.974609375,0.036060000147701755,17.0
1193,4.521860431423477,18.136191602463448,18.69140625,-0.346176001417937,14.0
1194,4.3138632714993985,18.685394685460164,19.176897321428573,0.18545142933103764,13.0
1195,6.6253042607499655,18.202873853427032,19.37109375,0.08654400035448423,20.0
1196,17.85160606194184,7.94804709760426,19.541015625,-0.07212000029540354,66.0
1197,5.925987171704837,18.23831315986772,19.176897321428573,-0.1545428577758647,18.0
1198,5.386233876853665,18.78402982004469,19.541015625,0.0,16.0
1199,5.269141836052499,18.37568134569589,19.1162109375,-0.2163600008862106,16.0
1200,4.573245209053289,18.34228468885508,18.90380859375,0.1081800004431053,14.0
1201,4.573245209053289,18.34228468885508,18.90380859375,-0.18931500077543426,14.0
1202,5.0261734205177016,18.75793457302432,19.419642857142858,-0.3399942871069023,15.0
1203,4.947639460822113,18.464841845320812,19.1162109375,-0.08113500033232897,15.0
1204,4.259257407303203,18.448870702099907,18.934151785714285,-0.3709028586620753,13.0
1205,5.663559702031452,18.52466908133083,19.37109375,-0.2596320010634527,17.0
1206,3.3721855930854776,19.124614846442434,19.419642857142858,-0.24726857244138353,10.0
1207,4.204651543107008,18.21234671873965,18.69140625,-0.19472400079758953,13.0
1208,4.925649952107348,18.38277588156383,19.03125,-0.3245400013293159,15.0
1209,5.152049795251332,17.967332871347093,18.69140625,-0.14424000059080705,16.0
1210,4.837691917248288,18.054512026535907,18.69140625,0.02704500011077632,15.0
1211,3.8007642657777327,5.634864750960049,6.796875,11.25072004608295,34.0
1211,4.877672842184225,18.20372286973042,18.845880681818183,-0.5113963657310433,15.0
1212,4.925649952107348,18.38277588156383,19.03125,-0.3461760014179369,15.0
1213,4.521860431423477,18.136191602463448,18.69140625,-0.36060000147701765,14.0
1214,4.573245209053289,18.34228468885508,18.90380859375,-0.45976500188319747,14.0
1215,4.521860431423477,18.136191602463448,18.69140625,-0.6490800026586317,14.0
1216,4.521860431423477,18.136191602463448,18.69140625,-0.5679450023263027,14.0
1217,4.521860431423477,18.136191602463448,18.69140625,-0.27045000110776324,14.0
1218,4.204651543107008,18.21234671873965,18.69140625,-0.2472685724413835,13.0
1219,4.521860431423477,18.136191602463448,18.69140625,-0.05409000022155265,14.0
1220,4.521860431423477,18.136191602463448,18.69140625,-0.12981600053172634,14.0
1221,4.46313497127512,17.9006566465873,18.448660714285715,-0.18545142933103764,14.0
1222,4.521860431423477,18.136191602463448,18.69140625,-0.43272000177242115,14.0
1223,4.204651543107008,18.21234671873965,18.69140625,-0.6058080024813897,13.0
1224,4.204651543107008,18.21234671873965,18.69140625,-0.24040000098467842,13.0
1225,3.8540448368917035,18.131855382920687,18.536931818181817,-0.6294109116689762,12.0
1226,3.5664884487373705,18.347992471863563,18.69140625,-0.5409000022155266,11.0
1227,3.5664884487373705,18.347992471863563,18.69140625,-0.43272000177242115,11.0
1228,3.945043117762758,18.559968635017427,18.974609375,-0.2524200010339123,12.0
1229,3.8861618771991346,18.28295417777836,18.69140625,0.04327200017724211,12.0
1230,3.8861618771991346,18.28295417777836,18.69140625,-0.2472685724413835,12.0
1231,3.8861618771991346,18.28295417777836,18.69140625,-0.14424000059080705,12.0
1232,3.846907716823386,18.098277872952316,18.502604166666668,-0.5048400020678248,12.0
1233,3.8508331328609606,18.11674550343492,18.521484375,-0.3894480015951791,12.0
1234,3.5664884487373705,18.347992471863563,18.69140625,-0.13522500055388162,11.0
1235,3.5664884487373705,18.347992471863563,18.69140625,-0.2524200010339123,11.0
1236,3.5664884487373705,18.347992471863563,18.69140625,0.0,11.0
1237,3.2088453534204,18.19826631481788,18.47900390625,-0.1081800004431053,10.0
1238,3.5124507449686226,18.069992585926236,18.408203125,-0.10818000044310531,11.0
1239,3.245728633344772,18.40744178970084,18.69140625,0.7212000029540352,10.0
1240,3.161423993517635,17.92932641853978,18.205915178571427,-0.0618171431103459,10.0
1241,3.5664884487373705,18.347992471863563,18.69140625,0.07212000029540352,11.0
1242,3.8420009467764173,18.07519333484906,18.47900390625,-0.08113500033232895,12.0
1243,3.5664884487373705,18.347992471863563,18.69140625,0.05409000022155265,11.0
1244,3.2088453534204,18.19826631481788,18.47900390625,-0.18931500077543426,10.0
1245,3.28788095325834,18.64649947528137,18.934151785714285,-0.09272571466551884,10.0
1246,3.319495193193517,18.82579273946677,19.1162109375,-0.05409000022155268,10.0
1247,2.89739849995412,18.29345416770252,18.521484375,-0.15145200062034742,9.0
1248,2.5750647977116277,18.322538094814735,18.502604166666668,-0.19232000078774272,8.0
1249,2.923980137568378,18.461284022452087,18.69140625,-0.21636000088621057,9.0
1250,3.1897965137109576,20.13958256994773,20.390625,-0.4759920019496633,9.0
1251,2.923980137568378,18.461284022452087,18.69140625,-0.14424000059080705,9.0
1252,2.8353746788541847,17.90185117328687,18.125,-0.14424000059080708,9.0
1253,2.2779094070063697,18.552083342202053,18.69140625,-0.6490800026586317,7.0
1253,2.2779094070063697,18.552083342202053,18.69140625,0.43272000177242115,7.0
1254,2.579842283421667,18.356531671985074,18.536931818181817,-0.03933818197931102,8.0
1255,1.2005582149870613,22.908015401743103,22.939453125,-1.5145200062034743,3.0
1255,2.5619267120090172,18.22905575759629,18.408203125,-0.4687800019201229,8.0
1256,2.1743680703242623,17.708806826647415,17.841796875,-0.2163600008862106,7.0
1257,1.5409096055587055,22.036034000856663,22.08984375,-1.7308800070896846,4.0
1257,2.542219583455102,18.088832251768626,18.2666015625,-0.16227000066465794,8.0
1258,2.571780276285975,18.299167510510124,18.47900390625,-0.18931500077543428,8.0
1259,2.2261387386653158,18.130445084424736,18.2666015625,-0.24340500099698692,7.0
1260,2.218742928902308,18.0702110475994,18.205915178571427,-0.12363428622069181,7.0
1261,2.6959351861756424,19.182575597224403,19.37109375,-0.8221680033676002,8.0
1262,1.1560930959134663,22.05957038686373,22.08984375,-2.3799600097483165,3.0
1262,2.5540438605874507,18.172966355265224,18.3515625,0.12981600053172632,8.0
1263,1.5550150585934714,17.773903451304875,17.841796875,-0.21636000088621057,5.0
1263,1.1560930959134663,22.05957038686373,22.08984375,-2.3799600097483165,3.0
1264,2.2261387386653158,18.130445084424736,18.2666015625,-0.24340500099698692,7.0
1265,2.601340969116848,18.50950276925162,18.69140625,-0.43272000177242115,8.0
1266,2.218742928902308,18.0702110475994,18.205915178571427,-0.2472685724413835,7.0
1267,2.2779094070063697,18.552083342202053,18.69140625,-1.3877787807814457e-17,7.0
1268,2.220209058663538,21.12387814869135,21.240234375,-2.596320010634527,6.0
1268,1.9030363359973181,18.10618127030687,18.205915178571427,0.09272571466551881,6.0
1269,2.236492872333527,18.214772735980198,18.3515625,0.08654400035448423,7.0
1270,2.218742928902308,18.0702110475994,18.205915178571427,-0.1545428577758647,7.0
1271,1.9182606266852968,18.251030720469327,18.3515625,-0.08654400035448424,6.0
1272,1.9340487799913488,18.401244965082245,18.502604166666668,-0.09616000039387138,6.0
1273,1.894578396726219,18.025709353549953,18.125,-0.12020000049233921,6.0
1274,1.9182606266852968,18.251030720469327,18.3515625,-0.04327200017724213,6.0
1275,1.9537839716239136,18.589012770848388,18.69140625,-9.25185853854297e-18,6.0
1276,1.9241811841750662,18.30736106219917,18.408203125,-0.03606000014770178,6.0
1277,1.9537839716239136,18.589012770848388,18.69140625,-0.3090857155517294,6.0
1278,1.9537839716239136,18.589012770848388,18.69140625,-0.36781200150655796,6.0
1279,1.9537839716239136,18.589012770848388,18.69140625,-0.3515850014400922,6.0
1280,2.208881849218298,17.989898998498962,18.125,-0.024040000098467844,7.0
1281,2.254900221077013,18.36468856096769,18.502604166666668,-0.38464000157548545,7.0
1282,2.2433956281123337,18.270991170350506,18.408203125,-0.6130200025109299,7.0
1283,2.2002534044947892,17.919625955536073,18.05419921875,-0.5949900024370791,7.0
1284,1.9537839716239136,18.589012770848388,18.69140625,-0.5409000022155265,6.0
1285,1.9315818810372782,18.377773989361476,18.47900390625,-0.6220350025478554,6.0
1286,1.894578396726219,18.025709353549953,18.125,-0.5529200022647605,6.0
1287,1.5550150585934714,17.773903451304875,17.841796875,-0.778896003190358,5.0
1288,1.5550150585934714,17.773903451304875,17.841796875,-0.7031700028801844,5.0
1289,1.864975609277372,17.744057644900735,17.841796875,-0.5409000022155265,6.0
1290,2.208881849218298,17.989898998498962,18.125,-0.7933200032494387,7.0
1291,1.510586056919372,17.26607763841045,17.33203125,-0.5625360023041475,5.0
1292,1.4809667224699727,16.927527096480834,16.9921875,-0.757260003101737,5.0
1293,1.8269148825574257,17.3819340194946,17.477678571428573,-0.6181714311034588,6.0
1294,1.5303322798856385,17.49177799969686,17.55859375,-0.5529200022647605,5.0
1295,1.4994788065008473,17.13912118518684,17.20458984375,-0.6761250027694081,5.0
1296,1.4994788065008473,17.13912118518684,17.20458984375,-0.8383950034340659,5.0
1297,1.4809667224699727,16.927527096480834,16.9921875,-0.757260003101737,5.0
1298,1.4994788065008473,17.13912118518684,17.20458984375,-1.1088450045418292,5.0
1299,1.517990890531722,17.350715273892853,17.4169921875,-1.0998300045049039,5.0
1300,1.517990890531722,17.350715273892853,17.4169921875,-0.8293800033971408,5.0
1301,1.4809667224699727,16.927527096480834,16.9921875,-1.3414320054945055,5.0
1302,1.185315081199004,16.950795385274358,16.9921875,-1.3414320054945055,4.0
1303,0.9004186612402959,17.18101155130733,17.20458984375,-0.8654400035448423,3.0
1304,0.8893023814718972,16.968900297587485,16.9921875,-0.9952560040765686,3.0
1305,1.494430056310609,17.081413706448842,17.146661931818183,-1.0031236404724309,5.0
1306,1.185315081199004,16.950795385274358,16.9921875,-0.8654400035448424,4.0
1307,1.4809667224699727,16.927527096480834,16.9921875,-0.8654400035448424,5.0
1308,1.126049327139054,16.10325561601064,16.142578125,-3.0290400124069485,4.0
1308,1.1704986426840167,16.738910442958428,16.77978515625,-1.0547550043202767,4.0
1309,1.185315081199004,16.950795385274358,16.9921875,-1.2981600053172633,4.0
1310,1.4513473880205734,16.588976554551216,16.65234375,-1.0168920041651899,5.0
1311,1.4624546384390982,16.715933007774822,16.77978515625,-1.3252050054280398,5.0
1312,1.4624546384390982,16.715933007774822,16.77978515625,-1.2711150052064872,5.0
1313,1.185315081199004,16.950795385274358,16.9921875,-1.1358900046526055,4.0
1314,1.126049327139054,16.10325561601064,16.142578125,-1.0818000044310527,4.0
1314,1.126049327139054,16.10325561601064,16.142578125,-2.3799600097483165,4.0
1315,1.1514489360218896,16.466486945695088,16.506696428571427,-1.0818000044310527,4.0
1316,1.161608779575024,16.61177947756887,16.65234375,-0.778896003190358,4.0
1317,1.1514489360218896,16.466486945695088,16.506696428571427,-0.8963485751000153,4.0
1318,0.8596589687561673,16.4032702876679,16.42578125,-0.9616000039387137,3.0
1319,0.27537209375791927,15.776056685573081,15.778459821428571,-1.6381542924241657,1.0
1320,0.0,15.756392045454545,15.756392045454545,-1.8095563710483065,0.0
1321,0.0,15.29296875,15.29296875,-1.7308800070896844,0.0
1322,0.8003721433247075,15.272010267828737,15.29296875,-1.4063400057603686,3.0
1323,0.8003721433247075,15.272010267828737,15.29296875,-1.5866400064988777,3.0
1324,0.8003721433247075,15.272010267828737,15.29296875,-1.8174240074441692,3.0
1325,0.8151938496825725,15.554825272788529,15.576171875,-1.1178600045787546,3.0
1326,1.083716645667661,15.497870066536555,15.535714285714286,-0.8345314319896694,4.0
1327,1.0816000115940914,15.46760078906285,15.50537109375,-0.8654400035448423,4.0
1328,1.0816000115940914,15.46760078906285,15.50537109375,-0.8924850036556187,4.0
1329,1.0865388244324206,15.53822910316816,15.576171875,-1.2260400050218596,4.0
1330,1.0667835730791038,15.25571584674692,15.29296875,-1.2981600053172633,4.0
1331,1.0560079814318402,15.101617706880791,15.138494318181818,-1.3768363692758854,4.0
1332,0.7825860956952695,14.932632261876988,14.953125,-1.1899800048741582,3.0
1333,0.7670233040195114,14.635676506669206,14.65576171875,-1.5415650063142503,3.0
1334,0.7114419051775177,13.575120238069989,13.59375,-6.274440025700107,3.0
1334,1.0519671345641162,15.043830904430992,15.08056640625,-1.3252050054280398,4.0
1335,1.0498505004905465,15.013561626957287,15.050223214285714,-1.4527028630931278,4.0
1336,1.0519671345641162,15.043830904430992,15.08056640625,-1.2711150052064872,4.0
1337,1.0667835730791038,15.25571584674692,15.29296875,-0.8654400035448424,4.0
1338,-0.2504238527849796,14.346772917478427,14.348958333333334,-1.2020000049233923,-1.0
1339,0.25207137813224917,14.441159581409206,14.443359375,-1.1899800048741582,1.0
1340,1.0272730703724702,14.690689333904443,14.7265625,-1.202000004923392,4.0
1341,0.7559070242511126,14.423565252949363,14.443359375,-1.2981600053172635,3.0
1342,0.7559070242511126,14.423565252949363,14.443359375,-1.4279760058489896,3.0
1343,1.0075178190191536,14.408176077483203,14.443359375,-1.3522500055388162,4.0
1344,0.7470140004363937,14.253876249973487,14.2734375,-1.2548880051400215,3.0
1345,0.7225581849459165,13.787231491789832,13.80615234375,-1.7579250072004609,3.0
1346,0.7114419051775177,13.575120238069989,13.59375,-5.841720023927686,3.0
1346,0.7410853178932476,14.14075024798957,14.16015625,-1.202000004923392,3.0
1347,0.9482520649592033,13.560636308219486,13.59375,-1.189980004874158,4.0
1348,0.7213230427494277,13.763663574709849,13.782552083333334,-0.913520003741778,3.0
1349,0.4818277681949292,13.79774200877194,13.80615234375,-1.0818000044310527,2.0
1350,0.7114419051775177,13.575120238069989,13.59375,-0.9736200039879477,3.0
1351,0.9614222325280812,13.74897847916698,13.782552083333334,-1.1779600048249241,4.0
1352,0.9482520649592033,13.560636308219486,13.59375,-1.2981600053172635,4.0
1353,0.9482520649592033,13.560636308219486,13.59375,-1.3414320054945055,4.0
1354,0.47441503329962253,13.585469054790833,13.59375,-1.514520006203474,2.0
1355,0.6987375854422049,13.33270737667588,13.351004464285714,-1.2363428622069177,3.0
1356,0.46782593561490554,13.396781984585404,13.404947916666666,-1.370280005612667,2.0
1357,0.7114419051775177,13.575120238069989,13.59375,-1.2981600053172633,3.0
1358,0.7114419051775177,13.575120238069989,13.59375,-1.1899800048741582,3.0
1359,0.6936558575480798,13.235742232118238,13.25390625,-0.9519840038993266,3.0
1360,0.23724365000682274,13.591679606032194,13.59375,-4.110840016838001,1.0
1360,0.23353671797546613,13.37930961218794,13.38134765625,-1.1088450045418292,1.0
1361,0.45747163925320744,13.100273731405446,13.108258928571429,-1.0818000044310527,2.0
1362,0.2224159218813963,12.742199630655183,12.744140625,-1.3847040056717475,1.0
1363,0.4546477402454716,13.019407844174548,13.02734375,-1.3943200057111347,2.0
1364,0.6892093456407203,13.150897730630302,13.1689453125,-1.433385005871145,3.0
1365,0.2112951257873265,12.105089649122423,12.10693359375,-1.1088450045418292,1.0
1366,0.4348804471913207,12.453346633558263,12.4609375,-1.202000004923392,2.0
1367,0.4348804471913207,12.453346633558263,12.4609375,-1.4784600060557722,2.0
1368,0.4348804471913207,12.453346633558263,12.4609375,-0.8654400035448423,2.0
1369,0.42252588903247634,12.099558376923085,12.10693359375,-1.1088450045418292,2.0
1370,0.2112951257873265,12.105089649122423,12.10693359375,-1.0547550043202765,1.0
1371,-0.8635867020164173,12.349865209271316,12.380022321428571,-0.8963485751000153,-4.0
1372,-1.011993927021148,11.567143515928569,11.611328125,-1.1178600045787546,-5.0
1373,-0.4151131541371697,11.887285422941979,11.89453125,-1.081800004431053,-2.0
1374,0.2075881937559699,11.892719655278169,11.89453125,-1.1899800048741582,1.0
1375,0.2075881937559699,11.892719655278169,11.89453125,-1.2981600053172633,1.0
1376,0.42252588903247634,12.099558376923085,12.10693359375,-1.3252050054280398,2.0
1377,0.6336279467987267,12.090341462031082,12.10693359375,-1.2981600053172635,3.0
1378,0.2075881937559699,11.892719655278169,11.89453125,-1.2981600053172633,1.0
1379,0.4151131541371697,11.887285422941979,11.89453125,-1.2981600053172633,2.0
1380,0.2075881937559699,11.892719655278169,11.89453125,-1.081800004431053,1.0
1381,-0.8297205568393029,11.86555676969205,11.89453125,6.490800026586318,-4.0
1381,-0.7941611044033328,11.357032908133819,11.384765625,-1.1683440047855371,-4.0
1382,0.17793273750511704,10.193759704524146,10.1953125,3.245400013293159,1.0
1382,0.19276046563054347,11.043239679901157,11.044921875,-1.1088450045418292,1.0
1383,0.0,11.044921875,11.044921875,3.245400013293159,0.0
1383,0.0,11.4697265625,11.4697265625,-1.2440700050957108,0.0
1384,-0.17793273750511704,10.193759704524146,10.1953125,3.245400013293159,-1.0
1384,0.4151131541371697,11.887285422941979,11.89453125,-1.514520006203474,2.0
1385,0.19276046563054347,11.043239679901157,11.044921875,-5.841720023927686,1.0
1385,0.39816976009075467,11.402090099556592,11.409040178571429,-1.5145200062034743,2.0
1386,0.39816976009075467,11.402090099556592,11.409040178571429,-1.3290685768724362,2.0
1387,0.3953458610830188,11.321224212325694,11.328125,-1.4424000059080706,2.0
1388,0.40325277830467915,11.547648696572208,11.5546875,-1.1683440047855371,2.0
1389,0.2075881937559699,11.892719655278169,11.89453125,-10.168920041651896,1.0
1389,0.0,11.044921875,11.044921875,-1.1539200047264562,0.0
1390,0.0,10.967684659090908,10.967684659090908,-0.8851090945344976,0.0
1391,0.0,10.1953125,10.1953125,6.274440025700107,0.0
1391,0.0,10.384114583333334,10.384114583333334,-1.033720004234117,0.0
1392,0.0,10.875,10.875,-1.1683440047855371,0.0
1393,0.0,10.1953125,10.1953125,-1.146708004696916,0.0
1394,0.1821692312552389,10.436468268917578,10.438058035714286,-1.2363428622069175,1.0
1395,0.18089828313020234,10.363655699599548,10.365234375,-1.2765240052286424,1.0
1396,-0.7404833612349864,8.463763548240417,8.49609375,-6.058080024813897,-5.0
1396,0.17793273750511704,10.193759704524146,10.1953125,-1.4063400057603688,1.0
1397,0.0,10.1953125,10.1953125,-1.3290685768724366,0.0
1398,-0.7404833612349864,8.463763548240417,8.49609375,-6.490800026586318,-5.0
1398,0.1752367869368577,10.039308799910144,10.040838068181818,-1.612865461151752,1.0
1399,0.18163966953647365,10.406129698368398,10.40771484375,-1.1088450045418292,1.0
1400,0.0,10.1953125,10.1953125,-0.9087120037220844,0.0
1401,0.17793273750511704,10.193759704524146,10.1953125,-1.0385280042538108,1.0
1402,0.17793273750511704,10.193759704524146,10.1953125,-1.125072004608295,1.0
1403,0.35581127497471693,10.189101791093124,10.1953125,-1.2363428622069175,2.0
1404,0.35581127497471693,10.189101791093124,10.1953125,-1.2981600053172633,2.0
1405,0.17299016146330826,9.910599712731807,9.912109375,-1.3342200054649653,1.0
1406,-0.2965093958122641,8.49091815924427,8.49609375,-6.707160027472528,-2.0
1406,0.17463768681057784,10.004986376662586,10.006510416666666,-1.4424000059080706,1.0
1407,-0.7104668987723322,6.759641007581233,6.796875,-6.707160027472528,-6.0
1407,0.17546144948421266,10.052179708627976,10.0537109375,-1.1719500048003073,1.0
1408,0.0,9.345703125,9.345703125,-1.6227000066465793,0.0
1409,0.17299016146330826,9.910599712731807,9.912109375,-1.1178600045787546,1.0
1410,0.1482772812542642,8.49479975377012,8.49609375,-2.3799600097483165,1.0
1410,0.35581127497471693,10.189101791093124,10.1953125,-0.6490800026586317,2.0
1411,0.17463768681057784,10.004986376662586,10.006510416666666,-1.1058400045295207,1.0
1412,0.17422580547376046,9.981389710679892,9.98291015625,-1.0547550043202767,1.0
1413,0.17422580547376046,9.981389710679892,9.98291015625,-1.1088450045418292,1.0
1414,-0.7104668987723322,6.759641007581233,6.796875,-9.952560040765686,-6.0
1414,0.16804758542149945,9.62743972093947,9.62890625,-1.3943200057111347,1.0
1415,0.16310500937969064,9.344279729147134,9.345703125,-1.4604300059819213,1.0
1416,0.3261603353934905,9.340009975168698,9.345703125,-1.4604300059819213,2.0
1417,0.16310500937969064,9.344279729147134,9.345703125,-1.5866400064988777,1.0
1418,-1.5392656100335462,5.744617462988697,5.947265625,-6.707160027472528,-15.0
1418,0.0,8.49609375,8.49609375,-1.449612005937611,0.0
1419,-1.4387737736347426,5.770606418965643,5.947265625,-6.490800026586318,-14.0
1419,0.0,8.9208984375,8.9208984375,-1.514520006203474,0.0
1420,-1.146723148120093,4.967003650565359,5.09765625,-7.1398800292449485,-13.0
1420,0.15675026875450787,8.980216882556984,8.981584821428571,-1.0508914328758798,1.0
1421,0.0,8.70849609375,8.70849609375,-1.1088450045418292,0.0
1422,-1.4051044896139997,4.900181692185571,5.09765625,-2.596320010634527,-16.0
1422,0.1482772812542642,8.49479975377012,8.49609375,-1.125072004608295,1.0
1423,0.1519842132856208,8.707169747614374,8.70849609375,-1.1088450045418292,1.0
1424,-1.4051044896139997,4.900181692185571,5.09765625,-2.3799600097483165,-16.0
1424,0.0,8.49609375,8.49609375,-1.2363428622069175,0.0
1425,0.1482772812542642,8.49479975377012,8.49609375,13.630680055831265,1.0
1425,0.1445703492229076,8.282429759925868,8.28369140625,-1.3252050054280398,1.0
1426,-1.4904104479030136,4.874912916139692,5.09765625,-2.3799600097483165,-17.0
1426,0.1482772812542642,8.49479975377012,8.49609375,-1.4527028630931282,1.0
1427,0.1374934789812268,7.876996135314112,7.8781960227272725,-1.4948509152138185,1.0
1428,0.1482772812542642,8.49479975377012,8.49609375,10.168920041651896,1.0
1428,0.1445703492229076,8.282429759925868,8.28369140625,-1.4874750060926978,1.0
1429,0.1482772812542642,8.49479975377012,8.49609375,-1.189980004874158,1.0
1430,0.1482772812542642,8.49479975377012,8.49609375,-0.8036228604344965,1.0
1431,-0.5923866889879891,6.771010838592333,6.796875,-1.3943200057111347,-5.0
1432,0.29111831588840476,8.336537829076192,8.341619318181818,-1.0031236404724309,2.0
1433,-1.3278753194752664,3.1282782129047777,3.3984375,-6.058080024813897,-23.0
1433,0.2890966609169575,8.278645205263164,8.28369140625,-1.1088450045418292,2.0
1434,0.1445703492229076,8.282429759925868,8.28369140625,-1.1088450045418292,1.0
1435,0.14404078750414237,8.252091189376689,8.253348214285714,-1.2363428622069175,1.0
1436,0.13980429375402054,8.009382624983257,8.010602678571429,-1.2981600053172635,1.0
1437,0.0,7.646484375,7.646484375,-1.4279760058489896,0.0
1438,0.0,7.646484375,7.646484375,-1.4279760058489896,0.0
1439,0.13641509875392308,7.815215773468512,7.81640625,-1.7308800070896848,1.0
1440,0.0,7.646484375,7.646484375,-1.514520006203474,0.0
1441,0.0,7.36328125,7.36328125,-0.9856400040371815,0.0
1442,-0.12232875703476798,7.00820979686035,7.00927734375,-1.1088450045418292,-1.0
1443,0.0,7.00927734375,7.00927734375,-1.0818000044310527,0.0
1444,-0.128506977087029,7.362159786600771,7.36328125,-1.202000004923392,-1.0
1445,0.0,7.00927734375,7.00927734375,-1.4874750060926978,0.0
1446,0.0,6.796875,6.796875,-1.4063400057603688,0.0
1447,-0.0,0.0,0.0,1.7308800070896846,-37.0
1447,0.0,6.3720703125,6.3720703125,-1.4604300059819213,0.0
1448,0.0,6.796875,6.796875,-1.5145200062034743,0.0
1449,-0.11862182500341137,6.795839803016097,6.796875,-1.514520006203474,-1.0
1450,-0.11862182500341137,6.795839803016097,6.796875,-1.4751818242241628,-1.0
1451,0.0,5.947265625,5.947265625,-2.3799600097483165,0.0
1451,-0.11862182500341137,6.795839803016097,6.796875,-1.1436171475413985,-1.0
1452,0.0,6.796875,6.796875,-12.548880051400214,0.0
1452,0.0,6.487926136363637,6.487926136363637,-0.9047781855241535,0.0
1453,0.0,6.796875,6.796875,-13.630680055831265,0.0
1453,0.0,6.45703125,6.45703125,-1.0168920041651899,0.0
1454,-0.11532677430887217,6.607066475154539,6.608072916666667,-1.22604000502186,-1.0
1455,-0.11491489297205476,6.583469809171844,6.58447265625,-1.2711150052064872,-1.0
1456,-0.11862182500341137,6.795839803016097,6.796875,-1.125072004608295,-1.0
1457,-0.11120796094069815,6.371099815327591,6.3720703125,-1.3522500055388162,-1.0
1458,-0.23720751664981127,6.7927345273954165,6.796875,9.519840038993266,-2.0
1458,-0.22979478175450468,6.5804615734143095,6.58447265625,-1.3252050054280398,-2.0
1459,-0.2253471408173207,6.4530978010256455,6.45703125,-1.4063400057603688,-2.0
1460,-0.33793490495932094,6.448182113083244,6.45703125,-1.1899800048741582,-3.0
1461,-0.20755657706858485,5.943642711470989,5.947265625,-1.6227000066465789,-2.0
1462,-0.311255833515164,5.939115104155619,5.947265625,-0.9375600038402458,-3.0
1463,-0.311255833515164,5.939115104155619,5.947265625,-0.9736200039879477,-3.0
1464,-0.29219935391219476,5.575495812064459,5.583147321428571,-1.1127085759862256,-3.0
1465,-0.2845767620710071,5.4300480952279955,5.4375,-1.1899800048741582,-3.0
1466,-0.35559452435970124,5.085238615582307,5.09765625,12.981600053172636,-4.0
1466,-0.3793008259836813,5.424254523287794,5.4375,-1.211616004962779,-4.0
1467,-0.2845767620710071,5.4300480952279955,5.4375,-1.4063400057603688,-3.0
1468,-0.29219935391219476,5.575495812064459,5.583147321428571,-1.3290685768724362,-3.0
1469,-0.26679071444156915,5.090670089276245,5.09765625,12.116160049627794,-3.0
1469,-0.2779069942099679,5.302781342996089,5.31005859375,-1.3252050054280398,-3.0
1470,-0.4440418117327076,4.224775629738271,4.248046875,-1.4063400057603677,-6.0
1470,-0.17790563748735846,5.094550895546562,5.09765625,-1.4527028630931282,-2.0
1471,-0.17790563748735846,5.094550895546562,5.09765625,-1.3414320054945055,-2.0
1472,-0.17790563748735846,5.094550895546562,5.09765625,-1.1629350047633817,-2.0
1473,-0.17790563748735846,5.094550895546562,5.09765625,-1.081800004431053,-2.0
1474,-0.08896636875255852,5.096879852262073,5.09765625,-1.125072004608295,-1.0
1475,-0.08896636875255852,5.096879852262073,5.09765625,-1.125072004608295,-1.0
1476,-0.26679071444156915,5.090670089276245,5.09765625,-1.125072004608295,-3.0
1477,-0.4278348309357699,4.890174494538908,4.908854166666667,-1.1539200047264564,-5.0
1478,-0.2490046668121312,4.751292083324496,4.7578125,-1.4063400057603688,-3.0
1479,-0.44429001674099183,5.07825812894425,5.09765625,12.116160049627794,-5.0
1479,-0.40197668181327834,4.594614497616226,4.612165178571429,-1.2981600053172635,-5.0
1480,-0.3407780858447137,4.873353673266378,4.88525390625,-1.2711150052064872,-4.0
1481,-0.49732682914063253,4.731748705306863,4.7578125,-1.1899800048741582,-6.0
1482,-0.47364459918155477,4.506427338387488,4.53125,-1.1779600048249241,-6.0
1483,-0.7642220814099169,4.825108324049977,4.88525390625,-1.0818000044310527,-9.0
1484,-0.8008940783578009,4.542096026030078,4.612165178571429,-0.8963485751000153,-10.0
1485,-0.9321503900109037,4.795498032418886,4.88525390625,-1.0547550043202767,-11.0
1486,-0.9892048414688707,4.65384288161631,4.7578125,-1.1899800048741582,-12.0
1487,-0.8122622299183992,3.518294252483796,3.61083984375,-1.3252050054280398,-13.0
1488,-0.8918957818711835,3.863225061550835,3.96484375,-1.202000004923392,-13.0
1489,-0.8409303086214016,3.6424693437479303,3.73828125,-1.4063400057603688,-13.0
1490,-0.8409303086214016,3.6424693437479303,3.73828125,-1.4063400057603688,-13.0
1491,-0.7644820987467287,3.311335767043573,3.3984375,-1.2981600053172633,-13.0
1492,-0.7644820987467287,3.311335767043573,3.3984375,-3.606000014770176,-13.0
1492,-0.8339804713600677,3.6123662913202614,3.7073863636363638,-1.3178290963069188,-13.0
1493,-0.8122622299183992,3.518294252483796,3.61083984375,-1.1088450045418292,-13.0
1494,-0.8221564420769958,3.2974893822660816,3.3984375,-1.081800004431053,-14.0
1495,-0.8795803485905979,3.2826385502792554,3.3984375,-0.9637854584931198,-15.0
1496,-0.9367363264093331,3.2667877947903805,3.3984375,-1.0385280042538108,-16.0
1497,-0.9367363264093331,3.2667877947903805,3.3984375,-1.189980004874158,-16.0
1498,-0.8795803485905979,3.2826385502792554,3.3984375,-1.081800004431053,-15.0
1499,-0.9936069652686758,3.2499419440931283,3.3984375,-1.2363428622069175,-17.0
1500,-0.8846954193865924,3.0852995839686925,3.2096354166666665,-1.1539200047264564,-16.0
1501,-1.1623340808333273,3.1934866409521105,3.3984375,-1.2981600053172633,-20.0
1502,-1.09120893841019,2.700836897789414,2.9129464285714284,-1.0818000044310527,-22.0
1503,-1.4362417488844084,3.080030370007365,3.3984375,-1.2981600053172633,-25.0
1504,-1.4362417488844084,3.080030370007365,3.3984375,-0.7356240030131159,-25.0
1505,-1.4897769441660051,3.0544953917198256,3.3984375,-3.4617600141793683,-26.0
1505,-1.4897769441660051,3.0544953917198256,3.3984375,-0.757260003101737,-26.0
1506,-1.3407992497494048,2.7490458525478427,3.05859375,-0.9736200039879478,-26.0
1507,-1.3675455121330078,2.571979037234151,2.9129464285714284,-0.8654400035448423,-28.0
1508,-1.5560621274833604,2.8072103881492323,3.2096354166666665,-1.0096800041356495,-29.0
1509,-1.2814629285157086,2.311820319652309,2.6432291666666665,-1.033720004234117,-29.0
1510,-1.189929862193158,2.1466902968200015,2.4544270833333335,-0.9616000039387136,-29.0
1511,-1.2744140624999998,2.2073499061302586,2.548828125,-1.0818000044310527,-30.0
1512,-1.500278320887546,2.49688242726843,2.9129464285714284,-1.0818000044310527,-31.0
1513,-1.0130048434926744,1.6211466291271521,1.91162109375,-1.0547550043202767,-32.0
1514,-1.200598333028355,1.9213589678544025,2.265625,-0.7692800031509709,-32.0
1515,-1.2216742282857,1.8112065270943016,2.1847098214285716,-0.8654400035448423,-34.0
1516,-1.0689649497499873,1.5848057112075138,1.91162109375,-0.8383950034340659,-34.0
1517,-1.2339478137059208,1.9001130055013513,2.265625,-0.8173600033479067,-33.0
1518,-0.0,0.0,0.0,0.8654400035448423,-36.0
1518,-0.974631835205879,1.3919185127566853,1.69921875,-0.7108971457689776,-35.0
1519,-1.0829242613398655,1.5465761252852057,1.8880208333333333,-0.7212000029540353,-35.0
1520,-0.0,0.0,0.0,0.8654400035448423,-36.0
1520,-1.096460814606614,1.565908326851271,1.91162109375,-0.8383950034340659,-35.0
1521,-0.0,0.0,0.0,0.8654400035448423,-39.0
1521,-1.0922367586470492,1.3016770810810758,1.69921875,-0.8654400035448423,-40.0
1522,-0.0,0.0,0.0,0.8654400035448423,-39.0
1522,-1.069353008229216,1.3205409891944622,1.69921875,-0.9736200039879476,-39.0
1523,-0.0,0.0,0.0,0.8654400035448423,-42.0
1523,-1.1147878031674636,1.2824166695191634,1.69921875,-0.8654400035448424,-41.0
1524,-1.1369992725238411,1.262765621416666,1.69921875,9.303480038107056,-42.0
1524,-1.1369992725238411,1.262765621416666,1.69921875,-0.8654400035448424,-42.0
1525,-0.0,0.0,0.0,0.6490800026586317,-44.0
1525,-1.1588644008874487,1.2427299226731998,1.69921875,-0.757260003101737,-43.0
1526,-1.287627112097165,1.3808110251924441,1.8880208333333333,-0.5769600023632282,-43.0
1527,-1.2223156763566925,1.1803765279283742,1.69921875,-0.5872628595482858,-46.0
1528,-0.0,0.0,0.0,0.6490800026586317,-49.0
1528,-1.4912759072078399,1.3906372810649383,2.0390625,-0.5625360023041475,-47.0
1529,-0.0,0.0,0.0,0.6490800026586317,-50.0
1529,1.6068031772762066,1.255372227031225,2.0390625,-0.5625360023041475,52.0
1530,1.221350789779356,0.9203538342344803,1.529296875,-0.5409000022155265,53.0
1531,-0.0,0.0,0.0,0.6490800026586317,-53.0
1531,1.3919185127566853,0.974631835205879,1.69921875,-0.5872628595482858,55.0
1532,1.2608918226544519,0.7878926560498579,1.48681640625,-0.6761250027694081,58.0
1533,-0.0,0.0,0.0,0.6490800026586317,-53.0
1533,1.4410192258908021,0.9004487497712661,1.69921875,-0.757260003101737,58.0
1534,-0.0,0.0,0.0,0.6490800026586317,-61.0
1534,1.5140149922732031,0.7714291694793081,1.69921875,-0.5409000022155265,63.0
1535,1.1207927312484016,0.7003490275998736,1.3216145833333333,-0.36060000147701765,58.0
1536,1.8168179907278437,0.9257150033751697,2.0390625,-0.3461760014179369,63.0
1537,1.3247631182390527,0.6750005232943945,1.48681640625,-0.1081800004431053,63.0
1538,-0.5085211603645807,1.3971504054165484,1.48681640625,0.0,-20.0
1539,-1.6413192751396277,0.43979017429529893,1.69921875,0.10818000044310529,-75.0
1540,-1.6413192751396277,0.43979017429529893,1.69921875,-0.21636000088621057,-75.0
1541,2.177858529860254,0.6244908842728887,2.265625,0.21636000088621057,74.0
1544,0.08893023814718971,1.6968900297587486,1.69921875,0.43272000177242115,3.0
1547,0.6596852614429484,2.4619789127094416,2.548828125,-0.43272000177242115,15.0
1554,0.029655456250852842,1.6989599507540243,1.69921875,0.43272000177242115,1.0
1555,-0.6166173315577469,2.4731170366995614,2.548828125,0.5409000022155265,-14.0
1556,-0.6244908842728887,2.177858529860254,2.265625,0.5048400020678246,-16.0
1558,-2.045230742743289,2.7141128661763467,3.3984375,0.43272000177242115,-37.0
1559,-0.3552334493861661,3.3798205037906164,3.3984375,0.43272000177242115,-6.0
1568,-2.045230742743289,2.7141128661763467,3.3984375,0.8654400035448423,-37.0
1569,-1.7054989087857617,1.894148432124999,2.548828125,1.0818000044310527,-42.0
1570,-1.1966023231163818,2.2504816575798823,2.548828125,0.6490800026586317,-28.0
1571,-1.738296601331173,1.8640948840097997,2.548828125,0.6490800026586317,-43.0
1574,-0.9215127069686099,2.0697514274715174,2.265625,0.5048400020678246,-24.0
1575,-1.3822690604529149,3.1046271412072763,3.3984375,0.5409000022155265,-24.0
1576,-0.6166173315577469,2.4731170366995614,2.548828125,0.8654400035448423,-14.0
1577,-0.5912138566174655,4.206705174829914,4.248046875,0.5409000022155265,-8.0
1582,-0.7452052239515068,2.437456458069846,2.548828125,0.43272000177242115,-17.0
1584,-0.8105655565312206,4.169998289059901,4.248046875,0.6490800026586317,-11.0
1614,-3.905031243243228,3.2767102759411477,5.09765625,0.6490800026586317,-50.0
1680,1.3643991270286093,1.5153187456999992,2.0390625,0.12981600053172634,42.0
1681,1.7817889785032315,0.8690365507635032,1.982421875,-0.10818000044310531,64.0
1682,-1.0873886823390497,1.0140063507765176,1.48681640625,-0.18931500077543426,-47.0
1683,2.0697514274715174,0.9215127069686099,2.265625,-0.2884800011816141,66.0
1684,1.5523135706036382,0.6911345302264574,1.69921875,-0.21636000088621057,66.0
1687,2.409964338197477,0.8298172686847453,2.548828125,0.43272000177242115,71.0
1688,-0.6365385474059443,1.5754881903771583,1.69921875,0.12363428622069174,-22.0
1689,-0.16594411136786058,2.37311135393841,2.37890625,0.346176001417937,-4.0
1690,-1.3731761152506616,1.3731761152506616,1.9419642857142858,0.3090857155517294,-45.0
1691,-1.0195312499999998,1.765879924904207,2.0390625,0.5192640021269054,-30.0
1692,-0.9577137498210034,1.9636041803913165,2.1847098214285716,0.6181714311034588,-26.0
1693,-0.8114793619015516,1.9117255745529196,2.0768229166666665,0.8414000034463744,-23.0
1694,-0.0,0.0,0.0,-0.6490800026586317,-17.0
1694,-0.7448884720830026,1.5272476958599128,1.69921875,0.5949900024370791,-26.0
1695,-0.6166173315577469,2.4731170366995614,2.548828125,0.14424000059080705,-14.0
1696,1.375105135901279,1.327923593919421,1.91162109375,0.40567500166164483,46.0
1697,2.346208659678583,0.9959064896064496,2.548828125,0.8654400035448423,67.0
1698,0.6596852614429484,2.4619789127094416,2.548828125,0.6490800026586317,15.0
1699,0.46836816320466657,1.6333938973951903,1.69921875,0.456760001870889,16.0
1700,-0.5961641791612055,1.949965166455877,2.0390625,0.7356240030131159,-17.0
1701,0.9987757216688509,1.3746968459105553,1.69921875,0.1545428577758647,36.0
1702,-1.2216742282857,1.8112065270943016,2.1847098214285716,0.43272000177242115,-34.0
1703,-1.7705647918925613,1.8334735145350387,2.548828125,0.5409000022155265,-44.0
1704,-1.388191290419161,2.1376271311890203,2.548828125,0.6490800026586317,-33.0
1705,1.3643991270286093,1.5153187456999992,2.0390625,0.5625360023041475,42.0
1706,-0.7025522448069998,2.4500908460927855,2.548828125,0.43272000177242115,-16.0
1707,1.7834042465889242,0.9885571162835468,2.0390625,0.6058080024813897,61.0
1708,2.0186866563642707,1.0285722259724108,2.265625,0.07212000029540352,63.0
1709,2.525531242833332,2.2739985450476823,3.3984375,0.6490800026586317,48.0
1710,1.652527139099724,1.7112419468993694,2.37890625,0.5192640021269054,44.0
1727,-1.7054989087857617,1.894148432124999,2.548828125,-0.43272000177242115,-42.0
1729,-2.138706016458432,2.6410819783889243,3.3984375,0.21636000088621057,-39.0
1731,-1.738296601331173,1.8640948840097997,2.548828125,0.43272000177242115,-43.0
1734,-1.820394597745082,2.169461801801793,2.83203125,0.36060000147701765,-40.0
1750,-1.3127435307766029,2.1847721238598763,2.548828125,-0.21636000088621057,-31.0
1751,-0.9548078211089164,2.3632322855657373,2.548828125,-0.21636000088621057,-22.0
1752,-0.7644820987467287,3.311335767043573,3.3984375,-0.21636000088621057,-13.0
1753,-5.514208666320054,2.2278849159208045,5.947265625,-3.461760014179369,-68.0
1755,-1.9003821328888664,2.8174323754800246,3.3984375,-0.43272000177242115,-34.0
1756,-4.414699812260517,2.5488281250000004,5.09765625,-4.759920019496633,-60.0
1768,-1.664626202781418,2.2911614098509254,2.83203125,-2.9569200121115453,-36.0
1770,-1.2744140624999998,2.2073499061302586,2.548828125,-0.43272000177242115,-30.0
