block,x_position_m,y_position_m,range_m,radial_velocity_mps,angle_deg
2,1.3390026477301722,1.046143522526021,1.69921875,0.43272000177242115,52.0
5,1.6721817047511953,1.923625004278745,2.548828125,0.43272000177242115,41.0
20,2.087877769135028,1.4619477528088185,2.548828125,-0.43272000177242115,55.0
21,-0.3417639121833169,2.1578124182086857,2.1847098214285716,-0.18545142933103764,-9.0
69,1.471566604086839,0.8496093750000002,1.69921875,0.0,60.0
90,-4.2752542623780405,2.776382580838322,5.09765625,-0.8654400035448423,-57.0
99,2.0601932457215746,1.1894531250000002,2.37890625,-0.12981600053172637,60.0
100,1.3746968459105553,0.9987757216688509,1.69921875,-9.25185853854297e-18,54.0
104,-1.036701795339686,2.3284703559054574,2.548828125,0.21636000088621057,-24.0
106,-1.750324707702137,2.913029498479835,3.3984375,0.21636000088621057,-31.0
107,-1.117332708124504,2.2908715437898692,2.548828125,-0.43272000177242115,-26.0
150,-0.6940956452095804,1.0688135655945101,1.2744140625,-0.2163600008862106,-33.0
151,1.1897680240027815,0.4567091544498213,1.2744140625,-0.2163600008862106,69.0
152,-0.3590604372211021,0.7700075925018413,0.849609375,-0.43272000177242115,-25.0
153,-0.7307346471197138,1.9036288384044504,2.0390625,-0.4759920019496633,-21.0
154,-0.0,0.0,0.0,0.6490800026586317,-8.0
154,0.05930187916245282,1.6981836318488541,1.69921875,-0.7031700028801844,2.0
155,-0.0,0.0,0.0,0.6490800026586317,-6.0
155,-1.02102274615958,1.6992672074465704,1.982421875,-0.6130200025109299,-31.0
156,0.7001166278807401,2.154737419731207,2.265625,-0.36060000147701765,18.0
157,0.518350897669843,1.1642351779527287,1.2744140625,-0.2163600008862106,24.0
158,0.30830866577887345,1.2365585183497807,1.2744140625,-0.2163600008862106,14.0
159,-0.4979532448032249,1.1731043298392916,1.2744140625,-0.2163600008862106,-23.0
160,-0.558666354062252,1.1454357718949346,1.2744140625,-0.2163600008862106,-26.0
161,-1.069353008229216,1.3205409891944622,1.69921875,-0.43272000177242115,-39.0
162,-0.5299311650726093,2.4931301151515948,2.548828125,-0.43272000177242115,-12.0
165,-0.2121795158019814,0.5251627301257195,0.56640625,-0.14424000059080705,-22.0
167,0.17761672469308304,1.6899102518953082,1.69921875,-0.43272000177242115,6.0
169,-1.1147878031674636,1.2824166695191634,1.69921875,0.6490800026586317,-41.0
170,1.2250454230463927,0.3512761224034999,1.2744140625,0.21636000088621057,74.0
171,0.907441054108439,0.2602045351137036,0.9440104166666666,0.26444000108314625,74.0
172,-1.2309894563547208,0.3298426307214742,1.2744140625,0.21636000088621057,-75.0
173,1.2250454230463927,0.3512761224034999,1.2744140625,0.21636000088621057,74.0
174,1.3582743742781833,0.6047427139481502,1.48681640625,0.45976500188319747,66.0
175,-0.0,0.0,0.0,-0.6490800026586317,-75.0
175,1.6333938973951903,0.46836816320466657,1.69921875,0.5409000022155265,74.0
176,-0.0,0.0,0.0,-0.8654400035448423,-61.0
176,1.5272476958599128,0.7448884720830027,1.69921875,0.8654400035448422,64.0
177,-0.0,0.0,0.0,-0.9736200039879475,-53.0
177,1.3746968459105553,0.9987757216688509,1.69921875,0.9736200039879476,54.0
178,-0.0,0.0,0.0,-0.8654400035448423,-50.0
178,1.1716273167639006,0.9153755822102683,1.48681640625,0.8924850036556187,52.0
179,-0.0,0.0,0.0,-0.8654400035448423,-48.0
179,1.3016770810810758,1.0922367586470494,1.69921875,0.8654400035448423,50.0
180,-0.0,0.0,0.0,-0.8654400035448423,-44.0
180,-1.1803765279283742,1.2223156763566925,1.69921875,0.9736200039879476,-44.0
181,-1.069353008229216,1.3205409891944622,1.69921875,0.8173600033479066,-39.0
182,-0.0,0.0,0.0,-0.8654400035448423,-39.0
182,-1.069353008229216,1.3205409891944622,1.69921875,0.8654400035448422,-39.0
183,-0.7129020054861439,0.8803606594629748,1.1328125,0.432720001772422,-39.0
183,-1.069353008229216,1.3205409891944622,1.69921875,0.8654400035448422,-39.0
184,-0.49938786083442543,0.6873484229552776,0.849609375,-6.923520028358739,-36.0
184,-0.9987757216688509,1.3746968459105553,1.69921875,1.019982861320707,-36.0
185,-0.49938786083442543,0.6873484229552776,0.849609375,4.110840016838001,-36.0
185,-0.9987757216688509,1.3746968459105553,1.69921875,1.3522500055388162,-36.0
186,-0.3329252405562836,0.45823228197018506,0.56640625,-1.6227000066465795,-36.0
186,-0.974631835205879,1.3919185127566853,1.69921875,1.514520006203474,-35.0
187,-0.3898527340823516,0.5567674051026741,0.6796875,-1.7308800070896848,-35.0
187,-0.974631835205879,1.3919185127566853,1.69921875,1.7308800070896848,-35.0
188,-0.0,0.0,0.0,-1.6767900068681318,-33.0
188,-1.0411434678143707,1.6032203483917653,1.91162109375,1.4874750060926978,-33.0
189,-0.0,0.0,0.0,-1.514520006203474,-35.0
189,-1.1236226868774573,1.5465339516493746,1.91162109375,1.4874750060926978,-36.0
190,-0.0,0.0,0.0,-1.2981600053172635,-33.0
190,-1.0689649497499873,1.5848057112075138,1.91162109375,1.2711150052064872,-34.0
191,-0.0,0.0,0.0,-1.2981600053172635,-33.0
191,-1.388191290419161,2.1376271311890203,2.548828125,1.1539200047264564,-33.0
192,0.0,0.0,0.0,-1.2981600053172635,0.0
192,-0.8496093749999999,1.4715666040868391,1.69921875,1.2981600053172635,-30.0
193,-0.0,0.0,0.0,-1.2981600053172635,-31.0
193,-1.0805384997255194,1.7292230710689622,2.0390625,1.125072004608295,-32.0
194,-1.0290842854528757,1.6468791153037736,1.9419642857142858,1.0818000044310527,-32.0
195,-0.0,0.0,0.0,-1.6227000066465793,-30.0
195,-0.7452052239515068,2.437456458069846,2.548828125,1.4279760058489899,-17.0
196,-0.0,0.0,0.0,-1.7308800070896846,-29.0
196,-0.9959064896064498,2.346208659678583,2.548828125,1.6010640065579582,-23.0
197,-0.0,0.0,0.0,-1.5145200062034743,-28.0
197,-1.1966023231163818,2.2504816575798823,2.548828125,1.5866400064988777,-28.0
198,0.0,0.0,0.0,-1.5145200062034743,0.0
198,-1.3729959948382593,2.4769503424846167,2.83203125,1.4183600058096026,-29.0
199,-0.0,0.0,0.0,-1.5145200062034743,-26.0
199,-0.8298172686847451,2.4099643381974776,2.548828125,1.3522500055388162,-19.0
200,-1.5954697641551758,3.0006422101065096,3.3984375,-13.630680055831265,-28.0
200,-1.5954697641551758,3.0006422101065096,3.3984375,1.2981600053172635,-28.0
201,-1.1457693853306996,2.835878742678885,3.05859375,1.384704005671748,-22.0
202,-1.1623340808333273,3.1934866409521105,3.3984375,-12.981600053172636,-20.0
202,-1.1623340808333273,3.1934866409521105,3.3984375,1.2440700050957108,-20.0
203,-0.9367363264093331,3.2667877947903805,3.3984375,-0.32454000132931426,-16.0
203,-0.8430626937683998,2.9401090153113425,3.05859375,1.1899800048741582,-16.0
204,-0.9936069652686758,3.2499419440931283,3.3984375,12.981600053172636,-17.0
204,-0.9936069652686758,3.2499419440931283,3.3984375,1.3290685768724366,-17.0
205,-0.0,0.0,0.0,-1.5145200062034743,-23.0
205,-0.8846954193865924,3.0852995839686925,3.2096354166666665,1.4424000059080706,-16.0
206,-0.0,0.0,0.0,-1.6227000066465793,-21.0
206,-0.9936069652686758,3.2499419440931283,3.3984375,1.5577920063807162,-17.0
207,-0.0,0.0,0.0,-1.5145200062034743,-22.0
207,-0.8795803485905979,3.2826385502792554,3.3984375,1.6227000066465795,-15.0
208,-0.9345541203775102,3.487803459671709,3.61083984375,1.4874750060926978,-15.0
209,-0.9367363264093331,3.2667877947903805,3.3984375,1.189980004874158,-16.0
210,-0.8735412197068081,3.503582468657712,3.61083984375,1.2981600053172635,-14.0
211,-0.8735412197068081,3.503582468657712,3.61083984375,1.0818000044310527,-14.0
212,-0.9345541203775102,3.487803459671709,3.61083984375,1.1088450045418292,-15.0
213,-0.9396073623737096,3.768559294018379,3.8839285714285716,1.1127085759862259,-14.0
214,-1.0052346841035404,3.751586914604864,3.8839285714285716,1.2981600053172635,-15.0
215,-0.8918957818711835,3.863225061550835,3.96484375,1.394320005711135,-13.0
216,-0.8736938271391186,3.7843837337640833,3.8839285714285716,1.4527028630931282,-13.0
217,-0.955602623433411,4.1391697088044666,4.248046875,1.4604300059819213,-13.0
218,-0.786843305053278,4.462410130836568,4.53125,1.202000004923392,-10.0
219,-0.7974491284277394,5.034895642486933,5.09765625,-11.142540045639844,-9.0
219,-0.7642220814099169,4.825108324049977,4.88525390625,1.2711150052064872,-9.0
220,-0.8261854703059419,4.685530637378396,4.7578125,1.1899800048741582,-10.0
221,-0.7442858531992235,4.699235932987804,4.7578125,1.1899800048741582,-9.0
222,-0.7094566279409585,5.048046209795896,5.09765625,-0.7031700028801846,-8.0
222,-0.6306281137252965,4.487152186485241,4.53125,-13.414320054945057,-8.0
222,-0.6621595194115614,4.711509795809503,4.7578125,0.9736200039879478,-8.0
223,-1.986369258888007,4.0726605222931,4.53125,0.9856400040371815,-26.0
224,-0.5953626859221194,4.848839964439173,4.88525390625,1.3252050054280398,-7.0
225,-0.6212480200926463,5.0596590933278325,5.09765625,1.514520006203474,-7.0
226,-0.6024223225140813,4.906336090499717,4.943181818181818,1.652203643131063,-7.0
227,-0.0,0.0,0.0,-1.5145200062034743,-4.0
227,-0.6831804565357379,4.861081535359011,4.908854166666667,1.6587600067942811,-8.0
228,-0.5328501740792492,5.069730755685924,5.09765625,1.4712480060262318,-6.0
229,-0.5328501740792492,5.069730755685924,5.09765625,1.2981600053172635,-6.0
230,-0.6212480200926463,5.0596590933278325,5.09765625,-13.630680055831265,-7.0
230,-0.6212480200926463,5.0596590933278325,5.09765625,1.3414320054945057,-7.0
231,-0.44429001674099183,5.07825812894425,5.09765625,-4.399320018019615,-5.0
231,-0.4577533505816279,5.2321447389122575,5.252130681818182,1.1998145503689859,-5.0
232,-0.5328501740792492,5.069730755685924,5.09765625,12.981600053172636,-6.0
232,-0.5489971490513476,5.223358960403679,5.252130681818182,1.003123640472431,-6.0
233,-0.6212480200926463,5.0596590933278325,5.09765625,1.081800004431053,-7.0
234,-0.4739093511903913,5.416808670873866,5.4375,1.4063400057603688,-5.0
235,-0.46280210077186645,5.28985221765026,5.31005859375,1.4874750060926978,-5.0
236,-0.5489971490513476,5.223358960403679,5.252130681818182,1.5931963701620964,-6.0
237,-0.6216585364257906,5.914685881633578,5.947265625,1.6227000066465793,-6.0
238,-0.41486027841965145,5.932778384846025,5.947265625,1.3847040056717477,-4.0
239,-0.5923866889879891,6.771010838592333,6.796875,-12.116160049627794,-5.0
239,-0.5289166865964189,6.045545391600298,6.068638392857143,1.2672514337620906,-5.0
240,-0.41486027841965145,5.932778384846025,5.947265625,-0.32454000132931426,-4.0
240,-0.41486027841965145,5.932778384846025,5.947265625,1.2981600053172635,-4.0
241,-0.5183383528644905,5.924634483768291,5.947265625,1.1358900046526055,-5.0
242,-0.47412603247960167,6.780318154109743,6.796875,10.818000044310528,-4.0
242,-0.4402598873024873,6.296009714530475,6.311383928571429,1.1127085759862259,-4.0
243,-0.47412603247960167,6.780318154109743,6.796875,-8.54622003500532,-4.0
243,-0.4504197308556216,6.4413022464042555,6.45703125,1.125072004608295,-4.0
244,-0.33348839305196143,6.363337611595307,6.3720703125,1.2440700050957108,-3.0
245,-0.4504197308556216,6.4413022464042555,6.45703125,1.4063400057603688,-4.0
246,-0.2253471408173207,6.4530978010256455,6.45703125,1.6227000066465795,-2.0
247,-0.4444931554496266,6.356548269477884,6.3720703125,1.4604300059819213,-4.0
248,-0.34460467282036017,6.575448865315151,6.58447265625,1.4874750060926978,-3.0
249,-0.3476363854844689,6.633297389056926,6.642400568181818,1.160476368389675,-3.0
250,-0.35572095258875885,6.787560119034994,6.796875,-4.327200017724211,-3.0
250,-0.35572095258875885,6.787560119034994,6.796875,1.1899800048741582,-3.0
251,-0.47412603247960167,6.780318154109743,6.796875,-9.087120037220846,-4.0
251,-0.47412603247960167,6.780318154109743,6.796875,1.1683440047855371,-4.0
252,-0.35572095258875885,6.787560119034994,6.796875,1.0818000044310532,-3.0
253,-0.48729620004847946,6.968660325057235,6.985677083333333,1.22604000502186,-4.0
254,-0.3735070002181968,7.126938124986744,7.13671875,1.1683440047855371,-3.0
255,-0.35572095258875885,6.787560119034994,6.796875,12.981600053172636,-3.0
255,-0.3656020901606688,6.9761034556748545,6.985677083333333,1.370280005612667,-3.0
256,-0.23720751664981127,6.7927345273954165,6.796875,-13.630680055831265,-2.0
256,-0.25415091069622636,7.2779298507808035,7.282366071428571,1.514520006203474,-2.0
257,-0.24906789248230185,7.1323712537651875,7.13671875,1.4063400057603688,-2.0
258,-0.24462025154511788,7.0050074813765235,7.00927734375,1.3252050054280398,-2.0
259,-0.24906789248230185,7.1323712537651875,7.13671875,1.1899800048741582,-2.0
260,-0.23720751664981127,6.7927345273954165,6.796875,-1.1899800048741573,-2.0
260,-0.23720751664981127,6.7927345273954165,6.796875,1.189980004874158,-2.0
261,-0.1334495531288378,7.645319778393109,7.646484375,1.2116160049627793,-1.0
262,-0.1334495531288378,7.645319778393109,7.646484375,1.1358900046526055,-1.0
263,-0.2668584562310377,7.641826343319844,7.646484375,1.2260400050218598,-2.0
264,-0.1482772812542642,8.49479975377012,8.49609375,-12.548880051400214,-1.0
264,-0.13980429375402054,8.009382624983257,8.010602678571429,1.2981600053172635,-1.0
265,-0.28464901997977354,8.1512814328745,8.15625,1.0168920041651899,-2.0
266,0.35581127497471693,10.189101791093124,10.1953125,5.192640021269054,2.0
266,-0.1445703492229076,8.282429759925868,8.28369140625,1.5415650063142503,-1.0
267,-0.14234619000409365,8.155007763619317,8.15625,1.6227000066465795,-1.0
268,-0.1482772812542642,8.49479975377012,8.49609375,1.5145200062034743,-1.0
269,-0.144982230559725,8.306026425908563,8.307291666666666,1.370280005612667,-1.0
270,-0.1482772812542642,8.49479975377012,8.49609375,1.3792950056495925,-1.0
271,-0.1482772812542642,8.49479975377012,8.49609375,1.1629350047633817,-1.0
272,-0.1445703492229076,8.282429759925868,8.28369140625,1.0818000044310527,-1.0
273,0.0,8.307291666666666,8.307291666666666,1.370280005612667,0.0
274,0.0,8.49609375,8.49609375,1.4712480060262318,0.0
275,0.0,8.684895833333334,8.684895833333334,1.4424000059080706,0.0
276,0.0,8.650568181818182,8.650568181818182,1.652203643131063,0.0
277,-0.15420837250443478,8.834591743920926,8.8359375,1.6227000066465795,-1.0
278,0.0,9.224330357142858,9.224330357142858,1.4836114346483011,0.0
279,0.0,8.981584821428571,8.981584821428571,1.2981600053172635,0.0
280,0.0,8.981584821428571,8.981584821428571,1.2981600053172635,0.0
281,0.0,9.62890625,9.62890625,0.7933200032494387,0.0
282,0.0,9.345703125,9.345703125,1.2116160049627793,0.0
283,0.0,9.345703125,9.345703125,1.2116160049627793,0.0
284,0.0,9.709821428571429,9.709821428571429,1.0818000044310527,0.0
285,0.0,9.345703125,9.345703125,1.2260400050218598,0.0
286,0.0,9.345703125,9.345703125,1.3847040056717477,0.0
287,0.0,9.98291015625,9.98291015625,1.3252050054280398,0.0
288,0.0,10.1953125,10.1953125,-9.519840038993266,0.0
288,0.0,9.709821428571429,9.709821428571429,1.3290685768724366,0.0
289,0.0,10.1953125,10.1953125,1.3522500055388162,0.0
290,0.0,10.1953125,10.1953125,1.0818000044310532,0.0
291,0.0,10.1953125,10.1953125,-13.197960054058845,0.0
291,0.0,10.040838068181818,10.040838068181818,1.160476368389675,0.0
292,0.1752367869368577,10.039308799910144,10.040838068181818,1.160476368389675,1.0
293,0.0,10.1953125,10.1953125,1.1250720046082952,0.0
294,0.0,10.1953125,10.1953125,1.0818000044310532,0.0
295,-0.17793273750511704,10.193759704524146,10.1953125,1.081800004431053,-1.0
296,0.0,10.1953125,10.1953125,1.3599771484276093,0.0
297,-0.17793273750511704,10.193759704524146,10.1953125,1.2981600053172635,-1.0
298,0.0,10.1953125,10.1953125,-3.6781200150655797,0.0
298,0.0,10.384114583333334,10.384114583333334,1.4424000059080706,0.0
299,0.0,10.1953125,10.1953125,1.2981600053172635,0.0
300,0.0,10.1953125,10.1953125,1.189980004874158,0.0
301,0.0,10.478515625,10.478515625,0.901500003692544,0.0
302,0.0,10.1953125,10.1953125,0.8654400035448422,0.0
303,0.0,11.044921875,11.044921875,8.438040034562212,0.0
303,0.0,10.6201171875,10.6201171875,0.7031700028801844,0.0
304,0.0,10.384114583333334,10.384114583333334,0.8173600033479066,0.0
305,0.18781788958873466,10.76007968810882,10.76171875,1.0337200042341173,1.0
306,0.19276046563054347,11.043239679901157,11.044921875,1.1683440047855371,1.0
307,0.19276046563054347,11.043239679901157,11.044921875,1.2981600053172635,1.0
308,-1.3805511557614363,11.24368687406185,11.328125,1.1779600048249241,-7.0
309,0.19276046563054347,11.043239679901157,11.044921875,1.2116160049627793,1.0
310,0.19276046563054347,11.043239679901157,11.044921875,1.2981600053172635,1.0
311,-0.9708559625080931,11.096934429915212,11.139322916666666,0.9616000039387137,-5.0
312,-0.816550389270425,11.677214598744555,11.705729166666666,1.1298800046279884,-4.0
313,-0.7902100541326694,11.300530256849571,11.328125,0.9856400040371815,-4.0
314,-0.8099653054859862,11.58304351327081,11.611328125,0.9015000036925439,-4.0
315,-0.8060142552153229,11.526540861986563,11.5546875,0.9087120037220844,-4.0
316,-0.4097220742133104,11.732905092773901,11.740056818181818,0.9441163675034644,-2.0
317,-0.6144270999260381,11.723967478333172,11.740056818181818,1.160476368389675,-3.0
318,-0.6076899606724631,11.595415203351449,11.611328125,1.3342200054649653,-3.0
319,-0.2075881937559699,11.892719655278169,11.89453125,1.2711150052064872,-1.0
320,-0.2075881937559699,11.892719655278169,11.89453125,1.3414320054945057,-1.0
321,-0.4151131541371697,11.887285422941979,11.89453125,1.1899800048741582,-2.0
322,-0.4151131541371697,11.887285422941979,11.89453125,0.9736200039879476,-2.0
323,-0.622511667030328,11.878230208311239,11.89453125,0.9736200039879476,-3.0
324,-0.4151131541371697,11.887285422941979,11.89453125,0.8654400035448422,-2.0
325,-0.4235848511603773,12.129883084634674,12.137276785714286,0.9581657182103609,-2.0
326,-0.4151131541371697,11.887285422941979,11.89453125,0.9736200039879476,-2.0
327,-0.4320565481835848,12.372480746327366,12.380022321428571,1.0818000044310527,-2.0
328,-0.4348804471913207,12.453346633558263,12.4609375,1.1779600048249241,-2.0
329,-0.4269735299696603,12.22692214931175,12.234375,1.3630680055831266,-2.0
330,-0.853426858463283,12.204572677397536,12.234375,1.1899800048741582,-4.0
331,-0.853426858463283,12.204572677397536,12.234375,1.3630680055831266,-4.0
332,-0.4348804471913207,12.453346633558263,12.4609375,1.394320005711135,-2.0
333,-0.44476409371839615,12.736377238866407,12.744140625,1.0818000044310527,-2.0
334,-0.4405282452067924,12.615078408020059,12.622767857142858,1.0508914328758798,-2.0
335,-0.44476409371839615,12.736377238866407,12.744140625,1.0818000044310527,-2.0
336,0.0,12.865513392857142,12.865513392857142,1.0508914328758798,0.0
337,0.0,13.108258928571429,13.108258928571429,0.8345314319896693,0.0
338,-0.45958956350900937,13.160923146828619,13.1689453125,1.0818000044310527,-2.0
339,-0.47441503329962253,13.585469054790833,13.59375,1.3647323132822513,-2.0
340,0.0,13.25390625,13.25390625,1.4063400057603688,0.0
341,0.0,13.59375,13.59375,1.3414320054945057,0.0
342,0.0,13.59375,13.59375,1.514520006203474,0.0
343,0.23724365000682274,13.591679606032194,13.59375,1.1899800048741582,1.0
344,0.0,13.59375,13.59375,1.0385280042538108,0.0
345,0.23724365000682274,13.591679606032194,13.59375,1.0818000044310532,1.0
346,0.2339485993122835,13.402906278170635,13.404947916666666,1.22604000502186,1.0
347,0.23724365000682274,13.591679606032194,13.59375,0.9736200039879477,1.0
348,0.23724365000682274,13.591679606032194,13.59375,0.9952560040765686,1.0
349,0.48100413098433953,13.774156124996262,13.782552083333334,1.1539200047264564,2.0
350,0.24095058203817935,13.804049599876446,13.80615234375,1.4874750060926978,1.0
351,0.23724365000682274,13.591679606032194,13.59375,1.2981600053172635,1.0
352,0.24317474125699332,13.931471596182998,13.93359375,1.4063400057603688,1.0
353,0.24095058203817935,13.804049599876446,13.80615234375,1.8120150074220134,1.0
354,0.24095058203817935,13.804049599876446,13.80615234375,1.2711150052064872,1.0
355,0.2457166375070664,14.077096734819058,14.079241071428571,1.0818000044310527,1.0
356,0.23724365000682274,13.591679606032194,13.59375,1.0385280042538108,1.0
357,0.24465751406953595,14.0164195937207,14.0185546875,1.1358900046526055,1.0
358,0.24712880209044036,14.15799958961687,14.16015625,1.1779600048249241,1.0
359,0.24712880209044036,14.15799958961687,14.16015625,1.2741200052187955,1.0
360,0.25207137813224917,14.441159581409206,14.443359375,1.2981600053172635,1.0
361,0.0,14.7265625,14.7265625,1.202000004923392,0.0
362,0.0,15.29296875,15.29296875,1.2981600053172635,0.0
363,-0.26319217422631896,15.078269562941966,15.08056640625,1.4063400057603688,-1.0
364,-0.2668991062576756,15.290639556786218,15.29296875,1.2588218233379525,-1.0
365,-0.25842611875743193,14.805222427999354,14.807477678571429,1.0818000044310527,-1.0
366,0.0,15.009765625,15.009765625,1.0818000044310527,0.0
367,0.0,15.29296875,15.29296875,0.9272571466551881,0.0
368,0.26319217422631896,15.078269562941966,15.08056640625,1.0547550043202765,1.0
369,0.2668991062576756,15.290639556786218,15.29296875,1.2363428622069175,1.0
370,0.5337169124620754,15.283652686639687,15.29296875,1.0818000044310532,2.0
371,0.2668991062576756,15.290639556786218,15.29296875,1.2981600053172635,1.0
372,0.26959505682593493,15.44509046140022,15.447443181818182,1.3768363692758856,1.0
373,0.26937039427858,15.432219552682387,15.4345703125,1.4784600060557722,1.0
374,0.2706060382890322,15.503009550630471,15.50537109375,1.1088450045418292,1.0
375,0.2668991062576756,15.290639556786218,15.29296875,1.019982861320707,1.0
376,0.27537209375791927,15.776056685573081,15.778459821428571,1.0508914328758798,1.0
377,0.0,15.481770833333334,15.481770833333334,1.0096800041356493,0.0
378,0.2718416822994844,15.573799548578556,15.576171875,0.757260003101737,1.0
379,0.0,15.50537109375,15.50537109375,0.8654400035448423,0.0
380,0.27678425834129317,15.856959540370893,15.859375,0.9856400040371815,1.0
381,0.5337169124620754,15.283652686639687,15.29296875,0.9736200039879476,2.0
382,0.27537209375791927,15.776056685573081,15.778459821428571,1.0818000044310527,1.0
383,0.5633678520433018,16.132744502564115,16.142578125,1.1683440047855371,2.0
384,0.5633678520433018,16.132744502564115,16.142578125,1.2981600053172635,2.0
385,0.302485653758699,17.32939149769105,17.33203125,1.0385280042538108,1.0
386,0.0,16.3125,16.3125,0.9303480038107054,0.0
387,0.29062347125835786,16.649807517389437,16.65234375,0.800532003278979,1.0
388,0.2928476304771718,16.77722951369599,16.77978515625,0.8924850036556187,1.0
389,0.578193321833915,16.557290410526328,16.5673828125,0.7843050032125133,2.0
390,0.576075397578113,16.496640995103153,16.506696428571427,0.8963485751000151,2.0
391,0.5856060567292216,16.769563364507434,16.77978515625,0.8924850036556187,2.0
392,0.578193321833915,16.557290410526328,16.5673828125,0.9465750038771712,2.0
393,0.8781861017034984,16.75678904386764,16.77978515625,1.0547550043202767,3.0
394,0.5811584157920376,16.64219959211877,16.65234375,1.1467080046969162,2.0
395,0.5811584157920376,16.64219959211877,16.65234375,1.2116160049627793,2.0
396,0.5930187916245282,16.98183631848854,16.9921875,1.2194836413586416,2.0
397,0.5876277117006687,16.827455988320462,16.837713068181817,0.7277563666172536,2.0
398,0.8781861017034984,16.75678904386764,16.77978515625,0.8383950034340659,3.0
399,0.8893023814718972,16.968900297587485,16.9921875,0.494537144882767,3.0
400,0.8670698219350997,16.544677790147798,16.5673828125,0.5138550021047501,3.0
401,0.3558654750102341,20.38751940904829,20.390625,3.6781200150655797,1.0
401,0.5930187916245282,16.98183631848854,16.9921875,0.43272000177242115,2.0
402,0.5930187916245282,16.98183631848854,16.9921875,0.6220350025478555,2.0
403,0.5930187916245282,16.98183631848854,16.9921875,0.494537144882767,2.0
403,-0.3558654750102341,20.38751940904829,20.390625,4.110840016838001,-1.0
404,1.1116279768398716,21.211125371984355,21.240234375,4.327200017724211,3.0
404,0.8893023814718972,16.968900297587485,16.9921875,0.4327200017724212,3.0
405,0.8893023814718972,16.968900297587485,16.9921875,0.6490800026586316,3.0
405,1.1264496831977364,21.49394037694415,21.5234375,4.471440018315019,3.0
406,1.9252567392109645,22.005785225425083,22.08984375,4.543560018610423,5.0
406,1.185315081199004,16.950795385274358,16.9921875,0.9736200039879477,4.0
407,1.2050703325523209,17.233308641695597,17.275390625,0.6851400028063335,4.0
408,1.185315081199004,16.950795385274358,16.9921875,0.7418057173241506,4.0
408,0.0,22.08984375,22.08984375,4.759920019496633,0.0
409,1.185315081199004,16.950795385274358,16.9921875,0.2884800011816141,4.0
409,0.0,22.4296875,22.4296875,4.846464019851117,0.0
410,1.1984852487678819,17.139137556221847,17.180989583333332,0.5529200022647603,4.0
410,0.0,22.4296875,22.4296875,4.846464019851117,0.0
411,1.185315081199004,16.950795385274358,16.9921875,0.38944800159517906,4.0
411,-0.4067034000116961,23.300022181769474,23.303571428571427,4.759920019496633,-1.0
412,1.1984852487678819,17.139137556221847,17.180989583333332,0.4086800016739533,4.0
412,0.0,23.7890625,23.7890625,4.759920019496633,0.0
413,1.185315081199004,16.950795385274358,16.9921875,0.43272000177242115,4.0
413,-0.820342661747264,23.491540240575816,23.505859375,4.723860019348931,-2.0
414,1.185315081199004,16.950795385274358,16.9921875,0.43272000177242115,4.0
414,-2.073353411457962,23.698537935073166,23.7890625,4.543560018610423,-5.0
415,1.185315081199004,16.950795385274358,16.9921875,0.43272000177242115,4.0
416,-0.8598772478555659,24.623662661808385,24.638671875,3.8944800159517907,-2.0
416,1.4809667224699727,16.927527096480834,16.9921875,0.43272000177242115,5.0
417,1.185315081199004,16.950795385274358,16.9921875,0.389448001595179,4.0
417,-0.4151763875119398,23.785439310556338,23.7890625,3.6781200150655793,-1.0
418,1.185315081199004,16.950795385274358,16.9921875,0.43272000177242115,4.0
418,0.4448318437627926,25.484399261310365,25.48828125,3.461760014179369,1.0
419,1.5056495011778057,17.209652548088847,17.275390625,0.6490800026586317,5.0
420,1.2090213828229843,17.289811292979845,17.33203125,0.7572600031017369,4.0
421,1.5232800573976863,17.41117072780886,17.477678571428573,0.6490800026586317,5.0
422,1.534820057832517,17.54307353635286,17.610085227272727,0.43272000177242115,5.0
423,1.517990890531722,17.350715273892853,17.4169921875,0.5679450023263027,5.0
424,1.811690591869447,17.237084569332144,17.33203125,0.28126800115207373,6.0
425,1.510586056919372,17.26607763841045,17.33203125,0.28126800115207373,5.0
426,1.4994788065008473,17.13912118518684,17.20458984375,0.45976500188319747,5.0
427,1.2149479582289793,17.374565269906217,17.4169921875,0.29749500121853956,4.0
428,1.5550150585934714,17.773903451304875,17.841796875,0.1081800004431053,5.0
429,2.753059232742787,26.193608904377275,26.337890625,0.8654400035448423,6.0
429,1.5303322798856385,17.49177799969686,17.55859375,0.0,5.0
430,1.5303322798856385,17.49177799969686,17.55859375,-0.10818000044310531,5.0
431,1.5550150585934714,17.773903451304875,17.841796875,0.14424000059080705,5.0
432,0.8895281874367923,25.472754477732813,25.48828125,0.43272000177242115,2.0
433,1.8353728218285248,17.462405936251518,17.55859375,-0.07212000029540351,6.0
434,1.7761672469308305,16.899102518953082,16.9921875,-0.43272000177242115,6.0
435,1.8353728218285248,17.462405936251518,17.55859375,-0.07212000029540351,6.0
437,1.864975609277372,17.744057644900735,17.841796875,-0.43272000177242115,6.0
438,1.5550150585934714,17.773903451304875,17.841796875,-0.43272000177242115,5.0
439,1.864975609277372,17.744057644900735,17.841796875,0.1081800004431053,6.0
440,1.5550150585934714,17.773903451304875,17.841796875,0.6490800026586317,5.0
440,1.4809667224699727,16.927527096480834,16.9921875,-0.43272000177242115,5.0
441,1.5550150585934714,17.773903451304875,17.841796875,0.6490800026586317,5.0
441,1.4809667224699727,16.927527096480834,16.9921875,-0.43272000177242115,5.0
442,1.4809667224699727,16.927527096480834,16.9921875,9.519840038993266,5.0
442,1.5056495011778057,17.209652548088847,17.275390625,0.036060000147701755,5.0
443,1.5056495011778057,17.209652548088847,17.275390625,0.03606000014770176,5.0
444,1.8084611968750273,17.206358928388592,17.301136363636363,0.2556981828655216,6.0
445,1.8057700343796776,17.1807542276023,17.275390625,0.3966600016247194,6.0
446,1.4974219082751945,17.115610730886175,17.180989583333332,0.456760001870889,5.0
447,1.7761672469308305,16.899102518953082,16.9921875,0.43272000177242115,6.0
448,1.864975609277372,17.744057644900735,17.841796875,0.2163600008862106,6.0
449,1.811690591869447,17.237084569332144,17.33203125,0.5192640021269054,6.0
450,1.8353728218285248,17.462405936251518,17.55859375,0.5288800021662925,6.0
451,1.8472139368080638,17.575066619711205,17.671875,0.04327200017724211,6.0
452,1.8522887003707234,17.62334976976536,17.720424107142858,0.12363428622069175,6.0
453,1.864975609277372,17.744057644900735,17.841796875,-0.14424000059080708,6.0
454,2.0967120678126814,17.076349439981435,17.20458984375,0.18931500077543426,7.0
455,2.1225974019832083,17.287168568870094,17.4169921875,0.0,7.0
456,2.1398542914302263,17.427714654795867,17.55859375,0.3365600013785498,7.0
457,1.7761672469308305,16.899102518953082,16.9921875,0.06181714311034587,6.0
458,2.1398542914302263,17.427714654795867,17.55859375,0.07212000029540352,7.0
459,2.4999900222681397,17.788353310709347,17.963169642857142,0.40181143021724824,8.0
460,2.1398542914302263,17.427714654795867,17.55859375,0.12020000049233921,7.0
461,2.483098197793355,17.668161734285636,17.841796875,0.3461760014179369,8.0
462,2.450850169250584,17.43870508838582,17.610085227272727,0.2360290918758661,8.0
463,2.7341112974665354,17.262499345669486,17.477678571428573,-0.09272571466551884,9.0
464,2.4239768121316083,17.247491216802644,17.4169921875,-0.5138550021047501,8.0
465,2.1536598029878404,17.540151523536487,17.671875,-0.6058080024813897,7.0
466,2.483098197793355,17.668161734285636,17.841796875,0.0,8.0
467,2.7024664907828946,17.06270189953905,17.275390625,0.036060000147701755,9.0
468,2.7910719494970877,17.622134748704266,17.841796875,0.14424000059080705,9.0
469,2.746769220139991,17.342418324121656,17.55859375,0.14424000059080705,9.0
470,2.6913908084436207,16.9927727933934,17.20458984375,0.18931500077543426,9.0
471,2.9998401005156228,17.012938623814414,17.275390625,0.07212000029540352,10.0
472,3.03496703377693,17.21215336179819,17.477678571428573,0.6490800026586317,10.0
473,3.0981955136472825,17.570739890168984,17.841796875,0.2884800011816141,10.0
474,3.3503376336623787,17.235992928114257,17.55859375,0.14424000059080705,11.0
475,3.0391822657682863,17.236059130356242,17.501953125,0.19472400079758953,10.0
476,3.3503376336623787,17.235992928114257,17.55859375,0.5529200022647603,11.0
477,3.4043753374311265,17.513992814051583,17.841796875,0.5048400020678246,11.0
478,3.0981955136472825,17.570739890168984,17.841796875,0.7572600031017369,10.0
479,3.3812163215302347,17.39485000579273,17.720424107142858,0.40181143021724824,11.0
480,3.371952715169878,17.347192882489185,17.671875,0.17308800070896846,11.0
481,3.4692205819536244,17.847592677176376,18.181640625,0.19472400079758953,11.0
482,3.709518155508265,17.45191080606116,17.841796875,0.5409000022155265,12.0
483,3.4043753374311265,17.513992814051583,17.841796875,-0.05409000022155265,11.0
484,3.709518155508265,17.45191080606116,17.841796875,-0.27045000110776324,12.0
485,3.6506369149446414,17.174896348822095,17.55859375,-0.36060000147701765,12.0
486,3.334898289728451,17.156564389275022,17.477678571428573,0.09272571466551881,11.0
487,3.4043753374311265,17.513992814051583,17.841796875,-0.1730880007089685,11.0
488,3.8155043885227866,17.95053682909148,18.3515625,-0.3461760014179369,12.0
489,3.709518155508265,17.45191080606116,17.841796875,-0.14424000059080708,12.0
490,3.931622222126034,17.029726801938377,17.477678571428573,0.1545428577758647,13.0
491,3.4043753374311265,17.513992814051583,17.841796875,0.21636000088621057,11.0
492,3.7448468998464386,17.6181194804046,18.01171875,0.6058080024813897,12.0
493,4.013531018420326,17.38451277697876,17.841796875,-0.05409000022155264,13.0
494,4.140944701544781,17.936402071486018,18.408203125,-0.14424000059080708,13.0
495,3.9753069134829895,17.21894598862658,17.671875,-0.04327200017724214,13.0
496,4.4044095111267625,17.66512169071115,18.205915178571427,0.1545428577758647,14.0
497,4.128203333232335,17.881213142035293,18.3515625,0.5625360023041475,13.0
498,4.316321320904228,17.31181925689693,17.841796875,0.14424000059080705,14.0
499,4.617796830100638,17.233852388966092,17.841796875,-0.36060000147701765,15.0
500,4.837691917248288,18.054512026535907,18.69140625,0.28848000118161415,15.0
501,4.316321320904228,17.31181925689693,17.841796875,0.4327200017724212,14.0
502,4.712037581735345,17.585563662210298,18.205915178571427,0.4636285733275941,15.0
503,5.018230320049998,17.500648900662753,18.205915178571427,0.43272000177242115,16.0
504,4.9178657136489985,17.1506359226495,17.841796875,0.21636000088621057,16.0
505,4.871028897328532,16.98729653290998,17.671875,0.17308800070896846,16.0
506,4.749733882389228,17.72624817150798,18.3515625,0.3461760014179369,15.0
507,4.712037581735345,17.585563662210298,18.205915178571427,0.43272000177242115,15.0
508,4.9178657136489985,17.1506359226495,17.841796875,-0.05409000022155265,16.0
509,4.995927074183109,17.42286823888203,18.125,0.12020000049233921,16.0
510,5.216436567660548,17.062195206488923,17.841796875,0.21636000088621057,17.0
511,5.513418444560829,16.968557180383257,17.841796875,0.43272000177242115,18.0
512,5.475912196638647,16.853124818611942,17.720424107142858,0.3090857155517294,18.0
513,5.550924692483012,17.083989542154573,17.963169642857142,-1.586032892321652e-17,18.0
514,5.513418444560829,16.968557180383257,17.841796875,0.2884800011816141,18.0
515,5.625937188327376,17.3148542656972,18.205915178571427,0.43272000177242115,18.0
516,5.625937188327376,17.3148542656972,18.205915178571427,0.2472685724413835,18.0
517,6.035034681343601,17.527013368708925,18.536931818181817,0.5704036387000097,19.0
518,6.143765855833301,16.879857959318297,17.963169642857142,0.3399942871069023,20.0
519,5.600933023045921,17.237899357849656,18.125,0.5769600023632283,18.0
520,6.393928162297496,16.65675233603894,17.841796875,0.1081800004431053,21.0
521,6.199115097777746,17.03192875174459,18.125,0.21636000088621057,20.0
522,5.993124718278715,17.405297998092895,18.408203125,0.5409000022155265,19.0
523,6.102253924374968,16.765804864998582,17.841796875,-0.43272000177242115,20.0
524,6.295976271180523,17.2980526384906,18.408203125,-0.14424000059080708,20.0
525,6.276604036499967,17.2448278611414,18.3515625,-0.3461760014179369,20.0
526,5.7176191276927115,17.597022261138193,18.502604166666668,-0.19232000078774275,18.0
527,5.7176191276927115,17.597022261138193,18.502604166666668,0.09616000039387138,18.0
528,6.393928162297496,16.65675233603894,17.841796875,-0.14424000059080708,21.0
529,5.927266204891036,17.214030987124836,18.205915178571427,0.2472685724413835,19.0
530,6.085326637021464,17.673071813448168,18.69140625,0.27817714399655646,19.0
531,5.993124718278715,17.405297998092895,18.408203125,0.3966600016247194,19.0
532,5.644690312288468,17.37257044658286,18.2666015625,0.16227000066465794,18.0
533,6.393928162297496,16.65675233603894,17.841796875,0.14424000059080705,21.0
534,6.393928162297496,16.65675233603894,17.841796875,0.14424000059080705,21.0
535,6.393928162297496,16.65675233603894,17.841796875,-0.1081800004431053,21.0
536,6.102253924374968,16.765804864998582,17.841796875,0.1081800004431053,20.0
537,5.550924692483012,17.083989542154573,17.963169642857142,0.3709028586620753,18.0
538,5.927266204891036,17.214030987124836,18.205915178571427,0.6490800026586317,19.0
539,6.683654747762414,16.542625998960162,17.841796875,0.43272000177242115,22.0
540,6.683654747762414,16.542625998960162,17.841796875,0.43272000177242115,22.0
541,6.495419085508567,16.921145230261782,18.125,0.07212000029540352,21.0
542,6.247545684479134,17.164990695117595,18.2666015625,-0.05409000022155266,20.0
543,6.247545684479134,17.164990695117595,18.2666015625,0.16227000066465794,20.0
544,6.3928374445833,17.564176525236608,18.69140625,0.10818000044310527,20.0
545,6.247545684479134,17.164990695117595,18.2666015625,0.3515850014400922,20.0
546,6.683654747762414,16.542625998960162,17.841796875,0.43272000177242115,22.0
547,6.085326637021464,17.673071813448168,18.69140625,0.43272000177242115,19.0
548,6.276604036499967,17.2448278611414,18.3515625,0.4759920019496633,20.0
549,6.328263328981449,17.38676060073927,18.502604166666668,0.5769600023632282,20.0
550,6.622282739522406,17.251636348040332,18.47900390625,0.45976500188319747,21.0
551,7.001924021465387,17.33037009414874,18.69140625,0.3709028586620753,22.0
552,7.303314257113965,17.205530170976278,18.69140625,0.3786300015508685,23.0
553,7.602479832491031,17.075449276640022,18.69140625,0.25963200106345263,24.0
554,7.326026020400448,16.454523848398566,18.01171875,0.38944800159517906,24.0
555,7.220322049646761,17.01001278266973,18.47900390625,0.40567500166164483,23.0
556,7.001924021465387,17.33037009414874,18.69140625,-1.1102230246251566e-17,22.0
557,7.001924021465387,17.33037009414874,18.69140625,0.07212000029540352,22.0
558,6.860471010930732,16.980261607398262,18.313802083333332,0.14424000059080705,22.0
559,6.576611824077425,17.132659545640053,18.3515625,0.043272000177242115,21.0
560,6.69840093193071,17.449931018707463,18.69140625,0.48681000199397384,21.0
561,7.001924021465387,17.33037009414874,18.69140625,0.757260003101737,22.0
562,6.874616311984198,17.01527245607331,18.3515625,0.5409000022155264,22.0
563,7.303314257113965,17.205530170976278,18.69140625,0.6490800026586317,23.0
564,-11.762883090521374,14.525950881139085,18.69140625,0.21636000088621057,-39.0
565,7.602479832491031,17.075449276640022,18.69140625,0.3515850014400922,24.0
566,7.303314257113965,17.205530170976278,18.69140625,0.6490800026586317,23.0
567,7.303314257113965,17.205530170976278,18.69140625,0.2472685724413835,23.0
568,7.001924021465387,17.33037009414874,18.69140625,-1.3877787807814457e-17,22.0
569,7.602479832491031,17.075449276640022,18.69140625,0.06181714311034587,24.0
570,7.602479832491031,17.075449276640022,18.69140625,0.43272000177242115,24.0
572,7.602479832491031,17.075449276640022,18.69140625,0.2472685724413835,24.0
573,-16.654164915005232,8.48572086427239,18.69140625,0.3515850014400922,-63.0
574,7.602479832491031,17.075449276640022,18.69140625,-1.1102230246251566e-17,24.0
575,7.001924021465387,17.33037009414874,18.69140625,0.43272000177242115,22.0
576,6.69840093193071,17.449931018707463,18.69140625,-0.21636000088621057,21.0
577,7.303314257113965,17.205530170976278,18.69140625,-0.3245400013293159,23.0
578,6.69840093193071,17.449931018707463,18.69140625,-0.3245400013293159,21.0
579,7.001924021465387,17.33037009414874,18.69140625,-0.5949900024370791,22.0
580,6.971345427245148,16.423460617750084,17.841796875,-0.5409000022155265,23.0
581,7.303314257113965,17.205530170976278,18.69140625,-0.5409000022155265,23.0
582,7.001924021465387,17.33037009414874,18.69140625,-0.5409000022155265,22.0
583,7.303314257113965,17.205530170976278,18.69140625,-0.43272000177242115,23.0
584,7.001924021465387,17.33037009414874,18.69140625,-0.1730880007089685,22.0
585,6.495419085508567,16.921145230261782,18.125,0.07212000029540352,21.0
586,7.256912567377802,16.2992924913382,17.841796875,-0.3245400013293159,24.0
587,6.611408712035506,17.22330853794503,18.448660714285715,-0.27817714399655646,21.0
588,6.320191564531217,17.364583610177103,18.47900390625,-0.2434050009969869,20.0
589,6.596910008719639,17.185538124484623,18.408203125,-0.3966600016247194,21.0
590,6.3928374445833,17.564176525236608,18.69140625,-0.5872628595482858,20.0
591,6.495419085508567,16.921145230261782,18.125,-0.5288800021662925,21.0
592,6.3928374445833,17.564176525236608,18.69140625,-0.26444000108314625,20.0
593,6.320191564531217,17.364583610177103,18.47900390625,-0.18931500077543426,20.0
594,6.016175197964402,17.472241451931712,18.47900390625,-0.18931500077543426,19.0
595,5.927266204891036,17.214030987124836,18.205915178571427,-0.2472685724413835,19.0
596,6.016175197964402,17.472241451931712,18.47900390625,-0.18931500077543426,19.0
597,6.820190039783996,17.76720249177487,19.03125,-0.30290400124069483,21.0
598,6.69840093193071,17.449931018707463,18.69140625,-0.36781200150655796,21.0
599,6.035034681343601,17.527013368708925,18.536931818181817,-0.5113963657310433,19.0
600,6.023858691192965,17.494555936544653,18.502604166666668,-0.3365600013785498,19.0
601,5.710326246152287,17.57457707968266,18.47900390625,-0.6220350025478554,18.0
602,5.625937188327376,17.3148542656972,18.205915178571427,-0.6181714311034588,18.0
603,6.085326637021464,17.673071813448168,18.69140625,-0.8654400035448423,19.0
604,6.683654747762414,16.542625998960162,17.841796875,-0.43272000177242115,22.0
605,6.226789718749967,17.107964147957734,18.205915178571427,-0.6181714311034588,20.0
606,5.993124718278715,17.405297998092895,18.408203125,-0.3966600016247194,19.0
607,6.016175197964402,17.472241451931712,18.47900390625,-0.6220350025478554,19.0
608,6.495419085508567,16.921145230261782,18.125,-0.36060000147701765,21.0
609,6.393928162297496,16.65675233603894,17.841796875,0.0,21.0
610,6.393928162297496,16.65675233603894,17.841796875,0.0,21.0
611,6.143765855833301,16.879857959318297,17.963169642857142,-0.3090857155517294,20.0
612,6.102253924374968,16.765804864998582,17.841796875,-0.21636000088621063,20.0
613,6.226789718749967,17.107964147957734,18.205915178571427,-0.1545428577758647,20.0
614,5.927266204891036,17.214030987124836,18.205915178571427,-0.18545142933103764,19.0
615,5.993124718278715,17.405297998092895,18.408203125,-0.3966600016247194,19.0
616,5.642757427056266,16.387757499742847,17.33203125,-0.3461760014179369,19.0
617,5.299237148099604,17.33302370183002,18.125,-0.2884800011816141,17.0
618,5.513418444560829,16.968557180383257,17.841796875,-0.05409000022155264,18.0
619,5.993124718278715,17.405297998092895,18.408203125,-0.36060000147701765,19.0
620,5.900922799535965,17.137524182737618,18.125,-0.5288800021662925,19.0
621,5.710326246152287,17.57457707968266,18.47900390625,-0.6220350025478554,18.0
622,5.322894456796477,17.41040327192747,18.205915178571427,-0.43272000177242115,17.0
623,5.513418444560829,16.968557180383257,17.841796875,-0.5409000022155265,18.0
624,5.216436567660548,17.062195206488923,17.841796875,-0.7031700028801844,17.0
625,4.995927074183109,17.42286823888203,18.125,-0.5288800021662925,16.0
626,5.018230320049998,17.500648900662753,18.205915178571427,-0.43272000177242115,16.0
627,4.9178657136489985,17.1506359226495,17.841796875,-0.48681000199397384,16.0
628,5.109978678524619,16.713987141050374,17.477678571428573,-0.43272000177242115,17.0
629,4.817501107247999,16.800622944636245,17.477678571428573,-0.43272000177242115,16.0
630,4.523556078465932,16.882141115721886,17.477678571428573,-0.03090857155517295,15.0
631,4.9178657136489985,17.1506359226495,17.841796875,0.43272000177242115,16.0
631,4.9178657136489985,17.1506359226495,17.841796875,-0.757260003101737,16.0
632,4.617796830100638,17.233852388966092,17.841796875,0.1081800004431053,15.0
633,4.471200105335539,16.68674596391955,17.275390625,0.036060000147701755,15.0
634,4.617796830100638,17.233852388966092,17.841796875,-0.10818000044310529,15.0
635,4.9178657136489985,17.1506359226495,17.841796875,0.0,16.0
636,4.617796830100638,17.233852388966092,17.841796875,-0.14424000059080708,15.0
637,4.439644787215777,17.80644266423684,18.3515625,-0.04327200017724213,14.0
638,4.357429143008078,17.476693726010232,18.01171875,-0.12981600053172637,14.0
639,4.617796830100638,17.233852388966092,17.841796875,-0.3245400013293158,15.0
640,4.28695859083005,17.194051778958855,17.720424107142858,-0.3709028586620753,14.0
641,4.316321320904228,17.31181925689693,17.841796875,-0.14424000059080708,14.0
642,3.7683993960718882,17.728925263300226,18.125,-0.12020000049233921,12.0
643,4.013531018420326,17.38451277697876,17.841796875,-0.43272000177242115,13.0
644,3.931622222126034,17.029726801938377,17.477678571428573,-0.21636000088621057,13.0
645,4.013531018420326,17.38451277697876,17.841796875,-0.27045000110776324,13.0
646,3.709518155508265,17.45191080606116,17.841796875,-0.4327200017724212,12.0
647,3.709518155508265,17.45191080606116,17.841796875,-0.07212000029540354,12.0
648,3.633813703355035,17.095749361039505,17.477678571428573,-0.43272000177242115,12.0
649,3.709518155508265,17.45191080606116,17.841796875,-0.43272000177242115,12.0
650,3.4043753374311265,17.513992814051583,17.841796875,-0.1081800004431053,11.0
651,3.4043753374311265,17.513992814051583,17.841796875,-0.21636000088621063,11.0
652,3.4043753374311265,17.513992814051583,17.841796875,-0.43272000177242115,11.0
653,3.4043753374311265,17.513992814051583,17.841796875,0.8654400035448423,11.0
654,3.4043753374311265,17.513992814051583,17.841796875,0.43272000177242115,11.0
655,2.7910719494970877,17.622134748704266,17.841796875,-0.16227000066465797,9.0
656,3.6613425950471186,17.225262613774653,17.610085227272727,-0.21636000088621057,12.0
657,3.4043753374311265,17.513992814051583,17.841796875,0.1081800004431053,11.0
658,12.687848293984109,71.95636335973965,73.06640625,-0.43272000177242115,10.0
658,3.0686888897077846,17.403399510262613,17.671875,0.04327200017724211,10.0
659,3.0981955136472825,17.570739890168984,17.841796875,0.27045000110776324,10.0
660,2.658163761425798,16.782985474956444,16.9921875,-1.0818000044310527,9.0
661,2.483098197793355,17.668161734285636,17.841796875,0.14424000059080705,8.0
662,1.864975609277372,17.744057644900735,17.841796875,0.43272000177242115,6.0
663,3.5664884487373705,18.347992471863563,18.69140625,-0.43272000177242115,11.0
664,2.1536598029878404,17.540151523536487,17.671875,0.0,7.0
665,1.8353728218285248,17.462405936251518,17.55859375,-0.12020000049233921,6.0
666,1.864975609277372,17.744057644900735,17.841796875,-0.27045000110776324,6.0
667,1.864975609277372,17.744057644900735,17.841796875,-0.14424000059080708,6.0
668,2.1743680703242623,17.708806826647415,17.841796875,0.07212000029540352,7.0
669,2.1595764507982467,17.58833875299675,17.720424107142858,0.03090857155517292,7.0
670,2.1398542914302263,17.427714654795867,17.55859375,-0.24040000098467842,7.0
671,1.5550150585934714,17.773903451304875,17.841796875,-0.14424000059080708,5.0
672,1.864975609277372,17.744057644900735,17.841796875,-0.10818000044310531,6.0
673,2.1743680703242623,17.708806826647415,17.841796875,-0.14424000059080708,7.0
674,1.8205714281041012,17.321580081926907,17.4169921875,0.0,6.0
675,1.864975609277372,17.744057644900735,17.841796875,-0.27045000110776324,6.0
676,1.8269148825574257,17.3819340194946,17.477678571428573,0.09272571466551881,6.0
677,1.8205714281041012,17.321580081926907,17.4169921875,0.0,6.0
678,1.864975609277372,17.744057644900735,17.841796875,-0.27045000110776324,6.0
679,1.2248255839056377,17.515821898116837,17.55859375,-0.14424000059080708,4.0
680,2.1743680703242623,17.708806826647415,17.841796875,0.05409000022155264,7.0
681,1.5550150585934714,17.773903451304875,17.841796875,-0.3245400013293159,5.0
682,1.2445808352589545,17.798335154538073,17.841796875,-0.27045000110776324,4.0
684,0.9337675005454921,17.81734531246686,17.841796875,-0.43272000177242115,3.0
685,1.2445808352589545,17.798335154538073,17.841796875,-0.3245400013293159,4.0
686,0.9337675005454921,17.81734531246686,17.841796875,0.14424000059080705,3.0
687,0.9147110209425229,17.4537260203757,17.477678571428573,0.09272571466551881,3.0
688,0.6226697312057546,17.830928134412968,17.841796875,0.1081800004431053,2.0
689,0.9337675005454921,17.81734531246686,17.841796875,0.21636000088621057,3.0
690,0.9337675005454921,17.81734531246686,17.841796875,0.14424000059080705,3.0
691,0.9337675005454921,17.81734531246686,17.841796875,0.14424000059080705,3.0
692,0.6167395432895093,17.661109771228084,17.671875,0.04327200017724211,2.0
693,0.6167395432895093,17.661109771228084,17.671875,-0.08654400035448424,2.0
694,0.6226697312057546,17.830928134412968,17.841796875,0.2163600008862106,2.0
695,0.31138229063395484,17.839079482917253,17.841796875,0.3786300015508685,1.0
696,0.30643971459214603,17.555919491124918,17.55859375,0.024040000098467844,1.0
697,-52.81602171361099,49.251737037716566,72.216796875,-0.43272000177242115,-47.0
697,0.31138229063395484,17.839079482917253,17.841796875,0.14424000059080705,1.0
698,0.31138229063395484,17.839079482917253,17.841796875,0.05409000022155265,1.0
699,0.30643971459214603,17.555919491124918,17.55859375,0.2884800011816141,1.0
700,0.30502755000877213,17.47501663632711,17.477678571428573,0.43272000177242115,1.0
701,0.30502755000877213,17.47501663632711,17.477678571428573,0.4636285733275941,1.0
702,0.31138229063395484,17.839079482917253,17.841796875,0.27045000110776324,1.0
703,0.31138229063395484,17.839079482917253,17.841796875,0.27045000110776324,1.0
704,0.0,17.841796875,17.841796875,0.12981600053172634,0.0
705,0.0,17.4169921875,17.4169921875,0.5138550021047501,0.0
706,-0.31138229063395484,17.839079482917253,17.841796875,0.4327200017724212,-1.0
707,0.0,17.841796875,17.841796875,0.27045000110776324,0.0
708,0.0,17.477678571428573,17.477678571428573,0.030908571555172938,0.0
709,-0.31138229063395484,17.839079482917253,17.841796875,0.17308800070896846,-1.0
710,-0.30502755000877213,17.47501663632711,17.477678571428573,0.43272000177242115,-1.0
711,-0.31138229063395484,17.839079482917253,17.841796875,0.2163600008862106,-1.0
712,-0.3014971385503372,17.27275949933258,17.275390625,0.03606000014770176,-1.0
713,-0.30767535860259826,17.626709489073,17.62939453125,-0.2163600008862106,-1.0
714,-0.2998496132030676,17.1783728354018,17.180989583333332,0.19232000078774272,-1.0
715,-0.9337675005454921,17.81734531246686,17.841796875,0.4327200017724212,-3.0
716,-0.9337675005454921,17.81734531246686,17.841796875,0.5409000022155265,-3.0
717,-0.6226697312057546,17.830928134412968,17.841796875,0.14424000059080705,-2.0
718,-0.6127860846786791,17.547897529104826,17.55859375,0.12020000049233921,-2.0
719,-0.9337675005454921,17.81734531246686,17.841796875,0.1081800004431053,-3.0
720,-0.6226697312057546,17.830928134412968,17.841796875,0.3461760014179369,-2.0
721,-0.9337675005454921,17.81734531246686,17.841796875,-0.43272000177242115,-3.0
721,-0.948589206903357,18.10016031742665,18.125,0.7212000029540353,-3.0
722,-0.9337675005454921,17.81734531246686,17.841796875,0.48681000199397384,-3.0
723,-0.6353772767405659,18.194824626952006,18.205915178571427,0.4636285733275941,-2.0
724,-0.9528239801484611,18.180964604558017,18.205915178571427,0.494537144882767,-3.0
725,-0.948589206903357,18.10016031742665,18.125,0.31252000128008195,-3.0
726,-1.2801402876949246,18.306859016096304,18.3515625,0.5409000022155264,-4.0
727,-1.289030150803917,18.433989981485862,18.47900390625,0.45976500188319747,-4.0
728,-1.2682871368829345,18.13735106224356,18.181640625,0.36781200150655796,-4.0
729,-1.2699804441417901,18.161566484222522,18.205915178571427,0.1545428577758647,-4.0
730,-1.2801402876949246,18.306859016096304,18.3515625,0.08654400035448423,-4.0
731,-1.2530473715532329,17.91941226443289,17.963169642857142,0.2472685724413835,-4.0
732,-1.6105513106860954,18.408685717422905,18.47900390625,0.1081800004431053,-5.0
733,-1.894578396726219,18.025709353549953,18.125,0.26444000108314625,-6.0
734,-1.9030363359973181,18.10618127030687,18.205915178571427,0.030908571555172938,-6.0
735,-1.9315818810372782,18.377773989361476,18.47900390625,0.18931500077543426,-6.0
736,-1.9315818810372782,18.377773989361476,18.47900390625,0.2434050009969869,-6.0
737,-1.9030363359973181,18.10618127030687,18.205915178571427,0.27817714399655646,-6.0
738,-2.218742928902308,18.0702110475994,18.205915178571427,0.6181714311034588,-7.0
739,-2.522512454901186,17.948608745940962,18.125,0.07212000029540354,-8.0
740,-2.1743680703242623,17.708806826647415,17.841796875,0.2163600008862106,-7.0
741,-2.533773671217709,18.02873646355677,18.205915178571427,-0.12363428622069177,-8.0
742,-2.2779094070063697,18.552083342202053,18.69140625,0.36781200150655796,-7.0
743,-2.5750647977116277,18.322538094814735,18.502604166666668,0.5048400020678246,-8.0
744,-2.7910719494970877,17.622134748704266,17.841796875,-0.43272000177242115,-9.0
744,-2.923980137568378,18.461284022452087,18.69140625,0.6490800026586317,-9.0
745,-2.923980137568378,18.461284022452087,18.69140625,-0.43272000177242115,-9.0
745,-2.923980137568378,18.461284022452087,18.69140625,0.6490800026586317,-9.0
746,-2.857526043532733,18.041709385578176,18.2666015625,0.5138550021047501,-9.0
747,-2.890753090550555,18.251496704015132,18.47900390625,0.5409000022155265,-9.0
748,-3.4854318930842485,17.930992642957573,18.2666015625,0.3245400013293159,-11.0
749,-3.5259601709108095,18.139492557410566,18.47900390625,0.45976500188319747,-11.0
750,-3.5664884487373705,18.347992471863563,18.69140625,0.43272000177242115,-11.0
751,-3.8540448368917035,18.131855382920687,18.536931818181817,0.11801454593793305,-12.0
752,-3.8272806366355114,18.005939720539295,18.408203125,0.2524200010339123,-12.0
753,-3.473852385133802,17.871421238828145,18.205915178571427,0.18545142933103764,-11.0
754,-3.8155043885227866,17.95053682909148,18.3515625,0.15145200062034742,-12.0
755,-3.8861618771991346,18.28295417777836,18.69140625,0.2472685724413835,-12.0
756,-3.8420009467764173,18.07519333484906,18.47900390625,0.18931500077543426,-12.0
757,-4.384834357743977,17.586610038752436,18.125,-0.07212000029540354,-14.0
758,-4.040833950518423,17.502774768658885,17.963169642857142,0.18545142933103761,-13.0
759,-3.709518155508265,17.45191080606116,17.841796875,0.14424000059080705,-12.0
760,-4.453347394583727,17.861400820607944,18.408203125,-0.03606000014770177,-14.0
761,-4.521860431423477,18.136191602463448,18.69140625,0.05409000022155265,-14.0
762,-4.4044095111267625,17.66512169071115,18.205915178571427,-0.09272571466551884,-14.0
763,-4.837691917248288,18.054512026535907,18.69140625,0.21636000088621057,-15.0
764,-4.521860431423477,18.136191602463448,18.69140625,0.5409000022155265,-14.0
765,-4.476185073530311,17.952997747893114,18.502604166666668,0.5048400020678246,-14.0
766,-4.749733882389228,17.72624817150798,18.3515625,0.23799600097483165,-15.0
767,-4.837691917248288,18.054512026535907,18.69140625,0.2472685724413835,-15.0
768,-5.152049795251332,17.967332871347093,18.69140625,0.389448001595179,-16.0
769,-5.152049795251332,17.967332871347093,18.69140625,0.43272000177242115,-16.0
770,-5.100008888228592,17.785844660525406,18.502604166666668,0.36060000147701765,-16.0
771,-5.464838308977717,17.874680692512204,18.69140625,0.6097418206793207,-17.0
772,-5.464838308977717,17.874680692512204,18.69140625,0.3245400013293159,-17.0
773,-5.464838308977717,17.874680692512204,18.69140625,0.4759920019496633,-17.0
774,-5.365477612450849,17.549686498102893,18.3515625,0.36781200150655796,-17.0
775,-5.688447601531014,17.50724153531606,18.408203125,0.3966600016247194,-18.0
776,-5.7176191276927115,17.597022261138193,18.502604166666668,0.5769600023632282,-18.0
777,-5.775962180016107,17.77658371278246,18.69140625,0.43272000177242115,-18.0
778,-6.016175197964402,17.472241451931712,18.47900390625,0.45976500188319747,-19.0
779,-6.085326637021464,17.673071813448168,18.69140625,0.6490800026586316,-19.0
780,-5.688447601531014,17.50724153531606,18.408203125,0.5409000022155265,-18.0
781,-6.085326637021464,17.673071813448168,18.69140625,0.6490800026586317,-19.0
782,-5.984742725665738,17.380954923969686,18.382457386363637,0.2753672738551771,-19.0
783,-6.085326637021464,17.673071813448168,18.69140625,0.4327200017724212,-19.0
784,-6.3928374445833,17.564176525236608,18.69140625,0.40181143021724824,-20.0
785,-6.489698617986077,17.830300411982616,18.974609375,0.4327200017724211,-20.0
786,-6.3928374445833,17.564176525236608,18.69140625,0.15145200062034742,-20.0
787,-6.69840093193071,17.449931018707463,18.69140625,0.36781200150655796,-21.0
788,-6.69840093193071,17.449931018707463,18.69140625,-7.93016446160826e-18,-21.0
789,-6.69840093193071,17.449931018707463,18.69140625,0.48681000199397384,-21.0
790,-6.69840093193071,17.449931018707463,18.69140625,0.29749500121853956,-21.0
791,-7.08149133989113,17.527306117945887,18.90380859375,0.7572600031017369,-22.0
792,-7.08149133989113,17.527306117945887,18.90380859375,0.6490800026586317,-22.0
793,-7.001924021465387,17.33037009414874,18.69140625,0.389448001595179,-22.0
794,-7.303314257113965,17.205530170976278,18.69140625,0.5409000022155265,-23.0
795,-7.001924021465387,17.33037009414874,18.69140625,0.6490800026586316,-22.0
796,-7.303314257113965,17.205530170976278,18.69140625,0.6058080024813897,-23.0
797,-7.4361017890614916,17.518357992266758,19.03125,0.5192640021269054,-23.0
798,-7.602479832491031,17.075449276640022,18.69140625,0.5409000022155265,-24.0
799,-7.602479832491031,17.075449276640022,18.69140625,0.8654400035448423,-24.0
800,-7.832858009233184,17.5928871335079,19.2578125,0.7692800031509708,-24.0
801,-7.740706738536323,17.385911990760746,19.03125,0.5192640021269054,-24.0
802,-7.602479832491031,17.075449276640022,18.69140625,0.6490800026586317,-24.0
803,-7.989094728169521,17.132668933165967,18.90380859375,0.45976500188319747,-25.0
804,-8.104507011562019,17.38017137361299,19.176897321428573,0.4636285733275941,-25.0
805,-8.104507011562019,17.38017137361299,19.176897321428573,0.6181714311034588,-25.0
806,-8.042953793752686,17.248170072041244,19.03125,0.5192640021269054,-25.0
807,-8.258390056085348,17.710174627542347,19.541015625,0.6490800026586317,-25.0
808,-8.40659847065103,17.236081138990446,19.176897321428573,0.6181714311034588,-26.0
809,-8.104507011562019,17.38017137361299,19.176897321428573,0.43272000177242115,-25.0
810,-8.342750887329629,17.105174193631022,19.03125,0.5192640021269054,-26.0
811,-8.56621742895453,17.563348502388997,19.541015625,0.9375600038402458,-26.0
812,-8.40659847065103,17.236081138990446,19.176897321428573,0.4636285733275941,-26.0
813,-8.342750887329629,17.105174193631022,19.03125,0.6490800026586317,-26.0
814,-8.75243954697528,17.945160426353976,19.9658203125,0.6490800026586317,-26.0
815,-8.74286392076549,17.158836579096302,19.2578125,0.745240003052503,-27.0
816,-8.871435449012042,17.411172411141838,19.541015625,0.9736200039879477,-27.0
817,-8.871435449012042,17.411172411141838,19.541015625,0.7933200032494389,-27.0
818,-8.948578365959973,17.562573910369156,19.7109375,0.8654400035448422,-27.0
819,-8.706129198409334,17.086740627083294,19.176897321428573,0.6181714311034588,-27.0
820,-8.871435449012042,17.411172411141838,19.541015625,0.6490800026586317,-27.0
821,-8.948578365959973,17.562573910369156,19.7109375,0.7356240030131158,-27.0
822,-8.871435449012042,17.411172411141838,19.541015625,0.5409000022155265,-27.0
823,-9.413271608515537,17.703789039628408,20.05078125,0.5192640021269054,-28.0
824,-9.344894332908886,17.5751900877667,19.905133928571427,0.6490800026586317,-28.0
825,-9.17395114389226,17.253692708112432,19.541015625,1.081800004431053,-28.0
828,-9.610971963867815,17.33865239739232,19.82421875,0.5048400020678246,-29.0
829,-9.885571162835467,17.83404246588924,20.390625,0.43272000177242115,-29.0
830,-9.885571162835467,17.83404246588924,20.390625,0.43272000177242115,-29.0
832,-9.548078211089164,23.632322855657375,25.48828125,0.43272000177242115,-22.0
833,-9.473672364383988,17.090957363143858,19.541015625,0.43272000177242115,-29.0
834,-9.473672364383988,17.090957363143858,19.541015625,0.43272000177242115,-29.0
835,-10.195312499999998,17.65879924904207,20.390625,0.8654400035448423,-30.0
837,-9.959064896064497,23.462086596785834,25.48828125,0.6490800026586317,-23.0
839,-11.130873553854164,23.87023536755708,26.337890625,0.6490800026586317,-25.0
841,-10.36701795339686,23.284703559054574,25.48828125,0.6490800026586317,-24.0
842,-4.635457603549795,4.970919690692799,6.796875,-2.7045000110776325,-43.0
842,-9.959064896064497,23.462086596785834,25.48828125,0.6490800026586317,-23.0
843,-10.36701795339686,23.284703559054574,25.48828125,0.6490800026586317,-24.0
844,-10.36701795339686,23.284703559054574,25.48828125,0.6490800026586317,-24.0
845,8.298172686847451,24.099643381974776,25.48828125,0.6490800026586317,19.0
846,-10.805384997255194,17.292230710689623,20.390625,0.43272000177242115,-32.0
847,-10.501948246212823,17.47817699087901,20.390625,0.43272000177242115,-31.0
849,-5.214889803993518,5.592284652029399,7.646484375,2.596320010634527,-43.0
850,-10.501948246212823,17.47817699087901,20.390625,0.43272000177242115,-31.0
851,-11.957152126929273,23.467232380234652,26.337890625,0.6490800026586317,-27.0
856,-11.255609372140826,18.012740323635025,21.240234375,0.6490800026586317,-32.0
857,-11.568260753493007,17.813559426575168,21.240234375,0.8654400035448423,-33.0
858,-11.290622495409174,17.386034000337364,20.73046875,0.5192640021269054,-33.0
859,-11.105530323353287,17.101017049512162,20.390625,0.43272000177242115,-33.0
861,-11.402292797333198,16.90459425288015,20.390625,0.8654400035448423,-34.0
862,-11.877388330555416,17.608952346750154,21.240234375,0.43272000177242115,-34.0
863,-11.402292797333198,16.90459425288015,20.390625,0.6490800026586317,-34.0
865,-11.877388330555416,17.608952346750154,21.240234375,0.5409000022155265,-34.0
866,-11.939239981272019,17.051001781269395,20.8154296875,0.5949900024370791,-35.0
867,-11.402292797333198,16.90459425288015,20.390625,0.5409000022155265,-34.0
868,-12.670213857676428,18.09494066583691,22.08984375,0.43272000177242115,-35.0
869,-11.890508389511725,16.98140585563156,20.73046875,0.5192640021269054,-35.0
870,-11.402292797333198,16.90459425288015,20.390625,0.43272000177242115,-34.0
871,-11.890508389511725,16.98140585563156,20.73046875,0.5192640021269054,-35.0
872,-12.484696520860636,17.18371057388194,21.240234375,0.6490800026586317,-36.0
873,-11.98530866002621,16.496362150926664,20.390625,0.43272000177242115,-36.0
874,-12.484696520860636,17.18371057388194,21.240234375,0.4327200017724212,-36.0
875,-12.484696520860636,17.18371057388194,21.240234375,0.6490800026586317,-36.0
876,1.0657003481584983,10.139461511371849,10.1953125,-2.163600008862106,6.0
877,-2.1240234374999996,3.678916510217098,4.248046875,-3.0290400124069485,-30.0
877,-12.782692142145557,16.963205413602168,21.240234375,0.6490800026586317,-37.0
878,-12.484696520860636,17.18371057388194,21.240234375,0.757260003101737,-36.0
879,-12.784329237361291,17.596119627655106,21.75,0.4759920019496633,-36.0
880,-11.98530866002621,16.496362150926664,20.390625,0.43272000177242115,-36.0
880,0.19056479602969226,3.6361929209116037,3.6411830357142856,-3.15267429862764,3.0
881,0.564859799302982,3.566384413428244,3.61083984375,-1.7579250072004609,9.0
882,0.8221564420769958,3.2974893822660816,3.3984375,-0.9195300037663948,14.0
883,-12.271384456459733,16.28467719705808,20.390625,0.8654400035448423,-37.0
884,-12.782692142145557,16.963205413602168,21.240234375,0.7212000029540352,-37.0
885,-13.089476753557049,17.37032234352862,21.75,0.8221680033676002,-37.0
886,-13.089476753557049,17.37032234352862,21.75,0.5192640021269054,-37.0
887,-13.599865792838273,17.407034420492234,22.08984375,0.43272000177242115,-38.0
890,-13.293999827831378,17.641733630146252,22.08984375,0.6490800026586317,-37.0
891,-13.076794031575261,16.73753309662715,21.240234375,0.43272000177242115,-38.0
895,-13.076794031575261,16.73753309662715,21.240234375,-0.43272000177242115,-38.0
896,-13.599865792838273,17.407034420492234,22.08984375,0.43272000177242115,-38.0
897,-13.251151285329598,16.960700204582178,21.5234375,-0.07212000029540352,-38.0
898,-13.599865792838273,17.407034420492234,22.08984375,0.10818000044310529,-38.0
900,-12.782692142145557,16.963205413602168,21.240234375,-0.43272000177242115,-37.0
901,-12.782692142145557,16.963205413602168,21.240234375,-0.43272000177242115,-37.0
902,13.594137659572564,8.16818196927664,15.859375,0.7212000029540354,59.0
903,-4.369544247719753,2.6254870615532058,5.09765625,3.245400013293159,-59.0
903,-13.338329912206767,17.072283758559692,21.6650390625,-0.16227000066465794,-38.0
904,8.23989970376802,11.341248978762081,14.0185546875,1.8390600075327899,36.0
905,-4.987796639441047,3.2391130109780417,5.947265625,4.976280020382843,-57.0
905,-13.089476753557049,17.37032234352862,21.75,-0.778896003190358,-37.0
906,13.775819289884797,8.946121649367925,16.42578125,1.370280005612667,57.0
907,-4.88926270542677,4.721506111713497,6.796875,5.625360023041475,-46.0
907,-12.953128037374164,17.189381485783528,21.5234375,-0.5769600023632282,-37.0
908,-12.651159141138777,17.412826714867034,21.5234375,-0.36060000147701765,-36.0
909,1.0371506960491286,14.831945962115062,14.8681640625,2.6504100108560795,4.0
910,-12.651159141138777,17.412826714867034,21.5234375,-0.07212000029540352,-36.0
911,-12.484696520860636,17.18371057388194,21.240234375,-0.3245400013293159,-36.0
912,-12.391747619046175,17.69724966219214,21.604352678571427,-0.43272000177242115,-35.0
913,-12.182897940073488,17.398981409458568,21.240234375,-0.6490800026586317,-35.0
914,-12.182897940073488,17.398981409458568,21.240234375,-0.43272000177242115,-35.0
915,-12.182897940073488,17.398981409458568,21.240234375,-0.6490800026586317,-35.0
916,-12.484696520860636,17.18371057388194,21.240234375,-0.5409000022155265,-36.0
917,-9.959064896064497,23.462086596785834,25.48828125,-1.9472400079758954,-23.0
919,-12.827579396999848,19.017668534490166,22.939453125,-1.1899800048741582,-34.0
920,-11.719023152814676,17.37416631546015,20.95703125,-0.7933200032494389,-34.0
921,-11.402292797333198,16.90459425288015,20.390625,-0.8654400035448423,-34.0
921,-8.187530384356151,23.778314803548444,25.1484375,-1.8174240074441688,-19.0
922,-13.777770463444282,20.42638472223018,24.638671875,-1.7308800070896846,-34.0
922,-11.877388330555416,17.608952346750154,21.240234375,-0.5409000022155265,-34.0
923,-7.3526915429882,24.049570386289147,25.1484375,-1.6443360067352004,-17.0
924,-11.877388330555416,17.608952346750154,21.240234375,-0.43272000177242115,-34.0
924,-13.056506871683359,20.89477877541663,24.638671875,-1.6227000066465793,-32.0
925,-12.689854130840494,21.119463863978805,24.638671875,-1.5145200062034743,-31.0
926,-11.568260753493007,17.813559426575168,21.240234375,-0.43272000177242115,-33.0
926,-13.302674930222064,19.722026628360172,23.7890625,-1.5145200062034743,-34.0
927,-11.105530323353287,17.101017049512162,20.390625,-0.43272000177242115,-33.0
928,-12.030991183632727,18.526101803638177,22.08984375,-0.7212000029540353,-33.0
929,-12.956452043912167,19.95118655776419,23.7890625,-1.2981600053172635,-33.0
930,-13.777770463444282,20.42638472223018,24.638671875,-1.1899800048741582,-34.0
931,-13.644845692882306,19.486859178593594,23.7890625,-1.0818000044310527,-35.0
932,-11.876747706919486,18.288587677950506,21.806640625,-0.6851400028063335,-33.0
933,-13.302674930222064,19.722026628360172,23.7890625,-0.8654400035448423,-34.0
934,-12.381170309354909,19.814014355998527,23.3642578125,-0.5949900024370791,-32.0
935,-12.956452043912167,19.95118655776419,23.7890625,-0.5949900024370791,-33.0
936,-14.132161610485246,20.182818434971935,24.638671875,-0.43272000177242115,-35.0
937,-12.647965090485688,19.47615830638885,23.22265625,-0.43272000177242115,-33.0
938,-12.606282496797727,20.174269162471226,23.7890625,-0.21636000088621057,-32.0
941,-10.478515624999998,18.14932145040435,20.95703125,-0.7212000029540353,-30.0
942,-13.302674930222064,19.722026628360172,23.7890625,0.21636000088621057,-34.0
943,-13.302674930222064,19.722026628360172,23.7890625,0.3245400013293159,-34.0
944,-13.141544215968056,20.23620350858939,24.12890625,0.5192640021269054,-33.0
945,-12.25227295391496,20.391206489358844,23.7890625,0.5409000022155265,-31.0
946,-11.044921874999998,19.13036585312891,22.08984375,0.0,-30.0
947,-12.064453124999998,20.896245778033116,24.12890625,0.7356240030131159,-30.0
948,-9.610971963867815,17.33865239739232,19.82421875,-0.7212000029540353,-29.0
948,-12.906432080054815,20.654608904434827,24.35546875,0.7212000029540353,-32.0
949,-9.473672364383988,17.090957363143858,19.541015625,-0.5409000022155265,-29.0
950,6.650827917506265,23.1941933430117,24.12890625,0.778896003190358,16.0
951,-9.885571162835467,17.83404246588924,20.390625,-0.5409000022155265,-29.0
951,7.2036504981978995,23.56207909467518,24.638671875,0.757260003101737,17.0
952,7.054609453407598,23.07458780306121,24.12890625,0.7356240030131159,17.0
953,-8.934630679268984,16.803596376596456,19.03125,-2.4232320099255586,-28.0
954,-9.473672364383988,17.090957363143858,19.541015625,-0.6490800026586317,-29.0
955,-9.885571162835467,17.83404246588924,20.390625,-0.6490800026586317,-29.0
955,7.7712945694762166,23.9175853590164,25.1484375,0.5625360023041475,18.0
956,-9.572818584931055,18.003853260639058,20.390625,-0.5409000022155265,-28.0
956,8.136338565833292,22.354406486664775,23.7890625,0.43272000177242115,20.0
957,-10.709368759738423,19.320212671380013,22.08984375,-0.10818000044310531,-29.0
958,-9.89191253776209,18.60398170266036,21.0703125,-0.30290400124069483,-28.0
959,-9.25372463210002,17.403724818617757,19.7109375,-0.6490800026586317,-28.0
960,-9.413271608515537,17.703789039628408,20.05078125,-0.778896003190358,-28.0
961,-9.413271608515537,17.703789039628408,20.05078125,-0.7356240030131159,-28.0
962,-8.871435449012042,17.411172411141838,19.541015625,-0.43272000177242115,-27.0
963,-9.064292741381868,17.78967615921014,19.9658203125,-0.5949900024370791,-27.0
964,-9.128578505505144,17.915844075232904,20.107421875,-0.3966600016247194,-27.0
965,-9.064292741381868,17.78967615921014,19.9658203125,-0.24340500099698692,-27.0
966,-9.102864199855834,17.865376908823798,20.05078125,-0.3461760014179369,-27.0
967,-8.56621742895453,17.563348502388997,19.541015625,-0.27045000110776324,-26.0
968,-8.871435449012042,17.411172411141838,19.541015625,-0.21636000088621057,-27.0
969,-8.56621742895453,17.563348502388997,19.541015625,-0.43272000177242115,-26.0
970,-8.56621742895453,17.563348502388997,19.541015625,-0.10818000044310531,-26.0
971,-8.258390056085348,17.710174627542347,19.541015625,-0.21636000088621057,-25.0
972,-8.40659847065103,17.236081138990446,19.176897321428573,-0.43272000177242115,-26.0
973,-8.258390056085348,17.710174627542347,19.541015625,-0.43272000177242115,-25.0
974,-8.412273100608676,18.04017788147171,19.905133928571427,-0.6181714311034588,-25.0
975,-8.138703243678313,17.453505430041734,19.2578125,-0.5769600023632282,-25.0
976,-9.311105901037532,19.09059619824891,21.240234375,-0.43272000177242115,-26.0
977,6.157062440134185,22.978469851954788,23.7890625,-0.3245400013293159,15.0
978,-8.378076868492382,17.96684382504296,19.82421875,-1.2981600053172635,-25.0
979,-7.94804709760426,17.85160606194184,19.541015625,-0.6490800026586317,-24.0
980,-7.94804709760426,17.85160606194184,19.541015625,-0.5409000022155265,-24.0
981,-7.853801479846107,17.639926938677707,19.309303977272727,-0.6490800026586317,-24.0
982,-7.799946841127163,17.518967439669634,19.176897321428573,-0.7108971457689776,-24.0
983,-7.602479832491031,17.075449276640022,18.69140625,-0.5409000022155265,-24.0
984,-7.799946841127163,17.518967439669634,19.176897321428573,-0.43272000177242115,-24.0
985,-7.303314257113965,17.205530170976278,18.69140625,-0.6490800026586317,-23.0
986,-7.3770851081959234,17.379323405026543,18.880208333333332,-1.057760004332585,-23.0
987,-7.3770851081959234,17.379323405026543,18.880208333333332,-0.3365600013785498,-23.0
988,-7.214103537267368,17.855532824274462,19.2578125,-0.5288800021662925,-22.0
989,-7.001924021465387,17.33037009414874,18.69140625,-0.3399942871069023,-22.0
990,-7.129231730946575,17.645467732224173,19.03125,-0.3461760014179369,-22.0
991,-7.001924021465387,17.33037009414874,18.69140625,-0.36781200150655796,-22.0
992,-6.850637316747317,17.846520360041723,19.1162109375,-0.48681000199397384,-21.0
993,-6.749146393536246,17.582127465818882,18.8330078125,-0.45075000184627206,-21.0
994,-6.69840093193071,17.449931018707463,18.69140625,-0.8654400035448424,-21.0
995,-6.558885170416633,18.02038890251548,19.176897321428573,-0.6490800026586317,-20.0
996,-6.558885170416633,18.02038890251548,19.176897321428573,-0.43272000177242115,-20.0
997,-6.3928374445833,17.564176525236608,18.69140625,-0.5409000022155265,-20.0
998,-6.465483324635383,17.763769440296116,18.90380859375,-0.45976500188319747,-20.0
999,-6.586559791388854,18.09642429872863,19.2578125,-0.4687800019201229,-20.0
1000,-6.223629515135588,18.074732536481083,19.1162109375,-0.5949900024370791,-19.0
1001,-6.085326637021464,17.673071813448168,18.69140625,-0.6058080024813897,-19.0
1002,-6.085326637021464,17.673071813448168,18.69140625,-0.6058080024813897,-19.0
1003,-6.023858691192965,17.494555936544653,18.502604166666668,-0.6971600028555673,-19.0
1004,-6.006296420956251,17.443551400286506,18.448660714285715,-0.40181143021724824,-19.0
1005,-5.7176191276927115,17.597022261138193,18.502604166666668,-0.6971600028555673,-18.0
1006,-5.419674356010958,17.72695605868979,18.536931818181817,-0.8457709125551869,-17.0
1007,-5.464838308977717,17.874680692512204,18.69140625,-0.6884181846379428,-17.0
1008,-5.100008888228592,17.785844660525406,18.502604166666668,-0.6731200027570996,-16.0
1009,-5.093503774850749,17.763158634172694,18.47900390625,-0.18931500077543426,-16.0
1010,-4.837691917248288,18.054512026535907,18.69140625,-0.43272000177242115,-15.0
1011,-5.066891947395939,17.670352162729788,18.382457386363637,-0.3737127288034547,-16.0
1012,-5.152049795251332,17.967332871347093,18.69140625,8.654400035448422,-16.0
1012,-5.152049795251332,17.967332871347093,18.69140625,-0.43272000177242115,-16.0
1013,-4.837691917248288,18.054512026535907,18.69140625,-0.3399942871069023,-15.0
1014,-4.837691917248288,18.054512026535907,18.69140625,-0.5409000022155266,-15.0
1015,-4.837691917248288,18.054512026535907,18.69140625,-0.43272000177242115,-15.0
1016,-4.095439814714617,17.73929875201914,18.205915178571427,-0.2472685724413835,-13.0
1017,-4.156871411935337,18.005388233299428,18.47900390625,-0.18931500077543426,-13.0
1018,-3.709518155508265,17.45191080606116,17.841796875,-0.28848000118161415,-12.0
1019,-4.128203333232335,17.881213142035293,18.3515625,-0.3461760014179369,-13.0
1020,-3.8861618771991346,18.28295417777836,18.69140625,-0.43272000177242115,-12.0
1021,-3.709518155508265,17.45191080606116,17.841796875,-0.43272000177242115,-12.0
1021,-3.709518155508265,17.45191080606116,17.841796875,0.757260003101737,-12.0
1022,-3.835692242430315,18.045513214430592,18.448660714285715,-0.5254457164379399,-12.0
1023,-3.5664884487373705,18.347992471863563,18.69140625,-0.21636000088621057,-11.0
1024,-3.4854318930842485,17.930992642957573,18.2666015625,-0.2163600008862106,-11.0
1025,-3.7978400163536996,17.86743249191976,18.2666015625,-0.29749500121853956,-12.0
1026,-3.8076535564476366,17.91360156812627,18.313802083333332,-0.31252000128008195,-12.0
1027,-3.212943495634219,18.221508034249318,18.502604166666668,-0.24040000098467842,-10.0
1028,-3.530463312891539,18.162659214572013,18.502604166666668,-0.6971600028555673,-11.0
1029,-2.890753090550555,18.251496704015132,18.47900390625,-0.27045000110776324,-9.0
1030,-3.212943495634219,18.221508034249318,18.502604166666668,-0.24040000098467842,-10.0
1031,-2.857526043532733,18.041709385578176,18.2666015625,-0.3786300015508685,-9.0
1032,-3.1965509267789423,18.128541156523557,18.408203125,-0.2524200010339123,-10.0
1033,-2.533773671217709,18.02873646355677,18.205915178571427,-0.6181714311034588,-8.0
1034,-2.522512454901186,17.948608745940962,18.125,-0.745240003052503,-8.0
1035,-2.483098197793355,17.668161734285636,17.841796875,-0.48681000199397384,-8.0
1036,-2.208881849218298,17.989898998498962,18.125,-0.3365600013785498,-7.0
1037,-2.1743680703242623,17.708806826647415,17.841796875,-0.36060000147701765,-7.0
1038,-2.1743680703242623,17.708806826647415,17.841796875,-0.5949900024370791,-7.0
1039,-2.218742928902308,18.0702110475994,18.205915178571427,-0.2472685724413835,-7.0
1040,-1.5655933923253997,17.89481435913688,17.963169642857142,-0.4636285733275941,-5.0
1041,-1.5550150585934714,17.773903451304875,17.841796875,-0.5192640021269055,-5.0
1042,-1.894578396726219,18.025709353549953,18.125,-0.5529200022647605,-6.0
1043,-1.5796978373013042,18.05602890291289,18.125,-0.5769600023632282,-5.0
1044,-1.5867500597892563,18.13663617480089,18.205915178571427,-0.6799885742138047,-5.0
1045,-1.5550150585934714,17.773903451304875,17.841796875,-0.4327200017724212,-5.0
1046,-1.5550150585934714,17.773903451304875,17.841796875,-0.12981600053172637,-5.0
1047,-1.2699804441417901,18.161566484222522,18.205915178571427,-0.43272000177242115,-4.0
1048,-0.9337675005454921,17.81734531246686,17.841796875,-0.27045000110776324,-3.0
1049,-1.2379957514745155,17.704164069064326,17.747395833333332,-0.36060000147701765,-4.0
1050,-0.9337675005454921,17.81734531246686,17.841796875,0.0,-3.0
1051,-1.2445808352589545,17.798335154538073,17.841796875,-0.2163600008862106,-4.0
1052,-0.6226697312057546,17.830928134412968,17.841796875,-0.5625360023041476,-2.0
1053,-0.6226697312057546,17.830928134412968,17.841796875,-0.43272000177242115,-2.0
1054,-0.3039684265712416,17.41433949522875,17.4169921875,-0.3515850014400922,-1.0
1055,-0.31138229063395484,17.839079482917253,17.841796875,-0.2163600008862106,-1.0
1056,-0.6184338826941509,17.709629303566622,17.720424107142858,0.0,-2.0
1057,0.0,17.841796875,17.841796875,-0.14424000059080708,0.0
1058,-0.2965545625085284,16.98959950754024,16.9921875,10.385280042538108,-1.0
1058,-0.31138229063395484,17.839079482917253,17.841796875,-0.05409000022155264,-1.0
1059,-0.31138229063395484,17.839079482917253,17.841796875,0.14424000059080705,-1.0
1060,0.0,17.841796875,17.841796875,0.14424000059080705,0.0
1061,0.0,17.477678571428573,17.477678571428573,-0.18545142933103764,0.0
1062,-0.6226697312057546,17.830928134412968,17.841796875,-0.07212000029540354,-2.0
1063,0.0,18.205915178571427,18.205915178571427,-0.1545428577758647,0.0
1064,0.0,17.55859375,17.55859375,-0.024040000098467844,0.0
1065,0.0,17.671875,17.671875,-0.6490800026586316,0.0
1066,0.31138229063395484,17.839079482917253,17.841796875,0.08654400035448423,1.0
1067,0.31138229063395484,17.839079482917253,17.841796875,0.48681000199397384,1.0
1068,0.963410913261222,18.382975322386443,18.408203125,0.4687800019201229,3.0
1069,0.9528239801484611,18.180964604558017,18.205915178571427,0.43272000177242115,3.0
1070,0.9387080693314471,17.911616980786793,17.936197916666668,0.21636000088621057,3.0
1071,0.9528239801484611,18.180964604558017,18.205915178571427,0.18545142933103764,3.0
1072,0.6226697312057546,17.830928134412968,17.841796875,0.14424000059080705,2.0
1073,0.6226697312057546,17.830928134412968,17.841796875,0.054090000221552643,2.0
1074,0.9147110209425229,17.4537260203757,17.477678571428573,0.030908571555172938,3.0
1075,0.921640649889057,17.58595121749976,17.610085227272727,0.019669090989655493,3.0
1076,0.9337675005454921,17.81734531246686,17.841796875,0.05409000022155264,3.0
1077,1.289030150803917,18.433989981485862,18.47900390625,0.45976500188319747,4.0
1078,1.2699804441417901,18.161566484222522,18.205915178571427,0.6799885742138047,4.0
1079,0.9782326196190869,18.665790327346233,18.69140625,0.757260003101737,3.0
1080,1.5867500597892563,18.13663617480089,18.205915178571427,0.40181143021724824,5.0
1081,1.2445808352589545,17.798335154538073,17.841796875,0.27045000110776324,4.0
1082,1.6126082089117482,18.432196171723575,18.502604166666668,0.38464000157548545,5.0
1083,1.2801402876949246,18.306859016096304,18.3515625,0.7572600031017369,4.0
1084,1.62906339471697,18.620279806128917,18.69140625,0.43272000177242115,5.0
1085,1.6105513106860954,18.408685717422905,18.47900390625,0.45976500188319747,5.0
1086,1.264336086612271,18.080848410959312,18.125,0.21636000088621057,4.0
1087,1.6126082089117482,18.432196171723575,18.502604166666668,0.3365600013785498,5.0
1088,1.6043806160091372,18.338154354520903,18.408203125,-0.036060000147701776,5.0
1089,1.62906339471697,18.620279806128917,18.69140625,-9.25185853854297e-18,5.0
1090,1.5550150585934714,17.773903451304875,17.841796875,-0.1081800004431053,5.0
1091,1.6105513106860954,18.408685717422905,18.47900390625,-0.18931500077543426,5.0
1092,2.2261387386653158,18.130445084424736,18.2666015625,0.2163600008862106,7.0
1093,2.571780276285975,18.299167510510124,18.47900390625,0.18931500077543426,8.0
1094,2.542219583455102,18.088832251768626,18.2666015625,-0.08113500033232898,8.0
1095,2.2483261679543394,18.31114719490073,18.448660714285715,0.06181714311034587,7.0
1096,1.6043806160091372,18.338154354520903,18.408203125,0.03606000014770176,5.0
1097,1.5655933923253997,17.89481435913688,17.963169642857142,0.12363428622069175,5.0
1098,1.9537839716239136,18.589012770848388,18.69140625,0.21636000088621057,6.0
1099,1.9241811841750662,18.30736106219917,18.408203125,0.6490800026586317,6.0
1100,1.9315818810372782,18.377773989361476,18.47900390625,0.18931500077543426,6.0
1101,2.483098197793355,17.668161734285636,17.841796875,0.0,8.0
1102,2.542219583455102,18.088832251768626,18.2666015625,0.23439000096006146,8.0
1103,2.522512454901186,17.948608745940962,18.125,0.26444000108314625,8.0
1104,2.2520240728358427,18.341264213313394,18.47900390625,0.18931500077543426,7.0
1105,2.5619267120090172,18.22905575759629,18.408203125,0.3966600016247194,8.0
1106,2.1950763376606837,17.877462129758342,18.01171875,-0.12981600053172637,7.0
1107,2.4999900222681397,17.788353310709347,17.963169642857142,0.18545142933103761,8.0
1108,2.1891596898502774,17.829274900298078,17.963169642857142,-0.0618171431103459,7.0
1109,1.894578396726219,18.025709353549953,18.125,-1.850371707708594e-17,6.0
1110,3.0981955136472825,17.570739890168984,17.841796875,0.0,10.0
1111,2.571780276285975,18.299167510510124,18.47900390625,-0.18931500077543426,8.0
1112,2.8796774082112813,18.181567597869478,18.408203125,0.18030000073850883,9.0
1113,2.857526043532733,18.041709385578176,18.2666015625,-0.08113500033232897,9.0
1114,2.218742928902308,18.0702110475994,18.205915178571427,0.09272571466551881,7.0
1115,2.4962362834959655,17.76164407150408,17.936197916666668,-0.048080000196935695,8.0
1116,2.5540438605874507,18.172966355265224,18.3515625,0.3461760014179369,8.0
1117,2.2779094070063697,18.552083342202053,18.69140625,0.3786300015508685,7.0
1118,2.8353746788541847,17.90185117328687,18.125,0.2884800011816141,9.0
1119,2.8353746788541847,17.90185117328687,18.125,0.5529200022647603,9.0
1120,3.2035763134312036,18.16838410412031,18.448660714285715,0.3399942871069023,10.0
1121,3.709518155508265,17.45191080606116,17.841796875,0.05409000022155265,12.0
1122,4.013531018420326,17.38451277697876,17.841796875,0.2163600008862106,13.0
1123,3.846907716823386,18.098277872952316,18.502604166666668,0.31252000128008195,12.0
1124,3.8155043885227866,17.95053682909148,18.3515625,0.5841720023927686,12.0
1125,4.128203333232335,17.881213142035293,18.3515625,0.5192640021269054,13.0
1126,4.095439814714617,17.73929875201914,18.205915178571427,0.21636000088621057,13.0
1127,4.46313497127512,17.9006566465873,18.448660714285715,-0.12363428622069175,14.0
1128,4.204651543107008,18.21234671873965,18.69140625,0.48681000199397384,13.0
1129,4.4044095111267625,17.66512169071115,18.205915178571427,0.24726857244138353,14.0
1130,4.788826342326589,17.87214321818706,18.502604166666668,0.7933200032494389,15.0
1131,4.764393554865738,17.780958814012635,18.408203125,0.3966600016247194,15.0
1132,4.837691917248288,18.054512026535907,18.69140625,0.6490800026586317,15.0
1132,0.0,22.08984375,22.08984375,-0.7212000029540353,0.0
1133,4.649210413978874,17.351089480047495,17.963169642857142,0.21636000088621057,15.0
1134,4.837691917248288,18.054512026535907,18.69140625,0.3709028586620753,15.0
1135,5.464838308977717,17.874680692512204,18.69140625,0.5409000022155265,17.0
1136,5.034957754450166,17.558984396998294,18.2666015625,0.5949900024370791,16.0
1137,4.837691917248288,18.054512026535907,18.69140625,0.6490800026586316,15.0
1138,5.113019114984277,17.831216713230827,18.5498046875,0.4868100019939738,16.0
1139,5.728226955387874,17.629669797800783,18.536931818181817,0.5704036387000097,18.0
1140,5.700949684171742,17.54571898923983,18.448660714285715,-0.09272571466551884,18.0
1141,5.775962180016107,17.77658371278246,18.69140625,0.06181714311034587,18.0
1142,5.775962180016107,17.77658371278246,18.69140625,0.43272000177242115,18.0
1143,6.521985675787003,17.91900837423129,19.069010416666668,0.43272000177242115,20.0
1144,6.085326637021464,17.673071813448168,18.69140625,0.7302150029909606,19.0
1145,6.195968939512763,17.9944003918745,19.03125,0.5192640021269054,19.0
1146,6.558885170416633,18.02038890251548,19.176897321428573,0.43272000177242115,20.0
1147,6.3928374445833,17.564176525236608,18.69140625,-0.27045000110776324,20.0
1148,6.085326637021464,17.673071813448168,18.69140625,0.29749500121853956,19.0
1149,6.269730474506963,18.208619444158717,19.2578125,0.3245400013293159,19.0
1150,6.475861307499966,17.792282713876045,18.934151785714285,0.5254457164379399,20.0
1151,6.69840093193071,17.449931018707463,18.69140625,0.26444000108314625,21.0
1152,6.3928374445833,17.564176525236608,18.69140625,0.43272000177242115,20.0
1153,6.3928374445833,17.564176525236608,18.69140625,0.3515850014400922,20.0
1154,6.085326637021464,17.673071813448168,18.69140625,0.494537144882767,19.0
1155,6.69840093193071,17.449931018707463,18.69140625,0.6923520028358737,21.0
1156,7.001924021465387,17.33037009414874,18.69140625,0.6490800026586316,22.0
1157,7.08149133989113,17.527306117945887,18.90380859375,0.40567500166164483,22.0
1158,6.69840093193071,17.449931018707463,18.69140625,0.43272000177242115,21.0
1159,6.785393151825914,17.676553499469897,18.934151785714285,0.3090857155517294,21.0
1160,6.7745191243390135,17.64822568937459,18.90380859375,0.45976500188319747,21.0
1161,6.799891855141781,17.714323912930304,18.974609375,0.28848000118161415,21.0
1162,7.129231730946575,17.645467732224173,19.03125,0.6058080024813897,22.0
1163,7.072650526732714,17.50542433752398,18.880208333333332,0.6971600028555675,22.0
1164,7.001924021465387,17.33037009414874,18.69140625,0.6490800026586316,22.0
1165,6.7745191243390135,17.64822568937459,18.90380859375,0.6220350025478554,21.0
1166,6.766061547404758,17.626192948189356,18.880208333333332,0.31252000128008195,21.0
1167,6.651133906990705,18.273840223225964,19.446614583333332,0.5048400020678246,20.0
1168,6.361932393249712,18.476393259513994,19.541015625,0.3786300015508685,19.0
1169,5.9509913369862915,18.315268067715262,19.2578125,0.07212000029540352,18.0
1170,5.925987171704837,18.23831315986772,19.176897321428573,0.6490800026586317,18.0
1171,5.972869981607565,18.382603612081862,19.32861328125,0.3245400013293159,18.0
1172,6.361932393249712,18.476393259513994,19.541015625,0.0,19.0
1173,6.361932393249712,18.476393259513994,19.541015625,0.14424000059080705,19.0
1174,5.308172516319554,18.511797503812158,19.2578125,0.36060000147701765,16.0
1175,5.7132400502948855,18.687166178535488,19.541015625,0.1081800004431053,17.0
1176,5.464838308977717,17.874680692512204,18.69140625,-0.5625360023041475,17.0
1177,5.880979674198217,18.099794325742142,19.03125,-0.3461760014179369,18.0
1178,6.2433870691518925,18.1321126397715,19.176897321428573,-0.1545428577758647,19.0
1179,6.69840093193071,17.449931018707463,18.69140625,-0.21636000088621057,21.0
1180,7.129231730946575,17.645467732224173,19.03125,-0.04327200017724213,22.0
1181,7.002873701563924,18.24310970137598,19.541015625,-0.10818000044310531,21.0
1182,6.820190039783996,17.76720249177487,19.03125,-0.3461760014179369,21.0
1183,6.489698617986077,17.830300411982616,18.974609375,-0.3966600016247194,20.0
1184,6.154478076078526,17.873902174964623,18.90380859375,-0.6220350025478554,19.0
1185,6.2433870691518925,18.1321126397715,19.176897321428573,-0.40181143021724824,19.0
1186,5.925987171704837,18.23831315986772,19.176897321428573,-0.3709028586620753,18.0
1187,6.146794582849964,17.851587690351685,18.880208333333332,-0.0480800001969357,19.0
1188,6.567187556708299,18.043199521379425,19.201171875,0.021636000088621044,20.0
1189,6.085326637021464,17.673071813448168,18.69140625,-0.43272000177242115,19.0
1190,6.000999667549202,18.46917788341035,19.419642857142858,-0.21636000088621057,18.0
1191,5.564199005504584,18.199674886921517,19.03125,-0.5192640021269054,17.0
1192,5.547638889416773,18.1455091878533,18.974609375,0.036060000147701755,17.0
1193,4.837691917248288,18.054512026535907,18.69140625,-0.346176001417937,15.0
1194,4.963346252761231,18.523460390861516,19.176897321428573,0.18545142933103764,15.0
1195,5.985997168380329,18.423004938701823,19.37109375,0.08654400035448423,18.0
1196,5.386233876853665,18.78402982004469,19.541015625,-0.07212000029540354,16.0
1197,5.606782161158956,18.33895811309694,19.176897321428573,-0.1545428577758647,17.0
1198,5.386233876853665,18.78402982004469,19.541015625,0.0,16.0
1199,5.269141836052499,18.37568134569589,19.1162109375,-0.2163600008862106,16.0
1200,4.252431674278679,18.419305204179874,18.90380859375,0.1081800004431053,13.0
1201,4.573245209053289,18.34228468885508,18.90380859375,-0.18931500077543426,14.0
1202,5.0261734205177016,18.75793457302432,19.419642857142858,-0.3399942871069023,15.0
1203,4.947639460822113,18.464841845320812,19.1162109375,-0.08113500033232897,15.0
1204,4.259257407303203,18.448870702099907,18.934151785714285,-0.3709028586620753,13.0
1205,4.686291719838876,18.795689478916668,19.37109375,-0.2596320010634527,14.0
1206,4.037570781505594,18.995277067821675,19.419642857142858,-0.24726857244138353,12.0
1207,4.521860431423477,18.136191602463448,18.69140625,-0.19472400079758953,14.0
1208,4.604076075631176,18.46594054069006,19.03125,-0.3245400013293159,14.0
1209,5.152049795251332,17.967332871347093,18.69140625,-0.14424000059080705,16.0
1210,4.837691917248288,18.054512026535907,18.69140625,0.02704500011077632,15.0
1211,-4.277412032916864,5.282163956777849,6.796875,11.25072004608295,-39.0
1211,4.559231178790614,18.286077483475545,18.845880681818183,-0.5113963657310433,14.0
1212,4.604076075631176,18.46594054069006,19.03125,-0.3461760014179369,14.0
1213,4.521860431423477,18.136191602463448,18.69140625,-0.36060000147701765,14.0
1214,4.252431674278679,18.419305204179874,18.90380859375,-0.45976500188319747,13.0
1215,4.521860431423477,18.136191602463448,18.69140625,-0.6490800026586317,14.0
1216,4.521860431423477,18.136191602463448,18.69140625,-0.5679450023263027,14.0
1217,4.521860431423477,18.136191602463448,18.69140625,-0.27045000110776324,14.0
1218,4.204651543107008,18.21234671873965,18.69140625,-0.2472685724413835,13.0
1219,4.204651543107008,18.21234671873965,18.69140625,-0.05409000022155265,13.0
1220,4.204651543107008,18.21234671873965,18.69140625,-0.12981600053172634,13.0
1221,4.150045678910813,17.975822735379396,18.448660714285715,-0.18545142933103764,13.0
1222,4.204651543107008,18.21234671873965,18.69140625,-0.43272000177242115,13.0
1223,3.8861618771991346,18.28295417777836,18.69140625,-0.6058080024813897,12.0
1224,3.8861618771991346,18.28295417777836,18.69140625,-0.24040000098467842,12.0
1225,4.169902356800338,18.061831456601304,18.536931818181817,-0.6294109116689762,13.0
1226,3.5664884487373705,18.347992471863563,18.69140625,-0.5409000022155266,11.0
1227,3.5664884487373705,18.347992471863563,18.69140625,-0.43272000177242115,11.0
1228,3.6205261525061188,18.62599235780089,18.974609375,-0.2524200010339123,11.0
1229,3.8861618771991346,18.28295417777836,18.69140625,0.04327200017724211,12.0
1230,3.8861618771991346,18.28295417777836,18.69140625,-0.2472685724413835,12.0
1231,3.8861618771991346,18.28295417777836,18.69140625,-0.14424000059080705,12.0
1232,3.846907716823386,18.098277872952316,18.502604166666668,-0.5048400020678248,12.0
1233,3.8508331328609606,18.11674550343492,18.521484375,-0.3894480015951791,12.0
1234,3.5664884487373705,18.347992471863563,18.69140625,-0.13522500055388162,11.0
1235,3.8861618771991346,18.28295417777836,18.69140625,-0.2524200010339123,12.0
1236,3.245728633344772,18.40744178970084,18.69140625,0.0,10.0
1237,3.5259601709108095,18.139492557410566,18.47900390625,-0.1081800004431053,11.0
1238,3.5124507449686226,18.069992585926236,18.408203125,-0.10818000044310531,11.0
1239,3.245728633344772,18.40744178970084,18.69140625,0.7212000029540352,10.0
1240,3.473852385133802,17.871421238828145,18.205915178571427,-0.0618171431103459,11.0
1241,3.5664884487373705,18.347992471863563,18.69140625,0.07212000029540352,11.0
1242,3.8420009467764173,18.07519333484906,18.47900390625,-0.08113500033232895,12.0
1243,3.5664884487373705,18.347992471863563,18.69140625,0.05409000022155265,11.0
1244,3.2088453534204,18.19826631481788,18.47900390625,-0.18931500077543426,10.0
1245,3.28788095325834,18.64649947528137,18.934151785714285,-0.09272571466551884,10.0
1246,2.9904342316040227,18.880858659325998,19.1162109375,-0.05409000022155268,9.0
1247,2.89739849995412,18.29345416770252,18.521484375,-0.15145200062034742,9.0
1248,2.5750647977116277,18.322538094814735,18.502604166666668,-0.19232000078774272,8.0
1249,2.601340969116848,18.50950276925162,18.69140625,-0.21636000088621057,8.0
1250,3.1897965137109576,20.13958256994773,20.390625,-0.4759920019496633,9.0
1251,2.601340969116848,18.50950276925162,18.69140625,-0.14424000059080705,8.0
1252,2.8353746788541847,17.90185117328687,18.125,-0.14424000059080708,9.0
1253,2.2779094070063697,18.552083342202053,18.69140625,-0.6490800026586317,7.0
1253,2.2779094070063697,18.552083342202053,18.69140625,0.43272000177242115,7.0
1254,2.579842283421667,18.356531671985074,18.536931818181817,-0.03933818197931102,8.0
1255,1.2005582149870613,22.908015401743103,22.939453125,-1.5145200062034743,3.0
1255,2.8796774082112813,18.181567597869478,18.408203125,-0.4687800019201229,9.0
1256,2.1743680703242623,17.708806826647415,17.841796875,-0.2163600008862106,7.0
1257,1.5409096055587055,22.036034000856663,22.08984375,-1.7308800070896846,4.0
1257,2.542219583455102,18.088832251768626,18.2666015625,-0.16227000066465794,8.0
1258,2.571780276285975,18.299167510510124,18.47900390625,-0.18931500077543428,8.0
1259,2.2261387386653158,18.130445084424736,18.2666015625,-0.24340500099698692,7.0
1260,2.218742928902308,18.0702110475994,18.205915178571427,-0.12363428622069181,7.0
1261,2.6959351861756424,19.182575597224403,19.37109375,-0.8221680033676002,8.0
1262,1.5409096055587055,22.036034000856663,22.08984375,-2.3799600097483165,4.0
1262,2.5540438605874507,18.172966355265224,18.3515625,0.12981600053172632,8.0
1263,1.864975609277372,17.744057644900735,17.841796875,-0.21636000088621057,6.0
1263,1.5409096055587055,22.036034000856663,22.08984375,-2.3799600097483165,4.0
1264,2.2261387386653158,18.130445084424736,18.2666015625,-0.24340500099698692,7.0
1265,2.601340969116848,18.50950276925162,18.69140625,-0.43272000177242115,8.0
1266,2.218742928902308,18.0702110475994,18.205915178571427,-0.2472685724413835,7.0
1267,1.62906339471697,18.620279806128917,18.69140625,-1.3877787807814457e-17,5.0
1268,1.8512084030874658,21.15940887060104,21.240234375,-2.596320010634527,5.0
1268,1.9030363359973181,18.10618127030687,18.205915178571427,0.09272571466551881,6.0
1269,1.9182606266852968,18.251030720469327,18.3515625,0.08654400035448423,6.0
1270,2.218742928902308,18.0702110475994,18.205915178571427,-0.1545428577758647,7.0
1271,1.9182606266852968,18.251030720469327,18.3515625,-0.08654400035448424,6.0
1272,1.9340487799913488,18.401244965082245,18.502604166666668,-0.09616000039387138,6.0
1273,1.894578396726219,18.025709353549953,18.125,-0.12020000049233921,6.0
1274,1.5994440602675706,18.2817292641993,18.3515625,-0.04327200017724213,5.0
1275,1.9537839716239136,18.589012770848388,18.69140625,-9.25185853854297e-18,6.0
1276,1.9241811841750662,18.30736106219917,18.408203125,-0.03606000014770178,6.0
1277,1.62906339471697,18.620279806128917,18.69140625,-0.3090857155517294,5.0
1278,1.9537839716239136,18.589012770848388,18.69140625,-0.36781200150655796,6.0
1279,1.9537839716239136,18.589012770848388,18.69140625,-0.3515850014400922,6.0
1280,1.894578396726219,18.025709353549953,18.125,-0.024040000098467844,6.0
1281,2.254900221077013,18.36468856096769,18.502604166666668,-0.38464000157548545,7.0
1282,2.2433956281123337,18.270991170350506,18.408203125,-0.6130200025109299,7.0
1283,2.2002534044947892,17.919625955536073,18.05419921875,-0.5949900024370791,7.0
1284,1.9537839716239136,18.589012770848388,18.69140625,-0.5409000022155265,6.0
1285,1.9315818810372782,18.377773989361476,18.47900390625,-0.6220350025478554,6.0
1286,1.894578396726219,18.025709353549953,18.125,-0.5529200022647605,6.0
1287,1.5550150585934714,17.773903451304875,17.841796875,-0.778896003190358,5.0
1288,1.5550150585934714,17.773903451304875,17.841796875,-0.7031700028801844,5.0
1289,1.864975609277372,17.744057644900735,17.841796875,-0.5409000022155265,6.0
1290,1.894578396726219,18.025709353549953,18.125,-0.7933200032494387,6.0
1291,1.510586056919372,17.26607763841045,17.33203125,-0.5625360023041475,5.0
1292,1.4809667224699727,16.927527096480834,16.9921875,-0.757260003101737,5.0
1293,1.8269148825574257,17.3819340194946,17.477678571428573,-0.6181714311034588,6.0
1294,1.5303322798856385,17.49177799969686,17.55859375,-0.5529200022647605,5.0
1295,1.4994788065008473,17.13912118518684,17.20458984375,-0.6761250027694081,5.0
1296,1.4994788065008473,17.13912118518684,17.20458984375,-0.8383950034340659,5.0
1297,1.4809667224699727,16.927527096480834,16.9921875,-0.757260003101737,5.0
1298,1.2001315197139917,17.162680327590287,17.20458984375,-1.1088450045418292,4.0
1299,1.2149479582289793,17.374565269906217,17.4169921875,-1.0998300045049039,4.0
1300,1.517990890531722,17.350715273892853,17.4169921875,-0.8293800033971408,5.0
1301,1.4809667224699727,16.927527096480834,16.9921875,-1.3414320054945055,5.0
1302,1.185315081199004,16.950795385274358,16.9921875,-1.3414320054945055,4.0
1303,0.9004186612402959,17.18101155130733,17.20458984375,-0.8654400035448423,3.0
1304,0.8893023814718972,16.968900297587485,16.9921875,-0.9952560040765686,3.0
1305,0.5984098715483875,17.13621664865662,17.146661931818183,-1.0031236404724309,2.0
1306,0.0,16.9921875,16.9921875,-0.8654400035448424,0.0
1307,0.8893023814718972,16.968900297587485,16.9921875,-0.8654400035448424,3.0
1308,0.8448372623983024,16.12045528270811,16.142578125,-3.0290400124069485,3.0
1308,0.5856060567292216,16.769563364507434,16.77978515625,-1.0547550043202767,2.0
1309,0.0,16.9921875,16.9921875,-1.2981600053172633,0.0
1310,1.161608779575024,16.61177947756887,16.65234375,-1.0168920041651899,4.0
1311,0.8781861017034984,16.75678904386764,16.77978515625,-1.3252050054280398,3.0
1312,1.1704986426840167,16.738910442958428,16.77978515625,-1.2711150052064872,4.0
1313,0.5930187916245282,16.98183631848854,16.9921875,-1.1358900046526055,2.0
1314,0.5633678520433018,16.132744502564115,16.142578125,-1.0818000044310527,2.0
1314,0.5633678520433018,16.132744502564115,16.142578125,-2.3799600097483165,2.0
1315,0.8638937420012714,16.48407457479927,16.506696428571427,-1.0818000044310527,3.0
1316,0.8715163338424593,16.629522291635734,16.65234375,-0.778896003190358,3.0
1317,0.8638937420012714,16.48407457479927,16.506696428571427,-0.8963485751000153,3.0
1318,0.5732514985703773,16.415775107872257,16.42578125,-0.9616000039387137,2.0
1319,-0.5506603065084904,15.768848010025074,15.778459821428571,-1.6381542924241657,-2.0
1320,-0.5498901522336533,15.74679367714392,15.756392045454545,-1.8095563710483065,-2.0
1321,-0.2668991062576756,15.290639556786218,15.29296875,-1.7308800070896844,-1.0
1322,0.0,15.29296875,15.29296875,-1.4063400057603686,0.0
1323,0.0,15.29296875,15.29296875,-1.5866400064988777,0.0
1324,0.2668991062576756,15.290639556786218,15.29296875,-1.8174240074441692,1.0
1325,0.2718416822994844,15.573799548578556,15.576171875,-1.1178600045787546,1.0
1326,0.5421886094852829,15.52625034833238,15.535714285714286,-0.8345314319896694,2.0
1327,0.8114884230931062,15.48412152154858,15.50537109375,-0.8654400035448423,3.0
1328,0.541129647357382,15.495925640620793,15.50537109375,-0.8924850036556187,2.0
1329,0.5436005589891508,15.566683291947829,15.576171875,-1.2260400050218596,2.0
1330,0.5337169124620754,15.283652686639687,15.29296875,-1.2981600053172633,2.0
1331,0.7922875762204175,15.117747537850668,15.138494318181818,-1.3768363692758854,3.0
1332,0.260968015007505,14.950847566635414,14.953125,-1.1899800048741582,1.0
1333,0.0,14.65576171875,14.65576171875,-1.5415650063142503,0.0
1334,0.23724365000682274,13.591679606032194,13.59375,-6.274440025700107,1.0
1334,0.5263041775667687,15.071379732658581,15.08056640625,-1.3252050054280398,2.0
1335,0.26266261250755374,15.047930992392786,15.050223214285714,-1.4527028630931278,1.0
1336,0.5263041775667687,15.071379732658581,15.08056640625,-1.2711150052064872,2.0
1337,0.2668991062576756,15.290639556786218,15.29296875,-0.8654400035448424,1.0
1338,-0.5007714240384905,14.340217335612547,14.348958333333334,-1.2020000049233923,-2.0
1339,0.0,14.443359375,14.443359375,-1.1899800048741582,0.0
1340,1.0272730703724702,14.690689333904443,14.7265625,-1.202000004923392,4.0
1341,0.7559070242511126,14.423565252949363,14.443359375,-1.2981600053172635,3.0
1342,0.7559070242511126,14.423565252949363,14.443359375,-1.4279760058489896,3.0
1343,0.7559070242511126,14.423565252949363,14.443359375,-1.3522500055388162,3.0
1344,0.7470140004363937,14.253876249973487,14.2734375,-1.2548880051400215,3.0
1345,0.4818277681949292,13.79774200877194,13.80615234375,-1.7579250072004609,2.0
1346,0.7114419051775177,13.575120238069989,13.59375,-5.841720023927686,3.0
1346,0.7410853178932476,14.14075024798957,14.16015625,-1.202000004923392,3.0
1347,0.9482520649592033,13.560636308219486,13.59375,-1.189980004874158,4.0
1348,0.48100413098433953,13.774156124996262,13.782552083333334,-0.913520003741778,2.0
1349,0.24095058203817935,13.804049599876446,13.80615234375,-1.0818000044310527,1.0
1350,0.23724365000682274,13.591679606032194,13.59375,-0.9736200039879477,1.0
1351,0.9614222325280812,13.74897847916698,13.782552083333334,-1.1779600048249241,4.0
1352,0.47441503329962253,13.585469054790833,13.59375,-1.2981600053172635,2.0
1353,0.47441503329962253,13.585469054790833,13.59375,-1.3414320054945055,2.0
1354,0.23724365000682274,13.591679606032194,13.59375,-1.514520006203474,1.0
1355,0.0,13.351004464285714,13.351004464285714,-1.2363428622069177,0.0
1356,0.2339485993122835,13.402906278170635,13.404947916666666,-1.370280005612667,1.0
1357,0.47441503329962253,13.585469054790833,13.59375,-1.2981600053172633,2.0
1358,0.47441503329962253,13.585469054790833,13.59375,-1.1899800048741582,2.0
1359,0.462554657467132,13.245832328421063,13.25390625,-0.9519840038993266,2.0
1360,0.23724365000682274,13.591679606032194,13.59375,-4.110840016838001,1.0
1360,0.23353671797546613,13.37930961218794,13.38134765625,-1.1088450045418292,1.0
1361,0.22877066250657907,13.10626247724533,13.108258928571429,-1.0818000044310527,1.0
1362,-0.44476409371839615,12.736377238866407,12.744140625,-1.3847040056717475,-2.0
1363,0.22735849792320512,13.02535962244752,13.02734375,-1.3943200057111347,1.0
1364,0.22982978594410952,13.166939618343688,13.1689453125,-1.433385005871145,1.0
1365,-0.2112951257873265,12.105089649122423,12.10693359375,-1.1088450045418292,-1.0
1366,0.0,12.4609375,12.4609375,-1.202000004923392,0.0
1367,-0.2174733458395875,12.459039638862844,12.4609375,-1.4784600060557722,-1.0
1368,-0.2174733458395875,12.459039638862844,12.4609375,-0.8654400035448423,-1.0
1369,-0.2112951257873265,12.105089649122423,12.10693359375,-1.1088450045418292,-1.0
1370,-0.2112951257873265,12.105089649122423,12.10693359375,-1.0547550043202765,-1.0
1371,-0.6479203065009537,12.363055931099453,12.380022321428571,-0.8963485751000153,-3.0
1372,-0.6076899606724631,11.595415203351449,11.611328125,-1.1178600045787546,-3.0
1373,-0.4151131541371697,11.887285422941979,11.89453125,-1.081800004431053,-2.0
1374,0.0,11.89453125,11.89453125,-1.1899800048741582,0.0
1375,0.2075881937559699,11.892719655278169,11.89453125,-1.2981600053172633,1.0
1376,0.42252588903247634,12.099558376923085,12.10693359375,-1.3252050054280398,2.0
1377,0.42252588903247634,12.099558376923085,12.10693359375,-1.2981600053172635,2.0
1378,0.0,11.89453125,11.89453125,-1.2981600053172633,0.0
1379,0.2075881937559699,11.892719655278169,11.89453125,-1.2981600053172633,1.0
1380,-0.2075881937559699,11.892719655278169,11.89453125,-1.081800004431053,-1.0
1381,-0.8297205568393029,11.86555676969205,11.89453125,6.490800026586318,-4.0
1381,-0.7941611044033328,11.357032908133819,11.384765625,-1.1683440047855371,-4.0
1382,0.0,10.1953125,10.1953125,3.245400013293159,0.0
1382,0.0,11.044921875,11.044921875,-1.1088450045418292,0.0
1383,0.0,11.044921875,11.044921875,3.245400013293159,0.0
1383,-0.2001743296932567,11.467979667589663,11.4697265625,-1.2440700050957108,-1.0
1384,0.0,10.1953125,10.1953125,3.245400013293159,0.0
1384,-0.2075881937559699,11.892719655278169,11.89453125,-1.514520006203474,-1.0
1385,0.19276046563054347,11.043239679901157,11.044921875,-5.841720023927686,1.0
1385,0.0,11.409040178571429,11.409040178571429,-1.5145200062034743,0.0
1386,0.19911520625572623,11.407302526491305,11.409040178571429,-1.3290685768724362,1.0
1387,0.19770304167235228,11.326399671693494,11.328125,-1.4424000059080706,1.0
1388,0.0,11.5546875,11.5546875,-1.1683440047855371,0.0
1389,0.0,11.89453125,11.89453125,-10.168920041651896,0.0
1389,0.19276046563054347,11.043239679901157,11.044921875,-1.1539200047264562,1.0
1390,0.19141249034641378,10.966014227594156,10.967684659090908,-0.8851090945344976,1.0
1391,0.0,10.1953125,10.1953125,6.274440025700107,0.0
1391,0.0,10.384114583333334,10.384114583333334,-1.033720004234117,0.0
1392,0.1897949200054582,10.873343684825755,10.875,-1.1683440047855371,1.0
1393,0.0,10.1953125,10.1953125,-1.146708004696916,0.0
1394,0.1821692312552389,10.436468268917578,10.438058035714286,-1.2363428622069175,1.0
1395,0.0,10.365234375,10.365234375,-1.2765240052286424,0.0
1396,-0.592657540599502,8.475397692637179,8.49609375,-6.058080024813897,-4.0
1396,0.0,10.1953125,10.1953125,-1.4063400057603688,0.0
1397,-0.17793273750511704,10.193759704524146,10.1953125,-1.3290685768724366,-1.0
1398,-0.4446511907359486,8.484450148793742,8.49609375,-6.490800026586318,-3.0
1398,0.1752367869368577,10.039308799910144,10.040838068181818,-1.612865461151752,1.0
1399,0.18163966953647365,10.406129698368398,10.40771484375,-1.1088450045418292,1.0
1400,0.0,10.1953125,10.1953125,-0.9087120037220844,0.0
1401,0.17793273750511704,10.193759704524146,10.1953125,-1.0385280042538108,1.0
1402,0.17793273750511704,10.193759704524146,10.1953125,-1.125072004608295,1.0
1403,0.35581127497471693,10.189101791093124,10.1953125,-1.2363428622069175,2.0
1404,0.17793273750511704,10.193759704524146,10.1953125,-1.2981600053172633,1.0
1405,0.0,9.912109375,9.912109375,-1.3342200054649653,0.0
1406,-0.1482772812542642,8.49479975377012,8.49609375,-6.707160027472528,-1.0
1406,0.17463768681057784,10.004986376662586,10.006510416666666,-1.4424000059080706,1.0
1407,-0.5923866889879891,6.771010838592333,6.796875,-6.707160027472528,-5.0
1407,0.17546144948421266,10.052179708627976,10.0537109375,-1.1719500048003073,1.0
1408,-0.3261603353934905,9.340009975168698,9.345703125,-1.6227000066465793,-2.0
1409,0.17299016146330826,9.910599712731807,9.912109375,-1.1178600045787546,1.0
1410,-0.1482772812542642,8.49479975377012,8.49609375,-2.3799600097483165,-1.0
1410,0.35581127497471693,10.189101791093124,10.1953125,-0.6490800026586317,2.0
1411,0.17463768681057784,10.004986376662586,10.006510416666666,-1.1058400045295207,1.0
1412,0.17422580547376046,9.981389710679892,9.98291015625,-1.0547550043202767,1.0
1413,0.17422580547376046,9.981389710679892,9.98291015625,-1.1088450045418292,1.0
1414,-0.35572095258875885,6.787560119034994,6.796875,-9.952560040765686,-3.0
1414,0.16804758542149945,9.62743972093947,9.62890625,-1.3943200057111347,1.0
1415,0.0,9.345703125,9.345703125,-1.4604300059819213,0.0
1416,0.0,9.345703125,9.345703125,-1.4604300059819213,0.0
1417,-0.16310500937969064,9.344279729147134,9.345703125,-1.5866400064988777,-1.0
1418,-1.5392656100335462,5.744617462988697,5.947265625,-6.707160027472528,-15.0
1418,-0.1482772812542642,8.49479975377012,8.49609375,-1.449612005937611,-1.0
1419,-1.4387737736347426,5.770606418965643,5.947265625,-6.490800026586318,-14.0
1419,-0.15569114531697742,8.919539741458626,8.9208984375,-1.514520006203474,-1.0
1420,-1.146723148120093,4.967003650565359,5.09765625,-7.1398800292449485,-13.0
1420,-0.15675026875450787,8.980216882556984,8.981584821428571,-1.0508914328758798,-1.0
1421,-0.3039221307075707,8.703191113225378,8.70849609375,-1.1088450045418292,-2.0
1422,-1.4051044896139997,4.900181692185571,5.09765625,-2.596320010634527,-16.0
1422,-0.1482772812542642,8.49479975377012,8.49609375,-1.125072004608295,-1.0
1423,0.0,8.70849609375,8.70849609375,-1.1088450045418292,0.0
1424,-1.5752624127316655,4.848159194395216,5.09765625,-2.3799600097483165,-18.0
1424,-0.4446511907359486,8.484450148793742,8.49609375,-1.2363428622069175,-3.0
1425,0.0,8.49609375,8.49609375,13.630680055831265,0.0
1425,0.0,8.28369140625,8.28369140625,-1.3252050054280398,0.0
1426,-1.8268366177992845,4.759072096011126,5.09765625,-2.3799600097483165,-21.0
1426,0.0,8.49609375,8.49609375,-1.4527028630931282,0.0
1427,-0.1374934789812268,7.876996135314112,7.8781960227272725,-1.4948509152138185,-1.0
1428,-0.1482772812542642,8.49479975377012,8.49609375,10.168920041651896,-1.0
1428,-0.1445703492229076,8.282429759925868,8.28369140625,-1.4874750060926978,-1.0
1429,0.1482772812542642,8.49479975377012,8.49609375,-1.189980004874158,1.0
1430,0.0,8.49609375,8.49609375,-0.8036228604344965,0.0
1431,-2.8724834977688167,6.16006074001473,6.796875,-1.3943200057111347,-25.0
1432,0.14558133068600487,8.340348849156118,8.341619318181818,-1.0031236404724309,1.0
1433,-1.2178910785328563,3.172714730674084,3.3984375,-6.058080024813897,-21.0
1433,0.2890966609169575,8.278645205263164,8.28369140625,-1.1088450045418292,2.0
1434,0.1445703492229076,8.282429759925868,8.28369140625,-1.1088450045418292,1.0
1435,0.14404078750414237,8.252091189376689,8.253348214285714,-1.2363428622069175,1.0
1436,0.13980429375402054,8.009382624983257,8.010602678571429,-1.2981600053172635,1.0
1437,0.1334495531288378,7.645319778393109,7.646484375,-1.4279760058489896,1.0
1438,0.1334495531288378,7.645319778393109,7.646484375,-1.4279760058489896,1.0
1439,0.13641509875392308,7.815215773468512,7.81640625,-1.7308800070896848,1.0
1440,0.1334495531288378,7.645319778393109,7.646484375,-1.514520006203474,1.0
1441,0.0,7.36328125,7.36328125,-0.9856400040371815,0.0
1442,0.0,7.00927734375,7.00927734375,-1.1088450045418292,0.0
1443,0.0,7.00927734375,7.00927734375,-1.0818000044310527,0.0
1444,-0.128506977087029,7.362159786600771,7.36328125,-1.202000004923392,-1.0
1445,0.0,7.00927734375,7.00927734375,-1.4874750060926978,0.0
1446,0.0,6.796875,6.796875,-1.4063400057603688,0.0
1447,-0.0,0.0,0.0,1.7308800070896846,-37.0
1447,-0.11120796094069815,6.371099815327591,6.3720703125,-1.4604300059819213,-1.0
1448,0.0,6.796875,6.796875,-1.5145200062034743,0.0
1449,-0.11862182500341137,6.795839803016097,6.796875,-1.514520006203474,-1.0
1450,-0.11862182500341137,6.795839803016097,6.796875,-1.4751818242241628,-1.0
1451,0.0,5.947265625,5.947265625,-2.3799600097483165,0.0
1451,-0.23720751664981127,6.7927345273954165,6.796875,-1.1436171475413985,-2.0
1452,-0.11862182500341137,6.795839803016097,6.796875,-12.548880051400214,-1.0
1452,-0.11322992386689268,6.486937993788093,6.487926136363637,-0.9047781855241535,-1.0
1453,-0.11862182500341137,6.795839803016097,6.796875,-13.630680055831265,-1.0
1453,-0.1126907337532408,6.456047812865292,6.45703125,-1.0168920041651899,-1.0
1454,-0.11532677430887217,6.607066475154539,6.608072916666667,-1.22604000502186,-1.0
1455,-0.11491489297205476,6.583469809171844,6.58447265625,-1.2711150052064872,-1.0
1456,-0.11862182500341137,6.795839803016097,6.796875,-1.125072004608295,-1.0
1457,-0.11120796094069815,6.371099815327591,6.3720703125,-1.3522500055388162,-1.0
1458,-0.23720751664981127,6.7927345273954165,6.796875,9.519840038993266,-2.0
1458,-0.22979478175450468,6.5804615734143095,6.58447265625,-1.3252050054280398,-2.0
1459,-0.2253471408173207,6.4530978010256455,6.45703125,-1.4063400057603688,-2.0
1460,-0.33793490495932094,6.448182113083244,6.45703125,-1.1899800048741582,-3.0
1461,-0.41486027841965145,5.932778384846025,5.947265625,-1.6227000066465789,-4.0
1462,-0.41486027841965145,5.932778384846025,5.947265625,-0.9375600038402458,-4.0
1463,-0.311255833515164,5.939115104155619,5.947265625,-0.9736200039879477,-3.0
1464,-0.29219935391219476,5.575495812064459,5.583147321428571,-1.1127085759862256,-3.0
1465,-0.2845767620710071,5.4300480952279955,5.4375,-1.1899800048741582,-3.0
1466,-0.35559452435970124,5.085238615582307,5.09765625,12.981600053172636,-4.0
1466,-0.3793008259836813,5.424254523287794,5.4375,-1.211616004962779,-4.0
1467,-0.3793008259836813,5.424254523287794,5.4375,-1.4063400057603688,-4.0
1468,-0.38946066953681563,5.569547055161574,5.583147321428571,-1.3290685768724362,-4.0
1469,-0.44429001674099183,5.07825812894425,5.09765625,12.116160049627794,-5.0
1469,-0.46280210077186645,5.28985221765026,5.31005859375,-1.3252050054280398,-5.0
1470,-0.296328770299751,4.237698846318589,4.248046875,-1.4063400057603677,-4.0
1470,-0.44429001674099183,5.07825812894425,5.09765625,-1.4527028630931282,-5.0
1471,-0.44429001674099183,5.07825812894425,5.09765625,-1.3414320054945055,-5.0
1472,-0.44429001674099183,5.07825812894425,5.09765625,-1.1629350047633817,-5.0
1473,-0.35559452435970124,5.085238615582307,5.09765625,-1.081800004431053,-4.0
1474,-0.35559452435970124,5.085238615582307,5.09765625,-1.125072004608295,-4.0
1475,-0.35559452435970124,5.085238615582307,5.09765625,-1.125072004608295,-4.0
1476,-0.44429001674099183,5.07825812894425,5.09765625,-1.125072004608295,-5.0
1477,-0.4278348309357699,4.890174494538908,4.908854166666667,-1.1539200047264564,-5.0
1478,-0.4146706822915924,4.7397075870146335,4.7578125,-1.4063400057603688,-5.0
1479,-0.5328501740792492,5.069730755685924,5.09765625,12.116160049627794,-6.0
1479,-0.482102538452654,4.586899255144408,4.612165178571429,-1.2981600053172635,-6.0
1480,-0.5106480834926137,4.858491974199011,4.88525390625,-1.2711150052064872,-6.0
1481,-0.49732682914063253,4.731748705306863,4.7578125,-1.1899800048741582,-6.0
1482,-0.5522204623045746,4.4974747496247405,4.53125,-1.1779600048249241,-7.0
1483,-0.6798959351100853,4.8377109510544,4.88525390625,-1.0818000044310527,-8.0
1484,-0.5620815419885848,4.577786798725183,4.612165178571429,-0.8963485751000153,-7.0
1485,-0.6798959351100853,4.8377109510544,4.88525390625,-1.0547550043202767,-8.0
1486,-0.7442858531992235,4.699235932987804,4.7578125,-1.1899800048741582,-9.0
1487,-0.564859799302982,3.566384413428244,3.61083984375,-1.3252050054280398,-9.0
1488,-0.5517995995096344,3.9262581631745856,3.96484375,-1.202000004923392,-8.0
1489,-0.8409303086214016,3.6424693437479303,3.73828125,-1.4063400057603688,-13.0
1490,-0.5847960275136755,3.6922568044904174,3.73828125,-1.4063400057603688,-9.0
1491,-0.706574886763479,3.324173486868793,3.3984375,-1.2981600053172633,-12.0
1492,-0.706574886763479,3.324173486868793,3.3984375,-3.606000014770176,-12.0
1492,-0.7708089673783408,3.6263710765841375,3.7073863636363638,-1.3178290963069188,-12.0
1493,-0.6889807230515376,3.5444985457009155,3.61083984375,-1.1088450045418292,-11.0
1494,-0.7644820987467287,3.311335767043573,3.3984375,-1.081800004431053,-13.0
1495,-0.8795803485905979,3.2826385502792554,3.3984375,-0.9637854584931198,-15.0
1496,-0.9367363264093331,3.2667877947903805,3.3984375,-1.0385280042538108,-16.0
1497,-0.8795803485905979,3.2826385502792554,3.3984375,-1.189980004874158,-15.0
1498,-0.8795803485905979,3.2826385502792554,3.3984375,-1.081800004431053,-15.0
1499,-0.8221564420769958,3.2974893822660816,3.3984375,-1.2363428622069175,-14.0
1500,-0.7764810841838293,3.114295527695744,3.2096354166666665,-1.1539200047264564,-14.0
1501,-0.8795803485905979,3.2826385502792554,3.3984375,-1.2981600053172633,-15.0
1502,-0.8029168512079997,2.8001038241060403,2.9129464285714284,-1.0818000044310527,-16.0
1503,-1.4897769441660051,3.0544953917198256,3.3984375,-1.2981600053172633,-26.0
1504,-1.2730770948118886,3.1509763807543165,3.3984375,-0.7356240030131159,-22.0
1505,-1.542858338958616,3.0280299845464067,3.3984375,-3.4617600141793683,-27.0
1505,-1.542858338958616,3.0280299845464067,3.3984375,-0.757260003101737,-27.0
1506,-0.9957807224216941,2.891957205836973,3.05859375,-0.9736200039879478,-19.0
1507,-1.412224451833638,2.5477203522698915,2.9129464285714284,-0.8654400035448423,-29.0
1508,-1.5560621274833604,2.8072103881492323,3.2096354166666665,-1.0096800041356495,-29.0
1509,-1.321614583333333,2.289103606357305,2.6432291666666665,-1.033720004234117,-30.0
1510,-1.2272135416666665,2.1255962059032125,2.4544270833333335,-0.9616000039387136,-30.0
1511,-1.3127435307766029,2.1847721238598763,2.548828125,-1.0818000044310527,-31.0
1512,-1.5436264281793133,2.4703186729556603,2.9129464285714284,-1.0818000044310527,-32.0
1513,-1.0130048434926744,1.6211466291271521,1.91162109375,-1.0547550043202767,-32.0
1514,-1.2339478137059208,1.9001130055013513,2.265625,-0.7692800031509709,-33.0
1515,-1.2216742282857,1.8112065270943016,2.1847098214285716,-0.8654400035448423,-34.0
1516,-1.096460814606614,1.565908326851271,1.91162109375,-0.8383950034340659,-35.0
1517,-1.266921421925911,1.8782882503200165,2.265625,-0.8173600033479067,-34.0
1518,-0.0,0.0,0.0,0.8654400035448423,-36.0
1518,-0.9987757216688509,1.3746968459105553,1.69921875,-0.7108971457689776,-36.0
1519,-1.0829242613398655,1.5465761252852057,1.8880208333333333,-0.7212000029540353,-35.0
1520,-0.0,0.0,0.0,0.8654400035448423,-37.0
1520,-1.1769114628417736,1.5063779786964435,1.91162109375,-0.8383950034340659,-38.0
1521,-0.0,0.0,0.0,0.8654400035448423,-40.0
1521,-1.1147878031674636,1.2824166695191634,1.69921875,-0.8654400035448423,-41.0
1522,-0.0,0.0,0.0,0.8654400035448423,-39.0
1522,-1.069353008229216,1.3205409891944622,1.69921875,-0.9736200039879476,-39.0
1523,-0.0,0.0,0.0,0.8654400035448423,-42.0
1523,-1.1369992725238411,1.262765621416666,1.69921875,-0.8654400035448424,-42.0
1524,-1.1369992725238411,1.262765621416666,1.69921875,9.303480038107056,-42.0
1524,-1.1369992725238411,1.262765621416666,1.69921875,-0.8654400035448424,-42.0
1525,-0.0,0.0,0.0,0.6490800026586317,-44.0
1525,-1.1588644008874487,1.2427299226731998,1.69921875,-0.757260003101737,-43.0
1526,1.4249074105768482,1.238653114630515,1.8880208333333333,-0.5769600023632282,49.0
1527,-1.2223156763566925,1.1803765279283742,1.69921875,-0.5872628595482858,-46.0
1528,-0.0,0.0,0.0,0.6490800026586317,-50.0
1528,1.5846491870333548,1.2832236098750593,2.0390625,-0.5625360023041475,51.0
1529,-0.0,0.0,0.0,0.6490800026586317,-50.0
1529,-1.5153187456999992,1.3643991270286093,2.0390625,-0.5625360023041475,-48.0
1530,1.205102382957155,0.9415291702734189,1.529296875,-0.5409000022155265,52.0
1531,-0.0,0.0,0.0,0.6490800026586317,-53.0
1531,1.3919185127566853,0.974631835205879,1.69921875,-0.5872628595482858,55.0
1532,1.2744504055849277,0.765767059619685,1.48681640625,-0.6761250027694081,59.0
1533,-0.0,0.0,0.0,0.6490800026586317,-59.0
1533,1.5140149922732031,0.7714291694793081,1.69921875,-0.757260003101737,63.0
1534,-0.0,0.0,0.0,0.6490800026586317,-59.0
1534,1.5641391064523888,0.6639376597376331,1.69921875,-0.5409000022155265,67.0
1535,1.1559101598261545,0.6407314642578543,1.3216145833333333,-0.36060000147701765,61.0
1536,1.7834042465889242,0.9885571162835468,2.0390625,-0.3461760014179369,61.0
1537,1.3247631182390527,0.6750005232943945,1.48681640625,-0.1081800004431053,63.0
1538,-1.4361543657471743,0.38481640250838656,1.48681640625,0.0,-75.0
1539,-1.6413192751396277,0.43979017429529893,1.69921875,0.10818000044310529,-75.0
1540,-1.6413192751396277,0.43979017429529893,1.69921875,-0.21636000088621057,-75.0
1541,-2.1884257001861704,0.5863868990603985,2.265625,0.21636000088621057,-75.0
1544,0.17761672469308304,1.6899102518953082,1.69921875,0.43272000177242115,6.0
1547,0.4425993590924689,2.510105698595569,2.548828125,-0.43272000177242115,10.0
1554,0.32422622261248824,1.6679993156239603,1.69921875,0.43272000177242115,11.0
1555,-0.9548078211089164,2.3632322855657373,2.548828125,0.5409000022155265,-22.0
1556,-0.9931846294440035,2.03633026114655,2.265625,0.5048400020678246,-26.0
1558,-1.949263670411758,2.7838370255133706,3.3984375,0.43272000177242115,-35.0
1559,-1.6992187499999998,2.9431332081736783,3.3984375,0.43272000177242115,-30.0
1568,-1.850921720558881,2.850169508252027,3.3984375,0.8654400035448423,-33.0
1569,-1.5339230570574667,2.03558464963226,2.548828125,1.0818000044310527,-37.0
1570,0.3106240100463232,2.5298295466639162,2.548828125,0.6490800026586317,7.0
1571,-1.5692152837890314,2.008503971595258,2.548828125,0.6490800026586317,-38.0
1574,-1.063646509436784,2.0004281400710067,2.265625,0.5048400020678246,-28.0
1575,-1.647595193805911,2.9723404109815403,3.3984375,0.5409000022155265,-29.0
1576,-0.9548078211089164,2.3632322855657373,2.548828125,0.8654400035448423,-22.0
1577,-1.1709204080116664,4.0834847434879755,4.248046875,0.5409000022155265,-16.0
1582,1.5692152837890314,2.008503971595258,2.548828125,0.43272000177242115,38.0
1584,-2.2511218744281654,3.6025480647270047,4.248046875,0.6490800026586317,-32.0
1614,-4.323057677672407,2.7013462493137985,5.09765625,0.6490800026586317,-58.0
1680,1.538900003422996,1.3377453638009562,2.0390625,0.12981600053172634,49.0
1681,1.6239049315494662,1.137070474406859,1.982421875,-0.10818000044310531,55.0
1682,1.1049199187395828,0.994874363458361,1.48681640625,-0.18931500077543426,48.0
1683,2.0186866563642707,1.0285722259724108,2.265625,-0.2884800011816141,63.0
1684,1.5140149922732031,0.7714291694793081,1.69921875,-0.21636000088621057,63.0
1687,2.395114980714083,0.8717505606249958,2.548828125,0.43272000177242115,70.0
1688,1.3570564330881734,1.0226153713716446,1.69921875,0.12363428622069174,53.0
1689,-0.08302263082743394,2.377457084588396,2.37890625,0.346176001417937,-2.0
1690,1.7303028483122322,0.8816333365477806,1.9419642857142858,0.3090857155517294,63.0
1691,1.8003853260639056,0.9572818584931055,2.0390625,0.5192640021269054,62.0
1692,2.1000778680795307,0.6021876384059999,2.1847098214285716,0.6181714311034588,74.0
1693,1.897272141848891,0.8447199813878923,2.0768229166666665,0.8414000034463744,66.0
1694,-0.0,0.0,0.0,-0.6490800026586317,-75.0
1694,1.6333938973951903,0.46836816320466657,1.69921875,0.5949900024370791,74.0
1695,0.0,2.548828125,2.548828125,0.14424000059080705,0.0
1696,1.5465339516493746,1.1236226868774573,1.91162109375,0.40567500166164483,54.0
1697,2.229255308236155,1.2356963953544335,2.548828125,0.8654400035448423,61.0
1698,0.35472831397047927,2.524023104897948,2.548828125,0.6490800026586317,8.0
1699,1.1803765279283742,1.2223156763566925,1.69921875,0.456760001870889,44.0
1700,-0.10671628577662766,2.0362680357104983,2.0390625,0.7356240030131159,-3.0
1701,1.046143522526021,1.339002647730172,1.69921875,0.1545428577758647,38.0
1702,1.8112065270943016,1.2216742282856996,2.1847098214285716,0.43272000177242115,56.0
1703,2.1847721238598763,1.3127435307766029,2.548828125,0.5409000022155265,59.0
1704,2.1847721238598763,1.3127435307766029,2.548828125,0.6490800026586317,59.0
1705,1.5153187456999992,1.3643991270286093,2.0390625,0.5625360023041475,48.0
1706,-0.5733615740600465,2.4835018252826795,2.548828125,0.43272000177242115,-13.0
1707,1.7658799249042068,1.0195312500000002,2.0390625,0.6058080024813897,60.0
1708,1.9815602739876934,1.0983967958706076,2.265625,0.07212000029540352,61.0
1709,2.6780052954603444,2.092287045052042,3.3984375,0.6490800026586317,52.0
1710,1.874603706822241,1.4646009315364292,2.37890625,0.5192640021269054,52.0
1727,-1.7054989087857617,1.894148432124999,2.548828125,-0.43272000177242115,-42.0
1729,-2.092287045052042,2.678005295460344,3.3984375,0.21636000088621057,-38.0
1731,-1.6721817047511953,1.923625004278745,2.548828125,0.43272000177242115,-41.0
1734,-1.7822550137153599,2.200901648657437,2.83203125,0.36060000147701765,-39.0
1750,-1.3506731246568993,2.161528838836203,2.548828125,-0.21636000088621057,-32.0
1751,-1.0771813116633062,2.310022777505524,2.548828125,-0.21636000088621057,-25.0
1752,-1.4362417488844084,3.080030370007365,3.3984375,-0.21636000088621057,-25.0
1753,-5.251123867686391,2.792072087271558,5.947265625,-3.461760014179369,-62.0
1755,-1.8008974995425322,2.882038451781604,3.3984375,-0.43272000177242115,-32.0
1756,-4.45851061647231,2.471392790708867,5.09765625,-4.759920019496633,-61.0
1768,-1.4586039230851142,2.427524582066529,2.83203125,-2.9569200121115453,-31.0
1770,-1.2744140624999998,2.2073499061302586,2.548828125,-0.43272000177242115,-30.0
