time(millisecond),datetime(utc),latitude,longitude,height_above_takeoff(feet),height_above_ground_at_drone_location(feet),ground_elevation_at_drone_location(feet),altitude_above_seaLevel(feet),height_sonar(feet),speed(mph),distance(feet),mileage(feet),satellites,gpslevel,voltage(v),max_altitude(feet),max_ascent(feet),max_speed(mph),max_distance(feet), xSpeed(mph), ySpeed(mph), zSpeed(mph), compass_heading(degrees), pitch(degrees), roll(degrees),wind_speed(mph),wind_direction(degrees),isPhoto,isVideo,rc_elevator,rc_aileron,rc_throttle,rc_rudder,rc_elevator(percent),rc_aileron(percent),rc_throttle(percent),rc_rudder(percent),gimbal_heading(degrees),gimbal_pitch(degrees),gimbal_roll(degrees),battery_percent,voltageCell1,voltageCell2,voltageCell3,voltageCell4,voltageCell5,voltageCell6,current(A),battery_temperature(f),altitude(feet),ascent(feet),flycStateRaw,flycState,message
0,2026-05-28 08:09:57,51.9888224265109,4.38996977537681,0,Available with any HD 360 subscription,Available with any HD 360 subscription,-3.81804638202,0.328084,0,0,0,25,5,0,0,0,0,0,0,0,0,156.7, 3.4, -1.8,Available with Enterprise subscription,,0,0,364,364,364,1684,-100,-100,-100,100,156.6,0,0,58,3.768,3.765,3.764,0,0,0,0,98.06,-3.81804638202,0,41,Motors_Started,"Takeoff permitted. Flying over vegetation."
100,2026-05-28 08:09:57,51.9888223276826,4.38996966685411,0,,,-3.81804638202,0.328084,0,0.043527560448,0.043527560448,25,5,0,0,0,0,0.043527560448,0,0,0,156.7, 3.4, -1.8,,,0,0,364,364,364,1684,-100,-100,-100,100,156.6,0,0,58,3.768,3.765,3.764,0,0,0,0,98.06,-3.81804638202,0,41,Motors_Started,
200,2026-05-28 08:09:57,51.9888222900893,4.38996962827406,0,,,-3.81804638202,0.328084,0,0.05974737724,0.059752954668,25,5,0,0,0,0,0.05974737724,0,0,0,156.7, 3.4, -1.8,,,0,0,364,364,364,1684,-100,-100,-100,100,156.6,0,0,58,3.768,3.765,3.764,0,0,0,0,98.06,-3.81804638202,0,41,Motors_Started,
300,2026-05-28 08:09:57,51.9888223670827,4.38996953632826,0,,,-3.81804638202,0.328084,0,0.057920933612,0.094622378356,26,5,0,0,0,0,0.05974737724,0,0,0,156.7, 3.4, -1.8,,,0,0,364,364,364,1684,-100,-100,-100,100,156.6,0,0,58,3.768,3.765,3.764,0,0,0,0,98.06,-3.81804638202,0,41,Motors_Started,
400,2026-05-28 08:09:57,51.988822338663,4.38996949112611,0,,,-3.81804638202,0.328084,0,0.0714566952,0.109136486432,26,5,0,0,0,0,0.0714566952,0,0,0,156.7, 3.4, -1.8,,,0,0,364,364,364,1684,-100,-100,-100,100,156.6,0,0,58,3.768,3.765,3.764,0,0,0,0,98.06,-3.81804638202,0,41,Motors_Started,
500,2026-05-28 08:09:57,51.9888222391136,4.38996941427843,0,,,-3.81804638202,0.328084,0,0.10609908476,0.1493520389,26,5,0,0,0,0,0.10609908476,0,0,0,156.7, 3.4, -1.8,,,0,0,364,364,364,1684,-100,-100,-100,100,156.6,0,0,58,3.768,3.765,3.764,0,0,0,0,98.06,-3.81804638202,0,41,Motors_Started,
600,2026-05-28 08:09:57,51.9888222038798,4.38996936418447,0,,,-3.81804638202,0.328084,0,0.12301673622,0.166437997452,26,5,0,0,0,0,0.12301673622,0,0,0,156.7, 3.4, -1.8,,,0,0,364,364,364,1684,-100,-100,-100,100,156.6,0,0,58,3.768,3.765,3.764,0,0,0,0,98.06,-3.81804638202,0,41,Motors_Started,
700,2026-05-28 08:09:57,51.9888221176567,4.38996946477419,0,,,-3.81804638202,0.328084,0,0.132544623664,0.205173234912,26,5,0,0,0,0,0.132544623664,0,0,0,156.7, 3.4, -1.8,,,0,0,364,364,364,1684,-100,-100,-100,100,156.6,0,0,58,3.768,3.765,3.764,0,0,0,0,98.06,-3.81804638202,0,41,Motors_Started,
800,2026-05-28 08:09:57,51.9888220763932,4.38996942588254,0,,,-3.81804638202,0.328084,0,0.149945542856,0.2225803877,26,5,0,0,0,0,0.149945542856,0,0,0,156.7, 3.4, -1.8,,,0,0,364,364,364,1684,-100,-100,-100,100,156.6,0,0,58,3.768,3.765,3.764,0,0,0,0,98.06,-3.81804638202,0,41,Motors_Started,"Setting new Return-To-Home altitude to 97m (318 ft). Data Recorder File Index is 35. Setting new Maximum Flight Altitude to 285m (935 ft)"
900,2026-05-28 08:09:57,51.9888221557827,4.38996950353391,0,,,-3.81804638202,0.328084,0,0.1161335339,0.256394037076,26,5,0,0,0,0,0.149945542856,0,0,0,156.7, 3.4, -1.8,,,0,0,364,364,364,1684,-100,-100,-100,100,156.6,0,0,58,3.768,3.765,3.764,0,0,0,0,98.06,-3.81804638202,0,41,Motors_Started,
1000,2026-05-28 08:09:58,51.9888221242682,4.38996947276693,0,,,-3.81804638202,0.328084,0,0.129548560576,0.269810376088,26,5,0,0,0,0,0.149945542856,0,0,0,156.6, 3.5, -1.8,,,0,0,364,364,364,1684,-100,-100,-100,100,156.6,0,0,58,3.768,3.765,3.764,0,0,0,0,98.06,-3.81804638202,0,41,Motors_Started,
1100,2026-05-28 08:09:58,51.9888220301539,4.38996937644127,0,,,-3.81804638202,0.328084,0,0.1701361603,0.310399288148,26,5,11.308,0,0,0,0.1701361603,0,0,0,156.6, 3.5, -1.9,,,0,0,364,364,364,1684,-100,-100,-100,100,156.6,0,0,58,3.768,3.765,3.764,0,0,0,2.663,98.06,-3.81804638202,0,41,Motors_Started,
1200,2026-05-28 08:09:58,51.9888219907185,4.38996933702622,0,,,-3.81804638202,0.328084,0,0.18703084588,0.327293973728,26,5,11.308,0,0,0,0.18703084588,0,0,0,156.6, 3.5, -1.9,,,0,0,1024,1024,1024,1024,0,0,0,0,156.6,0,0,58,3.768,3.765,3.764,0,0,0,2.663,98.06,-3.81804638202,0,41,Motors_Started,
1300,2026-05-28 08:09:58,51.9888220675041,4.38996940992042,0,,,-3.81804638202,0.328084,0,0.154592524632,0.359744106,26,5,11.308,0,0,0,0.18703084588,0,0,0,156.6, 3.5, -1.9,,,0,0,1024,1024,1024,1024,0,0,0,0,156.6,0,0,58,3.768,3.765,3.764,0,0,0,2.663,98.06,-3.81804638202,0,41,Motors_Started,
1400,2026-05-28 08:09:58,51.988822037544,4.38996938018345,0,,,-3.81804638202,0.328084,0,0.167402892496,0.3725557862,26,5,11.308,0,0,0,0.18703084588,0,0,0,156.6, 3.4, -1.8,,,0,0,1024,1024,1024,1024,0,0,0,0,156.6,0,0,58,3.768,3.765,3.764,0,0,0,2.663,98.06,-3.81804638202,0,41,Motors_Started,
1500,2026-05-28 08:09:58,51.9888220986867,4.38996943962974,0,,,-3.81804638202,0.328084,0,0.141408141008,0.3985564432,26,5,11.308,0,0,0,0.18703084588,0,0,0,156.7, 3.4, -1.8,,,0,0,1024,1024,1024,1024,0,0,0,0,156.6,0,0,58,3.768,3.765,3.764,0,0,0,2.663,98.06,-3.81804638202,0,10,Assisted_Takeoff,
1600,2026-05-28 08:09:58,51.9888220763111,4.38996941759829,0,,,-3.81804638202,0.328084,0,0.150953744988,0.4081036876,26,5,11.308,0,0,0,0.18703084588,0,0,0,156.7, 3.4, -1.8,,,0,0,1024,1024,1024,1024,0,0,0,0,156.6,0,0,58,3.768,3.765,3.764,0,0,0,2.663,98.06,-3.81804638202,0,10,Assisted_Takeoff,
1700,2026-05-28 08:09:58,51.9888219646631,4.38996946757208,0,,,-3.81804638202,0.328084,0,0.182144690868,0.45035762596,26,5,11.308,0,0,0,0.18703084588,0,0,0,156.7, 3.4, -1.8,,,0,0,1024,1024,1024,1024,0,0,0,0,156.6,0,0,58,3.768,3.765,3.764,0,0,0,2.663,98.06,-3.81804638202,0,10,Assisted_Takeoff,
1800,2026-05-28 08:09:58,51.9888219349583,4.38996945162273,0,,,-3.81804638202,0.328084,0,0.193533142676,0.46177166832,26,5,11.308,0,0,0,0.193533142676,0,0,0,156.7, 3.4, -1.8,,,0,0,1024,1024,1024,1024,0,0,0,0,156.6,0,0,58,3.768,3.765,3.764,0,0,0,2.663,98.06,-3.81804638202,0,10,Assisted_Takeoff,
1900,2026-05-28 08:09:58,51.9888219989731,4.38996932815771,0,,,-3.81804638202,0.328084,0,0.185548890452,0.49803479284,26,5,11.308,0,0,0,0.193533142676,0,0,0,156.7, 3.4, -1.8,,,0,0,1024,1024,1024,1024,0,0,0,0,156.6,0,0,58,3.768,3.765,3.764,0,0,0,2.663,98.06,-3.81804638202,0,10,Assisted_Takeoff,
2000,2026-05-28 08:09:59,51.9888219783668,4.3899693042951,0,,,-3.81804638202,0.328084,0,0.194772972112,0.50727035744,26,5,11.308,0,0,0,0.194772972112,0,0,0,156.7, 3.4, -1.8,,,0,0,1024,1024,1024,1024,0,0,0,0,156.6,0,0,58,3.768,3.765,3.764,0,0,0,2.663,98.06,-3.81804638202,0,10,Assisted_Takeoff,
2100,2026-05-28 08:09:59,51.9888220339131,4.38996936229844,0,,,-3.81804638202,0.328084,0,0.170678483152,0.5313648464,26,5,11.321,0,0,0,0.194772972112,0,0,0,156.7, 3.4, -1.8,,,0,0,1024,1024,1024,1024,0,0,0,0,156.6,0,0,58,3.782,3.779,3.779,0,0,0,3.511,98.06,-3.81804638202,0,10,Assisted_Takeoff,
2200,2026-05-28 08:09:59,51.9888220203273,4.38996934668529,0,,,-3.81804638202,0.328084,0,0.176746068648,0.53743768124,26,5,11.321,0,0,0,0.194772972112,0,0,0,156.7, 3.4, -1.8,,,0,0,1024,1024,1024,1024,0,0,0,0,156.6,0,0,58,3.782,3.779,3.779,0,0,0,3.511,98.06,-3.81804638202,0,10,Assisted_Takeoff,
2300,2026-05-28 08:09:59,51.9888218960888,4.38996939445218,0,,,-3.81804638202,0.328084,0,0.211604665564,0.58401904756,26,5,11.321,0,0,0,0.211604665564,0,0,0,156.7, 3.4, -1.8,,,0,0,1024,1024,1159,1024,0,0,20,0,156.6,0,0,58,3.782,3.779,3.779,0,0,0,3.511,98.06,-3.81804638202,0,10,Assisted_Takeoff,
2400,2026-05-28 08:09:59,51.9888218723074,4.38996938727701,0,,,-3.81804638202,0.328084,0,0.220201450616,0.59284450716,26,5,11.321,0,0,0,0.220201450616,0,0,0,156.7, 3.4, -1.8,,,0,0,1024,1024,1305,1024,0,0,43,0,156.6,0,0,58,3.782,3.779,3.779,0,0,0,3.511,98.06,-3.81804638202,0,10,Assisted_Takeoff,
2500,2026-05-28 08:09:59,51.9888219227841,4.38996926038434,0,,,-3.81804638202,0.328084,0,0.217175531884,0.62678479696,26,5,11.321,0,0,0,0.220201450616,0,0,0,156.8, 3.5, -1.8,,,0,0,1024,1024,1367,1024,0,0,52,0,156.6,0,0,58,3.782,3.779,3.779,0,0,0,3.511,98.06,-3.81804638202,0,10,Assisted_Takeoff,
2600,2026-05-28 08:09:59,51.9888219071069,4.38996924394596,0,,,-3.81804638202,0.328084,0,0.223983602968,0.63359253996,26,5,11.321,0,0,0,0.223983602968,0,0,0,156.8, 3.4, -1.8,,,0,0,1024,1024,1367,1024,0,0,52,0,156.6,0,0,58,3.782,3.779,3.779,0,0,0,3.511,98.06,-3.81804638202,0,10,Assisted_Takeoff,
2700,2026-05-28 08:09:59,51.9888219473382,4.38996928870175,0,,,-3.81804638202,0.328084,0,0.206205387176,0.65138453528,26,5,11.321,0,0,0,0.223983602968,0,0,0,156.8, 3.4, -1.8,,,0,0,1024,1024,1414,1024,0,0,59,0,156.6,0,0,58,3.782,3.779,3.779,0,0,0,3.511,98.06,-3.81804638202,0,10,Assisted_Takeoff,
2800,2026-05-28 08:09:59,51.9888219367513,4.38996927870654,0,,,-3.81804638202,0.328084,0,0.2106709385,0.65585303936,26,5,11.321,0,0,0,0.223983602968,0,0,0,156.8, 3.4, -1.8,,,0,0,1024,1024,1367,1024,0,0,52,0,156.6,0,0,58,3.782,3.779,3.779,0,0,0,3.511,98.06,-3.81804638202,0,10,Assisted_Takeoff,
2900,2026-05-28 08:10:00,51.9888218054977,4.389969308959,0,,,-3.81804638202,0.328084,0,0.249637147096,0.70422246348,26,5,11.321,0,0,0,0.249637147096,0,0,0,156.7, 3.2, -1.8,,,0,0,1024,1024,1684,1024,0,0,100,0,156.6,0,0,58,3.782,3.779,3.779,0,0,0,3.511,98.06,-3.81804638202,0,10,Assisted_Takeoff,
3000,2026-05-28 08:10:00,51.9888217930371,4.38996929803677,0,,,-3.81804638202,0.328084,0,0.254793971408,0.70938650564,26,5,11.321,0,0,0,0.254793971408,0,0,0,156.6, 1.7, -1.7,,,0,0,1024,1024,1684,1024,0,0,100,0,156.6,0,0,58,3.782,3.779,3.779,0,0,0,3.511,98.06,-3.81804638202,0,10,Assisted_Takeoff,
3100,2026-05-28 08:10:00,51.9888218496604,4.38996933096451,0,,,-3.81804638202,0.328084,0,0.232948498268,0.7313320444,26,5,11.339,0,0,0,0.254793971408,0,0,-0.223694,155.8, -1.9, -1,,,0,0,1024,1024,1684,1024,0,0,100,0,156.4,0,0,58,3.77,3.765,3.762,0,0,0,1.909,98.06,-3.81804638202,0,10,Assisted_Takeoff,
3200,2026-05-28 08:10:00,51.9888218391571,4.3899693616816,0,,,-3.81804638202,0.328084,0,0.233585309312,0.73922574544,26,5,11.339,0,0,0,0.254793971408,0,0,-0.447388,155.6, -2.1, -0.3,,,0,0,1024,1024,1684,1024,0,0,100,0,155.9,0,0,58,3.77,3.765,3.762,0,0,0,1.909,98.06,-3.81804638202,0,6,P-GPS,
3300,2026-05-28 08:10:00,51.9888217044308,4.38996941501063,0,,,-3.81804638202,0.328084,0,0.275611557376,0.78981957908,26,5,11.339,0,0,0,0.275611557376,0,0,-0.894776,155.6, -0.3, 0.5,,,0,0,1024,1024,1684,1024,0,0,100,0,155.8,0,0,58,3.77,3.765,3.762,0,0,0,1.909,98.06,-3.81804638202,0,6,P-GPS,
3400,2026-05-28 08:10:00,51.9888216647586,4.38996942299037,0.328084,,,-3.48996238202,0.328084,0,0.288982292712,0.80440619372,26,5,11.339,0,0.328084,0,0.288982292712,0,0,-1.342164,155.6, 0.4, 0.7,,,0,0,1024,1024,1684,1024,0,0,100,0,155.8,0,0,58,3.77,3.765,3.762,0,0,0,1.909,98.06,-3.48996238202,0.328084,6,P-GPS,
3500,2026-05-28 08:10:00,51.9888216979887,4.38996920790804,0.656168,,,-3.16187838202,0.328084,0,0.29479823778,0.85422574912,26,5,11.339,0,0.656168,0,0.29479823778,0,0,-2.013246,155.5, 0, -0.2,,,0,0,1024,1024,1684,1024,0,0,100,0,155.8,0,0,58,3.77,3.765,3.762,0,0,0,1.909,98.06,-3.16187838202,0.656168,6,P-GPS,
3600,2026-05-28 08:10:00,51.9888216899524,4.38996909922077,0.984252,,,-2.83379438202,0.328084,0,0.308701453448,0.8788222066,26,5,11.339,0,0.984252,0,0.308701453448,0,0,-2.908022,155.5, 0.1, -0.8,,,0,0,1024,1024,1684,1024,0,0,100,0,155.8,0,0,58,3.77,3.765,3.762,0,0,0,1.909,98.06,-2.83379438202,0.984252,6,P-GPS,
3700,2026-05-28 08:10:00,51.9888217862752,4.38996905014674,1.312336,,,-2.50571038202,1.312336,0,0.284807095728,0.91565619728,25,5,11.339,0,1.312336,0,0.308701453448,0,0,-3.579104,155.6, -0.5, -1.1,,,0,0,1024,1024,1024,1024,0,0,0,0,155.8,0,0,58,3.77,3.765,3.762,0,0,0,1.909,98.06,-2.50571038202,1.312336,6,P-GPS,
3800,2026-05-28 08:10:00,51.9888218704791,4.38996888635215,1.968504,,,-1.84954238202,1.968504,0.3131716,0.284699484176,0.96359255052,25,5,11.339,0,1.968504,0.3131716,0.308701453448,0.223694,-0.223694,-4.47388,156, -1.6, -0.8,,,0,0,1024,690,1024,1024,0,-51,0,0,155.8,0,0,58,3.77,3.765,3.762,0,0,0,1.909,98.06,-1.84954238202,1.968504,6,P-GPS,"Home Point updated. RTH altitude adjusted to 97m (Code: 30213)"
3900,2026-05-28 08:10:00,51.9888220690077,4.38996873047256,2.624672,,,-1.19337438202,2.624672,0.3131716,0.2685695624,1.04404858984,25,5,11.339,0,2.624672,0.3131716,0.308701453448,0.223694,-0.223694,-4.697574,155.6, -3, -2.7,,,0,0,1389,848,1024,1024,55,-27,0,0,155.8,0,0,58,3.77,3.765,3.762,0,0,0,1.909,98.06,-1.19337438202,2.624672,6,P-GPS,
4000,2026-05-28 08:10:01,51.9888222138039,4.3899685794658,3.28084,,,-0.53720638202,3.28084,0.223694,0.279679798976,1.10683402492,25,5,11.339,0,3.28084,0.3131716,0.308701453448,0.223694,0,-4.47388,156.2, -4.7, -13.5,,,0,0,1549,1024,1024,1024,80,0,0,0,155.8,0,0,58,3.77,3.765,3.762,0,0,0,1.909,98.06,-0.53720638202,3.28084,6,P-GPS,
4100,2026-05-28 08:10:01,51.988822378327,4.38996879913811,3.937008,,,0.11896161798,3.937008,0.4921268,0.220044626464,1.184547282,26,5,11.187,0.11896161798,3.937008,0.4921268,0.308701453448,0.447388,0.223694,-4.026492,156.1, -12.4, -9.8,,,0,0,1684,948,1024,1024,100,-12,0,0,155.8,0,0,58,3.709,3.707,3.72,0,0,0,6.33,98.06,0.11896161798,3.937008,6,P-GPS,
4200,2026-05-28 08:10:01,51.9888225289467,4.3899691021008,4.593176,,,0.77512961798,4.593176,0.447388,0.155819886876,1.2720308806,26,5,11.187,0.77512961798,4.593176,0.4921268,0.308701453448,0,0.447388,-3.579104,157.3, -25.8, -5.2,,,0,0,1684,1024,1024,1024,100,0,0,0,155.8,0,0,58,3.709,3.707,3.72,0,0,0,6.33,98.06,0.77512961798,4.593176,6,P-GPS,
4300,2026-05-28 08:10:01,51.9888225545458,4.38996961915739,5.249344,,,1.43129761798,5.249344,0.7158208,0.058430448064,1.38857944076,26,5,11.187,1.43129761798,5.249344,0.7158208,0.308701453448,-0.223694,0.671082,-2.684328,157.8, -30.8, -2.7,,,0,0,1494,1024,1024,1024,71,0,0,0,155.8,0,0,58,3.709,3.707,3.72,0,0,0,6.33,98.06,1.43129761798,5.249344,6,P-GPS,
4400,2026-05-28 08:10:01,51.988822285423,4.38997032432952,5.577428,,,1.75938161798,5.577428,1.4316416,0.133649282492,1.57497380368,26,5,11.187,1.75938161798,5.577428,1.4316416,0.308701453448,-0.894776,1.11847,-1.789552,157.3, -30.4, -2.3,,,0,0,1024,1024,1024,1024,0,0,0,0,155.8,0,0,58,3.709,3.707,3.72,0,0,0,6.33,98.06,1.75938161798,5.577428,6,P-GPS,
4500,2026-05-28 08:10:01,51.9888219190579,4.38997080027462,5.577428,,,1.75938161798,5.577428,2.0579848,0.295473106568,1.74615491152,25,5,11.187,1.75938161798,5.577428,2.0579848,0.308701453448,-1.565858,1.342164,-1.11847,156.7, -29.4, -2,,,0,0,1022,965,1024,1024,-0,-9,0,0,155.8,0,0,58,3.709,3.707,3.72,0,0,0,6.33,98.06,1.75938161798,5.577428,6,P-GPS,
4600,2026-05-28 08:10:01,51.9888212061646,4.38997184874838,5.905512,,,2.08746561798,5.577428,2.5501116,0.64439962692,2.09707355792,25,5,11.187,2.08746561798,5.905512,2.5501116,0.64439962692,-2.013246,1.565858,-0.447388,156.1, -15.1, -0.4,,,0,0,1022,965,1024,1024,-0,-9,0,0,155.8,0,0,58,3.709,3.707,3.72,0,0,0,6.33,98.06,2.08746561798,5.905512,6,P-GPS,
4700,2026-05-28 08:10:01,51.9888205866887,4.38997259207046,5.905512,,,2.08746561798,5.905512,2.5501116,0.92254596128,2.3781004698,26,5,11.187,2.08746561798,5.905512,2.5501116,0.92254596128,-2.013246,1.565858,-0.223694,153.2, -0.5, 0.9,,,0,0,1024,698,1024,1024,0,-49,0,0,155.8,0,0,58,3.709,3.707,3.72,0,0,0,6.33,98.06,2.08746561798,5.905512,6,P-GPS,
4800,2026-05-28 08:10:01,51.9888197966816,4.38997365662921,5.905512,,,2.08746561798,5.905512,2.23694,1.29656172128,2.75264772588,26,5,11.187,2.08746561798,5.905512,2.5501116,1.29656172128,-1.789552,1.342164,0,153.7, -1.1, -6.3,,,0,0,1024,1024,1024,1024,0,0,0,0,155.8,0,0,58,3.709,3.707,3.72,0,0,0,6.33,98.06,2.08746561798,5.905512,6,P-GPS,
4900,2026-05-28 08:10:01,51.9888197146805,4.38997423932617,5.905512,,,2.08746561798,5.905512,2.0579848,1.40885175112,2.88694563044,26,5,11.187,2.08746561798,5.905512,2.5501116,1.40885175112,-1.565858,1.342164,0,153.4, -2.4, -4.1,,,0,0,1070,820,1024,1024,7,-31,0,0,155.8,0,0,58,3.709,3.707,3.72,0,0,0,6.33,98.06,2.08746561798,5.905512,6,P-GPS,
5000,2026-05-28 08:10:02,51.9888191132816,4.38997516522327,5.905512,,,2.08746561798,5.905512,1.7448132,1.7110728894,3.189304564,26,5,11.187,2.08746561798,5.905512,2.5501116,1.7110728894,-1.342164,1.11847,0,153.7, -1.1, -1,,,0,0,1082,662,1024,1024,9,-55,0,0,155.8,0,0,58,3.709,3.707,3.72,0,0,0,6.33,98.06,2.08746561798,5.905512,6,P-GPS,"Max Height Above Ground Level (AGL): 2m."
5100,2026-05-28 08:10:02,51.9888188553809,4.38997548158303,5.577428,,,1.75938161798,5.905512,1.5882274,1.82792656768,3.3072179536,26,5,11.224,2.08746561798,5.905512,2.5501116,1.82792656768,-1.11847,1.11847,0,154.7, -2.3, -6.1,,,0,0,1096,913,1024,1024,11,-17,0,0,155.8,0,0,58,3.746,3.744,3.739,0,0,0,7.876,98.24,1.75938161798,5.577428,6,P-GPS,
5200,2026-05-28 08:10:02,51.9888183780552,4.38997627735546,5.577428,,,1.75938161798,5.577428,1.5882274,2.07747053892,3.5568242608,26,5,11.224,2.08746561798,5.905512,2.5501116,2.07747053892,-1.11847,1.11847,0.223694,153.9, -3.2, -10.5,,,0,0,1082,847,1024,1024,9,-27,0,0,155.8,0,0,58,3.746,3.744,3.739,0,0,0,7.876,98.24,1.75938161798,5.577428,6,P-GPS,
5300,2026-05-28 08:10:02,51.9888172243257,4.3899766397687,5.577428,,,1.75938161798,5.577428,1.6105968,2.44563328036,3.985564432,26,5,11.224,2.08746561798,5.905512,2.5501116,2.44563328036,-0.894776,1.342164,0,153.7, -3.3, -8.2,,,0,0,1085,726,1024,1024,9,-45,0,0,155.8,0,0,58,3.746,3.744,3.739,0,0,0,7.876,98.24,1.75938161798,5.577428,6,P-GPS,
5400,2026-05-28 08:10:02,51.9888168456656,4.3899776001464,5.577428,,,1.75938161798,5.577428,1.7000744,2.69012803884,4.2417652276,26,5,11.224,2.08746561798,5.905512,2.5501116,2.69012803884,-0.671082,1.565858,0,153.8, -2.9, -6.9,,,0,0,1085,726,1024,1024,9,-45,0,0,155.8,0,0,58,3.746,3.744,3.739,0,0,0,7.876,98.24,1.75938161798,5.577428,6,P-GPS,
5500,2026-05-28 08:10:02,51.988816027403,4.38997870741756,5.577428,,,1.75938161798,5.577428,1.7000744,3.07868776256,4.6303807256,26,5,11.224,2.08746561798,5.905512,2.5501116,3.07868776256,-0.671082,1.565858,0,153.8, -2.3, -7.4,,,0,0,1109,797,1024,1024,13,-34,0,0,155.8,0,0,58,3.746,3.744,3.739,0,0,0,7.876,98.24,1.75938161798,5.577428,6,P-GPS,
5600,2026-05-28 08:10:02,51.9888157508009,4.38997980096142,5.249344,,,1.43129761798,5.577428,1.8342908,3.3175525996,4.895997532,26,5,11.224,2.08746561798,5.905512,2.5501116,3.3175525996,-0.447388,1.789552,0,153.7, -2.2, -7.2,,,0,0,1109,822,1024,1024,13,-31,0,0,155.8,0,0,58,3.746,3.744,3.739,0,0,0,7.876,98.24,1.43129761798,5.249344,6,P-GPS,
5700,2026-05-28 08:10:02,51.9888150891088,4.38998099622892,5.577428,,,1.75938161798,5.577428,1.8119214,3.6772967056,5.2571195908,26,5,11.224,2.08746561798,5.905512,2.5501116,3.6772967056,-0.223694,1.789552,0,153.7, -2.4, -6.6,,,0,0,1109,840,1024,1024,13,-28,0,0,155.8,0,0,58,3.746,3.744,3.739,0,0,0,7.876,98.24,1.75938161798,5.577428,6,P-GPS,
5800,2026-05-28 08:10:02,51.9888149060728,4.38998221310467,5.577428,,,1.75938161798,5.577428,2.0356154,3.9163715164,5.538550046,26,5,11.224,2.08746561798,5.905512,2.5501116,3.9163715164,-0.223694,2.013246,0,153.9, -2.7, -5,,,0,0,1109,769,1024,1024,13,-39,0,0,155.8,0,0,58,3.746,3.744,3.739,0,0,0,7.876,98.24,1.75938161798,5.577428,6,P-GPS,
5900,2026-05-28 08:10:02,51.9888142593547,4.38998374934821,5.577428,,,1.75938161798,5.577428,2.013246,4.328576254,5.9566602956,26,5,11.224,2.08746561798,5.905512,2.5501116,4.328576254,0,2.013246,0,154.1, -2.8, -3.8,,,0,0,1120,832,1024,1024,15,-29,0,0,155.8,0,0,58,3.746,3.744,3.739,0,0,0,7.876,98.24,1.75938161798,5.577428,6,P-GPS,
6000,2026-05-28 08:10:03,51.9888141125164,4.38998502187744,5.577428,,,1.75938161798,5.577428,2.013246,4.5755578892,6.2475723784,26,5,11.224,2.08746561798,5.905512,2.5501116,4.5755578892,0,2.013246,0,154.1, -2, -5,,,0,0,1139,903,1024,1024,17,-18,0,0,155.8,0,0,58,3.746,3.744,3.739,0,0,0,7.876,98.24,1.75938161798,5.577428,6,P-GPS,
6100,2026-05-28 08:10:03,51.9888138262051,4.38998640086551,5.577428,,,1.75938161798,5.249344,2.013246,4.878445038,6.5745408928,26,5,11.197,2.08746561798,5.905512,2.5501116,4.878445038,0,2.013246,0,154.1, -2.2, -3.4,,,0,0,1158,915,1024,1024,20,-17,0,0,155.8,0,0,58,3.737,3.733,3.729,0,0,0,6.817,98.24,1.75938161798,5.577428,6,P-GPS,
6200,2026-05-28 08:10:03,51.9888137493367,4.389987693071,5.577428,,,1.75938161798,5.249344,2.013246,5.1214568568,6.8662075688,26,5,11.197,2.08746561798,5.905512,2.5501116,5.1214568568,0,2.013246,0,154.3, -2.6, -2.4,,,0,0,1181,856,1024,1024,24,-25,0,0,155.8,0,0,58,3.737,3.733,3.729,0,0,0,6.817,98.24,1.75938161798,5.577428,6,P-GPS,
6300,2026-05-28 08:10:03,51.9888131685775,4.38998932285637,5.577428,,,1.75938161798,5.249344,2.013246,5.5405841668,7.2892718868,26,5,11.197,2.08746561798,5.905512,2.5501116,5.5405841668,0,2.013246,0,154.5, -2.9, -2,,,0,0,1181,856,1024,1024,24,-25,0,0,155.8,0,0,58,3.737,3.733,3.729,0,0,0,6.817,98.24,1.75938161798,5.577428,6,P-GPS,
6400,2026-05-28 08:10:03,51.9888130733762,4.38999058989915,5.577428,,,1.75938161798,5.249344,2.013246,5.7892718388,7.5760501112,26,5,11.197,2.08746561798,5.905512,2.5501116,5.7892718388,0,2.013246,0,154.7, -3.7, -2.1,,,0,0,1179,863,1024,1024,23,-24,0,0,155.8,0,0,58,3.737,3.733,3.729,0,0,0,6.817,98.24,1.75938161798,5.577428,6,P-GPS,
6500,2026-05-28 08:10:03,51.9888129509693,4.38999229516909,5.577428,,,1.75938161798,5.249344,2.013246,6.1280513772,7.9618112784,26,5,11.197,2.08746561798,5.905512,2.5501116,6.1280513772,0,2.013246,0,154.8, -4.1, -1.9,,,0,0,1127,926,1024,1024,16,-15,0,0,155.8,0,0,58,3.737,3.733,3.729,0,0,0,6.817,98.24,1.75938161798,5.577428,6,P-GPS,
6600,2026-05-28 08:10:03,51.9888128296777,4.3899935496427,5.577428,,,1.75938161798,5.249344,2.013246,6.3869096532,8.2471131248,26,5,11.197,2.08746561798,5.905512,2.5501116,6.3869096532,0,2.013246,0,154.9, -3.3, -1.2,,,0,0,1184,924,1024,1024,24,-15,0,0,155.8,0,0,58,3.737,3.733,3.729,0,0,0,6.817,98.24,1.75938161798,5.577428,6,P-GPS,
6700,2026-05-28 08:10:03,51.9888126244605,4.38999515999871,5.577428,,,1.75938161798,5.249344,2.013246,6.7319227876,8.6166013256,26,5,11.197,2.08746561798,5.905512,2.5501116,6.7319227876,0,2.013246,0,154.8, -3.6, -0.4,,,0,0,1224,890,1024,1024,30,-20,0,0,155.8,0,0,58,3.737,3.733,3.729,0,0,0,6.817,98.24,1.75938161798,5.577428,6,P-GPS,
6800,2026-05-28 08:10:03,51.9888124661102,4.38999635679289,5.577428,,,1.75938161798,5.249344,1.789552,6.9910435308,8.8916341428,26,5,11.197,2.08746561798,5.905512,2.5501116,6.9910435308,0,1.789552,0,154.7, -3.7, -0.8,,,0,0,1225,897,1024,1024,30,-19,0,0,155.8,0,0,58,3.737,3.733,3.729,0,0,0,6.817,98.24,1.75938161798,5.577428,6,P-GPS,
6900,2026-05-28 08:10:03,51.9888123075976,4.38999791147451,5.577428,,,1.75938161798,5.249344,1.789552,7.320702334,9.2456695872,26,5,11.197,2.08746561798,5.905512,2.5501116,7.320702334,0,1.789552,0,154.7, -4.9, -0.8,,,0,0,1223,952,1024,1024,30,-11,0,0,155.8,0,0,58,3.737,3.733,3.729,0,0,0,6.817,98.24,1.75938161798,5.577428,6,P-GPS,
7000,2026-05-28 08:10:04,51.9888120933706,4.38999907757616,5.577428,,,1.75938161798,5.249344,1.789552,7.5866472244,9.5190947928,26,5,11.197,2.08746561798,5.905512,2.5501116,7.5866472244,0,1.789552,0,156, -6.4, -0.3,,,0,0,1225,977,1024,1024,30,-7,0,0,155.8,0,0,58,3.737,3.733,3.729,0,0,0,6.817,98.24,1.75938161798,5.577428,6,P-GPS,
7100,2026-05-28 08:10:04,51.98881205636,4.39000090217495,5.577428,,,1.75938161798,5.249344,1.8119214,7.9514110156,9.9292654096,26,5,11.205,2.08746561798,5.905512,2.5501116,7.9514110156,-0.223694,1.789552,0,157.8, -6.6, -0.7,,,0,0,1225,977,1024,1024,30,-7,0,0,155.8,0,0,58,3.736,3.733,3.729,0,0,0,6.829,98.24,1.75938161798,5.577428,6,P-GPS,
7200,2026-05-28 08:10:04,51.988811746121,4.39000209011439,5.577428,,,1.75938161798,5.249344,1.8342908,8.2400921272,10.2191932404,26,5,11.205,2.08746561798,5.905512,2.5501116,8.2400921272,-0.447388,1.789552,0,159.3, -6.7, -0.2,,,0,0,1234,1005,1024,1024,32,-3,0,0,155.8,0,0,58,3.736,3.733,3.729,0,0,0,6.829,98.24,1.75938161798,5.577428,6,P-GPS,
7300,2026-05-28 08:10:04,51.9888115204276,4.39000337796724,5.577428,,,1.75938161798,5.249344,1.7000744,8.5342194332,10.52001346,26,5,11.205,2.08746561798,5.905512,2.5501116,8.5342194332,-0.671082,1.565858,0,160.4, -6.6, 0,,,0,0,1196,940,1024,1024,26,-13,0,0,155.8,0,0,58,3.736,3.733,3.729,0,0,0,6.829,98.24,1.75938161798,5.577428,6,P-GPS,
7400,2026-05-28 08:10:04,51.9888110969093,4.39000452309011,5.577428,,,1.75938161798,5.249344,1.8119214,8.8338913588,10.8201447032,26,5,11.205,2.08746561798,5.905512,2.5501116,8.8338913588,-0.894776,1.565858,0,161, -7, 0,,,0,0,1127,730,1024,1024,16,-45,0,0,155.8,0,0,58,3.736,3.733,3.729,0,0,0,6.829,98.24,1.75938161798,5.577428,6,P-GPS,
7500,2026-05-28 08:10:04,51.9888107818321,4.39000594909948,5.577428,,,1.75938161798,5.249344,1.8119214,9.1709648604,11.1605318532,26,5,11.205,2.08746561798,5.905512,2.5501116,9.1709648604,-0.894776,1.565858,0,161.7, -5.2, -1.6,,,0,0,1122,828,1024,1024,15,-30,0,0,155.8,0,0,58,3.736,3.733,3.729,0,0,0,6.829,98.24,1.75938161798,5.577428,6,P-GPS,
7600,2026-05-28 08:10:04,51.9888102861288,4.39000710257633,5.577428,,,1.75938161798,5.249344,1.8119214,9.4845147392,11.4765751704,26,5,11.205,2.08746561798,5.905512,2.5501116,9.4845147392,-0.894776,1.565858,0,161.7, -3.2, -4.3,,,0,0,1024,1024,1024,1024,0,0,0,0,155.8,0,0,58,3.736,3.733,3.729,0,0,0,6.829,98.24,1.75938161798,5.577428,6,P-GPS,
7700,2026-05-28 08:10:04,51.9888102722615,4.3900082911697,5.577428,,,1.75938161798,5.249344,1.8119214,9.723753592,11.7436683548,26,5,11.205,2.08746561798,5.905512,2.5501116,9.723753592,-0.894776,1.565858,0,161.9, -2.8, -3.2,,,0,0,1024,1024,1024,1024,0,0,0,0,155.8,0,0,58,3.736,3.733,3.729,0,0,0,6.829,98.24,1.75938161798,5.577428,6,P-GPS,
7800,2026-05-28 08:10:04,51.9888098473078,4.39000954041082,5.577428,,,1.75938161798,5.249344,1.8119214,10.0442588516,12.0643376564,26,5,11.205,2.08746561798,5.905512,2.5501116,10.0442588516,-0.894776,1.565858,0,161.7, 0.7, 1.3,,,0,0,1024,1024,1024,1024,0,0,0,0,155.8,0,0,58,3.736,3.733,3.729,0,0,0,6.829,98.24,1.75938161798,5.577428,6,P-GPS,
7900,2026-05-28 08:10:04,51.9888095647296,4.39001068077931,5.577428,,,1.75938161798,5.249344,1.7000744,10.3192916688,12.3405187676,26,5,11.205,2.08746561798,5.905512,2.5501116,10.3192916688,-0.671082,1.565858,0,162.1, 2.7, 3.5,,,0,0,1024,1024,1024,1024,0,0,0,0,155.8,0,0,58,3.736,3.733,3.729,0,0,0,6.829,98.24,1.75938161798,5.577428,6,P-GPS,
8000,2026-05-28 08:10:05,51.9888092382252,4.39001172270549,5.577428,,,1.75938161798,5.249344,1.2974252,10.5819885276,12.603182818,26,5,11.205,2.08746561798,5.905512,2.5501116,10.5819885276,-0.671082,1.11847,0,162.5, 3.4, 3.9,,,0,0,1024,1024,364,1024,0,0,-100,0,155.8,0,0,58,3.736,3.733,3.729,0,0,0,6.829,98.24,1.75938161798,5.577428,6,P-GPS,
8100,2026-05-28 08:10:05,51.9888091074521,4.39001237559954,5.577428,,,1.75938161798,5.249344,1.006623,10.7343507372,12.7574151064,26,5,11.194,2.08746561798,5.905512,2.5501116,10.7343507372,-0.447388,0.894776,0,162.9, 3.1, 3.3,,,0,0,1024,1024,364,1024,0,0,-100,0,155.8,0,0,58,3.731,3.728,3.724,0,0,0,6.771,98.24,1.75938161798,5.577428,6,P-GPS,
8200,2026-05-28 08:10:05,51.9888089114113,4.39001308136483,5.577428,,,1.75938161798,5.249344,0.8052984,10.908136832,12.9313980516,26,5,11.194,2.08746561798,5.905512,2.5501116,10.908136832,-0.447388,0.671082,0.223694,163, 1.9, 3,,,0,0,1024,1024,1024,1024,0,0,0,0,155.8,0,0,58,3.731,3.728,3.724,0,0,0,6.771,98.24,1.75938161798,5.577428,6,P-GPS,
8300,2026-05-28 08:10:05,51.9888087558957,4.39001335464847,5.577428,,,1.75938161798,1.64042,0.4921268,10.9885502204,13.0149938548,26,5,11.194,2.08746561798,5.905512,2.5501116,10.9885502204,-0.223694,0.447388,0.671082,162.7, 1.4, 2.6,,,0,0,1024,1024,1024,1024,0,0,0,0,155.8,0,0,58,3.731,3.728,3.724,0,0,0,6.771,98.24,1.75938161798,5.577428,6,P-GPS,
8400,2026-05-28 08:10:05,51.9888086339445,4.39001378797163,5.249344,,,1.43129761798,1.64042,0.3131716,11.0955056044,13.1220148556,26,5,11.194,2.08746561798,5.905512,2.5501116,11.0955056044,-0.223694,0.223694,0.671082,162.6, 1.5, 2.2,,,0,0,1024,1024,549,1024,0,0,-72,0,155.8,0,0,58,3.731,3.728,3.724,0,0,0,6.771,98.24,1.43129761798,5.249344,6,P-GPS,
8500,2026-05-28 08:10:05,51.9888084099356,4.39001416974174,5.249344,,,1.43129761798,2.296588,0,11.2090882852,13.2405187964,26,5,11.194,2.08746561798,5.905512,2.5501116,11.2090882852,0,0,0.223694,162.3, 0.8, 0.7,,,0,0,1024,1024,364,1024,0,0,-100,0,155.8,0,0,58,3.731,3.728,3.724,0,0,0,6.771,98.24,1.43129761798,5.249344,6,P-GPS,
8600,2026-05-28 08:10:05,51.9888083414703,4.39001438581729,5.249344,,,1.43129761798,2.296588,0,11.2636814628,13.295111974,26,5,11.194,2.08746561798,5.905512,2.5501116,11.2636814628,0,0,0.223694,162.1, 0, -0.7,,,0,0,1095,1024,1024,1024,11,0,0,0,155.8,0,0,58,3.731,3.728,3.724,0,0,0,6.771,98.24,1.43129761798,5.249344,6,P-GPS,
8700,2026-05-28 08:10:05,51.9888083335855,4.39001441330317,5.249344,,,1.43129761798,2.296588,0,11.2704728016,13.3019361212,26,5,11.194,2.08746561798,5.905512,2.5501116,11.2704728016,0,0,0.223694,162, -0.4, -1.1,,,0,0,1103,1024,1024,1024,12,0,0,0,155.8,0,0,58,3.731,3.728,3.724,0,0,0,6.771,98.24,1.43129761798,5.249344,6,P-GPS,
8800,2026-05-28 08:10:05,51.9888083200796,4.39001453986429,4.92126,,,1.10321361798,2.296588,0,11.2980318576,13.3307747048,26,5,11.194,2.08746561798,5.905512,2.5501116,11.2980318576,0,0,0,161.9, -1.1, -1.3,,,0,0,1575,1024,1024,1024,83,0,0,0,155.8,0,0,58,3.731,3.728,3.724,0,0,0,6.771,98.24,1.10321361798,4.92126,6,P-GPS,
8900,2026-05-28 08:10:05,51.9888080683769,4.39001461480976,4.92126,,,1.10321361798,2.296588,0,11.3551184736,13.4241474112,26,5,11.194,2.08746561798,5.905512,2.5501116,11.3551184736,0,0,0,162, -3.6, -1.4,,,0,0,1574,1024,1024,1024,83,0,0,0,155.8,0,0,58,3.731,3.728,3.724,0,0,0,6.771,98.24,1.10321361798,4.92126,6,P-GPS,
9000,2026-05-28 08:10:06,51.9888080271717,4.39001472122341,4.92126,,,1.10321361798,1.968504,0,11.3832352724,13.4523954436,26,5,11.194,2.08746561798,5.905512,2.5501116,11.3832352724,0,0,0,162.1, -12.7, -1.3,,,0,0,1574,1024,1024,1024,83,0,0,0,155.8,0,0,58,3.731,3.728,3.724,0,0,0,6.771,98.24,1.10321361798,4.92126,6,P-GPS,
9100,2026-05-28 08:10:06,51.9888079700168,4.3900145171536,4.92126,,,1.10321361798,1.968504,0.447388,11.3522641428,13.5027563376,26,5,11.178,2.08746561798,5.905512,2.5501116,11.3832352724,-0.447388,0,0,162.4, -17.4, -1.9,,,0,0,1537,1024,1024,1024,78,0,0,0,155.8,0,0,58,3.729,3.728,3.724,0,0,0,6.843,98.24,1.10321361798,4.92126,6,P-GPS,
9200,2026-05-28 08:10:06,51.9888076158889,4.39001475245522,4.92126,,,1.10321361798,1.312336,0.894776,11.459481994,13.6423560796,26,5,11.178,2.08746561798,5.905512,2.5501116,11.459481994,-0.894776,0,0,162.5, -18, -2.2,,,0,0,1501,1024,1024,1024,72,0,0,0,155.8,0,0,58,3.729,3.728,3.724,0,0,0,6.843,98.24,1.10321361798,4.92126,6,P-GPS,
9300,2026-05-28 08:10:06,51.9888069659039,4.39001479084104,4.92126,,,1.10321361798,1.312336,1.5882274,11.580709032,13.8796592368,26,5,11.178,2.08746561798,5.905512,2.5501116,11.580709032,-1.565858,0.223694,0,162.7, -18.1, -2.3,,,0,0,1494,1024,1024,1024,71,0,0,0,155.8,0,0,58,3.729,3.728,3.724,0,0,0,6.843,98.24,1.10321361798,4.92126,6,P-GPS,
9400,2026-05-28 08:10:06,51.9888061731873,4.39001524598487,4.92126,,,1.10321361798,1.312336,2.0579848,11.8126316116,14.1864177768,26,5,11.178,2.08746561798,5.905512,2.5501116,11.8126316116,-2.013246,0.447388,0,162.7, -19.3, -2.4,,,0,0,1493,1024,1024,1024,71,0,0,0,155.8,0,0,58,3.729,3.728,3.724,0,0,0,6.843,98.24,1.10321361798,4.92126,6,P-GPS,
9500,2026-05-28 08:10:06,51.9888054000399,4.39001527743921,4.92126,,,1.10321361798,0.984252,2.7738056,11.96276285,14.4686028252,26,5,11.178,2.08746561798,5.905512,2.7738056,11.96276285,-2.684328,0.671082,0,162.7, -20.1, -2.4,,,0,0,1494,1024,1024,1024,71,0,0,0,155.8,0,0,58,3.729,3.728,3.724,0,0,0,6.843,98.24,1.10321361798,4.92126,6,P-GPS,
9600,2026-05-28 08:10:06,51.9888041958138,4.39001594165069,4.92126,,,1.10321361798,1.312336,3.2659324,12.3220804468,14.9326120264,26,5,11.178,2.08746561798,5.905512,3.2659324,12.3220804468,-3.131716,0.894776,0,162.9, -20, -2.3,,,0,0,1494,1024,1024,1024,71,0,0,0,155.8,0,0,58,3.729,3.728,3.724,0,0,0,6.843,98.24,1.10321361798,4.92126,6,P-GPS,
9700,2026-05-28 08:10:06,51.9888032628244,4.39001632256894,4.92126,,,1.10321361798,1.968504,3.690951,12.5801513212,15.2835962896,26,5,11.178,2.08746561798,5.905512,3.690951,12.5801513212,-3.579104,0.894776,0,162.9, -20.6, -1.2,,,0,0,1494,1024,1024,1024,71,0,0,0,155.8,0,0,58,3.729,3.728,3.724,0,0,0,6.843,98.24,1.10321361798,4.92126,6,P-GPS,
9800,2026-05-28 08:10:06,51.9888016618038,4.39001716349299,4.92126,,,1.10321361798,2.296588,4.3844024,13.067421678,15.8975398788,26,5,11.178,2.08746561798,5.905512,4.3844024,13.067421678,-4.250186,1.11847,0,162.9, -20.5, -1.6,,,0,0,1491,1024,1024,1024,71,0,0,0,155.8,0,0,58,3.729,3.728,3.724,0,0,0,6.843,98.24,1.10321361798,4.92126,6,P-GPS,
9900,2026-05-28 08:10:06,51.988800411347,4.3900174440596,4.92126,,,1.10321361798,2.296588,4.8765292,13.3875004284,16.358104198,26,5,11.178,2.08746561798,5.905512,4.8765292,13.3875004284,-4.697574,1.342164,0,162.6, -20.4, -3,,,0,0,1489,1024,1024,1024,70,0,0,0,155.8,0,0,58,3.729,3.728,3.724,0,0,0,6.843,98.24,1.10321361798,4.92126,6,P-GPS,
10000,2026-05-28 08:10:07,51.9887984645302,4.39001842210379,4.92126,,,1.10321361798,4.92126,5.3239172,13.9962602904,17.1016081588,26,5,11.178,2.08746561798,5.905512,5.3239172,13.9962602904,-5.144962,1.342164,0,162.6, -21.1, -3,,,0,0,1475,1024,1024,1024,68,0,0,0,155.8,0,0,58,3.729,3.728,3.724,0,0,0,6.843,98.24,1.10321361798,4.92126,6,P-GPS,
10100,2026-05-28 08:10:07,51.9887966453531,4.39001920507894,4.92126,,,1.10321361798,4.92126,5.816044,14.5539374736,17.7882551624,26,5,11.158,2.08746561798,5.905512,5.816044,14.5539374736,-5.59235,1.565858,0,162.6, -20.7, -3.2,,,0,0,1431,1024,1024,1024,62,0,0,0,155.8,0,0,58,3.721,3.717,3.713,0,0,0,7.409,98.24,1.10321361798,4.92126,6,P-GPS,
10200,2026-05-28 08:10:07,51.9887943485228,4.39002040038475,4.92126,,,1.10321361798,4.92126,6.3081708,15.30757923,18.6682420672,26,5,11.158,2.08746561798,5.905512,6.3081708,15.30757923,-6.039738,1.789552,0,162.8, -21.1, -2.4,,,0,0,1398,1024,1024,1024,57,0,0,0,155.8,0,0,58,3.721,3.717,3.713,0,0,0,7.409,98.24,1.10321361798,4.92126,6,P-GPS,
10300,2026-05-28 08:10:07,51.9887921973359,4.39002146268828,4.92126,,,1.10321361798,4.92126,6.8002976,16.0157813524,19.4885833008,26,5,11.158,2.08746561798,5.905512,6.8002976,16.0157813524,-6.487126,2.013246,0,162.4, -19.5, -2.3,,,0,0,1311,1024,1024,1024,43,0,0,0,155.8,0,0,58,3.721,3.717,3.713,0,0,0,7.409,98.24,1.10321361798,4.92126,6,P-GPS,
10400,2026-05-28 08:10:07,51.9887895779195,4.39002287404883,4.92126,,,1.10321361798,4.92126,7.2924244,16.9104992288,20.4955059052,26,5,11.158,2.08746561798,5.905512,7.2924244,16.9104992288,-6.934514,2.23694,0,162.6, -18.4, -2.4,,,0,0,1387,1024,1024,1024,55,0,0,0,155.8,0,0,58,3.721,3.717,3.713,0,0,0,7.409,98.24,1.10321361798,4.92126,6,P-GPS,
10500,2026-05-28 08:10:07,51.9887870279473,4.39002455034614,4.92126,,,1.10321361798,4.92126,7.717443,17.8398299672,21.4992132864,26,5,11.158,2.08746561798,5.905512,7.717443,17.8398299672,-7.381902,2.23694,0,162.4, -15.6, -2.3,,,0,0,1387,1024,1024,1024,55,0,0,0,155.8,0,0,58,3.721,3.717,3.713,0,0,0,7.409,98.24,1.10321361798,4.92126,6,P-GPS,
10600,2026-05-28 08:10:07,51.988784177464,4.39002615079716,4.92126,,,1.10321361798,4.92126,7.9858758,18.8463260624,22.5996070224,26,5,11.158,2.08746561798,5.905512,7.9858758,18.8463260624,-7.605596,2.460634,0,162.4, -13.8, -1.3,,,0,0,1281,1024,1024,1024,39,0,0,0,155.8,0,0,58,3.721,3.717,3.713,0,0,0,7.409,98.24,1.10321361798,4.92126,6,P-GPS,
10700,2026-05-28 08:10:07,51.9887811501215,4.39002767207004,4.92126,,,1.10321361798,4.92126,8.2095698,19.89993502,23.7558078468,26,5,11.158,2.08746561798,5.905512,8.2095698,19.89993502,-7.82929,2.460634,0,162, -11.5, -1,,,0,0,1024,1024,1024,1024,0,0,0,0,155.8,0,0,58,3.721,3.717,3.713,0,0,0,7.409,98.24,1.10321361798,4.92126,6,P-GPS,
10800,2026-05-28 08:10:07,51.9887781735984,4.39002934277827,5.249344,,,1.43129761798,4.92126,8.2095698,20.9714901724,24.90485644,26,5,11.158,2.08746561798,5.905512,8.2095698,20.9714901724,-7.82929,2.460634,0,162.2, -3.1, -1.2,,,0,0,1006,1024,1024,1024,-3,0,0,0,155.8,0,0,58,3.721,3.717,3.713,0,0,0,7.409,98.24,1.43129761798,5.249344,6,P-GPS,
10900,2026-05-28 08:10:08,51.9887751569862,4.39003109109599,5.249344,,,1.43129761798,4.92126,7.717443,22.0731306276,26.0734588396,26,5,11.158,2.08746561798,5.905512,8.2095698,22.0731306276,-7.381902,2.23694,0,161.6, 17.7, -0.7,,,0,0,1024,1024,1024,1024,0,0,0,0,155.8,0,0,58,3.721,3.717,3.713,0,0,0,7.409,98.24,1.43129761798,5.249344,6,P-GPS,
11000,2026-05-28 08:10:08,51.9887725389326,4.39003258190212,5.249344,,,1.43129761798,4.92126,6.8002976,23.0309390572,27.0856635964,26,5,11.158,2.08746561798,5.905512,8.2095698,23.0309390572,-6.487126,2.013246,-0.223694,161.4, 28.5, -0.7,,,0,0,1024,1024,1024,1024,0,0,0,0,155.8,0,0,58,3.721,3.717,3.713,0,0,0,7.409,98.24,1.43129761798,5.249344,6,P-GPS,
11100,2026-05-28 08:10:08,51.9887701692964,4.39003397901329,5.249344,,,1.43129761798,4.92126,5.368656,23.9081700564,28.0054470904,26,5,11.145,2.08746561798,5.905512,8.2095698,23.9081700564,-5.144962,1.565858,-0.223694,161.5, 25.6, 1.1,,,0,0,1024,1024,1024,1024,0,0,0,0,155.8,0,0,58,3.727,3.723,3.712,0,0,0,7.98,98.42,1.43129761798,5.249344,6,P-GPS,
11200,2026-05-28 08:10:08,51.9887684912013,4.39003493717043,5.249344,,,1.43129761798,4.92126,4.3844024,24.5271333308,28.6544628592,26,5,11.145,2.08746561798,5.905512,8.2095698,24.5271333308,-4.250186,1.11847,0,161.6, 21.5, 0.2,,,0,0,1024,1024,1024,1024,0,0,0,0,155.8,0,0,58,3.727,3.723,3.712,0,0,0,7.98,98.42,1.43129761798,5.249344,6,P-GPS,
11300,2026-05-28 08:10:08,51.9887669299257,4.39003620843694,5.249344,,,1.43129761798,4.92126,3.467257,25.1548892564,29.2917004124,26,5,11.145,2.08746561798,5.905512,8.2095698,25.1548892564,-3.35541,0.894776,0,161.3, 18, -2.5,,,0,0,1044,1024,1024,1024,3,0,0,0,155.8,0,0,58,3.727,3.723,3.712,0,0,0,7.98,98.42,1.43129761798,5.249344,6,P-GPS,
11400,2026-05-28 08:10:08,51.9887659129844,4.39003676469378,5.249344,,,1.43129761798,4.92126,2.5053728,25.5279863812,29.6832030496,26,5,11.145,2.08746561798,5.905512,8.2095698,25.5279863812,-2.460634,0.447388,0,160.2, 15.2, -3.6,,,0,0,1044,1024,1024,1024,3,0,0,0,155.8,0,0,58,3.727,3.723,3.712,0,0,0,7.98,98.42,1.43129761798,5.249344,6,P-GPS,
11500,2026-05-28 08:10:08,51.9887636769118,4.39003739750643,5.249344,,,1.43129761798,4.92126,1.8119214,26.273294804,30.511319874,26,5,11.145,2.08746561798,5.905512,8.2095698,26.273294804,-1.789552,0.223694,0.223694,160, 12, -3.9,,,0,0,1100,1024,1024,1024,12,0,0,0,155.8,0,0,58,3.727,3.723,3.712,0,0,0,7.98,98.42,1.43129761798,5.249344,6,P-GPS,
11600,2026-05-28 08:10:08,51.9887630891215,4.39003775214888,5.249344,,,1.43129761798,4.92126,1.3645334,26.4943906116,30.7400928472,26,5,11.145,2.08746561798,5.905512,8.2095698,26.4943906116,-1.342164,0.223694,0,159.9, 5.2, -2.9,,,0,0,1146,1024,1024,1024,18,0,0,0,155.8,0,0,58,3.727,3.723,3.712,0,0,0,7.98,98.42,1.43129761798,5.249344,6,P-GPS,
11700,2026-05-28 08:10:08,51.988761368658,4.39003895727268,5.249344,,,1.43129761798,4.92126,1.3645334,27.1637803968,31.423721478,26,5,11.145,2.08746561798,5.905512,8.2095698,27.1637803968,-1.11847,0.223694,0,160.4, 1.2, -2.4,,,0,0,1112,1024,1024,1024,13,0,0,0,155.8,0,0,58,3.727,3.723,3.712,0,0,0,7.98,98.42,1.43129761798,5.249344,6,P-GPS,
11800,2026-05-28 08:10:08,51.9887608990322,4.39003927898633,5.249344,,,1.43129761798,4.92126,1.11847,27.3456701664,31.6096794892,26,5,11.145,2.08746561798,5.905512,8.2095698,27.3456701664,-1.11847,0,0,160.8, -0.1, -1.3,,,0,0,1090,1024,1024,1024,10,0,0,0,155.8,0,0,58,3.727,3.723,3.712,0,0,0,7.98,98.42,1.43129761798,5.249344,6,P-GPS,
11900,2026-05-28 08:10:08,51.9887596915477,4.3900393474733,5.249344,,,1.43129761798,4.92126,0.894776,27.7171596796,32.0504931516,26,5,11.145,2.08746561798,5.905512,8.2095698,27.7171596796,-0.894776,0,0,161.2, -0.6, -1.7,,,0,0,1146,1024,1024,1024,18,0,0,0,155.8,0,0,58,3.727,3.723,3.712,0,0,0,7.98,98.42,1.43129761798,5.249344,6,P-GPS,
12000,2026-05-28 08:10:09,51.9887592144429,4.39003959008535,4.92126,,,1.10321361798,4.593176,0.894776,27.8917003676,32.2329078556,26,5,11.145,2.08746561798,5.905512,8.2095698,27.8917003676,-0.894776,0,0,161.5, -0.7, -2.3,,,0,0,1296,1024,1024,1024,41,0,0,0,155.8,0,0,58,3.727,3.723,3.712,0,0,0,7.98,98.42,1.10321361798,4.92126,6,P-GPS,
12100,2026-05-28 08:10:09,51.9887584863164,4.39003952075666,4.92126,,,1.10321361798,4.593176,0.671082,28.1030520804,32.499016788,26,5,11.172,2.08746561798,5.905512,8.2095698,28.1030520804,-0.671082,0,0,161.6, -2.1, -2.3,,,0,0,1326,1024,1024,1024,46,0,0,0,155.8,0,0,58,3.725,3.721,3.719,0,0,0,6.845,98.42,1.10321361798,4.92126,6,P-GPS,
12200,2026-05-28 08:10:09,51.9887580210255,4.39003974294645,4.92126,,,1.10321361798,4.593176,0.671082,28.2718512984,32.6759852976,26,5,11.172,2.08746561798,5.905512,8.2095698,28.2718512984,-0.671082,0,0,161.7, -6.3, -2.3,,,0,0,1326,1024,1024,1024,46,0,0,0,155.8,0,0,58,3.725,3.721,3.719,0,0,0,6.845,98.42,1.10321361798,4.92126,6,P-GPS,
12300,2026-05-28 08:10:09,51.9887576646425,4.39003964871599,4.92126,,,1.10321361798,4.593176,0.894776,28.3683079944,32.8077110236,26,5,11.172,2.08746561798,5.905512,8.2095698,28.3683079944,-0.894776,0,0,161.9, -10.1, -2.1,,,0,0,1352,1024,1024,1024,50,0,0,0,155.8,0,0,58,3.725,3.721,3.719,0,0,0,6.845,98.42,1.10321361798,4.92126,6,P-GPS,
12400,2026-05-28 08:10:09,51.9887570675353,4.39003996189496,4.92126,,,1.10321361798,4.593176,1.1408394,28.5887804424,33.036746464,26,5,11.172,2.08746561798,5.905512,8.2095698,28.5887804424,-1.11847,0.223694,0,162.3, -12.7, -2.2,,,0,0,1352,1024,1024,1024,50,0,0,0,155.8,0,0,58,3.725,3.721,3.719,0,0,0,6.845,98.42,1.10321361798,4.92126,6,P-GPS,
12500,2026-05-28 08:10:09,51.9887566660983,4.3900398882468,4.92126,,,1.10321361798,4.593176,1.3645334,28.7019694224,33.18405618,26,5,11.172,2.08746561798,5.905512,8.2095698,28.7019694224,-1.342164,0.223694,0,162.2, -14, -1.5,,,0,0,1346,1024,1024,1024,49,0,0,0,155.8,0,0,58,3.725,3.721,3.719,0,0,0,6.845,98.42,1.10321361798,4.92126,6,P-GPS,
12600,2026-05-28 08:10:09,51.9887558056972,4.39004033686255,4.92126,,,1.10321361798,4.593176,1.3645334,29.0198172016,33.5137806,26,5,11.172,2.08746561798,5.905512,8.2095698,29.0198172016,-1.789552,0.447388,0,162.2, -14.8, -1.5,,,0,0,1345,1024,1024,1024,49,0,0,0,155.8,0,0,58,3.725,3.721,3.719,0,0,0,6.845,98.42,1.10321361798,4.92126,6,P-GPS,
12700,2026-05-28 08:10:09,51.9887554715454,4.39004031250334,4.92126,,,1.10321361798,4.593176,2.0579848,29.1190298032,33.635827848,26,5,11.172,2.08746561798,5.905512,8.2095698,29.1190298032,-2.013246,0.447388,0,162.2, -14.9, -1.7,,,0,0,1354,1024,1024,1024,50,0,0,0,155.8,0,0,58,3.725,3.721,3.719,0,0,0,6.845,98.42,1.10321361798,4.92126,6,P-GPS,
12800,2026-05-28 08:10:09,51.9887543439095,4.39004088281118,4.92126,,,1.10321361798,4.593176,2.5501116,29.5341544884,34.06660214,26,5,11.172,2.08746561798,5.905512,8.2095698,29.5341544884,-2.460634,0.671082,0,162.3, -15.1, -1.7,,,0,0,1328,1024,1024,1024,46,0,0,0,155.8,0,0,58,3.725,3.721,3.719,0,0,0,6.845,98.42,1.10321361798,4.92126,6,P-GPS,
12900,2026-05-28 08:10:09,51.9887536433943,4.39004092381582,4.92126,,,1.10321361798,4.593176,2.9751302,29.7543972776,34.32250766,26,5,11.172,2.08746561798,5.905512,8.2095698,29.7543972776,-2.908022,0.671082,0,162.4, -15.3, -1.8,,,0,0,1315,1024,1024,1024,44,0,0,0,155.8,0,0,58,3.725,3.721,3.719,0,0,0,6.845,98.42,1.10321361798,4.92126,6,P-GPS,
13000,2026-05-28 08:10:10,51.9887522435505,4.39004159967129,4.92126,,,1.10321361798,4.593176,3.467257,30.2670941444,34.855316076,26,5,11.172,2.08746561798,5.905512,8.2095698,30.2670941444,-3.35541,0.894776,0,162.3, -14.2, -1.7,,,0,0,1299,1024,1024,1024,42,0,0,0,155.8,0,0,58,3.725,3.721,3.719,0,0,0,6.845,98.42,1.10321361798,4.92126,6,P-GPS,
13100,2026-05-28 08:10:10,51.9887512811506,4.39004196766211,4.92126,,,1.10321361798,4.593176,3.690951,30.6084655464,35.215880392,26,5,11.158,2.08746561798,5.905512,8.2095698,30.6084655464,-3.579104,0.894776,0,162.2, -12.6, -1.7,,,0,0,1299,1024,1024,1024,42,0,0,0,155.8,0,0,58,3.72,3.716,3.713,0,0,0,7.084,98.42,1.10321361798,4.92126,6,P-GPS,
13200,2026-05-28 08:10:10,51.9887496647074,4.39004273500747,4.92126,,,1.10321361798,4.593176,3.9593838,31.2003946992,35.830381724,26,5,11.158,2.08746561798,5.905512,8.2095698,31.2003946992,-3.802798,1.11847,0,162, -11.3, -1.7,,,0,0,1269,1024,1024,1024,37,0,0,0,155.8,0,0,58,3.72,3.716,3.713,0,0,0,7.084,98.42,1.10321361798,4.92126,6,P-GPS,
13300,2026-05-28 08:10:10,51.9887486162906,4.39004321014572,4.92126,,,1.10321361798,4.593176,4.1830778,31.5821532416,36.227691448,26,5,11.158,2.08746561798,5.905512,8.2095698,31.5821532416,-4.026492,1.11847,0,162.1, -10.1, -1.7,,,0,0,1082,1024,1024,1024,9,0,0,0,155.8,0,0,58,3.72,3.716,3.713,0,0,0,7.084,98.42,1.10321361798,4.92126,6,P-GPS,
13400,2026-05-28 08:10:10,51.9887468940492,4.3900440023442,4.92126,,,1.10321361798,4.593176,4.3844024,32.2114183536,36.880578608,26,5,11.158,2.08746561798,5.905512,8.2095698,32.2114183536,-4.250186,1.11847,0,162.1, -6.2, -1.8,,,0,0,1043,1024,1024,1024,3,0,0,0,155.8,0,0,58,3.72,3.716,3.713,0,0,0,7.084,98.42,1.10321361798,4.92126,6,P-GPS,
13500,2026-05-28 08:10:10,51.9887455339607,4.39004470107032,4.92126,,,1.10321361798,4.593176,4.3844024,32.7174551152,37.401247916,26,5,11.158,2.08746561798,5.905512,8.2095698,32.7174551152,-4.250186,1.11847,0,161.8, 0.8, -2.1,,,0,0,1024,1024,1024,1024,0,0,0,0,155.8,0,0,58,3.72,3.716,3.713,0,0,0,7.084,98.42,1.10321361798,4.92126,6,P-GPS,
13600,2026-05-28 08:10:10,51.9887438919495,4.39004542863522,4.92126,,,1.10321361798,4.265092,3.9593838,33.315617864,38.021982844,26,5,11.158,2.08746561798,5.905512,8.2095698,33.315617864,-3.802798,1.11847,0,161.3, 9.8, -2,,,0,0,1024,1024,1024,1024,0,0,0,0,155.8,0,0,58,3.72,3.716,3.713,0,0,0,7.084,98.42,1.10321361798,4.92126,6,P-GPS,
13700,2026-05-28 08:10:10,51.9887427378891,4.39004624691787,4.92126,,,1.10321361798,4.265092,3.467257,33.771654624,38.481628528,26,5,11.158,2.08746561798,5.905512,8.2095698,33.771654624,-3.35541,0.894776,0,160.4, 13.4, -2.4,,,0,0,1024,1024,1024,1024,0,0,0,0,155.8,0,0,58,3.72,3.716,3.713,0,0,0,7.084,98.42,1.10321361798,4.92126,6,P-GPS,
13800,2026-05-28 08:10:10,51.9887415695046,4.39004670027727,4.92126,,,1.10321361798,4.265092,2.7290668,34.190617892,38.919948752,26,5,11.158,2.08746561798,5.905512,8.2095698,34.190617892,-2.684328,0.447388,0,160, 12.6, -2.9,,,0,0,1024,1024,1024,1024,0,0,0,0,155.8,0,0,58,3.72,3.716,3.713,0,0,0,7.084,98.42,1.10321361798,4.92126,6,P-GPS,
13900,2026-05-28 08:10:10,51.9887405339344,4.3900473409013,4.92126,,,1.10321361798,4.593176,2.0356154,34.589568036,39.32414824,26,5,11.158,2.08746561798,5.905512,8.2095698,34.589568036,-2.013246,0.223694,0,160, 10.3, -3.2,,,0,0,1024,1024,1024,1024,0,0,0,0,155.8,0,0,58,3.72,3.716,3.713,0,0,0,7.084,98.42,1.10321361798,4.92126,6,P-GPS,
14000,2026-05-28 08:10:11,51.9887398292473,4.39004753157417,4.92126,,,1.10321361798,4.593176,1.5882274,34.833334448,39.58497502,26,5,11.158,2.08746561798,5.905512,8.2095698,34.833334448,-1.565858,0.223694,0,160.1, 7.8, -3,,,0,0,1024,1024,1024,1024,0,0,0,0,155.8,0,0,58,3.72,3.716,3.713,0,0,0,7.084,98.42,1.10321361798,4.92126,6,P-GPS,
14100,2026-05-28 08:10:11,51.988738880238,4.3900479806906,4.92126,,,1.10321361798,4.265092,1.342164,35.18372816,39.945539336,26,5,11.161,2.08746561798,5.905512,8.2095698,35.18372816,-1.342164,0,0,160.3, 5.6, -3.4,,,0,0,1024,1024,1024,1024,0,0,0,0,155.8,0,0,58,3.723,3.719,3.718,0,0,0,7.184,98.42,1.10321361798,4.92126,6,P-GPS,
14200,2026-05-28 08:10:11,51.9887384577136,4.39004804367552,4.92126,,,1.10321361798,4.265092,0.894776,35.324148112,40.100394984,26,5,11.161,2.08746561798,5.905512,8.2095698,35.324148112,-0.894776,0,0,160.2, 4, -3.6,,,0,0,1024,1024,1024,1024,0,0,0,0,155.8,0,0,58,3.723,3.719,3.718,0,0,0,7.184,98.42,1.10321361798,4.92126,6,P-GPS,
14300,2026-05-28 08:10:11,51.9887372875556,4.39004855940093,4.92126,,,1.10321361798,4.265092,0.671082,35.752297732,40.542652216,26,5,11.161,2.08746561798,5.905512,8.2095698,35.752297732,-0.671082,0,0,160.4, 2.3, -3.1,,,0,0,1024,1024,1024,1024,0,0,0,0,155.8,0,0,58,3.723,3.719,3.718,0,0,0,7.184,98.42,1.10321361798,4.92126,6,P-GPS,
14400,2026-05-28 08:10:11,51.9887370060869,4.39004858088743,4.92126,,,1.10321361798,4.265092,0.447388,35.844161252,40.645342508,26,5,11.161,2.08746561798,5.905512,8.2095698,35.844161252,-0.447388,0,0,160.5, 1.4, -2.8,,,0,0,1024,1024,1024,1024,0,0,0,0,155.8,0,0,58,3.723,3.719,3.718,0,0,0,7.184,98.42,1.10321361798,4.92126,6,P-GPS,
14500,2026-05-28 08:10:11,51.9887363044667,4.39004904497283,4.92126,,,1.10321361798,4.265092,0.447388,36.118111392,40.92191732,26,5,11.161,2.08746561798,5.905512,8.2095698,36.118111392,-0.447388,0,0,160.9, 1.2, -2.9,,,0,0,1024,1024,1024,1024,0,0,0,0,155.8,0,0,58,3.723,3.719,3.718,0,0,0,7.184,98.42,1.10321361798,4.92126,6,P-GPS,
14600,2026-05-28 08:10:11,51.9887361226836,4.3900490509896,4.92126,,,1.10321361798,4.265092,0.223694,36.176510344,40.988190288,26,5,11.161,2.08746561798,5.905512,8.2095698,36.176510344,-0.223694,0,0,161.1, 0.3, -3.5,,,0,0,1024,1024,1024,1024,0,0,0,0,155.8,0,0,58,3.723,3.719,3.718,0,0,0,7.184,98.42,1.10321361798,4.92126,6,P-GPS,
14700,2026-05-28 08:10:11,51.988735783953,4.39004893527256,4.92126,,,1.10321361798,4.265092,0,36.27132662,41.114502628,26,5,11.161,2.08746561798,5.905512,8.2095698,36.27132662,0,0,0,161.1, -0.7, -3.6,,,0,0,1024,1024,1024,1024,0,0,0,0,155.8,0,0,58,3.723,3.719,3.718,0,0,0,7.184,98.42,1.10321361798,4.92126,6,P-GPS,
14800,2026-05-28 08:10:11,51.9887356931257,4.39004894759133,4.92126,,,1.10321361798,4.265092,0,36.301510348,41.147639112,26,5,11.161,2.08746561798,5.905512,8.2095698,36.301510348,0,0,0,161.2, -1.4, -2.9,,,0,0,1024,1024,1024,1024,0,0,0,0,155.8,0,0,58,3.723,3.719,3.718,0,0,0,7.184,98.42,1.10321361798,4.92126,6,P-GPS,
14900,2026-05-28 08:10:11,51.9887355279026,4.39004883800932,4.92126,,,1.10321361798,4.265092,0,36.342192764,41.212927828,26,5,11.161,2.08746561798,5.905512,8.2095698,36.342192764,0,0,0,161.3, -1.9, -2.3,,,0,0,1024,1024,1024,1024,0,0,0,0,155.8,0,0,58,3.723,3.719,3.718,0,0,0,7.184,98.42,1.10321361798,4.92126,6,P-GPS,
15000,2026-05-28 08:10:12,51.9887354814352,4.39004885296434,4.92126,,,1.10321361798,4.265092,0,36.358596964,41.229988196,26,5,11.161,2.08746561798,5.905512,8.2095698,36.358596964,0,0,0,161.5, -2.7, -2.1,,,0,0,1024,1024,1024,1024,0,0,0,0,155.8,0,0,58,3.723,3.719,3.718,0,0,0,7.184,98.42,1.10321361798,4.92126,6,P-GPS,
15100,2026-05-28 08:10:12,51.9887354815894,4.39004875234839,4.92126,,,1.10321361798,4.265092,0,36.347442108,41.252625992,26,5,11.15,2.08746561798,5.905512,8.2095698,36.358596964,0,0,0,161.7, -3.3, -2,,,0,0,1024,1024,1024,1024,0,0,0,0,155.8,0,0,58,3.719,3.716,3.713,0,0,0,6.97,98.42,1.10321361798,4.92126,6,P-GPS,
15200,2026-05-28 08:10:12,51.9887354473814,4.3900487724855,4.92126,,,1.10321361798,4.265092,0,36.360565468,41.266077436,26,5,11.15,2.08746561798,5.905512,8.2095698,36.360565468,0,0,0,161.8, -3.6, -2.1,,,0,0,1024,1024,1024,1024,0,0,0,0,155.8,0,0,58,3.719,3.716,3.713,0,0,0,6.97,98.42,1.10321361798,4.92126,6,P-GPS,
15300,2026-05-28 08:10:12,51.9887354040923,4.39004850620972,4.92126,,,1.10321361798,4.265092,0,36.34514552,41.327757228,26,5,11.15,2.08746561798,5.905512,8.2095698,36.360565468,0,0,0,161.9, -3.6, -2.2,,,0,0,1024,1024,1024,1024,0,0,0,0,155.8,0,0,58,3.719,3.716,3.713,0,0,0,6.97,98.42,1.10321361798,4.92126,6,P-GPS,
15400,2026-05-28 08:10:12,51.9887353572394,4.39004851828503,4.92126,,,1.10321361798,4.265092,0,36.36154972,41.34514568,26,5,11.15,2.08746561798,5.905512,8.2095698,36.36154972,0,0,0,161.9, -3.4, -1.6,,,0,0,1024,1024,1024,1024,0,0,0,0,155.8,0,0,58,3.719,3.716,3.713,0,0,0,6.97,98.42,1.10321361798,4.92126,6,P-GPS,
15500,2026-05-28 08:10:12,51.9887356218826,4.39004825263525,4.92126,,,1.10321361798,4.265092,0,36.248032656,41.458662744,26,5,11.15,2.08746561798,5.905512,8.2095698,36.36154972,0,0,0,161.9, -3.9, -2.1,,,0,0,1024,1024,1024,1024,0,0,0,0,155.8,0,0,58,3.719,3.716,3.713,0,0,0,6.97,98.42,1.10321361798,4.92126,6,P-GPS,
15600,2026-05-28 08:10:12,51.9887355948366,4.39004822608488,4.92126,,,1.10321361798,4.265092,0,36.253938168,41.470145684,26,5,11.15,2.08746561798,5.905512,8.2095698,36.36154972,0,0,0,161.9, -4, -2.2,,,0,0,1024,1024,1024,1024,0,0,0,0,155.8,0,0,58,3.719,3.716,3.713,0,0,0,6.97,98.42,1.10321361798,4.92126,6,P-GPS,
15700,2026-05-28 08:10:12,51.9887357673417,4.39004811765755,4.92126,,,1.10321361798,4.265092,0,36.187009032,41.537730988,26,5,11.15,2.08746561798,5.905512,8.2095698,36.36154972,0,0,0,162.1, -4.1, -1.5,,,0,0,1024,1024,1024,1024,0,0,0,0,155.8,0,0,58,3.719,3.716,3.713,0,0,0,6.97,98.42,1.10321361798,4.92126,6,P-GPS,
15800,2026-05-28 08:10:12,51.9887357276422,4.39004808304537,4.92126,,,1.10321361798,4.265092,0,36.1958673,41.554135188,26,5,11.15,2.08746561798,5.905512,8.2095698,36.36154972,0,0,0,162.2, -3.8, -1.4,,,0,0,1024,1024,1024,1024,0,0,0,0,155.8,0,0,58,3.719,3.716,3.713,0,0,0,6.97,98.42,1.10321361798,4.92126,6,P-GPS,
15900,2026-05-28 08:10:12,51.9887358425856,4.39004793298048,4.92126,,,1.10321361798,4.593176,0,36.142717692,41.607940964,26,5,11.15,2.08746561798,5.905512,8.2095698,36.36154972,0,0,0,161.8, -3.3, -3.3,,,0,0,1024,1024,1024,1024,0,0,0,0,155.8,0,0,58,3.719,3.716,3.713,0,0,0,6.97,98.42,1.10321361798,4.92126,6,P-GPS,
16000,2026-05-28 08:10:13,51.9887357825738,4.39004787673573,4.92126,,,1.10321361798,4.593176,0,36.155841052,41.633203432,26,5,11.15,2.08746561798,5.905512,8.2095698,36.36154972,0,0,0,161.8, -3.5, -3.4,,,0,0,1024,1024,1024,1024,0,0,0,0,155.8,0,0,58,3.719,3.716,3.713,0,0,0,6.97,98.42,1.10321361798,4.92126,6,P-GPS,
16100,2026-05-28 08:10:13,51.9887358875024,4.39004764250543,4.92126,,,1.10321361798,4.593176,0,36.096785932,41.698492148,26,5,11.14,2.08746561798,5.905512,8.2095698,36.36154972,0,0,0,161.8, -3.6, -2.9,,,0,0,1024,1024,1024,1024,0,0,0,0,155.8,0,0,58,3.719,3.715,3.713,0,0,0,7.245,98.6,1.10321361798,4.92126,6,P-GPS,
16200,2026-05-28 08:10:13,51.9887358508699,4.39004760887405,4.92126,,,1.10321361798,4.265092,0,36.104988032,41.713584012,26,5,11.14,2.08746561798,5.905512,8.2095698,36.36154972,0,0,0,161.9, -3.4, -2.5,,,0,0,1024,1024,1024,1024,0,0,0,0,155.8,0,0,58,3.719,3.715,3.713,0,0,0,7.245,98.6,1.10321361798,4.92126,6,P-GPS,
16300,2026-05-28 08:10:13,51.9887358771706,4.39004763428367,4.92126,,,1.10321361798,4.265092,0,36.09908252,41.724738868,26,5,11.14,2.08746561798,5.905512,8.2095698,36.36154972,0,0,0,161.9, -3.6, -2.6,,,0,0,1024,1024,1024,1024,0,0,0,0,155.8,0,0,58,3.719,3.715,3.713,0,0,0,7.245,98.6,1.10321361798,4.92126,6,P-GPS,
16400,2026-05-28 08:10:13,51.9887358488652,4.39004761018176,4.92126,,,1.10321361798,4.265092,0,36.1056442,41.736549892,26,5,11.14,2.08746561798,5.905512,8.2095698,36.36154972,0,0,0,162, -3.9, -2.2,,,0,0,1024,1024,1024,1024,0,0,0,0,155.8,0,0,58,3.719,3.715,3.713,0,0,0,7.245,98.6,1.10321361798,4.92126,6,P-GPS,
16500,2026-05-28 08:10:13,51.988735942691,4.39004762032334,4.92126,,,1.10321361798,4.265092,0,36.076772808,41.770998712,26,5,11.14,2.08746561798,5.905512,8.2095698,36.36154972,0,0,0,162.1, -3.7, -2.4,,,0,0,1024,1024,1024,1024,0,0,0,0,155.8,0,0,58,3.719,3.715,3.713,0,0,0,7.245,98.6,1.10321361798,4.92126,6,P-GPS,
16600,2026-05-28 08:10:13,51.9887359128779,4.39004760881148,4.92126,,,1.10321361798,4.265092,0,36.084974908,41.782153568,26,5,11.14,2.08746561798,5.905512,8.2095698,36.36154972,0,0,0,161.8, -2.9, -4.1,,,0,0,1024,1024,1024,1024,0,0,0,0,155.8,0,0,58,3.719,3.715,3.713,0,0,0,7.245,98.6,1.10321361798,4.92126,6,P-GPS,
16700,2026-05-28 08:10:13,51.9887359678437,4.39004759426692,4.92126,,,1.10321361798,4.265092,0,36.065946036,41.802494776,26,5,11.14,2.08746561798,5.905512,8.2095698,36.36154972,0,0,0,161.5, -1.9, -2.5,,,0,0,1024,1024,1024,1024,0,0,0,0,155.8,0,0,58,3.719,3.715,3.713,0,0,0,7.245,98.6,1.10321361798,4.92126,6,P-GPS,
16800,2026-05-28 08:10:13,51.9887359745003,4.39004766513284,4.92126,,,1.10321361798,4.265092,0,36.071523464,41.818570892,26,5,11.14,2.08746561798,5.905512,8.2095698,36.36154972,0,0,0,161.6, -2.2, -0.8,,,0,0,1024,1024,1024,1024,0,0,0,0,155.8,0,0,58,3.719,3.715,3.713,0,0,0,7.245,98.6,1.10321361798,4.92126,6,P-GPS,
16900,2026-05-28 08:10:13,51.988736041777,4.3900478176879,4.92126,,,1.10321361798,4.265092,0,36.066602204,41.860565644,26,5,11.14,2.08746561798,5.905512,8.2095698,36.36154972,0,0,0,161.7, -2.9, -0.3,,,0,0,1024,1024,1024,1024,0,0,0,0,155.8,0,0,58,3.719,3.715,3.713,0,0,0,7.245,98.6,1.10321361798,4.92126,6,P-GPS,
17000,2026-05-28 08:10:14,51.9887360711618,4.39004787423175,4.92126,,,1.10321361798,4.265092,0,36.063649448,41.877297928,26,5,11.14,2.08746561798,5.905512,8.2095698,36.36154972,0,0,0,161.7, -3.5, -0.4,,,0,0,1024,1024,1024,1024,0,0,0,0,155.8,0,0,58,3.719,3.715,3.713,0,0,0,7.245,98.6,1.10321361798,4.92126,6,P-GPS,
17100,2026-05-28 08:10:14,51.9887361409571,4.3900479015542,4.92126,,,1.10321361798,4.265092,0,36.044292492,41.903544648,26,5,11.138,2.08746561798,5.905512,8.2095698,36.36154972,0,0,0,161.6, -3.6, 0,,,0,0,1024,1024,1024,1024,0,0,0,0,155.8,0,0,58,3.717,3.714,3.711,0,0,0,7.207,98.42,1.10321361798,4.92126,6,P-GPS,
17200,2026-05-28 08:10:14,51.988736154236,4.3900479186029,4.92126,,,1.10321361798,4.265092,0,36.041995904,41.90945016,26,5,11.138,2.08746561798,5.905512,8.2095698,36.36154972,0,0,0,161.7, -3.4, -0.1,,,0,0,1024,1024,1024,1024,0,0,0,0,155.8,0,0,58,3.717,3.714,3.711,0,0,0,7.207,98.42,1.10321361798,4.92126,6,P-GPS,
17300,2026-05-28 08:10:14,51.9887359435648,4.39004786663594,4.92126,,,1.10321361798,4.593176,0,36.103347612,41.987206068,26,5,11.138,2.08746561798,5.905512,8.2095698,36.36154972,0,0,0,161.6, -2.7, -1.1,,,0,0,1024,1024,1024,1024,0,0,0,0,155.8,0,0,58,3.717,3.714,3.711,0,0,0,7.207,98.42,1.10321361798,4.92126,6,P-GPS,
17400,2026-05-28 08:10:14,51.9887359181465,4.39004784402953,4.92126,,,1.10321361798,4.265092,0,36.10892504,41.99803284,26,5,11.138,2.08746561798,5.905512,8.2095698,36.36154972,0,0,0,161.6, -2.4, -2,,,0,0,1024,1024,1024,1024,0,0,0,0,155.8,0,0,58,3.717,3.714,3.711,0,0,0,7.207,98.42,1.10321361798,4.92126,6,P-GPS,
17500,2026-05-28 08:10:14,51.9887360103189,4.39004799236939,4.92126,,,1.10321361798,4.593176,0,36.09580168,42.045276936,26,5,11.138,2.08746561798,5.905512,8.2095698,36.36154972,0,0,0,161.6, -2.1, -2.1,,,0,0,1024,1024,1024,1024,0,0,0,0,155.8,0,0,58,3.717,3.714,3.711,0,0,0,7.207,98.42,1.10321361798,4.92126,6,P-GPS,
17600,2026-05-28 08:10:14,51.9887360041335,4.39004802207078,4.92126,,,1.10321361798,4.593176,0,36.101051024,42.0521667,26,5,11.138,2.08746561798,5.905512,8.2095698,36.36154972,0,0,0,161.7, -2.8, -1.6,,,0,0,1024,1024,1024,1024,0,0,0,0,155.8,0,0,58,3.717,3.714,3.711,0,0,0,7.207,98.42,1.10321361798,4.92126,6,P-GPS,
17700,2026-05-28 08:10:14,51.9887359777814,4.39004814050057,4.92126,,,1.10321361798,4.593176,0,36.122376484,42.080710008,26,5,11.138,2.08746561798,5.905512,8.2095698,36.36154972,0,0,0,161.7, -2.7, 0.3,,,0,0,1024,1024,1024,1024,0,0,0,0,155.8,0,0,58,3.717,3.714,3.711,0,0,0,7.207,98.42,1.10321361798,4.92126,6,P-GPS,
17800,2026-05-28 08:10:14,51.9887359550275,4.39004813410811,4.92126,,,1.10321361798,4.593176,0,36.128938164,42.088912108,26,5,11.138,2.08746561798,5.905512,8.2095698,36.36154972,0,0,0,161.7, -2.7, 1,,,0,0,1024,1024,1024,1024,0,0,0,0,155.8,0,0,58,3.717,3.714,3.711,0,0,0,7.207,98.42,1.10321361798,4.92126,6,P-GPS,
17900,2026-05-28 08:10:14,51.9887359608959,4.39004820711636,4.92126,,,1.10321361798,4.265092,0,36.13517176,42.105644392,26,5,11.138,2.08746561798,5.905512,8.2095698,36.36154972,0,0,0,161.8, -3, -1.8,,,0,0,1024,1024,1024,1024,0,0,0,0,155.8,0,0,58,3.717,3.714,3.711,0,0,0,7.207,98.42,1.10321361798,4.92126,6,P-GPS,
18000,2026-05-28 08:10:15,51.988735922233,4.3900481111608,4.92126,,,1.10321361798,4.265092,0,36.13681218,42.131234944,26,5,11.138,2.08746561798,5.905512,8.2095698,36.36154972,0,0,0,161.8, -2.4, -2.5,,,0,0,1024,1024,1024,1024,0,0,0,0,155.8,0,0,58,3.717,3.714,3.711,0,0,0,7.207,98.42,1.10321361798,4.92126,6,P-GPS,
18100,2026-05-28 08:10:15,51.98873575109,4.39004804326503,4.92126,,,1.10321361798,4.265092,0,36.184056276,42.195539408,26,5,11.148,2.08746561798,5.905512,8.2095698,36.36154972,0,0,0,161.9, -2.1, -2.7,,,0,0,1024,1024,1024,1024,0,0,0,0,155.8,0,0,58,3.716,3.713,3.709,0,0,0,6.96,98.42,1.10321361798,4.92126,6,P-GPS,
18200,2026-05-28 08:10:15,51.9887357210284,4.39004795033526,4.92126,,,1.10321361798,4.265092,0,36.183400108,42.219161456,26,5,11.148,2.08746561798,5.905512,8.2095698,36.36154972,0,0,0,162, -2.7, -3.1,,,0,0,1024,1024,1024,1024,0,0,0,0,155.8,0,0,58,3.716,3.713,3.709,0,0,0,6.96,98.42,1.10321361798,4.92126,6,P-GPS,
18300,2026-05-28 08:10:15,51.9887358037171,4.39004804988004,4.92126,,,1.10321361798,4.265092,0,36.16798016,42.256891116,26,5,11.148,2.08746561798,5.905512,8.2095698,36.36154972,0,0,0,161.9, -2.8, -2.6,,,0,0,1024,1024,1024,1024,0,0,0,0,155.8,0,0,58,3.716,3.713,3.709,0,0,0,6.96,98.42,1.10321361798,4.92126,6,P-GPS,
18400,2026-05-28 08:10:15,51.9887357939507,4.39004798958697,4.92126,,,1.10321361798,4.265092,0,36.164371236,42.270670644,26,5,11.148,2.08746561798,5.905512,8.2095698,36.36154972,0,0,0,161.9, -3.4, -1.2,,,0,0,1024,1024,1024,1024,0,0,0,0,155.8,0,0,58,3.716,3.713,3.709,0,0,0,6.96,98.42,1.10321361798,4.92126,6,P-GPS,
18500,2026-05-28 08:10:15,51.9887357339474,4.39004781846679,4.92126,,,1.10321361798,4.265092,0,36.165027404,42.314961984,26,5,11.148,2.08746561798,5.905512,8.2095698,36.36154972,0,0,0,161.8, -3.4, -2.6,,,0,0,1024,1024,1024,1024,0,0,0,0,155.8,0,0,58,3.716,3.713,3.709,0,0,0,6.96,98.42,1.10321361798,4.92126,6,P-GPS,
18600,2026-05-28 08:10:15,51.9887356884909,4.39004771677965,4.92126,,,1.10321361798,4.265092,0,36.168308244,42.343177208,26,5,11.148,2.08746561798,5.905512,8.2095698,36.36154972,0,0,0,162.1, -2.1, -4,,,0,0,1024,1024,1024,1024,0,0,0,0,155.8,0,0,58,3.716,3.713,3.709,0,0,0,6.96,98.42,1.10321361798,4.92126,6,P-GPS,
18700,2026-05-28 08:10:15,51.9887355652718,4.39004775932843,4.92126,,,1.10321361798,4.265092,0,36.2122715,42.389108968,26,5,11.148,2.08746561798,5.905512,8.2095698,36.36154972,0,0,0,161.7, -1.8, -2.8,,,0,0,1024,1024,1024,1024,0,0,0,0,155.8,0,0,58,3.716,3.713,3.709,0,0,0,6.96,98.42,1.10321361798,4.92126,6,P-GPS,
18800,2026-05-28 08:10:15,51.9887355245871,4.39004771751005,4.92126,,,1.10321361798,4.265092,0,36.220801684,42.406825504,26,5,11.148,2.08746561798,5.905512,8.2095698,36.36154972,0,0,0,161.6, -1.7, -4.2,,,0,0,1041,1024,1024,1024,3,0,0,0,155.8,0,0,58,3.716,3.713,3.709,0,0,0,6.96,98.42,1.10321361798,4.92126,6,P-GPS,
18900,2026-05-28 08:10:16,51.9887354098835,4.39004776078225,4.92126,,,1.10321361798,4.265092,0,36.262140268,42.449804508,26,5,11.148,2.08746561798,5.905512,8.2095698,36.36154972,0,0,0,161.5, -1.2, -3.6,,,0,0,1075,1024,1024,1024,8,0,0,0,155.8,0,0,58,3.716,3.713,3.709,0,0,0,6.96,98.42,1.10321361798,4.92126,6,P-GPS,
19000,2026-05-28 08:10:16,51.9887353931265,4.39004778978108,4.92126,,,1.10321361798,4.593176,0,36.270670452,42.458662776,26,5,11.148,2.08746561798,5.905512,8.2095698,36.36154972,0,0,0,161.6, -1.6, -0.9,,,0,0,1098,1024,1024,1024,11,0,0,0,155.8,0,0,58,3.716,3.713,3.709,0,0,0,6.96,98.42,1.10321361798,4.92126,6,P-GPS,
19100,2026-05-28 08:10:16,51.9887353817409,4.39004772786729,4.92126,,,1.10321361798,4.593176,0,36.267717696,42.473098472,26,5,11.127,2.08746561798,5.905512,8.2095698,36.36154972,0,0,0,161.7, -2.6, -1.7,,,0,0,1119,1024,1024,1024,14,0,0,0,155.8,0,0,58,3.715,3.71,3.707,0,0,0,7.249,98.6,1.10321361798,4.92126,6,P-GPS,
19200,2026-05-28 08:10:16,51.9887353467618,4.39004773409278,4.92126,,,1.10321361798,4.593176,0,36.27952872,42.485893748,26,5,11.127,2.08746561798,5.905512,8.2095698,36.36154972,0,0,0,161.8, -2.8, -3.3,,,0,0,1191,1024,1024,1024,25,0,0,0,155.8,0,0,58,3.715,3.71,3.707,0,0,0,7.249,98.6,1.10321361798,4.92126,6,P-GPS,
19300,2026-05-28 08:10:16,51.988735280556,4.39004773679168,4.92126,,,1.10321361798,4.593176,0,36.30085418,42.510171964,26,5,11.127,2.08746561798,5.905512,8.2095698,36.36154972,0,0,0,161.7, -2.5, -2.1,,,0,0,1271,1024,1024,1024,37,0,0,0,155.8,0,0,58,3.715,3.71,3.707,0,0,0,7.249,98.6,1.10321361798,4.92126,6,P-GPS,
19400,2026-05-28 08:10:16,51.9887352191392,4.39004782063022,4.92126,,,1.10321361798,4.593176,0,36.329725572,42.53937144,26,5,11.127,2.08746561798,5.905512,8.2095698,36.36154972,0,0,0,161.9, -3.3, -1.7,,,0,0,1280,1024,1024,1024,39,0,0,0,155.8,0,0,58,3.715,3.71,3.707,0,0,0,7.249,98.6,1.10321361798,4.92126,6,P-GPS,
19500,2026-05-28 08:10:16,51.9887350446122,4.390048086753,4.92126,,,1.10321361798,4.593176,0,36.414371244,42.626969868,26,5,11.127,2.08746561798,5.905512,8.2095698,36.414371244,-0.223694,0,0,162.2, -5.4, -0.5,,,0,0,1280,1024,1024,1024,39,0,0,0,155.8,0,0,58,3.715,3.71,3.707,0,0,0,7.249,98.6,1.10321361798,4.92126,6,P-GPS,
19600,2026-05-28 08:10:16,51.9887348999498,4.39004824444845,4.92126,,,1.10321361798,4.593176,0.3131716,36.477691456,42.69029008,26,5,11.127,2.08746561798,5.905512,8.2095698,36.477691456,-0.223694,0.223694,0,162.4, -7.6, -0.4,,,0,0,1281,1024,1024,1024,39,0,0,0,155.8,0,0,58,3.715,3.71,3.707,0,0,0,7.249,98.6,1.10321361798,4.92126,6,P-GPS,
19700,2026-05-28 08:10:16,51.988734648611,4.39004834567656,4.92126,,,1.10321361798,4.593176,0.4921268,36.568898808,42.784778272,26,5,11.127,2.08746561798,5.905512,8.2095698,36.568898808,-0.447388,0.223694,0,162.1, -9.3, -1.2,,,0,0,1279,1024,1024,1024,39,0,0,0,155.8,0,0,58,3.715,3.71,3.707,0,0,0,7.249,98.6,1.10321361798,4.92126,6,P-GPS,
19800,2026-05-28 08:10:16,51.9887343140181,4.39004860184561,4.92126,,,1.10321361798,4.593176,0.4921268,36.703413248,42.91994888,26,5,11.127,2.08746561798,5.905512,8.2095698,36.703413248,-0.894776,0.447388,0,162.1, -9.5, -1.2,,,0,0,1279,1024,1024,1024,39,0,0,0,155.8,0,0,58,3.715,3.71,3.707,0,0,0,7.249,98.6,1.10321361798,4.92126,6,P-GPS,
19900,2026-05-28 08:10:16,51.9887339490809,4.39004897899725,4.92126,,,1.10321361798,4.593176,1.2079476,36.861221652,43.077757284,26,5,11.127,2.08746561798,5.905512,8.2095698,36.861221652,-1.11847,0.447388,0,162.1, -9, -0.2,,,0,0,1350,1024,1024,1024,49,0,0,0,155.8,0,0,58,3.715,3.71,3.707,0,0,0,7.249,98.6,1.10321361798,4.92126,6,P-GPS,
20000,2026-05-28 08:10:17,51.9887333898013,4.39004937772582,4.92126,,,1.10321361798,4.593176,1.4092722,37.083006436,43.30052632,26,5,11.127,2.08746561798,5.905512,8.2095698,37.083006436,-1.342164,0.447388,0,162, -9.1, -0.2,,,0,0,1409,1024,1024,1024,58,0,0,0,155.8,0,0,58,3.715,3.71,3.707,0,0,0,7.249,98.6,1.10321361798,4.92126,6,P-GPS,
20100,2026-05-28 08:10:17,51.9887328768177,4.39004981633909,4.92126,,,1.10321361798,4.593176,1.901399,37.294620616,43.5121405,26,5,11.139,2.08746561798,5.905512,8.2095698,37.294620616,-1.789552,0.671082,0,161.5, -11.5, -2.3,,,0,0,1369,1024,1024,1024,52,0,0,0,155.8,0,0,57,3.715,3.711,3.707,0,0,0,6.972,98.6,1.10321361798,4.92126,6,P-GPS,
20200,2026-05-28 08:10:17,51.9887320833505,4.39005036788018,4.92126,,,1.10321361798,4.593176,2.1922012,37.607940836,43.826773056,26,5,11.139,2.08746561798,5.905512,8.2095698,37.607940836,-2.013246,0.894776,0,161.8, -13.3, -3,,,0,0,1368,1024,1024,1024,52,0,0,0,155.8,0,0,57,3.715,3.711,3.707,0,0,0,6.972,98.6,1.10321361798,4.92126,6,P-GPS,
20300,2026-05-28 08:10:17,51.9887314045269,4.39005098741441,4.92126,,,1.10321361798,4.265092,2.7066974,37.89206158,44.1108938,26,5,11.139,2.08746561798,5.905512,8.2095698,37.89206158,-2.460634,1.11847,0,161.9, -12.2, -0.5,,,0,0,1354,1024,1024,1024,50,0,0,0,155.8,0,0,57,3.715,3.711,3.707,0,0,0,6.972,98.6,1.10321361798,4.92126,6,P-GPS,
20400,2026-05-28 08:10:17,51.9887303262327,4.39005177326921,4.92126,,,1.10321361798,4.265092,3.1093466,38.32185162,44.54232426,26,5,11.139,2.08746561798,5.905512,8.2095698,38.32185162,-2.908022,1.11847,0,161.7, -11.7, 1.1,,,0,0,1354,1024,1024,1024,50,0,0,0,155.8,0,0,57,3.715,3.711,3.707,0,0,0,6.972,98.6,1.10321361798,4.92126,6,P-GPS,
20500,2026-05-28 08:10:17,51.9887292345396,4.39005258668292,4.92126,,,1.10321361798,4.265092,3.3330406,38.758859508,44.9803164,26,5,11.139,2.08746561798,5.905512,8.2095698,38.758859508,-3.131716,1.11847,0,161.6, -12.7, 0.5,,,0,0,1354,1024,1024,1024,50,0,0,0,155.8,0,0,57,3.715,3.711,3.707,0,0,0,6.972,98.6,1.10321361798,4.92126,6,P-GPS,
20600,2026-05-28 08:10:17,51.9887279091131,4.39005338781266,4.92126,,,1.10321361798,4.265092,3.5343652,39.269686296,45.496392532,26,5,11.139,2.08746561798,5.905512,8.2095698,39.269686296,-3.35541,1.11847,0,161.5, -14.6, -1,,,0,0,1353,1024,1024,1024,50,0,0,0,155.8,0,0,57,3.715,3.711,3.707,0,0,0,6.972,98.6,1.10321361798,4.92126,6,P-GPS,
20700,2026-05-28 08:10:17,51.9887268025306,4.39005395160983,4.92126,,,1.10321361798,4.265092,3.9593838,39.684712556,45.919620892,26,5,11.139,2.08746561798,5.905512,8.2095698,39.684712556,-3.802798,1.11847,0,161.5, -15.3, -1,,,0,0,1354,1024,1024,1024,50,0,0,0,155.8,0,0,57,3.715,3.711,3.707,0,0,0,6.972,98.6,1.10321361798,4.92126,6,P-GPS,
20800,2026-05-28 08:10:17,51.988725259408,4.39005483620947,4.92126,,,1.10321361798,4.265092,4.250186,40.274607588,46.516733772,26,5,11.139,2.08746561798,5.905512,8.2095698,40.274607588,-4.026492,1.342164,0,161.8, -15.4, -1,,,0,0,1354,1024,1024,1024,50,0,0,0,155.8,0,0,57,3.715,3.711,3.707,0,0,0,6.972,98.6,1.10321361798,4.92126,6,P-GPS,
20900,2026-05-28 08:10:17,51.9887236939598,4.39005583298562,4.92126,,,1.10321361798,4.265092,4.6752046,40.883859576,47.130250852,26,5,11.139,2.08746561798,5.905512,8.2095698,40.883859576,-4.47388,1.342164,0,161.8, -14.9, -1,,,0,0,1354,1024,1024,1024,50,0,0,0,155.8,0,0,57,3.715,3.711,3.707,0,0,0,6.972,98.6,1.10321361798,4.92126,6,P-GPS,
21000,2026-05-28 08:10:18,51.9887219135913,4.39005683333011,4.92126,,,1.10321361798,4.265092,4.8765292,41.562665372,47.817586832,26,5,11.139,2.08746561798,5.905512,8.2095698,41.562665372,-4.697574,1.342164,0,162, -15.9, -1.4,,,0,0,1354,1024,1024,1024,50,0,0,0,155.8,0,0,57,3.715,3.711,3.707,0,0,0,6.972,98.6,1.10321361798,4.92126,6,P-GPS,
21100,2026-05-28 08:10:18,51.9887201915726,4.39005820071937,4.92126,,,1.10321361798,4.265092,5.1673314,42.261484292,48.516733836,26,5,11.137,2.08746561798,5.905512,8.2095698,42.261484292,-4.921268,1.565858,0,162, -16.3, -1.9,,,0,0,1354,1024,1024,1024,50,0,0,0,155.8,0,0,57,3.713,3.708,3.703,0,0,0,6.851,98.6,1.10321361798,4.92126,6,P-GPS,
21200,2026-05-28 08:10:18,51.9887182019722,4.39005932906489,4.92126,,,1.10321361798,4.265092,5.59235,43.021326836,49.285762732,26,5,11.137,2.08746561798,5.905512,8.2095698,43.021326836,-5.368656,1.565858,0,162.1, -15.6, -2.2,,,0,0,1354,1024,1024,1024,50,0,0,0,155.8,0,0,57,3.713,3.708,3.703,0,0,0,6.851,98.6,1.10321361798,4.92126,6,P-GPS,
21300,2026-05-28 08:10:18,51.98871621597,4.39006046801108,4.92126,,,1.10321361798,4.265092,5.8607828,43.781825548,50.05413546,26,5,11.137,2.08746561798,5.905512,8.2095698,43.781825548,-5.59235,1.789552,0,162.1, -14.7, -1.8,,,0,0,1354,1024,1024,1024,50,0,0,0,155.8,0,0,57,3.713,3.708,3.703,0,0,0,6.851,98.6,1.10321361798,4.92126,6,P-GPS,
21400,2026-05-28 08:10:18,51.9887140220809,4.3900617171792,4.92126,,,1.10321361798,4.265092,6.0844768,44.62106442,50.902560684,26,5,11.137,2.08746561798,5.905512,8.2095698,44.62106442,-5.816044,1.789552,0,162.1, -14, -1.9,,,0,0,1354,1024,1024,1024,50,0,0,0,155.8,0,0,57,3.713,3.708,3.703,0,0,0,6.851,98.6,1.10321361798,4.92126,6,P-GPS,
21500,2026-05-28 08:10:18,51.988711635777,4.39006309289456,4.92126,,,1.10321361798,4.265092,6.3081708,45.536090696,51.826445228,26,5,11.137,2.08746561798,5.905512,8.2095698,45.536090696,-6.039738,1.789552,0,161.9, -14.3, -2,,,0,0,1354,1024,1024,1024,50,0,0,0,155.8,0,0,57,3.713,3.708,3.703,0,0,0,6.851,98.6,1.10321361798,4.92126,6,P-GPS,
21600,2026-05-28 08:10:18,51.9887092662388,4.39006443925636,4.92126,,,1.10321361798,4.265092,6.5766036,46.442914872,52.742127672,26,5,11.137,2.08746561798,5.905512,8.2095698,46.442914872,-6.263432,2.013246,0,161.9, -13.7, -2.1,,,0,0,1354,1024,1024,1024,50,0,0,0,155.8,0,0,57,3.713,3.708,3.703,0,0,0,6.851,98.6,1.10321361798,4.92126,6,P-GPS,
21700,2026-05-28 08:10:18,51.988706970668,4.39006586484496,4.92126,,,1.10321361798,4.265092,6.8002976,47.3343191,53.639109328,26,5,11.137,2.08746561798,5.905512,8.2095698,47.3343191,-6.487126,2.013246,0,161.9, -13.7, -2,,,0,0,1356,1024,1024,1024,50,0,0,0,155.8,0,0,57,3.713,3.708,3.703,0,0,0,6.851,98.6,1.10321361798,4.92126,6,P-GPS,
21800,2026-05-28 08:10:18,51.9887044584463,4.39006730325315,4.92126,,,1.10321361798,4.265092,7.0016222,48.297573724,54.610894136,26,5,11.137,2.08746561798,5.905512,8.2095698,48.297573724,-6.71082,2.013246,0,162, -13.6, -2,,,0,0,1377,1024,1024,1024,53,0,0,0,155.8,0,0,57,3.713,3.708,3.703,0,0,0,6.851,98.6,1.10321361798,4.92126,6,P-GPS,
21900,2026-05-28 08:10:18,51.9887017030675,4.39006890650734,4.92126,,,1.10321361798,4.265092,7.0016222,49.35695696,55.678807556,26,5,11.137,2.08746561798,5.905512,8.2095698,49.35695696,-6.71082,2.013246,0,162.2, -14.2, -2.2,,,0,0,1393,1024,1024,1024,56,0,0,0,155.8,0,0,57,3.713,3.708,3.703,0,0,0,6.851,98.6,1.10321361798,4.92126,6,P-GPS,
22000,2026-05-28 08:10:19,51.9886990382675,4.39007044827902,4.92126,,,1.10321361798,4.265092,7.2924244,50.381235208,56.71095982,26,5,11.137,2.08746561798,5.905512,8.2095698,50.381235208,-6.934514,2.23694,0,162.1, -15, -1.9,,,0,0,1394,1024,1024,1024,56,0,0,0,155.8,0,0,57,3.713,3.708,3.703,0,0,0,6.851,98.6,1.10321361798,4.92126,6,P-GPS,
22100,2026-05-28 08:10:19,51.9886960513055,4.39007215705301,4.92126,,,1.10321361798,4.265092,7.493749,51.527560704,57.866143584,26,5,11.108,2.08746561798,5.905512,8.2095698,51.527560704,-7.158208,2.23694,0,162.1, -15.7, -1.9,,,0,0,1395,1024,1024,1024,56,0,0,0,155.8,0,0,57,3.713,3.709,3.704,0,0,0,7.347,98.6,1.10321361798,4.92126,6,P-GPS,
22200,2026-05-28 08:10:19,51.9886931765883,4.39007381257325,4.92126,,,1.10321361798,4.265092,7.9187676,52.632219532,58.979004512,26,5,11.108,2.08746561798,5.905512,8.2095698,52.632219532,-7.605596,2.23694,0,162.1, -15.3, -2.4,,,0,0,1381,1024,1024,1024,54,0,0,0,155.8,0,0,57,3.713,3.709,3.704,0,0,0,7.347,98.6,1.10321361798,4.92126,6,P-GPS,
22300,2026-05-28 08:10:19,51.9886901699821,4.39007551348024,4.92126,,,1.10321361798,3.937008,8.2095698,53.785106708,60.140749956,26,5,11.108,2.08746561798,5.905512,8.2095698,53.785106708,-7.82929,2.460634,0,162.1, -13.9, -1.9,,,0,0,1180,1024,1024,1024,24,0,0,0,155.8,0,0,57,3.713,3.709,3.704,0,0,0,7.347,98.6,1.10321361798,4.92126,6,P-GPS,
22400,2026-05-28 08:10:19,51.9886870433522,4.39007733408301,4.92126,,,1.10321361798,4.265092,8.4780026,54.989174988,61.352692252,26,5,11.108,2.08746561798,5.905512,8.4780026,54.989174988,-8.052984,2.684328,-0.223694,162, -11.4, -2.1,,,0,0,1180,1024,1024,1024,24,0,0,0,155.8,0,0,57,3.713,3.709,3.704,0,0,0,7.347,98.6,1.10321361798,4.92126,6,P-GPS,
22500,2026-05-28 08:10:19,51.9886836696844,4.39007939477983,4.92126,,,1.10321361798,4.265092,8.7016966,56.298558232,62.667652924,26,5,11.108,2.08746561798,5.905512,8.7016966,56.298558232,-8.276678,2.684328,-0.223694,162.2, -7.8, -2.2,,,0,0,1024,1024,1024,1024,0,0,0,0,155.8,0,0,57,3.713,3.709,3.704,0,0,0,7.347,98.6,1.10321361798,4.92126,6,P-GPS,
22600,2026-05-28 08:10:19,51.9886804811924,4.39008137755055,4.92126,,,1.10321361798,4.265092,8.4780026,57.539700004,63.913387872,26,5,11.108,2.08746561798,5.905512,8.7016966,57.539700004,-8.052984,2.684328,0,162, 9, -1,,,0,0,1024,1024,1024,1024,0,0,0,0,155.8,0,0,57,3.713,3.709,3.704,0,0,0,7.347,98.6,1.10321361798,4.92126,6,P-GPS,
22700,2026-05-28 08:10:19,51.988677496938,4.39008352513927,4.92126,,,1.10321361798,4.265092,7.7845512,58.729988756,65.104332792,26,5,11.108,2.08746561798,5.905512,8.7016966,58.729988756,-7.381902,2.460634,-0.223694,161.6, 29.9, 0.8,,,0,0,1024,1024,1024,1024,0,0,0,0,155.8,0,0,57,3.713,3.709,3.704,0,0,0,7.347,98.6,1.10321361798,4.92126,6,P-GPS,
22800,2026-05-28 08:10:19,51.9886749869615,4.39008514165786,4.92126,,,1.10321361798,4.265092,6.151585,59.712600336,66.089569044,26,5,11.108,2.08746561798,5.905512,8.7016966,59.712600336,-5.816044,2.013246,-0.223694,161.7, 28.3, 2.2,,,0,0,1024,1024,1024,1024,0,0,0,0,155.8,0,0,57,3.713,3.709,3.704,0,0,0,7.347,98.6,1.10321361798,4.92126,6,P-GPS,
22900,2026-05-28 08:10:19,51.9886729339487,4.39008638799466,5.249344,,,1.43129761798,3.937008,5.1673314,60.508860204,66.889109752,26,5,11.108,2.08746561798,5.905512,8.7016966,60.508860204,-4.921268,1.565858,-0.223694,161.9, 22.9, 1.2,,,0,0,1024,1024,1024,1024,0,0,0,0,155.8,0,0,57,3.713,3.709,3.704,0,0,0,7.347,98.6,1.43129761798,5.249344,6,P-GPS,
23000,2026-05-28 08:10:20,51.9886712797811,4.39008742219292,5.249344,,,1.43129761798,4.265092,4.1830778,61.153545264,67.535763316,26,5,11.108,2.08746561798,5.905512,8.7016966,61.153545264,-4.026492,1.11847,0,161.9, 21.4, -3.7,,,0,0,1024,1024,1024,1024,0,0,0,0,155.8,0,0,57,3.713,3.709,3.704,0,0,0,7.347,98.6,1.43129761798,5.249344,6,P-GPS,
23100,2026-05-28 08:10:20,51.9886693777531,4.3900883102912,5.249344,,,1.43129761798,4.265092,3.2659324,61.865815628,68.2578762,26,5,11.115,2.08746561798,5.905512,8.7016966,61.865815628,-3.131716,0.894776,0,161.4, 18.4, -4.3,,,0,0,1024,1024,1024,1024,0,0,0,0,155.8,0,0,57,3.715,3.715,3.711,0,0,0,7.433,98.6,1.43129761798,5.249344,6,P-GPS,
23200,2026-05-28 08:10:20,51.9886683365201,4.3900891498518,5.249344,,,1.43129761798,4.265092,2.6172198,62.289700156,68.682088812,26,5,11.115,2.08746561798,5.905512,8.7016966,62.289700156,-2.460634,0.894776,0.223694,160.8, 15.5, -1.9,,,0,0,1238,1024,1024,1024,32,0,0,0,155.8,0,0,57,3.715,3.715,3.711,0,0,0,7.433,98.6,1.43129761798,5.249344,6,P-GPS,
23300,2026-05-28 08:10:20,51.9886662451955,4.39009020584276,5.249344,,,1.43129761798,4.265092,1.9908766,63.08071068,69.481301436,26,5,11.115,2.08746561798,5.905512,8.7016966,63.08071068,-1.789552,0.894776,0.223694,161.3, 9.7, 0.6,,,0,0,1246,1024,1024,1024,34,0,0,0,155.8,0,0,57,3.715,3.715,3.711,0,0,0,7.433,98.6,1.43129761798,5.249344,6,P-GPS,
23400,2026-05-28 08:10:20,51.9886655613434,4.39009092848992,4.92126,,,1.10321361798,4.265092,1.7000744,63.375658196,69.778873624,26,5,11.115,2.08746561798,5.905512,8.7016966,63.375658196,-1.565858,0.671082,0.223694,161.3, 3.5, 0.6,,,0,0,1246,1024,1024,1024,34,0,0,0,155.8,0,0,57,3.715,3.715,3.711,0,0,0,7.433,98.6,1.10321361798,4.92126,6,P-GPS,
23500,2026-05-28 08:10:20,51.988663925526,4.39009230292533,4.92126,,,1.10321361798,3.937008,1.4987498,64.047246144,70.450789656,26,5,11.115,2.08746561798,5.905512,8.7016966,64.047246144,-1.342164,0.671082,0,161.3, -1.6, 1,,,0,0,1135,1024,1024,1024,17,0,0,0,155.8,0,0,57,3.715,3.715,3.711,0,0,0,7.433,98.6,1.10321361798,4.92126,6,P-GPS,
23600,2026-05-28 08:10:20,51.9886632477906,4.39009296503598,4.92126,,,1.10321361798,3.937008,1.4092722,64.334647728,70.739503576,26,5,11.115,2.08746561798,5.905512,8.7016966,64.334647728,-1.342164,0.447388,0.223694,161.5, -2.6, 0.6,,,0,0,1024,1024,1024,1024,0,0,0,0,155.8,0,0,57,3.715,3.715,3.711,0,0,0,7.433,98.6,1.10321361798,4.92126,6,P-GPS,
23700,2026-05-28 08:10:20,51.9886620977049,4.3900933964499,4.92126,,,1.10321361798,3.937008,1.4092722,64.755251416,71.169949784,26,5,11.115,2.08746561798,5.905512,8.7016966,64.755251416,-1.342164,0.447388,0,161.7, -0.1, -1,,,0,0,1024,1024,1024,1024,0,0,0,0,155.8,0,0,57,3.715,3.715,3.711,0,0,0,7.433,98.6,1.10321361798,4.92126,6,P-GPS,
23800,2026-05-28 08:10:20,51.9886613670084,4.39009402755155,4.92126,,,1.10321361798,3.937008,1.4092722,65.056760612,71.472115148,26,5,11.115,2.08746561798,5.905512,8.7016966,65.056760612,-1.342164,0.447388,0,161.7, 3.1, -1.5,,,0,0,1269,1024,1024,1024,37,0,0,0,155.8,0,0,57,3.715,3.715,3.711,0,0,0,7.433,98.6,1.10321361798,4.92126,6,P-GPS,
23900,2026-05-28 08:10:20,51.9886606280533,4.39009447281452,4.92126,,,1.10321361798,3.937008,1.2079476,65.343177944,71.759516732,26,5,11.115,2.08746561798,5.905512,8.7016966,65.343177944,-1.11847,0.447388,0,161.6, 4.5, -0.3,,,0,0,1479,1024,1024,1024,69,0,0,0,155.8,0,0,57,3.715,3.715,3.711,0,0,0,7.433,98.6,1.10321361798,4.92126,6,P-GPS,
24000,2026-05-28 08:10:21,51.9886600573198,4.39009509067227,4.92126,,,1.10321361798,3.937008,1.006623,65.590881364,72.009844824,26,5,11.115,2.08746561798,5.905512,8.7016966,65.590881364,-0.894776,0.447388,0,161.6, -5.6, 0.5,,,0,0,1024,1024,1024,1024,0,0,0,0,155.8,0,0,57,3.715,3.715,3.711,0,0,0,7.433,98.6,1.10321361798,4.92126,6,P-GPS,
24100,2026-05-28 08:10:21,51.9886600600097,4.39009528768202,4.92126,,,1.10321361798,3.937008,1.11847,65.608925984,72.054136164,26,5,11.118,2.08746561798,5.905512,8.7016966,65.608925984,-0.894776,0.671082,0,161.6, -11.9, 0.1,,,0,0,1024,1024,1024,1024,0,0,0,0,155.8,0,0,57,3.711,3.707,3.702,0,0,0,7.03,98.6,1.10321361798,4.92126,6,P-GPS,
24200,2026-05-28 08:10:21,51.9886594184612,4.39009594497932,4.92126,,,1.10321361798,3.937008,1.2974252,65.883860376,72.33103906,26,5,11.118,2.08746561798,5.905512,8.7016966,65.883860376,-1.11847,0.671082,0,161.7, 0.3, 0.5,,,0,0,1024,1024,1024,1024,0,0,0,0,155.8,0,0,57,3.711,3.707,3.702,0,0,0,7.03,98.6,1.10321361798,4.92126,6,P-GPS,
24300,2026-05-28 08:10:21,51.9886590267267,4.39009600616269,4.92126,,,1.10321361798,3.937008,1.006623,66.0187029,72.474411768,26,5,11.118,2.08746561798,5.905512,8.7016966,66.0187029,-0.894776,0.447388,0,161.9, 4.5, 0.8,,,0,0,1024,1024,1024,1024,0,0,0,0,155.8,0,0,57,3.711,3.707,3.702,0,0,0,7.03,98.6,1.10321361798,4.92126,6,P-GPS,
24400,2026-05-28 08:10:21,51.9886585188064,4.39009655618722,4.92126,,,1.10321361798,3.937008,0.8052984,66.239175348,72.697180804,26,5,11.118,2.08746561798,5.905512,8.7016966,66.239175348,-0.671082,0.447388,0,162, 4.8, 1.2,,,0,0,1024,1024,1024,1024,0,0,0,0,155.8,0,0,57,3.711,3.707,3.702,0,0,0,7.03,98.6,1.10321361798,4.92126,6,P-GPS,
24500,2026-05-28 08:10:21,51.9886585863317,4.39009655161023,4.92126,,,1.10321361798,3.937008,0.3131716,66.216537552,72.721787104,26,5,11.118,2.08746561798,5.905512,8.7016966,66.239175348,-0.223694,0.223694,0,162.1, 3.5, 1.4,,,0,0,1024,1024,1024,1024,0,0,0,0,155.8,0,0,57,3.711,3.707,3.702,0,0,0,7.03,98.6,1.10321361798,4.92126,6,P-GPS,
24600,2026-05-28 08:10:21,51.988658339585,4.39009692143727,4.92126,,,1.10321361798,3.937008,0.223694,66.33366354,72.84449052,26,5,11.118,2.08746561798,5.905512,8.7016966,66.33366354,0,0.223694,0,162.2, 1.6, 2.2,,,0,0,1024,1024,1024,1024,0,0,0,0,155.8,0,0,57,3.711,3.707,3.702,0,0,0,7.03,98.6,1.10321361798,4.92126,6,P-GPS,
24700,2026-05-28 08:10:21,51.9886588986675,4.39009682373574,4.92126,,,1.10321361798,3.937008,0,66.14009398,73.04954302,26,5,11.118,2.08746561798,5.905512,8.7016966,66.33366354,0,0,0,162.3, -1.1, 2.8,,,0,0,1024,1024,1024,1024,0,0,0,0,155.8,0,0,57,3.711,3.707,3.702,0,0,0,7.03,98.6,1.10321361798,4.92126,6,P-GPS,
24800,2026-05-28 08:10:21,51.9886588041564,4.39009700219422,4.92126,,,1.10321361798,3.937008,0,66.188650412,73.102364544,26,5,11.118,2.08746561798,5.905512,8.7016966,66.33366354,0,0,0,162.3, -1, 1.3,,,0,0,1024,1024,1024,1024,0,0,0,0,155.8,0,0,57,3.711,3.707,3.702,0,0,0,7.03,98.6,1.10321361798,4.92126,6,P-GPS,
24900,2026-05-28 08:10:21,51.9886587083602,4.39009693523746,4.92126,,,1.10321361798,3.937008,0,66.213584796,73.140422288,26,5,11.118,2.08746561798,5.905512,8.7016966,66.33366354,0,0,0,162, -2, -0.4,,,0,0,1024,1024,1024,1024,0,0,0,0,155.8,0,0,57,3.711,3.707,3.702,0,0,0,7.03,98.6,1.10321361798,4.92126,6,P-GPS,
25000,2026-05-28 08:10:22,51.9886586652853,4.39009701791434,4.92126,,,1.10321361798,3.937008,0,66.235566424,73.164700504,26,5,11.118,2.08746561798,5.905512,8.7016966,66.33366354,0,0,0,161.7, -2.1, 1,,,0,0,1024,1024,1024,1024,0,0,0,0,155.8,0,0,57,3.711,3.707,3.702,0,0,0,7.03,98.6,1.10321361798,4.92126,6,P-GPS,
25100,2026-05-28 08:10:22,51.9886586104051,4.39009685041813,4.92126,,,1.10321361798,3.937008,0,66.237534928,73.207351424,26,5,11.12,2.08746561798,5.905512,8.7016966,66.33366354,0,0,0,161.6, -2.6, -0.1,,,0,0,1024,1024,1024,1024,0,0,0,0,155.8,0,0,57,3.716,3.711,3.707,0,0,0,7.2,98.6,1.10321361798,4.92126,6,P-GPS,
25200,2026-05-28 08:10:22,51.9886585743381,4.39009684056868,4.92126,,,1.10321361798,3.937008,0,66.2483617,73.220802868,26,5,11.12,2.08746561798,5.905512,8.7016966,66.33366354,0,0,0,161.6, -3.6, -0.8,,,0,0,1024,1024,1024,1024,0,0,0,0,155.8,0,0,57,3.716,3.711,3.707,0,0,0,7.2,98.6,1.10321361798,4.92126,6,P-GPS,
25300,2026-05-28 08:10:22,51.9886588377048,4.39009698927021,4.92126,,,1.10321361798,3.937008,0,66.17618322,73.322508908,26,5,11.12,2.08746561798,5.905512,8.7016966,66.33366354,0,0,0,161.5, -3.6, -1.3,,,0,0,1024,1024,1024,1024,0,0,0,0,155.8,0,0,57,3.716,3.711,3.707,0,0,0,7.2,98.6,1.10321361798,4.92126,6,P-GPS,
25400,2026-05-28 08:10:22,51.9886588159618,4.39009695620222,4.92126,,,1.10321361798,3.937008,0,66.180120228,73.33333568,26,5,11.12,2.08746561798,5.905512,8.7016966,66.33366354,0,0,0,161.4, -3.5, -1,,,0,0,1024,1024,1024,1024,0,0,0,0,155.8,0,0,57,3.716,3.711,3.707,0,0,0,7.2,98.6,1.10321361798,4.92126,6,P-GPS,
25500,2026-05-28 08:10:22,51.9886590303424,4.39009665202413,4.92126,,,1.10321361798,3.937008,0,66.080054608,73.437338308,26,5,11.12,2.08746561798,5.905512,8.7016966,66.33366354,0,0,0,161.6, -4.4, -1.5,,,0,0,1024,1024,1024,1024,0,0,0,0,155.8,0,0,57,3.716,3.711,3.707,0,0,0,7.2,98.6,1.10321361798,4.92126,6,P-GPS,
25600,2026-05-28 08:10:22,51.9886590044186,4.39009655056653,4.92126,,,1.10321361798,3.937008,0,66.078742272,73.461944608,26,5,11.12,2.08746561798,5.905512,8.7016966,66.33366354,0,0,0,161.6, -4.3, -2.1,,,0,0,1024,1024,1024,1024,0,0,0,0,155.8,0,0,57,3.716,3.711,3.707,0,0,0,7.2,98.6,1.10321361798,4.92126,6,P-GPS,
25700,2026-05-28 08:10:22,51.9886591065201,4.39009616667478,4.92126,,,1.10321361798,3.937008,0,66.007876128,73.555776632,26,5,11.12,2.08746561798,5.905512,8.7016966,66.33366354,0,0,0,161.5, -3.7, -3.6,,,0,0,1024,1024,1024,1024,0,0,0,0,155.8,0,0,57,3.716,3.711,3.707,0,0,0,7.2,98.6,1.10321361798,4.92126,6,P-GPS,
25800,2026-05-28 08:10:22,51.9886590674203,4.39009608497173,4.92126,,,1.10321361798,3.937008,0,66.013125472,73.579070596,26,5,11.12,2.08746561798,5.905512,8.7016966,66.33366354,0,0,0,161.5, -3.6, -3.2,,,0,0,1024,1024,1024,1024,0,0,0,0,155.8,0,0,57,3.716,3.711,3.707,0,0,0,7.2,98.6,1.10321361798,4.92126,6,P-GPS,
25900,2026-05-28 08:10:22,51.9886591668832,4.39009595731852,4.92126,,,1.10321361798,3.937008,0,65.96784988,73.62533044,26,5,11.12,2.08746561798,5.905512,8.7016966,66.33366354,0,0,0,161.6, -3.8, -2.8,,,0,0,1024,1024,1024,1024,0,0,0,0,155.8,0,0,57,3.716,3.711,3.707,0,0,0,7.2,98.6,1.10321361798,4.92126,6,P-GPS,
26000,2026-05-28 08:10:23,51.9886591484813,4.39009590925381,4.92126,,,1.10321361798,3.937008,0,65.9694903,73.638125716,26,5,11.12,2.08746561798,5.905512,8.7016966,66.33366354,0,0,0,161.8, -4.1, -2.6,,,0,0,1024,1024,1024,1024,0,0,0,0,155.8,0,0,57,3.716,3.711,3.707,0,0,0,7.2,98.6,1.10321361798,4.92126,6,P-GPS,
26100,2026-05-28 08:10:23,51.9886593222715,4.39009579860062,4.92126,,,1.10321361798,3.937008,0,65.901248828,73.706367188,26,5,11.125,2.08746561798,5.905512,8.7016966,66.33366354,0,0,0,161.9, -4.6, -2.4,,,0,0,1024,1024,1024,1024,0,0,0,0,155.8,0,0,57,3.713,3.708,3.706,0,0,0,6.511,98.6,1.10321361798,4.92126,6,P-GPS,
26200,2026-05-28 08:10:23,51.9886593400909,4.39009576270858,4.92126,,,1.10321361798,3.937008,0,65.892062476,73.716537792,26,5,11.125,2.08746561798,5.905512,8.7016966,66.33366354,0,0,0,162, -5, -2.1,,,0,0,1024,1024,1287,1024,0,0,40,0,155.8,0,0,57,3.713,3.708,3.706,0,0,0,6.511,98.6,1.10321361798,4.92126,6,P-GPS,
26300,2026-05-28 08:10:23,51.9886595670136,4.39009554787109,4.92126,,,1.10321361798,3.937008,0,65.796590032,73.81233832,26,5,11.125,2.08746561798,5.905512,8.7016966,66.33366354,0,0,0,161.9, -5, -2.1,,,0,0,1024,1024,1684,1024,0,0,100,0,155.8,0,0,57,3.713,3.708,3.706,0,0,0,6.511,98.6,1.10321361798,4.92126,6,P-GPS,
26400,2026-05-28 08:10:23,51.9886596029778,4.39009550388249,4.92126,,,1.10321361798,3.937008,0,65.780513916,73.82874252,26,5,11.125,2.08746561798,5.905512,8.7016966,66.33366354,0,0,0,161.8, -5, -1.1,,,0,0,1024,1024,1684,1024,0,0,100,0,155.8,0,0,57,3.713,3.708,3.706,0,0,0,6.511,98.6,1.10321361798,4.92126,6,P-GPS,
26500,2026-05-28 08:10:23,51.988659582417,4.39009552273276,4.92126,,,1.10321361798,3.937008,0,65.7890441,73.837600788,26,5,11.125,2.08746561798,5.905512,8.7016966,66.33366354,0,0,-0.894776,161.9, -4.4, -1.9,,,0,0,1024,1024,1058,1024,0,0,5,0,155.8,0,0,57,3.713,3.708,3.706,0,0,0,6.511,98.6,1.10321361798,4.92126,6,P-GPS,
26600,2026-05-28 08:10:23,51.9886595813889,4.39009548344629,5.249344,,,1.43129761798,4.265092,0,65.78576326,73.846130972,26,5,11.125,2.08746561798,5.905512,8.7016966,66.33366354,0,0,-1.342164,161.9, -4.2, -3.2,,,0,0,1024,1024,1024,1024,0,0,0,0,155.8,0,0,57,3.713,3.708,3.706,0,0,0,6.511,98.6,1.43129761798,5.249344,6,P-GPS,
26700,2026-05-28 08:10:23,51.9886594848731,4.39009545872533,5.577428,,,1.75938161798,4.265092,0,65.814962736,73.881892128,26,5,11.125,2.08746561798,5.905512,8.7016966,66.33366354,0,0,-0.894776,162, -4.7, -3.2,,,0,0,1024,1024,1024,1024,0,0,0,0,155.8,0,0,57,3.713,3.708,3.706,0,0,0,6.511,98.6,1.75938161798,5.577428,6,P-GPS,
26800,2026-05-28 08:10:23,51.988659493166,4.39009546173026,5.577428,,,1.75938161798,4.593176,0,65.812666148,73.885172968,26,5,11.125,2.08746561798,5.905512,8.7016966,66.33366354,0,0,-0.447388,162.1, -4.5, -1.6,,,0,0,1024,1024,1088,1024,0,0,10,0,155.8,0,0,57,3.713,3.708,3.706,0,0,0,6.511,98.6,1.75938161798,5.577428,6,P-GPS,
26900,2026-05-28 08:10:24,51.9886595895961,4.3900955938352,5.577428,,,1.75938161798,4.593176,0,65.793637276,73.931104728,26,5,11.125,2.08746561798,5.905512,8.7016966,66.33366354,0,0,-0.223694,162, -4, -1.3,,,0,0,1024,1024,1535,1024,0,0,77,0,155.8,0,0,57,3.713,3.708,3.706,0,0,0,6.511,98.6,1.75938161798,5.577428,6,P-GPS,
27000,2026-05-28 08:10:24,51.9886595968781,4.39009557943664,5.577428,,,1.75938161798,4.593176,0,65.789700268,73.93536982,26,5,11.125,2.08746561798,5.905512,8.7016966,66.33366354,0,0,-0.447388,161.9, -3, -1.7,,,0,0,1024,1024,1024,1024,0,0,0,0,155.8,0,0,57,3.713,3.708,3.706,0,0,0,6.511,98.6,1.75938161798,5.577428,6,P-GPS,
27100,2026-05-28 08:10:24,51.9886596017784,4.39009546857475,5.905512,,,2.08746561798,4.92126,0,65.77756116,73.960304204,26,5,11.072,2.08746561798,5.905512,8.7016966,66.33366354,0,0,-0.894776,161.8, -3.2, -2.1,,,0,0,1024,1024,1024,1024,0,0,0,0,155.8,0,0,57,3.714,3.711,3.706,0,0,0,7.919,98.78,2.08746561798,5.905512,6,P-GPS,
27200,2026-05-28 08:10:24,51.9886596327225,4.3900954222768,5.905512,,,2.08746561798,4.92126,0,65.76279738,73.975724152,26,5,11.072,2.08746561798,5.905512,8.7016966,66.33366354,0,0,-0.671082,161.8, -4.8, -2.4,,,0,0,1024,1024,1024,1024,0,0,0,0,155.8,0,0,57,3.714,3.711,3.706,0,0,0,7.919,98.78,2.08746561798,5.905512,6,P-GPS,
27300,2026-05-28 08:10:24,51.9886596284561,4.39009554618781,5.905512,,,2.08746561798,4.92126,0,65.776248824,74.003611292,26,5,11.072,2.08746561798,5.905512,8.7016966,66.33366354,0,0,-0.223694,161.9, -4.6, -2.5,,,0,0,1024,1024,1024,1024,0,0,0,0,155.8,0,0,57,3.714,3.711,3.706,0,0,0,7.919,98.78,2.08746561798,5.905512,6,P-GPS,
27400,2026-05-28 08:10:24,51.9886596634094,4.39009551922705,5.905512,,,2.08746561798,4.92126,0,65.762141212,74.017718904,26,5,11.072,2.08746561798,5.905512,8.7016966,66.33366354,0,0,0,161.9, -4.5, -1.6,,,0,0,1024,1024,1024,1024,0,0,0,0,155.8,0,0,57,3.714,3.711,3.706,0,0,0,7.919,98.78,2.08746561798,5.905512,6,P-GPS,
27500,2026-05-28 08:10:24,51.9886596640263,4.39009550651181,5.905512,,,2.08746561798,4.92126,0,65.760500792,74.020343576,26,5,11.072,2.08746561798,5.905512,8.7016966,66.33366354,0,0,0,161.9, -4.3, -2,,,0,0,1024,1024,1024,1024,0,0,0,0,155.8,0,0,57,3.714,3.711,3.706,0,0,0,7.919,98.78,2.08746561798,5.905512,6,P-GPS,
27600,2026-05-28 08:10:24,51.9886596800979,4.39009545794626,5.905512,,,2.08746561798,4.92126,0,65.750658272,74.032810768,26,5,11.072,2.08746561798,5.905512,8.7016966,66.33366354,0,0,0,161.9, -4, -2,,,0,0,1024,1024,1024,1024,0,0,0,0,155.8,0,0,57,3.714,3.711,3.706,0,0,0,7.919,98.78,2.08746561798,5.905512,6,P-GPS,
27700,2026-05-28 08:10:24,51.9886596185012,4.39009580650244,5.905512,,,2.08746561798,4.92126,0,65.804464048,74.1141756,26,5,11.072,2.08746561798,5.905512,8.7016966,66.33366354,0,0,0,161.9, -3.8, -2.4,,,0,0,1024,1024,1024,1024,0,0,0,0,155.8,0,0,57,3.714,3.711,3.706,0,0,0,7.919,98.78,2.08746561798,5.905512,6,P-GPS,
27800,2026-05-28 08:10:24,51.9886596294156,4.39009576803675,5.905512,,,2.08746561798,4.92126,0,65.7972462,74.123690036,26,5,11.072,2.08746561798,5.905512,8.7016966,66.33366354,0,0,0,161.8, -3.9, -2.5,,,0,0,1024,1024,1024,1024,0,0,0,0,155.8,0,0,57,3.714,3.711,3.706,0,0,0,7.919,98.78,2.08746561798,5.905512,6,P-GPS,
27900,2026-05-28 08:10:24,51.988659725109,4.39009573866928,5.905512,,,2.08746561798,4.92126,0,65.76279738,74.159451192,26,5,11.072,2.08746561798,5.905512,8.7016966,66.33366354,0,0,0,161.8, -3.9, -2.5,,,0,0,1024,1024,1431,1024,0,0,62,0,155.8,0,0,57,3.714,3.711,3.706,0,0,0,7.919,98.78,2.08746561798,5.905512,6,P-GPS,
28000,2026-05-28 08:10:25,51.9886597489252,4.39009570977481,5.905512,,,2.08746561798,4.92126,0,65.752298692,74.170277964,26,5,11.072,2.08746561798,5.905512,8.7016966,66.33366354,0,0,0,161.9, -3.7, -2.2,,,0,0,1024,1024,1024,1024,0,0,0,0,155.8,0,0,57,3.714,3.711,3.706,0,0,0,7.919,98.78,2.08746561798,5.905512,6,P-GPS,
28100,2026-05-28 08:10:25,51.9886597119501,4.39009574195243,5.905512,,,2.08746561798,4.92126,0,65.76771864,74.185369828,26,5,11.133,2.08746561798,5.905512,8.7016966,66.33366354,0,0,-0.223694,161.9, -4.1, -2.2,,,0,0,1024,1024,1024,1024,0,0,0,0,155.8,0,0,57,3.711,3.704,3.701,0,0,0,6.543,98.78,2.08746561798,5.905512,6,P-GPS,
28200,2026-05-28 08:10:25,51.9886597425,4.39009571606287,5.905512,,,2.08746561798,4.92126,0,65.754923364,74.198165104,26,5,11.133,2.08746561798,5.905512,8.7016966,66.33366354,0,0,0,161.9, -5.2, -2.5,,,0,0,1024,1024,1024,1024,0,0,0,0,155.8,0,0,57,3.711,3.704,3.701,0,0,0,6.543,98.78,2.08746561798,5.905512,6,P-GPS,
28300,2026-05-28 08:10:25,51.9886595601257,4.39009580244026,5.905512,,,2.08746561798,4.92126,0,65.82349292,74.267390828,26,5,11.133,2.08746561798,5.905512,8.7016966,66.33366354,0,0,0,162, -4.6, -2.1,,,0,0,1024,1024,1024,1024,0,0,0,0,155.8,0,0,57,3.711,3.704,3.701,0,0,0,6.543,98.78,2.08746561798,5.905512,6,P-GPS,
28400,2026-05-28 08:10:25,51.9886595552082,4.39009580278806,5.905512,,,2.08746561798,4.92126,0,65.82513334,74.269031248,26,5,11.133,2.08746561798,5.905512,8.7016966,66.33366354,0,0,0,161.8, -3.8, -2,,,0,0,1024,1024,1024,1024,0,0,0,0,155.8,0,0,57,3.711,3.704,3.701,0,0,0,6.543,98.78,2.08746561798,5.905512,6,P-GPS,
28500,2026-05-28 08:10:25,51.9886595325399,4.39009570462752,5.905512,,,2.08746561798,4.92126,0,65.823164836,74.292653296,26,5,11.133,2.08746561798,5.905512,8.7016966,66.33366354,0,0,0,161.9, -3.5, -2,,,0,0,1024,1024,1024,1024,0,0,0,0,155.8,0,0,57,3.711,3.704,3.701,0,0,0,6.543,98.78,2.08746561798,5.905512,6,P-GPS,
28600,2026-05-28 08:10:25,51.9886595144978,4.39009570148348,5.905512,,,2.08746561798,4.92126,0,65.828742264,74.299214976,26,5,11.133,2.08746561798,5.905512,8.7016966,66.33366354,0,0,0,161.8, -3, -2.3,,,0,0,1124,1024,1024,1024,15,0,0,0,155.8,0,0,57,3.711,3.704,3.701,0,0,0,6.543,98.78,2.08746561798,5.905512,6,P-GPS,
28700,2026-05-28 08:10:25,51.9886594613995,4.39009592931444,5.905512,,,2.08746561798,4.92126,0,65.868112344,74.354005004,26,5,11.133,2.08746561798,5.905512,8.7016966,66.33366354,0,0,0,161.9, -3.1, -2,,,0,0,1328,1024,1024,1024,46,0,0,0,155.8,0,0,57,3.711,3.704,3.701,0,0,0,6.543,98.78,2.08746561798,5.905512,6,P-GPS,
28800,2026-05-28 08:10:25,51.9886594277826,4.39009593841265,5.905512,,,2.08746561798,5.249344,0,65.880251452,74.366472196,26,5,11.133,2.08746561798,5.905512,8.7016966,66.33366354,0,0,0,161.8, -5.9, -2.2,,,0,0,1351,1024,1024,1024,50,0,0,0,155.8,0,0,57,3.711,3.704,3.701,0,0,0,6.543,98.78,2.08746561798,5.905512,6,P-GPS,
28900,2026-05-28 08:10:25,51.9886593731593,4.39009577195988,5.905512,,,2.08746561798,5.249344,0.223694,65.882219956,74.408795032,26,5,11.133,2.08746561798,5.905512,8.7016966,66.33366354,-0.223694,0,0,161.9, -10.5, -2.1,,,0,0,1353,1024,1024,1024,50,0,0,0,155.8,0,0,57,3.711,3.704,3.701,0,0,0,6.543,98.78,2.08746561798,5.905512,6,P-GPS,
29000,2026-05-28 08:10:26,51.9886592000544,4.39009583063924,5.905512,,,2.08746561798,4.92126,0.447388,65.944884,74.47342758,26,5,11.133,2.08746561798,5.905512,8.7016966,66.33366354,-0.447388,0,0,162.3, -13.6, -2,,,0,0,1352,1024,1024,1024,50,0,0,0,155.8,0,0,57,3.711,3.704,3.701,0,0,0,6.543,98.78,2.08746561798,5.905512,6,P-GPS,
29100,2026-05-28 08:10:26,51.9886587757992,4.39009612793111,5.905512,,,2.08746561798,4.92126,0.9171454,66.113191092,74.642062756,26,5,11.113,2.08746561798,5.905512,8.7016966,66.33366354,-0.894776,0.223694,0,162.3, -14.8, -2.5,,,0,0,1373,1024,1024,1024,53,0,0,0,155.8,0,0,57,3.709,3.704,3.7,0,0,0,7.212,98.78,2.08746561798,5.905512,6,P-GPS,
29200,2026-05-28 08:10:26,51.9886582782105,4.39009638859364,5.905512,,,2.08746561798,4.92126,1.4092722,66.30249556,74.83267956,26,5,11.113,2.08746561798,5.905512,8.7016966,66.33366354,-1.342164,0.447388,0,162.2, -15.6, -2,,,0,0,1402,1024,1024,1024,57,0,0,0,155.8,0,0,57,3.709,3.704,3.7,0,0,0,7.212,98.78,2.08746561798,5.905512,6,P-GPS,
29300,2026-05-28 08:10:26,51.9886576049297,4.39009672174973,5.905512,,,2.08746561798,4.92126,1.8342908,66.556432576,75.089569332,26,5,11.113,2.08746561798,5.905512,8.7016966,66.556432576,-1.789552,0.447388,0,162.4, -15.9, -1.7,,,0,0,1402,1024,1024,1024,57,0,0,0,155.8,0,0,57,3.709,3.704,3.7,0,0,0,7.212,98.78,2.08746561798,5.905512,6,P-GPS,
29400,2026-05-28 08:10:26,51.9886567429522,4.39009717931762,5.905512,,,2.08746561798,4.92126,2.3264176,66.884516576,75.420278004,26,5,11.113,2.08746561798,5.905512,8.7016966,66.884516576,-2.23694,0.671082,0,162.3, -16.2, -1.9,,,0,0,1424,1024,1024,1024,61,0,0,0,155.8,0,0,57,3.709,3.704,3.7,0,0,0,7.212,98.78,2.08746561798,5.905512,6,P-GPS,
29500,2026-05-28 08:10:26,51.9886560360888,4.3900976331711,5.905512,,,2.08746561798,4.92126,2.8185444,67.161419472,75.697837068,26,5,11.113,2.08746561798,5.905512,8.7016966,67.161419472,-2.684328,0.894776,0,162.3, -17.2, -2.2,,,0,0,1404,1024,1024,1024,58,0,0,0,155.8,0,0,57,3.709,3.704,3.7,0,0,0,7.212,98.78,2.08746561798,5.905512,6,P-GPS,
29600,2026-05-28 08:10:26,51.9886548404094,4.39009827040786,5.905512,,,2.08746561798,4.92126,3.2659324,67.616800064,76.156826584,26,5,11.113,2.08746561798,5.905512,8.7016966,67.616800064,-3.131716,0.894776,0,162.4, -18.3, -2.2,,,0,0,1386,1024,1024,1024,55,0,0,0,155.8,0,0,57,3.709,3.704,3.7,0,0,0,7.212,98.78,2.08746561798,5.905512,6,P-GPS,
29700,2026-05-28 08:10:26,51.9886537640341,4.390098814534,5.905512,,,2.08746561798,5.249344,3.7580592,68.024280392,76.56824392,26,5,11.113,2.08746561798,5.905512,8.7016966,68.024280392,-3.579104,1.11847,0,162.4, -18.2, -2.2,,,0,0,1378,1024,1024,1024,54,0,0,0,155.8,0,0,57,3.709,3.704,3.7,0,0,0,7.212,98.78,2.08746561798,5.905512,6,P-GPS,
29800,2026-05-28 08:10:26,51.9886522520611,4.39009963422194,5.905512,,,2.08746561798,5.249344,4.250186,68.601708232,77.149608768,26,5,11.113,2.08746561798,5.905512,8.7016966,68.601708232,-4.026492,1.342164,0,162.3, -17, -2.5,,,0,0,1368,1024,1024,1024,52,0,0,0,155.8,0,0,57,3.709,3.704,3.7,0,0,0,7.212,98.78,2.08746561798,5.905512,6,P-GPS,
29900,2026-05-28 08:10:26,51.9886510221138,4.39010041039426,5.905512,,,2.08746561798,4.92126,4.4515106,69.082023208,77.63123608,26,5,11.113,2.08746561798,5.905512,8.7016966,69.082023208,-4.250186,1.342164,0,162.3, -16.6, -2,,,0,0,1357,1024,1024,1024,50,0,0,0,155.8,0,0,57,3.709,3.704,3.7,0,0,0,7.212,98.78,2.08746561798,5.905512,6,P-GPS,
30000,2026-05-28 08:10:27,51.9886492647819,4.39010139901125,5.905512,,,2.08746561798,4.92126,4.9436374,69.756891996,78.309713792,26,5,11.113,2.08746561798,5.905512,8.7016966,69.756891996,-4.697574,1.565858,0,162.5, -17, -1.2,,,0,0,1357,1024,1024,1024,50,0,0,0,155.8,0,0,57,3.709,3.704,3.7,0,0,0,7.212,98.78,2.08746561798,5.905512,6,P-GPS,
30100,2026-05-28 08:10:27,51.9886475492913,4.39010236859709,5.905512,,,2.08746561798,4.92126,5.1673314,70.416340836,78.972443472,26,5,11.103,2.08746561798,5.905512,8.7016966,70.416340836,-4.921268,1.565858,0,162.5, -17, -1.3,,,0,0,1356,1024,1024,1024,50,0,0,0,155.8,0,0,57,3.707,3.702,3.697,0,0,0,7.027,98.78,2.08746561798,5.905512,6,P-GPS,
30200,2026-05-28 08:10:27,51.988645519563,4.39010345065856,5.905512,,,2.08746561798,5.249344,5.59235,71.189962908,79.751971056,26,5,11.103,2.08746561798,5.905512,8.7016966,71.189962908,-5.368656,1.565858,0,162.5, -16.6, -0.8,,,0,0,1356,1024,1024,1024,50,0,0,0,155.8,0,0,57,3.707,3.702,3.697,0,0,0,7.027,98.78,2.08746561798,5.905512,6,P-GPS,
30300,2026-05-28 08:10:27,51.9886434257022,4.39010452021345,5.905512,,,2.08746561798,4.92126,6.0173686,71.984254272,80.5528241,26,5,11.103,2.08746561798,5.905512,8.7016966,71.984254272,-5.816044,1.565858,0,162.5, -15.2, -1.9,,,0,0,1354,1024,1024,1024,50,0,0,0,155.8,0,0,57,3.707,3.702,3.697,0,0,0,7.027,98.78,2.08746561798,5.905512,6,P-GPS,
30400,2026-05-28 08:10:27,51.9886411249483,4.39010568080614,5.905512,,,2.08746561798,4.92126,6.3081708,72.855645376,81.431761136,26,5,11.103,2.08746561798,5.905512,8.7016966,72.855645376,-6.039738,1.789552,0,162.5, -13.7, -2.6,,,0,0,1354,1024,1024,1024,50,0,0,0,155.8,0,0,57,3.707,3.702,3.697,0,0,0,7.027,98.78,2.08746561798,5.905512,6,P-GPS,
30500,2026-05-28 08:10:27,51.9886384083523,4.3901072169158,5.905512,,,2.08746561798,4.92126,6.5094954,73.900264832,82.481301852,26,5,11.103,2.08746561798,5.905512,8.7016966,73.900264832,-6.263432,1.789552,0,162.1, -12.9, -3.6,,,0,0,1354,1024,1024,1024,50,0,0,0,155.8,0,0,57,3.707,3.702,3.697,0,0,0,7.027,98.78,2.08746561798,5.905512,6,P-GPS,
30600,2026-05-28 08:10:27,51.9886358990434,4.39010853547521,5.905512,,,2.08746561798,4.92126,6.8002976,74.85564544,83.443572224,26,5,11.103,2.08746561798,5.905512,8.7016966,74.85564544,-6.487126,2.013246,0,162.1, -12.1, -3.4,,,0,0,1354,1024,1024,1024,50,0,0,0,155.8,0,0,57,3.707,3.702,3.697,0,0,0,7.027,98.78,2.08746561798,5.905512,6,P-GPS,
30700,2026-05-28 08:10:27,51.9886338531921,4.39011007083364,5.905512,,,2.08746561798,4.92126,7.0016222,75.678152028,84.265750728,26,5,11.103,2.08746561798,5.905512,8.7016966,75.678152028,-6.71082,2.013246,0,162.2, -11.6, -3.3,,,0,0,1357,1024,1024,1024,50,0,0,0,155.8,0,0,57,3.707,3.702,3.697,0,0,0,7.027,98.78,2.08746561798,5.905512,6,P-GPS,
30800,2026-05-28 08:10:27,51.9886312944517,4.3901115475406,5.905512,,,2.08746561798,4.92126,7.0687304,76.6650287,85.256564408,26,5,11.103,2.08746561798,5.905512,8.7016966,76.6650287,-6.71082,2.23694,0,162.4, -12, -2.2,,,0,0,1355,1024,1024,1024,50,0,0,0,155.8,0,0,57,3.707,3.702,3.697,0,0,0,7.027,98.78,2.08746561798,5.905512,6,P-GPS,
30900,2026-05-28 08:10:27,51.9886283425545,4.3901133111195,5.905512,,,2.08746561798,4.92126,7.0687304,77.809385692,86.40420224,26,5,11.103,2.08746561798,5.905512,8.7016966,77.809385692,-6.71082,2.23694,0,162.4, -12.9, -1.6,,,0,0,1355,1024,1024,1024,50,0,0,0,155.8,0,0,57,3.707,3.702,3.697,0,0,0,7.027,98.78,2.08746561798,5.905512,6,P-GPS,
31000,2026-05-28 08:10:28,51.9886256926612,4.39011491148701,5.905512,,,2.08746561798,4.92126,7.2924244,78.838257116,87.435698336,26,5,11.103,2.08746561798,5.905512,8.7016966,78.838257116,-6.934514,2.23694,0,162.2, -13, -1.4,,,0,0,1355,1024,1024,1024,50,0,0,0,155.8,0,0,57,3.707,3.702,3.697,0,0,0,7.027,98.78,2.08746561798,5.905512,6,P-GPS,
31100,2026-05-28 08:10:28,51.9886228344355,4.39011670681228,5.905512,,,2.08746561798,4.92126,7.3595326,79.954726968,88.553808608,26,5,11.104,2.08746561798,5.905512,8.7016966,79.954726968,-6.934514,2.460634,0,162.1, -13.3, -0.7,,,0,0,1355,1024,1024,1024,50,0,0,0,155.8,0,0,57,3.708,3.703,3.701,0,0,0,7.047,98.78,2.08746561798,5.905512,6,P-GPS,
31200,2026-05-28 08:10:28,51.988620094126,4.39011840520121,5.905512,,,2.08746561798,4.92126,7.5608572,81.022640388,89.624018616,26,5,11.104,2.08746561798,5.905512,8.7016966,81.022640388,-7.158208,2.460634,0,162.1, -14, -0.8,,,0,0,1354,1024,1024,1024,50,0,0,0,155.8,0,0,57,3.708,3.703,3.701,0,0,0,7.047,98.78,2.08746561798,5.905512,6,P-GPS,
31300,2026-05-28 08:10:28,51.9886169952019,4.39012010794448,5.905512,,,2.08746561798,4.92126,7.5608572,82.210632552,90.817588208,26,5,11.104,2.08746561798,5.905512,8.7016966,82.210632552,-7.158208,2.460634,0,162.1, -13.9, -0.3,,,0,0,1352,1024,1024,1024,50,0,0,0,155.8,0,0,57,3.708,3.703,3.701,0,0,0,7.047,98.78,2.08746561798,5.905512,6,P-GPS,
31400,2026-05-28 08:10:28,51.9886141234404,4.39012183947092,5.905512,,,2.08746561798,4.92126,7.7845512,83.325790068,91.935370396,26,5,11.104,2.08746561798,5.905512,8.7016966,83.325790068,-7.381902,2.460634,0,162.1, -13.6, -0.7,,,0,0,1352,1024,1024,1024,50,0,0,0,155.8,0,0,57,3.708,3.703,3.701,0,0,0,7.047,98.78,2.08746561798,5.905512,6,P-GPS,
31500,2026-05-28 08:10:28,51.9886110009227,4.39012368713176,5.905512,,,2.08746561798,4.92126,7.9858758,84.535107692,93.147640776,26,5,11.104,2.08746561798,5.905512,8.7016966,84.535107692,-7.605596,2.460634,0,162, -13.8, -1,,,0,0,1348,1024,1024,1024,49,0,0,0,155.8,0,0,57,3.708,3.703,3.701,0,0,0,7.047,98.78,2.08746561798,5.905512,6,P-GPS,
31600,2026-05-28 08:10:28,51.9886080126329,4.39012546160346,5.905512,,,2.08746561798,4.92126,7.9858758,85.693244212,94.308730052,26,5,11.104,2.08746561798,5.905512,8.7016966,85.693244212,-7.605596,2.460634,0,162.2, -13.7, -1.4,,,0,0,1344,1024,1024,1024,48,0,0,0,155.8,0,0,57,3.708,3.703,3.701,0,0,0,7.047,98.78,2.08746561798,5.905512,6,P-GPS,
31700,2026-05-28 08:10:28,51.9886047695261,4.39012740768919,5.905512,,,2.08746561798,4.92126,8.2095698,86.951774436,95.570213032,26,5,11.104,2.08746561798,5.905512,8.7016966,86.951774436,-7.82929,2.460634,0,162.2, -13.7, -1,,,0,0,1328,1024,1024,1024,46,0,0,0,155.8,0,0,57,3.708,3.703,3.701,0,0,0,7.047,98.78,2.08746561798,5.905512,6,P-GPS,
31800,2026-05-28 08:10:28,51.9886016674322,4.39012924778209,5.905512,,,2.08746561798,4.92126,8.276678,88.153874212,96.77493748,26,5,11.104,2.08746561798,5.905512,8.7016966,88.153874212,-7.82929,2.684328,0,162, -12.1, -0.6,,,0,0,1318,1024,1024,1024,45,0,0,0,155.8,0,0,57,3.708,3.703,3.701,0,0,0,7.047,98.78,2.08746561798,5.905512,6,P-GPS,
31900,2026-05-28 08:10:28,51.9885983843347,4.39013125022385,5.905512,,,2.08746561798,4.92126,8.4780026,89.431433308,98.05446508,26,5,11.104,2.08746561798,5.905512,8.7016966,89.431433308,-8.052984,2.684328,0,162, -10.6, -0.9,,,0,0,1318,1024,1024,1024,45,0,0,0,155.8,0,0,57,3.708,3.703,3.701,0,0,0,7.047,98.78,2.08746561798,5.905512,6,P-GPS,
32000,2026-05-28 08:10:29,51.9885951989182,4.39013311277013,5.905512,,,2.08746561798,4.92126,8.4108944,90.663388728,99.28970134,26,5,11.104,2.08746561798,5.905512,8.7016966,90.663388728,-8.052984,2.460634,0,162, -9.3, -1.4,,,0,0,1289,1024,1024,1024,40,0,0,0,155.8,0,0,57,3.708,3.703,3.701,0,0,0,7.047,98.78,2.08746561798,5.905512,6,P-GPS,
32100,2026-05-28 08:10:29,51.9885920750299,4.3901351284975,5.905512,,,2.08746561798,4.92126,8.4108944,91.888782468,100.516079332,26,5,11.103,2.08746561798,5.905512,8.7016966,91.888782468,-8.052984,2.460634,0,162, -8.2, -1.5,,,0,0,1024,1024,1024,1024,0,0,0,0,155.8,0,0,57,3.704,3.698,3.696,0,0,0,6.907,98.78,2.08746561798,5.905512,6,P-GPS,
32200,2026-05-28 08:10:29,51.9885889190154,4.39013698339235,5.905512,,,2.08746561798,4.92126,8.2095698,93.110567284,101.740816904,26,5,11.103,2.08746561798,5.905512,8.7016966,93.110567284,-7.82929,2.460634,0,161.8, 6.6, -1.4,,,0,0,831,1024,1024,1024,-29,0,0,0,155.8,0,0,57,3.704,3.698,3.696,0,0,0,6.907,98.78,2.08746561798,5.905512,6,P-GPS,
32300,2026-05-28 08:10:29,51.9885858235356,4.39013868961339,6.233596,,,2.41554961798,4.92126,7.493749,94.298559448,102.933402244,26,5,11.103,2.41554961798,6.233596,8.7016966,94.298559448,-7.158208,2.23694,-0.223694,161.1, 22.4, -1.5,,,0,0,364,1024,1024,1024,-100,0,0,0,155.8,0,0,57,3.704,3.698,3.696,0,0,0,6.907,98.78,2.41554961798,6.233596,6,P-GPS,
32400,2026-05-28 08:10:29,51.988583247456,4.39014021764016,6.233596,,,2.41554961798,4.92126,6.3081708,95.297247144,103.934058444,26,5,11.103,2.41554961798,6.233596,8.7016966,95.297247144,-6.039738,1.789552,-0.223694,161.2, 24.4, -1.2,,,0,0,1024,1024,1024,1024,0,0,0,0,155.8,0,0,57,3.704,3.698,3.696,0,0,0,6.907,98.78,2.41554961798,6.233596,6,P-GPS,
32500,2026-05-28 08:10:29,51.9885808906574,4.39014159498991,6.233596,,,2.41554961798,4.92126,5.1673314,96.20899258,104.848100468,26,5,11.103,2.41554961798,6.233596,8.7016966,96.20899258,-4.921268,1.565858,-0.223694,161.3, 20.2, 0.5,,,0,0,1024,1024,1024,1024,0,0,0,0,155.8,0,0,57,3.704,3.698,3.696,0,0,0,6.907,98.78,2.41554961798,6.233596,6,P-GPS,
32600,2026-05-28 08:10:29,51.988579094209,4.39014265227455,6.233596,,,2.41554961798,4.92126,4.3844024,96.904858744,105.545278968,26,5,11.103,2.41554961798,6.233596,8.7016966,96.904858744,-4.250186,1.11847,0,161.5, 16.7, -0.9,,,0,0,1024,1024,1024,1024,0,0,0,0,155.8,0,0,57,3.704,3.698,3.696,0,0,0,6.907,98.78,2.41554961798,6.233596,6,P-GPS,
32700,2026-05-28 08:10:29,51.9885775482769,4.39014346924952,6.233596,,,2.41554961798,5.249344,3.467257,97.49508186,106.138126756,26,5,11.103,2.41554961798,6.233596,8.7016966,97.49508186,-3.35541,0.894776,0,161.2, 16.4, -3.1,,,0,0,1024,1024,1024,1024,0,0,0,0,155.8,0,0,57,3.704,3.698,3.696,0,0,0,6.907,98.78,2.41554961798,6.233596,6,P-GPS,
32800,2026-05-28 08:10:29,51.9885763303238,4.39014419735695,6.233596,,,2.41554961798,4.92126,2.7738056,97.967850904,106.611880052,26,5,11.103,2.41554961798,6.233596,8.7016966,97.967850904,-2.684328,0.671082,0,160.2, 15.7, -4.7,,,0,0,1024,1024,1024,1024,0,0,0,0,155.8,0,0,57,3.704,3.698,3.696,0,0,0,6.907,98.78,2.41554961798,6.233596,6,P-GPS,
32900,2026-05-28 08:10:29,51.9885739749985,4.39014513618404,6.233596,,,2.41554961798,4.92126,2.0579848,98.839898176,107.4967226,26,5,11.103,2.41554961798,6.233596,8.7016966,98.839898176,-2.013246,0.447388,0.223694,159.7, 13.7, -3.6,,,0,0,1024,1024,1024,1024,0,0,0,0,155.8,0,0,57,3.704,3.698,3.696,0,0,0,6.907,98.78,2.41554961798,6.233596,6,P-GPS,
33000,2026-05-28 08:10:30,51.9885732241869,4.39014567585829,6.233596,,,2.41554961798,4.92126,1.3645334,99.139438868,107.796263292,26,5,11.103,2.41554961798,6.233596,8.7016966,99.139438868,-1.342164,0.223694,0.223694,159.6, 9.1, -2.6,,,0,0,1024,1024,1024,1024,0,0,0,0,155.8,0,0,57,3.704,3.698,3.696,0,0,0,6.907,98.78,2.41554961798,6.233596,6,P-GPS,
33100,2026-05-28 08:10:30,51.9885717649869,4.39014641846167,6.233596,,,2.41554961798,4.92126,0.9171454,99.694228912,108.354006092,26,5,11.122,2.41554961798,6.233596,8.7016966,99.694228912,-0.894776,0.223694,0.223694,159.7, 4.5, -2.3,,,0,0,1024,1024,1024,1024,0,0,0,0,155.8,0,0,57,3.717,3.707,3.704,0,0,0,6.914,98.78,2.41554961798,6.233596,6,P-GPS,
33200,2026-05-28 08:10:30,51.988571293802,4.39014679012504,6.233596,,,2.41554961798,4.92126,0.671082,99.8851738,108.545279064,26,5,11.122,2.41554961798,6.233596,8.7016966,99.8851738,-0.671082,0,0,160, 0.4, -1.7,,,0,0,1024,1024,1024,1024,0,0,0,0,155.8,0,0,57,3.717,3.707,3.704,0,0,0,6.914,98.78,2.41554961798,6.233596,6,P-GPS,
33300,2026-05-28 08:10:30,51.9885706285231,4.3901467367321,5.905512,,,2.08746561798,4.92126,0.447388,100.103021576,108.788389308,26,5,11.122,2.41554961798,6.233596,8.7016966,100.103021576,-0.447388,0,0,160.6, -0.5, -1.2,,,0,0,1024,1024,1024,1024,0,0,0,0,155.8,0,0,57,3.717,3.707,3.704,0,0,0,6.914,98.78,2.08746561798,5.905512,6,P-GPS,
33400,2026-05-28 08:10:30,51.9885702576405,4.39014693533464,5.905512,,,2.08746561798,4.92126,0.223694,100.245081948,108.930777764,26,5,11.122,2.41554961798,6.233596,8.7016966,100.245081948,-0.223694,0,0,160.8, -0.8, -2.2,,,0,0,1024,1024,1024,1024,0,0,0,0,155.8,0,0,57,3.717,3.707,3.704,0,0,0,6.914,98.78,2.08746561798,5.905512,6,P-GPS,
33500,2026-05-28 08:10:30,51.9885697596065,4.3901466497147,5.905512,,,2.08746561798,4.92126,0.223694,100.386486152,109.123363072,26,5,11.122,2.41554961798,6.233596,8.7016966,100.386486152,-0.223694,0,0,161.1, -2.3, -3.3,,,0,0,1024,1024,1024,1024,0,0,0,0,155.8,0,0,57,3.717,3.707,3.704,0,0,0,6.914,98.78,2.08746561798,5.905512,6,P-GPS,
33600,2026-05-28 08:10:30,51.9885694548784,4.39014675350945,5.905512,,,2.08746561798,4.92126,0,100.497706628,109.23720822,26,5,11.122,2.41554961798,6.233596,8.7016966,100.497706628,0,0,0,161.1, -2.6, -3.1,,,0,0,1024,1024,1024,1024,0,0,0,0,155.8,0,0,57,3.717,3.707,3.704,0,0,0,6.914,98.78,2.08746561798,5.905512,6,P-GPS,
33700,2026-05-28 08:10:30,51.9885694027225,4.39014652254839,5.905512,,,2.08746561798,4.92126,0,100.494753872,109.292326332,26,5,11.122,2.41554961798,6.233596,8.7016966,100.497706628,0,0,0,161.2, -2.5, -2.8,,,0,0,1024,1024,1024,1024,0,0,0,0,155.8,0,0,57,3.717,3.707,3.704,0,0,0,6.914,98.78,2.08746561798,5.905512,6,P-GPS,
33800,2026-05-28 08:10:30,51.9885691710366,4.39014662696917,5.905512,,,2.08746561798,4.92126,0,100.581696132,109.37992476,26,5,11.122,2.41554961798,6.233596,8.7016966,100.581696132,0,0,0,161.3, -3.4, -3.2,,,0,0,1024,1024,1024,1024,0,0,0,0,155.8,0,0,57,3.717,3.707,3.704,0,0,0,6.914,98.78,2.08746561798,5.905512,6,P-GPS,
33900,2026-05-28 08:10:30,51.9885695036418,4.39014629551039,5.905512,,,2.08746561798,4.92126,0,100.440620012,109.522313216,26,5,11.122,2.41554961798,6.233596,8.7016966,100.581696132,0,0,0,161.6, -5, -3.1,,,0,0,1024,1024,1024,1024,0,0,0,0,155.8,0,0,57,3.717,3.707,3.704,0,0,0,6.914,98.78,2.08746561798,5.905512,6,P-GPS,
34000,2026-05-28 08:10:31,51.9885693369623,4.39014638332068,5.905512,,,2.08746561798,4.92126,0,100.504268308,109.586289596,26,5,11.122,2.41554961798,6.233596,8.7016966,100.581696132,0,0,0,161.9, -5.7, -2.8,,,0,0,1024,1024,1024,1024,0,0,0,0,155.8,0,0,57,3.717,3.707,3.704,0,0,0,6.914,98.78,2.08746561798,5.905512,6,P-GPS,
34100,2026-05-28 08:10:31,51.9885696626796,4.39014585523476,5.905512,,,2.08746561798,4.92126,0,100.348428408,109.754268604,26,5,11.106,2.41554961798,6.233596,8.7016966,100.581696132,0,0,0,162, -5.8, -2.6,,,0,0,1024,1024,1024,1024,0,0,0,0,155.8,0,0,57,3.705,3.701,3.698,0,0,0,6.761,98.78,2.08746561798,5.905512,6,P-GPS,
34200,2026-05-28 08:10:31,51.9885695083537,4.39014592811786,5.905512,,,2.08746561798,4.92126,0,100.406499276,109.81299564,26,5,11.106,2.41554961798,6.233596,8.7016966,100.581696132,0,0,0,161.9, -5.4, -2.5,,,0,0,1024,1024,1024,1024,0,0,0,0,155.8,0,0,57,3.705,3.701,3.698,0,0,0,6.761,98.78,2.08746561798,5.905512,6,P-GPS,
34300,2026-05-28 08:10:31,51.9885698227283,4.39014545092072,5.905512,,,2.08746561798,4.92126,0,100.258861476,109.969819792,26,5,11.106,2.41554961798,6.233596,8.7016966,100.581696132,0,0,0,161.9, -5.2, -2.6,,,0,0,1024,1024,1024,1024,0,0,0,0,155.8,0,0,57,3.705,3.701,3.698,0,0,0,6.761,98.78,2.08746561798,5.905512,6,P-GPS,
34400,2026-05-28 08:10:31,51.988569688809,4.3901454910419,5.905512,,,2.08746561798,4.92126,0,100.307417908,110.01968856,26,5,11.106,2.41554961798,6.233596,8.7016966,100.581696132,0,0,0,162, -5.2, -2.7,,,0,0,1024,1024,1024,1024,0,0,0,0,155.8,0,0,57,3.705,3.701,3.698,0,0,0,6.761,98.78,2.08746561798,5.905512,6,P-GPS,
34500,2026-05-28 08:10:31,51.9885700319002,4.39014506836448,5.905512,,,2.08746561798,4.92126,0,100.154858848,110.176840796,26,5,11.106,2.41554961798,6.233596,8.7016966,100.581696132,0,0,0,161.9, -5.1, -2.7,,,0,0,1024,1024,1024,1024,0,0,0,0,155.8,0,0,57,3.705,3.701,3.698,0,0,0,6.761,98.78,2.08746561798,5.905512,6,P-GPS,
34600,2026-05-28 08:10:31,51.9885699315978,4.39014507836696,5.905512,,,2.08746561798,4.92126,0,100.189307668,110.213586204,26,5,11.106,2.41554961798,6.233596,8.7016966,100.581696132,0,0,0,161.9, -5.4, -2.5,,,0,0,1024,1024,1024,1024,0,0,0,0,155.8,0,0,57,3.705,3.701,3.698,0,0,0,6.761,98.78,2.08746561798,5.905512,6,P-GPS,
34700,2026-05-28 08:10:31,51.9885702582233,4.39014480446064,5.905512,,,2.08746561798,4.92126,0,100.05577748,110.347444476,26,5,11.106,2.41554961798,6.233596,8.7016966,100.581696132,0,0,0,162, -5.4, -2.4,,,0,0,1024,1024,1024,1024,0,0,0,0,155.8,0,0,57,3.705,3.701,3.698,0,0,0,6.761,98.78,2.08746561798,5.905512,6,P-GPS,
34800,2026-05-28 08:10:31,51.9885701817371,4.39014479444427,5.905512,,,2.08746561798,4.92126,0,100.08038378,110.3756597,26,5,11.106,2.41554961798,6.233596,8.7016966,100.581696132,0,0,0,162, -5.3, -2.4,,,0,0,1024,1024,1024,1024,0,0,0,0,155.8,0,0,57,3.705,3.701,3.698,0,0,0,6.761,98.78,2.08746561798,5.905512,6,P-GPS,
34900,2026-05-28 08:10:32,51.9885704659559,4.39014452133091,5.905512,,,2.08746561798,4.92126,0,99.960961204,110.496066528,26,5,11.106,2.41554961798,6.233596,8.7016966,100.581696132,0,0,0,161.9, -5.3, -2.3,,,0,0,1024,1024,1024,1024,0,0,0,0,155.8,0,0,57,3.705,3.701,3.698,0,0,0,6.761,98.78,2.08746561798,5.905512,6,P-GPS,
35000,2026-05-28 08:10:32,51.9885704148623,4.39014448472938,5.905512,,,2.08746561798,4.92126,0,99.974740732,110.516407736,26,5,11.106,2.41554961798,6.233596,8.7016966,100.581696132,0,0,0,161.9, -5.2, -2.3,,,0,0,1024,1024,1024,1024,0,0,0,0,155.8,0,0,57,3.705,3.701,3.698,0,0,0,6.761,98.78,2.08746561798,5.905512,6,P-GPS,
35100,2026-05-28 08:10:32,51.9885706591589,4.39014440118998,5.905512,,,2.08746561798,4.92126,0,99.885501884,110.607615088,26,5,11.1,2.41554961798,6.233596,8.7016966,100.581696132,0,0,0,161.9, -5.1, -2,,,0,0,1024,1024,1024,1024,0,0,0,0,155.8,0,0,57,3.705,3.7,3.697,0,0,0,6.823,98.78,2.08746561798,5.905512,6,P-GPS,
35200,2026-05-28 08:10:32,51.9885706396947,4.3901443492439,5.905512,,,2.08746561798,4.92126,0,99.887470388,110.621066532,26,5,11.1,2.41554961798,6.233596,8.7016966,100.581696132,0,0,0,162, -5.4, -1.9,,,0,0,1024,1024,1024,1024,0,0,0,0,155.8,0,0,57,3.705,3.7,3.697,0,0,0,6.823,98.78,2.08746561798,5.905512,6,P-GPS,
35300,2026-05-28 08:10:32,51.988570699201,4.39014440178816,5.905512,,,2.08746561798,4.92126,0,99.87205044,110.646000916,26,5,11.1,2.41554961798,6.233596,8.7016966,100.581696132,0,0,0,161.9, -5.4, -2.2,,,0,0,1024,1024,1024,1024,0,0,0,0,155.8,0,0,57,3.705,3.7,3.697,0,0,0,6.823,98.78,2.08746561798,5.905512,6,P-GPS,
35400,2026-05-28 08:10:32,51.9885706816901,4.39014433428888,5.905512,,,2.08746561798,4.92126,0,99.87205044,110.662405116,26,5,11.1,2.41554961798,6.233596,8.7016966,100.581696132,0,0,0,161.8, -5.4, -2.6,,,0,0,1024,1024,1024,1024,0,0,0,0,155.8,0,0,57,3.705,3.7,3.697,0,0,0,6.823,98.78,2.08746561798,5.905512,6,P-GPS,
35500,2026-05-28 08:10:32,51.9885708886517,4.39014437575949,5.905512,,,2.08746561798,4.92126,0,99.80643364,110.738520604,26,5,11.1,2.41554961798,6.233596,8.7016966,100.581696132,0,0,0,161.7, -5.2, -2.9,,,0,0,1024,1024,1024,1024,0,0,0,0,155.8,0,0,57,3.705,3.7,3.697,0,0,0,6.823,98.78,2.08746561798,5.905512,6,P-GPS,
35600,2026-05-28 08:10:32,51.9885708919072,4.39014432893292,5.905512,,,2.08746561798,4.92126,0,99.801184296,110.749019292,26,5,11.1,2.41554961798,6.233596,8.7016966,100.581696132,0,0,0,161.8, -5.2, -2.4,,,0,0,1024,1024,1024,1024,0,0,0,0,155.8,0,0,57,3.705,3.7,3.697,0,0,0,6.823,98.78,2.08746561798,5.905512,6,P-GPS,
35700,2026-05-28 08:10:32,51.9885708844367,4.39014441215237,5.905512,,,2.08746561798,4.92126,0,99.811026816,110.768048164,26,5,11.1,2.41554961798,6.233596,8.7016966,100.581696132,0,0,0,162, -5.3, -1.7,,,0,0,1024,1024,1024,1024,0,0,0,0,155.8,0,0,57,3.705,3.7,3.697,0,0,0,6.823,98.78,2.08746561798,5.905512,6,P-GPS,
35800,2026-05-28 08:10:32,51.9885708760068,4.390144380879,5.905512,,,2.08746561798,4.92126,0,99.811026816,110.775594096,26,5,11.1,2.41554961798,6.233596,8.7016966,100.581696132,0,0,0,162, -4.6, -1.9,,,0,0,1024,1024,1024,1024,0,0,0,0,155.8,0,0,57,3.705,3.7,3.697,0,0,0,6.823,98.78,2.08746561798,5.905512,6,P-GPS,
35900,2026-05-28 08:10:32,51.9885708508198,4.39014434316453,5.905512,,,2.08746561798,4.92126,0,99.81627616,110.788061288,26,5,11.1,2.41554961798,6.233596,8.7016966,100.581696132,0,0,0,161.8, -4.2, -1.8,,,0,0,1024,1024,1024,1024,0,0,0,0,155.8,0,0,57,3.705,3.7,3.697,0,0,0,6.823,98.78,2.08746561798,5.905512,6,P-GPS,
36000,2026-05-28 08:10:33,51.9885708358961,4.39014428779619,5.905512,,,2.08746561798,4.92126,0,99.81627616,110.801512732,26,5,11.1,2.41554961798,6.233596,8.7016966,100.581696132,0,0,0,161.7, -4.6, -2.1,,,0,0,1024,1024,1024,1024,0,0,0,0,155.8,0,0,57,3.705,3.7,3.697,0,0,0,6.823,98.78,2.08746561798,5.905512,6,P-GPS,
36100,2026-05-28 08:10:33,51.9885708158835,4.39014435857862,5.905512,,,2.08746561798,4.92126,0,99.829071436,110.819229268,26,5,11.1,2.41554961798,6.233596,8.7016966,100.581696132,0,0,0,161.7, -4.7, -2.4,,,0,0,1024,1024,1024,1024,0,0,0,0,155.8,0,0,57,3.704,3.699,3.696,0,0,0,6.835,98.78,2.08746561798,5.905512,6,P-GPS,
36200,2026-05-28 08:10:33,51.9885708039069,4.390144309554,5.905512,,,2.08746561798,4.92126,0,99.829071436,110.831040292,26,5,11.1,2.41554961798,6.233596,8.7016966,100.581696132,0,0,0,161.9, -4.8, -2.3,,,0,0,1024,1024,1024,1024,0,0,0,0,155.8,0,0,57,3.704,3.699,3.696,0,0,0,6.835,98.78,2.08746561798,5.905512,6,P-GPS,
36300,2026-05-28 08:10:33,51.9885708192932,4.3901445125666,5.905512,,,2.08746561798,4.92126,0,99.841538628,110.876972052,26,5,11.1,2.41554961798,6.233596,8.7016966,100.581696132,0,0,0,161.9, -4.4, -2.1,,,0,0,1024,1024,1024,1024,0,0,0,0,155.8,0,0,57,3.704,3.699,3.696,0,0,0,6.835,98.78,2.08746561798,5.905512,6,P-GPS,
36400,2026-05-28 08:10:33,51.9885708174599,4.39014449103138,5.905512,,,2.08746561798,4.92126,0,99.840226292,110.881893312,26,5,11.1,2.41554961798,6.233596,8.7016966,100.581696132,0,0,0,161.9, -4.2, -1.8,,,0,0,1024,1024,1024,1024,0,0,0,0,155.8,0,0,57,3.704,3.699,3.696,0,0,0,6.835,98.78,2.08746561798,5.905512,6,P-GPS,
36500,2026-05-28 08:10:33,51.9885708658635,4.39014471356201,5.905512,,,2.08746561798,4.92126,0,99.843835216,110.934714836,26,5,11.1,2.41554961798,6.233596,8.7016966,100.581696132,0,0,0,161.9, -4.3, -1.7,,,0,0,1024,1024,1024,1024,0,0,0,0,155.8,0,0,57,3.704,3.699,3.696,0,0,0,6.835,98.78,2.08746561798,5.905512,6,P-GPS,
36600,2026-05-28 08:10:33,51.9885708795192,4.39014470098588,5.905512,,,2.08746561798,4.92126,0,99.838257788,110.940620348,26,5,11.1,2.41554961798,6.233596,8.7016966,100.581696132,0,0,0,161.8, -4.3, -1.4,,,0,0,1024,1024,1024,1024,0,0,0,0,155.8,0,0,57,3.704,3.699,3.696,0,0,0,6.835,98.78,2.08746561798,5.905512,6,P-GPS,
36700,2026-05-28 08:10:33,51.9885707429612,4.39014471957182,5.905512,,,2.08746561798,4.92126,0,99.885501884,110.990489116,26,5,11.1,2.41554961798,6.233596,8.7016966,100.581696132,0,0,0,161.8, -4.6, -2,,,0,0,1024,1024,1024,1024,0,0,0,0,155.8,0,0,57,3.704,3.699,3.696,0,0,0,6.835,98.78,2.08746561798,5.905512,6,P-GPS,
36800,2026-05-28 08:10:33,51.9885707388834,4.39014469053823,5.905512,,,2.08746561798,4.92126,0,99.884517632,110.99737888,26,5,11.1,2.41554961798,6.233596,8.7016966,100.581696132,0,0,0,161.9, -4.9, -2.3,,,0,0,1024,1024,1024,1024,0,0,0,0,155.8,0,0,57,3.704,3.699,3.696,0,0,0,6.835,98.78,2.08746561798,5.905512,6,P-GPS,
36900,2026-05-28 08:10:33,51.9885707546124,4.39014483655483,5.905512,,,2.08746561798,4.92126,0,99.892063564,111.030515364,26,5,11.1,2.41554961798,6.233596,8.7016966,100.581696132,0,0,0,162, -4.6, -1.9,,,0,0,1024,1024,1024,1024,0,0,0,0,155.8,0,0,57,3.704,3.699,3.696,0,0,0,6.835,98.78,2.08746561798,5.905512,6,P-GPS,
37000,2026-05-28 08:10:34,51.98857074805,4.39014483932325,5.905512,,,2.08746561798,4.92126,0,99.894360152,111.033140036,26,5,11.1,2.41554961798,6.233596,8.7016966,100.581696132,0,0,0,161.9, -4.4, -1.9,,,0,0,1024,1024,1024,1024,0,0,0,0,155.8,0,0,57,3.704,3.699,3.696,0,0,0,6.835,98.78,2.08746561798,5.905512,6,P-GPS,
37100,2026-05-28 08:10:34,51.9885707341201,4.3901450028407,5.905512,,,2.08746561798,4.92126,0,99.913717108,111.070213528,26,5,11.1,2.41554961798,6.233596,8.7016966,100.581696132,0,0,0,162, -4.4, -1.7,,,0,0,1024,1024,1024,1024,0,0,0,0,155.8,0,0,57,3.705,3.701,3.697,0,0,0,6.745,98.78,2.08746561798,5.905512,6,P-GPS,
37200,2026-05-28 08:10:34,51.9885707346855,4.39014502728346,5.905512,,,2.08746561798,4.92126,0,99.915685612,111.075790956,26,5,11.1,2.41554961798,6.233596,8.7016966,100.581696132,0,0,0,161.9, -4.2, -1.3,,,0,0,1024,1024,1024,1024,0,0,0,0,155.8,0,0,57,3.705,3.701,3.697,0,0,0,6.745,98.78,2.08746561798,5.905512,6,P-GPS,
37300,2026-05-28 08:10:34,51.9885705862879,4.3901450535069,5.905512,,,2.08746561798,4.92126,0,99.967522884,111.1302529,26,5,11.1,2.41554961798,6.233596,8.7016966,100.581696132,0,0,0,161.9, -3.9, -1.2,,,0,0,1024,1024,1024,1024,0,0,0,0,155.8,0,0,57,3.705,3.701,3.697,0,0,0,6.745,98.78,2.08746561798,5.905512,6,P-GPS,
37400,2026-05-28 08:10:34,51.9885705783035,4.3901450770454,5.905512,,,2.08746561798,4.92126,0,99.972444144,111.136158412,26,5,11.1,2.41554961798,6.233596,8.7016966,100.581696132,0,0,0,161.8, -4.1, -1.4,,,0,0,1024,1024,1024,1024,0,0,0,0,155.8,0,0,57,3.705,3.701,3.697,0,0,0,6.745,98.78,2.08746561798,5.905512,6,P-GPS,
37500,2026-05-28 08:10:34,51.9885704652362,4.39014522563566,5.905512,,,2.08746561798,4.92126,0,100.023625248,111.18930802,26,5,11.1,2.41554961798,6.233596,8.7016966,100.581696132,0,0,0,161.6, -3.9, -1.3,,,0,0,1024,1024,1024,1024,0,0,0,0,155.8,0,0,57,3.705,3.701,3.697,0,0,0,6.745,98.78,2.08746561798,5.905512,6,P-GPS,
37600,2026-05-28 08:10:34,51.9885704524885,4.39014527030593,5.905512,,,2.08746561798,4.92126,0,100.031827348,111.200134792,26,5,11.1,2.41554961798,6.233596,8.7016966,100.581696132,0,0,0,161.7, -3.8, -1.2,,,0,0,1024,1024,1024,1024,0,0,0,0,155.8,0,0,57,3.705,3.701,3.697,0,0,0,6.745,98.78,2.08746561798,5.905512,6,P-GPS,
37700,2026-05-28 08:10:34,51.9885705047301,4.39014520556114,5.905512,,,2.08746561798,4.92126,0,100.008533384,111.224413008,26,5,11.1,2.41554961798,6.233596,8.7016966,100.581696132,0,0,0,161.7, -4.1, -1.1,,,0,0,1024,1024,1024,1024,0,0,0,0,155.8,0,0,57,3.705,3.701,3.697,0,0,0,6.745,98.78,2.08746561798,5.905512,6,P-GPS,
37800,2026-05-28 08:10:34,51.9885704959061,4.39014521610615,5.905512,,,2.08746561798,4.92126,0,100.012470392,111.228350016,26,5,11.1,2.41554961798,6.233596,8.7016966,100.581696132,0,0,0,161.8, -4.5, -1.7,,,0,0,1024,1024,1024,1024,0,0,0,0,155.8,0,0,57,3.705,3.701,3.697,0,0,0,6.745,98.78,2.08746561798,5.905512,6,P-GPS,
37900,2026-05-28 08:10:34,51.9885705135369,4.39014529597289,5.905512,,,2.08746561798,4.92126,0,100.013454644,111.247378888,26,5,11.1,2.41554961798,6.233596,8.7016966,100.581696132,0,0,0,161.8, -4.6, -1.5,,,0,0,1024,1024,1024,1024,0,0,0,0,155.8,0,0,57,3.705,3.701,3.697,0,0,0,6.745,98.78,2.08746561798,5.905512,6,P-GPS,
38000,2026-05-28 08:10:35,51.9885704894808,4.390145314851,5.905512,,,2.08746561798,4.92126,0,100.023297164,111.257221408,26,5,11.1,2.41554961798,6.233596,8.7016966,100.581696132,0,0,0,162.1, -4.4, -1.5,,,0,0,1024,1024,1024,1024,0,0,0,0,155.8,0,0,57,3.705,3.701,3.697,0,0,0,6.745,98.78,2.08746561798,5.905512,6,P-GPS,
38100,2026-05-28 08:10:35,51.9885703065925,4.3901453830737,5.905512,,,2.08746561798,4.92126,0,100.090554384,111.32546288,26,5,11.098,2.41554961798,6.233596,8.7016966,100.581696132,0,0,0,162.1, -3.1, -1.3,,,0,0,1024,1024,1024,1024,0,0,0,0,155.8,0,0,57,3.704,3.7,3.696,0,0,0,6.866,98.78,2.08746561798,5.905512,6,P-GPS,
38200,2026-05-28 08:10:35,51.9885702622497,4.39014542387654,5.905512,,,2.08746561798,4.92126,0,100.109255172,111.344163668,26,5,11.098,2.41554961798,6.233596,8.7016966,100.581696132,0,0,0,161.8, -2.6, -0.7,,,0,0,1097,1024,1024,1024,11,0,0,0,155.8,0,0,57,3.704,3.7,3.696,0,0,0,6.866,98.78,2.08746561798,5.905512,6,P-GPS,
38300,2026-05-28 08:10:35,51.9885702906921,4.39014553458537,5.905512,,,2.08746561798,4.92126,0,100.109255172,111.371066556,26,5,11.098,2.41554961798,6.233596,8.7016966,100.581696132,0,0,0,161.6, -2.9, -1.5,,,0,0,1215,1024,1024,1024,29,0,0,0,155.8,0,0,57,3.704,3.7,3.696,0,0,0,6.866,98.78,2.08746561798,5.905512,6,P-GPS,
38400,2026-05-28 08:10:35,51.9885702852778,4.3901455450191,5.905512,,,2.08746561798,4.92126,0,100.112207928,111.374019312,26,5,11.098,2.41554961798,6.233596,8.7016966,100.581696132,0,0,0,161.7, -4.2, -1.8,,,0,0,1404,1024,1024,1024,58,0,0,0,155.8,0,0,57,3.704,3.7,3.696,0,0,0,6.866,98.78,2.08746561798,5.905512,6,P-GPS,
38500,2026-05-28 08:10:35,51.9885702371484,4.39014545809916,5.905512,,,2.08746561798,4.92126,0,100.120410028,111.400266032,26,5,11.098,2.41554961798,6.233596,8.7016966,100.581696132,0,0,0,161.7, -6.6, -1.5,,,0,0,1404,1024,1024,1024,58,0,0,0,155.8,0,0,57,3.704,3.7,3.696,0,0,0,6.866,98.78,2.08746561798,5.905512,6,P-GPS,
38600,2026-05-28 08:10:35,51.9885702124754,4.39014548226371,5.905512,,,2.08746561798,4.92126,0,100.130908716,111.41076472,26,5,11.098,2.41554961798,6.233596,8.7016966,100.581696132,0,0,0,161.9, -12, -1.7,,,0,0,1455,1024,1024,1024,65,0,0,0,155.8,0,0,57,3.704,3.7,3.696,0,0,0,6.866,98.78,2.08746561798,5.905512,6,P-GPS,
38700,2026-05-28 08:10:35,51.9885700597085,4.39014561585726,5.905512,,,2.08746561798,4.92126,0.447388,100.193900844,111.474084932,26,5,11.098,2.41554961798,6.233596,8.7016966,100.581696132,-0.447388,0,0,162.1, -18.3, -1.5,,,0,0,1489,1024,1024,1024,70,0,0,0,155.8,0,0,57,3.704,3.7,3.696,0,0,0,6.866,98.78,2.08746561798,5.905512,6,P-GPS,
38800,2026-05-28 08:10:35,51.9885697594178,4.39014580135518,5.905512,,,2.08746561798,4.92126,0.9171454,100.311026832,111.591539004,26,5,11.098,2.41554961798,6.233596,8.7016966,100.581696132,-0.894776,0.223694,0,162.3, -23, -1.8,,,0,0,1489,1024,1024,1024,70,0,0,0,155.8,0,0,57,3.704,3.7,3.696,0,0,0,6.866,98.78,2.08746561798,5.905512,6,P-GPS,
38900,2026-05-28 08:10:35,51.9885692529878,4.39014609657425,5.905512,,,2.08746561798,4.92126,1.6329662,100.507221064,111.787733236,26,5,11.098,2.41554961798,6.233596,8.7016966,100.581696132,-1.565858,0.447388,0,162.4, -25.7, -1.6,,,0,0,1494,1024,1024,1024,71,0,0,0,155.8,0,0,57,3.704,3.7,3.696,0,0,0,6.866,98.78,2.08746561798,5.905512,6,P-GPS,
39000,2026-05-28 08:10:36,51.988568419109,4.39014658985378,5.905512,,,2.08746561798,4.92126,2.3264176,100.830383804,112.111552144,26,5,11.098,2.41554961798,6.233596,8.7016966,100.830383804,-2.23694,0.671082,0,162.6, -26.4, -1.6,,,0,0,1503,1024,1024,1024,73,0,0,0,155.8,0,0,57,3.704,3.7,3.696,0,0,0,6.866,98.78,2.08746561798,5.905512,6,P-GPS,
39100,2026-05-28 08:10:36,51.9885674308204,4.39014730054365,5.905512,,,2.08746561798,4.92126,3.3330406,101.224740772,112.505909112,26,5,11.098,2.41554961798,6.233596,8.7016966,101.224740772,-3.131716,1.11847,0,162.5, -26.9, -1.2,,,0,0,1501,1024,1024,1024,72,0,0,0,155.8,0,0,57,3.703,3.699,3.693,0,0,0,6.801,98.78,2.08746561798,5.905512,6,P-GPS,
39200,2026-05-28 08:10:36,51.9885659976123,4.39014813657781,5.905512,,,2.08746561798,4.92126,4.026492,101.779202732,113.061683408,26,5,11.098,2.41554961798,6.233596,8.7016966,101.779202732,-3.802798,1.342164,0,162.5, -27.4, -1.4,,,0,0,1494,1024,1024,1024,71,0,0,0,155.8,0,0,57,3.703,3.699,3.693,0,0,0,6.801,98.78,2.08746561798,5.905512,6,P-GPS,
39300,2026-05-28 08:10:36,51.988564796467,4.39014896459885,5.905512,,,2.08746561798,4.92126,4.7423128,102.2555807,113.537733292,26,5,11.098,2.41554961798,6.233596,8.7016966,102.2555807,-4.47388,1.565858,0,162.4, -26.9, -0.9,,,0,0,1491,1024,1024,1024,71,0,0,0,155.8,0,0,57,3.703,3.699,3.693,0,0,0,6.801,98.78,2.08746561798,5.905512,6,P-GPS,
39400,2026-05-28 08:10:36,51.9885627852241,4.39015009220793,5.905512,,,2.08746561798,4.92126,5.6594582,103.02985894,114.313980036,26,5,11.098,2.41554961798,6.233596,8.7016966,103.02985894,-5.368656,1.789552,0,162.4, -26, -0.9,,,0,0,1491,1024,1024,1024,71,0,0,0,155.8,0,0,57,3.703,3.699,3.693,0,0,0,6.801,98.78,2.08746561798,5.905512,6,P-GPS,
39500,2026-05-28 08:10:36,51.9885611709289,4.39015101702532,5.905512,,,2.08746561798,4.92126,6.3081708,103.652890456,114.938323888,26,5,11.098,2.41554961798,6.233596,8.7016966,103.652890456,-6.039738,1.789552,0,162.2, -25.1, -1.7,,,0,0,1459,1024,1024,1024,66,0,0,0,155.8,0,0,57,3.703,3.699,3.693,0,0,0,6.801,98.78,2.08746561798,5.905512,6,P-GPS,
39600,2026-05-28 08:10:36,51.9885586719345,4.39015237443997,5.905512,,,2.08746561798,4.92126,6.8002976,104.61122382,115.899938092,26,5,11.098,2.41554961798,6.233596,8.7016966,104.61122382,-6.487126,2.013246,0,162.2, -24.2, -2.2,,,0,0,1458,1024,1024,1024,66,0,0,0,155.8,0,0,57,3.703,3.699,3.693,0,0,0,6.801,98.78,2.08746561798,5.905512,6,P-GPS,
39700,2026-05-28 08:10:36,51.9885565095033,4.39015380775654,5.905512,,,2.08746561798,4.92126,7.493749,105.463257968,116.75197224,26,5,11.098,2.41554961798,6.233596,8.7016966,105.463257968,-7.158208,2.23694,0,162.4, -23.8, -1.9,,,0,0,1456,1024,1024,1024,65,0,0,0,155.8,0,0,57,3.703,3.699,3.693,0,0,0,6.801,98.78,2.08746561798,5.905512,6,P-GPS,
39800,2026-05-28 08:10:36,51.9885536468912,4.39015539181965,5.905512,,,2.08746561798,4.92126,7.9858758,106.563651704,117.855318732,26,5,11.098,2.41554961798,6.233596,8.7016966,106.563651704,-7.605596,2.460634,0,162.6, -23.9, -1.8,,,0,0,1454,1024,1024,1024,65,0,0,0,155.8,0,0,57,3.703,3.699,3.693,0,0,0,6.801,98.78,2.08746561798,5.905512,6,P-GPS,
39900,2026-05-28 08:10:36,51.98855088758,4.39015703899988,5.905512,,,2.08746561798,4.92126,8.4108944,107.634845964,118.928153412,26,5,11.098,2.41554961798,6.233596,8.7016966,107.634845964,-8.052984,2.460634,0,162.6, -23.3, -1.8,,,0,0,1454,1024,1024,1024,65,0,0,0,155.8,0,0,57,3.703,3.699,3.693,0,0,0,6.801,98.78,2.08746561798,5.905512,6,P-GPS,
40000,2026-05-28 08:10:37,51.9885476637146,4.39015881898064,5.905512,,,2.08746561798,4.92126,8.9030212,108.874019232,120.170279436,26,5,11.098,2.41554961798,6.233596,8.9030212,108.874019232,-8.500372,2.684328,0,162.5, -22.8, -1.8,,,0,0,1452,1024,1024,1024,65,0,0,0,155.8,0,0,57,3.703,3.699,3.693,0,0,0,6.801,98.78,2.08746561798,5.905512,6,P-GPS,
40100,2026-05-28 08:10:37,51.9885444205563,4.39016096149879,5.905512,,,2.08746561798,4.92126,9.4175174,110.151250244,121.447838532,26,5,11.049,2.41554961798,6.233596,9.4175174,110.151250244,-8.94776,2.908022,0,162.4, -22.4, -2.1,,,0,0,1450,1024,1024,1024,65,0,0,0,155.8,0,0,56,3.691,3.687,3.682,0,0,0,8.314,98.78,2.08746561798,5.905512,6,P-GPS,
40200,2026-05-28 08:10:37,51.9885408744689,4.39016294172372,5.905512,,,2.08746561798,5.249344,9.842536,111.516079684,122.815948812,26,5,11.049,2.41554961798,6.233596,9.842536,111.516079684,-9.395148,2.908022,0,162.4, -22.1, -1.9,,,0,0,1450,1024,1024,1024,65,0,0,0,155.8,0,0,56,3.691,3.687,3.682,0,0,0,8.314,98.78,2.08746561798,5.905512,6,P-GPS,
40300,2026-05-28 08:10:37,51.9885371600571,4.39016514102918,5.905512,,,2.08746561798,5.249344,10.3346628,112.957024612,124.25853416,26,5,11.049,2.41554961798,6.233596,10.3346628,112.957024612,-9.842536,3.131716,0,162.4, -21.6, -2.3,,,0,0,1450,1024,1024,1024,65,0,0,0,155.8,0,0,56,3.691,3.687,3.682,0,0,0,8.314,98.78,2.08746561798,5.905512,6,P-GPS,
40400,2026-05-28 08:10:37,51.9885333217493,4.39016729478793,5.905512,,,2.08746561798,5.577428,10.6030956,114.435371116,125.740161504,26,5,11.049,2.41554961798,6.233596,10.6030956,114.435371116,-10.06623,3.35541,0,162.4, -21.7, -2,,,0,0,1450,1024,1024,1024,65,0,0,0,155.8,0,0,56,3.691,3.687,3.682,0,0,0,8.314,98.78,2.08746561798,5.905512,6,P-GPS,
40500,2026-05-28 08:10:37,51.988529267159,4.39016978801856,5.905512,,,2.08746561798,5.577428,11.0281142,116.016079828,127.321854468,26,5,11.049,2.41554961798,6.233596,11.0281142,116.016079828,-10.513618,3.35541,0,162.6, -21.1, -1.7,,,0,0,1115,1024,1024,1024,14,0,0,0,155.8,0,0,56,3.691,3.687,3.682,0,0,0,8.314,98.78,2.08746561798,5.905512,6,P-GPS,
40600,2026-05-28 08:10:37,51.9885251529424,4.39017211358607,5.905512,,,2.08746561798,5.577428,11.520241,117.602365968,128.911421448,26,5,11.049,2.41554961798,6.233596,11.520241,117.602365968,-10.961006,3.579104,0,162.5, -17.4, -2.1,,,0,0,1203,1024,1024,1024,27,0,0,0,155.8,0,0,56,3.691,3.687,3.682,0,0,0,8.314,98.78,2.08746561798,5.905512,6,P-GPS,
40700,2026-05-28 08:10:37,51.9885209847195,4.39017474622523,5.905512,,,2.08746561798,5.577428,11.520241,119.233599616,130.54298318,26,5,11.049,2.41554961798,6.233596,11.520241,119.233599616,-10.961006,3.579104,0,162.2, -8, -1.8,,,0,0,1269,1024,1024,1024,37,0,0,0,155.8,0,0,56,3.691,3.687,3.682,0,0,0,8.314,98.78,2.08746561798,5.905512,6,P-GPS,
40800,2026-05-28 08:10:37,51.9885168285248,4.39017712218063,5.905512,,,2.08746561798,5.249344,11.2518082,120.838586544,132.15059478,26,5,11.049,2.41554961798,6.233596,11.520241,120.838586544,-10.737312,3.35541,-0.223694,162, -3, -1.7,,,0,0,1363,1024,1024,1024,51,0,0,0,155.8,0,0,56,3.691,3.687,3.682,0,0,0,8.314,98.78,2.08746561798,5.905512,6,P-GPS,
40900,2026-05-28 08:10:37,51.9885118423591,4.3901801021795,6.233596,,,2.41554961798,5.249344,11.0281142,122.775266396,134.089243136,26,5,11.049,2.41554961798,6.233596,11.520241,122.775266396,-10.513618,3.35541,-0.223694,161.9, -2.6, -2.2,,,0,0,1399,1024,1024,1024,57,0,0,0,155.8,0,0,56,3.691,3.687,3.682,0,0,0,8.314,98.78,2.41554961798,6.233596,6,P-GPS,
41000,2026-05-28 08:10:38,51.988507826629,4.39018238626242,6.233596,,,2.41554961798,5.577428,10.7596814,124.325135212,135.641736624,26,5,11.049,2.41554961798,6.233596,11.520241,124.325135212,-10.289924,3.131716,0,161.9, -6, -2.3,,,0,0,1399,1024,1024,1024,57,0,0,0,155.8,0,0,56,3.691,3.687,3.682,0,0,0,8.314,98.78,2.41554961798,6.233596,6,P-GPS,
41100,2026-05-28 08:10:38,51.9885039841236,4.39018461270943,6.233596,,,2.41554961798,5.577428,10.5359874,125.811683816,137.130253732,26,5,11.059,2.41554961798,6.233596,11.520241,125.811683816,-10.06623,3.131716,0,161.9, -9.1, -2.3,,,0,0,1304,1024,1024,1024,42,0,0,0,155.8,0,0,56,3.691,3.687,3.683,0,0,0,8.046,98.96,2.41554961798,6.233596,6,P-GPS,
41200,2026-05-28 08:10:38,51.9885000787706,4.39018687038809,6.233596,,,2.41554961798,5.905512,10.5359874,127.322182552,138.642720972,26,5,11.059,2.41554961798,6.233596,11.520241,127.322182552,-10.06623,3.131716,0,162, -9.8, -2.3,,,0,0,1024,1024,1024,1024,0,0,0,0,155.8,0,0,56,3.691,3.687,3.683,0,0,0,8.046,98.96,2.41554961798,6.233596,6,P-GPS,
41300,2026-05-28 08:10:38,51.98849553031,4.39018942384217,6.233596,,,2.41554961798,5.905512,10.5359874,129.07480728,140.39862654,26,5,11.059,2.41554961798,6.233596,11.520241,129.07480728,-10.06623,3.131716,0,161.9, -0.7, -1.8,,,0,0,1024,1024,1024,1024,0,0,0,0,155.8,0,0,56,3.691,3.687,3.683,0,0,0,8.046,98.96,2.41554961798,6.233596,6,P-GPS,
41400,2026-05-28 08:10:38,51.9884917005867,4.39019167887755,6.233596,,,2.41554961798,5.905512,10.1109688,130.559715464,141.88484706,26,5,11.059,2.41554961798,6.233596,11.520241,130.559715464,-9.618842,3.131716,0,161.4, 20.3, -1.7,,,0,0,858,1024,1024,1024,-25,0,0,0,155.8,0,0,56,3.691,3.687,3.683,0,0,0,8.046,98.96,2.41554961798,6.233596,6,P-GPS,
41500,2026-05-28 08:10:38,51.9884874657816,4.39019404277143,6.233596,,,2.41554961798,5.905512,8.7016966,132.190621028,143.51870538,26,5,11.059,2.41554961798,6.233596,11.520241,132.190621028,-8.276678,2.684328,-0.223694,161.4, 27.6, 0.2,,,0,0,364,1024,1024,1024,-100,0,0,0,155.8,0,0,56,3.691,3.687,3.683,0,0,0,8.046,98.96,2.41554961798,6.233596,6,P-GPS,
41600,2026-05-28 08:10:38,51.9884844479018,4.39019585213333,6.233596,,,2.41554961798,6.233596,7.493749,133.363521328,144.692261848,26,5,11.059,2.41554961798,6.233596,11.520241,133.363521328,-7.158208,2.23694,-0.223694,161.7, 26, 0,,,0,0,1024,1024,1024,1024,0,0,0,0,155.8,0,0,56,3.691,3.687,3.683,0,0,0,8.046,98.96,2.41554961798,6.233596,6,P-GPS,
41700,2026-05-28 08:10:38,51.9884814170344,4.39019771504116,6.233596,,,2.41554961798,6.233596,6.3081708,134.545279896,145.874676584,26,5,11.059,2.41554961798,6.233596,11.520241,134.545279896,-6.039738,1.789552,0,161.6, 27.6, -1,,,0,0,1024,1024,1024,1024,0,0,0,0,155.8,0,0,56,3.691,3.687,3.683,0,0,0,8.046,98.96,2.41554961798,6.233596,6,P-GPS,
41800,2026-05-28 08:10:38,51.9884792288173,4.39019905019694,6.233596,,,2.41554961798,6.56168,5.3239172,135.397970212,146.727694984,26,5,11.059,2.41554961798,6.233596,11.520241,135.397970212,-5.144962,1.342164,0,161.3, 21.8, -1.3,,,0,0,1024,1024,1024,1024,0,0,0,0,155.8,0,0,56,3.691,3.687,3.683,0,0,0,8.046,98.96,2.41554961798,6.233596,6,P-GPS,
41900,2026-05-28 08:10:39,51.9884770130485,4.39020003586448,6.233596,,,2.41554961798,6.56168,4.3844024,136.229663152,147.565949604,26,5,11.059,2.41554961798,6.233596,11.520241,136.229663152,-4.250186,1.11847,0,160.9, 20.5, -2.3,,,0,0,1024,1024,1024,1024,0,0,0,0,155.8,0,0,56,3.691,3.687,3.683,0,0,0,8.046,98.96,2.41554961798,6.233596,6,P-GPS,
42000,2026-05-28 08:10:39,51.9884755167694,4.39020096132286,6.233596,,,2.41554961798,6.56168,3.467257,136.813652672,148.149939124,26,5,11.059,2.41554961798,6.233596,11.520241,136.813652672,-3.35541,0.894776,0.223694,160.4, 18.3, -2.6,,,0,0,1024,1024,1024,1024,0,0,0,0,155.8,0,0,56,3.691,3.687,3.683,0,0,0,8.046,98.96,2.41554961798,6.233596,6,P-GPS,
42100,2026-05-28 08:10:39,51.9884724825793,4.39020240746538,6.233596,,,2.41554961798,6.56168,2.7738056,137.961290504,149.303810552,26,5,11.096,2.41554961798,6.233596,11.520241,137.961290504,-2.684328,0.671082,0.223694,159.9, 15.9, -3.2,,,0,0,1024,1024,1024,1024,0,0,0,0,155.8,0,0,56,3.708,3.703,3.692,0,0,0,6.488,98.96,2.41554961798,6.233596,6,P-GPS,
42200,2026-05-28 08:10:39,51.9884714488167,4.39020310499504,6.233596,,,2.41554961798,6.233596,1.8342908,138.369755084,149.711947048,26,5,11.096,2.41554961798,6.233596,11.520241,138.369755084,-1.789552,0.447388,0.223694,159.5, 12.8, -3.6,,,0,0,1005,1024,1024,1024,-3,0,0,0,155.8,0,0,56,3.708,3.703,3.692,0,0,0,6.488,98.96,2.41554961798,6.233596,6,P-GPS,
42300,2026-05-28 08:10:39,51.98846984247,4.39020393929006,6.233596,,,2.41554961798,6.233596,1.3645334,138.98294408,150.327432632,26,5,11.096,2.41554961798,6.233596,11.520241,138.98294408,-1.342164,0.223694,0.223694,159.4, 7.2, -3.3,,,0,0,418,1024,1024,1024,-92,0,0,0,155.8,0,0,56,3.708,3.703,3.692,0,0,0,6.488,98.96,2.41554961798,6.233596,6,P-GPS,
42400,2026-05-28 08:10:39,51.9884691772597,4.39020443440533,6.233596,,,2.41554961798,6.233596,0.894776,139.250004456,150.594493008,26,5,11.096,2.41554961798,6.233596,11.520241,139.250004456,-0.894776,0,0.223694,159.5, 11.7, -2.4,,,0,0,1024,1024,1024,1024,0,0,0,0,155.8,0,0,56,3.708,3.703,3.692,0,0,0,6.488,98.96,2.41554961798,6.233596,6,P-GPS,
42500,2026-05-28 08:10:39,51.9884681756405,4.39020460689568,6.233596,,,2.41554961798,6.233596,0.223694,139.602694756,150.961947088,26,5,11.096,2.41554961798,6.233596,11.520241,139.602694756,-0.223694,0,0,159.6, 10.1, -2.6,,,0,0,1024,1024,1024,1024,0,0,0,0,155.8,0,0,56,3.708,3.703,3.692,0,0,0,6.488,98.96,2.41554961798,6.233596,6,P-GPS,
42600,2026-05-28 08:10:39,51.9884678665775,4.39020481856125,5.905512,,,2.08746561798,6.233596,0,139.725070088,151.08432242,26,5,11.096,2.41554961798,6.233596,11.520241,139.725070088,0,0,0,160.3, -0.3, -3.6,,,0,0,1024,1024,1024,1024,0,0,0,0,155.8,0,0,56,3.708,3.703,3.692,0,0,0,6.488,98.96,2.08746561798,5.905512,6,P-GPS,
42700,2026-05-28 08:10:39,51.9884678100011,4.39020476457017,5.905512,,,2.08746561798,6.233596,0,139.739833868,151.108272552,26,5,11.096,2.41554961798,6.233596,11.520241,139.739833868,0,0,0,160.7, -4.6, -2.3,,,0,0,364,1024,1024,1024,-100,0,0,0,155.8,0,0,56,3.708,3.703,3.692,0,0,0,6.488,98.96,2.08746561798,5.905512,6,P-GPS,
42800,2026-05-28 08:10:39,51.9884675618322,4.39020493854917,5.905512,,,2.08746561798,6.233596,0,139.838259068,151.206697752,26,5,11.096,2.41554961798,6.233596,11.520241,139.838259068,0,0,0,161.5, -4.2, -2.2,,,0,0,364,1024,1024,1024,-100,0,0,0,155.8,0,0,56,3.708,3.703,3.692,0,0,0,6.488,98.96,2.08746561798,5.905512,6,P-GPS,
42900,2026-05-28 08:10:40,51.9884674479939,4.39020469700131,5.905512,,,2.08746561798,6.233596,0.223694,139.856303688,151.275267308,26,5,11.096,2.41554961798,6.233596,11.520241,139.856303688,0,-0.223694,0,161.7, 7.9, -1.9,,,0,0,364,1024,1024,1024,-100,0,0,0,155.8,0,0,56,3.708,3.703,3.692,0,0,0,6.488,98.96,2.08746561798,5.905512,6,P-GPS,
43000,2026-05-28 08:10:40,51.98846729557,4.39020475163225,5.905512,,,2.08746561798,6.233596,0.6263432,139.912406052,151.33202584,26,5,11.096,2.41554961798,6.233596,11.520241,139.912406052,0.447388,-0.447388,0,160.5, 17.5, -3.8,,,0,0,1024,1024,1024,1024,0,0,0,0,155.8,0,0,56,3.708,3.703,3.692,0,0,0,6.488,98.96,2.08746561798,5.905512,6,P-GPS,
43100,2026-05-28 08:10:40,51.9884677869734,4.39020390448271,5.905512,,,2.08746561798,6.233596,1.2974252,139.674545152,151.593508788,26,5,11.066,2.41554961798,6.233596,11.520241,139.912406052,1.11847,-0.671082,0,160.2, 5.4, -2,,,0,0,1024,1024,1024,1024,0,0,0,0,155.8,0,0,56,3.695,3.692,3.688,0,0,0,7.048,98.96,2.08746561798,5.905512,6,P-GPS,
43200,2026-05-28 08:10:40,51.9884680464165,4.39020366088982,5.905512,,,2.08746561798,6.233596,1.4987498,139.566277432,151.703088844,26,5,11.066,2.41554961798,6.233596,11.520241,139.912406052,1.342164,-0.671082,0,161.2, -7.6, -3.6,,,0,0,1024,1024,1024,1024,0,0,0,0,155.8,0,0,56,3.695,3.692,3.688,0,0,0,7.048,98.96,2.08746561798,5.905512,6,P-GPS,
43300,2026-05-28 08:10:40,51.988469117086,4.3902027076224,5.905512,,,2.08746561798,6.233596,1.2974252,139.123692116,152.148298832,26,5,11.066,2.41554961798,6.233596,11.520241,139.912406052,1.11847,-0.671082,0,161.9, -10.1, -3.8,,,0,0,889,1024,1024,1024,-20,0,0,0,155.8,0,0,56,3.695,3.692,3.688,0,0,0,7.048,98.96,2.08746561798,5.905512,6,P-GPS,
43400,2026-05-28 08:10:40,51.9884692986378,4.39020249482997,5.905512,,,2.08746561798,5.905512,1.2974252,139.044295788,152.229991748,26,5,11.066,2.41554961798,6.233596,11.520241,139.912406052,0.894776,-0.447388,0,162.2, -9.5, -3.8,,,0,0,364,1024,1024,1024,-100,0,0,0,155.8,0,0,56,3.695,3.692,3.688,0,0,0,7.048,98.96,2.08746561798,5.905512,6,P-GPS,
43500,2026-05-28 08:10:40,51.9884696929256,4.39020163275318,5.905512,,,2.08746561798,5.905512,0.8052984,138.838259036,152.471461572,26,5,11.066,2.41554961798,6.233596,11.520241,139.912406052,0.671082,-0.447388,0,162.2, -3.1, -3.6,,,0,0,1024,1024,1024,1024,0,0,0,0,155.8,0,0,56,3.695,3.692,3.688,0,0,0,7.048,98.96,2.08746561798,5.905512,6,P-GPS,
43600,2026-05-28 08:10:40,51.9884697641685,4.39020146272528,5.905512,,,2.08746561798,5.905512,0.8052984,138.799873208,152.517721416,26,5,11.066,2.41554961798,6.233596,11.520241,139.912406052,0.671082,-0.447388,0,161.4, 11, -3.4,,,0,0,1024,1024,1024,1024,0,0,0,0,155.8,0,0,56,3.695,3.692,3.688,0,0,0,7.048,98.96,2.08746561798,5.905512,6,P-GPS,
43700,2026-05-28 08:10:40,51.9884705154947,4.3902011566691,5.905512,,,2.08746561798,5.905512,1.2079476,138.520017556,152.80020174,26,5,11.066,2.41554961798,6.233596,11.520241,139.912406052,1.11847,-0.447388,0,160.9, 0.1, -2.9,,,0,0,1024,1024,1024,1024,0,0,0,0,155.8,0,0,56,3.695,3.692,3.688,0,0,0,7.048,98.96,2.08746561798,5.905512,6,P-GPS,
43800,2026-05-28 08:10:40,51.9884708565641,4.39020087277422,5.905512,,,2.08746561798,5.905512,1.2079476,138.380581856,152.939965524,26,5,11.066,2.41554961798,6.233596,11.520241,139.912406052,1.11847,-0.447388,0,161.4, -8.3, -3.3,,,0,0,1024,1024,1024,1024,0,0,0,0,155.8,0,0,56,3.695,3.692,3.688,0,0,0,7.048,98.96,2.08746561798,5.905512,6,P-GPS,
43900,2026-05-28 08:10:40,51.9884719979284,4.39019973243695,5.905512,,,2.08746561798,5.905512,1.2079476,137.89862646,153.429138768,26,5,11.066,2.41554961798,6.233596,11.520241,139.912406052,1.11847,-0.447388,0,161.8, -9.3, -2.9,,,0,0,1024,1024,1024,1024,0,0,0,0,155.8,0,0,56,3.695,3.692,3.688,0,0,0,7.048,98.96,2.08746561798,5.905512,6,P-GPS,
44000,2026-05-28 08:10:41,51.9884722462,4.39019945832198,5.905512,,,2.08746561798,5.905512,0.7158208,137.791671076,153.53839074,26,5,11.066,2.41554961798,6.233596,11.520241,139.912406052,0.671082,-0.223694,0,161.8, -8, -3.2,,,0,0,1024,1024,1024,1024,0,0,0,0,155.8,0,0,56,3.695,3.692,3.688,0,0,0,7.048,98.96,2.08746561798,5.905512,6,P-GPS,
44100,2026-05-28 08:10:41,51.9884727417838,4.39019881699531,5.905512,,,2.08746561798,5.905512,0.7158208,137.569886292,153.76968996,26,5,11.071,2.41554961798,6.233596,11.520241,139.912406052,0.671082,-0.223694,0,162, -7.2, -3.4,,,0,0,1024,1024,1024,1024,0,0,0,0,155.8,0,0,56,3.69,3.686,3.682,0,0,0,7.41,98.96,2.08746561798,5.905512,6,P-GPS,
44200,2026-05-28 08:10:41,51.9884728719336,4.39019858948434,5.905512,,,2.08746561798,5.905512,0.4921268,137.506894164,153.839571852,26,5,11.071,2.41554961798,6.233596,11.520241,139.912406052,0.447388,-0.223694,0,162.1, -6.6, -3,,,0,0,1024,1024,1024,1024,0,0,0,0,155.8,0,0,56,3.69,3.686,3.682,0,0,0,7.41,98.96,2.08746561798,5.905512,6,P-GPS,
44300,2026-05-28 08:10:41,51.9884733149503,4.39019844030983,5.905512,,,2.08746561798,5.905512,0.3131716,137.344492584,154.004598104,26,5,11.071,2.41554961798,6.233596,11.520241,139.912406052,0.223694,-0.223694,0,162, -5.8, -3.3,,,0,0,1024,1024,1024,1024,0,0,0,0,155.8,0,0,56,3.69,3.686,3.682,0,0,0,7.41,98.96,2.08746561798,5.905512,6,P-GPS,
44400,2026-05-28 08:10:41,51.988473389209,4.39019828027032,5.905512,,,2.08746561798,5.905512,0.223694,137.305778672,154.049545612,26,5,11.071,2.41554961798,6.233596,11.520241,139.912406052,0.223694,0,0,161.9, -4.7, -3.6,,,0,0,1024,1024,1024,1024,0,0,0,0,155.8,0,0,56,3.69,3.686,3.682,0,0,0,7.41,98.96,2.08746561798,5.905512,6,P-GPS,
44500,2026-05-28 08:10:41,51.9884739347899,4.39019770104522,5.905512,,,2.08746561798,5.905512,0.223694,137.072510948,154.287406512,26,5,11.071,2.41554961798,6.233596,11.520241,139.912406052,0.223694,0,0,161.9, -4.1, -2.9,,,0,0,1024,1024,1024,1024,0,0,0,0,155.8,0,0,56,3.69,3.686,3.682,0,0,0,7.41,98.96,2.08746561798,5.905512,6,P-GPS,
44600,2026-05-28 08:10:41,51.9884740259771,4.39019757991657,5.905512,,,2.08746561798,5.905512,0.223694,137.031500448,154.330385516,26,5,11.071,2.41554961798,6.233596,11.520241,139.912406052,0.223694,0,0,162, -4.8, -2.3,,,0,0,1024,1024,1024,1024,0,0,0,0,155.8,0,0,56,3.69,3.686,3.682,0,0,0,7.41,98.96,2.08746561798,5.905512,6,P-GPS,
44700,2026-05-28 08:10:41,51.9884742739403,4.39019752861044,6.233596,,,2.41554961798,5.905512,0.223694,136.943245852,154.421592868,26,5,11.071,2.41554961798,6.233596,11.520241,139.912406052,0.223694,0,0,161.9, -5.3, -2,,,0,0,1024,1024,1024,1024,0,0,0,0,155.8,0,0,56,3.69,3.686,3.682,0,0,0,7.41,98.96,2.41554961798,6.233596,6,P-GPS,
44800,2026-05-28 08:10:41,51.9884743348688,4.39019743232797,6.233596,,,2.41554961798,5.905512,0,136.914702544,154.452760848,26,5,11.071,2.41554961798,6.233596,11.520241,139.912406052,0,0,0,161.7, -5.2, -2.4,,,0,0,1024,1024,1024,1024,0,0,0,0,155.8,0,0,56,3.69,3.686,3.682,0,0,0,7.41,98.96,2.41554961798,6.233596,6,P-GPS,
44900,2026-05-28 08:10:41,51.9884746067854,4.39019729290551,6.233596,,,2.41554961798,5.905512,0,136.810699916,154.556763476,26,5,11.071,2.41554961798,6.233596,11.520241,139.912406052,0,0,0,161.7, -4.4, -2.7,,,0,0,1024,1024,1024,1024,0,0,0,0,155.8,0,0,56,3.69,3.686,3.682,0,0,0,7.41,98.96,2.41554961798,6.233596,6,P-GPS,
45000,2026-05-28 08:10:42,51.9884746372153,4.3901972352696,6.233596,,,2.41554961798,5.905512,0,136.795608052,154.573823844,26,5,11.071,2.41554961798,6.233596,11.520241,139.912406052,0,0,0,161.6, -4, -1.1,,,0,0,1024,1024,1024,1024,0,0,0,0,155.8,0,0,56,3.69,3.686,3.682,0,0,0,7.41,98.96,2.41554961798,6.233596,6,P-GPS,
45100,2026-05-28 08:10:42,51.9884747416299,4.39019726060269,5.905512,,,2.08746561798,5.905512,0,136.762471568,154.612209672,26,5,11.074,2.41554961798,6.233596,11.520241,139.912406052,0,0,0,161.7, -3.2, -1.5,,,0,0,1024,1024,1024,1024,0,0,0,0,155.8,0,0,56,3.698,3.693,3.687,0,0,0,7.161,98.96,2.08746561798,5.905512,6,P-GPS,
45200,2026-05-28 08:10:42,51.9884747465988,4.39019717436441,6.233596,,,2.41554961798,5.905512,0,136.7536133,154.631566628,26,5,11.074,2.41554961798,6.233596,11.520241,139.912406052,0,0,0,161.7, -3.1, -2.1,,,0,0,1024,1024,1024,1024,0,0,0,0,155.8,0,0,56,3.698,3.693,3.687,0,0,0,7.161,98.96,2.41554961798,6.233596,6,P-GPS,
45300,2026-05-28 08:10:42,51.9884747943341,4.39019737138108,5.905512,,,2.08746561798,5.905512,0,136.753941384,154.679138808,26,5,11.074,2.41554961798,6.233596,11.520241,139.912406052,0,0,0,161.7, -3.3, -1.9,,,0,0,1024,1024,1024,1024,0,0,0,0,155.8,0,0,56,3.698,3.693,3.687,0,0,0,7.161,98.96,2.08746561798,5.905512,6,P-GPS,
45400,2026-05-28 08:10:42,51.9884748065335,4.39019727721317,5.905512,,,2.08746561798,5.905512,0,136.741802276,154.700792352,26,5,11.074,2.41554961798,6.233596,11.520241,139.912406052,0,0,0,161.6, -3.1, -2.1,,,0,0,1024,1024,1024,1024,0,0,0,0,155.8,0,0,56,3.698,3.693,3.687,0,0,0,7.161,98.96,2.08746561798,5.905512,6,P-GPS,
45500,2026-05-28 08:10:42,51.9884748548857,4.39019729693987,5.905512,,,2.08746561798,5.905512,0,136.72736658,154.719165056,26,5,11.074,2.41554961798,6.233596,11.520241,139.912406052,0,0,0,161.8, -3.3, -2.2,,,0,0,1024,1024,1024,1024,0,0,0,0,155.8,0,0,56,3.698,3.693,3.687,0,0,0,7.161,98.96,2.08746561798,5.905512,6,P-GPS,
45600,2026-05-28 08:10:42,51.9884748838764,4.39019718874903,5.905512,,,2.08746561798,6.233596,0,136.708337708,154.74573986,26,5,11.074,2.41554961798,6.233596,11.520241,139.912406052,0,0,0,161.8, -3.6, -2.4,,,0,0,1024,1024,1024,1024,0,0,0,0,155.8,0,0,56,3.698,3.693,3.687,0,0,0,7.161,98.96,2.08746561798,5.905512,6,P-GPS,
45700,2026-05-28 08:10:42,51.9884747030441,4.3901974071479,5.905512,,,2.08746561798,6.233596,0,136.787734036,154.82776086,26,5,11.074,2.41554961798,6.233596,11.520241,139.912406052,0,0,0,161.8, -3.6, -2.3,,,0,0,1024,1024,1024,1024,0,0,0,0,155.8,0,0,56,3.698,3.693,3.687,0,0,0,7.161,98.96,2.08746561798,5.905512,6,P-GPS,
45800,2026-05-28 08:10:42,51.9884747126049,4.39019730328357,5.905512,,,2.08746561798,6.233596,0,136.775923012,154.851382908,26,5,11.074,2.41554961798,6.233596,11.520241,139.912406052,0,0,0,161.8, -3.3, -2.8,,,0,0,1024,1024,1024,1024,0,0,0,0,155.8,0,0,56,3.698,3.693,3.687,0,0,0,7.161,98.96,2.08746561798,5.905512,6,P-GPS,
45900,2026-05-28 08:10:42,51.9884747177108,4.3901973959212,6.233596,,,2.41554961798,6.233596,0,136.781828524,154.872380284,26,5,11.074,2.41554961798,6.233596,11.520241,139.912406052,0,0,0,161.9, -3, -3,,,0,0,1024,1024,1024,1024,0,0,0,0,155.8,0,0,56,3.698,3.693,3.687,0,0,0,7.161,98.96,2.41554961798,6.233596,6,P-GPS,
46000,2026-05-28 08:10:43,51.988474731418,4.39019732042274,6.233596,,,2.41554961798,6.233596,0,136.771001752,154.89009682,26,5,11.074,2.41554961798,6.233596,11.520241,139.912406052,0,0,0,161.7, -2.8, -3.3,,,0,0,1024,1024,1024,1024,0,0,0,0,155.8,0,0,56,3.698,3.693,3.687,0,0,0,7.161,98.96,2.41554961798,6.233596,6,P-GPS,
46100,2026-05-28 08:10:43,51.9884745515796,4.39019748985264,6.233596,,,2.41554961798,6.233596,0,136.846132988,154.965884224,26,5,11.078,2.41554961798,6.233596,11.520241,139.912406052,0,0,0,161.7, -2.5, -2.9,,,0,0,1024,1024,1024,1024,0,0,0,0,155.8,0,0,56,3.697,3.693,3.688,0,0,0,6.813,98.96,2.41554961798,6.233596,6,P-GPS,
46200,2026-05-28 08:10:43,51.9884745608662,4.39019747566277,6.233596,,,2.41554961798,6.233596,0,136.841867896,154.9704774,26,5,11.078,2.41554961798,6.233596,11.520241,139.912406052,0,0,0,161.8, -2.8, -1.9,,,0,0,1024,1024,1024,1024,0,0,0,0,155.8,0,0,56,3.697,3.693,3.688,0,0,0,6.813,98.96,2.41554961798,6.233596,6,P-GPS,
46300,2026-05-28 08:10:43,51.9884745787883,4.39019753359084,6.233596,,,2.41554961798,6.233596,0,136.84055556,154.98524118,26,5,11.078,2.41554961798,6.233596,11.520241,139.912406052,0,0,0,161.8, -2.8, -1.8,,,0,0,1024,1024,1024,1024,0,0,0,0,155.8,0,0,56,3.697,3.693,3.688,0,0,0,6.813,98.96,2.41554961798,6.233596,6,P-GPS,
46400,2026-05-28 08:10:43,51.9884745823179,4.390197512153,6.233596,,,2.41554961798,6.233596,0,136.837602804,154.99016244,26,5,11.078,2.41554961798,6.233596,11.520241,139.912406052,0,0,0,161.7, -2.9, -1.7,,,0,0,1024,1024,1024,1024,0,0,0,0,155.8,0,0,56,3.697,3.693,3.688,0,0,0,6.813,98.96,2.41554961798,6.233596,6,P-GPS,
46500,2026-05-28 08:10:43,51.9884744122801,4.39019763432503,6.233596,,,2.41554961798,5.905512,0,136.905188108,155.058075828,26,5,11.078,2.41554961798,6.233596,11.520241,139.912406052,0,0,0,161.7, -2.4, -2.1,,,0,0,1024,1024,1024,1024,0,0,0,0,155.8,0,0,56,3.697,3.693,3.688,0,0,0,6.813,98.96,2.41554961798,6.233596,6,P-GPS,
46600,2026-05-28 08:10:43,51.9884743892863,4.39019761052221,6.233596,,,2.41554961798,6.233596,0,136.91109362,155.067918348,26,5,11.078,2.41554961798,6.233596,11.520241,139.912406052,0,0,0,161.5, -2.1, -2.6,,,0,0,1024,1024,1024,1024,0,0,0,0,155.8,0,0,56,3.697,3.693,3.688,0,0,0,6.813,98.96,2.41554961798,6.233596,6,P-GPS,
46700,2026-05-28 08:10:43,51.9884743766414,4.39019776197827,6.233596,,,2.41554961798,6.233596,0,136.928153988,155.102367168,26,5,11.078,2.41554961798,6.233596,11.520241,139.912406052,0,0,0,161.5, -1.9, -2.8,,,0,0,1024,1024,1024,1024,0,0,0,0,155.8,0,0,56,3.697,3.693,3.688,0,0,0,6.813,98.96,2.41554961798,6.233596,6,P-GPS,
46800,2026-05-28 08:10:43,51.9884743643734,4.39019776727861,6.233596,,,2.41554961798,6.233596,0,136.932747164,155.106960344,26,5,11.078,2.41554961798,6.233596,11.520241,139.912406052,0,0,0,161.5, -1.5, -2.6,,,0,0,1024,1024,1024,1024,0,0,0,0,155.8,0,0,56,3.697,3.693,3.688,0,0,0,6.813,98.96,2.41554961798,6.233596,6,P-GPS,
46900,2026-05-28 08:10:43,51.9884742277469,4.39019776801593,6.233596,,,2.41554961798,6.233596,0,136.979007008,155.156829112,26,5,11.078,2.41554961798,6.233596,11.520241,139.912406052,0,0,0,161.5, -1.6, -2.4,,,0,0,1024,1024,1024,1024,0,0,0,0,155.8,0,0,56,3.697,3.693,3.688,0,0,0,6.813,98.96,2.41554961798,6.233596,6,P-GPS,
47000,2026-05-28 08:10:44,51.9884742172266,4.39019777456831,6.233596,,,2.41554961798,5.905512,0,136.9832721,155.16076612,26,5,11.078,2.41554961798,6.233596,11.520241,139.912406052,0,0,0,161.4, -1.6, -2.4,,,0,0,1024,1024,1024,1024,0,0,0,0,155.8,0,0,56,3.697,3.693,3.688,0,0,0,6.813,98.96,2.41554961798,6.233596,6,P-GPS,
47100,2026-05-28 08:10:44,51.9884741458464,4.39019796707761,5.905512,,,2.08746561798,5.905512,0,137.023298348,155.211291056,26,5,11.076,2.41554961798,6.233596,11.520241,139.912406052,0,0,0,161.4, -1.9, -2.1,,,0,0,1024,1024,1024,1024,0,0,0,0,155.8,0,0,56,3.698,3.694,3.689,0,0,0,6.807,98.96,2.08746561798,5.905512,6,P-GPS,
47200,2026-05-28 08:10:44,51.9884741419398,4.39019797984849,6.233596,,,2.41554961798,5.905512,0,137.02592302,155.214571896,26,5,11.076,2.41554961798,6.233596,11.520241,139.912406052,0,0,0,161.6, -2, -2.7,,,0,0,1024,1024,1024,1024,0,0,0,0,155.8,0,0,56,3.698,3.694,3.689,0,0,0,6.807,98.96,2.41554961798,6.233596,6,P-GPS,
47300,2026-05-28 08:10:44,51.9884740690518,4.39019793327231,5.905512,,,2.08746561798,5.905512,0,137.046592312,155.243115204,26,5,11.076,2.41554961798,6.233596,11.520241,139.912406052,0,0,0,161.5, -2.2, -2.9,,,0,0,1024,1024,1024,1024,0,0,0,0,155.8,0,0,56,3.698,3.694,3.689,0,0,0,6.807,98.96,2.08746561798,5.905512,6,P-GPS,
47400,2026-05-28 08:10:44,51.9884740803945,4.39019794188362,5.905512,,,2.08746561798,5.905512,0,137.043311472,155.24770838,26,5,11.076,2.41554961798,6.233596,11.520241,139.912406052,0,0,0,161.6, -2.5, -2.7,,,0,0,1024,1024,1024,1024,0,0,0,0,155.8,0,0,56,3.698,3.694,3.689,0,0,0,6.807,98.96,2.08746561798,5.905512,6,P-GPS,
47500,2026-05-28 08:10:44,51.9884740077121,4.39019805575041,5.905512,,,2.08746561798,6.233596,0,137.077760292,155.284453788,26,5,11.076,2.41554961798,6.233596,11.520241,139.912406052,0,0,0,161.6, -3, -2.3,,,0,0,1024,1024,1024,1024,0,0,0,0,155.8,0,0,56,3.698,3.694,3.689,0,0,0,6.807,98.96,2.08746561798,5.905512,6,P-GPS,
47600,2026-05-28 08:10:44,51.9884740262854,4.39019807379381,5.905512,,,2.08746561798,5.905512,0,137.072839032,155.292327804,26,5,11.076,2.41554961798,6.233596,11.520241,139.912406052,0,0,0,161.7, -3.2, -1.8,,,0,0,1024,1024,1024,1024,0,0,0,0,155.8,0,0,56,3.698,3.694,3.689,0,0,0,6.807,98.96,2.08746561798,5.905512,6,P-GPS,
47700,2026-05-28 08:10:44,51.9884740932793,4.39019803365872,5.905512,,,2.08746561798,5.905512,0,137.046920396,155.318574524,26,5,11.076,2.41554961798,6.233596,11.520241,139.912406052,0,0,0,161.6, -3.1, -2,,,0,0,1024,1024,1024,1024,0,0,0,0,155.8,0,0,56,3.698,3.694,3.689,0,0,0,6.807,98.96,2.08746561798,5.905512,6,P-GPS,
47800,2026-05-28 08:10:44,51.98847410308,4.39019804709737,5.905512,,,2.08746561798,5.905512,0,137.044623808,155.3231677,26,5,11.076,2.41554961798,6.233596,11.520241,139.912406052,0,0,0,161.7, -2.7, -2.5,,,0,0,1048,1024,1024,1024,4,0,0,0,155.8,0,0,56,3.698,3.694,3.689,0,0,0,6.807,98.96,2.08746561798,5.905512,6,P-GPS,
47900,2026-05-28 08:10:44,51.9884740843354,4.3901980389869,5.905512,,,2.08746561798,6.233596,0,137.050201236,155.330057464,26,5,11.076,2.41554961798,6.233596,11.520241,139.912406052,0,0,0,161.8, -2.5, -2.1,,,0,0,1509,1024,1024,1024,73,0,0,0,155.8,0,0,56,3.698,3.694,3.689,0,0,0,6.807,98.96,2.08746561798,5.905512,6,P-GPS,
48000,2026-05-28 08:10:45,51.9884740885846,4.39019808258599,5.905512,,,2.08746561798,6.233596,0,137.052497824,155.340228068,26,5,11.076,2.41554961798,6.233596,11.520241,139.912406052,0,0,0,161.8, -3.6, -2.5,,,0,0,1684,1024,1024,1024,100,0,0,0,155.8,0,0,56,3.698,3.694,3.689,0,0,0,6.807,98.96,2.08746561798,5.905512,6,P-GPS,
48100,2026-05-28 08:10:45,51.9884740107962,4.39019829245705,5.905512,,,2.08746561798,6.233596,0,137.09646108,155.395018096,26,5,11.072,2.41554961798,6.233596,11.520241,139.912406052,0,0,0,162.1, -15.5, -2,,,0,0,1684,1024,1024,1024,100,0,0,0,155.8,0,0,56,3.694,3.689,3.685,0,0,0,6.915,98.96,2.08746561798,5.905512,6,P-GPS,
48200,2026-05-28 08:10:45,51.9884738342814,4.39019846927411,5.905512,,,2.08746561798,5.905512,0.7158208,137.170936148,155.4708055,26,5,11.072,2.41554961798,6.233596,11.520241,139.912406052,-0.671082,0.223694,0,162.5, -29, -1.9,,,0,0,1684,1024,1024,1024,100,0,0,0,155.8,0,0,56,3.694,3.689,3.685,0,0,0,6.915,98.96,2.08746561798,5.905512,6,P-GPS,
48300,2026-05-28 08:10:45,51.9884733093295,4.39019874567074,5.905512,,,2.08746561798,5.905512,1.7000744,137.37205164,155.672249076,26,5,11.072,2.41554961798,6.233596,11.520241,139.912406052,-1.565858,0.671082,0,162.7, -30.1, -1.7,,,0,0,1684,1024,1024,1024,100,0,0,0,155.8,0,0,56,3.694,3.689,3.685,0,0,0,6.915,98.96,2.08746561798,5.905512,6,P-GPS,
48400,2026-05-28 08:10:45,51.9884723664438,4.39019932293488,5.905512,,,2.08746561798,5.577428,2.8185444,137.73950572,156.039703156,26,5,11.072,2.41554961798,6.233596,11.520241,139.912406052,-2.684328,0.894776,0,162.6, -29.5, -1.6,,,0,0,1684,1024,1024,1024,100,0,0,0,155.8,0,0,56,3.694,3.689,3.685,0,0,0,6.915,98.96,2.08746561798,5.905512,6,P-GPS,
48500,2026-05-28 08:10:45,51.9884710256404,4.39020009843909,5.905512,,,2.08746561798,5.577428,4.026492,138.258206524,156.559060128,26,5,11.072,2.41554961798,6.233596,11.520241,139.912406052,-3.802798,1.342164,0,162.6, -29, -1.7,,,0,0,1684,1024,1024,1024,100,0,0,0,155.8,0,0,56,3.694,3.689,3.685,0,0,0,6.915,98.96,2.08746561798,5.905512,6,P-GPS,
48600,2026-05-28 08:10:45,51.988469273003,4.39020110166337,5.905512,,,2.08746561798,5.577428,4.9436374,138.935699984,157.237209756,26,5,11.072,2.41554961798,6.233596,11.520241,139.912406052,-4.697574,1.565858,0,162.6, -29.2, -1.7,,,0,0,1684,1024,1024,1024,100,0,0,0,155.8,0,0,56,3.694,3.689,3.685,0,0,0,6.915,98.96,2.08746561798,5.905512,6,P-GPS,
48700,2026-05-28 08:10:45,51.9884676967087,4.390202369028,5.905512,,,2.08746561798,5.577428,5.8607828,139.575463784,157.87894206,26,5,11.072,2.41554961798,6.233596,11.520241,139.912406052,-5.59235,1.789552,0,162.5, -29, -1.5,,,0,0,1684,1024,1024,1024,100,0,0,0,155.8,0,0,56,3.694,3.689,3.685,0,0,0,6.915,98.96,2.08746561798,5.905512,6,P-GPS,
48800,2026-05-28 08:10:45,51.9884652575805,4.39020378243704,5.905512,,,2.08746561798,5.577428,6.8674058,140.519689536,158.82382398,26,5,11.072,2.41554961798,6.233596,11.520241,140.519689536,-6.487126,2.23694,0,162.4, -29.3, -1.6,,,0,0,1684,1024,1024,1024,100,0,0,0,155.8,0,0,56,3.694,3.689,3.685,0,0,0,6.915,98.96,2.08746561798,5.905512,6,P-GPS,
48900,2026-05-28 08:10:45,51.9884636186101,4.39020470118981,5.905512,,,2.08746561798,5.905512,7.5608572,141.15157932,159.456369932,26,5,11.072,2.41554961798,6.233596,11.520241,141.15157932,-7.158208,2.460634,0,162.4, -29.1, -1.1,,,0,0,1684,1024,1024,1024,100,0,0,0,155.8,0,0,56,3.694,3.689,3.685,0,0,0,6.915,98.96,2.08746561798,5.905512,6,P-GPS,
49000,2026-05-28 08:10:46,51.9884605885986,4.39020640734151,5.905512,,,2.08746561798,5.905512,8.4780026,142.320214528,160.626317476,26,5,11.072,2.41554961798,6.233596,11.520241,142.320214528,-8.052984,2.684328,0,162.5, -28.6, -1.2,,,0,0,1684,1024,1024,1024,100,0,0,0,155.8,0,0,56,3.694,3.689,3.685,0,0,0,6.915,98.96,2.08746561798,5.905512,6,P-GPS,
49100,2026-05-28 08:10:46,51.9884577541889,4.39020834581764,5.905512,,,2.08746561798,6.233596,9.4175174,143.441933724,161.748364756,26,5,11.034,2.41554961798,6.233596,11.520241,143.441933724,-8.94776,2.908022,0,162.4, -28.9, -1,,,0,0,1684,1024,1024,1024,100,0,0,0,155.8,0,0,56,3.682,3.677,3.671,0,0,0,7.987,98.96,2.08746561798,5.905512,6,P-GPS,
49200,2026-05-28 08:10:46,51.9884541426838,4.39021035909664,5.905512,,,2.08746561798,6.233596,10.1109688,144.833337968,163.141737504,26,5,11.034,2.41554961798,6.233596,11.520241,144.833337968,-9.618842,3.131716,0,162.4, -29.2, -1,,,0,0,1556,1024,1024,1024,81,0,0,0,155.8,0,0,56,3.682,3.677,3.671,0,0,0,7.987,98.96,2.08746561798,5.905512,6,P-GPS,
49300,2026-05-28 08:10:46,51.9884506821977,4.3902125533522,5.905512,,,2.08746561798,6.233596,10.8267896,146.188652972,164.497052508,26,5,11.034,2.41554961798,6.233596,11.520241,146.188652972,-10.289924,3.35541,0,162.4, -29, -1.2,,,0,0,1024,1024,1024,1024,0,0,0,0,155.8,0,0,56,3.682,3.677,3.671,0,0,0,7.987,98.96,2.08746561798,5.905512,6,P-GPS,
49400,2026-05-28 08:10:46,51.9884465013296,4.39021483008989,5.905512,,,2.08746561798,6.233596,11.743935,147.794624152,166.105976444,26,5,11.034,2.41554961798,6.233596,11.743935,147.794624152,-11.1847,3.579104,0,162.5, -29.3, -1.8,,,0,0,1024,1024,1024,1024,0,0,0,0,155.8,0,0,56,3.682,3.677,3.671,0,0,0,7.987,98.96,2.08746561798,5.905512,6,P-GPS,
49500,2026-05-28 08:10:46,51.9884423015457,4.39021747257857,5.905512,,,2.08746561798,6.233596,12.4597558,149.437996908,167.7493492,26,5,11.034,2.41554961798,6.233596,12.4597558,149.437996908,-11.855782,3.802798,0,162.7, -21.1, -3.1,,,0,0,1024,1024,1024,1024,0,0,0,0,155.8,0,0,56,3.682,3.677,3.671,0,0,0,7.987,98.96,2.08746561798,5.905512,6,P-GPS,
49600,2026-05-28 08:10:46,51.9884376683402,4.39022005534454,5.905512,,,2.08746561798,6.233596,12.7281886,151.222773868,169.536422748,26,5,11.034,2.41554961798,6.233596,12.7281886,151.222773868,-12.079476,4.026492,-0.223694,162.5, 0.1, -2.9,,,0,0,1024,1024,1024,1024,0,0,0,0,155.8,0,0,56,3.682,3.677,3.671,0,0,0,7.987,98.96,2.08746561798,5.905512,6,P-GPS,
49700,2026-05-28 08:10:46,51.9884332371792,4.39022313714881,5.905512,,,2.08746561798,6.233596,12.2360618,152.981304108,171.295281072,26,5,11.034,2.41554961798,6.233596,12.7281886,152.981304108,-11.632088,3.802798,-0.447388,161.5, 23.6, -1.9,,,0,0,1024,1024,1024,1024,0,0,0,0,155.8,0,0,56,3.682,3.677,3.671,0,0,0,7.987,98.96,2.08746561798,5.905512,6,P-GPS,
49800,2026-05-28 08:10:46,51.9884291211128,4.39022554558778,6.233596,,,2.41554961798,6.56168,10.8267896,154.576448516,172.891409732,26,5,11.034,2.41554961798,6.233596,12.7281886,154.576448516,-10.289924,3.35541,-0.447388,161.6, 29.1, 0.4,,,0,0,1024,1024,1024,1024,0,0,0,0,155.8,0,0,56,3.682,3.677,3.671,0,0,0,7.987,98.96,2.41554961798,6.233596,6,P-GPS,
49900,2026-05-28 08:10:46,51.9884254312032,4.39022798354724,6.233596,,,2.41554961798,6.889764,9.618842,156.029860636,174.344821852,26,5,11.034,2.41554961798,6.233596,12.7281886,156.029860636,-9.171454,2.908022,-0.447388,161.9, 29.8, 0.3,,,0,0,1024,1024,1024,1024,0,0,0,0,155.8,0,0,56,3.682,3.677,3.671,0,0,0,7.987,98.96,2.41554961798,6.233596,6,P-GPS,
50000,2026-05-28 08:10:47,51.9884222989368,4.39022982277745,6.233596,,,2.41554961798,6.889764,8.4108944,157.244427604,175.560044988,26,5,11.034,2.41554961798,6.233596,12.7281886,157.244427604,-8.052984,2.460634,-0.223694,161.8, 30, -0.3,,,0,0,1024,1024,1024,1024,0,0,0,0,155.8,0,0,56,3.682,3.677,3.671,0,0,0,7.987,98.96,2.41554961798,6.233596,6,P-GPS,
50100,2026-05-28 08:10:47,51.9884190586577,4.39023163418438,6.233596,,,2.41554961798,6.889764,7.0016222,158.493115308,176.810373112,26,5,11.013,2.41554961798,6.233596,12.7281886,158.493115308,-6.71082,2.013246,0,161.4, 29.4, -0.9,,,0,0,1024,1024,1024,1024,0,0,0,0,155.8,0,0,56,3.7,3.696,3.693,0,0,0,9.02,98.96,2.41554961798,6.233596,6,P-GPS,
50200,2026-05-28 08:10:47,51.9884168591664,4.39023293489494,6.56168,,,2.74363361798,6.889764,5.816044,159.346789876,177.664375764,26,5,11.013,2.74363361798,6.56168,12.7281886,159.346789876,-5.59235,1.565858,0,160.9, 29, -2,,,0,0,1159,1024,1024,1024,20,0,0,0,155.8,0,0,56,3.7,3.696,3.693,0,0,0,9.02,98.96,2.74363361798,6.56168,6,P-GPS,
50300,2026-05-28 08:10:47,51.9884130764933,4.39023483169155,6.233596,,,2.41554961798,6.889764,4.6752046,160.786422468,179.108929616,26,5,11.013,2.74363361798,6.56168,12.7281886,160.786422468,-4.47388,1.342164,0,160.4, 25.9, -2.7,,,0,0,1159,1024,1024,1024,20,0,0,0,155.8,0,0,56,3.7,3.696,3.693,0,0,0,9.02,98.96,2.41554961798,6.233596,6,P-GPS,
50400,2026-05-28 08:10:47,51.9884116499853,4.39023571463555,6.233596,,,2.41554961798,6.889764,3.690951,161.3435091,179.666016248,26,5,11.013,2.74363361798,6.56168,12.7281886,161.3435091,-3.579104,0.894776,0.223694,160, 20.8, -5,,,0,0,1133,1024,1024,1024,17,0,0,0,155.8,0,0,56,3.7,3.696,3.693,0,0,0,9.02,98.96,2.41554961798,6.233596,6,P-GPS,
50500,2026-05-28 08:10:47,51.9884087327162,4.39023755481184,6.233596,,,2.41554961798,6.889764,2.7738056,162.48524142,180.807748568,26,5,11.013,2.74363361798,6.56168,12.7281886,162.48524142,-2.684328,0.671082,0.223694,159.5, 16.5, -3.1,,,0,0,1080,1024,1024,1024,8,0,0,0,155.8,0,0,56,3.7,3.696,3.693,0,0,0,9.02,98.96,2.41554961798,6.233596,6,P-GPS,
50600,2026-05-28 08:10:47,51.9884078255739,4.39023818061304,6.233596,,,2.41554961798,6.889764,2.0579848,162.844821484,181.167328632,26,5,11.013,2.74363361798,6.56168,12.7281886,162.844821484,-2.013246,0.447388,0.223694,159.8, 9.9, -3,,,0,0,1024,1024,1024,1024,0,0,0,0,155.8,0,0,56,3.7,3.696,3.693,0,0,0,9.02,98.96,2.41554961798,6.233596,6,P-GPS,
50700,2026-05-28 08:10:47,51.988405846871,4.39023908116922,6.233596,,,2.41554961798,6.889764,1.5882274,163.590228332,181.917000572,26,5,11.013,2.74363361798,6.56168,12.7281886,163.590228332,-1.565858,0.223694,0.223694,160.1, 7, -3.3,,,0,0,1024,1024,1024,1024,0,0,0,0,155.8,0,0,56,3.7,3.696,3.693,0,0,0,9.02,98.96,2.41554961798,6.233596,6,P-GPS,
50800,2026-05-28 08:10:47,51.9884052057854,4.39023951599146,6.233596,,,2.41554961798,6.889764,1.1408394,163.843837264,182.170609504,26,5,11.013,2.74363361798,6.56168,12.7281886,163.843837264,-1.11847,0.223694,0.223694,160.3, 5.2, -3.3,,,0,0,1024,1024,1024,1024,0,0,0,0,155.8,0,0,56,3.7,3.696,3.693,0,0,0,9.02,98.96,2.41554961798,6.233596,6,P-GPS,
50900,2026-05-28 08:10:48,51.9884036037906,4.3902401084048,6.233596,,,2.41554961798,6.889764,0.894776,164.436028884,182.770018972,26,5,11.013,2.74363361798,6.56168,12.7281886,164.436028884,-0.894776,0,0,160.4, 3.1, -3.1,,,0,0,1024,1024,1024,1024,0,0,0,0,155.8,0,0,56,3.7,3.696,3.693,0,0,0,9.02,98.96,2.41554961798,6.233596,6,P-GPS,
51000,2026-05-28 08:10:48,51.9884030886056,4.39024047414184,5.905512,,,2.08746561798,6.56168,0.671082,164.641081384,182.975071472,26,5,11.013,2.74363361798,6.56168,12.7281886,164.641081384,-0.671082,0,0,160.6, 1.7, -3.1,,,0,0,1024,1024,1024,1024,0,0,0,0,155.8,0,0,56,3.7,3.696,3.693,0,0,0,9.02,98.96,2.08746561798,5.905512,6,P-GPS,
51100,2026-05-28 08:10:48,51.9884024980309,4.39024057594723,5.905512,,,2.08746561798,6.56168,0.447388,164.849742808,183.191934996,26,5,11.057,2.74363361798,6.56168,12.7281886,164.849742808,-0.447388,0,0,160.9, 0.7, -3.1,,,0,0,1024,1024,1024,1024,0,0,0,0,155.8,0,0,56,3.692,3.685,3.678,0,0,0,6.475,98.96,2.08746561798,5.905512,6,P-GPS,
51200,2026-05-28 08:10:48,51.9884020723881,4.39024089822431,5.905512,,,2.08746561798,6.56168,0.223694,165.021002656,183.363194844,26,5,11.057,2.74363361798,6.56168,12.7281886,165.021002656,-0.223694,0,0,161.1, 0, -3.1,,,0,0,1024,1024,1024,1024,0,0,0,0,155.8,0,0,56,3.692,3.685,3.678,0,0,0,6.475,98.96,2.08746561798,5.905512,6,P-GPS,
51300,2026-05-28 08:10:48,51.9884019101977,4.39024047478173,5.905512,,,2.08746561798,6.56168,0.223694,165.040687696,183.475399572,26,5,11.057,2.74363361798,6.56168,12.7281886,165.040687696,-0.223694,0,0,161.4, -1, -3.1,,,0,0,1024,1024,1024,1024,0,0,0,0,155.8,0,0,56,3.692,3.685,3.678,0,0,0,6.475,98.96,2.08746561798,5.905512,6,P-GPS,
51400,2026-05-28 08:10:48,51.9884015385269,4.39024073223058,5.905512,,,2.08746561798,6.56168,0,165.187997412,183.622709288,26,5,11.057,2.74363361798,6.56168,12.7281886,165.187997412,0,0,0,161.6, -1.2, -2.9,,,0,0,1024,1024,1024,1024,0,0,0,0,155.8,0,0,56,3.692,3.685,3.678,0,0,0,6.475,98.96,2.08746561798,5.905512,6,P-GPS,
51500,2026-05-28 08:10:48,51.9884017661007,4.39024001227527,5.905512,,,2.08746561798,6.56168,0,165.051514468,183.804467824,26,5,11.057,2.74363361798,6.56168,12.7281886,165.187997412,0,0,0,161.5, -1.3, -3,,,0,0,1024,1024,1024,1024,0,0,0,0,155.8,0,0,56,3.692,3.685,3.678,0,0,0,6.475,98.96,2.08746561798,5.905512,6,P-GPS,
51600,2026-05-28 08:10:48,51.9884014498071,4.3902402010006,5.905512,,,2.08746561798,6.56168,0,165.174217884,183.927499324,26,5,11.057,2.74363361798,6.56168,12.7281886,165.187997412,0,0,0,161.4, -1, -4,,,0,0,1024,1024,1024,1024,0,0,0,0,155.8,0,0,56,3.692,3.685,3.678,0,0,0,6.475,98.96,2.08746561798,5.905512,6,P-GPS,
51700,2026-05-28 08:10:48,51.9884017011972,4.39023978632239,5.905512,,,2.08746561798,6.56168,0,165.054795308,184.058076756,26,5,11.057,2.74363361798,6.56168,12.7281886,165.187997412,0,0,0,161.3, -1, -3.9,,,0,0,1024,1024,1024,1024,0,0,0,0,155.8,0,0,56,3.692,3.685,3.678,0,0,0,6.475,98.96,2.08746561798,5.905512,6,P-GPS,
51800,2026-05-28 08:10:48,51.9884014659474,4.39023996297242,5.905512,,,2.08746561798,6.56168,0,165.1492835,184.152893032,26,5,11.057,2.74363361798,6.56168,12.7281886,165.187997412,0,0,0,161.1, -1.6, -3.3,,,0,0,1024,1024,1024,1024,0,0,0,0,155.8,0,0,56,3.692,3.685,3.678,0,0,0,6.475,98.96,2.08746561798,5.905512,6,P-GPS,
51900,2026-05-28 08:10:48,51.9884020418212,4.39023937962945,5.905512,,,2.08746561798,6.56168,0,164.905517088,184.400268368,26,5,11.057,2.74363361798,6.56168,12.7281886,165.187997412,0,0,0,161.2, -1.8, -3,,,0,0,1024,1024,1024,1024,0,0,0,0,155.8,0,0,56,3.692,3.685,3.678,0,0,0,6.475,98.96,2.08746561798,5.905512,6,P-GPS,
52000,2026-05-28 08:10:49,51.9884018897741,4.3902395074218,5.905512,,,2.08746561798,6.56168,0,164.967853048,184.462932412,26,5,11.057,2.74363361798,6.56168,12.7281886,165.187997412,0,0,0,161.3, -2.2, -2.7,,,0,0,1024,1024,1024,1024,0,0,0,0,155.8,0,0,56,3.692,3.685,3.678,0,0,0,6.475,98.96,2.08746561798,5.905512,6,P-GPS,
52100,2026-05-28 08:10:49,51.9884022449277,4.39023902413135,5.905512,,,2.08746561798,6.56168,0,164.807419972,184.631895672,26,5,11.058,2.74363361798,6.56168,12.7281886,165.187997412,0,0,0,161.3, -2.3, -2.6,,,0,0,1024,1024,1024,1024,0,0,0,0,155.8,0,0,56,3.692,3.687,3.683,0,0,0,7.234,98.96,2.08746561798,5.905512,6,P-GPS,
52200,2026-05-28 08:10:49,51.9884021353043,4.39023908968301,5.905512,,,2.08746561798,6.56168,0,164.850070892,184.674546592,26,5,11.058,2.74363361798,6.56168,12.7281886,165.187997412,0,0,0,161.5, -2.5, -2.8,,,0,0,1024,1024,1024,1024,0,0,0,0,155.8,0,0,56,3.692,3.687,3.683,0,0,0,7.234,98.96,2.08746561798,5.905512,6,P-GPS,
52300,2026-05-28 08:10:49,51.9884024673955,4.39023877068905,5.905512,,,2.08746561798,6.56168,0,164.710963276,184.815294628,26,5,11.058,2.74363361798,6.56168,12.7281886,165.187997412,0,0,0,161.5, -2.6, -2.7,,,0,0,1024,1024,1024,1024,0,0,0,0,155.8,0,0,56,3.692,3.687,3.683,0,0,0,7.234,98.96,2.08746561798,5.905512,6,P-GPS,
52400,2026-05-28 08:10:49,51.9884023934109,4.39023879670382,5.905512,,,2.08746561798,6.56168,0,164.738194248,184.842853684,26,5,11.058,2.74363361798,6.56168,12.7281886,165.187997412,0,0,0,161.7, -2.9, -2.9,,,0,0,1024,1024,1024,1024,0,0,0,0,155.8,0,0,56,3.692,3.687,3.683,0,0,0,7.234,98.96,2.08746561798,5.905512,6,P-GPS,
52500,2026-05-28 08:10:49,51.9884025824332,4.3902385104857,5.905512,,,2.08746561798,6.56168,0,164.65059582,184.937341876,26,5,11.058,2.74363361798,6.56168,12.7281886,165.187997412,0,0,0,161.8, -3.3, -2.7,,,0,0,1024,1024,1024,1024,0,0,0,0,155.8,0,0,56,3.692,3.687,3.683,0,0,0,7.234,98.96,2.08746561798,5.905512,6,P-GPS,
52600,2026-05-28 08:10:49,51.9884025252399,4.39023850753643,5.905512,,,2.08746561798,6.56168,0,164.669624692,184.958011168,26,5,11.058,2.74363361798,6.56168,12.7281886,165.187997412,0,0,0,161.8, -3.3, -2.8,,,0,0,1024,1024,1024,1024,0,0,0,0,155.8,0,0,56,3.692,3.687,3.683,0,0,0,7.234,98.96,2.08746561798,5.905512,6,P-GPS,
52700,2026-05-28 08:10:49,51.9884029719576,4.39023831146575,5.905512,,,2.08746561798,6.56168,0,164.501973768,185.126974428,26,5,11.058,2.74363361798,6.56168,12.7281886,165.187997412,0,0,0,161.8, -3.2, -2.8,,,0,0,1024,1024,1024,1024,0,0,0,0,155.8,0,0,56,3.692,3.687,3.683,0,0,0,7.234,98.96,2.08746561798,5.905512,6,P-GPS,
52800,2026-05-28 08:10:49,51.988402942727,4.39023828086014,5.905512,,,2.08746561798,6.56168,0,164.509191616,185.13944162,26,5,11.058,2.74363361798,6.56168,12.7281886,165.187997412,0,0,0,161.9, -3.3, -2.8,,,0,0,1024,1024,1024,1024,0,0,0,0,155.8,0,0,56,3.692,3.687,3.683,0,0,0,7.234,98.96,2.08746561798,5.905512,6,P-GPS,
52900,2026-05-28 08:10:49,51.988403118796,4.39023812357511,5.905512,,,2.08746561798,6.56168,0,164.436356968,185.212932436,26,5,11.058,2.74363361798,6.56168,12.7281886,165.187997412,0,0,0,161.8, -3.5, -2.9,,,0,0,1024,1024,1024,1024,0,0,0,0,155.8,0,0,56,3.692,3.687,3.683,0,0,0,7.234,98.96,2.08746561798,5.905512,6,P-GPS,
53000,2026-05-28 08:10:50,51.9884030980296,4.39023807379926,5.905512,,,2.08746561798,6.56168,0,164.439309724,185.22638388,26,5,11.058,2.74363361798,6.56168,12.7281886,165.187997412,0,0,0,161.9, -3.5, -2.9,,,0,0,1024,1024,1024,1024,0,0,0,0,155.8,0,0,56,3.692,3.687,3.683,0,0,0,7.234,98.96,2.08746561798,5.905512,6,P-GPS,
53100,2026-05-28 08:10:50,51.9884032358555,4.39023796292347,5.905512,,,2.08746561798,6.56168,0,164.383535444,185.282486244,26,5,11.059,2.74363361798,6.56168,12.7281886,165.187997412,0,0,0,161.8, -3.5, -2.8,,,0,0,1024,1024,1024,1024,0,0,0,0,155.8,0,0,56,3.692,3.687,3.683,0,0,0,7.044,98.96,2.08746561798,5.905512,6,P-GPS,
53200,2026-05-28 08:10:50,51.9884032160828,4.39023790602486,5.905512,,,2.08746561798,6.56168,0,164.385503948,185.297250024,26,5,11.059,2.74363361798,6.56168,12.7281886,165.187997412,0,0,0,161.8, -3.3, -2.7,,,0,0,1024,1024,1024,1024,0,0,0,0,155.8,0,0,56,3.692,3.687,3.683,0,0,0,7.044,98.96,2.08746561798,5.905512,6,P-GPS,
53300,2026-05-28 08:10:50,51.988403355725,4.39023783429643,5.905512,,,2.08746561798,6.56168,0,164.33235434,185.350727716,26,5,11.059,2.74363361798,6.56168,12.7281886,165.187997412,0,0,0,161.8, -3.4, -2.8,,,0,0,1024,1024,1024,1024,0,0,0,0,155.8,0,0,56,3.692,3.687,3.683,0,0,0,7.044,98.96,2.08746561798,5.905512,6,P-GPS,
53400,2026-05-28 08:10:50,51.9884033470551,4.39023776376441,5.905512,,,2.08746561798,6.56168,0,164.329401584,185.366803832,26,5,11.059,2.74363361798,6.56168,12.7281886,165.187997412,0,0,0,162, -3.6, -2.8,,,0,0,1024,1024,1024,1024,0,0,0,0,155.8,0,0,56,3.692,3.687,3.683,0,0,0,7.044,98.96,2.08746561798,5.905512,6,P-GPS,
53500,2026-05-28 08:10:50,51.9884034860462,4.39023771231915,5.905512,,,2.08746561798,6.56168,0,164.277892396,185.418969188,26,5,11.059,2.74363361798,6.56168,12.7281886,165.187997412,0,0,0,161.9, -3.4, -2.7,,,0,0,1024,1024,1024,1024,0,0,0,0,155.8,0,0,56,3.692,3.687,3.683,0,0,0,7.044,98.96,2.08746561798,5.905512,6,P-GPS,
53600,2026-05-28 08:10:50,51.9884034866287,4.39023763076911,5.905512,,,2.08746561798,6.56168,0,164.271002632,185.437013808,26,5,11.059,2.74363361798,6.56168,12.7281886,165.187997412,0,0,0,162, -3.4, -2.6,,,0,0,1024,1024,1024,1024,0,0,0,0,155.8,0,0,56,3.692,3.687,3.683,0,0,0,7.044,98.96,2.08746561798,5.905512,6,P-GPS,
53700,2026-05-28 08:10:50,51.988403467747,4.39023757598506,5.905512,,,2.08746561798,6.56168,0,164.272971136,185.45112142,26,5,11.059,2.74363361798,6.56168,12.7281886,165.187997412,0,0,0,161.9, -3.2, -2.9,,,0,0,1024,1024,1024,1024,0,0,0,0,155.8,0,0,56,3.692,3.687,3.683,0,0,0,7.044,98.96,2.08746561798,5.905512,6,P-GPS,
53800,2026-05-28 08:10:50,51.9884034631209,4.39023748191454,5.905512,,,2.08746561798,6.56168,0,164.26673754,185.47244688,26,5,11.059,2.74363361798,6.56168,12.7281886,165.187997412,0,0,0,161.8, -3, -3.1,,,0,0,1024,1024,1024,1024,0,0,0,0,155.8,0,0,56,3.692,3.687,3.683,0,0,0,7.044,98.96,2.08746561798,5.905512,6,P-GPS,
53900,2026-05-28 08:10:50,51.9884034542454,4.39023760069214,6.233596,,,2.41554961798,6.56168,0,164.279532816,185.499349768,26,5,11.059,2.74363361798,6.56168,12.7281886,165.187997412,0,0,0,161.9, -3.1, -3.1,,,0,0,1024,1024,1024,1024,0,0,0,0,155.8,0,0,56,3.692,3.687,3.683,0,0,0,7.044,98.96,2.41554961798,6.233596,6,P-GPS,
54000,2026-05-28 08:10:51,51.9884034575009,4.39023752139578,6.233596,,,2.41554961798,6.56168,0,164.271986884,185.517066304,26,5,11.059,2.74363361798,6.56168,12.7281886,165.187997412,0,0,0,161.8, -3.1, -2.9,,,0,0,1024,1024,1024,1024,0,0,0,0,155.8,0,0,56,3.692,3.687,3.683,0,0,0,7.044,98.96,2.41554961798,6.233596,6,P-GPS,
54100,2026-05-28 08:10:51,51.9884034633607,4.39023750019444,6.233596,,,2.41554961798,6.56168,0,164.26837796,185.522315648,26,5,11.058,2.74363361798,6.56168,12.7281886,165.187997412,0,0,0,161.8, -3.1, -2.8,,,0,0,1024,1024,1024,1024,0,0,0,0,155.8,0,0,56,3.692,3.686,3.682,0,0,0,7.007,98.96,2.41554961798,6.233596,6,P-GPS,
54200,2026-05-28 08:10:51,51.988403470043,4.39023742114849,6.233596,,,2.41554961798,6.56168,0,164.259519692,185.540360268,26,5,11.058,2.74363361798,6.56168,12.7281886,165.187997412,0,0,0,161.7, -3, -2.8,,,0,0,1024,1024,1024,1024,0,0,0,0,155.8,0,0,56,3.692,3.686,3.682,0,0,0,7.007,98.96,2.41554961798,6.233596,6,P-GPS,
54300,2026-05-28 08:10:51,51.9884034853951,4.39023756991959,6.233596,,,2.41554961798,6.56168,0,164.266409456,185.57415292,26,5,11.058,2.74363361798,6.56168,12.7281886,165.187997412,0,0,0,161.8, -3, -2.9,,,0,0,1024,1024,1024,1024,0,0,0,0,155.8,0,0,56,3.692,3.686,3.682,0,0,0,7.007,98.96,2.41554961798,6.233596,6,P-GPS,
54400,2026-05-28 08:10:51,51.9884034948187,4.3902374934612,6.233596,,,2.41554961798,6.56168,0,164.25689502,185.591869456,26,5,11.058,2.74363361798,6.56168,12.7281886,165.187997412,0,0,0,161.9, -3, -3,,,0,0,1024,1024,1024,1024,0,0,0,0,155.8,0,0,56,3.692,3.686,3.682,0,0,0,7.007,98.96,2.41554961798,6.233596,6,P-GPS,
54500,2026-05-28 08:10:51,51.9884033287217,4.39023743720252,6.233596,,,2.41554961798,6.56168,0,164.308732292,185.653549248,26,5,11.058,2.74363361798,6.56168,12.7281886,165.187997412,0,0,0,161.8, -3, -3.1,,,0,0,1024,1024,1024,1024,0,0,0,0,155.8,0,0,56,3.692,3.686,3.682,0,0,0,7.007,98.96,2.41554961798,6.233596,6,P-GPS,
54600,2026-05-28 08:10:51,51.9884033294414,4.3902373504217,6.233596,,,2.41554961798,6.56168,0,164.301514444,185.673234288,26,5,11.058,2.74363361798,6.56168,12.7281886,165.187997412,0,0,0,161.7, -2.9, -3.1,,,0,0,1024,1024,1024,1024,0,0,0,0,155.8,0,0,56,3.692,3.686,3.682,0,0,0,7.007,98.96,2.41554961798,6.233596,6,P-GPS,
54700,2026-05-28 08:10:51,51.9884033529492,4.39023746736296,6.233596,,,2.41554961798,6.56168,0,164.303154864,185.700793344,26,5,11.058,2.74363361798,6.56168,12.7281886,165.187997412,0,0,0,161.6, -3.1, -3.2,,,0,0,1024,1024,1024,1024,0,0,0,0,155.8,0,0,56,3.692,3.686,3.682,0,0,0,7.007,98.96,2.41554961798,6.233596,6,P-GPS,
54800,2026-05-28 08:10:51,51.9884033705973,4.39023739390949,6.233596,,,2.41554961798,6.56168,0,164.291015756,185.71850988,26,5,11.058,2.74363361798,6.56168,12.7281886,165.187997412,0,0,0,161.7, -3.2, -2.7,,,0,0,1024,1024,1024,1024,0,0,0,0,155.8,0,0,56,3.692,3.686,3.682,0,0,0,7.007,98.96,2.41554961798,6.233596,6,P-GPS,
54900,2026-05-28 08:10:51,51.9884032390081,4.39023733556405,6.233596,,,2.41554961798,6.56168,0,164.33071392,185.768378648,26,5,11.058,2.74363361798,6.56168,12.7281886,165.187997412,0,0,0,161.9, -3.2, -3.3,,,0,0,1024,1024,1024,1024,0,0,0,0,155.8,0,0,56,3.692,3.686,3.682,0,0,0,7.007,98.96,2.41554961798,6.233596,6,P-GPS,
55000,2026-05-28 08:10:52,51.9884032503508,4.39023725459831,6.233596,,,2.41554961798,6.56168,0,164.320215232,185.787079436,26,5,11.058,2.74363361798,6.56168,12.7281886,165.187997412,0,0,0,161.8, -3.2, -3.5,,,0,0,1024,1024,1024,1024,0,0,0,0,155.8,0,0,56,3.692,3.686,3.682,0,0,0,7.007,98.96,2.41554961798,6.233596,6,P-GPS,
55100,2026-05-28 08:10:52,51.9884032869491,4.39023724722514,6.233596,,,2.41554961798,6.56168,0,164.307419956,185.80053088,26,5,11.056,2.74363361798,6.56168,12.7281886,165.187997412,0,0,0,161.9, -3.2, -3.3,,,0,0,1024,1024,1024,1024,0,0,0,0,155.8,0,0,56,3.689,3.684,3.681,0,0,0,7.03,98.96,2.41554961798,6.233596,6,P-GPS,
55200,2026-05-28 08:10:52,51.9884033024382,4.3902372049894,6.233596,,,2.41554961798,6.56168,0,164.298561688,185.811357652,26,5,11.056,2.74363361798,6.56168,12.7281886,165.187997412,0,0,0,161.8, -3, -2.8,,,0,0,1092,1024,1024,1024,10,0,0,0,155.8,0,0,56,3.689,3.684,3.681,0,0,0,7.03,98.96,2.41554961798,6.233596,6,P-GPS,
55300,2026-05-28 08:10:52,51.9884031327088,4.39023724040845,6.233596,,,2.41554961798,6.56168,0,164.359257228,185.874021696,26,5,11.056,2.74363361798,6.56168,12.7281886,165.187997412,0,0,0,162, -2.8, -2.7,,,0,0,1358,1024,1024,1024,51,0,0,0,155.8,0,0,56,3.689,3.684,3.681,0,0,0,7.03,98.96,2.41554961798,6.233596,6,P-GPS,
55400,2026-05-28 08:10:52,51.9884031282539,4.39023720966372,6.233596,,,2.41554961798,6.56168,0,164.358272976,185.88091146,26,5,11.056,2.74363361798,6.56168,12.7281886,165.187997412,0,0,0,162, -4, -2.9,,,0,0,1451,1024,1024,1024,65,0,0,0,155.8,0,0,56,3.689,3.684,3.681,0,0,0,7.03,98.96,2.41554961798,6.233596,6,P-GPS,
55500,2026-05-28 08:10:52,51.9884031031354,4.3902372506196,6.233596,,,2.41554961798,6.56168,0,164.370084,185.89403482,26,5,11.056,2.74363361798,6.56168,12.7281886,165.187997412,0,0,0,162.1, -10.2, -2.9,,,0,0,1419,1024,1024,1024,60,0,0,0,155.8,0,0,56,3.689,3.684,3.681,0,0,0,7.03,98.96,2.41554961798,6.233596,6,P-GPS,
55600,2026-05-28 08:10:52,51.9884029888858,4.39023728528745,6.233596,,,2.41554961798,6.56168,0.447388,164.411750668,185.936357656,26,5,11.056,2.74363361798,6.56168,12.7281886,165.187997412,-0.447388,0,0,162.4, -16.8, -2.8,,,0,0,1374,1024,1024,1024,53,0,0,0,155.8,0,0,56,3.689,3.684,3.681,0,0,0,7.03,98.96,2.41554961798,6.233596,6,P-GPS,
55700,2026-05-28 08:10:52,51.9884026915078,4.39023753013242,6.233596,,,2.41554961798,6.56168,0.9171454,164.532813664,186.05807682,26,5,11.056,2.74363361798,6.56168,12.7281886,165.187997412,-0.894776,0.223694,0,162.5, -18.5, -3,,,0,0,1356,1024,1024,1024,50,0,0,0,155.8,0,0,56,3.689,3.684,3.681,0,0,0,7.03,98.96,2.41554961798,6.233596,6,P-GPS,
55800,2026-05-28 08:10:52,51.9884021745062,4.39023779392504,6.233596,,,2.41554961798,6.56168,1.4092722,164.729992148,186.255583388,26,5,11.056,2.74363361798,6.56168,12.7281886,165.187997412,-1.342164,0.447388,0,162.6, -16.8, -2.6,,,0,0,1356,1024,1024,1024,50,0,0,0,155.8,0,0,56,3.689,3.684,3.681,0,0,0,7.03,98.96,2.41554961798,6.233596,6,P-GPS,
55900,2026-05-28 08:10:52,51.9884014852737,4.39023821041183,6.233596,,,2.41554961798,6.56168,2.125093,164.99836486,186.5239561,26,5,11.056,2.74363361798,6.56168,12.7281886,165.187997412,-2.013246,0.671082,0,162.5, -16.1, -2.6,,,0,0,1397,1024,1024,1024,57,0,0,0,155.8,0,0,56,3.689,3.684,3.681,0,0,0,7.03,98.96,2.41554961798,6.233596,6,P-GPS,
56000,2026-05-28 08:10:53,51.9884005972525,4.39023867845517,6.233596,,,2.41554961798,6.56168,2.3264176,165.338259884,186.864835376,26,5,11.056,2.74363361798,6.56168,12.7281886,165.338259884,-2.23694,0.671082,0,162.5, -16.8, -2.9,,,0,0,1399,1024,1024,1024,57,0,0,0,155.8,0,0,56,3.689,3.684,3.681,0,0,0,7.03,98.96,2.41554961798,6.233596,6,P-GPS,
56100,2026-05-28 08:10:53,51.9883996949416,4.39023920028091,6.233596,,,2.41554961798,6.56168,2.8185444,165.687669344,187.214244836,26,5,11.053,2.74363361798,6.56168,12.7281886,165.687669344,-2.684328,0.894776,0,162.5, -18, -2.9,,,0,0,1399,1024,1024,1024,57,0,0,0,155.8,0,0,56,3.684,3.678,3.675,0,0,0,7.188,98.96,2.41554961798,6.233596,6,P-GPS,
56200,2026-05-28 08:10:53,51.9883984789413,4.39023985732782,5.905512,,,2.08746561798,6.56168,3.3330406,166.154532876,187.681764536,26,5,11.053,2.74363361798,6.56168,12.7281886,166.154532876,-3.131716,1.11847,0,162.5, -18.5, -2.7,,,0,0,1399,1024,1024,1024,57,0,0,0,155.8,0,0,56,3.684,3.678,3.675,0,0,0,7.188,98.96,2.08746561798,5.905512,6,P-GPS,
56300,2026-05-28 08:10:53,51.9883976321102,4.39024022303712,5.905512,,,2.08746561798,6.56168,3.7580592,166.472118188,188.001318352,26,5,11.053,2.74363361798,6.56168,12.7281886,166.472118188,-3.579104,1.11847,0,162.5, -18.3, -2.6,,,0,0,1399,1024,1024,1024,57,0,0,0,155.8,0,0,56,3.684,3.678,3.675,0,0,0,7.188,98.96,2.08746561798,5.905512,6,P-GPS,
56400,2026-05-28 08:10:53,51.9883960937165,4.39024104833142,5.905512,,,2.08746561798,6.56168,4.250186,167.062341304,188.59252572,26,5,11.053,2.74363361798,6.56168,12.7281886,167.062341304,-4.026492,1.342164,0,162.7, -17.9, -2.6,,,0,0,1398,1024,1024,1024,57,0,0,0,155.8,0,0,56,3.684,3.678,3.675,0,0,0,7.188,98.96,2.08746561798,5.905512,6,P-GPS,
56500,2026-05-28 08:10:53,51.9883944706124,4.39024217397808,5.905512,,,2.08746561798,6.56168,4.6752046,167.706042112,189.236554612,26,5,11.053,2.74363361798,6.56168,12.7281886,167.706042112,-4.47388,1.342164,0,162.6, -17.6, -2.7,,,0,0,1398,1024,1024,1024,57,0,0,0,155.8,0,0,56,3.684,3.678,3.675,0,0,0,7.188,98.96,2.08746561798,5.905512,6,P-GPS,
56600,2026-05-28 08:10:53,51.9883926080092,4.39024319103045,5.905512,,,2.08746561798,6.56168,5.1673314,168.422249484,189.953418152,26,5,11.053,2.74363361798,6.56168,12.7281886,168.422249484,-4.921268,1.565858,0,162.6, -17.2, -2.8,,,0,0,1386,1024,1024,1024,55,0,0,0,155.8,0,0,56,3.684,3.678,3.675,0,0,0,7.188,98.96,2.08746561798,5.905512,6,P-GPS,
56700,2026-05-28 08:10:53,51.9883910578616,4.39024419013681,5.905512,,,2.08746561798,6.889764,5.6594582,169.03051722,190.562013972,26,5,11.053,2.74363361798,6.56168,12.7281886,169.03051722,-5.368656,1.789552,0,162.4, -17.1, -2.8,,,0,0,1386,1024,1024,1024,55,0,0,0,155.8,0,0,56,3.684,3.678,3.675,0,0,0,7.188,98.96,2.08746561798,5.905512,6,P-GPS,
56800,2026-05-28 08:10:53,51.9883889452048,4.3902453804726,5.905512,,,2.08746561798,6.889764,5.8607828,169.84580596,191.37795888,26,5,11.053,2.74363361798,6.56168,12.7281886,169.84580596,-5.59235,1.789552,0,162.4, -16.6, -2.5,,,0,0,1385,1024,1024,1024,55,0,0,0,155.8,0,0,56,3.684,3.678,3.675,0,0,0,7.188,98.96,2.08746561798,5.905512,6,P-GPS,
56900,2026-05-28 08:10:53,51.9883867941336,4.39024673529963,5.905512,,,2.08746561798,6.889764,6.375279,170.687669504,192.21949434,26,5,11.053,2.74363361798,6.56168,12.7281886,170.687669504,-6.039738,2.013246,0,162.5, -15.9, -2.3,,,0,0,1385,1024,1024,1024,55,0,0,0,155.8,0,0,56,3.684,3.678,3.675,0,0,0,7.188,98.96,2.08746561798,5.905512,6,P-GPS,
57000,2026-05-28 08:10:54,51.9883844334107,4.39024806650469,5.905512,,,2.08746561798,6.889764,6.5766036,171.598758772,193.131239776,26,5,11.053,2.74363361798,6.56168,12.7281886,171.598758772,-6.263432,2.013246,0,162.4, -15.4, -2.3,,,0,0,1385,1024,1024,1024,55,0,0,0,155.8,0,0,56,3.684,3.678,3.675,0,0,0,7.188,98.96,2.08746561798,5.905512,6,P-GPS,
57100,2026-05-28 08:10:54,51.9883818983665,4.39024953432207,6.233596,,,2.41554961798,6.889764,6.8002976,172.580058016,194.113195188,26,5,11.04,2.74363361798,6.56168,12.7281886,172.580058016,-6.487126,2.013246,0,162.4, -15.2, -2.5,,,0,0,1384,1024,1024,1024,55,0,0,0,155.8,0,0,56,3.686,3.681,3.677,0,0,0,7.563,98.96,2.41554961798,6.233596,6,P-GPS,
57200,2026-05-28 08:10:54,51.9883793188425,4.39025098210669,6.233596,,,2.41554961798,6.889764,7.0687304,173.575136788,195.108930128,26,5,11.04,2.74363361798,6.56168,12.7281886,173.575136788,-6.71082,2.23694,0,162.1, -14.9, -2.5,,,0,0,1386,1024,1024,1024,55,0,0,0,155.8,0,0,56,3.686,3.681,3.677,0,0,0,7.563,98.96,2.41554961798,6.233596,6,P-GPS,
57300,2026-05-28 08:10:54,51.9883765491653,4.39025261814365,6.233596,,,2.41554961798,6.889764,7.493749,174.650268056,196.18438948,26,5,11.04,2.74363361798,6.56168,12.7281886,174.650268056,-7.158208,2.23694,0,162.2, -14.4, -2.3,,,0,0,1304,1024,1024,1024,42,0,0,0,155.8,0,0,56,3.686,3.681,3.677,0,0,0,7.563,98.96,2.41554961798,6.233596,6,P-GPS,
57400,2026-05-28 08:10:54,51.9883737747591,4.39025418492846,6.233596,,,2.41554961798,6.889764,7.7845512,175.721134232,197.256239908,26,5,11.04,2.74363361798,6.56168,12.7281886,175.721134232,-7.381902,2.460634,0,162, -13.5, -2.4,,,0,0,1359,1024,1024,1024,51,0,0,0,155.8,0,0,56,3.686,3.681,3.677,0,0,0,7.563,98.96,2.41554961798,6.233596,6,P-GPS,
57500,2026-05-28 08:10:54,51.9883708540629,4.39025611516881,6.233596,,,2.41554961798,6.889764,7.9858758,176.871396736,198.406502412,26,5,11.04,2.74363361798,6.56168,12.7281886,176.871396736,-7.605596,2.460634,0,162.1, -11.5, -2.3,,,0,0,1391,1024,1024,1024,56,0,0,0,155.8,0,0,56,3.686,3.681,3.677,0,0,0,7.563,98.96,2.41554961798,6.233596,6,P-GPS,
57600,2026-05-28 08:10:54,51.9883679367934,4.3902577805315,6.233596,,,2.41554961798,6.889764,7.9858758,177.999021444,199.534783288,26,5,11.04,2.74363361798,6.56168,12.7281886,177.999021444,-7.605596,2.460634,0,162.2, -11.3, -2.4,,,0,0,1391,1024,1024,1024,56,0,0,0,155.8,0,0,56,3.686,3.681,3.677,0,0,0,7.563,98.96,2.41554961798,6.233596,6,P-GPS,
57700,2026-05-28 08:10:54,51.9883649662715,4.39025983411247,6.233596,,,2.41554961798,6.889764,8.2095698,179.17651492,200.712604848,26,5,11.04,2.74363361798,6.56168,12.7281886,179.17651492,-7.82929,2.460634,0,162.4, -12.6, -2.4,,,0,0,1398,1024,1024,1024,57,0,0,0,155.8,0,0,56,3.686,3.681,3.677,0,0,0,7.563,98.96,2.41554961798,6.233596,6,P-GPS,
57800,2026-05-28 08:10:54,51.988361943765,4.39026158909396,6.233596,,,2.41554961798,6.889764,8.2095698,180.347118632,201.883864728,26,5,11.04,2.74363361798,6.56168,12.7281886,180.347118632,-7.82929,2.460634,0,162.4, -13.6, -2.6,,,0,0,1397,1024,1024,1024,57,0,0,0,155.8,0,0,56,3.686,3.681,3.677,0,0,0,7.563,98.96,2.41554961798,6.233596,6,P-GPS,
57900,2026-05-28 08:10:54,51.9883584802979,4.39026362962581,6.233596,,,2.41554961798,6.889764,8.4780026,181.690950696,203.228024876,26,5,11.04,2.74363361798,6.56168,12.7281886,181.690950696,-8.052984,2.684328,0,162.3, -13.9, -2.5,,,0,0,1398,1024,1024,1024,57,0,0,0,155.8,0,0,56,3.686,3.681,3.677,0,0,0,7.563,98.96,2.41554961798,6.233596,6,P-GPS,
58000,2026-05-28 08:10:55,51.9883552831273,4.3902654880821,6.233596,,,2.41554961798,6.889764,8.7016966,182.929467796,204.467198144,26,5,11.04,2.74363361798,6.56168,12.7281886,182.929467796,-8.276678,2.684328,0,162.2, -13.9, -2.5,,,0,0,1399,1024,1024,1024,57,0,0,0,155.8,0,0,56,3.686,3.681,3.677,0,0,0,7.563,98.96,2.41554961798,6.233596,6,P-GPS,
58100,2026-05-28 08:10:55,51.9883518372054,4.39026750073502,6.233596,,,2.41554961798,6.889764,8.9030212,184.26509776,205.803156192,26,5,11.054,2.74363361798,6.56168,12.7281886,184.26509776,-8.500372,2.684328,0,162.2, -13.8, -2.3,,,0,0,1229,1024,1024,1024,31,0,0,0,155.8,0,0,55,3.691,3.685,3.68,0,0,0,7.114,98.96,2.41554961798,6.233596,6,P-GPS,
58200,2026-05-28 08:10:55,51.9883484646855,4.39026945584939,6.233596,,,2.41554961798,6.889764,9.1938234,185.571200164,207.10958668,26,5,11.054,2.74363361798,6.56168,12.7281886,185.571200164,-8.724066,2.908022,0,162.1, -13.2, -2.6,,,0,0,1024,1024,1024,1024,0,0,0,0,155.8,0,0,55,3.691,3.685,3.68,0,0,0,7.114,98.96,2.41554961798,6.233596,6,P-GPS,
58300,2026-05-28 08:10:55,51.988344779333,4.39027180897584,6.233596,,,2.41554961798,6.889764,9.4175174,187.015754016,208.554468616,26,5,11.054,2.74363361798,6.56168,12.7281886,187.015754016,-8.94776,2.908022,0,162, -3.5, -2.4,,,0,0,1024,1024,1024,1024,0,0,0,0,155.8,0,0,55,3.691,3.685,3.68,0,0,0,7.114,98.96,2.41554961798,6.233596,6,P-GPS,
58400,2026-05-28 08:10:55,51.988341368022,4.39027380524079,6.233596,,,2.41554961798,6.889764,8.9030212,188.33826062,209.877303304,26,5,11.054,2.74363361798,6.56168,12.7281886,188.33826062,-8.500372,2.684328,0,161.5, 16, -2.4,,,0,0,1024,1024,1024,1024,0,0,0,0,155.8,0,0,55,3.691,3.685,3.68,0,0,0,7.114,98.96,2.41554961798,6.233596,6,P-GPS,
58500,2026-05-28 08:10:55,51.9883382136527,4.39027563612407,6.233596,,,2.41554961798,7.217848,7.7845512,189.560045436,211.099744288,26,5,11.054,2.74363361798,6.56168,12.7281886,189.560045436,-7.381902,2.460634,-0.223694,160.6, 30.2, -2.1,,,0,0,1024,1024,1024,1024,0,0,0,0,155.8,0,0,55,3.691,3.685,3.68,0,0,0,7.114,98.96,2.41554961798,6.233596,6,P-GPS,
58600,2026-05-28 08:10:55,51.9883356492415,4.39027717413942,6.233596,,,2.41554961798,7.217848,6.3081708,190.557420796,212.097119648,26,5,11.054,2.74363361798,6.56168,12.7281886,190.557420796,-6.039738,1.789552,-0.223694,161, 27.6, -0.7,,,0,0,1024,1024,1024,1024,0,0,0,0,155.8,0,0,55,3.691,3.685,3.68,0,0,0,7.114,98.96,2.41554961798,6.233596,6,P-GPS,
58700,2026-05-28 08:10:55,51.98833369881,4.39027828988082,6.233596,,,2.41554961798,6.889764,5.1673314,191.311357828,212.851384764,26,5,11.054,2.74363361798,6.56168,12.7281886,191.311357828,-4.921268,1.565858,-0.223694,161, 24.1, -2.2,,,0,0,1024,1024,1024,1024,0,0,0,0,155.8,0,0,55,3.691,3.685,3.68,0,0,0,7.114,98.96,2.41554961798,6.233596,6,P-GPS,
58800,2026-05-28 08:10:55,51.9883320340023,4.39027930537495,6.233596,,,2.41554961798,6.889764,4.1830778,191.96030798,213.500334916,26,5,11.054,2.74363361798,6.56168,12.7281886,191.96030798,-4.026492,1.11847,0,160.7, 21, -3,,,0,0,1024,1024,1024,1024,0,0,0,0,155.8,0,0,55,3.691,3.685,3.68,0,0,0,7.114,98.96,2.41554961798,6.233596,6,P-GPS,
58900,2026-05-28 08:10:56,51.9883296031333,4.39028051621637,6.233596,,,2.41554961798,6.889764,3.2659324,192.88550486,214.428156468,26,5,11.054,2.74363361798,6.56168,12.7281886,192.88550486,-3.131716,0.894776,0,160, 19.1, -4,,,0,0,1024,1024,1024,1024,0,0,0,0,155.8,0,0,55,3.691,3.685,3.68,0,0,0,7.114,98.96,2.41554961798,6.233596,6,P-GPS,
59000,2026-05-28 08:10:56,51.9883285210186,4.39028120464782,6.233596,,,2.41554961798,6.889764,2.5501116,193.309389388,214.852040996,26,5,11.054,2.74363361798,6.56168,12.7281886,193.309389388,-2.460634,0.671082,0.223694,159.4, 16, -3.7,,,0,0,1024,1024,1024,1024,0,0,0,0,155.8,0,0,55,3.691,3.685,3.68,0,0,0,7.114,98.96,2.41554961798,6.233596,6,P-GPS,
59100,2026-05-28 08:10:56,51.9883262284894,4.39028240714226,6.233596,,,2.41554961798,6.889764,1.8342908,194.187014088,215.730978032,26,5,11.053,2.74363361798,6.56168,12.7281886,194.187014088,-1.789552,0.447388,0.223694,159.6, 10.7, -2.9,,,0,0,1024,1024,1024,1024,0,0,0,0,155.8,0,0,55,3.699,3.691,3.683,0,0,0,6.878,98.96,2.41554961798,6.233596,6,P-GPS,
59200,2026-05-28 08:10:56,51.9883255424099,4.39028282568786,6.233596,,,2.41554961798,6.889764,1.3645334,194.454402548,215.998366492,26,5,11.053,2.74363361798,6.56168,12.7281886,194.454402548,-1.342164,0.223694,0.223694,159.8, 6.8, -3.1,,,0,0,1024,1024,1024,1024,0,0,0,0,155.8,0,0,55,3.699,3.691,3.683,0,0,0,6.878,98.96,2.41554961798,6.233596,6,P-GPS,
59300,2026-05-28 08:10:56,51.9883243865503,4.39028335444152,6.233596,,,2.41554961798,6.889764,1.3645334,194.890426184,216.436686716,26,5,11.053,2.74363361798,6.56168,12.7281886,194.890426184,-0.894776,0,0.223694,160.3, 4.1, -3.1,,,0,0,1024,1024,1024,1024,0,0,0,0,155.8,0,0,55,3.699,3.691,3.683,0,0,0,6.878,98.96,2.41554961798,6.233596,6,P-GPS,
59400,2026-05-28 08:10:56,51.9883239246863,4.39028361369885,6.233596,,,2.41554961798,6.889764,0.671082,195.068575796,216.614836328,26,5,11.053,2.74363361798,6.56168,12.7281886,195.068575796,-0.671082,0,0,160.3, 2.3, -3.5,,,0,0,1024,1024,1024,1024,0,0,0,0,155.8,0,0,55,3.699,3.691,3.683,0,0,0,6.878,98.96,2.41554961798,6.233596,6,P-GPS,
59500,2026-05-28 08:10:56,51.9883230178522,4.39028365031427,5.905512,,,2.08746561798,6.56168,0.447388,195.380255596,216.945873084,26,5,11.053,2.74363361798,6.56168,12.7281886,195.380255596,-0.447388,0,0,160.5, 0.7, -3.8,,,0,0,1024,1024,1024,1024,0,0,0,0,155.8,0,0,55,3.699,3.691,3.683,0,0,0,6.878,98.96,2.08746561798,5.905512,6,P-GPS,
59600,2026-05-28 08:10:56,51.9883226620133,4.39028383689721,5.905512,,,2.08746561798,6.56168,0.223694,195.516410456,217.082356028,26,5,11.053,2.74363361798,6.56168,12.7281886,195.516410456,-0.223694,0,0,160.9, -0.4, -3.8,,,0,0,1024,1024,1024,1024,0,0,0,0,155.8,0,0,55,3.699,3.691,3.683,0,0,0,6.878,98.96,2.08746561798,5.905512,6,P-GPS,
59700,2026-05-28 08:10:56,51.9883222989781,4.39028377735537,5.905512,,,2.08746561798,6.56168,0.223694,195.635176864,217.215558132,26,5,11.053,2.74363361798,6.56168,12.7281886,195.635176864,-0.223694,0,0,161, -1.1, -3.8,,,0,0,1024,1024,1024,1024,0,0,0,0,155.8,0,0,55,3.699,3.691,3.683,0,0,0,6.878,98.96,2.08746561798,5.905512,6,P-GPS,
59800,2026-05-28 08:10:56,51.9883220079058,4.3902839381183,5.905512,,,2.08746561798,6.56168,0,195.747053508,217.327434776,26,5,11.053,2.74363361798,6.56168,12.7281886,195.747053508,0,0,0,161.1, -1.7, -3.7,,,0,0,1024,1024,1024,1024,0,0,0,0,155.8,0,0,55,3.699,3.691,3.683,0,0,0,6.878,98.96,2.08746561798,5.905512,6,P-GPS,
59900,2026-05-28 08:10:56,51.9883221014917,4.39028352004563,5.905512,,,2.08746561798,6.56168,0,195.681436708,217.427500396,26,5,11.053,2.74363361798,6.56168,12.7281886,195.747053508,0,0,0,161.4, -2.3, -3.7,,,0,0,1024,1024,1024,1024,0,0,0,0,155.8,0,0,55,3.699,3.691,3.683,0,0,0,6.878,98.96,2.08746561798,5.905512,6,P-GPS,
60000,2026-05-28 08:10:57,51.988321871245,4.39028364227331,5.905512,,,2.08746561798,6.56168,0,195.769691304,217.515754992,26,5,11.053,2.74363361798,6.56168,12.7281886,195.769691304,0,0,0,161.3, -2.7, -4.1,,,0,0,1024,1024,1024,1024,0,0,0,0,155.8,0,0,55,3.699,3.691,3.683,0,0,0,6.878,98.96,2.08746561798,5.905512,6,P-GPS,
60100,2026-05-28 08:10:57,51.9883220999154,4.3902830462151,5.905512,,,2.08746561798,6.56168,0,195.643707048,217.673563396,26,5,11.046,2.74363361798,6.56168,12.7281886,195.769691304,0,0,0,161.5, -3.4, -4.5,,,0,0,1024,1024,1024,1024,0,0,0,0,155.8,0,0,55,3.687,3.682,3.679,0,0,0,6.994,98.96,2.08746561798,5.905512,6,P-GPS,
60200,2026-05-28 08:10:57,51.9883219133947,4.39028315255571,5.905512,,,2.08746561798,6.56168,0,195.715885528,217.745741876,26,5,11.046,2.74363361798,6.56168,12.7281886,195.769691304,0,0,0,161.5, -3.9, -4.1,,,0,0,1024,1024,1024,1024,0,0,0,0,155.8,0,0,55,3.687,3.682,3.679,0,0,0,6.994,98.96,2.08746561798,5.905512,6,P-GPS,
60300,2026-05-28 08:10:57,51.988322316078,4.39028260151557,5.905512,,,2.08746561798,6.889764,0,195.534126992,217.9379991,26,5,11.046,2.74363361798,6.56168,12.7281886,195.769691304,0,0,0,161.6, -4, -3.8,,,0,0,1024,1024,1024,1024,0,0,0,0,155.8,0,0,55,3.687,3.682,3.679,0,0,0,6.994,98.96,2.08746561798,5.905512,6,P-GPS,
60400,2026-05-28 08:10:57,51.988322163414,4.39028270003783,5.905512,,,2.08746561798,6.889764,0,195.594166364,217.997710388,26,5,11.046,2.74363361798,6.56168,12.7281886,195.769691304,0,0,0,161.6, -4, -3.5,,,0,0,1024,1024,1024,1024,0,0,0,0,155.8,0,0,55,3.687,3.682,3.679,0,0,0,6.994,98.96,2.08746561798,5.905512,6,P-GPS,
60500,2026-05-28 08:10:57,51.9883225030785,4.39028226710753,5.905512,,,2.08746561798,6.889764,0,195.443575808,218.155518792,26,5,11.046,2.74363361798,6.56168,12.7281886,195.769691304,0,0,0,161.8, -4, -3.5,,,0,0,1024,1024,1024,1024,0,0,0,0,155.8,0,0,55,3.687,3.682,3.679,0,0,0,6.994,98.96,2.08746561798,5.905512,6,P-GPS,
60600,2026-05-28 08:10:57,51.9883223766638,4.39028233961501,5.905512,,,2.08746561798,6.889764,0,195.492460324,218.204403308,26,5,11.046,2.74363361798,6.56168,12.7281886,195.769691304,0,0,0,161.8, -4, -3.2,,,0,0,1024,1024,1024,1024,0,0,0,0,155.8,0,0,55,3.687,3.682,3.679,0,0,0,6.994,98.96,2.08746561798,5.905512,6,P-GPS,
60700,2026-05-28 08:10:57,51.9883227594717,4.39028205086497,5.905512,,,2.08746561798,6.889764,0,195.338588928,218.358274704,26,5,11.046,2.74363361798,6.56168,12.7281886,195.769691304,0,0,0,161.8, -4.2, -3.2,,,0,0,1024,1024,1024,1024,0,0,0,0,155.8,0,0,55,3.687,3.682,3.679,0,0,0,6.994,98.96,2.08746561798,5.905512,6,P-GPS,
60800,2026-05-28 08:10:57,51.9883226591007,4.39028209243296,5.905512,,,2.08746561798,6.56168,0,195.376318588,218.396004364,26,5,11.046,2.74363361798,6.56168,12.7281886,195.769691304,0,0,0,162, -4.1, -3.1,,,0,0,1024,1024,1024,1024,0,0,0,0,155.8,0,0,55,3.687,3.682,3.679,0,0,0,6.994,98.96,2.08746561798,5.905512,6,P-GPS,
60900,2026-05-28 08:10:57,51.988322951441,4.39028171651256,5.905512,,,2.08746561798,6.56168,0,195.246397324,218.532159224,26,5,11.046,2.74363361798,6.56168,12.7281886,195.769691304,0,0,0,162.1, -3.8, -3,,,0,0,1024,1024,1024,1024,0,0,0,0,155.8,0,0,55,3.687,3.682,3.679,0,0,0,6.994,98.96,2.08746561798,5.905512,6,P-GPS,
61000,2026-05-28 08:10:58,51.9883228651885,4.39028170418685,5.905512,,,2.08746561798,6.889764,0,195.274940632,218.563655288,26,5,11.046,2.74363361798,6.56168,12.7281886,195.769691304,0,0,0,162.1, -3.8, -3.3,,,0,0,1024,1024,1024,1024,0,0,0,0,155.8,0,0,55,3.687,3.682,3.679,0,0,0,6.994,98.96,2.08746561798,5.905512,6,P-GPS,
61100,2026-05-28 08:10:58,51.9883229524348,4.39028165221296,5.905512,,,2.08746561798,6.889764,0,195.240819896,218.597776024,26,5,11.047,2.74363361798,6.56168,12.7281886,195.769691304,0,0,0,161.8, -3.2, -3.6,,,0,0,1024,1024,1024,1024,0,0,0,0,155.8,0,0,55,3.687,3.682,3.679,0,0,0,7.046,99.14,2.08746561798,5.905512,6,P-GPS,
61200,2026-05-28 08:10:58,51.9883228725218,4.39028162753371,6.233596,,,2.41554961798,6.889764,0,195.266082364,218.627303584,26,5,11.047,2.74363361798,6.56168,12.7281886,195.769691304,0,0,0,161.7, -3.1, -3.4,,,0,0,1024,1024,1024,1024,0,0,0,0,155.8,0,0,55,3.687,3.682,3.679,0,0,0,7.046,99.14,2.41554961798,6.233596,6,P-GPS,
61300,2026-05-28 08:10:58,51.9883231425879,4.39028143883619,6.233596,,,2.41554961798,6.889764,0,195.158798896,218.734587052,26,5,11.047,2.74363361798,6.56168,12.7281886,195.769691304,0,0,0,161.8, -3.4, -3.2,,,0,0,1024,1024,1024,1024,0,0,0,0,155.8,0,0,55,3.687,3.682,3.679,0,0,0,7.046,99.14,2.41554961798,6.233596,6,P-GPS,
61400,2026-05-28 08:10:58,51.9883231012607,4.39028139398506,6.233596,,,2.41554961798,6.889764,0,195.169297584,218.752631672,26,5,11.047,2.74363361798,6.56168,12.7281886,195.769691304,0,0,0,161.6, -3.5, -3.1,,,0,0,1024,1024,1024,1024,0,0,0,0,155.8,0,0,55,3.687,3.682,3.679,0,0,0,7.046,99.14,2.41554961798,6.233596,6,P-GPS,
61500,2026-05-28 08:10:58,51.9883232139339,4.39028143730591,6.233596,,,2.41554961798,6.889764,0,195.13452068,218.794954508,26,5,11.047,2.74363361798,6.56168,12.7281886,195.769691304,0,0,0,161.9, -3.4, -3.2,,,0,0,1024,1024,1024,1024,0,0,0,0,155.8,0,0,55,3.687,3.682,3.679,0,0,0,7.046,99.14,2.41554961798,6.233596,6,P-GPS,
61600,2026-05-28 08:10:58,51.988323193613,4.39028138583284,6.233596,,,2.41554961798,6.889764,0,195.137145352,218.808734036,26,5,11.047,2.74363361798,6.56168,12.7281886,195.769691304,0,0,0,161.7, -3.5, -3.1,,,0,0,1024,1024,1024,1024,0,0,0,0,155.8,0,0,55,3.687,3.682,3.679,0,0,0,7.046,99.14,2.41554961798,6.233596,6,P-GPS,
61700,2026-05-28 08:10:58,51.9883233014544,4.39028143068397,6.233596,,,2.41554961798,6.889764,0,195.104008868,218.849416452,26,5,11.047,2.74363361798,6.56168,12.7281886,195.769691304,0,0,0,161.7, -3.6, -3.2,,,0,0,1024,1024,1024,1024,0,0,0,0,155.8,0,0,55,3.687,3.682,3.679,0,0,0,7.046,99.14,2.41554961798,6.233596,6,P-GPS,
61800,2026-05-28 08:10:58,51.9883232996039,4.39028138163152,6.233596,,,2.41554961798,6.889764,0,195.100728028,218.860243224,26,5,11.047,2.74363361798,6.56168,12.7281886,195.769691304,0,0,0,161.9, -3.7, -2.9,,,0,0,1024,1024,1024,1024,0,0,0,0,155.8,0,0,55,3.687,3.682,3.679,0,0,0,7.046,99.14,2.41554961798,6.233596,6,P-GPS,
61900,2026-05-28 08:10:58,51.9883233613891,4.39028143769544,6.233596,,,2.41554961798,6.889764,0,195.084323828,218.88616186,26,5,11.047,2.74363361798,6.56168,12.7281886,195.769691304,0,0,0,161.8, -3.7, -2.9,,,0,0,1024,1024,1024,1024,0,0,0,0,155.8,0,0,55,3.687,3.682,3.679,0,0,0,7.046,99.14,2.41554961798,6.233596,6,P-GPS,
62000,2026-05-28 08:10:59,51.9883233624172,4.39028138207669,6.233596,,,2.41554961798,6.889764,0,195.079402568,218.898629052,26,5,11.047,2.74363361798,6.56168,12.7281886,195.769691304,0,0,0,161.9, -3.6, -3,,,0,0,1024,1024,1024,1024,0,0,0,0,155.8,0,0,55,3.687,3.682,3.679,0,0,0,7.046,99.14,2.41554961798,6.233596,6,P-GPS,
62100,2026-05-28 08:10:59,51.9883235395142,4.39028143986565,6.233596,,,2.41554961798,6.889764,0,195.023956372,218.964573936,26,5,11.048,2.74363361798,6.56168,12.7281886,195.769691304,0,0,0,161.8, -3.5, -3.2,,,0,0,1024,1024,1024,1024,0,0,0,0,155.8,0,0,55,3.687,3.682,3.679,0,0,0,6.986,98.96,2.41554961798,6.233596,6,P-GPS,
62200,2026-05-28 08:10:59,51.9883235541467,4.39028138004559,6.233596,,,2.41554961798,6.889764,0,195.014113852,218.979009632,26,5,11.048,2.74363361798,6.56168,12.7281886,195.769691304,0,0,0,161.9, -3.7, -3.1,,,0,0,1024,1024,1024,1024,0,0,0,0,155.8,0,0,55,3.687,3.682,3.679,0,0,0,6.986,98.96,2.41554961798,6.233596,6,P-GPS,
62300,2026-05-28 08:10:59,51.9883235136761,4.39028143296548,6.233596,,,2.41554961798,6.889764,0,195.032158472,218.998038504,26,5,11.048,2.74363361798,6.56168,12.7281886,195.769691304,0,0,0,161.8, -3.6, -3.1,,,0,0,1024,1024,1024,1024,0,0,0,0,155.8,0,0,55,3.687,3.682,3.679,0,0,0,6.986,98.96,2.41554961798,6.233596,6,P-GPS,
62400,2026-05-28 08:10:59,51.9883235245048,4.39028138221582,6.233596,,,2.41554961798,6.889764,0,195.024284456,219.010177612,26,5,11.048,2.74363361798,6.56168,12.7281886,195.769691304,0,0,0,162, -3.6, -2.7,,,0,0,1024,1024,1024,1024,0,0,0,0,155.8,0,0,55,3.687,3.682,3.679,0,0,0,6.986,98.96,2.41554961798,6.233596,6,P-GPS,
62500,2026-05-28 08:10:59,51.9883234908536,4.390281454612,6.233596,,,2.41554961798,6.889764,0,195.041672908,219.03051882,26,5,11.048,2.74363361798,6.56168,12.7281886,195.769691304,0,0,0,161.9, -3.5, -2.8,,,0,0,1024,1024,1024,1024,0,0,0,0,155.8,0,0,55,3.687,3.682,3.679,0,0,0,6.986,98.96,2.41554961798,6.233596,6,P-GPS,
62600,2026-05-28 08:10:59,51.9883234913334,4.39028139632221,6.233596,,,2.41554961798,6.889764,0,195.036751648,219.04364218,26,5,11.048,2.74363361798,6.56168,12.7281886,195.769691304,0,0,0,161.8, -3.5, -3.1,,,0,0,1024,1024,1024,1024,0,0,0,0,155.8,0,0,55,3.687,3.682,3.679,0,0,0,6.986,98.96,2.41554961798,6.233596,6,P-GPS,
62700,2026-05-28 08:10:59,51.9883234654268,4.39028146457273,6.233596,,,2.41554961798,6.889764,0,195.051187344,219.0616868,26,5,11.048,2.74363361798,6.56168,12.7281886,195.769691304,0,0,0,162, -3.1, -3.3,,,0,0,1024,1024,1024,1024,0,0,0,0,155.8,0,0,55,3.687,3.682,3.679,0,0,0,6.986,98.96,2.41554961798,6.233596,6,P-GPS,
62800,2026-05-28 08:10:59,51.9883234695389,4.39028140708982,6.233596,,,2.41554961798,6.56168,0,195.044953748,219.074482076,26,5,11.048,2.74363361798,6.56168,12.7281886,195.769691304,0,0,0,161.7, -3.3, -3.5,,,0,0,1024,1024,1024,1024,0,0,0,0,155.8,0,0,55,3.687,3.682,3.679,0,0,0,6.986,98.96,2.41554961798,6.233596,6,P-GPS,
62900,2026-05-28 08:10:59,51.9883234649813,4.39028146490661,6.233596,,,2.41554961798,6.56168,0,195.051187344,219.087605436,26,5,11.048,2.74363361798,6.56168,12.7281886,195.769691304,0,0,0,161.7, -3.3, -3.1,,,0,0,1024,1024,1024,1024,0,0,0,0,155.8,0,0,55,3.687,3.682,3.679,0,0,0,6.986,98.96,2.41554961798,6.233596,6,P-GPS,
63000,2026-05-28 08:11:00,51.9883234853708,4.39028142275434,6.233596,,,2.41554961798,6.56168,0,195.04101674,219.099744544,26,5,11.048,2.74363361798,6.56168,12.7281886,195.769691304,0,0,0,161.8, -3.6, -3,,,0,0,1024,1024,1024,1024,0,0,0,0,155.8,0,0,55,3.687,3.682,3.679,0,0,0,6.986,98.96,2.41554961798,6.233596,6,P-GPS,
63100,2026-05-28 08:11:00,51.9883235141559,4.39028150597378,6.233596,,,2.41554961798,6.56168,0,195.0377359,219.121070004,26,5,11.047,2.74363361798,6.56168,12.7281886,195.769691304,0,0,0,161.7, -3.6, -3.1,,,0,0,1024,1024,1024,1024,0,0,0,0,155.8,0,0,55,3.686,3.682,3.678,0,0,0,6.938,99.14,2.41554961798,6.233596,6,P-GPS,
63200,2026-05-28 08:11:00,51.9883235411933,4.39028147130597,6.233596,,,2.41554961798,6.56168,0,195.025924876,219.13386528,26,5,11.047,2.74363361798,6.56168,12.7281886,195.769691304,0,0,0,161.8, -3.4, -3.2,,,0,0,1024,1024,1024,1024,0,0,0,0,155.8,0,0,55,3.686,3.682,3.678,0,0,0,6.938,99.14,2.41554961798,6.233596,6,P-GPS,
63300,2026-05-28 08:11:00,51.9883233909624,4.39028156301151,6.233596,,,2.41554961798,6.889764,0,195.084323828,219.192264232,26,5,11.047,2.74363361798,6.56168,12.7281886,195.769691304,0,0,0,161.7, -3.5, -3,,,0,0,1024,1024,1024,1024,0,0,0,0,155.8,0,0,55,3.686,3.682,3.678,0,0,0,6.938,99.14,2.41554961798,6.233596,6,P-GPS,
63400,2026-05-28 08:11:00,51.9883234093986,4.39028154144847,6.233596,,,2.41554961798,6.889764,0,195.076449812,219.200466332,26,5,11.047,2.74363361798,6.56168,12.7281886,195.769691304,0,0,0,161.8, -3.3, -3.2,,,0,0,1024,1024,1024,1024,0,0,0,0,155.8,0,0,55,3.686,3.682,3.678,0,0,0,6.938,99.14,2.41554961798,6.233596,6,P-GPS,
63500,2026-05-28 08:11:00,51.9883234099126,4.39028143368889,6.233596,,,2.41554961798,6.889764,0,195.067591544,219.224744548,26,5,11.047,2.74363361798,6.56168,12.7281886,195.769691304,0,0,0,161.7, -3.5, -3.1,,,0,0,1071,1024,1024,1024,7,0,0,0,155.8,0,0,55,3.686,3.682,3.678,0,0,0,6.938,99.14,2.41554961798,6.233596,6,P-GPS,
63600,2026-05-28 08:11:00,51.9883234419532,4.39028140286069,6.233596,,,2.41554961798,6.889764,0,195.0541401,219.238524076,26,5,11.047,2.74363361798,6.56168,12.7281886,195.769691304,0,0,0,161.9, -4, -3.1,,,0,0,1277,1024,1024,1024,38,0,0,0,155.8,0,0,55,3.686,3.682,3.678,0,0,0,6.938,99.14,2.41554961798,6.233596,6,P-GPS,
63700,2026-05-28 08:11:00,51.9883234370872,4.39028147222414,6.233596,,,2.41554961798,6.889764,0,195.061357948,219.253944024,26,5,11.047,2.74363361798,6.56168,12.7281886,195.769691304,0,0,0,161.8, -5.3, -3.1,,,0,0,1402,1024,1024,1024,57,0,0,0,155.8,0,0,55,3.686,3.682,3.678,0,0,0,6.938,99.14,2.41554961798,6.233596,6,P-GPS,
63800,2026-05-28 08:11:00,51.988323452028,4.39028146270858,6.233596,,,2.41554961798,6.889764,0,195.055452436,219.259849536,26,5,11.047,2.74363361798,6.56168,12.7281886,195.769691304,0,0,0,162, -9.7, -2.8,,,0,0,1452,1024,1024,1024,65,0,0,0,155.8,0,0,55,3.686,3.682,3.678,0,0,0,6.938,99.14,2.41554961798,6.233596,6,P-GPS,
63900,2026-05-28 08:11:00,51.9883231837094,4.39028140124697,5.905512,,,2.08746561798,6.56168,0.223694,195.141738528,219.358930904,26,5,11.047,2.74363361798,6.56168,12.7281886,195.769691304,-0.223694,0,0,162.2, -15, -3,,,0,0,1462,1024,1024,1024,66,0,0,0,155.8,0,0,55,3.686,3.682,3.678,0,0,0,6.938,99.14,2.08746561798,5.905512,6,P-GPS,
64000,2026-05-28 08:11:01,51.9883229694657,4.39028150783802,5.905512,,,2.08746561798,6.56168,0.7158208,195.223431444,219.44062382,26,5,11.047,2.74363361798,6.56168,12.7281886,195.769691304,-0.671082,0.223694,0,162.5, -19.2, -3,,,0,0,1480,1024,1024,1024,69,0,0,0,155.8,0,0,55,3.686,3.682,3.678,0,0,0,6.938,99.14,2.08746561798,5.905512,6,P-GPS,
64100,2026-05-28 08:11:01,51.9883225085951,4.39028182605297,5.905512,,,2.08746561798,6.889764,1.4092722,195.406174232,219.623366608,26,5,11.044,2.74363361798,6.56168,12.7281886,195.769691304,-1.342164,0.447388,0,162.8, -21.7, -3.2,,,0,0,1480,1024,1024,1024,69,0,0,0,155.8,0,0,55,3.685,3.68,3.676,0,0,0,6.99,99.14,2.08746561798,5.905512,6,P-GPS,
64200,2026-05-28 08:11:01,51.9883218309108,4.39028219237439,5.905512,,,2.08746561798,6.889764,1.901399,195.666344844,219.883865304,26,5,11.044,2.74363361798,6.56168,12.7281886,195.769691304,-1.789552,0.671082,0,162.8, -23.1, -2.9,,,0,0,1479,1024,1024,1024,69,0,0,0,155.8,0,0,55,3.685,3.68,3.676,0,0,0,6.99,99.14,2.08746561798,5.905512,6,P-GPS,
64300,2026-05-28 08:11:01,51.988321110083,4.39028254873508,5.905512,,,2.08746561798,6.889764,2.7738056,195.940623068,220.158799696,26,5,11.044,2.74363361798,6.56168,12.7281886,195.940623068,-2.684328,0.671082,0,163, -24, -3,,,0,0,1477,1024,1024,1024,69,0,0,0,155.8,0,0,55,3.685,3.68,3.676,0,0,0,6.99,99.14,2.08746561798,5.905512,6,P-GPS,
64400,2026-05-28 08:11:01,51.9883198940484,4.39028319634991,5.905512,,,2.08746561798,6.889764,3.5343652,196.406830432,220.625663228,26,5,11.044,2.74363361798,6.56168,12.7281886,196.406830432,-3.35541,1.11847,0,162.9, -24.3, -3.2,,,0,0,1489,1024,1024,1024,70,0,0,0,155.8,0,0,55,3.685,3.68,3.676,0,0,0,6.99,99.14,2.08746561798,5.905512,6,P-GPS,
64500,2026-05-28 08:11:01,51.9883186572131,4.39028395052792,5.905512,,,2.08746561798,6.889764,4.250186,196.888785828,221.107618624,26,5,11.044,2.74363361798,6.56168,12.7281886,196.888785828,-4.026492,1.342164,0,163.1, -24.1, -3.2,,,0,0,1528,1024,1024,1024,76,0,0,0,155.8,0,0,55,3.685,3.68,3.676,0,0,0,6.99,99.14,2.08746561798,5.905512,6,P-GPS,
64600,2026-05-28 08:11:01,51.9883169003608,4.39028491221198,5.905512,,,2.08746561798,6.889764,4.9436374,197.564638868,221.784127832,26,5,11.044,2.74363361798,6.56168,12.7281886,197.564638868,-4.697574,1.565858,0,162.9, -25.4, -3.2,,,0,0,1529,1024,1024,1024,77,0,0,0,155.8,0,0,55,3.685,3.68,3.676,0,0,0,6.99,99.14,2.08746561798,5.905512,6,P-GPS,
64700,2026-05-28 08:11:01,51.9883154981824,4.39028562020333,5.905512,,,2.08746561798,6.889764,5.6594582,198.099415788,222.319889004,26,5,11.044,2.74363361798,6.56168,12.7281886,198.099415788,-5.368656,1.789552,0,163, -27.2, -3.5,,,0,0,1523,1024,1024,1024,76,0,0,0,155.8,0,0,55,3.685,3.68,3.676,0,0,0,6.99,99.14,2.08746561798,5.905512,6,P-GPS,
64800,2026-05-28 08:11:01,51.9883132453008,4.39028686114971,5.905512,,,2.08746561798,6.889764,6.375279,198.9665418,223.187999268,26,5,11.044,2.74363361798,6.56168,12.7281886,198.9665418,-6.039738,2.013246,0,163, -28.1, -3.3,,,0,0,1513,1024,1024,1024,74,0,0,0,155.8,0,0,55,3.685,3.68,3.676,0,0,0,6.99,99.14,2.08746561798,5.905512,6,P-GPS,
64900,2026-05-28 08:11:01,51.9883111935723,4.39028853460903,5.905512,,,2.08746561798,6.56168,7.0687304,199.800203244,224.02559772,26,5,11.044,2.74363361798,6.56168,12.7281886,199.800203244,-6.71082,2.23694,0,163, -27.6, -2.9,,,0,0,1513,1024,1024,1024,74,0,0,0,155.8,0,0,55,3.685,3.68,3.676,0,0,0,6.99,99.14,2.08746561798,5.905512,6,P-GPS,
65000,2026-05-28 08:11:02,51.98830837801,4.39029013709115,5.905512,,,2.08746561798,6.56168,7.9858758,200.888457872,225.114180432,26,5,11.044,2.74363361798,6.56168,12.7281886,200.888457872,-7.605596,2.460634,0,162.8, -26.3, -2.5,,,0,0,1459,1024,1241,1024,66,0,33,0,155.8,0,0,55,3.685,3.68,3.676,0,0,0,6.99,99.14,2.08746561798,5.905512,6,P-GPS,
65100,2026-05-28 08:11:02,51.9883057413611,4.39029184708244,5.905512,,,2.08746561798,6.56168,8.7016966,201.92421906,226.14994162,26,5,11.021,2.74363361798,6.56168,12.7281886,201.92421906,-8.276678,2.684328,0,162.7, -23.3, -2.1,,,0,0,1461,1024,1454,1024,66,0,65,0,155.8,0,0,55,3.673,3.666,3.66,0,0,0,7.572,99.14,2.08746561798,5.905512,6,P-GPS,
65200,2026-05-28 08:11:02,51.9883023865232,4.39029374090216,5.905512,,,2.08746561798,6.56168,9.4175174,203.219166608,227.44587342,26,5,11.021,2.74363361798,6.56168,12.7281886,203.219166608,-8.94776,2.908022,-0.894776,162.6, -19.2, -1.7,,,0,0,1463,1024,1024,1024,67,0,0,0,155.8,0,0,55,3.673,3.666,3.66,0,0,0,7.572,99.14,2.08746561798,5.905512,6,P-GPS,
65300,2026-05-28 08:11:02,51.9882989559189,4.39029582842756,6.233596,,,2.41554961798,6.889764,10.1109688,204.555780824,228.782487636,26,5,11.021,2.74363361798,6.56168,12.7281886,204.555780824,-9.618842,3.131716,-1.342164,162.5, -17.9, -2.8,,,0,0,1490,1024,1024,1024,71,0,0,0,155.8,0,0,55,3.673,3.666,3.66,0,0,0,7.572,99.14,2.41554961798,6.233596,6,P-GPS,
65400,2026-05-28 08:11:02,51.9882952327689,4.39029790329335,6.56168,,,2.74363361798,7.217848,10.3346628,205.991148324,230.218511304,26,5,11.021,2.74363361798,6.56168,12.7281886,205.991148324,-9.842536,3.131716,-1.11847,162.8, -21.1, -3.6,,,0,0,1490,1024,1024,1024,71,0,0,0,155.8,0,0,55,3.673,3.666,3.66,0,0,0,7.572,99.14,2.74363361798,6.56168,6,P-GPS,
65500,2026-05-28 08:11:02,51.9882917094354,4.39030030664083,6.56168,,,2.74363361798,7.217848,10.6030956,207.384849156,231.612868304,26,5,11.021,2.74363361798,6.56168,12.7281886,207.384849156,-10.06623,3.35541,-0.447388,162.8, -23.1, -3.1,,,0,0,1489,1024,1024,1024,70,0,0,0,155.8,0,0,55,3.673,3.666,3.66,0,0,0,7.572,99.14,2.74363361798,6.56168,6,P-GPS,
65600,2026-05-28 08:11:02,51.9882877862629,4.39030254277039,6.56168,,,2.74363361798,7.217848,11.0281142,208.901253404,233.12992872,26,5,11.021,2.74363361798,6.56168,12.7281886,208.901253404,-10.513618,3.35541,-0.223694,162.8, -23.2, -3,,,0,0,1482,1024,1024,1024,69,0,0,0,155.8,0,0,55,3.673,3.666,3.66,0,0,0,7.572,99.14,2.74363361798,6.56168,6,P-GPS,
65700,2026-05-28 08:11:02,51.9882838369439,4.39030525963066,6.56168,,,2.74363361798,7.217848,11.520241,210.464901748,234.6948894,26,5,11.021,2.74363361798,6.56168,12.7281886,210.464901748,-10.961006,3.579104,0,162.8, -22.8, -2.6,,,0,0,1483,1024,1024,1024,70,0,0,0,155.8,0,0,55,3.673,3.666,3.66,0,0,0,7.572,99.14,2.74363361798,6.56168,6,P-GPS,
65800,2026-05-28 08:11:02,51.9882795968609,4.39030769505839,6.56168,,,2.74363361798,7.217848,11.967629,212.105321748,236.335637484,26,5,11.021,2.74363361798,6.56168,12.7281886,212.105321748,-11.408394,3.579104,0,162.8, -22.3, -2.4,,,0,0,1483,1024,1024,1024,70,0,0,0,155.8,0,0,55,3.673,3.666,3.66,0,0,0,7.572,99.14,2.74363361798,6.56168,6,P-GPS,
65900,2026-05-28 08:11:03,51.9882745336947,4.39031090714528,6.56168,,,2.74363361798,7.217848,12.4597558,214.088589528,238.318905264,26,5,11.021,2.74363361798,6.56168,12.7281886,214.088589528,-11.855782,3.802798,0,162.7, -21, -2.7,,,0,0,1480,1024,1024,1024,69,0,0,0,155.8,0,0,55,3.673,3.666,3.66,0,0,0,7.572,99.14,2.74363361798,6.56168,6,P-GPS,
66000,2026-05-28 08:11:03,51.9882699363335,4.39031355631148,6.56168,,,2.74363361798,7.217848,12.7281886,215.86778906,240.098760964,26,5,11.021,2.74363361798,6.56168,12.7281886,215.86778906,-12.079476,4.026492,0,162.8, -20.3, -2.7,,,0,0,1414,1024,1024,1024,59,0,0,0,155.8,0,0,55,3.673,3.666,3.66,0,0,0,7.572,99.14,2.74363361798,6.56168,6,P-GPS,
66100,2026-05-28 08:11:03,51.9882651390528,4.39031651370402,6.56168,,,2.74363361798,7.217848,13.1532072,217.740164448,241.970808268,26,5,10.974,2.74363361798,6.56168,13.1532072,217.740164448,-12.526864,4.026492,0,162.8, -19, -2.9,,,0,0,1420,1024,1024,1024,60,0,0,0,155.8,0,0,55,3.675,3.671,3.667,0,0,0,9.131,99.14,2.74363361798,6.56168,6,P-GPS,
66200,2026-05-28 08:11:03,51.9882603035976,4.39031931381153,6.56168,,,2.74363361798,7.217848,13.3769012,219.612539836,243.843839824,26,5,10.974,2.74363361798,6.56168,13.3769012,219.612539836,-12.750558,4.026492,0,162.7, -17, -2.6,,,0,0,1348,1024,1024,1024,49,0,0,0,155.8,0,0,55,3.675,3.671,3.667,0,0,0,9.131,99.14,2.74363361798,6.56168,6,P-GPS,
66300,2026-05-28 08:11:03,51.9882551002754,4.39032243419286,6.56168,,,2.74363361798,7.217848,13.4440094,221.636161948,245.86779002,26,5,10.974,2.74363361798,6.56168,13.4440094,221.636161948,-12.750558,4.250186,0,162.6, -15.8, -2.5,,,0,0,1209,1024,1024,1024,28,0,0,0,155.8,0,0,55,3.675,3.671,3.667,0,0,0,9.131,99.14,2.74363361798,6.56168,6,P-GPS,
66400,2026-05-28 08:11:03,51.988250103178,4.39032533638398,6.889764,,,3.07171761798,7.217848,13.645334,223.572185632,247.804141788,26,5,10.974,3.07171761798,6.889764,13.645334,223.572185632,-12.974252,4.250186,0,162.2, -10.1, -2.8,,,0,0,1284,1024,1024,1024,39,0,0,0,155.8,0,0,55,3.675,3.671,3.667,0,0,0,9.131,99.14,3.07171761798,6.889764,6,P-GPS,
66500,2026-05-28 08:11:03,51.9882449017064,4.39032857498641,6.889764,,,3.07171761798,7.217848,13.4440094,225.604666012,249.836622168,26,5,10.974,3.07171761798,6.889764,13.645334,225.604666012,-12.750558,4.250186,0,161.9, -2.7, -2.4,,,0,0,1276,1024,1024,1024,38,0,0,0,155.8,0,0,55,3.675,3.671,3.667,0,0,0,9.131,99.14,3.07171761798,6.889764,6,P-GPS,
66600,2026-05-28 08:11:03,51.9882399942543,4.39033145422329,6.889764,,,3.07171761798,7.217848,13.1532072,227.507881296,251.740165536,26,5,10.974,3.07171761798,6.889764,13.645334,227.507881296,-12.526864,4.026492,-0.223694,161.7, -0.7, -3,,,0,0,1024,1024,1024,1024,0,0,0,0,155.8,0,0,55,3.675,3.671,3.667,0,0,0,9.131,99.14,3.07171761798,6.889764,6,P-GPS,
66700,2026-05-28 08:11:03,51.9882352141421,4.39033434375479,6.889764,,,3.07171761798,7.217848,12.9518826,229.368773744,253.601057984,26,5,10.974,3.07171761798,6.889764,13.645334,229.368773744,-12.30317,4.026492,0,161.4, -0.4, -2.9,,,0,0,1024,1024,1024,1024,0,0,0,0,155.8,0,0,55,3.675,3.671,3.667,0,0,0,9.131,99.14,3.07171761798,6.889764,6,P-GPS,
66800,2026-05-28 08:11:03,51.9882305562982,4.3903370926674,6.889764,,,3.07171761798,7.217848,12.4597558,231.176844668,255.409456992,26,5,10.974,3.07171761798,6.889764,13.645334,231.176844668,-11.855782,3.802798,0,161, 15.8, -3,,,0,0,657,1024,1024,1024,-56,0,0,0,155.8,0,0,55,3.675,3.671,3.667,0,0,0,9.131,99.14,3.07171761798,6.889764,6,P-GPS,
66900,2026-05-28 08:11:04,51.9882248970064,4.39034037153006,6.889764,,,3.07171761798,7.545932,11.2518082,233.368445788,257.60171428,26,5,10.974,3.07171761798,6.889764,13.645334,233.368445788,-10.737312,3.35541,-0.223694,160.4, 29.1, -1.6,,,0,0,364,1024,1024,1024,-100,0,0,0,155.8,0,0,55,3.675,3.671,3.667,0,0,0,9.131,99.14,3.07171761798,6.889764,6,P-GPS,
67000,2026-05-28 08:11:04,51.9882209528968,4.39034272112283,6.889764,,,3.07171761798,7.545932,10.0438606,234.901254236,259.134522728,26,5,10.974,3.07171761798,6.889764,13.645334,234.901254236,-9.618842,2.908022,-0.223694,161, 28.9, -0.6,,,0,0,364,1024,1024,1024,-100,0,0,0,155.8,0,0,55,3.675,3.671,3.667,0,0,0,9.131,99.14,3.07171761798,6.889764,6,P-GPS,
67100,2026-05-28 08:11:04,51.9882172163142,4.39034472965778,6.889764,,,3.07171761798,7.545932,8.6345884,236.335637484,260.570546396,26,5,11.017,3.07171761798,6.889764,13.645334,236.335637484,-8.276678,2.460634,0,161.1, 27.8, -2,,,0,0,364,1024,1024,1024,-100,0,0,0,155.8,0,0,55,3.686,3.677,3.673,0,0,0,7.854,99.14,3.07171761798,6.889764,6,P-GPS,
67200,2026-05-28 08:11:04,51.9882142101198,4.3903464881449,6.889764,,,3.07171761798,7.545932,8.6345884,237.501319936,261.736228848,26,5,11.017,3.07171761798,6.889764,13.645334,237.501319936,-7.158208,2.013246,0,160.7, 28, -2.8,,,0,0,364,1024,1024,1024,-100,0,0,0,155.8,0,0,55,3.686,3.677,3.673,0,0,0,7.854,99.14,3.07171761798,6.889764,6,P-GPS,
67300,2026-05-28 08:11:04,51.9882106480299,4.39034829042587,6.889764,,,3.07171761798,7.874016,6.2410626,238.85991578,263.097449364,26,5,11.017,3.07171761798,6.889764,13.645334,238.85991578,-6.039738,1.565858,0,160.2, 29.3, -2.9,,,0,0,364,1024,1024,1024,-100,0,0,0,155.8,0,0,55,3.686,3.677,3.673,0,0,0,7.854,99.14,3.07171761798,6.889764,6,P-GPS,
67400,2026-05-28 08:11:04,51.9882084833206,4.39034955029191,6.889764,,,3.07171761798,7.545932,6.2410626,239.698826568,263.936688236,26,5,11.017,3.07171761798,6.889764,13.645334,239.698826568,-4.921268,1.11847,0.223694,159.5, 30.5, -3.5,,,0,0,364,1024,1024,1024,-100,0,0,0,155.8,0,0,55,3.686,3.677,3.673,0,0,0,7.854,99.14,3.07171761798,6.889764,6,P-GPS,
67500,2026-05-28 08:11:04,51.988205316615,4.39035091379967,6.889764,,,3.07171761798,7.217848,3.6462122,240.8874749,265.131898248,26,5,11.017,3.07171761798,6.889764,13.645334,240.8874749,-3.579104,0.671082,0.223694,159.2, 30.9, -4,,,0,0,364,1024,1024,1024,-100,0,0,0,155.8,0,0,55,3.686,3.677,3.673,0,0,0,7.854,99.14,3.07171761798,6.889764,6,P-GPS,
67600,2026-05-28 08:11:04,51.9882040689165,4.39035157660591,6.889764,,,3.07171761798,6.889764,2.23694,241.365821372,265.610900888,26,5,11.017,3.07171761798,6.889764,13.645334,241.365821372,-2.23694,0.223694,0.223694,159.1, 30, -3.2,,,0,0,364,1024,1024,1024,-100,0,0,0,155.8,0,0,55,3.686,3.677,3.673,0,0,0,7.854,99.14,3.07171761798,6.889764,6,P-GPS,
67700,2026-05-28 08:11:04,51.9882023722406,4.3903519524705,6.889764,,,3.07171761798,7.217848,1.11847,241.974745276,266.235572824,26,5,11.017,3.07171761798,6.889764,13.645334,241.974745276,-1.11847,0,0.223694,159.6, 19.4, -2.6,,,0,0,1024,1024,1024,1024,0,0,0,0,155.8,0,0,55,3.686,3.677,3.673,0,0,0,7.854,99.14,3.07171761798,6.889764,6,P-GPS,
67800,2026-05-28 08:11:04,51.9882019151743,4.39035207450336,6.889764,,,3.07171761798,7.217848,0.4921268,242.140427696,266.404536084,26,5,11.017,3.07171761798,6.889764,13.645334,242.140427696,-0.223694,-0.447388,0.223694,160.1, 16.2, -3,,,0,0,1024,1024,1024,1024,0,0,0,0,155.8,0,0,55,3.686,3.677,3.673,0,0,0,7.854,99.14,3.07171761798,6.889764,6,P-GPS,
67900,2026-05-28 08:11:04,51.9882007521185,4.39035196863571,6.889764,,,3.07171761798,7.545932,0.7158208,242.528551068,266.829732948,26,5,11.017,3.07171761798,6.889764,13.645334,242.528551068,0.223694,-0.671082,0.223694,159.7, 18.7, -6.1,,,0,0,1024,1024,1024,1024,0,0,0,0,155.8,0,0,55,3.686,3.677,3.673,0,0,0,7.854,99.14,3.07171761798,6.889764,6,P-GPS,
68000,2026-05-28 08:11:05,51.9882007708291,4.39035179596438,6.56168,,,2.74363361798,7.217848,1.11847,242.508537944,266.869103028,26,5,11.017,3.07171761798,6.889764,13.645334,242.528551068,0.894776,-0.671082,0,160, 5, -6.2,,,0,0,1024,1024,1024,1024,0,0,0,0,155.8,0,0,55,3.686,3.677,3.673,0,0,0,7.854,99.14,2.74363361798,6.56168,6,P-GPS,
68100,2026-05-28 08:11:05,51.9882004798938,4.39035162501814,6.56168,,,2.74363361798,7.217848,1.2974252,242.594167868,266.981963924,26,5,11.038,3.07171761798,6.889764,13.645334,242.594167868,1.11847,-0.671082,0,160.4, -4.4, -6.5,,,0,0,364,1024,1024,1024,-100,0,0,0,155.8,0,0,55,3.667,3.672,3.668,0,0,0,6.613,99.14,2.74363361798,6.56168,6,P-GPS,
68200,2026-05-28 08:11:05,51.9882005844112,4.39035153790346,6.56168,,,2.74363361798,7.217848,1.11847,242.551516948,267.024614844,26,5,11.038,3.07171761798,6.889764,13.645334,242.594167868,0.894776,-0.671082,0,160.6, 0, -6.2,,,0,0,364,1024,1024,1024,-100,0,0,0,155.8,0,0,55,3.667,3.672,3.668,0,0,0,6.613,99.14,2.74363361798,6.56168,6,P-GPS,
68300,2026-05-28 08:11:05,51.9882006347853,4.39035097281257,6.56168,,,2.74363361798,7.217848,1.2079476,242.489509072,267.152895688,26,5,11.038,3.07171761798,6.889764,13.645334,242.594167868,1.11847,-0.447388,0,160, 14.2, -5.5,,,0,0,364,1024,1024,1024,-100,0,0,0,155.8,0,0,55,3.667,3.672,3.668,0,0,0,6.613,99.14,2.74363361798,6.56168,6,P-GPS,
68400,2026-05-28 08:11:05,51.9882009187302,4.3903508712019,6.56168,,,2.74363361798,6.56168,1.901399,242.384522192,267.259194904,26,5,11.038,3.07171761798,6.889764,13.645334,242.594167868,1.789552,-0.671082,0,159.3, 18, -4.7,,,0,0,364,1024,1024,1024,-100,0,0,0,155.8,0,0,55,3.667,3.672,3.668,0,0,0,6.613,99.14,2.74363361798,6.56168,6,P-GPS,
68500,2026-05-28 08:11:05,51.9882021489518,4.39034945065625,6.56168,,,2.74363361798,6.56168,2.8185444,241.85204186,267.809719856,26,5,11.038,3.07171761798,6.889764,13.645334,242.594167868,2.684328,-0.894776,0,159.4, 18.1, -4.4,,,0,0,685,1024,1024,1024,-51,0,0,0,155.8,0,0,55,3.667,3.672,3.668,0,0,0,6.613,99.14,2.74363361798,6.56168,6,P-GPS,
68600,2026-05-28 08:11:05,51.988203027241,4.39034899913995,6.56168,,,2.74363361798,6.56168,3.5343652,241.516411928,268.146005956,26,5,11.038,3.07171761798,6.889764,13.645334,242.594167868,3.35541,-1.11847,0,159.6, 17.4, -4.1,,,0,0,1024,1024,1024,1024,0,0,0,0,155.8,0,0,55,3.667,3.672,3.668,0,0,0,6.613,99.14,2.74363361798,6.56168,6,P-GPS,
68700,2026-05-28 08:11:05,51.9882052948922,4.39034734874616,6.56168,,,2.74363361798,5.249344,4.250186,240.611228172,269.052502048,26,5,11.038,3.07171761798,6.889764,13.645334,242.594167868,4.026492,-1.342164,0,159.5, 17, -5.3,,,0,0,1024,1024,1024,1024,0,0,0,0,155.8,0,0,55,3.667,3.672,3.668,0,0,0,6.613,99.14,2.74363361798,6.56168,6,P-GPS,
68800,2026-05-28 08:11:05,51.9882067528588,4.39034659977115,6.56168,,,2.74363361798,4.92126,4.6752046,240.05414154,269.610572932,26,5,11.038,3.07171761798,6.889764,13.645334,242.594167868,4.47388,-1.342164,0,160.3, -1.5, -3,,,0,0,1024,1024,1024,1024,0,0,0,0,155.8,0,0,55,3.667,3.672,3.668,0,0,0,6.613,99.14,2.74363361798,6.56168,6,P-GPS,
68900,2026-05-28 08:11:05,51.9882084509753,4.39034474056367,6.56168,,,2.74363361798,5.577428,4.4515106,239.327107396,270.3576202,26,5,11.038,3.07171761798,6.889764,13.645334,242.594167868,4.250186,-1.342164,0,161.5, -18.2, -4,,,0,0,675,1024,1024,1024,-53,0,0,0,155.8,0,0,55,3.667,3.672,3.668,0,0,0,6.613,99.14,2.74363361798,6.56168,6,P-GPS,
69000,2026-05-28 08:11:06,51.9882096970282,4.39034405335643,6.56168,,,2.74363361798,5.577428,3.5343652,238.847448588,270.837935176,26,5,11.038,3.07171761798,6.889764,13.645334,242.594167868,3.35541,-1.11847,0,162.2, -16, -3.6,,,0,0,364,1024,1024,1024,-100,0,0,0,155.8,0,0,55,3.667,3.672,3.668,0,0,0,6.613,99.14,2.74363361798,6.56168,6,P-GPS,
69100,2026-05-28 08:11:06,51.9882111541035,4.39034314573312,6.56168,,,2.74363361798,5.577428,3.0422384,238.277894764,271.407160916,26,5,11.01,3.07171761798,6.889764,13.645334,242.594167868,2.908022,-0.894776,0,162, 0.5, -3.1,,,0,0,1024,1024,1024,1024,0,0,0,0,155.8,0,0,55,3.674,3.657,3.661,0,0,0,8.391,99.14,2.74363361798,6.56168,6,P-GPS,
69200,2026-05-28 08:11:06,51.988212115321,4.39034262671757,6.56168,,,2.74363361798,7.217848,3.2659324,237.908800264,271.776911584,26,5,11.01,3.07171761798,6.889764,13.645334,242.594167868,3.131716,-0.894776,0,161.2, 14.9, -2.7,,,0,0,1024,1024,1024,1024,0,0,0,0,155.8,0,0,55,3.674,3.657,3.661,0,0,0,8.391,99.14,2.74363361798,6.56168,6,P-GPS,
69300,2026-05-28 08:11:06,51.988213730098,4.39034152191057,6.56168,,,2.74363361798,7.545932,3.467257,237.270020716,272.416019216,26,5,11.01,3.07171761798,6.889764,13.645334,242.594167868,3.35541,-0.894776,0,160.8, 0.1, -2.7,,,0,0,1684,1024,1024,1024,100,0,0,0,155.8,0,0,55,3.674,3.657,3.661,0,0,0,8.391,99.14,2.74363361798,6.56168,6,P-GPS,
69400,2026-05-28 08:11:06,51.9882149100138,4.390340860885,6.56168,,,2.74363361798,7.545932,3.467257,236.814640124,272.871399808,26,5,11.01,3.07171761798,6.889764,13.645334,242.594167868,3.35541,-0.894776,0,161.7, -15.6, -2.7,,,0,0,1684,1024,1024,1024,100,0,0,0,155.8,0,0,55,3.674,3.657,3.661,0,0,0,8.391,99.14,2.74363361798,6.56168,6,P-GPS,
69500,2026-05-28 08:11:06,51.988217481416,4.39033959381268,6.56168,,,2.74363361798,7.545932,2.7738056,235.836293636,273.852042884,26,5,11.01,3.07171761798,6.889764,13.645334,242.594167868,2.684328,-0.671082,0,162.4, -28.4, -2.4,,,0,0,1024,1024,1024,1024,0,0,0,0,155.8,0,0,55,3.674,3.657,3.661,0,0,0,8.391,99.14,2.74363361798,6.56168,6,P-GPS,
69600,2026-05-28 08:11:06,51.9882181880218,4.39033917240129,6.56168,,,2.74363361798,7.545932,1.6329662,235.561687328,274.126649192,26,5,11.01,3.07171761798,6.889764,13.645334,242.594167868,1.565858,-0.447388,0,162.6, -29.5, -1.8,,,0,0,1024,1024,1024,1024,0,0,0,0,155.8,0,0,55,3.674,3.657,3.661,0,0,0,8.391,99.14,2.74363361798,6.56168,6,P-GPS,
69700,2026-05-28 08:11:06,51.9882185740846,4.3903385999651,6.56168,,,2.74363361798,7.217848,0.223694,235.384521968,274.317265996,26,5,11.01,3.07171761798,6.889764,13.645334,242.594167868,0.223694,0,0,162.4, -15.9, -2.7,,,0,0,1024,1024,1024,1024,0,0,0,0,155.8,0,0,55,3.674,3.657,3.661,0,0,0,8.391,99.14,2.74363361798,6.56168,6,P-GPS,
69800,2026-05-28 08:11:06,51.9882185143896,4.39033851321214,6.56168,,,2.74363361798,7.217848,0,235.397973412,274.346465472,26,5,11.01,3.07171761798,6.889764,13.645334,242.594167868,0,0,0,161.9, -4.6, -3.3,,,0,0,1024,1024,1024,1024,0,0,0,0,155.8,0,0,55,3.674,3.657,3.661,0,0,0,8.391,99.14,2.74363361798,6.56168,6,P-GPS,
69900,2026-05-28 08:11:06,51.988219329968,4.39033844896818,6.56168,,,2.74363361798,7.545932,0,235.114508836,274.644365744,26,5,11.01,3.07171761798,6.889764,13.645334,242.594167868,0,0,0,161.8, -2.7, -3.3,,,0,0,1024,1024,1024,1024,0,0,0,0,155.8,0,0,55,3.674,3.657,3.661,0,0,0,8.391,99.14,2.74363361798,6.56168,6,P-GPS,
70000,2026-05-28 08:11:07,51.9882192795256,4.39033840169643,6.56168,,,2.74363361798,7.545932,0,235.12796028,274.665691204,26,5,11.01,3.07171761798,6.889764,13.645334,242.594167868,0,0,0,161.5, -3.8, -3.9,,,0,0,1024,1024,1024,1024,0,0,0,0,155.8,0,0,55,3.674,3.657,3.661,0,0,0,8.391,99.14,2.74363361798,6.56168,6,P-GPS,
70100,2026-05-28 08:11:07,51.9882205705384,4.39033817218216,6.56168,,,2.74363361798,7.545932,0,234.668970764,275.1394445,26,5,10.978,3.07171761798,6.889764,13.645334,242.594167868,0,0,0,161.6, -4.8, -3.1,,,0,0,1024,1024,1024,1024,0,0,0,0,155.8,0,0,55,3.669,3.672,3.668,0,0,0,8.021,99.32,2.74363361798,6.56168,6,P-GPS,
70200,2026-05-28 08:11:07,51.988220607959,4.39033815643419,6.56168,,,2.74363361798,7.545932,0,234.654863152,275.153552112,26,5,10.978,3.07171761798,6.889764,13.645334,242.594167868,0,0,0,161.7, -4.6, -1.9,,,0,0,1024,1024,1024,1024,0,0,0,0,155.8,0,0,55,3.669,3.672,3.668,0,0,0,8.021,99.32,2.74363361798,6.56168,6,P-GPS,
70300,2026-05-28 08:11:07,51.9882211156052,4.39033802026703,6.56168,,,2.74363361798,7.545932,0,234.470808028,275.341544244,26,5,10.978,3.07171761798,6.889764,13.645334,242.594167868,0,0,0,161.7, -4.5, -1.6,,,0,0,1024,1024,1024,1024,0,0,0,0,155.8,0,0,55,3.669,3.672,3.668,0,0,0,8.021,99.32,2.74363361798,6.56168,6,P-GPS,
70400,2026-05-28 08:11:07,51.9882211351379,4.39033797319003,6.56168,,,2.74363361798,7.545932,0,234.460637424,275.354011436,26,5,10.978,3.07171761798,6.889764,13.645334,242.594167868,0,0,0,161.9, -4.1, -1.7,,,0,0,1024,1024,1024,1024,0,0,0,0,155.8,0,0,55,3.669,3.672,3.668,0,0,0,8.021,99.32,2.74363361798,6.56168,6,P-GPS,
70500,2026-05-28 08:11:07,51.9882209941593,4.39033829151623,6.889764,,,3.07171761798,7.545932,0.223694,234.533800156,275.442266032,26,5,10.978,3.07171761798,6.889764,13.645334,242.594167868,-0.223694,0,0,161.8, -2, -2.1,,,0,0,1024,1024,1024,1024,0,0,0,0,155.8,0,0,55,3.669,3.672,3.668,0,0,0,8.021,99.32,3.07171761798,6.889764,6,P-GPS,
70600,2026-05-28 08:11:07,51.9882209824396,4.39033823659307,6.889764,,,3.07171761798,7.545932,0.223694,234.533472072,275.455389392,26,5,10.978,3.07171761798,6.889764,13.645334,242.594167868,-0.223694,0,0,161.6, 0.9, -2.2,,,0,0,1024,1024,1024,1024,0,0,0,0,155.8,0,0,55,3.669,3.672,3.668,0,0,0,8.021,99.32,3.07171761798,6.889764,6,P-GPS,
70700,2026-05-28 08:11:07,51.9882206466817,4.39033848324647,6.889764,,,3.07171761798,7.545932,0,234.667658428,275.589903832,26,5,10.978,3.07171761798,6.889764,13.645334,242.594167868,0,0,0,161.5, 1.2, -2.2,,,0,0,1024,1024,1024,1024,0,0,0,0,155.8,0,0,55,3.669,3.672,3.668,0,0,0,8.021,99.32,3.07171761798,6.889764,6,P-GPS,
70800,2026-05-28 08:11:07,51.988220704252,4.39033835873727,6.889764,,,3.07171761798,7.545932,0,234.638130868,275.624680736,26,5,10.978,3.07171761798,6.889764,13.645334,242.594167868,0,0,0,161.3, 0.6, -2.5,,,0,0,1024,1024,1024,1024,0,0,0,0,155.8,0,0,55,3.669,3.672,3.668,0,0,0,8.021,99.32,3.07171761798,6.889764,6,P-GPS,
70900,2026-05-28 08:11:07,51.9882206970558,4.39033883045322,6.889764,,,3.07171761798,7.545932,0,234.678157116,275.730651868,26,5,10.978,3.07171761798,6.889764,13.645334,242.594167868,0,0,0,161.3, -0.2, -2.7,,,0,0,1024,1024,1024,1024,0,0,0,0,155.8,0,0,55,3.669,3.672,3.668,0,0,0,8.021,99.32,3.07171761798,6.889764,6,P-GPS,
71000,2026-05-28 08:11:08,51.9882208225452,4.39033868685725,6.889764,,,3.07171761798,7.545932,0,234.623695172,275.786754232,26,5,10.978,3.07171761798,6.889764,13.645334,242.594167868,0,0,0,161.4, -0.6, -2.7,,,0,0,1024,1024,1024,1024,0,0,0,0,155.8,0,0,55,3.669,3.672,3.668,0,0,0,8.021,99.32,3.07171761798,6.889764,6,P-GPS,
71100,2026-05-28 08:11:08,51.9882205788312,4.39033899149439,6.889764,,,3.07171761798,7.545932,0,234.731306724,275.89895896,26,5,11.008,3.07171761798,6.889764,13.645334,242.594167868,0,0,0,161.5, -0.9, -2.4,,,0,0,1024,1024,1024,1024,0,0,0,0,155.8,0,0,55,3.676,3.672,3.667,0,0,0,8.165,99.14,3.07171761798,6.889764,6,P-GPS,
71200,2026-05-28 08:11:08,51.9882207114483,4.39033885833214,6.889764,,,3.07171761798,7.545932,0,234.67520436,275.956045576,26,5,11.008,3.07171761798,6.889764,13.645334,242.594167868,0,0,0,161.6, -1.3, -2.2,,,0,0,1024,1024,1024,1024,0,0,0,0,155.8,0,0,55,3.676,3.672,3.667,0,0,0,8.165,99.14,3.07171761798,6.889764,6,P-GPS,
71300,2026-05-28 08:11:08,51.9882202796715,4.39033932999246,6.889764,,,3.07171761798,7.545932,0,234.860243736,276.145678128,26,5,11.008,3.07171761798,6.889764,13.645334,242.594167868,0,0,0,161.6, -1.4, -2.4,,,0,0,1024,1024,1024,1024,0,0,0,0,155.8,0,0,55,3.676,3.672,3.667,0,0,0,8.165,99.14,3.07171761798,6.889764,6,P-GPS,
71400,2026-05-28 08:11:08,51.9882203760331,4.39033922568297,6.889764,,,3.07171761798,7.545932,0,234.818905152,276.188000964,26,5,11.008,3.07171761798,6.889764,13.645334,242.594167868,0,0,0,161.5, -1.2, -2.8,,,0,0,1024,1024,1024,1024,0,0,0,0,155.8,0,0,55,3.676,3.672,3.667,0,0,0,8.165,99.14,3.07171761798,6.889764,6,P-GPS,
71500,2026-05-28 08:11:08,51.9882203059893,4.3903394899207,6.889764,,,3.07171761798,7.545932,0,234.86385266,276.252633512,26,5,11.008,3.07171761798,6.889764,13.645334,242.594167868,0,0,0,161.5, -0.9, -2.5,,,0,0,1024,1024,1024,1024,0,0,0,0,155.8,0,0,55,3.676,3.672,3.667,0,0,0,8.165,99.14,3.07171761798,6.889764,6,P-GPS,
71600,2026-05-28 08:11:08,51.9882204097529,4.39033941365707,6.889764,,,3.07171761798,7.545932,0,234.822514076,276.29430018,26,5,11.008,3.07171761798,6.889764,13.645334,242.594167868,0,0,0,161.4, -1.3, -2.6,,,0,0,1024,1024,1024,1024,0,0,0,0,155.8,0,0,55,3.676,3.672,3.667,0,0,0,8.165,99.14,3.07171761798,6.889764,6,P-GPS,
71700,2026-05-28 08:11:08,51.9882202791232,4.39033968735472,6.889764,,,3.07171761798,7.545932,0,234.888787044,276.372056088,26,5,11.008,3.07171761798,6.889764,13.645334,242.594167868,0,0,0,161.3, -1.7, -2.8,,,0,0,1024,1024,1024,1024,0,0,0,0,155.8,0,0,55,3.676,3.672,3.667,0,0,0,8.165,99.14,3.07171761798,6.889764,6,P-GPS,
71800,2026-05-28 08:11:08,51.9882203755534,4.39033963410095,6.889764,,,3.07171761798,7.545932,0,234.851713552,276.40912958,26,5,11.008,3.07171761798,6.889764,13.645334,242.594167868,0,0,0,161.4, -2, -2.9,,,0,0,1024,1024,1024,1024,0,0,0,0,155.8,0,0,55,3.676,3.672,3.667,0,0,0,8.165,99.14,3.07171761798,6.889764,6,P-GPS,
71900,2026-05-28 08:11:08,51.9882202525998,4.39033973790963,6.889764,,,3.07171761798,7.545932,0,234.901910404,276.459654516,26,5,11.008,3.07171761798,6.889764,13.645334,242.594167868,0,0,0,161.4, -1.6, -2.8,,,0,0,1024,1024,1024,1024,0,0,0,0,155.8,0,0,55,3.676,3.672,3.667,0,0,0,8.165,99.14,3.07171761798,6.889764,6,P-GPS,
72000,2026-05-28 08:11:09,51.988220335734,4.39033971239568,6.889764,,,3.07171761798,7.545932,0,234.871398592,276.490494412,26,5,11.008,3.07171761798,6.889764,13.645334,242.594167868,0,0,0,161.5, -2, -2.5,,,0,0,1024,1024,1024,1024,0,0,0,0,155.8,0,0,55,3.676,3.672,3.667,0,0,0,8.165,99.14,3.07171761798,6.889764,6,P-GPS,
72100,2026-05-28 08:11:09,51.9882202038707,4.39033979909303,6.889764,,,3.07171761798,7.545932,0,234.923235864,276.542331684,26,5,11.018,3.07171761798,6.889764,13.645334,242.594167868,0,0,0,161.6, -2.2, -2.5,,,0,0,1024,1024,1024,1024,0,0,0,0,155.8,0,0,55,3.677,3.672,3.667,0,0,0,7.415,99.32,3.07171761798,6.889764,6,P-GPS,
72200,2026-05-28 08:11:09,51.9882202652104,4.39033977221573,6.889764,,,3.07171761798,7.545932,0,234.900269984,276.565625648,26,5,11.018,3.07171761798,6.889764,13.645334,242.594167868,0,0,0,161.6, -1.9, -2.3,,,0,0,1024,1024,1024,1024,0,0,0,0,155.8,0,0,55,3.677,3.672,3.667,0,0,0,7.415,99.32,3.07171761798,6.889764,6,P-GPS,
72300,2026-05-28 08:11:09,51.9882202768616,4.39033982510778,6.889764,,,3.07171761798,7.545932,0,234.900598068,276.578420924,26,5,11.018,3.07171761798,6.889764,13.645334,242.594167868,0,0,0,161.7, -1.7, -2.2,,,0,0,1024,1024,1024,1024,0,0,0,0,155.8,0,0,55,3.677,3.672,3.667,0,0,0,7.415,99.32,3.07171761798,6.889764,6,P-GPS,
72400,2026-05-28 08:11:09,51.988220326276,4.39033975137607,6.889764,,,3.07171761798,7.545932,0,234.877632188,276.60269914,26,5,11.018,3.07171761798,6.889764,13.645334,242.594167868,0,0,0,161.6, -1.9, -3.5,,,0,0,1024,1024,1024,1024,0,0,0,0,155.8,0,0,55,3.677,3.672,3.667,0,0,0,7.415,99.32,3.07171761798,6.889764,6,P-GPS,
72500,2026-05-28 08:11:09,51.9882201774158,4.39033970749875,6.889764,,,3.07171761798,7.545932,0,234.925204368,276.657817252,26,5,11.018,3.07171761798,6.889764,13.645334,242.594167868,0,0,0,161.6, -2.2, -4,,,0,0,1024,1024,1024,1024,0,0,0,0,155.8,0,0,55,3.677,3.672,3.667,0,0,0,7.415,99.32,3.07171761798,6.889764,6,P-GPS,
72600,2026-05-28 08:11:09,51.9882202160701,4.39033964979327,6.889764,,,3.07171761798,7.545932,0,234.907159748,276.677174208,26,5,11.018,3.07171761798,6.889764,13.645334,242.594167868,0,0,0,161.4, -2.5, -4,,,0,0,1024,1024,1024,1024,0,0,0,0,155.8,0,0,55,3.677,3.672,3.667,0,0,0,7.415,99.32,3.07171761798,6.889764,6,P-GPS,
72700,2026-05-28 08:11:09,51.988220276656,4.39033951554593,6.889764,,,3.07171761798,7.545932,0,234.875991768,276.714575784,26,5,11.018,3.07171761798,6.889764,13.645334,242.594167868,0,0,0,161.4, -2.5, -4,,,0,0,1024,1024,1024,1024,0,0,0,0,155.8,0,0,55,3.677,3.672,3.667,0,0,0,7.415,99.32,3.07171761798,6.889764,6,P-GPS,
72800,2026-05-28 08:11:09,51.9882203151732,4.39033949362119,6.889764,,,3.07171761798,7.545932,0,234.860899904,276.729339564,26,5,11.018,3.07171761798,6.889764,13.645334,242.594167868,0,0,0,161.3, -2.4, -3.8,,,0,0,1024,1024,1024,1024,0,0,0,0,155.8,0,0,55,3.677,3.672,3.667,0,0,0,7.415,99.32,3.07171761798,6.889764,6,P-GPS,
72900,2026-05-28 08:11:09,51.988220237659,4.39033955641835,6.889764,,,3.07171761798,7.545932,0,234.892395968,276.761163712,26,5,11.018,3.07171761798,6.889764,13.645334,242.594167868,0,0,0,161.5, -2.7, -3.5,,,0,0,1024,1024,1024,1024,0,0,0,0,155.8,0,0,55,3.677,3.672,3.667,0,0,0,7.415,99.32,3.07171761798,6.889764,6,P-GPS,
73000,2026-05-28 08:11:10,51.9882202583568,4.39033958496504,6.889764,,,3.07171761798,7.545932,0,234.887802792,276.771006232,26,5,11.018,3.07171761798,6.889764,13.645334,242.594167868,0,0,0,161.5, -2.9, -3,,,0,0,1024,1024,1024,1024,0,0,0,0,155.8,0,0,55,3.677,3.672,3.667,0,0,0,7.415,99.32,3.07171761798,6.889764,6,P-GPS,
73100,2026-05-28 08:11:10,51.9882203254536,4.39033964996023,6.889764,,,3.07171761798,7.545932,0,234.870086256,276.79954954,26,5,11.016,3.07171761798,6.889764,13.645334,242.594167868,0,0,0,161.4, -2.3, -3.3,,,0,0,1024,1024,1024,1024,0,0,0,0,155.8,0,0,55,3.679,3.675,3.669,0,0,0,7.316,99.32,3.07171761798,6.889764,6,P-GPS,
73200,2026-05-28 08:11:10,51.9882203362137,4.3903396996248,6.889764,,,3.07171761798,7.545932,0,234.870086256,276.811360564,26,5,11.016,3.07171761798,6.889764,13.645334,242.594167868,0,0,0,161.5, -2.6, -3,,,0,0,1024,1024,1024,1024,0,0,0,0,155.8,0,0,55,3.679,3.675,3.669,0,0,0,7.316,99.32,3.07171761798,6.889764,6,P-GPS,
73300,2026-05-28 08:11:10,51.9882204007746,4.39033962887019,6.889764,,,3.07171761798,7.545932,0,234.8425272,276.839575788,26,5,11.016,3.07171761798,6.889764,13.645334,242.594167868,0,0,0,161.5, -2.3, -3.2,,,0,0,1024,1024,1024,1024,0,0,0,0,155.8,0,0,55,3.679,3.675,3.669,0,0,0,7.316,99.32,3.07171761798,6.889764,6,P-GPS,
73400,2026-05-28 08:11:10,51.9882204133167,4.39033968485064,6.889764,,,3.07171761798,7.545932,0,234.842855284,276.853027232,26,5,11.016,3.07171761798,6.889764,13.645334,242.594167868,0,0,0,161.4, -2.3, -3,,,0,0,1024,1024,1024,1024,0,0,0,0,155.8,0,0,55,3.679,3.675,3.669,0,0,0,7.316,99.32,3.07171761798,6.889764,6,P-GPS,
73500,2026-05-28 08:11:10,51.9882205039899,4.39033967764441,6.889764,,,3.07171761798,7.545932,0,234.81135922,276.886163716,26,5,11.016,3.07171761798,6.889764,13.645334,242.594167868,0,0,0,161.4, -2.4, -3,,,0,0,1024,1024,1024,1024,0,0,0,0,155.8,0,0,55,3.679,3.675,3.669,0,0,0,7.316,99.32,3.07171761798,6.889764,6,P-GPS,
73600,2026-05-28 08:11:10,51.9882205297594,4.39033973017477,6.889764,,,3.07171761798,7.545932,0,234.806766044,276.90125558,26,5,11.016,3.07171761798,6.889764,13.645334,242.594167868,0,0,0,161.5, -2.7, -2.8,,,0,0,1024,1024,1024,382,0,0,0,-97,155.8,0,0,55,3.679,3.675,3.669,0,0,0,7.316,99.32,3.07171761798,6.889764,6,P-GPS,
73700,2026-05-28 08:11:10,51.988220654632,4.39033966913048,6.889764,,,3.07171761798,7.545932,0,234.759193864,276.94882776,26,5,11.016,3.07171761798,6.889764,13.645334,242.594167868,0,0,0,161.1, -2.9, -2.5,,,0,0,1024,1024,1024,364,0,0,0,-100,155.5,0,0,55,3.679,3.675,3.669,0,0,0,7.316,99.32,3.07171761798,6.889764,6,P-GPS,
73800,2026-05-28 08:11:10,51.9882206871181,4.39033970944642,6.889764,,,3.07171761798,7.545932,0,234.751319848,276.963919624,26,5,11.016,3.07171761798,6.889764,13.645334,242.594167868,0,0,0,159.9, -2.6, -2.7,,,0,0,1024,1024,1024,364,0,0,0,-100,153.8,0,0,55,3.679,3.675,3.669,0,0,0,7.316,99.32,3.07171761798,6.889764,6,P-GPS,
73900,2026-05-28 08:11:11,51.9882206315354,4.39033977430249,6.889764,,,3.07171761798,7.545932,0,234.77526998,276.988854008,26,5,11.016,3.07171761798,6.889764,13.645334,242.594167868,0,0,0,158, -2.6, -2.8,,,0,0,1024,1024,1024,364,0,0,0,-100,151.1,0,0,55,3.679,3.675,3.669,0,0,0,7.316,99.32,3.07171761798,6.889764,6,P-GPS,
74000,2026-05-28 08:11:11,51.9882206521647,4.39033982182467,6.889764,,,3.07171761798,7.545932,0,234.77198914,277.001649284,26,5,11.016,3.07171761798,6.889764,13.645334,242.594167868,0,0,0,155.4, -3.1, -2.6,,,0,0,1024,1024,1024,364,0,0,0,-100,148.1,0,0,55,3.679,3.675,3.669,0,0,0,7.316,99.32,3.07171761798,6.889764,6,P-GPS,
74100,2026-05-28 08:11:11,51.9882207444827,4.3903400548725,6.889764,,,3.07171761798,7.545932,0,234.759193864,277.063985244,26,5,11.016,3.07171761798,6.889764,13.645334,242.594167868,0,0,0,152.5, -2.8, -2.3,,,0,0,1024,1024,1024,364,0,0,0,-100,144.9,0,0,55,3.679,3.675,3.669,0,0,0,7.316,99.32,3.07171761798,6.889764,6,P-GPS,
74200,2026-05-28 08:11:11,51.9882207646323,4.39034013205429,6.889764,,,3.07171761798,7.545932,0,234.758537696,277.083014116,26,5,11.019,3.07171761798,6.889764,13.645334,242.594167868,0,0,0,149.3, -2.4, -1.9,,,0,0,1024,1024,1024,364,0,0,0,-100,141.7,0,0,55,3.677,3.672,3.668,0,0,0,7.004,99.32,3.07171761798,6.889764,6,P-GPS,
74300,2026-05-28 08:11:11,51.988220838377,4.39033998047303,6.889764,,,3.07171761798,7.545932,0,234.72113612,277.126321204,26,5,11.019,3.07171761798,6.889764,13.645334,242.594167868,0,0,0,146, -2.3, -1.9,,,0,0,1024,1024,1024,364,0,0,0,-100,138.5,0,0,55,3.677,3.672,3.668,0,0,0,7.004,99.32,3.07171761798,6.889764,6,P-GPS,
74400,2026-05-28 08:11:11,51.9882208679846,4.39034001884134,6.889764,,,3.07171761798,7.545932,0,234.714246356,277.140100732,26,5,11.019,3.07171761798,6.889764,13.645334,242.594167868,0,0,0,142.8, -2.7, -1.5,,,0,0,1024,1024,1024,364,0,0,0,-100,135.3,0,0,55,3.677,3.672,3.668,0,0,0,7.004,99.32,3.07171761798,6.889764,6,P-GPS,
74500,2026-05-28 08:11:11,51.9882209417979,4.39034012910501,6.889764,,,3.07171761798,7.545932,0,234.697842156,277.17684614,26,5,11.019,3.07171761798,6.889764,13.645334,242.594167868,0,0,0,139.5, -3.2, -1.4,,,0,0,1024,1024,1024,364,0,0,0,-100,132.1,0,0,55,3.677,3.672,3.668,0,0,0,7.004,99.32,3.07171761798,6.889764,6,P-GPS,
74600,2026-05-28 08:11:11,51.9882209720223,4.39034014941601,6.889764,,,3.07171761798,7.545932,0,234.688983888,277.188657164,26,5,11.019,3.07171761798,6.889764,13.645334,242.594167868,0,0,0,136.2, -3.4, -1.4,,,0,0,1024,1024,1024,364,0,0,0,-100,128.9,0,0,55,3.677,3.672,3.668,0,0,0,7.004,99.32,3.07171761798,6.889764,6,P-GPS,
74700,2026-05-28 08:11:11,51.9882208681902,4.39034018672703,6.889764,,,3.07171761798,7.545932,0,234.727369716,277.227371076,26,5,11.019,3.07171761798,6.889764,13.645334,242.594167868,0,0,0,133.1, -3.6, -1.2,,,0,0,1024,1024,1024,364,0,0,0,-100,125.7,0,0,55,3.677,3.672,3.668,0,0,0,7.004,99.32,3.07171761798,6.889764,6,P-GPS,
74800,2026-05-28 08:11:11,51.9882208827199,4.39034020177943,6.889764,,,3.07171761798,7.545932,0,234.723760792,277.233604672,26,5,11.019,3.07171761798,6.889764,13.645334,242.594167868,0,0,0,130, -3.7, -0.6,,,0,0,1024,1024,1024,364,0,0,0,-100,122.5,0,0,55,3.677,3.672,3.668,0,0,0,7.004,99.32,3.07171761798,6.889764,6,P-GPS,
74900,2026-05-28 08:11:12,51.9882209391935,4.39034028472064,6.889764,,,3.07171761798,7.545932,0,234.710965516,277.261491812,26,5,11.019,3.07171761798,6.889764,13.645334,242.594167868,0,0,0,126.9, -3.8, -0.2,,,0,0,1024,1024,1024,364,0,0,0,-100,119.3,0,0,55,3.677,3.672,3.668,0,0,0,7.004,99.32,3.07171761798,6.889764,6,P-GPS,
75000,2026-05-28 08:11:12,51.9882209515985,4.39034028997924,6.889764,,,3.07171761798,7.545932,0,234.707356592,277.266084988,26,5,11.019,3.07171761798,6.889764,13.645334,242.594167868,0,0,0,123.7, -3.8, -0.3,,,0,0,1024,1024,1024,364,0,0,0,-100,116.1,0,0,55,3.677,3.672,3.668,0,0,0,7.004,99.32,3.07171761798,6.889764,6,P-GPS,
75100,2026-05-28 08:11:12,51.9882211642658,4.39034027551113,6.889764,,,3.07171761798,7.545932,0,234.633537692,277.343840896,26,5,11.019,3.07171761798,6.889764,13.645334,242.594167868,0,0,0,120.5, -3.9, -0.4,,,0,0,1024,1024,1024,364,0,0,0,-100,112.9,0,0,55,3.677,3.672,3.668,0,0,0,7.004,99.32,3.07171761798,6.889764,6,P-GPS,
75200,2026-05-28 08:11:12,51.9882211891443,4.39034028956189,6.889764,,,3.07171761798,7.545932,0,234.626319844,277.353355332,26,5,11.026,3.07171761798,6.889764,13.645334,242.594167868,0,0,0,117.4, -3.9, 0,,,0,0,1024,1024,1024,364,0,0,0,-100,109.7,0,0,54,3.679,3.674,3.67,0,0,0,6.935,99.32,3.07171761798,6.889764,6,P-GPS,
75300,2026-05-28 08:11:12,51.9882212182721,4.39034017768447,6.889764,,,3.07171761798,7.545932,0,234.607290972,277.380914388,26,5,11.026,3.07171761798,6.889764,13.645334,242.594167868,0,0,0,114.2, -3.9, 0.4,,,0,0,1024,1024,1024,364,0,0,0,-100,106.5,0,0,54,3.679,3.674,3.67,0,0,0,6.935,99.32,3.07171761798,6.889764,6,P-GPS,
75400,2026-05-28 08:11:12,51.9882212382161,4.39034019446191,6.889764,,,3.07171761798,7.545932,0,234.602041628,277.388788404,26,5,11.026,3.07171761798,6.889764,13.645334,242.594167868,0,0,0,111.1, -3.8, 0.5,,,0,0,1024,1024,1024,364,0,0,0,-100,103.3,0,0,54,3.679,3.674,3.67,0,0,0,6.935,99.32,3.07171761798,6.889764,6,P-GPS,
75500,2026-05-28 08:11:12,51.9882212663159,4.39034016279902,6.889764,,,3.07171761798,7.545932,0,234.58990252,277.40158368,26,5,11.026,3.07171761798,6.889764,13.645334,242.594167868,0,0,0,107.9, -3.8, 0.7,,,0,0,1024,1024,1024,364,0,0,0,-100,100.1,0,0,54,3.679,3.674,3.67,0,0,0,6.935,99.32,3.07171761798,6.889764,6,P-GPS,
75600,2026-05-28 08:11:12,51.9882212877676,4.3903401861984,6.889764,,,3.07171761798,7.545932,0,234.584325092,277.410770032,26,5,11.026,3.07171761798,6.889764,13.645334,242.594167868,0,0,0,104.8, -3.6, 1.1,,,0,0,1024,1024,1024,364,0,0,0,-100,96.9,0,0,54,3.679,3.674,3.67,0,0,0,6.935,99.32,3.07171761798,6.889764,6,P-GPS,
75700,2026-05-28 08:11:12,51.9882213267646,4.39034031922152,6.889764,,,3.07171761798,7.545932,0,234.58170042,277.443906516,26,5,11.026,3.07171761798,6.889764,13.645334,242.594167868,0,0,0,101.6, -3.5, 1.9,,,0,0,1024,1024,1024,364,0,0,0,-100,93.7,0,0,54,3.679,3.674,3.67,0,0,0,6.935,99.32,3.07171761798,6.889764,6,P-GPS,
75800,2026-05-28 08:11:12,51.988221350341,4.39034035967658,6.889764,,,3.07171761798,7.545932,0,234.57677916,277.456373708,26,5,11.026,3.07171761798,6.889764,13.645334,242.594167868,0,0,0,98.5, -3.4, 2.1,,,0,0,1024,1024,1024,364,0,0,0,-100,90.5,0,0,54,3.679,3.674,3.67,0,0,0,6.935,99.32,3.07171761798,6.889764,6,P-GPS,
75900,2026-05-28 08:11:12,51.9882213898178,4.39034028460936,6.889764,,,3.07171761798,7.545932,0,234.557422204,277.47868342,26,5,11.026,3.07171761798,6.889764,13.645334,242.594167868,0,0,0,95.2, -3.3, 2.2,,,0,0,1024,1024,1024,364,0,0,0,-100,87.3,0,0,54,3.679,3.674,3.67,0,0,0,6.935,99.32,3.07171761798,6.889764,6,P-GPS,
76000,2026-05-28 08:11:13,51.9882214030452,4.39034030953902,6.889764,,,3.07171761798,7.545932,0,234.554797532,277.485901268,26,5,11.026,3.07171761798,6.889764,13.645334,242.594167868,0,0,0,92, -3.2, 1.9,,,0,0,1024,1024,1024,364,0,0,0,-100,84.1,0,0,54,3.679,3.674,3.67,0,0,0,6.935,99.32,3.07171761798,6.889764,6,P-GPS,
76100,2026-05-28 08:11:13,51.9882214310079,4.39034022250778,6.889764,,,3.07171761798,7.545932,0,234.538393332,277.50821098,26,5,11.026,3.07171761798,6.889764,13.645334,242.594167868,0,0,0,89, -3.2, 2.1,,,0,0,1024,1024,1024,364,0,0,0,-100,80.9,0,0,54,3.679,3.674,3.67,0,0,0,6.935,99.32,3.07171761798,6.889764,6,P-GPS,
76200,2026-05-28 08:11:13,51.9882214556123,4.39034024209538,6.889764,,,3.07171761798,7.545932,0,234.531503568,277.5180535,26,5,11.025,3.07171761798,6.889764,13.645334,242.594167868,0,0,0,85.7, -3, 3,,,0,0,1198,1024,1024,364,26,0,0,-100,77.7,0,0,54,3.679,3.674,3.67,0,0,0,6.855,99.32,3.07171761798,6.889764,6,P-GPS,
76300,2026-05-28 08:11:13,51.9882216532702,4.39034033124118,6.889764,,,3.07171761798,7.545932,0,234.471136112,277.592856652,26,5,11.025,3.07171761798,6.889764,13.645334,242.594167868,0,0,0,82.4, -2.9, 3.1,,,0,0,1242,1024,1024,364,33,0,0,-100,74.5,0,0,54,3.679,3.674,3.67,0,0,0,6.855,99.32,3.07171761798,6.889764,6,P-GPS,
76400,2026-05-28 08:11:13,51.9882216884977,4.39034036418395,6.889764,,,3.07171761798,7.545932,0,234.46194976,277.607620432,26,5,11.025,3.07171761798,6.889764,13.645334,242.594167868,0,0,0,79.1, -4.2, 3.3,,,0,0,1242,1024,1024,364,33,0,0,-100,71.3,0,0,54,3.679,3.674,3.67,0,0,0,6.855,99.32,3.07171761798,6.889764,6,P-GPS,
76500,2026-05-28 08:11:13,51.988221716666,4.39034034918722,6.889764,,,3.07171761798,7.545932,0,234.451122988,277.618447204,26,5,11.025,3.07171761798,6.889764,13.645334,242.594167868,0,0,0,75.7, -6.4, 3.1,,,0,0,1262,1024,1024,364,36,0,0,-100,68.1,0,0,54,3.679,3.674,3.67,0,0,0,6.855,99.32,3.07171761798,6.889764,6,P-GPS,
76600,2026-05-28 08:11:13,51.9882217675883,4.39034048579958,6.889764,,,3.07171761798,7.545932,0.223694,234.444561308,277.654536444,26,5,11.025,3.07171761798,6.889764,13.645334,242.594167868,0,0.223694,0,72.6, -8.1, 3.1,,,0,0,1265,1024,1024,364,37,0,0,-100,64.9,0,0,54,3.679,3.674,3.67,0,0,0,6.855,99.32,3.07171761798,6.889764,6,P-GPS,
76700,2026-05-28 08:11:13,51.9882218116569,4.39034083990656,6.889764,,,3.07171761798,7.545932,0.447388,234.457684668,277.735573192,26,5,11.025,3.07171761798,6.889764,13.645334,242.594167868,0,0.447388,0,69.3, -8.6, 3,,,0,0,1267,1024,1024,364,37,0,0,-100,61.7,0,0,54,3.679,3.674,3.67,0,0,0,6.855,99.32,3.07171761798,6.889764,6,P-GPS,
76800,2026-05-28 08:11:13,51.9882219275514,4.39034123004469,6.889764,,,3.07171761798,7.545932,0.4921268,234.449482568,277.83301414,26,5,11.025,3.07171761798,6.889764,13.645334,242.594167868,0.223694,0.447388,0,66, -8.9, 2.3,,,0,0,1274,1024,1024,364,38,0,0,-100,58.5,0,0,54,3.679,3.674,3.67,0,0,0,6.855,99.32,3.07171761798,6.889764,6,P-GPS,
76900,2026-05-28 08:11:13,51.9882222471348,4.39034162766729,6.889764,,,3.07171761798,7.545932,0.8052984,234.372382828,277.979995772,26,5,11.025,3.07171761798,6.889764,13.645334,242.594167868,0.447388,0.671082,0,62.8, -8.9, 1.8,,,0,0,1310,1024,1024,364,43,0,0,-100,55.3,0,0,54,3.679,3.674,3.67,0,0,0,6.855,99.32,3.07171761798,6.889764,6,P-GPS,
77000,2026-05-28 08:11:14,51.9882225059269,4.39034225552756,6.889764,,,3.07171761798,7.545932,1.11847,234.334325084,278.1496152,26,5,11.025,3.07171761798,6.889764,13.645334,242.594167868,0.671082,0.894776,0,59.6, -9, 2.1,,,0,0,1332,1024,1024,364,47,0,0,-100,52.1,0,0,54,3.679,3.674,3.67,0,0,0,6.855,99.32,3.07171761798,6.889764,6,P-GPS,
77100,2026-05-28 08:11:14,51.9882227159898,4.39034268904219,6.889764,,,3.07171761798,7.545932,1.2974252,234.297579676,278.273630952,26,5,11.025,3.07171761798,6.889764,13.645334,242.594167868,0.671082,1.11847,0,56.4, -9.9, 2.1,,,0,0,1352,1024,1024,364,50,0,0,-100,48.9,0,0,54,3.679,3.674,3.67,0,0,0,6.855,99.32,3.07171761798,6.889764,6,P-GPS,
77200,2026-05-28 08:11:14,51.9882231161716,4.39034353704029,6.889764,,,3.07171761798,7.545932,1.6105968,234.229666288,278.513460356,26,5,11.019,3.07171761798,6.889764,13.645334,242.594167868,0.894776,1.342164,0,53.1, -11.1, 1.3,,,0,0,1352,1024,1024,364,50,0,0,-100,45.7,0,0,54,3.675,3.671,3.666,0,0,0,6.9,99.32,3.07171761798,6.889764,6,P-GPS,
77300,2026-05-28 08:11:14,51.988223632385,4.39034421737528,6.889764,,,3.07171761798,7.545932,2.0579848,234.108603292,278.756242516,26,5,11.019,3.07171761798,6.889764,13.645334,242.594167868,1.342164,1.565858,0,49.8, -12.4, 0.3,,,0,0,1378,1024,1024,364,54,0,0,-100,42.5,0,0,54,3.675,3.671,3.666,0,0,0,6.9,99.32,3.07171761798,6.889764,6,P-GPS,
77400,2026-05-28 08:11:14,51.9882242705239,4.39034531211027,6.889764,,,3.07171761798,7.545932,2.3711564,233.979994364,279.094825204,26,5,11.019,3.07171761798,6.889764,13.645334,242.594167868,1.565858,1.789552,0,46.9, -13.4, -0.5,,,0,0,1382,1024,1024,364,54,0,0,-100,39.3,0,0,54,3.675,3.671,3.666,0,0,0,6.9,99.32,3.07171761798,6.889764,6,P-GPS,
77500,2026-05-28 08:11:14,51.9882247983884,4.39034609327684,6.889764,,,3.07171761798,7.545932,2.684328,233.863852628,279.3553239,26,5,11.019,3.07171761798,6.889764,13.645334,242.594167868,2.013246,1.789552,0,43.8, -13.3, -0.9,,,0,0,1386,1024,1024,364,55,0,0,-100,36.1,0,0,54,3.675,3.671,3.666,0,0,0,6.9,99.32,3.07171761798,6.889764,6,P-GPS,
77600,2026-05-28 08:11:14,51.9882257458303,4.39034737687626,6.889764,,,3.07171761798,7.545932,3.1764548,233.646004852,279.805455148,26,5,11.019,3.07171761798,6.889764,13.645334,242.594167868,2.460634,2.013246,0,40.6, -13.4, -1.9,,,0,0,1388,1024,1024,364,55,0,0,-100,32.9,0,0,54,3.675,3.671,3.666,0,0,0,6.9,99.32,3.07171761798,6.889764,6,P-GPS,
77700,2026-05-28 08:11:14,51.9882268209548,4.39034861537413,6.889764,,,3.07171761798,7.545932,3.5343652,233.381897232,280.286426292,26,5,11.019,3.07171761798,6.889764,13.645334,242.594167868,2.908022,2.013246,0,37.6, -13.5, -2.6,,,0,0,1389,1024,1024,364,55,0,0,-100,29.7,0,0,54,3.675,3.671,3.666,0,0,0,6.9,99.32,3.07171761798,6.889764,6,P-GPS,
77800,2026-05-28 08:11:14,51.9882281377373,4.39034998644994,6.56168,,,2.74363361798,7.545932,3.914645,233.047579636,280.857292452,26,5,11.019,3.07171761798,6.889764,13.645334,242.594167868,3.35541,2.013246,0,34.5, -13.1, -3.1,,,0,0,1389,1024,1024,364,55,0,0,-100,26.5,0,0,54,3.675,3.671,3.666,0,0,0,6.9,99.32,2.74363361798,6.56168,6,P-GPS,
77900,2026-05-28 08:11:14,51.9882294885137,4.39035108229781,6.56168,,,2.74363361798,7.545932,4.4962494,232.679469388,281.408145488,26,5,11.019,3.07171761798,6.889764,13.645334,242.594167868,4.026492,2.013246,0,31.4, -12.5, -3.6,,,0,0,1390,1024,1024,364,55,0,0,-100,23.3,0,0,54,3.675,3.671,3.666,0,0,0,6.9,99.32,2.74363361798,6.56168,6,P-GPS,
78000,2026-05-28 08:11:15,51.9882311849171,4.39035240482197,6.56168,,,2.74363361798,7.545932,4.8988986,232.213918192,282.0948253,26,5,11.019,3.07171761798,6.889764,13.645334,242.594167868,4.47388,2.013246,0,28.4, -11.9, -4.3,,,0,0,1391,1024,1024,364,56,0,0,-100,20.1,0,0,54,3.675,3.671,3.666,0,0,0,6.9,99.32,2.74363361798,6.56168,6,P-GPS,
78100,2026-05-28 08:11:15,51.9882326892826,4.39035358188599,6.56168,,,2.74363361798,7.545932,5.3239172,231.802500856,282.704077288,26,5,11.019,3.07171761798,6.889764,13.645334,242.594167868,4.921268,2.013246,0,25.3, -11.4, -5,,,0,0,1391,1024,1024,364,56,0,0,-100,16.9,0,0,54,3.675,3.671,3.666,0,0,0,6.9,99.32,2.74363361798,6.56168,6,P-GPS,
78200,2026-05-28 08:11:15,51.9882347278178,4.39035473101541,6.56168,,,2.74363361798,7.545932,5.6594582,231.208668816,283.491150804,26,5,11.008,3.07171761798,6.889764,13.645334,242.594167868,5.368656,1.789552,0,22.3, -10.9, -5.7,,,0,0,1391,1024,1024,364,56,0,0,-100,13.7,0,0,54,3.673,3.668,3.664,0,0,0,7.351,99.32,2.74363361798,6.56168,6,P-GPS,
78300,2026-05-28 08:11:15,51.9882367548412,4.39035589018941,6.56168,,,2.74363361798,7.545932,6.0173686,230.621070372,284.275271564,26,5,11.008,3.07171761798,6.889764,13.645334,242.594167868,5.816044,1.565858,0,19.3, -10.2, -6.2,,,0,0,1391,1024,1024,364,56,0,0,-100,10.5,0,0,54,3.673,3.668,3.664,0,0,0,7.351,99.32,2.74363361798,6.56168,6,P-GPS,
78400,2026-05-28 08:11:15,51.9882391178235,4.39035673712974,6.889764,,,3.07171761798,7.545932,6.3976484,229.894364312,285.158145608,26,5,11.008,3.07171761798,6.889764,13.645334,242.594167868,6.263432,1.342164,0,16, -9.7, -6.9,,,0,0,1391,1024,1024,364,56,0,0,-100,7.3,0,0,54,3.673,3.668,3.664,0,0,0,7.351,99.32,3.07171761798,6.889764,6,P-GPS,
78500,2026-05-28 08:11:15,51.9882415418736,4.39035777908384,6.889764,,,3.07171761798,7.545932,6.5542342,229.164705496,286.073171884,26,5,11.008,3.07171761798,6.889764,13.645334,242.594167868,6.487126,0.894776,0,12.7, -9.2, -7.2,,,0,0,1390,1024,1024,364,55,0,0,-100,4.1,0,0,54,3.673,3.668,3.664,0,0,0,7.351,99.32,3.07171761798,6.889764,6,P-GPS,
78600,2026-05-28 08:11:15,51.988244195588,4.39035824178498,6.889764,,,3.07171761798,7.545932,6.9568834,228.309390508,287.046925196,26,5,11.008,3.07171761798,6.889764,13.645334,242.594167868,6.934514,0.671082,0,9.7, -8.4, -7.9,,,0,0,1390,1024,1024,364,55,0,0,-100,0.9,0,0,54,3.673,3.668,3.664,0,0,0,7.351,99.32,3.07171761798,6.889764,6,P-GPS,
78700,2026-05-28 08:11:15,51.9882470045363,4.39035868556628,6.889764,,,3.07171761798,7.545932,7.158208,227.400925912,288.076452788,26,5,11.008,3.07171761798,6.889764,13.645334,242.594167868,7.158208,0.223694,0,6.2, -7.1, -7.5,,,0,0,1391,1024,1024,364,56,0,0,-100,357.8,0,0,54,3.673,3.668,3.664,0,0,0,7.351,99.32,3.07171761798,6.889764,6,P-GPS,
78800,2026-05-28 08:11:15,51.9882498848306,4.39035868654001,6.889764,,,3.07171761798,7.545932,7.381902,226.431109608,289.12730584,26,5,11.008,3.07171761798,6.889764,13.645334,242.594167868,7.381902,0,0,3.1, -7.6, -8.7,,,0,0,1390,1024,1024,364,55,0,0,-100,354.6,0,0,54,3.673,3.668,3.664,0,0,0,7.351,99.32,3.07171761798,6.889764,6,P-GPS,
78900,2026-05-28 08:11:15,51.9882527550844,4.3903589559806,6.889764,,,3.07171761798,7.545932,7.605596,225.48885236,290.176518472,26,5,11.008,3.07171761798,6.889764,13.645334,242.594167868,7.605596,-0.223694,0,359.9, -7.4, -9.5,,,0,0,1391,1024,1024,545,56,0,0,-73,351.4,0,0,54,3.673,3.668,3.664,0,0,0,7.351,99.32,3.07171761798,6.889764,6,P-GPS,
79000,2026-05-28 08:11:16,51.9882558051081,4.3903584346556,6.889764,,,3.07171761798,7.545932,7.8740288,224.417986184,291.295284912,26,5,11.008,3.07171761798,6.889764,13.645334,242.594167868,7.82929,-0.894776,0,356.6, -7.1, -8.3,,,0,0,1391,1024,1024,545,56,0,0,-73,348.3,0,0,54,3.673,3.668,3.664,0,0,0,7.351,99.32,3.07171761798,6.889764,6,P-GPS,
79100,2026-05-28 08:11:16,51.988259054503,4.39035777346298,6.889764,,,3.07171761798,7.545932,8.1200922,223.268379848,292.49016684,26,5,11.008,3.07171761798,6.889764,13.645334,242.594167868,8.052984,-1.11847,0,353.6, -7.4, -1.9,,,0,0,1391,1024,1024,825,56,0,0,-30,345.5,0,0,54,3.673,3.668,3.664,0,0,0,7.351,99.32,3.07171761798,6.889764,6,P-GPS,
79200,2026-05-28 08:11:16,51.9882622661347,4.39035681080513,6.889764,,,3.07171761798,7.217848,8.388525,222.105322068,293.681767928,26,5,11.004,3.07171761798,6.889764,13.645334,242.594167868,8.276678,-1.342164,0,351.3, -7.8, 1,,,0,0,1391,1024,1024,1024,56,0,0,0,343.8,0,0,54,3.677,3.672,3.667,0,0,0,7.464,99.32,3.07171761798,6.889764,6,P-GPS,
79300,2026-05-28 08:11:16,51.9882657581128,4.39035618817566,6.889764,,,3.07171761798,7.217848,8.612219,220.878615992,294.963264032,26,5,11.004,3.07171761798,6.889764,13.645334,242.594167868,8.500372,-1.342164,0,349.6, -7.8, 3.1,,,0,0,1391,1024,1024,1024,56,0,0,0,342.9,0,0,54,3.677,3.672,3.667,0,0,0,7.464,99.32,3.07171761798,6.889764,6,P-GPS,
79400,2026-05-28 08:11:16,51.98826916353,4.39035519983695,6.889764,,,3.07171761798,7.217848,8.835913,219.64895716,296.225731264,26,5,11.004,3.07171761798,6.889764,13.645334,242.594167868,8.724066,-1.342164,0,348.8, -7.2, 2,,,0,0,1390,1024,1024,1004,55,0,0,-3,342.5,0,0,54,3.677,3.672,3.667,0,0,0,7.464,99.32,3.07171761798,6.889764,6,P-GPS,
79500,2026-05-28 08:11:16,51.9882728855835,4.39035448956414,6.889764,,,3.07171761798,7.217848,9.0372376,218.33826158,297.592857292,26,5,11.004,3.07171761798,6.889764,13.645334,242.594167868,8.94776,-1.342164,0,348.3, -6.4, 1.8,,,0,0,1391,1024,1024,782,56,0,0,-37,342.5,0,0,54,3.677,3.672,3.667,0,0,0,7.464,99.32,3.07171761798,6.889764,6,P-GPS,
79600,2026-05-28 08:11:16,51.9882764586055,4.39035347854944,6.889764,,,3.07171761798,7.217848,9.3056704,217.051516132,298.916020064,26,5,11.004,3.07171761798,6.889764,13.645334,242.594167868,9.171454,-1.565858,0,348.4, -5.9, -0.7,,,0,0,1391,1024,1024,512,56,0,0,-78,342.4,0,0,54,3.677,3.672,3.667,0,0,0,7.464,99.32,3.07171761798,6.889764,6,P-GPS,
79700,2026-05-28 08:11:16,51.9882803938059,4.39035211306605,6.889764,,,3.07171761798,7.217848,9.3504092,215.612211624,300.384195964,26,5,11.004,3.07171761798,6.889764,13.645334,242.594167868,9.171454,-1.789552,0,347.7, -5.4, -12.6,,,0,0,1390,1024,1024,1024,55,0,0,0,341.6,0,0,54,3.677,3.672,3.667,0,0,0,7.464,99.32,3.07171761798,6.889764,6,P-GPS,
79800,2026-05-28 08:11:16,51.9882840483857,4.39035071962019,6.889764,,,3.07171761798,7.217848,9.4398868,214.264770636,301.753946664,26,5,11.004,3.07171761798,6.889764,13.645334,242.594167868,9.171454,-2.23694,0,345.9, -4.9, -1.9,,,0,0,1392,1024,1024,1024,56,0,0,0,340,0,0,54,3.677,3.672,3.667,0,0,0,7.464,99.32,3.07171761798,6.889764,6,P-GPS,
79900,2026-05-28 08:11:16,51.9882879946547,4.39034856690484,6.889764,,,3.07171761798,7.217848,9.4398868,212.751647228,303.272975584,26,5,11.004,3.07171761798,6.889764,13.645334,242.594167868,9.171454,-2.23694,0,345.4, -6.1, 5.5,,,0,0,1392,1024,1024,1024,56,0,0,0,338.9,0,0,54,3.677,3.672,3.667,0,0,0,7.464,99.32,3.07171761798,6.889764,6,P-GPS,
80000,2026-05-28 08:11:17,51.9882917394279,4.39034698899076,6.889764,,,3.07171761798,7.217848,9.6635808,211.357618312,304.684392952,26,5,11.004,3.07171761798,6.889764,13.645334,242.594167868,9.395148,-2.23694,0,344.4, -7.5, 2.4,,,0,0,1394,1024,1024,1024,56,0,0,0,338.4,0,0,54,3.677,3.672,3.667,0,0,0,7.464,99.32,3.07171761798,6.889764,6,P-GPS,
80100,2026-05-28 08:11:17,51.9882953621727,4.39034501150645,6.889764,,,3.07171761798,7.217848,9.8649054,209.96883874,306.078749952,26,5,11.004,3.07171761798,6.889764,13.645334,242.594167868,9.618842,-2.23694,0,344.3, -7.5, 1.2,,,0,0,1456,988,1024,1024,65,-5,0,0,338.4,0,0,54,3.677,3.672,3.667,0,0,0,7.464,99.32,3.07171761798,6.889764,6,P-GPS,
80200,2026-05-28 08:11:17,51.9882992234571,4.39034335821906,6.889764,,,3.07171761798,7.217848,10.1557076,208.529534232,307.535770996,26,5,11.005,3.07171761798,6.889764,13.645334,242.594167868,9.842536,-2.460634,0,344.1, -9.1, 1.5,,,0,0,1505,906,1024,1024,73,-18,0,0,338.4,0,0,54,3.673,3.671,3.666,0,0,0,7.276,99.32,3.07171761798,6.889764,6,P-GPS,
80300,2026-05-28 08:11:17,51.9883032826393,4.39034173036213,6.889764,,,3.07171761798,7.217848,10.3570322,207.026581428,309.061361596,26,5,11.005,3.07171761798,6.889764,13.645334,242.594167868,10.06623,-2.460634,0,344, -13, 1.3,,,0,0,1509,945,1024,1024,73,-12,0,0,338.4,0,0,54,3.673,3.671,3.666,0,0,0,7.276,99.32,3.07171761798,6.889764,6,P-GPS,
80400,2026-05-28 08:11:17,51.9883073603262,4.39033994925455,6.889764,,,3.07171761798,7.217848,10.625465,205.504271668,310.601715976,26,5,11.005,3.07171761798,6.889764,13.645334,242.594167868,10.289924,-2.684328,0,344.1, -15.3, 1.9,,,0,0,1509,832,1024,1024,73,-29,0,0,338.4,0,0,54,3.673,3.671,3.666,0,0,0,7.276,99.32,3.07171761798,6.889764,6,P-GPS,
80500,2026-05-28 08:11:17,51.9883117680483,4.3903375242327,6.889764,,,3.07171761798,7.217848,11.072853,203.812998648,312.29987876,26,5,11.005,3.07171761798,6.889764,13.645334,242.594167868,10.737312,-2.684328,0,344.1, -15.5, 2.3,,,0,0,1453,604,1024,1024,65,-64,0,0,338.4,0,0,54,3.673,3.671,3.666,0,0,0,7.276,99.32,3.07171761798,6.889764,6,P-GPS,
80600,2026-05-28 08:11:17,51.9883161811161,4.39033556168949,6.889764,,,3.07171761798,6.889764,11.5649798,202.162736128,313.969170152,26,5,11.005,3.07171761798,6.889764,13.645334,242.594167868,11.1847,-2.908022,0,344.3, -13.5, 0.3,,,0,0,1462,973,1024,1024,66,-8,0,0,338.4,0,0,54,3.673,3.671,3.666,0,0,0,7.276,99.32,3.07171761798,6.889764,6,P-GPS,
80700,2026-05-28 08:11:17,51.9883205739658,4.39033350162563,6.889764,,,3.07171761798,7.217848,11.7663044,200.51017702,315.637477292,26,5,11.005,3.07171761798,6.889764,13.645334,242.594167868,11.408394,-2.908022,0,344.5, -9.4, -4.8,,,0,0,1462,973,1024,1024,66,-8,0,0,338.4,0,0,54,3.673,3.671,3.666,0,0,0,7.276,99.32,3.07171761798,6.889764,6,P-GPS,
80800,2026-05-28 08:11:17,51.9883251558378,4.39033126574642,6.889764,,,3.07171761798,7.217848,11.9005208,198.779205836,317.382884172,26,5,11.005,3.07171761798,6.889764,13.645334,242.594167868,11.408394,-3.35541,0,344.5, -11.4, -0.4,,,0,0,1462,924,1024,1024,66,-15,0,0,338.4,0,0,54,3.673,3.671,3.666,0,0,0,7.276,99.32,3.07171761798,6.889764,6,P-GPS,
80900,2026-05-28 08:11:17,51.988329629697,4.39032852242618,6.889764,,,3.07171761798,7.217848,12.1018454,197.03740788,319.127634884,26,5,11.005,3.07171761798,6.889764,13.645334,242.594167868,11.632088,-3.35541,0,344.4, -13.2, 1.2,,,0,0,1462,922,1024,1024,66,-15,0,0,338.4,0,0,54,3.673,3.671,3.666,0,0,0,7.276,99.32,3.07171761798,6.889764,6,P-GPS,
81000,2026-05-28 08:11:18,51.9883343613888,4.3903260378625,6.889764,,,3.07171761798,7.217848,12.3926476,195.233930132,320.942267488,26,5,11.005,3.07171761798,6.889764,13.645334,242.594167868,11.855782,-3.579104,0,344.3, -14.1, 1.6,,,0,0,1465,647,1024,1024,67,-57,0,0,338.3,0,0,54,3.673,3.671,3.666,0,0,0,7.276,99.32,3.07171761798,6.889764,6,P-GPS,
81100,2026-05-28 08:11:18,51.9883390643639,4.39032332723462,6.889764,,,3.07171761798,7.217848,12.8847744,193.419297528,322.762805604,26,5,11.005,3.07171761798,6.889764,13.645334,242.594167868,12.30317,-3.802798,0,344.2, -13.9, 0.9,,,0,0,1432,930,1024,986,62,-14,0,-6,338.4,0,0,54,3.673,3.671,3.666,0,0,0,7.276,99.32,3.07171761798,6.889764,6,P-GPS,
81200,2026-05-28 08:11:18,51.9883440101621,4.39032063385717,6.889764,,,3.07171761798,7.217848,13.086099,191.52559668,324.666020888,26,5,11.009,3.07171761798,6.889764,13.645334,242.594167868,12.526864,-3.802798,0,344.3, -11.5, -1,,,0,0,1421,1024,1024,540,60,0,0,-73,338.4,0,0,54,3.68,3.676,3.671,0,0,0,7.111,99.32,3.07171761798,6.889764,6,P-GPS,
81300,2026-05-28 08:11:18,51.9883489688108,4.39031804106086,6.889764,,,3.07171761798,7.217848,13.2203154,189.637145176,326.5666115,26,5,11.009,3.07171761798,6.889764,13.645334,242.594167868,12.526864,-4.250186,0,344.7, -9.7, -9,,,0,0,1424,1024,1024,572,61,0,0,-68,338.1,0,0,54,3.68,3.676,3.671,0,0,0,7.111,99.32,3.07171761798,6.889764,6,P-GPS,
81400,2026-05-28 08:11:18,51.9883539966122,4.39031494176939,6.889764,,,3.07171761798,7.217848,13.3769012,187.67881178,328.53019424,26,5,11.009,3.07171761798,6.889764,13.645334,242.594167868,12.526864,-4.697574,0,343.6, -7.7, -16.8,,,0,0,1424,1024,1024,1024,61,0,0,0,336.9,0,0,54,3.68,3.676,3.671,0,0,0,7.111,99.32,3.07171761798,6.889764,6,P-GPS,
81500,2026-05-28 08:11:18,51.9883588749022,4.39031118367814,6.889764,,,3.07171761798,7.545932,13.42164,185.709323528,330.49869824,26,5,11.009,3.07171761798,6.889764,13.645334,242.594167868,12.30317,-5.368656,0,341.2, -6.2, -4.9,,,0,0,1428,1024,1024,1024,61,0,0,0,335.1,0,0,54,3.68,3.676,3.671,0,0,0,7.111,99.32,3.07171761798,6.889764,6,P-GPS,
81600,2026-05-28 08:11:18,51.9883638044916,4.39030733802721,6.889764,,,3.07171761798,7.545932,13.5111176,183.714244724,332.49344896,26,5,11.009,3.07171761798,6.889764,13.645334,242.594167868,12.30317,-5.59235,0,340.4, -8, 9.6,,,0,0,1428,1024,1024,1024,61,0,0,0,333.9,0,0,54,3.68,3.676,3.671,0,0,0,7.111,99.32,3.07171761798,6.889764,6,P-GPS,
81700,2026-05-28 08:11:18,51.9883688179005,4.39030345829285,6.889764,,,3.07171761798,7.545932,13.6229646,181.688326024,334.52100808,25,5,11.009,3.07171761798,6.889764,13.645334,242.594167868,12.526864,-5.368656,0,339.2, -11.1, 4.3,,,0,0,1428,1024,1024,1024,61,0,0,0,333.4,0,0,54,3.68,3.676,3.671,0,0,0,7.111,99.32,3.07171761798,6.889764,6,P-GPS,
81800,2026-05-28 08:11:18,51.9883738557083,4.39029972927716,6.889764,,,3.07171761798,7.545932,13.8242892,179.668312836,336.54200552,25,5,11.009,3.07171761798,6.889764,13.8242892,242.594167868,12.750558,-5.368656,0,338.4, -10.9, 2.7,,,0,0,1429,1024,1024,1024,61,0,0,0,333.3,0,0,54,3.68,3.676,3.671,0,0,0,7.111,99.32,3.07171761798,6.889764,6,P-GPS,
81900,2026-05-28 08:11:19,51.9883791240712,4.39029653574838,6.889764,,,3.07171761798,7.545932,13.8242892,177.62139676,338.59253052,25,5,11.009,3.07171761798,6.889764,13.8242892,242.594167868,12.750558,-5.368656,0,338.3, -10.3, 2.8,,,0,0,1432,1024,1024,1024,62,0,0,0,333.3,0,0,54,3.68,3.676,3.671,0,0,0,7.111,99.32,3.07171761798,6.889764,6,P-GPS,
82000,2026-05-28 08:11:19,51.988384314817,4.3902927816639,6.889764,,,3.07171761798,7.545932,14.1374608,175.548562048,340.6660214,25,5,11.009,3.07171761798,6.889764,14.1374608,242.594167868,12.974252,-5.59235,0,338.5, -9.6, 3,,,0,0,1455,1024,1024,1024,65,0,0,0,333.3,0,0,54,3.68,3.676,3.671,0,0,0,7.111,99.32,3.07171761798,6.889764,6,P-GPS,
82100,2026-05-28 08:11:19,51.988390417126,4.3902886245313,6.56168,,,2.74363361798,7.545932,14.3387854,173.135176144,343.08071964,26,5,11.009,3.07171761798,6.889764,14.3387854,242.594167868,13.197946,-5.59235,0,338.6, -9.7, 3.5,,,0,0,1505,1024,1024,1024,73,0,0,0,333.3,0,0,54,3.68,3.676,3.671,0,0,0,7.111,99.32,2.74363361798,6.56168,6,P-GPS,
82200,2026-05-28 08:11:19,51.9883958071746,4.39028475767904,6.56168,,,2.74363361798,7.545932,14.54011,170.985241692,345.22966984,26,5,11.017,3.07171761798,6.889764,14.54011,242.594167868,13.42164,-5.59235,0,338.6, -10.6, 3.9,,,0,0,1521,1024,1024,1024,75,0,0,0,333.3,0,0,54,3.674,3.671,3.668,0,0,0,6.8,99.32,2.74363361798,6.56168,6,P-GPS,
82300,2026-05-28 08:11:19,51.9884000675099,4.39028114482555,6.56168,,,2.74363361798,7.545932,14.54011,169.234257384,346.9816384,26,5,11.017,3.07171761798,6.889764,14.54011,242.594167868,13.42164,-5.59235,0,338.5, -12.6, 4,,,0,0,1520,1024,1024,1015,75,0,0,-1,333.3,0,0,54,3.674,3.671,3.668,0,0,0,6.8,99.32,2.74363361798,6.56168,6,P-GPS,
82400,2026-05-28 08:11:19,51.9884055304123,4.39027724522528,6.56168,,,2.74363361798,7.545932,15.0322368,167.05709196,349.16011616,26,5,11.017,3.07171761798,6.889764,15.0322368,242.594167868,13.869028,-5.816044,0,338.2, -14.5, 3.9,,,0,0,1520,1024,1024,1015,75,0,0,-1,333.3,0,0,54,3.674,3.671,3.668,0,0,0,6.8,99.32,2.74363361798,6.56168,6,P-GPS,
82500,2026-05-28 08:11:19,51.988412201159,4.39027239963334,6.56168,,,2.74363361798,7.545932,15.0322368,164.391081376,351.82743908,26,5,11.017,3.07171761798,6.889764,15.0322368,242.594167868,14.092722,-5.816044,0,338.3, -14.9, 1.5,,,0,0,1521,1024,1024,757,75,0,0,-40,333.3,0,0,54,3.674,3.671,3.668,0,0,0,6.8,99.32,2.74363361798,6.56168,6,P-GPS,
82600,2026-05-28 08:11:19,51.9884179990311,4.39026826417501,6.56168,,,2.74363361798,7.217848,15.546733,162.080713848,354.13715044,26,5,11.017,3.07171761798,6.889764,15.546733,242.594167868,14.316416,-6.039738,0,339, -14.1, -8,,,0,0,1520,1024,1024,1024,75,0,0,0,332.8,0,0,54,3.674,3.671,3.668,0,0,0,6.8,99.32,2.74363361798,6.56168,6,P-GPS,
82700,2026-05-28 08:11:19,51.9884228891438,4.39026433744689,6.56168,,,2.74363361798,7.217848,15.9270128,160.091540556,356.12862032,25,5,11.017,3.07171761798,6.889764,15.9270128,242.594167868,14.54011,-6.487126,0,338.1, -13.8, 2.8,,,0,0,1521,1024,1024,1024,75,0,0,0,332.1,0,0,54,3.674,3.671,3.668,0,0,0,6.8,99.32,2.74363361798,6.56168,6,P-GPS,
82800,2026-05-28 08:11:19,51.9884287616516,4.39025978302562,6.56168,,,2.74363361798,7.217848,15.9270128,157.717524732,358.50066764,25,5,11.017,3.07171761798,6.889764,15.9270128,242.594167868,14.763804,-6.487126,0,337.5, -14.9, 6.1,,,0,0,1522,1024,1024,1024,75,0,0,0,331.6,0,0,54,3.674,3.671,3.668,0,0,0,6.8,99.32,2.74363361798,6.56168,6,P-GPS,
82900,2026-05-28 08:11:19,51.9884350502415,4.3902547375234,6.56168,,,2.74363361798,7.217848,16.4191396,155.159781868,361.05972284,26,5,11.017,3.07171761798,6.889764,16.4191396,242.594167868,14.987498,-6.71082,0,336.4, -15.1, 4,,,0,0,1521,1024,1024,1024,75,0,0,0,331.4,0,0,54,3.674,3.671,3.668,0,0,0,6.8,99.32,2.74363361798,6.56168,6,P-GPS,
83000,2026-05-28 08:11:20,51.9884411960367,4.39025009554224,6.56168,,,2.74363361798,7.217848,16.8217888,152.68701276,363.5334762,26,5,11.017,3.07171761798,6.889764,16.8217888,242.594167868,15.434886,-6.71082,0,336.1, -14.6, 3,,,0,0,1522,1024,1024,1024,75,0,0,0,331.4,0,0,54,3.674,3.671,3.668,0,0,0,6.8,99.32,2.74363361798,6.56168,6,P-GPS,
83100,2026-05-28 08:11:20,51.9884473444362,4.39024553895073,6.56168,,,2.74363361798,7.217848,17.0454828,150.221133416,366.00066788,26,5,11.017,3.07171761798,6.889764,17.0454828,242.594167868,15.65858,-6.71082,0,336.3, -14.1, 3.4,,,0,0,1521,1024,1024,1024,75,0,0,0,331.4,0,0,54,3.674,3.671,3.668,0,0,0,6.8,99.32,2.74363361798,6.56168,6,P-GPS,
83200,2026-05-28 08:11:20,51.988453710369,4.39024076119195,6.56168,,,2.74363361798,7.217848,17.336285,147.6624063,368.55972308,26,5,11.008,3.07171761798,6.889764,17.336285,242.594167868,15.882274,-6.934514,0,336.6, -13.8, 3.7,,,0,0,1522,1024,1024,1024,75,0,0,0,331.4,0,0,54,3.673,3.667,3.661,0,0,0,6.946,99.32,2.74363361798,6.56168,6,P-GPS,
83300,2026-05-28 08:11:20,51.9884603140875,4.39023609987361,6.56168,,,2.74363361798,6.889764,17.336285,145.035765796,371.18439508,26,5,11.008,3.07171761798,6.889764,17.336285,242.594167868,16.105968,-6.934514,0,336.5, -14, 3.7,,,0,0,1522,1024,1024,1024,75,0,0,0,331.4,0,0,54,3.673,3.667,3.661,0,0,0,6.946,99.32,2.74363361798,6.56168,6,P-GPS,
83400,2026-05-28 08:11:20,51.9884668953604,4.39023124407052,6.56168,,,2.74363361798,6.889764,17.7389342,142.39829852,373.82219044,26,5,11.008,3.07171761798,6.889764,17.7389342,242.594167868,16.329662,-6.934514,0,336.4, -14, 3.2,,,0,0,1522,1024,1024,1024,75,0,0,0,331.4,0,0,54,3.673,3.667,3.661,0,0,0,6.946,99.32,2.74363361798,6.56168,6,P-GPS,
83500,2026-05-28 08:11:20,51.9884733929509,4.39022631531477,6.56168,,,2.74363361798,6.889764,18.0297364,139.78182862,376.44030076,26,5,11.008,3.07171761798,6.889764,18.0297364,242.594167868,16.553356,-7.158208,0,336.5, -13.9, 3.5,,,0,0,1521,1024,1024,1024,75,0,0,0,331.4,0,0,54,3.673,3.667,3.661,0,0,0,6.946,99.32,2.74363361798,6.56168,6,P-GPS,
83600,2026-05-28 08:11:20,51.9884801391899,4.39022137524887,6.56168,,,2.74363361798,6.889764,18.231061,137.082025384,379.14043208,26,5,11.008,3.07171761798,6.889764,18.231061,242.594167868,16.77705,-7.158208,0,336.6, -13.5, 3,,,0,0,1522,1024,1024,1024,75,0,0,0,331.4,0,0,54,3.673,3.667,3.661,0,0,0,6.946,99.32,2.74363361798,6.56168,6,P-GPS,
83700,2026-05-28 08:11:20,51.9884868890271,4.39021613427415,6.56168,,,2.74363361798,6.889764,18.454755,134.352694588,381.87009096,26,5,11.008,3.07171761798,6.889764,18.454755,242.594167868,17.000744,-7.158208,0,336.6, -13.3, 2.8,,,0,0,1521,1024,1024,1024,75,0,0,0,331.4,0,0,54,3.673,3.667,3.661,0,0,0,6.946,99.32,2.74363361798,6.56168,6,P-GPS,
83800,2026-05-28 08:11:20,51.988493789952,4.3902110971328,6.56168,,,2.74363361798,6.56168,18.6560796,131.592195812,384.6292774,26,5,11.008,3.07171761798,6.889764,18.6560796,242.594167868,17.224438,-7.158208,0,336.7, -13, 2.5,,,0,0,1522,1024,1024,1024,75,0,0,0,331.4,0,0,54,3.673,3.667,3.661,0,0,0,6.946,99.32,2.74363361798,6.56168,6,P-GPS,
83900,2026-05-28 08:11:20,51.9885008642386,4.39020597037265,6.56168,,,2.74363361798,6.56168,18.9468818,128.766080236,387.45736148,26,5,11.008,3.07171761798,6.889764,18.9468818,242.594167868,17.448132,-7.381902,0,336.7, -13.3, 2.5,,,0,0,1523,1024,1024,1024,76,0,0,0,331.4,0,0,54,3.673,3.667,3.661,0,0,0,6.946,99.32,2.74363361798,6.56168,6,P-GPS,
84000,2026-05-28 08:11:21,51.9885079216312,4.39020083932772,6.56168,,,2.74363361798,6.56168,18.9468818,125.94488592,390.27888388,26,5,11.008,3.07171761798,6.889764,18.9468818,242.594167868,17.448132,-7.381902,0,336.7, -13.4, 2.5,,,0,0,1522,1024,1024,1024,75,0,0,0,331.4,0,0,54,3.673,3.667,3.661,0,0,0,6.946,99.32,2.74363361798,6.56168,6,P-GPS,
84100,2026-05-28 08:11:21,51.9885152001551,4.39019572678526,6.56168,,,2.74363361798,6.233596,19.1482064,123.051841208,393.16930392,26,5,11.008,3.07171761798,6.889764,19.1482064,242.594167868,17.671826,-7.381902,0,336.7, -13, 2.4,,,0,0,1521,1024,1024,1024,75,0,0,0,331.4,0,0,54,3.673,3.667,3.661,0,0,0,6.946,99.32,2.74363361798,6.56168,6,P-GPS,
84200,2026-05-28 08:11:21,51.9885224173051,4.39019051046196,6.56168,,,2.74363361798,6.233596,19.349531,120.169623268,396.05316228,26,5,11.011,3.07171761798,6.889764,19.349531,242.594167868,17.89552,-7.381902,0,336.9, -13, 2.4,,,0,0,1521,1024,1024,1024,75,0,0,0,331.4,0,0,54,3.673,3.668,3.664,0,0,0,7.176,99.32,2.74363361798,6.56168,6,P-GPS,
84300,2026-05-28 08:11:21,51.9885297707389,4.39018507569807,6.56168,,,2.74363361798,6.233596,19.573225,117.221788528,398.9993566,26,5,11.011,3.07171761798,6.889764,19.573225,242.594167868,18.119214,-7.381902,0,336.6, -13, 2.4,,,0,0,1521,1024,1024,1024,75,0,0,0,331.4,0,0,54,3.673,3.668,3.664,0,0,0,7.176,99.32,2.74363361798,6.56168,6,P-GPS,
84400,2026-05-28 08:11:21,51.9885371114764,4.39017977825598,6.889764,,,3.07171761798,5.905512,19.6403332,114.29134224,401.93242756,26,5,11.011,3.07171761798,6.889764,19.6403332,242.594167868,18.119214,-7.605596,0,336.6, -13, 1.8,,,0,0,1521,1024,1024,1024,75,0,0,0,331.4,0,0,54,3.673,3.668,3.664,0,0,0,7.176,99.32,3.07171761798,6.889764,6,P-GPS,
84500,2026-05-28 08:11:21,51.9885447257754,4.39017457033529,6.889764,,,3.07171761798,5.905512,19.8640272,111.2778907,404.94751952,26,5,11.011,3.07171761798,6.889764,19.8640272,242.594167868,18.342908,-7.605596,0,336.8, -12.5, 2.5,,,0,0,1521,1024,1024,874,75,0,0,-23,331.4,0,0,54,3.673,3.668,3.664,0,0,0,7.176,99.32,3.07171761798,6.889764,6,P-GPS,
84600,2026-05-28 08:11:21,51.9885521943154,4.39016918387262,6.889764,,,3.07171761798,5.905512,19.8640272,108.296263308,407.92652224,26,5,11.011,3.07171761798,6.889764,19.8640272,242.594167868,18.342908,-7.605596,0,337.6, -12.5, -1.9,,,0,0,1519,1024,1024,934,75,0,0,-14,331.3,0,0,54,3.673,3.668,3.664,0,0,0,7.176,99.32,3.07171761798,6.889764,6,P-GPS,
84700,2026-05-28 08:11:21,51.9885592786596,4.39016403723262,6.889764,,,3.07171761798,5.905512,19.9535048,105.464898388,410.75788716,26,5,11.011,3.07171761798,6.889764,19.9535048,242.594167868,18.342908,-7.82929,0,337.1, -13, -8.3,,,0,0,1520,1024,1024,1024,75,0,0,0,330.7,0,0,54,3.673,3.668,3.664,0,0,0,7.176,99.32,3.07171761798,6.889764,6,P-GPS,
84800,2026-05-28 08:11:21,51.988566733184,4.39015832845095,6.889764,,,3.07171761798,5.577428,20.13246,102.458008528,413.76641744,26,5,11.011,3.07171761798,6.889764,20.13246,242.594167868,18.342908,-8.276678,0,336.3, -12.7, 2.4,,,0,0,1520,1024,1024,1024,75,0,0,0,330.1,0,0,54,3.673,3.668,3.664,0,0,0,7.176,99.32,3.07171761798,6.889764,6,P-GPS,
84900,2026-05-28 08:11:21,51.9885750319006,4.39015217942161,6.889764,,,3.07171761798,5.577428,20.3337846,99.129924432,417.0931892,26,5,11.011,3.07171761798,6.889764,20.3337846,242.594167868,18.566602,-8.276678,0,335.9, -12.5, 2.8,,,0,0,1519,1024,1024,1024,75,0,0,0,329.8,0,0,54,3.673,3.668,3.664,0,0,0,7.176,99.32,3.07171761798,6.889764,6,P-GPS,
85000,2026-05-28 08:11:22,51.9885826375469,4.39014633889685,6.889764,,,3.07171761798,5.577428,20.3337846,96.060698612,420.16405544,26,5,11.011,3.07171761798,6.889764,20.3337846,242.594167868,18.566602,-8.276678,0,335.2, -12.4, 1.7,,,0,0,1476,878,1024,1024,68,-22,0,0,329.7,0,0,54,3.673,3.668,3.664,0,0,0,7.176,99.32,3.07171761798,6.889764,6,P-GPS,
85100,2026-05-28 08:11:22,51.9885910898185,4.39014004168067,6.889764,,,3.07171761798,5.249344,20.5351092,92.667981968,423.556444,26,5,11.011,3.07171761798,6.889764,20.5351092,242.594167868,18.790296,-8.276678,0,335, -12.3, 1.6,,,0,0,1469,727,1024,1024,67,-45,0,0,329.7,0,0,54,3.673,3.668,3.664,0,0,0,7.176,99.32,3.07171761798,6.889764,6,P-GPS,
85200,2026-05-28 08:11:22,51.9885988525151,4.39013409151824,6.889764,,,3.07171761798,5.249344,20.5351092,89.536420188,426.6896462,26,5,11.005,3.07171761798,6.889764,20.5351092,242.594167868,18.790296,-8.276678,0,335.1, -10.5, 1.3,,,0,0,1469,727,1024,1024,67,-45,0,0,329.7,0,0,54,3.67,3.667,3.665,0,0,0,7.062,99.32,3.07171761798,6.889764,6,P-GPS,
85300,2026-05-28 08:11:22,51.9886060499951,4.39012903349551,6.889764,,,3.07171761798,5.249344,20.6245868,86.675527708,429.55053868,26,5,11.005,3.07171761798,6.889764,20.6245868,242.594167868,18.790296,-8.500372,0,335.1, -7.9, 0.3,,,0,0,1469,832,1024,1024,67,-29,0,0,329.7,0,0,54,3.67,3.667,3.665,0,0,0,7.062,99.32,3.07171761798,6.889764,6,P-GPS,
85400,2026-05-28 08:11:22,51.988613780651,4.39012308854994,6.889764,,,3.07171761798,5.249344,20.6245868,83.555120784,432.67061752,26,5,11.005,3.07171761798,6.889764,20.6245868,242.594167868,18.790296,-8.500372,0,335.3, -6.9, 0.7,,,0,0,1466,1011,1024,1024,67,-2,0,0,329.7,0,0,54,3.67,3.667,3.665,0,0,0,7.062,99.32,3.07171761798,6.889764,6,P-GPS,
85500,2026-05-28 08:11:22,51.9886215512977,4.39011704213287,6.889764,,,3.07171761798,5.249344,20.6245868,80.412076064,435.81366224,26,5,11.005,3.07171761798,6.889764,20.6245868,242.594167868,18.790296,-8.500372,0,335.4, -6.7, 1.7,,,0,0,1460,1024,1024,1024,66,0,0,0,329.7,0,0,54,3.67,3.667,3.665,0,0,0,7.062,99.32,3.07171761798,6.889764,6,P-GPS,
85600,2026-05-28 08:11:22,51.9886292353833,4.39011107380187,6.889764,,,3.07171761798,5.249344,20.4232622,77.305120584,438.92389856,26,5,11.005,3.07171761798,6.889764,20.6245868,242.594167868,18.566602,-8.500372,0,335.4, -6.6, 2,,,0,0,1461,994,1024,1024,66,-5,0,0,329.7,0,0,54,3.67,3.667,3.665,0,0,0,7.062,99.32,3.07171761798,6.889764,6,P-GPS,
85700,2026-05-28 08:11:22,51.9886371560382,4.39010490645092,6.889764,,,3.07171761798,5.249344,20.4232622,74.101380324,442.1259984,26,5,11.005,3.07171761798,6.889764,20.6245868,242.594167868,18.566602,-8.500372,0,335.4, -6.5, 2.1,,,0,0,1452,970,1024,1024,65,-8,0,0,329.7,0,0,54,3.67,3.667,3.665,0,0,0,7.062,99.32,3.07171761798,6.889764,6,P-GPS,
85800,2026-05-28 08:11:22,51.9886448142858,4.39009896796737,6.889764,,,3.07171761798,5.249344,20.3337846,71.005907784,445.22311136,26,5,11.005,3.07171761798,6.889764,20.6245868,242.594167868,18.566602,-8.276678,0,335.4, -6.1, 1.8,,,0,0,1353,1024,1024,1024,50,0,0,0,329.7,0,0,54,3.67,3.667,3.665,0,0,0,7.062,99.32,3.07171761798,6.889764,6,P-GPS,
85900,2026-05-28 08:11:22,51.9886526010384,4.39009327094818,6.889764,,,3.07171761798,5.577428,20.13246,67.889765952,448.33990936,26,5,11.005,3.07171761798,6.889764,20.6245868,242.594167868,18.342908,-8.276678,0,335.4, -5, 1.5,,,0,0,1364,1024,1024,1024,52,0,0,0,329.7,0,0,54,3.67,3.667,3.665,0,0,0,7.062,99.32,3.07171761798,6.889764,6,P-GPS,
86000,2026-05-28 08:11:23,51.9886601888481,4.3900874172422,6.889764,,,3.07171761798,5.577428,19.9311354,64.825789476,451.40421392,26,5,11.005,3.07171761798,6.889764,20.6245868,242.594167868,18.119214,-8.276678,0,335.6, 0.9, 1.9,,,0,0,1391,1024,1024,1024,56,0,0,0,329.7,0,0,54,3.67,3.667,3.665,0,0,0,7.062,99.32,3.07171761798,6.889764,6,P-GPS,
86100,2026-05-28 08:11:23,51.9886680957956,4.39008138397869,6.889764,,,3.07171761798,5.577428,19.6179638,61.6387815,454.5931904,26,5,11.005,3.07171761798,6.889764,20.6245868,242.594167868,17.89552,-8.052984,0,335.8, 4.5, 2.1,,,0,0,1391,1024,1024,1024,56,0,0,0,329.7,0,0,54,3.67,3.667,3.665,0,0,0,7.062,99.32,3.07171761798,6.889764,6,P-GPS,
86200,2026-05-28 08:11:23,51.9886754491949,4.39007574149324,6.889764,,,3.07171761798,5.577428,19.125837,58.672245972,457.55906976,26,5,11.012,3.07171761798,6.889764,20.6245868,242.594167868,17.448132,-7.82929,0,336.2, 2.2, 2,,,0,0,1396,1024,1024,1024,56,0,0,0,329.7,0,0,54,3.675,3.67,3.666,0,0,0,7.158,99.32,3.07171761798,6.889764,6,P-GPS,
86300,2026-05-28 08:11:23,51.9886828296403,4.39007001094009,6.889764,,,3.07171761798,5.577428,18.8350348,55.68897816,460.54463416,26,5,11.012,3.07171761798,6.889764,20.6245868,242.594167868,17.224438,-7.605596,0,336.2, -0.3, 1.4,,,0,0,1398,1024,1024,1024,57,0,0,0,329.7,0,0,54,3.675,3.67,3.666,0,0,0,7.158,99.32,3.07171761798,6.889764,6,P-GPS,
86400,2026-05-28 08:11:23,51.9886899665944,4.39006452277643,6.889764,,,3.07171761798,5.577428,18.6337102,52.808728724,463.42521168,26,5,11.012,3.07171761798,6.889764,20.6245868,242.594167868,17.000744,-7.605596,0,335.9, 0.1, 1.7,,,0,0,1360,1024,1024,1024,51,0,0,0,329.7,0,0,54,3.675,3.67,3.666,0,0,0,7.158,99.32,3.07171761798,6.889764,6,P-GPS,
86500,2026-05-28 08:11:23,51.9886973061666,4.39005884500406,6.889764,,,3.07171761798,5.577428,18.3205386,49.843833616,466.39109104,26,5,11.012,3.07171761798,6.889764,20.6245868,242.594167868,16.77705,-7.381902,0,335.8, -0.4, 1.2,,,0,0,1360,1024,1024,1024,51,0,0,0,329.7,0,0,54,3.675,3.67,3.666,0,0,0,7.158,99.32,3.07171761798,6.889764,6,P-GPS,
86600,2026-05-28 08:11:23,51.988704286396,4.39005350129197,6.889764,,,3.07171761798,5.577428,17.8284118,47.029529064,469.20605176,26,5,11.012,3.07171761798,6.889764,20.6245868,242.594167868,16.329662,-7.158208,0,335.6, 2.4, 1,,,0,0,1308,1024,1024,1024,43,0,0,0,329.7,0,0,54,3.675,3.67,3.666,0,0,0,7.158,99.32,3.07171761798,6.889764,6,P-GPS,
86700,2026-05-28 08:11:23,51.9887111019076,4.39004845978946,6.889764,,,3.07171761798,5.577428,17.6270872,44.297245512,471.93899148,26,5,11.012,3.07171761798,6.889764,20.6245868,242.594167868,16.105968,-7.158208,0,335.7, 4.9, 0.7,,,0,0,1250,1024,1024,1024,34,0,0,0,329.7,0,0,54,3.675,3.67,3.666,0,0,0,7.158,99.32,3.07171761798,6.889764,6,P-GPS,
86800,2026-05-28 08:11:23,51.9887178094322,4.39004335355606,6.889764,,,3.07171761798,5.249344,17.1349604,41.595801856,474.64240364,26,5,11.012,3.07171761798,6.889764,20.6245868,242.594167868,15.65858,-6.934514,0,335.9, 5.9, 0.9,,,0,0,1315,1024,1024,1024,44,0,0,0,329.7,0,0,54,3.675,3.67,3.666,0,0,0,7.158,99.32,3.07171761798,6.889764,6,P-GPS,
86900,2026-05-28 08:11:23,51.9887252535731,4.39003787107535,6.889764,,,3.07171761798,5.249344,16.6204642,38.61384638,477.6246872,26,5,11.012,3.07171761798,6.889764,20.6245868,242.594167868,15.211192,-6.71082,0,335.9, 8.8, 0.3,,,0,0,1315,1024,1024,1024,44,0,0,0,329.7,0,0,54,3.675,3.67,3.666,0,0,0,7.158,99.32,3.07171761798,6.889764,6,P-GPS,
87000,2026-05-28 08:11:24,51.9887316434332,4.39003296113874,6.889764,,,3.07171761798,5.249344,15.9270128,36.036418476,480.20342744,26,5,11.012,3.07171761798,6.889764,20.6245868,242.594167868,14.54011,-6.487126,0,336.1, 8.7, 1.5,,,0,0,1241,1024,1024,1024,33,0,0,0,329.7,0,0,54,3.675,3.67,3.666,0,0,0,7.158,99.32,3.07171761798,6.889764,6,P-GPS,
87100,2026-05-28 08:11:24,51.9887380626696,4.39002804163789,6.889764,,,3.07171761798,5.249344,15.4125166,33.448491884,482.7920102,26,5,11.012,3.07171761798,6.889764,20.6245868,242.594167868,14.092722,-6.263432,0,336.3, 9.6, 1.5,,,0,0,1024,1024,1024,1024,0,0,0,0,329.7,0,0,54,3.675,3.67,3.666,0,0,0,7.158,99.32,3.07171761798,6.889764,6,P-GPS,
87200,2026-05-28 08:11:24,51.9887440484157,4.3900234253274,6.889764,,,3.07171761798,5.577428,14.7190652,31.0329406256,485.20998928,26,5,11.017,3.07171761798,6.889764,20.6245868,242.594167868,13.42164,-6.039738,0,336.7, 19.6, 2,,,0,0,1024,1024,1024,1024,0,0,0,0,329.7,0,0,54,3.674,3.669,3.664,0,0,0,6.547,99.5,3.07171761798,6.889764,6,P-GPS,
87300,2026-05-28 08:11:24,51.9887501079106,4.39001919985071,6.889764,,,3.07171761798,5.577428,13.42164,28.62696942,487.61812584,26,5,11.017,3.07171761798,6.889764,20.6245868,242.594167868,12.30317,-5.368656,0,337.2, 30.7, 0.9,,,0,0,1024,1024,1024,1024,0,0,0,0,329.7,0,0,54,3.674,3.669,3.664,0,0,0,6.547,99.5,3.07171761798,6.889764,6,P-GPS,
87400,2026-05-28 08:11:24,51.988755290166,4.3900152015825,6.889764,,,3.07171761798,5.577428,12.0123678,26.5359588544,489.71130176,26,5,11.017,3.07171761798,6.889764,20.6245868,242.594167868,10.961006,-4.921268,0,337.2, 32.5, 0.2,,,0,0,1024,1024,1024,1024,0,0,0,0,329.7,0,0,54,3.674,3.669,3.664,0,0,0,6.547,99.5,3.07171761798,6.889764,6,P-GPS,
87500,2026-05-28 08:11:24,51.9887596651485,4.39001189905633,6.56168,,,2.74363361798,5.577428,10.513618,24.7772645724,491.469832,26,5,11.017,3.07171761798,6.889764,20.6245868,242.594167868,9.618842,-4.250186,0,337, 31.7, 1.2,,,0,0,718,1024,1024,1024,-46,0,0,0,329.7,0,0,54,3.674,3.669,3.664,0,0,0,6.547,99.5,2.74363361798,6.56168,6,P-GPS,
87600,2026-05-28 08:11:24,51.9887637196995,4.39000858740067,6.56168,,,2.74363361798,5.577428,9.1043458,23.1262474592,493.1266562,26,5,11.017,3.07171761798,6.889764,20.6245868,242.594167868,8.276678,-3.802798,0,337, 27.4, 2.2,,,0,0,1007,1024,1024,1024,-3,0,0,0,329.7,0,0,54,3.674,3.669,3.664,0,0,0,6.547,99.5,2.74363361798,6.56168,6,P-GPS,
87700,2026-05-28 08:11:24,51.9887688151627,4.39000462447844,6.56168,,,2.74363361798,5.577428,7.6950736,21.0690295456,495.18702372,26,5,11.017,3.07171761798,6.889764,20.6245868,242.594167868,6.934514,-3.35541,0,337.1, 24.9, 1.6,,,0,0,1024,1024,1024,1024,0,0,0,0,329.7,0,0,54,3.674,3.669,3.664,0,0,0,6.547,99.5,2.74363361798,6.56168,6,P-GPS,
87800,2026-05-28 08:11:24,51.9887720912691,4.3900018733158,6.56168,,,2.74363361798,5.577428,6.71082,19.7300531248,496.53216812,26,5,11.017,3.07171761798,6.889764,20.6245868,242.594167868,6.039738,-2.908022,0,336.7, 19, 2.5,,,0,0,1024,1024,1024,1024,0,0,0,0,329.7,0,0,54,3.674,3.669,3.664,0,0,0,6.547,99.5,2.74363361798,6.56168,6,P-GPS,
87900,2026-05-28 08:11:24,51.9887753912518,4.38999972782084,6.56168,,,2.74363361798,5.577428,5.9055216,18.4331698812,497.83138076,26,5,11.017,3.07171761798,6.889764,20.6245868,242.594167868,5.368656,-2.460634,0,337, 23.9, 2.4,,,0,0,1024,1024,1024,1024,0,0,0,0,329.7,0,0,54,3.674,3.669,3.664,0,0,0,6.547,99.5,2.74363361798,6.56168,6,P-GPS,
88000,2026-05-28 08:11:25,51.9887780453897,4.38999750497719,6.56168,,,2.74363361798,5.577428,4.8988986,17.3496724712,498.92061964,26,5,11.017,3.07171761798,6.889764,20.6245868,242.594167868,4.47388,-2.013246,0,337.4, 25.7, 3.1,,,0,0,1271,1024,1024,1024,37,0,0,0,329.7,0,0,54,3.674,3.669,3.664,0,0,0,6.547,99.5,2.74363361798,6.56168,6,P-GPS,
88100,2026-05-28 08:11:25,51.9887810367976,4.38999553819646,6.56168,,,2.74363361798,5.577428,3.914645,16.1723758456,500.0984412,26,5,11.017,3.07171761798,6.889764,20.6245868,242.594167868,3.579104,-1.565858,0,337.3, 18.2, 3.8,,,0,0,1508,1024,1024,1024,73,0,0,0,329.7,0,0,54,3.674,3.669,3.664,0,0,0,6.547,99.5,2.74363361798,6.56168,6,P-GPS,
88200,2026-05-28 08:11:25,51.9887831034792,4.38999388523273,6.56168,,,2.74363361798,5.577428,3.4001488,15.3355647952,500.93833624,26,5,10.974,3.07171761798,6.889764,20.6245868,242.594167868,3.131716,-1.342164,0,337, 6.7, 2.5,,,0,0,1396,1024,1024,1024,56,0,0,0,329.7,0,0,54,3.653,3.652,3.654,0,0,0,7.457,99.32,2.74363361798,6.56168,6,P-GPS,
88300,2026-05-28 08:11:25,51.9887853851971,4.38999241647289,6.56168,,,2.74363361798,5.577428,3.4001488,14.4401907508,501.83400556,26,5,10.974,3.07171761798,6.889764,20.6245868,242.594167868,3.131716,-1.342164,0,336.7, -0.4, 1.9,,,0,0,1359,1024,735,1024,51,0,-44,0,329.7,0,0,54,3.653,3.652,3.654,0,0,0,7.457,99.32,2.74363361798,6.56168,6,P-GPS,
88400,2026-05-28 08:11:25,51.9887873898411,4.38999091395639,6.56168,,,2.74363361798,5.577428,3.6238428,13.6368770768,502.63781136,26,5,10.974,3.07171761798,6.889764,20.6245868,242.594167868,3.35541,-1.342164,0,336.1, -1, 1.7,,,0,0,1332,1024,632,1024,47,0,-59,0,329.7,0,0,54,3.653,3.652,3.654,0,0,0,7.457,99.32,2.74363361798,6.56168,6,P-GPS,
88500,2026-05-28 08:11:25,51.9887896304438,4.38998965565353,6.56168,,,2.74363361798,5.577428,3.8251674,12.772146078,503.50395312,26,5,10.974,3.07171761798,6.889764,20.6245868,242.594167868,3.579104,-1.342164,0.447388,335.7, -1.7, 1.5,,,0,0,1334,1024,572,1024,47,0,-68,0,329.7,0,0,54,3.653,3.652,3.654,0,0,0,7.457,99.32,2.74363361798,6.56168,6,P-GPS,
88600,2026-05-28 08:11:25,51.9887917338461,4.38998815054942,6.56168,,,2.74363361798,5.577428,3.914645,11.9350069436,504.34384816,26,5,10.974,3.07171761798,6.889764,20.6245868,242.594167868,3.579104,-1.565858,0.894776,335.6, -1.6, 1.6,,,0,0,1372,1024,575,1024,53,0,-68,0,329.7,0,0,54,3.653,3.652,3.654,0,0,0,7.457,99.32,2.74363361798,6.56168,6,P-GPS,
88700,2026-05-28 08:11:25,51.9887931799216,4.38998712910616,6.233596,,,2.41554961798,5.249344,4.1159696,11.3606302848,504.91799516,26,5,10.974,3.07171761798,6.889764,20.6245868,242.594167868,3.802798,-1.565858,1.342164,335.5, -1.5, 1.5,,,0,0,1375,1024,575,1024,53,0,-68,0,329.7,0,0,54,3.653,3.652,3.654,0,0,0,7.457,99.32,2.41554961798,6.233596,6,P-GPS,
88800,2026-05-28 08:11:25,51.9887953062706,4.38998563503749,6.233596,,,2.41554961798,4.92126,4.3172942,10.5168638536,505.76445188,26,5,10.974,3.07171761798,6.889764,20.6245868,242.594167868,4.026492,-1.565858,1.342164,335.5, -2.7, 1.7,,,0,0,1375,1024,575,1024,53,0,-68,0,329.7,0,0,54,3.653,3.652,3.654,0,0,0,7.457,99.32,2.41554961798,6.233596,6,P-GPS,
88900,2026-05-28 08:11:25,51.9887967431751,4.38998482924383,5.905512,,,2.08746561798,4.92126,4.6080964,9.96227066,506.31891384,26,5,10.974,3.07171761798,6.889764,20.6245868,242.594167868,4.250186,-1.789552,1.342164,335.4, -4.6, 1.5,,,0,0,1386,1024,594,1024,55,0,-65,0,329.7,0,0,54,3.653,3.652,3.654,0,0,0,7.457,99.32,2.08746561798,5.905512,6,P-GPS,
89000,2026-05-28 08:11:26,51.9887989378716,4.38998334251442,5.577428,,,1.75938161798,4.593176,4.809421,9.095800816,507.1850556,26,5,10.974,3.07171761798,6.889764,20.6245868,242.594167868,4.47388,-1.789552,1.342164,335.4, -5.9, 1.4,,,0,0,1377,794,720,1024,53,-35,-46,0,329.7,0,0,54,3.653,3.652,3.654,0,0,0,7.457,99.32,1.75938161798,5.577428,6,P-GPS,
89100,2026-05-28 08:11:26,51.9888004306374,4.38998249583877,5.577428,,,1.75938161798,4.265092,5.033115,8.5188979104,507.76248344,26,5,10.974,3.07171761798,6.889764,20.6245868,242.594167868,4.697574,-1.789552,1.342164,335.4, -6.5, 0.8,,,0,0,1332,927,921,1024,47,-15,-16,0,329.7,0,0,54,3.653,3.652,3.654,0,0,0,7.457,99.32,1.75938161798,5.577428,6,P-GPS,
89200,2026-05-28 08:11:26,51.9888027506241,4.38998094916231,5.249344,,,1.43129761798,4.265092,5.3239172,7.6050527368,508.6778378,26,5,10.982,3.07171761798,6.889764,20.6245868,242.594167868,4.921268,-2.013246,1.11847,335.5, -5.1, 0.5,,,0,0,1327,832,1024,1024,46,-29,0,0,329.7,0,0,54,3.672,3.665,3.66,0,0,0,7.879,99.32,1.43129761798,5.249344,6,P-GPS,
89300,2026-05-28 08:11:26,51.9888044432194,4.38998010118678,5.249344,,,1.43129761798,3.937008,5.5252418,6.9592849996,509.32416328,26,5,10.982,3.07171761798,6.889764,20.6245868,242.594167868,5.144962,-2.013246,0.671082,335.5, -4, 0.2,,,0,0,1321,747,1024,1024,45,-42,0,0,329.7,0,0,54,3.672,3.665,3.66,0,0,0,7.879,99.32,1.43129761798,5.249344,6,P-GPS,
89400,2026-05-28 08:11:26,51.9888068514848,4.38997848218893,5.249344,,,1.43129761798,3.937008,5.816044,6.009842712,510.27560688,26,5,10.982,3.07171761798,6.889764,20.6245868,242.594167868,5.368656,-2.23694,0.223694,335.4, -2.3, -1.2,,,0,0,1297,752,1024,1024,41,-41,0,0,329.7,0,0,54,3.672,3.665,3.66,0,0,0,7.879,99.32,1.43129761798,5.249344,6,P-GPS,
89500,2026-05-28 08:11:26,51.9888084990208,4.38997737639936,4.92126,,,1.10321361798,3.937008,5.9055216,5.360728518,510.9252132,26,5,10.982,3.07171761798,6.889764,20.6245868,242.594167868,5.368656,-2.460634,0,335.5, -1, -2.1,,,0,0,1240,799,711,1024,33,-34,-47,0,329.7,0,0,54,3.672,3.665,3.66,0,0,0,7.879,99.32,1.10321361798,4.92126,6,P-GPS,
89600,2026-05-28 08:11:26,51.9888108614869,4.38997564889459,4.92126,,,1.10321361798,3.937008,5.9055216,4.4210303252,511.87009512,26,5,10.982,3.07171761798,6.889764,20.6245868,242.594167868,5.368656,-2.460634,0,335.3, 0.2, -3.2,,,0,0,1169,971,364,1024,22,-8,-100,0,329.7,0,0,54,3.672,3.665,3.66,0,0,0,7.879,99.32,1.10321361798,4.92126,6,P-GPS,
89700,2026-05-28 08:11:26,51.9888126723645,4.38997431719736,4.92126,,,1.10321361798,3.937008,5.7936746,3.7021982812,512.59516076,26,5,10.982,3.07171761798,6.889764,20.6245868,242.594167868,5.144962,-2.684328,0,335.1, 2.2, -3.1,,,0,0,1169,971,364,1024,22,-8,-100,0,329.7,0,0,54,3.672,3.665,3.66,0,0,0,7.879,99.32,1.10321361798,4.92126,6,P-GPS,
89800,2026-05-28 08:11:26,51.9888149008245,4.38997250121481,4.92126,,,1.10321361798,3.937008,5.7936746,2.81321531312,513.50395344,26,5,10.982,3.07171761798,6.889764,20.6245868,242.594167868,5.144962,-2.684328,0.447388,334.8, 3.7, -1.4,,,0,0,1173,973,535,1024,23,-8,-74,0,329.7,0,0,54,3.672,3.665,3.66,0,0,0,7.879,99.32,1.10321361798,4.92126,6,P-GPS,
89900,2026-05-28 08:11:27,51.9888165750145,4.38997098266168,4.593176,,,0.77512961798,3.937008,5.6147194,2.15207684052,514.2060532,26,5,10.982,3.07171761798,6.889764,20.6245868,242.594167868,4.921268,-2.684328,0.671082,334.8, 4.5, -0.1,,,0,0,1173,973,549,1024,23,-8,-72,0,329.7,0,0,54,3.672,3.665,3.66,0,0,0,7.879,99.32,0.77512961798,4.593176,6,P-GPS,
90000,2026-05-28 08:11:27,51.9888186290969,4.38996920899084,4.593176,,,0.77512961798,3.937008,5.4133948,1.39131566132,515.05250992,26,5,10.982,3.07171761798,6.889764,20.6245868,242.594167868,4.697574,-2.684328,0.671082,335.2, 4.9, 0.3,,,0,0,1173,971,503,1024,23,-8,-79,0,329.7,0,0,54,3.672,3.665,3.66,0,0,0,7.879,99.32,0.77512961798,4.593176,6,P-GPS,
90100,2026-05-28 08:11:27,51.9888206957442,4.38996787947608,4.593176,,,0.77512961798,3.608924,5.1002232,0.7617126228,515.86615824,26,5,10.982,3.07171761798,6.889764,20.6245868,242.594167868,4.47388,-2.460634,0.894776,335.5, 5.2, 0.6,,,0,0,1093,1024,508,1024,10,0,-78,0,329.7,0,0,54,3.672,3.665,3.66,0,0,0,7.879,99.32,0.77512961798,4.593176,6,P-GPS,
90200,2026-05-28 08:11:27,51.9888226025215,4.3899662358506,4.265092,,,0.44704561798,3.608924,5.1002232,0.79784779456,516.65355984,26,5,10.964,3.07171761798,6.889764,20.6245868,242.594167868,4.47388,-2.460634,0.894776,335.6, 5.8, 1,,,0,0,1024,1024,489,1024,0,0,-81,0,329.7,0,0,54,3.672,3.666,3.661,0,0,0,7.756,99.32,0.44704561798,4.265092,6,P-GPS,
90300,2026-05-28 08:11:27,51.9888248048752,4.38996467884403,4.265092,,,0.44704561798,3.28084,4.921268,1.43673561028,517.52954412,26,5,10.964,3.07171761798,6.889764,20.6245868,242.594167868,4.250186,-2.460634,0.671082,336, 8.1, 1.9,,,0,0,1024,1024,446,1024,0,0,-88,0,329.7,0,0,54,3.672,3.666,3.661,0,0,0,7.756,99.32,0.44704561798,4.265092,6,P-GPS,
90400,2026-05-28 08:11:27,51.9888265433829,4.38996321417997,4.265092,,,0.44704561798,3.28084,4.4067718,2.10458668152,518.24476724,26,5,10.964,3.07171761798,6.889764,20.6245868,242.594167868,3.802798,-2.23694,0.671082,336.7, 16.8, 2.2,,,0,0,1024,1024,446,1024,0,0,-88,0,329.7,0,0,54,3.672,3.666,3.661,0,0,0,7.756,99.32,0.44704561798,4.265092,6,P-GPS,
90500,2026-05-28 08:11:27,51.9888281060871,4.38996184550765,3.937008,,,0.11896161798,2.952756,4.4067718,2.73283145228,518.89109272,26,5,10.964,3.07171761798,6.889764,20.6245868,242.594167868,3.35541,-1.789552,0.671082,337.2, 18.4, 2.4,,,0,0,1024,1024,420,1024,0,0,-92,0,329.7,0,0,54,3.672,3.666,3.661,0,0,0,7.756,99.32,0.11896161798,3.937008,6,P-GPS,
90600,2026-05-28 08:11:27,51.9888293476027,4.38996081839572,3.937008,,,0.11896161798,2.952756,2.9974996,3.22898960464,519.39962292,26,5,10.964,3.07171761798,6.889764,20.6245868,242.594167868,2.684328,-1.342164,0.447388,337, 16.7, 2.7,,,0,0,1024,1024,520,1024,0,0,-76,0,329.7,0,0,54,3.672,3.666,3.661,0,0,0,7.756,99.32,0.11896161798,3.937008,6,P-GPS,
90700,2026-05-28 08:11:27,51.9888304121032,4.38995979528857,3.937008,,,0.11896161798,2.952756,2.3040482,3.676509304,519.85237884,26,5,10.964,3.07171761798,6.889764,20.6245868,242.594167868,2.013246,-1.11847,0.447388,336.8, 14.5, 2.9,,,0,0,1024,1024,364,1024,0,0,-100,0,329.7,0,0,54,3.672,3.666,3.661,0,0,0,7.756,99.32,0.11896161798,3.937008,6,P-GPS,
90800,2026-05-28 08:11:27,51.9888312225909,4.38995917028999,3.937008,,,0.11896161798,2.624672,1.7000744,3.9970801804,520.177182,26,5,10.964,3.07171761798,6.889764,20.6245868,242.594167868,1.565858,-0.671082,0.447388,336.7, 12.1, 2.5,,,0,0,1024,1024,364,1024,0,0,-100,0,329.7,0,0,54,3.672,3.666,3.661,0,0,0,7.756,99.32,0.11896161798,3.937008,6,P-GPS,
90900,2026-05-28 08:11:27,51.9888323932968,4.38995833205372,3.608924,,,-0.20912238202,2.624672,1.7000744,4.4535106412,520.64634212,26,5,10.964,3.07171761798,6.889764,20.6245868,242.594167868,1.342164,-0.447388,0.447388,336.7, 10.6, 2.3,,,0,0,1024,1024,364,1024,0,0,-100,0,329.7,0,0,54,3.672,3.666,3.661,0,0,0,7.756,99.32,-0.20912238202,3.608924,6,P-GPS,
91000,2026-05-28 08:11:28,51.9888329498061,4.38995799207765,3.608924,,,-0.20912238202,2.624672,1.1408394,4.66371406,520.86287756,26,5,10.964,3.07171761798,6.889764,20.6245868,242.594167868,1.11847,-0.223694,0.447388,336.7, 9.7, 1.7,,,0,0,1024,1024,364,1024,0,0,-100,0,329.7,0,0,54,3.672,3.666,3.661,0,0,0,7.756,99.32,-0.20912238202,3.608924,6,P-GPS,
91100,2026-05-28 08:11:28,51.988833970154,4.38995713401266,3.608924,,,-0.20912238202,2.624672,1.1408394,5.079888614,521.28282508,26,5,10.98,3.07171761798,6.889764,20.6245868,242.594167868,0.671082,-0.223694,0.447388,336.4, 8.3, 1.4,,,0,0,1024,1024,364,1034,0,0,-100,2,329.7,0,0,54,3.663,3.659,3.656,0,0,0,7.109,99.5,-0.20912238202,3.608924,6,P-GPS,
91200,2026-05-28 08:11:28,51.9888343680732,4.38995693741187,3.28084,,,-0.53720638202,2.296588,0.671082,5.2251642092,521.43374372,26,5,10.98,3.07171761798,6.889764,20.6245868,242.594167868,0.671082,0,0.447388,336.2, 7.5, 1,,,0,0,1024,1024,364,1074,0,0,-100,8,329.7,0,0,54,3.663,3.659,3.656,0,0,0,7.109,99.5,-0.53720638202,3.28084,6,P-GPS,
91300,2026-05-28 08:11:28,51.988834876837,4.38995645882796,3.28084,,,-0.53720638202,2.296588,0.447388,5.439304636,521.64699832,26,5,10.98,3.07171761798,6.889764,20.6245868,242.594167868,0.447388,0,0.447388,336.2, 6.4, 1.3,,,0,0,1024,1024,364,1024,0,0,-100,0,329.7,0,0,54,3.663,3.659,3.656,0,0,0,7.109,99.5,-0.53720638202,3.28084,6,P-GPS,
91400,2026-05-28 08:11:28,51.9888351447879,4.38995634857824,3.28084,,,-0.53720638202,2.296588,0.223694,5.5346786548,521.74870436,26,5,10.98,3.07171761798,6.889764,20.6245868,242.594167868,0.223694,0,0.447388,336.3, 5.7, 1.6,,,0,0,1024,1024,364,1024,0,0,-100,0,329.9,0,0,54,3.663,3.659,3.656,0,0,0,7.109,99.5,-0.53720638202,3.28084,6,P-GPS,
91500,2026-05-28 08:11:28,51.9888354913443,4.38995616243095,3.28084,,,-0.53720638202,2.296588,0.223694,5.6635828584,521.8832188,26,5,10.98,3.07171761798,6.889764,20.6245868,242.594167868,0.223694,0,0.223694,336.4, 4.8, 1.4,,,0,0,1024,1024,364,1024,0,0,-100,0,330,0,0,54,3.663,3.659,3.656,0,0,0,7.109,99.5,-0.53720638202,3.28084,6,P-GPS,
91600,2026-05-28 08:11:28,51.9888356881489,4.3899561330409,3.28084,,,-0.53720638202,1.968504,0,5.727690472,521.95211644,26,5,10.98,3.07171761798,6.889764,20.6245868,242.594167868,0,0,0.223694,336.4, 4.3, 1.3,,,0,0,1024,1024,364,1024,0,0,-100,0,330,0,0,54,3.663,3.659,3.656,0,0,0,7.109,99.5,-0.53720638202,3.28084,6,P-GPS,
91700,2026-05-28 08:11:28,51.9888356466887,4.38995591500376,2.952756,,,-0.86529038202,1.968504,0,5.7413387664,522.00460988,26,5,10.98,3.07171761798,6.889764,20.6245868,242.594167868,0,0,0.223694,336.5, 4.4, 1.3,,,0,0,1024,1024,364,1024,0,0,-100,0,330,0,0,54,3.663,3.659,3.656,0,0,0,7.109,99.5,-0.86529038202,2.952756,6,P-GPS,
91800,2026-05-28 08:11:28,51.9888357711729,4.3899559247115,2.952756,,,-0.86529038202,1.968504,0,5.7783466416,522.05054164,26,5,10.98,3.07171761798,6.889764,20.6245868,242.594167868,0,0,0.223694,336.4, 4, 0.6,,,0,0,1024,1024,364,1024,0,0,-100,0,330,0,0,54,3.663,3.659,3.656,0,0,0,7.109,99.5,-0.86529038202,2.952756,6,P-GPS,
91900,2026-05-28 08:11:28,51.9888359920211,4.3899560505823,2.952756,,,-0.86529038202,1.968504,0,5.8313978244,522.13584348,26,5,10.98,3.07171761798,6.889764,20.6245868,242.594167868,0,0,0.223694,336.3, 3.7, 0.2,,,0,0,1024,1024,364,1024,0,0,-100,0,330,0,0,54,3.663,3.659,3.656,0,0,0,7.109,99.5,-0.86529038202,2.952756,6,P-GPS,
92000,2026-05-28 08:11:29,51.9888360795591,4.38995607437294,2.952756,,,-0.86529038202,1.968504,0,5.8557416572,522.16865188,26,5,10.98,3.07171761798,6.889764,20.6245868,242.594167868,0,0,0.223694,336.1, 2.6, 0.6,,,0,0,1024,1024,364,1024,0,0,-100,0,330,0,0,54,3.663,3.659,3.656,0,0,0,7.109,99.5,-0.86529038202,2.952756,6,P-GPS,
92100,2026-05-28 08:11:29,51.988835865852,4.38995620606575,2.952756,,,-0.86529038202,1.968504,0,5.7738846992,522.25067288,26,5,10.98,3.07171761798,6.889764,20.6245868,242.594167868,0,0,0.223694,336, 2.3, 1,,,0,0,1024,1024,364,1024,0,0,-100,0,330,0,0,54,3.663,3.659,3.656,0,0,0,7.109,99.5,-0.86529038202,2.952756,6,P-GPS,
92200,2026-05-28 08:11:29,51.9888359245488,4.38995622526817,2.952756,,,-0.86529038202,1.968504,0,5.7897967732,522.27363876,26,5,10.984,3.07171761798,6.889764,20.6245868,242.594167868,0,0,0,336.1, 2.2, 1.6,,,0,0,1024,1024,364,1024,0,0,-100,0,330,0,0,54,3.666,3.662,3.658,0,0,0,7.579,99.5,-0.86529038202,2.952756,6,P-GPS,
92300,2026-05-28 08:11:29,51.9888357972108,4.38995633750992,2.624672,,,-1.19337438202,1.968504,0,5.7370080576,522.3261322,26,5,10.984,3.07171761798,6.889764,20.6245868,242.594167868,0,0,0,336.2, 3, 0.3,,,0,0,1024,1024,364,1024,0,0,-100,0,330,0,0,54,3.666,3.662,3.658,0,0,0,7.579,99.5,-1.19337438202,2.624672,6,P-GPS,
92400,2026-05-28 08:11:29,51.9888358497159,4.38995638376179,2.624672,,,-1.19337438202,1.64042,0,5.747867638,522.34909808,26,5,10.984,3.07171761798,6.889764,20.6245868,242.594167868,0,0,0,336, 2, 0.5,,,0,0,1024,1024,364,1024,0,0,-100,0,330.2,0,0,54,3.666,3.662,3.658,0,0,0,7.579,99.5,-1.19337438202,2.624672,33,Confirm_Landing,
92500,2026-05-28 08:11:29,51.9888357307228,4.38995680804167,2.624672,,,-1.19337438202,1.64042,0,5.6612862704,522.45408496,26,5,10.984,3.07171761798,6.889764,20.6245868,242.594167868,0,0,0.223694,335.7, 2.2, 1.3,,,0,0,1024,1024,364,1024,0,0,-100,0,330.2,0,0,54,3.666,3.662,3.658,0,0,0,7.579,99.5,-1.19337438202,2.624672,33,Confirm_Landing,
92600,2026-05-28 08:11:29,51.9888357753611,4.38995691532481,2.624672,,,-1.19337438202,1.64042,0,5.6629266904,522.48361252,26,5,10.984,3.07171761798,6.889764,20.6245868,242.594167868,0,0,0.447388,335.7, 2.2, 1.2,,,0,0,1024,1024,364,1024,0,0,-100,0,330.1,0,0,54,3.666,3.662,3.658,0,0,0,7.579,99.5,-1.19337438202,2.624672,33,Confirm_Landing,
92700,2026-05-28 08:11:29,51.9888357197592,4.38995717887393,2.624672,,,-1.19337438202,1.64042,0.223694,5.6153873188,522.54594848,26,5,10.984,3.07171761798,6.889764,20.6245868,242.594167868,0,0.223694,0.671082,335.8, 2.6, 0.5,,,0,0,1024,1024,364,1024,0,0,-100,0,330,0,0,54,3.666,3.662,3.658,0,0,0,7.579,99.5,-1.19337438202,2.624672,33,Confirm_Landing,
92800,2026-05-28 08:11:29,51.9888357698443,4.38995733157159,2.296588,,,-1.52145838202,1.64042,0.223694,5.6140421744,522.58203772,26,5,10.984,3.07171761798,6.889764,20.6245868,242.594167868,0,0.223694,0.671082,335.8, 2.8, -0.2,,,0,0,1024,1024,364,1024,0,0,-100,0,330,0,0,54,3.666,3.662,3.658,0,0,0,7.579,99.5,-1.52145838202,2.296588,33,Confirm_Landing,
92900,2026-05-28 08:11:29,51.9888355528812,4.38995770947005,2.296588,,,-1.52145838202,1.312336,0.223694,5.5032153992,522.70014796,26,5,10.984,3.07171761798,6.889764,20.6245868,242.594167868,0,0.223694,0.894776,335.7, 2.9, 0.3,,,0,0,1024,1024,364,1024,0,0,-100,0,330,0,0,54,3.666,3.662,3.658,0,0,0,7.579,99.5,-1.52145838202,2.296588,33,Confirm_Landing,
93000,2026-05-28 08:11:30,51.9888355724409,4.38995789358891,2.296588,,,-1.52145838202,1.312336,0.223694,5.489173404,522.74279888,26,5,10.984,3.07171761798,6.889764,20.6245868,242.594167868,0,0.223694,0.671082,335.7, 2.4, -0.3,,,0,0,1024,1024,364,1024,0,0,-100,0,329.9,0,0,54,3.666,3.662,3.658,0,0,0,7.579,99.5,-1.52145838202,2.296588,33,Confirm_Landing,
93100,2026-05-28 08:11:30,51.9888355334486,4.38995811754373,1.968504,,,-1.84954238202,0.984252,0.223694,5.4523951876,522.79529232,26,5,10.984,3.07171761798,6.889764,20.6245868,242.594167868,0,0.223694,0.671082,335.7, 2, -1,,,0,0,1024,1024,364,1024,0,0,-100,0,329.9,0,0,54,3.666,3.662,3.658,0,0,0,7.579,99.5,-1.84954238202,1.968504,33,Confirm_Landing,
93200,2026-05-28 08:11:30,51.9888355440519,4.38995829771513,1.968504,,,-1.84954238202,0.984252,0,5.4364831136,522.8346624,26,5,10.984,3.07171761798,6.889764,20.6245868,242.594167868,0,0,0.671082,335.9, 1.9, -0.8,,,0,0,1024,1024,364,1024,0,0,-100,0,329.9,0,0,54,3.669,3.664,3.658,0,0,0,7.282,99.5,-1.84954238202,1.968504,33,Confirm_Landing,
93300,2026-05-28 08:11:30,51.988835483025,4.38995839001451,1.968504,,,-1.84954238202,0.984252,0,5.4070539788,522.86418996,26,5,10.984,3.07171761798,6.889764,20.6245868,242.594167868,0,0,0.671082,336, 2.2, -0.9,,,0,0,1024,1024,364,1032,0,0,-100,1,330,0,0,54,3.669,3.664,3.658,0,0,0,7.282,99.5,-1.84954238202,1.968504,33,Confirm_Landing,
93400,2026-05-28 08:11:30,51.9888354883998,4.38995853453558,1.64042,,,-2.17762638202,0.656168,0,5.3935041096,522.89699836,26,5,10.984,3.07171761798,6.889764,20.6245868,242.594167868,0,0,0.671082,335.9, 2.7, -1,,,0,0,1024,1024,364,1028,0,0,-100,1,330,0,0,54,3.669,3.664,3.658,0,0,0,7.282,99.5,-2.17762638202,1.64042,33,Confirm_Landing,
93500,2026-05-28 08:11:30,51.9888354499849,4.38995856303879,1.64042,,,-2.17762638202,0.656168,0,5.37811697,522.91340256,26,5,10.984,3.07171761798,6.889764,20.6245868,242.594167868,0,0,0.671082,335.9, 2.8, -0.8,,,0,0,1024,1024,364,1028,0,0,-100,1,330,0,0,54,3.669,3.664,3.658,0,0,0,7.282,99.5,-2.17762638202,1.64042,33,Confirm_Landing,
93600,2026-05-28 08:11:30,51.9888354243965,4.38995868873918,1.64042,,,-2.17762638202,0.656168,0,5.3566602764,522.94293012,26,5,10.984,3.07171761798,6.889764,20.6245868,242.594167868,0,0,0.447388,335.8, 2.1, -1.3,,,0,0,1024,1024,364,1028,0,0,-100,1,330,0,0,54,3.669,3.664,3.658,0,0,0,7.282,99.5,-2.17762638202,1.64042,33,Confirm_Landing,
93700,2026-05-28 08:11:30,51.9888353789689,4.3899587442805,1.312336,,,-2.50571038202,0.656168,0,5.3361878348,522.96261516,26,5,10.984,3.07171761798,6.889764,20.6245868,242.594167868,0,0,0.447388,335.7, 2.1, -1.4,,,0,0,1024,1024,364,1024,0,0,-100,0,330,0,0,54,3.669,3.664,3.658,0,0,0,7.282,99.5,-2.50571038202,1.312336,33,Confirm_Landing,
93800,2026-05-28 08:11:30,51.9888353323041,4.38995882746256,1.312336,,,-2.50571038202,0.328084,0,5.3124345532,522.98886188,26,5,10.984,3.07171761798,6.889764,20.6245868,242.594167868,0,0,0.447388,335.5, 1.6, 0.2,,,0,0,1024,1024,364,1024,0,0,-100,0,330,0,0,54,3.669,3.664,3.658,0,0,0,7.282,99.5,-2.50571038202,1.312336,33,Confirm_Landing,
93900,2026-05-28 08:11:30,51.9888352900705,4.3899589787621,1.312336,,,-2.50571038202,0.328084,0,5.2831038436,523.02495112,26,5,10.984,3.07171761798,6.889764,20.6245868,242.594167868,0,0,0.447388,335.6, 1.4, -0.8,,,0,0,1024,1024,364,1024,0,0,-100,0,330,0,0,54,3.669,3.664,3.658,0,0,0,7.282,99.5,-2.50571038202,1.312336,33,Confirm_Landing,
94000,2026-05-28 08:11:31,51.9888352356735,4.38995906079033,1.312336,,,-2.50571038202,0.328084,0,5.2570211656,523.05447868,26,5,10.984,3.07171761798,6.889764,20.6245868,242.594167868,0,0,0.447388,335.7, 0.6, -0.9,,,0,0,1024,1024,364,1032,0,0,-100,1,329.9,0,0,54,3.669,3.664,3.658,0,0,0,7.282,99.5,-2.50571038202,1.312336,33,Confirm_Landing,
94100,2026-05-28 08:11:31,51.9888351021236,4.38995904706907,0.984252,,,-2.83379438202,0.328084,0,5.2151576472,523.10041044,26,5,10.988,3.07171761798,6.889764,20.6245868,242.594167868,0,0,0.447388,335.8, -0.1, -0.2,,,0,0,1024,1024,364,1032,0,0,-100,1,329.9,0,0,53,3.666,3.661,3.657,0,0,0,7.16,99.5,-2.83379438202,0.984252,33,Confirm_Landing,
94200,2026-05-28 08:11:31,51.9888350611917,4.38995908533913,0.984252,,,-2.83379438202,0.328084,0,5.1979332372,523.12009548,26,5,10.988,3.07171761798,6.889764,20.6245868,242.594167868,0,0,0.447388,335.7, 0.7, -0.4,,,0,0,1024,1024,364,1032,0,0,-100,1,329.9,0,0,53,3.666,3.661,3.657,0,0,0,7.16,99.5,-2.83379438202,0.984252,33,Confirm_Landing,
94300,2026-05-28 08:11:31,51.9888350301932,4.38995899587685,0.984252,,,-2.83379438202,0,0,5.1972442608,523.14306136,26,5,10.988,3.07171761798,6.889764,20.6245868,242.594167868,0,0,0.447388,335.8, 0.8, 0.1,,,0,0,1024,1024,364,1032,0,0,-100,1,329.9,0,0,53,3.666,3.661,3.657,0,0,0,7.16,99.5,-2.83379438202,0.984252,33,Confirm_Landing,
94400,2026-05-28 08:11:31,51.9888350026289,4.38995903648928,0.984252,,,-2.83379438202,0,0,5.1841209008,523.15618472,26,5,10.988,3.07171761798,6.889764,20.6245868,242.594167868,0,0,0.223694,335.9, 1.2, -0.6,,,0,0,1024,1024,364,1032,0,0,-100,1,330,0,0,53,3.666,3.661,3.657,0,0,0,7.16,99.5,-2.83379438202,0.984252,33,Confirm_Landing,
94500,2026-05-28 08:11:31,51.9888350012838,4.38995917724723,0.984252,,,-2.83379438202,0,0,5.1690290368,523.18571228,26,5,10.988,3.07171761798,6.889764,20.6245868,242.594167868,0,0,0.223694,335.8, 1.1, -1.1,,,0,0,1024,1024,364,1032,0,0,-100,1,330,0,0,53,3.666,3.661,3.657,0,0,0,7.16,99.5,-2.83379438202,0.984252,33,Confirm_Landing,
94600,2026-05-28 08:11:31,51.9888349591068,4.38995917442489,0.656168,,,-3.16187838202,0,0,5.155676018,523.20211648,26,5,10.988,3.07171761798,6.889764,20.6245868,242.594167868,0,0,0.223694,335.8, 0.9, 0,,,0,0,1024,1024,364,1032,0,0,-100,1,330,0,0,53,3.666,3.661,3.657,0,0,0,7.16,99.5,-3.16187838202,0.656168,33,Confirm_Landing,
94700,2026-05-28 08:11:31,51.9888350422841,4.38995920704508,0.656168,,,-3.16187838202,0,0,5.1792324492,523.23492488,26,5,10.988,3.07171761798,6.889764,20.6245868,242.594167868,0,0,0.223694,335.8, 0, 0,,,0,0,1024,1024,364,1032,0,0,-100,1,330,0,0,53,3.666,3.661,3.657,0,0,0,7.16,99.5,-3.16187838202,0.656168,33,Confirm_Landing,
94800,2026-05-28 08:11:31,51.9888350116527,4.38995920679814,0.656168,,,-3.16187838202,0,0,5.1693243124,523.2447674,26,5,10.988,3.07171761798,6.889764,20.6245868,242.594167868,0,0,0.223694,335.7, 0.4, 0.3,,,0,0,1024,1024,364,1031,0,0,-100,1,330,0,0,53,3.666,3.661,3.657,0,0,0,7.16,99.5,-3.16187838202,0.656168,33,Confirm_Landing,
94900,2026-05-28 08:11:31,51.9888348815449,4.38995906348218,0.656168,,,-3.16187838202,0,0,5.1421917656,523.30382252,26,5,10.988,3.07171761798,6.889764,20.6245868,242.594167868,0,0,0.223694,335.5, -1.3, 1.6,,,0,0,1024,1024,364,1031,0,0,-100,1,330,0,0,53,3.666,3.661,3.657,0,0,0,7.16,99.5,-3.16187838202,0.656168,33,Confirm_Landing,
95000,2026-05-28 08:11:32,51.9888349043199,4.38995910180267,0.656168,,,-3.16187838202,0,0,5.1455382224,523.31366504,26,5,10.988,3.07171761798,6.889764,20.6245868,242.594167868,0,0,0,335.7, -1, 0.8,,,0,0,1024,1024,364,1026,0,0,-100,0,330,0,0,53,3.666,3.661,3.657,0,0,0,7.16,99.5,-3.16187838202,0.656168,33,Confirm_Landing,
95100,2026-05-28 08:11:32,51.9888348741638,4.38995900008249,0.656168,,,-3.16187838202,0,0,5.1465224744,523.33991176,26,5,10.988,3.07171761798,6.889764,20.6245868,242.594167868,0,0,0,335.6, -1.1, 0.8,,,0,0,1024,1024,364,1024,0,0,-100,0,330,0,0,53,3.666,3.661,3.657,0,0,0,7.16,99.5,-3.16187838202,0.656168,33,Confirm_Landing,
95200,2026-05-28 08:11:32,51.9888348764087,4.38995903492334,0.656168,,,-3.16187838202,0,0,5.1435697184,523.34647344,26,5,10.988,3.07171761798,6.889764,20.6245868,242.594167868,0,0,0,335.4, -1.3, 1,,,0,0,1024,1024,364,1024,0,0,-100,0,329.9,0,0,53,3.675,3.672,3.67,0,0,0,7.097,99.5,-3.16187838202,0.656168,33,Confirm_Landing,
95300,2026-05-28 08:11:32,51.9888348514639,4.38995897441378,0.656168,,,-3.16187838202,0,0,5.1419292984,523.36287764,26,5,10.988,3.07171761798,6.889764,20.6245868,242.594167868,0,0,0,335.4, -1.4, 1,,,0,0,1024,1024,1024,1024,0,0,0,0,329.9,0,0,53,3.675,3.672,3.67,0,0,0,7.097,99.5,-3.16187838202,0.656168,33,Confirm_Landing,
95400,2026-05-28 08:11:32,51.9888348479535,4.38995900401775,0.656168,,,-3.16187838202,0,0,5.1376642064,523.36943932,26,5,10.988,3.07171761798,6.889764,20.6245868,242.594167868,0,0,0,335.4, -1.4, 1.1,,,0,0,1024,1024,1024,1024,0,0,0,0,329.9,0,0,53,3.675,3.672,3.67,0,0,0,7.097,99.5,-3.16187838202,0.656168,33,Confirm_Landing,
95500,2026-05-28 08:11:32,51.9888348247104,4.38995899265629,0.656168,,,-3.16187838202,0,0,5.131397802,523.37928184,26,5,10.988,3.07171761798,6.889764,20.6245868,242.594167868,0,0,0,335.3, -1.4, 1.1,,,0,0,1024,1024,1024,1024,0,0,0,0,329.9,0,0,53,3.675,3.672,3.67,0,0,0,7.097,99.5,-3.16187838202,0.656168,33,Confirm_Landing,
95600,2026-05-28 08:11:32,51.9888348170627,4.38995902019438,0.656168,,,-3.16187838202,0,0,5.1260172244,523.38584352,26,5,10.988,3.07171761798,6.889764,20.6245868,242.594167868,0,0,0,335.3, -1.5, 1.1,,,0,0,1024,1024,1024,1024,0,0,0,0,329.9,0,0,53,3.675,3.672,3.67,0,0,0,7.097,99.5,-3.16187838202,0.656168,33,Confirm_Landing,
95700,2026-05-28 08:11:32,51.9888348150272,4.38995896769532,0.656168,,,-3.16187838202,0,0,5.1309384844,523.39896688,26,5,10.988,3.07171761798,6.889764,20.6245868,242.594167868,0,0,0,335.3, -1.5, 1.2,,,0,0,1024,1024,1024,1024,0,0,0,0,329.9,0,0,53,3.675,3.672,3.67,0,0,0,7.097,99.5,-3.16187838202,0.656168,33,Confirm_Landing,
95800,2026-05-28 08:11:32,51.9888348057713,4.38995898769765,0.656168,,,-3.16187838202,0,0,5.125820374,523.40552856,26,5,10.988,3.07171761798,6.889764,20.6245868,242.594167868,0,0,0,335.2, -1.5, 1.2,,,0,0,1024,1024,1024,1024,0,0,0,0,329.9,0,0,53,3.675,3.672,3.67,0,0,0,7.097,99.5,-3.16187838202,0.656168,33,Confirm_Landing,
95900,2026-05-28 08:11:32,51.9888348089398,4.38995894111104,0.656168,,,-3.16187838202,0,0,5.1317915028,523.41537108,26,5,10.988,3.07171761798,6.889764,20.6245868,242.594167868,0,0,0,335.2, -1.5, 1.2,,,0,0,1024,1024,1024,1024,0,0,0,0,329.9,0,0,53,3.675,3.672,3.67,0,0,0,7.097,99.5,-3.16187838202,0.656168,33,Confirm_Landing,
96000,2026-05-28 08:11:33,51.9888347987037,4.38995895582521,0.656168,,,-3.16187838202,0,0,5.1269358596,523.41865192,26,5,10.988,3.07171761798,6.889764,20.6245868,242.594167868,0,0,0,335.2, -1.6, 1.2,,,0,0,1024,1024,1024,1024,0,0,0,0,329.9,0,0,53,3.675,3.672,3.67,0,0,0,7.097,99.5,-3.16187838202,0.656168,33,Confirm_Landing,
96100,2026-05-28 08:11:33,51.9888348080234,4.38995891822726,0.656168,,,-3.16187838202,0,0,5.1339568572,523.42849444,26,5,10.988,3.07171761798,6.889764,20.6245868,242.594167868,0,0,0,335.2, -1.6, 1.3,,,0,0,1024,1024,1024,1024,0,0,0,0,329.9,0,0,53,3.675,3.672,3.67,0,0,0,7.097,99.5,-3.16187838202,0.656168,33,Confirm_Landing,
96200,2026-05-28 08:11:33,51.9888347964168,4.38995892755676,0.656168,,,-3.16187838202,0,0,5.1292324476,523.43177528,26,5,11.087,3.07171761798,6.889764,20.6245868,242.594167868,0,0,0,335.1, -1.6, 1.3,,,0,0,1024,1024,1024,1024,0,0,0,0,329.9,0,0,53,3.703,3.699,3.696,0,0,0,3.82,99.5,-3.16187838202,0.656168,33,Confirm_Landing,
96300,2026-05-28 08:11:33,51.9888348062602,4.3899589000604,0.656168,,,-3.16187838202,0,0,5.1353020016,523.4416178,26,5,11.087,3.07171761798,6.889764,20.6245868,242.594167868,0,0,0,335.1, -1.7, 1.3,,,0,0,1024,1024,1024,1024,0,0,0,0,329.9,0,0,53,3.703,3.699,3.696,0,0,0,3.82,99.5,-3.16187838202,0.656168,33,Confirm_Landing,
96400,2026-05-28 08:11:33,51.9888347945612,4.38995890493382,0.656168,,,-3.16187838202,0,0,5.1310369096,523.44489864,26,5,11.087,3.07171761798,6.889764,20.6245868,242.594167868,0,0,0,335.1, -1.7, 1.3,,,0,0,1024,1024,1024,1024,0,0,0,0,329.9,0,0,53,3.703,3.699,3.696,0,0,0,3.82,99.5,-3.16187838202,0.656168,33,Confirm_Landing,
96500,2026-05-28 08:11:33,51.9888346431279,4.38995888488105,0.656168,,,-3.16187838202,0,0,5.0846786404,523.50067292,26,5,11.087,3.07171761798,6.889764,20.6245868,242.594167868,0,0,0,335, -1.7, 1.3,,,0,0,1024,1024,1024,1024,0,0,0,0,329.9,0,0,53,3.703,3.699,3.696,0,0,0,3.82,99.5,-3.16187838202,0.656168,33,Confirm_Landing,
96600,2026-05-28 08:11:33,51.98883461751,4.38995888567575,0.656168,,,-3.16187838202,0,0,5.0764109236,523.51051544,26,5,11.087,3.07171761798,6.889764,20.6245868,242.594167868,0,0,0,335, -1.7, 1.3,,,0,0,1024,1024,1024,1024,0,0,0,0,329.9,0,0,53,3.703,3.699,3.696,0,0,0,3.82,99.5,-3.16187838202,0.656168,33,Confirm_Landing,
