block,range_m,radial_velocity_mps,angle_deg
2,3.8232421875,-13.847040056717477,-83.0
2,3.8232421875,-13.847040056717477,-47.0
2,3.8232421875,-13.847040056717477,68.0
2,6.3720703125,-13.847040056717477,2.0
3,3.171875,0.07212000029540352,47.4
3,3.681640625,0.07212000029540352,85.0
3,4.1064453125,0.07212000029540352,-87.0
3,4.1064453125,0.07212000029540352,-60.0
5,2.548828125,-1.7308800070896846,-86.0
5,2.548828125,-1.7308800070896846,84.0
5,2.9736328125,-1.7308800070896846,-26.0
5,2.9736328125,-1.7308800070896846,60.0
7,2.017822265625,-0.2884800011816141,-86.75
7,2.017822265625,-0.2884800011816141,84.75
7,2.548828125,-0.2884800011816141,55.0
7,3.3984375,-0.2884800011816141,-57.0
8,2.230224609375,-6.1679056923619804e-18,-86.75
8,2.1240234375,-6.1679056923619804e-18,-52.0
8,2.1626420454545454,-6.1679056923619804e-18,55.63636363636363
8,2.548828125,-6.1679056923619804e-18,85.0
9,2.265625,-0.7212000029540353,-42.888888888888886
9,2.33642578125,-0.7212000029540353,48.166666666666664
9,2.710658482142857,-0.7212000029540353,-85.71428571428571
9,2.346540178571429,-0.7212000029540353,-0.5714285714285714
9,2.83203125,-0.7212000029540353,83.0
10,2.2818080357142856,-0.8654400035448423,-85.8
10,1.9419642857142858,-0.8654400035448423,-52.0
10,1.9419642857142858,-0.8654400035448423,4.0
10,1.9419642857142858,-0.8654400035448423,54.0
10,2.2605678013392856,-0.8654400035448423,84.75
10,1.189453125,0.8654400035448423,-85.8
10,0.849609375,0.8654400035448423,-52.0
10,0.849609375,0.8654400035448423,4.0
10,0.849609375,0.8654400035448423,54.0
10,1.168212890625,0.8654400035448423,84.75
11,1.9419642857142858,-0.8654400035448423,-87.0
11,1.9419642857142858,-0.8654400035448423,85.0
11,0.849609375,0.8654400035448423,-87.0
11,0.849609375,0.8654400035448423,85.0
12,2.1240234375,-0.6490800026586317,-88.0
12,2.1240234375,-0.6490800026586317,5.0
12,2.1240234375,-0.6490800026586317,38.0
12,2.1240234375,-0.6490800026586317,85.0
12,2.9736328125,-0.6490800026586317,-35.0
13,1.7188251201923077,-0.39943384778992724,1.8
13,1.6338641826923077,-0.39943384778992724,-71.0
13,1.6338641826923077,-0.39943384778992724,70.0
14,1.932861328125,-0.8113500033232897,-85.8
14,1.593017578125,-0.8113500033232897,-49.0
14,1.91162109375,-0.8113500033232897,0.0
14,1.876220703125,-0.8113500033232897,53.0
14,1.932861328125,-0.8113500033232897,83.8
14,1.189453125,0.8654400035448423,-85.8
14,0.849609375,0.8654400035448423,-49.0
14,1.168212890625,0.8654400035448423,0.0
14,1.1328125,0.8654400035448423,53.0
14,1.189453125,0.8654400035448423,83.8
15,1.550537109375,-1.081800004431053,-86.75
15,1.4915364583333333,-1.081800004431053,-46.44444444444444
15,1.4443359375,-1.081800004431053,0.0
15,1.4915364583333333,-1.081800004431053,47.55555555555556
15,1.869140625,-1.081800004431053,85.0
16,2.1240234375,0.21636000088621057,-70.0
16,2.1240234375,0.21636000088621057,-1.0
16,2.1240234375,0.21636000088621057,69.88888888888889
17,1.62841796875,-0.28848000118161415,-75.0
17,1.62841796875,-0.28848000118161415,-2.0
17,1.62841796875,-0.28848000118161415,70.0
18,1.869140625,-0.1730880007089685,-1.0
18,1.869140625,-0.1730880007089685,-85.0
18,1.869140625,-0.1730880007089685,-56.0
18,1.869140625,-0.1730880007089685,58.0
18,1.869140625,-0.1730880007089685,83.0
19,1.6219815340909092,0.21636000088621055,-1.2727272727272727
19,3.3984375,0.21636000088621055,-59.0
19,1.6219815340909092,10.818000044310528,-1.2727272727272727
19,3.3984375,10.818000044310528,-59.0
20,0.849609375,0.2884800011816141,-75.0
20,1.168212890625,0.2884800011816141,-0.75
20,0.849609375,0.2884800011816141,74.0
21,1.2744140625,-0.6490800026586317,24.0
21,2.1240234375,-0.6490800026586317,-22.0
21,2.9736328125,-0.6490800026586317,-85.0
21,2.9736328125,-0.6490800026586317,71.0
23,1.2744140625,-0.43272000177242115,-84.0
23,1.2744140625,-0.43272000177242115,-50.0
23,1.2744140625,-0.43272000177242115,50.0
23,1.2744140625,-0.43272000177242115,82.0
23,0.849609375,0.8654400035448423,-84.0
23,0.849609375,0.8654400035448423,-50.0
23,0.849609375,0.8654400035448423,50.0
23,0.849609375,0.8654400035448423,82.0
27,3.3984375,-2.7755575615628914e-17,-58.0
30,1.1226981026785714,-0.10818000044310529,-87.42857142857143
30,1.06201171875,-0.10818000044310529,86.0
30,1.8509347098214286,-0.10818000044310529,49.42857142857143
31,2.0132048233695654,0.21636000088621057,-73.21739130434783
31,2.0345908717105265,0.21636000088621057,70.42105263157895
32,1.2137276785714286,0.08654400035448422,-87.42857142857143
32,1.5576171875,0.08654400035448422,-44.333333333333336
32,1.3216145833333333,0.08654400035448422,47.55555555555556
32,1.2137276785714286,0.08654400035448422,85.42857142857143
41,4.248046875,-0.43272000177242115,-73.0
41,4.248046875,-0.43272000177242115,83.0
52,4.248046875,-0.21636000088621057,-71.0
52,4.248046875,-0.21636000088621057,82.0
64,5.09765625,-0.6490800026586317,-59.0
64,6.796875,-0.6490800026586317,4.0
81,5.09765625,-2.1636000088621055,-87.0
81,5.09765625,-2.1636000088621055,-64.0
81,5.09765625,-2.1636000088621055,86.0
81,6.796875,-2.1636000088621055,3.0
128,1.3825941381987579,-0.0618171431103459,-68.52173913043478
128,1.4564732142857144,-0.0618171431103459,8.0
128,1.4564732142857144,-0.0618171431103459,69.0
129,2.9736328125,-0.43272000177242115,-74.0
129,2.9736328125,-0.43272000177242115,32.0
129,2.9736328125,-0.43272000177242115,78.0
133,2.9736328125,0.0,-77.0
133,2.9736328125,0.0,77.0
163,5.09765625,8.221680033676002,-87.0
163,5.09765625,8.221680033676002,-60.0
163,5.09765625,8.221680033676002,86.0
163,6.796875,8.221680033676002,5.0
167,5.947265625,-13.414320054945057,-88.0
167,5.947265625,-13.414320054945057,-62.0
167,5.947265625,-13.414320054945057,86.0
167,8.0712890625,-13.414320054945057,5.0
177,1.69921875,-0.8654400035448423,52.0
177,1.69921875,0.6490800026586317,52.0
182,4.248046875,-0.8654400035448423,-74.0
182,4.248046875,-0.8654400035448423,80.0
197,5.09765625,6.490800026586318,-70.875
197,5.09765625,6.490800026586318,84.0
197,5.947265625,6.490800026586318,-36.0
197,6.796875,6.490800026586318,3.0
210,16.369140625,-0.5769600023632282,44.8
210,17.19447544642857,-0.5769600023632282,-87.42857142857143
210,17.275390625,-0.5769600023632282,85.66666666666667
213,2.548828125,1.2981600053172635,-31.0
213,3.3984375,1.2981600053172635,-73.0
213,3.3984375,1.2981600053172635,80.0
213,3.3984375,13.414320054945057,-31.0
213,4.248046875,13.414320054945057,-73.0
213,4.248046875,13.414320054945057,80.0
230,3.8232421875,-0.43272000177242115,-75.0
230,3.8232421875,-0.43272000177242115,83.0
237,1.69921875,0.3245400013293159,44.0
237,3.3984375,0.3245400013293159,-72.0
237,3.3984375,0.3245400013293159,27.0
237,3.3984375,0.3245400013293159,84.0
238,3.1556919642857144,-0.24726857244138353,-88.0
238,3.1556919642857144,-0.24726857244138353,-64.0
238,3.1556919642857144,-0.24726857244138353,86.0
240,1.1328125,-0.2884800011816141,-29.0
240,1.982421875,-0.2884800011816141,33.0
240,3.681640625,-0.2884800011816141,88.0
241,3.3984375,-0.43272000177242115,-74.0
241,3.3984375,-0.43272000177242115,76.0
243,2.83203125,0.14424000059080705,-73.75
243,2.83203125,0.14424000059080705,84.0
244,1.1328125,-0.5769600023632282,32.0
244,2.83203125,-0.5769600023632282,-86.0
244,2.83203125,-0.5769600023632282,-63.0
244,2.83203125,-0.5769600023632282,84.0
249,0.6796875,0.08654400035448423,-37.0
249,0.9933894230769231,0.08654400035448423,33.23076923076923
250,1.2744140625,-0.6490800026586317,-14.0
250,2.1240234375,-0.6490800026586317,-76.0
250,2.1240234375,-0.6490800026586317,-41.0
250,2.1240234375,-0.6490800026586317,24.0
250,2.1240234375,-0.6490800026586317,73.0
251,1.1732700892857144,0.061817143110345876,-86.0
251,1.0788690476190477,0.061817143110345876,-41.333333333333336
251,0.8192661830357143,0.061817143110345876,43.5
251,1.1732700892857144,0.061817143110345876,84.0
251,1.4564732142857144,0.061817143110345876,-15.0
252,1.2272135416666667,-6.1679056923619804e-18,-43.55555555555556
252,1.2272135416666667,-6.1679056923619804e-18,0.4444444444444444
252,1.168212890625,-6.1679056923619804e-18,44.0
252,1.69921875,-6.1679056923619804e-18,-87.0
252,1.69921875,-6.1679056923619804e-18,85.0
253,1.1328125,-6.1679056923619804e-18,-42.666666666666664
253,1.2744140625,-6.1679056923619804e-18,0.0
253,1.1328125,-6.1679056923619804e-18,43.333333333333336
253,1.69921875,-6.1679056923619804e-18,-85.0
253,1.69921875,-6.1679056923619804e-18,83.0
254,1.597265625,-6.1679056923619804e-18,-65.76
254,1.3130326704545454,-6.1679056923619804e-18,1.6363636363636365
254,1.593017578125,-6.1679056923619804e-18,64.75
254,1.030859375,9.375600038402458,-65.76
254,0.7466264204545454,9.375600038402458,1.6363636363636365
254,1.026611328125,9.375600038402458,64.75
255,1.0365234375,0.0,-72.24
255,1.0365234375,0.0,70.56
255,1.2744140625,0.0,-18.0
256,0.849609375,-10.818000044310528,-65.0
256,0.849609375,-10.818000044310528,6.0
256,0.849609375,-10.818000044310528,65.0
257,1.359375,-5.625360023041475,-47.0
257,1.2744140625,-5.625360023041475,0.0
257,1.359375,-5.625360023041475,49.4
257,1.69921875,-5.625360023041475,-81.0
257,1.69921875,-5.625360023041475,82.0
257,1.1166294642857144,0.2472685724413835,-47.0
257,1.0316685267857144,0.2472685724413835,0.0
257,1.1166294642857144,0.2472685724413835,49.4
257,1.4564732142857144,0.2472685724413835,-81.0
257,1.4564732142857144,0.2472685724413835,82.0
257,0.509765625,8.221680033676002,-47.0
257,0.4248046875,8.221680033676002,0.0
257,0.509765625,8.221680033676002,49.4
257,0.849609375,8.221680033676002,-81.0
257,0.849609375,8.221680033676002,82.0
258,1.2357954545454546,-2.0185873175002847e-17,-43.45454545454545
258,1.0504261363636362,-2.0185873175002847e-17,-0.6
258,1.2357954545454546,-2.0185873175002847e-17,45.09090909090909
258,1.3902698863636362,-2.0185873175002847e-17,85.0
258,3.0894886363636362,-2.0185873175002847e-17,-87.0
258,3.0894886363636362,-2.0185873175002847e-17,-69.0
258,3.0894886363636362,-2.0185873175002847e-17,86.0
258,1.5447443181818183,12.548880051400214,-43.45454545454545
258,1.359375,12.548880051400214,-0.6
258,1.5447443181818183,12.548880051400214,45.09090909090909
258,1.69921875,12.548880051400214,85.0
258,3.3984375,12.548880051400214,-87.0
258,3.3984375,12.548880051400214,-69.0
258,3.3984375,12.548880051400214,86.0
259,0.7080078125,-12.548880051400214,-86.66666666666667
259,0.509765625,-12.548880051400214,-47.0
259,0.5406605113636364,-12.548880051400214,0.0
259,0.46342329545454547,-12.548880051400214,49.63636363636363
259,0.849609375,-12.548880051400214,84.0
259,1.5576171875,-6.923520028358738,-86.66666666666667
259,1.359375,-6.923520028358738,-47.0
259,1.3902698863636362,-6.923520028358738,0.0
259,1.3130326704545454,-6.923520028358738,49.63636363636363
259,1.69921875,-6.923520028358738,84.0
259,1.4803799715909092,0.2753672738551771,-86.66666666666667
259,1.2821377840909092,0.2753672738551771,-47.0
259,1.3130326704545454,0.2753672738551771,0.0
259,1.2357954545454546,0.2753672738551771,49.63636363636363
259,1.6219815340909092,0.2753672738551771,84.0
259,0.9912109375,12.693120051991022,-86.66666666666667
259,0.79296875,12.693120051991022,-47.0
259,0.8238636363636364,12.693120051991022,0.0
259,0.7466264204545454,12.693120051991022,49.63636363636363
259,1.1328125,12.693120051991022,84.0
260,1.3216145833333333,-6.923520028358738,-86.44444444444444
260,1.2744140625,-6.923520028358738,-49.0
260,1.69921875,-6.923520028358738,1.0
260,1.3130326704545454,-6.923520028358738,50.54545454545455
260,1.380615234375,-6.923520028358738,84.75
260,1.3216145833333333,0.2163600008862106,-86.44444444444444
260,1.2744140625,0.2163600008862106,-49.0
260,1.69921875,0.2163600008862106,1.0
260,1.3130326704545454,0.2163600008862106,50.54545454545455
260,1.380615234375,0.2163600008862106,84.75
261,0.849609375,-12.837360052581829,-86.0
261,0.6693892045454546,-12.837360052581829,-48.54545454545455
261,0.9783380681818182,-12.837360052581829,-0.5454545454545454
261,0.623046875,-12.837360052581829,49.8
261,0.849609375,-12.837360052581829,84.0
261,1.06201171875,0.21636000088621055,-86.0
261,0.8817915482954546,0.21636000088621055,-48.54545454545455
261,1.1907404119318183,0.21636000088621055,-0.5454545454545454
261,0.83544921875,0.21636000088621055,49.8
261,1.06201171875,0.21636000088621055,84.0
261,1.076171875,12.635424051754699,-86.0
261,0.8959517045454546,12.635424051754699,-48.54545454545455
261,1.2049005681818183,12.635424051754699,-0.5454545454545454
261,0.849609375,12.635424051754699,49.8
261,1.076171875,12.635424051754699,84.0
262,1.2177734375,0.3245400013293159,-48.2
262,1.4803799715909092,0.3245400013293159,-1.2727272727272727
262,1.2486683238636362,0.3245400013293159,50.18181818181818
262,1.5576171875,0.3245400013293159,-81.0
262,1.5576171875,0.3245400013293159,82.0
262,1.7841796875,11.899800048741582,-48.2
262,2.046786221590909,11.899800048741582,-1.2727272727272727
262,1.8150745738636362,11.899800048741582,50.18181818181818
262,2.1240234375,11.899800048741582,-81.0
262,2.1240234375,11.899800048741582,82.0
263,0.4248046875,-0.6490800026586317,0.0
263,0.849609375,-0.6490800026586317,-67.0
263,0.849609375,-0.6490800026586317,68.0
263,1.4443359375,0.6923520028358738,0.0
263,1.869140625,0.6923520028358738,-67.0
263,1.869140625,0.6923520028358738,68.0
264,1.4031427556818183,0.35404363781379916,-67.33333333333333
264,1.5447443181818183,0.35404363781379916,-0.4
264,1.4288884943181819,0.35404363781379916,67.81818181818181
264,1.5576171875,10.385280042538108,-67.33333333333333
264,1.69921875,10.385280042538108,-0.4
264,1.5833629261363638,10.385280042538108,67.81818181818181
265,1.5039669060559007,0.3090857155517294,-68.52173913043478
265,1.5778459821428572,0.3090857155517294,0.0
265,1.5778459821428572,0.3090857155517294,70.0
266,0.4248046875,-9.952560040765686,-40.0
266,0.4248046875,-9.952560040765686,-1.0
266,0.3776041666666667,-9.952560040765686,41.333333333333336
266,0.849609375,-9.952560040765686,-86.0
266,0.849609375,-9.952560040765686,84.0
266,1.189453125,0.30290400124069483,-40.0
266,1.189453125,0.30290400124069483,-1.0
266,1.1422526041666667,0.30290400124069483,41.333333333333336
266,1.6142578125,0.30290400124069483,-86.0
266,1.6142578125,0.30290400124069483,84.0
266,1.2744140625,9.952560040765686,-40.0
266,1.2744140625,9.952560040765686,-1.0
266,1.2272135416666667,9.952560040765686,41.333333333333336
266,1.69921875,9.952560040765686,-86.0
266,1.69921875,9.952560040765686,84.0
267,1.4537760416666665,0.24040000098467842,1.0
267,1.7936197916666665,0.24040000098467842,-68.0
267,1.7936197916666665,0.24040000098467842,68.0
268,1.4443359375,0.3461760014179369,-63.36
268,1.4569227430555556,0.3461760014179369,62.74074074074074
268,1.6142578125,0.3461760014179369,-8.0
269,0.9365012428977273,0.35404363781379916,0.0
269,1.4675071022727273,0.35404363781379916,-68.0
269,1.4675071022727273,0.35404363781379916,68.0
270,1.1499763257575757,-0.07867636395862204,-42.44444444444444
270,1.1499763257575757,-0.07867636395862204,-0.4444444444444444
270,1.1499763257575757,-0.07867636395862204,42.44444444444444
270,1.6219815340909092,-0.07867636395862204,-84.0
270,1.6219815340909092,-0.07867636395862204,83.0
271,1.2744140625,-12.981600053172638,-38.0
271,1.2744140625,-12.981600053172638,0.0
271,1.3130326704545454,-12.981600053172638,38.54545454545455
271,1.69921875,-12.981600053172638,-88.0
271,1.69921875,-12.981600053172638,85.0
271,1.06201171875,-0.03606000014770178,-38.0
271,1.06201171875,-0.03606000014770178,0.0
271,1.1006303267045454,-0.03606000014770178,38.54545454545455
271,1.48681640625,-0.03606000014770178,-88.0
271,1.48681640625,-0.03606000014770178,85.0
271,0.7080078125,13.125840053763442,-38.0
271,0.7080078125,13.125840053763442,0.0
271,0.7466264204545454,13.125840053763442,38.54545454545455
271,1.1328125,13.125840053763442,-88.0
271,1.1328125,13.125840053763442,85.0
272,0.9345703125,-13.630680055831267,-85.8
272,0.7646484375,-13.630680055831267,-41.0
272,0.8024088541666667,-13.630680055831267,0.4444444444444444
272,0.4248046875,-13.630680055831267,41.0
272,0.9345703125,-13.630680055831267,83.8
272,1.0979567307692308,0.1997169238949636,-85.8
272,0.9280348557692307,0.1997169238949636,-41.0
272,0.9657952724358974,0.1997169238949636,0.4444444444444444
272,0.5881911057692307,0.1997169238949636,41.0
272,1.0979567307692308,0.1997169238949636,83.8
272,1.359375,8.654400035448422,-85.8
272,1.189453125,8.654400035448422,-41.0
272,1.2272135416666667,8.654400035448422,0.4444444444444444
272,0.849609375,8.654400035448422,41.0
272,1.359375,8.654400035448422,83.8
272,0.509765625,13.414320054945057,-85.8
272,0.33984375,13.414320054945057,-41.0
272,0.3776041666666667,13.414320054945057,0.4444444444444444
272,0.0,13.414320054945057,41.0
272,0.509765625,13.414320054945057,83.8
273,1.593017578125,0.3786300015508685,-38.0
273,1.5603402944711537,0.3786300015508685,-4.153846153846154
273,1.48681640625,0.3786300015508685,38.75
273,2.017822265625,0.3786300015508685,-84.0
273,2.017822265625,0.3786300015508685,83.0
274,1.1971768465909092,0.2753672738551771,-42.0
274,1.1971768465909092,0.2753672738551771,0.0
274,1.1499763257575757,0.2753672738551771,42.44444444444444
274,1.6219815340909092,0.2753672738551771,-82.0
274,1.6219815340909092,0.2753672738551771,83.0
275,1.2649739583333335,0.14424000059080708,-85.8
275,1.1413944128787878,0.14424000059080708,-41.45454545454545
275,1.0950520833333335,0.14424000059080708,-1.0
275,0.7552083333333334,0.14424000059080708,42.0
275,1.2649739583333335,0.14424000059080708,83.8
276,1.0702871347402598,0.2781771439965564,-38.54545454545455
276,0.9608677455357143,0.2781771439965564,0.8333333333333334
276,0.9467075892857143,0.2781771439965564,39.8
276,1.4564732142857144,0.2781771439965564,-85.0
276,1.4564732142857144,0.2781771439965564,83.0
277,2.37890625,-12.548880051400214,-45.8
277,2.0768229166666665,-12.548880051400214,0.4444444444444444
277,2.3600260416666665,-12.548880051400214,48.888888888888886
277,2.548828125,-12.548880051400214,-81.0
277,2.548828125,-12.548880051400214,82.0
277,0.962890625,-1.0096800041356493,-45.8
277,0.6608072916666667,-1.0096800041356493,0.4444444444444444
277,0.9440104166666666,-1.0096800041356493,48.888888888888886
277,1.1328125,-1.0096800041356493,-81.0
277,1.1328125,-1.0096800041356493,82.0
277,1.423095703125,0.9195300037663949,-45.8
277,1.1210123697916667,0.9195300037663949,0.4444444444444444
277,1.4042154947916665,0.9195300037663949,48.888888888888886
277,1.593017578125,0.9195300037663949,-81.0
277,1.593017578125,0.9195300037663949,82.0
278,0.9354285037878788,-0.09616000039387143,0.5454545454545454
278,1.6048177083333333,-0.09616000039387143,-86.0
278,1.3216145833333333,-0.09616000039387143,-44.0
278,1.3216145833333333,-0.09616000039387143,48.0
278,1.3216145833333333,-0.09616000039387143,83.0
279,0.9709821428571429,-0.5563542879931129,-42.0
279,1.3351004464285714,-0.5563542879931129,1.4285714285714286
279,0.9709821428571429,-0.5563542879931129,43.0
279,1.8205915178571428,-0.5563542879931129,-88.0
279,1.8205915178571428,-0.5563542879931129,85.0
279,0.0,0.8654400035448423,-42.0
279,0.36411830357142855,0.8654400035448423,1.4285714285714286
279,0.0,0.8654400035448423,43.0
279,0.849609375,0.8654400035448423,-88.0
279,0.849609375,0.8654400035448423,85.0
280,1.0923549107142858,-0.5048400020678246,-42.285714285714285
280,1.2744140625,-0.5048400020678246,43.0
280,2.063337053571429,-0.5048400020678246,-87.42857142857143
280,2.063337053571429,-0.5048400020678246,85.42857142857143
281,1.2137276785714286,-0.494537144882767,-39.714285714285715
281,1.1058407738095237,-0.494537144882767,40.44444444444444
281,2.427455357142857,-0.494537144882767,86.0
281,3.277064732142857,-0.494537144882767,-60.0
282,2.4072265625,-0.2163600008862106,-86.0
282,2.1240234375,-0.2163600008862106,-49.0
282,2.1240234375,-0.2163600008862106,53.0
282,2.4072265625,-0.2163600008862106,84.0
283,1.69921875,-0.43272000177242115,34.0
283,1.69921875,2.1636000088621055,34.0
284,0.849609375,-2.1636000088621055,-88.0
284,0.849609375,-2.1636000088621055,86.0
284,1.69921875,-0.43272000177242115,-88.0
284,1.69921875,-0.43272000177242115,86.0
284,1.69921875,2.1636000088621055,-88.0
284,1.69921875,2.1636000088621055,86.0
285,1.380615234375,2.3799600097483165,4.5
285,1.69921875,2.3799600097483165,-90.0
285,1.69921875,2.3799600097483165,86.0
285,3.3984375,2.3799600097483165,-88.0
285,3.3984375,2.3799600097483165,-63.0
285,3.3984375,2.3799600097483165,86.0
286,0.7723721590909091,-2.596320010634527,1.2727272727272727
286,0.849609375,-2.596320010634527,-72.0
286,0.849609375,-2.596320010634527,72.0
286,1.7163825757575757,2.45208001004372,1.2727272727272727
286,1.7936197916666665,2.45208001004372,-72.0
286,1.7936197916666665,2.45208001004372,72.0
287,1.6219815340909092,-12.981600053172636,1.2727272727272727
287,1.69921875,-12.981600053172636,-70.0
287,1.69921875,-12.981600053172636,69.0
287,0.7723721590909091,-2.8126800115207375,1.2727272727272727
287,0.849609375,-2.8126800115207375,-70.0
287,0.849609375,-2.8126800115207375,69.0
287,1.7919034090909092,2.8126800115207375,1.2727272727272727
287,1.869140625,2.8126800115207375,-70.0
287,1.869140625,2.8126800115207375,69.0
288,0.849609375,-9.952560040765686,0.4
288,0.849609375,-9.952560040765686,-74.0
288,0.849609375,-9.952560040765686,73.0
288,0.849609375,-3.029040012406948,0.4
288,0.849609375,-3.029040012406948,-74.0
288,0.849609375,-3.029040012406948,73.0
288,1.869140625,2.8126800115207375,0.4
288,1.869140625,2.8126800115207375,-74.0
288,1.869140625,2.8126800115207375,73.0
289,0.9268465909090909,-3.2454000132931586,0.7272727272727273
289,0.849609375,-3.2454000132931586,-88.0
289,1.1328125,-3.2454000132931586,85.0
289,2.201260653409091,3.2021280131159164,0.7272727272727273
289,2.1240234375,3.2021280131159164,-88.0
289,2.4072265625,3.2021280131159164,85.0
289,3.8232421875,3.2021280131159164,-59.0
290,0.9268465909090909,-3.461760014179369,0.7272727272727273
290,2.201260653409091,3.2021280131159164,0.7272727272727273
290,3.8232421875,3.2021280131159164,-69.0
290,3.8232421875,3.2021280131159164,82.0
291,2.208984375,-13.414320054945057,0.4
291,2.9736328125,-13.414320054945057,-31.0
291,3.8232421875,-13.414320054945057,-71.0
291,3.8232421875,-13.414320054945057,80.0
291,0.9345703125,-3.461760014179369,0.4
291,1.69921875,-3.461760014179369,-31.0
291,2.4638671875,3.245400013293159,0.4
291,3.228515625,3.245400013293159,-31.0
291,4.078125,3.245400013293159,-71.0
291,4.078125,3.245400013293159,80.0
292,1.1328125,-3.461760014179369,0.5
292,0.849609375,-3.461760014179369,-71.0
292,0.849609375,-3.461760014179369,71.0
292,2.737630208333333,3.3175200135885623,0.5
292,2.454427083333333,3.3175200135885623,-71.0
292,2.454427083333333,3.3175200135885623,71.0
293,2.888671875,-13.847040056717477,-0.6
293,2.548828125,-13.847040056717477,-71.0
293,2.548828125,-13.847040056717477,71.0
293,1.189453125,-3.461760014179369,-0.6
293,0.849609375,-3.461760014179369,-71.0
293,0.849609375,-3.461760014179369,71.0
293,2.888671875,3.461760014179369,-0.6
293,2.548828125,3.461760014179369,-71.0
293,2.548828125,3.461760014179369,71.0
293,2.888671875,13.414320054945057,-0.6
293,2.548828125,13.414320054945057,-71.0
293,2.548828125,13.414320054945057,71.0
294,1.5447443181818181,-3.6781200150655797,1.4545454545454546
294,0.849609375,-3.6781200150655797,-71.0
294,0.849609375,-3.6781200150655797,70.0
294,3.2439630681818183,3.5483040145338536,1.4545454545454546
294,2.548828125,3.5483040145338536,-71.0
294,2.548828125,3.5483040145338536,70.0
295,2.83203125,-13.70280005612667,1.5
295,2.265625,-13.70280005612667,-71.0
295,2.265625,-13.70280005612667,71.0
295,1.416015625,-3.6781200150655797,1.5
295,0.849609375,-3.6781200150655797,-71.0
295,0.849609375,-3.6781200150655797,71.0
295,3.192471590909091,3.619112742096613,1.5
295,2.626065340909091,3.619112742096613,-71.0
295,2.626065340909091,3.619112742096613,71.0
296,1.1328125,-3.6781200150655797,-86.0
296,1.69921875,-3.6781200150655797,1.6
296,0.849609375,-3.6781200150655797,59.0
296,1.168212890625,-3.6781200150655797,84.75
296,2.909268465909091,3.619112742096613,-86.0
296,3.475674715909091,3.619112742096613,1.6
296,2.626065340909091,3.619112742096613,59.0
296,2.944668856534091,3.619112742096613,84.75
297,3.1043419471153846,-12.765240052286426,-41.23076923076923
297,2.9736328125,-12.765240052286426,44.0
297,3.445638020833333,-12.765240052286426,-86.44444444444444
297,3.8232421875,-12.765240052286426,0.4
297,3.445638020833333,-12.765240052286426,84.44444444444444
297,0.9803185096153846,-3.6781200150655797,-41.23076923076923
297,0.849609375,-3.6781200150655797,44.0
297,1.3216145833333333,-3.6781200150655797,-86.44444444444444
297,1.69921875,-3.6781200150655797,0.4
297,1.3216145833333333,-3.6781200150655797,84.44444444444444
297,2.8494591346153846,3.6781200150655793,-41.23076923076923
297,2.71875,3.6781200150655793,44.0
297,3.190755208333333,3.6781200150655793,-86.44444444444444
297,3.568359375,3.6781200150655793,0.4
297,3.190755208333333,3.6781200150655793,84.44444444444444
298,2.639857700892857,-8.654400035448422,-68.35714285714286
298,3.304036458333333,-8.654400035448422,1.3333333333333333
298,2.548828125,-8.654400035448422,67.0
298,2.809779575892857,3.6781200150655793,-68.35714285714286
298,3.473958333333333,3.6781200150655793,1.3333333333333333
298,2.71875,3.6781200150655793,67.0
299,3.3393342391304346,3.6781200150655793,-73.21739130434783
299,4.232599431818182,3.6781200150655793,1.6363636363636365
299,3.349888392857143,3.6781200150655793,73.14285714285714
300,4.005301339285714,-12.981600053172636,-39.857142857142854
300,4.063349184782608,-12.981600053172636,65.1304347826087
300,4.248046875,-12.981600053172636,-79.0
300,5.0126953125,-12.981600053172636,1.6
300,3.8991001674107144,3.5158500144009217,-39.857142857142854
300,3.9571480129076084,3.5158500144009217,65.1304347826087
300,4.141845703125,3.5158500144009217,-79.0
300,4.906494140625,3.5158500144009217,1.6
301,3.8618607954545454,-12.548880051400214,-85.45454545454545
301,3.6533203125,-12.548880051400214,-54.8
301,3.7846235795454546,-12.548880051400214,57.45454545454545
301,3.870442708333333,-12.548880051400214,84.44444444444444
301,4.927734375,-12.548880051400214,1.0
301,3.0122514204545454,-8.221680033676002,-85.45454545454545
301,2.8037109375,-8.221680033676002,-54.8
301,2.9350142045454546,-8.221680033676002,57.45454545454545
301,3.020833333333333,-8.221680033676002,84.44444444444444
301,4.078125,-8.221680033676002,1.0
301,3.5786576704545454,-6.6350400271771255,-85.45454545454545
301,3.3701171875,-6.6350400271771255,-54.8
301,3.5014204545454546,-6.6350400271771255,57.45454545454545
301,3.587239583333333,-6.6350400271771255,84.44444444444444
301,4.64453125,-6.6350400271771255,1.0
301,3.7073863636363638,3.10771637636557,-85.45454545454545
301,3.4988458806818183,3.10771637636557,-54.8
301,3.630149147727273,3.10771637636557,57.45454545454545
301,3.7159682765151514,3.10771637636557,84.44444444444444
301,4.773259943181818,3.10771637636557,1.0
302,3.8066913555194803,2.871687284489704,-87.42857142857143
302,3.852206143465909,2.871687284489704,84.75
302,4.170809659090909,2.871687284489704,-40.0
302,5.020419034090909,2.871687284489704,0.4
302,4.170809659090909,2.871687284489704,55.0
303,4.248046875,2.596320010634527,-85.0
303,4.248046875,2.596320010634527,-41.0
303,5.09765625,2.596320010634527,1.0
303,4.248046875,2.596320010634527,67.0
304,4.248046875,-5.192640021269054,-71.0
304,5.09765625,-5.192640021269054,1.0
304,4.248046875,-5.192640021269054,72.0
304,4.248046875,2.1636000088621063,-71.0
304,5.09765625,2.1636000088621063,1.0
304,4.248046875,2.1636000088621063,72.0
305,4.248046875,-12.981600053172636,-37.0
305,5.09765625,-12.981600053172636,2.0
305,4.248046875,-12.981600053172636,53.0
305,5.09765625,-12.981600053172636,-88.0
305,5.09765625,-12.981600053172636,-62.0
305,5.09765625,-12.981600053172636,86.0
305,4.248046875,-11.683440047855372,-37.0
305,5.09765625,-11.683440047855372,2.0
305,4.248046875,-11.683440047855372,53.0
305,5.09765625,-11.683440047855372,-88.0
305,5.09765625,-11.683440047855372,-62.0
305,5.09765625,-11.683440047855372,86.0
305,4.248046875,1.9472400079758954,-37.0
305,5.09765625,1.9472400079758954,2.0
305,4.248046875,1.9472400079758954,53.0
305,5.09765625,1.9472400079758954,-88.0
305,5.09765625,1.9472400079758954,-62.0
305,5.09765625,1.9472400079758954,86.0
306,4.166353665865385,2.1968861628446,51.5
306,4.803560697115385,2.1968861628446,-89.0
306,4.378756009615385,2.1968861628446,-37.0
306,5.313326322115385,2.1968861628446,2.4
306,4.803560697115385,2.1968861628446,86.0
306,5.228365384615385,2.1968861628446,-62.0
307,4.908854166666667,-12.981600053172636,-42.666666666666664
307,4.995703125,-12.981600053172636,64.96
307,5.09765625,-12.981600053172636,-85.0
307,6.024502840909091,-12.981600053172636,2.727272727272727
307,4.059244791666667,1.5145200062034736,-42.666666666666664
307,4.14609375,1.5145200062034736,64.96
307,4.248046875,1.5145200062034736,-85.0
307,5.174893465909091,1.5145200062034736,2.727272727272727
308,4.248046875,1.3847040056717475,-86.0
308,4.248046875,1.3847040056717475,-39.0
308,5.09765625,1.3847040056717475,2.0
308,4.248046875,1.3847040056717475,56.0
308,4.248046875,1.3847040056717475,83.0
308,5.09765625,1.3847040056717475,-60.0
309,5.203857421875,-13.847040056717477,1.75
309,5.09765625,-13.847040056717477,-87.0
309,5.09765625,-13.847040056717477,-59.0
309,5.09765625,-13.847040056717477,85.0
309,5.373779296875,1.0818000044310527,1.75
309,5.267578125,1.0818000044310527,-87.0
309,5.267578125,1.0818000044310527,-59.0
309,5.267578125,1.0818000044310527,85.0
310,5.158342633928571,-11.683440047855372,-87.42857142857143
310,4.6728515625,-11.683440047855372,-39.0
310,5.5224609375,-11.683440047855372,2.0
310,4.6728515625,-11.683440047855372,55.0
310,5.09765625,-11.683440047855372,85.0
310,5.5224609375,-11.683440047855372,-63.0
310,4.810775162337663,1.0227927314620864,-87.42857142857143
310,4.325284090909091,1.0227927314620864,-39.0
310,5.174893465909091,1.0227927314620864,2.0
310,4.325284090909091,1.0227927314620864,55.0
310,4.750088778409091,1.0227927314620864,85.0
310,5.174893465909091,1.0227927314620864,-63.0
311,4.323567708333333,0.6490800026586317,62.666666666666664
311,4.41796875,0.6490800026586317,-86.0
311,4.41796875,0.6490800026586317,-36.0
311,5.267578125,0.6490800026586317,2.0
312,4.41796875,0.6490800026586317,-88.0
312,4.41796875,0.6490800026586317,-30.0
312,5.47998046875,0.6490800026586317,1.8333333333333333
312,4.41796875,0.6490800026586317,58.0
312,4.701171875,0.6490800026586317,85.66666666666667
312,5.267578125,0.6490800026586317,-58.0
313,4.41796875,0.6490800026586317,-33.0
313,5.6923828125,0.6490800026586317,2.0
313,4.41796875,0.6490800026586317,55.0
313,5.267578125,0.6490800026586317,-90.0
313,5.267578125,0.6490800026586317,-59.0
313,5.267578125,0.6490800026586317,86.0
313,4.248046875,7.788960031903581,-33.0
313,5.5224609375,7.788960031903581,2.0
313,4.248046875,7.788960031903581,55.0
313,5.09765625,7.788960031903581,-90.0
313,5.09765625,7.788960031903581,-59.0
313,5.09765625,7.788960031903581,86.0
314,4.41796875,0.5625360023041475,-34.0
314,5.790414663461538,0.5625360023041475,1.2307692307692308
314,5.267578125,0.5625360023041475,-70.63157894736842
314,5.267578125,0.5625360023041475,84.0
315,4.41796875,0.2163600008862106,52.0
315,5.267578125,0.2163600008862106,-72.0
315,6.1171875,0.2163600008862106,2.0
315,5.267578125,0.2163600008862106,83.0
316,5.962713068181818,0.2163600008862106,1.4545454545454546
316,5.267578125,0.2163600008862106,-87.0
316,5.267578125,0.2163600008862106,-59.0
316,5.267578125,0.2163600008862106,84.0
317,5.380859375,0.09616000039387138,-69.0
317,6.23046875,0.09616000039387138,2.0
317,5.380859375,0.09616000039387138,81.0
318,4.814453125,-13.558560055535864,-32.0
318,5.6640625,-13.558560055535864,-70.66666666666667
318,6.34375,-13.558560055535864,3.0
318,5.6640625,-13.558560055535864,84.0
318,4.354248046875,0.05409000022155265,-32.0
318,5.203857421875,0.05409000022155265,-70.66666666666667
318,5.883544921875,0.05409000022155265,3.0
318,5.203857421875,0.05409000022155265,84.0
318,4.248046875,7.3562400301311595,-32.0
318,5.09765625,7.3562400301311595,-70.66666666666667
318,5.77734375,7.3562400301311595,3.0
318,5.09765625,7.3562400301311595,84.0
319,5.09765625,-10.818000044310528,-87.0
319,5.09765625,-10.818000044310528,-59.0
319,5.870028409090909,-10.818000044310528,3.272727272727273
319,5.09765625,-10.818000044310528,84.0
319,5.09765625,-6.1679056923619804e-18,-87.0
319,5.09765625,-6.1679056923619804e-18,-59.0
319,5.870028409090909,-6.1679056923619804e-18,3.272727272727273
319,5.09765625,-6.1679056923619804e-18,84.0
320,4.354248046875,0.05409000022155265,-33.0
320,5.203857421875,0.05409000022155265,-56.0
320,5.883544921875,0.05409000022155265,3.0
320,5.203857421875,0.05409000022155265,86.0
321,4.248046875,-6.1679056923619804e-18,-33.0
321,5.09765625,-6.1679056923619804e-18,-88.0
321,5.09765625,-6.1679056923619804e-18,-59.0
321,5.8056640625,-6.1679056923619804e-18,2.8333333333333335
321,5.09765625,-6.1679056923619804e-18,86.0
322,4.248046875,-9.519840038993266,-32.0
322,5.09765625,-9.519840038993266,-71.0
322,5.947265625,-9.519840038993266,3.0
322,5.09765625,-9.519840038993266,80.0
322,4.574819711538462,0.6324369256673847,-32.0
322,5.424429086538462,0.6324369256673847,-71.0
322,6.274038461538462,0.6324369256673847,3.0
322,5.424429086538462,0.6324369256673847,80.0
323,4.814453125,-0.19232000078774275,-30.0
323,5.6640625,-0.19232000078774275,-70.63157894736842
323,6.436434659090909,-0.19232000078774275,1.2727272727272727
323,5.6640625,-0.19232000078774275,83.0
324,4.556995738636363,-0.11801454593793306,-29.0
324,5.947265625,-0.11801454593793306,-0.18181818181818182
324,5.406605113636363,-0.11801454593793306,-86.0
324,5.406605113636363,-0.11801454593793306,-61.0
324,5.406605113636363,-0.11801454593793306,83.0
325,4.814453125,-10.2410400419473,-33.0
325,6.30126953125,-10.2410400419473,1.1666666666666667
325,5.6640625,-10.2410400419473,-90.0
325,5.6640625,-10.2410400419473,-57.0
325,5.6640625,-10.2410400419473,86.0
325,4.354248046875,0.05409000022155265,-33.0
325,5.841064453125,0.05409000022155265,1.1666666666666667
325,5.203857421875,0.05409000022155265,-90.0
325,5.203857421875,0.05409000022155265,-57.0
325,5.203857421875,0.05409000022155265,86.0
326,4.814453125,0.38464000157548545,-30.0
326,5.6640625,0.38464000157548545,-89.0
326,5.6640625,0.38464000157548545,-58.0
326,6.436434659090909,0.38464000157548545,1.2727272727272727
326,5.6640625,0.38464000157548545,86.0
327,5.5224609375,0.43272000177242115,-87.0
327,5.5224609375,0.43272000177242115,-57.0
327,6.294833096590909,0.43272000177242115,1.2727272727272727
327,5.5224609375,0.43272000177242115,84.0
328,5.5224609375,0.6490800026586317,-88.0
328,6.3720703125,0.6490800026586317,1.0
328,5.5224609375,0.6490800026586317,85.0
328,5.947265625,9.087120037220846,-88.0
328,6.796875,9.087120037220846,1.0
328,5.947265625,9.087120037220846,85.0
329,5.638316761363637,0.6687490936482873,-85.0
329,6.487926136363637,0.6687490936482873,1.0
329,5.638316761363637,0.6687490936482873,81.0
329,7.337535511363637,0.6687490936482873,-50.0
330,4.6728515625,0.6923520028358738,-30.0
330,5.5224609375,0.6923520028358738,-70.11764705882354
330,6.3720703125,0.6923520028358738,1.0
330,5.5224609375,0.6923520028358738,83.0
331,5.561079545454545,0.7867636395862203,-73.0
331,6.410688920454545,0.7867636395862203,1.0
331,5.561079545454545,0.7867636395862203,82.0
331,6.410688920454545,0.7867636395862203,-45.0
332,4.927734375,1.0818000044310527,-28.0
332,5.77734375,1.0818000044310527,-88.0
332,5.77734375,1.0818000044310527,-57.0
332,6.626953125,1.0818000044310527,1.0
332,5.77734375,1.0818000044310527,85.0
333,4.927734375,1.0818000044310527,-30.0
333,5.77734375,1.0818000044310527,-87.0
333,5.77734375,1.0818000044310527,-61.0
333,6.626953125,1.0818000044310527,1.0
333,5.77734375,1.0818000044310527,84.0
334,5.947265625,1.2981600053172633,-90.0
334,5.947265625,1.2981600053172633,-60.0
334,6.796875,1.2981600053172633,1.0
334,5.947265625,1.2981600053172633,87.0
334,5.947265625,10.818000044310528,-90.0
334,5.947265625,10.818000044310528,-60.0
334,6.796875,10.818000044310528,1.0
334,5.947265625,10.818000044310528,87.0
335,5.947265625,-11.25072004608295,-74.0
335,6.796875,-11.25072004608295,1.0
335,5.947265625,-11.25072004608295,82.0
335,5.947265625,1.3847040056717475,-74.0
335,6.796875,1.3847040056717475,1.0
335,5.947265625,1.3847040056717475,82.0
336,5.947265625,1.5145200062034736,-73.0
336,6.796875,1.5145200062034736,1.0
336,5.947265625,1.5145200062034736,82.0
337,5.947265625,1.5145200062034736,-69.0
337,6.796875,1.5145200062034736,1.0
337,5.947265625,1.5145200062034736,83.0
337,5.947265625,12.116160049627794,-69.0
337,6.796875,12.116160049627794,1.0
337,5.947265625,12.116160049627794,83.0
338,5.09765625,1.6443360067352004,-32.0
338,5.947265625,1.6443360067352004,-70.0
338,6.891276041666666,1.6443360067352004,1.3333333333333333
338,5.947265625,1.6443360067352004,82.0
339,5.947265625,-2.596320010634527,-71.0
339,5.947265625,-2.596320010634527,78.0
339,7.552083333333333,-2.596320010634527,2.6666666666666665
339,5.947265625,-1.2981600053172635,-71.0
339,5.947265625,-1.2981600053172635,78.0
339,7.552083333333333,-1.2981600053172635,2.6666666666666665
339,6.3720703125,1.7308800070896846,-71.0
339,6.3720703125,1.7308800070896846,78.0
339,7.976888020833333,1.7308800070896846,2.6666666666666665
339,5.947265625,3.461760014179369,-71.0
339,5.947265625,3.461760014179369,78.0
339,7.552083333333333,3.461760014179369,2.6666666666666665
340,5.5224609375,-10.385280042538108,-87.0
340,5.5224609375,-10.385280042538108,-64.0
340,6.3720703125,-10.385280042538108,1.6
340,5.5224609375,-10.385280042538108,84.0
340,5.947265625,1.7308800070896846,-87.0
340,5.947265625,1.7308800070896846,-64.0
340,6.796875,1.7308800070896846,1.6
340,5.947265625,1.7308800070896846,84.0
341,5.947265625,1.8174240074441688,-73.0
341,6.796875,1.8174240074441688,1.6
341,5.947265625,1.8174240074441688,79.0
342,6.024502840909091,1.8882327350069288,-71.41176470588235
342,7.396948754370629,1.8882327350069288,1.2307692307692308
342,6.024502840909091,1.8882327350069288,83.0
342,5.947265625,11.25072004608295,-71.41176470588235
342,7.319711538461538,11.25072004608295,1.2307692307692308
342,5.947265625,11.25072004608295,83.0
343,6.1171875,1.9472400079758956,-70.875
343,7.489633413461538,1.9472400079758956,1.2307692307692308
343,6.1171875,1.9472400079758956,83.0
344,6.1171875,1.9472400079758956,-71.0
344,7.489633413461538,1.9472400079758956,1.2307692307692308
344,6.1171875,1.9472400079758956,81.0
345,6.1171875,1.9472400079758956,-71.41176470588235
345,6.1171875,1.9472400079758956,83.0
345,7.81640625,1.9472400079758956,2.0
346,6.3720703125,2.3366880095710743,-86.0
346,6.3720703125,2.3366880095710743,-60.0
346,6.3720703125,2.3366880095710743,83.0
346,8.14852627840909,2.3366880095710743,2.727272727272727
346,8.0712890625,2.3366880095710743,-48.0
347,6.487926136363637,1.9669090989655509,-73.07692307692308
347,6.487926136363637,1.9669090989655509,84.0
347,8.264382102272727,1.9669090989655509,2.727272727272727
347,8.187144886363637,1.9669090989655509,-47.0
348,6.513671875,1.7789600072866198,-86.0
348,6.513671875,1.7789600072866198,-59.0
348,6.513671875,1.7789600072866198,83.0
348,8.212890625,1.7789600072866198,2.0
348,8.212890625,1.7789600072866198,-42.0
349,6.5419921875,1.8606960076214107,-90.0
349,6.5419921875,1.8606960076214107,-58.0
349,6.5419921875,1.8606960076214107,86.0
349,8.2412109375,1.8606960076214107,2.0
350,6.626953125,1.5145200062034738,-71.0
350,6.626953125,1.5145200062034738,65.0
350,6.626953125,1.5145200062034738,83.6
350,8.326171875,1.5145200062034738,2.0
350,8.7509765625,1.5145200062034738,54.0
351,7.631036931818182,1.5145200062034738,47.81818181818182
351,6.626953125,1.5145200062034738,-71.0
351,6.626953125,1.5145200062034738,83.0
351,8.326171875,1.5145200062034738,2.0
352,5.935382976398602,1.1408072774000193,50.76923076923077
352,6.719637784090909,1.1408072774000193,-68.0
352,6.719637784090909,1.1408072774000193,84.0
352,8.41885653409091,1.1408072774000193,2.0
353,6.719637784090909,1.1408072774000193,-89.0
353,6.719637784090909,1.1408072774000193,-60.0
353,6.719637784090909,1.1408072774000193,84.0
353,8.41885653409091,1.1408072774000193,2.0
353,8.41885653409091,1.1408072774000193,-49.0
353,6.796875,13.414320054945057,-89.0
353,6.796875,13.414320054945057,-60.0
353,6.796875,13.414320054945057,84.0
353,8.49609375,13.414320054945057,2.0
353,8.49609375,13.414320054945057,-49.0
354,6.796875,0.8654400035448423,-72.0
354,6.796875,0.8654400035448423,80.0
354,8.49609375,0.8654400035448423,2.0
355,6.796875,-13.414320054945057,-70.0
355,6.796875,-13.414320054945057,83.0
355,8.49609375,-13.414320054945057,2.0
355,6.796875,0.778896003190358,-70.0
355,6.796875,0.778896003190358,83.0
355,8.49609375,0.778896003190358,2.0
356,6.796875,0.6490800026586317,-85.0
356,6.796875,0.6490800026586317,85.0
356,8.5810546875,0.6490800026586317,2.4
357,6.796875,0.8654400035448423,-88.0
357,6.796875,0.8654400035448423,85.0
357,8.49609375,0.8654400035448423,2.0
358,6.796875,0.3461760014179369,-78.0
358,6.796875,0.3461760014179369,82.0
358,8.49609375,0.3461760014179369,2.0
359,7.43408203125,0.3461760014179369,-88.5
359,7.282366071428571,0.3461760014179369,85.42857142857143
359,7.646484375,0.3461760014179369,-55.0
359,8.49609375,0.3461760014179369,2.0
360,6.796875,0.08654400035448422,-87.0
360,6.796875,0.08654400035448422,83.0
360,8.49609375,0.08654400035448422,2.0
361,6.796875,-0.21636000088621057,-87.0
361,6.796875,-0.21636000088621057,84.0
361,8.49609375,-0.21636000088621057,2.0
362,6.796875,-0.21636000088621057,-88.0
362,6.796875,-0.21636000088621057,85.0
362,8.5810546875,-0.21636000088621057,2.4
363,6.719637784090909,0.078676363958622,-87.0
363,6.719637784090909,0.078676363958622,84.0
363,8.41885653409091,0.078676363958622,2.0
363,8.41885653409091,0.078676363958622,39.0
364,6.796875,-2.596320010634527,-75.0
364,6.796875,-2.596320010634527,80.0
364,8.590494791666668,-2.596320010634527,1.3333333333333333
364,6.796875,-0.3090857155517294,-75.0
364,6.796875,-0.3090857155517294,80.0
364,8.590494791666668,-0.3090857155517294,1.3333333333333333
365,6.702473958333333,0.19232000078774272,-86.0
365,6.702473958333333,0.19232000078774272,83.0
365,7.552083333333333,0.19232000078774272,-51.0
365,8.486653645833332,0.19232000078774272,2.4
365,8.401692708333332,0.19232000078774272,40.0
366,6.3720703125,-3.8944800159517907,-90.0
366,6.3720703125,-3.8944800159517907,86.0
366,8.326171875,-3.8944800159517907,2.4
366,6.796875,-2.596320010634527,-90.0
366,6.796875,-2.596320010634527,86.0
366,8.7509765625,-2.596320010634527,2.4
366,6.796875,1.2981600053172635,-90.0
366,6.796875,1.2981600053172635,86.0
366,8.7509765625,1.2981600053172635,2.4
366,6.796875,2.812680011520738,-90.0
366,6.796875,2.812680011520738,86.0
366,8.7509765625,2.812680011520738,2.4
367,6.626953125,-1.4712480060262318,-86.0
367,6.626953125,-1.4712480060262318,83.0
367,8.49609375,-1.4712480060262318,1.0
367,8.326171875,-1.4712480060262318,34.0
367,6.796875,2.8126800115207375,-86.0
367,6.796875,2.8126800115207375,83.0
367,8.666015625,2.8126800115207375,1.0
367,8.49609375,2.8126800115207375,34.0
368,6.796875,-1.2981600053172635,-88.0
368,6.796875,-1.2981600053172635,-60.0
368,6.796875,-1.2981600053172635,85.0
368,7.646484375,-1.2981600053172635,-42.0
368,8.9208984375,-1.2981600053172635,2.0
368,6.966796875,1.4712480060262318,-88.0
368,6.966796875,1.4712480060262318,-60.0
368,6.966796875,1.4712480060262318,85.0
368,7.81640625,1.4712480060262318,-42.0
368,9.0908203125,1.4712480060262318,2.0
369,6.796875,-1.4063400057603688,-87.0
369,6.796875,-1.4063400057603688,85.0
369,8.727805397727273,-1.4063400057603688,1.4545454545454546
369,6.796875,4.110840016838001,-87.0
369,6.796875,4.110840016838001,85.0
369,8.727805397727273,4.110840016838001,1.4545454545454546
370,6.796875,1.2981600053172635,-86.0
370,6.796875,1.2981600053172635,-59.0
370,6.796875,1.2981600053172635,84.0
370,8.779296875,1.2981600053172635,0.8888888888888888
370,8.49609375,1.2981600053172635,38.0
370,6.796875,3.0290400124069485,-86.0
370,6.796875,3.0290400124069485,-59.0
370,6.796875,3.0290400124069485,84.0
370,8.779296875,3.0290400124069485,0.8888888888888888
370,8.49609375,3.0290400124069485,38.0
371,6.796875,-4.110840016838001,-85.0
371,6.796875,-4.110840016838001,83.0
371,7.646484375,-4.110840016838001,-39.0
371,8.8359375,-4.110840016838001,1.6
371,6.796875,1.2981600053172635,-85.0
371,6.796875,1.2981600053172635,83.0
371,7.646484375,1.2981600053172635,-39.0
371,8.8359375,1.2981600053172635,1.6
372,6.702473958333333,1.0096800041356493,-80.0
372,6.702473958333333,1.0096800041356493,76.0
372,8.684895833333332,1.0096800041356493,2.888888888888889
373,6.796875,-1.514520006203474,-85.0
373,6.796875,-1.514520006203474,84.0
373,7.646484375,-1.514520006203474,-43.0
373,8.779296875,-1.514520006203474,0.8888888888888888
373,8.49609375,-1.514520006203474,37.0
373,6.796875,2.3799600097483165,-85.0
373,6.796875,2.3799600097483165,84.0
373,7.646484375,2.3799600097483165,-43.0
373,8.779296875,2.3799600097483165,0.8888888888888888
373,8.49609375,2.3799600097483165,37.0
374,6.796875,-2.163600008862106,-72.0
374,6.796875,-2.163600008862106,81.0
374,7.646484375,-2.163600008862106,-36.0
374,8.968098958333332,-2.163600008862106,1.5555555555555556
374,6.796875,1.2981600053172635,-72.0
374,6.796875,1.2981600053172635,81.0
374,7.646484375,1.2981600053172635,-36.0
374,8.968098958333332,1.2981600053172635,1.5555555555555556
375,5.73486328125,-2.271780009305211,-32.0
375,6.58447265625,-2.271780009305211,-72.0
375,6.58447265625,-2.271780009305211,82.0
375,8.661295572916668,-2.271780009305211,2.4444444444444446
375,6.966796875,4.0675680166607595,-72.0
375,6.966796875,4.0675680166607595,82.0
375,9.043619791666668,4.0675680166607595,2.4444444444444446
376,7.2216796875,2.596320010634527,-76.0
376,7.2216796875,2.596320010634527,81.0
376,8.0712890625,2.596320010634527,-44.0
376,9.345703125,2.596320010634527,2.0
376,7.080078125,4.038720016542597,-76.0
376,7.080078125,4.038720016542597,81.0
376,7.9296875,4.038720016542597,-44.0
376,9.2041015625,4.038720016542597,2.0
377,5.8056640625,1.514520006203474,-33.0
377,5.8056640625,1.514520006203474,36.0
377,6.6552734375,1.514520006203474,-72.0
377,6.6552734375,1.514520006203474,79.0
377,8.826497395833332,1.514520006203474,1.5555555555555556
378,6.45703125,-4.6733760191421485,-87.0
378,6.8287353515625,-4.6733760191421485,-47.25
378,6.45703125,-4.6733760191421485,84.0
378,8.533854166666668,-4.6733760191421485,0.4444444444444444
378,6.796875,2.596320010634527,-87.0
378,7.1685791015625,2.596320010634527,-47.25
378,6.796875,2.596320010634527,84.0
378,8.873697916666668,2.596320010634527,0.4444444444444444
378,6.796875,4.002660016394896,-87.0
378,7.1685791015625,4.002660016394896,-47.25
378,6.796875,4.002660016394896,84.0
378,8.873697916666668,4.002660016394896,0.4444444444444444
379,6.3720703125,-2.8126800115207375,-72.0
379,6.3720703125,-2.8126800115207375,79.0
379,8.543294270833332,-2.8126800115207375,1.5555555555555556
379,6.796875,3.8944800159517903,-72.0
379,6.796875,3.8944800159517903,79.0
379,8.968098958333332,3.8944800159517903,1.5555555555555556
380,5.5224609375,-4.327200017724211,-33.0
380,6.3720703125,-4.327200017724211,-72.0
380,6.3720703125,-4.327200017724211,79.0
380,8.448893229166668,-4.327200017724211,2.4444444444444446
380,6.796875,-1.2981600053172635,-72.0
380,6.796875,-1.2981600053172635,79.0
380,8.873697916666668,-1.2981600053172635,2.4444444444444446
380,7.2216796875,3.8944800159517907,-72.0
380,7.2216796875,3.8944800159517907,79.0
380,9.298502604166668,3.8944800159517907,2.4444444444444446
381,6.796875,-1.2981600053172635,-74.71428571428571
381,6.796875,-1.2981600053172635,83.0
381,7.646484375,-1.2981600053172635,-33.0
381,8.873697916666668,-1.2981600053172635,0.4444444444444444
381,6.796875,1.2981600053172635,-74.71428571428571
381,6.796875,1.2981600053172635,83.0
381,7.646484375,1.2981600053172635,-33.0
381,8.873697916666668,1.2981600053172635,0.4444444444444444
381,6.796875,2.596320010634527,-74.71428571428571
381,6.796875,2.596320010634527,83.0
381,7.646484375,2.596320010634527,-33.0
381,8.873697916666668,2.596320010634527,0.4444444444444444
382,6.796875,1.7308800070896846,-70.66666666666667
382,6.796875,1.7308800070896846,84.0
382,8.779296875,1.7308800070896846,0.8888888888888888
383,6.796875,-3.9810240163062742,-74.0
383,6.796875,-3.9810240163062742,80.0
383,7.646484375,-3.9810240163062742,-31.0
383,8.873697916666668,-3.9810240163062742,0.4444444444444444
383,6.796875,1.7308800070896846,-74.0
383,6.796875,1.7308800070896846,80.0
383,7.646484375,1.7308800070896846,-31.0
383,8.873697916666668,1.7308800070896846,0.4444444444444444
384,6.796875,-5.625360023041475,-71.0
384,6.796875,-5.625360023041475,80.0
384,7.646484375,-5.625360023041475,-36.0
384,8.779296875,-5.625360023041475,0.8888888888888888
384,6.3720703125,-4.327200017724211,-71.0
384,6.3720703125,-4.327200017724211,80.0
384,7.2216796875,-4.327200017724211,-36.0
384,8.3544921875,-4.327200017724211,0.8888888888888888
384,6.796875,2.7045000110776325,-71.0
384,6.796875,2.7045000110776325,80.0
384,7.646484375,2.7045000110776325,-36.0
384,8.779296875,2.7045000110776325,0.8888888888888888
385,4.248046875,-13.847040056717477,-73.6
385,4.248046875,-13.847040056717477,83.0
385,5.09765625,-13.847040056717477,-31.0
385,6.3720703125,-4.327200017724211,-73.6
385,6.3720703125,-4.327200017724211,83.0
385,7.2216796875,-4.327200017724211,-31.0
385,8.28369140625,-4.327200017724211,3.0
385,6.796875,-1.7308800070896846,-73.6
385,6.796875,-1.7308800070896846,83.0
385,7.646484375,-1.7308800070896846,-31.0
385,8.70849609375,-1.7308800070896846,3.0
385,6.3720703125,3.8944800159517907,-73.6
385,6.3720703125,3.8944800159517907,83.0
385,7.2216796875,3.8944800159517907,-31.0
385,8.28369140625,3.8944800159517907,3.0
386,6.3720703125,-2.8126800115207375,-71.0
386,6.3720703125,-2.8126800115207375,82.0
386,7.2216796875,-2.8126800115207375,-31.0
386,8.177490234375,-2.8126800115207375,0.25
386,6.796875,4.110840016838001,-71.0
386,6.796875,4.110840016838001,82.0
386,7.646484375,4.110840016838001,-31.0
386,8.602294921875,4.110840016838001,0.25
387,6.513671875,-1.4424000059080706,-70.11764705882354
387,6.513671875,-1.4424000059080706,82.0
387,8.28369140625,-1.4424000059080706,0.3333333333333333
387,6.796875,1.4063400057603688,-70.11764705882354
387,6.796875,1.4063400057603688,82.0
387,8.56689453125,1.4063400057603688,0.3333333333333333
388,6.796875,2.163600008862106,-72.0
388,6.796875,2.163600008862106,80.0
388,8.873697916666668,2.163600008862106,0.4444444444444444
388,6.796875,4.327200017724211,-72.0
388,6.796875,4.327200017724211,80.0
388,8.873697916666668,4.327200017724211,0.4444444444444444
389,6.796875,-1.2981600053172635,-73.75
389,6.796875,-1.2981600053172635,83.0
389,7.646484375,-1.2981600053172635,-35.0
389,8.9208984375,-1.2981600053172635,3.0
389,6.796875,3.6060000147701765,-73.75
389,6.796875,3.6060000147701765,83.0
389,7.646484375,3.6060000147701765,-35.0
389,8.9208984375,3.6060000147701765,3.0
390,7.2216796875,1.2981600053172635,-90.0
390,7.2216796875,1.2981600053172635,86.0
390,8.0712890625,1.2981600053172635,-38.0
390,9.005859375,1.2981600053172635,1.8
390,6.796875,4.002660016394896,-90.0
390,6.796875,4.002660016394896,86.0
390,7.646484375,4.002660016394896,-38.0
390,8.5810546875,4.002660016394896,1.8
390,4.6728515625,13.414320054945057,-90.0
390,4.6728515625,13.414320054945057,86.0
390,5.5224609375,13.414320054945057,-38.0
390,6.45703125,13.414320054945057,1.8
391,6.3720703125,-4.110840016838001,-88.0
391,6.3720703125,-4.110840016838001,85.0
391,7.2216796875,-4.110840016838001,-34.0
391,8.448893229166668,-4.110840016838001,0.4444444444444444
391,6.796875,3.0290400124069485,-88.0
391,6.796875,3.0290400124069485,85.0
391,7.646484375,3.0290400124069485,-34.0
391,8.873697916666668,3.0290400124069485,0.4444444444444444
392,6.3720703125,-4.110840016838001,86.0
392,7.2216796875,-4.110840016838001,-45.0
392,8.448893229166668,-4.110840016838001,2.4444444444444446
392,6.796875,1.081800004431053,86.0
392,7.646484375,1.081800004431053,-45.0
392,8.873697916666668,1.081800004431053,2.4444444444444446
392,7.080078125,2.740560011225334,86.0
392,7.9296875,2.740560011225334,-45.0
392,9.156901041666668,2.740560011225334,2.4444444444444446
392,11.328125,2.740560011225334,37.0
393,7.646484375,1.2981600053172635,-44.0
393,8.873697916666668,1.2981600053172635,2.4444444444444446
393,7.646484375,2.596320010634527,-44.0
393,8.873697916666668,2.596320010634527,2.4444444444444446
394,6.796875,1.2981600053172635,-88.0
394,6.796875,1.2981600053172635,-61.0
394,6.796875,1.2981600053172635,84.0
394,8.873697916666668,1.2981600053172635,2.4444444444444446
395,6.796875,-5.192640021269054,-70.66666666666667
395,6.796875,-5.192640021269054,83.0
395,7.646484375,-5.192640021269054,-32.0
395,8.9208984375,-5.192640021269054,3.0
395,6.796875,1.2981600053172635,-70.66666666666667
395,6.796875,1.2981600053172635,83.0
395,7.646484375,1.2981600053172635,-32.0
395,8.9208984375,1.2981600053172635,3.0
395,6.626953125,3.288672013470401,-70.66666666666667
395,6.626953125,3.288672013470401,83.0
395,7.4765625,3.288672013470401,-32.0
395,8.7509765625,3.288672013470401,3.0
396,7.9296875,3.2454000132931586,-40.0
396,9.156901041666668,3.2454000132931586,2.4444444444444446
397,7.055451766304348,1.2981600053172635,-64.69565217391305
397,6.796875,1.2981600053172635,83.0
397,8.0712890625,1.2981600053172635,41.0
397,8.9208984375,1.2981600053172635,1.0
397,7.055451766304348,2.812680011520738,-64.69565217391305
397,6.796875,2.812680011520738,83.0
397,8.0712890625,2.812680011520738,41.0
397,8.9208984375,2.812680011520738,1.0
398,6.796875,-1.2981600053172635,-73.0
398,6.796875,-1.2981600053172635,81.0
398,7.646484375,-1.2981600053172635,-40.0
398,8.873697916666668,-1.2981600053172635,2.4444444444444446
398,6.796875,1.2981600053172635,-73.0
398,6.796875,1.2981600053172635,81.0
398,7.646484375,1.2981600053172635,-40.0
398,8.873697916666668,1.2981600053172635,2.4444444444444446
398,6.796875,4.327200017724211,-73.0
398,6.796875,4.327200017724211,81.0
398,7.646484375,4.327200017724211,-40.0
398,8.873697916666668,4.327200017724211,2.4444444444444446
399,6.891276041666667,1.9232000078774274,-72.0
399,6.891276041666667,1.9232000078774274,83.0
399,8.968098958333334,1.9232000078774274,2.4444444444444446
399,8.590494791666668,1.9232000078774274,40.0
400,6.796875,-3.4617600141793696,-74.0
400,6.796875,-3.4617600141793696,78.0
400,7.646484375,-3.4617600141793696,-45.0
400,8.873697916666668,-3.4617600141793696,1.5555555555555556
400,6.796875,-1.2981600053172635,-74.0
400,6.796875,-1.2981600053172635,78.0
400,7.646484375,-1.2981600053172635,-45.0
400,8.873697916666668,-1.2981600053172635,1.5555555555555556
400,6.796875,3.0290400124069485,-74.0
400,6.796875,3.0290400124069485,78.0
400,7.646484375,3.0290400124069485,-45.0
400,8.873697916666668,3.0290400124069485,1.5555555555555556
401,6.796875,-3.0290400124069485,-75.0
401,6.796875,-3.0290400124069485,78.0
401,8.873697916666668,-3.0290400124069485,0.4444444444444444
401,6.796875,-1.2981600053172635,-75.0
401,6.796875,-1.2981600053172635,78.0
401,8.873697916666668,-1.2981600053172635,0.4444444444444444
401,6.796875,4.327200017724211,-75.0
401,6.796875,4.327200017724211,78.0
401,8.873697916666668,4.327200017724211,0.4444444444444444
402,6.3720703125,-1.2981600053172635,-75.0
402,6.3720703125,-1.2981600053172635,71.0
402,8.448893229166668,-1.2981600053172635,2.4444444444444446
402,6.796875,1.2981600053172635,-75.0
402,6.796875,1.2981600053172635,71.0
402,8.873697916666668,1.2981600053172635,2.4444444444444446
402,6.796875,2.8126800115207375,-75.0
402,6.796875,2.8126800115207375,71.0
402,8.873697916666668,2.8126800115207375,2.4444444444444446
402,6.796875,4.327200017724211,-75.0
402,6.796875,4.327200017724211,71.0
402,8.873697916666668,4.327200017724211,2.4444444444444446
403,6.796875,-1.4063400057603688,-77.0
403,6.796875,-1.4063400057603688,74.0
403,8.70849609375,-1.4063400057603688,1.25
403,6.796875,2.596320010634527,-77.0
403,6.796875,2.596320010634527,74.0
403,8.70849609375,2.596320010634527,1.25
403,6.796875,4.327200017724211,-77.0
403,6.796875,4.327200017724211,74.0
403,8.70849609375,4.327200017724211,1.25
404,6.626953125,-1.4712480060262318,-73.0
404,6.626953125,-1.4712480060262318,76.0
404,7.4765625,-1.4712480060262318,-40.0
404,8.666015625,-1.4712480060262318,1.8
404,6.796875,3.0290400124069485,-73.0
404,6.796875,3.0290400124069485,76.0
404,7.646484375,3.0290400124069485,-40.0
404,8.8359375,3.0290400124069485,1.8
405,6.796875,-5.625360023041475,-89.0
405,6.796875,-5.625360023041475,86.0
405,8.28369140625,-5.625360023041475,-43.5
405,8.666015625,-5.625360023041475,1.0
405,6.796875,2.812680011520738,-89.0
405,6.796875,2.812680011520738,86.0
405,8.28369140625,2.812680011520738,-43.5
405,8.666015625,2.812680011520738,1.0
406,6.45703125,-3.2886720134704013,-86.0
406,6.45703125,-3.2886720134704013,83.0
406,7.306640625,-3.2886720134704013,-44.0
406,8.5810546875,-3.2886720134704013,1.0
406,6.796875,4.110840016838001,-86.0
406,6.796875,4.110840016838001,83.0
406,7.646484375,4.110840016838001,-44.0
406,8.9208984375,4.110840016838001,1.0
407,6.796875,-2.8126800115207375,-90.0
407,6.796875,-2.8126800115207375,86.0
407,7.965087890625,-2.8126800115207375,-41.0
407,8.814697265625,-2.8126800115207375,2.75
407,6.796875,1.2981600053172635,-90.0
407,6.796875,1.2981600053172635,86.0
407,7.965087890625,1.2981600053172635,-41.0
407,8.814697265625,1.2981600053172635,2.75
407,6.796875,2.7045000110776325,-90.0
407,6.796875,2.7045000110776325,86.0
407,7.965087890625,2.7045000110776325,-41.0
407,8.814697265625,2.7045000110776325,2.75
408,6.796875,-1.2981600053172635,88.0
408,7.646484375,-1.2981600053172635,-38.0
408,8.8359375,-1.2981600053172635,1.8
408,6.796875,1.1899800048741582,88.0
408,7.646484375,1.1899800048741582,-38.0
408,8.8359375,1.1899800048741582,1.8
408,6.796875,2.596320010634527,88.0
408,7.646484375,2.596320010634527,-38.0
408,8.8359375,2.596320010634527,1.8
408,6.796875,3.8944800159517907,88.0
408,7.646484375,3.8944800159517907,-38.0
408,8.8359375,3.8944800159517907,1.8
409,6.3720703125,-2.8126800115207375,-88.0
409,6.3720703125,-2.8126800115207375,85.0
409,7.2216796875,-2.8126800115207375,-36.0
409,8.49609375,-2.8126800115207375,3.0
409,6.796875,4.002660016394896,-88.0
409,6.796875,4.002660016394896,85.0
409,7.646484375,4.002660016394896,-36.0
409,8.9208984375,4.002660016394896,3.0
410,6.796875,-1.2981600053172635,-70.875
410,6.796875,-1.2981600053172635,83.0
410,8.873697916666668,-1.2981600053172635,0.4444444444444444
410,7.00927734375,1.7308800070896848,-70.875
410,7.00927734375,1.7308800070896848,83.0
410,9.086100260416668,1.7308800070896848,0.4444444444444444
410,6.796875,3.8944800159517907,-70.875
410,6.796875,3.8944800159517907,83.0
410,8.873697916666668,3.8944800159517907,0.4444444444444444
411,6.796875,-2.596320010634527,-87.0
411,6.796875,-2.596320010634527,85.0
411,8.8359375,-2.596320010634527,1.8
412,6.796875,-1.2981600053172635,-74.0
412,6.796875,-1.2981600053172635,83.0
412,7.646484375,-1.2981600053172635,-33.0
412,8.814697265625,-1.2981600053172635,0.75
412,6.3720703125,1.2981600053172635,-74.0
412,6.3720703125,1.2981600053172635,83.0
412,7.2216796875,1.2981600053172635,-33.0
412,8.389892578125,1.2981600053172635,0.75
412,6.796875,3.8944800159517907,-74.0
412,6.796875,3.8944800159517907,83.0
412,7.646484375,3.8944800159517907,-33.0
412,8.814697265625,3.8944800159517907,0.75
413,6.796875,-5.192640021269054,-86.0
413,6.796875,-5.192640021269054,83.0
413,7.646484375,-5.192640021269054,-40.0
413,8.9208984375,-5.192640021269054,2.0
413,6.796875,-3.8944800159517907,-86.0
413,6.796875,-3.8944800159517907,83.0
413,7.646484375,-3.8944800159517907,-40.0
413,8.9208984375,-3.8944800159517907,2.0
413,6.796875,2.7045000110776325,-86.0
413,6.796875,2.7045000110776325,83.0
413,7.646484375,2.7045000110776325,-40.0
413,8.9208984375,2.7045000110776325,2.0
414,6.796875,-3.8944800159517907,-75.0
414,6.796875,-3.8944800159517907,77.0
414,8.9208984375,-3.8944800159517907,1.0
414,6.796875,-1.2981600053172635,-75.0
414,6.796875,-1.2981600053172635,77.0
414,8.9208984375,-1.2981600053172635,1.0
414,6.3720703125,1.2981600053172635,-75.0
414,6.3720703125,1.2981600053172635,77.0
414,8.49609375,1.2981600053172635,1.0
414,6.796875,6.923520028358738,-75.0
414,6.796875,6.923520028358738,77.0
414,8.9208984375,6.923520028358738,1.0
415,7.2216796875,3.8944800159517907,-76.0
415,7.2216796875,3.8944800159517907,78.0
415,9.345703125,3.8944800159517907,2.0
416,6.796875,-3.8944800159517907,-77.0
416,6.796875,-3.8944800159517907,83.0
416,8.5810546875,-3.8944800159517907,-0.2
416,8.49609375,-3.8944800159517907,-43.0
416,6.796875,-1.4063400057603688,-77.0
416,6.796875,-1.4063400057603688,83.0
416,8.5810546875,-1.4063400057603688,-0.2
416,8.49609375,-1.4063400057603688,-43.0
416,6.796875,4.110840016838001,-77.0
416,6.796875,4.110840016838001,83.0
416,8.5810546875,4.110840016838001,-0.2
416,8.49609375,4.110840016838001,-43.0
417,6.796875,-2.596320010634527,-76.0
417,6.796875,-2.596320010634527,83.0
417,8.024088541666666,-2.596320010634527,-40.22222222222222
417,8.7509765625,-2.596320010634527,0.4
417,6.796875,-1.2981600053172635,-76.0
417,6.796875,-1.2981600053172635,83.0
417,8.024088541666666,-1.2981600053172635,-40.22222222222222
417,8.7509765625,-1.2981600053172635,0.4
418,6.3720703125,-1.2981600053172635,-73.0
418,6.3720703125,-1.2981600053172635,81.0
418,7.2216796875,-1.2981600053172635,-35.0
418,8.49609375,-1.2981600053172635,2.0
418,6.796875,1.2981600053172635,-73.0
418,6.796875,1.2981600053172635,81.0
418,7.646484375,1.2981600053172635,-35.0
418,8.9208984375,1.2981600053172635,2.0
419,6.796875,-2.596320010634527,-73.0
419,6.796875,-2.596320010634527,80.0
419,7.646484375,-2.596320010634527,-36.0
419,8.873697916666668,-2.596320010634527,2.4444444444444446
419,6.796875,4.002660016394896,-73.0
419,6.796875,4.002660016394896,80.0
419,7.646484375,4.002660016394896,-36.0
419,8.873697916666668,4.002660016394896,2.4444444444444446
420,6.702473958333333,1.9232000078774274,-87.0
420,6.702473958333333,1.9232000078774274,84.0
420,8.633404356060606,1.9232000078774274,1.4545454545454546
421,7.080078125,1.4424000059080706,-88.0
421,7.080078125,1.4424000059080706,84.0
421,8.779296875,1.4424000059080706,-53.0
421,9.2041015625,1.4424000059080706,3.0
421,8.779296875,1.4424000059080706,85.0
423,6.796875,-2.596320010634527,-89.0
423,6.796875,-2.596320010634527,86.0
423,8.666015625,-2.596320010634527,3.0
423,9.345703125,-2.596320010634527,-50.0
423,6.675502232142857,1.7308800070896846,-89.0
423,6.675502232142857,1.7308800070896846,86.0
423,8.544642857142858,1.7308800070896846,3.0
423,9.224330357142858,1.7308800070896846,-50.0
424,6.513671875,-1.4424000059080706,-73.75
424,6.513671875,-1.4424000059080706,85.0
424,7.36328125,-1.4424000059080706,-35.0
424,8.590494791666668,-1.4424000059080706,2.4444444444444446
424,6.796875,1.514520006203474,-73.75
424,6.796875,1.514520006203474,85.0
424,7.646484375,1.514520006203474,-35.0
424,8.873697916666668,1.514520006203474,2.4444444444444446
424,6.796875,4.219020017281106,-73.75
424,6.796875,4.219020017281106,85.0
424,7.646484375,4.219020017281106,-35.0
424,8.873697916666668,4.219020017281106,2.4444444444444446
425,8.732096354166668,1.658760006794281,2.4444444444444446
426,8.968098958333332,1.2981600053172635,1.5555555555555556
426,8.968098958333332,2.8126800115207375,1.5555555555555556
426,8.968098958333332,4.327200017724211,1.5555555555555556
427,7.882486979166666,1.658760006794281,-38.44444444444444
427,8.609375,1.658760006794281,2.4
428,7.2216796875,-1.514520006203474,-33.0
428,8.260091145833332,-1.514520006203474,-1.3333333333333333
428,7.646484375,1.2981600053172635,-33.0
428,8.684895833333332,1.2981600053172635,-1.3333333333333333
429,6.796875,-1.2981600053172635,-87.0
429,6.796875,-1.2981600053172635,-64.0
429,6.796875,-1.2981600053172635,86.0
429,7.646484375,-1.2981600053172635,-35.0
429,8.873697916666668,-1.2981600053172635,2.4444444444444446
429,6.796875,1.2981600053172635,-87.0
429,6.796875,1.2981600053172635,-64.0
429,6.796875,1.2981600053172635,86.0
429,7.646484375,1.2981600053172635,-35.0
429,8.873697916666668,1.2981600053172635,2.4444444444444446
430,8.968098958333332,-3.8944800159517907,3.5555555555555554
430,9.138020833333332,4.154112017015242,3.5555555555555554
431,8.9208984375,-2.596320010634527,1.0
431,9.345703125,1.2981600053172635,1.0
431,8.9208984375,2.8126800115207375,1.0
432,7.646484375,-2.596320010634527,-34.0
432,8.968098958333332,-2.596320010634527,2.6666666666666665
432,7.2216796875,-1.2981600053172635,-34.0
432,8.543294270833332,-1.2981600053172635,2.6666666666666665
432,7.646484375,4.110840016838001,-34.0
432,8.968098958333332,4.110840016838001,2.6666666666666665
433,6.796875,-3.8944800159517907,-87.0
433,6.796875,-3.8944800159517907,-63.0
433,6.796875,-3.8944800159517907,85.0
433,8.49609375,-3.8944800159517907,-1.0
433,6.796875,4.327200017724211,-87.0
433,6.796875,4.327200017724211,-63.0
433,6.796875,4.327200017724211,85.0
433,8.49609375,4.327200017724211,-1.0
434,6.3720703125,-2.8126800115207375,-73.75
434,6.3720703125,-2.8126800115207375,83.0
434,7.2216796875,-2.8126800115207375,-37.0
434,8.49609375,-2.8126800115207375,1.0
434,6.796875,1.2981600053172635,-73.75
434,6.796875,1.2981600053172635,83.0
434,7.646484375,1.2981600053172635,-37.0
434,8.9208984375,1.2981600053172635,1.0
434,6.796875,4.327200017724211,-73.75
434,6.796875,4.327200017724211,83.0
434,7.646484375,4.327200017724211,-37.0
434,8.9208984375,4.327200017724211,1.0
435,6.796875,-1.2981600053172635,-74.33333333333333
435,6.796875,-1.2981600053172635,84.0
435,8.968098958333332,-1.2981600053172635,1.5555555555555556
435,7.00927734375,1.8931500077543424,-74.33333333333333
435,7.00927734375,1.8931500077543424,84.0
435,9.180501302083332,1.8931500077543424,1.5555555555555556
436,6.796875,2.163600008862106,-72.0
436,6.796875,2.163600008862106,83.0
436,8.56689453125,2.163600008862106,-0.16666666666666666
437,6.796875,1.2981600053172635,-75.0
437,6.796875,1.2981600053172635,83.0
437,7.646484375,1.2981600053172635,-31.0
437,8.873697916666668,1.2981600053172635,2.4444444444444446
438,6.3720703125,-2.8126800115207375,-72.0
438,6.3720703125,-2.8126800115207375,79.0
438,7.2216796875,-2.8126800115207375,-38.0
438,8.3544921875,-2.8126800115207375,2.0
438,6.796875,4.219020017281106,-72.0
438,6.796875,4.219020017281106,79.0
438,7.646484375,4.219020017281106,-38.0
438,8.779296875,4.219020017281106,2.0
439,6.58447265625,-3.461760014179369,-71.0
439,6.58447265625,-3.461760014179369,80.0
439,8.45361328125,-3.461760014179369,1.8
439,6.796875,2.1636000088621055,-71.0
439,6.796875,2.1636000088621055,80.0
439,8.666015625,2.1636000088621055,1.8
440,6.796875,-1.2981600053172635,-72.0
440,6.796875,-1.2981600053172635,82.0
440,8.666015625,-1.2981600053172635,-0.2
440,7.2216796875,1.2981600053172635,-72.0
440,7.2216796875,1.2981600053172635,82.0
440,9.0908203125,1.2981600053172635,-0.2
440,6.796875,3.0290400124069485,-72.0
440,6.796875,3.0290400124069485,82.0
440,8.666015625,3.0290400124069485,-0.2
441,6.513671875,2.740560011225334,-74.0
441,6.513671875,2.740560011225334,80.0
441,8.212890625,2.740560011225334,-3.0
442,7.306640625,-1.9039680077986532,-36.0
442,8.2412109375,-1.9039680077986532,-0.2
442,7.646484375,3.7502400153609834,-36.0
442,8.5810546875,3.7502400153609834,-0.2
443,6.626953125,-1.4712480060262318,-90.0
443,6.626953125,-1.4712480060262318,-64.0
443,6.626953125,-1.4712480060262318,87.0
443,8.420572916666668,-1.4712480060262318,-0.6666666666666666
444,6.608072916666667,-2.019360008271299,-88.0
444,6.608072916666667,-2.019360008271299,85.0
444,8.477213541666668,-2.019360008271299,1.0
445,6.58447265625,-1.622700006646579,-89.0
445,6.58447265625,-1.622700006646579,86.0
445,8.45361328125,-1.622700006646579,1.0
445,6.796875,4.219020017281106,-89.0
445,6.796875,4.219020017281106,86.0
445,8.666015625,4.219020017281106,1.0
446,8.590494791666668,1.8751200076804917,1.3333333333333333
447,6.6552734375,1.7308800070896846,-72.70588235294117
447,6.6552734375,1.7308800070896846,83.0
447,8.6376953125,1.7308800070896846,0.8888888888888888
448,6.3720703125,-3.8944800159517907,-87.0
448,6.3720703125,-3.8944800159517907,-64.0
448,6.3720703125,-3.8944800159517907,85.0
448,7.2216796875,-3.8944800159517907,-40.0
448,8.49609375,-3.8944800159517907,1.0
448,6.9384765625,2.884800011816141,-87.0
448,6.9384765625,2.884800011816141,-64.0
448,6.9384765625,2.884800011816141,85.0
448,7.7880859375,2.884800011816141,-40.0
448,9.0625,2.884800011816141,1.0
448,11.1865234375,2.884800011816141,49.0
449,7.00927734375,-0.8654400035448423,-73.0
449,7.00927734375,-0.8654400035448423,83.0
449,8.99169921875,-0.8654400035448423,0.8888888888888888
449,6.796875,2.8126800115207375,-73.0
449,6.796875,2.8126800115207375,83.0
449,8.779296875,2.8126800115207375,0.8888888888888888
450,7.00927734375,-0.757260003101737,-87.0
450,7.00927734375,-0.757260003101737,84.0
450,7.85888671875,-0.757260003101737,-42.0
450,9.13330078125,-0.757260003101737,1.0
450,6.796875,2.596320010634527,-87.0
450,6.796875,2.596320010634527,84.0
450,7.646484375,2.596320010634527,-42.0
450,8.9208984375,2.596320010634527,1.0
451,8.9208984375,1.2981600053172635,1.0
451,8.9208984375,4.110840016838001,1.0
452,6.796875,-3.8944800159517907,-87.0
452,6.796875,-3.8944800159517907,-60.0
452,6.796875,-3.8944800159517907,84.0
452,8.5810546875,-3.8944800159517907,-0.2
452,6.796875,-2.596320010634527,-87.0
452,6.796875,-2.596320010634527,-60.0
452,6.796875,-2.596320010634527,84.0
452,8.5810546875,-2.596320010634527,-0.2
453,6.796875,-0.4327200017724212,-86.0
453,6.796875,-0.4327200017724212,-63.0
453,6.796875,-0.4327200017724212,83.0
453,8.57333096590909,-0.4327200017724212,1.2727272727272727
453,6.796875,2.8126800115207375,-86.0
453,6.796875,2.8126800115207375,-63.0
453,6.796875,2.8126800115207375,83.0
453,8.57333096590909,2.8126800115207375,1.2727272727272727
454,8.666015625,-0.5192640021269054,1.0
455,8.508966619318182,-0.36060000147701765,0.18181818181818182
455,8.650568181818182,3.0290400124069485,0.18181818181818182
456,6.796875,-6.1679056923619804e-18,-89.0
456,6.796875,-6.1679056923619804e-18,86.0
456,8.57333096590909,-6.1679056923619804e-18,0.7272727272727273
457,6.796875,0.08654400035448422,-88.0
457,6.796875,0.08654400035448422,-65.0
457,6.796875,0.08654400035448422,86.0
457,8.57333096590909,0.08654400035448422,0.7272727272727273
458,6.719637784090909,0.2753672738551771,87.0
458,8.49609375,0.2753672738551771,0.7272727272727273
459,8.5810546875,0.43272000177242115,0.4
460,6.796875,0.6490800026586317,87.0
460,8.5810546875,0.6490800026586317,0.4
460,72.216796875,0.6490800026586317,-5.0
461,8.666015625,0.8654400035448423,1.0
461,8.666015625,10.385280042538108,1.0
462,8.667732007575758,0.913520003741778,0.7272727272727273
463,6.874112215909091,1.0227927314620864,88.0
463,8.762133049242424,1.0227927314620864,0.6666666666666666
463,8.57333096590909,1.0227927314620864,-48.0
464,6.86767578125,0.9375600038402458,-87.0
464,6.86767578125,0.9375600038402458,83.0
464,8.73681640625,0.9375600038402458,1.0
464,8.56689453125,0.9375600038402458,-45.0
465,6.796875,0.9519840038993266,88.0
465,8.666015625,0.9519840038993266,1.0
466,8.8359375,1.0818000044310527,1.0
466,9.515625,1.0818000044310527,-56.0
466,10.365234375,1.0818000044310527,49.0
467,6.891276041666667,1.1539200047264564,-89.0
467,6.891276041666667,1.1539200047264564,-62.0
467,6.891276041666667,1.1539200047264564,85.0
467,8.909098307291668,1.1539200047264564,1.5
468,6.796875,1.2981600053172635,-88.0
468,6.796875,1.2981600053172635,86.0
468,8.666015625,1.2981600053172635,1.0
469,6.874112215909091,1.4555127332345072,-89.0
469,6.874112215909091,1.4555127332345072,85.0
469,8.65829190340909,1.4555127332345072,1.6
469,8.57333096590909,1.4555127332345072,-44.0
470,8.94921875,1.5145200062034738,1.7777777777777777
471,7.105823863636363,1.5341890971931293,87.0
471,9.088245738636363,1.5341890971931293,1.7777777777777777
471,8.805042613636363,1.5341890971931293,-46.0
472,7.2216796875,1.557792006380716,-88.0
472,7.2216796875,1.557792006380716,85.0
472,8.9208984375,1.557792006380716,-45.0
472,9.451904296875,1.557792006380716,2.0
473,7.403738839285714,1.7308800070896844,-87.0
473,7.403738839285714,1.7308800070896844,84.0
473,9.527762276785715,1.7308800070896844,3.0
474,7.2216796875,1.7308800070896846,-88.0
474,7.2216796875,1.7308800070896846,85.0
474,8.0712890625,1.7308800070896846,-44.0
474,9.451904296875,1.7308800070896846,2.0
475,7.540283203125,1.7849700073112373,-71.66666666666667
475,7.540283203125,1.7849700073112373,29.0
475,7.540283203125,1.7849700073112373,82.0
475,9.900309244791668,1.7849700073112373,2.0
475,10.938720703125,1.7849700073112373,44.0
476,9.831194196428571,1.6443360067352004,2.5714285714285716
477,7.2216796875,1.9472400079758951,-87.0
477,7.2216796875,1.9472400079758951,-62.0
477,7.2216796875,1.9472400079758951,84.0
477,9.392903645833332,1.9472400079758951,3.5555555555555554
477,11.4697265625,1.9472400079758951,40.0
478,9.706787109375,1.9905120081531371,2.0
479,10.100911458333332,2.0770560085076215,1.3333333333333333
480,10.112711588541668,2.2176900090836584,2.0
480,12.850341796875,2.2176900090836584,38.0
481,10.122488839285715,2.3366880095710743,2.2857142857142856
482,10.365234375,2.3799600097483165,2.4
482,11.21484375,2.3799600097483165,47.0
483,10.384114583333334,2.45208001004372,2.6666666666666665
484,10.714518229166668,2.4232320099255586,2.6666666666666665
485,10.519708806818182,2.769408011343496,1.8181818181818181
486,10.997721354166668,2.7694080113434953,1.5555555555555556
486,10.6201171875,2.7694080113434953,-56.0
486,11.4697265625,2.7694080113434953,88.0
487,11.724609375,2.8126800115207375,2.0
487,12.57421875,2.8126800115207375,-51.0
487,12.57421875,2.8126800115207375,87.0
487,13.423828125,2.8126800115207375,42.0
488,11.724609375,2.8126800115207375,2.0
489,11.81729403409091,2.753672738551771,2.0
490,11.8095703125,2.9424960120524637,2.4
490,13.59375,2.9424960120524637,37.0
491,11.89453125,2.9424960120524637,2.727272727272727
491,12.9140625,2.9424960120524637,40.8
492,11.81729403409091,2.9424960120524637,2.0
493,11.97176846590909,3.029040012406948,1.2727272727272727
494,12.1494140625,3.245400013293159,2.4
494,12.064453125,3.245400013293159,46.0
495,12.14169034090909,3.245400013293159,1.2727272727272727
495,12.428571428571429,3.245400013293159,38.857142857142854
496,12.900991586538462,3.245400013293159,1.2307692307692308
496,13.70703125,3.245400013293159,42.0
496,14.2734375,3.245400013293159,-36.0
497,13.423828125,3.245400013293159,1.6
497,12.57421875,3.245400013293159,46.0
497,14.2734375,3.245400013293159,-33.0
498,13.59375,3.3752160138248852,2.4
498,12.744140625,3.3752160138248852,47.0
499,13.499348958333332,3.3175200135885623,2.0
499,14.348958333333332,3.3175200135885623,-33.0
499,15.056966145833332,3.3175200135885623,65.33333333333333
499,15.198567708333332,3.3175200135885623,-85.0
500,12.744140625,3.5483040145338536,-88.0
500,13.748224431818182,3.5483040145338536,1.4545454545454546
500,13.083984375,3.5483040145338536,49.0
500,12.744140625,3.5483040145338536,86.0
500,14.443359375,3.5483040145338536,-23.0
501,13.93359375,3.6781200150655793,1.0
501,13.445068359375,3.6781200150655793,44.25
501,14.61328125,3.6781200150655793,-31.0
502,13.93359375,3.6781200150655793,3.0
502,12.9140625,3.6781200150655793,36.0
502,14.61328125,3.6781200150655793,-44.0
503,14.1884765625,3.6781200150655793,3.0
503,15.076704545454545,3.6781200150655793,-48.72727272727273
504,13.1689453125,3.8944800159517903,47.0
504,14.443359375,3.8944800159517903,2.0
504,16.0576171875,3.8944800159517903,-50.4
504,16.5673828125,3.8944800159517903,-86.0
504,16.5673828125,3.8944800159517903,83.0
505,14.672619047619047,3.8944800159517903,2.4444444444444446
505,15.050223214285715,3.8944800159517903,40.0
506,14.731619698660715,3.8944800159517903,2.0
506,15.050223214285715,3.8944800159517903,41.0
506,16.749441964285715,3.8944800159517903,-74.0
506,16.749441964285715,3.8944800159517903,81.0
507,15.3779296875,3.9810240163062742,3.8
507,16.142578125,3.9810240163062742,-78.0
507,16.142578125,3.9810240163062742,70.0
508,15.447443181818182,3.8079360155973054,2.5454545454545454
508,15.29296875,3.8079360155973054,-34.0
509,15.894775390625,3.9666000162471935,2.0
509,17.06298828125,3.9666000162471935,-87.0
509,17.06298828125,3.9666000162471935,-58.0
509,17.06298828125,3.9666000162471935,85.0
510,14.549560546875,3.8403900157302377,44.0
510,15.823974609375,3.8403900157302377,3.0
510,17.098388671875,3.8403900157302377,-73.0
510,17.098388671875,3.8403900157302377,79.0
511,15.97265625,3.288672013470401,3.0
511,16.418701171875,3.288672013470401,41.75
511,16.3125,3.288672013470401,-44.0
511,17.162109375,3.288672013470401,-76.0
511,17.162109375,3.288672013470401,74.0
512,16.142578125,2.8126800115207375,3.0
512,17.306173573369563,2.8126800115207375,65.91304347826087
512,17.4169921875,2.8126800115207375,-79.0
513,16.142578125,2.596320010634527,3.0
513,16.5673828125,2.596320010634527,42.0
513,17.4169921875,2.596320010634527,-73.0
513,17.4169921875,2.596320010634527,74.0
514,16.708984375,2.596320010634527,2.6666666666666665
514,16.5673828125,2.596320010634527,43.0
514,17.645733173076923,2.596320010634527,-77.07692307692308
514,17.841796875,2.596320010634527,73.0
515,16.430838448660715,2.1636000088621055,2.0
515,15.899832589285714,2.1636000088621055,46.0
515,17.599051339285715,2.1636000088621055,-86.0
515,17.599051339285715,2.1636000088621055,84.0
516,16.036376953125,1.7849700073112373,-40.0
516,16.5673828125,1.7849700073112373,3.25
516,17.098388671875,1.7849700073112373,-78.5
516,17.463720703125,1.7849700073112373,67.52
517,16.885986328125,1.7849700073112373,-54.0
517,16.885986328125,1.7849700073112373,5.0
517,16.885986328125,1.7849700073112373,40.0
517,17.735595703125,1.7849700073112373,-80.0
517,17.735595703125,1.7849700073112373,71.0
518,16.579520089285715,1.4712480060262318,2.2857142857142856
518,16.822265625,1.4712480060262318,-69.5
518,16.822265625,1.4712480060262318,83.0
519,16.700892857142858,1.5145200062034738,3.142857142857143
519,17.18638392857143,1.5145200062034738,-87.42857142857143
519,16.822265625,1.5145200062034738,-61.0
519,17.2470703125,1.5145200062034738,84.0
520,16.655040922619047,1.1539200047264564,4.285714285714286
520,16.048177083333336,1.1539200047264564,31.0
520,17.562698143115945,1.1539200047264564,-69.30434782608695
520,17.747395833333336,1.1539200047264564,77.0
521,16.916666666666664,1.0096800041356493,2.8
522,16.77978515625,0.778896003190358,3.0
523,15.859375,0.7212000029540353,39.0
523,16.708984375,0.7212000029540353,4.0
523,17.55859375,0.7212000029540353,-78.0
523,17.55859375,0.7212000029540353,74.0
524,16.21337890625,0.9736200039879477,39.0
524,16.77978515625,0.9736200039879477,-41.0
524,16.77978515625,0.9736200039879477,5.0
524,17.62939453125,0.9736200039879477,-87.0
524,17.62939453125,0.9736200039879477,85.0
524,4.248046875,11.683440047855372,-90.0
524,4.248046875,11.683440047855372,87.0
525,16.897786458333336,0.5769600023632282,3.0
525,17.747395833333336,0.5769600023632282,-79.0
525,17.747395833333336,0.5769600023632282,67.0
526,16.9921875,0.6490800026586317,4.0
526,17.841796875,0.6490800026586317,-80.0
526,17.841796875,0.6490800026586317,68.0
527,17.098388671875,0.8113500033232897,3.0
527,17.947998046875,0.8113500033232897,-79.0
527,17.947998046875,0.8113500033232897,66.0
528,16.9921875,0.6490800026586317,2.0
528,16.9921875,0.6490800026586317,48.0
528,17.841796875,0.6490800026586317,-73.0
528,17.841796875,0.6490800026586317,77.0
529,16.708984375,0.5769600023632282,41.666666666666664
529,16.708984375,0.5769600023632282,-53.0
529,17.55859375,0.5769600023632282,-80.0
529,17.55859375,0.5769600023632282,75.0
530,16.9921875,0.6490800026586317,-42.0
530,16.9921875,0.6490800026586317,88.0
531,18.125,0.5769600023632282,-73.0
531,18.125,0.5769600023632282,44.0
531,18.125,0.5769600023632282,76.0
533,16.142578125,0.4327200017724212,44.0
533,17.35630580357143,0.4327200017724212,-87.42857142857143
533,17.47767857142857,0.4327200017724212,-54.142857142857146
533,17.33203125,0.4327200017724212,83.8
534,17.55859375,0.6490800026586317,-70.0
534,16.9921875,0.6490800026586317,5.0
534,17.841796875,0.6490800026586317,74.0
535,16.885986328125,0.3786300015508685,44.0
535,17.219761439732142,0.3786300015508685,3.142857142857143
535,17.947998046875,0.3786300015508685,-73.0
535,17.947998046875,0.3786300015508685,78.0
536,16.9921875,0.7418057173241506,5.0
536,17.841796875,0.7418057173241506,-72.0
536,17.841796875,0.7418057173241506,77.0
537,17.1337890625,0.43272000177242115,47.333333333333336
537,17.4169921875,0.43272000177242115,8.0
537,18.2666015625,0.43272000177242115,-77.0
537,18.2666015625,0.43272000177242115,76.0
538,16.8505859375,0.6490800026586317,43.666666666666664
575,5.09765625,-8.654400035448422,-61.0
575,6.796875,-8.654400035448422,5.0
587,70.0927734375,-0.21636000088621057,-4.0
596,4.248046875,12.981600053172636,-68.3529411764706
596,4.248046875,12.981600053172636,84.0
596,5.09765625,12.981600053172636,-34.0
615,71.827392578125,-0.14424000059080705,-9.75
617,17.841796875,-2.596320010634527,-74.3076923076923
617,17.841796875,-2.596320010634527,86.0
620,17.06015625,-1.081800004431053,69.12
620,17.707648026315788,-1.081800004431053,-77.05263157894737
620,16.9921875,-1.081800004431053,5.0
622,17.275390625,-0.2884800011816141,-87.0
622,17.275390625,-0.2884800011816141,-63.0
622,17.55859375,-0.2884800011816141,2.6666666666666665
622,17.275390625,-0.2884800011816141,85.0
623,17.310791015625,-0.05409000022155265,2.5
623,17.098388671875,-0.05409000022155265,88.0
624,16.248779296875,0.05409000022155265,50.0
624,17.381591796875,0.05409000022155265,2.6666666666666665
624,17.947998046875,0.05409000022155265,-74.0
624,17.947998046875,0.05409000022155265,76.0
625,17.484818146008404,0.43272000177242115,-79.6470588235294
625,17.518136160714285,0.43272000177242115,2.6666666666666665
625,17.62111911525974,0.43272000177242115,83.45454545454545
626,17.162109375,0.6058080024813897,-73.0
626,17.4453125,0.6058080024813897,4.666666666666667
626,17.162109375,0.6058080024813897,71.0
627,17.1337890625,0.7933200032494389,-74.0
627,17.511393229166664,0.7933200032494389,3.5555555555555554
627,17.1337890625,0.7933200032494389,70.0
628,17.612537202380953,0.8654400035448423,3.5555555555555554
629,17.612537202380953,0.8654400035448423,3.5555555555555554
629,18.084542410714285,0.8654400035448423,-71.0
629,18.084542410714285,0.8654400035448423,80.0
630,17.7568359375,1.081800004431053,2.2
630,18.2666015625,1.081800004431053,-57.0
631,17.936197916666664,1.1058400045295207,2.4444444444444446
631,18.408203125,1.1058400045295207,-75.0
631,18.408203125,1.1058400045295207,77.0
632,17.794596354166664,1.514520006203474,3.5555555555555554
632,18.2666015625,1.514520006203474,-75.0
632,18.2666015625,1.514520006203474,75.0
633,18.2666015625,1.2981600053172635,-81.0
633,18.2666015625,1.2981600053172635,72.0
634,18.2666015625,1.514520006203474,-75.0
634,18.2666015625,1.514520006203474,73.0
635,18.19580078125,1.8751200076804917,83.5
635,18.408203125,1.8751200076804917,-71.17647058823529
636,16.9921875,1.9472400079758951,46.0
636,17.4169921875,1.9472400079758951,-68.82352941176471
636,17.4169921875,1.9472400079758951,83.0
637,17.671875,1.9039680077986532,-73.0
637,18.143880208333336,1.9039680077986532,2.4444444444444446
637,17.99864783653846,1.9039680077986532,82.15384615384616
638,17.523193359375,1.8545142933103758,46.5
638,17.841796875,1.8545142933103758,-72.0
638,18.313802083333336,1.8545142933103758,3.5555555555555554
638,18.05419921875,1.8545142933103758,81.5
639,17.841796875,2.039965722641414,-86.0
639,17.841796875,2.039965722641414,-63.0
639,18.372802734375,2.039965722641414,2.0
639,17.841796875,2.039965722641414,84.0
640,18.5498046875,2.235720009157509,-78.0
640,18.5498046875,2.235720009157509,2.0
640,18.5498046875,2.235720009157509,73.0
641,17.841796875,2.271780009305211,49.0
641,18.69140625,2.271780009305211,-74.0
641,18.69140625,2.271780009305211,79.0
642,18.974609375,2.3078400094529123,-74.0
642,18.974609375,2.3078400094529123,75.0
643,18.2666015625,2.379960009748316,48.0
643,19.1162109375,2.379960009748316,-87.0
643,19.1162109375,2.379960009748316,-62.0
643,19.32861328125,2.379960009748316,2.0
643,19.1162109375,2.379960009748316,85.0
644,18.974609375,2.4520800100437197,-60.0
645,19.1162109375,2.596320010634527,-87.0
645,19.1162109375,2.596320010634527,84.0
646,19.03125,2.9424960120524637,-75.0
646,19.03125,2.9424960120524637,75.0
647,19.1162109375,2.8126800115207375,-72.0
647,19.1162109375,2.8126800115207375,79.0
647,19.9658203125,2.8126800115207375,3.0
647,19.9658203125,2.8126800115207375,39.0
648,20.147879464285715,2.812680011520738,3.7142857142857144
648,21.240234375,2.812680011520738,34.0
649,20.390625,3.029040012406948,2.0
649,21.240234375,3.029040012406948,36.0
650,20.8154296875,3.1155840127614325,3.0
650,21.240234375,3.1155840127614325,34.0
651,20.8154296875,3.029040012406948,3.0
651,21.240234375,3.029040012406948,37.0
652,20.968831380208336,3.0831300126285006,3.5555555555555554
652,21.346435546875,3.0831300126285006,38.0
653,19.541015625,3.2454000132931586,-37.0
653,20.862630208333336,3.2454000132931586,3.5555555555555554
654,19.7109375,3.245400013293159,-68.3529411764706
654,19.7109375,3.245400013293159,85.0
654,21.126953125,3.245400013293159,2.6666666666666665
655,20.296223958333336,3.3175200135885623,-70.66666666666667
655,20.296223958333336,3.3175200135885623,84.0
655,21.740559895833336,3.3175200135885623,3.4
656,21.6650390625,3.2454000132931586,5.090909090909091
659,20.390625,3.461760014179369,-78.0
659,20.390625,3.461760014179369,77.0
659,22.08984375,3.461760014179369,1.0
659,23.15185546875,3.461760014179369,24.5
660,22.2314453125,3.389640013883966,6.0
660,22.59556361607143,3.389640013883966,34.57142857142857
661,20.390625,3.338125727958677,-79.0
661,20.390625,3.338125727958677,75.0
661,22.211216517857142,3.338125727958677,3.142857142857143
661,22.08984375,3.338125727958677,36.0
662,22.58544921875,3.389640013883966,6.833333333333333
662,22.2314453125,3.389640013883966,40.0
663,20.8154296875,3.46176001417937,-85.0
663,20.8154296875,3.46176001417937,84.0
663,22.939453125,3.46176001417937,7.0
663,22.5146484375,3.46176001417937,36.0
664,20.8154296875,3.46176001417937,-76.0
664,20.8154296875,3.46176001417937,77.0
664,22.978071732954547,3.46176001417937,4.545454545454546
664,24.2138671875,3.46176001417937,26.0
665,22.72705078125,3.67812001506558,3.5
665,24.2138671875,3.67812001506558,23.0
666,24.35546875,3.6060000147701765,21.0
667,24.638671875,3.461760014179369,22.0
669,24.638671875,3.461760014179369,20.0
670,24.2138671875,3.67812001506558,-21.0
670,25.0634765625,3.67812001506558,21.0
671,25.0634765625,3.67812001506558,20.0
672,25.0634765625,3.67812001506558,19.0
673,24.2138671875,3.67812001506558,37.0
673,25.0634765625,3.67812001506558,14.0
676,25.9130859375,3.8944800159517907,15.0
677,25.48828125,3.8944800159517907,18.0
678,25.771484375,3.7502400153609834,18.0
679,25.48828125,3.8944800159517903,19.0
681,26.155831473214285,3.67812001506558,22.285714285714285
681,26.7626953125,3.67812001506558,2.0
682,26.7520751953125,3.288672013470401,13.125
683,26.814186789772727,3.1011600127023518,9.090909090909092
684,27.1875,2.812680011520738,8.0
685,26.337890625,2.4881400101914215,22.0
685,27.1875,2.4881400101914215,0.0
686,25.9130859375,2.1636000088621055,20.0
686,26.7626953125,2.1636000088621055,1.0
687,27.1875,2.1636000088621055,-2.0
688,27.600167410714285,1.9039680077986532,2.2857142857142856
689,26.7626953125,1.7308800070896846,26.0
689,27.6123046875,1.7308800070896846,3.0
690,26.7626953125,1.2981600053172635,23.0
690,27.6123046875,1.2981600053172635,2.0
691,26.7626953125,1.2981600053172635,23.0
692,28.4619140625,0.8654400035448423,18.0
693,26.97509765625,0.8654400035448423,21.5
695,27.6123046875,0.43272000177242115,5.0
696,27.8955078125,0.24040000098467842,8.0
696,28.3203125,0.24040000098467842,-41.0
697,27.784249441964285,0.0,6.0
706,3.96484375,-5.913840024223089,-72.0
706,3.96484375,-5.913840024223089,76.0
710,4.6728515625,-6.058080024813897,-76.0
710,4.6728515625,-6.058080024813897,84.0
710,6.3720703125,-6.058080024813897,3.0
712,3.8232421875,0.0,-71.0
712,3.8232421875,0.0,78.0
713,4.248046875,-5.949900024370791,-71.0
713,4.248046875,-5.949900024370791,77.0
715,3.3984375,-3.0290400124069485,-37.0
715,4.248046875,-3.0290400124069485,-74.0
715,4.248046875,-3.0290400124069485,80.0
719,4.6728515625,13.414320054945057,-68.3529411764706
719,4.6728515625,13.414320054945057,85.0
719,6.3720703125,13.414320054945057,5.0
723,4.248046875,-13.847040056717477,-72.0
723,4.248046875,-13.847040056717477,81.0
723,4.248046875,13.414320054945057,-72.0
723,4.248046875,13.414320054945057,81.0
773,71.00306919642857,0.43272000177242115,-50.0
773,72.68880208333334,0.43272000177242115,-10.666666666666666
774,5.380859375,8.365920034266809,-72.0
774,5.380859375,8.365920034266809,80.0
774,7.36328125,8.365920034266809,3.0
800,28.4619140625,0.8654400035448423,-35.0
800,28.4619140625,0.8654400035448423,16.0
801,28.5751953125,0.9375600038402458,4.6
802,28.4619140625,1.2981600053172635,-44.0
802,28.4619140625,1.2981600053172635,6.0
803,28.4619140625,1.514520006203474,3.0
804,71.02734375,-0.8654400035448423,-29.0
804,28.4619140625,1.514520006203474,5.0
805,28.603515625,1.8751200076804917,3.0
806,28.603515625,2.0193600082712986,4.0
807,28.716796875,2.3366880095710743,5.0
808,28.88671875,2.379960009748316,5.0
809,29.056640625,2.769408011343496,5.0
810,27.1875,2.8126800115207375,26.0
810,28.88671875,2.8126800115207375,1.0
811,27.6123046875,3.0290400124069485,25.0
824,6.796875,0.43272000177242115,-71.0
824,7.7880859375,0.43272000177242115,36.333333333333336
824,6.796875,0.43272000177242115,75.0
824,8.959517045454547,0.43272000177242115,4.545454545454546
829,35.68359375,5.192640021269054,23.0
835,4.865944602272727,-0.43272000177242115,-67.63636363636364
835,4.6728515625,-0.43272000177242115,78.0
835,6.3720703125,-0.43272000177242115,2.0
835,6.3720703125,-0.43272000177242115,43.0
836,3.3984375,0.0,-35.0
836,4.248046875,0.0,-87.0
836,4.248046875,0.0,85.0
847,1.69921875,-13.847040056717477,-33.0
848,1.8536931818181819,0.0,-37.81818181818182
848,1.69921875,0.0,40.333333333333336
848,3.3984375,0.0,-88.0
848,3.3984375,0.0,86.0
848,39.08203125,3.461760014179369,3.0
850,1.2744140625,1.2981600053172635,28.0
850,2.5102095170454546,1.2981600053172635,-27.454545454545453
850,3.8232421875,1.2981600053172635,-71.0
850,3.8232421875,1.2981600053172635,78.0
850,39.08203125,3.0290400124069485,2.0
852,1.69921875,-2.596320010634527,-30.0
852,1.69921875,-2.596320010634527,-7.0
852,2.6904296875,2.6684400109299307,-30.0
852,2.6904296875,2.6684400109299307,-7.0
852,3.5400390625,2.6684400109299307,-73.0
852,3.5400390625,2.6684400109299307,74.0
852,39.1669921875,2.1636000088621055,-37.8
852,39.08203125,2.1636000088621055,19.0
853,38.13802083333333,2.1636000088621055,-33.333333333333336
853,3.9390980113636367,3.2650691042828144,-70.0
853,3.9390980113636367,3.2650691042828144,77.0
854,37.3828125,1.7308800070896846,-32.0
854,38.96065848214286,1.7308800070896846,19.142857142857142
854,4.153645833333333,3.750240015360983,-73.0
854,4.153645833333333,3.750240015360983,76.0
855,3.3984375,4.327200017724211,14.0
855,4.248046875,4.327200017724211,-75.0
855,4.248046875,4.327200017724211,76.0
856,39.5068359375,1.2981600053172635,2.0
856,40.3564453125,1.2981600053172635,-39.0
856,3.681640625,4.904160020087439,-31.0
856,3.681640625,4.904160020087439,23.0
856,4.53125,4.904160020087439,-73.0
856,4.53125,4.904160020087439,78.0
856,6.23046875,4.904160020087439,2.0
857,39.08203125,1.1899800048741582,11.0
858,39.825439453125,1.081800004431053,5.25
860,39.6767578125,0.6923520028358738,2.0
860,40.951171875,0.6923520028358738,-53.0
861,39.749581473214285,0.8036228604344965,2.0
861,40.174386160714285,0.8036228604344965,-34.0
862,39.78682084517045,0.3245400013293159,2.5454545454545454
876,39.08203125,-0.8654400035448423,3.0
877,39.5068359375,-0.6490800026586317,1.0
879,39.08203125,-0.6490800026586317,3.0
880,39.5068359375,-0.6490800026586317,1.0
881,39.08203125,-0.3245400013293159,1.0
882,38.798828125,-0.43272000177242115,21.0
884,39.43603515625,-0.5048400020678246,3.0
885,37.666015625,-0.8654400035448423,-36.333333333333336
886,39.08203125,-0.6490800026586317,1.0
887,39.5068359375,-0.7212000029540353,-40.0
887,39.365234375,-0.7212000029540353,3.0
888,39.08203125,-0.6490800026586317,-44.0
888,39.08203125,-0.6490800026586317,3.0
889,39.08203125,-0.6490800026586317,8.0
890,39.08203125,-0.5409000022155265,7.0
891,39.08203125,-0.3245400013293159,5.0
892,39.08203125,-0.3245400013293159,3.0
892,40.78125,-0.3245400013293159,-36.0
893,39.08203125,-0.12363428622069177,3.0
894,39.08203125,0.0,3.0
895,39.08203125,0.21636000088621057,3.0
895,39.931640625,0.21636000088621057,-34.0
896,39.08203125,0.21636000088621057,-1.0
896,40.3564453125,0.21636000088621057,-33.0
907,4.248046875,-3.0290400124069485,-73.0
907,4.248046875,-3.0290400124069485,81.0
966,39.251953125,0.2596320010634527,2.0
967,39.931640625,0.43272000177242115,-35.0
970,39.5068359375,1.514520006203474,0.0
971,39.5068359375,1.9472400079758951,3.0
972,40.21484375,2.0193600082712986,-22.0
973,41.34765625,2.3078400094529123,-41.0
976,40.3564453125,3.0290400124069485,2.0
978,41.2060546875,3.461760014179369,5.0
979,41.2060546875,3.67812001506558,2.0
979,42.9052734375,3.67812001506558,-42.0
1053,4.248046875,-9.952560040765686,-73.0
1053,4.248046875,-9.952560040765686,78.0
1091,2.9736328125,-13.847040056717477,-73.0
1091,2.9736328125,-13.847040056717477,77.0
1098,4.248046875,9.087120037220846,-72.0
1098,4.248046875,9.087120037220846,83.0
1099,2.9736328125,13.414320054945057,-73.0
1099,2.9736328125,13.414320054945057,80.0
1152,58.056640625,2.740560011225334,-7.0
1171,3.96484375,-10.096800041356493,-74.0
1171,3.96484375,-10.096800041356493,79.0
1193,6.796875,-0.8654400035448423,-73.0
1193,6.796875,-0.8654400035448423,78.0
1193,8.9208984375,-0.8654400035448423,5.0
1195,70.517578125,-0.43272000177242115,-16.0
1211,4.248046875,5.192640021269054,-73.0
1211,4.248046875,5.192640021269054,79.0
1222,3.3984375,-13.847040056717477,-71.0
1222,3.3984375,-13.847040056717477,83.0
1231,4.248046875,12.981600053172636,-69.76470588235294
1231,4.248046875,12.981600053172636,84.0
1234,4.248046875,0.0,-69.76470588235294
1234,4.248046875,0.0,84.0
1286,3.3984375,0.43272000177242115,-73.0
1286,3.3984375,0.43272000177242115,80.0
1322,70.36310369318181,-0.8654400035448423,-24.0
1325,1.2744140625,-4.327200017724211,-24.0
1325,2.1240234375,-4.327200017724211,21.0
1325,3.8232421875,-4.327200017724211,-73.0
1325,3.8232421875,-4.327200017724211,79.0
1326,0.849609375,-2.596320010634527,-29.0
1326,1.69921875,-2.596320010634527,28.0
1326,3.3984375,-2.596320010634527,-73.0
1326,3.3984375,-2.596320010634527,78.0
1326,69.2431640625,-0.8654400035448423,-26.0
1326,70.0927734375,-0.8654400035448423,-12.0
1326,72.27748325892857,-0.8654400035448423,-2.5714285714285716
1330,70.0927734375,-1.7308800070896846,-32.0
1330,72.6416015625,-1.7308800070896846,2.0
1331,71.650390625,-1.8751200076804915,-3.0
1345,3.681640625,12.260400050218601,-73.0
1345,3.681640625,12.260400050218601,80.0
1364,3.3984375,12.981600053172636,-71.0
1364,3.3984375,12.981600053172636,80.0
1365,73.06640625,13.414320054945057,3.0
1382,5.5224609375,-6.707160027472528,-72.0
1382,5.5224609375,-6.707160027472528,82.0
1382,7.7314453125,-6.707160027472528,5.0
1387,5.09765625,-4.327200017724211,-75.0
1387,5.09765625,-4.327200017724211,78.0
1387,6.796875,-4.327200017724211,3.0
1387,3.96484375,13.125840053763442,-75.0
1387,3.96484375,13.125840053763442,78.0
1388,3.8232421875,-3.2454000132931586,-27.0
1388,4.6728515625,-3.2454000132931586,-73.0
1388,4.6728515625,-3.2454000132931586,80.0
1388,6.3720703125,-3.2454000132931586,3.0
1388,2.548828125,13.414320054945057,-27.0
1388,3.3984375,13.414320054945057,-73.0
1388,3.3984375,13.414320054945057,80.0
1389,4.03564453125,-2.3799600097483165,-21.5
1389,4.6728515625,-2.3799600097483165,-71.0
1389,4.6728515625,-2.3799600097483165,80.0
1389,6.3720703125,-2.3799600097483165,4.0
1390,4.17724609375,-1.514520006203474,-23.166666666666668
1390,4.6728515625,-1.514520006203474,-71.0
1390,4.6728515625,-1.514520006203474,80.0
1390,6.3720703125,-1.514520006203474,3.0
1415,5.09765625,-13.847040056717477,-75.0
1415,5.09765625,-13.847040056717477,78.0
1415,6.796875,-13.847040056717477,3.0
1430,3.96484375,-1.8751200076804915,-38.0
1430,3.96484375,-1.8751200076804915,47.0
1430,4.814453125,-1.8751200076804915,-70.0
1430,4.814453125,-1.8751200076804915,83.0
1430,6.513671875,-1.8751200076804915,4.0
1437,1.69921875,6.923520028358738,-32.0
1466,3.3984375,0.0,-37.0
1466,3.3984375,0.0,47.0
1466,4.248046875,0.0,-73.0
1466,4.248046875,0.0,80.0
1468,2.9736328125,0.0,-34.0
1468,2.9736328125,0.0,40.0
1468,3.8232421875,0.0,-72.0
1468,3.8232421875,0.0,81.0
1469,3.079833984375,0.0,-38.0
1469,3.3984375,0.0,47.0
1469,4.248046875,0.0,-73.0
1469,4.248046875,0.0,83.0
1470,3.3984375,0.0,-35.0
1470,4.248046875,0.0,-72.0
1470,4.248046875,0.0,81.0
1471,1.2744140625,-0.21636000088621057,36.0
1471,2.7308872767857144,-0.21636000088621057,-34.285714285714285
1471,3.8232421875,-0.21636000088621057,-73.0
1471,3.8232421875,-0.21636000088621057,79.0
1472,2.9736328125,-0.21636000088621057,-34.0
1472,3.8232421875,-0.21636000088621057,-72.0
1472,3.8232421875,-0.21636000088621057,81.0
1483,2.9736328125,-0.43272000177242115,-28.0
1483,3.8232421875,-0.43272000177242115,-72.0
1483,3.8232421875,-0.43272000177242115,83.0
1484,3.3984375,0.0,-29.0
1484,4.248046875,0.0,-73.0
1484,4.248046875,0.0,80.0
1486,2.9736328125,-0.21636000088621057,-30.0
1486,3.8232421875,-0.21636000088621057,-73.0
1486,3.8232421875,-0.21636000088621057,79.0
1499,67.119140625,-2.1636000088621055,12.0
1499,69.18247767857143,-2.1636000088621055,-10.857142857142858
1509,3.3984375,7.3562400301311595,-35.0
1509,3.3984375,7.3562400301311595,48.0
1509,4.248046875,7.3562400301311595,-87.0
1509,4.248046875,7.3562400301311595,-63.0
1509,4.248046875,7.3562400301311595,85.0
1545,10.572916666666668,0.8654400035448423,3.5555555555555554
1545,12.744140625,0.8654400035448423,25.0
1551,5.09765625,7.788960031903581,-73.0
1551,5.09765625,7.788960031903581,80.0
1551,6.796875,7.788960031903581,3.0
1582,44.8876953125,-7.3562400301311595,-20.0
1605,3.8232421875,-1.7308800070896846,-72.0
1605,3.8232421875,-1.7308800070896846,83.0
1607,6.796875,-1.2981600053172635,-73.0
1607,6.796875,-1.2981600053172635,81.0
1607,9.6005859375,-1.2981600053172635,-1.2
1612,73.06640625,9.952560040765686,-44.0
1613,7.2216796875,0.8654400035448423,-73.0
1613,7.2216796875,0.8654400035448423,79.0
1613,9.392903645833332,0.8654400035448423,2.4444444444444446
1616,27.1875,-9.087120037220846,16.0
1617,28.324669471153847,-9.260208037929814,6.461538461538462
1618,27.685828575721153,-9.141210037442397,4.461538461538462
1619,27.1875,-9.396205752772573,6.0
1620,25.9130859375,-9.519840038993266,19.0
1621,26.370567908653847,-9.303480038107056,12.615384615384615
1622,25.658203125,-9.346752038284297,10.0
1623,24.921875,-9.375600038402458,8.666666666666666
1624,24.638671875,-9.519840038993266,9.0
1624,5.5224609375,-2.1636000088621055,-36.0
1624,5.5224609375,-2.1636000088621055,40.0
1624,6.3720703125,-2.1636000088621055,-73.0
1624,6.3720703125,-2.1636000088621055,75.0
1624,8.435407366071429,-2.1636000088621055,3.4285714285714284
1625,23.7890625,-9.643474325213957,6.0
1625,6.796875,-1.2981600053172635,-75.0
1625,6.796875,-1.2981600053172635,71.0
1625,7.9296875,-1.2981600053172635,36.333333333333336
1625,8.814697265625,-1.2981600053172635,4.0
1627,22.5146484375,-9.519840038993266,4.0
1627,22.5146484375,-9.519840038993266,35.0
1628,22.7978515625,-9.736200039879476,5.333333333333333
1629,22.5146484375,-9.519840038993266,4.0
1631,18.69140625,-9.519840038993266,58.0
1631,19.541015625,-9.519840038993266,-76.0
1631,19.541015625,-9.519840038993266,81.0
1632,18.69140625,-9.519840038993266,-79.0
1632,18.69140625,-9.519840038993266,73.0
1632,21.240234375,-9.519840038993266,34.0
1633,18.448660714285715,-9.519840038993266,-80.0
1633,18.448660714285715,-9.519840038993266,78.0
1633,20.147879464285715,-9.519840038993266,2.0
1634,17.841796875,-9.41166003855016,-78.0
1634,17.841796875,-9.41166003855016,76.0
1634,18.69140625,-9.41166003855016,2.0
1635,18.5498046875,-9.447720038697861,-78.0
1635,18.5498046875,-9.447720038697861,75.0
1636,18.023856026785715,-9.519840038993266,1.0
1636,18.448660714285715,-9.519840038993266,-58.0
1637,18.023856026785715,-9.519840038993266,-78.57142857142857
1637,17.612537202380953,-9.519840038993266,2.4444444444444446
1637,17.234933035714285,-9.519840038993266,52.0
1637,18.084542410714285,-9.519840038993266,77.0
1638,16.9921875,-9.519840038993266,1.0
1638,16.9921875,-9.519840038993266,-75.0
1638,16.9921875,-9.519840038993266,68.0
1639,16.503662109375,-9.303480038107054,2.0
1639,16.822265625,-9.303480038107054,-73.0
1639,16.822265625,-9.303480038107054,79.0
1640,16.142578125,-9.260208037929814,1.0
1640,17.671875,-9.260208037929814,-73.14285714285714
1640,17.671875,-9.260208037929814,84.0
1641,15.37020596590909,-9.362487311076022,0.4
1642,15.009765625,-8.654400035448422,1.0
1642,16.142578125,-8.654400035448422,-88.0
1642,16.142578125,-8.654400035448422,53.0
1642,16.142578125,-8.654400035448422,85.0
1643,14.396158854166668,-9.087120037220846,0.4444444444444444
1643,15.7177734375,-9.087120037220846,-75.0
1643,15.7177734375,-9.087120037220846,75.0
1643,5.947265625,-1.7308800070896846,-72.0
1643,5.947265625,-1.7308800070896846,81.0
1643,5.5224609375,6.058080024813897,-72.0
1643,5.5224609375,6.058080024813897,81.0
1644,14.006754557291668,-8.79864003603923,0.0
1644,15.387369791666668,-8.79864003603923,-90.0
1644,15.387369791666668,-8.79864003603923,87.0
1646,12.558771306818182,-8.740944035802908,-1.4545454545454546
1646,14.953125,-8.740944035802908,-86.0
1646,14.953125,-8.740944035802908,66.0
1646,14.953125,-8.740944035802908,84.0
1647,12.14169034090909,-8.82748803615739,-2.727272727272727
1647,14.61328125,-8.82748803615739,-85.0
1647,14.61328125,-8.82748803615739,72.0
1647,12.39657315340909,-7.3562400301311595,-2.727272727272727
1647,14.8681640625,-7.3562400301311595,-85.0
1647,14.8681640625,-7.3562400301311595,72.0
1648,11.88680752840909,-8.811752763365666,-1.6
1649,11.64737215909091,-8.497047307531178,-2.2
1650,11.239118303571429,-8.438040034562214,-1.4285714285714286
1650,11.724609375,-8.438040034562214,41.0
1651,10.459635416666668,-8.438040034562214,-3.3333333333333335
1652,10.27254971590909,-8.379032761593248,-2.5454545454545454
1652,10.27254971590909,-8.379032761593248,23.0
1652,10.1953125,11.683440047855372,-2.5454545454545454
1652,10.1953125,11.683440047855372,23.0
1653,7.260298295454546,-8.497047307531181,-73.0
1653,7.260298295454546,-8.497047307531181,78.0
1653,9.525923295454547,-8.497047307531181,-3.111111111111111
1653,9.809126420454547,-8.497047307531181,24.0
1654,7.540283203125,-8.167590033454449,-72.0
1654,7.540283203125,-8.167590033454449,80.0
1654,9.664306640625,-8.167590033454449,-3.0
1654,10.089111328125,-8.167590033454449,22.0
1655,6.874112215909091,-8.06432730575876,-73.0
1655,6.874112215909091,-8.06432730575876,80.0
1655,8.74325284090909,-8.06432730575876,-5.0
1655,9.42294034090909,-8.06432730575876,21.0
1656,6.86767578125,-7.716840031608178,-74.0
1656,6.86767578125,-7.716840031608178,78.0
1656,8.56689453125,-7.716840031608178,-8.4
1656,9.41650390625,-7.716840031608178,20.0
1657,6.796875,-7.57260003101737,-73.0
1657,6.796875,-7.57260003101737,79.0
1657,8.49609375,-7.57260003101737,-9.0
1657,9.345703125,-7.57260003101737,18.0
1657,6.3720703125,12.981600053172636,-73.0
1657,6.3720703125,12.981600053172636,79.0
1657,8.0712890625,12.981600053172636,-9.0
1657,8.9208984375,12.981600053172636,18.0
1658,6.3720703125,-7.529328030840128,-73.0
1658,7.7880859375,-7.529328030840128,-9.833333333333334
1658,6.3720703125,-7.529328030840128,79.0
1658,8.9208984375,-7.529328030840128,15.0
1658,6.3720703125,12.116160049627794,-73.0
1658,7.7880859375,12.116160049627794,-9.833333333333334
1658,6.3720703125,12.116160049627794,79.0
1658,8.9208984375,12.116160049627794,15.0
1659,6.1171875,-7.139880029244948,-72.0
1659,7.489633413461538,-7.139880029244948,-10.76923076923077
1659,6.1171875,-7.139880029244948,80.0
1659,8.666015625,-7.139880029244948,15.0
1659,5.947265625,11.683440047855372,-72.0
1659,7.319711538461538,11.683440047855372,-10.76923076923077
1659,5.947265625,11.683440047855372,80.0
1659,8.49609375,11.683440047855372,15.0
1660,6.024502840909091,-7.080872756275981,-72.0
1660,6.959073153409091,-7.080872756275981,-11.6
1660,6.024502840909091,-7.080872756275981,77.0
1660,5.6640625,13.270080054354251,-72.0
1660,6.5986328125,13.270080054354251,-11.6
1660,5.6640625,13.270080054354251,77.0
1661,5.947265625,-6.836976028004256,-73.0
1661,6.796875,-6.836976028004256,-15.0
1661,5.947265625,-6.836976028004256,77.0
1661,5.947265625,12.332520050514004,-73.0
1661,6.796875,12.332520050514004,-15.0
1661,5.947265625,12.332520050514004,77.0
1662,6.299246651785714,-6.552617169696664,-15.4
1662,4.854910714285714,-6.552617169696664,45.0
1662,5.704520089285714,-6.552617169696664,-72.0
1662,5.704520089285714,-6.552617169696664,78.0
1662,5.6923828125,11.683440047855372,-15.4
1662,4.248046875,11.683440047855372,45.0
1662,5.09765625,11.683440047855372,-72.0
1662,5.09765625,11.683440047855372,78.0
1663,5.267578125,-6.274440025700107,-18.0
1663,5.267578125,-6.274440025700107,-70.0
1663,5.267578125,-6.274440025700107,78.0
1663,5.09765625,9.519840038993266,-18.0
1663,5.09765625,9.519840038993266,-70.0
1663,5.09765625,9.519840038993266,78.0
1664,5.09765625,-5.971536024459413,-19.0
1664,5.09765625,-5.971536024459413,-71.0
1664,5.09765625,-5.971536024459413,78.0
1664,5.09765625,5.409000022155265,-19.0
1664,5.09765625,5.409000022155265,-71.0
1664,5.09765625,5.409000022155265,78.0
1665,5.020419034090909,-5.192640021269054,-21.272727272727273
1665,5.09765625,-5.192640021269054,-70.0
1665,5.09765625,-5.192640021269054,78.0
1665,6.796875,-5.192640021269054,4.0
1665,5.020419034090909,12.765240052286426,-21.272727272727273
1665,5.09765625,12.765240052286426,-70.0
1665,5.09765625,12.765240052286426,78.0
1665,6.796875,12.765240052286426,4.0
1666,4.814453125,-5.279184021623538,-24.0
1666,4.248046875,-5.279184021623538,42.0
1666,5.09765625,-5.279184021623538,-71.0
1666,5.09765625,-5.279184021623538,78.0
1666,6.796875,-5.279184021623538,4.0
1667,2.59130859375,-4.976280020382843,30.0
1667,4.833333333333334,-4.976280020382843,-23.77777777777778
1667,4.927734375,-4.976280020382843,-71.0
1667,4.927734375,-4.976280020382843,79.0
1667,6.626953125,-4.976280020382843,5.0
1668,2.61962890625,-11.683440047855372,35.833333333333336
1668,3.8232421875,-11.683440047855372,-25.25
1668,4.248046875,-11.683440047855372,-72.0
1668,4.248046875,-11.683440047855372,81.0
1668,3.1602894176136362,-4.523890927620767,35.833333333333336
1668,4.363902698863637,-4.523890927620767,-25.25
1668,4.788707386363637,-4.523890927620767,-72.0
1668,4.788707386363637,-4.523890927620767,81.0
1668,6.487926136363637,-4.523890927620767,6.0
1669,4.295247395833334,-3.8944800159517903,-27.555555555555557
1669,3.5142933238636367,-3.8944800159517903,40.90909090909091
1669,4.295247395833334,-3.8944800159517903,84.44444444444444
1669,4.6728515625,-3.8944800159517903,-73.75
1669,6.3720703125,-3.8944800159517903,4.0
1670,3.9931640625,-3.6781200150655797,-29.4
1670,3.445638020833333,-3.6781200150655797,38.666666666666664
1670,4.46044921875,-3.6781200150655797,83.5
1670,4.6728515625,-3.6781200150655797,-76.0
1670,6.3720703125,-3.6781200150655797,5.0
1670,3.568359375,-0.8654400035448423,-29.4
1670,3.020833333333333,-0.8654400035448423,38.666666666666664
1670,4.03564453125,-0.8654400035448423,83.5
1670,4.248046875,-0.8654400035448423,-76.0
1671,2.76123046875,-3.1011600127023518,36.333333333333336
1671,3.9133522727272725,-3.1011600127023518,-31.636363636363637
1671,4.53125,-3.1011600127023518,-77.0
1671,4.53125,-3.1011600127023518,81.0
1671,6.23046875,-3.1011600127023518,4.0
1672,3.662760416666667,-2.884800011816141,-33.0
1672,3.209635416666667,-2.884800011816141,40.666666666666664
1672,4.059244791666667,-2.884800011816141,84.0
1672,4.342447916666667,-2.884800011816141,-78.0
1672,6.041666666666667,-2.884800011816141,4.0
1673,3.7363503196022725,-1.7308800070896846,-34.54545454545455
1673,3.18603515625,-1.7308800070896846,41.25
1673,4.071044921875,-1.7308800070896846,84.0
1673,4.354248046875,-1.7308800070896846,-81.0
1673,6.053466796875,-1.7308800070896846,5.0
1674,2.71875,-2.5097760102800426,40.6
1674,3.475674715909091,-2.5097760102800426,-34.72727272727273
1674,3.7625558035714284,-2.5097760102800426,-87.42857142857143
1674,3.681640625,-2.5097760102800426,84.0
1675,3.475674715909091,-2.1636000088621055,-36.72727272727273
1675,3.079833984375,-2.1636000088621055,41.25
1675,3.3984375,-2.1636000088621055,-86.0
1675,3.3984375,-2.1636000088621055,80.0
1675,3.050870028409091,-0.8654400035448423,-36.72727272727273
1675,2.655029296875,-0.8654400035448423,41.25
1675,2.9736328125,-0.8654400035448423,-86.0
1675,2.9736328125,-0.8654400035448423,80.0
1676,3.374837239583333,-0.5769600023632282,-38.333333333333336
1676,3.091634114583333,-0.5769600023632282,44.5
1676,3.668154761904762,-0.5769600023632282,-87.42857142857143
1676,3.587239583333333,-0.5769600023632282,84.0
1677,3.095005580357143,0.21636000088621057,-62.357142857142854
1677,2.208984375,0.21636000088621057,46.2
1677,3.277064732142857,0.21636000088621057,83.14285714285714
1678,2.596028645833333,-1.1539200047264564,-39.55555555555556
1678,2.784830729166667,-1.1539200047264564,45.333333333333336
1678,3.2568359375,-1.1539200047264564,-87.66666666666667
1678,3.1696965144230766,-1.1539200047264564,80.61538461538461
1678,3.8232421875,-1.1539200047264564,-60.0
1679,2.8037109375,-1.1683440047855373,-41.0
1679,2.888671875,-1.1683440047855373,46.2
1679,3.228515625,-1.1683440047855373,-85.0
1679,3.228515625,-1.1683440047855373,80.0
1681,2.6337890625,-0.8654400035448423,-45.0
1681,2.8577769886363633,-0.8654400035448423,64.81818181818181
1681,2.9736328125,-0.8654400035448423,-84.0
1683,2.4329723011363633,-0.6490800026586317,-40.0
1683,2.33642578125,-0.6490800026586317,44.5
1683,3.504638671875,-0.6490800026586317,84.75
1683,3.8232421875,-0.6490800026586317,-74.0
1684,2.2939453125,-0.6923520028358738,-88.0
1684,2.246744791666667,-0.6923520028358738,-40.666666666666664
1684,2.3325639204545454,-0.6923520028358738,48.54545454545455
1684,2.354631696428571,-0.6923520028358738,85.42857142857143
1684,3.568359375,-0.6923520028358738,-64.0
1685,2.548828125,-0.8654400035448423,-88.0
1685,2.5874467329545454,-0.8654400035448423,51.63636363636363
1685,2.548828125,-0.8654400035448423,85.0
1686,2.488141741071429,-1.081800004431053,-87.42857142857143
1686,2.4638671875,-1.081800004431053,48.4
1686,2.548828125,-1.081800004431053,85.0
1687,2.488141741071429,-0.8654400035448423,-87.42857142857143
1687,2.1240234375,-0.8654400035448423,-45.0
1687,2.5874467329545454,-0.8654400035448423,52.54545454545455
1687,2.548828125,-0.8654400035448423,85.0
1688,1.8610491071428572,-0.12363428622069177,-87.66666666666667
1688,2.215053013392857,-0.12363428622069177,56.5
1688,1.8964494977678572,-0.12363428622069177,84.75
1688,3.277064732142857,-0.12363428622069177,-63.0
1689,3.568359375,-0.6923520028358738,-72.0
1689,3.568359375,-0.6923520028358738,83.0
1690,3.228515625,-0.6058080024813897,53.0
1690,4.078125,-0.6058080024813897,-73.0
1690,4.078125,-0.6058080024813897,83.0
1691,1.7764559659090908,-0.15735272791724408,-2.0
1691,2.116299715909091,-0.15735272791724408,49.8
1691,1.7764559659090908,-0.15735272791724408,84.0
1691,3.475674715909091,-0.15735272791724408,-87.0
1691,3.475674715909091,-0.15735272791724408,-63.0
1691,3.475674715909091,-0.15735272791724408,85.0
1692,1.6142578125,-0.5192640021269054,-88.0
1692,1.6142578125,-0.5192640021269054,49.0
1692,1.6142578125,-0.5192640021269054,85.0
1692,3.3134765625,-0.5192640021269054,-63.0
1693,2.063337053571429,-0.8654400035448423,-87.42857142857143
1693,1.69921875,-0.8654400035448423,-47.0
1693,1.69921875,-0.8654400035448423,52.0
1693,2.063337053571429,-0.8654400035448423,85.42857142857143
1693,1.2137276785714286,0.8654400035448423,-87.42857142857143
1693,0.849609375,0.8654400035448423,-47.0
1693,0.849609375,0.8654400035448423,52.0
1693,1.2137276785714286,0.8654400035448423,85.42857142857143
1694,2.83203125,-0.5769600023632282,55.0
1694,3.51171875,-0.5769600023632282,84.8
1694,3.681640625,-0.5769600023632282,-74.3076923076923
1695,2.548828125,-0.43272000177242115,-89.0
1695,2.9736328125,-0.43272000177242115,52.0
1695,2.548828125,-0.43272000177242115,85.0
1695,4.248046875,-0.43272000177242115,-64.0
1697,1.06201171875,0.43272000177242115,-90.0
1697,1.06201171875,0.43272000177242115,-49.0
1697,1.06201171875,0.43272000177242115,0.0
1697,1.34521484375,0.43272000177242115,48.666666666666664
1697,1.06201171875,0.43272000177242115,86.0
1698,1.416015625,0.0,43.0
1698,2.1240234375,0.0,-40.0
1698,2.9736328125,0.0,-73.0
1698,2.9736328125,0.0,83.0
1699,1.69921875,-0.21636000088621057,-71.0
1699,1.69921875,-0.21636000088621057,70.0
1700,2.548828125,-0.21636000088621057,53.0
1700,2.9736328125,-0.21636000088621057,86.0
1700,3.3984375,-0.21636000088621057,-90.0
1700,3.3984375,-0.21636000088621057,-62.0
1702,0.56640625,-0.14424000059080705,-87.0
1702,0.56640625,-0.14424000059080705,65.89473684210526
